mtllib f_body031.mtl
o editpl_f-0000-15
v 67.804497 35.269581 0.753494
v 69.973740 34.368031 0.873520
v 69.973740 37.791359 0.873520
v 69.986961 34.817204 -4.497647
v 67.804497 34.987244 -4.873284
v 69.973740 37.791359 -4.753258
v 67.804497 37.428814 -4.873284
v 69.973740 39.032997 -3.111790
v 67.804497 38.811619 -2.856179
v 69.973740 39.032997 -1.086906
v 67.804497 38.792370 -1.319179
v 69.973740 37.791359 0.873520
v 67.804497 37.428814 0.753494
v 67.804497 35.269581 0.753494
v 67.804497 34.987244 -4.873284
v 69.986961 34.817204 -4.497647
v 67.804497 33.825817 -2.039335
v 69.931412 33.639732 -1.972654
v 67.804497 34.297447 -0.682374
v 69.973740 34.368031 0.873520
v 67.804497 35.269581 0.753494
v 47.490398 37.579605 1.922637
v 42.686333 35.179749 1.859290
v 46.395199 34.435406 1.360293
v 40.368954 39.276833 0.859073
v 30.901031 39.430836 -0.579018
v 30.903679 37.249146 3.114007
v 53.834091 33.780899 -5.853497
v 49.252239 36.299465 -6.473632
v 53.519287 36.260967 -6.647003
v 46.635929 32.263340 -1.364743
v 37.387577 31.656960 1.240268
v 37.035740 31.486916 -2.869514
v 45.228573 33.216225 0.056676
v 37.474876 33.739189 3.639677
v 47.281410 37.720776 -5.909065
v 47.442780 38.230904 -5.353389
v 43.077854 37.675858 1.933751
v 47.752293 40.287468 1.672583
v 45.649193 41.089561 0.077792
v 30.718498 32.828014 -2.459425
v 30.903679 31.948921 -4.996644
v 40.683758 32.898598 -1.898193
v 39.599140 34.246113 -5.900173
v 30.901031 39.430836 -0.579018
v 40.368954 39.276833 0.859073
v 40.035633 39.790173 -1.006888
v 46.635929 32.263340 -1.364743
v 53.831444 32.247299 -1.809284
v 53.831444 32.645138 -0.202268
v 60.817970 33.273975 -2.473874
v 60.497879 34.566948 0.187816
v 37.035740 31.486916 -2.869514
v 36.461685 33.379852 -7.940617
v 42.678398 33.845066 -6.153562
v 53.032532 38.660828 -5.853497
v 59.939697 38.160320 -5.609000
v 60.185719 36.193592 -6.194683
v 36.194496 35.567959 -8.296249
v 36.107201 39.186996 -6.097995
v 42.678398 36.918682 -6.449182
v 50.561718 33.408730 -5.613444
v 53.831444 32.645138 -3.931968
v 47.916309 32.597012 -3.019547
v 36.194496 35.567959 -8.296249
v 42.678398 33.845066 -6.153562
v 44.196861 37.181767 -6.593658
v 45.228573 33.216225 0.056676
v 53.831444 32.645138 -0.202268
v 53.855251 34.172321 1.385854
v 53.685947 36.649178 1.694810
v 60.399998 36.363636 0.571232
v 60.315346 38.471531 0.060010
v 46.657093 32.914639 -4.443191
v 49.561752 34.082485 -5.909064
v 48.503590 36.190384 -6.433623
v 44.196861 37.528271 -6.129113
v 43.781532 38.959206 -4.109785
v 59.984669 39.957005 -3.575224
v 52.148964 40.913101 -2.571673
v 59.984669 39.982674 -1.455875
v 52.254780 40.983685 0.088905
v 60.315346 38.471531 0.060010
v 53.360561 39.636169 1.328063
v 53.685947 36.649178 1.694810
v 45.649193 41.089561 0.077792
v 47.580341 41.282063 0.114466
v 43.551380 40.483177 -2.306060
v 47.580341 41.144100 -2.079344
v 47.471882 39.408375 -3.686360
v 53.032532 38.660828 -5.853497
v 48.366028 38.304695 -5.603443
v 44.196861 33.941319 -6.329155
v 45.016937 32.661179 -5.133340
v 45.469303 32.879349 -3.146241
v 46.635929 32.263340 -1.364743
v 30.718498 32.828014 -2.459425
v 40.683758 32.898598 -1.898193
v 30.903679 32.786304 -0.392309
v 40.585876 33.389477 0.616799
v 30.903679 33.687855 3.114007
v 41.056763 34.871742 1.410303
v 40.601749 37.672649 1.984873
v 40.368954 39.276833 0.859073
v 60.817970 33.273975 -2.473874
v 53.831444 32.645138 -3.931968
v 60.627502 34.143444 -4.913292
v 53.834091 33.780899 -5.853497
v 60.185719 36.193592 -6.194683
v 53.519287 36.260967 -6.647003
v 49.252239 36.299465 -6.473632
v 47.442780 38.230904 -5.353389
v 43.781532 38.959206 -4.109785
v 43.551380 40.483177 -2.306060
v 36.353222 40.813641 -1.970431
v 45.649193 41.089561 0.077792
v 60.817970 33.273975 -2.473874
v 53.831444 32.247299 -1.809284
v 53.831444 32.645138 -3.931968
v 46.635929 32.263340 -1.364743
v 47.916309 32.597012 -3.019547
v 45.469303 32.879349 -3.146241
v 46.657093 32.914639 -4.443191
v 45.016937 32.661179 -5.133340
v 49.561752 34.082485 -5.909064
v 44.196861 33.941319 -6.329155
v 48.503590 36.190384 -6.433623
v 44.196861 37.181767 -6.593658
v 44.196861 37.528271 -6.129113
v 42.678398 36.918682 -6.449182
v 43.781532 38.959206 -4.109785
v 36.107201 39.186996 -6.097995
v 36.353222 40.813641 -1.970431
v 36.353222 40.813641 -1.970431
v 36.607182 39.732422 1.331397
v 37.120392 37.666233 3.471863
v 53.855251 34.172321 1.385854
v 53.685947 36.649178 1.694810
v 53.360561 39.636169 1.328063
v 47.580341 41.282063 0.114466
v 52.254780 40.983685 0.088905
v 47.580341 41.144100 -2.079344
v 52.148964 40.913101 -2.571673
v 53.032532 38.660828 -5.853497
v 59.984669 39.957005 -3.575224
v 59.939697 38.160320 -5.609000
v 67.804497 37.428814 0.753494
v 60.315346 38.471531 0.060010
v 60.399998 36.363636 0.571232
v 47.580341 41.282063 0.114466
v 45.649193 41.089561 0.077792
v 47.752293 40.287468 1.672583
v 67.804497 33.825817 -2.039335
v 60.817970 33.273975 -2.473874
v 67.804497 34.987244 -4.873284
v 60.627502 34.143444 -4.913292
v 60.185719 36.193592 -6.194683
v 67.804497 37.428814 -4.873284
v 67.804497 35.269581 0.753494
v 60.497879 34.566948 0.187816
v 67.804497 34.297447 -0.682374
v 60.817970 33.273975 -2.473874
v 67.804497 33.825817 -2.039335
v 59.984669 39.982674 -1.455875
v 67.804497 38.792370 -1.319179
v 59.984669 39.957005 -3.575224
v 67.804497 38.811619 -2.856179
v 59.939697 38.160320 -5.609000
v 67.804497 37.428814 -4.873284
v -69.973740 37.791359 0.873520
v -69.973740 34.368031 0.873520
v -67.804497 35.269581 0.753494
v -67.804497 35.269581 0.753494
v -67.804497 37.428814 0.753494
v -69.973740 37.791359 0.873520
v -67.804497 38.792370 -1.319179
v -69.973740 39.032997 -1.086906
v -67.804497 38.811619 -2.856179
v -69.973740 39.032997 -3.111790
v -67.804497 37.428814 -4.873284
v -69.973740 37.791359 -4.753258
v -67.804497 34.987244 -4.873284
v -69.986961 34.817204 -4.497647
v -67.804497 35.269581 0.753494
v -69.973740 34.368031 0.873520
v -67.804497 34.297447 -0.682374
v -69.931412 33.639732 -1.972654
v -67.804497 33.825817 -2.039335
v -69.986961 34.817204 -4.497647
v -67.804497 34.987244 -4.873284
v -36.353222 40.813641 -1.970431
v -43.551380 40.483177 -2.306060
v -45.649193 41.089561 0.077792
v -60.185719 36.193592 -6.194683
v -59.939697 38.160320 -5.609000
v -53.032532 38.660828 -5.853497
v -43.781532 38.959206 -4.109785
v -47.471882 39.408375 -3.686360
v -46.635929 32.263340 -1.364743
v -53.831444 32.247299 -1.809284
v -53.831444 32.645138 -3.931968
v -60.497879 34.566948 0.187816
v -60.817970 33.273975 -2.473874
v -53.831444 32.645138 -0.202268
v -53.831444 32.247299 -1.809284
v -46.635929 32.263340 -1.364743
v -47.490398 37.579605 1.922637
v -46.395199 34.435406 1.360293
v -42.686333 35.179749 1.859290
v -37.387577 31.656960 1.240268
v -37.474876 33.739189 3.639677
v -45.228573 33.216225 0.056676
v -48.503590 36.190384 -6.433623
v -44.196861 33.941319 -6.329155
v -49.561752 34.082485 -5.909064
v -45.016937 32.661179 -5.133340
v -46.657093 32.914639 -4.443191
v -45.469303 32.879349 -3.146241
v -43.077854 37.675858 1.933751
v -47.490398 37.579605 1.922637
v -45.649193 41.089561 0.077792
v -47.752293 40.287468 1.672583
v -30.718498 32.828014 -2.459425
v -40.683758 32.898598 -1.898193
v -30.903679 31.948921 -4.996644
v -39.599140 34.246113 -5.900173
v -40.035633 39.790173 -1.006888
v -40.368954 39.276833 0.859073
v -30.901031 39.430836 -0.579018
v -30.903679 37.249146 3.114007
v -53.685947 36.649178 1.694810
v -53.360561 39.636169 1.328063
v -60.315346 38.471531 0.060010
v -52.254780 40.983685 0.088905
v -59.984669 39.982674 -1.455875
v -52.148964 40.913101 -2.571673
v -59.984669 39.957005 -3.575224
v -60.817970 33.273975 -2.473874
v -53.831444 32.645138 -3.931968
v -60.627502 34.143444 -4.913292
v -53.834091 33.780899 -5.853497
v -60.185719 36.193592 -6.194683
v -53.519287 36.260967 -6.647003
v -53.032532 38.660828 -5.853497
v -49.252239 36.299465 -6.473632
v -60.315346 38.471531 0.060010
v -60.399998 36.363636 0.571232
v -53.685947 36.649178 1.694810
v -60.497879 34.566948 0.187816
v -53.855251 34.172321 1.385854
v -53.831444 32.645138 -0.202268
v -45.228573 33.216225 0.056676
v -37.387577 31.656960 1.240268
v -37.035740 31.486916 -2.869514
v -47.281410 37.720776 -5.909065
v -50.561718 33.408730 -5.613444
v -47.916309 32.597012 -3.019547
v -43.551380 40.483177 -2.306060
v -43.781532 38.959206 -4.109785
v -36.107201 39.186996 -6.097995
v -42.678398 36.918682 -6.449182
v -36.194496 35.567959 -8.296249
v -42.678398 33.845066 -6.153562
v -36.461685 33.379852 -7.940617
v -37.035740 31.486916 -2.869514
v -40.368954 39.276833 0.859073
v -40.601749 37.672649 1.984873
v -41.056763 34.871742 1.410303
v -30.903679 33.687855 3.114007
v -40.585876 33.389477 0.616799
v -30.903679 32.786304 -0.392309
v -40.683758 32.898598 -1.898193
v -30.718498 32.828014 -2.459425
v -48.366028 38.304695 -5.603443
v -47.442780 38.230904 -5.353389
v -44.196861 37.528271 -6.129113
v -42.678398 36.918682 -6.449182
v -44.196861 37.181767 -6.593658
v -42.678398 33.845066 -6.153562
v -59.939697 38.160320 -5.609000
v -59.984669 39.957005 -3.575224
v -53.032532 38.660828 -5.853497
v -52.148964 40.913101 -2.571673
v -47.580341 41.144100 -2.079344
v -52.254780 40.983685 0.088905
v -47.580341 41.282063 0.114466
v -53.360561 39.636169 1.328063
v -47.752293 40.287468 1.672583
v -53.685947 36.649178 1.694810
v -47.490398 37.579605 1.922637
v -46.395199 34.435406 1.360293
v -42.686333 35.179749 1.859290
v -37.474876 33.739189 3.639677
v -43.077854 37.675858 1.933751
v -37.120392 37.666233 3.471863
v -45.649193 41.089561 0.077792
v -36.607182 39.732422 1.331397
v -36.353222 40.813641 -1.970431
v -53.519287 36.260967 -6.647003
v -53.834091 33.780899 -5.853497
v -47.580341 41.144100 -2.079344
v -47.580341 41.282063 0.114466
v -60.185719 36.193592 -6.194683
v -67.804497 34.987244 -4.873284
v -67.804497 37.428814 -4.873284
v -47.752293 40.287468 1.672583
v -45.649193 41.089561 0.077792
v -47.580341 41.282063 0.114466
v -60.627502 34.143444 -4.913292
v -60.817970 33.273975 -2.473874
v -67.804497 33.825817 -2.039335
v -67.804497 33.825817 -2.039335
v -60.817970 33.273975 -2.473874
v -67.804497 34.297447 -0.682374
v -60.497879 34.566948 0.187816
v -67.804497 35.269581 0.753494
v -60.399998 36.363636 0.571232
v -67.804497 37.428814 0.753494
v -60.315346 38.471531 0.060010
v -59.984669 39.982674 -1.455875
v -67.804497 38.792370 -1.319179
v -59.984669 39.957005 -3.575224
v -67.804497 38.811619 -2.856179
v -59.939697 38.160320 -5.609000
v -67.804497 37.428814 -4.873284
v 39.474808 39.177372 -2.985096
v 30.903679 39.341000 -3.976423
v 30.718498 40.226509 -2.158250
v 30.903679 32.747807 -6.593657
v 39.599140 34.246113 -5.900173
v 30.903679 31.948921 -4.996644
v 34.916763 37.560356 4.254255
v 34.916763 33.601231 4.254256
v 34.935284 35.940128 -1.658141
v 30.901031 39.430836 -0.579018
v 40.035633 39.790173 -1.006888
v 29.864033 36.017132 -2.058228
v 29.864033 29.911608 -2.488321
v 29.864033 30.303028 2.392740
v 29.864033 32.850471 4.706575
v 29.864033 36.017132 -2.058228
v 29.864033 37.823441 -8.372933
v 29.864033 36.017132 -2.058228
v 29.864033 41.365479 -5.474526
v 34.935284 35.940128 -1.658141
v 34.961735 31.400291 1.645911
v 34.990837 30.534031 -2.815058
v 35.025227 37.942150 -7.791696
v 35.025227 41.375103 -4.721029
v 34.935284 35.940128 -1.658141
v 34.935284 35.940128 -1.658141
v 29.864033 37.849110 4.706575
v 29.864033 41.278854 1.774827
v 29.864033 36.017132 -2.058228
v 34.935284 35.940128 -1.658141
v 34.953800 41.689526 0.903527
v 29.864033 29.911608 -2.488321
v 29.864033 30.511574 -5.608999
v 34.990837 30.534031 -2.815058
v 35.025227 31.441999 -7.791696
v 34.935284 35.940128 -1.658141
v 34.935284 35.940128 -1.658141
v 35.025227 37.942150 -7.791696
v 29.864033 36.017132 -2.058228
v 29.864033 34.226864 -9.283131
v 29.864033 36.017132 -2.058228
v 30.903679 36.931515 -6.593658
v 39.474808 37.492981 -5.900174
v 39.413960 35.452457 -6.580322
v 30.903679 34.528450 -7.549420
v 29.864033 42.257404 -2.117130
v 34.935284 35.940128 -1.658141
v 35.025227 35.295246 -8.701894
v 29.864033 31.695459 -8.372933
v 29.864033 36.017132 -2.058228
v 29.864033 36.017132 -2.058228
v 29.864033 36.017132 -2.058228
v 79.423141 36.084507 -4.867727
v 82.110878 32.061214 -6.226912
v 82.557953 32.244091 -5.327826
v 80.891342 37.861942 -5.221138
v 82.557953 32.244091 -5.327826
v 83.555267 33.463272 -5.681237
v 71.518654 35.612877 -5.994639
v 73.063576 34.011902 -4.715471
v 69.986961 34.817204 -4.497647
v 83.129356 37.691898 1.573672
v 82.073837 36.254551 2.296052
v 84.764221 34.493156 1.588120
v 86.261520 33.620480 -3.961975
v 84.846230 32.869724 -3.730814
v 82.785454 36.918682 -4.479865
v 81.706131 35.510208 -4.215363
v 77.716850 39.841503 -4.480977
v 78.465500 40.810432 -2.146025
v 83.097610 38.176361 -2.132689
v 69.973740 39.032997 -3.111790
v 76.968201 38.872578 -6.335824
v 69.973740 37.791359 -4.753258
v 85.711281 35.186165 1.013551
v 81.034195 33.440811 4.367614
v 81.113556 33.960567 3.440745
v 75.788345 35.882381 3.115118
v 78.976067 35.901630 -6.226912
v 77.095177 37.024559 -4.128678
v 76.648102 36.841682 -6.046873
v 80.142693 36.893017 -6.515863
v 83.280144 33.052601 -6.515862
v 82.110878 32.061214 -6.226912
v 81.706131 35.510208 -4.215363
v 84.846230 32.869724 -3.730814
v 85.475838 33.017307 -1.610353
v 79.423141 36.084507 -4.867727
v 77.716850 39.841503 -4.480977
v 77.095177 37.024559 -4.128678
v 84.764221 34.493156 1.588120
v 85.475838 33.017307 -1.610353
v 76.007912 36.722973 2.900627
v 73.425995 37.220268 3.943076
v 75.952362 34.679241 4.538762
v 78.436401 37.563564 2.687248
v 76.007912 36.722973 2.900627
v 75.111122 35.818211 -0.962434
v 75.788345 35.882381 3.115118
v 76.648102 36.841682 -6.046873
v 78.976067 35.901630 -6.226912
v 73.063576 34.011902 -4.715471
v 82.073837 36.254551 2.296052
v 84.764221 34.493156 1.588120
v 86.682144 33.739189 -2.013774
v 82.557953 32.244091 -5.327826
v 82.110878 32.061214 -6.226912
v 69.973740 34.368031 0.873520
v 69.931412 33.639732 -1.972654
v 72.685280 33.399101 2.344951
v 76.711594 33.845066 1.589231
v 75.507935 32.773472 2.973978
v 81.060646 32.998058 2.721701
v 80.983932 32.353176 3.401848
v 69.986961 34.817204 -4.497647
v 81.113556 33.960567 3.440745
v 78.436401 37.563564 2.687248
v 77.769760 39.687504 2.310499
v 74.492096 38.455490 3.126232
v 72.685280 33.399101 2.344951
v 75.507935 32.773472 2.973978
v 80.983932 32.353176 3.401848
v 69.973740 39.032997 -1.086906
v 84.846230 32.869724 -3.730814
v 69.973740 37.791359 0.873520
v 69.973740 34.368031 0.873520
v -76.648102 36.841682 -6.046873
v -71.518654 35.612877 -5.994639
v -73.063576 34.011902 -4.715471
v -75.788345 35.882381 3.115118
v -81.060646 32.998058 2.721701
v -81.113556 33.960567 3.440745
v -80.983932 32.353176 3.401848
v -78.465500 40.810432 -2.146025
v -69.973740 39.032997 -1.086906
v -69.973740 39.032997 -3.111790
v -76.968201 38.872578 -6.335824
v -83.555267 33.463272 -5.681237
v -83.280144 33.052601 -6.515862
v -82.557953 32.244091 -5.327826
v -82.110878 32.061214 -6.226912
v -85.475838 33.017307 -1.610353
v -84.764221 34.493156 1.588120
v -85.711281 35.186165 1.013551
v -85.475838 33.017307 -1.610353
v -84.846230 32.869724 -3.730814
v -81.706131 35.510208 -4.215363
v -82.557953 32.244091 -5.327826
v -82.110878 32.061214 -6.226912
v -79.423141 36.084507 -4.867727
v -78.976067 35.901630 -6.226912
v -77.095177 37.024559 -4.128678
v -76.648102 36.841682 -6.046873
v -76.007912 36.722973 2.900627
v -75.111122 35.818211 -0.962434
v -78.436401 37.563564 2.687248
v -78.976067 35.901630 -6.226912
v -80.142693 36.893017 -6.515863
v -77.716850 39.841503 -4.480977
v -80.891342 37.861942 -5.221138
v -77.095177 37.024559 -4.128678
v -77.716850 39.841503 -4.480977
v -79.423141 36.084507 -4.867727
v -82.557953 32.244091 -5.327826
v -72.685280 33.399101 2.344951
v -75.952362 34.679241 4.538762
v -75.507935 32.773472 2.973978
v -81.034195 33.440811 4.367614
v -80.983932 32.353176 3.401848
v -86.261520 33.620480 -3.961975
v -82.785454 36.918682 -4.479865
v -84.846230 32.869724 -3.730814
v -81.706131 35.510208 -4.215363
v -76.007912 36.722973 2.900627
v -75.788345 35.882381 3.115118
v -73.425995 37.220268 3.943076
v -83.129356 37.691898 1.573672
v -84.764221 34.493156 1.588120
v -74.492096 38.455490 3.126232
v -77.769760 39.687504 2.310499
v -78.436401 37.563564 2.687248
v -82.073837 36.254551 2.296052
v -82.110878 32.061214 -6.226912
v -83.097610 38.176361 -2.132689
v -86.682144 33.739189 -2.013774
v -76.711594 33.845066 1.589231
v -69.931412 33.639732 -1.972654
v -73.063576 34.011902 -4.715471
v -69.986961 34.817204 -4.497647
v -84.764221 34.493156 1.588120
v -82.073837 36.254551 2.296052
v -69.973740 37.791359 -4.753258
v -69.986961 34.817204 -4.497647
v -75.507935 32.773472 2.973978
v -72.685280 33.399101 2.344951
v -69.973740 34.368031 0.873520
v -81.113556 33.960567 3.440745
v -69.973740 34.368031 0.873520
v -69.973740 37.791359 0.873520
v -84.846230 32.869724 -3.730814
v -39.474808 37.492981 -5.900174
v -30.903679 36.931515 -6.593658
v -39.413960 35.452457 -6.580322
v -29.864033 30.511574 -5.608999
v -29.864033 36.017132 -2.058228
v -29.864033 29.911608 -2.488321
v -30.718498 40.226509 -2.158250
v -40.035633 39.790173 -1.006888
v -30.901031 39.430836 -0.579018
v -29.864033 30.303028 2.392740
v -34.990837 30.534031 -2.815058
v -29.864033 29.911608 -2.488321
v -29.864033 41.278854 1.774827
v -34.953800 41.689526 0.903527
v -29.864033 37.849110 4.706575
v -39.474808 39.177372 -2.985096
v -30.903679 31.948921 -4.996644
v -39.599140 34.246113 -5.900173
v -30.903679 32.747807 -6.593657
v -30.903679 34.528450 -7.549420
v -29.864033 31.695459 -8.372933
v -29.864033 34.226864 -9.283131
v -29.864033 36.017132 -2.058228
v -29.864033 36.017132 -2.058228
v -29.864033 36.017132 -2.058228
v -29.864033 32.850471 4.706575
v -29.864033 41.365479 -5.474526
v -29.864033 36.017132 -2.058228
v -29.864033 37.823441 -8.372933
v -34.961735 31.400291 1.645911
v -34.935284 35.940128 -1.658141
v -34.935284 35.940128 -1.658141
v -35.025227 31.441999 -7.791696
v -34.990837 30.534031 -2.815058
v -34.935284 35.940128 -1.658141
v -35.025227 41.375103 -4.721029
v -35.025227 37.942150 -7.791696
v -34.916763 33.601231 4.254256
v -34.935284 35.940128 -1.658141
v -34.935284 35.940128 -1.658141
v -34.916763 37.560356 4.254255
v -29.864033 36.017132 -2.058228
v -30.903679 39.341000 -3.976423
v -29.864033 36.017132 -2.058228
v -29.864033 42.257404 -2.117130
v -34.935284 35.940128 -1.658141
v -34.935284 35.940128 -1.658141
v -35.025227 35.295246 -8.701894
v -29.864033 36.017132 -2.058228
v -29.864033 36.017132 -2.058228
v -34.935284 35.940128 -1.658141
vn -0.0866 -0.3385 0.9370
vn -0.4307 -0.5638 0.7047
vn -0.2985 0.5185 0.8013
vn -0.2045 -0.6922 -0.6921
vn 0.1022 -0.5662 -0.8179
vn -0.2047 0.3308 -0.9213
vn 0.0392 0.5025 -0.8637
vn -0.1643 0.9153 -0.3677
vn 0.0078 0.9518 -0.3068
vn -0.1966 0.9517 0.2360
vn -0.0001 0.9591 0.2830
vn -0.0235 0.4782 0.8780
vn -0.0000 -0.9940 -0.1096
vn -0.0236 -0.9966 -0.0785
vn -0.0785 -0.9097 0.4078
vn -0.0000 -0.0079 1.0000
vn 0.1568 -0.2744 0.9487
vn -0.0000 -0.4722 0.8815
vn -0.0000 0.8345 0.5511
vn -0.0315 0.9120 0.4089
vn 0.0784 0.3526 0.9325
vn 0.0472 -0.5505 -0.8335
vn -0.0157 0.0940 -0.9954
vn 0.0079 -0.0000 -1.0000
vn 0.0393 -0.9977 0.0550
vn 0.1962 -0.8557 0.4788
vn 0.0942 -0.9570 -0.2745
vn 0.1022 -0.6994 0.7073
vn 0.3221 -0.2828 0.9035
vn 0.1963 -0.8556 0.4789
vn 0.0550 0.5264 -0.8485
vn -0.0471 0.7141 -0.6984
vn 0.1335 0.1335 0.9820
vn -0.0000 0.4970 0.8678
vn -0.0313 0.8692 0.4934
vn 0.0010 -0.9888 0.1492
vn 0.1340 -0.9771 -0.1655
vn 0.0629 -0.9975 0.0314
vn 0.1894 -0.7893 -0.5840
vn -0.0314 0.9121 0.4088
vn -0.0000 0.8345 0.5510
vn 0.0157 0.9898 0.1414
vn 0.0707 -0.9972 0.0236
vn 0.0784 -0.8704 0.4861
vn 0.1260 -0.9918 0.0237
vn 0.1101 -0.5976 0.7942
vn 0.0941 -0.9569 -0.2746
vn 0.2603 -0.5993 -0.7570
vn 0.0631 -0.4337 -0.8988
vn -0.0157 0.6062 -0.7952
vn 0.1102 0.6063 -0.7875
vn 0.1017 -0.0547 -0.9933
vn 0.2431 0.1020 -0.9646
vn 0.1576 0.7328 -0.6619
vn 0.0236 0.4875 -0.8728
vn -0.0000 -0.7149 -0.6992
vn 0.0471 -0.9428 -0.3300
vn -0.0391 -0.9694 -0.2424
vn 0.2602 -0.5993 -0.7570
vn 0.2431 0.1019 -0.9646
vn 0.0631 -0.4336 -0.8989
vn -0.0315 0.2994 -0.9536
vn 0.1022 -0.6995 0.7073
vn 0.0784 -0.8703 0.4862
vn 0.0474 -0.4499 0.8918
vn 0.1182 0.0236 0.9927
vn 0.0315 0.0079 0.9995
vn 0.1415 0.4953 0.8571
vn 0.0236 -0.9588 -0.2829
vn 0.0627 -0.5169 -0.8537
vn 0.0391 0.1566 -0.9869
vn -0.0236 0.7301 -0.6830
vn -0.0000 0.8019 -0.5975
vn 0.1180 0.9364 -0.3304
vn 0.0550 0.9663 -0.2514
vn 0.1335 0.9345 0.3298
vn 0.1332 0.9321 0.3368
vn 0.1416 0.4954 0.8570
vn 0.1499 0.5521 0.8202
vn 0.1182 0.0237 0.9927
vn -0.0157 0.9637 0.2664
vn -0.0472 0.8966 -0.4404
vn -0.0551 0.9210 -0.3857
vn -0.1022 0.7706 -0.6291
vn -0.1728 0.6047 -0.7775
vn -0.0000 -0.3606 -0.9327
vn 0.0862 -0.9091 -0.4075
vn 0.0394 -0.9913 -0.1259
vn -0.0000 -0.9888 0.1491
vn 0.0628 -0.9975 0.0314
vn 0.0236 -0.9897 0.1414
vn 0.0941 -0.8857 0.4546
vn 0.1498 -0.5754 0.8040
vn 0.1649 -0.2355 0.9578
vn 0.1019 0.2117 0.9720
vn -0.0000 0.8344 0.5511
vn 0.1259 -0.9918 0.0236
vn 0.0472 -0.9428 -0.3300
vn 0.1181 -0.7868 -0.6058
vn 0.1017 -0.0548 -0.9933
vn -0.0157 0.0941 -0.9954
vn -0.0472 0.8965 -0.4404
vn 0.0157 0.9657 -0.2591
vn -0.0314 0.8692 0.4934
vn 0.0707 -0.9972 0.0235
vn 0.0393 -0.9977 0.0549
vn -0.0391 -0.9694 -0.2423
vn 0.0393 -0.9913 -0.1259
vn 0.0236 -0.9589 -0.2829
vn 0.0392 0.1566 -0.9869
vn -0.0315 0.2995 -0.9536
vn 0.1576 0.7329 -0.6619
vn -0.0549 0.8541 0.5172
vn 0.1645 0.3838 0.9086
vn 0.0473 -0.4498 0.8919
vn 0.1498 0.5520 0.8203
vn -0.0156 0.9637 0.2664
vn 0.0550 0.9663 -0.2515
vn -0.0157 0.6062 -0.7951
vn 0.1180 0.9364 -0.3305
vn 0.1102 0.6064 -0.7875
vn -0.0235 0.4781 0.8780
vn 0.1415 0.4954 0.8571
vn 0.0314 0.0079 0.9995
vn 0.1023 -0.5662 -0.8179
vn 0.1180 -0.7868 -0.6058
vn 0.0393 0.5025 -0.8637
vn -0.0866 -0.3386 0.9369
vn -0.0784 -0.9097 0.4078
vn -0.0000 0.9591 0.2830
vn 0.0079 0.9518 -0.3067
vn 0.1103 0.6064 -0.7875
vn 0.2985 0.5185 0.8013
vn 0.4307 -0.5638 0.7047
vn 0.0866 -0.3385 0.9370
vn 0.0235 0.4782 0.8780
vn 0.0001 0.9591 0.2830
vn 0.1966 0.9517 0.2360
vn -0.0078 0.9518 -0.3068
vn 0.1643 0.9153 -0.3677
vn -0.0392 0.5025 -0.8637
vn 0.2047 0.3308 -0.9213
vn -0.1022 -0.5662 -0.8179
vn 0.2045 -0.6922 -0.6921
vn 0.0785 -0.9097 0.4078
vn 0.0236 -0.9966 -0.0785
vn -0.0157 0.9657 -0.2591
vn 0.0472 0.8966 -0.4404
vn 0.0313 0.8692 0.4934
vn -0.1017 -0.0547 -0.9933
vn -0.1103 0.6063 -0.7875
vn 0.0157 0.6062 -0.7952
vn 0.1022 0.7706 -0.6291
vn -0.0393 -0.9977 0.0550
vn -0.0707 -0.9972 0.0235
vn -0.0472 -0.9428 -0.3300
vn -0.1101 -0.5976 0.7942
vn -0.1260 -0.9918 0.0237
vn -0.0784 -0.8704 0.4861
vn -0.0707 -0.9972 0.0236
vn -0.1568 -0.2744 0.9487
vn -0.1963 -0.8556 0.4789
vn -0.3222 -0.2828 0.9035
vn -0.1022 -0.6995 0.7073
vn -0.0391 0.1566 -0.9869
vn -0.0627 -0.5169 -0.8537
vn -0.0862 -0.9091 -0.4075
vn -0.0236 -0.9589 -0.2829
vn -0.0393 -0.9913 -0.1259
vn -0.1335 0.1336 0.9820
vn -0.0000 -0.0078 1.0000
vn 0.0313 0.8693 0.4933
vn -0.0000 0.4970 0.8677
vn -0.0628 -0.9975 0.0314
vn -0.1339 -0.9771 -0.1655
vn -0.1894 -0.7893 -0.5840
vn -0.0157 0.9898 0.1414
vn 0.0314 0.9121 0.4089
vn -0.0784 0.3526 0.9325
vn -0.1182 0.0237 0.9927
vn -0.1499 0.5521 0.8202
vn -0.1416 0.4954 0.8570
vn -0.1332 0.9321 0.3368
vn -0.1335 0.9345 0.3298
vn -0.0550 0.9663 -0.2514
vn -0.1180 0.9364 -0.3304
vn -0.1259 -0.9918 0.0236
vn -0.0471 -0.9428 -0.3300
vn -0.1181 -0.7868 -0.6058
vn -0.0472 -0.5505 -0.8335
vn -0.1017 -0.0548 -0.9933
vn -0.0079 -0.0000 -1.0000
vn 0.0158 0.6062 -0.7952
vn 0.0157 0.0940 -0.9954
vn -0.1415 0.4953 0.8571
vn -0.0315 0.0079 0.9995
vn -0.1182 0.0236 0.9927
vn -0.0474 -0.4499 0.8918
vn -0.0784 -0.8703 0.4862
vn -0.1963 -0.8557 0.4788
vn -0.0941 -0.9570 -0.2745
vn -0.0550 0.5264 -0.8485
vn 0.0391 -0.9694 -0.2423
vn 0.0472 0.8965 -0.4405
vn -0.1576 0.7328 -0.6619
vn -0.0237 0.4875 -0.8728
vn -0.2431 0.1020 -0.9646
vn -0.0631 -0.4337 -0.8989
vn -0.2602 -0.5993 -0.7570
vn -0.0941 -0.9569 -0.2746
vn -0.1019 0.2117 0.9720
vn -0.1649 -0.2355 0.9578
vn -0.1498 -0.5754 0.8040
vn -0.0941 -0.8857 0.4546
vn -0.0236 -0.9897 0.1414
vn 0.1728 0.6047 -0.7775
vn 0.0471 0.7141 -0.6984
vn 0.0236 0.7301 -0.6830
vn -0.0236 0.4875 -0.8728
vn 0.0315 0.2995 -0.9536
vn -0.1102 0.6064 -0.7875
vn -0.1180 0.9364 -0.3305
vn 0.0157 0.6062 -0.7951
vn -0.0550 0.9663 -0.2515
vn 0.0551 0.9210 -0.3857
vn -0.1331 0.9321 0.3368
vn 0.0156 0.9637 0.2664
vn -0.1498 0.5520 0.8203
vn -0.0000 -0.4723 0.8815
vn -0.1569 -0.2744 0.9487
vn -0.3221 -0.2828 0.9035
vn -0.1336 0.1336 0.9820
vn -0.1645 0.3838 0.9086
vn 0.0549 0.8541 0.5172
vn 0.0157 0.9637 0.2664
vn -0.1016 -0.0548 -0.9933
vn -0.1023 -0.5662 -0.8179
vn -0.0393 0.5025 -0.8637
vn 0.0314 0.8692 0.4934
vn -0.1180 -0.7868 -0.6058
vn 0.0784 -0.9097 0.4078
vn 0.0866 -0.3386 0.9369
vn -0.0314 0.0079 0.9995
vn 0.0235 0.4781 0.8780
vn -0.1415 0.4954 0.8571
vn -0.0079 0.9518 -0.3068
vn -0.1103 0.6064 -0.7875
vn 0.0550 0.8717 -0.4869
vn 0.0787 0.8258 -0.5584
vn 0.0469 0.9937 -0.1017
vn 0.1647 -0.6276 -0.7609
vn 0.1894 -0.7893 -0.5841
vn 0.7616 0.2120 0.6124
vn 0.6518 -0.2042 0.7303
vn 1.0000 -0.0000 0.0079
vn -0.0314 0.9120 0.4089
vn 0.0158 0.9898 0.1414
vn -1.0000 -0.0000 -0.0000
vn -0.6663 -0.7447 -0.0392
vn -0.4495 -0.8358 0.3154
vn -0.4795 -0.4480 0.7546
vn -0.3923 0.4394 -0.8081
vn -0.7015 0.5990 -0.3862
vn 0.6857 -0.6069 0.4019
vn 0.5510 -0.8343 -0.0157
vn 0.7463 0.3378 -0.5735
vn 0.5349 0.7394 -0.4090
vn -0.4004 0.3062 0.8636
vn -0.7189 0.5925 0.3634
vn 0.5278 0.7483 0.4017
vn -0.5200 -0.8272 -0.2127
vn 0.5510 -0.8344 -0.0158
vn 0.6440 -0.6204 -0.4477
vn -0.6829 -0.0317 -0.7299
vn 0.0471 0.5968 -0.8010
vn 0.0157 0.6284 -0.7777
vn 0.1102 -0.0630 -0.9919
vn 0.1181 -0.0472 -0.9919
vn -0.5363 0.8438 -0.0158
vn 0.5348 0.7394 -0.4090
vn 0.3537 -0.0000 -0.9353
vn -0.5361 -0.4573 -0.7096
vn -0.2129 -0.4495 0.8675
vn -0.3691 -0.8011 -0.4712
vn 0.1813 -0.4492 0.8748
vn 0.7388 0.5737 0.3537
vn 0.9660 -0.0864 0.2435
vn -0.2361 -0.2597 -0.9364
vn 0.1333 -0.9169 -0.3762
vn -0.2045 -0.6922 -0.6922
vn 0.4544 0.5641 0.6894
vn -0.2511 -0.6357 0.7299
vn 0.3379 -0.3536 0.8722
vn 0.7783 -0.2359 -0.5819
vn -0.0865 -0.7390 -0.6682
vn 0.2352 0.2117 -0.9486
vn -0.4098 -0.7801 -0.4728
vn 0.1645 0.6736 -0.7206
vn 0.1337 0.9905 -0.0315
vn 0.6389 0.7415 -0.2051
vn -0.0783 0.3918 -0.9167
vn -0.2048 0.3307 -0.9212
vn 0.8562 0.0786 0.5106
vn 0.4173 0.0787 0.9054
vn 0.8953 0.4398 -0.0707
vn 0.6969 0.7047 0.1331
vn -0.4477 -0.6990 -0.5577
vn 0.0548 -0.9948 0.0862
vn 0.1728 -0.7775 -0.6047
vn 0.1573 0.2910 -0.9437
vn 0.6451 0.0393 -0.7631
vn -0.4097 -0.7801 -0.4728
vn 0.0861 -0.9623 0.2582
vn -0.2130 -0.4496 0.8675
vn 0.2736 0.0235 0.9616
vn 0.0548 -0.9948 0.0861
vn 0.3379 -0.3536 0.8723
vn 0.0860 -0.9623 0.2582
vn 0.5202 -0.1340 0.8434
vn -0.1256 0.2277 0.9656
vn -0.0315 -0.0000 0.9995
vn 0.1414 -0.6678 0.7307
vn 0.5202 -0.1341 0.8434
vn 0.6840 -0.7233 -0.0944
vn 0.6969 0.7048 0.1331
vn -0.4477 -0.6990 -0.5576
vn 0.1332 -0.9169 -0.3762
vn 0.3379 -0.3537 0.8722
vn 0.9914 -0.1102 0.0708
vn -0.3691 -0.8010 -0.4713
vn -0.0235 -0.9966 -0.0785
vn -0.3698 -0.8262 0.4250
vn 0.4165 -0.5187 -0.7466
vn -0.1333 -0.9873 0.0862
vn 0.4876 -0.1180 -0.8651
vn 0.7700 -0.6364 0.0472
vn -0.2046 -0.6922 -0.6921
vn 0.8953 0.4398 -0.0706
vn 0.1414 -0.6679 0.7307
vn 0.0785 0.6436 0.7613
vn -0.0866 0.6300 0.7717
vn -0.3698 -0.8263 0.4249
vn -0.1332 -0.9873 0.0862
vn 0.7699 -0.6364 0.0471
vn -0.1966 0.9517 0.2359
vn -0.0865 -0.7389 -0.6682
vn -0.2986 0.5185 0.8013
vn -0.4307 -0.5638 0.7048
vn -0.1728 -0.7775 -0.6047
vn 0.2361 -0.2597 -0.9364
vn -0.1332 -0.9169 -0.3762
vn -0.6969 0.7047 0.1331
vn -0.4876 -0.1180 -0.8651
vn -0.8953 0.4398 -0.0706
vn -0.7700 -0.6363 0.0472
vn -0.1337 0.9905 -0.0315
vn 0.1967 0.9517 0.2359
vn 0.0783 0.3918 -0.9167
vn -0.9660 -0.0863 0.2435
vn -0.6451 0.0393 -0.7631
vn -0.1813 -0.4493 0.8748
vn 0.3691 -0.8011 -0.4712
vn -0.0860 -0.9623 0.2582
vn -0.3379 -0.3536 0.8722
vn -0.8562 0.0786 0.5106
vn -0.0861 -0.9623 0.2582
vn 0.0865 -0.7390 -0.6682
vn 0.4098 -0.7801 -0.4728
vn 0.2129 -0.4495 0.8675
vn 0.4477 -0.6990 -0.5577
vn -0.0548 -0.9948 0.0862
vn -0.5203 -0.1340 0.8434
vn -0.6840 -0.7233 -0.0944
vn -0.1414 -0.6678 0.7307
vn 0.4477 -0.6990 -0.5576
vn -0.1573 0.2910 -0.9437
vn -0.1645 0.6736 -0.7206
vn -0.7388 0.5737 0.3537
vn -0.0547 -0.9948 0.0861
vn -0.2736 0.0235 0.9616
vn 0.2130 -0.4496 0.8675
vn -0.1812 -0.4492 0.8749
vn 0.3698 -0.8263 0.4249
vn 0.0315 -0.0000 0.9995
vn 0.1332 -0.9873 0.0862
vn -0.4173 0.0787 0.9054
vn -0.7700 -0.6364 0.0471
vn -0.7783 -0.2359 -0.5819
vn -0.2352 0.2117 -0.9486
vn 0.0864 -0.7390 -0.6682
vn -0.5202 -0.1340 0.8434
vn 0.1256 0.2277 0.9656
vn -0.4544 0.5641 0.6894
vn 0.0866 0.6300 0.7717
vn -0.0785 0.6436 0.7613
vn -0.1414 -0.6679 0.7307
vn 0.2511 -0.6357 0.7299
vn -0.6389 0.7415 -0.2051
vn -0.9914 -0.1102 0.0708
vn -0.4165 -0.5187 -0.7466
vn 0.0235 -0.9966 -0.0785
vn -0.3379 -0.3537 0.8722
vn 0.2048 0.3308 -0.9212
vn 0.2045 -0.6922 -0.6922
vn 0.3699 -0.8262 0.4249
vn 0.4307 -0.5638 0.7048
vn -0.8953 0.4398 -0.0707
vn 0.2986 0.5185 0.8013
vn 0.0864 -0.7389 -0.6682
vn -0.0157 0.6284 -0.7777
vn -0.0471 0.5968 -0.8010
vn -0.1102 -0.0630 -0.9919
vn 0.5200 -0.8272 -0.2127
vn 1.0000 -0.0000 -0.0000
vn 0.6663 -0.7447 -0.0392
vn -0.0469 0.9937 -0.1017
vn -0.0157 0.9898 0.1413
vn 0.0314 0.9120 0.4089
vn 0.4495 -0.8358 0.3154
vn -0.5510 -0.8343 -0.0157
vn 0.7189 0.5925 0.3634
vn -0.5278 0.7483 0.4017
vn 0.4004 0.3062 0.8636
vn -0.0550 0.8717 -0.4869
vn -0.1340 -0.9771 -0.1655
vn -0.1894 -0.7893 -0.5841
vn -0.1647 -0.6276 -0.7609
vn -0.1181 -0.0472 -0.9919
vn 0.5361 -0.4573 -0.7096
vn 0.6829 -0.0317 -0.7299
vn 0.4795 -0.4480 0.7546
vn 0.7015 0.5990 -0.3862
vn 0.3923 0.4394 -0.8081
vn -0.6857 -0.6069 0.4019
vn -1.0000 -0.0000 0.0079
vn -0.6440 -0.6204 -0.4477
vn -0.5510 -0.8344 -0.0157
vn -0.5349 0.7393 -0.4090
vn -0.7463 0.3378 -0.5735
vn -0.6518 -0.2042 0.7303
vn -0.7616 0.2120 0.6124
vn -0.0787 0.8258 -0.5584
vn 0.5363 0.8438 -0.0158
vn -0.3537 -0.0000 -0.9353
vt 0.949219 0.011841
vt 0.972656 0.050781
vt 0.894531 0.050781
vt 0.613281 0.035156
vt 0.660156 0.011841
vt 0.691406 0.066406
vt 0.707031 0.011841
vt 0.757812 0.054688
vt 0.769531 0.011841
vt 0.832031 0.050781
vt 0.847656 0.011841
vt 0.894531 0.011841
vt 0.986328 0.441406
vt 0.941406 0.441406
vt 0.986328 0.558594
vt 0.941406 0.558594
vt 0.986328 0.613281
vt 0.941406 0.667969
vt 0.986328 0.667969
vt 0.431305 0.403595
vt 0.488770 0.275269
vt 0.496094 0.402100
vt 0.402740 0.085144
vt 0.363281 0.011841
vt 0.433594 0.011841
vt 0.105469 0.479218
vt 0.152344 0.420776
vt 0.152618 0.479431
vt 0.599609 0.393097
vt 0.550781 0.085144
vt 0.599609 0.085144
vt 0.550781 0.402100
vt 0.496094 0.085144
vt 0.191742 0.392548
vt 0.207031 0.408478
vt 0.446930 0.283264
vt 0.390137 0.400574
vt 0.355408 0.373505
vt 0.013031 0.011841
vt 0.035156 0.011841
vt 0.013031 0.085144
vt 0.113281 0.085144
vt 0.366699 0.085144
vt 0.599609 0.473053
vt 0.558594 0.466919
vt 0.599609 0.596283
vt 0.498199 0.588470
vt 0.114716 0.279327
vt 0.214844 0.473053
vt 0.214844 0.588470
vt 0.160156 0.588470
vt 0.152344 0.085144
vt 0.199219 0.085144
vt 0.177216 0.279327
vt 0.105103 0.412689
vt 0.058594 0.473053
vt 0.058594 0.383881
vt 0.152344 0.313141
vt 0.501770 0.466919
vt 0.435150 0.462158
vt 0.425781 0.588470
vt 0.386719 0.588470
vt 0.099426 0.378571
vt 0.121094 0.396179
vt 0.160156 0.396179
vt 0.191406 0.313141
vt 0.230469 0.322388
vt 0.285156 0.588470
vt 0.300781 0.454620
vt 0.347656 0.588470
vt 0.347656 0.450226
vt 0.386719 0.454620
vt 0.352844 0.399200
vt 0.297760 0.312103
vt 0.302856 0.400146
vt 0.237732 0.404907
vt 0.210938 0.439240
vt 0.121094 0.313141
vt 0.105469 0.319305
vt 0.050781 0.325439
vt 0.013031 0.343903
vt 0.599609 0.011841
vt 0.550781 0.011841
vt 0.496094 0.011841
vt 0.437836 0.085144
vt 0.013031 0.596283
vt 0.083435 0.600525
vt 0.152344 0.479218
vt 0.307526 0.085144
vt 0.013031 0.473053
vt 0.402344 0.710999
vt 0.013031 0.710999
vt 0.113281 0.710999
vt 0.167969 0.710999
vt 0.472656 0.710999
vt 0.542969 0.710999
vt 0.599609 0.710999
vt 0.347656 0.710999
vt 0.269531 0.710999
vt 0.214844 0.710999
vt 0.263153 0.085144
vt 0.261719 0.011841
vt 0.308594 0.011841
vt 0.113281 0.011841
vt 0.587311 0.903992
vt 0.693604 0.903992
vt 0.617401 0.985718
vt 0.838867 0.722717
vt 0.839020 0.800140
vt 0.762695 0.800873
vt 0.694397 0.800323
vt 0.721893 0.722717
vt 0.226349 0.800934
vt 0.263397 0.722717
vt 0.325745 0.800934
vt 0.839233 0.985718
vt 0.763611 0.903992
vt 0.838745 0.903992
vt 0.226318 0.903992
vt 0.358612 0.903992
vt 0.328613 0.985718
vt 0.734100 0.985718
vt 0.587372 0.800903
vt 0.485992 0.800537
vt 0.482819 0.722717
vt 0.501587 0.985718
vt 0.485901 0.903992
vt 0.013306 0.800934
vt 0.045319 0.800934
vt 0.013885 0.903992
vt 0.105621 0.903992
vt 0.012604 0.985718
vt 0.166229 0.985718
vt 0.617554 0.722717
vt 0.143036 0.800934
vt 0.152466 0.722717
vt 0.199219 0.011841
vt 0.152344 0.011841
vt 0.400360 0.800934
vt 0.414795 0.985718
vt 0.167816 0.903992
vt 0.073669 0.800934
vt 0.073273 0.722717
vt 0.013031 0.722717
vt 0.354492 0.722717
vt 0.707031 0.472656
vt 0.621094 0.441406
vt 0.613281 0.472656
vt 0.683594 0.238281
vt 0.683594 0.332031
vt 0.660156 0.332031
vt 0.655121 0.090393
vt 0.613281 0.097656
vt 0.894531 0.308594
vt 0.917969 0.308594
vt 0.917969 0.371094
vt 0.722656 0.394531
vt 0.707031 0.394531
vt 0.722656 0.316406
vt 0.707031 0.316406
vt 0.707031 0.183594
vt 0.785156 0.199219
vt 0.789062 0.304688
vt 0.662933 0.189728
vt 0.894531 0.386719
vt 0.960938 0.281250
vt 0.937500 0.273438
vt 0.933594 0.160156
vt 0.699219 0.441406
vt 0.738281 0.480469
vt 0.738281 0.441406
vt 0.643402 0.237152
vt 0.628906 0.332031
vt 0.613281 0.332031
vt 0.675781 0.480469
vt 0.613281 0.480469
vt 0.613281 0.535156
vt 0.699219 0.230469
vt 0.707031 0.230469
vt 0.894531 0.417969
vt 0.808594 0.433594
vt 0.921875 0.171875
vt 0.925781 0.121094
vt 0.964844 0.167969
vt 0.738281 0.605469
vt 0.777344 0.605469
vt 0.822540 0.517853
vt 0.816406 0.613281
vt 0.613281 0.207031
vt 0.613281 0.238281
vt 0.871094 0.441406
vt 0.675781 0.605469
vt 0.613281 0.605469
vt 0.792969 0.402344
vt 0.660156 0.363281
vt 0.628906 0.363281
vt 0.894531 0.667969
vt 0.824219 0.636719
vt 0.816406 0.667969
vt 0.707031 0.636719
vt 0.683594 0.667969
vt 0.699219 0.613281
vt 0.917969 0.230469
vt 0.894531 0.199219
vt 0.896179 0.126099
vt 0.986328 0.105469
vt 0.986328 0.167969
vt 0.982422 0.273438
vt 0.730469 0.425781
vt 0.644531 0.238281
s 1
usemtl f_body009.png
f 1/1/1 2/2/2 3/3/3
f 4/4/4 5/5/5 6/6/6
f 6/6/6 5/5/5 7/7/7
f 6/6/6 7/7/7 8/8/8
f 8/8/8 7/7/7 9/9/9
f 8/8/8 9/9/9 10/10/10
f 10/10/10 9/9/9 11/11/11
f 10/10/10 11/11/11 12/3/3
f 12/3/3 11/11/11 13/12/12
f 12/3/3 13/12/12 14/1/1
f 15/13/5 16/14/4 17/15/13
f 17/15/13 16/14/4 18/16/14
f 17/15/13 18/16/14 19/17/15
f 19/17/15 18/16/14 20/18/2
f 19/17/15 20/18/2 21/19/1
f 22/20/16 23/21/17 24/22/18
f 25/23/19 26/24/20 27/25/21
f 28/26/22 29/27/23 30/28/24
f 31/29/25 32/30/26 33/31/27
f 34/32/28 35/33/29 32/30/30
f 36/34/31 37/35/32 29/27/23
f 23/21/17 22/20/16 38/36/33
f 38/36/33 22/20/16 39/37/34
f 38/36/33 39/37/34 40/38/35
f 41/39/36 42/40/37 43/41/38
f 43/41/38 42/40/37 44/42/39
f 45/24/40 46/23/41 47/43/42
f 48/29/25 49/44/43 50/45/44
f 50/45/44 49/44/43 51/46/45
f 50/45/44 51/46/45 52/47/46
f 53/41/47 54/42/48 55/48/49
f 56/49/50 57/50/51 58/51/52
f 59/52/53 60/53/54 61/54/55
f 29/27/23 28/26/22 62/55/56
f 62/55/56 28/26/22 63/56/57
f 62/55/56 63/56/57 64/57/58
f 54/42/59 65/52/60 66/48/61
f 66/48/61 65/52/60 61/54/55
f 66/48/61 61/54/55 67/58/62
f 32/30/26 31/29/25 68/32/63
f 68/32/63 31/29/25 69/45/64
f 68/32/63 69/45/64 70/59/65
f 70/59/65 69/45/64 52/47/46
f 70/59/65 52/47/46 71/60/66
f 71/60/66 52/47/46 72/61/67
f 71/60/66 72/61/67 73/62/68
f 64/57/58 74/63/69 62/55/56
f 62/55/56 74/63/69 75/64/70
f 62/55/56 75/64/70 29/27/23
f 29/27/23 75/64/70 76/65/71
f 29/27/23 76/65/71 36/34/31
f 36/34/31 76/65/71 77/66/72
f 36/34/31 77/66/72 37/35/32
f 37/35/32 77/66/72 78/67/73
f 79/68/74 80/69/75 81/70/76
f 81/70/76 80/69/75 82/71/77
f 81/70/76 82/71/77 83/62/78
f 83/62/78 82/71/77 84/72/79
f 83/62/78 84/72/79 85/60/80
f 86/38/35 87/73/81 88/74/82
f 88/74/82 87/73/81 89/75/83
f 88/74/82 89/75/83 90/76/84
f 90/76/84 89/75/83 91/49/50
f 90/76/84 91/49/50 92/77/85
f 67/58/62 93/78/86 55/48/49
f 55/48/49 93/78/86 94/79/87
f 55/48/49 94/79/87 53/41/47
f 53/41/47 94/79/87 95/80/88
f 53/41/47 95/80/88 96/81/25
f 97/82/89 98/31/90 99/83/91
f 99/83/91 98/31/90 100/30/92
f 99/83/91 100/30/92 101/84/93
f 101/84/93 100/30/92 102/33/94
f 101/84/93 102/33/94 27/25/21
f 27/25/21 102/33/94 103/85/95
f 27/25/21 103/85/95 104/23/96
f 105/86/97 106/56/98 107/87/99
f 107/87/99 106/56/98 108/26/22
f 107/87/99 108/26/22 109/51/100
f 109/51/100 108/26/22 110/88/24
f 109/51/100 110/88/24 91/49/50
f 91/49/50 110/88/24 111/27/101
f 91/49/50 111/27/101 92/77/85
f 92/77/85 111/27/101 112/35/32
f 92/77/85 112/35/32 90/76/84
f 90/76/84 112/35/32 113/67/73
f 90/76/84 113/67/73 114/74/102
f 114/74/102 113/67/73 115/89/103
f 114/74/102 115/89/103 116/38/104
f 117/86/97 118/90/105 119/56/57
f 119/56/57 118/90/105 120/81/106
f 119/56/57 120/81/106 121/57/107
f 121/57/107 120/81/106 122/80/108
f 121/57/107 122/80/108 123/63/109
f 123/63/109 122/80/108 124/79/87
f 123/63/109 124/79/87 125/64/70
f 125/64/70 124/79/87 126/78/86
f 125/64/70 126/78/86 127/65/110
f 127/65/110 126/78/86 128/58/111
f 127/65/110 128/58/111 129/66/72
f 129/66/72 128/58/111 130/54/55
f 129/66/72 130/54/55 131/67/73
f 131/67/73 130/54/55 132/53/112
f 131/67/73 132/53/112 133/89/103
f 134/89/103 135/23/113 40/38/35
f 40/38/35 135/23/113 136/85/114
f 40/38/35 136/85/114 38/36/33
f 38/36/33 136/85/114 35/33/29
f 38/36/33 35/33/29 23/21/17
f 23/21/17 35/33/29 34/32/28
f 23/21/17 34/32/28 24/22/18
f 24/22/18 34/32/28 137/59/115
f 24/22/18 137/59/115 22/20/16
f 22/20/16 137/59/115 138/60/66
f 22/20/16 138/60/66 39/37/34
f 39/37/34 138/60/66 139/72/116
f 39/37/34 139/72/116 140/73/117
f 140/73/117 139/72/116 141/71/77
f 140/73/117 141/71/77 142/75/83
f 142/75/83 141/71/77 143/69/118
f 142/75/83 143/69/118 144/49/119
f 144/49/119 143/69/118 145/68/120
f 144/49/119 145/68/120 146/50/121
f 147/91/122 148/62/123 149/61/124
f 150/73/81 151/38/104 152/37/34
f 153/92/13 154/86/97 155/93/125
f 154/86/97 156/87/126 155/93/125
f 155/93/125 156/87/126 157/51/100
f 155/93/125 157/51/100 158/94/127
f 147/91/122 149/61/124 159/95/128
f 159/95/128 149/61/124 160/47/46
f 159/95/128 160/47/46 161/96/129
f 161/96/129 160/47/46 162/46/97
f 161/96/129 162/46/97 163/97/13
f 148/62/123 147/91/122 164/70/76
f 164/70/76 147/91/122 165/98/130
f 164/70/76 165/98/130 166/68/120
f 166/68/120 165/98/130 167/99/131
f 166/68/120 167/99/131 168/50/132
f 168/50/132 167/99/131 169/100/127
f 168/50/132 169/100/127 157/51/52
f 170/3/133 171/2/134 172/1/135
f 173/1/135 174/12/136 175/3/133
f 175/3/133 174/12/136 176/11/137
f 175/3/133 176/11/137 177/10/138
f 177/10/138 176/11/137 178/9/139
f 177/10/138 178/9/139 179/8/140
f 179/8/140 178/9/139 180/7/141
f 179/8/140 180/7/141 181/6/142
f 181/6/142 180/7/141 182/5/143
f 181/6/142 182/5/143 183/4/144
f 184/19/135 185/18/134 186/17/145
f 186/17/145 185/18/134 187/16/146
f 186/17/145 187/16/146 188/15/13
f 188/15/13 187/16/146 189/14/144
f 188/15/13 189/14/144 190/13/143
f 191/89/147 192/74/148 193/38/149
f 194/51/150 195/50/151 196/49/152
f 192/74/148 197/67/73 198/76/153
f 199/81/154 200/90/155 201/56/156
f 202/47/157 203/46/158 204/45/159
f 204/45/159 203/46/158 205/44/160
f 204/45/159 205/44/160 206/29/154
f 207/20/16 208/22/18 209/21/161
f 210/30/162 211/33/163 212/32/164
f 213/65/165 214/78/86 215/64/166
f 215/64/166 214/78/86 216/79/167
f 215/64/166 216/79/167 217/63/168
f 217/63/168 216/79/167 218/80/169
f 209/21/161 219/36/170 220/20/171
f 220/20/171 219/36/170 221/38/172
f 220/20/171 221/38/172 222/37/173
f 223/39/89 224/41/174 225/40/175
f 225/40/175 224/41/174 226/42/176
f 227/43/177 228/23/41 229/24/178
f 229/24/178 228/23/41 230/25/179
f 231/60/180 232/72/181 233/62/182
f 233/62/182 232/72/181 234/71/183
f 233/62/182 234/71/183 235/70/184
f 235/70/184 234/71/183 236/69/185
f 235/70/184 236/69/185 237/68/186
f 200/90/155 238/86/187 239/56/188
f 239/56/188 238/86/187 240/87/189
f 239/56/188 240/87/189 241/26/190
f 241/26/190 240/87/189 242/51/191
f 241/26/190 242/51/191 243/88/192
f 243/88/192 242/51/191 244/49/193
f 243/88/192 244/49/193 245/27/194
f 246/62/195 247/61/196 248/60/197
f 248/60/197 247/61/196 249/47/157
f 248/60/197 249/47/157 250/59/198
f 250/59/198 249/47/157 251/45/199
f 250/59/198 251/45/199 252/32/164
f 252/32/164 251/45/199 206/29/154
f 252/32/164 206/29/154 253/30/200
f 253/30/200 206/29/154 254/31/201
f 255/34/202 213/65/165 245/27/194
f 245/27/194 213/65/165 215/64/166
f 245/27/194 215/64/166 256/55/56
f 256/55/56 215/64/166 217/63/168
f 256/55/56 217/63/168 257/57/203
f 257/57/203 217/63/168 218/80/169
f 258/74/204 191/89/147 259/67/73
f 259/67/73 191/89/147 260/53/205
f 259/67/73 260/53/205 261/54/206
f 261/54/206 260/53/205 262/52/207
f 261/54/206 262/52/207 263/48/208
f 263/48/208 262/52/207 264/42/209
f 263/48/208 264/42/209 265/41/210
f 266/23/96 267/85/211 230/25/179
f 230/25/179 267/85/211 268/33/212
f 230/25/179 268/33/212 269/84/213
f 269/84/213 268/33/212 270/30/214
f 269/84/213 270/30/214 271/83/215
f 271/83/215 270/30/214 272/31/174
f 271/83/215 272/31/174 273/82/89
f 274/77/216 198/76/153 275/35/217
f 275/35/217 198/76/153 197/67/73
f 275/35/217 197/67/73 276/66/218
f 276/66/218 197/67/73 277/54/219
f 276/66/218 277/54/219 278/58/220
f 278/58/220 277/54/219 279/48/208
f 280/50/221 281/68/222 282/49/223
f 282/49/223 281/68/222 283/69/224
f 282/49/223 283/69/224 284/75/225
f 284/75/225 283/69/224 285/71/226
f 284/75/225 285/71/226 286/73/227
f 286/73/227 285/71/226 287/72/228
f 286/73/227 287/72/228 288/37/34
f 288/37/34 287/72/228 289/60/197
f 288/37/34 289/60/197 290/20/16
f 290/20/16 289/60/197 250/59/198
f 290/20/16 250/59/198 291/22/229
f 291/22/229 250/59/198 252/32/164
f 291/22/229 252/32/164 292/21/230
f 292/21/230 252/32/164 293/33/231
f 292/21/230 293/33/231 294/36/232
f 294/36/232 293/33/231 295/85/233
f 294/36/232 295/85/233 296/38/149
f 296/38/149 295/85/233 297/23/234
f 296/38/149 297/23/234 298/89/147
f 299/28/192 245/27/194 300/26/190
f 300/26/190 245/27/194 256/55/56
f 300/26/190 256/55/56 201/56/156
f 201/56/156 256/55/56 257/57/203
f 201/56/156 257/57/203 199/81/154
f 199/81/154 257/57/203 218/80/169
f 199/81/154 218/80/169 265/41/210
f 265/41/210 218/80/169 216/79/167
f 265/41/210 216/79/167 279/48/208
f 279/48/208 216/79/167 214/78/86
f 279/48/208 214/78/86 278/58/220
f 278/58/220 214/78/86 213/65/165
f 278/58/220 213/65/165 276/66/218
f 276/66/218 213/65/165 255/34/202
f 276/66/218 255/34/202 275/35/217
f 275/35/217 255/34/202 245/27/194
f 275/35/217 245/27/194 274/77/216
f 274/77/216 245/27/194 244/49/193
f 274/77/216 244/49/193 198/76/153
f 198/76/153 244/49/193 301/75/225
f 198/76/153 301/75/225 192/74/148
f 192/74/148 301/75/225 302/73/235
f 192/74/148 302/73/235 193/38/149
f 303/51/236 304/93/237 305/94/238
f 306/37/173 307/38/239 308/73/235
f 303/51/236 309/87/240 304/93/237
f 304/93/237 309/87/240 310/86/187
f 304/93/237 310/86/187 311/92/13
f 312/97/13 313/46/187 314/96/241
f 314/96/241 313/46/187 315/47/157
f 314/96/241 315/47/157 316/95/242
f 316/95/242 315/47/157 317/61/243
f 316/95/242 317/61/243 318/91/244
f 317/61/243 319/62/245 318/91/244
f 318/91/244 319/62/245 320/70/184
f 318/91/244 320/70/184 321/98/130
f 321/98/130 320/70/184 322/68/222
f 321/98/130 322/68/222 323/99/246
f 323/99/246 322/68/222 324/50/247
f 323/99/246 324/50/247 325/100/238
f 325/100/238 324/50/247 303/51/150
f 326/101/248 327/102/249 328/103/250
f 329/104/251 330/42/252 331/40/37
f 332/105/253 333/106/254 334/107/255
f 335/24/256 336/43/257 328/103/250
f 328/103/250 336/43/257 326/101/248
f 337/108/258 338/109/259 339/110/260
f 339/110/260 340/111/261 341/112/258
f 342/113/262 343/114/258 344/115/263
f 345/116/255 346/117/264 347/118/265
f 348/119/266 349/120/267 350/121/255
f 351/122/255 333/106/254 346/117/264
f 352/123/268 353/124/269 354/125/258
f 355/126/255 356/127/270 332/105/253
f 357/128/259 358/129/271 359/130/272
f 359/130/272 358/129/271 360/131/273
f 359/130/272 360/131/273 361/132/255
f 362/133/255 360/131/273 363/119/266
f 340/111/261 352/123/268 364/134/258
f 365/135/274 366/136/258 342/113/262
f 327/102/249 326/101/248 367/137/275
f 367/137/275 326/101/248 368/53/276
f 367/137/275 368/53/276 369/52/277
f 330/42/252 329/104/251 369/52/277
f 369/52/277 329/104/251 370/138/278
f 369/52/277 370/138/278 367/137/275
f 371/139/279 356/127/270 349/120/280
f 349/120/280 356/127/270 372/140/255
f 342/113/262 373/141/281 365/135/274
f 365/135/274 373/141/281 374/142/282
f 365/135/274 374/142/282 375/143/258
f 338/109/259 347/118/265 339/110/260
f 339/110/260 347/118/265 346/117/264
f 339/110/260 346/117/264 340/111/261
f 340/111/261 346/117/264 333/106/254
f 340/111/261 333/106/254 352/123/268
f 333/106/254 332/105/253 352/123/268
f 352/123/268 332/105/253 356/127/270
f 352/123/268 356/127/270 353/124/269
f 353/124/269 356/127/270 371/139/279
f 353/124/269 371/139/279 354/125/258
f 357/128/259 376/144/258 358/129/271
f 358/129/271 376/144/258 374/142/282
f 358/129/271 374/142/282 360/131/273
f 360/131/273 374/142/282 373/141/281
f 360/131/273 373/141/281 363/119/266
f 363/119/266 373/141/281 342/113/262
f 363/119/266 342/113/262 349/120/280
f 349/120/280 342/113/262 344/115/263
f 349/120/280 344/115/263 371/139/279
f 371/139/279 344/115/263 377/145/258
f 378/146/283 379/147/284 380/148/285
f 381/149/286 382/150/285 383/151/287
f 384/152/288 385/153/289 386/4/290
f 387/154/291 388/155/292 389/156/293
f 390/157/294 391/158/295 392/159/296
f 392/159/296 391/158/295 393/160/297
f 394/161/298 395/162/299 396/163/300
f 397/8/8 398/164/301 399/6/302
f 399/6/302 398/164/301 384/152/288
f 399/6/302 384/152/288 386/4/290
f 389/156/293 400/165/303 387/154/291
f 401/166/304 402/167/305 403/168/306
f 379/147/284 378/146/283 404/169/307
f 404/169/307 378/146/283 405/170/308
f 404/169/307 405/170/308 406/171/309
f 407/172/310 408/173/311 409/174/284
f 410/175/312 411/176/295 412/177/313
f 382/150/285 381/149/286 413/178/314
f 413/178/314 381/149/286 414/161/315
f 413/178/314 414/161/315 415/179/316
f 400/165/303 416/180/317 417/181/318
f 418/182/319 419/183/320 403/168/306
f 403/168/306 419/183/320 420/184/321
f 403/168/306 420/184/321 401/166/304
f 421/185/322 422/186/323 423/187/324
f 423/187/324 422/186/323 424/188/325
f 385/153/289 384/152/288 425/189/309
f 425/189/309 384/152/288 398/164/301
f 425/189/309 398/164/301 426/190/326
f 427/191/327 406/171/309 423/187/324
f 423/187/324 406/171/309 405/170/308
f 423/187/324 405/170/308 421/185/322
f 421/185/322 405/170/308 410/175/312
f 421/185/322 410/175/312 428/192/292
f 428/192/292 410/175/312 412/177/313
f 428/192/292 412/177/313 429/193/328
f 430/194/329 390/157/294 396/163/300
f 396/163/300 390/157/294 392/159/296
f 396/163/300 392/159/296 394/161/298
f 394/161/298 392/159/296 393/160/297
f 394/161/298 393/160/297 415/179/308
f 431/195/285 432/196/330 383/151/287
f 383/151/287 432/196/330 408/173/311
f 383/151/287 408/173/311 381/149/286
f 381/149/286 408/173/311 407/172/310
f 381/149/286 407/172/310 394/161/298
f 433/18/2 434/16/331 435/197/332
f 435/197/332 434/16/331 436/198/333
f 435/197/332 436/198/333 437/199/334
f 437/199/334 436/198/333 438/200/335
f 437/199/334 438/200/335 439/201/336
f 440/14/337 427/191/327 434/16/331
f 434/16/331 427/191/327 423/187/324
f 434/16/331 423/187/324 436/198/333
f 436/198/333 423/187/324 424/188/325
f 436/198/333 424/188/325 438/200/335
f 438/200/335 424/188/325 441/202/338
f 438/200/335 441/202/338 439/201/336
f 388/155/292 387/154/291 442/203/339
f 442/203/339 387/154/291 443/204/340
f 442/203/339 443/204/340 418/182/319
f 418/182/319 443/204/340 444/205/341
f 418/182/319 444/205/341 419/183/320
f 419/183/320 445/206/342 420/184/321
f 420/184/321 445/206/342 446/207/343
f 420/184/321 446/207/343 401/166/304
f 401/166/304 446/207/343 447/208/344
f 401/166/304 447/208/344 402/167/305
f 448/10/345 395/162/299 397/8/8
f 397/8/8 395/162/299 394/161/298
f 397/8/8 394/161/298 398/164/301
f 398/164/301 394/161/298 407/172/310
f 398/164/301 407/172/310 426/190/326
f 426/190/326 407/172/310 409/174/284
f 449/209/346 390/157/294 417/181/318
f 417/181/318 390/157/294 430/194/329
f 417/181/318 430/194/329 400/165/303
f 400/165/303 430/194/329 396/163/300
f 400/165/303 396/163/300 387/154/291
f 387/154/291 396/163/300 395/162/299
f 387/154/291 395/162/299 443/204/340
f 443/204/340 395/162/299 448/10/345
f 443/204/340 448/10/345 444/205/341
f 444/205/341 448/10/345 450/3/347
f 444/205/341 450/3/347 419/183/320
f 419/183/320 450/3/347 451/2/348
f 419/183/320 451/2/348 445/206/342
f 452/189/349 453/152/350 454/153/351
f 455/188/352 456/200/353 457/202/354
f 456/200/353 458/201/355 457/202/354
f 459/162/356 460/10/357 461/8/140
f 453/152/350 452/189/349 462/164/358
f 463/151/359 464/173/360 465/195/361
f 465/195/361 464/173/360 466/196/362
f 467/181/363 468/180/364 469/165/365
f 470/177/366 471/176/367 472/175/368
f 473/148/361 474/147/362 475/146/369
f 475/146/369 474/147/362 476/169/370
f 475/146/369 476/169/370 477/170/371
f 477/170/371 476/169/370 478/171/349
f 455/188/352 479/186/372 480/187/373
f 480/187/373 479/186/372 481/185/374
f 452/189/349 482/190/375 462/164/358
f 462/164/358 482/190/375 483/210/376
f 462/164/358 483/210/376 484/161/377
f 484/161/377 483/210/376 485/149/378
f 486/179/379 487/161/380 488/178/381
f 488/178/381 487/161/380 485/149/378
f 488/178/381 485/149/378 489/150/382
f 490/206/383 491/184/384 492/207/385
f 492/207/385 491/184/384 493/166/386
f 492/207/385 493/166/386 494/208/387
f 495/157/388 496/159/389 497/158/390
f 497/158/390 496/159/389 498/160/368
f 499/182/391 500/168/352 501/183/392
f 502/154/393 469/165/365 503/156/364
f 501/183/392 504/205/394 499/182/391
f 499/182/391 504/205/394 505/204/395
f 499/182/391 505/204/395 506/203/396
f 506/203/396 505/204/395 502/154/393
f 506/203/396 502/154/393 507/155/397
f 507/155/397 502/154/393 503/156/364
f 482/190/375 508/174/362 483/210/376
f 483/210/376 508/174/362 464/173/360
f 483/210/376 464/173/360 485/149/378
f 485/149/378 464/173/360 463/151/359
f 485/149/378 463/151/359 489/150/382
f 486/179/371 498/160/368 484/161/377
f 484/161/377 498/160/368 496/159/389
f 484/161/377 496/159/389 509/163/398
f 509/163/398 496/159/389 495/157/388
f 509/163/398 495/157/388 510/194/399
f 456/200/353 455/188/352 511/198/400
f 511/198/400 455/188/352 480/187/373
f 511/198/400 480/187/373 512/16/401
f 512/16/401 480/187/373 513/191/351
f 512/16/401 513/191/351 514/14/144
f 515/193/402 470/177/366 516/192/397
f 516/192/397 470/177/366 472/175/368
f 516/192/397 472/175/368 481/185/374
f 481/185/374 472/175/368 477/170/371
f 481/185/374 477/170/371 480/187/373
f 480/187/373 477/170/371 478/171/349
f 480/187/373 478/171/349 513/191/351
f 509/163/398 459/162/356 484/161/377
f 484/161/377 459/162/356 461/8/140
f 484/161/377 461/8/140 462/164/358
f 462/164/358 461/8/140 517/6/403
f 462/164/358 517/6/403 453/152/350
f 453/152/350 517/6/403 518/4/404
f 453/152/350 518/4/404 454/153/351
f 458/201/355 456/200/353 519/199/385
f 519/199/385 456/200/353 511/198/400
f 519/199/385 511/198/400 520/197/405
f 520/197/405 511/198/400 512/16/401
f 520/197/405 512/16/401 521/18/406
f 490/206/383 501/183/392 491/184/384
f 491/184/384 501/183/392 500/168/352
f 491/184/384 500/168/352 493/166/386
f 493/166/386 500/168/352 522/167/407
f 493/166/386 522/167/407 494/208/387
f 490/206/383 523/2/134 501/183/392
f 501/183/392 523/2/134 524/3/408
f 501/183/392 524/3/408 504/205/394
f 504/205/394 524/3/408 460/10/357
f 504/205/394 460/10/357 505/204/395
f 505/204/395 460/10/357 459/162/356
f 505/204/395 459/162/356 502/154/393
f 502/154/393 459/162/356 509/163/398
f 502/154/393 509/163/398 469/165/365
f 469/165/365 509/163/398 510/194/399
f 469/165/365 510/194/399 467/181/363
f 467/181/363 510/194/399 495/157/388
f 467/181/363 495/157/388 525/209/409
f 526/53/410 527/137/411 528/52/412
f 529/129/413 530/144/414 531/128/415
f 532/103/416 533/43/417 534/24/418
f 535/110/419 536/118/420 537/109/415
f 538/124/421 539/127/422 540/123/423
f 527/137/411 526/53/410 541/101/424
f 542/40/425 543/42/426 544/104/427
f 544/104/427 543/42/426 528/52/412
f 544/104/427 528/52/412 545/138/428
f 545/138/428 528/52/412 527/137/411
f 546/142/429 547/135/430 548/143/414
f 530/144/414 529/129/413 546/142/429
f 535/110/419 537/109/415 549/108/414
f 550/112/414 551/111/431 535/110/419
f 552/115/432 553/114/414 554/113/433
f 536/118/420 555/117/434 556/116/435
f 557/132/435 558/131/436 559/130/437
f 560/121/435 561/120/438 562/119/439
f 555/117/434 563/106/440 564/122/435
f 565/107/435 563/106/440 566/105/441
f 567/134/414 540/123/423 551/111/431
f 533/43/417 532/103/416 541/101/424
f 541/101/424 532/103/416 568/102/442
f 541/101/424 568/102/442 527/137/411
f 540/123/423 569/125/414 538/124/421
f 538/124/421 569/125/414 570/139/443
f 538/124/421 570/139/443 539/127/422
f 539/127/422 570/139/443 561/120/438
f 539/127/422 561/120/438 571/140/435
f 558/131/436 572/133/435 573/141/444
f 573/141/444 572/133/435 562/119/439
f 573/141/444 562/119/439 554/113/433
f 554/113/433 562/119/439 561/120/438
f 554/113/433 561/120/438 552/115/432
f 552/115/432 561/120/438 570/139/443
f 552/115/432 570/139/443 574/145/414
f 531/128/415 559/130/437 529/129/413
f 529/129/413 559/130/437 558/131/436
f 529/129/413 558/131/436 546/142/429
f 546/142/429 558/131/436 573/141/444
f 546/142/429 573/141/444 547/135/430
f 547/135/430 573/141/444 554/113/433
f 547/135/430 554/113/433 575/136/414
f 536/118/420 535/110/419 555/117/434
f 555/117/434 535/110/419 551/111/431
f 555/117/434 551/111/431 563/106/440
f 563/106/440 551/111/431 540/123/423
f 563/106/440 540/123/423 566/105/441
f 566/105/441 540/123/423 539/127/422
f 566/105/441 539/127/422 576/126/435
o editpl_f-0000-16
v 16.118483 7.812374 -0.356745
v 15.819551 19.092995 -3.187361
v 14.488910 19.182829 3.594113
v 14.859267 26.501114 -9.388709
v 15.597336 24.861637 -3.132905
v 15.819551 19.092995 -3.187361
v 13.809039 26.597364 3.376287
v 14.488910 19.182829 3.594113
v 14.814295 21.768772 6.421393
v 14.438647 19.564625 7.027081
v 13.809039 26.597364 3.376287
v 14.068290 23.565458 9.413156
v 13.642379 19.378538 9.972165
v 13.105360 16.481382 8.416272
v 14.446583 7.770667 6.332487
v 16.118483 7.812374 -0.356745
v 0.000000 36.864140 -12.282672
v 0.000000 41.458523 -9.434275
v 6.259040 36.873764 -11.639199
v 5.637368 41.336605 -7.841707
v 9.698072 36.989265 -10.771233
v -12.211212 40.232925 -5.994639
v -7.862158 40.990101 -4.009763
v -5.637368 41.336605 -7.841707
v -15.819551 19.092995 -3.187361
v -15.301051 7.959959 -4.456524
v -16.118483 7.812374 -0.356745
v 12.864628 32.224842 -10.223336
v 14.859267 26.501114 -9.388709
v 6.909810 29.619646 -12.232660
v -12.301156 37.746441 -8.718564
v -9.698072 36.989265 -10.771233
v -12.864628 32.224842 -10.223336
v -6.909810 29.619646 -12.232660
v -14.859267 26.501114 -9.388709
v -5.637368 41.336605 -7.841707
v 0.000000 41.458523 -9.434275
v -6.259040 36.873764 -11.639199
v 0.000000 36.864140 -12.282672
v 0.000000 31.717916 -12.909475
v 6.259040 36.873764 -11.639199
v 6.909810 29.619646 -12.232660
v 9.698072 36.989265 -10.771233
v 12.864628 32.224842 -10.223336
v 12.301156 37.746441 -8.718564
v -15.301051 7.959959 -4.456524
v -15.819551 19.092995 -3.187361
v -12.581569 8.498964 -8.604093
v -14.859267 26.501114 -9.388709
v -7.875385 9.352390 -11.362470
v -6.909810 29.619646 -12.232660
v 0.000000 9.849687 -11.814791
v 16.118483 7.812374 -0.356745
v 15.301051 7.959959 -4.456524
v 15.819551 19.092995 -3.187361
v 12.581569 8.498964 -8.604093
v 14.859267 26.501114 -9.388709
v 7.875385 9.352390 -11.362470
v 0.000000 9.849687 -11.814791
v 0.000000 31.717916 -12.909475
v -6.909810 29.619646 -12.232660
v -6.259040 36.873764 -11.639199
v -9.698072 36.989265 -10.771233
v -5.637368 41.336605 -7.841707
v -12.301156 37.746441 -8.718564
v -12.211212 40.232925 -5.994639
v -7.862158 40.990101 -4.009763
v -11.795882 40.216885 -2.150470
v -6.700823 39.742046 2.057111
v -10.936124 39.276833 0.937979
v -10.076366 36.334759 4.026428
v -6.700823 39.742046 2.057111
v -10.076366 36.334759 4.026428
v -5.063314 37.534691 4.735471
v 5.018342 43.588879 -7.277140
v 0.000000 43.877632 -9.095313
v 0.000000 46.854996 -9.208672
v 0.000000 46.854996 -9.208672
v 5.727312 46.482826 -7.291588
v 7.706079 45.440105 -3.042886
v 7.139961 42.783577 -3.281827
v 6.505063 41.349438 2.409409
v -7.139961 42.783577 -3.281827
v -6.505063 41.349438 2.409409
v -6.862193 43.726837 3.206249
v 0.000000 41.458523 -9.434275
v -5.637368 41.336605 -7.841707
v -5.018342 43.588879 -7.277140
v -7.862158 40.990101 -4.009763
v -7.139961 42.783577 -3.281827
v -6.700823 39.742046 2.057111
v -6.505063 41.349438 2.409409
v -5.727312 46.482826 -7.291588
v -5.018342 43.588879 -7.277140
v 0.000000 41.458523 -9.434275
v 5.018342 43.588879 -7.277140
v 5.637368 41.336605 -7.841707
v 7.139961 42.783577 -3.281827
v 7.862158 40.990101 -4.009763
v 6.505063 41.349438 2.409409
v 6.700823 39.742046 2.057111
v 1.013192 37.261978 3.125121
v 0.000000 37.002102 3.298492
v 0.000000 35.972214 3.893065
v 10.253609 38.760284 -7.921724
v 4.044832 41.942986 -6.849269
v 9.340942 39.389126 -4.030879
v 4.044832 41.942986 -6.849269
v 5.356955 40.682098 -2.380520
v 9.340942 39.389126 -4.030879
v 3.809390 39.270416 1.633685
v 9.338297 37.900444 0.430090
v 1.013192 37.261978 3.125121
v 9.438822 36.299465 2.699473
v 0.000000 35.972214 3.893065
v -6.862193 43.726837 3.206249
v -7.706079 45.440105 -3.042886
v -7.139961 42.783577 -3.281827
v -5.727312 46.482826 -7.291588
v -5.018342 43.588879 -7.277140
v 7.364821 17.710188 10.987942
v 0.000000 17.142305 12.343793
v 5.423090 15.708167 11.799230
v 0.000000 18.964659 11.792562
v 0.000000 21.467186 13.508489
v -7.364821 17.710188 10.987942
v 0.000000 17.142305 12.343793
v 0.000000 18.964659 11.792562
v 7.364821 17.710188 10.987942
v 0.000000 21.467186 13.508489
v 7.944166 20.700386 12.521608
v 7.068535 25.208143 12.710538
v 0.724842 27.110703 10.255560
v 0.000000 28.641094 7.783912
v 0.000000 27.030495 10.006618
v -0.724842 27.110703 10.255560
v -7.068535 25.208143 12.710538
v 0.000000 27.052954 10.320018
v -0.595217 28.939472 7.740569
v -7.774860 27.665751 9.622089
v -0.724842 27.110703 10.255560
v 0.000000 27.052954 10.320018
v 0.724842 27.110703 10.255560
v 0.000000 27.030495 10.006618
v 7.068535 25.208143 12.710538
v 0.000000 25.217770 12.857236
v 0.000000 21.467186 13.508489
v 0.000000 28.641094 7.783912
v 0.595217 28.939472 7.740569
v 7.774860 27.665751 9.622089
v 8.335686 29.613230 7.173779
v 0.000000 35.972214 3.893065
v -9.438822 36.299465 2.699473
v -8.335686 29.613230 7.173779
v -0.595217 28.939472 7.740569
v 0.000000 31.441999 6.380272
v 0.000000 35.972214 3.893065
v -3.936370 40.531303 7.589424
v -5.063314 37.534691 4.735471
v -3.605694 37.582813 6.027974
v -6.700823 39.742046 2.057111
v -5.063314 37.534691 4.735471
v -6.505063 41.349438 2.409409
v -3.936370 40.531303 7.589424
v -6.862193 43.726837 3.206249
v 7.774860 27.665751 9.622089
v 0.724842 27.110703 10.255560
v 0.000000 27.052954 10.320018
v -7.068535 25.208143 12.710538
v -7.944166 20.700386 12.521608
v -7.364821 17.710188 10.987942
v 0.595217 28.939472 7.740569
v 8.335686 29.613230 7.173779
v 9.438822 36.299465 2.699473
v -3.539558 7.841251 13.855232
v -3.486650 17.257811 14.069723
v -8.838314 7.812375 12.776109
v -9.711300 16.818262 12.787222
v -13.105360 16.481382 8.416272
v -9.904414 19.959255 13.162858
v -13.642379 19.378538 9.972165
v -9.756271 25.166435 12.680532
v -14.068290 23.565458 9.413156
v -12.729712 26.517157 9.021959
v -13.809039 26.597364 3.376287
v -12.597442 29.228226 6.412503
v -13.152978 30.883743 5.605660
v -9.618710 29.995026 8.178442
v -9.700718 33.822609 5.637889
v -3.044867 33.283604 8.865257
v -3.605694 37.582813 6.027974
v -14.488910 19.182829 3.594113
v -15.819551 19.092995 -3.187361
v -16.118483 7.812374 -0.356745
v -14.438647 19.564625 7.027081
v -14.814295 21.768772 6.421393
v -14.488910 19.182829 3.594113
v -13.809039 26.597364 3.376287
v -15.819551 19.092995 -3.187361
v -15.597336 24.861637 -3.132905
v -14.859267 26.501114 -9.388709
v -11.795882 40.216885 -2.150470
v -7.862158 40.990101 -4.009763
v -12.211212 40.232925 -5.994639
v -16.306307 28.801514 -5.029984
v -14.089453 23.972919 -2.434976
v -15.205816 29.266726 -1.881522
v -30.901031 32.828014 -2.459425
v -30.903679 31.948921 -4.996644
v -21.311422 30.979994 -2.319395
v -21.380201 30.755409 -6.334713
v -30.903679 34.528450 -7.333818
v -23.930376 33.983025 -7.033753
v -30.903679 32.747807 -6.593657
v -30.903679 37.229893 -6.593658
v -23.930376 33.983025 -7.033753
v -26.551979 37.156101 -6.523643
v -23.078554 37.294060 -6.994856
v -22.348421 40.768723 -2.015997
v -22.462175 39.950588 0.881300
v -17.454414 39.902466 1.110238
v -22.194988 38.423409 2.889514
v -17.782446 37.855526 3.214029
v -20.435791 35.622501 3.720806
v -13.716450 37.290852 3.055105
v -17.782446 37.855526 3.214029
v -13.816976 39.042622 0.890190
v -17.454414 39.902466 1.110238
v -13.824912 31.981005 3.324054
v -14.330185 29.285976 1.434754
v -11.354099 30.710491 5.002196
v -13.256149 24.492676 1.131355
v -8.335686 29.613230 7.173779
v -9.438822 36.299465 2.699473
v -13.824912 31.981005 3.324054
v -15.205816 29.266726 -1.881522
v -14.089453 23.972919 -2.434976
v -14.330185 29.285976 1.434754
v -13.256149 24.492676 1.131355
v -13.824912 31.981005 3.324054
v -21.189734 31.827003 1.233599
v -14.330185 29.285976 1.434754
v -21.311422 30.979994 -2.319395
v -15.205816 29.266726 -1.881522
v -18.925262 33.543480 -7.979515
v -18.700401 37.223476 -7.812812
v -15.234915 37.027767 -8.032860
v -17.552294 39.681087 -5.325605
v -14.729642 39.158123 -5.602332
v -17.155483 40.508846 -2.040446
v -14.256114 39.767712 -2.062673
v -21.311422 30.979994 -2.319395
v -16.306307 28.801514 -5.029984
v -21.380201 30.755409 -6.334713
v -15.623791 29.796106 -8.153996
v -18.925262 33.543480 -7.979515
v -15.650245 32.718929 -8.846370
v -15.234915 37.027767 -8.032860
v -30.903679 31.948921 -4.996644
v -18.925262 33.543480 -7.979515
v -23.078554 37.294060 -6.994856
v -18.700401 37.223476 -7.812812
v -22.544184 39.963425 -4.776597
v -17.552294 39.681087 -5.325605
v -22.348421 40.768723 -2.015997
v -17.155483 40.508846 -2.040446
v -17.454414 39.902466 1.110238
v -14.256114 39.767712 -2.062673
v -13.816976 39.042622 0.890190
v -14.155588 24.508718 -5.675680
v -15.623791 29.796106 -8.153996
v -13.618570 27.524584 -8.790801
v -12.396391 32.366009 -9.846587
v -10.253609 38.760284 -7.921724
v -14.729642 39.158123 -5.602332
v -9.340942 39.389126 -4.030879
v -9.338297 37.900444 0.430090
v -13.816976 39.042622 0.890190
v -9.438822 36.299465 2.699473
v -13.716450 37.290852 3.055105
v -20.435791 35.622501 3.720806
v -20.956938 33.604439 3.050660
v -15.473002 32.962765 -9.695443
v -18.089312 33.078266 -9.572083
v -15.131744 37.762482 -8.947503
v -17.412088 25.904358 -3.207366
v -13.809039 26.597364 3.376287
v -17.398861 26.465822 1.396968
v -21.189734 31.827003 1.233599
v -13.824912 31.981005 3.324054
v -20.956938 33.604439 3.050660
v -3.605694 37.582813 6.027974
v -5.063314 37.534691 4.735471
v -9.700718 33.822609 5.637889
v -10.076366 36.334759 4.026428
v -13.152978 30.883743 5.605660
v -17.790380 29.670980 -8.863039
v -15.597336 24.861637 -3.132905
v -17.398861 26.295778 -6.331378
v -14.859267 26.501114 -9.388709
v -16.531166 40.094967 2.912852
v -16.845970 37.297272 4.149788
v -14.242887 37.162518 4.447630
v -17.158129 34.499573 5.386724
v -13.152978 30.883743 5.605660
v -17.356533 29.404686 4.358723
v -13.809039 26.597364 3.376287
v -17.398861 26.465822 1.396968
v -17.647530 38.134651 -9.048635
v -15.131744 37.762482 -8.947503
v -16.822161 40.710972 -5.613445
v -14.525945 40.229717 -5.845718
v -16.345987 41.160145 -1.729268
v -14.319603 40.560181 -2.029333
v -16.531166 40.094967 2.912852
v -14.158233 39.835087 1.655912
v -14.242887 37.162518 4.447630
v -10.076366 36.334759 4.026428
v -13.152978 30.883743 5.605660
v -10.936124 39.276833 0.937979
v -14.158233 39.835087 1.655912
v -11.795882 40.216885 -2.150470
v -14.319603 40.560181 -2.029333
v -12.211212 40.232925 -5.994639
v -14.525945 40.229717 -5.845718
v -12.301156 37.746441 -8.718564
v -12.864628 32.224842 -10.223336
v 0.000000 17.142305 12.343793
v -7.364821 17.710188 10.987942
v -5.423090 15.708167 11.799230
v -1.851787 12.891219 -7.886159
v -4.949562 12.955386 -7.563867
v -7.872740 20.264048 -10.807906
v -7.494446 12.207836 -6.743689
v -12.618605 19.340038 -8.249573
v -13.105360 16.481382 8.416272
v -14.446583 7.770667 6.332487
v -8.838314 7.812375 12.776109
v -0.611090 7.802750 10.573408
v -1.211598 14.556363 11.374693
v -2.103101 7.822000 10.740111
v -3.962824 12.942555 11.039065
v -5.325210 8.020919 10.146648
v -7.544709 11.043200 10.024400
v -7.796023 8.335339 9.345363
v -10.399106 9.493560 7.759463
v -7.494446 12.207836 -6.743689
v -9.317133 11.498788 -5.614554
v -11.057813 10.356610 -3.820831
v -14.631762 14.331777 -0.356745
v -13.250858 9.840062 -0.590129
v -13.943955 13.869772 3.306273
v -12.682095 9.233681 3.595225
v -11.245637 13.622728 7.432725
v -7.957393 14.216276 9.879924
v -7.544709 11.043200 10.024400
v -3.962824 12.942555 11.039065
v 0.000000 17.142305 12.343793
v -1.211598 14.556363 11.374693
v 0.000000 14.626947 11.156868
v -0.611090 7.802750 10.573408
v -0.031745 7.770667 10.308906
v -16.118483 7.812374 -0.356745
v -14.446583 7.770667 6.332487
v -14.488910 19.182829 3.594113
v -13.105360 16.481382 8.416272
v -14.438647 19.564625 7.027081
v -13.642379 19.378538 9.972165
v -14.814295 21.768772 6.421393
v -14.068290 23.565458 9.413156
v -13.809039 26.597364 3.376287
v -4.198265 46.556618 1.171363
v -5.838420 50.252659 -1.079127
v -5.002470 44.715015 -1.520333
v -9.438822 36.299465 2.699473
v -1.013192 37.261978 3.125121
v -9.338297 37.900444 0.430090
v -6.343693 38.753868 2.558331
v -3.460196 35.426792 5.453404
v -2.751226 36.716557 4.602108
v -4.973370 41.898067 -6.781477
v -7.743115 40.268219 -3.299609
v -6.481254 40.945183 -2.991764
v -6.343693 38.753868 2.558331
v -4.880781 39.180580 2.552774
v 4.198265 46.556618 1.171363
v 0.000000 43.765339 3.570773
v 0.000000 42.180405 3.330721
v -4.198265 46.556618 1.171363
v -2.409968 41.821068 1.828172
v -5.002470 44.715015 -1.520333
v -3.809390 39.270416 1.633685
v -5.356955 40.682098 -2.380520
v -9.340942 39.389126 -4.030879
v -10.253609 38.760284 -7.921724
v -5.838420 50.252659 -1.079127
v -3.986633 51.112499 -6.033537
v -5.002470 44.715015 -1.520333
v -3.714155 47.740505 -5.573437
v -5.356955 40.682098 -2.380520
v -4.044832 41.942986 -6.849269
v 0.000000 35.972214 3.893065
v -1.013192 37.261978 3.125121
v 0.000000 37.002102 3.298492
v 0.000000 39.373081 2.885068
v 1.013192 37.261978 3.125121
v 2.409968 41.821068 1.828172
v 3.809390 39.270416 1.633685
v 5.002470 44.715015 -1.520333
v 5.356955 40.682098 -2.380520
v 3.714155 47.740505 -5.573437
v 4.044832 41.942986 -6.849269
v -9.340942 39.389126 -4.030879
v -3.809390 39.270416 1.633685
v -2.409968 41.821068 1.828172
v 0.000000 39.373081 2.885068
v 0.000000 42.180405 3.330721
v 2.409968 41.821068 1.828172
v 4.198265 46.556618 1.171363
v 5.002470 44.715015 -1.520333
v 5.838420 50.252659 -1.079127
v 3.986633 51.112499 -6.033537
v -7.068535 25.208143 12.710538
v -0.724842 27.110703 10.255560
v -7.774860 27.665751 9.622089
v -12.597442 29.228226 6.412503
v -12.729712 26.517157 9.021959
v -9.618710 29.995026 8.178442
v -9.756271 25.166435 12.680532
v -3.044867 33.283604 8.865257
v -9.711300 16.818262 12.787222
v -3.486650 17.257811 14.069723
v -9.904414 19.959255 13.162858
v -3.788227 20.318592 14.849892
v -3.854362 25.804899 14.449805
v 6.862193 43.726837 3.206249
v 6.505063 41.349438 2.409409
v 7.706079 45.440105 -3.042886
v 5.063314 37.534691 4.735471
v 10.076366 36.334759 4.026428
v 6.700823 39.742046 2.057111
v 10.076366 36.334759 4.026428
v 10.936124 39.276833 0.937979
v 11.795882 40.216885 -2.150470
v 7.862158 40.990101 -4.009763
v 12.211212 40.232925 -5.994639
v 7.862158 40.990101 -4.009763
v 12.211212 40.232925 -5.994639
v 5.637368 41.336605 -7.841707
v 12.301156 37.746441 -8.718564
v 9.698072 36.989265 -10.771233
v 20.956938 33.604439 3.050660
v 20.435791 35.622501 3.720806
v 13.824912 31.981005 3.324054
v 13.716450 37.290852 3.055105
v 9.438822 36.299465 2.699473
v 13.816976 39.042622 0.890190
v 9.338297 37.900444 0.430090
v 14.256114 39.767712 -2.062673
v 9.340942 39.389126 -4.030879
v 14.729642 39.158123 -5.602332
v 10.253609 38.760284 -7.921724
v 15.234915 37.027767 -8.032860
v 12.396391 32.366009 -9.846587
v 15.650245 32.718929 -8.846370
v 13.618570 27.524584 -8.790801
v 15.623791 29.796106 -8.153996
v 14.155588 24.508718 -5.675680
v 16.306307 28.801514 -5.029984
v 14.089453 23.972919 -2.434976
v 15.205816 29.266726 -1.881522
v 13.152978 30.883743 5.605660
v 10.076366 36.334759 4.026428
v 9.700718 33.822609 5.637889
v 5.063314 37.534691 4.735471
v 3.605694 37.582813 6.027974
v 3.044867 33.283604 8.865257
v 9.756271 25.166435 12.680532
v 9.618710 29.995026 8.178442
v 12.729712 26.517157 9.021959
v 12.597442 29.228226 6.412503
v 3.044867 33.283604 8.865257
v 3.854362 25.804899 14.449805
v 9.756271 25.166435 12.680532
v 3.788227 20.318592 14.849892
v 9.904414 19.959255 13.162858
v 3.486650 17.257811 14.069723
v 9.711300 16.818262 12.787222
v 9.700718 33.822609 5.637889
v 13.152978 30.883743 5.605660
v 13.809039 26.597364 3.376287
v 14.068290 23.565458 9.413156
v 13.642379 19.378538 9.972165
v 13.105360 16.481382 8.416272
v 8.838314 7.812375 12.776109
v 3.539558 7.841251 13.855232
v 18.925262 33.543480 -7.979515
v 15.650245 32.718929 -8.846370
v 15.234915 37.027767 -8.032860
v 17.356533 29.404686 4.358723
v 13.809039 26.597364 3.376287
v 17.398861 26.465822 1.396968
v 14.242887 37.162518 4.447630
v 10.076366 36.334759 4.026428
v 13.152978 30.883743 5.605660
v 17.454414 39.902466 1.110238
v 14.256114 39.767712 -2.062673
v 13.816976 39.042622 0.890190
v 14.859267 26.501114 -9.388709
v 17.790380 29.670980 -8.863039
v 17.398861 26.295778 -6.331378
v 13.824912 31.981005 3.324054
v 21.189734 31.827003 1.233599
v 20.956938 33.604439 3.050660
v 17.454414 39.902466 1.110238
v 13.816976 39.042622 0.890190
v 17.782446 37.855526 3.214029
v 13.716450 37.290852 3.055105
v 20.435791 35.622501 3.720806
v 3.605694 37.582813 6.027974
v 5.063314 37.534691 4.735471
v 3.936370 40.531303 7.589424
v 15.473002 32.962765 -9.695443
v 18.089312 33.078266 -9.572083
v 15.131744 37.762482 -8.947503
v 14.859267 26.501114 -9.388709
v 15.597336 24.861637 -3.132905
v 17.412088 25.904358 -3.207366
v 13.809039 26.597364 3.376287
v 17.398861 26.465822 1.396968
v 13.824912 31.981005 3.324054
v 11.354099 30.710491 5.002196
v 14.330185 29.285976 1.434754
v 13.256149 24.492676 1.131355
v 13.824912 31.981005 3.324054
v 9.438822 36.299465 2.699473
v 11.354099 30.710491 5.002196
v 8.335686 29.613230 7.173779
v 13.256149 24.492676 1.131355
v 14.089453 23.972919 -2.434976
v 14.330185 29.285976 1.434754
v 15.205816 29.266726 -1.881522
v 21.311422 30.979994 -2.319395
v 6.862193 43.726837 3.206249
v 3.936370 40.531303 7.589424
v 6.505063 41.349438 2.409409
v 5.063314 37.534691 4.735471
v 6.700823 39.742046 2.057111
v 13.824912 31.981005 3.324054
v 14.330185 29.285976 1.434754
v 21.189734 31.827003 1.233599
v 30.903679 32.786304 -0.392309
v 30.901031 32.828014 -2.459425
v 14.256114 39.767712 -2.062673
v 17.155483 40.508846 -2.040446
v 14.729642 39.158123 -5.602332
v 17.552294 39.681087 -5.325605
v 15.234915 37.027767 -8.032860
v 18.700401 37.223476 -7.812812
v 18.925262 33.543480 -7.979515
v 15.650245 32.718929 -8.846370
v 18.925262 33.543480 -7.979515
v 15.623791 29.796106 -8.153996
v 21.380201 30.755409 -6.334713
v 16.306307 28.801514 -5.029984
v 21.311422 30.979994 -2.319395
v 15.205816 29.266726 -1.881522
v 13.152978 30.883743 5.605660
v 17.158129 34.499573 5.386724
v 14.242887 37.162518 4.447630
v 16.845970 37.297272 4.149788
v 16.531166 40.094967 2.912852
v 10.076366 36.334759 4.026428
v 14.242887 37.162518 4.447630
v 14.158233 39.835087 1.655912
v 14.319603 40.560181 -2.029333
v 16.345987 41.160145 -1.729268
v 14.525945 40.229717 -5.845718
v 16.822161 40.710972 -5.613445
v 15.131744 37.762482 -8.947503
v 17.647530 38.134651 -9.048635
v 14.256114 39.767712 -2.062673
v 17.454414 39.902466 1.110238
v 17.155483 40.508846 -2.040446
v 22.348421 40.768723 -2.015997
v 17.552294 39.681087 -5.325605
v 22.544184 39.963425 -4.776597
v 23.078554 37.294060 -6.994856
v 23.930376 33.983025 -7.033753
v 21.380201 30.755409 -6.334713
v 30.903679 32.747807 -6.593657
v 30.903679 31.948921 -4.996644
v 12.864628 32.224842 -10.223336
v 12.301156 37.746441 -8.718564
v 14.525945 40.229717 -5.845718
v 12.211212 40.232925 -5.994639
v 14.319603 40.560181 -2.029333
v 11.795882 40.216885 -2.150470
v 14.158233 39.835087 1.655912
v 10.936124 39.276833 0.937979
v 10.076366 36.334759 4.026428
v 8.838314 7.812375 12.776109
v 14.446583 7.770667 6.332487
v 13.105360 16.481382 8.416272
v -7.872740 20.264048 -10.807906
v 0.000000 21.255432 -11.184655
v -1.851787 12.891219 -7.886159
v 0.000000 12.859135 -7.317147
v 12.618605 19.340038 -8.249573
v 7.494446 12.207836 -6.743689
v 7.872740 20.264048 -10.807906
v 4.949562 12.955386 -7.563867
v 1.851787 12.891219 -7.886159
v 1.129590 6.121564 -7.474958
v 0.000000 6.121564 -7.161556
v 0.000000 0.279127 -8.989731
v -1.129590 6.121564 -7.474958
v -2.044902 0.279127 -9.624314
v -4.073931 6.121564 -7.156001
v -4.065995 0.279127 -9.040854
v -6.333111 6.121564 -6.148004
v -6.663787 1.097261 -7.540528
v -10.034040 5.781477 -4.563214
v -10.832953 1.238430 -6.349158
v -13.600052 4.206169 -1.171366
v -14.761387 0.959302 -2.063782
v -15.094709 0.478047 3.754149
v -15.629081 -1.376390 -2.517214
v -16.226944 -2.419109 4.110893
v 0.000000 21.255432 -11.184655
v 1.851787 12.891219 -7.886159
v 0.000000 6.121564 -7.161556
v -1.129590 6.121564 -7.474958
v -4.949562 12.955386 -7.563867
v -4.073931 6.121564 -7.156001
v -7.494446 12.207836 -6.743689
v -6.333111 6.121564 -6.148004
v -9.317133 11.498788 -5.614554
v -10.034040 5.781477 -4.563214
v -11.057813 10.356610 -3.820831
v -13.052452 6.410318 -0.952429
v -13.250858 9.840062 -0.590129
v -12.875210 6.070231 3.973086
v -12.682095 9.233681 3.595225
v -11.261510 5.329099 6.432508
v -10.399106 9.493560 7.759463
v -9.412368 4.754800 8.078422
v -7.796023 8.335339 9.345363
v -6.415119 4.164462 9.806576
v -5.325210 8.020919 10.146648
v -3.251209 3.724915 10.645647
v -2.103101 7.822000 10.740111
v -1.158690 3.519580 10.530066
v -0.611090 7.802750 10.573408
v 0.000000 3.455413 10.129979
v -0.031745 7.770667 10.308906
v 0.544954 7.802750 10.573408
v 0.000000 14.626947 11.156868
v 1.206307 14.556363 11.374693
v 0.000000 17.142305 12.343793
v 3.962824 12.945763 11.039065
v 5.423090 15.708167 11.799230
v 7.544709 11.043200 10.024400
v 7.957393 14.216276 9.879924
v 10.399106 9.493560 7.759463
v 11.245637 13.622728 7.432725
v 12.684740 9.233681 3.595225
v 13.943955 13.869772 3.306273
v 13.250858 9.840062 -0.590129
v 14.631762 14.331777 -0.356745
v 11.057813 10.356610 -3.820831
v 12.618605 19.340038 -8.249573
v 9.317133 11.498788 -5.614554
v 7.494446 12.207836 -6.743689
v 6.333111 6.121564 -6.148004
v 4.073931 6.121564 -7.156001
v 4.065995 0.279127 -9.040854
v 2.044902 0.279127 -9.624314
v 6.343693 38.753868 2.558331
v 4.880781 39.180580 2.552774
v 2.751226 36.716557 4.602108
v 3.460196 35.426792 5.453404
v 6.343693 38.753868 2.558331
v 6.481254 40.945183 -2.991764
v 7.743115 40.268219 -3.299609
v 4.973370 41.898067 -6.781477
v 4.073931 6.121564 -7.156001
v 4.949562 12.955386 -7.563867
v 7.494446 12.207836 -6.743689
v 7.544709 11.043200 10.024400
v 7.796023 8.335339 9.345363
v 10.399106 9.493560 7.759463
v -13.171496 0.044918 7.103766
v -16.226944 -2.419109 4.110893
v -13.367256 -3.144200 7.745016
v 1.851787 12.891219 -7.886159
v 0.000000 21.255432 -11.184655
v 7.872740 20.264048 -10.807906
v 9.317133 11.498788 -5.614554
v 10.034040 5.781477 -4.563214
v 6.333111 6.121564 -6.148004
v 12.875210 6.070231 3.973086
v 11.261510 5.329099 6.432508
v 11.536632 3.282161 6.410282
v 9.412368 4.754800 8.078422
v 10.761527 0.038501 7.973955
v 1.129590 6.121564 -7.474958
v 2.044902 0.279127 -9.624314
v 0.000000 0.279127 -8.989731
v -10.740364 -3.593370 8.655214
v -13.171496 0.044918 7.103766
v -10.761527 0.038501 7.973955
v -9.412368 4.754800 8.078422
v -11.536632 3.282161 6.410282
v -11.261510 5.329099 6.432508
v -12.875210 6.070231 3.973086
v 1.156044 3.519580 10.530066
v 0.767169 0.150794 11.239109
v 3.248563 3.724915 10.645647
v 3.976051 0.041710 10.934598
v 6.367501 4.164462 9.806576
v 7.219323 0.038501 9.447609
v 8.957358 0.038501 8.599647
v 11.057813 10.356610 -3.820831
v 13.052452 6.410318 -0.952429
v 13.600052 4.206169 -1.171366
v 13.467781 3.542037 4.379840
v 15.094709 0.478047 3.754149
v 13.171496 0.044918 7.103766
v 14.761387 0.959302 -2.063782
v 10.832953 1.238430 -6.349158
v 6.663787 1.097261 -7.540528
v 5.256429 8.020919 10.146648
v 3.962824 12.945763 11.039065
v 2.034320 7.822000 10.740111
v 1.206307 14.556363 11.374693
v 0.544954 7.802750 10.573408
v -8.957358 0.038501 8.599647
v -7.219323 0.038501 9.447609
v -6.415119 4.164462 9.806576
v -3.976051 0.041710 10.934598
v -3.251209 3.724915 10.645647
v -0.767169 0.150794 11.239109
v -1.158690 3.519580 10.530066
v -13.171496 0.044918 7.103766
v -15.094709 0.478047 3.754149
v -13.467781 3.542037 4.379840
v -13.600052 4.206169 -1.171366
v -13.052452 6.410318 -0.952429
v -10.034040 5.781477 -4.563214
v 12.684740 9.233681 3.595225
v 13.250858 9.840062 -0.590129
v 10.740364 -3.593370 8.655214
v 13.367256 -3.147408 7.745016
v 13.171496 0.044918 7.103766
v 16.226944 -2.419109 4.110893
v 15.629081 -1.376390 -2.517214
v 11.261510 -0.455589 -7.101543
v 6.695532 -0.118711 -8.184001
v 4.065995 0.279127 -9.040854
v 0.000000 3.455413 10.129979
v 0.000000 0.025668 10.631199
v 0.000000 -5.297013 11.641419
v 4.613595 -4.825383 11.270227
v 7.790732 -4.257503 9.468724
v 10.740364 -3.593370 8.655214
v 0.000000 3.455413 10.129979
v 0.000000 0.025668 10.631199
v 0.000000 -5.297013 11.641419
v -4.613595 -4.825383 11.270227
v -7.790732 -4.257503 9.468724
v -10.740364 -3.593370 8.655214
v 0.000000 48.840977 -7.708346
v 4.044832 41.942986 -6.849269
v 0.000000 42.283073 -8.464065
v 4.044832 41.942986 -6.849269
v 0.000000 48.840977 -7.708346
v 3.714155 47.740505 -5.573437
v 0.000000 51.410877 -8.168446
v 3.986633 51.112499 -6.033537
v -3.986633 51.112499 -6.033537
v 0.000000 51.410877 -8.168446
v -3.714155 47.740505 -5.573437
v 0.000000 48.840977 -7.708346
v -4.044832 41.942986 -6.849269
v 0.000000 42.283073 -8.464065
v -3.460196 35.426792 5.453404
v 0.000000 36.613888 5.184457
v -2.751226 36.716557 4.602108
v 0.425911 30.161861 9.024181
v 4.851682 30.983204 8.295135
v 0.000000 35.824631 5.989076
v 3.460196 35.426792 5.453404
v 2.751226 36.716557 4.602108
v -4.851682 30.983204 8.295135
v -0.425911 30.161861 9.024181
v -30.901031 32.828014 -2.459425
v -21.311422 30.979994 -2.319395
v -30.903679 32.786304 -0.392309
v -21.189734 31.827003 1.233599
v -27.432899 39.437252 -4.117564
v -30.903679 39.341000 -3.976423
v -30.903679 40.226509 -2.158250
v -30.903679 37.229893 -6.593658
v -26.551979 37.156101 -6.523643
v -23.078554 37.294060 -6.994856
v -20.435791 35.622501 3.720806
v -17.782446 37.855526 3.214029
v -22.194988 38.423409 2.889514
v -30.903679 37.249146 3.114007
v -26.488489 37.929317 2.310499
v -30.901031 39.430836 -0.579018
v -27.387928 39.337791 0.150030
v -27.311211 40.085342 -1.879300
v -22.544184 39.963425 -4.776597
v -30.903679 32.786304 -0.392309
v -21.189734 31.827003 1.233599
v -30.903679 33.687855 3.114007
v -20.956938 33.604439 3.050660
v -22.462175 39.950588 0.881300
v -22.348421 40.768723 -2.015997
v 30.901031 32.828014 -2.459425
v 21.311422 30.979994 -2.319395
v 30.903679 31.948921 -4.996644
v 21.380201 30.755409 -6.334713
v 30.903679 32.747807 -6.593657
v 23.930376 33.983025 -7.033753
v 30.903679 34.528450 -7.333818
v 23.078554 37.294060 -6.994856
v 26.551979 37.156101 -6.523643
v 23.930376 33.983025 -7.033753
v 30.903679 37.229893 -6.593658
v 17.782446 37.855526 3.214029
v 22.194988 38.423409 2.889514
v 17.454414 39.902466 1.110238
v 22.462175 39.950588 0.881300
v 22.348421 40.768723 -2.015997
v 26.551979 37.156101 -6.523643
v 23.078554 37.294060 -6.994856
v 27.432899 39.437252 -4.117564
v 30.903679 37.229893 -6.593658
v 30.903679 39.341000 -3.976423
v 30.903679 40.226509 -2.158250
v 22.194988 38.423409 2.889514
v 17.782446 37.855526 3.214029
v 20.435791 35.622501 3.720806
v 22.544184 39.963425 -4.776597
v 27.311211 40.085342 -1.879300
v 27.387928 39.337791 0.150030
v 30.901031 39.430836 -0.579018
v 26.488489 37.929317 2.310499
v 30.903679 37.249146 3.114007
v 22.348421 40.768723 -2.015997
v 22.462175 39.950588 0.881300
v 20.956938 33.604439 3.050660
v 30.903679 33.687855 3.114007
v 21.189734 31.827003 1.233599
v 30.903679 32.786304 -0.392309
v 5.002470 44.715015 -1.520333
v 3.714155 47.740505 -5.573437
v 3.986633 51.112499 -6.033537
v 0.000000 51.410877 -8.168446
v -3.986633 51.112499 -6.033537
v -4.105676 53.589359 -7.539420
v 0.000000 53.579735 -9.293135
v 4.105676 53.589359 -7.539420
v 3.986633 51.112499 -6.033537
v 0.000000 44.708599 6.306922
v 4.198265 46.556618 1.171363
v 5.677050 49.020645 1.791496
v 5.838420 50.252659 -1.079127
v 7.748405 53.236439 -2.550558
v 3.986633 51.112499 -6.033537
v 4.105676 53.589359 -7.539420
v -4.105676 53.589359 -7.539420
v -3.986633 51.112499 -6.033537
v -7.748405 53.236439 -2.550558
v -5.838420 50.252659 -1.079127
v -5.677050 49.020645 1.791496
v -4.198265 46.556618 1.171363
v 0.000000 43.765339 3.570773
v -15.629081 -1.376390 -2.517214
v -14.761387 0.959302 -2.063782
v -11.261510 -0.455589 -7.101543
v -10.832953 1.238430 -6.349158
v -6.695532 -0.118711 -8.184001
v -6.663787 1.097261 -7.540528
v -4.065995 0.279127 -9.040854
vn 0.9964 0.0314 0.0785
vn 0.9974 0.0157 -0.0706
vn 0.9930 -0.0156 0.1173
vn 0.5818 -0.2359 -0.7784
vn 0.7844 -0.6198 0.0235
vn 0.9004 -0.2192 0.3758
vn 0.9956 -0.0000 0.0940
vn 0.9636 -0.2272 0.1410
vn 0.8788 0.2197 0.4236
vn 0.8332 -0.1415 0.5345
vn 0.8557 -0.1962 0.4788
vn 0.9123 0.0236 0.4089
vn -0.0000 0.3304 -0.9438
vn -0.0000 0.4251 -0.9052
vn 0.1578 0.3708 -0.9152
vn 0.3452 0.6905 -0.6356
vn 0.3223 0.3852 -0.8647
vn -0.0942 0.9654 -0.2433
vn -0.5328 0.8462 -0.0000
vn -0.3452 0.6905 -0.6356
vn -0.9974 0.0157 -0.0707
vn -0.9263 -0.0000 -0.3768
vn -0.9964 0.0314 0.0784
vn 0.2429 0.1097 -0.9638
vn 0.5818 -0.2358 -0.7784
vn 0.2037 0.0157 -0.9789
vn -0.1806 0.6125 -0.7696
vn -0.3223 0.3852 -0.8647
vn -0.2429 0.1097 -0.9638
vn -0.2036 0.0157 -0.9789
vn -0.5818 -0.2359 -0.7784
vn -0.1578 0.3708 -0.9152
vn -0.0000 0.3303 -0.9439
vn -0.0000 0.0472 -0.9989
vn 0.2036 0.0157 -0.9789
vn 0.3223 0.3851 -0.8647
vn 0.2430 0.1097 -0.9638
vn 0.1806 0.6125 -0.7696
vn -0.7970 -0.0710 -0.5998
vn -0.5818 -0.2358 -0.7784
vn -0.2898 -0.0548 -0.9555
vn -0.2037 0.0156 -0.9789
vn -0.0000 -0.0393 -0.9992
vn 0.9964 0.0314 0.0784
vn 0.9263 -0.0000 -0.3768
vn 0.9974 0.0157 -0.0707
vn 0.7970 -0.0710 -0.5998
vn 0.2898 -0.0548 -0.9555
vn -0.1806 0.6125 -0.7695
vn -0.0000 0.9864 0.1644
vn -0.5179 0.6749 0.5257
vn 0.0078 0.8643 0.5029
vn -0.0788 0.5905 0.8031
vn -0.5179 0.6748 0.5258
vn -0.0788 0.5906 0.8031
vn -0.6450 0.2675 0.7158
vn 0.5339 0.0942 -0.8403
vn -0.0000 0.0473 -0.9989
vn -0.0000 -0.0550 -0.9985
vn 0.6305 -0.1340 -0.7645
vn 0.5340 0.0942 -0.8402
vn 0.9604 -0.1889 -0.2047
vn 0.9849 0.0547 -0.1642
vn 0.9415 -0.0706 0.3295
vn -0.9849 0.0547 -0.1641
vn -0.9415 -0.0706 0.3295
vn -0.9445 -0.2282 0.2361
vn -0.0000 0.4250 -0.9052
vn -0.5340 0.0943 -0.8402
vn -0.5328 0.8463 -0.0000
vn -0.9849 0.0548 -0.1641
vn -0.6305 -0.1340 -0.7645
vn -0.5339 0.0942 -0.8403
vn 0.5340 0.0943 -0.8402
vn 0.3453 0.6905 -0.6356
vn 0.9849 0.0548 -0.1641
vn 0.5328 0.8462 -0.0000
vn 0.5179 0.6748 0.5257
vn 0.1809 0.3855 0.9048
vn -0.0000 0.3374 0.9414
vn -0.0000 0.4936 0.8697
vn 0.2113 0.8529 -0.4774
vn 0.6981 0.4079 -0.5884
vn 0.1655 0.9771 0.1339
vn 0.6982 0.4079 -0.5883
vn 0.8847 0.4581 0.0869
vn 0.1655 0.9771 0.1340
vn 0.5587 0.4564 0.6925
vn -0.0000 0.8554 0.5179
vn 0.0548 0.5789 0.8135
vn -0.9445 -0.2283 0.2361
vn -0.9604 -0.1889 -0.2047
vn -0.9849 0.0546 -0.1642
vn -0.5340 0.0942 -0.8402
vn 0.0940 -0.1331 0.9866
vn -0.0000 -0.1172 0.9931
vn 0.2283 -0.1023 0.9682
vn 0.0056 -0.1567 0.9876
vn -0.0000 -0.2278 0.9737
vn -0.0940 -0.1331 0.9866
vn -0.0939 -0.1331 0.9866
vn -0.0000 -0.1173 0.9931
vn -0.0000 -0.1568 0.9876
vn 0.0940 -0.1332 0.9866
vn 0.0942 -0.2433 0.9654
vn 0.0315 0.5508 0.8340
vn -0.1415 0.9119 0.3852
vn -0.0000 0.6417 0.7669
vn -0.0000 0.9618 0.2737
vn -0.0000 0.7847 0.6199
vn -0.0315 0.5508 0.8340
vn -0.0000 0.7952 0.6063
vn 0.0943 0.6759 0.7309
vn 0.0158 0.7951 0.6062
vn 0.1415 0.9119 0.3852
vn -0.0000 0.9980 -0.0629
vn -0.0000 0.5273 0.8497
vn -0.0000 -0.2277 0.9737
vn -0.0943 0.6760 0.7309
vn -0.0157 0.7952 0.6062
vn 0.2444 0.4493 0.8593
vn -0.0548 0.5789 0.8136
vn -0.2443 0.4494 0.8593
vn 0.0157 0.7952 0.6062
vn 0.0943 0.6759 0.7310
vn -0.2444 0.4494 0.8593
vn -0.0000 0.4629 0.8864
vn -0.8155 -0.2588 0.5176
vn -0.5509 0.2991 0.7792
vn -0.9415 -0.0706 0.3296
vn -0.8156 -0.2588 0.5176
vn -0.9445 -0.2283 0.2362
vn -0.0315 0.5508 0.8341
vn -0.0942 -0.2433 0.9654
vn -0.0943 0.6759 0.7309
vn 0.2443 0.4494 0.8593
vn 0.0548 0.5789 0.8136
vn -0.1961 -0.0157 0.9805
vn -0.2041 -0.1020 0.9736
vn -0.5117 -0.0394 0.8582
vn -0.5195 -0.0866 0.8501
vn -0.8557 -0.1963 0.4789
vn -0.4708 -0.1412 0.8709
vn -0.8332 -0.1415 0.5345
vn -0.4809 0.3311 0.8119
vn -0.8787 0.2197 0.4237
vn -0.7395 0.4720 0.4799
vn -0.9004 -0.2192 0.3758
vn -0.7938 0.2593 0.5501
vn -0.3305 0.1181 0.9364
vn -0.4559 0.5188 0.7232
vn -0.3778 0.5352 0.7556
vn -0.3388 0.5594 0.7565
vn -0.5509 0.2991 0.7791
vn -0.9930 -0.0156 0.1173
vn -0.9974 0.0157 -0.0706
vn -0.9964 0.0314 0.0785
vn -0.9636 -0.2272 0.1410
vn -0.9956 -0.0000 0.0940
vn -0.7844 -0.6198 0.0235
vn -0.6831 -0.7302 -0.0079
vn -0.9369 -0.2835 0.2047
vn -0.6908 -0.6751 0.2590
vn -0.1879 -0.9709 0.1488
vn -0.1644 -0.9863 -0.0156
vn -0.2361 -0.9602 0.1495
vn -0.2436 -0.7702 -0.5895
vn 0.0314 -0.0629 -0.9975
vn -0.0628 -0.0628 -0.9961
vn -0.0630 -0.5353 -0.8423
vn 0.0314 -0.0628 -0.9975
vn 0.0315 0.4248 -0.9047
vn -0.0627 -0.0627 -0.9961
vn -0.0551 0.5114 -0.8576
vn -0.1573 0.3775 -0.9125
vn -0.0236 0.9997 -0.0078
vn -0.1018 0.9005 0.4228
vn 0.1103 0.8982 0.4255
vn -0.0865 0.6214 0.7787
vn 0.0788 0.5439 0.8355
vn -0.0235 0.1018 0.9945
vn 0.1260 0.3860 0.9138
vn 0.0788 0.5438 0.8355
vn 0.2200 0.8406 0.4950
vn -0.2040 -0.2041 0.9575
vn -0.6697 -0.5594 0.4885
vn -0.5886 0.0157 0.8083
vn -0.7849 -0.2355 0.5731
vn -0.2041 -0.2041 0.9574
vn -0.9369 -0.2834 0.2047
vn -0.7850 -0.2355 0.5730
vn -0.1731 -0.8418 0.5113
vn -0.2361 -0.9601 0.1495
vn -0.2123 -0.0629 -0.9752
vn -0.0866 0.4643 -0.8814
vn -0.1177 0.4473 -0.8866
vn 0.0393 0.8724 -0.4873
vn 0.0393 0.9346 -0.3535
vn 0.1488 0.9869 -0.0627
vn 0.1969 0.9766 0.0866
vn -0.6831 -0.7303 -0.0079
vn -0.2437 -0.7702 -0.5894
vn -0.5424 -0.4403 -0.7155
vn -0.2124 -0.0629 -0.9752
vn -0.3208 -0.0235 -0.9469
vn -0.1177 0.4472 -0.8866
vn -0.1644 -0.9863 -0.0157
vn -0.1573 0.3776 -0.9125
vn -0.1021 0.8488 -0.5187
vn -0.0236 0.9997 -0.0079
vn 0.1488 0.9869 -0.0626
vn 0.2200 0.8406 0.4949
vn -0.8411 -0.4402 -0.3144
vn -0.5425 -0.4403 -0.7154
vn -0.5198 -0.2678 -0.8112
vn -0.2202 0.1258 -0.9673
vn -0.2113 0.8529 -0.4773
vn 0.0392 0.9346 -0.3534
vn -0.1654 0.9771 0.1339
vn -0.0547 0.5789 0.8136
vn -0.2040 -0.2040 0.9575
vn -0.0235 0.1017 0.9945
vn -0.0787 -0.4172 0.9054
vn -0.1414 -0.0000 -0.9899
vn -0.0079 0.0157 -0.9998
vn 0.0315 0.4564 -0.8892
vn -0.3470 -0.9304 0.1183
vn -0.9004 -0.2193 0.3759
vn -0.1964 -0.8878 0.4163
vn -0.1731 -0.8417 0.5114
vn -0.0787 -0.4173 0.9054
vn -0.5509 0.2990 0.7791
vn -0.6450 0.2674 0.7158
vn -0.0788 0.5905 0.8032
vn -0.3392 -0.2761 -0.8993
vn -0.4869 -0.8088 -0.3298
vn 0.2287 0.8124 0.5363
vn -0.0784 0.4078 0.9097
vn 0.1254 0.4468 0.8858
vn -0.0548 0.1489 0.9873
vn -0.3305 0.1180 0.9364
vn -0.2279 -0.4480 0.8645
vn -0.1964 -0.8877 0.4164
vn -0.0079 0.0158 -0.9998
vn 0.1025 0.4730 -0.8751
vn 0.1422 0.8690 -0.4740
vn 0.0946 0.9142 -0.3941
vn 0.2591 0.9658 -0.0000
vn 0.1730 0.9829 0.0629
vn 0.2288 0.8124 0.5363
vn 0.2436 0.8643 0.4400
vn -0.0787 0.5905 0.8032
vn -0.0787 0.5906 0.8031
vn 0.0079 0.8643 0.5029
vn -0.2283 -0.1023 0.9682
vn 0.1023 -0.2283 -0.9682
vn -0.1487 -0.2270 -0.9625
vn -0.1490 -0.4233 -0.8936
vn -0.3377 -0.2906 -0.8953
vn -0.5182 -0.4319 -0.7382
vn -0.8557 -0.1962 0.4789
vn -0.9122 0.0236 0.4090
vn -0.5118 -0.0394 0.8582
vn 0.2585 -0.0705 0.9634
vn 0.1025 -0.2208 0.9699
vn -0.0236 -0.0550 0.9982
vn -0.0784 -0.2195 0.9724
vn -0.2438 -0.0708 0.9672
vn -0.4079 -0.1412 0.9021
vn -0.4484 -0.0944 0.8889
vn -0.6895 -0.0705 0.7209
vn -0.4863 -0.2432 -0.8393
vn -0.5183 -0.4319 -0.7381
vn -0.7544 -0.1886 -0.6287
vn -0.9017 -0.3058 -0.3058
vn -0.9840 -0.1260 -0.1260
vn -0.9328 -0.2508 0.2587
vn -0.9182 -0.0550 0.3924
vn -0.7755 -0.1253 0.6188
vn -0.6895 -0.0705 0.7208
vn -0.5970 -0.0393 0.8013
vn -0.4079 -0.1412 0.9020
vn -0.0784 -0.2196 0.9724
vn 0.0001 -0.2203 0.9754
vn -0.0000 -0.0785 0.9969
vn -0.9123 0.0236 0.4089
vn -0.9930 -0.0157 0.1173
vn -0.8557 -0.1963 0.4788
vn -0.9956 -0.0000 0.0941
vn -0.8788 0.2197 0.4236
vn -0.7988 -0.3758 0.4698
vn -0.8936 -0.4233 -0.1490
vn -0.9881 -0.0392 0.1490
vn -0.0548 0.5789 0.8135
vn -0.1810 0.3855 0.9048
vn -0.2752 0.7469 0.6054
vn -0.1569 0.6198 0.7689
vn -0.1337 0.5820 0.8022
vn -0.4782 0.8780 0.0235
vn -0.4956 0.8495 0.1809
vn -0.4243 0.8721 0.2436
vn -0.2752 0.7469 0.6053
vn -0.2122 0.7546 0.6209
vn -0.1337 0.5819 0.8022
vn 0.7988 -0.3758 0.4698
vn -0.0000 -0.6199 0.7847
vn -0.0000 -0.1260 0.9920
vn -0.7987 -0.3758 0.4699
vn -0.5473 0.0235 0.8366
vn -0.5587 0.4564 0.6925
vn -0.8846 0.4581 0.0869
vn -0.1655 0.9771 0.1339
vn -0.2113 0.8530 -0.4773
vn -0.8937 -0.4233 -0.1490
vn -0.7290 -0.3370 -0.5957
vn -0.7847 -0.0000 -0.6199
vn -0.6982 0.4079 -0.5884
vn -0.2113 0.8529 -0.4774
vn -0.0548 0.5788 0.8136
vn -0.1809 0.3855 0.9048
vn -0.0000 0.3373 0.9414
vn -0.0000 0.0863 0.9963
vn 0.1810 0.3855 0.9048
vn 0.5473 0.0235 0.8366
vn 0.5587 0.4563 0.6925
vn 0.9881 -0.0392 0.1490
vn 0.8846 0.4581 0.0869
vn 0.7847 -0.0000 -0.6199
vn -0.1655 0.9771 0.1340
vn 0.0001 -0.1260 0.9920
vn 0.5473 0.0234 0.8366
vn 0.7987 -0.3759 0.4698
vn 0.8937 -0.4233 -0.1489
vn 0.7291 -0.3371 -0.5957
vn -0.7938 0.2594 0.5501
vn -0.4808 0.3311 0.8119
vn -0.3388 0.5595 0.7564
vn -0.2042 -0.1021 0.9736
vn -0.4707 -0.1412 0.8709
vn -0.2663 -0.0313 0.9634
vn -0.2998 0.3393 0.8916
vn 0.9445 -0.2283 0.2361
vn 0.9604 -0.1889 -0.2046
vn 0.6450 0.2675 0.7158
vn 0.0788 0.5906 0.8031
vn 0.5179 0.6748 0.5258
vn 0.0787 0.5906 0.8031
vn -0.0078 0.8643 0.5029
vn 0.0942 0.9654 -0.2433
vn 0.3453 0.6906 -0.6355
vn 0.1806 0.6125 -0.7695
vn 0.0787 -0.4172 0.9054
vn 0.0235 0.1017 0.9945
vn 0.2040 -0.2040 0.9575
vn -0.1260 0.3860 0.9138
vn 0.0547 0.5789 0.8136
vn -0.2200 0.8406 0.4949
vn -0.0000 0.8554 0.5180
vn -0.1969 0.9766 0.0866
vn 0.1654 0.9771 0.1339
vn -0.0392 0.9346 -0.3534
vn 0.2113 0.8529 -0.4773
vn 0.1177 0.4472 -0.8866
vn 0.2202 0.1258 -0.9673
vn 0.3210 -0.0235 -0.9468
vn 0.5198 -0.2678 -0.8112
vn 0.5425 -0.4403 -0.7155
vn 0.8411 -0.4402 -0.3144
vn 0.6831 -0.7302 -0.0079
vn 0.9369 -0.2835 0.2047
vn 0.6917 -0.6750 0.2565
vn 0.3305 0.1181 0.9364
vn 0.0788 0.5905 0.8032
vn 0.3778 0.5352 0.7556
vn 0.6450 0.2674 0.7158
vn 0.5509 0.2990 0.7791
vn 0.3388 0.5594 0.7565
vn 0.4809 0.3311 0.8119
vn 0.4559 0.5188 0.7232
vn 0.7395 0.4721 0.4799
vn 0.7938 0.2593 0.5501
vn 0.3388 0.5595 0.7564
vn 0.2998 0.3393 0.8916
vn 0.4808 0.3311 0.8119
vn 0.2663 -0.0313 0.9634
vn 0.4708 -0.1412 0.8709
vn 0.2041 -0.1021 0.9736
vn 0.5195 -0.0866 0.8501
vn 0.5509 0.2991 0.7792
vn 0.9004 -0.2192 0.3759
vn 0.8787 0.2197 0.4237
vn 0.8332 -0.1415 0.5346
vn 0.8557 -0.1963 0.4789
vn 0.5117 -0.0394 0.8582
vn 0.1961 -0.0157 0.9805
vn 0.2123 -0.0629 -0.9752
vn 0.3208 -0.0235 -0.9469
vn 0.1177 0.4472 -0.8867
vn 0.2279 -0.4480 0.8645
vn 0.1964 -0.8877 0.4164
vn -0.1254 0.4468 0.8858
vn 0.0787 0.5905 0.8032
vn -0.1103 0.8982 0.4254
vn -0.1969 0.9766 0.0867
vn 0.3392 -0.2761 -0.8993
vn 0.4868 -0.8088 -0.3298
vn 0.2041 -0.2040 0.9575
vn 0.1731 -0.8417 0.5114
vn 0.0787 -0.4173 0.9054
vn -0.1103 0.8982 0.4255
vn -0.2200 0.8406 0.4950
vn -0.0788 0.5438 0.8355
vn 0.0235 0.1018 0.9945
vn 0.5509 0.2991 0.7791
vn 0.6451 0.2675 0.7158
vn 0.8155 -0.2588 0.5176
vn 0.1414 -0.0000 -0.9899
vn 0.0079 0.0157 -0.9998
vn -0.0315 0.4564 -0.8892
vn 0.7844 -0.6197 0.0236
vn 0.3470 -0.9304 0.1183
vn 0.9004 -0.2193 0.3758
vn 0.1964 -0.8878 0.4163
vn 0.5886 0.0156 0.8083
vn 0.6697 -0.5594 0.4885
vn 0.7850 -0.2355 0.5730
vn 0.2040 -0.2041 0.9575
vn 0.5885 0.0157 0.8083
vn 0.7849 -0.2355 0.5731
vn 0.9369 -0.2834 0.2047
vn 0.6697 -0.5594 0.4884
vn 0.6908 -0.6751 0.2590
vn 0.2361 -0.9602 0.1495
vn 0.9445 -0.2283 0.2362
vn 0.8156 -0.2588 0.5176
vn 0.9415 -0.0706 0.3296
vn 0.5179 0.6749 0.5257
vn 0.6701 -0.5577 0.4899
vn 0.1731 -0.8418 0.5113
vn 0.1497 -0.9773 0.1497
vn 0.1864 -0.9711 0.1487
vn -0.1488 0.9869 -0.0627
vn -0.0393 0.9346 -0.3535
vn -0.0393 0.8724 -0.4873
vn 0.1177 0.4473 -0.8866
vn 0.0866 0.4643 -0.8814
vn 0.3208 -0.0235 -0.9468
vn 0.2124 -0.0630 -0.9752
vn 0.5424 -0.4403 -0.7155
vn 0.2437 -0.7702 -0.5894
vn 0.6831 -0.7303 -0.0078
vn 0.2361 -0.9601 0.1495
vn 0.6908 -0.6751 0.2591
vn 0.3305 0.1180 0.9364
vn 0.0548 0.1489 0.9873
vn 0.0784 0.4078 0.9097
vn -0.2288 0.8124 0.5363
vn 0.0787 0.5906 0.8032
vn -0.2436 0.8643 0.4400
vn -0.2287 0.8124 0.5363
vn -0.1730 0.9829 0.0629
vn -0.2591 0.9658 -0.0000
vn -0.0946 0.9142 -0.3941
vn -0.1429 0.8688 -0.4740
vn -0.1025 0.4730 -0.8751
vn 0.0079 0.0158 -0.9998
vn -0.1488 0.9869 -0.0626
vn 0.0236 0.9997 -0.0079
vn 0.1021 0.8488 -0.5187
vn 0.1573 0.3776 -0.9125
vn 0.0627 -0.0628 -0.9961
vn 0.2436 -0.7702 -0.5895
vn 0.0630 -0.5353 -0.8423
vn 0.1644 -0.9863 -0.0157
vn -0.0079 0.8643 0.5029
vn 0.5118 -0.0394 0.8582
vn 0.9122 0.0236 0.4090
vn 0.8557 -0.1962 0.4789
vn -0.1489 -0.4233 -0.8937
vn -0.0000 -0.3930 -0.9196
vn -0.0000 -0.2202 -0.9754
vn 0.5182 -0.4319 -0.7382
vn 0.3377 -0.2906 -0.8953
vn 0.1490 -0.4233 -0.8936
vn 0.1487 -0.2270 -0.9625
vn -0.1023 -0.2283 -0.9682
vn -0.0785 0.1256 -0.9890
vn -0.0000 0.0785 -0.9969
vn -0.0000 0.2974 -0.9548
vn 0.0785 0.1256 -0.9890
vn -0.0235 0.3208 -0.9468
vn -0.2671 0.1022 -0.9582
vn -0.3530 0.3216 -0.8786
vn -0.4179 0.0552 -0.9068
vn -0.3220 0.3691 -0.8718
vn -0.5895 0.1494 -0.7938
vn -0.4799 0.4327 -0.7632
vn -0.8805 0.3616 -0.3066
vn -0.8319 0.4002 -0.3845
vn -0.9101 0.3766 0.1726
vn -0.8989 0.3785 -0.2207
vn -0.8669 0.3152 0.3861
vn -0.0000 -0.3930 -0.9195
vn -0.1024 -0.2283 -0.9682
vn -0.1487 -0.2269 -0.9625
vn -0.2670 0.1021 -0.9583
vn -0.3377 -0.2905 -0.8953
vn -0.4179 0.0551 -0.9068
vn -0.4863 -0.2431 -0.8393
vn -0.5895 0.1493 -0.7939
vn -0.9468 0.1017 -0.3052
vn -0.9840 -0.1259 -0.1260
vn -0.9270 0.1257 0.3535
vn -0.9182 -0.0549 0.3924
vn -0.7769 0.0471 0.6278
vn -0.5473 0.0234 0.8366
vn -0.3700 0.0079 0.9290
vn -0.1024 0.0630 0.9927
vn 0.2583 0.0782 0.9629
vn -0.0000 0.0157 0.9999
vn -0.2585 -0.0705 0.9634
vn -0.0000 -0.2203 0.9754
vn -0.1025 -0.2208 0.9699
vn 0.0784 -0.2196 0.9724
vn 0.2283 -0.1024 0.9682
vn 0.4075 -0.1489 0.9010
vn 0.5970 -0.0393 0.8013
vn 0.6895 -0.0705 0.7208
vn 0.7755 -0.1253 0.6188
vn 0.9182 -0.0550 0.3924
vn 0.9328 -0.2508 0.2587
vn 0.9840 -0.1260 -0.1260
vn 0.9017 -0.3058 -0.3058
vn 0.7544 -0.1886 -0.6287
vn 0.5183 -0.4319 -0.7381
vn 0.4863 -0.2432 -0.8393
vn 0.4179 0.0552 -0.9068
vn 0.2671 0.1021 -0.9582
vn 0.3530 0.3216 -0.8786
vn 0.0235 0.3208 -0.9468
vn 0.2752 0.7469 0.6053
vn 0.2122 0.7546 0.6209
vn 0.1337 0.5819 0.8022
vn 0.1337 0.5820 0.8022
vn 0.1569 0.6198 0.7689
vn 0.2752 0.7469 0.6054
vn 0.4243 0.8722 0.2436
vn 0.4956 0.8495 0.1809
vn 0.4782 0.8780 0.0235
vn 0.2670 0.1021 -0.9583
vn 0.1487 -0.2269 -0.9625
vn 0.4074 -0.1489 0.9010
vn 0.4484 -0.0944 0.8889
vn -0.5812 0.3063 0.7539
vn -0.8669 0.3152 0.3862
vn -0.5421 0.1964 0.8170
vn -0.0000 -0.3929 -0.9196
vn 0.1489 -0.4233 -0.8937
vn 0.4863 -0.2431 -0.8393
vn 0.5895 0.1493 -0.7938
vn 0.9270 0.1257 0.3535
vn 0.7769 0.0471 0.6278
vn 0.6453 0.2439 0.7240
vn 0.5418 0.0235 0.8402
vn 0.4010 0.1887 0.8964
vn -0.0784 0.1256 -0.9890
vn 0.0234 0.3208 -0.9468
vn -0.2906 0.1649 0.9425
vn -0.5811 0.3063 0.7540
vn -0.5420 0.1964 0.8171
vn -0.4010 0.1887 0.8964
vn -0.6453 0.2439 0.7240
vn -0.9269 0.1257 0.3535
vn -0.2583 0.0783 0.9629
vn -0.2432 0.1569 0.9572
vn 0.1102 0.0630 0.9919
vn 0.2196 0.0784 0.9724
vn 0.3700 0.0079 0.9290
vn 0.4465 0.0548 0.8931
vn 0.3521 0.0939 0.9312
vn 0.9468 0.1017 -0.3052
vn 0.8805 0.3616 -0.3066
vn 0.8699 0.3448 0.3527
vn 0.9101 0.3766 0.1726
vn 0.5812 0.3063 0.7539
vn 0.8318 0.4002 -0.3845
vn 0.4799 0.4327 -0.7632
vn 0.3220 0.3692 -0.8718
vn 0.2438 -0.0708 0.9672
vn 0.0236 -0.0550 0.9982
vn -0.1025 -0.2207 0.9699
vn -0.3521 0.0939 0.9312
vn -0.4467 0.0470 0.8934
vn -0.2196 0.0784 0.9724
vn -0.1024 0.0631 0.9927
vn 0.2432 0.1569 0.9572
vn 0.2583 0.0783 0.9629
vn -0.9101 0.3766 0.1727
vn -0.8699 0.3448 0.3527
vn -0.8805 0.3616 -0.3065
vn 0.9182 -0.0549 0.3924
vn 0.9840 -0.1259 -0.1260
vn 0.2906 0.1649 0.9425
vn 0.5421 0.1964 0.8170
vn 0.8669 0.3152 0.3861
vn 0.8989 0.3785 -0.2208
vn 0.5584 0.4326 -0.7079
vn 0.2664 0.4467 -0.8541
vn -0.0000 0.0158 0.9999
vn -0.0000 0.2037 0.9790
vn -0.0000 0.1018 0.9948
vn 0.3291 0.0862 0.9403
vn 0.3849 0.0864 0.9189
vn -0.0000 0.2036 0.9791
vn -0.3291 0.0862 0.9403
vn -0.3849 0.0864 0.9189
vn -0.0000 0.0551 -0.9985
vn 0.6982 0.4080 -0.5883
vn -0.0000 0.1096 -0.9940
vn 0.6982 0.4079 -0.5884
vn -0.0000 -0.3442 -0.9389
vn 0.7290 -0.3371 -0.5958
vn -0.7290 -0.3370 -0.5958
vn -0.0000 -0.3443 -0.9389
vn -0.0000 0.0550 -0.9985
vn -0.0000 0.6585 0.7526
vn -0.1337 0.5820 0.8021
vn 0.0550 0.4715 0.8801
vn 0.1180 0.5270 0.8416
vn -0.0000 0.5975 0.8019
vn 0.1337 0.5820 0.8021
vn -0.1180 0.5270 0.8416
vn -0.0550 0.4715 0.8801
vn -0.1879 -0.9709 0.1487
vn -0.1498 -0.9773 0.1497
vn -0.0786 0.8414 -0.5347
vn -0.0157 0.8083 -0.5885
vn -0.0079 0.9998 0.0157
vn -0.1574 0.3776 -0.9125
vn -0.0235 0.3373 0.9411
vn -0.0861 0.6887 0.7200
vn -0.0629 0.8572 0.5112
vn -0.1102 0.8658 0.4880
vn -0.0863 0.9961 0.0157
vn -0.1022 0.8488 -0.5187
vn -0.1497 -0.9773 0.1498
vn -0.1731 -0.8418 0.5114
vn -0.0472 -0.6533 0.7557
vn -0.1018 0.9005 0.4229
vn 0.1879 -0.9708 0.1488
vn 0.1644 -0.9863 -0.0156
vn -0.0314 -0.0629 -0.9975
vn 0.1573 0.3775 -0.9125
vn 0.0551 0.5114 -0.8576
vn 0.0627 -0.0627 -0.9961
vn -0.0315 0.4248 -0.9047
vn -0.0314 -0.0628 -0.9975
vn -0.0788 0.5439 0.8355
vn 0.0865 0.6214 0.7787
vn 0.1018 0.9005 0.4228
vn 0.0236 0.9997 -0.0078
vn 0.0786 0.8414 -0.5347
vn 0.0157 0.8083 -0.5885
vn 0.0079 0.9998 0.0157
vn 0.1022 0.8488 -0.5187
vn 0.0863 0.9961 0.0157
vn 0.1102 0.8658 0.4880
vn 0.0629 0.8572 0.5112
vn 0.0861 0.6887 0.7200
vn 0.0235 0.3373 0.9411
vn 0.1018 0.9005 0.4229
vn 0.0472 -0.6533 0.7557
vn 0.1731 -0.8418 0.5114
vn 0.1497 -0.9773 0.1498
vn 0.7290 -0.3371 -0.5957
vn -0.7290 -0.3371 -0.5958
vn -0.5049 -0.4418 -0.7416
vn -0.0000 -0.4566 -0.8897
vn 0.5049 -0.4418 -0.7416
vn -0.0000 -0.8897 0.4566
vn 0.8247 -0.5655 0.0078
vn 0.8936 -0.4234 -0.1490
vn 0.7467 -0.5423 -0.3851
vn 0.5049 -0.4418 -0.7415
vn -0.5049 -0.4418 -0.7415
vn -0.7290 -0.3371 -0.5957
vn -0.7467 -0.5424 -0.3851
vn -0.8247 -0.5655 0.0078
vn -0.7987 -0.3759 0.4698
vn -0.8989 0.3785 -0.2208
vn -0.8318 0.4002 -0.3845
vn -0.5584 0.4326 -0.7078
vn -0.2664 0.4467 -0.8541
vn -0.3220 0.3692 -0.8718
vn -0.3530 0.3217 -0.8786
vt 0.377655 0.695007
vt 0.421326 0.564362
vt 0.297699 0.565308
vt 0.510071 0.484711
vt 0.412415 0.491669
vt 0.278748 0.458557
vt 0.260376 0.526886
vt 0.250763 0.561340
vt 0.230865 0.512115
vt 0.207123 0.558136
vt 0.218536 0.607391
vt 0.274384 0.695007
vt 0.801788 0.456055
vt 0.801788 0.434601
vt 0.695679 0.446991
vt 0.714935 0.414246
vt 0.591156 0.408234
vt 0.496094 0.288696
vt 0.543976 0.286957
vt 0.454437 0.695007
vt 0.493927 0.408234
vt 0.676422 0.479736
vt 0.496094 0.338135
vt 0.801788 0.477539
vt 0.540375 0.695007
vt 0.660156 0.695007
vt 0.801788 0.695007
vt 0.745880 0.084747
vt 0.803955 0.062439
vt 0.703278 0.062439
vt 0.788849 0.040649
vt 0.765045 0.012482
vt 0.623932 0.012482
vt 0.872101 0.281464
vt 0.871613 0.378815
vt 0.916412 0.378815
vt 0.916412 0.281464
vt 0.916412 0.186798
vt 0.872101 0.186707
vt 0.872101 0.088684
vt 0.916412 0.088684
vt 0.835358 0.378815
vt 0.835358 0.281464
vt 0.835358 0.186615
vt 0.835175 0.088684
vt 0.527344 0.035156
vt 0.512085 0.035156
vt 0.512085 0.012482
vt 0.680420 0.122864
vt 0.692505 0.157104
vt 0.695190 0.097931
vt 0.644531 0.128906
vt 0.582031 0.082031
vt 0.591797 0.035156
vt 0.563049 0.012482
vt 0.058624 0.649048
vt 0.010529 0.710815
vt 0.058441 0.710754
vt 0.010529 0.649994
vt 0.010529 0.633331
vt 0.058624 0.631104
vt 0.058624 0.567352
vt 0.026154 0.491486
vt 0.010559 0.431702
vt 0.010559 0.485748
vt 0.016296 0.493134
vt 0.010529 0.493134
vt 0.024994 0.431702
vt 0.055450 0.491486
vt 0.010559 0.491486
vt 0.010529 0.574646
vt 0.055542 0.431702
vt 0.010529 0.347656
vt 0.055450 0.347656
vt 0.010529 0.385254
vt 0.916412 0.009888
vt 0.835175 0.039429
vt 0.835175 0.010254
vt 0.872589 0.088684
vt 0.058624 0.493134
vt 0.071899 0.693787
vt 0.071899 0.605927
vt 0.156464 0.695007
vt 0.156433 0.611298
vt 0.156433 0.557709
vt 0.156433 0.501556
vt 0.217590 0.480042
vt 0.217590 0.448059
vt 0.257416 0.397675
vt 0.156433 0.437561
vt 0.160278 0.376007
vt 0.071899 0.409393
vt 0.075317 0.343933
vt 0.803467 0.084747
vt 0.015289 0.287781
vt 0.011688 0.334412
vt 0.011688 0.287781
vt 0.011169 0.334412
vt 0.035156 0.334412
vt 0.011169 0.233582
vt 0.054169 0.233643
vt 0.121094 0.334412
vt 0.128601 0.282623
vt 0.066406 0.334412
vt 0.167969 0.334412
vt 0.160156 0.289673
vt 0.160156 0.270660
vt 0.246094 0.281342
vt 0.285156 0.281342
vt 0.285156 0.233582
vt 0.350891 0.281342
vt 0.357971 0.251404
vt 0.379333 0.257050
vt 0.363281 0.233582
vt 0.324219 0.233582
vt 0.424072 0.233582
vt 0.465942 0.222839
vt 0.426605 0.211792
vt 0.479767 0.210938
vt 0.391205 0.205750
vt 0.353851 0.208191
vt 0.476227 0.281494
vt 0.476227 0.334412
vt 0.458344 0.276489
vt 0.467987 0.334412
vt 0.451111 0.233704
vt 0.476227 0.233185
vt 0.105774 0.233582
vt 0.160217 0.233582
vt 0.178741 0.213165
vt 0.207031 0.233582
vt 0.222412 0.213318
vt 0.246094 0.233582
vt 0.277893 0.213318
vt 0.011688 0.235779
vt 0.100677 0.213257
vt 0.137054 0.213318
vt 0.207031 0.281342
vt 0.324188 0.233582
vt 0.015686 0.334412
vt 0.149536 0.208191
vt 0.177643 0.208191
vt 0.211700 0.208191
vt 0.247070 0.208191
vt 0.305542 0.208191
vt 0.410553 0.264404
vt 0.134521 0.144745
vt 0.114441 0.198181
vt 0.172180 0.144745
vt 0.046417 0.198181
vt 0.011536 0.106659
vt 0.011536 0.198181
vt 0.093658 0.343140
vt 0.211151 0.347656
vt 0.106262 0.198181
vt 0.047394 0.100372
vt 0.080078 0.198181
vt 0.098083 0.081055
vt 0.308990 0.198181
vt 0.356903 0.198181
vt 0.360260 0.143951
vt 0.404785 0.198181
vt 0.430573 0.097229
vt 0.462463 0.198181
vt 0.490509 0.106659
vt 0.490631 0.198181
vt 0.168610 0.198181
vt 0.219879 0.198181
vt 0.219879 0.144745
vt 0.269928 0.198181
vt 0.269928 0.144745
vt 0.308990 0.144745
vt 0.354156 0.048218
vt 0.312042 0.037872
vt 0.269928 0.027527
vt 0.230865 0.027527
vt 0.189484 0.027527
vt 0.154602 0.027527
vt 0.761719 0.739685
vt 0.691406 0.737274
vt 0.660156 0.710815
vt 0.628906 0.742035
vt 0.540375 0.710815
vt 0.015625 0.817780
vt 0.019470 0.773926
vt 0.033081 0.818512
vt 0.064850 0.779053
vt 0.103851 0.823761
vt 0.153809 0.793671
vt 0.168365 0.820129
vt 0.218597 0.799408
vt 0.582031 0.753632
vt 0.496094 0.761780
vt 0.377655 0.710815
vt 0.386719 0.792969
vt 0.296844 0.710815
vt 0.292969 0.800781
vt 0.229706 0.710815
vt 0.154938 0.710815
vt 0.010406 0.772278
vt 0.010406 0.817780
vt 0.542969 0.246185
vt 0.582031 0.246185
vt 0.589844 0.183594
vt 0.929413 0.361755
vt 0.929413 0.505402
vt 0.987152 0.505402
vt 0.987152 0.128906
vt 0.929413 0.261719
vt 0.987152 0.261719
vt 0.987152 0.361755
vt 0.512085 0.246185
vt 0.512085 0.157623
vt 0.542969 0.167969
vt 0.629730 0.246185
vt 0.657593 0.199219
vt 0.512085 0.092224
vt 0.071899 0.553253
vt 0.071899 0.499786
vt 0.441406 0.334412
vt 0.801788 0.710815
vt 0.801788 0.739685
vt 0.761719 0.855469
vt 0.801788 0.855469
vt 0.801788 0.933594
vt 0.761719 0.933594
vt 0.707031 0.855469
vt 0.707031 0.933716
vt 0.628906 0.855469
vt 0.645508 0.933716
vt 0.511719 0.855469
vt 0.527344 0.933594
vt 0.398438 0.906158
vt 0.402344 0.940857
vt 0.311523 0.941010
vt 0.410156 0.987915
vt 0.324219 0.987915
vt 0.394531 0.871460
vt 0.300781 0.871460
vt 0.253906 0.871735
vt 0.207031 0.871979
vt 0.136719 0.864716
vt 0.066406 0.863281
vt 0.027344 0.863281
vt 0.010406 0.863281
vt 0.241211 0.933716
vt 0.253906 0.987915
vt 0.262451 0.902557
vt 0.207031 0.933594
vt 0.207031 0.987915
vt 0.021484 0.921173
vt 0.082031 0.925201
vt 0.135742 0.930389
vt 0.171387 0.931976
vt 0.306152 0.906219
vt 0.535156 0.987915
vt 0.652344 0.964844
vt 0.010406 0.921173
vt 0.010406 0.987915
vt 0.082031 0.987915
vt 0.136719 0.987915
vt 0.804504 0.207031
vt 0.675781 0.277344
vt 0.804504 0.269531
vt 0.712433 0.214844
vt 0.804504 0.152344
vt 0.712433 0.160156
vt 0.881104 0.804413
vt 0.986969 0.753906
vt 0.881104 0.753906
vt 0.986969 0.987915
vt 0.881104 0.987915
vt 0.986969 0.804413
vt 0.207031 0.305298
vt 0.207031 0.334412
vt 0.246094 0.334412
vt 0.363281 0.334412
vt 0.363281 0.305298
vt 0.285156 0.334412
vt 0.285156 0.305298
vt 0.246094 0.305298
vt 0.402344 0.334412
vt 0.712433 0.113281
vt 0.804504 0.113281
vt 0.512085 0.253967
vt 0.550781 0.253967
vt 0.582031 0.253967
vt 0.629730 0.253967
s 1
usemtl f_body041.png
f 577/211/445 578/212/446 579/213/447
f 580/214/448 581/215/449 582/212/446
f 582/212/446 581/215/449 583/216/450
f 582/212/446 583/216/450 584/213/447
f 584/213/447 583/216/450 585/217/451
f 584/213/447 585/217/451 586/218/452
f 587/216/450 588/219/453 585/217/451
f 585/217/451 588/219/453 589/220/454
f 585/217/451 589/220/454 586/218/452
f 586/218/452 589/220/454 590/221/455
f 586/218/452 590/221/455 584/213/447
f 584/213/447 590/221/455 591/222/456
f 584/213/447 591/222/456 592/211/445
f 593/223/457 594/224/458 595/225/459
f 595/225/459 594/224/458 596/226/460
f 595/225/459 596/226/460 597/227/461
f 598/228/462 599/229/463 600/226/464
f 601/212/465 602/230/466 603/211/467
f 604/231/468 605/214/469 606/232/470
f 607/233/471 608/227/472 609/231/473
f 609/231/473 608/227/472 610/232/474
f 609/231/473 610/232/474 611/214/475
f 612/226/464 613/224/458 614/225/476
f 614/225/476 613/224/458 615/223/477
f 614/225/476 615/223/477 616/234/478
f 616/234/478 615/223/477 617/225/459
f 616/234/478 617/225/459 618/232/479
f 618/232/479 617/225/459 619/227/480
f 618/232/479 619/227/480 620/231/481
f 620/231/481 619/227/480 621/233/482
f 622/230/466 623/212/465 624/235/483
f 624/235/483 623/212/465 625/214/484
f 624/235/483 625/214/484 626/236/485
f 626/236/485 625/214/484 627/232/486
f 626/236/485 627/232/486 628/237/487
f 629/211/488 630/230/489 631/212/490
f 631/212/490 630/230/489 632/235/491
f 631/212/490 632/235/491 633/214/469
f 633/214/469 632/235/491 634/236/492
f 633/214/469 634/236/492 606/232/479
f 606/232/479 634/236/492 635/237/487
f 606/232/479 635/237/487 636/234/478
f 636/234/478 635/237/487 637/232/474
f 636/234/478 637/232/474 638/225/476
f 638/225/476 637/232/474 639/227/472
f 638/225/476 639/227/472 640/226/464
f 640/226/464 639/227/472 641/233/493
f 640/226/464 641/233/493 642/228/462
f 643/238/463 644/239/494 645/240/495
f 645/240/495 644/239/494 646/241/496
f 645/240/495 646/241/496 647/242/497
f 648/240/498 649/242/499 650/243/500
f 651/244/501 652/245/502 653/246/503
f 654/246/503 655/247/504 651/244/505
f 651/244/505 655/247/504 656/248/506
f 651/244/505 656/248/506 657/249/507
f 657/249/507 656/248/506 658/250/508
f 659/249/509 660/250/510 661/251/511
f 662/252/512 663/253/464 664/244/513
f 664/244/513 663/253/464 665/254/514
f 664/244/513 665/254/514 666/249/515
f 666/249/515 665/254/514 667/255/495
f 666/249/515 667/255/495 668/250/510
f 669/247/516 653/246/503 670/244/517
f 670/244/517 653/246/503 652/245/502
f 670/244/517 652/245/502 671/252/512
f 671/252/512 652/245/502 672/244/518
f 671/252/512 672/244/518 673/253/519
f 673/253/519 672/244/518 674/249/520
f 673/253/519 674/249/520 675/254/521
f 675/254/521 674/249/520 676/250/508
f 675/254/521 676/250/508 677/255/522
f 678/256/523 679/257/524 680/258/525
f 681/259/526 682/260/527 683/261/528
f 684/260/529 685/262/530 686/261/531
f 686/261/531 685/262/530 687/263/532
f 686/261/531 687/263/532 688/264/533
f 688/264/533 687/263/532 689/256/523
f 688/264/533 689/256/523 690/265/534
f 690/265/534 689/256/523 691/258/525
f 692/251/535 693/248/536 694/249/537
f 694/249/537 693/248/536 695/247/516
f 694/249/537 695/247/516 696/244/538
f 697/266/539 698/267/540 699/268/541
f 700/269/542 701/270/543 702/266/544
f 702/266/545 703/267/546 704/269/547
f 704/269/547 703/267/546 705/266/548
f 704/269/547 705/266/548 706/270/543
f 706/270/543 705/266/548 707/271/549
f 706/270/543 707/271/549 708/272/550
f 709/273/551 710/274/552 711/275/553
f 712/276/554 713/272/555 714/277/556
f 715/278/557 716/279/558 717/273/559
f 711/275/553 717/273/559 718/280/560
f 719/273/551 720/275/553 718/280/560
f 721/272/550 722/281/561 723/270/562
f 724/274/552 709/273/551 725/278/563
f 725/278/563 709/273/551 726/279/564
f 725/278/563 726/279/564 727/282/565
f 728/283/525 729/284/566 730/282/567
f 716/279/568 731/278/569 730/282/570
f 730/282/570 731/278/569 732/285/571
f 730/282/570 732/285/571 733/283/525
f 734/286/572 735/287/500 736/288/573
f 737/255/495 738/287/500 739/289/574
f 739/289/574 738/287/500 740/286/575
f 739/289/574 740/286/575 741/251/576
f 742/290/554 743/276/554 721/272/550
f 721/272/550 743/276/554 744/277/556
f 721/272/550 744/277/556 722/281/561
f 722/281/561 744/277/556 745/272/577
f 722/281/561 745/272/577 723/270/562
f 723/270/562 745/272/577 746/271/578
f 723/270/562 746/271/578 747/266/545
f 717/273/559 711/275/553 715/278/557
f 715/278/557 711/275/553 710/274/552
f 715/278/557 710/274/552 732/285/571
f 732/285/571 710/274/552 748/278/579
f 732/285/571 748/278/579 733/283/525
f 733/283/525 748/278/579 749/282/580
f 733/283/525 749/282/580 750/284/581
f 751/291/582 752/292/583 753/293/584
f 753/293/584 752/292/583 754/294/585
f 753/293/584 754/294/585 755/221/586
f 755/221/586 754/294/585 756/295/587
f 755/221/586 756/295/587 757/220/588
f 757/220/588 756/295/587 758/296/589
f 757/220/588 758/296/589 759/219/590
f 759/219/590 758/296/589 760/297/591
f 759/219/590 760/297/591 761/216/592
f 761/216/592 760/297/591 762/298/593
f 761/216/592 762/298/593 763/299/594
f 763/299/594 762/298/593 764/300/595
f 763/299/594 764/300/595 765/301/596
f 765/301/596 764/300/595 766/302/597
f 765/301/596 766/302/597 767/303/598
f 768/213/599 769/212/600 770/211/601
f 771/218/602 772/217/603 773/213/599
f 773/213/599 772/217/603 774/216/592
f 773/213/599 774/216/592 775/212/600
f 775/212/600 774/216/592 776/215/604
f 775/212/600 776/215/604 777/214/484
f 778/239/494 779/238/514 780/304/462
f 781/305/605 782/306/606 783/307/607
f 784/308/608 785/309/609 786/310/610
f 786/310/610 785/309/609 787/311/611
f 788/312/612 789/313/613 790/314/614
f 788/312/615 791/315/616 792/313/617
f 792/313/617 791/315/616 793/316/618
f 792/313/617 793/316/618 794/317/619
f 795/318/620 796/319/621 797/320/622
f 797/320/622 796/319/621 798/321/623
f 797/320/622 798/321/623 799/322/624
f 800/323/625 801/324/626 802/322/627
f 802/322/627 801/324/626 803/325/628
f 802/322/627 803/325/628 804/320/622
f 805/326/629 806/327/630 807/328/631
f 807/328/631 806/327/630 808/329/632
f 808/329/632 809/330/570 807/328/631
f 807/328/631 809/330/570 810/331/566
f 807/328/631 810/331/566 811/326/633
f 812/332/607 813/333/634 814/334/630
f 814/334/630 813/333/634 815/335/635
f 816/326/629 817/336/636 818/334/630
f 818/334/630 817/336/636 819/337/637
f 818/334/630 819/337/637 820/332/607
f 821/338/638 822/339/639 823/340/640
f 823/340/640 822/339/639 824/341/641
f 823/340/640 824/341/641 825/342/642
f 825/342/642 824/341/641 826/343/643
f 825/342/642 826/343/643 827/344/644
f 783/307/607 828/345/637 829/305/645
f 829/305/645 828/345/637 830/311/646
f 829/305/645 830/311/646 831/346/647
f 831/346/647 830/311/646 832/338/648
f 831/346/647 832/338/648 833/347/649
f 833/347/649 832/338/648 834/340/650
f 835/309/651 790/314/614 787/311/611
f 787/311/611 790/314/614 789/313/613
f 787/311/611 789/313/613 836/338/638
f 836/338/638 789/313/613 837/317/652
f 836/338/638 837/317/652 838/339/639
f 838/339/639 837/317/652 839/348/653
f 838/339/639 839/348/653 840/341/641
f 840/341/641 839/348/653 841/318/654
f 840/341/641 841/318/654 842/343/655
f 842/343/655 841/318/654 843/320/622
f 842/343/655 843/320/622 844/344/644
f 844/344/644 843/320/622 845/349/656
f 782/306/606 781/305/605 846/350/657
f 846/350/657 781/305/605 847/346/658
f 846/350/657 847/346/658 848/351/659
f 848/351/659 847/346/658 833/347/649
f 848/351/659 833/347/649 849/352/660
f 849/352/660 833/347/649 834/340/650
f 849/352/660 834/340/650 850/353/661
f 850/353/661 834/340/650 851/342/662
f 850/353/661 851/342/662 852/354/663
f 852/354/663 851/342/662 827/344/644
f 852/354/663 827/344/644 853/355/533
f 853/355/533 827/344/644 854/325/656
f 853/355/533 854/325/656 855/331/664
f 855/331/664 854/325/656 856/324/626
f 855/331/664 856/324/626 811/326/665
f 811/326/665 856/324/626 857/323/666
f 811/326/665 857/323/666 858/356/667
f 859/357/668 860/358/669 861/359/670
f 862/360/671 863/361/672 864/362/673
f 865/336/674 866/326/665 867/356/675
f 868/303/676 869/363/677 870/301/596
f 870/301/596 869/363/677 871/364/678
f 870/301/596 871/364/678 872/299/594
f 860/358/669 859/357/668 873/365/679
f 863/361/672 862/360/671 874/366/604
f 874/366/604 862/360/671 875/367/680
f 874/366/604 875/367/680 876/368/475
f 877/369/681 878/370/682 879/371/683
f 879/371/683 878/370/682 880/372/684
f 879/371/683 880/372/684 881/373/685
f 881/373/685 880/372/684 882/374/686
f 881/373/685 882/374/686 883/375/592
f 883/375/592 882/374/686 884/376/687
f 860/358/688 885/377/689 886/359/670
f 886/359/670 885/377/689 887/378/690
f 886/359/670 887/378/690 888/379/691
f 888/379/691 887/378/690 889/380/692
f 888/379/691 889/380/692 890/381/693
f 890/381/693 889/380/692 891/369/694
f 890/381/693 891/369/694 892/382/695
f 892/382/695 891/369/694 893/371/683
f 892/382/695 893/371/683 894/383/696
f 894/383/696 893/371/683 895/373/685
f 894/383/697 896/384/698 897/382/695
f 897/382/695 896/384/698 898/385/494
f 897/382/695 898/385/494 899/381/693
f 899/381/693 898/385/494 900/386/462
f 899/381/693 900/386/462 901/379/691
f 901/379/691 900/386/462 902/387/471
f 901/379/691 902/387/471 861/359/670
f 861/359/670 902/387/471 903/388/473
f 861/359/670 903/388/473 859/357/668
f 859/357/668 903/388/473 876/368/475
f 859/357/668 876/368/475 873/365/679
f 873/365/679 876/368/475 875/367/680
f 904/267/546 905/266/544 906/268/699
f 907/389/700 908/390/701 909/391/702
f 909/391/702 908/390/701 910/392/703
f 909/391/702 910/392/703 911/393/704
f 912/221/705 913/222/706 914/293/707
f 915/394/708 916/395/709 917/396/710
f 917/396/710 916/395/709 918/397/711
f 917/396/710 918/397/711 919/398/712
f 919/398/712 918/397/711 920/399/713
f 919/398/712 920/399/713 921/400/714
f 921/400/714 920/399/713 922/401/715
f 923/392/703 924/402/716 911/393/717
f 911/393/717 924/402/716 925/403/718
f 911/393/717 925/403/718 926/404/719
f 926/404/719 925/403/718 927/405/720
f 926/404/719 927/405/720 928/406/721
f 928/406/721 927/405/720 929/407/722
f 928/406/721 929/407/722 930/408/723
f 930/408/723 929/407/722 922/401/724
f 930/408/723 922/401/724 931/409/725
f 931/409/725 922/401/724 932/399/726
f 931/409/725 932/399/726 906/268/699
f 906/268/699 932/399/726 933/397/727
f 906/268/699 933/397/727 934/267/546
f 934/267/546 933/397/727 935/395/709
f 934/267/546 935/395/709 936/410/728
f 936/410/728 935/395/709 937/394/708
f 936/410/728 937/394/708 938/411/729
f 939/211/601 940/222/730 941/213/731
f 941/213/731 940/222/730 942/221/732
f 941/213/731 942/221/732 943/218/602
f 943/218/602 942/221/732 944/220/588
f 943/218/602 944/220/588 945/217/733
f 945/217/733 944/220/588 946/219/734
f 945/217/733 946/219/734 947/216/592
f 948/412/735 949/413/736 950/414/737
f 951/265/738 952/256/739 953/264/533
f 954/415/740 955/416/741 956/417/742
f 957/418/743 958/419/744 959/420/745
f 959/420/745 958/419/744 960/415/746
f 959/420/745 960/415/746 961/421/747
f 961/421/747 960/415/746 956/417/748
f 962/412/749 963/422/750 964/423/751
f 964/423/751 963/422/750 965/412/752
f 964/423/751 965/412/752 966/424/753
f 966/424/753 965/412/752 967/414/737
f 966/424/753 967/414/737 968/263/754
f 968/263/754 967/414/737 969/262/755
f 968/263/754 969/262/755 970/261/756
f 970/261/756 969/262/755 971/259/757
f 972/413/758 973/425/759 974/414/737
f 974/414/737 973/425/759 975/426/760
f 974/414/737 975/426/760 976/262/755
f 976/262/755 975/426/760 977/260/761
f 976/262/755 977/260/761 971/259/762
f 951/265/763 978/258/525 979/256/764
f 979/256/764 978/258/525 980/257/765
f 979/256/764 980/257/765 981/427/766
f 981/427/766 980/257/765 982/256/767
f 981/427/766 982/256/767 983/424/768
f 983/424/768 982/256/767 984/263/769
f 983/424/768 984/263/769 985/414/770
f 985/414/770 984/263/769 986/262/771
f 985/414/770 986/262/771 987/426/772
f 987/426/772 986/262/771 988/260/529
f 989/261/773 953/264/533 990/263/754
f 990/263/754 953/264/533 952/256/739
f 990/263/754 952/256/739 991/424/753
f 991/424/753 952/256/739 992/427/766
f 991/424/753 992/427/766 993/423/774
f 993/423/774 992/427/766 994/424/775
f 993/423/774 994/424/775 995/412/776
f 995/412/776 994/424/775 996/414/770
f 995/412/776 996/414/770 997/413/777
f 997/413/777 996/414/770 998/425/778
f 999/272/555 1000/276/554 1001/290/554
f 1002/298/779 1003/297/591 1004/300/595
f 1004/300/595 1003/297/591 1005/296/780
f 1004/300/595 1005/296/780 1006/302/781
f 1007/294/585 1008/292/782 1009/295/783
f 1009/295/783 1008/292/782 1010/428/784
f 1009/295/783 1010/428/784 1005/296/780
f 1005/296/780 1010/428/784 1011/429/785
f 1005/296/780 1011/429/785 1006/302/781
f 1012/251/786 1013/250/508 1014/248/787
f 1015/243/788 1016/242/789 1017/240/790
f 1018/242/791 1019/241/792 1017/240/522
f 1017/240/522 1019/241/792 1020/239/494
f 1017/240/522 1020/239/494 1021/238/521
f 1021/238/521 1020/239/494 1022/304/793
f 1023/229/521 1024/228/793 1025/226/794
f 1025/226/794 1024/228/793 1026/233/795
f 1025/226/794 1026/233/795 1027/227/461
f 1028/356/796 1029/323/797 1030/326/798
f 1030/326/798 1029/323/797 1031/324/799
f 1030/326/798 1031/324/799 1032/331/800
f 1032/331/800 1031/324/799 1033/325/801
f 1032/331/800 1033/325/801 1034/355/802
f 1034/355/802 1033/325/801 1035/344/803
f 1034/355/802 1035/344/803 1036/354/804
f 1036/354/804 1035/344/803 1037/342/805
f 1036/354/804 1037/342/805 1038/353/806
f 1038/353/806 1037/342/805 1039/340/807
f 1038/353/806 1039/340/807 1040/352/808
f 1040/352/808 1039/340/807 1041/347/809
f 1040/352/808 1041/347/809 1042/351/810
f 1042/351/810 1041/347/809 1043/346/811
f 1042/351/810 1043/346/811 1044/350/812
f 1044/350/812 1043/346/811 1045/305/813
f 1044/350/812 1045/305/813 1046/306/814
f 1046/306/814 1045/305/813 1047/307/815
f 1048/299/816 1049/364/817 1050/301/818
f 1050/301/818 1049/364/817 1051/363/819
f 1050/301/818 1051/363/819 1052/303/820
f 1053/302/821 1054/296/822 1055/300/823
f 1055/300/823 1054/296/822 1056/297/824
f 1055/300/823 1056/297/824 1057/298/825
f 1058/302/826 1059/429/827 1060/296/828
f 1060/296/828 1059/429/827 1061/428/829
f 1060/296/828 1061/428/829 1062/295/830
f 1062/295/830 1061/428/829 1063/292/831
f 1062/295/830 1063/292/831 1064/294/832
f 1052/303/833 1053/302/821 1065/301/818
f 1065/301/818 1053/302/821 1055/300/823
f 1065/301/818 1055/300/823 1066/299/816
f 1066/299/816 1055/300/823 1057/298/825
f 1066/299/816 1057/298/825 1067/216/834
f 1067/216/834 1057/298/825 1056/297/824
f 1067/216/834 1056/297/824 1068/219/835
f 1068/219/835 1056/297/824 1054/296/822
f 1068/219/835 1054/296/822 1069/220/836
f 1069/220/836 1054/296/822 1062/295/830
f 1069/220/836 1062/295/830 1070/221/837
f 1070/221/837 1062/295/830 1064/294/832
f 1070/221/837 1064/294/832 1071/293/838
f 1071/293/838 1064/294/832 1063/292/831
f 1071/293/838 1063/292/831 1072/291/839
f 1073/338/840 1074/347/841 1075/340/842
f 1076/374/843 1077/375/450 1078/376/844
f 1079/371/845 1080/383/846 1081/373/816
f 1082/320/847 1083/344/848 1084/349/801
f 1085/368/448 1086/365/849 1087/367/850
f 1088/326/851 1089/336/852 1090/356/853
f 1091/320/854 1092/325/855 1093/322/856
f 1093/322/856 1092/325/855 1094/324/799
f 1093/322/856 1094/324/799 1095/323/857
f 1096/288/858 1097/287/859 1098/286/860
f 1086/365/849 1099/357/861 1100/358/862
f 1100/358/862 1099/357/861 1101/359/863
f 1102/368/469 1087/367/850 1103/366/864
f 1103/366/864 1087/367/850 1104/360/865
f 1103/366/864 1104/360/865 1105/361/866
f 1105/361/866 1104/360/865 1106/362/867
f 1107/326/798 1108/328/868 1109/327/869
f 1109/327/869 1108/328/868 1110/329/870
f 1111/326/871 1112/331/581 1113/328/872
f 1113/328/872 1112/331/581 1114/330/565
f 1113/328/872 1114/330/565 1110/329/873
f 1115/335/870 1116/333/874 1117/334/875
f 1117/334/875 1116/333/874 1118/332/876
f 1117/334/875 1118/332/876 1119/337/877
f 1120/251/878 1121/286/879 1122/289/880
f 1122/289/880 1121/286/879 1123/287/788
f 1122/289/880 1123/287/788 1124/255/881
f 1125/326/871 1126/334/882 1127/336/883
f 1127/336/883 1126/334/882 1119/337/877
f 1127/336/883 1119/337/877 1128/430/884
f 1128/430/884 1119/337/877 1129/333/885
f 1130/344/803 1131/343/886 1132/342/887
f 1132/342/887 1131/343/886 1133/341/888
f 1132/342/887 1133/341/888 1134/340/889
f 1134/340/889 1133/341/888 1135/339/890
f 1134/340/889 1135/339/890 1136/338/840
f 1137/347/891 1138/338/892 1139/346/893
f 1139/346/893 1138/338/892 1140/311/894
f 1139/346/893 1140/311/894 1141/305/895
f 1141/305/895 1140/311/894 1142/345/896
f 1141/305/895 1142/345/896 1143/307/897
f 1077/375/450 1076/374/843 1144/373/898
f 1144/373/898 1076/374/843 1145/372/899
f 1144/373/898 1145/372/899 1146/371/845
f 1146/371/845 1145/372/899 1147/370/900
f 1146/371/845 1147/370/900 1148/369/901
f 1149/383/902 1150/371/845 1151/382/903
f 1151/382/903 1150/371/845 1148/369/904
f 1151/382/903 1148/369/904 1152/381/905
f 1152/381/905 1148/369/904 1153/380/906
f 1152/381/905 1153/380/906 1154/379/907
f 1154/379/907 1153/380/906 1155/378/908
f 1154/379/907 1155/378/908 1156/359/863
f 1156/359/863 1155/378/908 1157/377/909
f 1156/359/863 1157/377/909 1100/358/910
f 1158/344/848 1159/320/847 1160/343/911
f 1160/343/911 1159/320/847 1161/318/912
f 1160/343/911 1161/318/912 1162/341/888
f 1162/341/888 1161/318/912 1163/348/913
f 1162/341/888 1163/348/913 1135/339/890
f 1135/339/890 1163/348/913 1164/317/914
f 1135/339/890 1164/317/914 1136/338/840
f 1136/338/840 1164/317/914 1165/313/915
f 1136/338/840 1165/313/915 1166/311/916
f 1166/311/916 1165/313/915 1167/314/917
f 1166/311/916 1167/314/917 1168/309/918
f 1086/365/849 1085/368/448 1099/357/861
f 1099/357/861 1085/368/448 1169/388/468
f 1099/357/861 1169/388/468 1101/359/863
f 1101/359/863 1169/388/468 1170/387/482
f 1101/359/863 1170/387/482 1171/379/907
f 1171/379/907 1170/387/482 1172/386/793
f 1171/379/907 1172/386/793 1173/381/905
f 1173/381/905 1172/386/793 1174/385/494
f 1173/381/905 1174/385/494 1175/382/903
f 1175/382/903 1174/385/494 1176/384/919
f 1175/382/903 1176/384/919 1177/383/791
f 1178/293/920 1179/222/921 1180/221/922
f 1181/391/923 1182/431/924 1183/389/700
f 1183/389/700 1182/431/924 1184/432/925
f 1185/393/926 1186/392/927 1187/391/928
f 1187/391/928 1186/392/927 1188/390/929
f 1187/391/928 1188/390/929 1189/389/930
f 1189/389/930 1188/390/929 1190/433/931
f 1189/389/930 1190/433/931 1191/434/932
f 1191/434/932 1190/433/931 1192/435/933
f 1191/434/932 1192/435/933 1193/433/934
f 1193/433/934 1192/435/933 1194/436/935
f 1193/433/934 1194/436/935 1195/437/936
f 1195/437/936 1194/436/935 1196/438/937
f 1195/437/936 1196/438/937 1197/439/938
f 1197/439/938 1196/438/937 1198/440/939
f 1197/439/938 1198/440/939 1199/441/940
f 1199/441/940 1198/440/939 1200/442/941
f 1199/441/940 1200/442/941 1201/443/942
f 1201/443/942 1200/442/941 1202/444/943
f 1201/443/942 1202/444/943 1203/445/944
f 1203/445/944 1202/444/943 1204/446/945
f 1203/445/944 1204/446/945 1205/447/946
f 1206/431/947 1207/389/948 1184/432/925
f 1184/432/925 1207/389/948 1208/434/932
f 1184/432/925 1208/434/932 1183/389/700
f 1183/389/700 1208/434/932 1209/433/934
f 1183/389/700 1209/433/934 1210/390/949
f 1210/390/949 1209/433/934 1211/437/950
f 1210/390/949 1211/437/950 1212/392/951
f 1212/392/951 1211/437/950 1213/439/952
f 1212/392/951 1213/439/952 1214/402/953
f 1214/402/953 1213/439/952 1215/441/954
f 1214/402/953 1215/441/954 1216/403/718
f 1216/403/718 1215/441/954 1217/448/955
f 1216/403/718 1217/448/955 1218/405/956
f 1218/405/956 1217/448/955 1219/449/957
f 1218/405/956 1219/449/957 1220/407/958
f 1220/407/958 1219/449/957 1221/450/959
f 1220/407/958 1221/450/959 1222/401/724
f 1222/401/724 1221/450/959 1223/451/960
f 1222/401/724 1223/451/960 1224/400/714
f 1224/400/714 1223/451/960 1225/452/961
f 1224/400/714 1225/452/961 1226/398/712
f 1226/398/712 1225/452/961 1227/453/962
f 1226/398/712 1227/453/962 1228/396/710
f 1228/396/710 1227/453/962 1229/454/963
f 1228/396/710 1229/454/963 1230/394/708
f 1230/394/708 1229/454/963 1231/455/964
f 1230/394/708 1231/455/964 1232/411/729
f 1232/411/729 1231/455/964 1233/394/965
f 1232/411/729 1233/394/965 1234/410/966
f 1234/410/966 1233/394/965 1235/395/967
f 1234/410/966 1235/395/967 1236/267/546
f 1236/267/546 1235/395/967 1237/397/968
f 1236/267/546 1237/397/968 1238/268/969
f 1238/268/969 1237/397/968 1239/399/970
f 1238/268/969 1239/399/970 1240/409/971
f 1240/409/971 1239/399/970 1241/401/972
f 1240/409/971 1241/401/972 1242/408/973
f 1242/408/973 1241/401/972 1243/407/974
f 1242/408/973 1243/407/974 1244/406/975
f 1244/406/975 1243/407/974 1245/405/976
f 1244/406/975 1245/405/976 1246/404/977
f 1246/404/977 1245/405/976 1247/403/978
f 1246/404/977 1247/403/978 1248/393/979
f 1248/393/979 1247/403/978 1249/402/980
f 1248/393/979 1249/402/980 1250/392/927
f 1250/392/927 1249/402/980 1251/439/981
f 1250/392/927 1251/439/981 1252/437/982
f 1252/437/982 1251/439/981 1253/438/983
f 1252/437/982 1253/438/983 1254/436/984
f 1255/415/985 1256/421/986 1257/417/987
f 1257/417/988 1258/416/989 1259/415/990
f 1256/421/986 1255/415/985 1260/420/991
f 1260/420/991 1255/415/985 1261/419/992
f 1260/420/991 1261/419/992 1262/418/993
f 1263/437/994 1264/390/995 1265/392/927
f 1266/399/996 1267/400/997 1268/401/972
f 1269/456/998 1270/447/999 1271/457/1000
f 1272/389/930 1273/431/1001 1274/391/1002
f 1275/402/1003 1276/441/1004 1277/439/981
f 1278/449/1005 1279/450/1006 1280/458/1007
f 1280/458/1007 1279/450/1006 1281/451/1008
f 1280/458/1007 1281/451/1008 1282/459/1009
f 1264/390/995 1263/437/994 1283/433/1010
f 1283/433/1010 1263/437/994 1284/436/1011
f 1283/433/1010 1284/436/1011 1285/435/933
f 1286/460/1012 1287/456/1013 1271/457/1014
f 1288/459/1015 1289/451/753 1290/458/1016
f 1290/458/1016 1289/451/753 1291/450/959
f 1290/458/1016 1291/450/959 1292/449/1017
f 1293/454/1018 1294/461/1019 1295/453/1020
f 1295/453/1020 1294/461/1019 1296/462/1021
f 1295/453/1020 1296/462/1021 1297/452/1022
f 1297/452/1022 1296/462/1021 1298/463/1023
f 1297/452/1022 1298/463/1023 1281/451/1008
f 1281/451/1008 1298/463/1023 1299/464/1024
f 1281/451/1008 1299/464/1024 1282/459/1009
f 1275/402/1003 1300/403/978 1276/441/1004
f 1276/441/1004 1300/403/978 1301/448/1025
f 1276/441/1004 1301/448/1025 1302/443/1026
f 1302/443/1026 1301/448/1025 1303/465/1027
f 1302/443/1026 1303/465/1027 1304/445/1028
f 1304/445/1028 1303/465/1027 1305/456/1029
f 1304/445/1028 1306/444/1030 1302/443/1026
f 1302/443/1026 1306/444/1030 1307/442/1031
f 1302/443/1026 1307/442/1031 1276/441/1004
f 1276/441/1004 1307/442/1031 1308/440/1032
f 1276/441/1004 1308/440/1032 1277/439/981
f 1267/400/997 1266/399/996 1309/398/1033
f 1309/398/1033 1266/399/996 1310/397/968
f 1309/398/1033 1310/397/968 1311/396/1034
f 1311/396/1034 1310/397/968 1312/395/1035
f 1311/396/1034 1312/395/1035 1313/394/965
f 1288/459/1015 1314/464/1036 1289/451/753
f 1289/451/753 1314/464/1036 1315/463/1037
f 1289/451/753 1315/463/1037 1316/452/961
f 1316/452/961 1315/463/1037 1317/462/1038
f 1316/452/961 1317/462/1038 1318/453/1039
f 1318/453/1039 1317/462/1038 1319/461/1040
f 1318/453/1039 1319/461/1040 1320/454/1041
f 1270/447/999 1321/456/998 1322/445/1042
f 1322/445/1042 1321/456/998 1323/465/1043
f 1322/445/1042 1323/465/1043 1324/443/1044
f 1324/443/1044 1323/465/1043 1325/448/955
f 1324/443/1044 1325/448/955 1326/441/940
f 1313/394/965 1293/454/1018 1311/396/1034
f 1311/396/1034 1293/454/1018 1295/453/1020
f 1311/396/1034 1295/453/1020 1309/398/1033
f 1309/398/1033 1295/453/1020 1297/452/1022
f 1309/398/1033 1297/452/1022 1267/400/997
f 1267/400/997 1297/452/1022 1281/451/1008
f 1267/400/997 1281/451/1008 1268/401/972
f 1268/401/972 1281/451/1008 1279/450/1006
f 1268/401/972 1279/450/1006 1327/407/1045
f 1327/407/1045 1279/450/1006 1278/449/1005
f 1327/407/1045 1278/449/1005 1328/405/1046
f 1329/460/1047 1330/457/1048 1331/456/1029
f 1331/456/1029 1330/457/1048 1332/447/1049
f 1331/456/1029 1332/447/1049 1304/445/1028
f 1304/445/1028 1332/447/1049 1333/446/1050
f 1304/445/1028 1333/446/1050 1306/444/1030
f 1306/444/1030 1333/446/1050 1334/466/1051
f 1306/444/1030 1334/466/1051 1307/442/1031
f 1307/442/1031 1334/466/1051 1335/467/1052
f 1307/442/1031 1335/467/1052 1308/440/1032
f 1308/440/1032 1335/467/1052 1336/438/983
f 1308/440/1032 1336/438/983 1277/439/981
f 1313/394/965 1337/455/1053 1293/454/1018
f 1293/454/1018 1337/455/1053 1338/468/1054
f 1293/454/1018 1338/468/1054 1294/461/1019
f 1294/461/1019 1338/468/1054 1339/469/1055
f 1294/461/1019 1339/469/1055 1296/462/1021
f 1296/462/1021 1339/469/1055 1340/470/1056
f 1296/462/1021 1340/470/1056 1298/463/1023
f 1298/463/1023 1340/470/1056 1341/471/1057
f 1298/463/1023 1341/471/1057 1299/464/1024
f 1299/464/1024 1341/471/1057 1342/460/1047
f 1299/464/1024 1342/460/1047 1282/459/1009
f 1282/459/1009 1342/460/1047 1305/456/1029
f 1282/459/1009 1305/456/1029 1280/458/1007
f 1280/458/1007 1305/456/1029 1303/465/1027
f 1280/458/1007 1303/465/1027 1278/449/1005
f 1278/449/1005 1303/465/1027 1301/448/1025
f 1278/449/1005 1301/448/1025 1328/405/1046
f 1328/405/1046 1301/448/1025 1300/403/978
f 1343/455/1053 1320/454/1041 1344/468/1058
f 1344/468/1058 1320/454/1041 1319/461/1040
f 1344/468/1058 1319/461/1040 1345/469/1055
f 1345/469/1055 1319/461/1040 1317/462/1038
f 1345/469/1055 1317/462/1038 1346/470/1059
f 1346/470/1059 1317/462/1038 1315/463/1037
f 1346/470/1059 1315/463/1037 1347/471/1060
f 1347/471/1060 1315/463/1037 1314/464/1036
f 1347/471/1060 1314/464/1036 1348/460/1012
f 1348/460/1012 1314/464/1036 1288/459/1015
f 1348/460/1012 1288/459/1015 1269/456/1013
f 1269/456/1013 1288/459/1015 1290/458/1016
f 1269/456/1013 1290/458/1016 1323/465/1043
f 1323/465/1043 1290/458/1016 1292/449/1017
f 1323/465/1043 1292/449/1017 1325/448/955
f 1349/472/1061 1350/473/1062 1351/474/1063
f 1352/473/1064 1353/472/1061 1354/475/772
f 1354/475/772 1353/472/1061 1355/476/1065
f 1354/475/772 1355/476/1065 1356/477/1066
f 1357/477/1067 1358/476/1068 1359/475/760
f 1359/475/760 1358/476/1068 1360/472/1069
f 1359/475/760 1360/472/1069 1361/473/761
f 1361/473/761 1360/472/1069 1362/474/1063
f 1363/478/741 1364/479/1070 1365/480/1071
f 1366/481/1072 1367/482/1073 1368/483/1074
f 1368/483/1074 1367/482/1073 1369/478/989
f 1368/483/1074 1369/478/989 1364/479/1070
f 1364/479/1070 1369/478/989 1370/480/1075
f 1364/479/1070 1363/478/741 1368/483/1074
f 1368/483/1074 1363/478/741 1371/482/1076
f 1368/483/1074 1371/482/1076 1372/481/1077
f 1373/333/1078 1374/337/610 1375/430/1079
f 1375/430/1079 1374/337/610 1376/336/636
f 1377/484/1080 1378/485/1081 1379/486/1082
f 1380/315/616 1378/485/1081 1381/316/618
f 1381/316/618 1378/485/1081 1377/484/1080
f 1381/316/618 1377/484/1080 1382/317/1083
f 1383/323/625 1384/322/627 1385/321/623
f 1386/487/1084 1387/488/1085 1388/489/1086
f 1388/489/1086 1387/488/1085 1389/490/1087
f 1388/489/1086 1389/490/1087 1379/486/1082
f 1379/486/1082 1389/490/1087 1390/491/1088
f 1379/486/1082 1390/491/1088 1377/484/1080
f 1377/484/1080 1390/491/1088 1391/348/1089
f 1377/484/1080 1391/348/1089 1382/317/1083
f 1392/430/1090 1393/336/1091 1394/492/1092
f 1394/492/1092 1393/336/1091 1395/356/675
f 1394/492/1092 1395/356/675 1386/487/1084
f 1386/487/1084 1395/356/675 1383/323/625
f 1386/487/1084 1383/323/625 1387/488/1085
f 1387/488/1085 1383/323/625 1385/321/623
f 1387/488/1085 1385/321/623 1389/490/1087
f 1389/490/1087 1385/321/623 1396/319/1093
f 1389/490/1087 1396/319/1093 1390/491/1088
f 1390/491/1088 1396/319/1093 1397/318/654
f 1390/491/1088 1397/318/654 1391/348/1089
f 1398/308/1094 1399/310/877 1400/309/1095
f 1400/309/1095 1399/310/877 1401/311/916
f 1402/314/917 1403/313/915 1404/312/1096
f 1405/317/1097 1406/316/1098 1407/313/1099
f 1407/313/1099 1406/316/1098 1408/315/1100
f 1407/313/1099 1408/315/1100 1404/312/1101
f 1409/322/1102 1410/321/1103 1411/320/854
f 1411/320/854 1410/321/1103 1412/319/1104
f 1411/320/854 1412/319/1104 1413/318/1105
f 1414/316/1098 1415/317/914 1416/484/1106
f 1417/315/1100 1414/316/1098 1418/485/1107
f 1418/485/1107 1414/316/1098 1416/484/1106
f 1418/485/1107 1416/484/1106 1419/486/1108
f 1420/321/1103 1421/322/856 1422/323/857
f 1415/317/914 1423/348/1109 1416/484/1106
f 1416/484/1106 1423/348/1109 1424/491/1110
f 1416/484/1106 1424/491/1110 1419/486/1108
f 1419/486/1108 1424/491/1110 1425/490/1111
f 1419/486/1108 1425/490/1111 1426/489/1112
f 1426/489/1112 1425/490/1111 1427/488/1113
f 1426/489/1112 1427/488/1113 1428/487/1114
f 1423/348/1109 1429/318/912 1424/491/1110
f 1424/491/1110 1429/318/912 1430/319/1115
f 1424/491/1110 1430/319/1115 1425/490/1111
f 1425/490/1111 1430/319/1115 1420/321/1103
f 1425/490/1111 1420/321/1103 1427/488/1113
f 1427/488/1113 1420/321/1103 1422/323/857
f 1427/488/1113 1422/323/857 1428/487/1114
f 1428/487/1114 1422/323/857 1431/356/853
f 1428/487/1114 1431/356/853 1432/492/1116
f 1432/492/1116 1431/356/853 1433/336/1117
f 1432/492/1116 1433/336/1117 1434/430/1118
f 1435/414/770 1436/426/772 1437/425/1119
f 1438/476/1068 1439/477/1120 1440/493/1121
f 1440/493/1121 1441/494/1122 1438/476/1068
f 1438/476/1068 1441/494/1122 1442/493/1123
f 1438/476/1068 1442/493/1123 1443/477/1066
f 1444/495/1124 1445/412/776 1446/496/1125
f 1446/496/1125 1445/412/776 1447/413/1126
f 1446/496/1125 1447/413/1126 1448/497/1127
f 1448/497/1127 1447/413/1126 1449/425/1119
f 1448/497/1127 1449/425/1119 1450/498/1128
f 1451/498/1129 1452/425/1130 1453/497/1131
f 1453/497/1131 1452/425/1130 1454/413/736
f 1453/497/1131 1454/413/736 1455/496/1132
f 1455/496/1132 1454/413/736 1456/412/1133
f 1455/496/1132 1456/412/1133 1444/495/1124
f 1444/495/1124 1456/412/1133 1457/422/750
f 1444/495/1124 1457/422/750 1445/412/776
f 1458/446/1134 1459/444/1135 1460/466/1136
f 1460/466/1136 1459/444/1135 1461/442/941
f 1460/466/1136 1461/442/941 1462/467/1137
f 1462/467/1137 1461/442/941 1463/440/1138
f 1462/467/1137 1463/440/1138 1464/438/1139
o editpl_f-0000-17
v 17.774509 -18.961451 -6.375829
v 18.041695 -22.785824 -5.483412
v 13.443973 -23.867044 -10.274453
v 5.605623 -19.959255 -15.193300
v 5.177067 -23.581499 -11.370247
v 0.000000 -16.789389 -13.387353
v 0.656062 -20.870428 -9.959940
v 0.000000 -19.689751 -8.008405
v 0.849177 -23.167620 -6.853710
v 0.000000 -22.282110 -0.799061
v 13.573598 -15.268620 -12.148195
v 13.076261 -9.265766 -9.685437
v 17.406797 -14.578822 -7.548306
v 16.330114 -9.021929 -3.229590
v 13.573598 -20.908932 -12.852791
v 4.571268 -19.638416 7.418281
v 3.851717 -23.822126 8.382935
v 9.653100 -18.008566 9.267570
v 9.250998 -23.475622 9.332030
v 14.459810 -22.830742 8.504072
v 0.000000 -14.113607 12.320456
v 0.000000 -9.371640 12.205987
v -8.692817 -13.430224 10.947936
v -8.216643 -8.746008 10.952381
v -15.118517 -12.486964 9.035298
v -8.692817 -13.430224 10.947936
v -13.832848 -7.594204 8.846368
v -8.216643 -8.746008 10.952381
v -10.740364 -3.593370 8.655214
v 13.573598 -20.908932 -12.852791
v 13.573598 -15.268620 -12.148195
v 17.774509 -18.961451 -6.375829
v 18.375017 -13.625936 -2.239375
v 17.430605 -12.865553 4.414294
v 15.758706 -9.243306 4.894397
v 14.480973 -11.883791 6.985964
v 1.103136 -24.239216 -5.857938
v 0.849177 -23.167620 -6.853710
v 0.656062 -20.870428 -9.959940
v 5.605623 -19.959255 -15.193300
v 0.000000 -16.789389 -13.387353
v 8.190189 -15.493207 -14.642070
v 0.000000 -9.073264 -12.540502
v 8.957358 -9.374850 -12.187092
v 8.084372 -5.515184 -11.227996
v 12.504852 -4.122753 -8.190669
v 4.613595 -4.825383 11.270227
v 0.000000 -5.297013 11.641419
v 0.000000 -9.371640 12.205987
v -4.613595 -4.825383 11.270227
v -8.216643 -8.746008 10.952381
v -7.790732 -4.257503 9.468724
v -10.740364 -3.593370 8.655214
v 7.790732 -4.257503 9.468724
v 4.613595 -4.825383 11.270227
v 8.216643 -8.746008 10.952381
v 0.000000 -9.371640 12.205987
v 8.692817 -13.430224 10.947936
v 0.000000 -14.113607 12.320456
v 0.000000 -24.627424 14.199754
v -8.692817 -13.430224 10.947936
v -10.978451 -24.159006 11.365805
v -15.118517 -12.486964 9.035298
v -22.880150 -22.615782 7.113770
v 19.279747 -21.810480 -1.209150
v 18.549614 -21.512102 5.353387
v 14.480973 -11.883791 6.985964
v 9.653100 -18.008566 9.267570
v 8.949421 -15.281452 8.921940
v 4.571268 -19.638416 7.418281
v 0.000000 -14.665446 9.580972
v 0.000000 -20.588093 7.473847
v 8.190189 -15.493207 -14.642070
v 8.957358 -9.374850 -12.187092
v 15.774579 -5.848854 0.830180
v 13.269376 -8.675424 7.023749
v 10.772109 -12.454881 8.558528
v 8.949421 -15.281452 8.921940
v 8.192834 -8.797342 9.399821
v 0.000000 -14.665446 9.580972
v 0.000000 -9.759852 10.801237
v -8.192834 -8.797342 9.399821
v -13.076261 -9.265766 -9.685437
v -17.406797 -14.578822 -7.548306
v -16.330114 -9.021929 -3.229590
v 7.150543 -5.245681 -12.072624
v 4.065995 0.279127 -9.040854
v 6.695532 -0.118711 -8.184001
v 10.978451 -24.159006 11.365805
v 8.692817 -13.430224 10.947936
v 0.000000 -24.627424 14.199754
v -4.065995 0.279127 -9.040854
v -2.044902 0.279127 -9.624314
v 0.000000 -5.085263 -12.628300
v -20.652716 -19.798834 -11.736993
v -8.753661 -8.438007 -14.519821
v -11.830273 -17.758314 -17.692732
v 0.000000 -17.167974 -19.740955
v 0.000000 -16.789389 -13.387353
v -8.190189 -15.493207 -14.642070
v 0.000000 -9.073264 -12.540502
v -8.957358 -9.374850 -12.187092
v -8.084372 -5.515184 -11.227996
v -12.504852 -4.122753 -8.190669
v 0.000000 0.279127 -8.989731
v 0.000000 -5.085263 -12.628300
v 2.044902 0.279127 -9.624314
v 4.065995 0.279127 -9.040854
v -13.573598 -15.268620 -12.148195
v -0.849177 -23.167620 -6.853710
v 0.000000 -22.282110 -0.799061
v -1.722162 -21.983732 4.873282
v -1.103136 -24.239216 -5.857938
v -1.489366 -23.918379 4.570995
v -1.722162 -21.983732 4.873282
v -3.851717 -23.822126 8.382935
v -14.480973 -11.883791 6.985964
v -8.949421 -15.281452 8.921940
v -10.772109 -12.454881 8.558528
v 7.150543 -5.245681 -12.072624
v 0.000000 -5.085263 -12.628300
v 8.753661 -8.438007 -14.519821
v 0.000000 -8.498966 -15.286654
v -5.177067 -23.581499 -11.370247
v -0.849177 -23.167620 -6.853710
v -1.103136 -24.239216 -5.857938
v -17.774509 -18.961451 -6.375829
v -13.573598 -20.908932 -12.852791
v -13.443973 -23.867044 -10.274453
v -5.605623 -19.959255 -15.193300
v -5.177067 -23.581499 -11.370247
v -0.656062 -20.870428 -9.959940
v -0.849177 -23.167620 -6.853710
v -8.190189 -15.493207 -14.642070
v -13.573598 -15.268620 -12.148195
v -8.957358 -9.374850 -12.187092
v -16.330114 -9.021929 -3.229590
v -15.774579 -5.848854 0.830180
v -15.758706 -9.243306 4.894397
v -13.269376 -8.675424 7.023749
v -6.695532 -0.118711 -8.184001
v -7.150543 -5.245681 -12.072624
v -8.753661 -8.438007 -14.519821
v 0.000000 -17.167974 -19.740955
v 8.753661 -8.438007 -14.519821
v 11.830273 -17.758314 -17.692732
v 20.652716 -19.798834 -11.736993
v -14.459810 -22.830742 8.504072
v -9.250998 -23.475622 9.332030
v -9.653100 -18.008566 9.267570
v -4.571268 -19.638416 7.418281
v 0.000000 -22.471403 4.212028
v 1.722162 -21.983732 4.873282
v 0.849177 -23.167620 -6.853710
v 1.489366 -23.918379 4.570995
v 1.103136 -24.239216 -5.857938
v -13.443973 -23.867044 -10.274453
v -18.041695 -22.785824 -5.483412
v -17.774509 -18.961451 -6.375829
v -19.279747 -21.810480 -1.209150
v -18.375017 -13.625936 -2.239375
v -18.549614 -21.512102 5.353387
v -17.430605 -12.865553 4.414294
v -14.459810 -22.830742 8.504072
v -14.480973 -11.883791 6.985964
v -9.653100 -18.008566 9.267570
v -4.571268 -19.638416 7.418281
v 0.000000 -22.282110 -0.799061
v 0.000000 -19.689751 -8.008405
v 0.000000 -16.789389 -13.387353
v -5.605623 -19.959255 -15.193300
v -8.190189 -15.493207 -14.642070
v -13.573598 -20.908932 -12.852791
v -17.774509 -18.961451 -6.375829
v -18.375017 -13.625936 -2.239375
v -17.430605 -12.865553 4.414294
v -8.192834 -8.797342 9.399821
v 0.000000 -14.665446 9.580972
v 0.000000 -20.588093 7.473847
v 0.000000 -22.471403 4.212028
v 4.571268 -19.638416 7.418281
v 1.722162 -21.983732 4.873282
v 3.851717 -23.822126 8.382935
v 1.489366 -23.918379 4.570995
v 15.118517 -12.486964 9.035298
v 10.978451 -24.159006 11.365805
v 22.880150 -22.615782 7.113770
v 13.269376 -8.675424 7.023749
v 8.192834 -8.797342 9.399821
v 10.772109 -12.454881 8.558528
v 20.544252 -10.844281 1.442537
v 19.277102 -10.019731 -4.360947
v 17.758636 -5.759019 -3.555217
v 15.814260 -9.124598 -10.494502
v 14.023318 -5.181513 -9.019738
v 13.367256 -3.147408 7.745016
v 18.340626 -6.692654 5.053320
v 16.226944 -2.419109 4.110893
v 15.629081 -1.376390 -2.517214
v 10.978451 -24.159006 11.365805
v 15.118517 -12.486964 9.035298
v 8.692817 -13.430224 10.947936
v 13.832848 -7.594204 8.846368
v 8.216643 -8.746008 10.952381
v 10.740364 -3.593370 8.655214
v 7.790732 -4.257503 9.468724
v 20.240030 -11.636748 5.851273
v 20.544252 -10.844281 1.442537
v 18.340626 -6.692654 5.053320
v 11.261510 -0.455589 -7.101543
v 6.695532 -0.118711 -8.184001
v 7.150543 -5.245681 -12.072624
v 8.753661 -8.438007 -14.519821
v 20.652716 -19.798834 -11.736993
v 23.560020 -21.492851 -2.189363
v 20.240030 -11.636748 5.851273
v 15.118517 -12.486964 9.035298
v 18.340626 -6.692654 5.053320
v 13.832848 -7.594204 8.846368
v 13.367256 -3.147408 7.745016
v 10.740364 -3.593370 8.655214
v 19.097214 -30.768242 -0.346740
v 18.041695 -22.785824 -5.483412
v 19.279747 -21.810480 -1.209150
v 1.103136 -24.239216 -5.857938
v 1.166626 -29.010057 -5.088881
v 1.489366 -23.918379 4.570995
v 1.166626 -29.472061 4.612115
v 3.851717 -23.822126 8.382935
v 3.759127 -30.832411 8.700782
v 9.250998 -23.475622 9.332030
v 8.491766 -31.952129 10.391150
v 14.459810 -22.830742 8.504072
v 14.221723 -31.737169 9.685441
v 18.549614 -21.512102 5.353387
v 19.097214 -30.768242 -0.346740
v 17.174002 -30.777866 -5.639000
v 18.041695 -22.785824 -5.483412
v 12.428135 -30.627073 -9.253120
v 13.443973 -23.867044 -10.274453
v 4.997179 -30.136194 -11.155756
v 5.177067 -23.581499 -11.370247
v 1.166626 -29.010057 -5.088881
v 1.103136 -24.239216 -5.857938
v -11.261510 -0.455589 -7.101543
v -14.023318 -5.181513 -9.019738
v -15.629081 -1.376390 -2.517214
v -15.814260 -9.124598 -10.494502
v -19.277102 -10.019731 -4.360947
v -17.758636 -5.759019 -3.555217
v -20.544252 -10.844281 1.442537
v -18.340626 -6.692654 5.053320
v -20.240030 -11.636748 5.851273
v -13.367256 -3.144200 7.745016
v -16.226944 -2.419109 4.110893
v -18.340626 -6.692654 5.053320
v -10.740364 -3.593370 8.655214
v -13.367256 -3.144200 7.745016
v -13.832848 -7.594204 8.846368
v -15.118517 -12.486964 9.035298
v -22.880150 -22.615782 7.113770
v -23.560020 -21.492851 -2.189363
v -20.652716 -19.798834 -11.736993
v -8.753661 -8.438007 -14.519821
v -7.150543 -5.245681 -12.072624
v -6.695532 -0.118711 -8.184001
v -19.279747 -21.810480 -1.209150
v -18.041695 -22.785824 -5.483412
v -19.097214 -30.768242 -0.346740
v -1.166626 -29.472061 4.612115
v -1.166626 -29.010057 -5.088881
v -1.103136 -24.239216 -5.857938
v -18.549614 -21.512102 5.353387
v -14.221723 -31.737169 9.685441
v -14.459810 -22.830742 8.504072
v -8.491766 -31.952129 10.391150
v -9.250998 -23.475622 9.332030
v -3.759127 -30.832411 8.700782
v -3.851717 -23.822126 8.382935
v -1.166626 -29.472061 4.612115
v -1.489366 -23.918379 4.570995
v -1.103136 -24.239216 -5.857938
v -1.103136 -24.239216 -5.857938
v -1.166626 -29.010057 -5.088881
v -5.177067 -23.581499 -11.370247
v -4.997179 -30.136194 -11.155756
v -13.443973 -23.867044 -10.274453
v -12.428135 -30.627073 -9.253120
v -18.041695 -22.785824 -5.483412
v -17.174002 -30.777866 -5.639000
v -19.097214 -30.768242 -0.346740
v -8.084372 -5.515184 -11.227996
v 0.000000 -5.194348 -10.450049
v 0.000000 -9.073264 -12.540502
v 8.084372 -5.515184 -11.227996
v -13.684705 -99.510719 -2.489422
v -12.811720 -95.063919 -1.206922
v -12.026033 -95.333427 -3.787483
v -10.478468 -94.942001 4.086451
v -12.126559 -94.951630 3.047336
v -12.213857 -98.153580 8.252913
v -12.811720 -95.063919 -1.206922
v -13.684705 -99.510719 -2.489422
v -12.126559 -94.951630 3.047336
v -15.557655 -102.212166 7.111553
v -12.213857 -98.153580 8.252913
v -12.811720 -95.063919 -1.206922
v -12.126559 -94.951630 3.047336
v -11.044586 -93.013779 2.580568
v -10.478468 -94.942001 4.086451
v -8.700753 -93.013779 2.827288
v -8.285424 -95.128090 2.971764
v -6.367501 -94.040451 -0.819060
v -6.039471 -97.515114 -2.780596
v -6.367501 -94.040451 -0.819060
v -8.285424 -95.128090 2.971764
v -10.803854 -96.642441 -6.539192
v -13.684705 -99.510719 -2.489422
v -6.367501 -94.040451 -0.819060
v -6.039471 -97.515114 -2.780596
v -7.962684 -96.555817 -4.866606
v -6.952137 -98.795258 -6.279134
v -10.803854 -96.642441 -6.539192
v -12.026033 -95.333427 -3.787483
v -9.999649 -93.013779 -4.987744
v -10.803854 -96.642441 -6.539192
v -7.962684 -96.555817 -4.866606
v -6.727277 -55.193542 8.000632
v -4.809355 -56.813766 3.997539
v -2.097810 -50.602367 2.673918
v -12.975735 -57.843655 3.210702
v -14.028608 -50.339283 3.314058
v -14.028608 -50.339283 0.342301
v -4.809355 -56.813766 3.997539
v -6.727277 -55.193542 8.000632
v -7.171706 -61.478733 6.508086
v -11.256219 -62.733204 4.987756
v -12.975735 -57.843655 3.210702
v -14.002154 -59.332336 1.353631
v -14.028608 -50.339283 0.342301
v -13.279957 -50.339283 -3.028432
v -6.975946 -50.859039 7.538309
v -11.547214 -50.859039 7.143779
v -11.869954 -54.875916 7.597211
v -2.439068 -57.352772 1.553675
v -2.439068 -57.352772 -1.693697
v -2.097810 -50.602367 -2.778378
v -4.552750 -62.126823 -2.238259
v -2.439068 -57.352772 -1.693697
v -4.552750 -63.766300 1.883748
v -2.439068 -57.352772 1.553675
v -6.759022 -63.291462 5.391177
v -11.282673 -60.917271 6.104665
v -7.171706 -61.478733 6.508086
v -11.869954 -54.875916 7.597211
v -6.975946 -50.859039 7.538309
v -2.097810 -50.602367 2.673918
v -14.573563 -65.575821 1.778169
v -14.002154 -59.332336 1.353631
v -14.316958 -59.572964 -2.953970
v -11.174211 -50.859039 -5.232244
v -11.798528 -38.304695 -8.377373
v -6.634688 -50.859039 -5.795700
v -5.714085 -38.304695 -9.480947
v -2.097810 -50.602367 -2.778378
v -2.097810 -50.602367 -2.778378
v -2.439068 -57.352772 -1.693697
v -6.634688 -50.859039 -5.795700
v -6.359565 -59.492756 -6.130217
v -11.174211 -50.859039 -5.232244
v -11.719166 -59.492756 -5.567873
v -14.316958 -59.572964 -2.953970
v -15.131744 -64.834686 -3.420738
v -14.573563 -65.575821 1.778169
v -2.439068 -57.352772 -1.693697
v -4.552750 -62.126823 -2.238259
v -6.359565 -59.492756 -6.130217
v -6.520935 -64.520264 -6.920388
v -11.719166 -59.492756 -5.567873
v -12.314383 -64.099968 -6.450286
v -15.131744 -64.834686 -3.420738
v -11.547214 -50.859039 7.143779
v -14.028608 -50.339283 3.314058
v -11.869954 -54.875916 7.597211
v -12.975735 -57.843655 3.210702
v -11.282673 -60.917271 6.104665
v -11.256219 -62.733204 4.987756
v -6.759022 -63.291462 5.391177
v -2.439068 -57.352772 1.553675
v -2.097810 -50.602367 2.673918
v -2.097810 -50.602367 -2.778378
v -11.613349 -67.378922 5.032210
v -11.256219 -62.733204 4.987756
v -14.002154 -59.332336 1.353631
v -14.573563 -65.575821 1.778169
v -4.552750 -62.126823 -2.238259
v -4.298791 -66.657036 -1.106902
v -6.520935 -64.520264 -6.920388
v -6.367501 -94.040451 -0.819060
v -7.962684 -96.555817 -4.866606
v -6.528871 -85.666618 -2.868395
v -8.290714 -77.985786 4.543216
v -5.026279 -77.141983 1.365858
v -5.203521 -71.954056 0.913537
v -5.203521 -71.732674 -3.823047
v -11.121303 -84.303062 3.237376
v -8.391240 -84.903023 3.099568
v -8.290714 -77.985786 4.543216
v -6.528871 -85.666618 0.343414
v -18.996689 -75.345299 -2.659461
v -12.753521 -62.069073 -7.788354
v -14.705833 -73.956078 -10.621191
v -6.621461 -62.223076 -7.624985
v -7.102925 -74.665123 -10.812345
v -3.523686 -63.551338 -3.291821
v -1.645445 -76.217972 -1.774824
v -3.523686 -63.551338 -3.291821
v -3.714155 -64.058258 1.281395
v -1.645445 -76.217972 -1.774824
v -7.171706 -64.757683 6.652562
v -6.721986 -79.083046 6.211356
v -12.092168 -64.270012 6.685902
v -13.682060 -78.367577 5.946854
v -15.840714 -63.243336 2.431645
v -15.965048 -62.428410 -2.907293
v -5.026279 -77.283150 -3.765257
v -6.528871 -85.666618 -2.868395
v -7.311913 -76.981567 -7.548301
v -8.251033 -85.124397 -5.679006
v -12.052487 -75.711052 -7.486065
v -11.245637 -84.524437 -5.152225
v -15.846005 -75.030876 -3.825270
v -13.520690 -83.863510 -3.408512
v -15.017992 -76.670357 1.340297
v -6.759022 -63.291462 5.391177
v -7.221969 -68.087967 5.095557
v -4.552750 -63.766300 1.883748
v -4.298791 -66.657036 -1.106902
v -4.552750 -62.126823 -2.238259
v -13.520690 -83.863510 0.273399
v -11.806464 -77.985786 4.529879
v -7.930939 -72.371140 5.191133
v -12.089523 -71.411842 5.127786
v -15.065609 -70.112450 1.613689
v -15.486229 -68.851562 -3.783039
v -12.809074 -69.072937 -7.815027
v -7.126734 -70.754128 -8.756341
v -5.203521 -71.732674 -3.823047
v -7.962684 -96.555817 -4.866606
v -9.999649 -93.013779 -4.987744
v -12.026033 -95.333427 -3.787483
v -12.811720 -95.063919 -1.206922
v -11.044586 -93.013779 2.580568
v -8.700753 -93.013779 2.827288
v -5.026279 -77.283150 -3.765257
v 10.803854 -96.642441 -6.539192
v 12.026033 -95.333427 -3.787483
v 13.684705 -99.510719 -2.489422
v 12.811720 -95.063919 -1.206922
v 12.126559 -94.951630 3.047336
v 10.478468 -94.942001 4.086451
v 12.213857 -98.153580 8.252913
v 15.557655 -102.212166 7.111553
v 13.684705 -99.510719 -2.489422
v 6.367501 -94.040451 -0.819060
v 8.285424 -95.128090 2.971764
v 8.700753 -93.013779 2.827288
v 10.478468 -94.942001 4.086451
v 11.044586 -93.013779 2.580568
v 12.126559 -94.951630 3.047336
v 12.811720 -95.063919 -1.206922
v 7.962684 -96.555817 -4.866606
v 9.999649 -93.013779 -4.987744
v 10.803854 -96.642441 -6.539192
v 12.026033 -95.333427 -3.787483
v 10.803854 -96.642441 -6.539192
v 6.952137 -98.795258 -6.279134
v 7.962684 -96.555817 -4.866606
v 6.039471 -97.515114 -2.780596
v 6.367501 -94.040451 -0.819060
v 8.285424 -95.128090 2.971764
v 6.727277 -55.193542 8.000632
v 4.809355 -56.813766 3.997539
v 7.171706 -61.478733 6.508086
v 6.727277 -55.193542 8.000632
v 6.975946 -50.859039 7.538309
v 2.097810 -50.602367 2.673918
v 2.439068 -57.352772 1.553675
v 2.097810 -50.602367 2.673918
v 2.097810 -50.602367 -2.778378
v 11.869954 -54.875916 7.597211
v 11.547214 -50.859039 7.143779
v 6.975946 -50.859039 7.538309
v 4.809355 -56.813766 3.997539
v 6.727277 -55.193542 8.000632
v 2.097810 -50.602367 2.673918
v 14.028608 -50.339283 0.342301
v 14.028608 -50.339283 3.314058
v 12.975735 -57.843655 3.210702
v 13.279957 -50.339283 -3.028432
v 14.028608 -50.339283 0.342301
v 14.002154 -59.332336 1.353631
v 12.975735 -57.843655 3.210702
v 11.256219 -62.733204 4.987756
v 6.759022 -63.291462 5.391177
v 2.439068 -57.352772 1.553675
v 4.552750 -63.766300 1.883748
v 4.552750 -62.126823 -2.238259
v 4.552750 -63.766300 1.883748
v 2.439068 -57.352772 -1.693697
v 2.439068 -57.352772 1.553675
v 2.097810 -50.602367 -2.778378
v 6.975946 -50.859039 7.538309
v 11.869954 -54.875916 7.597211
v 11.282673 -60.917271 6.104665
v 2.097810 -50.602367 -2.778378
v 5.714085 -38.304695 -9.480947
v 6.634688 -50.859039 -5.795700
v 11.798528 -38.304695 -8.377373
v 11.174211 -50.859039 -5.232244
v 13.279957 -50.339283 -3.028432
v 14.316958 -59.572964 -2.953970
v 14.002154 -59.332336 1.353631
v 14.573563 -65.575821 1.778169
v 14.573563 -65.575821 1.778169
v 15.131744 -64.834686 -3.420738
v 14.316958 -59.572964 -2.953970
v 11.719166 -59.492756 -5.567873
v 11.174211 -50.859039 -5.232244
v 6.359565 -59.492756 -6.130217
v 6.634688 -50.859039 -5.795700
v 2.439068 -57.352772 -1.693697
v 2.097810 -50.602367 -2.778378
v 15.131744 -64.834686 -3.420738
v 12.314383 -64.099968 -6.450286
v 11.719166 -59.492756 -5.567873
v 6.520935 -64.520264 -6.920388
v 6.359565 -59.492756 -6.130217
v 4.552750 -62.126823 -2.238259
v 2.439068 -57.352772 -1.693697
v 2.097810 -50.602367 2.673918
v 2.439068 -57.352772 1.553675
v 6.759022 -63.291462 5.391177
v 14.028608 -50.339283 3.314058
v 11.547214 -50.859039 7.143779
v 8.391240 -84.903023 3.099568
v 8.290714 -77.985786 4.543216
v 5.026279 -77.141983 1.365858
v 6.621461 -62.223076 -7.624985
v 1.645445 -76.217972 -1.774824
v 3.523686 -63.551338 -3.291821
v 6.528871 -85.666618 -2.868395
v 7.962684 -96.555817 -4.866606
v 6.367501 -94.040451 -0.819060
v 6.528871 -85.666618 0.343414
v 5.026279 -77.283150 -3.765257
v 11.806464 -77.985786 4.529879
v 11.121303 -84.303062 3.237376
v 13.520690 -83.863510 0.273399
v 6.520935 -64.520264 -6.920388
v 4.298791 -66.657036 -1.106902
v 4.552750 -62.126823 -2.238259
v 11.613349 -67.378922 5.032210
v 14.573563 -65.575821 1.778169
v 14.002154 -59.332336 1.353631
v 6.528871 -85.666618 -2.868395
v 5.026279 -77.283150 -3.765257
v 8.251033 -85.124397 -5.679006
v 7.311913 -76.981567 -7.548301
v 11.245637 -84.524437 -5.152225
v 12.052487 -75.711052 -7.486065
v 13.520690 -83.863510 -3.408512
v 15.846005 -75.030876 -3.825270
v 15.017992 -76.670357 1.340297
v 7.102925 -74.665123 -10.812345
v 12.753521 -62.069073 -7.788354
v 14.705833 -73.956078 -10.621191
v 15.965048 -62.428410 -2.907293
v 18.996689 -75.345299 -2.659461
v 11.806464 -77.985786 4.529879
v 7.930939 -72.371140 5.191133
v 5.203521 -71.954056 0.913537
v 5.026279 -77.141983 1.365858
v 5.203521 -71.732674 -3.823047
v 5.026279 -77.283150 -3.765257
v 15.840714 -63.243336 2.431645
v 12.092168 -64.270012 6.685902
v 13.682060 -78.367577 5.946854
v 7.171706 -64.757683 6.652562
v 6.721986 -79.083046 6.211356
v 3.714155 -64.058258 1.281395
v 1.645445 -76.217972 -1.774824
v 3.523686 -63.551338 -3.291821
v 4.552750 -62.126823 -2.238259
v 4.298791 -66.657036 -1.106902
v 4.552750 -63.766300 1.883748
v 7.221969 -68.087967 5.095557
v 6.759022 -63.291462 5.391177
v 11.256219 -62.733204 4.987756
v 5.203521 -71.732674 -3.823047
v 7.126734 -70.754128 -8.756341
v 12.809074 -69.072937 -7.815027
v 15.486229 -68.851562 -3.783039
v 15.065609 -70.112450 1.613689
v 12.089523 -71.411842 5.127786
v 8.700753 -93.013779 2.827288
v 11.044586 -93.013779 2.580568
v 13.520690 -83.863510 0.273399
v 12.811720 -95.063919 -1.206922
v 12.026033 -95.333427 -3.787483
v 9.999649 -93.013779 -4.987744
v 7.962684 -96.555817 -4.866606
v -2.505203 -40.463928 3.454087
v -2.505203 -39.145290 -4.323159
v -1.166626 -29.010057 -5.088881
v -19.279747 -21.810480 -1.209150
v -19.097214 -30.768242 -0.346740
v -18.568132 -30.996037 5.043320
v -5.714085 -38.304695 -9.480947
v -2.505203 -39.145290 -4.323159
v -2.097810 -50.602367 -2.778378
v -2.097810 -50.602367 2.673918
v -2.097810 -50.602367 -2.778378
v -12.586860 -41.882027 8.705228
v -16.084091 -42.222115 4.393180
v -16.830097 -41.522690 -0.274501
v -17.174002 -30.777866 -5.639000
v -15.287823 -39.738838 -4.658787
v -12.428135 -30.627073 -9.253120
v -1.166626 -29.010057 -5.088881
v -4.997179 -30.136194 -11.155756
v -11.798528 -38.304695 -8.377373
v -14.221723 -31.737169 9.685441
v -7.346303 -41.683109 9.210894
v -8.491766 -31.952129 10.391150
v -4.322600 -40.948391 7.172673
v -3.759127 -30.832411 8.700782
v -1.166626 -29.472061 4.612115
v -13.279957 -50.339283 -3.028432
v -14.028608 -50.339283 0.342301
v -14.028608 -50.339283 3.314058
v -11.547214 -50.859039 7.143779
v -6.975946 -50.859039 7.538309
v -18.549614 -21.512102 5.353387
v 12.978381 -104.602402 -1.192473
v 7.669043 -104.769234 -6.043528
v 11.391135 -104.929649 -6.150217
v 5.661177 -104.903984 11.335805
v 11.414943 -104.650520 18.796314
v 8.256324 -104.679398 18.638502
v 7.848931 -104.188522 2.885079
v 6.809285 -101.791870 3.358516
v 7.507673 -104.820564 -1.192473
v 8.422985 -103.007843 17.868334
v 9.917641 -100.229393 12.447157
v 5.862228 -102.186501 11.278013
v 14.089453 -102.978966 14.794333
v 11.414943 -102.991798 18.057264
v 11.414943 -104.650520 18.796314
v 8.256324 -104.679398 18.638502
v 13.684705 -99.510719 -2.489422
v 11.901699 -99.773804 -7.020407
v 10.803854 -96.642441 -6.539192
v 9.605483 -99.568466 -7.352701
v 6.952137 -98.795258 -6.279134
v 15.557655 -102.212166 7.111553
v 14.279922 -104.624855 15.503377
v 15.441257 -105.022697 6.340275
v 7.507673 -104.820564 -1.192473
v 14.224369 -103.999222 3.148470
v 15.441257 -105.022697 6.340275
v 15.441257 -105.022697 6.340275
v 14.279922 -104.624855 15.503377
v 5.946881 -105.131783 6.585884
v 7.848931 -104.188522 2.885079
v 5.946881 -105.131783 6.585884
v 5.661177 -104.903984 11.335805
v 12.912245 -100.444351 10.498956
v 14.224369 -103.999222 3.148470
v 12.978381 -104.602402 -1.192473
v 11.901699 -99.773804 -7.020407
v 11.391135 -104.929649 -6.150217
v 9.605483 -99.568466 -7.352701
v 12.213857 -98.153580 8.252913
v 10.478468 -94.942001 4.086451
v 8.843605 -98.159996 8.317370
v 8.285424 -95.128090 2.971764
v 6.039471 -97.515114 -2.780596
v 7.669043 -104.769234 -6.043528
v 11.391135 -104.929649 -6.150217
v 17.174002 -30.777866 -5.639000
v 15.287823 -39.738838 -4.658787
v 12.428135 -30.627073 -9.253120
v 2.505203 -40.463928 3.454087
v 1.166626 -29.472061 4.612115
v 1.166626 -29.010057 -5.088881
v 11.547214 -50.859039 7.143779
v 12.586860 -41.882027 8.705228
v 6.975946 -50.859039 7.538309
v 18.568132 -30.996037 5.043320
v 19.097214 -30.768242 -0.346740
v 19.279747 -21.810480 -1.209150
v 2.097810 -50.602367 -2.778378
v 2.505203 -39.145290 -4.323159
v 5.714085 -38.304695 -9.480947
v 2.505203 -39.145290 -4.323159
v 2.097810 -50.602367 -2.778378
v 2.097810 -50.602367 2.673918
v 16.830097 -41.522690 -0.274501
v 16.084091 -42.222115 4.393180
v 11.798528 -38.304695 -8.377373
v 4.997179 -30.136194 -11.155756
v 1.166626 -29.010057 -5.088881
v 3.759127 -30.832411 8.700782
v 4.322600 -40.948391 7.172673
v 8.491766 -31.952129 10.391150
v 7.346303 -41.683109 9.210894
v 14.221723 -31.737169 9.685441
v 14.028608 -50.339283 3.314058
v 14.028608 -50.339283 0.342301
v 13.279957 -50.339283 -3.028432
v 18.549614 -21.512102 5.353387
v -11.414943 -102.991798 18.057264
v -11.414943 -104.650520 18.796314
v -8.256324 -104.679398 18.638502
v -5.862228 -102.186501 11.278013
v -9.917641 -100.229393 12.447157
v -8.422985 -103.007843 17.868334
v -6.952137 -98.795258 -6.279134
v -9.605483 -99.568466 -7.352701
v -10.803854 -96.642441 -6.539192
v -11.901699 -99.773804 -7.020407
v -13.684705 -99.510719 -2.489422
v -15.441257 -105.022697 6.340275
v -14.279922 -104.624855 15.503377
v -15.557655 -102.212166 7.111553
v -15.441257 -105.022697 6.340275
v -14.224369 -103.999222 3.148470
v -7.507673 -104.820564 -1.192473
v -12.978381 -104.602402 -1.192473
v -7.669043 -104.769234 -6.043528
v -11.391135 -104.929649 -6.150217
v -15.441257 -105.022697 6.340275
v -7.848931 -104.188522 2.885079
v -7.507673 -104.820564 -1.192473
v -6.809285 -101.791870 3.358516
v -7.848931 -104.188522 2.885079
v -5.946881 -105.131783 6.585884
v -14.279922 -104.624855 15.503377
v -5.661177 -104.903984 11.335805
v -11.414943 -104.650520 18.796314
v -8.256324 -104.679398 18.638502
v -12.912245 -100.444351 10.498956
v -14.089453 -102.978966 14.794333
v -5.661177 -104.903984 11.335805
v -5.946881 -105.131783 6.585884
v -9.605483 -99.568466 -7.352701
v -11.391135 -104.929649 -6.150217
v -11.901699 -99.773804 -7.020407
v -12.978381 -104.602402 -1.192473
v -14.224369 -103.999222 3.148470
v -11.391135 -104.929649 -6.150217
v -7.669043 -104.769234 -6.043528
v -6.039471 -97.515114 -2.780596
v -8.285424 -95.128090 2.971764
v -8.843605 -98.159996 8.317370
v -10.478468 -94.942001 4.086451
v -12.213857 -98.153580 8.252913
vn 0.8958 -0.0629 -0.4400
vn 0.8501 -0.0866 -0.5195
vn 0.4481 -0.3617 -0.8176
vn -0.1413 -0.4552 -0.8791
vn -0.5188 -0.4559 -0.7232
vn -0.5507 -0.1652 -0.8182
vn -0.7497 -0.5129 -0.4182
vn -0.9530 -0.2757 -0.1260
vn -0.8626 -0.4783 -0.1647
vn -0.0000 -1.0000 -0.0078
vn 0.6211 0.1808 -0.7626
vn 0.6829 0.3454 -0.6437
vn 0.8710 0.2197 -0.4394
vn 0.9217 0.3545 -0.1575
vn 0.5592 -0.2048 -0.8034
vn -0.2197 -0.2825 0.9338
vn -0.6199 0.1098 0.7769
vn -0.0391 0.1095 0.9932
vn -0.0705 0.0627 0.9955
vn 0.3707 0.1025 0.9231
vn -0.0000 0.0941 0.9956
vn -0.0001 0.0550 0.9985
vn -0.2197 0.0706 0.9730
vn -0.2592 0.1727 0.9503
vn -0.4093 0.1653 0.8973
vn -0.4010 0.1887 0.8964
vn -0.2592 0.1728 0.9503
vn -0.2511 0.2825 0.9258
vn 0.5592 -0.2047 -0.8034
vn 0.8958 -0.0628 -0.4400
vn 0.9791 0.1958 -0.0548
vn 0.8529 0.2582 0.4538
vn 0.8269 0.3387 0.4489
vn 0.4871 0.1257 0.8642
vn -0.9276 -0.2437 -0.2830
vn -0.8626 -0.4784 -0.1647
vn -0.5188 -0.4560 -0.7231
vn -0.7496 -0.5130 -0.4183
vn 0.1335 0.1808 -0.9744
vn -0.0000 0.2996 -0.9541
vn 0.3228 0.3228 -0.8897
vn 0.1499 0.3549 -0.9228
vn 0.7146 0.3377 -0.6126
vn 0.2128 0.1734 0.9616
vn -0.0000 0.1337 0.9910
vn -0.0000 0.0550 0.9985
vn -0.2128 0.1734 0.9616
vn -0.3064 0.3221 0.8957
vn 0.3064 0.3221 0.8957
vn 0.2591 0.1728 0.9503
vn 0.2197 0.0706 0.9730
vn -0.2821 0.0784 0.9562
vn -0.7878 0.2206 0.5751
vn 0.9966 0.0236 -0.0785
vn 0.8782 0.0863 0.4705
vn 0.3708 0.1026 0.9230
vn 0.1101 -0.0708 0.9914
vn -0.0000 -0.2518 0.9678
vn -0.0000 -0.6371 0.7708
vn 0.1336 0.1807 -0.9744
vn 0.3229 0.3228 -0.8897
vn 0.7147 0.3377 -0.6125
vn 0.8986 0.4178 0.1340
vn 0.5322 0.2818 0.7983
vn 0.3605 0.0078 0.9327
vn 0.1102 -0.0708 0.9914
vn 0.2347 -0.0626 0.9701
vn -0.0000 -0.2352 0.9720
vn -0.2347 -0.0626 0.9701
vn -0.6830 0.3454 -0.6436
vn -0.8710 0.2197 -0.4394
vn -0.9217 0.3545 -0.1576
vn 0.2288 0.5916 -0.7731
vn 0.2206 0.5041 -0.8350
vn 0.2749 0.5968 -0.7538
vn 0.2821 0.0784 0.9562
vn 0.0001 0.1337 0.9910
vn -0.2206 0.5041 -0.8350
vn -0.0000 0.4876 -0.8731
vn -0.0000 0.5511 -0.8345
vn -0.7367 0.3841 -0.5565
vn -0.2835 0.5118 -0.8110
vn -0.3858 0.4094 -0.8267
vn -0.0001 0.4156 -0.9096
vn 0.5507 -0.1652 -0.8182
vn -0.1335 0.1808 -0.9744
vn -0.3228 0.3228 -0.8897
vn -0.1499 0.3549 -0.9228
vn -0.7146 0.3377 -0.6126
vn 0.0001 0.4877 -0.8730
vn -0.0000 0.5602 -0.8284
vn -0.0000 0.4876 -0.8730
vn -0.6211 0.1808 -0.7626
vn 0.8626 -0.4783 -0.1647
vn -0.0000 -1.0000 -0.0079
vn 0.6601 -0.5580 0.5029
vn 0.9276 -0.2437 -0.2830
vn 0.9701 -0.0000 0.2425
vn 0.6200 0.1099 0.7769
vn -0.4871 0.1257 0.8642
vn -0.1101 -0.0708 0.9914
vn -0.3605 0.0078 0.9327
vn 0.2205 0.5041 -0.8350
vn 0.2287 0.5916 -0.7731
vn 0.2834 0.5118 -0.8110
vn -0.0000 0.5364 -0.8440
vn 0.5188 -0.4560 -0.7231
vn 0.8626 -0.4784 -0.1647
vn -0.8958 -0.0629 -0.4400
vn -0.5592 -0.2048 -0.8034
vn -0.4481 -0.3616 -0.8176
vn 0.1413 -0.4553 -0.8791
vn 0.5188 -0.4560 -0.7232
vn 0.7497 -0.5129 -0.4182
vn -0.1336 0.1808 -0.9744
vn -0.3229 0.3228 -0.8897
vn -0.6829 0.3454 -0.6437
vn -0.7147 0.3377 -0.6125
vn -0.8986 0.4178 0.1340
vn -0.8269 0.3387 0.4489
vn -0.5322 0.2818 0.7983
vn -0.2749 0.5962 -0.7543
vn -0.2287 0.5916 -0.7731
vn -0.2834 0.5118 -0.8110
vn -0.0000 0.4156 -0.9096
vn 0.2835 0.5118 -0.8110
vn 0.3858 0.4094 -0.8267
vn 0.7367 0.3841 -0.5565
vn -0.3707 0.1025 0.9231
vn 0.0705 0.0627 0.9955
vn 0.0391 0.1095 0.9932
vn 0.6199 0.1099 0.7769
vn 0.2197 -0.2825 0.9338
vn -0.0000 -0.9052 0.4250
vn -0.6601 -0.5579 0.5029
vn -0.8626 -0.4783 -0.1646
vn -0.9702 -0.0000 0.2425
vn -0.8501 -0.0866 -0.5195
vn -0.8958 -0.0628 -0.4400
vn -0.9966 0.0236 -0.0785
vn -0.9791 0.1958 -0.0548
vn -0.8782 0.0863 0.4705
vn -0.8529 0.2582 0.4538
vn -0.3708 0.1026 0.9230
vn 0.9530 -0.2757 -0.1260
vn 0.5507 -0.1653 -0.8182
vn 0.1413 -0.4552 -0.8791
vn -0.1336 0.1807 -0.9744
vn -0.5592 -0.2047 -0.8034
vn -0.2347 -0.0625 0.9701
vn -0.0000 -0.9052 0.4251
vn -0.6601 -0.5579 0.5030
vn -0.6200 0.1099 0.7769
vn -0.9701 -0.0000 0.2426
vn 0.4093 0.1653 0.8973
vn 0.2822 0.0784 0.9562
vn 0.7878 0.2205 0.5751
vn 0.5322 0.2817 0.7984
vn 0.2347 -0.0625 0.9701
vn 0.3606 0.0079 0.9327
vn 0.9414 0.3373 -0.0000
vn 0.8963 0.3538 -0.2673
vn 0.8576 0.4485 -0.2518
vn 0.6904 0.4315 -0.5806
vn 0.5582 0.5503 -0.6210
vn 0.5198 0.3309 0.7876
vn 0.8138 0.4030 0.4187
vn 0.8243 0.4710 0.3140
vn 0.8264 0.5037 -0.2518
vn 0.2198 0.0706 0.9730
vn 0.4010 0.1887 0.8964
vn 0.2592 0.1728 0.9503
vn 0.2511 0.2825 0.9258
vn 0.3064 0.3222 0.8957
vn 0.7884 0.3153 0.5282
vn 0.8263 0.5037 -0.2519
vn 0.4164 0.5813 -0.6991
vn 0.2748 0.5969 -0.7538
vn 0.7368 0.3840 -0.5565
vn 0.9520 0.2911 -0.0944
vn 0.7878 0.2206 0.5751
vn 0.8138 0.4030 0.4188
vn 0.4011 0.1887 0.8964
vn 0.5198 0.3308 0.7876
vn 0.9869 -0.1253 -0.1018
vn 0.8501 -0.0866 -0.5194
vn 0.9966 0.0235 -0.0785
vn -0.9562 -0.0784 -0.2821
vn -0.9701 -0.0000 0.2425
vn -0.9458 -0.0315 0.3232
vn -0.6234 -0.0316 0.7813
vn -0.1414 0.0079 0.9899
vn 0.4247 -0.0393 0.9045
vn 0.8782 0.0862 0.4705
vn 0.9869 -0.1253 -0.1019
vn 0.8192 -0.1575 -0.5514
vn 0.4789 -0.1570 -0.8637
vn 0.4481 -0.3616 -0.8176
vn -0.3852 -0.1415 -0.9119
vn -0.9562 -0.0784 -0.2822
vn -0.4164 0.5813 -0.6991
vn -0.5582 0.5503 -0.6210
vn -0.8264 0.5037 -0.2518
vn -0.6904 0.4315 -0.5806
vn -0.8963 0.3538 -0.2673
vn -0.8576 0.4485 -0.2518
vn -0.9414 0.3373 -0.0000
vn -0.8136 0.4033 0.4188
vn -0.7884 0.3154 0.5282
vn -0.5199 0.3308 0.7876
vn -0.8243 0.4710 0.3140
vn -0.8138 0.4030 0.4187
vn -0.5198 0.3308 0.7877
vn -0.4011 0.1887 0.8964
vn -0.9520 0.2911 -0.0944
vn -0.7368 0.3841 -0.5565
vn -0.2288 0.5916 -0.7731
vn -0.2748 0.5968 -0.7539
vn -0.9966 0.0235 -0.0785
vn -0.8501 -0.0866 -0.5194
vn -0.9869 -0.1253 -0.1018
vn 0.9458 -0.0315 0.3231
vn 0.9562 -0.0783 -0.2821
vn 0.9277 -0.2436 -0.2830
vn -0.4247 -0.0393 0.9045
vn 0.1414 0.0079 0.9899
vn 0.0706 0.0627 0.9955
vn 0.6234 -0.0315 0.7813
vn 0.6199 0.1098 0.7769
vn 0.9458 -0.0315 0.3232
vn 0.9277 -0.2437 -0.2830
vn 0.9276 -0.2437 -0.2831
vn 0.9562 -0.0783 -0.2822
vn 0.5188 -0.4559 -0.7232
vn 0.3852 -0.1415 -0.9119
vn -0.4789 -0.1570 -0.8637
vn -0.8192 -0.1575 -0.5514
vn -0.9869 -0.1253 -0.1019
vn -0.1498 0.3549 -0.9228
vn -0.0000 0.4722 -0.8815
vn 0.1498 0.3549 -0.9228
vn -0.9624 0.0548 -0.2661
vn -0.9937 0.1096 0.0235
vn -0.8079 0.1020 -0.5804
vn -0.0157 0.6668 0.7451
vn -0.7897 0.5212 0.3237
vn -0.4076 0.7681 0.4938
vn -0.9937 0.1095 0.0235
vn -0.9624 0.0548 -0.2660
vn -0.9285 0.3463 0.1338
vn -0.4076 0.7682 0.4938
vn -0.7896 0.5212 0.3238
vn -0.6226 0.2522 0.7408
vn -0.0157 0.6667 0.7452
vn 0.3848 0.1492 0.9109
vn 0.8172 0.2671 0.5107
vn 0.9827 0.0393 0.1809
vn 0.9908 0.1101 -0.0786
vn 0.9827 0.0393 0.1808
vn -0.2673 0.4247 -0.8650
vn 0.6613 0.2677 -0.7007
vn 0.7462 0.2199 -0.6284
vn -0.2674 0.4246 -0.8650
vn -0.2193 0.0940 -0.9711
vn -0.2673 0.4246 -0.8650
vn 0.5187 -0.1022 0.8488
vn 0.7929 -0.1570 0.5888
vn 0.9111 -0.0550 0.4085
vn -0.9340 -0.1177 0.3375
vn -0.9515 -0.1651 0.2595
vn -0.9855 -0.1577 -0.0630
vn 0.2280 -0.3616 0.9040
vn -0.5578 -0.2435 0.7934
vn -0.9339 -0.1177 0.3375
vn -0.9403 0.0470 0.3370
vn -0.9855 -0.1576 -0.0631
vn -0.8973 -0.0866 -0.4329
vn 0.2588 -0.0471 0.9648
vn -0.5724 -0.0863 0.8154
vn -0.5109 -0.0708 0.8567
vn 0.9265 -0.1491 0.3455
vn 0.8937 -0.2038 -0.3998
vn 0.9142 -0.0945 -0.3941
vn 0.9457 -0.1261 -0.2995
vn 0.9487 -0.2195 0.2274
vn 0.9265 -0.1492 0.3455
vn 0.4856 -0.1880 0.8537
vn -0.6142 -0.3307 0.7165
vn 0.2279 -0.3616 0.9040
vn -0.5109 -0.0707 0.8567
vn 0.2589 -0.0470 0.9648
vn 0.9111 -0.0549 0.4085
vn -0.9421 0.1178 0.3140
vn -0.9404 0.0470 0.3369
vn -0.9340 0.1177 -0.3374
vn -0.4469 -0.0392 -0.8937
vn -0.4464 -0.2115 -0.8695
vn 0.2598 -0.1575 -0.9527
vn 0.3142 -0.2043 -0.9271
vn 0.9142 -0.0946 -0.3940
vn 0.8936 -0.2038 -0.3998
vn 0.2598 -0.1574 -0.9527
vn 0.4155 -0.0000 -0.9096
vn -0.4468 -0.0392 -0.8938
vn -0.4328 0.1495 -0.8890
vn -0.9339 0.1177 -0.3375
vn -0.8815 0.1889 -0.4328
vn 0.8936 -0.2039 -0.3998
vn 0.4156 -0.0000 -0.9095
vn 0.5187 0.1022 -0.8488
vn -0.4327 0.1495 -0.8891
vn -0.4331 0.2205 -0.8740
vn -0.8814 0.1889 -0.4329
vn -0.5724 -0.0862 0.8155
vn -0.9339 -0.1178 0.3375
vn -0.5578 -0.2436 0.7934
vn 0.9111 -0.0550 0.4084
vn -0.4248 0.0315 0.9047
vn -0.5578 -0.2435 0.7935
vn -0.9403 0.0471 0.3370
vn -0.9421 0.1178 0.3141
vn 0.9963 -0.0863 -0.0000
vn 0.9556 -0.0862 -0.2819
vn 0.5033 -0.1101 0.8571
vn 0.9562 -0.0392 0.2900
vn 0.8976 -0.0000 0.4409
vn 0.9737 -0.0000 -0.2277
vn -0.3466 -0.1260 0.9295
vn 0.5417 -0.1178 0.8323
vn 0.5032 -0.1101 0.8571
vn 0.9414 -0.1020 0.3216
vn -0.9829 0.1730 0.0629
vn -0.4876 0.2595 -0.8336
vn 0.4863 0.1804 -0.8550
vn 0.9630 0.1175 -0.2427
vn 0.9960 0.0863 0.0236
vn 0.9489 0.0784 0.3058
vn 0.4689 -0.0156 0.8831
vn -0.4690 -0.0078 0.8832
vn -0.4689 -0.0078 0.8832
vn -0.9355 0.1258 0.3302
vn -0.9503 0.2278 -0.2121
vn 0.9597 -0.0865 -0.2675
vn 0.9555 -0.0861 -0.2820
vn 0.5740 -0.1651 -0.8020
vn 0.3063 -0.1335 -0.9425
vn -0.3699 -0.1731 -0.9128
vn -0.4243 -0.1336 -0.8956
vn -0.9176 -0.1020 -0.3842
vn -0.9176 -0.1490 -0.3686
vn -0.9363 -0.0944 0.3384
vn 0.4856 -0.1879 0.8538
vn 0.6602 -0.1729 0.7310
vn -0.9186 -0.1413 0.3690
vn -0.4178 -0.1340 0.8986
vn 0.2976 -0.1175 0.9474
vn 0.8975 -0.0000 0.4409
vn -0.4484 -0.0944 0.8888
vn -0.8721 -0.0471 0.4871
vn -0.9943 0.0313 -0.1018
vn -0.6058 -0.0393 -0.7946
vn 0.2751 -0.1415 -0.9510
vn 0.9737 -0.0000 -0.2278
vn -0.6226 0.2521 0.7408
vn 0.9597 -0.0865 -0.2674
vn 0.2673 0.4247 -0.8650
vn 0.8079 0.1020 -0.5804
vn 0.9624 0.0548 -0.2660
vn 0.9937 0.1096 0.0235
vn 0.7897 0.5212 0.3238
vn 0.0157 0.6667 0.7451
vn 0.4076 0.7681 0.4938
vn 0.7896 0.5212 0.3237
vn 0.9285 0.3463 0.1338
vn -0.9827 0.0393 0.1809
vn -0.8172 0.2672 0.5108
vn -0.3848 0.1492 0.9109
vn 0.0157 0.6667 0.7452
vn 0.6226 0.2522 0.7408
vn 0.7896 0.5212 0.3238
vn 0.9937 0.1095 0.0235
vn -0.6613 0.2677 -0.7007
vn 0.2193 0.0940 -0.9711
vn 0.2673 0.4246 -0.8650
vn 0.2674 0.4246 -0.8650
vn -0.7462 0.2199 -0.6284
vn -0.9908 0.1101 -0.0786
vn -0.9827 0.0393 0.1808
vn -0.8172 0.2672 0.5107
vn -0.5187 -0.1022 0.8488
vn -0.7929 -0.1570 0.5888
vn -0.2280 -0.3616 0.9040
vn -0.2588 -0.0470 0.9648
vn -0.9111 -0.0549 0.4085
vn -0.9265 -0.1491 0.3455
vn -0.9111 -0.0550 0.4084
vn -0.9142 -0.0946 -0.3940
vn 0.5109 -0.0708 0.8567
vn 0.5724 -0.0862 0.8154
vn -0.9111 -0.0550 0.4085
vn 0.9855 -0.1577 -0.0631
vn 0.9515 -0.1651 0.2595
vn 0.9339 -0.1178 0.3375
vn 0.8973 -0.0866 -0.4329
vn 0.9855 -0.1576 -0.0631
vn 0.9403 0.0470 0.3370
vn 0.9339 -0.1177 0.3375
vn 0.5578 -0.2436 0.7934
vn -0.4856 -0.1880 0.8537
vn -0.9265 -0.1492 0.3455
vn -0.9487 -0.2196 0.2274
vn -0.9457 -0.1261 -0.2995
vn -0.9487 -0.2195 0.2273
vn -0.8937 -0.2038 -0.3997
vn -0.9265 -0.1492 0.3454
vn 0.6141 -0.3307 0.7166
vn -0.9142 -0.0946 -0.3941
vn -0.3142 -0.2043 -0.9271
vn -0.2598 -0.1575 -0.9527
vn 0.4464 -0.2115 -0.8695
vn 0.4469 -0.0392 -0.8937
vn 0.9340 0.1177 -0.3374
vn 0.9404 0.0470 0.3369
vn 0.9421 0.1177 0.3140
vn 0.9421 0.1178 0.3140
vn 0.8815 0.1889 -0.4328
vn 0.9339 0.1177 -0.3375
vn 0.4328 0.1495 -0.8890
vn -0.4155 -0.0000 -0.9096
vn -0.2598 -0.1574 -0.9527
vn -0.8936 -0.2038 -0.3998
vn 0.8814 0.1889 -0.4329
vn 0.4331 0.2205 -0.8740
vn 0.4327 0.1495 -0.8891
vn -0.5187 0.1022 -0.8488
vn -0.4156 -0.0000 -0.9095
vn -0.8936 -0.2039 -0.3998
vn 0.9515 -0.1651 0.2596
vn 0.5724 -0.0863 0.8154
vn -0.5417 -0.1178 0.8323
vn -0.5032 -0.1101 0.8571
vn -0.9562 -0.0392 0.2900
vn -0.4863 0.1804 -0.8550
vn -0.9960 0.0862 0.0236
vn -0.9630 0.1174 -0.2427
vn -0.9556 -0.0862 -0.2819
vn -0.9414 -0.1020 0.3216
vn -0.9597 -0.0865 -0.2674
vn 0.4178 -0.1340 0.8986
vn 0.3466 -0.1260 0.9295
vn 0.9186 -0.1414 0.3690
vn -0.9963 -0.0863 -0.0000
vn 0.4248 0.0315 0.9047
vn 0.9421 0.1178 0.3141
vn -0.9555 -0.0862 -0.2820
vn -0.9597 -0.0865 -0.2675
vn -0.3064 -0.1335 -0.9425
vn -0.5740 -0.1651 -0.8020
vn 0.4243 -0.1335 -0.8956
vn 0.3699 -0.1731 -0.9128
vn 0.9176 -0.1490 -0.3686
vn 0.9176 -0.1019 -0.3843
vn 0.9363 -0.0944 0.3383
vn 0.4876 0.2595 -0.8336
vn 0.9503 0.2278 -0.2121
vn 0.9829 0.1730 0.0629
vn -0.2976 -0.1175 0.9474
vn -0.8976 -0.0000 0.4409
vn -0.9737 -0.0000 -0.2277
vn 0.9355 0.1258 0.3302
vn 0.4690 -0.0078 0.8832
vn 0.4689 -0.0078 0.8832
vn -0.4689 -0.0156 0.8831
vn -0.9489 0.0784 0.3058
vn -0.9960 0.0863 0.0235
vn -0.9487 -0.2195 0.2274
vn -0.6602 -0.1729 0.7310
vn -0.4856 -0.1879 0.8538
vn 0.5578 -0.2435 0.7935
vn -0.9737 -0.0000 -0.2278
vn -0.2751 -0.1415 -0.9510
vn 0.6058 -0.0393 -0.7946
vn 0.9943 0.0313 -0.1018
vn 0.8721 -0.0471 0.4871
vn 0.4484 -0.0944 0.8888
vn 0.9186 -0.1413 0.3690
vn -0.6614 0.2677 -0.7007
vn 0.9707 -0.0783 0.2270
vn 0.9588 -0.0707 -0.2750
vn 0.9562 -0.0784 -0.2821
vn -0.9966 0.0235 -0.0784
vn -0.9127 -0.1102 0.3934
vn 0.3143 -0.2043 -0.9271
vn 0.9588 -0.0707 -0.2751
vn 0.9142 -0.0945 -0.3940
vn -0.4486 -0.1889 0.8736
vn -0.9066 -0.2286 0.3547
vn -0.9553 -0.2506 -0.1566
vn -0.8192 -0.1576 -0.5514
vn -0.7993 -0.2272 -0.5564
vn 0.9562 -0.0784 -0.2822
vn -0.4465 -0.2115 -0.8694
vn 0.1735 -0.1183 0.9777
vn 0.1414 0.0078 0.9899
vn 0.6915 -0.1021 0.7151
vn 0.6234 -0.0316 0.7812
vn 0.9458 -0.0316 0.3231
vn -0.9855 -0.1577 -0.0631
vn -0.9515 -0.1652 0.2595
vn -0.5723 -0.0863 0.8155
vn 0.2589 -0.0471 0.9648
vn -0.8782 0.0862 0.4704
vn 0.6206 -0.7698 -0.1492
vn -0.4233 -0.7210 -0.5486
vn 0.3468 -0.5437 -0.7643
vn -0.5482 -0.8301 0.1018
vn 0.3301 -0.5973 0.7309
vn -0.6018 0.0469 0.7973
vn -0.5825 -0.8030 -0.1260
vn -0.9992 0.0393 -0.0079
vn -0.5971 -0.8015 -0.0314
vn -0.4186 0.6951 0.5845
vn 0.0157 0.8895 0.4566
vn -0.8877 0.4164 0.1964
vn 0.6778 0.6305 0.3783
vn 0.2205 0.6534 0.7242
vn -0.6019 0.0469 0.7972
vn 0.7149 -0.0000 -0.6992
vn -0.0863 0.0079 -0.9962
vn 0.9286 0.3462 0.1338
vn 0.7007 -0.6613 0.2677
vn 0.5589 -0.8109 -0.1732
vn -0.5972 -0.8015 -0.0314
vn 0.6209 -0.7310 -0.2830
vn 0.5590 -0.8109 -0.1732
vn -0.6655 -0.7202 -0.1957
vn -0.5826 -0.8030 -0.1260
vn -0.6655 -0.7203 -0.1957
vn 0.5822 0.7159 0.3855
vn 0.6210 -0.7310 -0.2830
vn 0.9624 0.0548 -0.2661
vn 0.3467 -0.5437 -0.7643
vn -0.0862 0.0078 -0.9962
vn 0.0156 0.6667 0.7451
vn -0.4892 0.7654 0.4182
vn -0.4232 -0.7211 -0.5486
vn 0.8192 -0.1576 -0.5514
vn 0.7993 -0.2272 -0.5564
vn -0.9707 -0.0783 0.2270
vn -0.9458 -0.0315 0.3231
vn 0.5723 -0.0863 0.8155
vn 0.4486 -0.1889 0.8736
vn -0.2589 -0.0471 0.9648
vn 0.9128 -0.1101 0.3934
vn 0.9966 0.0235 -0.0784
vn -0.9588 -0.0708 -0.2751
vn -0.3143 -0.2043 -0.9271
vn -0.9588 -0.0707 -0.2750
vn -0.9142 -0.0945 -0.3941
vn 0.9553 -0.2506 -0.1566
vn 0.9065 -0.2289 0.3547
vn 0.4465 -0.2115 -0.8694
vn -0.6234 -0.0316 0.7812
vn -0.6915 -0.1022 0.7151
vn -0.1414 0.0078 0.9899
vn -0.1735 -0.1183 0.9777
vn 0.9515 -0.1652 0.2595
vn 0.8973 -0.0866 -0.4328
vn 0.8782 0.0862 0.4704
vn -0.2204 0.6534 0.7242
vn -0.3301 -0.5973 0.7309
vn 0.6018 0.0469 0.7972
vn 0.8877 0.4164 0.1964
vn -0.0157 0.8895 0.4566
vn 0.4186 0.6951 0.5845
vn 0.0863 0.0079 -0.9962
vn -0.7149 -0.0000 -0.6992
vn -0.5589 -0.8109 -0.1732
vn -0.7007 -0.6613 0.2677
vn -0.9286 0.3462 0.1338
vn -0.5590 -0.8109 -0.1732
vn -0.6209 -0.7310 -0.2830
vn 0.5972 -0.8015 -0.0314
vn -0.6206 -0.7698 -0.1492
vn 0.4232 -0.7210 -0.5486
vn -0.3468 -0.5437 -0.7643
vn 0.5826 -0.8030 -0.1259
vn 0.5971 -0.8015 -0.0314
vn 0.9992 0.0393 -0.0079
vn 0.5826 -0.8030 -0.1260
vn 0.6655 -0.7202 -0.1957
vn 0.5482 -0.8301 0.1018
vn 0.6018 0.0469 0.7973
vn -0.5822 0.7159 0.3855
vn -0.6778 0.6305 0.3783
vn 0.6655 -0.7203 -0.1957
vn 0.0863 0.0078 -0.9962
vn -0.3467 -0.5437 -0.7643
vn -0.9624 0.0547 -0.2660
vn -0.6210 -0.7310 -0.2830
vn -0.5590 -0.8109 -0.1733
vn 0.4232 -0.7211 -0.5486
vn 0.8172 0.2672 0.5107
vn 0.4892 0.7654 0.4182
vn -0.0156 0.6667 0.7451
vt 0.601410 0.213562
vt 0.566406 0.213562
vt 0.566406 0.140472
vt 0.602356 0.086182
vt 0.566406 0.078369
vt 0.619598 0.011536
vt 0.601318 0.023926
vt 0.602692 0.011536
vt 0.580475 0.023926
vt 0.595032 0.011536
vt 0.616974 0.156097
vt 0.644989 0.163879
vt 0.612732 0.213562
vt 0.646637 0.262543
vt 0.601685 0.148285
vt 0.628815 0.647675
vt 0.566406 0.636719
vt 0.628693 0.566406
vt 0.566406 0.566406
vt 0.566406 0.516205
vt 0.812195 0.741089
vt 0.895813 0.741089
vt 0.812195 0.629150
vt 0.896545 0.628021
vt 0.812195 0.521667
vt 0.896149 0.556091
vt 0.963654 0.570374
vt 0.625153 0.267151
vt 0.619995 0.400635
vt 0.643616 0.400635
vt 0.643402 0.492828
vt 0.566406 0.023926
vt 0.616821 0.101807
vt 0.645111 0.011536
vt 0.643524 0.117432
vt 0.659302 0.118042
vt 0.659302 0.165680
vt 0.963654 0.675751
vt 0.963654 0.741089
vt 0.963654 0.603973
vt 0.697052 0.741089
vt 0.697052 0.589630
vt 0.695953 0.444214
vt 0.566406 0.268463
vt 0.566406 0.400635
vt 0.638367 0.562500
vt 0.646515 0.758240
vt 0.631592 0.758240
vt 0.659302 0.338470
vt 0.657501 0.507996
vt 0.642487 0.542999
vt 0.659302 0.601196
vt 0.659302 0.758240
vt 0.895813 0.119415
vt 0.963654 0.088196
vt 0.963654 0.150452
vt 0.963654 0.047729
vt 0.896942 0.023834
vt 0.696106 0.279480
vt 0.812195 0.130371
vt 0.695953 0.128235
vt 0.695282 0.023376
vt 0.963654 0.023560
vt 0.586334 0.746094
vt 0.604828 0.758240
vt 0.592072 0.691406
vt 0.566406 0.746094
vt 0.566406 0.691406
vt 0.812195 0.023376
vt 0.619507 0.758240
vt 0.812195 0.391479
vt 0.812195 0.308380
vt 0.895813 0.314362
vt 0.812195 0.221405
vt 0.896271 0.201874
vt 0.963654 0.502258
vt 0.895813 0.433990
vt 0.962463 0.407501
vt 0.962463 0.317719
vt 0.812195 0.443939
vt 0.963654 0.222443
vt 0.696045 0.347290
vt 0.339844 0.082031
vt 0.378906 0.011536
vt 0.339844 0.011536
vt 0.012970 0.011780
vt 0.012970 0.082245
vt 0.074219 0.011536
vt 0.066406 0.082031
vt 0.121094 0.011536
vt 0.113281 0.089844
vt 0.167969 0.011536
vt 0.160156 0.097656
vt 0.222656 0.011536
vt 0.222656 0.097656
vt 0.285156 0.011536
vt 0.378906 0.082031
vt 0.425781 0.089844
vt 0.425781 0.011536
vt 0.496094 0.089844
vt 0.496094 0.011536
vt 0.553986 0.082031
vt 0.553986 0.011536
vt 0.659302 0.011536
vt 0.900574 0.957397
vt 0.898743 0.920593
vt 0.908020 0.925751
vt 0.889954 0.881073
vt 0.889252 0.915527
vt 0.860901 0.922943
vt 0.844696 0.978088
vt 0.313141 0.917725
vt 0.262390 0.917725
vt 0.216980 0.894531
vt 0.197601 0.917725
vt 0.173492 0.894531
vt 0.160156 0.917725
vt 0.089294 0.894531
vt 0.912140 0.851562
vt 0.902069 0.863037
vt 0.889801 0.862213
vt 0.912933 0.935089
vt 0.912140 0.862000
vt 0.964844 0.852783
vt 0.399078 0.917725
vt 0.472717 0.894531
vt 0.503906 0.917725
vt 0.553986 0.894531
vt 0.144531 0.339844
vt 0.116150 0.380432
vt 0.066406 0.277344
vt 0.238281 0.386719
vt 0.261719 0.277344
vt 0.316406 0.269531
vt 0.146942 0.430450
vt 0.192932 0.439178
vt 0.269531 0.402344
vt 0.371094 0.269531
vt 0.144531 0.277344
vt 0.199219 0.277344
vt 0.199219 0.339844
vt 0.082031 0.386719
vt 0.012970 0.363495
vt 0.012970 0.277557
vt 0.012970 0.410370
vt 0.089844 0.426086
vt 0.141815 0.446411
vt 0.193268 0.423187
vt 0.269531 0.448578
vt 0.363892 0.407623
vt 0.417969 0.277344
vt 0.425781 0.167969
vt 0.496094 0.277344
vt 0.496094 0.167969
vt 0.553986 0.277344
vt 0.553986 0.363281
vt 0.496094 0.394531
vt 0.416107 0.404755
vt 0.363892 0.439514
vt 0.553986 0.410156
vt 0.496094 0.425140
vt 0.417969 0.432953
vt 0.199219 0.464203
vt 0.553986 0.433167
vt 0.012970 0.894745
vt 0.012970 0.802734
vt 0.165161 0.711121
vt 0.088684 0.699799
vt 0.088684 0.627930
vt 0.012970 0.628143
vt 0.213043 0.784668
vt 0.169617 0.793579
vt 0.088165 0.805481
vt 0.316406 0.619171
vt 0.431671 0.471802
vt 0.431671 0.619171
vt 0.496094 0.471802
vt 0.496094 0.619171
vt 0.553986 0.471802
vt 0.553986 0.619171
vt 0.012970 0.472015
vt 0.084778 0.471802
vt 0.084778 0.619171
vt 0.148956 0.471802
vt 0.148956 0.619171
vt 0.212036 0.471802
vt 0.212036 0.619171
vt 0.269531 0.471802
vt 0.363770 0.471802
vt 0.553986 0.711670
vt 0.553986 0.802490
vt 0.503906 0.711121
vt 0.508362 0.797485
vt 0.433594 0.711121
vt 0.444214 0.787628
vt 0.371094 0.711121
vt 0.363861 0.775726
vt 0.298065 0.711029
vt 0.144531 0.464203
vt 0.012970 0.433411
vt 0.307678 0.775818
vt 0.216919 0.711121
vt 0.164001 0.627930
vt 0.215759 0.627930
vt 0.297882 0.627930
vt 0.363281 0.627930
vt 0.425781 0.627930
vt 0.496094 0.627930
vt 0.553986 0.627930
vt 0.012970 0.711884
vt 0.058594 0.175781
vt 0.012970 0.175995
vt 0.285156 0.089844
vt 0.553986 0.175781
vt 0.207031 0.199219
vt 0.277344 0.191406
vt 0.332031 0.183594
vt 0.378906 0.175781
vt 0.152344 0.199219
vt 0.105469 0.191406
vt 0.816284 0.771759
vt 0.726410 0.809509
vt 0.726410 0.777435
vt 0.907379 0.809509
vt 0.987823 0.778564
vt 0.987823 0.810181
vt 0.893463 0.827148
vt 0.877838 0.844971
vt 0.912140 0.831573
vt 0.758606 0.849213
vt 0.812531 0.889862
vt 0.824219 0.844971
vt 0.786011 0.973419
vt 0.759613 0.914612
vt 0.726685 0.918030
vt 0.731812 0.831665
vt 0.988312 0.852783
vt 0.767090 0.987732
vt 0.874268 0.987732
vt 0.816254 0.809509
vt 0.828339 0.771759
vt 0.849792 0.771759
vt 0.843750 0.987732
vt 0.939240 0.771759
vt 0.849792 0.809509
vt 0.831177 0.809509
vt 0.875244 0.827148
vt 0.833008 0.829346
vt 0.834839 0.941010
vt 0.887085 0.987732
vt 0.913818 0.987732
vt 0.964844 0.957031
vt 0.987640 0.987732
vt 0.987640 0.957031
vt 0.859589 0.866150
vt 0.964844 0.831573
vt 0.988312 0.831573
s 1
usemtl f_body132.png
f 1465/499/1140 1466/500/1141 1467/501/1142
f 1468/502/1143 1467/501/1142 1469/503/1144
f 1470/504/1145 1471/505/1146 1472/506/1147
f 1472/506/1147 1471/505/1146 1473/507/1148
f 1472/506/1147 1473/507/1148 1474/508/1149
f 1475/509/1150 1476/510/1151 1477/511/1152
f 1477/511/1152 1476/510/1151 1478/512/1153
f 1467/501/1142 1479/513/1154 1465/499/1140
f 1480/514/1155 1481/515/1156 1482/516/1157
f 1482/516/1157 1481/515/1156 1483/517/1158
f 1482/516/1157 1483/517/1158 1484/518/1159
f 1485/519/1160 1486/520/1161 1487/521/1162
f 1487/521/1162 1486/520/1161 1488/522/1163
f 1489/523/1164 1490/521/1162 1491/524/1165
f 1491/524/1165 1490/521/1162 1492/522/1166
f 1491/524/1165 1492/522/1166 1493/525/1167
f 1494/513/1168 1495/509/1150 1496/499/1169
f 1496/499/1169 1495/509/1150 1477/511/1152
f 1496/499/1169 1477/511/1152 1497/526/1170
f 1497/526/1170 1477/511/1152 1478/512/1153
f 1497/526/1170 1478/512/1153 1498/527/1171
f 1498/527/1171 1478/512/1153 1499/528/1172
f 1498/527/1171 1499/528/1172 1500/529/1173
f 1501/530/1174 1502/507/1175 1469/503/1176
f 1469/503/1176 1502/507/1175 1503/505/1177
f 1469/503/1176 1503/505/1177 1504/502/1143
f 1504/502/1143 1503/505/1177 1505/504/1145
f 1504/502/1143 1505/504/1145 1506/531/1178
f 1506/531/1178 1505/504/1145 1507/532/1179
f 1506/531/1178 1507/532/1179 1508/533/1180
f 1508/533/1180 1507/532/1179 1509/534/1181
f 1508/533/1180 1509/534/1181 1510/535/1182
f 1511/536/1183 1512/537/1184 1513/520/1185
f 1513/520/1185 1512/537/1184 1514/536/1186
f 1513/520/1185 1514/536/1186 1515/522/1166
f 1515/522/1166 1514/536/1186 1516/538/1187
f 1515/522/1166 1516/538/1187 1517/525/1167
f 1518/538/1188 1519/536/1183 1520/522/1189
f 1520/522/1189 1519/536/1183 1521/520/1185
f 1520/522/1189 1521/520/1185 1522/521/1190
f 1522/521/1190 1521/520/1185 1523/519/1160
f 1522/521/1190 1523/519/1160 1524/539/1184
f 1524/539/1184 1523/519/1160 1525/521/1162
f 1524/539/1184 1525/521/1162 1526/540/1191
f 1526/540/1191 1525/521/1162 1527/523/1164
f 1526/540/1191 1527/523/1164 1528/541/1192
f 1466/500/1141 1465/499/1140 1529/542/1193
f 1529/542/1193 1465/499/1140 1497/526/1170
f 1529/542/1193 1497/526/1170 1530/543/1194
f 1530/543/1194 1497/526/1170 1498/527/1171
f 1530/543/1194 1498/527/1171 1484/518/1195
f 1484/518/1195 1498/527/1171 1531/529/1173
f 1484/518/1195 1531/529/1173 1532/516/1157
f 1532/516/1157 1531/529/1173 1533/544/1196
f 1532/516/1157 1533/544/1196 1534/514/1155
f 1534/514/1155 1533/544/1196 1535/545/1197
f 1534/514/1155 1535/545/1197 1536/546/1198
f 1467/501/1142 1468/502/1143 1479/513/1154
f 1479/513/1154 1468/502/1143 1537/531/1199
f 1479/513/1154 1537/531/1199 1475/509/1150
f 1475/509/1150 1537/531/1199 1538/533/1200
f 1475/509/1150 1538/533/1200 1476/510/1151
f 1476/510/1151 1538/533/1200 1510/535/1201
f 1476/510/1151 1510/535/1201 1478/512/1153
f 1478/512/1153 1510/535/1201 1539/547/1202
f 1478/512/1153 1539/547/1202 1499/528/1172
f 1499/528/1172 1539/547/1202 1540/548/1203
f 1499/528/1172 1540/548/1203 1500/529/1173
f 1500/529/1173 1540/548/1203 1541/549/1204
f 1500/529/1173 1541/549/1204 1542/544/1205
f 1542/544/1205 1541/549/1204 1543/550/1206
f 1542/544/1205 1543/550/1206 1544/545/1197
f 1544/545/1197 1543/550/1206 1545/551/1207
f 1544/545/1197 1545/551/1207 1546/550/1208
f 1547/510/1209 1548/511/1210 1549/512/1211
f 1550/552/1212 1551/553/1213 1552/554/1214
f 1553/540/1215 1554/521/1190 1555/539/1216
f 1556/553/1217 1557/555/1218 1558/556/1219
f 1559/557/1220 1560/558/1221 1561/559/1222
f 1561/559/1222 1560/558/1221 1562/560/1223
f 1563/504/1224 1564/531/1225 1565/532/1179
f 1565/532/1179 1564/531/1225 1566/533/1226
f 1565/532/1179 1566/533/1226 1567/534/1227
f 1567/534/1227 1566/533/1226 1568/535/1228
f 1557/555/1229 1569/561/1230 1570/556/1219
f 1570/556/1219 1569/561/1230 1571/555/1231
f 1570/556/1219 1571/555/1231 1572/553/1213
f 1548/511/1210 1547/510/1209 1573/509/1232
f 1574/562/1233 1575/563/1234 1576/564/1235
f 1577/565/1236 1574/562/1233 1578/566/1237
f 1578/566/1237 1574/562/1233 1579/564/1235
f 1578/566/1237 1579/564/1235 1580/515/1238
f 1581/529/1239 1582/544/1240 1583/549/1241
f 1572/553/1242 1584/552/1243 1585/556/1219
f 1585/556/1219 1584/552/1243 1586/558/1244
f 1585/556/1219 1586/558/1244 1587/567/1245
f 1588/503/1246 1589/507/1247 1590/530/1236
f 1591/499/1248 1592/513/1249 1593/501/1250
f 1593/501/1250 1592/513/1249 1594/502/1251
f 1593/501/1250 1594/502/1251 1595/503/1252
f 1595/503/1252 1594/502/1251 1596/505/1253
f 1595/503/1252 1596/505/1253 1597/507/1233
f 1598/531/1254 1599/509/1232 1600/533/1255
f 1600/533/1255 1599/509/1232 1547/510/1256
f 1600/533/1255 1547/510/1256 1568/535/1257
f 1568/535/1257 1547/510/1256 1601/512/1211
f 1568/535/1257 1601/512/1211 1602/547/1258
f 1602/547/1258 1601/512/1211 1603/528/1259
f 1602/547/1258 1603/528/1259 1604/548/1260
f 1605/554/1261 1556/553/1217 1606/552/1262
f 1606/552/1262 1556/553/1217 1558/556/1219
f 1606/552/1262 1558/556/1219 1607/558/1263
f 1607/558/1263 1558/556/1219 1587/567/1245
f 1607/558/1263 1587/567/1245 1608/560/1264
f 1608/560/1264 1587/567/1245 1609/558/1265
f 1608/560/1264 1609/558/1265 1610/559/1266
f 1610/559/1266 1609/558/1265 1611/557/1267
f 1612/518/1268 1613/517/1269 1614/516/1270
f 1614/516/1270 1613/517/1269 1580/515/1271
f 1614/516/1270 1580/515/1271 1615/514/1272
f 1615/514/1272 1580/515/1271 1576/564/1235
f 1615/514/1272 1576/564/1235 1616/568/1273
f 1616/568/1273 1576/564/1235 1575/563/1234
f 1616/568/1273 1575/563/1234 1617/564/1274
f 1617/564/1274 1575/563/1234 1618/562/1275
f 1617/564/1274 1618/562/1275 1619/566/1276
f 1619/566/1276 1618/562/1275 1620/565/1174
f 1621/501/1250 1622/500/1277 1623/499/1278
f 1623/499/1278 1622/500/1277 1624/542/1279
f 1623/499/1278 1624/542/1279 1625/526/1280
f 1625/526/1280 1624/542/1279 1626/543/1281
f 1625/526/1280 1626/543/1281 1627/527/1282
f 1627/527/1282 1626/543/1281 1628/518/1283
f 1627/527/1282 1628/518/1283 1629/529/1239
f 1629/529/1239 1628/518/1283 1630/516/1270
f 1629/529/1239 1630/516/1270 1582/544/1240
f 1582/544/1240 1630/516/1270 1631/514/1272
f 1632/508/1234 1597/507/1233 1633/506/1284
f 1633/506/1284 1597/507/1233 1596/505/1253
f 1633/506/1284 1596/505/1253 1634/504/1285
f 1634/504/1285 1596/505/1253 1635/502/1286
f 1634/504/1285 1635/502/1286 1636/531/1287
f 1636/531/1287 1635/502/1286 1637/513/1288
f 1636/531/1287 1637/513/1288 1573/509/1232
f 1573/509/1232 1637/513/1288 1638/499/1278
f 1573/509/1232 1638/499/1278 1548/511/1210
f 1548/511/1210 1638/499/1278 1639/526/1280
f 1548/511/1210 1639/526/1280 1549/512/1211
f 1549/512/1211 1639/526/1280 1640/527/1282
f 1549/512/1211 1640/527/1282 1603/528/1259
f 1603/528/1259 1640/527/1282 1581/529/1239
f 1603/528/1259 1581/529/1239 1604/548/1260
f 1604/548/1260 1581/529/1239 1583/549/1241
f 1604/548/1260 1583/549/1241 1641/550/1289
f 1641/550/1289 1583/549/1241 1582/544/1240
f 1641/550/1289 1582/544/1240 1642/545/1197
f 1642/545/1197 1582/544/1240 1631/514/1272
f 1642/545/1197 1631/514/1272 1643/546/1198
f 1643/546/1198 1631/514/1272 1644/568/1290
f 1643/546/1198 1644/568/1290 1645/514/1155
f 1645/514/1155 1644/568/1290 1646/564/1291
f 1645/514/1155 1646/564/1291 1647/515/1292
f 1647/515/1292 1646/564/1291 1648/566/1293
f 1649/523/1294 1650/540/1295 1651/541/1296
f 1652/548/1297 1653/550/1298 1654/549/1299
f 1655/569/1300 1656/570/1301 1657/571/1302
f 1657/571/1302 1656/570/1301 1658/572/1303
f 1657/571/1302 1658/572/1303 1659/573/1304
f 1660/574/1305 1661/575/1306 1662/576/1307
f 1662/576/1307 1661/575/1306 1663/577/1308
f 1664/540/1215 1665/523/1294 1666/521/1309
f 1666/521/1309 1665/523/1294 1667/524/1310
f 1666/521/1309 1667/524/1310 1668/522/1311
f 1668/522/1311 1667/524/1310 1669/525/1312
f 1668/522/1311 1669/525/1312 1670/538/1313
f 1671/578/1314 1672/569/1300 1673/575/1306
f 1673/575/1306 1672/569/1300 1657/571/1302
f 1673/575/1306 1657/571/1302 1663/577/1315
f 1663/577/1315 1657/571/1302 1659/573/1304
f 1663/577/1315 1659/573/1304 1674/579/1316
f 1675/554/1317 1674/579/1316 1676/552/1212
f 1676/552/1212 1674/579/1316 1659/573/1304
f 1676/552/1212 1659/573/1304 1677/558/1265
f 1677/558/1265 1659/573/1304 1658/572/1303
f 1677/558/1265 1658/572/1303 1678/557/1318
f 1678/557/1318 1658/572/1303 1656/570/1301
f 1678/557/1318 1656/570/1301 1679/580/1319
f 1679/580/1319 1656/570/1301 1655/569/1300
f 1679/580/1319 1655/569/1300 1651/541/1320
f 1651/541/1320 1655/569/1300 1680/578/1314
f 1651/541/1320 1680/578/1314 1681/523/1294
f 1681/523/1294 1680/578/1314 1682/575/1321
f 1681/523/1294 1682/575/1321 1683/524/1322
f 1683/524/1322 1682/575/1321 1684/574/1323
f 1683/524/1322 1684/574/1323 1685/525/1312
f 1686/581/1324 1687/582/1325 1688/583/1326
f 1689/584/1174 1690/585/1327 1691/586/1328
f 1691/586/1328 1690/585/1327 1692/587/1329
f 1691/586/1328 1692/587/1329 1693/588/1156
f 1693/588/1156 1692/587/1329 1694/589/1330
f 1693/588/1156 1694/589/1330 1695/590/1158
f 1695/590/1158 1694/589/1330 1696/591/1331
f 1695/590/1158 1696/591/1331 1697/592/1195
f 1697/592/1195 1696/591/1331 1698/593/1332
f 1697/592/1195 1698/593/1332 1699/594/1333
f 1700/581/1334 1701/595/1335 1702/582/1141
f 1702/582/1141 1701/595/1335 1703/596/1336
f 1702/582/1141 1703/596/1336 1704/597/1337
f 1704/597/1337 1703/596/1336 1705/598/1338
f 1704/597/1337 1705/598/1338 1706/599/1144
f 1706/599/1144 1705/598/1338 1707/600/1339
f 1706/599/1144 1707/600/1339 1708/601/1174
f 1709/579/1340 1710/573/1341 1711/577/1342
f 1712/572/1343 1713/570/1344 1714/571/1345
f 1714/571/1345 1713/570/1344 1715/569/1346
f 1714/571/1345 1715/569/1346 1716/575/1347
f 1716/575/1347 1715/569/1346 1717/578/1348
f 1718/574/1349 1719/576/1350 1720/575/1351
f 1720/575/1351 1719/576/1350 1711/577/1342
f 1720/575/1351 1711/577/1342 1714/571/1345
f 1714/571/1345 1711/577/1342 1710/573/1341
f 1714/571/1345 1710/573/1341 1712/572/1343
f 1721/525/1167 1722/574/1352 1723/524/1353
f 1723/524/1353 1722/574/1352 1716/575/1347
f 1723/524/1353 1716/575/1347 1724/523/1164
f 1724/523/1164 1716/575/1347 1717/578/1348
f 1724/523/1164 1717/578/1348 1725/541/1192
f 1725/541/1192 1717/578/1348 1715/569/1346
f 1725/541/1192 1715/569/1346 1726/580/1354
f 1726/580/1354 1715/569/1346 1713/570/1344
f 1726/580/1354 1713/570/1344 1727/557/1355
f 1727/557/1355 1713/570/1344 1712/572/1343
f 1727/557/1355 1712/572/1343 1728/558/1221
f 1728/558/1221 1712/572/1343 1710/573/1341
f 1728/558/1221 1710/573/1341 1729/552/1356
f 1729/552/1356 1710/573/1341 1709/579/1340
f 1729/552/1356 1709/579/1340 1730/554/1357
f 1731/583/1358 1732/582/1359 1733/581/1360
f 1734/587/1361 1735/585/1362 1736/584/1363
f 1737/594/1281 1738/593/1364 1739/592/1283
f 1739/592/1283 1738/593/1364 1740/591/1365
f 1739/592/1283 1740/591/1365 1741/590/1366
f 1741/590/1366 1740/591/1365 1742/589/1367
f 1741/590/1366 1742/589/1367 1743/588/1368
f 1743/588/1368 1742/589/1367 1744/587/1369
f 1743/588/1368 1744/587/1369 1745/586/1237
f 1745/586/1237 1744/587/1369 1746/584/1370
f 1747/601/1371 1748/600/1372 1749/599/1373
f 1749/599/1373 1748/600/1372 1750/598/1374
f 1749/599/1373 1750/598/1374 1751/597/1250
f 1751/597/1250 1750/598/1374 1752/596/1375
f 1751/597/1250 1752/596/1375 1753/582/1277
f 1753/582/1277 1752/596/1375 1754/595/1376
f 1753/582/1277 1754/595/1376 1755/581/1377
f 1756/534/1378 1757/602/1379 1758/532/1179
f 1758/532/1179 1757/602/1379 1759/534/1380
f 1760/603/1381 1761/604/1382 1762/605/1383
f 1763/606/1384 1764/607/1385 1765/608/1386
f 1766/604/1387 1767/603/1388 1768/607/1385
f 1768/607/1385 1767/603/1388 1769/609/1389
f 1768/607/1385 1769/609/1389 1770/608/1390
f 1771/610/1387 1772/611/1391 1773/612/1392
f 1773/612/1392 1772/611/1391 1774/613/1393
f 1773/612/1392 1774/613/1393 1775/614/1394
f 1775/614/1394 1774/613/1393 1776/615/1395
f 1775/614/1394 1776/615/1395 1777/616/1396
f 1778/617/1397 1779/618/1398 1780/619/1395
f 1781/620/1399 1782/603/1381 1762/605/1383
f 1783/618/1396 1784/617/1397 1785/621/1400
f 1785/621/1400 1784/617/1397 1786/622/1401
f 1785/621/1400 1786/622/1401 1787/620/1402
f 1788/623/1383 1789/624/1403 1790/625/1404
f 1790/625/1404 1789/624/1403 1791/626/1400
f 1792/627/1405 1793/628/1406 1794/629/1407
f 1795/630/1408 1796/631/1409 1797/632/1410
f 1798/628/1406 1799/627/1405 1800/633/1411
f 1801/634/1412 1802/630/1413 1803/635/1414
f 1803/635/1414 1802/630/1413 1804/632/1415
f 1803/635/1414 1804/632/1415 1805/636/1416
f 1806/637/1417 1807/638/1418 1808/639/1419
f 1809/640/1420 1810/641/1421 1811/642/1422
f 1812/643/1423 1813/641/1421 1814/644/1424
f 1814/644/1424 1813/641/1421 1815/640/1425
f 1814/644/1424 1815/640/1425 1816/645/1426
f 1817/646/1427 1818/633/1428 1819/639/1429
f 1819/639/1429 1818/633/1428 1799/627/1405
f 1819/639/1429 1799/627/1405 1820/637/1430
f 1820/637/1430 1799/627/1405 1821/629/1431
f 1822/647/1432 1823/635/1433 1824/648/1434
f 1824/648/1434 1823/635/1433 1805/636/1416
f 1824/648/1434 1805/636/1416 1825/649/1435
f 1825/649/1435 1805/636/1416 1826/650/1436
f 1825/649/1435 1826/650/1436 1827/651/1437
f 1827/651/1437 1826/650/1436 1828/652/1438
f 1827/651/1437 1828/652/1438 1829/653/1439
f 1830/653/1439 1831/654/1440 1832/651/1441
f 1832/651/1441 1831/654/1440 1833/655/1442
f 1832/651/1441 1833/655/1442 1834/649/1443
f 1834/649/1443 1833/655/1442 1835/656/1444
f 1834/649/1443 1835/656/1444 1836/648/1445
f 1836/648/1445 1835/656/1444 1837/657/1446
f 1836/648/1445 1837/657/1446 1838/647/1432
f 1839/654/1447 1840/658/1423 1841/655/1448
f 1841/655/1448 1840/658/1423 1842/659/1449
f 1841/655/1448 1842/659/1449 1843/656/1450
f 1843/656/1450 1842/659/1449 1844/660/1451
f 1843/656/1450 1844/660/1451 1845/657/1452
f 1846/638/1453 1847/631/1409 1848/639/1429
f 1848/639/1429 1847/631/1409 1849/630/1454
f 1848/639/1429 1849/630/1454 1850/646/1427
f 1850/646/1427 1849/630/1454 1851/634/1455
f 1850/646/1427 1851/634/1455 1800/633/1411
f 1800/633/1411 1851/634/1455 1852/645/1426
f 1800/633/1411 1852/645/1426 1798/628/1406
f 1798/628/1406 1852/645/1426 1853/640/1425
f 1798/628/1406 1853/640/1425 1854/629/1456
f 1854/629/1456 1853/640/1425 1855/642/1439
f 1856/661/1457 1857/634/1458 1858/635/1459
f 1858/635/1459 1859/647/1460 1856/661/1457
f 1860/658/1423 1861/662/1461 1862/659/1449
f 1863/616/1398 1864/663/1400 1865/664/1462
f 1866/665/1463 1867/666/1464 1868/667/1465
f 1868/667/1465 1867/666/1464 1869/668/1466
f 1870/669/1467 1871/670/1468 1872/665/1469
f 1872/665/1469 1871/670/1468 1873/671/1470
f 1872/665/1469 1873/671/1470 1867/666/1464
f 1874/672/1471 1875/673/1472 1876/674/1472
f 1876/674/1472 1875/673/1472 1877/675/1473
f 1876/674/1472 1877/675/1473 1878/676/1473
f 1878/676/1473 1877/675/1473 1879/677/1474
f 1878/676/1473 1879/677/1474 1880/678/1475
f 1881/679/1474 1882/680/1476 1883/681/1475
f 1883/681/1475 1882/680/1476 1884/682/1477
f 1883/681/1475 1884/682/1477 1885/683/1477
f 1885/683/1477 1884/682/1477 1886/684/1478
f 1885/683/1477 1886/684/1478 1887/685/1479
f 1887/685/1479 1886/684/1478 1888/686/1480
f 1887/685/1479 1888/686/1480 1874/672/1471
f 1874/672/1471 1888/686/1480 1889/687/1481
f 1874/672/1471 1889/687/1481 1875/673/1472
f 1890/688/1482 1891/689/1483 1892/690/1484
f 1892/690/1484 1891/689/1483 1893/691/1485
f 1892/690/1484 1893/691/1485 1894/692/1486
f 1894/692/1486 1893/691/1485 1895/693/1487
f 1894/692/1486 1895/693/1487 1896/694/1488
f 1896/694/1488 1895/693/1487 1897/695/1489
f 1896/694/1488 1897/695/1489 1898/696/1490
f 1857/634/1458 1856/661/1457 1899/645/1491
f 1899/645/1491 1856/661/1457 1900/697/1492
f 1899/645/1491 1900/697/1492 1901/644/1424
f 1901/644/1424 1900/697/1492 1902/698/1461
f 1901/644/1424 1902/698/1461 1903/643/1423
f 1897/695/1489 1904/699/1493 1898/696/1490
f 1898/696/1490 1904/699/1493 1870/669/1467
f 1898/696/1490 1870/669/1467 1905/700/1494
f 1905/700/1494 1870/669/1467 1872/665/1469
f 1905/700/1494 1872/665/1469 1906/701/1495
f 1906/701/1495 1872/665/1469 1868/667/1496
f 1906/701/1495 1907/702/1497 1905/700/1494
f 1905/700/1494 1907/702/1497 1908/703/1498
f 1905/700/1494 1908/703/1498 1898/696/1490
f 1898/696/1490 1908/703/1498 1909/704/1499
f 1898/696/1490 1909/704/1499 1896/694/1488
f 1896/694/1488 1909/704/1499 1910/705/1500
f 1896/694/1488 1910/705/1500 1894/692/1486
f 1894/692/1486 1910/705/1500 1911/706/1501
f 1894/692/1486 1911/706/1501 1892/690/1484
f 1892/690/1484 1911/706/1501 1912/707/1502
f 1892/690/1484 1912/707/1502 1890/688/1482
f 1891/689/1483 1913/626/1400 1893/691/1485
f 1893/691/1485 1913/626/1400 1914/624/1403
f 1893/691/1485 1914/624/1403 1895/693/1487
f 1895/693/1487 1914/624/1403 1915/623/1383
f 1895/693/1487 1915/623/1383 1897/695/1489
f 1897/695/1489 1915/623/1383 1916/610/1387
f 1897/695/1489 1916/610/1387 1904/699/1493
f 1904/699/1493 1916/610/1387 1917/612/1503
f 1904/699/1493 1917/612/1503 1870/669/1467
f 1870/669/1467 1917/612/1503 1918/614/1394
f 1870/669/1467 1918/614/1394 1871/670/1468
f 1871/670/1468 1918/614/1394 1863/616/1398
f 1871/670/1468 1863/616/1398 1873/671/1470
f 1873/671/1470 1863/616/1398 1865/664/1462
f 1873/671/1470 1865/664/1462 1867/666/1464
f 1867/666/1464 1865/664/1462 1919/708/1504
f 1867/666/1464 1919/708/1504 1869/668/1466
f 1920/620/1505 1921/605/1506 1922/603/1507
f 1922/603/1507 1921/605/1506 1923/604/1508
f 1922/603/1507 1923/604/1508 1924/607/1509
f 1925/606/1510 1926/608/1511 1924/607/1512
f 1924/607/1512 1926/608/1511 1927/609/1513
f 1924/607/1512 1927/609/1513 1928/603/1507
f 1929/616/1514 1930/615/1515 1931/614/1516
f 1931/614/1516 1930/615/1515 1932/613/1517
f 1931/614/1516 1932/613/1517 1933/612/1518
f 1933/612/1518 1932/613/1517 1934/611/1519
f 1933/612/1518 1934/611/1519 1935/610/1520
f 1936/626/1521 1937/624/1522 1938/625/1523
f 1938/625/1523 1937/624/1522 1939/623/1506
f 1940/620/1524 1941/622/1525 1942/621/1521
f 1942/621/1521 1941/622/1525 1943/617/1526
f 1942/621/1521 1943/617/1526 1944/618/1527
f 1944/618/1527 1943/617/1526 1945/619/1528
f 1946/627/1529 1947/628/1530 1948/633/1531
f 1949/627/1529 1950/637/1532 1951/629/1533
f 1952/640/1534 1953/629/1535 1954/642/1536
f 1955/639/1537 1956/638/1538 1957/637/1532
f 1958/628/1530 1959/627/1529 1960/629/1539
f 1961/632/1540 1962/631/1541 1963/630/1542
f 1964/636/1543 1965/632/1544 1966/635/1545
f 1966/635/1545 1965/632/1544 1967/630/1546
f 1966/635/1545 1967/630/1546 1968/634/1547
f 1969/645/1548 1970/640/1549 1971/644/1550
f 1972/643/1551 1973/644/1552 1974/641/1553
f 1974/641/1553 1973/644/1552 1975/640/1554
f 1974/641/1553 1975/640/1554 1976/642/1536
f 1977/637/1532 1946/627/1529 1978/639/1537
f 1978/639/1537 1946/627/1529 1948/633/1531
f 1978/639/1537 1948/633/1531 1979/646/1555
f 1980/653/1556 1981/652/1557 1982/651/1558
f 1982/651/1558 1981/652/1557 1983/650/1559
f 1982/651/1558 1983/650/1559 1984/649/1560
f 1984/649/1560 1983/650/1559 1985/636/1543
f 1984/649/1560 1985/636/1543 1986/648/1561
f 1986/648/1561 1985/636/1543 1987/635/1562
f 1986/648/1561 1987/635/1562 1988/647/1563
f 1989/647/1564 1990/657/1565 1991/648/1566
f 1991/648/1566 1990/657/1565 1992/656/1567
f 1991/648/1566 1992/656/1567 1993/649/1560
f 1993/649/1560 1992/656/1567 1994/655/1568
f 1993/649/1560 1994/655/1568 1995/651/1569
f 1995/651/1569 1994/655/1568 1996/654/1570
f 1995/651/1569 1996/654/1570 1997/653/1536
f 1998/657/1571 1999/660/1572 2000/656/1573
f 2000/656/1573 1999/660/1572 2001/659/1574
f 2000/656/1573 2001/659/1574 2002/655/1575
f 2002/655/1575 2001/659/1574 2003/658/1551
f 2002/655/1575 2003/658/1551 2004/654/1576
f 2005/629/1539 2006/640/1549 1947/628/1530
f 1947/628/1530 2006/640/1549 2007/645/1548
f 1947/628/1530 2007/645/1548 1948/633/1531
f 1948/633/1531 2007/645/1548 1968/634/1547
f 1948/633/1531 1968/634/1547 1979/646/1555
f 1979/646/1555 1968/634/1547 1967/630/1546
f 1979/646/1555 1967/630/1546 1978/639/1537
f 1978/639/1537 1967/630/1546 2008/631/1577
f 1978/639/1537 2008/631/1577 2009/638/1578
f 2010/670/1579 2011/665/1580 2012/666/1581
f 2013/675/1582 2014/678/1583 2015/677/1584
f 2016/664/1585 2017/663/1521 2018/616/1527
f 2010/670/1579 2012/666/1581 2019/671/1586
f 2019/671/1586 2012/666/1581 2020/708/1587
f 2011/665/1580 2010/670/1579 2021/700/1588
f 2021/700/1588 2010/670/1579 2022/669/1589
f 2021/700/1588 2022/669/1589 2023/699/1590
f 2024/659/1574 2025/662/1591 2026/658/1551
f 2027/661/1592 2028/647/1593 2029/635/1545
f 2030/689/1594 2031/688/1595 2032/691/1596
f 2032/691/1596 2031/688/1595 2033/690/1597
f 2032/691/1596 2033/690/1597 2034/693/1598
f 2034/693/1598 2033/690/1597 2035/692/1599
f 2034/693/1598 2035/692/1599 2036/695/1600
f 2036/695/1600 2035/692/1599 2037/694/1601
f 2036/695/1600 2037/694/1601 2023/699/1590
f 2023/699/1590 2037/694/1601 2038/696/1602
f 2023/699/1590 2038/696/1602 2021/700/1588
f 2014/678/1583 2013/675/1582 2039/676/1582
f 2039/676/1582 2013/675/1582 2040/673/1603
f 2039/676/1582 2040/673/1603 2041/674/1603
f 2041/674/1603 2040/673/1603 2042/687/1604
f 2041/674/1603 2042/687/1604 2043/672/1605
f 2044/700/1588 2045/701/1606 2011/665/1580
f 2011/665/1580 2045/701/1606 2046/667/1607
f 2011/665/1580 2046/667/1607 2047/666/1581
f 2047/666/1581 2046/667/1607 2048/668/1608
f 2047/666/1581 2048/668/1608 2049/708/1587
f 2042/687/1604 2050/686/1609 2043/672/1605
f 2043/672/1605 2050/686/1609 2051/684/1610
f 2043/672/1605 2051/684/1610 2052/685/1611
f 2052/685/1611 2051/684/1610 2053/682/1612
f 2052/685/1611 2053/682/1612 2054/683/1612
f 2054/683/1612 2053/682/1612 2055/680/1613
f 2054/683/1612 2055/680/1613 2056/681/1614
f 2056/681/1614 2055/680/1613 2057/679/1584
f 2058/643/1551 2059/698/1591 2060/644/1615
f 2060/644/1615 2059/698/1591 2061/697/1616
f 2060/644/1615 2061/697/1616 2062/645/1617
f 2062/645/1617 2061/697/1616 2027/661/1592
f 2062/645/1617 2027/661/1592 2063/634/1618
f 2063/634/1618 2027/661/1592 2029/635/1545
f 2031/688/1595 2064/707/1619 2033/690/1597
f 2033/690/1597 2064/707/1619 2065/706/1620
f 2033/690/1597 2065/706/1620 2035/692/1599
f 2035/692/1599 2065/706/1620 2066/705/1621
f 2035/692/1599 2066/705/1621 2037/694/1601
f 2037/694/1601 2066/705/1621 2067/704/1622
f 2037/694/1601 2067/704/1622 2038/696/1602
f 2038/696/1602 2067/704/1622 2068/703/1623
f 2038/696/1602 2068/703/1623 2044/700/1588
f 2044/700/1588 2068/703/1623 2069/702/1624
f 2044/700/1588 2069/702/1624 2045/701/1606
f 2020/708/1587 2016/664/1585 2019/671/1586
f 2019/671/1586 2016/664/1585 2018/616/1527
f 2019/671/1586 2018/616/1527 2010/670/1579
f 2010/670/1579 2018/616/1527 2070/614/1516
f 2010/670/1579 2070/614/1516 2022/669/1589
f 2022/669/1589 2070/614/1516 2071/612/1518
f 2022/669/1589 2071/612/1518 2072/699/1625
f 2072/699/1625 2071/612/1518 2073/610/1520
f 2072/699/1625 2073/610/1520 2036/695/1600
f 2036/695/1600 2073/610/1520 2074/623/1506
f 2036/695/1600 2074/623/1506 2034/693/1598
f 2034/693/1598 2074/623/1506 2075/624/1522
f 2034/693/1598 2075/624/1522 2032/691/1596
f 2032/691/1596 2075/624/1522 2076/626/1626
f 2032/691/1596 2076/626/1626 2030/689/1594
f 2077/709/1627 2078/710/1628 2079/585/1629
f 2080/583/1630 2081/581/1360 2082/711/1631
f 2083/652/1632 2084/712/1633 2085/653/1422
f 2086/629/1456 2087/642/1634 2078/710/1628
f 2088/713/1635 2082/711/1631 2089/714/1636
f 2089/714/1636 2082/711/1631 2081/581/1360
f 2089/714/1636 2081/581/1360 2090/715/1637
f 2090/715/1637 2081/581/1360 2091/595/1638
f 2090/715/1637 2091/595/1638 2092/716/1639
f 2092/716/1639 2091/595/1638 2093/596/1375
f 2094/600/1640 2084/712/1633 2095/598/1374
f 2095/598/1374 2084/712/1633 2083/652/1632
f 2095/598/1374 2083/652/1632 2093/596/1375
f 2093/596/1375 2083/652/1632 2096/650/1641
f 2093/596/1375 2096/650/1641 2092/716/1639
f 2097/593/1364 2098/717/1642 2099/591/1643
f 2099/591/1643 2098/717/1642 2100/718/1644
f 2099/591/1643 2100/718/1644 2101/589/1645
f 2101/589/1645 2100/718/1644 2077/709/1627
f 2101/589/1645 2077/709/1627 2102/587/1646
f 2102/587/1646 2077/709/1627 2079/585/1629
f 2096/650/1641 2103/636/1416 2092/716/1639
f 2092/716/1639 2103/636/1416 2104/632/1647
f 2092/716/1639 2104/632/1647 2090/715/1637
f 2090/715/1637 2104/632/1647 2105/631/1648
f 2090/715/1637 2105/631/1648 2089/714/1636
f 2089/714/1636 2105/631/1648 2106/638/1649
f 2089/714/1636 2106/638/1649 2088/713/1635
f 2088/713/1635 2106/638/1649 2107/637/1650
f 2078/710/1628 2077/709/1627 2086/629/1456
f 2086/629/1456 2077/709/1627 2100/718/1644
f 2086/629/1456 2100/718/1644 2107/637/1650
f 2107/637/1650 2100/718/1644 2098/717/1642
f 2107/637/1650 2098/717/1642 2088/713/1635
f 2088/713/1635 2098/717/1642 2097/593/1364
f 2088/713/1635 2097/593/1364 2082/711/1631
f 2082/711/1631 2097/593/1364 2108/594/1651
f 2082/711/1631 2108/594/1651 2080/583/1630
f 2109/719/1652 2110/720/1653 2111/721/1654
f 2112/722/1655 2113/723/1656 2114/724/1657
f 2115/725/1658 2116/726/1659 2117/727/1660
f 2118/728/1661 2119/729/1662 2120/730/1663
f 2121/731/1664 2122/732/1665 2123/733/1656
f 2123/733/1656 2122/732/1665 2124/734/1666
f 2125/603/1507 2126/622/1667 2127/620/1524
f 2127/620/1524 2126/622/1667 2128/735/1668
f 2127/620/1524 2128/735/1668 2129/622/1525
f 2130/609/1669 2131/736/1670 2132/737/1671
f 2110/720/1653 2109/719/1652 2133/738/1672
f 2133/738/1672 2109/719/1652 2134/739/1673
f 2133/738/1672 2134/739/1673 2135/740/1674
f 2125/603/1507 2130/609/1669 2136/741/1674
f 2113/723/1656 2112/722/1655 2137/742/1670
f 2137/742/1670 2112/722/1655 2138/743/1675
f 2137/742/1670 2138/743/1675 2135/740/1674
f 2135/740/1674 2138/743/1675 2139/744/1676
f 2135/740/1674 2139/744/1676 2133/738/1672
f 2140/745/1677 2141/746/1655 2120/730/1663
f 2120/730/1663 2141/746/1655 2124/734/1666
f 2120/730/1663 2124/734/1666 2118/728/1661
f 2118/728/1661 2124/734/1666 2122/732/1665
f 2118/728/1661 2122/732/1665 2119/729/1662
f 2119/729/1662 2122/732/1665 2121/731/1664
f 2119/729/1662 2121/731/1664 2142/747/1678
f 2132/737/1674 2143/748/1679 2125/603/1680
f 2125/603/1680 2143/748/1679 2144/749/1652
f 2125/603/1680 2144/749/1652 2145/750/1667
f 2145/750/1667 2144/749/1652 2146/751/1681
f 2145/750/1667 2146/751/1681 2147/752/1682
f 2148/608/1511 2149/606/1683 2150/753/1684
f 2150/753/1684 2149/606/1683 2151/619/1528
f 2150/753/1684 2151/619/1528 2116/726/1659
f 2116/726/1659 2151/619/1528 2152/617/1526
f 2116/726/1659 2152/617/1526 2117/727/1660
f 2117/727/1660 2152/617/1526 2129/622/1525
f 2117/727/1660 2129/622/1525 2153/754/1685
f 2153/754/1685 2129/622/1525 2128/735/1668
f 2153/754/1685 2128/735/1668 2154/755/1681
f 2115/725/1658 2140/745/1677 2116/726/1659
f 2116/726/1659 2140/745/1677 2120/730/1663
f 2116/726/1659 2120/730/1663 2150/753/1684
f 2150/753/1684 2120/730/1663 2119/729/1662
f 2150/753/1684 2119/729/1662 2148/608/1511
f 2148/608/1511 2119/729/1662 2142/747/1678
f 2148/608/1511 2142/747/1678 2130/609/1669
f 2130/609/1669 2142/747/1678 2121/731/1664
f 2130/609/1669 2121/731/1664 2131/736/1670
f 2131/736/1670 2121/731/1664 2123/733/1656
f 2155/595/1686 2156/716/1687 2157/596/1336
f 2158/709/1688 2159/587/1689 2160/585/1327
f 2161/638/1690 2162/713/1691 2163/637/1692
f 2164/711/1693 2165/581/1324 2166/583/1694
f 2167/653/1556 2168/712/1695 2169/652/1696
f 2170/710/1697 2171/642/1698 2172/629/1535
f 2156/716/1687 2155/595/1686 2173/715/1699
f 2173/715/1699 2155/595/1686 2165/581/1324
f 2173/715/1699 2165/581/1324 2174/714/1700
f 2174/714/1700 2165/581/1324 2164/711/1693
f 2174/714/1700 2164/711/1693 2162/713/1691
f 2156/716/1687 2175/650/1701 2157/596/1336
f 2157/596/1336 2175/650/1701 2169/652/1696
f 2157/596/1336 2169/652/1696 2176/598/1338
f 2176/598/1338 2169/652/1696 2168/712/1695
f 2176/598/1338 2168/712/1695 2177/600/1339
f 2159/587/1689 2158/709/1688 2178/589/1702
f 2178/589/1702 2158/709/1688 2179/718/1703
f 2178/589/1702 2179/718/1703 2180/591/1704
f 2180/591/1704 2179/718/1703 2181/717/1705
f 2180/591/1704 2181/717/1705 2182/593/1332
f 2162/713/1691 2161/638/1690 2174/714/1700
f 2174/714/1700 2161/638/1690 2183/631/1706
f 2174/714/1700 2183/631/1706 2173/715/1699
f 2173/715/1699 2183/631/1706 2184/632/1540
f 2173/715/1699 2184/632/1540 2156/716/1687
f 2156/716/1687 2184/632/1540 2185/636/1707
f 2156/716/1687 2185/636/1707 2175/650/1701
f 2166/583/1694 2186/594/1708 2164/711/1693
f 2164/711/1693 2186/594/1708 2182/593/1332
f 2164/711/1693 2182/593/1332 2162/713/1691
f 2162/713/1691 2182/593/1332 2181/717/1705
f 2162/713/1691 2181/717/1705 2163/637/1692
f 2163/637/1692 2181/717/1705 2179/718/1703
f 2163/637/1692 2179/718/1703 2172/629/1535
f 2172/629/1535 2179/718/1703 2158/709/1688
f 2172/629/1535 2158/709/1688 2170/710/1697
f 2170/710/1697 2158/709/1688 2160/585/1327
f 2187/732/1709 2188/733/1710 2189/734/1711
f 2190/730/1712 2191/729/1713 2192/728/1714
f 2193/622/1401 2194/735/1715 2195/620/1402
f 2195/620/1402 2194/735/1715 2196/622/1716
f 2195/620/1402 2196/622/1716 2197/603/1381
f 2198/737/1717 2199/736/1718 2200/609/1719
f 2201/740/1720 2202/739/1721 2203/738/1722
f 2203/738/1722 2202/739/1721 2204/719/1723
f 2203/738/1722 2204/719/1723 2205/720/1724
f 2205/720/1724 2204/719/1723 2206/721/1725
f 2207/741/1720 2200/609/1719 2197/603/1388
f 2208/725/1726 2209/727/1727 2210/726/1728
f 2203/738/1722 2211/744/1729 2201/740/1720
f 2201/740/1720 2211/744/1729 2212/743/1730
f 2201/740/1720 2212/743/1730 2213/742/1718
f 2213/742/1718 2212/743/1730 2214/722/1731
f 2213/742/1718 2214/722/1731 2215/723/1710
f 2215/723/1710 2214/722/1731 2216/724/1732
f 2217/747/1733 2218/731/1734 2191/729/1713
f 2191/729/1713 2218/731/1734 2187/732/1709
f 2191/729/1713 2187/732/1709 2192/728/1714
f 2192/728/1714 2187/732/1709 2189/734/1711
f 2192/728/1714 2189/734/1711 2190/730/1712
f 2190/730/1712 2189/734/1711 2219/746/1731
f 2190/730/1712 2219/746/1731 2220/745/1735
f 2221/752/1736 2222/751/1737 2223/750/1716
f 2223/750/1716 2222/751/1737 2224/749/1723
f 2223/750/1716 2224/749/1723 2197/603/1738
f 2197/603/1738 2224/749/1723 2225/748/1739
f 2197/603/1738 2225/748/1739 2198/737/1740
f 2226/755/1737 2194/735/1715 2227/754/1741
f 2227/754/1741 2194/735/1715 2193/622/1401
f 2227/754/1741 2193/622/1401 2209/727/1727
f 2209/727/1727 2193/622/1401 2228/617/1397
f 2209/727/1727 2228/617/1397 2210/726/1728
f 2210/726/1728 2228/617/1397 2229/619/1742
f 2210/726/1728 2229/619/1742 2230/753/1743
f 2230/753/1743 2229/619/1742 2231/606/1744
f 2230/753/1743 2231/606/1744 2232/608/1386
f 2188/733/1710 2187/732/1709 2199/736/1718
f 2199/736/1718 2187/732/1709 2218/731/1734
f 2199/736/1718 2218/731/1734 2200/609/1719
f 2200/609/1719 2218/731/1734 2217/747/1733
f 2200/609/1719 2217/747/1733 2232/608/1386
f 2232/608/1386 2217/747/1733 2191/729/1713
f 2232/608/1386 2191/729/1713 2230/753/1743
f 2230/753/1743 2191/729/1713 2190/730/1712
f 2230/753/1743 2190/730/1712 2210/726/1728
f 2210/726/1728 2190/730/1712 2220/745/1735
f 2210/726/1728 2220/745/1735 2208/725/1726
