mtllib f_body027.mtl
o editpl_f-0000-3
v 48.294601 35.940128 -6.777031
v 47.281410 37.810608 -6.085770
v 49.347473 36.289841 -7.047090
v 42.678398 33.665398 -6.344714
v 38.720863 33.113560 -6.664784
v 38.673244 35.324123 -7.815035
v 60.304764 38.981663 1.598122
v 53.524578 37.618107 2.064890
v 60.468777 36.183968 2.472757
v 42.644009 37.088726 -6.990411
v 38.689117 37.926109 -6.748136
v 60.505814 33.460060 1.705923
v 51.887070 31.230247 -1.426979
v 60.294182 31.904003 -1.653695
v 53.519287 36.248135 -7.391609
v 53.445213 33.293228 -6.925952
v 38.818745 39.774128 -4.023099
v 42.675751 38.035194 -6.472521
v 60.130165 40.300301 -3.225148
v 60.111649 38.654408 -5.555655
v 53.032532 38.818035 -6.027980
v 60.254501 36.331551 -6.578099
v 60.294182 31.904003 -1.653695
v 51.887070 31.230247 -1.426979
v 52.574875 31.304041 -4.416517
v 45.641254 32.253716 -1.361409
v 60.304764 38.981663 1.598122
v 60.185719 40.181591 -1.072458
v 52.643658 40.804016 0.370077
v 52.641010 40.922726 -2.753935
v 47.747002 41.192226 -2.313839
v 39.736702 34.342361 -4.713248
v 40.064732 32.962765 -2.228264
v 30.903679 31.948921 -4.996644
v 30.903679 32.828014 -2.459425
v 38.935143 32.484718 -3.036217
v 45.046040 32.706097 -3.167357
v 45.641254 32.253716 -1.361409
v 47.916309 32.240883 -3.426302
v 52.574875 31.304041 -4.416517
v 43.117535 37.756065 2.611676
v 43.257744 34.374447 2.391628
v 47.773457 37.505814 2.623901
v 53.524578 37.618107 2.064890
v 53.140991 39.572002 1.674805
v 48.231113 39.828671 1.867069
v 47.776100 41.359062 0.166700
v 39.154713 40.050049 1.471428
v 39.212910 37.874775 2.761708
v 39.284336 34.146652 3.367395
v 39.125610 32.725346 0.835735
v 48.231113 39.828671 1.867069
v 45.191536 40.887432 0.191150
v 43.408531 40.046841 1.598122
v 44.194218 33.768066 -6.626998
v 44.355587 33.245102 -5.266702
v 49.315731 33.918858 -6.077990
v 46.657093 32.670803 -4.537655
v 51.029957 33.604439 -5.983525
v 53.357918 35.490959 1.747043
v 46.395199 34.797951 1.595899
v 52.818253 33.405521 1.335843
v 44.614838 33.132809 0.546782
v 51.887070 31.230247 -1.426979
v 45.641254 32.253716 -1.361409
v 43.551380 40.486385 -2.279387
v 45.191536 40.887432 0.191150
v 47.281410 37.810608 -6.085770
v 48.294601 35.940128 -6.777031
v 44.194218 37.823441 -6.413619
v 44.194218 37.233101 -6.905948
v 42.675751 38.035194 -6.472521
v 42.644009 37.088726 -6.990411
v 47.442780 38.574200 -5.498976
v 47.527431 39.706753 -4.089781
v 48.942726 38.968830 -5.677904
v 47.747002 41.192226 -2.313839
v 53.032532 38.818035 -6.027980
v 52.641010 40.922726 -2.753935
v 60.130165 40.300301 -3.225148
v 60.185719 40.181591 -1.072458
v 42.678398 33.665398 -6.344714
v 40.167904 39.514252 -0.954655
v 30.903679 39.940964 -0.308959
v 40.376888 39.061871 0.663475
v 30.903679 37.249146 3.114007
v 40.564713 37.557148 1.883740
v 30.903679 33.687855 3.114007
v 40.564713 34.531658 1.883740
v 30.903679 32.786304 -0.392309
v 40.429798 33.421562 0.673477
v 30.903679 32.828014 -2.459425
v 40.064732 32.962765 -2.228264
v 53.357918 35.490959 1.747043
v 47.773457 37.505814 2.623901
v 38.935143 32.484718 -3.036217
v 53.524578 37.618107 2.064890
v 60.304764 38.981663 1.598122
v 52.643658 40.804016 0.370077
v 47.747002 41.192226 -2.313839
v 47.527431 39.706753 -4.089781
v 43.781532 39.353832 -4.185357
v 47.442780 38.574200 -5.498976
v 44.194218 38.356030 -6.250250
v 44.194218 37.233101 -6.905948
v 49.347473 36.289841 -7.047090
v 53.445213 33.293228 -6.925952
v 60.717445 32.247299 -5.026650
v 60.294182 31.904003 -1.653695
v 60.505814 33.460060 1.705923
v 60.468777 36.183968 2.472757
v 43.408531 40.046841 1.598122
v 38.988049 40.342010 -0.880194
v 44.194218 37.823441 -6.413619
v 48.942726 38.968830 -5.677904
v 53.032532 38.818035 -6.027980
v 53.519287 36.248135 -7.391609
v 60.254501 36.331551 -6.578099
v 60.341797 34.204403 -6.494747
v 60.717445 32.247299 -5.026650
v 47.776100 41.359062 0.166700
v 45.191536 40.887432 0.191150
v 48.231113 39.828671 1.867069
v 66.926224 33.642941 -6.455849
v 67.029396 31.188538 -1.603684
v 60.717445 32.247299 -5.026650
v 60.294182 31.904003 -1.653695
v 60.341797 34.204403 -6.494747
v 60.254501 36.331551 -6.578099
v 66.878609 38.818035 -6.272477
v 60.111649 38.654408 -5.555655
v 60.130165 40.300301 -3.225148
v 67.127274 40.319553 -3.735259
v 60.185719 40.181591 -1.072458
v 67.272774 40.194424 -0.393422
v 67.320389 38.144279 2.431637
v 71.436646 40.771931 -4.124233
v 71.251472 38.984871 -6.840378
v 71.232948 32.914639 -7.025973
v 71.127136 30.335114 -1.231381
v 60.304764 38.981663 1.598122
v 60.468777 36.183968 2.472757
v 67.296577 33.812984 3.160684
v 60.505814 33.460060 1.705923
v 67.029396 31.188538 -1.603684
v 60.294182 31.904003 -1.653695
v 71.516006 40.524887 -0.061127
v 71.444580 38.526073 3.761926
v 71.420776 33.180935 4.167570
v 71.127136 30.335114 -1.231381
v -53.140991 39.572002 1.674805
v -48.231113 39.828671 1.867069
v -47.776100 41.359062 0.166700
v -47.527431 39.706753 -4.089781
v -48.942726 38.968830 -5.677904
v -47.747002 41.192226 -2.313839
v -38.673244 35.324123 -7.815035
v -42.644009 37.088726 -6.990411
v -38.689117 37.926109 -6.748136
v -42.675751 38.035194 -6.472521
v -38.818745 39.774128 -4.023099
v -60.505814 33.460060 1.705923
v -60.294182 31.904003 -1.653695
v -51.887070 31.230247 -1.426979
v -45.641254 32.253716 -1.361409
v -51.887070 31.230247 -1.426979
v -52.574875 31.304041 -4.416517
v -38.935143 32.484718 -3.036217
v -42.678398 33.665398 -6.344714
v -38.720863 33.113560 -6.664784
v -60.294182 31.904003 -1.653695
v -60.717445 32.247299 -5.026650
v -53.447861 33.293228 -6.925952
v -60.254501 36.331551 -6.578099
v -60.111649 38.654408 -5.555655
v -53.032532 38.818035 -6.027980
v -60.130165 40.300301 -3.225148
v -52.641010 40.922726 -2.753935
v -60.185719 40.181591 -1.072458
v -30.903679 32.828014 -2.459425
v -40.064732 32.962765 -2.228264
v -39.736702 34.342361 -4.713248
v -47.442780 38.574200 -5.498976
v -47.281410 37.810608 -6.085770
v -49.347473 36.289841 -7.047090
v -48.231113 39.828671 1.867069
v -53.140991 39.572002 1.674805
v -53.524578 37.618107 2.064890
v -39.154713 40.050049 1.471428
v -43.117535 37.756065 2.611676
v -39.212910 37.874775 2.761708
v -43.408531 40.046841 1.598122
v -45.191536 40.887432 0.191150
v -48.294601 35.940128 -6.777031
v -44.194218 33.768066 -6.626998
v -49.315731 33.918858 -6.077990
v -44.355587 33.245102 -5.266702
v -46.657093 32.670803 -4.537655
v -45.046040 32.706097 -3.167357
v -47.776100 41.359062 0.166700
v -45.191536 40.887432 0.191150
v -43.551380 40.486385 -2.279387
v -53.357918 35.490959 1.747043
v -46.395199 34.797951 1.595899
v -47.773457 37.505814 2.623901
v -43.257744 34.374447 2.391628
v -39.284336 34.146652 3.367395
v -44.194218 37.823441 -6.413619
v -42.675751 38.035194 -6.472521
v -44.194218 37.233101 -6.905948
v -42.644009 37.088726 -6.990411
v -42.678398 33.665398 -6.344714
v -38.673244 35.324123 -7.815035
v -60.468777 36.183968 2.472757
v -60.505814 33.460060 1.705923
v -52.818253 33.405521 1.335843
v -51.887070 31.230247 -1.426979
v -44.614838 33.132809 0.546782
v -45.641254 32.253716 -1.361409
v -39.125610 32.725346 0.835735
v -38.935143 32.484718 -3.036217
v -48.942726 38.968830 -5.677904
v -53.032532 38.818035 -6.027980
v -47.747002 41.192226 -2.313839
v -52.641010 40.922726 -2.753935
v -52.643658 40.804016 0.370077
v -60.185719 40.181591 -1.072458
v -60.304764 38.981663 1.598122
v -47.527431 39.706753 -4.089781
v -47.442780 38.574200 -5.498976
v -49.347473 36.289841 -7.047090
v -53.032532 38.818035 -6.027980
v -53.519287 36.248135 -7.391609
v -60.254501 36.331551 -6.578099
v -53.447861 33.293228 -6.925952
v -60.341797 34.204403 -6.494747
v -51.029957 33.604439 -5.983525
v -47.916309 32.240883 -3.426302
v -40.167904 39.514252 -0.954655
v -40.376888 39.061871 0.663475
v -30.903679 39.940964 -0.308959
v -40.564713 37.557148 1.883740
v -30.903679 37.249146 3.114007
v -40.564713 34.531658 1.883740
v -30.903679 33.687855 3.114007
v -40.429798 33.421562 0.673477
v -30.903679 32.786304 -0.392309
v -40.064732 32.962765 -2.228264
v -30.903679 32.828014 -2.459425
v -44.194218 37.823441 -6.413619
v -44.194218 38.356030 -6.250250
v -43.781532 39.353832 -4.185357
v -43.551380 40.486385 -2.279387
v -38.988049 40.342010 -0.880194
v -53.524578 37.618107 2.064890
v -53.519287 36.248135 -7.391609
v -44.194218 37.233101 -6.905948
v -44.194218 37.823441 -6.413619
v -44.194218 38.356030 -6.250250
v -43.781532 39.353832 -4.185357
v -43.551380 40.486385 -2.279387
v -52.643658 40.804016 0.370077
v -60.468777 36.183968 2.472757
v -52.818253 33.405521 1.335843
v -44.614838 33.132809 0.546782
v -39.125610 32.725346 0.835735
v -30.903679 32.828014 -2.459425
v -39.736702 34.342361 -4.713248
v -30.903679 31.948921 -4.996644
v -30.903679 34.528450 -7.333818
v -29.864033 41.278854 1.774827
v -29.864033 37.849110 4.706575
v -29.864033 36.036381 -2.058228
v -29.864033 32.850471 4.706575
v -29.864033 37.823441 -8.372933
v -33.006779 37.942150 -7.791696
v -33.006779 41.375103 -4.721029
v -33.006779 35.295246 -8.701894
v -33.006779 37.942150 -7.791696
v -29.864033 37.823441 -8.372933
v -32.906254 37.560356 4.254255
v -32.938000 41.689526 0.903527
v -32.922127 35.943340 -1.658141
v -33.006779 41.375103 -4.721029
v -33.006779 37.942150 -7.791696
v -33.006779 35.295246 -8.701894
v -33.006779 31.441999 -7.791696
v -32.972389 30.534031 -2.815058
v -32.945934 31.400291 1.645911
v -32.906254 33.601231 4.254256
v -29.864033 37.823441 -8.372933
v -29.864033 41.365479 -5.474526
v -29.864033 42.257404 -2.117130
v -29.864033 30.303028 2.392740
v -29.864033 29.911608 -2.488321
v -29.864033 30.511574 -5.608999
v -29.864033 31.695459 -8.372933
v -29.864033 34.226864 -9.283131
v -39.736702 34.342361 -4.713248
v -39.469517 35.487751 -6.402505
v -39.559460 37.396729 -5.745696
v -30.903679 37.229893 -6.593658
v -39.892780 39.353832 -3.167358
v -30.903679 39.950588 -3.746373
v -40.167904 39.514252 -0.954655
v -30.903679 39.940964 -0.308959
v -32.938000 41.689526 0.903527
v -32.906254 37.560356 4.254255
v -29.864033 37.849110 4.706575
v -32.906254 33.601231 4.254256
v -29.864033 32.850471 4.706575
v -32.945934 31.400291 1.645911
v -29.864033 30.303028 2.392740
v -32.972389 30.534031 -2.815058
v -29.864033 29.911608 -2.488321
v -29.864033 41.278854 1.774827
v -29.864033 42.257404 -2.117130
v -29.864033 41.365479 -5.474526
v -29.864033 34.226864 -9.283131
v -29.864033 31.695459 -8.372933
v -33.006779 31.441999 -7.791696
v -29.864033 30.511574 -5.608999
v -32.972389 30.534031 -2.815058
v -29.864033 29.911608 -2.488321
v -67.164307 37.663025 -4.753258
v -76.968201 38.872578 -6.335824
v -67.164307 38.769909 -3.111790
v -85.711281 35.186165 1.013551
v -85.475838 33.017307 -1.610353
v -84.764221 34.493156 1.588120
v -82.785454 36.918682 -4.479865
v -81.706131 35.510208 -4.215363
v -84.846230 32.869724 -3.730814
v -83.129356 37.691898 1.573672
v -83.097610 38.176361 -2.132689
v -85.475838 33.017307 -1.610353
v -84.846230 32.869724 -3.730814
v -81.706131 35.510208 -4.215363
v -84.846230 32.869724 -3.730814
v -86.261520 33.620480 -3.961975
v -86.684792 33.739189 -2.013774
v -73.425995 37.220268 3.943076
v -75.952362 34.679241 4.538762
v -72.685280 33.399101 2.344951
v -75.507935 32.773472 2.973978
v -80.983932 32.353176 3.401848
v -81.034195 33.440811 4.367614
v -81.113556 33.960567 3.440745
v -75.788345 35.882381 3.115118
v -75.788345 35.882381 3.115118
v -76.007912 36.722973 2.900627
v -75.111122 35.818211 -0.962434
v -78.436401 37.563564 2.687248
v -84.764221 34.493156 1.588120
v -82.073837 36.254551 2.296052
v -78.436401 37.563564 2.687248
v -67.164307 34.618282 0.873520
v -67.164307 37.663025 0.873520
v -74.492096 38.455490 3.126232
v -67.164307 38.769909 -1.086906
v -82.110878 32.061214 -6.226912
v -83.280144 33.052601 -6.515862
v -80.142693 36.893017 -6.515863
v -80.891342 37.861942 -5.221138
v -77.716850 39.841503 -4.480977
v -82.557953 32.244091 -5.327826
v -82.110878 32.061214 -6.226912
v -79.423141 36.084507 -4.867727
v -78.976067 35.901630 -6.226912
v -77.095177 37.024559 -4.128678
v -76.648102 36.841682 -6.046873
v -78.976067 35.901630 -6.226912
v -76.648102 36.841682 -6.046873
v -71.518654 35.612877 -5.994639
v -73.063576 34.011902 -4.715471
v -77.095177 37.024559 -4.128678
v -79.423141 36.084507 -4.867727
v -77.716850 39.841503 -4.480977
v -67.177536 34.659992 -4.497646
v -82.110878 32.061214 -6.226912
v -82.557953 32.244091 -5.327826
v -83.555267 33.463272 -5.681237
v -82.557953 32.244091 -5.327826
v -80.983932 32.353176 3.401848
v -81.060646 32.998058 2.721701
v -75.507935 32.773472 2.973978
v -76.711594 33.845066 1.589231
v -72.685280 33.399101 2.344951
v -67.121986 33.970192 -1.972654
v -67.164307 34.618282 0.873520
v -78.465500 40.810432 -2.146025
v -77.769760 39.687504 2.310499
v -76.007912 36.722973 2.900627
v -81.113556 33.960567 3.440745
v -73.063576 34.011902 -4.715471
v -67.177536 34.659992 -4.497646
v -84.764221 34.493156 1.588120
v -82.073837 36.254551 2.296052
v 81.034195 33.440811 4.367614
v 81.113556 33.960567 3.440745
v 75.788345 35.882381 3.115118
v 78.976067 35.901630 -6.226912
v 77.095177 37.024559 -4.128678
v 76.648102 36.841682 -6.046873
v 79.423141 36.084507 -4.867727
v 77.716850 39.841503 -4.480977
v 77.095177 37.024559 -4.128678
v 81.706131 35.510208 -4.215363
v 84.846230 32.869724 -3.730814
v 85.475838 33.017307 -1.610353
v 84.846230 32.869724 -3.730814
v 86.261520 33.620480 -3.961975
v 85.475838 33.017307 -1.610353
v 86.682144 33.739189 -2.013774
v 78.436401 37.563564 2.687248
v 82.073837 36.254551 2.296052
v 83.129356 37.691898 1.573672
v 80.983932 32.353176 3.401848
v 73.425995 37.220268 3.943076
v 74.492096 38.455490 3.126232
v 67.164307 37.663025 0.873520
v 67.164307 38.769909 -1.086906
v 75.788345 35.882381 3.115118
v 75.111122 35.818211 -0.962434
v 76.007912 36.722973 2.900627
v 78.436401 37.563564 2.687248
v 84.764221 34.493156 1.588120
v 85.711281 35.186165 1.013551
v 83.097610 38.176361 -2.132689
v 75.507935 32.773472 2.973978
v 75.952362 34.679241 4.538762
v 72.685280 33.399101 2.344951
v 67.164307 34.618282 0.873520
v 80.142693 36.893017 -6.515863
v 83.280144 33.052601 -6.515862
v 82.110878 32.061214 -6.226912
v 79.423141 36.084507 -4.867727
v 82.110878 32.061214 -6.226912
v 82.557953 32.244091 -5.327826
v 73.063576 34.011902 -4.715471
v 71.518654 35.612877 -5.994639
v 76.648102 36.841682 -6.046873
v 76.968201 38.872578 -6.335824
v 78.976067 35.901630 -6.226912
v 81.706131 35.510208 -4.215363
v 77.716850 39.841503 -4.480977
v 80.891342 37.861942 -5.221138
v 82.557953 32.244091 -5.327826
v 83.555267 33.463272 -5.681237
v 67.177536 34.659992 -4.497646
v 67.164307 37.663025 -4.753258
v 67.164307 38.769909 -3.111790
v 82.557953 32.244091 -5.327826
v 82.110878 32.061214 -6.226912
v 67.164307 34.618282 0.873520
v 67.121986 33.970192 -1.972654
v 72.685280 33.399101 2.344951
v 76.711594 33.845066 1.589231
v 75.507935 32.773472 2.973978
v 81.060646 32.998058 2.721701
v 80.983932 32.353176 3.401848
v 84.846230 32.869724 -3.730814
v 82.785454 36.918682 -4.479865
v 84.764221 34.493156 1.588120
v 76.007912 36.722973 2.900627
v 77.769760 39.687504 2.310499
v 78.465500 40.810432 -2.146025
v 67.177536 34.659992 -4.497646
v 73.063576 34.011902 -4.715471
v 81.113556 33.960567 3.440745
v 82.073837 36.254551 2.296052
v 84.764221 34.493156 1.588120
v -67.296577 33.812984 3.160684
v -60.468777 36.183968 2.472757
v -67.320389 38.144279 2.431637
v -60.254501 36.331551 -6.578099
v -66.878609 38.818035 -6.272477
v -60.111649 38.654408 -5.555655
v -71.127136 30.335114 -1.231381
v -67.029396 31.188538 -1.603684
v -60.130165 40.300301 -3.225148
v -67.127274 40.319553 -3.735259
v -60.185719 40.181591 -1.072458
v -48.231113 39.828671 1.867069
v -45.191536 40.887432 0.191150
v -47.776100 41.359062 0.166700
v -60.505814 33.460060 1.705923
v -60.294182 31.904003 -1.653695
v -71.436646 40.771931 -4.124233
v -71.251472 38.984871 -6.840378
v -66.926224 33.642941 -6.455849
v -60.717445 32.247299 -5.026650
v -67.029396 31.188538 -1.603684
v -60.294182 31.904003 -1.653695
v -60.341797 34.204403 -6.494747
v -71.420776 33.180935 4.167570
v -71.444580 38.526073 3.761926
v -67.272774 40.194424 -0.393422
v -71.516006 40.524887 -0.061127
v -71.232948 32.914639 -7.025973
v -71.127136 30.335114 -1.231381
v -60.304764 38.981663 1.598122
v 29.864033 37.849110 4.706575
v 29.864033 36.036381 -2.058228
v 29.864033 32.850471 4.706575
v 29.864033 30.511574 -5.608999
v 32.972389 30.534031 -2.815058
v 29.864033 29.911608 -2.488321
v 39.469517 35.487751 -6.402505
v 39.736702 34.342361 -4.713248
v 30.903679 31.948921 -4.996644
v 29.864033 41.278854 1.774827
v 33.006779 41.375103 -4.721029
v 33.006779 37.942150 -7.791696
v 29.864033 37.823441 -8.372933
v 29.864033 37.823441 -8.372933
v 33.006779 37.942150 -7.791696
v 33.006779 35.295246 -8.701894
v 33.006779 37.942150 -7.791696
v 33.006779 41.375103 -4.721029
v 32.922127 35.943340 -1.658141
v 32.938000 41.689526 0.903527
v 32.906254 37.560356 4.254255
v 32.972389 30.534031 -2.815058
v 33.006779 31.441999 -7.791696
v 33.006779 35.295246 -8.701894
v 32.906254 33.601231 4.254256
v 32.945934 31.400291 1.645911
v 29.864033 42.257404 -2.117130
v 29.864033 41.365479 -5.474526
v 29.864033 37.823441 -8.372933
v 29.864033 30.511574 -5.608999
v 29.864033 29.911608 -2.488321
v 29.864033 30.303028 2.392740
v 29.864033 34.226864 -9.283131
v 29.864033 31.695459 -8.372933
v 30.903679 34.528450 -7.333818
v 30.903679 37.229893 -6.593658
v 39.559460 37.396729 -5.745696
v 30.903679 39.950588 -3.746373
v 39.892780 39.353832 -3.167358
v 30.903679 39.940964 -0.308959
v 40.167904 39.514252 -0.954655
v 29.864033 29.911608 -2.488321
v 32.972389 30.534031 -2.815058
v 29.864033 30.303028 2.392740
v 32.945934 31.400291 1.645911
v 29.864033 32.850471 4.706575
v 32.906254 33.601231 4.254256
v 29.864033 37.849110 4.706575
v 32.906254 37.560356 4.254255
v 32.938000 41.689526 0.903527
v 29.864033 41.365479 -5.474526
v 29.864033 42.257404 -2.117130
v 29.864033 41.278854 1.774827
v 33.006779 31.441999 -7.791696
v 29.864033 31.695459 -8.372933
v 29.864033 34.226864 -9.283131
vn -0.0000 0.0785 -0.9969
vn -0.0471 0.3926 -0.9185
vn -0.1491 0.0157 -0.9887
vn 0.0709 -0.6221 -0.7797
vn 0.1570 -0.7929 -0.5888
vn 0.1497 -0.0867 -0.9849
vn 0.0394 0.6058 0.7946
vn 0.0235 0.1173 0.9928
vn -0.0707 -0.0078 0.9975
vn 0.0865 0.2044 -0.9751
vn 0.0235 0.5796 -0.8146
vn -0.0549 -0.7216 0.6901
vn -0.0313 -0.9409 0.3372
vn 0.0079 -0.9920 0.1260
vn 0.0156 0.1644 -0.9863
vn -0.0626 -0.4463 -0.8927
vn 0.0078 0.8944 -0.4472
vn 0.0235 0.6666 -0.7450
vn 0.0236 0.9436 -0.3303
vn -0.0158 0.6870 -0.7265
vn 0.0079 0.6624 -0.7491
vn 0.0392 0.1567 -0.9869
vn 0.0079 -0.9920 0.1259
vn -0.0314 -0.9409 0.3371
vn -0.1176 -0.9253 -0.3607
vn -0.0941 -0.9955 0.0078
vn 0.0471 0.9726 0.2275
vn 0.0940 0.9476 0.3054
vn 0.0548 0.9791 -0.1958
vn -0.0630 0.9299 -0.3625
vn 0.1653 -0.8973 -0.4093
vn 0.0863 -0.9962 -0.0079
vn 0.0863 -0.9962 -0.0078
vn 0.0235 -0.9803 -0.1961
vn -0.0941 -0.9728 -0.2118
vn -0.1652 -0.9205 -0.3540
vn -0.1176 -0.9252 -0.3607
vn 0.0394 0.2442 0.9689
vn 0.1808 -0.5346 0.8255
vn 0.0783 -0.0704 0.9944
vn 0.0234 0.1172 0.9928
vn 0.0550 0.5502 0.8332
vn 0.0079 0.5271 0.8497
vn -0.0393 0.9431 0.3301
vn -0.0236 0.7563 0.6538
vn 0.0392 0.3371 0.9407
vn 0.1726 -0.2902 0.9413
vn 0.0706 -0.9102 0.4080
vn 0.0079 0.5272 0.8497
vn -0.0788 0.9533 0.2916
vn -0.0157 0.6667 0.7451
vn -0.0000 -0.5328 -0.8462
vn -0.0157 -0.9326 -0.3605
vn -0.0000 -0.6063 -0.7953
vn -0.0785 -0.8948 -0.4396
vn -0.1806 -0.6674 -0.7224
vn -0.0078 -0.2036 0.9790
vn 0.0944 -0.4484 0.8888
vn -0.0395 -0.4657 0.8840
vn 0.0315 -0.7881 0.6147
vn -0.0314 -0.9409 0.3372
vn -0.0941 -0.9955 0.0079
vn -0.0942 0.9498 -0.2983
vn -0.0788 0.9533 0.2914
vn -0.0471 0.3925 -0.9185
vn 0.1252 0.4931 -0.8609
vn 0.0393 0.2516 -0.9670
vn 0.0235 0.6666 -0.7451
vn 0.0865 0.2045 -0.9750
vn -0.0553 0.7100 -0.7021
vn -0.1573 0.7862 -0.5976
vn -0.1492 0.6753 -0.7223
vn -0.0630 0.9298 -0.3625
vn 0.0548 0.9791 -0.1959
vn 0.0236 0.9436 -0.3302
vn 0.0471 0.9727 0.2274
vn 0.0709 -0.6222 -0.7797
vn 0.0551 0.9915 0.1181
vn 0.0470 0.9484 0.3136
vn 0.0470 0.8772 0.4778
vn 0.0862 0.4075 0.9091
vn 0.1181 -0.5509 0.8262
vn 0.1180 -0.5508 0.8262
vn 0.0548 -0.9705 0.2348
vn -0.0078 -0.2037 0.9790
vn 0.0783 -0.0705 0.9944
vn 0.0235 -0.9803 -0.1960
vn 0.0393 0.6058 0.7947
vn -0.1572 0.7863 -0.5976
vn -0.0157 0.8608 -0.5087
vn -0.0552 0.7100 -0.7021
vn 0.0314 0.6909 -0.7223
vn -0.0626 -0.4464 -0.8927
vn 0.0391 -0.8603 -0.5083
vn -0.0549 -0.7215 0.6902
vn -0.0707 -0.0079 0.9975
vn -0.0157 0.6667 0.7452
vn -0.0862 0.9952 -0.0470
vn 0.1252 0.4930 -0.8610
vn -0.1492 0.6752 -0.7224
vn 0.0079 0.6623 -0.7492
vn 0.0157 0.1644 -0.9863
vn 0.0392 0.1566 -0.9869
vn 0.0393 -0.3301 -0.9431
vn 0.0391 -0.8602 -0.5084
vn -0.0788 0.9533 0.2915
vn 0.0078 0.5272 0.8497
vn -0.0392 -0.4469 -0.8937
vn -0.1024 -0.9922 0.0709
vn 0.0078 -0.9920 0.1259
vn 0.0391 0.1566 -0.9869
vn -0.0865 0.4798 -0.8731
vn -0.0550 0.9663 -0.2514
vn -0.0784 0.9488 0.3059
vn -0.1025 0.5752 0.8116
vn -0.1019 0.9646 -0.2431
vn -0.1338 0.4959 -0.8580
vn -0.1807 -0.5107 -0.8406
vn -0.2277 -0.9735 0.0235
vn 0.0393 0.6058 0.7946
vn -0.1811 -0.4016 0.8977
vn -0.1332 0.9478 0.2898
vn -0.2431 0.5253 0.8154
vn -0.2981 -0.4394 0.8474
vn -0.2277 -0.9735 0.0236
vn -0.0550 0.5502 0.8332
vn -0.0079 0.5272 0.8497
vn 0.0393 0.9431 0.3300
vn 0.1573 0.7863 -0.5976
vn 0.1492 0.6752 -0.7223
vn 0.0630 0.9299 -0.3625
vn -0.1497 -0.0867 -0.9849
vn -0.0865 0.2045 -0.9750
vn -0.0231 0.5796 -0.8146
vn -0.0235 0.6666 -0.7450
vn -0.0078 0.8944 -0.4472
vn 0.0549 -0.7216 0.6902
vn -0.0079 -0.9920 0.1260
vn 0.0313 -0.9409 0.3372
vn 0.0941 -0.9955 0.0078
vn 0.0314 -0.9409 0.3371
vn 0.1176 -0.9252 -0.3607
vn -0.0235 -0.9803 -0.1961
vn -0.0709 -0.6222 -0.7796
vn -0.1570 -0.7929 -0.5888
vn -0.0391 -0.8603 -0.5083
vn 0.0627 -0.4464 -0.8926
vn -0.0392 0.1567 -0.9869
vn 0.0158 0.6870 -0.7265
vn -0.0079 0.6624 -0.7491
vn -0.0236 0.9436 -0.3302
vn -0.0548 0.9791 -0.1959
vn -0.0471 0.9727 0.2274
vn -0.0862 -0.9962 -0.0078
vn -0.0863 -0.9962 -0.0078
vn -0.1653 -0.8973 -0.4093
vn 0.0552 0.7100 -0.7021
vn 0.0471 0.3926 -0.9185
vn 0.1491 0.0156 -0.9887
vn -0.0079 0.5271 0.8498
vn -0.0235 0.1173 0.9928
vn 0.0236 0.7563 0.6538
vn -0.0394 0.2442 0.9689
vn -0.0392 0.3371 0.9407
vn 0.0157 0.6667 0.7451
vn 0.0788 0.9533 0.2915
vn 0.0157 -0.9326 -0.3605
vn 0.0785 -0.8948 -0.4396
vn 0.0941 -0.9728 -0.2118
vn 0.0393 0.9431 0.3301
vn 0.0942 0.9498 -0.2982
vn 0.0078 -0.2036 0.9790
vn -0.0944 -0.4484 0.8888
vn -0.0783 -0.0704 0.9944
vn -0.1808 -0.5346 0.8255
vn -0.1726 -0.2902 0.9413
vn -0.1252 0.4931 -0.8609
vn -0.0235 0.6666 -0.7451
vn -0.0393 0.2516 -0.9670
vn -0.0865 0.2044 -0.9751
vn -0.0709 -0.6221 -0.7797
vn 0.0707 -0.0079 0.9975
vn 0.0549 -0.7215 0.6902
vn 0.0394 -0.4657 0.8840
vn 0.0314 -0.9409 0.3372
vn -0.0315 -0.7881 0.6147
vn 0.0941 -0.9955 0.0079
vn -0.0706 -0.9103 0.4080
vn -0.0235 -0.9803 -0.1960
vn 0.1491 0.6753 -0.7223
vn -0.0548 0.9791 -0.1958
vn -0.0940 0.9476 0.3054
vn -0.0471 0.9726 0.2275
vn -0.0393 0.6058 0.7946
vn 0.0553 0.7099 -0.7021
vn 0.1492 0.6752 -0.7224
vn 0.1491 0.0157 -0.9887
vn -0.0079 0.6623 -0.7492
vn -0.0157 0.1644 -0.9863
vn -0.0392 0.1566 -0.9869
vn 0.0626 -0.4463 -0.8927
vn -0.0393 -0.3301 -0.9431
vn 0.1806 -0.6674 -0.7224
vn 0.1652 -0.9205 -0.3540
vn -0.0551 0.9915 0.1181
vn -0.0470 0.8772 0.4778
vn -0.0470 0.9484 0.3136
vn -0.0862 0.4075 0.9091
vn -0.1180 -0.5508 0.8263
vn -0.1180 -0.5509 0.8262
vn -0.0548 -0.9705 0.2348
vn -0.0863 -0.9962 -0.0079
vn -0.1252 0.4930 -0.8609
vn -0.0314 0.6909 -0.7223
vn 0.0156 0.8608 -0.5087
vn 0.0942 0.9498 -0.2983
vn 0.0862 0.9952 -0.0470
vn -0.0234 0.1173 0.9928
vn -0.0156 0.1643 -0.9863
vn -0.0393 0.6058 0.7947
vn 0.0707 -0.0078 0.9975
vn 0.0394 -0.4657 0.8841
vn -0.0707 -0.9102 0.4081
vn -0.1490 -0.2509 -0.9565
vn 0.7135 0.5960 0.3685
vn 0.3539 0.3146 0.8808
vn 1.0000 -0.0000 -0.0000
vn 0.4088 -0.4638 0.7860
vn 0.3456 0.4477 -0.8247
vn -0.7638 0.3228 -0.5590
vn -0.5751 0.7170 -0.3939
vn -0.5835 -0.0000 -0.8121
vn -0.7802 0.2049 0.5911
vn -0.5634 0.7277 0.3913
vn -1.0000 -0.0002 0.0079
vn -0.5752 0.7170 -0.3939
vn -0.7637 0.3228 -0.5591
vn -0.6682 -0.6054 -0.4324
vn -0.6062 -0.7952 -0.0158
vn -0.7479 -0.5511 0.3700
vn -0.6905 -0.1884 0.6984
vn 0.6845 0.6137 -0.3935
vn 0.5179 0.8553 -0.0157
vn 0.3624 -0.8743 0.3230
vn 0.6366 -0.7702 -0.0393
vn 0.4890 -0.8439 -0.2209
vn 0.5035 -0.4720 -0.7237
vn 0.6537 -0.0315 -0.7561
vn -0.1489 -0.2509 -0.9565
vn -0.0783 0.5403 -0.8378
vn -0.0631 0.9298 -0.3625
vn -0.0551 0.9915 0.1180
vn -0.0470 0.9484 0.3135
vn -0.5634 0.7277 0.3912
vn -0.7802 0.2049 0.5910
vn -0.6905 -0.1883 0.6984
vn 0.3624 -0.8743 0.3229
vn -0.6062 -0.7952 -0.0157
vn 0.7135 0.5959 0.3685
vn 0.6846 0.6137 -0.3934
vn 0.6537 -0.0316 -0.7561
vn 0.5035 -0.4719 -0.7237
vn -0.6683 -0.6053 -0.4324
vn 0.4890 -0.8439 -0.2208
vn 0.2448 0.3396 -0.9082
vn 0.0548 0.3763 -0.9249
vn 0.1654 0.9291 -0.3307
vn -0.8562 0.0786 0.5106
vn -0.0861 -0.9623 0.2582
vn -0.3379 -0.3536 0.8722
vn -0.2360 0.2111 -0.9485
vn 0.4098 -0.7801 -0.4728
vn 0.0864 -0.7390 -0.6682
vn -0.4544 0.5641 0.6894
vn -0.6389 0.7415 -0.2051
vn 0.0865 -0.7390 -0.6682
vn 0.0865 -0.7389 -0.6683
vn -0.7783 -0.2359 -0.5818
vn -0.9914 -0.1102 0.0708
vn 0.0236 0.1961 0.9803
vn 0.0315 -0.0000 0.9995
vn 0.2910 -0.8573 0.4247
vn 0.1332 -0.9873 0.0862
vn -0.7700 -0.6364 0.0471
vn -0.4173 0.0787 0.9054
vn -0.8953 0.4398 -0.0707
vn -0.6969 0.7047 0.1331
vn -0.5203 -0.1340 0.8434
vn -0.6475 -0.7580 -0.0790
vn -0.1414 -0.6678 0.7307
vn 0.2511 -0.6357 0.7299
vn -0.1414 -0.6679 0.7307
vn 0.3935 -0.4879 0.7791
vn 0.3478 0.5613 0.7510
vn 0.0237 0.6149 0.7883
vn 0.1967 0.9363 0.2911
vn 0.3691 -0.8011 -0.4712
vn -0.6451 0.0393 -0.7631
vn -0.1573 0.2910 -0.9437
vn -0.7388 0.5737 0.3537
vn -0.1653 0.6693 -0.7244
vn -0.1813 -0.4493 0.8748
vn 0.2129 -0.4495 0.8675
vn 0.4477 -0.6990 -0.5577
vn -0.0548 -0.9948 0.0862
vn -0.1728 -0.7775 -0.6047
vn 0.4477 -0.6990 -0.5576
vn 0.0943 -0.2673 -0.9590
vn -0.1649 -0.9267 -0.3377
vn 0.2130 -0.4496 0.8675
vn -0.2736 0.0235 0.9616
vn -0.0547 -0.9948 0.0861
vn 0.1966 -0.6529 -0.7315
vn -0.9660 -0.0863 0.2435
vn -0.1812 -0.4492 0.8749
vn -0.7700 -0.6363 0.0472
vn -0.4876 -0.1180 -0.8651
vn -0.3703 -0.5279 -0.7643
vn -0.0157 -0.9919 -0.1259
vn 0.3935 -0.4879 0.7792
vn -0.1490 0.9883 -0.0314
vn -0.0867 0.6386 0.7646
vn -0.5202 -0.1340 0.8434
vn -0.8953 0.4398 -0.0706
vn 0.1966 -0.6528 -0.7315
vn -0.3379 -0.3537 0.8722
vn 0.4173 0.0787 0.9054
vn 0.8953 0.4398 -0.0707
vn 0.6969 0.7047 0.1331
vn -0.4477 -0.6990 -0.5577
vn 0.0548 -0.9948 0.0862
vn 0.1728 -0.7775 -0.6047
vn -0.2130 -0.4496 0.8675
vn 0.2736 0.0235 0.9616
vn 0.0548 -0.9948 0.0861
vn -0.4097 -0.7801 -0.4728
vn -0.0865 -0.7390 -0.6682
vn 0.0861 -0.9623 0.2582
vn -0.0865 -0.7389 -0.6682
vn 0.7783 -0.2359 -0.5819
vn 0.0860 -0.9623 0.2582
vn 0.9914 -0.1102 0.0708
vn 0.1414 -0.6679 0.7307
vn -0.2511 -0.6357 0.7299
vn 0.4544 0.5641 0.6894
vn 0.7699 -0.6364 0.0471
vn -0.0236 0.1961 0.9803
vn -0.0237 0.6149 0.7883
vn -0.3478 0.5613 0.7510
vn -0.1967 0.9363 0.2911
vn 0.6474 -0.7580 -0.0790
vn 0.5202 -0.1341 0.8434
vn 0.1414 -0.6678 0.7307
vn 0.3379 -0.3536 0.8722
vn 0.8562 0.0786 0.5106
vn 0.6389 0.7415 -0.2051
vn -0.1332 -0.9873 0.0862
vn -0.0315 -0.0000 0.9995
vn -0.2910 -0.8573 0.4247
vn -0.3935 -0.4879 0.7791
vn 0.1573 0.2910 -0.9437
vn 0.6451 0.0393 -0.7631
vn -0.3691 -0.8011 -0.4712
vn -0.2129 -0.4495 0.8675
vn 0.1813 -0.4492 0.8748
vn 0.1650 -0.9267 -0.3377
vn -0.0943 -0.2673 -0.9590
vn -0.0548 0.3763 -0.9249
vn -0.4477 -0.6990 -0.5576
vn -0.4098 -0.7801 -0.4728
vn 0.1653 0.6693 -0.7244
vn 0.7388 0.5737 0.3537
vn 0.9660 -0.0864 0.2435
vn -0.1967 -0.6529 -0.7315
vn -0.2448 0.3396 -0.9082
vn -0.1654 0.9291 -0.3307
vn -0.3691 -0.8010 -0.4713
vn -0.3935 -0.4879 0.7792
vn 0.0157 -0.9919 -0.1259
vn 0.3704 -0.5279 -0.7643
vn -0.1333 -0.9873 0.0862
vn 0.4876 -0.1180 -0.8651
vn 0.7700 -0.6364 0.0472
vn 0.2352 0.2117 -0.9486
vn 0.3379 -0.3536 0.8723
vn 0.5202 -0.1340 0.8434
vn 0.0867 0.6386 0.7646
vn 0.1490 0.9883 -0.0314
vn -0.1966 -0.6528 -0.7315
vn 0.1649 -0.9267 -0.3377
vn 0.8953 0.4398 -0.0706
vn 0.3379 -0.3537 0.8722
vn 0.1811 -0.4016 0.8977
vn 0.1024 0.5752 0.8116
vn -0.0391 0.1566 -0.9869
vn 0.0865 0.4798 -0.8731
vn 0.2276 -0.9735 0.0236
vn 0.1024 -0.9922 0.0709
vn 0.0550 0.9663 -0.2514
vn -0.0078 0.5272 0.8497
vn -0.0078 -0.9920 0.1260
vn 0.1020 0.9646 -0.2431
vn 0.1338 0.4959 -0.8580
vn 0.0392 -0.4469 -0.8937
vn -0.0079 -0.9920 0.1259
vn 0.2981 -0.4394 0.8474
vn 0.2431 0.5253 0.8154
vn 0.0784 0.9488 0.3058
vn 0.1331 0.9478 0.2898
vn 0.1807 -0.5107 -0.8406
vn 0.2276 -0.9735 0.0235
vn -0.3539 0.3145 0.8808
vn -1.0000 -0.0000 -0.0000
vn -0.4088 -0.4638 0.7860
vn -0.4890 -0.8439 -0.2208
vn 0.6062 -0.7951 -0.0158
vn -0.6366 -0.7702 -0.0393
vn 0.1490 -0.2509 -0.9565
vn -0.7135 0.5959 0.3685
vn 0.5751 0.7170 -0.3939
vn 0.7638 0.3228 -0.5589
vn -0.3456 0.4477 -0.8247
vn 0.7638 0.3228 -0.5590
vn 0.5835 -0.0000 -0.8121
vn 0.7637 0.3228 -0.5590
vn 0.5752 0.7169 -0.3940
vn 1.0000 -0.0002 0.0079
vn 0.5634 0.7277 0.3912
vn 0.7802 0.2049 0.5911
vn 0.6062 -0.7952 -0.0158
vn 0.6682 -0.6054 -0.4325
vn 0.6905 -0.1883 0.6984
vn 0.7479 -0.5511 0.3700
vn -0.5179 0.8553 -0.0157
vn -0.6845 0.6138 -0.3934
vn -0.3624 -0.8743 0.3229
vn -0.6537 -0.0315 -0.7561
vn -0.5035 -0.4720 -0.7237
vn 0.1489 -0.2509 -0.9565
vn 0.0783 0.5403 -0.8378
vn 0.0470 0.9484 0.3135
vn 0.0551 0.9915 0.1180
vn 0.6062 -0.7952 -0.0157
vn -0.3539 0.3146 0.8808
vn 0.7802 0.2048 0.5910
vn -0.6846 0.6137 -0.3934
vn 0.6683 -0.6053 -0.4324
vt 0.124420 0.319244
vt 0.186615 0.299622
vt 0.136627 0.350494
vt 0.085236 0.227112
vt 0.084717 0.163940
vt 0.126068 0.163940
vt 0.386719 0.567810
vt 0.425781 0.486572
vt 0.451324 0.567810
vt 0.154694 0.226685
vt 0.180176 0.163940
vt 0.519531 0.567810
vt 0.600433 0.486572
vt 0.600433 0.567810
vt 0.152618 0.486572
vt 0.092896 0.486572
vt 0.270050 0.163940
vt 0.186798 0.226685
vt 0.285156 0.567810
vt 0.214844 0.567810
vt 0.219269 0.486572
vt 0.160156 0.567810
vt 0.012848 0.567810
vt 0.012848 0.486572
vt 0.027344 0.486572
vt 0.012848 0.279572
vt 0.347656 0.567810
vt 0.347656 0.486572
vt 0.285858 0.486572
vt 0.287933 0.332397
vt 0.113281 0.129028
vt 0.012848 0.143951
vt 0.113281 0.011475
vt 0.012848 0.011475
vt 0.012848 0.163940
vt 0.035248 0.266205
vt 0.033630 0.315918
vt 0.437225 0.225494
vt 0.488770 0.236145
vt 0.439819 0.321747
vt 0.386719 0.486572
vt 0.396576 0.322784
vt 0.352844 0.323181
vt 0.393768 0.163940
vt 0.437836 0.163940
vt 0.496094 0.163940
vt 0.550781 0.163940
vt 0.350494 0.263611
vt 0.391968 0.230957
vt 0.084534 0.249481
vt 0.061890 0.253387
vt 0.087921 0.326752
vt 0.054047 0.277252
vt 0.085938 0.378021
vt 0.464844 0.486572
vt 0.496094 0.306274
vt 0.538361 0.486572
vt 0.550781 0.259277
vt 0.600433 0.289215
vt 0.288788 0.232422
vt 0.184326 0.250580
vt 0.156097 0.250580
vt 0.207031 0.311005
vt 0.250305 0.316681
vt 0.210938 0.337799
vt 0.366547 0.124359
vt 0.363281 0.011475
vt 0.401001 0.133545
vt 0.433594 0.011475
vt 0.437653 0.135895
vt 0.496094 0.011475
vt 0.496094 0.139160
vt 0.550781 0.011475
vt 0.550781 0.137970
vt 0.600159 0.011475
vt 0.600159 0.143951
vt 0.600433 0.163940
vt 0.249054 0.239227
vt 0.194519 0.250580
vt 0.058594 0.567810
vt 0.341736 0.163940
vt 0.152344 0.486572
vt 0.113281 0.567810
vt 0.113281 0.650177
vt 0.012848 0.650177
vt 0.214844 0.650177
vt 0.289093 0.650177
vt 0.347656 0.650177
vt 0.402679 0.650177
vt 0.270142 0.707520
vt 0.215454 0.707520
vt 0.113892 0.707520
vt 0.013489 0.707520
vt 0.490356 0.650177
vt 0.600433 0.650177
vt 0.348267 0.707520
vt 0.402954 0.707520
vt 0.473267 0.707520
vt 0.601074 0.707520
vt 0.152344 0.011475
vt 0.175781 0.730560
vt 0.175781 0.800781
vt 0.089844 0.792969
vt 0.175781 0.854034
vt 0.012360 0.873230
vt 0.012360 0.986420
vt 0.105621 0.986420
vt 0.723633 0.986420
vt 0.616058 0.986420
vt 0.618225 0.873230
vt 0.352173 0.730560
vt 0.300781 0.730560
vt 0.269531 0.800781
vt 0.238281 0.730560
vt 0.183594 0.730560
vt 0.183594 0.800781
vt 0.183594 0.854034
vt 0.269531 0.854034
vt 0.352173 0.854034
vt 0.352173 0.800781
vt 0.012848 0.730560
vt 0.058594 0.730560
vt 0.113281 0.730560
vt 0.113281 0.854034
vt 0.066406 0.854034
vt 0.012848 0.854034
vt 0.012848 0.824219
vt 0.012848 0.769531
vt 0.152344 0.129028
vt 0.199219 0.129028
vt 0.199219 0.011475
vt 0.263092 0.127350
vt 0.261719 0.011475
vt 0.230804 0.986420
vt 0.322571 0.986420
vt 0.322571 0.873230
vt 0.410858 0.986420
vt 0.427551 0.873230
vt 0.502655 0.986420
vt 0.527679 0.873230
vt 0.255829 0.873230
vt 0.164032 0.873230
vt 0.088928 0.873230
vt 0.748688 0.873230
vt 0.815430 0.873230
vt 0.815430 0.986420
vt 0.882172 0.873230
vt 0.928711 0.986420
vt 0.928711 0.873230
vt 0.691406 0.012604
vt 0.662933 0.189728
vt 0.742737 0.012604
vt 0.894531 0.386719
vt 0.808594 0.433594
vt 0.894531 0.417969
vt 0.722656 0.316406
vt 0.707031 0.316406
vt 0.707031 0.394531
vt 0.894531 0.308594
vt 0.789062 0.304688
vt 0.613281 0.535156
vt 0.613281 0.480469
vt 0.675781 0.480469
vt 0.730469 0.425781
vt 0.722656 0.394531
vt 0.792969 0.402344
vt 0.925781 0.121094
vt 0.964844 0.167969
vt 0.987488 0.105469
vt 0.987488 0.167969
vt 0.983582 0.273438
vt 0.960938 0.281250
vt 0.937500 0.273438
vt 0.933594 0.160156
vt 0.816406 0.613281
vt 0.777344 0.605469
vt 0.870270 0.517853
vt 0.738281 0.605469
vt 0.917969 0.371094
vt 0.917969 0.308594
vt 0.917969 0.230469
vt 0.972656 0.012604
vt 0.894531 0.012604
vt 0.896179 0.147736
vt 0.832031 0.012604
vt 0.613281 0.332031
vt 0.628906 0.332031
vt 0.644531 0.238281
vt 0.683594 0.238281
vt 0.707031 0.183594
vt 0.613281 0.472656
vt 0.621094 0.441406
vt 0.707031 0.472656
vt 0.699219 0.441406
vt 0.738281 0.480469
vt 0.746216 0.441406
vt 0.613281 0.238281
vt 0.613281 0.207031
vt 0.655121 0.090393
vt 0.613281 0.097656
vt 0.707031 0.230469
vt 0.699219 0.230469
vt 0.613281 0.012604
vt 0.628906 0.363281
vt 0.660156 0.363281
vt 0.660156 0.332031
vt 0.683594 0.332031
vt 0.683594 0.667969
vt 0.707031 0.636719
vt 0.864136 0.667969
vt 0.871948 0.636719
vt 0.942261 0.667969
vt 0.986359 0.558594
vt 0.986359 0.667969
vt 0.785156 0.199219
vt 0.894531 0.199219
vt 0.921875 0.171875
vt 0.699219 0.613281
vt 0.918823 0.441406
vt 0.986359 0.441406
vt 0.613281 0.605469
vt 0.675781 0.605469
s 1
usemtl f_body005.png
f 1/1/1 2/2/2 3/3/3
f 4/4/4 5/5/5 6/6/6
f 7/7/7 8/8/8 9/9/9
f 10/10/10 6/6/6 11/11/11
f 12/12/12 13/13/13 14/14/14
f 3/3/3 15/15/15 16/16/16
f 11/11/11 17/17/17 18/18/18
f 19/19/19 20/20/20 21/21/21
f 21/21/21 20/20/20 22/22/22
f 23/23/23 24/24/24 25/25/25
f 25/25/25 24/24/24 26/26/26
f 27/7/7 28/27/27 29/28/28
f 29/28/28 28/27/27 30/29/29
f 29/28/28 30/29/29 31/30/30
f 32/31/31 33/32/32 34/33/31
f 34/33/31 33/32/32 35/34/33
f 36/35/34 37/36/35 38/26/26
f 38/26/26 37/36/35 39/37/36
f 38/26/26 39/37/36 40/25/37
f 41/38/38 42/39/39 43/40/40
f 44/8/41 45/41/42 46/42/43
f 46/42/43 45/41/42 47/43/44
f 48/44/45 49/45/46 41/38/38
f 41/38/38 49/45/46 50/46/47
f 41/38/38 50/46/47 42/39/39
f 42/39/39 50/46/47 51/47/48
f 52/42/49 53/48/50 54/49/51
f 4/4/4 55/50/52 56/51/53
f 56/51/53 55/50/52 57/52/54
f 56/51/53 57/52/54 58/53/55
f 58/53/55 57/52/54 59/54/56
f 60/55/57 61/56/58 62/57/59
f 62/57/59 61/56/58 63/58/60
f 62/57/59 63/58/60 64/13/61
f 64/13/61 63/58/60 65/59/62
f 66/60/63 67/48/64 47/43/44
f 68/2/65 69/1/1 70/61/66
f 70/61/66 69/1/1 71/62/67
f 70/61/66 71/62/67 72/18/68
f 72/18/68 71/62/67 73/10/69
f 72/18/68 73/10/69 11/11/11
f 74/63/70 75/64/71 76/65/72
f 76/65/72 75/64/71 77/30/73
f 76/65/72 77/30/73 78/21/21
f 78/21/21 77/30/73 79/29/74
f 78/21/21 79/29/74 80/19/75
f 80/19/75 79/29/74 81/27/76
f 5/5/5 82/4/77 36/35/34
f 36/35/34 82/4/77 56/51/53
f 36/35/34 56/51/53 37/36/35
f 37/36/35 56/51/53 58/53/55
f 37/36/35 58/53/55 39/37/36
f 39/37/36 58/53/55 59/54/56
f 39/37/36 59/54/56 40/25/37
f 83/66/78 84/67/79 85/68/80
f 85/68/80 84/67/79 86/69/81
f 85/68/80 86/69/81 87/70/81
f 87/70/81 86/69/81 88/71/82
f 87/70/81 88/71/82 89/72/83
f 89/72/83 88/71/82 90/73/84
f 89/72/83 90/73/84 91/74/84
f 91/74/84 90/73/84 92/75/33
f 91/74/84 92/75/33 93/76/33
f 94/55/85 95/40/86 61/56/58
f 61/56/58 95/40/86 42/39/39
f 61/56/58 42/39/39 63/58/60
f 63/58/60 42/39/39 51/47/48
f 63/58/60 51/47/48 65/59/62
f 65/59/62 51/47/48 96/77/87
f 97/8/8 98/7/88 45/41/42
f 45/41/42 98/7/88 99/28/28
f 45/41/42 99/28/28 47/43/44
f 47/43/44 99/28/28 100/30/30
f 47/43/44 100/30/30 66/60/63
f 66/60/63 100/30/30 101/64/89
f 66/60/63 101/64/89 102/78/90
f 102/78/90 101/64/89 103/63/91
f 102/78/90 103/63/91 104/79/92
f 6/6/6 10/10/10 4/4/4
f 4/4/4 10/10/10 105/62/67
f 4/4/4 105/62/67 55/50/52
f 55/50/52 105/62/67 1/1/1
f 55/50/52 1/1/1 57/52/54
f 57/52/54 1/1/1 106/3/3
f 57/52/54 106/3/3 59/54/56
f 59/54/56 106/3/3 107/16/93
f 59/54/56 107/16/93 40/25/37
f 40/25/37 107/16/93 108/80/94
f 40/25/37 108/80/94 109/23/23
f 64/13/61 110/12/95 62/57/59
f 62/57/59 110/12/95 111/9/96
f 62/57/59 111/9/96 60/55/57
f 60/55/57 111/9/96 44/8/41
f 60/55/57 44/8/41 43/40/40
f 43/40/40 44/8/41 46/42/43
f 43/40/40 46/42/43 41/38/38
f 41/38/38 46/42/43 112/49/97
f 41/38/38 112/49/97 48/44/45
f 48/44/45 112/49/97 67/48/64
f 48/44/45 67/48/64 113/81/98
f 113/81/98 67/48/64 66/60/63
f 113/81/98 66/60/63 17/17/17
f 17/17/17 66/60/63 102/78/90
f 17/17/17 102/78/90 18/18/18
f 18/18/18 102/78/90 104/79/92
f 18/18/18 104/79/92 114/61/99
f 114/61/99 104/79/92 103/63/91
f 114/61/99 103/63/91 2/2/2
f 2/2/2 103/63/91 115/65/100
f 2/2/2 115/65/100 3/3/3
f 3/3/3 115/65/100 116/21/101
f 3/3/3 116/21/101 117/82/102
f 117/82/102 116/21/101 118/22/103
f 117/82/102 118/22/103 16/16/16
f 16/16/16 118/22/103 119/83/104
f 16/16/16 119/83/104 120/80/105
f 121/43/44 122/48/106 123/42/107
f 124/84/108 125/85/109 126/80/94
f 126/80/94 125/85/109 127/23/110
f 126/80/94 128/83/104 124/84/108
f 124/84/108 128/83/104 129/22/111
f 124/84/108 129/22/111 130/86/112
f 131/20/20 132/19/75 133/87/113
f 133/87/113 132/19/75 134/27/27
f 133/87/113 134/27/27 135/88/114
f 135/88/114 134/27/27 136/89/115
f 137/90/116 138/91/117 130/86/112
f 130/86/112 138/91/117 139/92/118
f 130/86/112 139/92/118 124/84/108
f 124/84/108 139/92/118 140/93/119
f 124/84/108 140/93/119 125/85/109
f 134/27/27 141/7/120 136/89/115
f 136/89/115 141/7/120 142/9/9
f 136/89/115 142/9/9 143/94/121
f 143/94/121 142/9/9 144/12/95
f 143/94/121 144/12/95 145/95/109
f 145/95/109 144/12/95 146/14/14
f 129/22/111 131/20/20 130/86/112
f 130/86/112 131/20/20 133/87/113
f 130/86/112 133/87/113 137/90/116
f 137/90/116 133/87/113 135/88/114
f 137/90/116 135/88/114 147/96/122
f 147/96/122 135/88/114 136/89/115
f 147/96/122 136/89/115 148/97/123
f 148/97/123 136/89/115 143/94/121
f 148/97/123 143/94/121 149/98/124
f 149/98/124 143/94/121 145/95/109
f 149/98/124 145/95/109 150/99/125
f 151/41/126 152/42/127 153/43/128
f 154/64/129 155/65/130 156/30/131
f 157/6/132 158/10/133 159/11/134
f 159/11/134 158/10/133 160/18/135
f 159/11/134 160/18/135 161/17/136
f 162/12/137 163/14/138 164/13/139
f 165/26/140 166/24/141 167/25/142
f 168/35/143 169/4/144 170/5/145
f 166/24/141 171/23/138 167/25/142
f 167/25/142 171/23/138 172/80/146
f 167/25/142 172/80/146 173/16/147
f 174/22/148 175/20/149 176/21/150
f 176/21/150 175/20/149 177/19/151
f 176/21/150 177/19/151 178/29/152
f 178/29/152 177/19/151 179/27/153
f 180/34/154 181/32/155 182/31/156
f 183/63/157 184/2/158 185/3/159
f 186/42/160 187/41/126 188/8/161
f 189/44/162 190/38/163 191/45/164
f 192/49/165 193/48/166 152/42/160
f 194/1/1 195/50/52 196/52/54
f 196/52/54 195/50/52 197/51/167
f 196/52/54 197/51/167 198/53/168
f 198/53/168 197/51/167 199/36/169
f 200/43/170 201/48/166 202/60/171
f 203/55/172 204/56/173 205/40/174
f 205/40/174 204/56/173 206/39/175
f 205/40/174 206/39/175 190/38/163
f 190/38/163 206/39/175 207/46/176
f 190/38/163 207/46/176 191/45/164
f 208/61/177 209/18/178 210/62/179
f 210/62/179 209/18/178 211/10/180
f 210/62/179 211/10/180 212/4/181
f 212/4/181 211/10/180 213/6/132
f 212/4/181 213/6/132 170/5/145
f 214/9/182 215/12/183 216/57/184
f 216/57/184 215/12/183 217/13/185
f 216/57/184 217/13/185 218/58/186
f 218/58/186 217/13/185 219/59/187
f 218/58/186 219/59/187 220/47/188
f 220/47/188 219/59/187 221/77/189
f 222/65/190 223/21/150 224/30/131
f 224/30/131 223/21/150 225/29/191
f 224/30/131 225/29/191 226/28/192
f 226/28/192 225/29/191 227/27/193
f 226/28/192 227/27/193 228/7/194
f 229/64/129 230/63/195 155/65/196
f 155/65/196 230/63/195 231/3/197
f 155/65/196 231/3/197 232/21/198
f 232/21/198 231/3/197 233/82/199
f 232/21/198 233/82/199 234/22/200
f 234/22/200 233/82/199 235/16/201
f 234/22/200 235/16/201 236/83/202
f 236/83/202 235/16/201 172/80/146
f 184/2/158 194/1/1 185/3/159
f 185/3/159 194/1/1 196/52/54
f 185/3/159 196/52/54 237/54/203
f 237/54/203 196/52/54 198/53/168
f 237/54/203 198/53/168 238/37/204
f 238/37/204 198/53/168 199/36/169
f 239/66/205 240/68/206 241/67/207
f 241/67/207 240/68/206 242/70/208
f 241/67/207 242/70/208 243/69/208
f 243/69/208 242/70/208 244/72/209
f 243/69/208 244/72/209 245/71/210
f 245/71/210 244/72/209 246/74/211
f 245/71/210 246/74/211 247/73/211
f 247/73/211 246/74/211 248/76/155
f 247/73/211 248/76/155 249/75/212
f 250/61/213 251/79/214 160/18/135
f 160/18/135 251/79/214 252/78/215
f 160/18/135 252/78/215 161/17/136
f 161/17/136 252/78/215 253/60/216
f 161/17/136 253/60/216 254/81/217
f 254/81/217 253/60/216 193/48/166
f 254/81/217 193/48/166 189/44/162
f 189/44/162 193/48/166 192/49/165
f 189/44/162 192/49/165 190/38/163
f 190/38/163 192/49/165 152/42/160
f 190/38/163 152/42/160 205/40/174
f 205/40/174 152/42/160 255/8/218
f 205/40/174 255/8/218 203/55/172
f 256/15/219 185/3/159 173/16/147
f 173/16/147 185/3/159 237/54/203
f 173/16/147 237/54/203 167/25/142
f 167/25/142 237/54/203 238/37/204
f 167/25/142 238/37/204 165/26/140
f 165/26/140 238/37/204 199/36/169
f 165/26/140 199/36/169 168/35/143
f 168/35/143 199/36/169 197/51/167
f 168/35/143 197/51/167 169/4/144
f 169/4/144 197/51/167 195/50/52
f 169/4/144 195/50/52 257/62/179
f 257/62/179 195/50/52 194/1/1
f 257/62/179 194/1/1 258/61/177
f 258/61/177 194/1/1 184/2/158
f 258/61/177 184/2/158 259/79/214
f 259/79/214 184/2/158 183/63/157
f 259/79/214 183/63/157 260/78/215
f 260/78/215 183/63/157 154/64/129
f 260/78/215 154/64/129 261/60/216
f 261/60/216 154/64/129 156/30/131
f 261/60/216 156/30/131 153/43/128
f 153/43/128 156/30/131 262/28/192
f 153/43/128 262/28/192 151/41/126
f 151/41/126 262/28/192 228/7/220
f 151/41/126 228/7/220 255/8/218
f 255/8/218 228/7/220 263/9/221
f 255/8/218 263/9/221 203/55/172
f 203/55/172 263/9/221 264/57/222
f 203/55/172 264/57/222 204/56/173
f 204/56/173 264/57/222 265/58/186
f 204/56/173 265/58/186 206/39/175
f 206/39/175 265/58/186 266/47/223
f 206/39/175 266/47/223 207/46/176
f 267/34/155 268/31/156 269/33/156
f 269/33/156 268/31/156 270/100/224
f 271/101/225 272/102/226 273/103/227
f 273/103/227 272/102/226 274/104/228
f 275/105/229 276/106/230 277/107/231
f 278/108/232 279/109/230 280/110/229
f 281/111/233 282/112/234 283/113/235
f 283/113/235 282/112/234 284/114/236
f 283/113/235 284/114/236 285/115/237
f 285/115/237 286/116/232 283/113/235
f 283/113/235 286/116/232 287/117/238
f 283/113/235 287/117/238 288/118/239
f 288/118/239 289/119/240 283/113/235
f 283/113/235 289/119/240 290/120/241
f 283/113/235 290/120/241 281/111/233
f 291/121/229 292/122/242 273/103/227
f 273/103/227 292/122/242 293/123/243
f 273/103/227 293/123/243 271/101/225
f 274/104/228 294/124/244 273/103/227
f 273/103/227 294/124/244 295/125/245
f 273/103/227 295/125/245 296/126/246
f 296/126/246 297/127/247 273/103/227
f 273/103/227 297/127/247 298/128/248
f 273/103/227 298/128/248 291/121/229
f 299/31/156 300/129/224 270/100/249
f 270/100/249 300/129/224 301/130/250
f 270/100/249 301/130/250 302/131/250
f 302/131/250 301/130/250 303/132/30
f 302/131/250 303/132/30 304/133/251
f 304/133/251 303/132/30 305/66/252
f 304/133/251 305/66/252 306/67/253
f 307/134/254 308/135/255 309/136/226
f 309/136/226 308/135/255 310/137/256
f 309/136/226 310/137/256 311/138/228
f 311/138/228 310/137/256 312/139/240
f 311/138/228 312/139/240 313/140/257
f 313/140/257 312/139/240 314/109/258
f 313/140/257 314/109/258 315/110/245
f 309/136/226 316/141/259 307/134/254
f 307/134/254 316/141/259 317/142/243
f 307/134/254 317/142/243 277/107/231
f 277/107/231 317/142/243 318/143/260
f 277/107/231 318/143/260 275/105/229
f 280/110/229 319/144/261 278/108/232
f 278/108/232 319/144/261 320/145/262
f 278/108/232 320/145/262 321/146/263
f 321/146/263 320/145/262 322/147/264
f 321/146/263 322/147/264 323/148/258
f 323/148/258 322/147/264 324/149/245
f 325/150/265 326/151/266 327/152/267
f 328/153/268 329/154/269 330/155/270
f 331/156/271 332/157/272 333/158/273
f 328/153/268 334/159/274 335/160/275
f 336/161/269 337/162/276 338/163/272
f 339/164/277 329/154/269 340/165/278
f 340/165/278 329/154/269 341/166/279
f 342/167/280 343/168/281 344/169/282
f 344/169/282 343/168/281 345/170/283
f 346/171/284 347/172/285 348/173/286
f 348/173/286 347/172/285 349/174/287
f 350/175/287 351/176/288 352/177/289
f 352/177/289 351/176/288 353/178/290
f 328/153/268 354/179/270 334/159/274
f 334/159/274 354/179/270 355/180/291
f 334/159/274 355/180/291 356/181/292
f 344/169/282 357/182/293 342/167/280
f 342/167/280 357/182/293 358/183/294
f 342/167/280 358/183/294 359/184/295
f 359/184/295 358/183/294 360/185/296
f 361/186/297 362/187/298 363/188/299
f 363/188/299 362/187/298 364/189/300
f 363/188/299 364/189/300 365/190/301
f 366/191/302 367/192/297 368/193/303
f 368/193/303 367/192/297 369/194/304
f 368/193/303 369/194/304 370/195/305
f 370/195/305 369/194/304 371/196/306
f 372/197/307 326/151/266 373/198/306
f 373/198/306 326/151/266 374/199/308
f 373/198/306 374/199/308 375/200/309
f 365/190/301 376/201/305 332/157/272
f 364/189/300 377/202/310 378/190/311
f 378/190/311 377/202/310 376/201/312
f 326/151/266 325/150/265 374/199/308
f 374/199/308 325/150/265 379/203/313
f 374/199/308 379/203/313 375/200/309
f 380/204/297 381/205/302 362/187/298
f 362/187/298 381/205/302 382/206/314
f 362/187/298 382/206/314 364/189/300
f 364/189/300 382/206/314 383/207/315
f 364/189/300 383/207/315 377/202/310
f 384/208/316 385/209/317 386/210/283
f 386/210/283 385/209/317 387/211/318
f 386/210/283 387/211/318 388/212/282
f 388/212/282 387/211/318 389/213/319
f 388/212/282 389/213/319 390/214/320
f 329/154/269 328/153/268 341/166/279
f 341/166/279 328/153/268 335/160/275
f 341/166/279 335/160/275 340/165/278
f 340/165/278 335/160/275 331/156/271
f 340/165/278 331/156/271 333/158/273
f 332/157/272 331/156/271 365/190/301
f 365/190/301 331/156/271 335/160/275
f 365/190/301 335/160/275 391/215/321
f 391/215/321 335/160/275 334/159/274
f 391/215/321 334/159/274 392/216/322
f 392/216/322 334/159/274 356/181/292
f 392/216/322 356/181/292 393/217/323
f 384/208/316 394/218/324 385/209/317
f 385/209/317 394/218/324 350/175/287
f 385/209/317 350/175/287 387/211/318
f 387/211/318 350/175/287 352/177/289
f 387/211/318 352/177/289 389/213/319
f 389/213/319 352/177/289 395/219/309
f 389/213/319 395/219/309 396/220/325
f 397/221/326 336/161/269 398/222/291
f 398/222/291 336/161/269 338/163/272
f 398/222/291 338/163/272 353/178/290
f 353/178/290 338/163/272 370/195/305
f 353/178/290 370/195/305 352/177/289
f 352/177/289 370/195/305 371/196/306
f 352/177/289 371/196/306 395/219/309
f 346/171/284 345/170/283 347/172/285
f 347/172/285 345/170/283 343/168/281
f 347/172/285 343/168/281 349/174/287
f 349/174/287 343/168/281 342/167/280
f 349/174/287 342/167/280 393/217/323
f 393/217/323 342/167/280 359/184/295
f 393/217/323 359/184/295 392/216/322
f 392/216/322 359/184/295 360/185/296
f 392/216/322 360/185/296 391/215/321
f 391/215/321 360/185/296 327/152/267
f 391/215/321 327/152/267 365/190/301
f 365/190/301 327/152/267 326/151/266
f 365/190/301 326/151/266 363/188/299
f 363/188/299 326/151/266 372/197/307
f 363/188/299 372/197/307 361/186/297
f 399/172/327 400/173/328 401/174/329
f 402/194/330 403/195/331 404/196/332
f 405/202/333 406/190/334 407/201/335
f 408/163/336 409/162/337 410/161/338
f 411/164/339 412/165/340 413/154/341
f 413/154/341 412/165/340 414/166/342
f 415/181/343 416/180/344 417/159/345
f 400/173/328 399/172/327 418/171/346
f 419/167/347 420/184/348 421/183/349
f 421/183/349 420/184/348 422/185/350
f 423/175/329 424/177/351 425/176/352
f 425/176/352 424/177/351 426/178/353
f 416/180/344 427/179/354 417/159/345
f 417/159/345 427/179/354 428/153/355
f 417/159/345 428/153/355 429/160/356
f 430/170/357 431/168/358 432/169/359
f 432/169/359 431/168/358 419/167/347
f 432/169/359 419/167/347 433/182/360
f 433/182/360 419/167/347 421/183/349
f 434/188/361 435/187/362 436/186/363
f 403/195/331 402/194/330 437/193/364
f 437/193/364 402/194/330 438/192/363
f 437/193/364 438/192/363 439/191/365
f 440/200/366 441/199/367 442/198/332
f 442/198/332 441/199/367 443/151/368
f 442/198/332 443/151/368 444/197/369
f 445/157/370 407/201/331 446/190/371
f 406/190/334 405/202/333 447/189/372
f 447/189/372 405/202/333 448/207/365
f 447/189/372 448/207/365 449/206/373
f 440/200/366 450/203/374 441/199/367
f 441/199/367 450/203/374 451/150/375
f 441/199/367 451/150/375 443/151/368
f 443/151/368 451/150/375 452/152/376
f 453/205/365 454/204/377 449/206/373
f 449/206/373 454/204/377 435/187/362
f 449/206/373 435/187/362 447/189/372
f 447/189/372 435/187/362 434/188/361
f 447/189/372 434/188/361 446/190/371
f 455/214/378 456/213/379 457/212/359
f 457/212/359 456/213/379 458/211/380
f 457/212/359 458/211/380 459/210/381
f 459/210/381 458/211/380 460/209/382
f 459/210/381 460/209/382 461/208/383
f 462/158/337 463/156/384 412/165/340
f 412/165/340 463/156/384 429/160/356
f 412/165/340 429/160/356 414/166/342
f 414/166/342 429/160/356 428/153/355
f 414/166/342 428/153/355 413/154/341
f 413/154/341 428/153/355 464/155/385
f 465/217/386 415/181/343 466/216/387
f 466/216/387 415/181/343 417/159/345
f 466/216/387 417/159/345 467/215/388
f 467/215/388 417/159/345 429/160/356
f 467/215/388 429/160/356 446/190/371
f 446/190/371 429/160/356 463/156/384
f 446/190/371 463/156/384 445/157/370
f 445/157/370 463/156/384 462/158/337
f 468/220/389 469/219/390 456/213/379
f 456/213/379 469/219/390 424/177/351
f 456/213/379 424/177/351 458/211/380
f 458/211/380 424/177/351 423/175/329
f 458/211/380 423/175/329 460/209/382
f 460/209/382 423/175/329 470/218/391
f 460/209/382 470/218/391 461/208/383
f 469/219/390 404/196/332 424/177/351
f 424/177/351 404/196/332 403/195/331
f 424/177/351 403/195/331 426/178/353
f 426/178/353 403/195/331 408/163/336
f 426/178/353 408/163/336 471/222/344
f 471/222/344 408/163/336 410/161/338
f 471/222/344 410/161/338 472/221/392
f 436/186/363 444/197/369 434/188/361
f 434/188/361 444/197/369 443/151/368
f 434/188/361 443/151/368 446/190/371
f 446/190/371 443/151/368 452/152/376
f 446/190/371 452/152/376 467/215/388
f 467/215/388 452/152/376 422/185/350
f 467/215/388 422/185/350 466/216/387
f 466/216/387 422/185/350 420/184/348
f 466/216/387 420/184/348 465/217/386
f 465/217/386 420/184/348 419/167/347
f 465/217/386 419/167/347 401/174/329
f 401/174/329 419/167/347 431/168/358
f 401/174/329 431/168/358 399/172/327
f 399/172/327 431/168/358 430/170/357
f 399/172/327 430/170/357 418/171/346
f 473/94/393 474/9/182 475/89/394
f 476/22/395 477/86/396 478/20/149
f 473/94/393 479/99/397 480/95/398
f 481/19/151 482/87/399 483/27/193
f 484/42/400 485/48/166 486/43/170
f 474/9/182 473/94/393 487/12/183
f 487/12/183 473/94/393 480/95/398
f 487/12/183 480/95/398 488/14/401
f 489/90/402 482/87/399 490/91/403
f 491/84/404 492/80/146 493/85/398
f 493/85/398 492/80/146 494/23/405
f 477/86/396 476/22/395 491/84/404
f 491/84/404 476/22/395 495/83/202
f 491/84/404 495/83/202 492/80/146
f 479/99/397 473/94/393 496/98/406
f 496/98/406 473/94/393 475/89/394
f 496/98/406 475/89/394 497/97/407
f 497/97/407 475/89/394 498/88/408
f 497/97/407 498/88/408 499/96/409
f 481/19/151 478/20/149 482/87/399
f 482/87/399 478/20/149 477/86/396
f 482/87/399 477/86/396 490/91/403
f 490/91/403 477/86/396 491/84/404
f 490/91/403 491/84/404 500/92/410
f 500/92/410 491/84/404 493/85/398
f 500/92/410 493/85/398 501/93/411
f 489/90/402 499/96/409 482/87/399
f 482/87/399 499/96/409 498/88/408
f 482/87/399 498/88/408 483/27/193
f 483/27/193 498/88/408 475/89/394
f 483/27/193 475/89/394 502/7/194
f 502/7/194 475/89/394 474/9/182
f 503/102/412 504/103/413 505/104/414
f 506/147/415 507/148/416 508/149/417
f 509/129/418 510/31/31 511/33/31
f 504/103/413 503/102/412 512/101/419
f 513/107/420 514/106/421 515/105/422
f 516/110/422 517/109/423 518/108/424
f 519/115/425 520/114/426 521/113/427
f 521/113/427 520/114/426 522/112/428
f 521/113/427 522/112/428 523/111/429
f 524/118/430 525/117/431 521/113/427
f 521/113/427 525/117/431 526/116/424
f 521/113/427 526/116/424 519/115/425
f 523/111/429 527/120/432 521/113/427
f 521/113/427 527/120/432 528/119/433
f 521/113/427 528/119/433 524/118/430
f 512/101/419 529/123/434 504/103/413
f 504/103/413 529/123/434 530/122/435
f 504/103/413 530/122/435 531/121/422
f 532/126/415 533/125/417 504/103/413
f 504/103/413 533/125/417 534/124/436
f 504/103/413 534/124/436 505/104/414
f 531/121/422 535/128/437 504/103/413
f 504/103/413 535/128/437 536/127/438
f 504/103/413 536/127/438 532/126/415
f 511/33/31 537/100/439 509/129/418
f 509/129/418 537/100/439 538/131/440
f 509/129/418 538/131/440 539/130/440
f 539/130/440 538/131/440 540/133/131
f 539/130/440 540/133/131 541/132/131
f 541/132/131 540/133/131 542/67/441
f 541/132/131 542/67/441 543/66/442
f 544/110/417 545/109/443 546/140/436
f 546/140/436 545/109/443 547/139/433
f 546/140/436 547/139/433 548/138/414
f 548/138/414 547/139/433 549/137/432
f 548/138/414 549/137/432 550/136/444
f 550/136/444 549/137/432 551/135/445
f 550/136/444 551/135/445 552/134/428
f 515/105/422 553/143/446 513/107/420
f 513/107/420 553/143/446 554/142/434
f 513/107/420 554/142/434 552/134/428
f 552/134/428 554/142/434 555/141/419
f 552/134/428 555/141/419 550/136/444
f 507/148/416 506/147/415 556/146/447
f 556/146/447 506/147/415 557/145/438
f 556/146/447 557/145/438 518/108/424
f 518/108/424 557/145/438 558/144/437
f 518/108/424 558/144/437 516/110/422
o editpl_f-0000-4
v -9.560511 20.174213 -10.281125
v -14.557690 26.385612 -9.336475
v -10.041976 26.639072 -11.771449
v -13.290539 32.478302 -11.009062
v -9.936159 34.624699 -11.655869
v -12.819656 37.393520 -9.803244
v -8.264260 38.936745 -9.882151
v -12.486334 40.515263 -5.722358
v -9.531412 40.531303 -5.307823
v 0.000000 13.536101 -11.042401
v 0.000000 20.636217 -11.813680
v 5.714085 13.359640 -10.025513
v -5.227330 20.495050 -11.436932
v -5.682340 26.969534 -12.881690
v 0.000000 20.636217 -11.813680
v 0.000000 27.216578 -13.167308
v -4.777610 11.960793 13.512936
v -0.999965 11.980044 13.694086
v -6.036825 17.447104 13.923025
v 0.000000 18.120859 14.168634
v 0.000000 21.576271 13.289553
v -14.219078 12.236713 3.665240
v -10.647775 11.909460 10.007729
v -13.351383 16.401175 8.162884
v -10.531377 17.273851 13.279552
v -11.724456 20.674721 12.803892
v -6.838384 21.646856 14.623176
v -9.208672 24.717260 11.909253
v -4.647985 25.208141 12.034836
v 0.000000 20.636217 -11.813680
v 0.000000 13.536101 -11.042401
v -5.227330 20.495050 -11.436932
v -5.714085 13.359640 -10.025513
v -9.560511 20.174213 -10.281125
v -10.774754 13.099763 -7.899495
v -13.224404 19.619165 -8.181780
v -15.158198 12.785344 -2.991762
v -15.983566 19.256620 -3.436303
v -14.219078 12.236713 3.665240
v -14.856622 19.221329 3.667463
v -13.351383 16.401175 8.162884
v -13.896338 19.173203 7.901716
v -11.724456 20.674721 12.803892
v -14.242887 22.753740 7.658329
v -11.986352 24.155796 10.422263
v -10.941415 26.902161 9.476502
v -9.208672 24.717260 11.909253
v -7.187579 27.582333 9.856585
v -4.647985 25.208141 12.034836
v -0.005291 27.444374 9.356476
v -10.647775 11.909460 10.007729
v -4.777610 11.960793 13.512936
v -10.531377 17.273851 13.279552
v -6.036825 17.447104 13.923025
v -6.838384 21.646856 14.623176
v -0.026454 25.217768 11.453598
v -0.005291 27.444374 9.356476
v 4.647985 25.208141 12.034836
v 7.200806 27.543833 9.885480
v 9.208672 24.717260 11.909253
v 11.322354 27.325665 8.950832
v 11.986352 24.155796 10.422263
v 14.242887 22.753740 7.658329
v 11.724456 20.674721 12.803892
v 13.896338 19.173203 7.901716
v 13.351383 16.401175 8.162884
v 14.856622 19.221329 3.667463
v 14.219078 12.236713 3.665240
v 15.983566 19.256620 -3.436303
v 15.158198 12.785344 -2.991762
v 13.290539 19.619165 -8.181780
v 10.774754 13.099763 -7.899495
v 9.560511 20.174213 -10.281125
v 5.227330 20.495050 -11.436932
v 0.000000 20.636217 -11.813680
v 5.682340 26.969534 -12.881690
v 0.000000 27.216578 -13.167308
v 13.290539 19.619165 -8.181780
v 14.557690 26.385612 -9.336475
v 15.983566 19.256620 -3.436303
v 16.253399 26.401653 -4.135345
v 14.859267 27.996214 2.742816
v -14.557690 26.385612 -9.336475
v -9.560511 20.174213 -10.281125
v -13.224404 19.619165 -8.181780
v 8.150508 38.131447 2.241595
v 10.499632 35.831047 3.072887
v 12.158304 37.971027 0.712374
v 12.713840 38.734619 -2.735042
v 8.150508 38.131447 2.241595
v 3.428451 36.299465 4.373170
v 1.013192 37.261978 3.125121
v 0.000000 35.972214 3.893065
v 12.578924 39.052246 -4.779931
v 10.459950 37.817024 -8.715230
v 8.153153 39.568794 -3.929746
v 4.015732 41.939777 -6.849269
v 0.000000 38.545322 -10.685658
v -2.166591 33.514606 -11.621417
v -6.788122 35.455666 -10.807907
v -4.052768 36.735806 4.520979
v -7.176997 38.359238 2.622789
v -4.891363 35.744419 5.400059
v 10.459950 37.817024 -8.715230
v 6.788122 35.455666 -10.807907
v 0.000000 42.668076 -8.695226
v 0.000000 48.840977 -7.708346
v -4.044832 41.942986 -6.849269
v -3.714155 47.740505 -5.573437
v -12.578924 39.052246 -4.779931
v -8.153153 39.568794 -3.929746
v -10.459950 37.817024 -8.715230
v -4.044832 41.942986 -6.849269
v -6.788122 35.455666 -10.807907
v 0.000000 42.668076 -8.695226
v 0.000000 38.545322 -10.685658
v 6.788122 35.455666 -10.807907
v 2.166591 33.514606 -11.621417
v -4.052768 36.735806 4.520979
v -5.946881 38.715366 2.656130
v -7.176997 38.359238 2.622789
v -6.571198 40.666054 -2.989542
v -7.666398 40.338802 -3.357399
v -4.962789 41.782566 -6.807038
v -5.957463 41.461731 -7.583873
v 0.000000 42.751495 -8.828588
v -4.891363 35.744419 5.400059
v 0.000000 36.613888 5.184457
v -4.052768 36.735806 4.520979
v -11.801173 38.651199 3.229588
v -12.383163 33.517815 6.182453
v -10.605448 33.604439 6.061315
v -13.367256 30.341530 6.440286
v -7.475928 29.995026 8.430719
v -14.859267 27.996214 2.742816
v -16.253399 26.401653 -4.135345
v -15.983566 19.256620 -3.436303
v -14.557690 26.385612 -9.336475
v -13.224404 19.619165 -8.181780
v 4.161230 32.301842 6.293588
v 0.000000 31.381041 7.167110
v 0.000000 29.674189 7.783912
v -4.161230 32.301842 6.293588
v -7.475928 29.995026 8.430719
v -7.044726 34.785118 5.068876
v -10.605448 33.604439 6.061315
v -9.002330 38.173153 3.059551
v -11.801173 38.651199 3.229588
v 7.475928 29.995026 8.430719
v 13.367256 30.341530 6.440286
v 10.605448 33.604439 6.061315
v 12.383163 33.517815 6.182453
v 11.801173 38.651199 3.229588
v -14.242887 22.753740 7.658329
v -14.856622 19.221329 3.667463
v -13.896338 19.173203 7.901716
v -15.983566 19.256620 -3.436303
v -14.856622 19.221329 3.667463
v -14.859267 27.996214 2.742816
v -14.242887 22.753740 7.658329
v -13.367256 30.341530 6.440286
v -10.941415 26.902161 9.476502
v -7.475928 29.995026 8.430719
v -10.941415 26.902161 9.476502
v -7.187579 27.582333 9.856585
v -0.005291 27.444374 9.356476
v 0.000000 29.674189 7.783912
v 7.475928 29.995026 8.430719
v 4.161230 32.301842 6.293588
v 10.605448 33.604439 6.061315
v 7.044726 34.785118 5.068876
v 11.801173 38.651199 3.229588
v 9.002330 38.173153 3.059551
v 13.896338 19.173203 7.901716
v 14.856622 19.221329 3.667463
v 14.242887 22.753740 7.658329
v -3.428451 36.299465 4.373170
v -10.499632 35.831047 3.072887
v -8.565837 32.253716 4.586550
v -4.745865 28.984390 6.787028
v -3.428451 36.299465 4.373170
v 0.000000 28.310633 6.717013
v 0.000000 35.972214 3.893065
v 4.745865 28.984390 6.787028
v 3.428451 36.299465 4.373170
v 8.565837 32.253716 4.586550
v 10.499632 35.831047 3.072887
v -0.005291 27.444374 9.356476
v 7.200806 27.543833 9.885480
v 7.475928 29.995026 8.430719
v 11.322354 27.325665 8.950832
v 13.367256 30.341530 6.440286
v 14.859267 27.996214 2.742816
v 14.856622 19.221329 3.667463
v 15.983566 19.256620 -3.436303
v 9.531412 40.531303 -5.307823
v 12.486334 40.515263 -5.722358
v 8.264260 38.936745 -9.882151
v 12.819656 37.393520 -9.803244
v 9.936159 34.624699 -11.655869
v 13.290539 32.478302 -11.009062
v 10.041976 26.639072 -11.771449
v 14.557690 26.385612 -9.336475
v 9.560511 20.174213 -10.281125
v 13.290539 19.619165 -8.181780
v 9.589611 40.386929 -1.078015
v 9.002330 38.173153 3.059551
v 11.801173 38.651199 3.229588
v 11.801173 38.651199 3.229588
v 12.293220 41.051060 -1.259166
v 9.589611 40.386929 -1.078015
v 12.486334 40.515263 -5.722358
v 9.531412 40.531303 -5.307823
v 4.198265 46.556618 1.171363
v 2.412614 41.817860 1.828172
v 5.002470 44.715015 -1.520333
v 3.809390 39.270416 1.633685
v 5.356955 40.682098 -2.380520
v 8.153153 39.568794 -3.929746
v 4.015732 41.939777 -6.849269
v 2.412614 41.817860 1.828172
v 1.013192 37.261978 3.125121
v 3.809390 39.270416 1.633685
v 8.150508 38.131447 2.241595
v 8.153153 39.568794 -3.929746
v 12.713840 38.734619 -2.735042
v 12.578924 39.052246 -4.779931
v 4.052768 36.735806 4.520979
v 4.891363 35.744419 5.400059
v 5.946881 38.715366 2.656130
v 7.176997 38.359238 2.622789
v 6.571198 40.666054 -2.989542
v 7.666398 40.338802 -3.357399
v 4.962789 41.782566 -6.807038
v 5.957463 41.461731 -7.583873
v 0.000000 42.751495 -8.828588
v 0.000000 42.196445 -9.693221
v -5.957463 41.461731 -7.583873
v 9.560511 20.174213 -10.281125
v 5.227330 20.495050 -11.436932
v 10.041976 26.639072 -11.771449
v 5.682340 26.969534 -12.881690
v 9.936159 34.624699 -11.655869
v 5.666468 36.033173 -11.443601
v 8.264260 38.936745 -9.882151
v 4.052768 36.735806 4.520979
v 0.000000 36.613888 5.184457
v 4.891363 35.744419 5.400059
v 0.000000 35.824631 5.989076
v 5.401927 32.439800 8.749676
v 0.698388 32.041965 9.211999
v 21.745270 34.197987 -10.284460
v 17.824772 38.741035 -9.919937
v 21.470146 38.753868 -9.328697
v 16.581429 35.564751 6.299144
v 21.208252 37.342186 5.253361
v 21.054817 40.958015 3.182911
v 17.824772 38.741035 -9.919937
v 21.070688 41.856358 -5.630116
v 19.515188 32.478302 -8.555195
v 17.536423 29.128767 -8.436280
v 14.309022 32.706097 -10.185550
v 22.361649 30.784285 -6.050206
v 22.165890 31.194956 -2.120463
v 17.718954 28.063589 -5.220025
v 16.893587 29.266726 -1.612575
v 16.666082 37.249146 -8.264021
v 19.515188 32.478302 -8.555195
v 18.435862 37.226685 -7.877270
v 23.078554 37.294060 -7.316037
v 21.962193 34.005486 3.658570
v 22.004519 31.612043 0.225603
v 30.903679 33.687855 3.114007
v 30.903679 32.786304 -0.392309
v 21.962193 34.005486 3.658570
v 17.991432 30.681616 0.831290
v 22.004519 31.612043 0.225603
v 22.165890 31.194956 -2.120463
v 30.903679 32.786304 -0.392309
v 30.901031 32.828014 -2.459425
v 14.557690 26.385612 -9.336475
v 18.896162 28.580135 -9.496510
v 16.253399 26.401653 -4.135345
v 17.824772 38.741035 -9.919937
v 18.200420 33.610855 -11.486944
v 22.171181 30.736158 -9.094201
v 18.896162 28.580135 -9.496510
v 17.536423 29.128767 -8.436280
v 22.361649 30.784285 -6.050206
v 19.515188 32.478302 -8.555195
v 23.930376 33.983025 -7.473848
v 23.078554 37.294060 -7.316037
v 26.551979 37.156101 -6.523643
v 16.581429 35.564751 6.299144
v 16.136999 40.155926 3.449636
v 21.147406 42.706577 -0.907978
v 16.383022 41.882027 -1.216934
v 21.070688 41.856358 -5.630116
v 17.187227 41.176186 -5.746808
v 12.486334 40.515263 -5.722358
v 17.824772 38.741035 -9.919937
v 12.819656 37.393520 -9.803244
v 18.200420 33.610855 -11.486944
v 13.290539 32.478302 -11.009062
v 18.896162 28.580135 -9.496510
v 14.557690 26.385612 -9.336475
v 16.893587 29.266726 -1.612575
v 22.165890 31.194956 -2.120463
v 15.340732 28.987598 1.738154
v 17.991432 30.681616 0.831290
v 15.346022 29.735147 4.099778
v 21.962193 34.005486 3.658570
v 15.483584 31.750004 4.356500
v 20.919901 35.176540 3.677463
v 14.533882 37.207436 3.808602
v 17.692501 37.829861 3.408515
v 14.853976 39.203041 1.494766
v 17.636948 39.928131 1.253603
v 15.756061 40.088551 -1.670366
v 16.581429 35.564751 6.299144
v 21.401365 33.482521 5.645669
v 17.409443 31.467667 6.474738
v 21.509827 30.505156 3.755259
v 14.859267 27.996214 2.742816
v 21.766432 28.830387 -0.494554
v 16.253399 26.401653 -4.135345
v 22.057426 29.135183 -5.171126
v 18.896162 28.580135 -9.496510
v 22.171181 30.736158 -9.094201
v 12.486334 40.515263 -5.722358
v 12.293220 41.051060 -1.259166
v 16.136999 40.155926 3.449636
v 11.801173 38.651199 3.229588
v 12.383163 33.517815 6.182453
v 17.409443 31.467667 6.474738
v 13.367256 30.341530 6.440286
v 14.859267 27.996214 2.742816
v 4.647985 25.208141 12.034836
v -0.026454 25.217768 11.453598
v 0.000000 21.576271 13.289553
v 0.000000 12.859135 -7.317147
v 0.000000 18.906908 -9.250900
v 1.851787 12.891219 -7.886159
v 6.774895 20.122881 -9.034187
v 13.351383 16.401175 8.162884
v 11.724456 20.674721 12.803892
v 10.531377 17.273851 13.279552
v 14.219078 12.236713 3.665240
v 13.351383 16.401175 8.162884
v 10.647775 11.909460 10.007729
v 10.531377 17.273851 13.279552
v 4.777610 11.960793 13.512936
v 13.253503 9.840062 -0.590129
v 11.057813 10.356610 -3.820831
v 14.229660 19.109035 -4.086445
v 9.317133 11.498788 -5.614554
v 11.438752 19.118662 -7.024861
v 7.494446 12.207836 -6.743689
v 6.774895 20.122881 -9.034187
v 4.949562 12.955386 -7.563867
v 1.851787 12.891219 -7.886159
v 9.208672 24.717260 11.909253
v 4.647985 25.208141 12.034836
v 6.838384 21.646856 14.623176
v 6.036825 17.447104 13.923025
v 0.000000 18.120859 14.168634
v 0.999965 11.980044 13.694086
v 11.986352 24.155796 10.422263
v 9.208672 24.717260 11.909253
v 11.724456 20.674721 12.803892
v 6.838384 21.646856 14.623176
v 6.036825 17.447104 13.923025
v 4.777610 11.960793 13.512936
v 5.682340 26.969534 -12.881690
v 0.000000 35.186165 -12.072627
v 5.666468 36.033173 -11.443601
v -8.153153 39.568794 -3.929746
v -5.356955 40.682098 -2.380520
v -4.044832 41.942986 -6.849269
v -12.578924 39.052246 -4.779931
v -12.713840 38.734619 -2.735042
v -8.153153 39.568794 -3.929746
v -12.158304 37.971027 0.712374
v -12.158304 37.971027 0.712374
v -8.150508 38.131447 2.241595
v -8.153153 39.568794 -3.929746
v -3.809390 39.270416 1.633685
v -5.356955 40.682098 -2.380520
v -5.002470 44.715015 -1.520333
v -3.714155 47.740505 -5.573437
v -3.986633 51.112499 -6.033537
v -10.499632 35.831047 3.072887
v -8.150508 38.131447 2.241595
v -3.428451 36.299465 4.373170
v -1.013192 37.261978 3.125121
v 0.000000 35.972214 3.893065
v 0.000000 37.002102 3.298492
v 1.013192 37.261978 3.125121
v 0.000000 39.373081 2.885068
v 2.412614 41.817860 1.828172
v 0.000000 42.180405 3.330721
v 4.198265 46.556618 1.171363
v 0.000000 43.765339 3.570773
v -5.666468 36.033173 -11.443601
v 0.000000 35.186165 -12.072627
v -5.682340 26.969534 -12.881690
v -8.264260 38.936745 -9.882151
v -5.666468 36.033173 -11.443601
v -9.936159 34.624699 -11.655869
v -5.682340 26.969534 -12.881690
v -10.041976 26.639072 -11.771449
v -5.227330 20.495050 -11.436932
v -9.560511 20.174213 -10.281125
v -11.801173 38.651199 3.229588
v -9.002330 38.173153 3.059551
v -12.293220 41.051060 -1.259166
v -9.002330 38.173153 3.059551
v -9.589611 40.386929 -1.078015
v -12.293220 41.051060 -1.259166
v -9.531412 40.531303 -5.307823
v -12.486334 40.515263 -5.722358
v 0.000000 36.613888 5.184457
v -4.891363 35.744419 5.400059
v 0.000000 35.824631 5.989076
v -5.401927 32.439800 8.749676
v -0.698388 32.041965 9.211999
v -3.809390 39.270416 1.633685
v -8.150508 38.131447 2.241595
v -1.013192 37.261978 3.125121
v -14.557690 26.385612 -9.336475
v -16.253399 26.401653 -4.135345
v -18.896162 28.580135 -9.496510
v -17.718954 28.063589 -5.220025
v -19.515188 32.478302 -8.555195
v -17.536423 29.128767 -8.436280
v -14.309022 32.706097 -10.185550
v -22.165890 31.194956 -2.120463
v -17.991432 30.681616 0.831290
v -22.004519 31.612043 0.225603
v -21.962193 34.005486 3.658570
v -16.893587 29.266726 -1.612575
v -22.165890 31.194956 -2.120463
v -22.361649 30.784285 -6.050206
v -23.078554 37.294060 -7.316037
v -18.435862 37.226685 -7.877270
v -19.515188 32.478302 -8.555195
v -16.666082 37.249146 -8.264021
v -14.309022 32.706097 -10.185550
v -21.962193 34.005486 3.658570
v -30.903679 33.687855 3.114007
v -22.004519 31.612043 0.225603
v -30.903679 32.786304 -0.392309
v -22.165890 31.194956 -2.120463
v -30.901031 32.828014 -2.459425
v -21.470146 38.753868 -9.328697
v -17.824772 38.741035 -9.919937
v -18.200420 33.610855 -11.486944
v -18.896162 28.580135 -9.496510
v -22.171181 30.736158 -9.094201
v -18.200420 33.610855 -11.486944
v -21.745270 34.197987 -10.284460
v -21.470146 38.753868 -9.328697
v -26.551979 37.156101 -6.523643
v -23.078554 37.294060 -7.316037
v -23.930376 33.983025 -7.473848
v -19.515188 32.478302 -8.555195
v -22.361649 30.784285 -6.050206
v -17.718954 28.063589 -5.220025
v -16.893587 29.266726 -1.612575
v -14.557690 26.385612 -9.336475
v -18.896162 28.580135 -9.496510
v -13.290539 32.478302 -11.009062
v -18.200420 33.610855 -11.486944
v -12.819656 37.393520 -9.803244
v -17.824772 38.741035 -9.919937
v -12.486334 40.515263 -5.722358
v -15.756061 40.088551 -1.670366
v -17.636948 39.928131 1.253603
v -14.853976 39.203041 1.494766
v -17.692501 37.829861 3.408515
v -14.533882 37.207436 3.808602
v -20.919901 35.176540 3.677463
v -15.483584 31.750004 4.356500
v -21.962193 34.005486 3.658570
v -15.346022 29.735147 4.099778
v -17.991432 30.681616 0.831290
v -15.340732 28.987598 1.738154
v -22.165890 31.194956 -2.120463
v -16.893587 29.266726 -1.612575
v -22.171181 30.736158 -9.094201
v -18.896162 28.580135 -9.496510
v -22.057426 29.135183 -5.171126
v -16.253399 26.401653 -4.135345
v -21.766432 28.830387 -0.494554
v -14.859267 27.996214 2.742816
v -21.509827 30.505156 3.755259
v -17.409443 31.467667 6.474738
v -21.401365 33.482521 5.645669
v -16.581429 35.564751 6.299144
v -21.208252 37.342186 5.253361
v -16.136999 40.155926 3.449636
v -21.054817 40.958015 3.182911
v -16.383022 41.882027 -1.216934
v -21.147406 42.706577 -0.907978
v -17.187227 41.176186 -5.746808
v -21.070688 41.856358 -5.630116
v -14.859267 27.996214 2.742816
v -13.367256 30.341530 6.440286
v -17.409443 31.467667 6.474738
v -12.383163 33.517815 6.182453
v -16.581429 35.564751 6.299144
v -11.801173 38.651199 3.229588
v -16.136999 40.155926 3.449636
v -12.293220 41.051060 -1.259166
v -16.383022 41.882027 -1.216934
v -17.187227 41.176186 -5.746808
v -21.070688 41.856358 -5.630116
v -13.253503 9.840062 -0.590129
v -14.631762 18.031025 -0.356745
v -14.229660 19.109035 -4.086445
v -7.047372 20.122881 -9.034187
v -9.317133 11.498788 -5.614554
v -11.438752 19.118662 -7.024861
v -11.057813 10.356610 -3.820831
v -14.229660 19.109035 -4.086445
v -13.253503 9.840062 -0.590129
v -11.986352 24.155796 10.422263
v -11.724456 20.674721 12.803892
v -9.208672 24.717260 11.909253
v -6.415119 4.164462 9.806576
v -7.796023 8.335339 9.345363
v -9.412368 4.754800 8.078422
v 13.052452 6.410318 -0.952429
v 13.600052 4.206169 -1.171366
v 10.034040 5.781477 -4.563214
v -13.171496 0.044918 7.103766
v -11.533987 3.282161 6.410282
v -13.465136 3.542037 4.379840
v -13.600052 4.206169 -1.171366
v -10.034040 5.781477 -4.563214
v -10.832953 1.238430 -6.349158
v -6.690241 -0.121919 -8.080645
v -6.663787 1.097261 -7.540528
v -4.065995 0.279127 -9.040854
v 0.000000 0.279127 -8.989731
v 1.129590 6.121564 -7.474958
v 2.044902 0.279127 -9.624314
v 4.073931 6.121564 -7.156001
v 4.065995 0.279127 -9.040854
v -10.761527 0.038501 7.973955
v -15.094709 0.478047 3.754149
v -14.761387 0.959302 -2.063782
v 1.156044 3.519580 10.530066
v 0.767169 0.150794 11.239109
v 3.248563 3.724915 10.645647
v 3.976051 0.041710 10.934598
v 6.415119 4.164462 9.806576
v 7.219323 0.038501 9.447609
v 9.412368 4.754800 8.078422
v 8.957358 0.038501 8.599647
v 10.761527 0.038501 7.973955
v 11.533987 3.282161 6.410282
v 13.171496 0.044918 7.103766
v 13.465136 3.542037 4.379840
v 15.094709 0.478047 3.754149
v -0.031745 7.770667 10.308906
v 0.544954 7.802750 10.573408
v 0.000000 14.626947 11.156868
v 2.034320 7.822000 10.740111
v 3.962824 12.942555 11.039065
v 5.256429 8.020919 10.146648
v 7.544709 11.043200 10.024400
v 7.796023 8.335339 9.345363
v 10.401751 9.493560 7.759463
v -5.325210 8.020919 10.146648
v -3.248563 3.724915 10.645647
v -2.103101 7.822000 10.740111
v -1.156044 3.519580 10.530066
v -0.611090 7.802750 10.573408
v -6.333111 6.121564 -6.148004
v -7.494446 12.207836 -6.743689
v -4.073931 6.121564 -7.156001
v -4.949562 12.955386 -7.563867
v -1.129590 6.121564 -7.474958
v -1.851787 12.891219 -7.886159
v 0.000000 6.121564 -7.161556
v -9.317133 11.498788 -5.614554
v -11.057813 10.356610 -3.820831
v -13.052452 6.410318 -0.952429
v -13.253503 9.840062 -0.590129
v -12.875210 6.070231 3.973086
v -12.684740 9.233681 3.595225
v -11.261510 5.325891 6.432508
v -10.401751 9.493560 7.759463
v -6.663787 1.097261 -7.540528
v -6.333111 6.121564 -6.148004
v -2.044902 0.279127 -9.624314
v 0.000000 0.279127 -8.989731
v 1.129590 6.121564 -7.474958
v 12.875210 6.070231 3.973086
v 11.261510 5.325891 6.432508
v -8.957358 0.038501 8.599647
v -7.219323 0.038501 9.447609
v -3.976051 0.041710 10.934598
v -0.767169 0.150794 11.239109
v 14.761387 0.959302 -2.063782
v 10.832953 1.238430 -6.349158
v 6.663787 1.097261 -7.540528
v 6.333111 6.121564 -6.148004
v -10.832953 1.238430 -6.349158
v -11.256219 -0.458798 -6.997076
v -15.629081 -1.376390 -2.517214
v -16.226944 -2.419109 4.110893
v -13.171496 0.044918 7.103766
v -13.367256 -3.150616 7.745016
v -10.740364 -3.596579 8.652992
v 13.171496 0.044918 7.103766
v 10.740364 -3.596579 8.652992
v 7.790732 -4.263919 9.467613
v 4.613595 -4.825383 11.270227
v 0.000000 -5.297013 11.641419
v 0.000000 0.025668 10.631199
v 0.000000 3.455413 10.129979
v -14.631762 18.031025 -0.356745
v -13.253503 9.840062 -0.590129
v -13.943955 15.721000 3.306273
v -12.684740 9.233681 3.595225
v -11.192729 13.622728 7.711675
v -10.401751 9.493560 7.759463
v -7.957393 14.213068 10.085524
v -7.544709 11.043200 10.024400
v -4.177102 15.708167 11.712544
v -3.962824 12.942555 11.039065
v 0.000000 18.868408 12.343793
v 14.229660 19.109035 -4.086445
v 14.631762 18.031025 -0.356745
v 13.253503 9.840062 -0.590129
v 13.943955 15.721000 3.306273
v 12.684740 9.233681 3.595225
v 11.192729 13.622728 7.711675
v 10.401751 9.493560 7.759463
v 7.957393 14.213068 10.085524
v 7.544709 11.043200 10.024400
v 4.177102 15.708167 11.712544
v 3.962824 12.942555 11.039065
v 0.000000 14.626947 11.156868
v -11.533987 3.282161 6.410282
v -7.790732 -4.263919 9.467613
v -4.613595 -4.825383 11.270227
v 0.000000 -5.297013 11.641419
v 10.740364 -3.596579 8.652992
v 13.367256 -3.150616 7.745016
v 16.226944 -2.419109 4.110893
v 15.629081 -1.376390 -2.517214
v 11.261510 -0.455589 -7.101543
v 6.695532 -0.118711 -8.184001
v 6.333111 6.121564 -6.148004
v -7.544709 11.043200 10.024400
v -3.962824 12.942555 11.039065
v 12.684740 9.233681 3.595225
v 13.253503 9.840062 -0.590129
v 11.057813 10.356610 -3.820831
v 9.317133 11.498788 -5.614554
v 7.494446 12.207836 -6.743689
v 4.949562 12.955386 -7.563867
v 1.851787 12.891219 -7.886159
v 0.000000 12.859135 -7.317147
v 0.000000 18.906908 -9.250900
v -7.047372 20.122881 -9.034187
v -11.256219 -0.458798 -6.997076
v 3.714155 47.740505 -5.573437
v 3.986633 51.112499 -6.033537
v 5.002470 44.715015 -1.520333
v 5.838420 50.252659 -1.079127
v 4.198265 46.556618 1.171363
v 5.002470 44.715015 -1.520333
v 5.356955 40.682098 -2.380520
v 3.714155 47.740505 -5.573437
v 4.015732 41.939777 -6.849269
v -3.714155 47.740505 -5.573437
v -4.044832 41.942986 -6.849269
v -5.356955 40.682098 -2.380520
v -5.002470 44.715015 -1.520333
v -3.809390 39.270416 1.633685
v -2.412614 41.817860 1.828172
v -1.013192 37.261978 3.125121
v 0.000000 39.373081 2.885068
v 0.000000 37.002102 3.298492
v -3.714155 47.740505 -5.573437
v 0.000000 51.410877 -8.168446
v 0.000000 48.840977 -7.708346
v 3.714155 47.740505 -5.573437
v 4.015732 41.939777 -6.849269
v 0.000000 39.373081 2.885068
v 0.000000 42.180405 3.330721
v -2.412614 41.817860 1.828172
v -4.198265 46.556618 1.171363
v -5.002470 44.715015 -1.520333
v -5.838420 50.252659 -1.079127
v -3.986633 51.112499 -6.033537
v 0.000000 32.937099 -11.757002
v 0.000000 38.545322 -10.685658
v 2.166591 33.514606 -11.621417
v -5.682340 26.969534 -12.881690
v 0.000000 35.186165 -12.072627
v 0.000000 27.216578 -13.167308
v 5.682340 26.969534 -12.881690
v -2.166591 33.514606 -11.621417
v 12.285283 31.839836 -2.973982
v 21.208252 37.342186 5.253361
v 21.401365 33.482521 5.645669
v 26.551979 37.156101 -6.523643
v 30.903679 37.229893 -6.593658
v 23.930376 33.983025 -7.473848
v 21.054817 40.958015 3.182911
v 21.470146 38.753868 -9.328697
v 21.070688 41.856358 -5.630116
v 21.147406 42.706577 -0.907978
v 21.509827 30.505156 3.755259
v 21.766432 28.830387 -0.494554
v 22.057426 29.135183 -5.171126
v 22.171181 30.736158 -9.094201
v 21.745270 34.197987 -10.284460
v 30.903679 37.229893 -6.593658
v 30.903679 34.528450 -7.333818
v 23.930376 33.983025 -7.473848
v 30.903679 32.747807 -6.593657
v 22.361649 30.784285 -6.050206
v 30.903679 31.948921 -4.996644
v 22.165890 31.194956 -2.120463
v 30.901031 32.828014 -2.459425
v 15.935949 39.440460 -5.406734
v 17.324789 39.684296 -5.196688
v 16.666082 37.249146 -8.264021
v 22.194988 38.423409 3.082889
v 17.692501 37.829861 3.408515
v 20.919901 35.176540 3.677463
v 30.903679 37.249146 3.114007
v 21.962193 34.005486 3.658570
v 30.903679 33.687855 3.114007
v 26.570496 37.063061 2.310499
v 26.551979 37.156101 -6.523643
v 23.078554 37.294060 -7.316037
v 27.432899 39.219082 -4.117564
v 30.903679 37.229893 -6.593658
v 30.903679 39.341000 -3.976423
v 30.903679 40.226509 -2.158250
v 17.319498 40.508846 -2.200481
v 15.756061 40.088551 -1.670366
v 17.636948 39.928131 1.253603
v 22.462175 39.950588 0.881300
v 22.316677 40.768723 -2.080455
v 30.901031 39.430836 -0.579018
v 27.387928 39.119621 0.150030
v 27.311211 40.078922 -1.879300
v 22.544184 39.963425 -4.776597
v 18.435862 37.226685 -7.877270
v -12.285283 31.839836 -2.973982
v -21.147406 42.706577 -0.907978
v -21.070688 41.856358 -5.630116
v -30.903679 31.948921 -4.996644
v -22.165890 31.194956 -2.120463
v -30.901031 32.828014 -2.459425
v -21.054817 40.958015 3.182911
v -22.171181 30.736158 -9.094201
v -22.057426 29.135183 -5.171126
v -21.766432 28.830387 -0.494554
v -21.509827 30.505156 3.755259
v -21.470146 38.753868 -9.328697
v -21.745270 34.197987 -10.284460
v -21.401365 33.482521 5.645669
v -21.208252 37.342186 5.253361
v -23.930376 33.983025 -7.473848
v -30.903679 37.229893 -6.593658
v -26.551979 37.156101 -6.523643
v -22.165890 31.194956 -2.120463
v -30.903679 31.948921 -4.996644
v -22.361649 30.784285 -6.050206
v -30.903679 32.747807 -6.593657
v -23.930376 33.983025 -7.473848
v -30.903679 34.528450 -7.333818
v -30.903679 37.229893 -6.593658
v -27.432899 39.219082 -4.117564
v -30.903679 39.341000 -3.976423
v -30.903679 40.226509 -2.158250
v -30.903679 37.229893 -6.593658
v -26.551979 37.156101 -6.523643
v -23.078554 37.294060 -7.316037
v -17.636948 39.928131 1.253603
v -15.756061 40.088551 -1.670366
v -17.319498 40.508846 -2.200481
v -15.935949 39.440460 -5.406734
v -17.324789 39.684296 -5.196688
v -16.666082 37.249146 -8.264021
v -22.316677 40.768723 -2.080455
v -22.462175 39.950588 0.881300
v -22.194988 38.423409 3.082889
v -17.692501 37.829861 3.408515
v -20.919901 35.176540 3.677463
v -18.435862 37.226685 -7.877270
v -22.544184 39.963425 -4.776597
v -27.311211 40.078922 -1.879300
v -27.387928 39.119621 0.150030
v -30.901031 39.430836 -0.579018
v -26.570496 37.063061 2.310499
v -30.903679 37.249146 3.114007
v -21.962193 34.005486 3.658570
v -30.903679 33.687855 3.114007
v 0.000000 51.410877 -8.168446
v -3.714155 47.740505 -5.573437
v -3.986633 51.112499 -6.033537
v 0.000000 51.410877 -8.168446
v 3.986633 51.112499 -6.033537
v 3.714155 47.740505 -5.573437
v 0.000000 42.180405 3.330721
v 0.000000 43.765339 3.570773
v -4.198265 46.556618 1.171363
v 0.000000 51.410877 -8.168446
v -3.986633 51.112499 -6.033537
v -4.105676 54.789288 -7.539420
v 0.000000 54.179699 -9.293135
v 4.105676 54.789288 -7.539420
v 3.986633 51.112499 -6.033537
v 0.000000 44.708599 6.306922
v 4.198265 46.556618 1.171363
v 5.677050 49.020645 1.791496
v 5.838420 50.252659 -1.079127
v 7.748405 54.436367 -2.550558
v 3.986633 51.112499 -6.033537
v 4.105676 54.789288 -7.539420
v -4.105676 54.789288 -7.539420
v -3.986633 51.112499 -6.033537
v -7.748405 54.436367 -2.550558
v -5.838420 50.252659 -1.079127
v -5.677050 49.020645 1.791496
v -4.198265 46.556618 1.171363
v 0.000000 43.765339 3.570773
vn -0.3691 -0.2199 -0.9030
vn -0.5973 -0.3301 -0.7310
vn -0.3064 -0.1335 -0.9425
vn -0.1643 -0.0391 -0.9856
vn -0.1734 0.2128 -0.9616
vn -0.0472 0.4871 -0.8721
vn -0.1261 0.6855 -0.7170
vn 0.0785 0.9350 -0.3458
vn 0.0784 0.9805 -0.1804
vn -0.0000 -0.1414 -0.9899
vn -0.0000 -0.1885 -0.9821
vn 0.2440 -0.1811 -0.9527
vn -0.1726 -0.1962 -0.9653
vn -0.1018 -0.0235 -0.9945
vn -0.0000 -0.1886 -0.9821
vn -0.0000 -0.0315 -0.9995
vn -0.2199 -0.2199 0.9504
vn -0.0393 -0.0784 0.9961
vn -0.0318 -0.0551 0.9980
vn -0.0000 0.0863 0.9963
vn -0.0000 0.2830 0.9591
vn -0.9565 -0.1490 0.2509
vn -0.7227 -0.3614 0.5892
vn -0.8936 -0.2038 0.3998
vn -0.4890 -0.2208 0.8439
vn -0.7254 0.1183 0.6781
vn -0.1024 0.2283 0.9682
vn -0.2919 0.5522 0.7810
vn 0.0393 0.6058 0.7946
vn -0.0000 -0.1414 -0.9900
vn -0.2441 -0.1811 -0.9527
vn -0.3690 -0.2198 -0.9030
vn -0.5186 -0.2515 -0.8172
vn -0.6845 -0.2282 -0.6924
vn -0.9115 -0.1964 -0.3614
vn -0.9910 -0.0944 -0.0944
vn -0.9801 -0.0627 0.1882
vn -0.8937 -0.2038 0.3998
vn -0.9406 -0.1097 0.3214
vn -0.9021 0.1412 0.4079
vn -0.6597 0.4241 0.6204
vn -0.4400 0.4872 0.7543
vn -0.0629 0.6051 0.7937
vn -0.0000 0.6285 0.7778
vn -0.2200 -0.2199 0.9504
vn -0.0314 -0.0550 0.9980
vn -0.1023 0.2282 0.9682
vn 0.0001 0.2830 0.9591
vn -0.0000 0.5745 0.8185
vn -0.0000 0.6286 0.7778
vn -0.0393 0.6058 0.7946
vn 0.0707 0.6048 0.7933
vn 0.2919 0.5522 0.7810
vn 0.4487 0.4644 0.7635
vn 0.6608 0.4091 0.6293
vn 0.9030 0.1335 0.4084
vn 0.7254 0.1183 0.6781
vn 0.9406 -0.1097 0.3214
vn 0.8937 -0.2038 0.3998
vn 0.9801 -0.0627 0.1882
vn 0.9565 -0.1489 0.2509
vn 0.9911 -0.0944 -0.0944
vn 0.9115 -0.1964 -0.3614
vn 0.6845 -0.2282 -0.6924
vn 0.5186 -0.2515 -0.8172
vn 0.3691 -0.2199 -0.9030
vn 0.2441 -0.1811 -0.9527
vn 0.1726 -0.1962 -0.9653
vn 0.1018 -0.0235 -0.9945
vn 0.6845 -0.2282 -0.6923
vn 0.5973 -0.3301 -0.7309
vn 0.9910 -0.0944 -0.0944
vn 0.6747 -0.7375 -0.0314
vn 0.7619 -0.5027 0.4084
vn -0.5973 -0.3301 -0.7309
vn 0.1493 0.7698 0.6206
vn 0.2278 0.4635 0.8563
vn 0.2277 0.8244 0.5182
vn 0.1259 0.9754 0.1809
vn 0.1492 0.7698 0.6206
vn 0.0549 0.4870 0.8717
vn 0.0863 0.4393 0.8942
vn -0.0000 0.4783 0.8782
vn 0.0945 0.9918 -0.0866
vn 0.2510 0.8627 -0.4391
vn 0.2976 0.9475 0.1174
vn 0.5799 0.5721 -0.5800
vn -0.0000 0.2757 -0.9612
vn -0.0392 0.1960 -0.9798
vn -0.2046 0.4565 -0.8659
vn -0.1181 0.6617 0.7404
vn -0.2276 0.7929 0.5653
vn -0.0866 0.7084 0.7005
vn 0.2510 0.8626 -0.4391
vn 0.2046 0.4566 -0.8658
vn -0.0000 0.4250 -0.9052
vn -0.0000 0.0707 -0.9975
vn -0.5800 0.5721 -0.5799
vn -0.7847 -0.0000 -0.6199
vn -0.0944 0.9918 -0.0866
vn -0.2998 0.9466 0.1183
vn -0.2509 0.8626 -0.4392
vn -0.5799 0.5722 -0.5800
vn -0.2047 0.4566 -0.8658
vn -0.0000 0.4251 -0.9052
vn -0.0000 0.2758 -0.9612
vn 0.2046 0.4565 -0.8659
vn 0.0392 0.1960 -0.9798
vn -0.1182 0.6617 0.7404
vn -0.2362 0.7717 0.5905
vn -0.2277 0.7929 0.5652
vn -0.3212 0.9088 0.2664
vn -0.3531 0.9180 0.1805
vn -0.3065 0.9511 0.0393
vn -0.3063 0.9346 -0.1806
vn -0.0000 0.9439 -0.3303
vn -0.0000 0.7071 0.7071
vn 0.1889 0.6455 0.7400
vn 0.0860 0.2269 0.9701
vn -0.0000 0.4090 0.9125
vn -0.3846 0.0942 0.9183
vn -0.0472 0.5266 0.8488
vn -0.7619 -0.5027 0.4085
vn -0.6746 -0.7375 -0.0314
vn -0.0156 0.5086 0.8609
vn -0.0000 0.3373 0.9414
vn -0.0000 0.5087 0.8609
vn 0.0157 0.5087 0.8608
vn -0.0471 0.5266 0.8488
vn 0.0867 0.5435 0.8349
vn -0.0000 0.4091 0.9125
vn 0.1414 0.7307 0.6679
vn 0.0553 0.5206 0.8520
vn 0.3846 0.0942 0.9183
vn -0.0860 0.2269 0.9701
vn -0.1889 0.6455 0.7400
vn -0.9911 -0.0944 -0.0944
vn -0.7619 -0.5027 0.4084
vn -0.4400 0.4871 0.7544
vn -0.4400 0.4872 0.7544
vn 0.0552 0.5207 0.8520
vn -0.0157 0.5087 0.8608
vn -0.0866 0.5435 0.8349
vn -0.1414 0.7307 0.6679
vn 0.9030 0.1334 0.4083
vn -0.0550 0.4869 0.8717
vn -0.2278 0.4635 0.8563
vn -0.2118 0.3138 0.9256
vn -0.0626 0.3367 0.9395
vn -0.0000 0.3209 0.9471
vn 0.0626 0.3367 0.9395
vn 0.0550 0.4869 0.8717
vn 0.2118 0.3138 0.9256
vn 0.0707 0.6047 0.7933
vn 0.9030 0.1335 0.4083
vn 0.7619 -0.5027 0.4085
vn -0.0784 0.9805 -0.1804
vn -0.0785 0.9350 -0.3458
vn 0.1261 0.6855 -0.7170
vn 0.0472 0.4871 -0.8721
vn 0.1734 0.2128 -0.9616
vn 0.1643 -0.0391 -0.9856
vn 0.3064 -0.1335 -0.9425
vn -0.1494 0.9674 0.2046
vn -0.1415 0.7307 0.6678
vn -0.1889 0.6456 0.7400
vn -0.1890 0.6456 0.7400
vn -0.2037 0.9559 0.2116
vn -0.1495 0.9674 0.2045
vn -0.0786 0.9351 -0.3457
vn 0.7987 -0.3758 0.4698
vn 0.5474 0.0235 0.8366
vn 0.9881 -0.0392 0.1490
vn 0.5279 0.5121 0.6775
vn 0.8952 0.4319 0.1099
vn 0.2963 0.9476 0.1195
vn 0.5800 0.5720 -0.5799
vn 0.5473 0.0235 0.8366
vn 0.5278 0.5121 0.6776
vn 0.1493 0.7698 0.6205
vn 0.2975 0.9475 0.1175
vn 0.0549 0.6902 0.7216
vn 0.1016 0.6876 0.7189
vn 0.1657 0.7576 0.6313
vn 0.2831 0.8258 0.4876
vn 0.3212 0.9088 0.2664
vn 0.3531 0.9180 0.1805
vn 0.3065 0.9510 0.0393
vn 0.3063 0.9346 -0.1806
vn -0.0000 0.9438 -0.3304
vn -0.0000 0.8404 -0.5419
vn -0.3063 0.9346 -0.1807
vn 0.3690 -0.2199 -0.9030
vn 0.1727 -0.1962 -0.9652
vn 0.3063 -0.1335 -0.9425
vn 0.0551 0.2440 -0.9682
vn 0.1261 0.6855 -0.7171
vn 0.1016 0.6877 0.7189
vn -0.0000 0.6912 0.7226
vn 0.0549 0.6821 0.7292
vn 0.0157 0.6501 0.7597
vn 0.2902 -0.0000 -0.9570
vn -0.0472 0.6363 -0.7700
vn 0.1024 0.5752 -0.8116
vn -0.0314 0.2901 0.9565
vn 0.0788 0.3153 0.9457
vn -0.0863 0.7608 0.6432
vn -0.0471 0.6364 -0.7699
vn -0.0864 0.9189 -0.3849
vn 0.1025 0.5752 -0.8116
vn 0.3052 -0.1017 -0.9468
vn 0.4171 -0.4407 -0.7949
vn 0.2973 0.0156 -0.9546
vn 0.3154 -0.8358 -0.4495
vn 0.2836 -0.9294 0.2363
vn 0.5198 -0.8348 -0.1811
vn 0.3932 -0.9045 0.1652
vn 0.2973 0.0157 -0.9546
vn 0.1575 0.5276 -0.8348
vn 0.1183 0.5361 -0.8358
vn 0.1736 0.4340 -0.8840
vn 0.1721 -0.2737 0.9463
vn 0.1652 -0.9205 0.3541
vn 0.0783 -0.6971 0.7127
vn 0.1566 -0.9787 0.1331
vn 0.1720 -0.2737 0.9463
vn 0.4547 -0.7997 0.3920
vn 0.1652 -0.9205 0.3540
vn 0.2835 -0.9294 0.2363
vn 0.1566 -0.9787 0.1330
vn 0.1806 -0.9722 0.1489
vn 0.5973 -0.3300 -0.7309
vn 0.3385 -0.6771 -0.6535
vn 0.1095 -0.0313 -0.9935
vn 0.4336 -0.4888 -0.7570
vn 0.3385 -0.6771 -0.6534
vn 0.5198 -0.8349 -0.1812
vn 0.4171 -0.4407 -0.7948
vn 0.3154 -0.8358 -0.4494
vn 0.1256 -0.0785 -0.9890
vn 0.0705 0.5641 -0.8227
vn -0.0313 0.2901 0.9565
vn -0.1885 0.7856 0.5893
vn -0.1649 0.9818 0.0943
vn -0.1732 0.9841 0.0394
vn -0.0864 0.9189 -0.3848
vn -0.1096 0.9234 -0.3678
vn -0.0786 0.9350 -0.3458
vn 0.0471 0.4871 -0.8721
vn 0.1642 -0.0391 -0.9856
vn 0.3932 -0.9045 0.1651
vn 0.5188 -0.7783 0.3537
vn 0.4548 -0.7997 0.3920
vn 0.4966 -0.6700 0.5518
vn 0.0941 0.0078 0.9955
vn 0.1095 0.1252 0.9861
vn 0.0235 0.3767 0.9260
vn -0.0158 0.5363 0.8439
vn -0.1421 0.8367 0.5289
vn -0.0944 0.8966 0.4326
vn -0.2439 0.9678 0.0630
vn 0.0788 0.3152 0.9457
vn 0.2597 -0.1023 0.9602
vn 0.1657 -0.3471 0.9231
vn 0.3071 -0.7401 0.5983
vn 0.3143 -0.9271 0.2043
vn 0.4567 -0.8741 -0.1654
vn 0.4337 -0.4889 -0.7569
vn -0.0472 0.6364 -0.7699
vn -0.0786 0.9350 -0.3457
vn -0.2037 0.9559 0.2115
vn -0.1886 0.7856 0.5892
vn -0.0861 0.2269 0.9701
vn -0.0393 0.6058 0.7947
vn -0.0000 0.2831 0.9591
vn -0.0001 -0.1644 -0.9864
vn -0.0000 -0.2518 -0.9678
vn -0.1337 -0.1258 -0.9830
vn 0.2282 -0.2361 -0.9445
vn 0.8936 -0.2038 0.3998
vn 0.7254 0.1182 0.6781
vn 0.4890 -0.2208 0.8439
vn 0.9565 -0.1490 0.2509
vn 0.7227 -0.3614 0.5892
vn 0.2200 -0.2199 0.9504
vn 0.9839 -0.1181 -0.1338
vn 0.7536 -0.1335 -0.6437
vn 0.8353 -0.2522 -0.4886
vn 0.5263 -0.1728 -0.8326
vn 0.5198 -0.2678 -0.8112
vn 0.3531 -0.1805 -0.9180
vn 0.2283 -0.2361 -0.9445
vn 0.1566 -0.1331 -0.9787
vn -0.1336 -0.1258 -0.9830
vn 0.2919 0.5522 0.7809
vn 0.1023 0.2283 0.9682
vn 0.0314 -0.0550 0.9980
vn 0.0392 -0.0784 0.9961
vn 0.6607 0.4091 0.6293
vn 0.1024 0.2283 0.9682
vn 0.2199 -0.2199 0.9504
vn 0.1018 -0.0234 -0.9945
vn -0.0000 0.1414 -0.9899
vn -0.8952 0.4319 0.1100
vn -0.5799 0.5721 -0.5800
vn -0.0945 0.9918 -0.0866
vn -0.1259 0.9754 0.1809
vn -0.2997 0.9466 0.1184
vn -0.2277 0.8244 0.5181
vn -0.1493 0.7698 0.6206
vn -0.2998 0.9466 0.1184
vn -0.5279 0.5121 0.6775
vn -0.9881 -0.0392 0.1490
vn -0.7535 -0.2590 -0.6043
vn -0.2277 0.8244 0.5182
vn -0.0550 0.4870 0.8717
vn -0.0863 0.4393 0.8942
vn 0.0863 0.4392 0.8942
vn 0.5473 0.0234 0.8366
vn -0.0000 -0.1260 0.9920
vn 0.7987 -0.3759 0.4698
vn -0.0001 -0.6199 0.7847
vn -0.0551 0.2440 -0.9682
vn -0.1018 -0.0234 -0.9945
vn -0.1260 0.6855 -0.7171
vn -0.3063 -0.1335 -0.9425
vn -0.1727 -0.1962 -0.9652
vn -0.3690 -0.2199 -0.9030
vn 0.1889 0.6456 0.7400
vn 0.1414 0.7308 0.6678
vn 0.2037 0.9559 0.2116
vn 0.1494 0.9674 0.2045
vn 0.2037 0.9559 0.2115
vn 0.0786 0.9351 -0.3457
vn -0.0549 0.6821 0.7292
vn -0.0157 0.6501 0.7597
vn -0.5279 0.5121 0.6776
vn -0.1492 0.7698 0.6206
vn -0.5973 -0.3300 -0.7309
vn -0.3385 -0.6771 -0.6535
vn -0.5198 -0.8348 -0.1812
vn -0.3052 -0.1018 -0.9468
vn -0.4171 -0.4407 -0.7948
vn -0.2974 0.0156 -0.9546
vn -0.2835 -0.9294 0.2363
vn -0.4547 -0.7997 0.3920
vn -0.1652 -0.9205 0.3541
vn -0.1720 -0.2737 0.9463
vn -0.3932 -0.9045 0.1651
vn -0.2836 -0.9294 0.2363
vn -0.3154 -0.8358 -0.4495
vn -0.1736 0.4340 -0.8840
vn -0.1183 0.5361 -0.8358
vn -0.3052 -0.1017 -0.9468
vn -0.1575 0.5276 -0.8348
vn -0.2973 0.0157 -0.9546
vn -0.1721 -0.2737 0.9463
vn -0.0783 -0.6971 0.7127
vn -0.1652 -0.9205 0.3540
vn -0.1566 -0.9787 0.1331
vn -0.1803 -0.9723 0.1489
vn -0.1025 0.5752 -0.8116
vn 0.0471 0.6364 -0.7700
vn -0.1095 -0.0313 -0.9935
vn -0.3385 -0.6771 -0.6534
vn -0.4336 -0.4888 -0.7570
vn -0.1096 -0.0313 -0.9935
vn -0.2902 -0.0000 -0.9570
vn -0.1024 0.5752 -0.8116
vn -0.0705 0.5641 -0.8227
vn -0.1256 -0.0785 -0.9890
vn -0.5198 -0.8349 -0.1811
vn -0.3933 -0.9045 0.1652
vn -0.1642 -0.0391 -0.9856
vn -0.0471 0.4871 -0.8721
vn 0.0471 0.6364 -0.7699
vn 0.0786 0.9350 -0.3457
vn 0.2439 0.9678 0.0630
vn 0.0944 0.8966 0.4326
vn 0.1421 0.8367 0.5289
vn 0.0158 0.5363 0.8439
vn -0.0235 0.3767 0.9260
vn -0.1095 0.1252 0.9861
vn -0.0941 0.0078 0.9955
vn -0.4966 -0.6700 0.5518
vn -0.4548 -0.7997 0.3920
vn -0.5188 -0.7783 0.3537
vn -0.4336 -0.4889 -0.7569
vn -0.4567 -0.8741 -0.1654
vn -0.3143 -0.9271 0.2043
vn -0.3070 -0.7401 0.5983
vn -0.1657 -0.3471 0.9231
vn -0.2597 -0.1023 0.9602
vn 0.0235 0.2901 0.9567
vn -0.0394 0.3860 0.9217
vn 0.1574 0.7476 0.6453
vn 0.0941 0.7531 0.6511
vn 0.1732 0.9841 0.0394
vn 0.1650 0.9818 0.0943
vn 0.1096 0.9234 -0.3678
vn 0.0864 0.9189 -0.3848
vn 0.0861 0.2269 0.9701
vn 0.0236 0.2901 0.9567
vn 0.0864 0.9189 -0.3849
vn -0.9839 -0.1181 -0.1338
vn -0.9859 -0.1643 -0.0313
vn -0.8353 -0.2522 -0.4885
vn -0.2278 -0.2435 -0.9427
vn -0.5263 -0.1728 -0.8326
vn -0.5255 -0.2667 -0.8079
vn -0.7536 -0.1335 -0.6437
vn -0.8353 -0.2522 -0.4886
vn -0.6597 0.4241 0.6205
vn -0.3700 0.0079 0.9290
vn -0.4484 -0.0944 0.8888
vn -0.5473 0.0235 0.8366
vn 0.9468 0.1017 -0.3052
vn 0.8805 0.3616 -0.3066
vn 0.5895 0.1493 -0.7938
vn -0.5812 0.3063 0.7539
vn -0.6453 0.2439 0.7240
vn -0.8699 0.3448 0.3527
vn -0.8805 0.3616 -0.3066
vn -0.5895 0.1493 -0.7938
vn -0.4878 0.4092 -0.7711
vn -0.2816 0.3912 -0.8762
vn -0.3304 0.3383 -0.8811
vn -0.3616 0.3066 -0.8805
vn -0.0000 0.2974 -0.9548
vn -0.0785 0.1256 -0.9890
vn 0.0235 0.3208 -0.9468
vn 0.2671 0.1022 -0.9582
vn 0.3530 0.3216 -0.8786
vn -0.4010 0.1887 0.8964
vn -0.9101 0.3766 0.1727
vn -0.8319 0.3924 -0.3924
vn -0.2583 0.0783 0.9629
vn -0.2432 0.1569 0.9572
vn 0.1024 0.0709 0.9922
vn 0.2196 0.0784 0.9724
vn 0.3700 0.0079 0.9290
vn 0.4467 0.0470 0.8934
vn 0.3521 0.0939 0.9312
vn 0.4011 0.1884 0.8965
vn 0.6453 0.2439 0.7240
vn 0.5812 0.3063 0.7539
vn 0.8699 0.3448 0.3527
vn 0.9101 0.3766 0.1726
vn -0.0000 -0.0785 0.9969
vn -0.2752 -0.0629 0.9593
vn -0.0000 -0.1337 0.9910
vn 0.0157 -0.0472 0.9988
vn 0.0707 -0.1729 0.9824
vn 0.2438 -0.0708 0.9672
vn 0.3686 -0.1490 0.9176
vn 0.4484 -0.0944 0.8889
vn 0.6845 -0.0866 0.7238
vn -0.2438 -0.0707 0.9672
vn -0.1024 0.0630 0.9927
vn -0.0157 -0.0472 0.9988
vn 0.2583 0.0783 0.9629
vn 0.2752 -0.0629 0.9593
vn -0.4179 0.0552 -0.9068
vn -0.3526 -0.1880 -0.9167
vn -0.2671 0.1021 -0.9583
vn -0.1564 -0.1408 -0.9776
vn 0.0785 0.1256 -0.9890
vn 0.1337 -0.1258 -0.9830
vn -0.0000 0.0785 -0.9969
vn -0.5262 -0.1728 -0.8326
vn -0.7536 -0.1334 -0.6437
vn -0.9468 0.1017 -0.3052
vn -0.9839 -0.1180 -0.1339
vn -0.9270 0.1257 0.3535
vn -0.9217 -0.0393 0.3860
vn -0.7769 0.0471 0.6278
vn -0.6845 -0.0866 0.7239
vn -0.0235 0.3208 -0.9468
vn 0.9270 0.1257 0.3535
vn 0.7769 0.0471 0.6278
vn -0.3521 0.0939 0.9312
vn -0.4467 0.0470 0.8934
vn -0.2196 0.0784 0.9724
vn 0.2432 0.1569 0.9572
vn 0.8318 0.4002 -0.3845
vn 0.4799 0.4327 -0.7632
vn 0.3220 0.3691 -0.8718
vn 0.4179 0.0552 -0.9068
vn -0.4879 0.4092 -0.7711
vn -0.5595 0.4019 -0.7249
vn -0.8973 0.3778 -0.2283
vn -0.8669 0.3152 0.3861
vn -0.5421 0.1964 0.8170
vn -0.2906 0.1650 0.9425
vn 0.5811 0.3063 0.7540
vn 0.2906 0.1649 0.9425
vn 0.3848 0.0864 0.9189
vn 0.3291 0.0862 0.9403
vn -0.0000 0.1018 0.9948
vn -0.0000 0.2036 0.9790
vn -0.0000 0.0158 0.9999
vn -0.9840 -0.1181 -0.1338
vn -0.9612 -0.1655 0.2206
vn -0.9217 -0.0394 0.3860
vn -0.7852 -0.1335 0.6046
vn -0.6845 -0.0866 0.7238
vn -0.5103 -0.0864 0.8557
vn -0.3690 -0.1413 0.9186
vn -0.1566 -0.1801 0.9711
vn -0.0707 -0.1729 0.9824
vn -0.0000 -0.2518 0.9678
vn 0.8353 -0.2522 -0.4885
vn 0.9859 -0.1643 -0.0313
vn 0.9840 -0.1181 -0.1338
vn 0.9612 -0.1655 0.2206
vn 0.9217 -0.0394 0.3860
vn 0.7852 -0.1335 0.6046
vn 0.5103 -0.0864 0.8557
vn 0.1566 -0.1801 0.9711
vn -0.6453 0.2440 0.7240
vn -0.5811 0.3063 0.7540
vn -0.2906 0.1649 0.9425
vn -0.3848 0.0864 0.9189
vn -0.3291 0.0862 0.9403
vn 0.2906 0.1650 0.9425
vn 0.5421 0.1964 0.8170
vn 0.8669 0.3152 0.3861
vn 0.8989 0.3785 -0.2208
vn 0.5584 0.4326 -0.7079
vn 0.2664 0.4467 -0.8541
vn 0.9217 -0.0393 0.3860
vn 0.9839 -0.1180 -0.1339
vn 0.7536 -0.1334 -0.6437
vn 0.2671 0.1021 -0.9583
vn -0.0000 -0.1644 -0.9864
vn -0.2278 -0.2435 -0.9428
vn -0.5594 0.4019 -0.7249
vn 0.7847 -0.0000 -0.6199
vn 0.7535 -0.2590 -0.6043
vn 0.9235 -0.3599 -0.1330
vn 0.7988 -0.3758 0.4698
vn -0.5799 0.5722 -0.5799
vn -0.8952 0.4319 0.1099
vn -0.9881 -0.0393 0.1490
vn -0.0863 0.4392 0.8942
vn -0.0001 0.0863 0.9963
vn -0.0000 -0.2830 -0.9591
vn 0.5800 0.5721 -0.5800
vn -0.0000 -0.1259 0.9920
vn -0.5473 0.0234 0.8366
vn -0.7987 -0.3759 0.4698
vn -0.9235 -0.3599 -0.1330
vn -0.0000 0.1886 -0.9821
vn 0.9806 0.1961 -0.0000
vn 0.7234 -0.1730 -0.6684
vn 0.6508 0.2117 -0.7292
vn -0.0157 0.4627 -0.8864
vn 0.1255 -0.0785 -0.9890
vn 0.7779 -0.4636 -0.4243
vn 0.6907 -0.3140 0.6514
vn 0.7539 -0.5813 0.3063
vn 0.7801 -0.6225 -0.0630
vn 0.4863 0.6981 -0.5255
vn 0.3305 0.9364 -0.1180
vn 0.3061 0.9263 0.2198
vn 0.4498 0.6471 0.6156
vn 0.5893 0.1021 0.8014
vn 0.0236 -0.0628 -0.9977
vn 0.0862 -0.5953 -0.7989
vn 0.1644 -0.9864 -0.0000
vn 0.1803 -0.9723 0.1490
vn -0.1647 0.9179 -0.3609
vn -0.0079 0.8864 -0.4628
vn 0.1575 0.5277 -0.8347
vn 0.1411 0.5724 0.8077
vn 0.1096 0.1252 0.9861
vn -0.0864 0.5344 0.8408
vn 0.0866 0.5435 0.8349
vn 0.0705 0.5642 -0.8227
vn 0.1736 0.4341 -0.8840
vn 0.0786 0.8414 -0.5347
vn -0.0157 0.4628 -0.8863
vn -0.0079 0.8185 -0.5745
vn -0.0157 0.9998 0.0158
vn -0.1260 0.9919 -0.0157
vn -0.2439 0.9678 0.0629
vn 0.0864 0.9189 0.3848
vn 0.0236 0.9982 -0.0550
vn -0.0078 0.8308 0.5565
vn 0.1415 0.8176 0.5582
vn 0.1018 0.9947 0.0157
vn 0.1019 0.8544 -0.5095
vn 0.1183 0.5362 -0.8358
vn -0.9806 0.1961 -0.0000
vn -0.7801 -0.6225 -0.0630
vn -0.7539 -0.5812 0.3063
vn -0.1644 -0.9864 -0.0000
vn -0.1803 -0.9723 0.1490
vn -0.7779 -0.4636 -0.4243
vn -0.4498 0.6471 0.6156
vn -0.3061 0.9263 0.2198
vn -0.3305 0.9364 -0.1180
vn -0.4863 0.6981 -0.5255
vn -0.6907 -0.3140 0.6514
vn -0.5893 0.1021 0.8014
vn -0.6508 0.2117 -0.7292
vn -0.7236 -0.1729 -0.6682
vn -0.1256 -0.0784 -0.9890
vn 0.0157 0.4627 -0.8864
vn -0.3154 -0.8358 -0.4494
vn -0.0862 -0.5953 -0.7989
vn -0.0236 -0.0628 -0.9977
vn -0.0786 0.8414 -0.5347
vn 0.0079 0.8185 -0.5745
vn 0.0157 0.9998 0.0158
vn 0.0157 0.4628 -0.8863
vn -0.0705 0.5642 -0.8227
vn -0.1736 0.4341 -0.8840
vn 0.2439 0.9678 0.0629
vn 0.1260 0.9919 -0.0157
vn 0.1647 0.9179 -0.3609
vn 0.0079 0.8864 -0.4628
vn -0.1575 0.5277 -0.8347
vn -0.0236 0.9982 -0.0550
vn -0.0864 0.9189 0.3848
vn -0.1411 0.5724 0.8077
vn -0.1096 0.1252 0.9861
vn -0.1183 0.5362 -0.8358
vn -0.1019 0.8544 -0.5095
vn -0.1018 0.9947 0.0157
vn -0.1415 0.8176 0.5582
vn 0.0078 0.8308 0.5565
vn 0.0864 0.5344 0.8408
vn -0.0000 -0.6199 0.7847
vn -0.7534 -0.2590 -0.6043
vn -0.5447 -0.3237 -0.7737
vn -0.0000 -0.3769 -0.9262
vn 0.5447 -0.3237 -0.7737
vn 0.7534 -0.2590 -0.6043
vn -0.0000 -0.8897 0.4566
vn 0.8585 -0.5119 0.0315
vn 0.9234 -0.3600 -0.1330
vn 0.8317 -0.4080 -0.3766
vn 0.5448 -0.3237 -0.7736
vn -0.5448 -0.3236 -0.7736
vn -0.8317 -0.4080 -0.3766
vn -0.9234 -0.3600 -0.1331
vn -0.8585 -0.5119 0.0315
vt 0.605469 0.657379
vt 0.492950 0.555573
vt 0.607239 0.539978
vt 0.500366 0.442780
vt 0.576019 0.425507
vt 0.495483 0.373596
vt 0.603638 0.356812
vt 0.497864 0.324890
vt 0.561951 0.292114
vt 0.803223 0.740692
vt 0.803223 0.647186
vt 0.704590 0.740692
vt 0.699249 0.648651
vt 0.695953 0.534454
vt 0.803223 0.554993
vt 0.098145 0.740692
vt 0.011841 0.741699
vt 0.097534 0.682678
vt 0.011841 0.663086
vt 0.011841 0.630310
vt 0.313538 0.740692
vt 0.214172 0.740692
vt 0.231750 0.697083
vt 0.182312 0.689056
vt 0.198792 0.645905
vt 0.107422 0.640778
vt 0.181335 0.592773
vt 0.086212 0.594269
vt 0.568726 0.740692
vt 0.521698 0.663971
vt 0.427704 0.740692
vt 0.426941 0.663116
vt 0.316254 0.649963
vt 0.256622 0.652435
vt 0.289917 0.600159
vt 0.212921 0.593414
vt 0.245209 0.558533
vt 0.148254 0.570557
vt 0.011353 0.553101
vt 0.011841 0.597351
vt 0.431183 0.566162
vt 0.370575 0.546967
vt 0.716370 0.037140
vt 0.757629 0.011597
vt 0.838501 0.035156
vt 0.886658 0.053680
vt 0.604675 0.011597
vt 0.527344 0.035156
vt 0.498688 0.012146
vt 0.534576 0.290680
vt 0.614105 0.356415
vt 0.621216 0.294159
vt 0.686340 0.273743
vt 0.805725 0.347656
vt 0.746887 0.427582
vt 0.676270 0.396027
vt 0.988556 0.496094
vt 0.937469 0.371094
vt 0.937469 0.496094
vt 0.805725 0.269531
vt 0.805725 0.189819
vt 0.732574 0.194672
vt 0.988556 0.371094
vt 0.988556 0.261719
vt 0.937469 0.261719
vt 0.988556 0.128906
vt 0.937469 0.128906
vt 0.988892 0.011597
vt 0.830109 0.774078
vt 0.988098 0.726471
vt 0.830109 0.726471
vt 0.320984 0.389893
vt 0.316742 0.443726
vt 0.249084 0.448792
vt 0.321747 0.517548
vt 0.176300 0.532898
vt 0.101440 0.451141
vt 0.011841 0.478546
vt 0.011841 0.510925
vt 0.164001 0.405121
vt 0.218140 0.345001
vt 0.050537 0.347656
vt 0.210144 0.352417
vt 0.161865 0.414764
vt 0.103149 0.465302
vt 0.011841 0.499115
vt 0.011841 0.347656
vt 0.131622 0.424347
vt 0.223480 0.349365
vt 0.315552 0.410736
vt 0.216492 0.498047
vt 0.091675 0.538635
vt 0.041656 0.470642
vt 0.542969 0.253906
vt 0.542969 0.181671
vt 0.589844 0.197296
vt 0.582031 0.082031
vt 0.644531 0.128906
vt 0.691620 0.086853
vt 0.687042 0.160156
vt 0.901703 0.085999
vt 0.937805 0.011597
vt 0.691925 0.399780
vt 0.988098 0.774078
vt 0.830109 0.986816
vt 0.988098 0.986816
vt 0.042114 0.123413
vt 0.089844 0.077026
vt 0.085144 0.123413
vt 0.298737 0.068542
vt 0.285095 0.123413
vt 0.235992 0.123413
vt 0.127411 0.123413
vt 0.105469 0.187531
vt 0.081757 0.143951
vt 0.112213 0.130066
vt 0.058594 0.203888
vt 0.011108 0.206451
vt 0.045227 0.144653
vt 0.011108 0.175323
vt 0.160156 0.148438
vt 0.141907 0.187531
vt 0.149506 0.222809
vt 0.401031 0.219238
vt 0.449219 0.210297
vt 0.402344 0.339844
vt 0.441406 0.339844
vt 0.451874 0.173126
vt 0.477631 0.209015
vt 0.477905 0.339844
vt 0.477966 0.051208
vt 0.478058 0.090118
vt 0.442688 0.046295
vt 0.039612 0.080353
vt 0.011475 0.123413
vt 0.011383 0.088287
vt 0.105469 0.227570
vt 0.160156 0.261719
vt 0.246033 0.066742
vt 0.185730 0.123413
vt 0.195129 0.070740
vt 0.139465 0.073303
vt 0.151550 0.017517
vt 0.094543 0.024963
vt 0.037079 0.031647
vt 0.011292 0.047516
vt 0.476532 0.175323
vt 0.467194 0.157990
vt 0.408295 0.145752
vt 0.372528 0.132874
vt 0.373901 0.209625
vt 0.324219 0.166351
vt 0.324219 0.187531
vt 0.285156 0.149658
vt 0.285156 0.187531
vt 0.246094 0.149658
vt 0.324097 0.123413
vt 0.335388 0.073059
vt 0.367676 0.123413
vt 0.386108 0.033661
vt 0.420380 0.123413
vt 0.458679 0.123413
vt 0.478180 0.123413
vt 0.204529 0.012421
vt 0.256073 0.004456
vt 0.312347 0.008026
vt 0.346680 0.017059
vt 0.804443 0.765869
vt 0.804443 0.833862
vt 0.761719 0.765869
vt 0.650391 0.833862
vt 0.386719 0.792969
vt 0.496094 0.774872
vt 0.441406 0.833862
vt 0.582031 0.766724
vt 0.554688 0.833862
vt 0.628906 0.768219
vt 0.691406 0.763458
vt 0.803223 0.431763
vt 0.632599 0.212921
vt 0.632599 0.253906
vt 0.498810 0.035156
vt 0.498169 0.092224
vt 0.498169 0.171356
vt 0.498810 0.253906
vt 0.339844 0.833862
vt 0.136719 0.864716
vt 0.168365 0.820129
vt 0.207031 0.871979
vt 0.394531 0.871460
vt 0.398438 0.906158
vt 0.511719 0.855469
vt 0.241211 0.933716
vt 0.262451 0.902557
vt 0.306152 0.906219
vt 0.527344 0.933594
vt 0.652344 0.964844
vt 0.646790 0.938934
vt 0.707031 0.933716
vt 0.804443 0.933594
vt 0.761719 0.855469
vt 0.761719 0.933594
vt 0.707031 0.855469
vt 0.207031 0.933594
vt 0.311523 0.941010
vt 0.402344 0.940857
vt 0.027344 0.863281
vt 0.021484 0.921173
vt 0.066406 0.863281
vt 0.082031 0.925201
vt 0.135742 0.930389
vt 0.171387 0.931976
vt 0.011353 0.817780
vt 0.015625 0.817780
vt 0.011353 0.772278
vt 0.046875 0.818512
vt 0.102570 0.782806
vt 0.119446 0.823761
vt 0.153809 0.793671
vt 0.218597 0.799408
vt 0.628906 0.855469
vt 0.804443 0.855469
vt 0.300781 0.871460
vt 0.292969 0.800781
vt 0.253906 0.871735
vt 0.647003 0.939941
vt 0.535156 0.987732
vt 0.410156 0.987732
vt 0.324219 0.987732
vt 0.253906 0.987732
vt 0.207031 0.987732
vt 0.136719 0.987732
vt 0.082031 0.987732
vt 0.011353 0.987732
vt 0.011353 0.921173
vt 0.011353 0.863281
vt 0.283813 0.836884
vt 0.234924 0.846283
vt 0.144531 0.853424
vt 0.079926 0.843567
vt 0.011353 0.833527
vt 0.582031 0.253906
vt 0.628540 0.184448
vt 0.682953 0.160156
vt 0.805725 0.136505
vt 0.805725 0.437775
vt 0.412720 0.186096
vt 0.380249 0.160461
vt 0.374695 0.177795
vt 0.167969 0.339844
vt 0.389221 0.145233
vt 0.442017 0.161163
vt 0.429596 0.144745
vt 0.406494 0.136017
vt 0.386230 0.193420
vt 0.401886 0.206116
vt 0.425781 0.206940
vt 0.438873 0.199768
vt 0.442749 0.183777
vt 0.121094 0.339844
vt 0.066406 0.339844
vt 0.035156 0.339844
vt 0.011108 0.339844
vt 0.207031 0.149658
vt 0.197906 0.187531
vt 0.324219 0.223511
vt 0.363281 0.339844
vt 0.363281 0.274231
vt 0.207031 0.277344
vt 0.207031 0.339844
vt 0.246094 0.339844
vt 0.246094 0.187531
vt 0.285156 0.225525
vt 0.246094 0.222809
vt 0.285156 0.339844
vt 0.285156 0.277344
vt 0.246094 0.272186
vt 0.202454 0.222809
vt 0.732574 0.141357
vt 0.732574 0.112152
vt 0.805725 0.112152
vt 0.498810 0.262329
vt 0.550781 0.262329
vt 0.582031 0.262329
vt 0.632599 0.262329
s 1
usemtl f_body037.png
f 559/223/448 560/224/449 561/225/450
f 561/225/450 560/224/449 562/226/451
f 561/225/450 562/226/451 563/227/452
f 563/227/452 562/226/451 564/228/453
f 563/227/452 564/228/453 565/229/454
f 565/229/454 564/228/453 566/230/455
f 565/229/454 566/230/455 567/231/456
f 568/232/457 569/233/458 570/234/459
f 571/235/460 572/236/461 573/233/462
f 573/233/462 572/236/461 574/237/463
f 575/238/464 576/239/465 577/240/466
f 577/240/466 576/239/465 578/241/467
f 577/240/466 578/241/467 579/242/468
f 580/243/469 581/244/470 582/245/471
f 582/245/471 581/244/470 583/246/472
f 582/245/471 583/246/472 584/247/473
f 584/247/473 583/246/472 585/248/474
f 584/247/473 585/248/474 586/249/475
f 586/249/475 585/248/474 587/250/476
f 588/233/458 589/232/477 590/235/460
f 590/235/460 589/232/477 591/234/478
f 590/235/460 591/234/478 592/223/479
f 592/223/479 591/234/478 593/251/480
f 592/223/479 593/251/480 594/252/481
f 594/252/481 593/251/480 595/253/482
f 594/252/481 595/253/482 596/254/483
f 596/254/483 595/253/482 597/243/469
f 596/254/483 597/243/469 598/255/484
f 598/255/484 597/243/469 599/245/485
f 598/255/484 599/245/485 600/256/486
f 600/256/486 599/245/485 601/247/473
f 600/256/486 601/247/473 602/257/487
f 602/257/487 601/247/473 603/258/488
f 602/257/487 603/258/488 604/259/489
f 604/259/489 603/258/488 605/249/475
f 604/259/489 605/249/475 606/260/490
f 606/260/490 605/249/475 607/250/476
f 606/260/490 607/250/476 608/261/491
f 609/244/470 610/238/492 611/246/472
f 611/246/472 610/238/492 612/240/493
f 611/246/472 612/240/493 613/248/494
f 613/248/494 612/240/493 579/242/495
f 613/248/494 579/242/495 587/250/476
f 587/250/476 579/242/495 614/262/496
f 587/250/476 614/262/496 615/261/497
f 615/261/497 614/262/496 616/250/498
f 615/261/497 616/250/498 617/260/499
f 617/260/499 616/250/498 618/249/500
f 617/260/499 618/249/500 619/259/501
f 619/259/501 618/249/500 620/258/502
f 619/259/501 620/258/502 621/257/503
f 621/257/503 620/258/502 622/247/504
f 621/257/503 622/247/504 623/256/505
f 623/256/505 622/247/504 624/245/506
f 623/256/505 624/245/506 625/255/507
f 625/255/507 624/245/506 626/243/508
f 625/255/507 626/243/508 627/254/509
f 627/254/509 626/243/508 628/253/510
f 627/254/509 628/253/510 629/252/511
f 629/252/511 628/253/510 630/251/512
f 629/252/511 630/251/512 631/223/513
f 631/223/513 630/251/512 570/234/514
f 631/223/513 570/234/514 632/235/515
f 632/235/515 570/234/514 633/233/462
f 632/235/515 633/233/462 634/236/516
f 634/236/516 633/233/462 635/237/463
f 636/252/517 637/224/518 638/254/519
f 638/254/519 637/224/518 639/263/520
f 638/254/519 639/263/520 640/264/521
f 641/224/522 642/223/448 643/252/481
f 644/265/523 645/266/524 646/267/525
f 646/267/525 647/268/526 648/265/527
f 645/266/524 644/265/523 649/269/528
f 649/269/528 644/265/523 650/270/529
f 649/269/528 650/270/529 651/271/530
f 652/272/531 653/273/532 654/274/533
f 654/274/533 653/273/532 655/275/534
f 656/276/535 657/277/536 658/278/537
f 659/279/538 660/280/539 661/281/540
f 662/273/541 663/278/542 655/275/534
f 655/275/534 663/278/542 664/282/543
f 655/275/534 664/282/543 665/283/544
f 665/283/544 664/282/543 666/275/545
f 665/283/544 666/275/545 667/284/546
f 668/272/547 669/274/548 670/273/549
f 670/273/549 669/274/548 671/275/550
f 670/273/549 671/275/550 672/278/551
f 672/278/551 671/275/550 673/282/552
f 672/278/551 673/282/552 674/276/553
f 674/276/553 673/282/552 675/278/554
f 674/276/553 675/278/554 676/277/555
f 677/279/556 678/285/557 679/280/558
f 679/280/558 678/285/557 680/286/559
f 679/280/558 680/286/559 681/287/560
f 681/287/560 680/286/559 682/288/561
f 681/287/560 682/288/561 683/289/562
f 683/289/562 682/288/561 684/290/563
f 685/291/540 686/292/564 687/293/538
f 688/294/565 689/295/566 690/296/567
f 690/296/567 689/295/566 691/297/568
f 690/296/567 691/297/568 692/298/569
f 693/264/570 694/263/571 695/254/483
f 695/254/483 694/263/571 696/224/522
f 695/254/483 696/224/522 697/252/481
f 698/299/572 699/300/573 700/301/574
f 700/301/574 699/300/573 701/299/575
f 700/301/574 701/299/575 702/298/576
f 702/298/576 701/299/575 703/302/577
f 702/298/576 703/302/577 704/296/578
f 704/296/578 703/302/577 705/303/579
f 704/296/578 705/303/579 706/294/565
f 707/298/580 708/297/581 709/296/567
f 709/296/567 708/297/581 710/295/582
f 709/296/567 710/295/582 711/294/583
f 712/257/487 713/255/484 714/256/486
f 715/254/584 716/255/484 717/264/585
f 717/264/585 716/255/484 718/257/487
f 717/264/585 718/257/487 719/297/568
f 719/297/568 718/257/487 720/259/586
f 719/297/568 720/259/586 721/298/569
f 722/259/587 723/260/490 721/298/569
f 721/298/569 723/260/490 724/261/491
f 721/298/569 724/261/491 725/301/574
f 725/301/574 724/261/491 726/298/588
f 725/301/574 726/298/588 727/299/589
f 727/299/589 726/298/588 728/296/578
f 727/299/589 728/296/578 729/302/590
f 729/302/590 728/296/578 730/294/583
f 729/302/590 730/294/583 731/303/591
f 732/256/505 733/255/507 734/257/592
f 735/304/593 736/305/594 737/306/595
f 737/306/595 738/307/596 739/304/593
f 739/304/593 738/307/596 740/308/597
f 739/304/593 740/308/597 741/309/530
f 741/309/530 740/308/597 742/307/598
f 741/309/530 742/307/598 743/304/599
f 743/304/599 742/307/598 744/306/600
f 743/304/599 744/306/600 745/305/524
f 746/261/491 747/260/601 748/298/580
f 748/298/580 747/260/601 749/259/501
f 748/298/580 749/259/501 750/297/581
f 750/297/581 749/259/501 734/257/602
f 750/297/581 734/257/602 751/264/603
f 751/264/603 734/257/602 752/255/507
f 751/264/603 752/255/507 753/254/509
f 754/231/604 755/230/605 756/229/606
f 756/229/606 755/230/605 757/228/607
f 756/229/606 757/228/607 758/227/608
f 758/227/608 757/228/607 759/226/609
f 758/227/608 759/226/609 760/225/610
f 760/225/610 759/226/609 761/224/518
f 760/225/610 761/224/518 762/223/513
f 762/223/513 761/224/518 763/252/511
f 764/310/611 765/311/612 766/312/613
f 767/312/614 768/313/615 769/310/616
f 769/310/616 768/313/615 770/314/617
f 769/310/616 770/314/617 771/315/604
f 772/316/618 773/317/619 774/318/620
f 774/318/620 773/317/619 775/319/621
f 774/318/620 775/319/621 776/320/622
f 776/320/622 775/319/621 777/321/623
f 776/320/622 777/321/623 778/322/624
f 779/317/625 780/270/529 781/319/626
f 781/319/626 780/270/529 782/265/627
f 781/319/626 782/265/627 783/321/628
f 783/321/628 782/265/627 784/268/526
f 783/321/628 784/268/526 785/323/531
f 786/279/629 787/281/630 788/285/631
f 788/285/631 787/281/630 789/280/632
f 788/285/631 789/280/632 790/286/633
f 790/286/633 789/280/632 791/287/634
f 790/286/633 791/287/634 792/288/635
f 792/288/635 791/287/634 793/289/636
f 792/288/635 793/289/636 794/290/637
f 794/290/637 793/289/636 795/324/638
f 794/290/637 795/324/638 796/289/639
f 797/223/640 798/235/641 799/225/642
f 799/225/642 798/235/641 800/236/516
f 799/225/642 800/236/516 801/227/608
f 801/227/608 800/236/516 802/325/643
f 801/227/608 802/325/643 803/229/644
f 804/293/629 805/292/564 806/291/645
f 806/291/645 805/292/564 807/326/646
f 806/291/645 807/326/646 808/327/647
f 808/327/647 807/326/646 809/328/648
f 810/329/649 811/330/650 812/331/651
f 813/332/652 814/333/653 815/334/654
f 816/330/655 817/335/656 812/331/657
f 818/336/658 819/337/659 820/338/660
f 821/339/661 822/340/662 823/341/663
f 823/341/663 822/340/662 824/342/664
f 820/338/665 825/343/666 826/336/658
f 826/336/658 825/343/666 827/344/667
f 826/336/658 827/344/667 828/345/668
f 829/346/669 830/347/670 831/348/671
f 831/348/671 830/347/670 832/349/672
f 833/346/673 834/350/674 835/347/675
f 835/347/675 834/350/674 836/351/676
f 835/347/675 836/351/676 837/349/677
f 837/349/677 836/351/676 838/352/678
f 839/353/679 840/354/680 841/355/520
f 842/330/655 810/329/649 843/356/681
f 843/356/681 810/329/649 844/357/682
f 843/356/681 844/357/682 845/358/683
f 823/341/684 846/337/685 847/339/686
f 847/339/686 846/337/685 848/336/658
f 847/339/686 848/336/658 849/359/687
f 849/359/687 848/336/658 850/345/668
f 849/359/687 850/345/668 851/360/688
f 852/332/689 815/334/654 853/361/690
f 853/361/690 815/334/654 854/362/691
f 853/361/690 854/362/691 855/363/692
f 855/363/692 854/362/691 856/335/693
f 855/363/692 856/335/693 857/364/694
f 858/365/695 859/330/650 860/366/696
f 860/366/696 859/330/650 861/356/681
f 860/366/696 861/356/681 862/367/697
f 862/367/697 861/356/681 863/358/683
f 862/367/697 863/358/683 864/368/518
f 865/369/698 866/351/662 867/370/699
f 867/370/699 866/351/662 868/350/700
f 867/370/699 868/350/700 869/371/701
f 869/371/701 868/350/700 870/346/669
f 869/371/701 870/346/669 871/372/702
f 871/372/702 870/346/669 872/373/703
f 871/372/702 872/373/703 873/374/704
f 873/374/704 872/373/703 874/375/705
f 873/374/704 874/375/705 875/376/706
f 875/376/706 874/375/705 876/377/707
f 875/376/706 876/377/707 877/378/708
f 814/333/709 878/332/689 879/379/710
f 879/379/710 878/332/689 880/380/711
f 879/379/710 880/380/711 881/381/712
f 881/381/712 880/380/711 882/382/521
f 881/381/712 882/382/521 883/383/713
f 883/383/713 882/382/521 884/355/520
f 883/383/713 884/355/520 885/384/714
f 885/384/714 884/355/520 886/354/683
f 885/384/714 886/354/683 887/385/715
f 856/335/693 811/330/716 857/364/694
f 857/364/694 811/330/716 888/365/717
f 857/364/694 888/365/717 855/363/692
f 855/363/692 888/365/717 889/386/718
f 855/363/692 889/386/718 890/361/719
f 890/361/719 889/386/718 891/387/583
f 890/361/719 891/387/583 813/332/652
f 813/332/652 891/387/583 892/388/720
f 813/332/652 892/388/720 893/380/711
f 893/380/711 892/388/720 894/389/581
f 893/380/711 894/389/581 895/382/603
f 896/250/721 897/262/496 898/242/722
f 899/390/723 900/391/724 901/392/725
f 901/392/725 900/391/724 902/393/726
f 903/245/727 904/247/728 905/246/729
f 906/243/730 907/245/727 908/244/731
f 908/244/731 907/245/727 909/246/729
f 908/244/731 909/246/729 910/238/732
f 911/394/733 912/395/734 913/396/735
f 913/396/735 912/395/734 914/397/736
f 913/396/735 914/397/736 915/398/737
f 915/398/737 914/397/736 916/399/738
f 915/398/737 916/399/738 917/393/739
f 917/393/739 916/399/738 918/400/740
f 917/393/739 918/400/740 919/392/741
f 920/249/742 921/250/498 922/248/743
f 922/248/743 921/250/498 898/242/468
f 922/248/743 898/242/468 923/240/744
f 923/240/744 898/242/468 924/241/467
f 923/240/744 924/241/467 925/239/745
f 926/258/746 927/249/500 928/247/504
f 928/247/504 927/249/500 929/248/747
f 928/247/504 929/248/747 905/246/729
f 905/246/729 929/248/747 930/240/744
f 905/246/729 930/240/744 931/238/748
f 931/238/748 930/240/744 925/239/745
f 932/236/749 933/401/750 934/325/643
f 935/321/548 936/320/751 937/322/752
f 938/323/753 939/268/754 940/321/755
f 940/321/755 939/268/754 941/267/756
f 942/267/756 943/265/757 944/321/758
f 944/321/758 943/265/757 945/319/759
f 944/321/758 945/319/759 946/320/751
f 946/320/751 945/319/759 947/318/760
f 946/320/751 947/318/760 948/402/546
f 948/402/546 947/318/760 949/403/761
f 941/267/762 950/266/594 951/265/757
f 951/265/757 950/266/594 952/269/763
f 951/265/757 952/269/763 953/270/764
f 953/270/764 952/269/763 954/271/530
f 953/270/764 954/271/530 955/404/573
f 955/404/573 954/271/530 956/270/765
f 955/404/573 956/270/765 957/405/467
f 957/405/467 956/270/765 958/317/766
f 957/405/467 958/317/766 959/406/767
f 959/406/767 958/317/766 960/316/768
f 959/406/767 960/316/768 961/407/769
f 962/325/770 963/401/750 964/236/771
f 965/229/772 966/325/770 967/227/452
f 967/227/452 966/325/770 968/236/461
f 967/227/452 968/236/461 969/225/773
f 969/225/773 968/236/461 970/235/774
f 969/225/773 970/235/774 971/223/775
f 972/312/776 973/311/777 974/313/778
f 975/311/777 976/310/779 977/313/780
f 977/313/780 976/310/779 978/315/456
f 977/313/780 978/315/456 979/314/781
f 980/292/564 981/291/540 982/326/646
f 982/326/646 981/291/540 983/327/782
f 982/326/646 983/327/782 984/328/783
f 985/319/784 986/265/785 987/270/764
f 988/353/786 989/355/571 990/354/787
f 991/341/788 992/336/789 993/337/790
f 993/337/790 992/336/789 994/338/791
f 995/351/792 996/350/793 997/347/794
f 997/347/794 996/350/793 998/346/795
f 999/342/796 1000/340/797 1001/339/798
f 1002/345/799 1003/344/800 1004/336/801
f 1004/336/801 1003/344/800 1005/343/802
f 1004/336/801 1005/343/802 1006/338/803
f 1007/346/804 1008/348/805 1009/347/806
f 1009/347/806 1008/348/805 1010/349/807
f 1009/347/806 1010/349/807 1011/351/792
f 1011/351/792 1010/349/807 1012/352/808
f 1013/331/809 1014/330/810 1015/356/811
f 1016/358/812 1017/357/813 1018/356/814
f 1018/356/814 1017/357/813 1019/329/815
f 1018/356/814 1019/329/815 1020/331/816
f 1021/360/817 1022/345/799 1023/359/818
f 1023/359/818 1022/345/799 1024/336/801
f 1023/359/818 1024/336/801 1025/339/798
f 1025/339/798 1024/336/801 1026/341/819
f 1025/339/798 1026/341/819 1027/342/820
f 1028/368/522 1029/358/812 1030/367/821
f 1030/367/821 1029/358/812 1031/356/811
f 1030/367/821 1031/356/811 1032/366/822
f 1032/366/822 1031/356/811 1033/330/823
f 1032/366/822 1033/330/823 1034/365/824
f 1035/378/825 1036/377/826 1037/376/827
f 1037/376/827 1036/377/826 1038/375/828
f 1037/376/827 1038/375/828 1039/374/829
f 1039/374/829 1038/375/828 1040/373/830
f 1039/374/829 1040/373/830 1041/372/831
f 1041/372/831 1040/373/830 1042/346/804
f 1041/372/831 1042/346/804 1043/371/832
f 1043/371/832 1042/346/804 1044/350/833
f 1043/371/832 1044/350/833 1045/370/834
f 1045/370/834 1044/350/833 1046/351/797
f 1045/370/834 1046/351/797 1047/369/796
f 1048/385/835 1049/354/812 1050/384/836
f 1050/384/836 1049/354/812 1051/355/571
f 1050/384/836 1051/355/571 1052/383/837
f 1052/383/837 1051/355/571 1053/382/585
f 1052/383/837 1053/382/585 1054/381/838
f 1054/381/838 1053/382/585 1055/380/839
f 1054/381/838 1055/380/839 1056/379/840
f 1056/379/840 1055/380/839 1057/332/841
f 1056/379/840 1057/332/841 1058/333/842
f 1058/333/842 1057/332/841 1059/361/843
f 1058/333/842 1059/361/843 1060/334/844
f 1060/334/844 1059/361/843 1061/363/845
f 1060/334/844 1061/363/845 1062/362/846
f 1062/362/846 1061/363/845 1063/364/847
f 1062/362/846 1063/364/847 1064/335/848
f 1065/382/585 1066/389/568 1067/380/839
f 1067/380/839 1066/389/568 1068/388/849
f 1067/380/839 1068/388/849 1069/332/850
f 1069/332/850 1068/388/849 1070/387/565
f 1069/332/850 1070/387/565 1071/361/843
f 1071/361/843 1070/387/565 1072/386/780
f 1071/361/843 1072/386/780 1073/363/845
f 1073/363/845 1072/386/780 1034/365/824
f 1073/363/845 1034/365/824 1074/364/847
f 1074/364/847 1034/365/824 1033/330/823
f 1074/364/847 1033/330/823 1075/335/851
f 1075/335/851 1033/330/823 1020/331/816
f 1076/394/852 1077/408/853 1078/396/854
f 1079/393/855 1080/397/856 1081/398/857
f 1081/398/857 1080/397/856 1082/395/858
f 1081/398/857 1082/395/858 1083/396/859
f 1083/396/859 1082/395/858 1084/394/852
f 1085/258/860 1086/247/473 1087/249/475
f 1088/409/861 1089/410/862 1090/411/863
f 1091/412/864 1092/413/865 1093/414/866
f 1094/415/867 1095/416/868 1096/417/869
f 1097/413/870 1098/414/871 1099/418/872
f 1100/419/873 1101/420/874 1102/421/875
f 1103/422/876 1104/423/877 1105/424/878
f 1105/424/878 1104/423/877 1106/425/879
f 1105/424/878 1106/425/879 1107/421/880
f 1090/411/863 1095/416/868 1108/426/881
f 1094/415/867 1096/417/869 1109/427/882
f 1109/427/882 1096/417/869 1097/413/870
f 1109/427/882 1097/413/870 1110/428/883
f 1110/428/883 1097/413/870 1099/418/872
f 1111/429/884 1112/430/885 1113/431/886
f 1113/431/886 1112/430/885 1114/432/887
f 1113/431/886 1114/432/887 1115/409/888
f 1115/409/888 1114/432/887 1116/433/889
f 1115/409/888 1116/433/889 1117/411/625
f 1116/433/889 1118/434/890 1117/411/625
f 1117/411/625 1118/434/890 1119/426/891
f 1117/411/625 1119/426/891 1120/416/892
f 1120/416/892 1119/426/891 1121/415/893
f 1120/416/892 1121/415/893 1122/417/894
f 1122/417/894 1121/415/893 1123/427/895
f 1122/417/894 1123/427/895 1092/413/865
f 1124/435/896 1125/436/897 1126/437/898
f 1126/437/898 1125/436/897 1127/438/899
f 1126/437/898 1127/438/899 1128/439/900
f 1128/439/900 1127/438/899 1129/440/901
f 1128/439/900 1129/440/901 1130/441/902
f 1130/441/902 1129/440/901 1131/410/903
f 1130/441/902 1131/410/903 1132/442/904
f 1089/410/862 1088/409/861 1133/440/905
f 1133/440/905 1088/409/861 1134/431/906
f 1133/440/905 1134/431/906 1135/438/907
f 1135/438/907 1134/431/906 1136/429/908
f 1135/438/907 1136/429/908 1137/436/909
f 1138/443/910 1139/399/911 1140/425/912
f 1140/425/912 1139/399/911 1141/400/913
f 1140/425/912 1141/400/913 1142/423/914
f 1142/423/914 1141/400/913 1143/392/915
f 1142/423/914 1143/392/915 1144/444/916
f 1145/397/917 1098/414/871 1146/395/918
f 1146/395/918 1098/414/871 1147/412/919
f 1146/395/918 1147/412/919 1148/394/920
f 1148/394/920 1147/412/919 1149/445/921
f 1148/394/920 1149/445/921 1150/446/922
f 1150/446/922 1149/445/921 1151/447/923
f 1150/446/922 1151/447/923 1152/442/924
f 1153/420/874 1154/443/910 1102/421/875
f 1102/421/875 1154/443/910 1140/425/912
f 1102/421/875 1140/425/912 1155/424/925
f 1155/424/925 1140/425/912 1142/423/914
f 1155/424/925 1142/423/914 1156/422/876
f 1156/422/876 1142/423/914 1144/444/916
f 1156/422/876 1144/444/916 1157/423/877
f 1092/413/865 1091/412/864 1122/417/894
f 1122/417/894 1091/412/864 1158/445/926
f 1122/417/894 1158/445/926 1120/416/892
f 1120/416/892 1158/445/926 1159/447/927
f 1120/416/892 1159/447/927 1117/411/625
f 1108/426/881 1160/434/928 1090/411/863
f 1090/411/863 1160/434/928 1161/433/929
f 1090/411/863 1161/433/929 1088/409/861
f 1088/409/861 1161/433/929 1162/432/930
f 1088/409/861 1162/432/930 1134/431/906
f 1134/431/906 1162/432/930 1163/430/931
f 1134/431/906 1163/430/931 1136/429/908
f 1123/427/895 1164/428/932 1092/413/865
f 1092/413/865 1164/428/932 1165/418/933
f 1092/413/865 1165/418/933 1093/414/866
f 1093/414/866 1165/418/933 1166/448/934
f 1093/414/866 1166/448/934 1167/443/935
f 1168/418/936 1169/449/937 1110/428/883
f 1110/428/883 1169/449/937 1170/450/938
f 1110/428/883 1170/450/938 1109/427/882
f 1109/427/882 1170/450/938 1171/451/939
f 1109/427/882 1171/451/939 1172/415/867
f 1172/415/867 1171/451/939 1173/452/940
f 1172/415/867 1173/452/940 1174/453/941
f 1175/417/942 1119/426/891 1176/453/943
f 1176/453/943 1119/426/891 1118/434/890
f 1176/453/943 1118/434/890 1177/454/944
f 1177/454/944 1118/434/890 1116/433/889
f 1177/454/944 1116/433/889 1178/455/945
f 1178/455/945 1116/433/889 1114/432/887
f 1178/455/945 1114/432/887 1179/456/946
f 1179/456/946 1114/432/887 1112/430/885
f 1179/456/946 1112/430/885 1180/457/947
f 1180/457/947 1112/430/885 1111/429/884
f 1180/457/947 1111/429/884 1181/458/948
f 1182/408/853 1183/394/949 1184/459/950
f 1184/459/950 1183/394/949 1185/446/951
f 1184/459/950 1185/446/951 1186/460/952
f 1186/460/952 1185/446/951 1187/442/953
f 1186/460/952 1187/442/953 1188/461/954
f 1188/461/954 1187/442/953 1189/441/955
f 1188/461/954 1189/441/955 1190/462/956
f 1190/462/956 1189/441/955 1191/439/957
f 1190/462/956 1191/439/957 1192/463/958
f 1193/396/959 1194/408/960 1195/394/961
f 1195/394/961 1194/408/960 1196/459/962
f 1195/394/961 1196/459/962 1197/446/963
f 1197/446/963 1196/459/962 1198/460/964
f 1197/446/963 1198/460/964 1199/442/904
f 1199/442/904 1198/460/964 1200/461/965
f 1199/442/904 1200/461/965 1201/441/902
f 1201/441/902 1200/461/965 1202/462/966
f 1201/441/902 1202/462/966 1203/439/900
f 1203/439/900 1202/462/966 1192/463/958
f 1203/439/900 1192/463/958 1204/437/898
f 1204/437/898 1192/463/958 1191/439/957
f 1205/416/967 1094/415/968 1108/426/881
f 1108/426/881 1094/415/968 1174/453/969
f 1108/426/881 1174/453/969 1160/434/928
f 1160/434/928 1174/453/969 1206/454/970
f 1160/434/928 1206/454/970 1161/433/929
f 1161/433/929 1206/454/970 1207/455/971
f 1161/433/929 1207/455/971 1162/432/930
f 1162/432/930 1207/455/971 1208/456/946
f 1162/432/930 1208/456/946 1163/430/931
f 1163/430/931 1208/456/946 1180/457/947
f 1163/430/931 1180/457/947 1136/429/908
f 1136/429/908 1180/457/947 1181/458/948
f 1136/429/908 1181/458/948 1137/436/909
f 1209/453/972 1210/452/973 1121/415/893
f 1121/415/893 1210/452/973 1211/451/974
f 1121/415/893 1211/451/974 1123/427/895
f 1123/427/895 1211/451/974 1212/450/975
f 1123/427/895 1212/450/975 1164/428/932
f 1164/428/932 1212/450/975 1213/449/976
f 1164/428/932 1213/449/976 1165/418/933
f 1165/418/933 1213/449/976 1214/419/977
f 1165/418/933 1214/419/977 1166/448/934
f 1166/448/934 1214/419/977 1107/421/880
f 1166/448/934 1107/421/880 1215/443/935
f 1215/443/935 1107/421/880 1106/425/879
f 1098/414/871 1097/413/870 1147/412/919
f 1147/412/919 1097/413/870 1096/417/869
f 1147/412/919 1096/417/869 1149/445/921
f 1149/445/921 1096/417/869 1095/416/868
f 1149/445/921 1095/416/868 1151/447/923
f 1151/447/923 1095/416/868 1090/411/863
f 1151/447/923 1090/411/863 1152/442/924
f 1152/442/924 1090/411/863 1089/410/862
f 1152/442/924 1089/410/862 1216/441/955
f 1216/441/955 1089/410/862 1133/440/905
f 1216/441/955 1133/440/905 1217/439/957
f 1217/439/957 1133/440/905 1135/438/907
f 1217/439/957 1135/438/907 1126/437/898
f 1126/437/898 1135/438/907 1137/436/909
f 1126/437/898 1137/436/909 1124/435/896
f 1124/435/896 1137/436/909 1181/458/948
f 1124/435/896 1181/458/948 1125/436/897
f 1125/436/897 1181/458/948 1111/429/884
f 1125/436/897 1111/429/884 1127/438/899
f 1127/438/899 1111/429/884 1113/431/886
f 1127/438/899 1113/431/886 1129/440/901
f 1129/440/901 1113/431/886 1115/409/888
f 1129/440/901 1115/409/888 1131/410/903
f 1131/410/903 1115/409/888 1117/411/625
f 1131/410/903 1117/411/625 1132/442/904
f 1132/442/904 1117/411/625 1159/447/927
f 1132/442/904 1159/447/927 1218/446/978
f 1218/446/978 1159/447/927 1158/445/926
f 1218/446/978 1158/445/926 1219/394/979
f 1219/394/979 1158/445/926 1091/412/864
f 1219/394/979 1091/412/864 1220/395/980
f 1220/395/980 1091/412/864 1093/414/866
f 1220/395/980 1093/414/866 1221/397/736
f 1221/397/736 1093/414/866 1167/443/935
f 1221/397/736 1167/443/935 1222/399/738
f 1222/399/738 1167/443/935 1106/425/981
f 1222/399/738 1106/425/981 1223/400/740
f 1223/400/740 1106/425/981 1157/423/877
f 1223/400/740 1157/423/877 1224/392/725
f 1224/392/725 1157/423/877 1144/444/916
f 1224/392/725 1144/444/916 1225/390/982
f 1225/390/982 1144/444/916 1143/392/915
f 1225/390/982 1143/392/915 1226/391/724
f 1226/391/724 1143/392/915 1141/400/913
f 1226/391/724 1141/400/913 1227/393/983
f 1227/393/983 1141/400/913 1139/399/911
f 1227/393/983 1139/399/911 1145/397/917
f 1145/397/917 1139/399/911 1138/443/910
f 1145/397/917 1138/443/910 1098/414/871
f 1098/414/871 1138/443/910 1101/420/874
f 1098/414/871 1101/420/874 1099/418/872
f 1099/418/872 1101/420/874 1100/419/873
f 1099/418/872 1100/419/873 1228/449/984
f 1229/402/985 1230/403/986 1231/318/620
f 1231/318/620 1230/403/986 1232/464/987
f 1231/318/620 1232/464/987 1233/316/988
f 1234/318/620 1235/320/622 1236/465/985
f 1236/465/985 1235/320/622 1237/466/534
f 1238/465/546 1239/466/989 1240/320/990
f 1241/318/991 1242/319/784 1243/317/863
f 1243/317/863 1242/319/784 1244/270/992
f 1243/317/863 1244/270/992 1245/405/993
f 1245/405/993 1244/270/992 1246/404/573
f 1247/284/546 1248/467/994 1249/283/544
f 1249/283/544 1248/467/994 1250/284/985
f 1249/283/544 1250/284/985 1251/275/995
f 1252/405/467 1253/406/996 1254/317/997
f 1254/317/997 1253/406/996 1255/316/998
f 1254/317/997 1255/316/998 1256/318/760
f 1256/318/760 1255/316/998 1257/464/999
f 1256/318/760 1257/464/999 1258/403/761
f 1259/468/1000 1260/276/535 1261/277/555
f 1262/236/461 1263/401/750 1264/237/463
f 1264/237/463 1263/401/750 1265/236/516
f 1260/276/535 1259/468/1000 1266/277/536
f 1267/469/1001 1268/470/1002 1269/471/1003
f 1270/360/688 1271/472/1004 1272/359/1005
f 1268/470/1002 1267/469/1001 1273/473/1006
f 1274/474/1007 1275/475/1008 1267/469/1001
f 1267/469/1001 1275/475/1008 1276/476/1009
f 1267/469/1001 1276/476/1009 1273/473/1006
f 1269/471/1003 1277/477/1010 1267/469/1001
f 1267/469/1001 1277/477/1010 1278/478/1011
f 1267/469/1001 1278/478/1011 1279/479/1012
f 1279/479/1012 1280/480/1013 1267/469/1001
f 1267/469/1001 1280/480/1013 1281/481/1014
f 1267/469/1001 1281/481/1014 1274/474/1007
f 1282/472/1004 1283/482/1015 1284/359/687
f 1284/359/687 1283/482/1015 1285/483/1016
f 1284/359/687 1285/483/1016 1286/339/686
f 1286/339/686 1285/483/1016 1287/484/1017
f 1286/339/686 1287/484/1017 1288/340/676
f 1288/340/676 1287/484/1017 1289/485/1018
f 1290/486/1019 1291/487/1020 1292/343/1021
f 1293/488/1022 1294/375/705 1295/373/1023
f 1296/489/1024 1297/346/669 1298/348/671
f 1299/490/1025 1295/373/1023 1297/346/669
f 1300/360/1026 1301/345/1027 1302/491/1028
f 1303/472/1029 1300/360/1026 1304/492/1030
f 1304/492/1030 1300/360/1026 1302/491/1028
f 1304/492/1030 1302/491/1028 1305/493/1031
f 1291/487/1020 1290/486/1019 1306/494/1032
f 1306/494/1032 1290/486/1019 1307/378/1033
f 1306/494/1032 1307/378/1033 1308/377/707
f 1294/375/705 1293/488/1022 1308/377/707
f 1308/377/707 1293/488/1022 1309/495/1034
f 1308/377/707 1309/495/1034 1306/494/1032
f 1306/494/1032 1309/495/1034 1310/496/1035
f 1306/494/1032 1310/496/1035 1291/487/1020
f 1297/346/669 1296/489/1024 1299/490/1025
f 1299/490/1025 1296/489/1024 1311/497/1036
f 1299/490/1025 1311/497/1036 1312/498/1037
f 1312/498/1037 1311/497/1036 1305/493/1031
f 1312/498/1037 1305/493/1031 1313/499/1038
f 1313/499/1038 1305/493/1031 1302/491/1028
f 1313/499/1038 1302/491/1028 1314/500/1039
f 1314/500/1039 1302/491/1028 1301/345/1027
f 1314/500/1039 1301/345/1027 1315/344/1040
f 1295/373/1023 1299/490/1025 1293/488/1022
f 1293/488/1022 1299/490/1025 1312/498/1037
f 1293/488/1022 1312/498/1037 1309/495/1034
f 1309/495/1034 1312/498/1037 1313/499/1038
f 1309/495/1034 1313/499/1038 1310/496/1035
f 1310/496/1035 1313/499/1038 1314/500/1039
f 1310/496/1035 1314/500/1039 1291/487/1020
f 1291/487/1020 1314/500/1039 1315/344/1040
f 1291/487/1020 1315/344/1040 1292/343/1021
f 1316/469/1041 1317/476/1042 1318/475/1043
f 1319/484/1044 1320/340/792 1321/485/1045
f 1317/476/1042 1316/469/1041 1322/473/1046
f 1323/480/1047 1324/479/1048 1316/469/1041
f 1316/469/1041 1324/479/1048 1325/478/1049
f 1316/469/1041 1325/478/1049 1326/477/1050
f 1318/475/1043 1327/474/1051 1316/469/1041
f 1316/469/1041 1327/474/1051 1328/481/1052
f 1316/469/1041 1328/481/1052 1323/480/1047
f 1326/477/1050 1329/471/1053 1316/469/1041
f 1316/469/1041 1329/471/1053 1330/470/1054
f 1316/469/1041 1330/470/1054 1322/473/1046
f 1331/359/1055 1332/472/1056 1333/360/817
f 1334/340/792 1335/484/1044 1336/339/1057
f 1336/339/1057 1335/484/1044 1337/483/1058
f 1336/339/1057 1337/483/1058 1338/359/818
f 1338/359/818 1337/483/1058 1339/482/1059
f 1338/359/818 1339/482/1059 1340/472/1056
f 1341/491/1060 1342/492/1061 1343/493/1062
f 1344/472/1063 1342/492/1061 1345/360/1064
f 1345/360/1064 1342/492/1061 1341/491/1060
f 1345/360/1064 1341/491/1060 1346/345/1065
f 1347/377/826 1348/378/1066 1349/494/1067
f 1349/494/1067 1348/378/1066 1350/486/1068
f 1349/494/1067 1350/486/1068 1351/487/1069
f 1351/487/1069 1350/486/1068 1352/343/1070
f 1351/487/1069 1353/496/1071 1349/494/1067
f 1349/494/1067 1353/496/1071 1354/495/1072
f 1349/494/1067 1354/495/1072 1347/377/826
f 1347/377/826 1354/495/1072 1355/488/1073
f 1347/377/826 1355/488/1073 1356/375/828
f 1356/375/828 1355/488/1073 1357/373/1074
f 1358/344/1075 1346/345/1065 1359/500/1076
f 1359/500/1076 1346/345/1065 1341/491/1060
f 1359/500/1076 1341/491/1060 1360/499/1077
f 1360/499/1077 1341/491/1060 1343/493/1062
f 1360/499/1077 1343/493/1062 1361/498/1078
f 1361/498/1078 1343/493/1062 1362/497/1079
f 1361/498/1078 1362/497/1079 1363/490/590
f 1363/490/590 1362/497/1079 1364/489/1080
f 1363/490/590 1364/489/1080 1365/346/795
f 1365/346/795 1364/489/1080 1366/348/805
f 1352/343/1070 1358/344/1075 1351/487/1069
f 1351/487/1069 1358/344/1075 1359/500/1076
f 1351/487/1069 1359/500/1076 1353/496/1071
f 1353/496/1071 1359/500/1076 1360/499/1077
f 1353/496/1071 1360/499/1077 1354/495/1072
f 1354/495/1072 1360/499/1077 1361/498/1078
f 1354/495/1072 1361/498/1078 1355/488/1073
f 1355/488/1073 1361/498/1078 1363/490/590
f 1355/488/1073 1363/490/590 1357/373/1074
f 1357/373/1074 1363/490/590 1365/346/795
f 1367/467/994 1368/284/546 1369/501/761
f 1370/467/994 1371/501/986 1372/284/985
f 1373/406/767 1374/407/1081 1375/316/998
f 1376/467/994 1377/501/1082 1378/502/1083
f 1378/502/1083 1379/503/1084 1376/467/994
f 1376/467/994 1379/503/1084 1380/502/1085
f 1376/467/994 1380/502/1085 1381/501/1086
f 1382/504/1087 1383/316/768 1384/505/1088
f 1384/505/1088 1383/316/768 1385/464/1089
f 1384/505/1088 1385/464/1089 1386/506/1090
f 1386/506/1090 1385/464/1089 1387/403/986
f 1386/506/1090 1387/403/986 1388/507/1091
f 1389/507/1092 1390/403/761 1391/506/1093
f 1391/506/1093 1390/403/761 1392/464/1094
f 1391/506/1093 1392/464/1094 1393/505/1095
f 1393/505/1095 1392/464/1094 1394/316/998
f 1393/505/1095 1394/316/998 1382/504/1087
f 1382/504/1087 1394/316/998 1395/407/1081
f 1382/504/1087 1395/407/1081 1383/316/768
o editpl_f-0000-5
v -6.690241 -0.121919 -8.080645
v -10.774754 -3.683207 -10.485612
v -11.256219 -0.458798 -6.997076
v 19.332655 -22.102442 -10.947933
v 20.777048 -8.948136 -1.391412
v 23.316643 -21.977316 -6.900386
v 12.097459 -7.937500 10.026624
v 7.790732 -4.263919 9.467613
v 5.520970 -8.723550 11.970380
v 0.000000 -3.439371 -12.577178
v 2.044902 0.279127 -9.624314
v 5.491871 -3.542038 -11.775892
v 0.000000 -9.224055 10.786790
v 5.415154 -13.876187 9.184219
v 9.743044 -7.700080 9.175328
v 10.772109 -12.454881 8.558528
v -23.316643 -21.977316 -6.900386
v -20.777048 -8.948136 -1.391412
v -19.332655 -22.102442 -10.947933
v -5.520970 -8.723550 11.970380
v 0.000000 -9.175929 12.793892
v 0.000000 -5.297013 11.641419
v 4.613595 -4.825383 11.270227
v -5.491871 -3.542038 -11.775892
v 6.071216 -13.260181 12.587181
v 0.000000 -13.507225 12.930589
v 0.000000 -24.598551 13.621851
v -6.071216 -13.260181 12.587181
v -6.081797 -24.807095 12.647195
v -13.253503 -25.429520 11.333576
v -20.777048 -8.948136 -1.391412
v -18.769182 -10.231483 6.385833
v -17.935879 -5.919437 5.581213
v -12.097459 -7.937500 10.026624
v -13.367256 -3.150616 7.745016
v -12.086878 -8.284005 -12.458262
v -16.996758 -8.559925 -7.631658
v -14.732287 -4.145212 -6.355825
v -19.007271 -4.719508 -0.991327
v -15.629081 -1.376390 -2.517214
v -16.226944 -2.419109 4.110893
v 0.000000 -22.586908 -18.255075
v 6.166450 -8.245505 -14.626511
v 12.795847 -22.124903 -16.045708
v 12.086878 -8.284005 -12.458262
v 19.332655 -22.102442 -10.947933
v 16.996758 -8.559925 -7.631658
v 20.777048 -8.948136 -1.391412
v -4.065995 0.279127 -9.040854
v -5.491871 -3.542038 -11.775892
v -2.044902 0.279127 -9.624314
v 0.000000 -3.439371 -12.577178
v 0.000000 0.279127 -8.989731
v 0.000000 -5.297013 11.641419
v -4.613595 -4.825383 11.270227
v -5.520970 -8.723550 11.970380
v -7.790732 -4.263919 9.467613
v -12.097459 -7.937500 10.026624
v -10.740364 -3.596579 8.652992
v 4.065995 0.279127 -9.040854
v 5.491871 -3.542038 -11.775892
v 6.695532 -0.118711 -8.184001
v 10.774754 -3.683207 -10.485612
v 11.261510 -0.455589 -7.101543
v 14.732287 -4.145212 -6.355825
v 15.629081 -1.376390 -2.517214
v 19.007271 -4.719508 -0.991327
v 16.226944 -2.419109 4.110893
v 17.935879 -5.919437 5.581213
v 13.367256 -3.150616 7.745016
v 12.097459 -7.937500 10.026624
v 10.740364 -3.596579 8.652992
v -20.777048 -8.948136 -1.391412
v -12.086878 -8.284005 -12.458262
v -12.795847 -22.124903 -16.045708
v -6.166450 -8.245505 -14.626511
v 0.000000 -22.586908 -18.255075
v 0.000000 -8.290421 -15.607835
v 6.166450 -8.245505 -14.626511
v -6.166450 -8.245505 -14.626511
v 10.774754 -3.683207 -10.485612
v 12.086878 -8.284005 -12.458262
v 14.732287 -4.145212 -6.355825
v 19.007271 -4.719508 -0.991327
v 17.935879 -5.919437 5.581213
v 18.769182 -10.231483 6.385833
v 12.478398 -12.426005 11.026842
v 5.520970 -8.723550 11.970380
v 6.071216 -13.260181 12.587181
v 0.000000 -9.175929 12.793892
v 0.000000 -13.507225 12.930589
v -5.520970 -8.723550 11.970380
v -6.071216 -13.260181 12.587181
v -12.478398 -12.426005 11.026842
v -18.769182 -10.231483 6.385833
v -17.126383 -13.741436 8.564084
v -0.849177 -23.167620 -6.853710
v -1.489366 -23.918379 4.570995
v -1.103136 -24.239216 -5.857938
v 1.489366 -23.918379 4.570995
v 0.849177 -23.167620 -6.853710
v 1.103136 -24.239216 -5.857938
v -9.250998 -23.475622 10.495616
v -3.851717 -23.822126 8.382935
v -4.063350 -21.749521 7.909498
v -14.459810 -22.830742 9.667658
v -9.653100 -18.008566 9.267570
v -4.063350 -21.749521 7.909498
v -4.571268 -19.638416 7.418281
v -15.052382 -3.888541 4.110893
v -17.880325 -9.021929 -3.229590
v -18.060213 -9.243306 4.894397
v 0.000000 -22.282110 -0.799061
v 0.849177 -23.167620 -6.853710
v 1.722162 -21.983732 4.873282
v 1.489366 -23.918379 4.570995
v 4.063350 -21.749521 7.909498
v 3.851717 -23.822126 8.382935
v 9.250998 -23.475622 10.495616
v 0.000000 -24.598551 13.621851
v 6.081797 -24.807095 12.647195
v 6.071216 -13.260181 12.587181
v 13.253503 -25.429520 11.333576
v 12.478398 -12.426005 11.026842
v 17.126383 -13.741436 8.564084
v 18.769182 -10.231483 6.385833
v -1.489366 -23.918379 4.570995
v -0.849177 -23.167620 -6.853710
v -1.722162 -21.983732 4.873282
v 0.000000 -22.282110 -0.799061
v 0.000000 -22.471403 4.212028
v 1.722162 -21.983732 4.873282
v 4.571268 -19.638416 7.418281
v 4.063350 -21.749521 7.909498
v 9.653100 -18.008566 9.267570
v 9.250998 -23.475622 10.495616
v 14.459810 -22.830742 9.667658
v -1.489366 -23.918379 4.570995
v -1.722162 -21.983732 4.873282
v -4.571268 -19.638416 7.418281
v 0.000000 -22.471403 4.212028
v 0.000000 -20.588093 7.473847
v 4.571268 -19.638416 7.418281
v 5.415154 -13.876187 9.184219
v 8.949421 -15.281452 8.921940
v 10.772109 -12.454881 8.558528
v 14.480973 -11.883791 8.468508
v 9.743044 -7.700080 9.175328
v 15.052382 -3.888541 4.110893
v 13.443973 -25.923609 -10.394479
v 5.177067 -25.111891 -12.279333
v 5.595042 -20.754930 -14.720975
v 0.000000 -20.870428 -9.959940
v 0.000000 -15.923128 -14.693192
v -5.595042 -20.754930 -14.720975
v -8.190189 -15.493207 -15.267761
v -13.573598 -20.908932 -12.852791
v -14.205851 -15.268620 -12.820563
v -17.774509 -18.961451 -6.375829
v -17.406797 -14.578822 -7.548306
v -18.824736 -13.625936 -2.239375
v -17.880325 -9.021929 -3.229590
v -18.750666 -12.865553 4.414294
v -18.060213 -9.243306 4.894397
v -14.480973 -11.883791 8.468508
v -15.052382 -3.888541 4.110893
v -9.743044 -7.700080 9.175328
v 0.000000 -9.224055 10.786790
v 0.000000 -14.665446 9.580972
v 5.415154 -13.876187 9.184219
v 0.000000 -14.665446 9.580972
v 0.000000 -9.224055 10.786790
v -5.415154 -13.876187 9.184219
v -9.743044 -7.700080 9.175328
v -10.772109 -12.454881 8.558528
v -14.480973 -11.883791 8.468508
v -8.949421 -15.281452 8.921940
v -13.253503 -25.429520 11.333576
v -12.478398 -12.426005 11.026842
v -17.126383 -13.741436 8.564084
v -12.478398 -12.426005 11.026842
v -13.253503 -25.429520 11.333576
v -6.071216 -13.260181 12.587181
v 0.000000 -9.073264 -13.108403
v -8.957358 -9.374850 -13.539608
v -8.084372 -5.576143 -11.227996
v -12.221793 -9.265766 -11.147977
v -12.801138 -4.020084 -7.862820
v -17.880325 -9.021929 -3.229590
v -15.137035 -2.297191 -2.790606
v -15.052382 -3.888541 4.110893
v 0.000000 -19.689751 -8.008405
v 0.849177 -23.167620 -6.853710
v 0.000000 -22.282110 -0.799061
v 0.000000 -19.689751 -8.008405
v 0.000000 -20.870428 -9.959940
v 0.849177 -23.167620 -6.853710
v 5.177067 -25.111891 -12.279333
v 1.103136 -24.239216 -5.857938
v 19.922581 -21.810480 -1.209150
v 17.774509 -18.961451 -6.375829
v 18.724211 -13.625936 -2.239375
v 17.406797 -14.578822 -7.548306
v 19.232130 -9.021929 -1.957091
v 13.708514 -9.265766 -11.147977
v 12.801138 -4.020084 -7.862820
v 8.957358 -9.374850 -13.539608
v 8.084372 -5.576143 -11.227996
v 0.000000 -9.073264 -13.108403
v 19.922581 -21.810480 -1.209150
v 18.041695 -24.316216 -5.850158
v 17.774509 -18.961451 -6.375829
v 13.443973 -25.923609 -10.394479
v 13.573598 -20.908932 -12.852791
v 5.595042 -20.754930 -14.720975
v 8.288069 -15.493207 -15.267761
v 0.000000 -15.923128 -14.693192
v -8.190189 -15.493207 -15.267761
v -8.957358 -9.374850 -13.539608
v -14.205851 -15.268620 -12.820563
v -12.221793 -9.265766 -11.147977
v -17.406797 -14.578822 -7.548306
v -17.880325 -9.021929 -3.229590
v -5.177067 -25.111891 -12.279333
v -0.849177 -23.167620 -6.853710
v -1.103136 -24.239216 -5.857938
v -19.922581 -21.810480 -1.209150
v -18.041695 -24.316216 -5.850158
v -19.097214 -30.768242 -0.346740
v -10.772109 -12.454881 8.558528
v -8.949421 -15.281452 8.921940
v -5.415154 -13.876187 9.184219
v -19.189802 -21.512102 5.353387
v -14.221723 -31.737169 9.685441
v -14.459810 -22.830742 9.667658
v -8.491766 -31.952129 10.391150
v -9.250998 -23.475622 10.495616
v -3.759127 -30.832411 8.700782
v -3.851717 -23.822126 8.382935
v -1.166626 -29.472061 4.612115
v -1.489366 -23.918379 4.570995
v -1.166626 -29.010057 -5.088881
v -1.103136 -24.239216 -5.857938
v -1.103136 -24.239216 -5.857938
v -1.166626 -29.010057 -5.088881
v -5.177067 -25.111891 -12.279333
v -4.997179 -30.136194 -11.155756
v -13.443973 -25.923609 -10.394479
v -12.428135 -30.627073 -9.253120
v -18.041695 -24.316216 -5.850158
v -17.174002 -30.777866 -5.639000
v -19.097214 -30.768242 -0.346740
v -17.774509 -18.961451 -6.375829
v -13.573598 -20.908932 -12.852791
v -13.443973 -25.923609 -10.394479
v -5.595042 -20.754930 -14.720975
v 0.000000 -20.870428 -9.959940
v 0.000000 -19.689751 -8.008405
v 0.000000 -22.282110 -0.799061
v -13.443973 -25.923609 -10.394479
v -18.041695 -24.316216 -5.850158
v -17.774509 -18.961451 -6.375829
v -19.922581 -21.810480 -1.209150
v -18.824736 -13.625936 -2.239375
v -19.189802 -21.512102 5.353387
v -18.750666 -12.865553 4.414294
v -14.459810 -22.830742 9.667658
v -14.480973 -11.883791 8.468508
v -9.653100 -18.008566 9.267570
v -8.949421 -15.281452 8.921940
v -4.571268 -19.638416 7.418281
v -5.415154 -13.876187 9.184219
v 0.000000 -20.588093 7.473847
v 18.750666 -12.865553 4.414294
v 19.232130 -9.021929 -1.957091
v 19.065470 -9.358807 4.149791
v 19.232130 -9.021929 -1.957091
v 18.750666 -12.865553 4.414294
v 18.724211 -13.625936 -2.239375
v 19.189802 -21.512102 5.353387
v 19.922581 -21.810480 -1.209150
v 14.459810 -22.830742 9.667658
v 14.480973 -11.883791 8.468508
v 9.653100 -18.008566 9.267570
v 8.949421 -15.281452 8.921940
v 4.571268 -19.638416 7.418281
v 12.801138 -4.020084 -7.862820
v 15.137035 -2.297191 -2.790606
v 15.052382 -3.888541 4.110893
v 14.480973 -11.883791 8.468508
v 14.459810 -22.830742 9.667658
v 19.189802 -21.512102 5.353387
v 14.205851 -15.268620 -12.820563
v 13.708514 -9.265766 -11.147977
v 17.406797 -14.578822 -7.548306
v 19.097214 -30.768242 -0.346740
v 18.041695 -24.316216 -5.850158
v 19.922581 -21.810480 -1.209150
v 17.774509 -18.961451 -6.375829
v 13.573598 -20.908932 -12.852791
v 8.288069 -15.493207 -15.267761
v 8.957358 -9.374850 -13.539608
v 0.000000 -9.073264 -13.108403
v 1.103136 -24.239216 -5.857938
v 1.166626 -29.010057 -5.088881
v 1.489366 -23.918379 4.570995
v 1.166626 -29.472061 4.612115
v 3.851717 -23.822126 8.382935
v 3.759127 -30.832411 8.700782
v 9.250998 -23.475622 10.495616
v 8.491766 -31.952129 10.391150
v 14.459810 -22.830742 9.667658
v 14.221723 -31.737169 9.685441
v 19.189802 -21.512102 5.353387
v 19.097214 -30.768242 -0.346740
v 17.174002 -30.777866 -5.639000
v 18.041695 -24.316216 -5.850158
v 12.428135 -30.627073 -9.253120
v 13.443973 -25.923609 -10.394479
v 4.997179 -30.136194 -11.155756
v 5.177067 -25.111891 -12.279333
v 1.166626 -29.010057 -5.088881
v 1.103136 -24.239216 -5.857938
v 0.000000 -14.665446 9.580972
v 0.000000 -20.588093 7.473847
v 5.415154 -13.876187 9.184219
v -8.084372 -5.576143 -11.227996
v 0.000000 -5.954731 -11.321349
v 0.000000 -9.073264 -13.108403
v 8.084372 -5.576143 -11.227996
v -5.415154 -13.876187 9.184219
v -6.727277 -55.193542 8.000632
v -2.097810 -50.602367 2.673918
v -6.975946 -50.859039 7.538309
v -6.727277 -55.193542 8.000632
v -7.171706 -61.478733 6.508086
v -4.809355 -56.813766 3.997539
v -4.552750 -63.766300 1.883748
v -4.552750 -62.126823 -2.238259
v -2.439068 -57.352772 -1.693697
v -11.869954 -54.875916 7.597211
v -11.282673 -60.917271 6.104665
v -2.097810 -50.602367 2.673918
v -6.727277 -55.193542 8.000632
v -11.798528 -38.304695 -8.377373
v -5.714085 -38.304695 -9.480947
v -6.634688 -50.859039 -5.795700
v -2.097810 -50.602367 -2.778378
v -2.439068 -57.352772 -1.693697
v -14.002154 -59.332336 1.353631
v -11.256219 -62.733204 4.987756
v -12.975735 -57.843655 3.210702
v -6.759022 -63.291462 5.391177
v -4.552750 -63.766300 1.883748
v -2.439068 -57.352772 1.553675
v -2.439068 -57.352772 -1.693697
v -2.097810 -50.602367 -2.778378
v -7.171706 -61.478733 6.508086
v -11.869954 -54.875916 7.597211
v -6.975946 -50.859039 7.538309
v -11.547214 -50.859039 7.143779
v -13.279957 -50.339283 -3.028432
v -11.798528 -38.304695 -8.377373
v -11.174211 -50.859039 -5.232244
v -6.634688 -50.859039 -5.795700
v -6.359565 -59.492756 -6.130217
v -4.552750 -62.126823 -2.238259
v -6.520935 -64.520264 -6.920388
v -12.314383 -64.099968 -6.450286
v -11.719166 -59.492756 -5.567873
v -15.131744 -64.834686 -3.420738
v -14.316958 -59.572964 -2.953970
v -14.573563 -65.575821 1.778169
v -14.002154 -59.332336 1.353631
v -4.552750 -62.126823 -2.238259
v -6.520935 -64.520264 -6.920388
v -6.359565 -59.492756 -6.130217
v -11.719166 -59.492756 -5.567873
v -11.174211 -50.859039 -5.232244
v -14.316958 -59.572964 -2.953970
v -13.279957 -50.339283 -3.028432
v -14.002154 -59.332336 1.353631
v -14.028608 -50.339283 0.342301
v -12.975735 -57.843655 3.210702
v -14.028608 -50.339283 3.314058
v -11.547214 -50.859039 7.143779
v -14.028608 -50.339283 3.314058
v -12.975735 -57.843655 3.210702
v -11.256219 -62.733204 4.987756
v -6.759022 -63.291462 5.391177
v -2.439068 -57.352772 1.553675
v -2.097810 -50.602367 2.673918
v -2.097810 -50.602367 -2.778378
v -13.557725 -98.833755 -1.643683
v -12.049842 -95.965477 -5.210014
v -12.078941 -99.873268 -6.848147
v -5.137386 -103.027092 -6.271355
v -7.457410 -85.881577 -8.179548
v -5.309338 -86.362831 -0.612348
v -7.362176 -93.687531 4.929967
v -7.277522 -97.832741 9.510963
v -2.862333 -101.451782 -0.444533
v -2.862333 -101.451782 -0.444533
v -5.137386 -103.027092 -6.271355
v -5.309338 -86.362831 -0.612348
v -12.444008 -85.974617 -8.224002
v -9.933514 -93.957039 -8.457386
v -15.573528 -103.235634 -5.709011
v -5.309338 -86.362831 -0.612348
v -7.362176 -93.687531 4.929967
v -12.049842 -95.965477 -5.210014
v -13.557725 -98.833755 -1.643683
v -12.369936 -95.391174 1.488108
v -12.049842 -95.965477 -5.210014
v -9.809180 -95.885262 -7.032632
v -12.078941 -99.873268 -6.848147
v -7.457410 -85.881577 -8.179548
v -5.137386 -103.027092 -6.271355
v -9.933514 -93.957039 -8.457386
v -10.139856 -103.389633 -9.699879
v -15.573528 -103.235634 -5.709011
v -8.724562 -95.423264 3.714147
v -5.502452 -97.152573 -0.183366
v -5.997144 -95.599716 -0.943531
v -7.605553 -99.873268 -6.699226
v -7.319849 -95.689552 -5.503411
v -9.832988 -99.873268 -7.933939
v -9.809180 -95.885262 -7.032632
v -7.277522 -97.832741 9.510963
v -7.362176 -93.687531 4.929967
v -13.195304 -98.179245 9.417609
v -13.057743 -93.947411 4.503208
v -18.171320 -101.512741 2.417200
v -17.343307 -94.130287 -0.303392
v -15.573528 -103.235634 -5.709011
v -16.734863 -86.118996 -4.020867
v -12.444008 -85.974617 -8.224002
v -4.087158 -77.786865 -3.811933
v -6.272267 -70.211906 -8.801908
v -3.148038 -71.065338 -3.823047
v -12.526016 -86.019531 3.551889
v -8.155799 -86.013115 3.604123
v -8.034110 -78.059578 4.918853
v -11.256219 -62.733204 4.987756
v -11.613349 -67.378922 5.032210
v -6.759022 -63.291462 5.391177
v -7.221969 -68.087967 5.095557
v -4.552750 -63.766300 1.883748
v -3.174492 -71.382965 0.945766
v -4.407253 -78.114120 0.609027
v -5.309338 -86.362831 -0.612348
v -12.473107 -77.985786 4.757707
v -16.306307 -77.081024 1.366970
v -16.920040 -86.375664 0.364531
v -17.726891 -76.124931 -4.506529
v -16.734863 -86.118996 -4.020867
v -17.343307 -94.130287 -0.303392
v -13.057743 -93.947411 4.503208
v -7.362176 -93.687531 4.929967
v -5.309338 -86.362831 -0.612348
v -4.407253 -78.114120 0.609027
v -3.174492 -71.382965 0.945766
v -17.560230 -69.419441 -4.560986
v -12.375227 -69.339233 -9.735444
v -12.600087 -75.887512 -9.957713
v -6.841030 -76.638268 -9.413152
v -12.444008 -85.974617 -8.224002
v -7.457410 -85.881577 -8.179548
v -9.933514 -93.957039 -8.457386
v -3.420515 -63.952385 1.181373
v -3.253854 -63.506420 -4.068657
v -5.965399 -62.855122 -7.828363
v -11.988997 -62.149284 -8.133986
v -15.607918 -69.579865 1.683704
v -12.396391 -70.901711 5.181131
v -7.732533 -71.755135 5.244478
v -4.330536 -71.382965 1.328071
v -4.330536 -71.074959 -3.146234
v -4.552750 -62.126823 -2.238259
v -16.512648 -70.080368 1.944872
v -12.742939 -71.049294 5.550100
v -7.354239 -71.469589 5.640120
v -3.420515 -63.952385 1.181373
v -14.002154 -59.332336 1.353631
v -14.573563 -65.575821 1.778169
v -15.131744 -64.834686 -3.420738
v -16.144936 -68.216309 -3.628561
v -12.314383 -64.099968 -6.450286
v -12.772039 -68.485809 -7.519407
v -6.520935 -64.520264 -6.920388
v -6.864839 -70.147743 -7.830586
v -4.552750 -62.126823 -2.238259
v -4.330536 -71.074959 -3.146234
v -7.296040 -63.987679 6.790370
v -12.309092 -63.512840 6.398062
v -15.089418 -63.182377 2.411640
v -16.078800 -62.617702 -4.112000
v 6.975946 -50.859039 7.538309
v 6.727277 -55.193542 8.000632
v 11.869954 -54.875916 7.597211
v 6.359565 -59.492756 -6.130217
v 6.520935 -64.520264 -6.920388
v 4.552750 -62.126823 -2.238259
v 2.439068 -57.352772 1.553675
v 2.097810 -50.602367 -2.778378
v 2.439068 -57.352772 -1.693697
v 6.727277 -55.193542 8.000632
v 6.975946 -50.859039 7.538309
v 2.097810 -50.602367 2.673918
v 6.759022 -63.291462 5.391177
v 11.256219 -62.733204 4.987756
v 7.171706 -61.478733 6.508086
v 11.282673 -60.917271 6.104665
v 2.439068 -57.352772 -1.693697
v 2.097810 -50.602367 -2.778378
v 6.634688 -50.859039 -5.795700
v 5.714085 -38.304695 -9.480947
v 11.798528 -38.304695 -8.377373
v 4.552750 -62.126823 -2.238259
v 2.439068 -57.352772 -1.693697
v 6.359565 -59.492756 -6.130217
v 6.634688 -50.859039 -5.795700
v 11.174211 -50.859039 -5.232244
v 11.798528 -38.304695 -8.377373
v 13.279957 -50.339283 -3.028432
v 7.171706 -61.478733 6.508086
v 4.809355 -56.813766 3.997539
v 6.759022 -63.291462 5.391177
v 2.439068 -57.352772 1.553675
v 4.552750 -63.766300 1.883748
v 4.552750 -62.126823 -2.238259
v 14.002154 -59.332336 1.353631
v 14.573563 -65.575821 1.778169
v 14.316958 -59.572964 -2.953970
v 15.131744 -64.834686 -3.420738
v 11.719166 -59.492756 -5.567873
v 12.314383 -64.099968 -6.450286
v 6.520935 -64.520264 -6.920388
v 6.520935 -64.520264 -6.920388
v 6.359565 -59.492756 -6.130217
v 11.719166 -59.492756 -5.567873
v 11.174211 -50.859039 -5.232244
v 14.316958 -59.572964 -2.953970
v 14.002154 -59.332336 1.353631
v 14.028608 -50.339283 0.342301
v 12.975735 -57.843655 3.210702
v 14.028608 -50.339283 3.314058
v 11.869954 -54.875916 7.597211
v 11.547214 -50.859039 7.143779
v 6.975946 -50.859039 7.538309
v 2.097810 -50.602367 -2.778378
v 2.439068 -57.352772 1.553675
v 2.097810 -50.602367 2.673918
v 4.809355 -56.813766 3.997539
v 6.727277 -55.193542 8.000632
v 7.171706 -61.478733 6.508086
v 11.282673 -60.917271 6.104665
v 12.975735 -57.843655 3.210702
v 11.256219 -62.733204 4.987756
v 14.002154 -59.332336 1.353631
v 5.309338 -86.362831 -0.612348
v 5.137386 -103.027092 -6.271355
v 2.862333 -101.451782 -0.444533
v 15.573528 -103.235634 -5.709011
v 9.933514 -93.957039 -8.457386
v 12.444008 -85.974617 -8.224002
v 7.362176 -93.687531 4.929967
v 5.309338 -86.362831 -0.612348
v 2.862333 -101.451782 -0.444533
v 8.724562 -95.423264 3.714147
v 5.997144 -95.599716 -0.943531
v 5.502452 -97.152573 -0.183366
v 7.319849 -95.689552 -5.503411
v 7.605553 -99.873268 -6.699226
v 9.809180 -95.885262 -7.032632
v 12.078941 -99.873268 -6.848147
v 9.832988 -99.873268 -7.933939
v 12.049842 -95.965477 -5.210014
v 9.809180 -95.885262 -7.032632
v 15.573528 -103.235634 -5.709011
v 10.139856 -103.389633 -9.699879
v 9.933514 -93.957039 -8.457386
v 5.137386 -103.027092 -6.271355
v 7.457410 -85.881577 -8.179548
v 5.309338 -86.362831 -0.612348
v 12.078941 -99.873268 -6.848147
v 12.049842 -95.965477 -5.210014
v 13.557725 -98.833755 -1.643683
v 12.369936 -95.391174 1.488108
v 2.862333 -101.451782 -0.444533
v 7.277522 -97.832741 9.510963
v 7.362176 -93.687531 4.929967
v 13.195304 -98.179245 9.417609
v 13.057743 -93.947411 4.503208
v 18.171320 -101.512741 2.417200
v 16.562910 -94.130287 -0.303392
v 15.573528 -103.235634 -5.709011
v 16.734863 -86.118996 -4.020867
v 12.444008 -85.974617 -8.224002
v 12.473107 -77.985786 4.757707
v 16.512648 -70.080368 1.944872
v 12.742939 -71.049294 5.550100
v 8.155799 -86.013115 3.604123
v 12.526016 -86.019531 3.551889
v 8.034110 -78.059578 4.918853
v 7.354239 -71.469589 5.640120
v 3.174492 -71.382965 0.945766
v 3.420515 -63.952385 1.181373
v 6.841030 -76.638268 -9.413152
v 7.457410 -85.881577 -8.179548
v 4.087158 -77.786865 -3.811933
v 5.309338 -86.362831 -0.612348
v 4.407253 -78.114120 0.609027
v 17.560230 -69.419441 -4.560986
v 17.726891 -76.124931 -4.506529
v 12.600087 -75.887512 -9.957713
v 16.734863 -86.118996 -4.020867
v 12.444008 -85.974617 -8.224002
v 4.330536 -71.074959 -3.146234
v 4.552750 -63.766300 1.883748
v 4.552750 -62.126823 -2.238259
v 13.057743 -93.947411 4.503208
v 7.362176 -93.687531 4.929967
v 5.309338 -86.362831 -0.612348
v 4.407253 -78.114120 0.609027
v 16.306307 -77.081024 1.366970
v 16.920040 -86.375664 0.364531
v 16.562910 -94.130287 -0.303392
v 12.375227 -69.339233 -9.735444
v 6.272267 -70.211906 -8.801908
v 3.148038 -71.065338 -3.823047
v 3.174492 -71.382965 0.945766
v 3.420515 -63.952385 1.181373
v 3.253854 -63.506420 -4.068657
v 5.965399 -62.855122 -7.828363
v 11.988997 -62.149284 -8.133986
v 16.078800 -62.617702 -4.112000
v 14.002154 -59.332336 1.353631
v 11.256219 -62.733204 4.987756
v 11.613349 -67.378922 5.032210
v 6.759022 -63.291462 5.391177
v 7.221969 -68.087967 5.095557
v 4.330536 -71.382965 1.328071
v 12.396391 -70.901711 5.181131
v 15.607918 -69.579865 1.683704
v 14.573563 -65.575821 1.778169
v 16.144936 -68.216309 -3.628561
v 15.131744 -64.834686 -3.420738
v 12.772039 -68.485809 -7.519407
v 12.314383 -64.099968 -6.450286
v 6.864839 -70.147743 -7.830586
v 6.520935 -64.520264 -6.920388
v 4.330536 -71.074959 -3.146234
v 4.552750 -62.126823 -2.238259
v 7.732533 -71.755135 5.244478
v 9.933514 -93.957039 -8.457386
v 15.089418 -63.182377 2.411640
v 12.309092 -63.512840 6.398062
v 7.296040 -63.987679 6.790370
v -2.505203 -40.463928 3.454087
v -2.505203 -39.145290 -4.323159
v -1.166626 -29.010057 -5.088881
v -4.997179 -30.136194 -11.155756
v -1.166626 -29.010057 -5.088881
v -2.505203 -39.145290 -4.323159
v -2.097810 -50.602367 2.673918
v -2.097810 -50.602367 -2.778378
v -14.221723 -31.737169 9.685441
v -19.189802 -21.512102 5.353387
v -18.568132 -30.996037 5.043320
v -19.922581 -21.810480 -1.209150
v -19.097214 -30.768242 -0.346740
v -12.428135 -30.627073 -9.253120
v -5.714085 -38.304695 -9.480947
v -2.097810 -50.602367 -2.778378
v -4.322600 -40.948391 7.172673
v -6.975946 -50.859039 7.538309
v -7.346303 -41.683109 9.210894
v -12.586860 -41.882027 8.705228
v -11.547214 -50.859039 7.143779
v -16.084091 -42.222115 4.393180
v -14.028608 -50.339283 3.314058
v -16.830097 -41.522690 -0.274501
v -14.028608 -50.339283 0.342301
v -15.287823 -39.738838 -4.658787
v -13.279957 -50.339283 -3.028432
v -11.798528 -38.304695 -8.377373
v -17.174002 -30.777866 -5.639000
v -8.491766 -31.952129 10.391150
v -3.759127 -30.832411 8.700782
v -1.166626 -29.472061 4.612115
v -6.137351 -100.113892 0.980221
v -7.830413 -103.553261 2.072681
v -7.647880 -104.932861 -1.213589
v -14.888367 -103.017464 10.422273
v -12.369936 -95.391174 1.488108
v -13.557725 -98.833755 -1.643683
v -5.502452 -97.152573 -0.183366
v -8.724562 -95.423264 3.714147
v -7.605553 -99.873268 -6.699226
v -7.274877 -104.932861 -6.210230
v -9.832988 -99.873268 -7.933939
v -9.811825 -104.932861 -7.518292
v -7.912421 -98.423080 10.694553
v -6.137351 -100.113892 0.980221
v -8.724562 -95.423264 3.714147
v -11.507533 -95.529137 3.637464
v -7.912421 -98.423080 10.694553
v -5.502452 -97.152573 -0.183366
v -9.809180 -95.885262 -7.032632
v -12.078941 -99.873268 -6.848147
v -4.954853 -101.891327 13.784115
v -8.417694 -102.093452 20.241072
v -12.078941 -99.873268 -6.848147
v -12.491625 -104.932861 -6.506962
v -9.832988 -99.873268 -7.933939
v -9.811825 -104.932861 -7.518292
v -12.219148 -99.706429 10.446723
v -13.039225 -103.068802 19.293089
v -13.240276 -104.932861 19.713181
v -8.351559 -104.932861 20.660053
v -14.155588 -104.932861 -1.213589
v -14.650280 -104.336105 2.072681
v -15.390994 -104.932861 10.113317
v -8.351559 -104.932861 20.660053
v -13.240276 -104.932861 19.713181
v -5.470708 -104.932861 13.414034
v -15.390994 -104.932861 10.113317
v -7.830413 -103.553261 2.072681
v -14.650280 -104.336105 2.072681
v -7.647880 -104.932861 -1.213589
v -14.155588 -104.932861 -1.213589
v -7.274877 -104.932861 -6.210230
v -12.491625 -104.932861 -6.506962
v -9.811825 -104.932861 -7.518292
v -5.470708 -104.932861 13.414034
v 5.502452 -97.152573 -0.183366
v 6.137351 -100.113892 0.980221
v 8.724562 -95.423264 3.714147
v 9.832988 -99.873268 -7.933939
v 9.811825 -104.932861 -7.518292
v 7.274877 -104.932861 -6.210230
v 6.137351 -100.113892 0.980221
v 5.502452 -97.152573 -0.183366
v 7.605553 -99.873268 -6.699226
v 7.912421 -98.423080 10.694553
v 11.507533 -95.529137 3.637464
v 8.417694 -102.093452 20.241072
v 4.954853 -101.891327 13.784115
v 7.830413 -103.553261 2.072681
v 9.811825 -104.932861 -7.518292
v 9.832988 -99.873268 -7.933939
v 12.491625 -104.932861 -6.506962
v 12.078941 -99.873268 -6.848147
v 13.557725 -98.833755 -1.643683
v 8.351559 -104.932861 20.660053
v 13.240276 -104.932861 19.713181
v 13.039225 -103.068802 19.293089
v 14.888367 -103.017464 10.422273
v 12.219148 -99.706429 10.446723
v 8.724562 -95.423264 3.714147
v 7.912421 -98.423080 10.694553
v 15.390994 -104.932861 10.113317
v 14.650280 -104.336105 2.072681
v 14.155588 -104.932861 -1.213589
v 9.811825 -104.932861 -7.518292
v 12.491625 -104.932861 -6.506962
v 7.274877 -104.932861 -6.210230
v 14.155588 -104.932861 -1.213589
v 7.647880 -104.932861 -1.213589
v 14.650280 -104.336105 2.072681
v 7.830413 -103.553261 2.072681
v 15.390994 -104.932861 10.113317
v 5.470708 -104.932861 13.414034
v 13.240276 -104.932861 19.713181
v 8.351559 -104.932861 20.660053
v 9.809180 -95.885262 -7.032632
v 7.647880 -104.932861 -1.213589
v 12.369936 -95.391174 1.488108
v 5.470708 -104.932861 13.414034
v 15.287823 -39.738838 -4.658787
v 13.279957 -50.339283 -3.028432
v 11.798528 -38.304695 -8.377373
v 2.505203 -40.463928 3.454087
v 1.166626 -29.472061 4.612115
v 1.166626 -29.010057 -5.088881
v 2.505203 -39.145290 -4.323159
v 1.166626 -29.010057 -5.088881
v 4.997179 -30.136194 -11.155756
v 2.505203 -39.145290 -4.323159
v 2.097810 -50.602367 -2.778378
v 2.097810 -50.602367 2.673918
v 19.097214 -30.768242 -0.346740
v 19.922581 -21.810480 -1.209150
v 18.568132 -30.996037 5.043320
v 19.189802 -21.512102 5.353387
v 14.221723 -31.737169 9.685441
v 2.097810 -50.602367 -2.778378
v 5.714085 -38.304695 -9.480947
v 12.428135 -30.627073 -9.253120
v 6.975946 -50.859039 7.538309
v 4.322600 -40.948391 7.172673
v 14.028608 -50.339283 0.342301
v 16.830097 -41.522690 -0.274501
v 14.028608 -50.339283 3.314058
v 16.084091 -42.222115 4.393180
v 11.547214 -50.859039 7.143779
v 12.586860 -41.882027 8.705228
v 7.346303 -41.683109 9.210894
v 3.759127 -30.832411 8.700782
v 8.491766 -31.952129 10.391150
v 17.174002 -30.777866 -5.639000
vn -0.2517 0.6764 -0.6922
vn -0.4079 0.5884 -0.6982
vn -0.5183 0.5968 -0.6125
vn 0.6981 0.2981 -0.6510
vn 0.9032 0.3534 -0.2435
vn 0.6440 0.4005 -0.6518
vn 0.3539 0.2910 0.8888
vn 0.2749 0.3298 0.9031
vn 0.1966 0.2359 0.9517
vn -0.0000 0.6025 -0.7981
vn 0.0393 0.6366 -0.7702
vn 0.2124 0.5901 -0.7789
vn -0.0000 -0.1720 0.9851
vn 0.0940 -0.1802 0.9791
vn 0.2127 0.0079 0.9771
vn 0.0707 -0.0000 0.9975
vn -0.6440 0.4005 -0.6518
vn -0.9032 0.3535 -0.2435
vn -0.6981 0.2981 -0.6510
vn -0.1966 0.2360 0.9517
vn -0.0000 0.1886 0.9821
vn -0.0000 0.2352 0.9720
vn 0.2509 0.2274 0.9409
vn -0.2124 0.5901 -0.7789
vn 0.1564 0.0626 0.9857
vn -0.0000 0.0707 0.9975
vn -0.0000 0.0315 0.9995
vn -0.1564 0.0626 0.9857
vn -0.1644 -0.0000 0.9864
vn -0.2973 0.0235 0.9545
vn -0.9032 0.3534 -0.2435
vn -0.6522 0.2515 0.7151
vn -0.7684 0.3764 0.5175
vn -0.3540 0.2910 0.8888
vn -0.4729 0.3940 0.7881
vn -0.5408 0.3762 -0.7524
vn -0.7400 0.3857 -0.5510
vn -0.6700 0.4966 -0.5518
vn -0.8326 0.5263 -0.1728
vn -0.7162 0.6060 -0.3463
vn -0.7383 0.6048 0.2985
vn -0.0000 0.1809 -0.9835
vn 0.2122 0.3301 -0.9198
vn 0.3691 0.2199 -0.9030
vn 0.5408 0.3761 -0.7524
vn 0.7400 0.3857 -0.5510
vn -0.2832 0.6293 -0.7237
vn -0.0393 0.6366 -0.7702
vn -0.0000 0.6912 -0.7226
vn -0.0000 0.2351 0.9720
vn -0.2509 0.2274 0.9409
vn -0.1966 0.2359 0.9517
vn -0.2749 0.3298 0.9031
vn -0.3539 0.2911 0.8888
vn -0.2121 0.3535 0.9111
vn -0.4728 0.3941 0.7881
vn 0.0394 0.6366 -0.7702
vn 0.2684 0.6237 -0.7342
vn 0.2429 0.6661 -0.7052
vn 0.4098 0.5832 -0.7014
vn 0.5264 0.5893 -0.6129
vn 0.6726 0.4906 -0.5539
vn 0.7234 0.5975 -0.3460
vn 0.8326 0.5263 -0.1728
vn 0.7383 0.6048 0.2985
vn 0.7684 0.3764 0.5175
vn 0.4729 0.3941 0.7881
vn 0.3540 0.2910 0.8888
vn 0.2121 0.3535 0.9111
vn -0.5408 0.3761 -0.7524
vn -0.3691 0.2199 -0.9030
vn -0.2123 0.3301 -0.9198
vn -0.0000 0.1810 -0.9835
vn -0.0000 0.3605 -0.9327
vn 0.2122 0.3302 -0.9197
vn -0.2123 0.3302 -0.9197
vn 0.5408 0.3762 -0.7524
vn 0.6727 0.4906 -0.5539
vn 0.8326 0.5262 -0.1728
vn 0.6523 0.2515 0.7151
vn 0.4004 0.1570 0.9028
vn 0.1565 0.0626 0.9857
vn -0.0000 0.1885 0.9821
vn -0.1565 0.0626 0.9857
vn -0.4004 0.1570 0.9028
vn -0.6522 0.2514 0.7151
vn -0.4942 0.1569 0.8551
vn 0.8953 -0.4398 -0.0707
vn 0.9634 0.0313 0.2663
vn 0.9504 -0.2199 -0.2199
vn -0.9634 0.0313 0.2663
vn -0.8953 -0.4398 -0.0707
vn -0.9504 -0.2199 -0.2199
vn 0.1963 0.1178 0.9734
vn 0.6862 0.1183 0.7177
vn 0.6150 0.2208 0.7570
vn -0.3693 0.0629 0.9272
vn 0.1963 0.1178 0.9735
vn 0.1647 0.1647 0.9725
vn 0.2348 -0.2505 0.9392
vn -0.7636 0.4566 0.4566
vn -0.9218 0.3073 -0.2363
vn -0.8561 0.3063 0.4162
vn -0.0000 -1.0000 -0.0079
vn -0.6504 -0.5564 0.5172
vn -0.9634 0.0314 0.2663
vn -0.6151 0.2208 0.7569
vn -0.6862 0.1183 0.7177
vn -0.1963 0.1178 0.9734
vn 0.1644 -0.0000 0.9864
vn 0.2973 0.0235 0.9545
vn 0.4942 0.1569 0.8551
vn 0.6522 0.2515 0.7151
vn 0.9634 0.0314 0.2663
vn 0.8953 -0.4399 -0.0707
vn 0.6504 -0.5564 0.5172
vn -0.0000 -0.9052 0.4250
vn -0.6504 -0.5563 0.5172
vn -0.2348 -0.2505 0.9392
vn -0.6150 0.2208 0.7570
vn -0.1647 0.1647 0.9725
vn -0.1962 0.1178 0.9735
vn 0.3693 0.0629 0.9272
vn 0.9634 0.0313 0.2664
vn 0.6504 -0.5563 0.5172
vn -0.0000 -0.9052 0.4251
vn -0.0000 -0.5272 0.8497
vn -0.0550 0.0078 0.9985
vn 0.3225 0.1416 0.9359
vn 0.2128 0.0079 0.9771
vn 0.7170 0.5122 0.4728
vn 0.4630 -0.3061 -0.8318
vn -0.5662 -0.4089 -0.7157
vn -0.1102 -0.3934 -0.9127
vn -0.0000 -0.7637 -0.6456
vn -0.0000 -0.1644 -0.9864
vn 0.1105 -0.3867 -0.9156
vn -0.1335 0.0628 -0.9891
vn -0.5339 -0.2198 -0.8165
vn -0.6679 0.1414 -0.7307
vn -0.8855 -0.0470 -0.4623
vn -0.8857 0.1724 -0.4311
vn -0.9859 0.1017 -0.1330
vn -0.9218 0.3072 -0.2363
vn -0.9119 0.1179 0.3931
vn -0.8561 0.3063 0.4163
vn -0.3221 0.1493 0.9349
vn -0.2127 0.0079 0.9771
vn -0.0000 -0.2737 0.9618
vn -0.0001 -0.1720 0.9851
vn -0.0940 -0.1801 0.9791
vn -0.0707 -0.0000 0.9975
vn 0.0550 0.0079 0.9985
vn -0.2974 0.0235 0.9545
vn -0.0000 0.3768 -0.9263
vn -0.2679 0.3862 -0.8827
vn -0.1337 0.5110 -0.8491
vn -0.6681 0.3852 -0.6367
vn -0.6895 0.3761 -0.6190
vn -0.9218 0.3073 -0.2364
vn -0.9034 0.3771 -0.2042
vn -0.9737 -0.2277 0.0078
vn -0.8953 -0.4397 -0.0707
vn -0.0000 -1.0000 -0.0078
vn -0.9737 -0.2277 0.0079
vn -0.5663 -0.4089 -0.7156
vn -0.9504 -0.2199 -0.2200
vn 0.9931 -0.0000 -0.1173
vn 0.8855 -0.0470 -0.4623
vn 0.9930 0.0156 -0.1173
vn 0.9107 0.0628 -0.4082
vn 0.9472 0.2526 -0.1974
vn 0.6691 0.3543 -0.6533
vn 0.6538 0.4727 -0.5908
vn 0.2283 0.3778 -0.8973
vn 0.1102 0.5275 -0.8424
vn 0.9931 -0.0000 -0.1174
vn 0.8322 -0.1177 -0.5418
vn 0.8854 -0.0470 -0.4624
vn 0.4630 -0.3060 -0.8318
vn 0.5429 -0.2203 -0.8104
vn -0.1101 -0.3934 -0.9127
vn 0.1334 0.0628 -0.9891
vn -0.2679 0.3861 -0.8827
vn -0.6679 0.1415 -0.7307
vn -0.6681 0.3851 -0.6367
vn -0.8857 0.1725 -0.4311
vn 0.5662 -0.4089 -0.7157
vn -0.9920 -0.0000 -0.1260
vn -0.8323 -0.1178 -0.5417
vn -0.9806 -0.1569 -0.1177
vn -0.9049 0.0236 0.4249
vn -0.4392 -0.0863 0.8942
vn -0.3693 0.0628 0.9272
vn 0.1489 -0.0549 0.9873
vn 0.1962 0.1177 0.9735
vn 0.6530 -0.0550 0.7554
vn 0.9468 -0.0235 0.3208
vn 0.9707 -0.0783 -0.2270
vn 0.9504 -0.2199 -0.2200
vn 0.9707 -0.0783 -0.2271
vn 0.3785 -0.2208 -0.8989
vn -0.4630 -0.3060 -0.8318
vn -0.4789 -0.1963 -0.8557
vn -0.8322 -0.1178 -0.5418
vn -0.8160 -0.1805 -0.5492
vn -0.8855 -0.0471 -0.4623
vn -0.5339 -0.2199 -0.8165
vn -0.4630 -0.3061 -0.8318
vn 0.1105 -0.3867 -0.9155
vn 0.9737 -0.2277 0.0078
vn -0.8322 -0.1177 -0.5418
vn -0.9049 0.0237 0.4249
vn -0.3221 0.1492 0.9349
vn 0.0551 0.0078 0.9985
vn -0.0940 -0.1802 0.9791
vn -0.0000 -0.5271 0.8498
vn 0.9167 -0.0000 0.3996
vn 0.9472 0.2526 -0.1973
vn 0.8576 0.2518 0.4485
vn 0.9472 0.2525 -0.1973
vn 0.9167 -0.0000 0.3995
vn 0.9930 0.0156 -0.1172
vn 0.9049 0.0236 0.4249
vn 0.9931 -0.0000 -0.1172
vn 0.3224 0.1416 0.9360
vn -0.0551 0.0079 0.9985
vn -0.2348 -0.2504 0.9392
vn 0.6539 0.4727 -0.5908
vn 0.8483 0.4948 -0.1885
vn 0.7171 0.5122 0.4727
vn 0.6516 0.0863 -0.7537
vn 0.6691 0.3542 -0.6533
vn 0.9107 0.0628 -0.4083
vn 0.9806 -0.1569 -0.1177
vn 0.8323 -0.1178 -0.5417
vn 0.1335 0.0628 -0.9891
vn -0.9708 -0.0783 -0.2270
vn -0.9468 -0.0235 0.3208
vn -0.6530 -0.0550 0.7554
vn -0.1962 0.1177 0.9735
vn -0.1489 -0.0549 0.9873
vn 0.3693 0.0628 0.9272
vn 0.4392 -0.0863 0.8942
vn 0.8160 -0.1805 -0.5492
vn 0.8322 -0.1178 -0.5418
vn 0.4789 -0.1963 -0.8557
vn -0.3785 -0.2208 -0.8989
vn -0.9707 -0.0783 -0.2271
vn -0.1336 0.5110 -0.8491
vn -0.0000 0.4936 -0.8697
vn 0.5187 -0.1022 0.8488
vn 0.9111 -0.0549 0.4085
vn 0.2588 -0.0471 0.9648
vn 0.2280 -0.3616 0.9040
vn 0.7929 -0.1570 0.5888
vn 0.9442 -0.1810 0.2753
vn 0.9406 -0.1098 -0.3214
vn 0.8937 -0.2038 -0.3998
vn -0.5109 -0.0708 0.8567
vn -0.6141 -0.3307 0.7166
vn 0.9111 -0.0550 0.4085
vn -0.4464 -0.2115 -0.8695
vn 0.3142 -0.2043 -0.9271
vn 0.2599 -0.1575 -0.9527
vn 0.9142 -0.0946 -0.3940
vn -0.9403 0.0470 0.3370
vn -0.5578 -0.2435 0.7934
vn -0.9339 -0.1177 0.3375
vn 0.4856 -0.1880 0.8537
vn 0.9441 -0.1810 0.2754
vn 0.9265 -0.1492 0.3454
vn 0.8937 -0.2038 -0.3997
vn 0.9142 -0.0945 -0.3941
vn 0.2279 -0.3616 0.9040
vn -0.5109 -0.0707 0.8567
vn -0.5724 -0.0863 0.8154
vn -0.8973 -0.0866 -0.4329
vn -0.4465 -0.2115 -0.8695
vn -0.4469 -0.0392 -0.8937
vn 0.2598 -0.1574 -0.9527
vn 0.4156 -0.0000 -0.9095
vn 0.3847 0.1492 -0.9109
vn -0.4229 0.2271 -0.8772
vn -0.4327 0.1495 -0.8890
vn -0.9030 0.2199 -0.3690
vn -0.9339 0.1177 -0.3375
vn -0.9141 0.1654 0.3703
vn -0.9404 0.0470 0.3369
vn 0.9406 -0.1097 -0.3214
vn 0.3848 0.1492 -0.9109
vn 0.4156 -0.0000 -0.9096
vn -0.4327 0.1495 -0.8891
vn -0.8973 -0.0865 -0.4329
vn -0.9855 -0.1576 -0.0631
vn -0.9515 -0.1651 0.2595
vn -0.5724 -0.0862 0.8155
vn -0.9339 -0.1178 0.3375
vn -0.5578 -0.2436 0.7934
vn 0.9265 -0.1492 0.3455
vn 0.9111 -0.0550 0.4084
vn -0.9712 0.1723 -0.1645
vn -0.8632 0.2746 -0.4237
vn -0.7769 0.1098 -0.6199
vn 0.7473 0.0708 -0.6607
vn 0.6131 -0.0786 -0.7861
vn 0.9820 -0.0079 0.1885
vn 0.4081 0.4238 0.8086
vn 0.5095 0.6427 0.5722
vn 0.9653 0.2198 0.1413
vn 0.9820 -0.0079 0.1886
vn -0.2915 -0.0788 -0.9533
vn -0.0079 0.0236 -0.9997
vn -0.7637 -0.0000 -0.6456
vn 0.9653 0.2197 0.1413
vn 0.9820 -0.0078 0.1885
vn 0.4082 0.4239 0.8085
vn -0.9712 0.1724 -0.1645
vn -0.8863 0.4549 0.0863
vn -0.8631 0.2746 -0.4238
vn -0.0156 0.2664 -0.9637
vn -0.7769 0.1099 -0.6200
vn 0.7472 0.0708 -0.6608
vn -0.0078 0.0236 -0.9997
vn -0.0157 0.1260 -0.9919
vn 0.7021 0.5522 0.4496
vn 0.9837 0.0866 0.1574
vn 0.9569 0.2816 0.0707
vn 0.8498 -0.0000 -0.5272
vn 0.7715 0.1338 -0.6219
vn 0.0157 0.0393 -0.9991
vn -0.0157 0.2664 -0.9637
vn -0.3466 0.7089 0.6143
vn -0.5590 0.3228 0.7637
vn -0.9258 0.2824 0.2511
vn -0.9857 0.0626 0.1565
vn -0.7637 -0.0000 -0.6455
vn -0.9011 -0.0470 -0.4310
vn 0.9499 -0.1335 -0.2826
vn 0.6283 0.0236 -0.7776
vn 0.9593 -0.0629 -0.2752
vn -0.2974 -0.0000 0.9548
vn 0.4628 0.0157 0.8863
vn 0.4098 -0.1576 0.8984
vn -0.5578 -0.2435 0.7935
vn -0.4082 0.0628 0.9107
vn 0.4856 -0.1879 0.8538
vn 0.5209 -0.0473 0.8523
vn 0.9442 -0.1809 0.2754
vn 0.9012 -0.0940 0.4231
vn 0.9205 -0.1652 0.3540
vn -0.4472 -0.1177 0.8866
vn -0.8585 -0.0315 0.5119
vn -0.8975 0.0079 0.4409
vn -0.9788 -0.0235 -0.2036
vn -0.9857 0.0625 0.1565
vn -0.5590 0.3228 0.7638
vn 0.4082 0.4238 0.8086
vn 0.9820 -0.0078 0.1886
vn 0.9205 -0.1652 0.3541
vn 0.9012 -0.0940 0.4232
vn -0.9562 0.0784 -0.2821
vn -0.2281 0.1101 -0.9674
vn -0.4869 -0.0550 -0.8717
vn 0.3988 -0.0626 -0.9149
vn 0.8990 -0.0156 0.4377
vn 0.9611 0.0158 -0.2757
vn 0.5248 0.0940 -0.8460
vn -0.3148 0.1967 -0.9286
vn -0.8660 0.2204 0.4488
vn -0.3705 0.1104 0.9223
vn 0.4090 -0.0157 0.9124
vn 0.8942 -0.0235 0.4471
vn 0.9750 0.0315 -0.2201
vn 0.9406 -0.1097 -0.3213
vn -0.8497 0.0079 0.5271
vn -0.4148 -0.0626 0.9078
vn 0.4000 -0.1098 0.9099
vn 0.8989 -0.0157 0.4378
vn -0.9403 0.0471 0.3370
vn -0.9140 0.1655 0.3704
vn -0.9030 0.2199 -0.3691
vn -0.9241 0.2741 -0.2662
vn -0.4229 0.2272 -0.8772
vn -0.4092 0.2361 -0.8814
vn 0.5163 0.1408 -0.8448
vn 0.9749 0.0315 -0.2202
vn 0.4173 -0.1417 0.8976
vn -0.3381 -0.1022 0.9356
vn -0.8557 0.0864 0.5103
vn -0.9332 0.2118 -0.2902
vn -0.2588 -0.0470 0.9648
vn -0.5188 -0.1022 0.8488
vn 0.5109 -0.0707 0.8567
vn -0.4155 -0.0000 -0.9096
vn -0.3847 0.1493 -0.9109
vn -0.9397 -0.1175 -0.3211
vn -0.9265 -0.1491 0.3455
vn -0.9142 -0.0946 -0.3940
vn -0.8937 -0.2038 -0.3998
vn -0.5187 -0.1022 0.8488
vn -0.9111 -0.0549 0.4085
vn -0.4857 -0.1880 0.8537
vn 0.5577 -0.2435 0.7935
vn -0.2280 -0.3616 0.9040
vn 0.6142 -0.3307 0.7166
vn -0.9142 -0.0946 -0.3941
vn -0.2599 -0.1575 -0.9527
vn -0.3142 -0.2043 -0.9271
vn 0.4464 -0.2115 -0.8695
vn -0.8936 -0.2038 -0.3998
vn -0.4156 -0.0000 -0.9095
vn -0.2598 -0.1574 -0.9527
vn 0.4469 -0.0392 -0.8937
vn 0.4465 -0.2115 -0.8695
vn 0.8973 -0.0866 -0.4329
vn -0.2279 -0.3616 0.9040
vn -0.7929 -0.1570 0.5888
vn -0.4856 -0.1880 0.8537
vn -0.9265 -0.1492 0.3455
vn -0.9602 -0.1496 0.2361
vn 0.9404 0.0470 0.3369
vn 0.9141 0.1654 0.3703
vn 0.9339 0.1177 -0.3375
vn 0.9030 0.2199 -0.3690
vn 0.4327 0.1495 -0.8890
vn 0.4229 0.2271 -0.8772
vn -0.3847 0.1492 -0.9109
vn -0.3848 0.1492 -0.9109
vn 0.4327 0.1495 -0.8891
vn 0.8973 -0.0865 -0.4329
vn 0.9855 -0.1576 -0.0631
vn 0.9339 -0.1177 0.3375
vn 0.9515 -0.1651 0.2595
vn 0.5724 -0.0862 0.8154
vn -0.9111 -0.0550 0.4084
vn 0.5109 -0.0708 0.8567
vn 0.6142 -0.3307 0.7165
vn 0.5578 -0.2436 0.7934
vn 0.9403 0.0470 0.3370
vn -0.9820 -0.0079 0.1886
vn -0.7473 0.0708 -0.6607
vn -0.9653 0.2197 0.1413
vn 0.7777 0.0157 -0.6284
vn 0.0079 0.0236 -0.9997
vn 0.2915 -0.0788 -0.9533
vn -0.4082 0.4239 0.8085
vn -0.9820 -0.0078 0.1886
vn -0.7021 0.5522 0.4497
vn -0.9567 0.2823 0.0706
vn -0.9837 0.0866 0.1574
vn -0.7715 0.1338 -0.6219
vn -0.8497 -0.0000 -0.5272
vn 0.0157 0.2664 -0.9637
vn 0.7769 0.1099 -0.6200
vn -0.0157 0.0393 -0.9991
vn 0.8631 0.2747 -0.4237
vn 0.0156 0.2664 -0.9637
vn 0.7777 0.0157 -0.6285
vn 0.0157 0.1260 -0.9919
vn 0.0078 0.0236 -0.9997
vn -0.7473 0.0708 -0.6608
vn -0.6132 -0.0786 -0.7860
vn 0.7769 0.1098 -0.6199
vn 0.8632 0.2746 -0.4237
vn 0.9712 0.1723 -0.1645
vn 0.8863 0.4549 0.0863
vn -0.9653 0.2198 0.1413
vn -0.5094 0.6427 0.5722
vn 0.3466 0.7088 0.6143
vn 0.5903 0.3228 0.7398
vn 0.9198 0.3301 0.2122
vn 0.9873 0.0548 0.1489
vn 0.9102 -0.0706 -0.4081
vn 0.4472 -0.1177 0.8866
vn 0.8497 0.0079 0.5272
vn 0.4148 -0.0626 0.9078
vn -0.4628 0.0157 0.8863
vn 0.2974 -0.0000 0.9548
vn -0.4098 -0.1576 0.8984
vn -0.4000 -0.1098 0.9099
vn -0.9012 -0.0940 0.4232
vn -0.8989 -0.0156 0.4378
vn -0.3988 -0.0626 -0.9149
vn -0.6131 -0.0786 -0.7861
vn -0.9499 -0.1335 -0.2826
vn -0.9820 -0.0079 0.1885
vn -0.9205 -0.1652 0.3540
vn 0.9562 0.0784 -0.2822
vn 0.9788 -0.0235 -0.2036
vn 0.4869 -0.0550 -0.8717
vn 0.9102 -0.0706 -0.4080
vn -0.9895 0.0314 -0.1413
vn -0.9602 -0.1495 0.2361
vn -0.9398 -0.1175 -0.3210
vn 0.5903 0.3227 0.7399
vn -0.4081 0.4239 0.8086
vn -0.9205 -0.1652 0.3541
vn 0.8585 -0.0315 0.5119
vn 0.9051 -0.0158 0.4250
vn 0.2281 0.1101 -0.9674
vn -0.6283 0.0236 -0.7776
vn -0.9593 -0.0629 -0.2752
vn -0.9012 -0.0940 0.4231
vn -0.8990 -0.0156 0.4377
vn -0.9611 0.0158 -0.2757
vn -0.5248 0.0940 -0.8460
vn 0.3148 0.1967 -0.9286
vn 0.9333 0.2117 -0.2902
vn 0.5578 -0.2435 0.7935
vn 0.4082 0.0628 0.9107
vn -0.4856 -0.1879 0.8538
vn -0.5209 -0.0473 0.8523
vn -0.8942 -0.0235 0.4471
vn 0.3705 0.1104 0.9223
vn 0.8660 0.2204 0.4488
vn 0.9140 0.1655 0.3704
vn 0.9241 0.2741 -0.2663
vn 0.9030 0.2199 -0.3691
vn 0.4092 0.2361 -0.8814
vn -0.5162 0.1408 -0.8448
vn -0.9895 0.0314 -0.1414
vn -0.4090 -0.0157 0.9124
vn 0.8557 0.0864 0.5102
vn 0.3381 -0.1022 0.9356
vn -0.4173 -0.1417 0.8976
vn 0.9707 -0.0783 0.2270
vn 0.9588 -0.0707 -0.2750
vn 0.9588 -0.0707 -0.2751
vn 0.9142 -0.0945 -0.3940
vn -0.4393 -0.0863 0.8942
vn -0.9091 -0.1411 0.3919
vn -0.9920 -0.0000 -0.1259
vn -0.4788 -0.1962 -0.8557
vn 0.3143 -0.2043 -0.9271
vn 0.6915 -0.1022 0.7151
vn 0.2589 -0.0471 0.9648
vn 0.1735 -0.1183 0.9777
vn -0.4486 -0.1889 0.8736
vn -0.5723 -0.0863 0.8155
vn -0.9066 -0.2286 0.3547
vn -0.9515 -0.1652 0.2595
vn -0.9553 -0.2506 -0.1566
vn -0.9855 -0.1577 -0.0631
vn -0.7993 -0.2272 -0.5564
vn -0.4465 -0.2115 -0.8694
vn 0.6530 -0.0551 0.7553
vn 0.9469 -0.0235 0.3208
vn 0.9975 -0.0314 0.0628
vn 0.6112 -0.7914 0.0078
vn 0.4634 -0.8641 0.1964
vn -0.9157 0.3789 0.1342
vn -0.9712 0.1723 -0.1644
vn 0.5906 -0.7088 -0.3858
vn 0.0469 -0.5322 -0.8453
vn 0.2197 0.9182 0.3296
vn 0.7021 0.5522 0.4497
vn -0.4729 0.7881 0.3941
vn 0.0157 0.0394 -0.9991
vn 0.9787 0.1331 0.1566
vn 0.3154 0.6387 0.7018
vn -0.6514 -0.4787 -0.5886
vn 0.0470 -0.5322 -0.8453
vn -0.5447 0.7737 0.3237
vn -0.5428 0.5978 0.5899
vn -0.7304 -0.4869 0.4790
vn 0.4323 -0.2279 0.8725
vn -0.5638 -0.8222 -0.0782
vn -0.7480 -0.6614 0.0551
vn -0.5745 -0.8184 -0.0157
vn -0.7303 -0.4869 0.4791
vn 0.4970 -0.8678 -0.0000
vn -0.5638 -0.8222 -0.0783
vn 0.5906 -0.7087 -0.3859
vn -0.6514 -0.4788 -0.5886
vn -0.9975 -0.0314 0.0628
vn -0.0158 0.0393 -0.9991
vn -0.0469 -0.5322 -0.8453
vn -0.5906 -0.7088 -0.3859
vn -0.2197 0.9182 0.3296
vn 0.4729 0.7881 0.3941
vn -0.7021 0.5522 0.4496
vn -0.3154 0.6387 0.7018
vn -0.9787 0.1331 0.1566
vn -0.6112 -0.7914 0.0078
vn -0.0470 -0.5322 -0.8453
vn 0.6514 -0.4787 -0.5886
vn 0.9712 0.1723 -0.1644
vn -0.4323 -0.2279 0.8724
vn 0.7303 -0.4869 0.4791
vn 0.5427 0.5978 0.5900
vn 0.9157 0.3789 0.1342
vn 0.5447 0.7737 0.3237
vn 0.5745 -0.8183 -0.0158
vn 0.7480 -0.6614 0.0552
vn 0.5638 -0.8222 -0.0784
vn 0.6514 -0.4788 -0.5886
vn -0.5906 -0.7087 -0.3859
vn 0.5638 -0.8222 -0.0783
vn -0.4634 -0.8641 0.1964
vn 0.7480 -0.6614 0.0551
vn 0.5745 -0.8184 -0.0157
vn -0.4970 -0.8678 -0.0000
vn -0.4324 -0.2279 0.8724
vn 0.7993 -0.2272 -0.5564
vn 0.8973 -0.0866 -0.4328
vn 0.4465 -0.2115 -0.8694
vn -0.9707 -0.0783 0.2270
vn -0.9469 -0.0235 0.3208
vn -0.9707 -0.0783 -0.2270
vn -0.9588 -0.0708 -0.2751
vn -0.9588 -0.0707 -0.2750
vn -0.9142 -0.0945 -0.3941
vn 0.9092 -0.1411 0.3918
vn 0.4393 -0.0863 0.8942
vn -0.3143 -0.2043 -0.9271
vn 0.4788 -0.1962 -0.8557
vn -0.2589 -0.0471 0.9648
vn -0.6915 -0.1022 0.7151
vn 0.9855 -0.1577 -0.0631
vn 0.9553 -0.2506 -0.1566
vn 0.9515 -0.1652 0.2595
vn 0.9066 -0.2286 0.3547
vn 0.5723 -0.0863 0.8155
vn 0.4486 -0.1889 0.8736
vn -0.1735 -0.1183 0.9777
vn -0.6530 -0.0551 0.7553
vn 0.8160 -0.1804 -0.5492
vt 0.987183 0.128601
vt 0.907074 0.185822
vt 0.987183 0.219971
vt 0.699554 0.295074
vt 0.829163 0.355652
vt 0.698975 0.355652
vt 0.913696 0.580414
vt 0.987183 0.620453
vt 0.913696 0.681061
vt 0.907074 0.012299
vt 0.987183 0.038391
vt 0.907074 0.069458
vt 0.689362 0.774261
vt 0.668243 0.652344
vt 0.689362 0.565887
vt 0.668243 0.542969
vt 0.913696 0.739899
vt 0.987183 0.739899
vt 0.987183 0.673889
vt 0.808990 0.633789
vt 0.808990 0.739899
vt 0.698029 0.739899
vt 0.698029 0.608337
vt 0.697296 0.487213
vt 0.829010 0.487396
vt 0.913696 0.457581
vt 0.987183 0.526184
vt 0.812500 0.198914
vt 0.818481 0.295349
vt 0.913696 0.260803
vt 0.913696 0.347778
vt 0.987183 0.327393
vt 0.987183 0.414154
vt 0.699554 0.012299
vt 0.810211 0.096344
vt 0.699554 0.152252
vt 0.987183 0.067993
vt 0.987701 0.011871
vt 0.987183 0.573212
vt 0.806732 0.012299
vt 0.808990 0.562592
vt 0.794830 0.487305
vt 0.591522 0.774261
vt 0.571594 0.691406
vt 0.571594 0.746094
vt 0.571594 0.566406
vt 0.571594 0.636719
vt 0.602936 0.636719
vt 0.571594 0.485046
vt 0.620605 0.566406
vt 0.629242 0.647675
vt 0.689362 0.407837
vt 0.668243 0.326538
vt 0.660187 0.407837
vt 0.597015 0.774261
vt 0.598206 0.691406
vt 0.608826 0.774261
vt 0.636322 0.774261
vt 0.648956 0.562500
vt 0.654602 0.471252
vt 0.571594 0.199219
vt 0.571594 0.113281
vt 0.601471 0.121094
vt 0.597015 0.058594
vt 0.628479 0.058594
vt 0.624542 0.136719
vt 0.598663 0.207031
vt 0.625092 0.214844
vt 0.597595 0.276093
vt 0.628143 0.281250
vt 0.636322 0.324219
vt 0.636139 0.407837
vt 0.668243 0.774261
vt 0.668243 0.011414
vt 0.668243 0.152344
vt 0.689362 0.144531
vt 0.668243 0.222656
vt 0.689362 0.217438
vt 0.689362 0.329865
vt 0.604889 0.011414
vt 0.579590 0.055328
vt 0.568817 0.011414
vt 0.571594 0.058594
vt 0.571594 0.323120
vt 0.572052 0.271790
vt 0.339844 0.011414
vt 0.378906 0.011414
vt 0.339844 0.082031
vt 0.285156 0.011414
vt 0.222656 0.097656
vt 0.222656 0.011414
vt 0.160156 0.097656
vt 0.167969 0.011414
vt 0.113281 0.089844
vt 0.121094 0.011414
vt 0.066406 0.082031
vt 0.074219 0.011414
vt 0.012573 0.082031
vt 0.012573 0.011414
vt 0.551300 0.011505
vt 0.551300 0.082092
vt 0.496094 0.011414
vt 0.496094 0.089844
vt 0.425781 0.011414
vt 0.425781 0.089844
vt 0.378906 0.082031
vt 0.571594 0.424561
vt 0.689362 0.011414
vt 0.144531 0.339844
vt 0.066406 0.277344
vt 0.144531 0.277344
vt 0.146942 0.430450
vt 0.116150 0.380432
vt 0.089844 0.433594
vt 0.012573 0.410156
vt 0.012573 0.363281
vt 0.199219 0.339844
vt 0.193268 0.423187
vt 0.425781 0.167969
vt 0.496094 0.167969
vt 0.496094 0.277344
vt 0.551300 0.277405
vt 0.551300 0.363342
vt 0.269531 0.402344
vt 0.192932 0.446686
vt 0.238281 0.386719
vt 0.141815 0.453918
vt 0.082031 0.386719
vt 0.012573 0.277344
vt 0.199219 0.277344
vt 0.371094 0.269531
vt 0.417969 0.277344
vt 0.496094 0.394531
vt 0.551300 0.410217
vt 0.496094 0.441406
vt 0.417969 0.449219
vt 0.416107 0.404755
vt 0.363892 0.455780
vt 0.363892 0.407623
vt 0.269531 0.464844
vt 0.316406 0.269531
vt 0.261719 0.277344
vt 0.946014 0.966888
vt 0.985077 0.953583
vt 0.980011 0.979462
vt 0.504974 0.916199
vt 0.463318 0.754028
vt 0.561340 0.776398
vt 0.107147 0.860352
vt 0.098175 0.916199
vt 0.012085 0.916199
vt 0.560486 0.916199
vt 0.423157 0.743835
vt 0.441437 0.842102
vt 0.384918 0.916199
vt 0.012115 0.776398
vt 0.929657 0.947815
vt 0.978333 0.880890
vt 0.987976 0.881195
vt 0.978333 0.860077
vt 0.444519 0.916199
vt 0.906647 0.885040
vt 0.925781 0.871185
vt 0.936707 0.881775
vt 0.978333 0.881775
vt 0.987976 0.860077
vt 0.196747 0.916199
vt 0.187347 0.872131
vt 0.293793 0.916199
vt 0.304504 0.834045
vt 0.348083 0.738373
vt 0.524689 0.637848
vt 0.478516 0.566559
vt 0.524597 0.565979
vt 0.177307 0.746735
vt 0.116211 0.757538
vt 0.115845 0.644531
vt 0.199219 0.480469
vt 0.144531 0.480469
vt 0.559937 0.567719
vt 0.559937 0.634766
vt 0.171234 0.644531
vt 0.260712 0.644531
vt 0.282349 0.743622
vt 0.344604 0.630585
vt 0.011932 0.634766
vt 0.012390 0.567719
vt 0.344604 0.566559
vt 0.412872 0.566559
vt 0.414948 0.632660
vt 0.472504 0.644531
vt 0.559937 0.513916
vt 0.519531 0.511169
vt 0.477814 0.511169
vt 0.403412 0.511169
vt 0.269531 0.497620
vt 0.203674 0.504303
vt 0.148987 0.504303
vt 0.085358 0.491058
vt 0.012573 0.481049
vt 0.262207 0.566559
vt 0.175385 0.566559
vt 0.101593 0.566528
vt 0.013245 0.513916
vt 0.363525 0.493744
vt 0.422424 0.490936
vt 0.496063 0.487610
vt 0.551300 0.474335
vt 0.089020 0.511200
vt 0.179413 0.511169
vt 0.266632 0.511169
vt 0.346191 0.511169
vt 0.058594 0.175781
vt 0.012573 0.175781
vt 0.551300 0.175842
vt 0.285156 0.089844
vt 0.105469 0.191406
vt 0.152344 0.199219
vt 0.207031 0.199219
vt 0.277344 0.191406
vt 0.332031 0.183594
vt 0.378906 0.175781
vt 0.941589 0.853790
vt 0.886719 0.828644
vt 0.925781 0.828644
vt 0.861023 0.966888
vt 0.978333 0.828644
vt 0.987976 0.828644
vt 0.886536 0.868256
vt 0.904633 0.931030
vt 0.824219 0.841980
vt 0.749359 0.850922
vt 0.980011 0.966888
vt 0.980011 0.988556
vt 0.988586 0.966888
vt 0.988586 0.988556
vt 0.873474 0.935455
vt 0.753906 0.959839
vt 0.744385 0.977234
vt 0.723328 0.838287
vt 0.940948 0.988556
vt 0.918915 0.988556
vt 0.861023 0.988556
vt 0.721039 0.760803
vt 0.721039 0.823090
vt 0.767212 0.761688
vt 0.783813 0.823273
vt 0.860321 0.761688
vt 0.873596 0.822174
vt 0.901642 0.761688
vt 0.908295 0.822174
vt 0.971619 0.761688
vt 0.971619 0.822174
vt 0.987915 0.791931
vt 0.824219 0.828644
s 1
usemtl f_body128.png
f 1396/508/1096 1397/509/1097 1398/510/1098
f 1399/511/1099 1400/512/1100 1401/513/1101
f 1402/514/1102 1403/515/1103 1404/516/1104
f 1405/517/1105 1406/518/1106 1407/519/1107
f 1408/520/1108 1409/521/1109 1410/522/1110
f 1410/522/1110 1409/521/1109 1411/523/1111
f 1412/513/1112 1413/512/1113 1414/511/1114
f 1415/516/1115 1416/524/1116 1417/525/1117
f 1417/525/1117 1416/524/1116 1404/516/1104
f 1417/525/1117 1404/516/1104 1418/526/1118
f 1418/526/1118 1404/516/1104 1403/515/1103
f 1397/509/1097 1396/508/1096 1419/519/1119
f 1420/527/1120 1421/528/1121 1422/529/1122
f 1422/529/1122 1421/528/1121 1423/527/1123
f 1422/529/1122 1423/527/1123 1424/530/1124
f 1424/530/1124 1423/527/1123 1425/531/1125
f 1426/512/1126 1427/532/1127 1428/533/1128
f 1428/533/1128 1427/532/1127 1429/514/1129
f 1428/533/1128 1429/514/1129 1430/534/1130
f 1431/535/1131 1432/536/1132 1433/537/1133
f 1433/537/1133 1432/536/1132 1434/538/1134
f 1433/537/1133 1434/538/1134 1435/539/1135
f 1435/539/1135 1434/538/1134 1436/540/1136
f 1437/541/1137 1438/542/1138 1439/543/1139
f 1439/543/1139 1438/542/1138 1440/535/1140
f 1439/543/1139 1440/535/1140 1441/511/1099
f 1441/511/1099 1440/535/1140 1442/536/1141
f 1441/511/1099 1442/536/1141 1443/512/1100
f 1396/508/1096 1444/544/1142 1445/519/1119
f 1445/519/1119 1444/544/1142 1446/518/1143
f 1445/519/1119 1446/518/1143 1447/517/1105
f 1447/517/1105 1446/518/1143 1448/545/1144
f 1447/517/1105 1448/545/1144 1406/518/1106
f 1449/525/1145 1450/526/1146 1451/516/1147
f 1451/516/1147 1450/526/1146 1452/515/1148
f 1451/516/1147 1452/515/1148 1453/514/1149
f 1453/514/1149 1452/515/1148 1454/546/1150
f 1453/514/1149 1454/546/1150 1430/534/1151
f 1406/518/1152 1455/544/1153 1456/519/1107
f 1456/519/1107 1455/544/1153 1457/508/1154
f 1456/519/1107 1457/508/1154 1458/509/1155
f 1458/509/1155 1457/508/1154 1459/510/1156
f 1458/509/1155 1459/510/1156 1460/537/1157
f 1460/537/1157 1459/510/1156 1461/539/1158
f 1460/537/1157 1461/539/1158 1462/538/1159
f 1462/538/1159 1461/539/1158 1463/540/1160
f 1462/538/1159 1463/540/1160 1464/533/1161
f 1464/533/1161 1463/540/1160 1465/534/1162
f 1464/533/1161 1465/534/1162 1466/514/1163
f 1466/514/1163 1465/534/1162 1467/546/1164
f 1466/514/1163 1467/546/1164 1403/515/1103
f 1430/534/1130 1436/540/1136 1428/533/1128
f 1428/533/1128 1436/540/1136 1434/538/1134
f 1428/533/1128 1434/538/1134 1468/512/1126
f 1468/512/1126 1434/538/1134 1432/536/1132
f 1468/512/1126 1432/536/1132 1414/511/1114
f 1414/511/1114 1432/536/1132 1469/535/1165
f 1414/511/1114 1469/535/1165 1470/543/1166
f 1470/543/1166 1469/535/1165 1471/542/1167
f 1470/543/1166 1471/542/1167 1472/541/1168
f 1472/541/1168 1471/542/1167 1473/547/1169
f 1472/541/1168 1473/547/1169 1474/542/1170
f 1435/539/1135 1398/510/1098 1433/537/1133
f 1433/537/1133 1398/510/1098 1397/509/1097
f 1433/537/1133 1397/509/1097 1431/535/1131
f 1431/535/1131 1397/509/1097 1419/519/1119
f 1431/535/1131 1419/519/1119 1475/542/1171
f 1475/542/1171 1419/519/1119 1405/517/1105
f 1475/542/1171 1405/517/1105 1473/547/1169
f 1473/547/1169 1405/517/1105 1407/519/1107
f 1473/547/1169 1407/519/1107 1474/542/1170
f 1474/542/1170 1407/519/1107 1476/509/1155
f 1474/542/1170 1476/509/1155 1477/535/1172
f 1477/535/1172 1476/509/1155 1478/537/1173
f 1477/535/1172 1478/537/1173 1442/536/1141
f 1442/536/1141 1478/537/1173 1479/538/1174
f 1442/536/1141 1479/538/1174 1443/512/1100
f 1443/512/1100 1479/538/1174 1480/533/1161
f 1443/512/1100 1480/533/1161 1481/532/1175
f 1481/532/1175 1480/533/1161 1402/514/1163
f 1481/532/1175 1402/514/1163 1482/548/1176
f 1482/548/1176 1402/514/1163 1483/516/1104
f 1482/548/1176 1483/516/1104 1484/527/1177
f 1484/527/1177 1483/516/1104 1485/524/1178
f 1484/527/1177 1485/524/1178 1486/528/1121
f 1486/528/1121 1485/524/1178 1487/516/1147
f 1486/528/1121 1487/516/1147 1488/527/1179
f 1488/527/1179 1487/516/1147 1429/514/1129
f 1488/527/1179 1429/514/1129 1489/548/1180
f 1489/548/1180 1429/514/1129 1490/532/1181
f 1489/548/1180 1490/532/1181 1491/549/1182
f 1492/550/1183 1493/551/1184 1494/552/1185
f 1495/551/1186 1496/550/1187 1497/552/1188
f 1498/553/1189 1499/554/1190 1500/555/1191
f 1501/556/1192 1498/553/1193 1502/557/1194
f 1502/557/1194 1498/553/1193 1503/555/1191
f 1502/557/1194 1503/555/1191 1504/558/1195
f 1505/559/1196 1506/560/1197 1507/561/1198
f 1508/562/1199 1509/550/1187 1510/563/1200
f 1510/563/1200 1509/550/1187 1511/551/1201
f 1510/563/1200 1511/551/1201 1512/555/1202
f 1512/555/1202 1511/551/1201 1513/554/1203
f 1512/555/1202 1513/554/1203 1514/553/1204
f 1515/529/1122 1516/530/1205 1517/527/1177
f 1517/527/1177 1516/530/1205 1518/531/1206
f 1517/527/1177 1518/531/1206 1519/548/1176
f 1519/548/1176 1518/531/1206 1520/549/1207
f 1519/548/1176 1520/549/1207 1521/532/1208
f 1522/551/1209 1523/550/1210 1524/563/1211
f 1524/563/1211 1523/550/1210 1525/562/1199
f 1524/563/1211 1525/562/1199 1526/564/1212
f 1526/564/1212 1525/562/1199 1527/563/1213
f 1526/564/1212 1527/563/1213 1528/558/1214
f 1528/558/1214 1527/563/1213 1529/555/1215
f 1528/558/1214 1529/555/1215 1530/557/1216
f 1530/557/1216 1529/555/1215 1531/553/1217
f 1530/557/1216 1531/553/1217 1532/556/1218
f 1499/554/1190 1533/551/1219 1500/555/1191
f 1500/555/1191 1533/551/1219 1534/563/1220
f 1500/555/1191 1534/563/1220 1535/558/1195
f 1535/558/1195 1534/563/1220 1536/564/1221
f 1535/558/1195 1536/564/1221 1537/565/1222
f 1537/565/1222 1536/564/1221 1538/558/1214
f 1537/565/1222 1538/558/1214 1539/521/1109
f 1539/521/1109 1538/558/1214 1540/566/1223
f 1539/521/1109 1540/566/1223 1541/523/1111
f 1541/523/1111 1540/566/1223 1542/567/1224
f 1541/523/1111 1542/567/1224 1543/522/1225
f 1543/522/1225 1542/567/1224 1544/559/1226
f 1545/568/1227 1546/569/1228 1547/570/1229
f 1547/570/1229 1546/569/1228 1548/571/1230
f 1547/570/1229 1548/571/1230 1549/572/1231
f 1549/572/1231 1548/571/1230 1550/570/1232
f 1549/572/1231 1550/570/1232 1551/573/1233
f 1551/573/1233 1550/570/1232 1552/574/1234
f 1551/573/1233 1552/574/1234 1553/575/1235
f 1553/575/1235 1552/574/1234 1554/576/1236
f 1553/575/1235 1554/576/1236 1555/577/1237
f 1555/577/1237 1554/576/1236 1556/578/1238
f 1555/577/1237 1556/578/1238 1557/560/1239
f 1557/560/1239 1556/578/1238 1558/579/1240
f 1557/560/1239 1558/579/1240 1559/561/1241
f 1559/561/1241 1558/579/1240 1560/567/1242
f 1559/561/1241 1560/567/1242 1561/559/1196
f 1561/559/1196 1560/567/1242 1562/522/1243
f 1563/520/1108 1564/580/1244 1565/521/1109
f 1566/580/1244 1567/520/1245 1568/521/1246
f 1568/521/1246 1567/520/1245 1569/522/1243
f 1568/521/1246 1569/522/1243 1570/523/1247
f 1570/523/1247 1569/522/1243 1571/567/1242
f 1570/523/1247 1571/567/1242 1572/566/1248
f 1573/531/1249 1574/548/1180 1575/549/1182
f 1576/548/1180 1577/531/1125 1578/527/1179
f 1579/581/1250 1580/582/1251 1581/583/1252
f 1581/583/1252 1580/582/1251 1582/584/1253
f 1581/583/1252 1582/584/1253 1583/585/1254
f 1583/585/1254 1582/584/1253 1584/560/1255
f 1583/585/1254 1584/560/1255 1585/586/1256
f 1585/586/1256 1584/560/1255 1586/559/1196
f 1587/587/1257 1588/588/1258 1589/589/1259
f 1590/587/1260 1591/571/1230 1592/588/1187
f 1592/588/1187 1591/571/1230 1593/569/1261
f 1592/588/1187 1593/569/1261 1594/590/1262
f 1595/591/1263 1596/576/1264 1597/578/1265
f 1597/578/1265 1596/576/1264 1598/577/1266
f 1597/578/1265 1598/577/1266 1599/560/1267
f 1599/560/1267 1598/577/1266 1600/584/1268
f 1599/560/1267 1600/584/1268 1601/585/1269
f 1601/585/1269 1600/584/1268 1602/582/1270
f 1601/585/1269 1602/582/1270 1603/583/1271
f 1603/583/1271 1602/582/1270 1604/581/1250
f 1605/591/1272 1606/592/1273 1607/576/1274
f 1607/576/1274 1606/592/1273 1608/568/1275
f 1607/576/1274 1608/568/1275 1609/574/1276
f 1609/574/1276 1608/568/1275 1610/570/1277
f 1609/574/1276 1610/570/1277 1611/573/1278
f 1611/573/1278 1610/570/1277 1612/572/1231
f 1611/573/1278 1612/572/1231 1604/581/1250
f 1604/581/1250 1612/572/1231 1613/573/1233
f 1604/581/1250 1613/573/1233 1614/582/1279
f 1614/582/1279 1613/573/1233 1615/575/1280
f 1614/582/1279 1615/575/1280 1616/584/1281
f 1616/584/1281 1615/575/1280 1617/577/1282
f 1616/584/1281 1617/577/1282 1618/560/1255
f 1619/569/1283 1620/588/1183 1621/590/1185
f 1622/593/1284 1623/594/1285 1624/595/1286
f 1625/523/1247 1626/566/1248 1627/521/1246
f 1628/596/1287 1629/597/1288 1630/598/1289
f 1630/598/1289 1629/597/1288 1631/599/1290
f 1630/598/1289 1631/599/1290 1632/600/1291
f 1632/600/1291 1631/599/1290 1633/601/1292
f 1632/600/1291 1633/601/1292 1634/602/1190
f 1634/602/1190 1633/601/1292 1635/603/1293
f 1634/602/1190 1635/603/1293 1636/604/1184
f 1636/604/1184 1635/603/1293 1637/605/1294
f 1636/604/1184 1637/605/1294 1638/606/1185
f 1639/607/1295 1640/608/1296 1641/609/1283
f 1641/609/1283 1640/608/1296 1642/610/1297
f 1641/609/1283 1642/610/1297 1643/611/1298
f 1643/611/1298 1642/610/1297 1644/612/1299
f 1643/611/1298 1644/612/1299 1645/594/1300
f 1645/594/1300 1644/612/1299 1646/613/1301
f 1645/594/1300 1646/613/1301 1647/595/1286
f 1648/576/1302 1649/574/1303 1650/568/1304
f 1650/568/1304 1649/574/1303 1651/570/1305
f 1650/568/1304 1651/570/1305 1619/569/1283
f 1619/569/1283 1651/570/1305 1652/571/1230
f 1619/569/1283 1652/571/1230 1620/588/1183
f 1620/588/1183 1652/571/1230 1653/587/1306
f 1620/588/1183 1653/587/1306 1654/589/1199
f 1655/568/1298 1656/592/1307 1657/576/1236
f 1657/576/1236 1656/592/1307 1658/591/1284
f 1657/576/1236 1658/591/1284 1659/578/1238
f 1659/578/1238 1658/591/1284 1660/614/1308
f 1659/578/1238 1660/614/1308 1661/579/1240
f 1661/579/1240 1660/614/1308 1662/556/1192
f 1661/579/1240 1662/556/1192 1663/567/1309
f 1663/567/1309 1662/556/1192 1664/557/1194
f 1663/567/1309 1664/557/1194 1665/566/1310
f 1665/566/1310 1664/557/1194 1666/558/1195
f 1665/566/1310 1666/558/1195 1667/521/1311
f 1667/521/1311 1666/558/1195 1668/565/1312
f 1669/579/1313 1670/560/1314 1671/561/1315
f 1672/560/1316 1673/579/1317 1674/578/1318
f 1674/578/1318 1673/579/1317 1675/614/1319
f 1674/578/1318 1675/614/1319 1676/591/1320
f 1677/556/1218 1678/567/1321 1679/557/1216
f 1679/557/1216 1678/567/1321 1680/566/1322
f 1679/557/1216 1680/566/1322 1681/558/1323
f 1682/585/1324 1683/586/1325 1670/560/1314
f 1670/560/1314 1683/586/1325 1684/559/1326
f 1670/560/1314 1684/559/1326 1671/561/1315
f 1671/561/1315 1684/559/1326 1685/567/1224
f 1671/561/1315 1685/567/1224 1669/579/1313
f 1669/579/1313 1685/567/1224 1686/556/1218
f 1669/579/1313 1686/556/1218 1687/614/1319
f 1688/575/1327 1689/584/1328 1690/577/1329
f 1691/595/1330 1692/594/1331 1693/593/1263
f 1690/577/1329 1694/576/1264 1688/575/1327
f 1688/575/1327 1694/576/1264 1695/574/1276
f 1688/575/1327 1695/574/1276 1696/573/1332
f 1689/584/1328 1688/575/1327 1697/582/1270
f 1697/582/1270 1688/575/1327 1696/573/1332
f 1697/582/1270 1696/573/1332 1698/581/1250
f 1699/606/1188 1700/605/1333 1701/604/1186
f 1701/604/1186 1700/605/1333 1702/603/1334
f 1701/604/1186 1702/603/1334 1703/602/1203
f 1703/602/1203 1702/603/1334 1704/601/1335
f 1703/602/1203 1704/601/1335 1705/600/1336
f 1705/600/1336 1704/601/1335 1706/599/1337
f 1705/600/1336 1706/599/1337 1707/598/1338
f 1707/598/1338 1706/599/1337 1708/597/1339
f 1707/598/1338 1708/597/1339 1709/596/1319
f 1710/595/1330 1711/613/1340 1712/594/1341
f 1712/594/1341 1711/613/1340 1713/612/1342
f 1712/594/1341 1713/612/1342 1714/611/1227
f 1714/611/1227 1713/612/1342 1715/610/1343
f 1714/611/1227 1715/610/1343 1716/609/1228
f 1716/609/1228 1715/610/1343 1717/608/1344
f 1716/609/1228 1717/608/1344 1718/607/1262
f 1719/580/1244 1720/565/1312 1721/521/1109
f 1722/583/1345 1723/615/1346 1724/581/1250
f 1724/581/1250 1723/615/1346 1725/583/1271
f 1720/565/1312 1719/580/1244 1726/521/1311
f 1727/616/1347 1728/617/1348 1729/618/1349
f 1730/616/1347 1731/619/1350 1732/620/1351
f 1733/621/1352 1734/622/1353 1735/623/1354
f 1736/624/1355 1737/625/1356 1731/619/1350
f 1738/617/1357 1739/616/1347 1732/620/1351
f 1740/626/1358 1741/627/1359 1742/628/1360
f 1742/628/1360 1741/627/1359 1743/629/1361
f 1742/628/1360 1743/629/1361 1744/630/1354
f 1745/631/1362 1746/632/1363 1747/633/1364
f 1748/634/1365 1749/621/1366 1750/635/1367
f 1750/635/1367 1749/621/1366 1751/623/1368
f 1750/635/1367 1751/623/1368 1752/636/1369
f 1753/619/1370 1730/616/1347 1754/624/1371
f 1754/624/1371 1730/616/1347 1755/618/1349
f 1754/624/1371 1755/618/1349 1756/637/1372
f 1757/638/1373 1758/626/1374 1759/639/1375
f 1759/639/1375 1758/626/1374 1760/628/1376
f 1759/639/1375 1760/628/1376 1761/640/1377
f 1761/640/1377 1760/628/1376 1744/630/1354
f 1761/640/1377 1744/630/1354 1762/641/1353
f 1763/642/1378 1764/643/1379 1765/644/1380
f 1765/644/1380 1764/643/1379 1766/645/1381
f 1765/644/1380 1766/645/1381 1767/646/1382
f 1767/646/1382 1766/645/1381 1768/647/1383
f 1767/646/1382 1768/647/1383 1769/631/1384
f 1770/641/1385 1771/642/1386 1772/640/1387
f 1772/640/1387 1771/642/1386 1773/644/1388
f 1772/640/1387 1773/644/1388 1774/639/1375
f 1774/639/1375 1773/644/1388 1775/646/1382
f 1774/639/1375 1775/646/1382 1776/638/1389
f 1776/638/1389 1775/646/1382 1777/631/1384
f 1776/638/1389 1777/631/1384 1778/648/1390
f 1778/648/1390 1777/631/1384 1779/633/1364
f 1778/648/1390 1779/633/1364 1780/649/1391
f 1781/637/1392 1782/649/1391 1736/624/1355
f 1736/624/1355 1782/649/1391 1783/633/1393
f 1736/624/1355 1783/633/1393 1737/625/1356
f 1737/625/1356 1783/633/1393 1784/632/1394
f 1737/625/1356 1784/632/1394 1731/619/1350
f 1731/619/1350 1784/632/1394 1785/634/1365
f 1731/619/1350 1785/634/1365 1732/620/1351
f 1732/620/1351 1785/634/1365 1786/635/1395
f 1732/620/1351 1786/635/1395 1787/617/1396
f 1787/617/1396 1786/635/1395 1788/636/1361
f 1789/650/1397 1790/651/1398 1791/652/1399
f 1792/653/1400 1793/654/1401 1794/655/1402
f 1795/656/1403 1796/657/1404 1797/658/1405
f 1798/659/1405 1799/653/1400 1800/655/1406
f 1801/660/1407 1802/661/1408 1803/662/1409
f 1797/658/1410 1804/663/1411 1805/656/1412
f 1806/651/1398 1807/650/1413 1808/664/1414
f 1809/665/1415 1810/666/1416 1811/667/1417
f 1812/654/1401 1813/653/1418 1814/661/1419
f 1814/661/1419 1813/653/1418 1815/668/1420
f 1814/661/1419 1815/668/1420 1816/662/1409
f 1817/669/1421 1818/670/1422 1819/671/1423
f 1819/671/1423 1818/670/1422 1820/667/1424
f 1819/671/1423 1820/667/1424 1821/672/1425
f 1821/672/1425 1820/667/1424 1822/673/1426
f 1821/672/1425 1822/673/1426 1823/666/1427
f 1824/657/1404 1825/656/1412 1826/674/1428
f 1826/674/1428 1825/656/1412 1827/675/1429
f 1826/674/1428 1827/675/1429 1828/676/1430
f 1828/676/1430 1827/675/1429 1829/677/1431
f 1828/676/1430 1829/677/1431 1830/662/1432
f 1830/662/1432 1829/677/1431 1831/678/1433
f 1830/662/1432 1831/678/1433 1832/660/1407
f 1833/679/1434 1834/680/1435 1835/681/1436
f 1836/682/1437 1837/683/1438 1838/684/1439
f 1839/632/1440 1840/685/1441 1841/634/1442
f 1841/634/1442 1840/685/1441 1842/686/1443
f 1841/634/1442 1842/686/1443 1843/621/1444
f 1835/681/1436 1844/687/1445 1833/679/1434
f 1833/679/1434 1844/687/1445 1845/688/1446
f 1833/679/1434 1845/688/1446 1846/655/1402
f 1838/684/1439 1847/689/1447 1836/682/1437
f 1836/682/1437 1847/689/1447 1848/690/1448
f 1836/682/1437 1848/690/1448 1849/691/1449
f 1849/691/1449 1848/690/1448 1850/692/1450
f 1849/691/1449 1850/692/1450 1851/678/1433
f 1851/678/1433 1852/677/1451 1849/691/1449
f 1849/691/1449 1852/677/1451 1853/675/1452
f 1849/691/1449 1853/675/1452 1836/682/1437
f 1836/682/1437 1853/675/1452 1854/656/1453
f 1836/682/1437 1854/656/1453 1837/683/1438
f 1837/683/1438 1854/656/1453 1855/663/1454
f 1837/683/1438 1855/663/1454 1838/684/1439
f 1838/684/1439 1855/663/1454 1856/693/1455
f 1838/684/1439 1856/693/1455 1857/694/1456
f 1858/695/1457 1859/696/1458 1860/697/1459
f 1860/697/1459 1859/696/1458 1861/698/1460
f 1860/697/1459 1861/698/1460 1862/660/1407
f 1862/660/1407 1861/698/1460 1863/654/1401
f 1862/660/1407 1863/654/1401 1864/661/1408
f 1865/699/1461 1844/687/1445 1866/700/1462
f 1866/700/1462 1844/687/1445 1835/681/1436
f 1866/700/1462 1835/681/1436 1867/701/1463
f 1867/701/1463 1835/681/1436 1834/680/1435
f 1867/701/1463 1834/680/1435 1868/702/1464
f 1869/703/1465 1870/704/1466 1840/685/1441
f 1840/685/1441 1870/704/1466 1871/705/1467
f 1840/685/1441 1871/705/1467 1842/686/1443
f 1842/686/1443 1871/705/1467 1872/706/1468
f 1842/686/1443 1872/706/1468 1843/621/1444
f 1843/621/1444 1872/706/1468 1873/707/1469
f 1843/621/1444 1873/707/1469 1874/622/1470
f 1862/660/1407 1851/678/1433 1860/697/1459
f 1860/697/1459 1851/678/1433 1850/692/1450
f 1860/697/1459 1850/692/1450 1858/695/1457
f 1858/695/1457 1850/692/1450 1848/690/1448
f 1858/695/1457 1848/690/1448 1875/708/1471
f 1875/708/1471 1848/690/1448 1847/689/1447
f 1875/708/1471 1847/689/1447 1876/709/1472
f 1876/709/1472 1847/689/1447 1838/684/1439
f 1876/709/1472 1838/684/1439 1877/710/1473
f 1877/710/1473 1838/684/1439 1857/694/1456
f 1877/710/1473 1857/694/1456 1878/711/1474
f 1839/632/1440 1879/631/1475 1840/685/1441
f 1840/685/1441 1879/631/1475 1880/647/1476
f 1840/685/1441 1880/647/1476 1869/703/1465
f 1869/703/1465 1880/647/1476 1881/645/1477
f 1869/703/1465 1881/645/1477 1882/712/1478
f 1882/712/1478 1881/645/1477 1883/643/1479
f 1882/712/1478 1883/643/1479 1884/713/1480
f 1884/713/1480 1883/643/1479 1885/642/1386
f 1884/713/1480 1885/642/1386 1886/714/1481
f 1886/714/1481 1885/642/1386 1887/641/1385
f 1886/714/1481 1887/641/1385 1888/715/1482
f 1878/711/1474 1889/716/1483 1877/710/1473
f 1877/710/1473 1889/716/1483 1890/717/1484
f 1877/710/1473 1890/717/1484 1876/709/1472
f 1876/709/1472 1890/717/1484 1891/718/1485
f 1876/709/1472 1891/718/1485 1875/708/1471
f 1875/708/1471 1891/718/1485 1892/719/1486
f 1875/708/1471 1892/719/1486 1858/695/1457
f 1858/695/1457 1892/719/1486 1868/702/1464
f 1858/695/1457 1868/702/1464 1859/696/1458
f 1859/696/1458 1868/702/1464 1834/680/1435
f 1859/696/1458 1834/680/1435 1861/698/1460
f 1861/698/1460 1834/680/1435 1833/679/1434
f 1861/698/1460 1833/679/1434 1863/654/1401
f 1863/654/1401 1833/679/1434 1846/655/1402
f 1893/618/1487 1894/616/1488 1895/624/1489
f 1896/640/1490 1897/642/1491 1898/641/1492
f 1899/635/1493 1900/636/1494 1901/623/1495
f 1902/616/1496 1903/618/1487 1904/617/1497
f 1905/634/1498 1906/632/1499 1907/619/1500
f 1907/619/1500 1906/632/1499 1908/625/1501
f 1909/630/1495 1910/629/1502 1911/628/1503
f 1911/628/1503 1910/629/1502 1912/627/1504
f 1911/628/1503 1912/627/1504 1913/626/1505
f 1914/641/1492 1915/630/1506 1916/640/1507
f 1916/640/1507 1915/630/1506 1917/628/1508
f 1916/640/1507 1917/628/1508 1918/639/1509
f 1918/639/1509 1917/628/1508 1919/626/1510
f 1918/639/1509 1919/626/1510 1920/638/1511
f 1921/619/1512 1922/620/1513 1923/634/1514
f 1923/634/1514 1922/620/1513 1924/635/1515
f 1923/634/1514 1924/635/1515 1925/621/1516
f 1925/621/1516 1924/635/1515 1901/623/1495
f 1925/621/1516 1901/623/1495 1926/622/1492
f 1927/631/1517 1928/647/1518 1929/646/1519
f 1929/646/1519 1928/647/1518 1930/645/1520
f 1929/646/1519 1930/645/1520 1931/644/1521
f 1931/644/1521 1930/645/1520 1932/643/1522
f 1931/644/1521 1932/643/1522 1933/642/1523
f 1934/642/1524 1935/640/1507 1936/644/1525
f 1936/644/1525 1935/640/1507 1937/639/1509
f 1936/644/1525 1937/639/1509 1938/646/1519
f 1938/646/1519 1937/639/1509 1920/638/1526
f 1938/646/1519 1920/638/1526 1939/631/1517
f 1939/631/1517 1920/638/1526 1940/648/1527
f 1939/631/1517 1940/648/1527 1941/633/1528
f 1941/633/1528 1940/648/1527 1942/649/1529
f 1941/633/1528 1942/649/1529 1943/624/1489
f 1943/624/1489 1942/649/1529 1944/637/1530
f 1943/624/1489 1944/637/1530 1945/618/1487
f 1946/636/1494 1947/635/1515 1948/617/1531
f 1948/617/1531 1947/635/1515 1949/620/1513
f 1948/617/1531 1949/620/1513 1950/616/1496
f 1950/616/1496 1949/620/1513 1951/619/1500
f 1950/616/1496 1951/619/1500 1895/624/1532
f 1895/624/1532 1951/619/1500 1952/625/1533
f 1895/624/1532 1952/625/1533 1953/633/1528
f 1953/633/1528 1952/625/1533 1954/632/1534
f 1953/633/1528 1954/632/1534 1955/631/1535
f 1956/655/1536 1957/653/1537 1958/659/1538
f 1959/662/1539 1960/661/1540 1961/660/1541
f 1962/656/1542 1963/663/1543 1964/658/1538
f 1965/669/1544 1966/671/1545 1967/670/1546
f 1967/670/1546 1966/671/1545 1968/672/1547
f 1967/670/1546 1968/672/1547 1969/667/1548
f 1969/667/1548 1968/672/1547 1970/666/1549
f 1971/667/1550 1972/673/1551 1973/665/1552
f 1973/665/1552 1972/673/1551 1974/666/1553
f 1975/662/1554 1976/668/1555 1977/661/1556
f 1977/661/1556 1976/668/1555 1978/653/1557
f 1977/661/1556 1978/653/1557 1979/654/1558
f 1979/654/1558 1978/653/1557 1980/655/1543
f 1981/652/1559 1982/651/1560 1983/650/1561
f 1983/650/1561 1982/651/1560 1984/664/1562
f 1985/658/1563 1986/657/1564 1987/656/1542
f 1987/656/1542 1986/657/1564 1988/674/1565
f 1987/656/1542 1988/674/1565 1989/675/1566
f 1989/675/1566 1988/674/1565 1990/676/1567
f 1989/675/1566 1990/676/1567 1991/677/1568
f 1991/677/1568 1990/676/1567 1992/662/1539
f 1991/677/1568 1992/662/1539 1993/678/1569
f 1993/678/1569 1992/662/1539 1994/660/1541
f 1995/689/1570 1996/708/1571 1997/709/1572
f 1998/683/1573 1999/682/1574 2000/684/1575
f 2000/684/1575 1999/682/1574 1995/689/1570
f 1995/689/1570 1997/709/1572 2000/684/1575
f 2000/684/1575 1997/709/1572 2001/710/1576
f 2000/684/1575 2001/710/1576 2002/694/1577
f 2002/694/1577 2001/710/1576 2003/711/1578
f 2004/698/1579 2005/654/1580 2006/679/1581
f 2006/679/1581 2005/654/1580 2007/655/1582
f 2006/679/1581 2007/655/1582 2008/688/1583
f 2009/695/1584 2010/692/1585 2011/697/1586
f 2011/697/1586 2010/692/1585 2012/678/1587
f 2011/697/1586 2012/678/1587 2013/660/1541
f 2014/707/1588 2015/621/1589 2016/622/1590
f 2017/675/1591 1999/682/1574 2018/656/1592
f 2018/656/1592 1999/682/1574 1998/683/1573
f 2018/656/1592 1998/683/1573 2019/663/1536
f 2019/663/1536 1998/683/1573 2000/684/1575
f 2019/663/1536 2000/684/1575 2020/693/1593
f 2020/693/1593 2000/684/1575 2002/694/1577
f 1996/708/1571 1995/689/1570 2021/690/1594
f 2021/690/1594 1995/689/1570 1999/682/1574
f 2021/690/1594 1999/682/1574 2022/691/1595
f 2022/691/1595 1999/682/1574 2017/675/1591
f 2022/691/1595 2017/675/1591 2023/677/1568
f 2024/696/1596 2004/698/1579 2025/680/1597
f 2025/680/1597 2004/698/1579 2006/679/1581
f 2025/680/1597 2006/679/1581 2026/681/1598
f 2026/681/1598 2006/679/1581 2008/688/1583
f 2026/681/1598 2008/688/1583 2027/687/1599
f 2027/687/1599 2028/699/1600 2026/681/1598
f 2026/681/1598 2028/699/1600 2029/700/1601
f 2026/681/1598 2029/700/1601 2025/680/1597
f 2025/680/1597 2029/700/1601 2030/701/1602
f 2025/680/1597 2030/701/1602 2024/696/1596
f 2024/696/1596 2030/701/1602 2031/702/1603
f 2024/696/1596 2031/702/1603 2032/719/1604
f 2033/631/1535 2034/632/1605 2035/685/1606
f 2035/685/1606 2034/632/1605 2036/634/1607
f 2035/685/1606 2036/634/1607 2037/686/1608
f 2037/686/1608 2036/634/1607 2015/621/1589
f 2037/686/1608 2015/621/1589 2038/706/1609
f 2038/706/1609 2015/621/1589 2014/707/1588
f 2039/704/1610 2040/703/1611 2041/647/1612
f 2041/647/1612 2040/703/1611 2042/712/1613
f 2041/647/1612 2042/712/1613 2043/645/1614
f 2043/645/1614 2042/712/1613 2044/713/1615
f 2043/645/1614 2044/713/1615 2045/643/1522
f 2045/643/1522 2044/713/1615 2046/714/1616
f 2045/643/1522 2046/714/1616 2047/642/1524
f 2047/642/1524 2046/714/1616 2048/715/1617
f 2047/642/1524 2048/715/1617 2049/641/1492
f 2038/706/1609 2050/705/1618 2037/686/1608
f 2037/686/1608 2050/705/1618 2039/704/1610
f 2037/686/1608 2039/704/1610 2035/685/1606
f 2035/685/1606 2039/704/1610 2041/647/1612
f 2035/685/1606 2041/647/1612 2033/631/1535
f 2051/661/1540 2005/654/1580 2013/660/1541
f 2013/660/1541 2005/654/1580 2004/698/1579
f 2013/660/1541 2004/698/1579 2011/697/1586
f 2011/697/1586 2004/698/1579 2024/696/1596
f 2011/697/1586 2024/696/1596 2009/695/1584
f 2009/695/1584 2024/696/1596 2032/719/1604
f 2009/695/1584 2032/719/1604 2052/718/1619
f 2023/677/1568 2012/678/1587 2022/691/1595
f 2022/691/1595 2012/678/1587 2010/692/1585
f 2022/691/1595 2010/692/1585 2021/690/1594
f 2021/690/1594 2010/692/1585 2009/695/1584
f 2021/690/1594 2009/695/1584 1996/708/1571
f 1996/708/1571 2009/695/1584 2052/718/1619
f 1996/708/1571 2052/718/1619 1997/709/1572
f 1997/709/1572 2052/718/1619 2053/717/1620
f 1997/709/1572 2053/717/1620 2001/710/1576
f 2001/710/1576 2053/717/1620 2054/716/1621
f 2001/710/1576 2054/716/1621 2003/711/1578
f 2055/720/1622 2056/721/1623 2057/605/1294
f 2058/610/1297 2059/608/1296 2060/722/1624
f 2061/617/1396 2062/636/1625 2056/721/1623
f 2063/597/1626 2064/596/1287 2065/723/1627
f 2065/723/1627 2064/596/1287 2066/593/1628
f 2065/723/1627 2066/593/1628 2067/595/1286
f 2068/612/1629 2058/610/1297 2069/627/1630
f 2069/627/1630 2058/610/1297 2060/722/1624
f 2069/627/1630 2060/722/1624 2070/629/1369
f 2056/721/1623 2055/720/1622 2061/617/1396
f 2061/617/1396 2055/720/1622 2071/724/1631
f 2061/617/1396 2071/724/1631 2072/618/1632
f 2071/724/1631 2073/725/1633 2072/618/1632
f 2072/618/1632 2073/725/1633 2074/726/1634
f 2072/618/1632 2074/726/1634 2075/637/1635
f 2075/637/1635 2074/726/1634 2076/727/1636
f 2075/637/1635 2076/727/1636 2077/649/1637
f 2077/649/1637 2076/727/1636 2078/728/1638
f 2077/649/1637 2078/728/1638 2079/648/1639
f 2079/648/1639 2078/728/1638 2080/729/1640
f 2079/648/1639 2080/729/1640 2081/638/1373
f 2081/638/1373 2080/729/1640 2082/626/1641
f 2069/627/1630 2082/626/1641 2068/612/1629
f 2068/612/1629 2082/626/1641 2080/729/1640
f 2068/612/1629 2080/729/1640 2083/613/1301
f 2083/613/1301 2080/729/1640 2078/728/1638
f 2083/613/1301 2078/728/1638 2067/595/1286
f 2067/595/1286 2078/728/1638 2076/727/1636
f 2067/595/1286 2076/727/1636 2065/723/1627
f 2065/723/1627 2076/727/1636 2074/726/1634
f 2065/723/1627 2074/726/1634 2063/597/1626
f 2063/597/1626 2074/726/1634 2073/725/1633
f 2063/597/1626 2073/725/1633 2084/599/1290
f 2084/599/1290 2073/725/1633 2071/724/1631
f 2084/599/1290 2071/724/1631 2085/601/1642
f 2085/601/1642 2071/724/1631 2055/720/1622
f 2085/601/1642 2055/720/1622 2086/603/1643
f 2086/603/1643 2055/720/1622 2057/605/1294
f 2087/730/1644 2088/731/1645 2089/732/1646
f 2090/733/1647 2091/664/1414 2092/650/1648
f 2093/669/1422 2094/669/1421 2087/730/1644
f 2095/667/1424 2096/734/1649 2097/673/1426
f 2097/673/1426 2096/734/1649 2098/735/1650
f 2099/730/1651 2100/736/1644 2101/730/1421
f 2094/669/1652 2102/737/1653 2103/736/1651
f 2089/732/1646 2096/734/1649 2087/730/1644
f 2087/730/1644 2096/734/1649 2095/667/1424
f 2087/730/1644 2095/667/1424 2104/670/1422
f 2105/666/1427 2097/673/1654 2106/667/1417
f 2088/731/1645 2087/730/1644 2107/738/1655
f 2107/738/1655 2087/730/1644 2103/736/1651
f 2107/738/1655 2103/736/1651 2108/739/1656
f 2092/650/1648 2109/740/1417 2110/741/1657
f 2110/741/1657 2109/740/1417 2111/742/1426
f 2110/741/1657 2111/742/1426 2112/743/1658
f 2113/744/1659 2090/733/1647 2114/745/1660
f 2114/745/1660 2090/733/1647 2115/746/1661
f 2114/745/1660 2115/746/1661 2116/747/1662
f 2110/741/1657 2117/748/1663 2092/650/1648
f 2092/650/1648 2117/748/1663 2118/749/1664
f 2092/650/1648 2118/749/1664 2090/733/1647
f 2090/733/1647 2118/749/1664 2119/750/1665
f 2090/733/1647 2119/750/1665 2115/746/1661
f 2120/751/1662 2121/752/1666 2122/753/1667
f 2122/753/1667 2121/752/1666 2123/754/1665
f 2122/753/1667 2123/754/1665 2124/755/1645
f 2124/755/1645 2123/754/1665 2125/756/1664
f 2124/755/1645 2125/756/1664 2126/757/1646
f 2126/757/1646 2125/756/1664 2127/758/1668
f 2126/757/1646 2127/758/1668 2128/759/1669
f 2128/759/1669 2127/758/1668 2129/760/1670
f 2128/759/1669 2129/760/1670 2130/761/1650
f 2091/664/1414 2090/733/1647 2102/737/1653
f 2102/737/1653 2090/733/1647 2113/744/1659
f 2102/737/1653 2113/744/1659 2103/736/1651
f 2103/736/1651 2113/744/1659 2114/745/1660
f 2103/736/1651 2114/745/1660 2108/739/1656
f 2108/739/1656 2114/745/1660 2116/747/1662
f 2108/739/1656 2116/747/1662 2107/738/1655
f 2107/738/1655 2116/747/1662 2131/762/1667
f 2107/738/1655 2131/762/1667 2088/731/1645
f 2132/730/1546 2133/670/1671 2134/669/1544
f 2135/673/1672 2136/735/1673 2137/734/1674
f 2138/730/1671 2139/670/1546 2140/667/1548
f 2141/736/1675 2142/737/1676 2134/669/1677
f 2143/739/1678 2141/736/1675 2144/738/1679
f 2144/738/1679 2141/736/1675 2138/730/1671
f 2144/738/1679 2138/730/1671 2145/731/1680
f 2146/743/1681 2147/742/1551 2148/741/1682
f 2148/741/1682 2147/742/1551 2149/740/1550
f 2148/741/1682 2149/740/1550 2150/650/1683
f 2151/747/1684 2152/746/1685 2153/745/1686
f 2153/745/1686 2152/746/1685 2154/733/1687
f 2153/745/1686 2154/733/1687 2155/744/1688
f 2156/736/1677 2133/670/1671 2157/669/1675
f 2152/746/1685 2158/750/1689 2154/733/1687
f 2154/733/1687 2158/750/1689 2159/749/1690
f 2154/733/1687 2159/749/1690 2150/650/1683
f 2150/650/1683 2159/749/1690 2160/748/1691
f 2150/650/1683 2160/748/1691 2148/741/1682
f 2161/761/1681 2162/760/1692 2163/759/1693
f 2163/759/1693 2162/760/1692 2164/758/1694
f 2163/759/1693 2164/758/1694 2165/757/1695
f 2165/757/1695 2164/758/1694 2166/756/1696
f 2165/757/1695 2166/756/1696 2167/755/1680
f 2167/755/1680 2166/756/1696 2168/754/1697
f 2167/755/1680 2168/754/1697 2169/753/1698
f 2169/753/1698 2168/754/1697 2170/752/1685
f 2169/753/1698 2170/752/1685 2171/751/1699
f 2172/666/1549 2135/673/1672 2140/667/1548
f 2140/667/1548 2135/673/1672 2137/734/1674
f 2140/667/1548 2137/734/1674 2138/730/1671
f 2138/730/1671 2137/734/1674 2173/732/1695
f 2138/730/1671 2173/732/1695 2145/731/1680
f 2150/650/1683 2174/664/1562 2154/733/1687
f 2154/733/1687 2174/664/1562 2142/737/1676
f 2154/733/1687 2142/737/1676 2155/744/1688
f 2155/744/1688 2142/737/1676 2141/736/1675
f 2155/744/1688 2141/736/1675 2153/745/1686
f 2153/745/1686 2141/736/1675 2143/739/1678
f 2153/745/1686 2143/739/1678 2151/747/1684
f 2151/747/1684 2143/739/1678 2144/738/1679
f 2151/747/1684 2144/738/1679 2175/762/1698
f 2175/762/1698 2144/738/1679 2145/731/1680
f 2176/729/1700 2177/638/1701 2178/626/1702
f 2179/720/1703 2180/603/1704 2181/605/1705
f 2182/722/1706 2183/608/1344 2184/610/1343
f 2185/721/1707 2186/636/1708 2187/617/1531
f 2188/595/1330 2189/593/1263 2190/723/1709
f 2190/723/1709 2189/593/1263 2191/596/1319
f 2190/723/1709 2191/596/1319 2192/597/1710
f 2193/629/1502 2182/722/1706 2194/627/1711
f 2194/627/1711 2182/722/1706 2184/610/1343
f 2194/627/1711 2184/610/1343 2195/612/1712
f 2196/618/1713 2197/724/1714 2187/617/1531
f 2187/617/1531 2197/724/1714 2179/720/1703
f 2187/617/1531 2179/720/1703 2185/721/1707
f 2185/721/1707 2179/720/1703 2181/605/1705
f 2177/638/1701 2176/729/1700 2198/648/1715
f 2198/648/1715 2176/729/1700 2199/728/1716
f 2198/648/1715 2199/728/1716 2200/649/1717
f 2200/649/1717 2199/728/1716 2201/727/1718
f 2200/649/1717 2201/727/1718 2202/637/1719
f 2202/637/1719 2201/727/1718 2203/726/1720
f 2202/637/1719 2203/726/1720 2196/618/1713
f 2196/618/1713 2203/726/1720 2204/725/1721
f 2196/618/1713 2204/725/1721 2197/724/1714
f 2180/603/1704 2179/720/1703 2205/601/1722
f 2205/601/1722 2179/720/1703 2197/724/1714
f 2205/601/1722 2197/724/1714 2206/599/1337
f 2206/599/1337 2197/724/1714 2204/725/1721
f 2206/599/1337 2204/725/1721 2192/597/1710
f 2192/597/1710 2204/725/1721 2203/726/1720
f 2192/597/1710 2203/726/1720 2190/723/1709
f 2190/723/1709 2203/726/1720 2201/727/1718
f 2190/723/1709 2201/727/1718 2188/595/1330
f 2188/595/1330 2201/727/1718 2199/728/1716
f 2188/595/1330 2199/728/1716 2207/613/1723
f 2207/613/1723 2199/728/1716 2176/729/1700
f 2207/613/1723 2176/729/1700 2195/612/1712
f 2195/612/1712 2176/729/1700 2178/626/1702
f 2195/612/1712 2178/626/1702 2194/627/1711
