mtllib f_body017.mtl
o editpl_f-0000-72
v -69.931412 33.639732 -1.972654
v -67.804497 33.825817 -2.039335
v -67.804497 34.297447 -0.682374
v -69.973740 37.791359 0.873520
v -69.973740 34.368031 0.873520
v -67.804497 35.269581 0.753494
v -69.931412 33.639732 -1.972654
v -69.973740 34.368031 0.873520
v -67.804497 35.269581 0.753494
v -67.804497 33.825817 -2.039335
v -69.931412 33.639732 -1.972654
v -67.804497 34.018318 -3.356288
v -69.986961 34.817204 -4.497647
v -67.804497 34.987244 -4.873284
v -67.804497 35.269581 0.753494
v -67.804497 37.428814 0.753494
v -69.973740 37.791359 0.873520
v -67.804497 38.792370 -1.213600
v -69.973740 39.032997 -1.086906
v -67.804497 38.811619 -2.997321
v -69.973740 39.032997 -3.008435
v -67.804497 37.428814 -4.873284
v -69.973740 37.791359 -4.753258
v -67.804497 34.987244 -4.873284
v -69.986961 34.817204 -4.497647
v -53.360561 39.636169 1.328063
v -47.752293 40.287468 1.672583
v -47.580341 41.282063 0.114466
v -42.678398 37.929317 -6.153562
v -44.196861 37.528271 -6.129113
v -44.196861 38.028778 -5.973523
v -52.254780 40.983685 0.088905
v -59.984669 39.982674 -1.096908
v -60.315346 38.471531 0.060010
v -39.990662 32.706097 -1.899305
v -30.901031 32.828014 -2.459425
v -30.903679 32.786304 -0.392309
v -43.781532 38.959206 -4.109785
v -38.673244 39.786964 -3.081784
v -38.673244 37.550732 -6.253584
v -53.831444 32.645138 -0.202268
v -60.817970 33.216225 -1.179147
v -60.817970 33.273975 -2.473874
v -60.455551 35.186165 0.363409
v -60.540203 33.947735 0.013333
v -53.939907 33.559521 1.175809
v -46.635929 32.263340 -1.364743
v -53.831444 32.247299 -1.809284
v -53.831444 32.645138 -3.931968
v -47.580341 41.282063 0.114466
v -45.649193 41.089561 0.077792
v -43.551380 40.483177 -2.468317
v -60.817970 33.273975 -2.473874
v -60.817970 33.565937 -4.218698
v -53.834091 33.780899 -5.853497
v -60.185719 36.193592 -6.194683
v -59.939697 38.160320 -5.609000
v -53.032532 38.660828 -5.853497
v -59.984669 39.957005 -3.215146
v -52.148964 40.913101 -2.571673
v -59.984669 39.982674 -1.096908
v -47.752293 40.287468 1.672583
v -39.234074 39.973049 -0.930205
v -45.649193 41.089561 0.077792
v -38.673244 39.786964 -3.081784
v -43.551380 40.483177 -2.468317
v -43.781532 38.959206 -4.109785
v -47.752293 40.287468 1.672583
v -53.360561 39.636169 1.328063
v -53.659492 37.380688 1.853733
v -45.228573 33.216225 0.056676
v -53.939907 33.559521 1.175809
v -53.831444 32.645138 -0.202268
v -60.540203 33.947735 0.013333
v -60.817970 33.216225 -1.179147
v -44.196861 37.181767 -6.593658
v -42.678398 37.043808 -6.613662
v -42.678398 33.845066 -6.153562
v -48.503590 36.190384 -6.433623
v -44.196861 33.941319 -6.329155
v -49.561752 34.082485 -5.909064
v -45.016937 32.661179 -5.133340
v -46.657093 32.914639 -4.443191
v -45.469303 32.879349 -3.146241
v -60.817970 33.273975 -2.473874
v -53.831444 32.247299 -1.809284
v -53.831444 32.645138 -0.202268
v -46.635929 32.263340 -1.364743
v -45.228573 33.216225 0.056676
v -39.990662 32.706097 -1.899305
v -39.781673 33.225853 0.836846
v -30.903679 32.786304 -0.392309
v -30.903679 33.687855 3.114007
v -48.366028 38.304695 -5.603443
v -49.252239 36.299465 -6.473632
v -53.032532 38.660828 -5.853497
v -53.519287 36.260967 -6.647003
v -60.185719 36.193592 -6.194683
v -53.834091 33.780899 -5.853497
v -60.434387 34.720951 -5.608999
v -47.916309 32.597012 -3.019547
v -50.561718 33.408730 -5.613444
v -49.252239 36.299465 -6.473632
v -39.797546 37.740025 2.324947
v -39.567394 39.430836 1.100236
v -43.077854 37.675858 1.933751
v -47.569759 38.128239 2.039329
v -47.413681 37.027767 1.807056
v -53.715046 35.917671 1.535886
v -53.770599 34.781910 1.595899
v -44.196861 38.028778 -5.973523
v -43.781532 38.959206 -4.109785
v -38.673244 37.550732 -6.253584
v -38.673244 35.397915 -6.993745
v -42.678398 33.845066 -6.153562
v -38.673244 34.127403 -6.253583
v -39.990662 32.706097 -1.899305
v -30.903679 31.948921 -4.996644
v -30.901031 32.828014 -2.459425
v -53.770599 34.781910 1.595899
v -46.395199 34.435406 1.360293
v -42.686333 35.179749 1.859290
v -39.797546 34.297447 2.324947
v -30.903679 37.249146 3.114007
v -39.567394 39.430836 1.100236
v -30.901031 39.430836 -0.579018
v -30.901031 39.430836 -0.579018
v -39.234074 39.973049 -0.930205
v -53.659492 37.380688 1.853733
v -60.455551 35.186165 0.363409
v -53.939907 33.559521 1.175809
v -46.395199 34.435406 1.360293
v -45.228573 33.216225 0.056676
v -42.686333 35.179749 1.859290
v -39.781673 33.225853 0.836846
v -39.797546 34.297447 2.324947
v -30.903679 33.687855 3.114007
v -30.903679 37.249146 3.114007
v -59.984669 39.982674 -1.096908
v -52.254780 40.983685 0.088905
v -52.148964 40.913101 -2.571673
v -47.580341 41.144100 -2.563893
v -53.032532 38.660828 -5.853497
v -47.471882 39.408375 -3.686360
v -48.366028 38.304695 -5.603443
v -47.442780 38.230904 -5.353389
v -49.252239 36.299465 -6.473632
v -47.281410 37.720776 -5.909065
v -48.503590 36.190384 -6.433623
v -53.519287 36.260967 -6.647003
v -39.990662 32.706097 -1.899305
v -47.281410 37.720776 -5.909065
v -47.442780 38.230904 -5.353389
v -43.781532 38.959206 -4.109785
v -47.471882 39.408375 -3.686360
v -43.551380 40.483177 -2.468317
v -47.580341 41.144100 -2.563893
v -52.254780 40.983685 0.088905
v -53.659492 37.380688 1.853733
v -60.399998 36.363636 0.571232
v -60.455551 35.186165 0.363409
v -60.817970 33.216225 -1.179147
v -67.804497 33.825817 -2.039335
v -60.817970 33.273975 -2.473874
v -47.752293 40.287468 1.672583
v -45.649193 41.089561 0.077792
v -47.580341 41.282063 0.114466
v -67.804497 37.428814 0.753494
v -67.804497 35.269581 0.753494
v -60.399998 36.363636 0.571232
v -67.804497 34.297447 -0.682374
v -60.540203 33.947735 0.013333
v -60.455551 35.186165 0.363409
v -60.315346 38.471531 0.060010
v -59.984669 39.982674 -1.096908
v -67.804497 38.792370 -1.213600
v -59.984669 39.957005 -3.215146
v -67.804497 38.811619 -2.997321
v -59.939697 38.160320 -5.609000
v -67.804497 37.428814 -4.873284
v -60.185719 36.193592 -6.194683
v -67.804497 34.987244 -4.873284
v -60.434387 34.720951 -5.608999
v -67.804497 34.018318 -3.356288
v -60.817970 33.565937 -4.218698
v -67.804497 33.825817 -2.039335
v -60.817970 33.273975 -2.473874
v 67.804497 35.269581 0.753494
v 69.973740 34.368031 0.873520
v 69.973740 37.791359 0.873520
v 69.931412 33.639732 -1.972654
v 69.973740 34.368031 0.873520
v 67.804497 34.297447 -0.682374
v 67.804497 35.269581 0.753494
v 67.804497 34.987244 -4.873284
v 69.986961 34.817204 -4.497647
v 67.804497 34.018318 -3.356288
v 69.931412 33.639732 -1.972654
v 67.804497 33.825817 -2.039335
v 67.804497 34.297447 -0.682374
v 69.986961 34.817204 -4.497647
v 67.804497 34.987244 -4.873284
v 69.973740 37.791359 -4.753258
v 67.804497 37.428814 -4.873284
v 69.973740 39.032997 -3.008435
v 67.804497 38.811619 -2.997321
v 69.973740 39.032997 -1.086906
v 67.804497 38.792370 -1.213600
v 69.973740 37.791359 0.873520
v 67.804497 37.428814 0.753494
v 67.804497 35.269581 0.753494
v 38.673244 37.550732 -6.253584
v 42.678398 37.043808 -6.613662
v 38.673244 35.397915 -6.993745
v 45.016937 32.661179 -5.133340
v 46.657093 32.914639 -4.443191
v 45.469303 32.879349 -3.146241
v 59.984669 39.982674 -1.096908
v 52.254780 40.983685 0.088905
v 60.315346 38.471531 0.060010
v 49.252239 36.299465 -6.473632
v 48.503590 36.190384 -6.433623
v 47.281410 37.720776 -5.909065
v 38.673244 39.786964 -3.081784
v 43.551380 40.483177 -2.468317
v 43.781532 38.959206 -4.109785
v 53.032532 38.660828 -5.853497
v 47.471882 39.408375 -3.686360
v 47.580341 41.144100 -2.563893
v 30.903679 32.786304 -0.392309
v 30.901031 32.828014 -2.459425
v 39.990662 32.706097 -1.899305
v 38.673244 37.550732 -6.253584
v 38.673244 39.786964 -3.081784
v 43.781532 38.959206 -4.109785
v 42.678398 37.043808 -6.613662
v 38.673244 37.550732 -6.253584
v 42.678398 37.929317 -6.153562
v 44.196861 38.028778 -5.973523
v 53.519287 36.260967 -6.647003
v 60.185719 36.193592 -6.194683
v 53.834091 33.780899 -5.853497
v 60.817970 33.273975 -2.473874
v 60.817970 33.216225 -1.179147
v 53.831444 32.645138 -0.202268
v 53.939907 33.559521 1.175809
v 60.540203 33.947735 0.013333
v 60.455551 35.186165 0.363409
v 53.831444 32.645138 -3.931968
v 53.831444 32.247299 -1.809284
v 46.635929 32.263340 -1.364743
v 43.551380 40.483177 -2.468317
v 45.649193 41.089561 0.077792
v 47.580341 41.282063 0.114466
v 52.254780 40.983685 0.088905
v 52.148964 40.913101 -2.571673
v 60.817970 33.216225 -1.179147
v 60.540203 33.947735 0.013333
v 53.831444 32.645138 -0.202268
v 53.939907 33.559521 1.175809
v 45.228573 33.216225 0.056676
v 30.901031 32.828014 -2.459425
v 30.903679 31.948921 -4.996644
v 39.990662 32.706097 -1.899305
v 38.673244 34.127403 -6.253583
v 42.678398 33.845066 -6.153562
v 43.077854 37.675858 1.933751
v 39.567394 39.430836 1.100236
v 39.797546 37.740025 2.324947
v 49.561752 34.082485 -5.909064
v 44.196861 33.941319 -6.329155
v 48.366028 38.304695 -5.603443
v 47.442780 38.230904 -5.353389
v 60.185719 36.193592 -6.194683
v 60.434387 34.720951 -5.608999
v 53.834091 33.780899 -5.853497
v 60.817970 33.565937 -4.218698
v 53.831444 32.645138 -3.931968
v 60.817970 33.273975 -2.473874
v 53.831444 32.247299 -1.809284
v 52.254780 40.983685 0.088905
v 59.984669 39.982674 -1.096908
v 59.984669 39.957005 -3.215146
v 53.032532 38.660828 -5.853497
v 59.939697 38.160320 -5.609000
v 46.395199 34.435406 1.360293
v 53.770599 34.781910 1.595899
v 47.413681 37.027767 1.807056
v 53.715046 35.917671 1.535886
v 47.569759 38.128239 2.039329
v 53.659492 37.380688 1.853733
v 47.752293 40.287468 1.672583
v 53.360561 39.636169 1.328063
v 47.580341 41.282063 0.114466
v 30.903679 33.687855 3.114007
v 30.903679 32.786304 -0.392309
v 39.781673 33.225853 0.836846
v 45.228573 33.216225 0.056676
v 46.635929 32.263340 -1.364743
v 53.831444 32.645138 -0.202268
v 53.831444 32.247299 -1.809284
v 60.817970 33.273975 -2.473874
v 50.561718 33.408730 -5.613444
v 47.916309 32.597012 -3.019547
v 39.234074 39.973049 -0.930205
v 30.901031 39.430836 -0.579018
v 39.567394 39.430836 1.100236
v 30.903679 37.249146 3.114007
v 39.797546 34.297447 2.324947
v 42.686333 35.179749 1.859290
v 43.551380 40.483177 -2.468317
v 38.673244 39.786964 -3.081784
v 39.234074 39.973049 -0.930205
v 47.752293 40.287468 1.672583
v 47.569759 38.128239 2.039329
v 47.413681 37.027767 1.807056
v 46.395199 34.435406 1.360293
v 44.196861 37.528271 -6.129113
v 44.196861 37.181767 -6.593658
v 39.990662 32.706097 -1.899305
v 53.519287 36.260967 -6.647003
v 30.903679 33.687855 3.114007
v 39.781673 33.225853 0.836846
v 45.228573 33.216225 0.056676
v 53.939907 33.559521 1.175809
v 53.770599 34.781910 1.595899
v 53.715046 35.917671 1.535886
v 60.399998 36.363636 0.571232
v 53.659492 37.380688 1.853733
v 60.315346 38.471531 0.060010
v 53.360561 39.636169 1.328063
v 42.678398 37.043808 -6.613662
v 38.673244 35.397915 -6.993745
v 38.673244 34.127403 -6.253583
v 60.817970 33.565937 -4.218698
v 67.804497 33.825817 -2.039335
v 60.817970 33.273975 -2.473874
v 47.580341 41.282063 0.114466
v 45.649193 41.089561 0.077792
v 47.752293 40.287468 1.672583
v 60.399998 36.363636 0.571232
v 67.804497 35.269581 0.753494
v 67.804497 37.428814 0.753494
v 60.455551 35.186165 0.363409
v 60.540203 33.947735 0.013333
v 67.804497 34.297447 -0.682374
v 60.817970 33.216225 -1.179147
v 67.804497 33.825817 -2.039335
v 60.817970 33.273975 -2.473874
v 67.804497 34.018318 -3.356288
v 60.434387 34.720951 -5.608999
v 67.804497 34.987244 -4.873284
v 60.185719 36.193592 -6.194683
v 67.804497 37.428814 -4.873284
v 59.939697 38.160320 -5.609000
v 67.804497 38.811619 -2.997321
v 59.984669 39.957005 -3.215146
v 67.804497 38.792370 -1.213600
v 59.984669 39.982674 -1.096908
v 60.315346 38.471531 0.060010
v -85.711281 35.186165 1.013551
v -83.129356 37.691898 1.573672
v -83.097610 38.176361 -2.132689
v -85.475838 33.017307 -1.610353
v -84.764221 34.493156 1.588120
v -76.968201 38.872578 -6.335824
v -76.648102 36.841682 -6.046873
v -78.976067 35.901630 -6.226912
v -76.648102 36.841682 -6.046873
v -77.095177 37.024559 -4.128678
v -78.976067 35.901630 -6.226912
v -79.423141 36.084507 -4.867727
v -82.110878 32.061214 -6.226912
v -82.557953 32.244091 -5.327826
v -82.110878 32.061214 -6.226912
v -83.280144 33.052601 -6.515862
v -80.142693 36.893017 -6.515863
v -80.891342 37.861942 -5.221138
v -77.716850 39.841503 -4.480977
v -85.475838 33.017307 -1.610353
v -84.846230 32.869724 -3.730814
v -81.706131 35.510208 -4.215363
v -84.764221 34.493156 1.588120
v -84.846230 32.869724 -3.730814
v -86.261520 33.620480 -3.961975
v -86.682144 33.739189 -2.013774
v -69.973740 39.032997 -1.086906
v -74.492096 38.452282 2.491650
v -69.973740 37.791359 0.873520
v -73.425995 37.220268 3.670795
v -69.973740 34.368031 0.873520
v -76.007912 36.722973 2.900627
v -77.769760 39.687504 2.310499
v -78.436401 37.563564 2.687248
v -82.073837 36.254551 2.296052
v -73.425995 37.220268 3.670795
v -72.685280 33.399101 2.344951
v -75.952362 34.679241 4.538762
v -75.507935 32.773472 2.973978
v -80.983932 32.353176 3.401848
v -81.034195 33.440811 4.367614
v -81.113556 33.960567 3.440745
v -75.788345 35.882381 3.115118
v -78.436401 37.563564 2.687248
v -75.111122 35.818211 -0.962434
v -76.007912 36.722973 2.900627
v -75.788345 35.882381 3.115118
v -77.095177 37.024559 -4.128678
v -81.706131 35.510208 -4.215363
v -79.423141 36.084507 -4.867727
v -77.716850 39.841503 -4.480977
v -76.949684 41.038227 -0.537898
v -76.970848 41.128059 -2.662804
v -77.909966 41.118435 -0.760168
v -77.928482 41.185810 -2.364961
v -76.129601 40.046841 -4.025322
v -81.184982 40.720596 -4.058663
v -76.092567 40.707764 -1.460320
v -81.216728 41.747276 -1.482547
v -76.137543 39.703545 1.154692
v -81.216728 40.601887 1.139133
v -80.983932 32.353176 3.401848
v -81.060646 32.998058 2.721701
v -75.507935 32.773472 2.973978
v -76.711594 33.845066 1.589231
v -72.685280 33.399101 2.344951
v -69.931412 33.639732 -1.972654
v -69.973740 34.368031 0.873520
v -81.113556 33.960567 3.440745
v -73.063576 34.011902 -4.715471
v -69.986961 34.817204 -4.497647
v -84.764221 34.493156 1.588120
v -82.073837 36.254551 2.296052
v -82.110878 32.061214 -6.226912
v -82.557953 32.244091 -5.327826
v -83.555267 33.463272 -5.681237
v -82.557953 32.244091 -5.327826
v -69.986961 34.817204 -4.497647
v -73.063576 34.011902 -4.715471
v -71.463104 35.612877 -5.438963
v -74.357178 38.468323 -5.745696
v -75.478836 39.713169 -4.030879
v -82.785454 36.918682 -4.479865
v -84.846230 32.869724 -3.730814
v -69.986961 34.817204 -4.497647
v -71.463104 35.612877 -5.438963
v -69.973740 37.791359 -4.753258
v -74.357178 38.468323 -5.745696
v -69.973740 39.032997 -3.008435
v -78.071335 40.178383 0.368966
v -77.933777 40.441471 -2.566116
v -74.492096 38.452282 2.491650
v -75.653435 39.584835 1.033555
v -74.058250 39.565586 -1.539226
v 79.423141 36.084507 -4.867727
v 82.110878 32.061214 -6.226912
v 82.557953 32.244091 -5.327826
v 83.129356 37.691898 1.573672
v 82.073837 36.254551 2.296052
v 84.764221 34.493156 1.588120
v 81.034195 33.440811 4.367614
v 81.113556 33.960567 3.440745
v 75.788345 35.882381 3.115118
v 78.976067 35.901630 -6.226912
v 77.095177 37.024559 -4.128678
v 76.648102 36.841682 -6.046873
v 78.976067 35.901630 -6.226912
v 76.968201 38.872578 -6.335824
v 80.142693 36.893017 -6.515863
v 77.716850 39.841503 -4.480977
v 80.891342 37.861942 -5.221138
v 82.557953 32.244091 -5.327826
v 82.110878 32.061214 -6.226912
v 83.555267 33.463272 -5.681237
v 83.280144 33.052601 -6.515862
v 81.706131 35.510208 -4.215363
v 84.846230 32.869724 -3.730814
v 85.475838 33.017307 -1.610353
v 85.711281 35.186165 1.013551
v 83.097610 38.176361 -2.132689
v 84.846230 32.869724 -3.730814
v 86.261520 33.620480 -3.961975
v 85.475838 33.017307 -1.610353
v 86.682144 33.739189 -2.013774
v 78.436401 37.563564 2.687248
v 77.769760 39.687504 2.310499
v 76.007912 36.722973 2.900627
v 75.507935 32.773472 2.973978
v 75.952362 34.679241 4.538762
v 72.685280 33.399101 2.344951
v 73.425995 37.220268 3.670795
v 69.973740 34.368031 0.873520
v 80.983932 32.353176 3.401848
v 78.436401 37.563564 2.687248
v 76.007912 36.722973 2.900627
v 75.111122 35.818211 -0.962434
v 75.788345 35.882381 3.115118
v 74.357178 38.468323 -5.745696
v 76.648102 36.841682 -6.046873
v 71.463104 35.612877 -5.438963
v 73.063576 34.011902 -4.715471
v 69.986961 34.817204 -4.497647
v 81.706131 35.510208 -4.215363
v 77.095177 37.024559 -4.128678
v 82.557953 32.244091 -5.327826
v 79.423141 36.084507 -4.867727
v 77.716850 39.841503 -4.480977
v 76.137543 39.703545 1.154692
v 81.216728 40.601887 1.139133
v 76.092567 40.707764 -1.460320
v 81.216728 41.747276 -1.482547
v 76.129601 40.046841 -4.025322
v 81.184982 40.720596 -4.058663
v 69.973740 34.368031 0.873520
v 69.931412 33.639732 -1.972654
v 72.685280 33.399101 2.344951
v 76.711594 33.845066 1.589231
v 75.507935 32.773472 2.973978
v 81.060646 32.998058 2.721701
v 80.983932 32.353176 3.401848
v 69.986961 34.817204 -4.497647
v 73.063576 34.011902 -4.715471
v 81.113556 33.960567 3.440745
v 82.073837 36.254551 2.296052
v 84.764221 34.493156 1.588120
v 82.110878 32.061214 -6.226912
v 84.846230 32.869724 -3.730814
v 82.785454 36.918682 -4.479865
v 84.764221 34.493156 1.588120
v 73.425995 37.220268 3.670795
v 69.973740 37.791359 0.873520
v 74.492096 38.455490 2.491650
v 69.973740 39.032997 -1.086906
v 76.949684 41.038227 -0.537898
v 69.973740 39.032997 -3.008435
v 77.909966 41.118435 -0.760168
v 77.928482 41.185810 -2.364961
v 76.970848 41.128059 -2.662804
v 74.357178 38.468323 -5.745696
v 69.973740 37.791359 -4.753258
v 71.463104 35.612877 -5.438963
v 69.986961 34.817204 -4.497647
v 77.933777 40.441471 -2.566116
v 78.071335 40.178383 0.368966
v 75.478836 39.713169 -4.030879
v 74.058250 39.565586 -1.539226
v 75.653435 39.584835 1.033555
v 74.492096 38.455490 2.491650
v -38.673244 37.550732 -6.253584
v -30.903679 37.229893 -6.593658
v -38.673244 35.397915 -6.993745
v -30.903679 40.226509 -2.158250
v -39.234074 39.973049 -0.930205
v -30.901031 39.430836 -0.579018
v -32.379814 40.877808 -5.916844
v -32.379814 40.877808 1.493655
v -32.379814 42.084152 -2.210483
v -34.646935 33.918858 -7.945062
v -31.210545 34.149860 -7.105991
v -31.210545 31.454832 -5.147788
v -32.379814 30.678408 -5.916843
v -29.879904 30.896578 -5.756809
v -32.379814 29.475269 -2.210482
v -31.210545 37.483356 3.148459
v -34.646935 37.602062 3.384066
v -34.646935 33.918858 3.384066
v -38.673244 39.786964 -3.081784
v -30.903679 31.948921 -4.996644
v -38.673244 34.127403 -6.253583
v -30.903679 32.747807 -6.593657
v -30.903679 34.528450 -7.333818
v -30.903679 39.341000 -3.976423
v -29.879904 33.915649 3.530764
v -29.879904 30.896578 1.338067
v -29.864033 35.997883 -2.089346
v -29.879904 29.744774 -2.209371
v -29.879904 30.896578 -5.756809
v -29.879904 40.666054 -5.756810
v -29.879904 41.817860 -2.209372
v -32.379814 33.829025 -8.206231
v -32.379814 30.678408 -5.916843
v -32.377171 35.956173 -1.625912
v -32.379814 29.475269 -2.210482
v -29.879904 41.817860 -2.209372
v -29.879904 40.666054 -5.756810
v -32.379814 40.877808 -5.916844
v -29.879904 37.646980 -7.949508
v -32.379814 40.877808 1.493655
v -32.379814 37.727192 3.784153
v -29.879904 37.646980 3.530764
v -32.379814 37.727192 3.784153
v -32.379814 30.678408 1.493656
v -32.379814 33.829025 3.784153
v -32.379814 37.727192 -8.206231
v -29.879904 40.666054 1.338066
v -29.879904 37.646980 3.530764
v -29.879904 33.915649 -7.949507
v -29.879904 37.646980 -7.949508
v -31.210545 30.424948 -1.978210
v -34.646935 29.805733 -2.279386
v -34.646935 30.941494 -5.781259
v -31.210545 37.483356 -7.105992
v -34.646935 37.602062 -7.945063
v -34.646935 40.579430 -5.781259
v -29.879904 40.666054 1.338066
v -32.379814 42.084152 -2.210483
v -29.879904 33.915649 -7.949507
v -32.379814 33.829025 -8.206231
v -32.379814 37.727192 -8.206231
v -29.879904 29.744774 -2.209371
v -29.879904 30.896578 1.338067
v -32.379814 30.678408 1.493656
v -29.879904 33.915649 3.530764
v -32.379814 33.829025 3.784153
v -29.879904 37.646980 3.530764
v -32.379814 37.727192 3.784153
v -31.210545 34.149860 3.148459
v -34.646935 30.941494 1.220263
v -31.210545 31.454832 1.190257
v -34.646935 29.805733 -2.279386
v -31.210545 30.424948 -1.978210
v -34.646935 40.579430 1.220262
v -31.210545 40.178383 1.190256
v -34.646935 41.718399 -2.279387
v -31.210545 41.208267 -1.978211
v -31.210545 40.178383 -5.147788
v 38.673244 35.397915 -6.993745
v 30.903679 34.528450 -7.333818
v 30.903679 37.229893 -6.593658
v 29.879904 40.666054 -5.756810
v 32.379814 40.877808 -5.916844
v 29.879904 37.646980 -7.949508
v 29.879904 41.817860 -2.209372
v 32.379814 42.084152 -2.210483
v 38.673244 39.786964 -3.081784
v 38.673244 37.550732 -6.253584
v 30.903679 32.747807 -6.593657
v 38.673244 34.127403 -6.253583
v 30.903679 31.948921 -4.996644
v 30.903679 39.341000 -3.976423
v 30.903679 40.226509 -2.158250
v 39.234074 39.973049 -0.930205
v 30.901031 39.430836 -0.579018
v 29.879904 30.896578 -5.756809
v 29.879904 29.744774 -2.209371
v 29.864033 35.997883 -2.089346
v 29.879904 30.896578 1.338067
v 29.879904 33.915649 3.530764
v 29.879904 41.817860 -2.209372
v 29.879904 40.666054 -5.756810
v 32.379814 33.829025 -8.206231
v 32.377171 35.956173 -1.625912
v 32.379814 30.678408 -5.916843
v 32.379814 29.475269 -2.210482
v 29.879904 37.646980 3.530764
v 32.379814 37.727192 3.784153
v 32.379814 40.877808 1.493655
v 32.379814 37.727192 3.784153
v 32.379814 40.877808 1.493655
v 32.379814 42.084152 -2.210483
v 32.379814 33.829025 3.784153
v 32.379814 30.678408 1.493656
v 32.379814 37.727192 -8.206231
v 32.379814 40.877808 -5.916844
v 29.879904 37.646980 3.530764
v 29.879904 40.666054 1.338066
v 29.879904 37.646980 -7.949508
v 29.879904 33.915649 -7.949507
v 29.879904 40.666054 1.338066
v 32.379814 37.727192 -8.206231
v 32.379814 33.829025 -8.206231
v 29.879904 33.915649 -7.949507
v 32.379814 30.678408 -5.916843
v 29.879904 30.896578 -5.756809
v 32.379814 29.475269 -2.210482
v 32.379814 37.727192 3.784153
v 29.879904 37.646980 3.530764
v 32.379814 33.829025 3.784153
v 29.879904 33.915649 3.530764
v 32.379814 30.678408 1.493656
v 29.879904 30.896578 1.338067
v 29.879904 29.744774 -2.209371
v 31.210545 30.424948 -1.978210
v 34.646935 29.805733 -2.279386
v 31.210545 31.454832 1.190257
v 34.646935 30.941494 1.220263
v 31.210545 34.149860 3.148459
v 34.646935 33.918858 3.384066
v 31.210545 37.483356 3.148459
v 31.210545 37.483356 -7.105992
v 31.210545 40.178383 -5.147788
v 34.646935 40.579430 -5.781259
v 31.210545 41.208267 -1.978211
v 34.646935 41.718399 -2.279387
v 31.210545 40.178383 1.190256
v 34.646935 40.579430 1.220262
v 34.646935 37.602062 3.384066
v 34.646935 37.602062 -7.945063
v 34.646935 33.918858 -7.945062
v 31.210545 34.149860 -7.105991
v 34.646935 30.941494 -5.781259
v 31.210545 31.454832 -5.147788
v 34.646935 29.805733 -2.279386
v 31.210545 30.424948 -1.978210
vn 0.0079 -0.9962 -0.0862
vn -0.0314 -0.9992 0.0236
vn 0.0470 -0.9011 0.4310
vn 0.2684 0.5289 0.8051
vn 0.4257 -0.5517 0.7172
vn 0.0708 -0.3225 0.9439
vn 0.0079 -0.9962 -0.0863
vn 0.0471 -0.9011 0.4310
vn 0.4256 -0.5517 0.7172
vn 0.0078 -0.9962 -0.0863
vn -0.0548 -0.9082 -0.4149
vn 0.1256 -0.6359 -0.7615
vn -0.1097 -0.3840 -0.9168
vn 0.0236 0.4471 0.8942
vn -0.0000 0.9570 0.2902
vn 0.2040 0.9419 0.2669
vn -0.0157 0.9517 -0.3067
vn 0.1809 0.9048 -0.3855
vn -0.0473 0.4964 -0.8668
vn 0.1645 0.2978 -0.9403
vn -0.1097 -0.3839 -0.9168
vn -0.1493 0.5895 0.7939
vn 0.0392 0.6194 0.7841
vn 0.0156 0.9617 0.2736
vn -0.0235 0.6749 -0.7376
vn -0.1257 0.5737 -0.8094
vn -0.0471 0.7063 -0.7064
vn -0.1254 0.9244 0.3604
vn -0.1332 0.9169 0.3762
vn -0.1412 0.4708 0.8709
vn 0.0157 -0.9998 -0.0079
vn 0.0157 -0.9875 0.1567
vn -0.0079 -0.9910 0.1337
vn 0.0079 0.8344 -0.5511
vn 0.0236 0.9122 -0.4090
vn 0.0157 0.6456 -0.7635
vn -0.0631 -0.9233 0.3788
vn -0.1021 -0.9583 0.2670
vn -0.1102 -0.9924 -0.0551
vn -0.1024 -0.1890 0.9766
vn -0.1022 -0.6835 0.7228
vn -0.0706 -0.5730 0.8165
vn 0.0393 -0.9985 0.0393
vn -0.0707 -0.9972 0.0235
vn -0.0394 -0.9533 -0.2994
vn 0.1488 0.9709 0.1879
vn 0.0866 0.8895 -0.4487
vn -0.1103 -0.9924 -0.0552
vn -0.1102 -0.9127 -0.3934
vn -0.0471 -0.5649 -0.8238
vn -0.0941 -0.0078 -0.9955
vn -0.1021 0.6205 -0.7776
vn 0.0157 0.5975 -0.8017
vn -0.1180 0.9444 -0.3069
vn -0.0786 0.9667 -0.2437
vn -0.1333 0.9169 0.3761
vn 0.0946 0.9610 0.2599
vn 0.0236 0.9123 -0.4089
vn 0.0866 0.8895 -0.4486
vn -0.1178 0.0786 0.9899
vn 0.0158 -0.8120 0.5834
vn -0.0707 -0.5731 0.8164
vn -0.1021 -0.6835 0.7228
vn -0.1021 -0.9582 0.2671
vn -0.0551 0.3229 -0.9448
vn -0.0157 0.1961 -0.9805
vn 0.0471 -0.5414 -0.8395
vn -0.0392 0.1566 -0.9869
vn -0.0000 -0.3606 -0.9327
vn -0.0627 -0.5169 -0.8537
vn -0.0314 -0.9349 -0.3536
vn -0.0236 -0.9589 -0.2829
vn 0.0078 -0.9948 -0.1018
vn -0.1103 -0.9924 -0.0551
vn -0.0707 -0.9972 0.0236
vn 0.0158 -0.8121 0.5834
vn 0.0157 -0.9998 -0.0078
vn -0.1022 -0.8882 0.4480
vn -0.0787 -0.6930 0.7166
vn 0.1728 0.6047 -0.7775
vn 0.0157 0.0941 -0.9954
vn 0.0157 0.5974 -0.8018
vn -0.0079 -0.0000 -1.0000
vn -0.0941 -0.0079 -0.9955
vn -0.1100 -0.6285 -0.7700
vn -0.1102 -0.9127 -0.3935
vn 0.0391 -0.9694 -0.2423
vn -0.0000 -0.7149 -0.6992
vn 0.0157 0.0940 -0.9954
vn -0.0862 0.3057 0.9482
vn 0.0393 0.6987 0.7143
vn -0.0630 0.1102 0.9919
vn 0.0079 0.0079 0.9999
vn -0.0236 -0.1259 0.9918
vn -0.0788 -0.0945 0.9924
vn -0.0706 -0.1334 0.9885
vn -0.0471 0.7064 -0.7063
vn 0.0079 0.8344 -0.5510
vn 0.0158 0.6455 -0.7636
vn -0.0470 -0.0940 -0.9945
vn -0.0867 -0.7960 -0.5990
vn -0.1175 -0.9794 -0.1645
vn 0.0157 -0.9875 0.1568
vn 0.0078 -0.4314 0.9021
vn -0.1181 -0.4251 0.8974
vn -0.1646 -0.2977 0.9404
vn -0.0313 0.3994 0.9162
vn 0.0393 0.6987 0.7144
vn 0.0628 0.9107 0.4083
vn 0.0628 0.9107 0.4082
vn 0.0945 0.9610 0.2599
vn -0.1179 0.0785 0.9899
vn -0.0707 -0.5730 0.8165
vn 0.0078 -0.4315 0.9021
vn -0.1645 -0.2978 0.9403
vn -0.0788 -0.6930 0.7166
vn -0.0313 0.3994 0.9163
vn -0.1333 0.9169 0.3762
vn -0.1253 0.9244 0.3603
vn -0.0786 0.9667 -0.2436
vn 0.0628 0.9034 -0.4242
vn 0.1183 0.7254 -0.6781
vn 0.0236 0.7069 -0.7069
vn -0.0785 0.4708 -0.8788
vn -0.0391 0.1567 -0.9869
vn 0.0158 -0.9998 -0.0079
vn 0.0235 0.7069 -0.7069
vn 0.1182 0.7254 -0.6781
vn 0.0629 0.9034 -0.4242
vn -0.1254 0.9243 0.3604
vn -0.1412 0.4707 0.8709
vn -0.1179 0.0786 0.9899
vn -0.0472 0.0157 0.9988
vn -0.1021 -0.9583 0.2671
vn -0.0315 -0.9992 0.0236
vn 0.1487 0.9709 0.1879
vn 0.0157 0.9617 0.2737
vn 0.0235 0.4471 0.8942
vn 0.0708 -0.3226 0.9439
vn -0.1181 0.9444 -0.3069
vn -0.0158 0.9517 -0.3067
vn -0.0708 -0.3225 0.9439
vn -0.4256 -0.5518 0.7172
vn -0.2683 0.5289 0.8051
vn -0.0079 -0.9962 -0.0863
vn -0.4256 -0.5517 0.7172
vn -0.0471 -0.9011 0.4310
vn 0.1097 -0.3840 -0.9168
vn -0.1256 -0.6359 -0.7615
vn 0.0548 -0.9082 -0.4149
vn -0.0078 -0.9962 -0.0863
vn 0.0314 -0.9992 0.0236
vn -0.0470 -0.9011 0.4310
vn -0.1257 -0.6359 -0.7615
vn 0.1097 -0.3839 -0.9168
vn -0.1646 0.2978 -0.9403
vn 0.0473 0.4964 -0.8668
vn -0.1809 0.9048 -0.3855
vn 0.0157 0.9517 -0.3067
vn -0.2040 0.9419 0.2669
vn -0.2684 0.5289 0.8051
vn -0.0236 0.4471 0.8942
vn -0.0157 0.6455 -0.7636
vn 0.0157 0.1961 -0.9805
vn 0.0470 -0.0940 -0.9945
vn 0.0314 -0.9349 -0.3536
vn 0.0236 -0.9589 -0.2829
vn -0.0078 -0.9948 -0.1018
vn 0.1332 0.9169 0.3762
vn 0.1253 0.9244 0.3604
vn 0.1412 0.4708 0.8709
vn -0.0157 0.0940 -0.9954
vn 0.0391 0.1566 -0.9869
vn 0.0785 0.4708 -0.8788
vn -0.0236 0.9122 -0.4090
vn -0.0866 0.8895 -0.4487
vn -0.0079 0.8344 -0.5511
vn -0.0157 0.5974 -0.8018
vn -0.1183 0.7254 -0.6781
vn -0.0628 0.9034 -0.4242
vn 0.0078 -0.9910 0.1337
vn -0.0157 -0.9875 0.1567
vn -0.0157 -0.9998 -0.0079
vn -0.0157 0.6456 -0.7635
vn -0.0158 0.6455 -0.7636
vn 0.0235 0.6749 -0.7376
vn -0.0079 0.8344 -0.5510
vn 0.0471 0.7063 -0.7063
vn 0.0079 -0.0000 -1.0000
vn 0.0941 -0.0078 -0.9955
vn 0.0471 -0.5649 -0.8238
vn 0.1102 -0.9924 -0.0551
vn 0.1021 -0.9583 0.2670
vn 0.0631 -0.9233 0.3788
vn 0.0706 -0.5730 0.8165
vn 0.1021 -0.6835 0.7228
vn 0.1024 -0.1890 0.9766
vn 0.0394 -0.9533 -0.2994
vn 0.0707 -0.9972 0.0235
vn -0.0393 -0.9985 0.0393
vn -0.1488 0.9709 0.1879
vn -0.0156 0.9617 0.2736
vn 0.1253 0.9244 0.3603
vn 0.0786 0.9667 -0.2436
vn 0.1021 -0.9582 0.2671
vn 0.0707 -0.5731 0.8164
vn -0.0158 -0.8120 0.5834
vn -0.0157 -0.9875 0.1568
vn 0.1175 -0.9794 -0.1645
vn 0.0867 -0.7961 -0.5990
vn -0.0471 -0.5413 -0.8395
vn 0.0630 0.1102 0.9919
vn -0.0393 0.6987 0.7143
vn 0.0862 0.3057 0.9482
vn 0.0626 -0.5169 -0.8537
vn -0.1728 0.6047 -0.7775
vn -0.0236 0.7069 -0.7069
vn 0.0940 -0.0079 -0.9955
vn 0.1100 -0.6285 -0.7700
vn 0.1102 -0.9127 -0.3934
vn 0.1103 -0.9924 -0.0552
vn 0.1180 0.9444 -0.3069
vn -0.0157 0.5975 -0.8017
vn 0.1021 0.6205 -0.7776
vn -0.0079 -0.4314 0.9021
vn 0.0706 -0.1333 0.9886
vn 0.0236 -0.1259 0.9918
vn 0.0787 -0.0945 0.9924
vn -0.0078 0.0079 0.9999
vn 0.1178 0.0785 0.9899
vn -0.0392 0.6194 0.7841
vn 0.1493 0.5894 0.7939
vn -0.0156 0.9617 0.2737
vn 0.0788 -0.6930 0.7166
vn 0.0079 -0.9910 0.1337
vn 0.1022 -0.8882 0.4480
vn -0.0157 -0.9998 -0.0078
vn -0.0158 -0.8121 0.5834
vn 0.0707 -0.9972 0.0236
vn 0.1103 -0.9924 -0.0551
vn -0.0391 -0.9694 -0.2423
vn -0.0945 0.9610 0.2599
vn -0.0628 0.9107 0.4082
vn -0.0392 0.6987 0.7144
vn 0.0313 0.3994 0.9162
vn 0.1646 -0.2978 0.9403
vn 0.1181 -0.4251 0.8974
vn -0.0866 0.8895 -0.4486
vn -0.0236 0.9123 -0.4089
vn -0.0079 0.0079 0.9999
vn -0.0078 -0.4315 0.9021
vn 0.1257 0.5736 -0.8094
vn 0.0551 0.3229 -0.9448
vn 0.0707 -0.5730 0.8165
vn 0.0706 -0.1334 0.9885
vn 0.0788 -0.0945 0.9924
vn 0.0472 0.0157 0.9988
vn 0.1179 0.0786 0.9899
vn 0.1412 0.4707 0.8709
vn 0.1494 0.5895 0.7938
vn 0.0867 -0.7960 -0.5990
vn 0.0315 -0.9992 0.0236
vn -0.1487 0.9709 0.1879
vn -0.0708 -0.3226 0.9439
vn -0.0235 0.4471 0.8942
vn 0.1021 -0.9583 0.2671
vn 0.0158 0.9517 -0.3067
vn 0.1181 0.9444 -0.3069
vn -0.8562 0.0786 0.5106
vn -0.4499 0.6393 0.6236
vn -0.6202 0.7615 -0.1884
vn -0.0860 -0.9623 0.2582
vn -0.3379 -0.3536 0.8722
vn 0.0551 0.2992 -0.9526
vn -0.0551 -0.6531 -0.7553
vn 0.4477 -0.6990 -0.5576
vn -0.0551 -0.6530 -0.7553
vn -0.0548 -0.9948 0.0862
vn 0.4477 -0.6990 -0.5577
vn 0.2129 -0.4495 0.8675
vn 0.3691 -0.8011 -0.4712
vn -0.1813 -0.4493 0.8748
vn -0.6451 0.0393 -0.7631
vn -0.1573 0.2910 -0.9437
vn -0.7388 0.5737 0.3537
vn -0.1645 0.6896 -0.7052
vn -0.0861 -0.9623 0.2582
vn 0.0865 -0.7390 -0.6682
vn 0.4098 -0.7801 -0.4728
vn 0.0865 -0.7389 -0.6683
vn -0.7783 -0.2359 -0.5819
vn -0.9914 -0.1102 0.0708
vn 0.2041 0.9419 0.2669
vn 0.1578 0.7177 0.6782
vn 0.2685 0.5289 0.8051
vn 0.1412 0.3060 0.9415
vn 0.4256 -0.5518 0.7172
vn -0.4625 -0.0392 0.8858
vn -0.0158 0.6540 0.7564
vn -0.1414 -0.6679 0.7307
vn 0.2511 -0.6357 0.7299
vn 0.3765 -0.8157 0.4392
vn 0.0550 0.0157 0.9984
vn 0.1332 -0.9873 0.0862
vn -0.7700 -0.6364 0.0471
vn -0.4173 0.0787 0.9054
vn -0.8953 0.4398 -0.0707
vn -0.6760 0.7232 0.1415
vn -0.1414 -0.6678 0.7307
vn -0.6840 -0.7233 -0.0944
vn 0.2130 -0.4496 0.8675
vn -0.2736 0.0235 0.9616
vn -0.0547 -0.9948 0.0861
vn 0.2122 0.9589 0.1886
vn 0.1967 0.9678 -0.1573
vn 0.0707 0.9967 0.0393
vn 0.0706 0.9967 0.0392
vn 0.1565 0.9393 -0.3053
vn 0.1566 0.9393 -0.3053
vn 0.1733 0.9844 0.0315
vn 0.1650 0.9114 0.3771
vn 0.1650 0.9113 0.3771
vn -0.7700 -0.6363 0.0472
vn -0.4876 -0.1180 -0.8651
vn -0.4165 -0.5187 -0.7466
vn 0.4256 -0.5517 0.7173
vn -0.8953 0.4398 -0.0706
vn -0.1181 -0.8818 -0.4566
vn -0.3379 -0.3537 0.8722
vn -0.9660 -0.0863 0.2435
vn -0.1812 -0.4492 0.8749
vn 0.2271 -0.1880 -0.9555
vn 0.2277 0.4788 -0.8479
vn 0.1814 0.9462 -0.2681
vn -0.2352 0.2117 -0.9486
vn 0.0864 -0.7390 -0.6682
vn 0.2272 -0.1879 -0.9556
vn 0.1646 0.2978 -0.9403
vn 0.2277 0.4789 -0.8478
vn 0.1810 0.9048 -0.3855
vn -0.0392 0.9869 0.1567
vn -0.1179 0.9905 -0.0708
vn 0.1577 0.7177 0.6783
vn 0.2274 0.9409 0.2509
vn 0.2126 0.9763 0.0394
vn -0.2129 -0.4495 0.8675
vn -0.3691 -0.8011 -0.4712
vn 0.1813 -0.4492 0.8748
vn 0.4499 0.6393 0.6236
vn -0.2511 -0.6357 0.7299
vn 0.3379 -0.3536 0.8722
vn 0.4173 0.0787 0.9054
vn 0.8953 0.4398 -0.0707
vn 0.6760 0.7232 0.1415
vn -0.4477 -0.6990 -0.5577
vn 0.0548 -0.9948 0.0862
vn 0.0550 -0.6531 -0.7553
vn -0.4477 -0.6990 -0.5576
vn -0.0551 0.2992 -0.9526
vn 0.1573 0.2910 -0.9437
vn 0.1645 0.6896 -0.7052
vn 0.7388 0.5737 0.3537
vn -0.3691 -0.8010 -0.4713
vn 0.9660 -0.0864 0.2435
vn 0.6451 0.0393 -0.7631
vn -0.4097 -0.7801 -0.4728
vn -0.0865 -0.7390 -0.6682
vn 0.0861 -0.9623 0.2582
vn 0.8562 0.0786 0.5106
vn 0.6202 0.7615 -0.1884
vn -0.0865 -0.7389 -0.6682
vn 0.7783 -0.2359 -0.5819
vn 0.0860 -0.9623 0.2582
vn 0.9914 -0.1102 0.0708
vn 0.1414 -0.6679 0.7307
vn 0.0158 0.6540 0.7563
vn 0.4625 -0.0392 0.8858
vn -0.1332 -0.9873 0.0862
vn -0.0550 0.0157 0.9984
vn -0.3765 -0.8157 0.4392
vn -0.1412 0.3059 0.9415
vn -0.4256 -0.5517 0.7173
vn 0.7699 -0.6364 0.0471
vn 0.1414 -0.6678 0.7307
vn 0.6840 -0.7233 -0.0944
vn -0.2277 0.4788 -0.8479
vn -0.2271 -0.1880 -0.9555
vn 0.1181 -0.8818 -0.4566
vn -0.4098 -0.7801 -0.4728
vn -0.2130 -0.4496 0.8675
vn 0.2736 0.0235 0.9616
vn 0.0548 -0.9948 0.0861
vn -0.1650 0.9113 0.3771
vn -0.1650 0.9114 0.3771
vn -0.1733 0.9844 0.0315
vn -0.1565 0.9393 -0.3053
vn -0.3765 -0.8157 0.4393
vn 0.4165 -0.5187 -0.7466
vn -0.1333 -0.9873 0.0862
vn 0.4876 -0.1180 -0.8651
vn 0.7700 -0.6364 0.0472
vn 0.8953 0.4398 -0.0706
vn 0.3379 -0.3537 0.8722
vn 0.2352 0.2117 -0.9486
vn 0.3379 -0.3536 0.8723
vn -0.1412 0.3060 0.9415
vn -0.1578 0.7177 0.6782
vn -0.2041 0.9419 0.2669
vn -0.2122 0.9588 0.1886
vn -0.1810 0.9048 -0.3855
vn -0.0707 0.9967 0.0393
vn -0.0706 0.9967 0.0392
vn -0.1967 0.9678 -0.1573
vn -0.2277 0.4789 -0.8478
vn -0.2272 -0.1879 -0.9556
vn 0.1179 0.9905 -0.0708
vn 0.0392 0.9869 0.1567
vn -0.1814 0.9462 -0.2681
vn -0.2126 0.9763 0.0394
vn -0.2274 0.9409 0.2509
vn -0.1577 0.7177 0.6783
vn 0.0157 0.6455 -0.7636
vn -0.0157 0.5744 -0.8184
vn -0.0000 0.9995 -0.0315
vn -0.3852 0.7467 -0.5423
vn -0.3852 0.7466 0.5424
vn -0.3863 0.9224 -0.0000
vn 0.2434 -0.1963 -0.9499
vn 0.2426 -0.2974 -0.9234
vn 0.2119 -0.8475 -0.4866
vn -0.5121 -0.6381 -0.5750
vn 0.6286 -0.6757 -0.3850
vn -0.3835 -0.9235 -0.0000
vn 0.0706 0.3060 0.9494
vn 0.0787 -0.2046 0.9757
vn -0.1175 -0.9793 -0.1646
vn -0.1337 -0.6133 -0.7784
vn -0.0471 -0.0628 -0.9969
vn -0.0078 0.8462 -0.5328
vn 0.6305 -0.3153 0.7093
vn 0.6286 -0.6758 0.3850
vn 1.0000 0.0001 0.0001
vn 0.7598 -0.6502 -0.0000
vn 0.6286 -0.6758 -0.3850
vn 0.7564 0.5280 -0.3861
vn 0.5328 0.8462 -0.0001
vn -0.5114 -0.1730 -0.8418
vn -0.5120 -0.6381 -0.5751
vn -1.0000 -0.0000 -0.0000
vn 0.5328 0.8463 -0.0000
vn 0.7565 0.5279 -0.3861
vn -0.3851 0.7467 -0.5423
vn 0.5356 0.2600 -0.8034
vn -0.3851 0.7467 0.5424
vn -0.6899 0.2195 0.6898
vn 0.5356 0.2599 0.8034
vn -0.6898 0.2195 0.6899
vn -0.5120 -0.6381 0.5750
vn -0.5113 -0.1730 0.8418
vn -0.6898 0.2195 -0.6899
vn 0.7564 0.5280 0.3861
vn 0.5356 0.2600 0.8034
vn 0.6305 -0.3153 -0.7093
vn 0.5356 0.2599 -0.8035
vn 0.1733 -0.9849 -0.0000
vn 0.2192 -0.7907 -0.5715
vn 0.2352 0.2979 -0.9252
vn 0.1967 0.7946 -0.5743
vn 0.7565 0.5279 0.3861
vn 0.6305 -0.3152 -0.7093
vn -0.5114 -0.1731 -0.8417
vn -0.6899 0.2195 -0.6898
vn 0.7599 -0.6501 -0.0000
vn 0.6286 -0.6757 0.3850
vn -0.5121 -0.6381 0.5750
vn 0.6305 -0.3152 0.7093
vn -0.5114 -0.1731 0.8417
vn 0.0862 -0.4075 0.9091
vn 0.1098 -0.7372 0.6666
vn 0.1252 -0.8609 0.4931
vn 0.1734 -0.9849 -0.0000
vn 0.0865 0.7390 0.6682
vn 0.1017 0.8633 0.4944
vn 0.1330 0.9859 0.1017
vn 0.1501 0.9834 -0.1022
vn 0.0471 -0.0628 -0.9969
vn 0.0157 0.5744 -0.8184
vn -0.7565 0.5279 -0.3861
vn 0.3851 0.7467 -0.5423
vn -0.5356 0.2599 -0.8035
vn -0.5328 0.8463 -0.0000
vn 0.3863 0.9224 -0.0000
vn 0.1337 -0.6133 -0.7784
vn 0.1176 -0.9793 -0.1646
vn 0.0078 0.8462 -0.5328
vn -0.0628 0.9107 0.4083
vn -0.6286 -0.6757 -0.3850
vn -0.7598 -0.6502 -0.0001
vn -1.0000 0.0001 0.0001
vn -0.6286 -0.6758 0.3850
vn -0.6305 -0.3153 0.7093
vn -0.5328 0.8462 0.0001
vn -0.7564 0.5280 -0.3861
vn 0.5114 -0.1730 -0.8418
vn 1.0000 -0.0000 -0.0000
vn 0.5120 -0.6381 -0.5751
vn 0.3835 -0.9235 -0.0000
vn -0.5356 0.2599 0.8034
vn 0.6899 0.2194 0.6899
vn 0.3851 0.7467 0.5423
vn 0.6898 0.2195 0.6899
vn 0.3852 0.7467 0.5423
vn 0.3863 0.9224 -0.0001
vn 0.5113 -0.1730 0.8418
vn 0.5120 -0.6381 0.5751
vn 0.6898 0.2195 -0.6899
vn 0.3852 0.7466 -0.5424
vn -0.5356 0.2599 0.8035
vn -0.7564 0.5279 0.3861
vn -0.5356 0.2600 -0.8034
vn -0.6305 -0.3153 -0.7093
vn -0.7565 0.5279 0.3861
vn 0.6899 0.2195 -0.6898
vn 0.5114 -0.1730 -0.8417
vn -0.6305 -0.3152 -0.7093
vn 0.5121 -0.6381 -0.5750
vn 0.6899 0.2194 0.6898
vn -0.5357 0.2599 0.8034
vn 0.5114 -0.1731 0.8417
vn -0.6305 -0.3152 0.7093
vn 0.5121 -0.6381 0.5750
vn -0.6286 -0.6757 0.3850
vn -0.7599 -0.6501 -0.0000
vn -0.1733 -0.9849 -0.0000
vn -0.1252 -0.8609 0.4931
vn -0.1098 -0.7372 0.6666
vn -0.0862 -0.4075 0.9091
vn -0.0787 -0.2046 0.9757
vn -0.0706 0.3060 0.9494
vn -0.2352 0.2979 -0.9252
vn -0.1967 0.7946 -0.5743
vn -0.1967 0.7946 -0.5744
vn -0.1495 0.9835 -0.1022
vn -0.1330 0.9859 0.1017
vn -0.1020 0.8632 0.4944
vn -0.0865 0.7390 0.6682
vn -0.2434 -0.1963 -0.9499
vn -0.2426 -0.2974 -0.9234
vn -0.2192 -0.7908 -0.5715
vn -0.2119 -0.8475 -0.4866
vn -0.1734 -0.9849 -0.0000
vt 0.941376 0.558594
vt 0.989990 0.558594
vt 0.989990 0.613251
vt 0.894501 0.045715
vt 0.983673 0.045715
vt 0.949219 0.009979
vt 0.941376 0.667969
vt 0.989990 0.667969
vt 0.989990 0.503876
vt 0.941376 0.446411
vt 0.989990 0.446411
vt 0.894501 0.009979
vt 0.821320 0.009979
vt 0.821320 0.045715
vt 0.766602 0.009979
vt 0.766602 0.045715
vt 0.707001 0.009979
vt 0.706696 0.045715
vt 0.660126 0.009979
vt 0.617798 0.045715
vt 0.386719 0.373657
vt 0.390137 0.266083
vt 0.340668 0.266083
vt 0.199219 0.175751
vt 0.191376 0.214844
vt 0.199219 0.214844
vt 0.340088 0.355896
vt 0.324615 0.503876
vt 0.356415 0.503876
vt 0.602264 0.138794
vt 0.602264 0.069336
vt 0.550751 0.069336
vt 0.261780 0.200958
vt 0.284821 0.121429
vt 0.199219 0.123169
vt 0.558594 0.378876
vt 0.558594 0.511719
vt 0.602264 0.511719
vt 0.472626 0.503876
vt 0.519501 0.503876
vt 0.519501 0.378876
vt 0.009979 0.253876
vt 0.009979 0.386719
vt 0.058594 0.386719
vt 0.341339 0.229980
vt 0.298828 0.196289
vt 0.009979 0.511719
vt 0.058594 0.519501
vt 0.105469 0.394501
vt 0.160126 0.503876
vt 0.214844 0.503876
vt 0.214844 0.386719
vt 0.280151 0.503876
vt 0.298828 0.359802
vt 0.323456 0.121826
vt 0.295898 0.196289
vt 0.425751 0.377991
vt 0.550751 0.229004
vt 0.152344 0.214844
vt 0.152344 0.175751
vt 0.113251 0.175751
vt 0.160126 0.292969
vt 0.121094 0.214844
vt 0.121094 0.292969
vt 0.105469 0.222626
vt 0.099426 0.270569
vt 0.050751 0.230469
vt 0.602264 0.386719
vt 0.602264 0.253876
vt 0.550751 0.132538
vt 0.496094 0.069336
vt 0.210938 0.347626
vt 0.152344 0.324219
vt 0.152344 0.394501
vt 0.113251 0.511719
vt 0.058594 0.277344
vt 0.105103 0.313904
vt 0.437836 0.130371
vt 0.383423 0.127899
vt 0.446930 0.186249
vt 0.419098 0.266815
vt 0.443512 0.264130
vt 0.449219 0.375488
vt 0.480469 0.378876
vt 0.152344 0.123169
vt 0.113251 0.123169
vt 0.009979 0.138794
vt 0.035126 0.069336
vt 0.009979 0.069336
vt 0.496094 0.265320
vt 0.488770 0.188202
vt 0.496094 0.133789
vt 0.433594 0.069336
vt 0.339600 0.069336
vt 0.298828 0.265717
vt 0.265839 0.265747
vt 0.207001 0.308594
vt 0.191742 0.288330
vt 0.152618 0.394806
vt 0.425751 0.503876
vt 0.602264 0.664185
vt 0.378571 0.664185
vt 0.462280 0.664185
vt 0.542969 0.664185
vt 0.324615 0.664185
vt 0.280151 0.664185
vt 0.199219 0.664185
vt 0.113251 0.664185
vt 0.058594 0.664185
vt 0.009979 0.664185
vt 0.894501 0.386719
vt 0.894501 0.308594
vt 0.789062 0.304657
vt 0.808594 0.433594
vt 0.894501 0.417969
vt 0.662933 0.205750
vt 0.619507 0.207001
vt 0.619507 0.238251
vt 0.738251 0.446411
vt 0.738251 0.480469
vt 0.699219 0.446411
vt 0.707001 0.472626
vt 0.621094 0.446411
vt 0.618286 0.472626
vt 0.619507 0.332001
vt 0.628876 0.332001
vt 0.644501 0.238251
vt 0.683594 0.238251
vt 0.707001 0.216614
vt 0.618286 0.535126
vt 0.618286 0.480469
vt 0.675751 0.480469
vt 0.917969 0.371094
vt 0.730469 0.425751
vt 0.722626 0.394501
vt 0.792969 0.402344
vt 0.894592 0.138580
vt 0.936005 0.100647
vt 0.921875 0.171875
vt 0.894501 0.211243
vt 0.917969 0.230469
vt 0.917969 0.308594
vt 0.933807 0.125397
vt 0.989990 0.105469
vt 0.964844 0.167969
vt 0.989990 0.167969
vt 0.989990 0.273407
vt 0.960938 0.281250
vt 0.937500 0.273407
vt 0.933594 0.160126
vt 0.738251 0.605469
vt 0.822540 0.517853
vt 0.777344 0.605469
vt 0.816376 0.613251
vt 0.707001 0.241730
vt 0.707001 0.316376
vt 0.699219 0.241730
vt 0.821320 0.138580
vt 0.766602 0.138580
vt 0.821320 0.180267
vt 0.766602 0.180389
vt 0.405365 0.681183
vt 0.405365 0.851318
vt 0.490906 0.681183
vt 0.490906 0.851318
vt 0.578003 0.681183
vt 0.578003 0.851318
vt 0.683594 0.667969
vt 0.707001 0.636719
vt 0.816376 0.667969
vt 0.824219 0.636719
vt 0.894501 0.667969
vt 0.699219 0.613251
vt 0.871094 0.446411
vt 0.618286 0.605469
vt 0.675751 0.605469
vt 0.628876 0.363251
vt 0.660126 0.363251
vt 0.660126 0.332001
vt 0.683594 0.332001
vt 0.619537 0.074341
vt 0.619507 0.107544
vt 0.631348 0.105377
vt 0.673553 0.149689
vt 0.712036 0.194122
vt 0.722626 0.316376
vt 0.707001 0.394501
vt 0.652069 0.091400
vt 0.707428 0.138580
vt 0.846863 0.223267
vt 0.785126 0.223267
vt 0.896179 0.167877
vt 0.873047 0.194000
vt 0.782776 0.194061
vt 0.199219 0.069336
vt 0.303833 0.069336
vt 0.238251 0.726776
vt 0.300751 0.726776
vt 0.265015 0.726776
vt 0.140259 0.053589
vt 0.140259 0.009979
vt 0.072693 0.009979
vt 0.550995 0.989990
vt 0.549011 0.871094
vt 0.637787 0.989990
vt 0.438934 0.009979
vt 0.437836 0.053589
vt 0.496094 0.053589
vt 0.113251 0.069336
vt 0.152344 0.069336
vt 0.266174 0.069336
vt 0.164429 0.833679
vt 0.113251 0.833679
vt 0.089844 0.775421
vt 0.066376 0.833679
vt 0.024414 0.833679
vt 0.058594 0.726776
vt 0.113251 0.726776
vt 0.194916 0.783234
vt 0.194916 0.833679
vt 0.269501 0.783234
vt 0.269501 0.833679
vt 0.215912 0.871094
vt 0.305573 0.871094
vt 0.306091 0.989990
vt 0.374023 0.871094
vt 0.129242 0.989990
vt 0.049744 0.989990
vt 0.049744 0.871094
vt 0.336884 0.726776
vt 0.336884 0.833679
vt 0.336884 0.783234
vt 0.194916 0.726776
vt 0.164429 0.726776
vt 0.164429 0.783234
vt 0.024414 0.806671
vt 0.024414 0.726776
vt 0.009979 0.009979
vt 0.009979 0.053589
vt 0.073029 0.053589
vt 0.205902 0.009979
vt 0.205902 0.053589
vt 0.263153 0.053589
vt 0.129974 0.871094
vt 0.217224 0.989990
vt 0.463928 0.871094
vt 0.465057 0.989990
vt 0.374298 0.989990
vt 0.637787 0.871094
vt 0.711792 0.871094
vt 0.711060 0.989990
vt 0.799103 0.871094
vt 0.798584 0.989990
vt 0.888000 0.871094
vt 0.888000 0.989990
vt 0.496094 0.009979
vt 0.550751 0.053589
vt 0.550751 0.009979
vt 0.602264 0.053589
vt 0.602264 0.009979
vt 0.382629 0.053589
vt 0.382050 0.009979
vt 0.322205 0.053589
vt 0.322205 0.009979
vt 0.263031 0.009979
s 1
usemtl f_body024.png
f 1/1/1 2/2/2 3/3/3
f 4/4/4 5/5/5 6/6/6
f 7/1/7 3/3/8 8/7/9
f 8/7/9 3/3/8 9/8/6
f 10/2/2 11/1/10 12/9/11
f 12/9/11 11/1/10 13/10/12
f 12/9/11 13/10/12 14/11/13
f 15/6/6 16/12/14 17/4/4
f 17/4/4 16/12/14 18/13/15
f 17/4/4 18/13/15 19/14/16
f 19/14/16 18/13/15 20/15/17
f 19/14/16 20/15/17 21/16/18
f 21/16/18 20/15/17 22/17/19
f 21/16/18 22/17/19 23/18/20
f 23/18/20 22/17/19 24/19/21
f 23/18/20 24/19/21 25/20/12
f 26/21/22 27/22/23 28/23/24
f 29/24/25 30/25/26 31/26/27
f 32/27/28 33/28/29 34/29/30
f 35/30/31 36/31/32 37/32/33
f 38/33/34 39/34/35 40/35/36
f 41/36/37 42/37/38 43/38/39
f 44/39/40 45/40/41 46/41/42
f 47/42/43 48/43/44 49/44/45
f 50/23/24 51/45/46 52/46/47
f 48/43/44 53/47/48 49/44/45
f 49/44/45 53/47/48 54/48/49
f 49/44/45 54/48/49 55/49/50
f 56/50/51 57/51/52 58/52/53
f 58/52/53 57/51/52 59/53/54
f 58/52/53 59/53/54 60/54/55
f 60/54/55 59/53/54 61/28/56
f 62/22/23 63/55/57 64/45/46
f 64/45/46 63/55/57 65/34/58
f 64/45/46 65/34/58 66/56/59
f 66/56/59 65/34/58 67/33/34
f 68/22/23 69/21/22 70/57/60
f 71/58/61 72/41/62 73/36/37
f 73/36/37 72/41/62 74/40/63
f 73/36/37 74/40/63 75/37/64
f 30/25/26 29/24/25 76/59/65
f 76/59/65 29/24/25 77/60/66
f 76/59/65 77/60/66 78/61/67
f 79/62/68 80/63/69 81/64/70
f 81/64/70 80/63/69 82/65/71
f 81/64/70 82/65/71 83/66/72
f 83/66/72 82/65/71 84/67/73
f 85/38/74 86/68/75 87/36/37
f 87/36/37 86/68/75 88/69/43
f 87/36/37 88/69/43 89/58/76
f 89/58/76 88/69/43 90/30/77
f 89/58/76 90/30/77 91/70/78
f 91/70/78 90/30/77 92/32/33
f 91/70/78 92/32/33 93/71/79
f 94/72/80 95/73/81 96/52/82
f 96/52/82 95/73/81 97/74/83
f 96/52/82 97/74/83 98/50/84
f 98/50/84 97/74/83 99/49/50
f 98/50/84 99/49/50 100/75/85
f 100/75/85 99/49/50 54/48/86
f 84/67/73 101/76/87 83/66/72
f 83/66/72 101/76/87 102/77/88
f 83/66/72 102/77/88 81/64/70
f 81/64/70 102/77/88 103/73/89
f 81/64/70 103/73/89 79/62/68
f 104/78/90 105/79/91 106/80/92
f 106/80/92 105/79/91 107/81/93
f 106/80/92 107/81/93 108/82/94
f 108/82/94 107/81/93 109/83/95
f 108/82/94 109/83/95 110/84/96
f 111/26/97 112/33/98 29/24/25
f 29/24/25 112/33/98 113/35/99
f 29/24/25 113/35/99 77/60/66
f 77/60/66 113/35/99 114/85/100
f 77/60/66 114/85/100 115/61/67
f 115/61/67 114/85/100 116/86/101
f 115/61/67 116/86/101 117/87/31
f 117/87/31 116/86/101 118/88/102
f 117/87/31 118/88/102 119/89/103
f 120/84/96 121/90/104 108/82/94
f 108/82/94 121/90/104 122/91/105
f 108/82/94 122/91/105 106/80/92
f 106/80/92 122/91/105 123/92/106
f 106/80/92 123/92/106 104/78/90
f 104/78/90 123/92/106 124/93/107
f 104/78/90 124/93/107 125/79/108
f 125/79/108 124/93/107 126/94/109
f 127/94/110 128/55/111 105/79/91
f 105/79/91 128/55/111 27/22/23
f 105/79/91 27/22/23 107/81/93
f 107/81/93 27/22/23 129/57/112
f 107/81/93 129/57/112 109/83/95
f 109/83/95 129/57/112 130/39/40
f 109/83/95 130/39/40 110/84/96
f 110/84/96 130/39/40 131/41/113
f 110/84/96 131/41/113 132/90/114
f 132/90/114 131/41/113 133/58/61
f 132/90/114 133/58/61 134/91/105
f 134/91/105 133/58/61 135/70/78
f 134/91/105 135/70/78 136/92/115
f 136/92/115 135/70/78 137/71/116
f 136/92/115 137/71/116 138/93/117
f 139/28/118 140/27/119 141/54/120
f 141/54/120 140/27/119 142/95/121
f 141/54/120 142/95/121 143/52/53
f 143/52/53 142/95/121 144/96/122
f 143/52/53 144/96/122 145/72/80
f 145/72/80 144/96/122 146/97/123
f 145/72/80 146/97/123 147/73/81
f 147/73/81 146/97/123 148/98/124
f 147/73/81 148/98/124 149/62/125
f 150/99/83 103/73/89 55/49/50
f 55/49/50 103/73/89 102/77/88
f 55/49/50 102/77/88 49/44/45
f 49/44/45 102/77/88 101/76/87
f 49/44/45 101/76/87 47/42/43
f 47/42/43 101/76/87 84/67/73
f 47/42/43 84/67/73 151/87/126
f 151/87/126 84/67/73 82/65/71
f 151/87/126 82/65/71 78/61/67
f 78/61/67 82/65/71 80/63/69
f 78/61/67 80/63/69 76/59/65
f 76/59/65 80/63/69 79/62/68
f 76/59/65 79/62/68 30/25/26
f 30/25/26 79/62/68 152/98/124
f 30/25/26 152/98/124 31/26/27
f 31/26/27 152/98/124 153/97/127
f 31/26/27 153/97/127 154/33/34
f 154/33/34 153/97/127 155/96/128
f 154/33/34 155/96/128 156/46/47
f 156/46/47 155/96/128 157/95/129
f 156/46/47 157/95/129 28/23/24
f 28/23/24 157/95/129 158/27/130
f 28/23/24 158/27/130 26/21/22
f 26/21/22 158/27/130 34/29/131
f 26/21/22 34/29/131 159/57/132
f 159/57/132 34/29/131 160/100/133
f 159/57/132 160/100/133 161/39/40
f 162/37/134 163/101/135 164/38/74
f 165/22/23 166/45/136 167/23/137
f 168/102/138 169/103/139 170/100/133
f 163/101/135 162/37/134 171/104/3
f 171/104/3 162/37/134 172/40/63
f 171/104/3 172/40/63 169/103/139
f 169/103/139 172/40/63 173/39/40
f 169/103/139 173/39/40 170/100/133
f 170/100/133 174/29/30 168/102/138
f 168/102/138 174/29/30 175/28/29
f 168/102/138 175/28/29 176/105/15
f 176/105/15 175/28/29 177/53/140
f 176/105/15 177/53/140 178/106/141
f 178/106/141 177/53/140 179/51/52
f 178/106/141 179/51/52 180/107/19
f 180/107/19 179/51/52 181/50/51
f 180/107/19 181/50/51 182/108/13
f 182/108/13 181/50/51 183/75/85
f 182/108/13 183/75/85 184/109/11
f 184/109/11 183/75/85 185/48/49
f 184/109/11 185/48/49 186/110/135
f 186/110/135 185/48/49 187/47/74
f 188/6/142 189/5/143 190/4/144
f 191/1/145 192/7/146 193/3/147
f 193/3/147 192/7/146 194/8/142
f 195/11/148 196/10/149 197/9/150
f 197/9/150 196/10/149 198/1/151
f 197/9/150 198/1/151 199/2/152
f 199/2/152 198/1/151 200/3/153
f 201/20/154 202/19/155 203/18/156
f 203/18/156 202/19/155 204/17/157
f 203/18/156 204/17/157 205/16/158
f 205/16/158 204/17/157 206/15/159
f 205/16/158 206/15/159 207/14/160
f 207/14/160 206/15/159 208/13/15
f 207/14/160 208/13/15 209/4/161
f 209/4/161 208/13/15 210/12/162
f 209/4/161 210/12/162 211/6/142
f 212/35/163 213/60/164 214/85/165
f 215/65/166 216/66/167 217/67/168
f 218/28/169 219/27/170 220/29/171
f 221/73/172 222/62/173 223/98/174
f 224/34/175 225/56/176 226/33/177
f 227/52/178 228/96/179 229/95/180
f 230/32/181 231/31/182 232/30/183
f 233/35/184 234/34/175 235/33/177
f 236/60/164 237/35/185 238/24/186
f 238/24/186 237/35/185 226/33/187
f 238/24/186 226/33/187 239/26/188
f 221/73/172 227/52/178 240/74/189
f 240/74/189 227/52/178 241/50/190
f 240/74/189 241/50/190 242/49/191
f 243/38/192 244/37/193 245/36/194
f 246/41/195 247/40/196 248/39/197
f 249/44/198 250/43/199 251/42/200
f 252/46/176 253/45/201 254/23/202
f 255/27/203 256/54/204 229/95/180
f 229/95/180 256/54/204 227/52/178
f 257/37/205 258/40/196 259/36/194
f 259/36/194 258/40/196 260/41/206
f 259/36/194 260/41/206 261/58/207
f 262/89/208 263/88/209 264/87/183
f 264/87/183 263/88/209 265/86/210
f 264/87/183 265/86/210 266/61/211
f 267/80/212 268/79/213 269/78/214
f 216/66/167 215/65/166 270/64/215
f 270/64/215 215/65/166 271/63/69
f 270/64/215 271/63/69 222/62/173
f 228/96/179 272/72/216 273/97/217
f 274/50/218 275/75/219 276/49/191
f 276/49/191 275/75/219 277/48/220
f 276/49/191 277/48/220 278/44/198
f 278/44/198 277/48/220 279/47/221
f 278/44/198 279/47/221 280/43/199
f 281/27/203 282/28/169 256/54/204
f 256/54/204 282/28/169 283/53/222
f 256/54/204 283/53/222 284/52/223
f 284/52/223 283/53/222 285/51/224
f 284/52/223 285/51/224 241/50/190
f 286/90/225 287/84/226 288/82/227
f 288/82/227 287/84/226 289/83/228
f 288/82/227 289/83/228 290/81/229
f 290/81/229 289/83/228 291/57/230
f 290/81/229 291/57/230 292/22/231
f 292/22/231 291/57/230 293/21/232
f 292/22/231 293/21/232 294/23/233
f 295/71/234 296/32/235 297/70/236
f 297/70/236 296/32/235 232/30/237
f 297/70/236 232/30/237 298/58/238
f 298/58/238 232/30/237 299/69/200
f 298/58/238 299/69/200 300/36/194
f 300/36/194 299/69/200 301/68/239
f 300/36/194 301/68/239 302/38/240
f 222/62/173 221/73/172 270/64/215
f 270/64/215 221/73/172 303/77/88
f 270/64/215 303/77/88 216/66/167
f 216/66/167 303/77/88 304/76/241
f 216/66/167 304/76/241 217/67/168
f 305/55/242 306/94/243 307/79/244
f 307/79/244 306/94/243 308/93/245
f 307/79/244 308/93/245 269/78/214
f 269/78/214 308/93/245 309/92/246
f 269/78/214 309/92/246 267/80/212
f 267/80/212 309/92/246 310/91/247
f 311/56/248 312/34/249 253/45/201
f 253/45/201 312/34/249 313/55/242
f 253/45/201 313/55/242 314/22/231
f 314/22/231 313/55/242 268/79/213
f 314/22/231 268/79/213 315/81/250
f 315/81/250 268/79/213 267/80/212
f 315/81/250 267/80/212 316/82/227
f 316/82/227 267/80/212 310/91/247
f 316/82/227 310/91/247 317/90/251
f 228/96/179 227/52/178 272/72/216
f 272/72/216 227/52/178 221/73/172
f 272/72/216 221/73/172 273/97/217
f 273/97/217 221/73/172 223/98/174
f 273/97/217 223/98/174 318/25/252
f 318/25/252 223/98/174 222/62/173
f 318/25/252 222/62/173 319/59/253
f 319/59/253 222/62/173 271/63/69
f 319/59/253 271/63/69 266/61/211
f 266/61/211 271/63/69 215/65/166
f 266/61/211 215/65/166 320/87/183
f 320/87/183 215/65/166 217/67/168
f 320/87/183 217/67/168 251/42/200
f 251/42/200 217/67/168 304/76/241
f 251/42/200 304/76/241 249/44/198
f 249/44/198 304/76/241 303/77/88
f 249/44/198 303/77/88 242/49/191
f 242/49/191 303/77/88 221/73/172
f 242/49/191 221/73/172 321/99/189
f 308/93/245 322/71/234 309/92/246
f 309/92/246 322/71/234 323/70/236
f 309/92/246 323/70/236 310/91/247
f 310/91/247 323/70/236 324/58/207
f 310/91/247 324/58/207 317/90/251
f 317/90/251 324/58/207 325/41/254
f 317/90/251 325/41/254 326/84/255
f 326/84/255 325/41/254 248/39/197
f 326/84/255 248/39/197 327/83/256
f 327/83/256 248/39/197 328/100/257
f 327/83/256 328/100/257 329/57/258
f 329/57/258 328/100/257 330/29/259
f 329/57/258 330/29/259 331/21/260
f 331/21/260 330/29/259 255/27/203
f 331/21/260 255/27/203 254/23/202
f 254/23/202 255/27/203 229/95/180
f 254/23/202 229/95/180 252/46/176
f 252/46/176 229/95/180 228/96/179
f 252/46/176 228/96/179 226/33/187
f 226/33/187 228/96/179 273/97/217
f 226/33/187 273/97/217 239/26/188
f 239/26/188 273/97/217 318/25/252
f 239/26/188 318/25/252 238/24/186
f 238/24/186 318/25/252 319/59/253
f 238/24/186 319/59/253 332/60/164
f 332/60/164 319/59/253 266/61/211
f 332/60/164 266/61/211 333/85/165
f 333/85/165 266/61/211 334/86/261
f 335/48/220 336/110/262 337/47/240
f 338/23/233 339/45/263 340/22/231
f 341/100/257 342/103/264 343/102/265
f 341/100/257 344/39/197 342/103/264
f 342/103/264 344/39/197 345/40/196
f 342/103/264 345/40/196 346/104/153
f 346/104/153 345/40/196 347/37/266
f 346/104/153 347/37/266 348/101/262
f 348/101/262 347/37/266 349/38/240
f 336/110/262 335/48/220 350/109/150
f 350/109/150 335/48/220 351/75/219
f 350/109/150 351/75/219 352/108/148
f 352/108/148 351/75/219 353/50/190
f 352/108/148 353/50/190 354/107/157
f 354/107/157 353/50/190 355/51/224
f 354/107/157 355/51/224 356/106/267
f 356/106/267 355/51/224 357/53/268
f 356/106/267 357/53/268 358/105/15
f 358/105/15 357/53/268 359/28/169
f 358/105/15 359/28/169 343/102/265
f 343/102/265 359/28/169 360/29/259
f 343/102/265 360/29/259 341/100/257
f 361/111/269 362/112/270 363/113/271
f 361/111/269 364/114/272 365/115/273
f 366/116/274 367/117/275 368/118/276
f 369/119/277 370/120/278 371/121/279
f 371/121/279 370/120/278 372/122/280
f 371/121/279 372/122/280 373/123/281
f 373/123/281 372/122/280 374/124/282
f 375/125/281 376/126/283 377/127/284
f 377/127/284 376/126/283 378/128/285
f 377/127/284 378/128/285 379/129/286
f 380/130/287 381/131/288 382/132/289
f 362/112/270 361/111/269 383/133/273
f 384/134/290 364/114/272 385/135/291
f 385/135/291 364/114/272 386/136/292
f 387/14/293 388/137/294 389/4/295
f 389/4/295 388/137/294 390/138/296
f 389/4/295 390/138/296 391/5/297
f 392/139/298 393/140/299 394/141/300
f 394/141/300 393/140/299 362/112/270
f 394/141/300 362/112/270 395/142/301
f 395/142/301 362/112/270 383/133/273
f 391/5/5 396/143/296 397/144/302
f 397/144/302 396/143/296 398/145/303
f 397/144/302 398/145/303 399/146/304
f 400/147/305 401/148/306 402/149/307
f 402/149/307 401/148/306 403/150/308
f 404/151/309 405/152/310 406/153/298
f 406/153/298 405/152/310 407/154/308
f 379/129/286 408/155/278 409/156/289
f 378/128/285 410/157/311 411/129/312
f 411/129/312 410/157/311 408/155/313
f 412/158/314 413/159/315 414/160/316
f 414/160/316 413/159/315 415/161/317
f 416/162/318 417/163/319 418/164/320
f 418/164/320 417/163/319 419/165/320
f 418/164/320 419/165/320 420/166/321
f 420/166/321 419/165/320 421/167/322
f 422/168/323 423/169/324 424/170/304
f 424/170/304 423/169/324 425/171/325
f 424/170/304 425/171/325 426/172/302
f 426/172/302 425/171/325 427/1/10
f 426/172/302 427/1/10 428/7/326
f 422/168/323 429/173/327 423/169/324
f 423/169/324 429/173/327 407/154/308
f 423/169/324 407/154/308 425/171/325
f 425/171/325 407/154/308 405/152/310
f 425/171/325 405/152/310 427/1/10
f 427/1/10 405/152/310 430/174/328
f 427/1/10 430/174/328 431/10/12
f 432/175/329 380/130/287 433/176/301
f 433/176/301 380/130/287 382/132/289
f 433/176/301 382/132/289 404/151/309
f 404/151/309 382/132/289 370/120/278
f 404/151/309 370/120/278 405/152/310
f 405/152/310 370/120/278 369/119/277
f 405/152/310 369/119/277 430/174/328
f 434/177/281 435/178/282 376/126/283
f 376/126/283 435/178/282 436/179/330
f 376/126/283 436/179/330 378/128/285
f 378/128/285 436/179/330 437/180/331
f 378/128/285 437/180/331 410/157/311
f 438/181/12 439/182/328 440/183/332
f 440/183/332 439/182/328 367/117/275
f 440/183/332 367/117/275 441/184/333
f 441/184/333 367/117/275 366/116/274
f 441/184/333 366/116/274 442/185/334
f 364/114/272 361/111/269 386/136/292
f 386/136/292 361/111/269 363/113/271
f 386/136/292 363/113/271 385/135/291
f 385/135/291 363/113/271 443/186/335
f 385/135/291 443/186/335 444/187/336
f 445/20/12 446/188/337 447/18/338
f 447/18/338 446/188/337 448/189/339
f 447/18/338 448/189/339 449/16/340
f 449/16/340 448/189/339 413/159/315
f 449/16/340 413/159/315 387/14/293
f 387/14/293 413/159/315 412/158/314
f 387/14/293 412/158/314 388/137/294
f 393/140/299 450/190/341 362/112/270
f 362/112/270 450/190/341 451/191/342
f 362/112/270 451/191/342 363/113/271
f 363/113/271 451/191/342 379/129/286
f 363/113/271 379/129/286 443/186/335
f 443/186/335 379/129/286 409/156/289
f 443/186/335 409/156/289 444/187/336
f 400/147/305 399/146/304 401/148/306
f 401/148/306 399/146/304 398/145/303
f 401/148/306 398/145/303 403/150/308
f 403/150/308 398/145/303 396/143/296
f 403/150/308 396/143/296 392/139/298
f 392/139/298 396/143/296 452/192/343
f 392/139/298 452/192/343 393/140/299
f 393/140/299 452/192/343 453/193/344
f 393/140/299 453/193/344 450/190/341
f 450/190/341 453/193/344 454/194/345
f 450/190/341 454/194/345 451/191/342
f 451/191/342 454/194/345 442/185/334
f 451/191/342 442/185/334 379/129/286
f 379/129/286 442/185/334 366/116/274
f 379/129/286 366/116/274 377/127/284
f 377/127/284 366/116/274 368/118/276
f 377/127/284 368/118/276 375/125/281
f 455/122/346 456/123/347 457/124/348
f 458/112/349 459/142/350 460/133/351
f 461/148/352 462/149/353 463/150/354
f 456/123/347 455/122/346 464/121/355
f 464/121/355 455/122/346 465/120/356
f 464/121/355 465/120/356 466/119/357
f 467/118/358 468/116/359 469/127/360
f 469/127/360 468/116/359 470/129/361
f 469/127/360 470/129/361 471/128/362
f 472/178/348 473/177/363 474/179/364
f 474/179/364 473/177/363 475/126/365
f 476/132/366 477/131/367 478/130/368
f 460/133/351 479/111/369 458/112/349
f 458/112/349 479/111/369 480/113/370
f 481/134/371 482/135/372 483/114/373
f 483/114/373 482/135/372 484/136/374
f 459/142/350 458/112/349 485/141/375
f 485/141/375 458/112/349 486/140/376
f 485/141/375 486/140/376 487/139/377
f 488/146/378 489/145/379 490/144/380
f 490/144/380 489/145/379 491/143/381
f 490/144/380 491/143/381 492/5/382
f 462/149/353 461/148/352 493/147/383
f 494/151/384 495/153/377 496/152/385
f 496/152/385 495/153/377 497/154/354
f 498/184/386 499/117/357 500/183/387
f 500/183/387 499/117/357 501/182/388
f 500/183/387 501/182/388 502/181/149
f 503/156/389 504/155/356 470/129/361
f 505/180/348 471/128/362 506/157/390
f 506/157/390 471/128/362 507/129/391
f 506/157/390 507/129/391 504/155/392
f 508/166/393 509/167/394 510/164/395
f 510/164/395 509/167/394 511/165/395
f 510/164/395 511/165/395 512/162/396
f 512/162/396 511/165/395 513/163/396
f 514/7/382 515/1/151 516/172/397
f 516/172/397 515/1/151 517/171/398
f 516/172/397 517/171/398 518/170/399
f 518/170/399 517/171/398 519/169/400
f 518/170/399 519/169/400 520/168/401
f 521/10/149 522/174/388 515/1/151
f 515/1/151 522/174/388 496/152/385
f 515/1/151 496/152/385 517/171/398
f 517/171/398 496/152/385 497/154/354
f 517/171/398 497/154/354 519/169/400
f 519/169/400 497/154/354 523/173/402
f 519/169/400 523/173/402 520/168/401
f 522/174/388 466/119/357 496/152/385
f 496/152/385 466/119/357 465/120/356
f 496/152/385 465/120/356 494/151/384
f 494/151/384 465/120/356 476/132/366
f 494/151/384 476/132/366 524/176/350
f 524/176/350 476/132/366 478/130/368
f 524/176/350 478/130/368 525/175/403
f 505/180/348 474/179/364 471/128/362
f 471/128/362 474/179/364 475/126/365
f 471/128/362 475/126/365 469/127/360
f 469/127/360 475/126/365 526/125/347
f 469/127/360 526/125/347 467/118/358
f 527/187/367 528/186/404 482/135/372
f 482/135/372 528/186/404 480/113/370
f 482/135/372 480/113/370 484/136/374
f 484/136/374 480/113/370 479/111/369
f 484/136/374 479/111/369 483/114/373
f 483/114/373 479/111/369 529/115/405
f 492/5/143 530/138/406 531/4/161
f 531/4/161 530/138/406 532/137/407
f 531/4/161 532/137/407 533/14/408
f 533/14/408 532/137/407 534/158/409
f 533/14/408 534/158/409 535/16/410
f 536/160/411 537/161/412 534/158/409
f 534/158/409 537/161/412 538/159/413
f 534/158/409 538/159/413 535/16/410
f 535/16/410 538/159/413 539/189/414
f 535/16/410 539/189/414 540/18/156
f 540/18/156 539/189/414 541/188/415
f 540/18/156 541/188/415 542/20/149
f 527/187/367 503/156/389 528/186/404
f 528/186/404 503/156/389 470/129/361
f 528/186/404 470/129/361 480/113/370
f 480/113/370 470/129/361 543/191/416
f 480/113/370 543/191/416 458/112/349
f 458/112/349 543/191/416 544/190/417
f 458/112/349 544/190/417 486/140/376
f 467/118/358 499/117/357 468/116/359
f 468/116/359 499/117/357 498/184/386
f 468/116/359 498/184/386 470/129/361
f 470/129/361 498/184/386 545/185/418
f 470/129/361 545/185/418 543/191/416
f 543/191/416 545/185/418 546/194/419
f 543/191/416 546/194/419 544/190/417
f 544/190/417 546/194/419 547/193/420
f 544/190/417 547/193/420 486/140/376
f 486/140/376 547/193/420 548/192/421
f 486/140/376 548/192/421 487/139/377
f 487/139/377 548/192/421 491/143/381
f 487/139/377 491/143/381 463/150/354
f 463/150/354 491/143/381 489/145/379
f 463/150/354 489/145/379 461/148/352
f 461/148/352 489/145/379 488/146/378
f 461/148/352 488/146/378 493/147/383
f 549/35/422 550/195/423 551/85/100
f 552/196/424 553/55/111 554/94/109
f 555/197/425 556/198/426 557/199/427
f 558/200/428 559/201/429 560/202/430
f 561/203/431 562/204/432 563/205/433
f 564/206/434 565/207/434 566/208/435
f 550/195/423 549/35/422 567/34/58
f 568/88/436 569/86/101 570/209/437
f 570/209/437 569/86/101 551/85/100
f 570/209/437 551/85/100 571/210/438
f 571/210/438 551/85/100 550/195/423
f 553/55/111 552/196/424 567/34/58
f 567/34/58 552/196/424 572/211/439
f 567/34/58 572/211/439 550/195/423
f 573/212/440 574/213/441 575/214/442
f 575/214/442 574/213/441 576/215/443
f 575/214/442 576/215/443 577/216/444
f 578/217/445 579/218/446 575/214/442
f 580/219/447 581/220/448 582/221/449
f 582/221/449 581/220/448 583/222/433
f 584/223/450 585/224/451 586/225/452
f 586/225/452 585/224/451 587/226/453
f 588/227/454 589/228/455 590/229/456
f 582/221/449 591/230/457 556/198/426
f 583/222/433 592/231/458 582/221/449
f 582/221/449 592/231/458 593/232/459
f 582/221/449 593/232/459 591/230/457
f 556/198/426 555/197/425 582/221/449
f 582/221/449 555/197/425 594/233/460
f 582/221/449 594/233/460 580/219/447
f 579/218/446 595/234/461 575/214/442
f 575/214/442 595/234/461 596/235/462
f 575/214/442 596/235/462 573/212/440
f 577/216/444 597/236/463 575/214/442
f 575/214/442 597/236/463 598/237/464
f 575/214/442 598/237/464 578/217/445
f 599/238/465 600/239/465 560/202/430
f 560/202/430 600/239/465 601/240/466
f 560/202/430 601/240/466 558/200/428
f 559/201/429 558/200/428 602/241/467
f 602/241/467 558/200/428 603/242/467
f 602/241/467 603/242/467 604/243/468
f 590/229/456 605/244/469 588/227/454
f 588/227/454 605/244/469 584/223/450
f 588/227/454 584/223/450 606/245/427
f 606/245/427 584/223/450 586/225/452
f 562/204/432 561/203/431 607/246/470
f 607/246/470 561/203/431 608/247/471
f 607/246/470 608/247/471 587/226/453
f 587/226/453 608/247/471 609/248/472
f 587/226/453 609/248/472 586/225/452
f 562/204/432 610/249/473 563/205/433
f 563/205/433 610/249/473 611/250/474
f 563/205/433 611/250/474 612/251/475
f 612/251/475 611/250/474 613/252/476
f 612/251/475 613/252/476 614/253/477
f 614/253/477 613/252/476 615/254/462
f 614/253/477 615/254/462 616/255/455
f 564/206/434 566/208/435 617/256/478
f 617/256/478 566/208/435 618/257/479
f 617/256/478 618/257/479 619/258/480
f 619/258/480 618/257/479 620/259/481
f 619/258/480 620/259/481 621/260/465
f 565/207/434 564/206/434 622/261/482
f 622/261/482 564/206/434 623/262/483
f 622/261/482 623/262/483 624/263/484
f 624/263/484 623/262/483 625/264/485
f 624/263/484 625/264/485 604/243/468
f 604/243/468 625/264/485 626/265/468
f 604/243/468 626/265/468 602/241/467
f 627/85/165 628/210/486 629/195/487
f 630/224/488 631/225/489 632/226/490
f 633/223/491 634/245/492 631/225/489
f 635/34/249 636/35/163 629/195/487
f 629/195/487 636/35/163 627/85/165
f 628/210/486 627/85/165 637/209/493
f 637/209/493 627/85/165 638/86/261
f 637/209/493 638/86/261 639/88/494
f 629/195/487 640/211/495 635/34/249
f 635/34/249 640/211/495 641/196/424
f 635/34/249 641/196/424 642/55/242
f 642/55/242 641/196/424 643/94/496
f 644/216/497 645/215/498 646/214/499
f 646/214/499 645/215/498 647/213/500
f 646/214/499 647/213/500 648/212/501
f 646/214/499 649/218/502 650/217/503
f 651/219/504 652/221/505 653/220/506
f 653/220/506 652/221/505 654/222/507
f 631/225/489 630/224/488 633/223/491
f 655/229/508 656/228/509 657/227/510
f 658/230/511 652/221/505 659/198/512
f 659/198/512 652/221/505 660/199/513
f 658/230/511 661/232/514 652/221/505
f 652/221/505 661/232/514 662/231/515
f 652/221/505 662/231/515 654/222/507
f 651/219/504 663/233/516 652/221/505
f 652/221/505 663/233/516 664/197/517
f 652/221/505 664/197/517 660/199/513
f 648/212/501 665/235/518 646/214/499
f 646/214/499 665/235/518 666/234/519
f 646/214/499 666/234/519 649/218/502
f 650/217/503 667/237/520 646/214/499
f 646/214/499 667/237/520 668/236/521
f 646/214/499 668/236/521 644/216/497
f 634/245/492 633/223/491 657/227/510
f 657/227/510 633/223/491 669/244/522
f 657/227/510 669/244/522 655/229/508
f 631/225/489 670/248/523 632/226/490
f 632/226/490 670/248/523 671/247/524
f 632/226/490 671/247/524 672/246/525
f 672/246/525 671/247/524 673/203/526
f 672/246/525 673/203/526 674/204/497
f 674/204/497 673/203/526 675/205/507
f 676/255/527 677/254/528 678/253/529
f 678/253/529 677/254/528 679/252/530
f 678/253/529 679/252/530 680/251/531
f 680/251/531 679/252/530 681/250/532
f 680/251/531 681/250/532 675/205/507
f 675/205/507 681/250/532 682/249/533
f 675/205/507 682/249/533 674/204/497
f 683/260/534 684/259/534 685/258/535
f 685/258/535 684/259/534 686/257/536
f 685/258/535 686/257/536 687/256/537
f 687/256/537 686/257/536 688/208/538
f 687/256/537 688/208/538 689/206/539
f 690/241/540 691/265/541 692/243/542
f 692/243/542 691/265/541 693/264/543
f 692/243/542 693/264/543 694/263/544
f 694/263/544 693/264/543 695/262/545
f 694/263/544 695/262/545 696/261/546
f 696/261/546 695/262/545 689/206/539
f 696/261/546 689/206/539 697/207/539
f 697/207/539 689/206/539 688/208/538
f 692/243/542 698/242/540 690/241/540
f 690/241/540 698/242/540 699/200/547
f 690/241/540 699/200/547 700/201/548
f 700/201/548 699/200/547 701/240/549
f 700/201/548 701/240/549 702/202/550
f 702/202/550 701/240/549 703/239/551
f 702/202/550 703/239/551 704/238/534
o editpl_f-0000-73
v 0.000000 35.972214 3.893065
v 0.000000 37.300480 3.374064
v -1.484075 37.646980 3.125121
v -10.764173 39.719585 -3.076227
v -5.388700 40.499222 -2.486099
v -4.015732 41.654232 -6.849269
v -3.785581 36.065258 3.521873
v -9.626646 37.207436 2.810608
v -4.158584 35.256748 4.845494
v -7.944166 34.964787 4.825490
v -5.076541 32.888973 5.297816
v -11.512824 37.942150 -8.560752
v -6.161160 37.871567 -10.807907
v -11.428171 34.294239 -10.741226
v -10.399106 30.838825 -12.011501
v -6.571198 33.168102 -11.910369
v -6.981237 28.281755 -13.235100
v 0.000000 33.992653 -12.187096
v 0.000000 38.545322 -10.685658
v 0.000000 33.992653 -12.187096
v -6.161160 37.871567 -10.807907
v -6.571198 33.168102 -11.910369
v -10.399106 30.838825 -12.011501
v 6.161160 37.871567 -10.807907
v 0.000000 42.270241 -8.537414
v 4.015732 41.654232 -6.849269
v -2.084583 30.274155 8.096202
v 0.000000 29.738356 8.358481
v -1.293605 33.386269 5.711238
v 0.000000 34.746616 5.096660
v -0.962929 34.878162 5.275588
v 0.000000 35.972214 3.893065
v 10.399106 30.838825 -12.011501
v 6.571198 33.168102 -11.910369
v 11.428171 34.294239 -10.741226
v 6.161160 37.871567 -10.807907
v 11.512824 37.942150 -8.560752
v 10.764173 39.719585 -3.076227
v 10.399106 30.838825 -12.011501
v 6.981237 28.281755 -13.235100
v 6.571198 33.168102 -11.910369
v 0.000000 33.992653 -12.187096
v 0.000000 38.545322 -10.685658
v -6.161160 37.871567 -10.807907
v -4.015732 41.654232 -6.849269
v -11.512824 37.942150 -8.560752
v -10.764173 39.719585 -3.076227
v -5.388700 40.499222 -2.486099
v -10.764173 39.719585 -3.076227
v -3.822617 38.975246 1.093568
v -9.626646 37.207436 2.810608
v -1.484075 37.646980 3.125121
v -3.785581 36.065258 3.521873
v 0.000000 35.972214 3.893065
v -4.158584 35.256748 4.845494
v -0.962929 34.878162 5.275588
v -5.076541 32.888973 5.297816
v -1.293605 33.386269 5.711238
v -4.190329 31.416332 7.160443
v -2.084583 30.274155 8.096202
v 0.000000 37.300480 3.374064
v 0.000000 35.972214 3.893065
v 1.484075 37.646980 3.125121
v 9.626646 37.207436 2.810608
v 4.158584 35.256748 4.845494
v 7.944166 34.964787 4.825490
v 5.076541 32.888973 5.297816
v 2.084583 30.274155 8.096202
v 4.190329 31.416332 7.160443
v 1.293605 33.386269 5.711238
v 0.962929 34.878162 5.275588
v 4.158584 35.256748 4.845494
v 3.785581 36.065258 3.521873
v 9.626646 37.207436 2.810608
v 4.015732 41.654232 -6.849269
v 5.388700 40.499222 -2.486099
v 10.764173 39.719585 -3.076227
v 3.822617 38.965622 1.093568
v 9.626646 37.207436 2.810608
v 3.785581 36.065258 3.521873
v 0.000000 35.972214 3.893065
v 0.962929 34.878162 5.275588
v 0.000000 34.746616 5.096660
v 1.293605 33.386269 5.711238
v 0.000000 29.738356 8.358481
v 2.084583 30.274155 8.096202
v 15.340732 38.702534 -8.200674
v 11.512824 37.942150 -8.560752
v 10.764173 39.719585 -3.076227
v 16.666082 37.249146 -8.264021
v 10.116047 36.020340 -8.689669
v 8.756307 37.701523 -5.417847
v 15.340732 38.702534 -8.200674
v 10.764173 39.719585 -3.076227
v 14.552400 40.460720 -2.631686
v 8.145217 38.378490 -2.577230
v 14.917466 40.088551 -2.322730
v 8.756307 37.701523 -5.417847
v 15.541783 39.440460 -5.406734
v 16.666082 37.249146 -8.264021
v 17.324789 39.684296 -5.196688
v 18.435862 37.226685 -7.877270
v 10.399106 30.838825 -12.011501
v 11.856727 26.363152 -14.284217
v 6.981237 28.281755 -13.235100
v 11.512824 37.942150 -8.560752
v 15.340732 38.702534 -8.200674
v 11.428171 34.294239 -10.741226
v 15.451839 33.829025 -11.648089
v 10.399106 30.838825 -12.011501
v 14.221723 29.908398 -13.542945
v 11.856727 26.363152 -14.284217
v 15.361895 25.496895 -9.388709
v 13.560371 19.340038 -8.434057
v 9.274807 20.033045 -10.527845
v 5.613560 25.208143 12.758327
v 3.796163 29.180099 7.524967
v 2.023739 25.278727 12.072622
v 0.000000 28.888140 7.783912
v 0.000000 25.217768 11.973711
v -2.200981 21.255432 -11.691432
v 0.000000 21.255432 -11.184655
v 0.000000 12.288046 -7.601653
v 2.200981 21.255432 -11.691432
v 1.624282 12.352213 -8.089537
v 6.470672 20.495050 -11.299124
v 4.653276 12.442047 -7.758354
v 9.274807 20.033045 -10.527845
v 7.494446 12.448464 -7.077094
v 13.560371 19.340038 -8.434057
v 11.922862 12.470924 -4.152014
v 15.652890 19.153954 -4.649900
v 14.145006 12.541508 -0.590129
v 15.742834 19.035242 -1.723709
v 14.488910 19.182829 3.594113
v 13.978346 27.405872 2.742816
v 14.803713 21.271475 5.920174
v 14.613244 22.856407 9.399818
v 13.838139 19.378538 9.972165
v 12.645059 24.152590 12.059285
v 11.309127 19.959253 12.589401
v 9.663682 24.980350 13.239542
v 6.698178 20.700388 12.973929
v 5.613560 25.208143 12.758327
v 1.989348 21.271477 12.649414
v 2.023739 25.278727 12.072622
v 0.000000 21.467184 12.626075
v -2.023739 25.278727 12.072622
v 0.000000 28.888140 7.783912
v -3.796163 29.180099 7.524967
v 14.488910 19.182829 3.594113
v 14.436001 19.263037 6.626995
v 11.798528 16.481382 6.959289
v 11.309127 19.959253 12.589401
v 6.698178 20.700388 12.973929
v 5.259075 17.710188 10.987942
v 1.989348 21.271477 12.649414
v 13.396355 12.547924 3.478533
v 11.798528 16.481382 6.959289
v 11.192729 12.817428 7.711675
v 9.309197 16.664261 9.418712
v 7.544709 13.067681 10.217775
v 4.174457 15.300705 11.712544
v 3.962824 13.212057 11.330239
v 14.488910 19.182829 3.594113
v 14.803713 21.271475 5.920174
v 14.436001 19.263037 6.626995
v 13.838139 19.378538 9.972165
v 11.798528 16.481382 6.959289
v 11.309127 19.959253 12.589401
v 9.309197 16.664261 9.418712
v 5.259075 17.710188 10.987942
v 4.174457 15.300705 11.712544
v 1.505238 16.324173 12.159308
v 3.962824 13.212057 11.330239
v 1.206307 13.263391 11.374693
v 12.645059 24.152590 12.059285
v 10.010231 30.440989 7.063755
v 9.663682 24.980350 13.239542
v 14.309022 32.706097 -10.185550
v 13.298475 29.122351 -11.395812
v 10.116047 36.020340 -8.689669
v 14.917466 40.088551 -2.322730
v 8.145217 38.378490 -2.577230
v 6.830448 36.299465 2.699473
v 14.533882 37.207436 3.808602
v 9.700718 33.822609 4.771035
v 15.483584 31.750004 4.356500
v 15.361895 25.496895 -9.388709
v 9.274807 20.033045 -10.527845
v 13.298475 29.122351 -11.395812
v 6.941555 27.864668 -12.893915
v 10.116047 36.020340 -8.689669
v 10.010231 30.440989 7.063755
v 12.645059 24.152590 12.059285
v 12.623896 28.580135 5.006641
v 14.613244 22.856407 9.399818
v 13.978346 27.405872 2.742816
v 30.903679 32.786304 -0.392309
v 30.903679 33.687855 3.114007
v 22.004519 31.612043 0.225603
v 21.959547 34.005486 3.658570
v 21.959547 34.005486 3.658570
v 17.359179 30.537239 0.926866
v 22.004519 31.612043 0.225603
v 22.165890 31.194956 -2.120463
v 30.903679 32.786304 -0.392309
v 30.901031 32.828014 -2.459425
v 13.298475 29.122351 -11.395812
v 14.309022 32.706097 -10.185550
v 15.361895 25.496895 -9.388709
v 17.536423 29.128767 -8.436280
v 17.197809 24.993181 -5.815710
v 16.666082 37.249146 -8.264021
v 18.435862 37.226685 -7.877270
v 19.515188 32.478302 -8.555195
v 15.483584 31.750004 4.356500
v 17.692501 37.829861 3.408515
v 14.533882 37.207436 3.808602
v 17.126383 39.928131 1.253603
v 14.597371 39.020164 1.494766
v 16.893587 29.266726 -1.612575
v 22.165890 31.194956 -2.120463
v 15.340732 28.987598 1.738154
v 17.359179 30.537239 0.926866
v 13.560371 19.340038 -8.434057
v 15.361895 25.496895 -9.388709
v 15.652890 19.153954 -4.649900
v 17.197809 24.993181 -5.815710
v 15.742834 19.035242 -1.723709
v 15.523265 25.468019 -2.060450
v 13.978346 27.405872 2.742816
v 10.116047 36.020340 -8.689669
v 16.666082 37.249146 -8.264021
v 14.309022 32.706097 -10.185550
v 19.515188 32.478302 -8.555195
v 17.536423 29.128767 -8.436280
v 22.361649 30.784285 -6.050206
v 17.718954 28.063589 -5.220025
v 22.165890 31.194956 -2.120463
v 16.893587 29.266726 -1.612575
v 15.340732 28.987598 1.738154
v 17.359179 30.537239 0.926866
v 15.346022 29.735147 4.099778
v 21.959547 34.005486 3.658570
v 20.919901 35.176540 3.677463
v 22.194988 38.423409 3.082889
v 17.126383 39.928131 1.253603
v 22.462175 39.950588 0.881300
v 22.316677 40.768723 -2.080455
v 14.552400 40.460720 -2.631686
v 10.764173 39.719585 -3.076227
v 13.663542 38.654408 3.462972
v 9.626646 37.207436 2.810608
v 11.496951 33.161682 7.522744
v 7.944166 34.964787 4.825490
v 8.703398 31.268747 8.109538
v 5.076541 32.888973 5.297816
v 7.370112 28.994015 9.815464
v 4.190329 31.416332 7.160443
v 5.547424 27.059370 11.296897
v 2.084583 30.274155 8.096202
v 2.809425 25.644480 12.109296
v 9.700718 33.822609 4.771035
v 6.830448 36.299465 2.699473
v 14.917466 40.088551 -2.322730
v 17.319498 40.508846 -2.200481
v 17.324789 39.684296 -5.196688
v 22.544184 39.963425 -4.776597
v 18.435862 37.226685 -7.877270
v 23.078554 37.319729 -7.273806
v 19.515188 32.478302 -8.555195
v 23.930376 33.983025 -7.473848
v 22.361649 30.784285 -6.050206
v 30.903679 32.747807 -6.593657
v 30.903679 31.948921 -4.996644
v 17.536423 29.128767 -8.436280
v 17.718954 28.063589 -5.220025
v 16.893587 29.266726 -1.612575
v 15.523265 25.468019 -2.060450
v 13.978346 27.405872 2.742816
v 15.346022 29.735147 4.099778
v 12.623896 28.580135 5.006641
v 15.483584 31.750004 4.356500
v 10.010231 30.440989 7.063755
v 9.700718 33.822609 4.771035
v 5.613560 25.208143 12.758327
v 9.663682 24.980350 13.239542
v 3.796163 29.180099 7.524967
v 10.010231 30.440989 7.063755
v 6.684951 31.913630 5.857938
v 9.700718 33.822609 4.771035
v 6.830448 36.299465 2.699473
v -14.552400 40.460720 -2.631686
v -10.764173 39.719585 -3.076227
v -15.200525 38.702534 -8.200674
v -11.512824 37.942150 -8.560752
v -11.428171 34.294239 -10.741226
v -20.919901 35.176540 3.677463
v -15.483584 31.750004 4.356500
v -17.692501 37.829861 3.408515
v -14.533882 37.207436 3.808602
v -17.126383 39.928131 1.253603
v -14.597371 39.020164 1.494766
v -14.917466 40.088551 -2.322730
v -8.145217 38.378490 -2.577230
v -15.541783 39.440460 -5.406734
v -8.756307 37.701523 -5.417847
v -10.116047 36.020340 -8.689669
v -15.652890 19.153954 -4.649900
v -17.197809 24.993181 -5.815710
v -15.361895 25.496895 -9.388709
v -11.192729 12.817428 7.711675
v -11.798528 16.481382 6.959289
v -13.396355 12.547924 3.478533
v 0.000000 16.426840 12.128190
v -2.587211 18.701572 11.674758
v -1.505238 16.324173 12.159308
v -5.259075 17.710188 10.987942
v -17.197809 24.993181 -5.815710
v -15.652890 19.153954 -4.649900
v -15.742834 19.035242 -1.723709
v -4.174457 15.300705 11.712544
v -5.259075 17.710188 10.987942
v -9.309197 16.664261 9.418712
v -11.309127 19.959253 12.589401
v -11.798528 16.481382 6.959289
v -13.838139 19.378538 9.972165
v -14.436001 19.263037 6.626995
v -14.803713 21.271475 5.920174
v -14.488910 19.182829 3.594113
v -13.978346 27.405872 2.742816
v -15.742834 19.035242 -1.723709
v -15.523265 25.468019 -2.060450
v -17.197809 24.993181 -5.815710
v -15.483584 31.750004 4.356500
v -20.919901 35.176540 3.677463
v -21.959547 34.005486 3.658570
v -15.483584 31.750004 4.356500
v -10.010231 30.440989 7.063755
v -9.700718 33.822609 4.771035
v -22.361649 30.784285 -6.050206
v -23.930376 33.983025 -7.473848
v -19.515188 32.478302 -8.555195
v -15.346022 29.735147 4.099778
v -17.359179 30.537239 0.926866
v -15.340732 28.987598 1.738154
v -30.903679 32.786304 -0.392309
v -22.004519 31.612043 0.225603
v -30.903679 33.687855 3.114007
v -21.959547 34.005486 3.658570
v -17.197809 24.993181 -5.815710
v -17.536423 29.128767 -8.436280
v -15.361895 25.496895 -9.388709
v -14.309022 32.706097 -10.185550
v -13.298475 29.122351 -11.395812
v -10.116047 36.020340 -8.689669
v -8.145217 38.378490 -2.577230
v -14.597371 39.020164 1.494766
v -6.830448 36.299465 2.699473
v -14.533882 37.207436 3.808602
v -9.700718 33.822609 4.771035
v -15.483584 31.750004 4.356500
v -16.893587 29.266726 -1.612575
v -15.340732 28.987598 1.738154
v -22.165890 31.194956 -2.120463
v -17.359179 30.537239 0.926866
v -17.126383 39.928131 1.253603
v -17.319498 40.508846 -2.200481
v -22.316677 40.768723 -2.080455
v -17.324789 39.684296 -5.196688
v -22.544184 39.963425 -4.776597
v -18.435862 37.226685 -7.877270
v -23.078554 37.319729 -7.273806
v -22.165890 31.194956 -2.120463
v -30.903679 31.948921 -4.996644
v -30.903679 32.747807 -6.593657
v -23.930376 33.983025 -7.473848
v -30.903679 34.528450 -7.333818
v -30.903679 37.229893 -6.593658
v -16.893587 29.266726 -1.612575
v -22.165890 31.194956 -2.120463
v -17.718954 28.063589 -5.220025
v -22.361649 30.784285 -6.050206
v -17.536423 29.128767 -8.436280
v -19.515188 32.478302 -8.555195
v -14.309022 32.706097 -10.185550
v -16.666082 37.249146 -8.264021
v -10.116047 36.020340 -8.689669
v -15.541783 39.440460 -5.406734
v -30.903679 32.786304 -0.392309
v -22.165890 31.194956 -2.120463
v -22.004519 31.612043 0.225603
v -17.359179 30.537239 0.926866
v -21.959547 34.005486 3.658570
v -15.346022 29.735147 4.099778
v -15.483584 31.750004 4.356500
v -2.809425 25.644480 12.109296
v -2.084583 30.274155 8.096202
v -5.547424 27.059370 11.296897
v -4.190329 31.416332 7.160443
v -7.370112 28.994015 9.815464
v -5.076541 32.888973 5.297816
v -8.703398 31.268747 8.109538
v -7.944166 34.964787 4.825490
v -11.496951 33.161682 7.522744
v -9.626646 37.207436 2.810608
v -13.676769 38.410572 3.462972
v -10.764173 39.719585 -3.076227
v -14.552400 40.460720 -2.631686
v -17.126383 39.928131 1.253603
v -14.917466 40.088551 -2.322730
v -17.319498 40.508846 -2.200481
v -15.541783 39.440460 -5.406734
v -17.324789 39.684296 -5.196688
v -16.666082 37.249146 -8.264021
v -26.551979 37.156101 -6.523643
v -10.010231 30.440989 7.063755
v -15.483584 31.750004 4.356500
v -12.623896 28.580135 5.006641
v -15.346022 29.735147 4.099778
v -13.978346 27.405872 2.742816
v -15.340732 28.987598 1.738154
v -15.523265 25.468019 -2.060450
v -16.893587 29.266726 -1.612575
v -17.197809 24.993181 -5.815710
v -17.718954 28.063589 -5.220025
v -17.536423 29.128767 -8.436280
v -6.941555 27.864668 -12.893915
v -13.298475 29.122351 -11.395812
v -10.116047 36.020340 -8.689669
v -6.941555 27.864668 -12.893915
v -6.470672 20.495050 -11.299124
v -13.298475 29.122351 -11.395812
v -9.274807 20.033045 -10.527845
v -15.361895 25.496895 -9.388709
v -13.560371 19.340038 -8.434057
v -15.652890 19.153954 -4.649900
v -14.488910 19.182829 3.594113
v -15.742834 19.035242 -1.723709
v -14.145006 12.541508 -0.590129
v -11.922862 12.470924 -4.152014
v -7.494446 12.448464 -7.077094
v -9.274807 20.033045 -10.527845
v -4.653276 12.442047 -7.758354
v -6.470672 20.495050 -11.299124
v -1.624282 12.352213 -8.089537
v -2.200981 21.255432 -11.691432
v 0.000000 12.288046 -7.601653
v -11.798528 16.481382 6.959289
v -14.436001 19.263037 6.626995
v -14.488910 19.182829 3.594113
v -5.613560 25.208143 12.758327
v -2.023739 25.278727 12.072622
v -3.796163 29.180099 7.524967
v -13.978346 27.405872 2.742816
v -14.613244 22.856407 9.399818
v -12.623896 28.580135 5.006641
v -12.645059 24.152590 12.059285
v -10.010231 30.440989 7.063755
v -9.663682 24.980350 13.239542
v -11.309127 19.959253 12.589401
v -5.259075 17.710188 10.987942
v -6.698178 20.700388 12.973929
v -1.989348 21.271477 12.649414
v -6.981237 28.281755 -13.235100
v -11.856727 26.363152 -14.284217
v -10.399106 30.838825 -12.011501
v -14.221723 29.908398 -13.542945
v -11.428171 34.294239 -10.741226
v -15.451839 33.829025 -11.648089
v -15.200525 38.702534 -8.200674
v -6.830448 36.299465 2.699473
v -9.700718 33.822609 4.771035
v -6.684951 31.913630 5.857938
v -14.803713 21.271475 5.920174
v -13.838139 19.378538 9.972165
v -11.309127 19.959253 12.589401
v -6.698178 20.700388 12.973929
v -1.989348 21.271477 12.649414
v 0.000000 21.467184 12.626075
v 2.587211 18.701572 11.674758
v 1.505238 16.324173 12.159308
v 5.259075 17.710188 10.987942
v -12.438717 9.297848 3.596336
v -11.261510 5.329099 6.432508
v -10.198055 9.554519 7.679446
v 13.052452 6.410318 -0.952429
v 13.600052 4.206169 -1.171366
v 10.034040 5.781477 -4.563214
v 7.399211 11.072076 9.901040
v 7.645234 8.418756 9.235339
v 10.198055 9.554519 7.679446
v -5.259075 17.710188 10.987942
v -4.174457 15.300705 11.712544
v -1.505238 16.324173 12.159308
v -1.994639 7.915043 10.603414
v -1.039646 13.831272 10.082191
v -3.886107 12.936138 10.895700
v 0.000000 11.129827 12.580511
v -1.206307 13.263391 11.374693
v -3.915207 10.966200 12.023723
v -9.137246 12.567175 -5.434515
v -7.348949 12.811010 -6.542534
v -6.333111 6.121564 -6.148004
v -4.073931 6.121564 -7.156001
v -4.065995 0.279127 -9.040854
v -2.044902 0.279127 -9.624314
v 0.000000 0.279127 -8.989731
v -1.129590 6.121564 -7.474958
v -4.073931 6.121564 -7.156001
v -4.854327 12.948969 -7.346042
v -7.348949 12.811010 -6.542534
v -11.922862 12.470924 -4.152014
v -7.494446 12.448464 -7.077094
v -7.724597 10.372650 -7.687227
v -4.653276 12.442047 -7.758354
v -1.613700 10.260358 -8.976396
v 0.000000 16.426840 12.128190
v 1.206307 13.263391 11.374693
v 1.505238 16.324173 12.159308
v 2.587211 18.701572 11.674758
v 0.000000 18.964659 11.792562
v -2.587211 18.701572 11.674758
v -9.412368 4.754800 8.078422
v -7.219323 0.038501 9.447609
v -6.367501 4.164462 9.806576
v -3.976051 0.041710 10.934598
v -3.248563 3.724915 10.645647
v -0.767169 0.150794 11.239109
v -1.156044 3.519580 10.530066
v 0.000000 0.025668 10.631199
v -12.875210 6.070231 3.973086
v -12.994253 9.891396 -0.507889
v -13.052452 6.410318 -0.952429
v -10.843535 10.398318 -3.676355
v -10.034040 5.781477 -4.563214
v -1.156044 3.519580 10.530066
v -3.248563 3.724915 10.645647
v -5.153258 8.110753 10.021066
v -6.367501 4.164462 9.806576
v -7.645234 8.418756 9.235339
v -9.412368 4.754800 8.078422
v -10.832953 1.238430 -6.349158
v -14.761387 0.959302 -2.063782
v -13.600052 4.206169 -1.171366
v -15.094709 0.478047 3.754149
v -13.467781 3.542037 4.379840
v -13.171496 0.044918 7.103766
v -11.536632 3.282161 6.410282
v -10.761527 0.038501 7.973955
v -9.412368 4.754800 8.078422
v -8.957358 0.038501 8.599647
v -7.219323 0.038501 9.447609
v -1.624282 12.352213 -8.089537
v 0.000000 12.288046 -7.601653
v 0.000000 10.199399 -8.440724
v 1.624282 12.352213 -8.089537
v 1.613700 10.260358 -8.976396
v 4.653276 12.442047 -7.758354
v 7.724597 10.372650 -7.687227
v 7.494446 12.448464 -7.077094
v 11.986352 10.462486 -4.647678
v 13.467781 3.542037 4.379840
v 12.875210 6.070231 3.973086
v 11.536632 3.282161 6.410282
v 11.261510 5.329099 6.432508
v 9.412368 4.754800 8.078422
v 5.153258 8.110753 10.021066
v 3.886107 12.936138 10.895700
v 1.994639 7.915043 10.603414
v 1.039646 13.831272 10.082191
v 0.534373 7.895793 10.440046
v 9.412368 4.754800 8.078422
v 10.761527 0.038501 7.973955
v 13.171496 0.044918 7.103766
v 15.094709 0.478047 3.754149
v -11.986352 10.462486 -4.647678
v -14.398966 10.385485 -0.764612
v -14.145006 12.541508 -0.590129
v -13.777294 10.327734 3.837500
v -13.396355 12.547924 3.478533
v -11.108076 10.517029 8.417384
v -11.192729 12.817428 7.711675
v -7.502382 10.853907 10.907925
v -7.544709 13.067681 10.217775
v -3.962824 13.212057 11.330239
v -1.994639 7.915043 10.603414
v -3.886107 12.936138 10.895700
v -7.399211 11.072076 9.901040
v -10.198055 9.554519 7.679446
v -11.536632 3.282161 6.410282
v -13.467781 3.542037 4.379840
v -13.600052 4.206169 -1.171366
v -10.034040 5.781477 -4.563214
v -10.832953 1.238430 -6.349158
v -6.663787 1.097261 -7.540528
v -11.798528 16.481382 6.959289
v -11.192729 12.817428 7.711675
v -9.309197 16.664261 9.418712
v -7.544709 13.067681 10.217775
v -4.174457 15.300705 11.712544
v -3.962824 13.212057 11.330239
v -1.206307 13.263391 11.374693
v 0.000000 16.426840 12.128190
v 0.000000 13.240933 11.465824
v 1.206307 13.263391 11.374693
v -1.039646 13.831272 10.082191
v -0.534373 7.895793 10.440046
v 0.000000 3.455413 10.129979
v 0.000000 0.025668 10.631199
v 1.156044 3.519580 10.530066
v 0.767169 0.150794 11.239109
v 3.248563 3.724915 10.645647
v 3.976051 0.041710 10.934598
v 6.367501 4.164462 9.806576
v 7.219323 0.038501 9.447609
v 9.412368 4.754800 8.078422
v 8.957358 0.038501 8.599647
v 10.761527 0.038501 7.973955
v 11.922862 12.470924 -4.152014
v 14.145006 12.541508 -0.590129
v 14.398966 10.385485 -0.764612
v 13.396355 12.547924 3.478533
v 13.777294 10.327734 3.837500
v 11.192729 12.817428 7.711675
v 11.108076 10.517029 8.417384
v 7.544709 13.067681 10.217775
v 7.502382 10.853907 10.907925
v 3.962824 13.212057 11.330239
v 3.915207 10.966200 12.023723
v 1.206307 13.263391 11.374693
v 0.000000 13.240933 11.465824
v 0.000000 7.863709 10.181100
v 0.534373 7.895793 10.440046
v 0.000000 13.892231 9.894371
v 0.000000 16.057878 10.916816
v 3.737964 14.594864 10.447825
v 6.856902 13.536103 9.308689
v 10.198055 9.554519 7.679446
v 9.692782 13.025972 7.299363
v 12.438717 9.297848 3.596336
v 12.018097 12.583216 3.127345
v 12.994253 9.891396 -0.507889
v 12.610669 12.522257 -0.030008
v 10.843535 10.398318 -3.676355
v 9.137246 12.567175 -5.434515
v 15.094709 0.478047 3.754149
v 14.761387 0.959302 -2.063782
v 10.832953 1.238430 -6.349158
v 10.034040 5.781477 -4.563214
v 6.663787 1.097261 -7.540528
v 6.333111 6.121564 -6.148004
v 4.065995 0.279127 -9.040854
v 4.073931 6.121564 -7.156001
v 2.044902 0.279127 -9.624314
v 1.129590 6.121564 -7.474958
v 0.000000 0.279127 -8.989731
v 0.000000 6.121564 -7.161556
v -1.814751 12.884802 -7.661666
v 0.000000 12.852718 -7.104878
v 1.814751 12.884802 -7.661666
v 1.129590 6.121564 -7.474958
v 4.854327 12.948969 -7.346042
v 4.073931 6.121564 -7.156001
v 7.348949 12.811010 -6.542534
v 6.333111 6.121564 -6.148004
v 12.994253 9.891396 -0.507889
v 12.438717 9.297848 3.596336
v 6.367501 4.164462 9.806576
v 3.248563 3.724915 10.645647
v 1.156044 3.519580 10.530066
v 0.000000 3.455413 10.129979
v 0.000000 7.863709 10.181100
v -0.534373 7.895793 10.440046
v 0.000000 13.892231 9.894371
v 0.000000 16.057878 10.916816
v -3.737964 14.594864 10.447825
v -7.399211 11.072076 9.901040
v -6.856902 13.536103 9.308689
v -9.692782 13.025972 7.299363
v -12.018097 12.583216 3.127345
v -12.610669 12.522257 -0.030008
v -9.137246 12.567175 -5.434515
v -6.333111 6.121564 -6.148004
v -6.663787 1.097261 -7.540528
v -4.065995 0.279127 -9.040854
v -7.110862 39.161331 0.222268
v -5.632078 41.381519 -2.380520
v -7.764278 40.720596 -2.413861
v -1.325350 39.244747 2.782824
v -2.801489 43.396378 1.510325
v -3.230045 39.822254 1.159138
v -5.002470 44.715015 -1.864853
v -5.632078 41.381519 -2.380520
v 0.000000 43.463753 -8.671887
v -2.642764 41.012558 -10.252231
v -4.007796 42.796410 -6.809261
v -5.243202 40.906685 -9.086422
v -5.632078 41.381519 -2.380520
v -7.110862 39.161331 0.222268
v -3.230045 39.822254 1.159138
v 5.002470 44.715015 -1.864853
v 5.632078 41.381519 -2.380520
v 3.825263 46.299950 -5.736805
v 4.007796 42.796410 -6.809261
v 0.000000 46.800453 -7.740574
v 1.325350 39.244747 2.782824
v 2.801489 43.396378 1.510325
v 0.000000 41.920528 3.019542
v 0.000000 42.883038 3.216251
v -2.801489 43.396378 1.510325
v 6.933619 41.131268 -6.685900
v 4.007796 42.796410 -6.809261
v 7.764278 40.720596 -2.413861
v 5.632078 41.381519 -2.380520
v -2.801489 43.396378 1.510325
v -1.325350 39.244747 2.782824
v 0.000000 41.920528 3.019542
v 0.000000 39.087540 2.957306
v 1.325350 39.244747 2.782824
v -6.933619 41.131268 -6.685900
v -7.764278 40.720596 -2.413861
v -5.632078 41.381519 -2.380520
v 5.632078 41.381519 -2.380520
v 5.002470 44.715015 -1.864853
v 3.230045 39.822254 1.159138
v 2.801489 43.396378 1.510325
v 1.325350 39.244747 2.782824
v 4.007796 42.796410 -6.809261
v 0.000000 43.463753 -8.671887
v 0.000000 46.800453 -7.740574
v -4.007796 42.796410 -6.809261
v -3.825263 46.299950 -5.736805
v -5.002470 44.715015 -1.864853
v 6.933619 41.131268 -6.685900
v 5.243202 40.906685 -9.086422
v 4.007796 42.796410 -6.809261
v 2.642764 41.012558 -10.252231
v 0.000000 40.845722 -10.477836
v 7.764278 40.720596 -2.413861
v 5.632078 41.381519 -2.380520
v 7.110862 39.161331 0.222268
v 3.230045 39.822254 1.159138
v 5.174422 37.961403 2.740593
v 1.325350 39.244747 2.782824
v 2.481394 36.957184 4.624335
v 0.000000 39.087540 2.957306
v 0.000000 36.636345 4.876612
v -1.325350 39.244747 2.782824
v -2.481394 36.957184 4.624335
v -5.174422 37.961403 2.740593
v -14.488910 19.182829 3.594113
v -13.396355 12.547924 3.478533
v -11.798528 16.481382 6.959289
v -1.989348 21.271477 12.649414
v -2.587211 18.701572 11.674758
v 0.000000 21.467184 12.626075
v 0.000000 33.992653 -12.187096
v 0.000000 27.206953 -13.505159
v -6.981237 28.281755 -13.235100
v -14.145006 12.541508 -0.590129
v -2.809425 25.644480 12.109296
v 0.000000 29.738356 8.358481
v -2.084583 30.274155 8.096202
v 0.000000 27.206953 -13.505159
v -3.851717 23.148369 -14.867677
v -6.981237 28.281755 -13.235100
v -7.735178 24.146170 -14.747651
v -11.856727 26.363152 -14.284217
v -5.259075 17.710188 10.987942
v 14.145006 12.541508 -0.590129
v 14.488910 19.182829 3.594113
v 13.396355 12.547924 3.478533
v 11.798528 16.481382 6.959289
v 0.000000 25.281935 12.129301
v 2.809425 25.644480 12.109296
v 2.084583 30.274155 8.096202
v 5.259075 17.710188 10.987942
v 1.989348 21.271477 12.649414
v 2.587211 18.701572 11.674758
v 0.000000 18.964659 11.792562
v 6.981237 28.281755 -13.235100
v 9.274807 20.033045 -10.527845
v 6.470672 20.495050 -11.299124
v 6.941555 27.864668 -12.893915
v 2.200981 21.255432 -11.691432
v 2.134846 27.232618 -12.940592
v 0.000000 21.255432 -11.184655
v 0.000000 26.728909 -12.502719
v -2.200981 21.255432 -11.691432
v -2.134846 27.232618 -12.940592
v -6.470672 20.495050 -11.299124
v -6.941555 27.864668 -12.893915
v 11.856727 26.363152 -14.284217
v 7.735178 24.146170 -14.747651
v 6.981237 28.281755 -13.235100
v 3.851717 23.148369 -14.867677
v 0.000000 22.721655 -14.768767
v 30.903679 34.528450 -7.333818
v 30.903679 32.747807 -6.593657
v 23.930376 33.983025 -7.473848
v 14.917466 40.088551 -2.322730
v 17.319498 40.508846 -2.200481
v 15.541783 39.440460 -5.406734
v 17.324789 39.684296 -5.196688
v 22.361649 30.784285 -6.050206
v 30.903679 31.948921 -4.996644
v 22.165890 31.194956 -2.120463
v 30.901031 32.828014 -2.459425
v 23.078554 37.319729 -7.273806
v 26.551979 37.156101 -6.523643
v 30.903679 37.229893 -6.593658
v 30.903679 34.528450 -7.333818
v 30.903679 39.341000 -3.976423
v 30.903679 37.229893 -6.593658
v 26.551979 37.156101 -6.523643
v 30.903679 40.226509 -2.158250
v 27.432899 39.437252 -4.117564
v 23.078554 37.319729 -7.273806
v 22.544184 39.963425 -4.776597
v 22.316677 40.768723 -2.080455
v 27.311211 40.085342 -1.879300
v 22.462175 39.950588 0.881300
v 27.387928 39.337791 0.150030
v 22.194988 38.423409 3.082889
v 26.570496 37.063061 2.310499
v 20.919901 35.176540 3.677463
v 21.959547 34.005486 3.658570
v 30.901031 39.430836 -0.579018
v 30.903679 37.249146 3.114007
v 30.903679 33.687855 3.114007
v 0.000000 46.800453 -7.740574
v -3.825263 46.299950 -5.736805
v 0.000000 48.840977 -7.708346
v -3.714155 47.740505 -5.573437
v 0.000000 48.840977 -7.708346
v -3.986633 51.112499 -6.033537
v 0.000000 51.410877 -8.168446
v -3.714155 47.740505 -5.573437
v -3.825263 46.299950 -5.736805
v -5.002470 44.715015 -1.864853
v 4.198265 46.556618 1.171363
v 0.000000 43.765339 3.570773
v 0.000000 42.883038 3.216251
v -4.198265 46.556618 1.171363
v 3.825263 46.299950 -5.736805
v 3.714155 47.740505 -5.573437
v 3.986633 51.112499 -6.033537
v 5.002470 44.715015 -1.864853
v 3.825263 46.299950 -5.736805
v 3.714155 47.740505 -5.573437
v -3.986633 51.112499 -6.033537
v -3.714155 47.740505 -5.573437
v -5.838420 50.252659 -1.079127
v -5.002470 44.715015 -1.864853
v -4.198265 46.556618 1.171363
v -2.801489 43.396378 1.510325
v 0.000000 42.883038 3.216251
v 0.000000 42.883038 3.216251
v 2.801489 43.396378 1.510325
v 4.198265 46.556618 1.171363
v 5.838420 50.252659 -1.079127
v 3.986633 51.112499 -6.033537
v 0.000000 51.410877 -8.168446
v -3.986633 51.112499 -6.033537
v -4.105676 53.589359 -7.539420
v 0.000000 53.579735 -9.293135
v 4.105676 53.589359 -7.539420
v 3.986633 51.112499 -6.033537
v -4.105676 53.589359 -7.539420
v -3.986633 51.112499 -6.033537
v -7.748405 53.236439 -2.550558
v -5.838420 50.252659 -1.079127
v -5.677050 49.020645 1.791496
v -4.198265 46.556618 1.171363
v 0.000000 44.708599 6.306922
v 0.000000 43.765339 3.570773
v 4.198265 46.556618 1.171363
v 5.677050 49.020645 1.791496
v 5.838420 50.252659 -1.079127
v 7.748405 53.236439 -2.550558
v 3.986633 51.112499 -6.033537
v 4.105676 53.589359 -7.539420
v -30.903679 31.948921 -4.996644
v -22.165890 31.194956 -2.120463
v -30.901031 32.828014 -2.459425
v -22.165890 31.194956 -2.120463
v -30.903679 32.786304 -0.392309
v -30.901031 32.828014 -2.459425
v -22.316677 40.768723 -2.080455
v -22.462175 39.950588 0.881300
v -17.126383 39.928131 1.253603
v -22.194988 38.423409 3.082889
v -17.692501 37.829861 3.408515
v -20.919901 35.176540 3.677463
v -26.551979 37.156101 -6.523643
v -30.903679 37.229893 -6.593658
v -30.903679 39.341000 -3.976423
v -23.078554 37.319729 -7.273806
v -27.432899 39.437252 -4.117564
v -30.903679 40.226509 -2.158250
v -21.959547 34.005486 3.658570
v -20.919901 35.176540 3.677463
v -26.570496 37.063061 2.310499
v -22.194988 38.423409 3.082889
v -27.387928 39.337791 0.150030
v -22.462175 39.950588 0.881300
v -27.311211 40.085342 -1.879300
v -22.316677 40.768723 -2.080455
v -22.544184 39.963425 -4.776597
v -30.903679 33.687855 3.114007
v -30.903679 37.249146 3.114007
v -30.901031 39.430836 -0.579018
v -6.695532 -0.118711 -8.184001
v -6.663787 1.097261 -7.540528
v -4.065995 0.279127 -9.040854
v 0.000000 0.025668 10.631199
v -0.767169 0.150794 11.239109
v 0.000000 -5.297013 11.641419
v -3.976051 0.041710 10.934598
v -4.613595 -4.825383 11.270227
v -7.219323 0.038501 9.447609
v -7.790732 -4.260712 9.467613
v -8.957358 0.038501 8.599647
v -10.740364 -3.596579 8.654103
v -10.761527 0.038501 7.973955
v -13.171496 0.044918 7.103766
v 13.171496 0.044918 7.103766
v 10.761527 0.038501 7.973955
v 10.740364 -3.596579 8.654103
v 8.957358 0.038501 8.599647
v 7.790732 -4.260712 9.467613
v 7.219323 0.038501 9.447609
v 4.613595 -4.825383 11.270227
v 3.976051 0.041710 10.934598
v 0.767169 0.150794 11.239109
v -10.832953 1.238430 -6.349158
v -11.261510 -0.455589 -7.101543
v -14.761387 0.959302 -2.063782
v -15.629081 -1.376390 -2.517214
v -15.094709 0.478047 3.754149
v -16.226944 -2.419109 4.110893
v -13.367256 -3.160242 7.743906
v 13.367256 -3.160242 7.743906
v 16.226944 -2.419109 4.110893
v 15.094709 0.478047 3.754149
v 15.629081 -1.376390 -2.517214
v 14.761387 0.959302 -2.063782
v 11.261510 -0.455589 -7.101543
v 10.832953 1.238430 -6.349158
v 6.695532 -0.118711 -8.184001
v 6.663787 1.097261 -7.540528
v 4.065995 0.279127 -9.040854
vn -0.0000 0.5797 0.8148
vn -0.0000 0.3606 0.9327
vn -0.0707 0.4710 0.8793
vn -0.0000 0.9948 0.1019
vn -0.1654 0.9292 0.3307
vn -0.2986 0.9038 -0.3065
vn -0.0078 0.6112 0.7914
vn 0.0707 0.7546 0.6524
vn -0.0157 0.5797 0.8147
vn 0.1257 0.5736 0.8094
vn 0.0079 0.5271 0.8498
vn -0.1654 0.7716 -0.6142
vn -0.1816 0.4896 -0.8528
vn -0.0549 0.4308 -0.9008
vn 0.0328 0.3676 -0.9294
vn -0.1179 0.2593 -0.9586
vn -0.0079 0.3067 -0.9518
vn -0.0000 0.2518 -0.9678
vn -0.0000 0.4090 -0.9125
vn -0.0548 0.4308 -0.9008
vn 0.0314 0.3698 -0.9286
vn 0.1816 0.4896 -0.8528
vn -0.0000 0.6668 -0.7453
vn 0.2987 0.9038 -0.3065
vn 0.0471 0.6364 0.7700
vn -0.0000 0.6112 0.7915
vn -0.0392 0.5176 0.8548
vn -0.0000 0.5029 0.8643
vn 0.0314 0.4780 0.8778
vn -0.0000 0.5798 0.8148
vn -0.0314 0.3698 -0.9286
vn 0.1179 0.2593 -0.9586
vn 0.0549 0.4308 -0.9008
vn 0.1817 0.4896 -0.8528
vn 0.1654 0.7716 -0.6142
vn -0.0000 0.9956 0.0941
vn 0.0079 0.3068 -0.9518
vn -0.0000 0.4091 -0.9125
vn -0.2987 0.9038 -0.3066
vn -0.1654 0.7717 -0.6141
vn -0.0000 0.9948 0.1018
vn -0.1654 0.9291 0.3307
vn -0.1257 0.8642 0.4871
vn -0.0707 0.4711 0.8793
vn -0.0079 0.6112 0.7915
vn 0.0313 0.4781 0.8778
vn 0.0078 0.5272 0.8497
vn -0.0392 0.5175 0.8548
vn -0.0157 0.6991 0.7148
vn 0.0471 0.6364 0.7699
vn 0.0707 0.4710 0.8793
vn -0.0785 0.7541 0.6521
vn 0.0156 0.5796 0.8147
vn -0.1257 0.5736 0.8094
vn -0.0079 0.5271 0.8498
vn -0.0471 0.6364 0.7699
vn 0.0157 0.6991 0.7148
vn 0.0392 0.5175 0.8548
vn -0.0078 0.5272 0.8497
vn -0.0313 0.4781 0.8778
vn 0.0157 0.5797 0.8147
vn 0.0078 0.6112 0.7914
vn -0.0785 0.7541 0.6520
vn 0.1653 0.9291 0.3307
vn 0.1257 0.8642 0.4871
vn -0.0785 0.7542 0.6520
vn 0.0707 0.4711 0.8793
vn 0.0002 0.5798 0.8148
vn -0.0314 0.4781 0.8778
vn 0.0392 0.5176 0.8548
vn -0.1097 0.7838 -0.6113
vn 0.1654 0.7717 -0.6142
vn 0.0783 0.5638 -0.8222
vn -0.0235 0.5028 -0.8641
vn -0.1957 0.8848 -0.4229
vn -0.0000 0.9956 0.0940
vn -0.1885 0.9816 -0.0315
vn -0.2591 0.9658 -0.0001
vn -0.2350 0.9715 0.0313
vn -0.1958 0.8848 -0.4228
vn -0.1334 0.9101 -0.3923
vn -0.0000 0.8832 -0.4690
vn 0.1183 0.5362 -0.8358
vn -0.0315 0.3699 -0.9286
vn -0.1174 0.3836 -0.9160
vn 0.0079 0.3068 -0.9517
vn 0.1653 0.7716 -0.6142
vn -0.1097 0.7837 -0.6113
vn 0.0548 0.4308 -0.9008
vn -0.1573 0.5035 -0.8496
vn -0.2278 0.4006 -0.8875
vn -0.1175 0.3836 -0.9160
vn 0.6615 -0.2205 -0.7167
vn 0.5793 -0.4228 -0.6969
vn 0.2898 -0.3446 -0.8929
vn -0.1019 0.3843 0.9176
vn -0.0552 0.7331 0.6779
vn -0.0706 0.4864 0.8708
vn -0.0000 0.7565 0.6540
vn -0.0000 0.4877 0.8730
vn 0.1181 -0.3069 -0.9444
vn -0.0000 -0.2903 -0.9569
vn -0.0000 -0.1260 -0.9920
vn -0.1180 -0.3070 -0.9444
vn -0.0705 -0.0783 -0.9944
vn 0.1180 -0.3305 -0.9364
vn 0.1806 -0.0628 -0.9816
vn 0.3849 -0.1886 -0.9035
vn 0.5794 -0.4228 -0.6968
vn 0.7377 -0.2276 -0.6356
vn 0.8764 -0.3521 -0.3286
vn 0.9880 -0.1333 -0.0784
vn 0.9798 -0.0862 0.1803
vn 0.9711 -0.1801 0.1566
vn 0.9605 -0.1181 0.2519
vn 0.9975 -0.0628 0.0314
vn 0.9421 0.1805 0.2826
vn 0.8311 -0.3606 0.4234
vn 0.6997 0.2909 0.6525
vn 0.3149 -0.4802 0.8187
vn 0.1098 0.4000 0.9099
vn -0.0471 -0.2275 0.9727
vn -0.1020 0.3842 0.9176
vn -0.0470 -0.1489 0.9877
vn -0.0706 0.4864 0.8709
vn -0.0000 -0.0940 0.9956
vn -0.0000 0.4876 0.8731
vn 0.0706 0.4864 0.8709
vn 0.0552 0.7331 0.6779
vn 0.8966 -0.4326 0.0944
vn 0.7394 -0.4877 0.4641
vn -0.0471 -0.2275 0.9726
vn 0.1417 -0.2678 0.9530
vn -0.0470 -0.1490 0.9877
vn 0.9290 -0.0079 0.3700
vn 0.7367 0.0548 0.6740
vn 0.4723 -0.2597 0.8423
vn 0.4311 0.0392 0.9014
vn 0.2830 -0.0158 0.9590
vn 0.1414 -0.0079 0.9899
vn 0.9975 -0.0629 0.0314
vn 0.8967 -0.4325 0.0944
vn 0.8311 -0.3607 0.4234
vn 0.7394 -0.4878 0.4641
vn 0.4723 -0.2598 0.8423
vn 0.1418 -0.2677 0.9530
vn 0.2829 -0.0157 0.9590
vn 0.0940 -0.0314 0.9951
vn 0.0470 0.0784 0.9958
vn 0.2667 0.5490 0.7921
vn 0.2992 0.1339 -0.9448
vn 0.3062 0.0628 -0.9499
vn -0.0236 0.5027 -0.8641
vn -0.2351 0.9715 0.0314
vn -0.2591 0.9658 -0.0000
vn -0.1806 0.7299 0.6593
vn -0.0708 0.5350 0.8419
vn 0.0079 0.4783 0.8782
vn 0.2049 0.0552 0.9772
vn 0.6616 -0.2205 -0.7167
vn 0.3061 0.0628 -0.9499
vn 0.1491 -0.0000 -0.9888
vn 0.2666 0.5490 0.7922
vn 0.7372 0.1098 0.6666
vn 0.9421 0.1806 0.2826
vn 0.1566 -0.9787 0.1331
vn 0.0783 -0.6971 0.7127
vn 0.1652 -0.9205 0.3541
vn 0.1733 -0.2757 0.9455
vn 0.4878 -0.7711 0.4092
vn 0.1652 -0.9205 0.3540
vn 0.3061 -0.9183 0.2511
vn 0.1566 -0.9787 0.1330
vn 0.1806 -0.9722 0.1489
vn 0.2992 0.1338 -0.9447
vn 0.6549 -0.3629 -0.6629
vn 0.9701 -0.2426 -0.0000
vn 0.1183 0.5361 -0.8358
vn 0.2993 -0.0472 -0.9530
vn 0.2049 0.0551 0.9772
vn 0.0158 0.3862 0.9223
vn -0.0708 0.5350 0.8418
vn -0.1018 0.8929 0.4386
vn -0.2444 0.8673 0.4336
vn 0.7309 -0.5973 0.3301
vn 0.3061 -0.9183 0.2512
vn 0.7168 -0.5908 0.3702
vn 0.4878 -0.7711 0.4091
vn 0.6616 -0.2206 -0.7167
vn 0.9701 -0.2425 -0.0000
vn 0.8992 -0.2050 0.3865
vn 0.9605 -0.1180 0.2519
vn 0.0783 0.5637 -0.8222
vn 0.2991 0.1339 -0.9448
vn 0.2993 -0.0473 -0.9530
vn 0.6549 -0.3630 -0.6628
vn 0.3536 -0.7937 -0.4950
vn 0.7394 -0.6686 0.0786
vn 0.4879 -0.7711 0.4091
vn 0.5668 -0.5826 0.5825
vn 0.1734 -0.2757 0.9455
vn 0.1097 0.1175 0.9870
vn 0.1332 0.5641 0.8149
vn 0.1017 0.9078 0.4069
vn 0.0236 0.9994 -0.0235
vn -0.1885 0.9816 -0.0314
vn -0.3145 0.8490 0.4245
vn -0.0786 0.7541 0.6520
vn -0.2516 0.6604 0.7076
vn -0.1258 0.5737 0.8094
vn -0.2671 0.6284 0.7306
vn -0.0079 0.5272 0.8497
vn -0.0944 0.7079 0.7000
vn -0.0864 0.6599 0.7463
vn -0.0785 0.6436 0.7613
vn 0.0078 0.4783 0.8782
vn -0.1805 0.7299 0.6593
vn -0.1022 0.9910 -0.0865
vn 0.0236 0.9994 -0.0236
vn 0.0861 0.8611 -0.5010
vn 0.1648 0.4316 -0.8869
vn 0.1256 -0.0785 -0.9890
vn 0.3536 -0.7936 -0.4951
vn 0.0862 -0.5953 -0.7989
vn 0.1644 -0.9864 -0.0000
vn 0.6549 -0.3630 -0.6629
vn 0.7310 -0.5973 0.3301
vn 0.8992 -0.2051 0.3865
vn 0.7169 -0.5908 0.3702
vn 0.9605 -0.1181 0.2520
vn 0.5668 -0.5825 0.5826
vn 0.7373 0.1098 0.6666
vn 0.2667 0.5490 0.7922
vn 0.1098 0.4001 0.9099
vn 0.2666 0.5490 0.7921
vn -0.0549 0.5647 0.8235
vn 0.1885 0.9819 -0.0158
vn 0.1175 0.7831 -0.6107
vn -0.1653 0.7717 -0.6142
vn -0.1096 0.1175 0.9870
vn -0.2049 0.0552 0.9772
vn -0.0158 0.3863 0.9223
vn 0.0708 0.5350 0.8419
vn 0.1018 0.8929 0.4386
vn 0.2444 0.8673 0.4337
vn 0.2350 0.9715 0.0313
vn 0.2591 0.9658 -0.0000
vn 0.1334 0.9101 -0.3923
vn 0.1958 0.8848 -0.4228
vn 0.0236 0.5028 -0.8641
vn -0.8764 -0.3521 -0.3287
vn -0.9701 -0.2425 -0.0000
vn -0.6616 -0.2205 -0.7167
vn -0.7367 0.0548 0.6740
vn -0.7394 -0.4877 0.4641
vn -0.9290 -0.0079 0.3700
vn -0.0000 -0.0236 0.9997
vn -0.0709 -0.1023 0.9922
vn -0.0940 -0.0313 0.9951
vn -0.1418 -0.2677 0.9530
vn -0.8764 -0.3521 -0.3286
vn -0.9798 -0.0863 0.1802
vn -0.2830 -0.0157 0.9590
vn -0.1418 -0.2678 0.9530
vn -0.4723 -0.2598 0.8423
vn -0.3149 -0.4802 0.8187
vn -0.7394 -0.4878 0.4641
vn -0.8311 -0.3607 0.4234
vn -0.8967 -0.4325 0.0944
vn -0.9975 -0.0628 0.0314
vn -0.9711 -0.1801 0.1566
vn -0.9605 -0.1181 0.2519
vn -0.9798 -0.0862 0.1803
vn -0.8992 -0.2050 0.3865
vn -0.1097 0.1175 0.9870
vn -0.1733 -0.2757 0.9455
vn -0.2666 0.5490 0.7921
vn -0.0079 0.4783 0.8782
vn -0.3536 -0.7936 -0.4951
vn -0.1256 -0.0785 -0.9890
vn -0.2993 -0.0473 -0.9530
vn -0.5668 -0.5826 0.5825
vn -0.4879 -0.7711 0.4091
vn -0.7168 -0.5908 0.3702
vn -0.1566 -0.9787 0.1331
vn -0.1652 -0.9205 0.3541
vn -0.0783 -0.6971 0.7127
vn -0.9701 -0.2426 -0.0000
vn -0.6549 -0.3629 -0.6628
vn -0.2992 0.1338 -0.9448
vn -0.3062 0.0628 -0.9499
vn 0.0236 0.5027 -0.8641
vn 0.2592 0.9658 0.0001
vn 0.1805 0.7299 0.6593
vn -0.0078 0.4783 0.8782
vn -0.7309 -0.5973 0.3301
vn -0.3061 -0.9183 0.2512
vn -0.4878 -0.7711 0.4091
vn 0.1022 0.9910 -0.0865
vn -0.0236 0.9994 -0.0236
vn -0.0861 0.8611 -0.5010
vn -0.1183 0.5361 -0.8358
vn -0.1648 0.4316 -0.8869
vn -0.3061 -0.9183 0.2511
vn -0.1644 -0.9864 -0.0000
vn -0.3536 -0.7937 -0.4950
vn -0.0862 -0.5953 -0.7989
vn -0.0236 -0.0628 -0.9977
vn 0.0157 0.4627 -0.8864
vn -0.7309 -0.5974 0.3301
vn -0.7394 -0.6686 0.0786
vn -0.6549 -0.3630 -0.6628
vn -0.2991 0.1339 -0.9448
vn -0.0783 0.5638 -0.8222
vn -0.1652 -0.9205 0.3540
vn -0.5668 -0.5826 0.5826
vn -0.2049 0.0551 0.9772
vn 0.0785 0.6436 0.7613
vn 0.0864 0.6599 0.7463
vn 0.0944 0.7079 0.7000
vn 0.0079 0.5272 0.8497
vn 0.2671 0.6284 0.7306
vn 0.1258 0.5737 0.8094
vn 0.2355 0.6673 0.7066
vn 0.0708 0.7546 0.6524
vn 0.2838 0.8513 0.4414
vn 0.0001 0.9948 0.1018
vn 0.1885 0.9819 -0.0157
vn -0.0788 0.5438 -0.8355
vn -0.7372 0.1098 0.6667
vn -0.5668 -0.5825 0.5826
vn -0.7169 -0.5908 0.3702
vn -0.8992 -0.2051 0.3865
vn -0.7310 -0.5973 0.3301
vn -0.7394 -0.6686 0.0787
vn -0.1491 -0.0000 -0.9888
vn -0.3061 0.0628 -0.9499
vn 0.0235 0.5028 -0.8641
vn -0.1181 -0.3305 -0.9364
vn -0.3062 0.0627 -0.9499
vn -0.2898 -0.3446 -0.8929
vn -0.6615 -0.2206 -0.7167
vn -0.5794 -0.4228 -0.6968
vn -0.9880 -0.1334 -0.0784
vn -0.7377 -0.2276 -0.6356
vn -0.3850 -0.1886 -0.9035
vn -0.1806 -0.0628 -0.9815
vn -0.1180 -0.3305 -0.9364
vn 0.0705 -0.0783 -0.9944
vn 0.1180 -0.3069 -0.9444
vn -0.8966 -0.4326 0.0944
vn 0.1019 0.3843 0.9176
vn -0.9421 0.1805 0.2827
vn -0.6997 0.2909 0.6526
vn -0.1098 0.4000 0.9099
vn 0.0470 -0.2275 0.9726
vn 0.0470 -0.1490 0.9877
vn -0.0079 0.3068 -0.9517
vn 0.1174 0.3836 -0.9160
vn 0.0315 0.3699 -0.9286
vn 0.2278 0.4006 -0.8875
vn 0.1573 0.5035 -0.8496
vn 0.1175 0.7830 -0.6108
vn 0.0549 0.5647 0.8235
vn -0.8311 -0.3606 0.4234
vn 0.0471 -0.2275 0.9727
vn 0.0471 -0.1489 0.9877
vn 0.0709 -0.1023 0.9922
vn 0.0940 -0.0313 0.9951
vn 0.1418 -0.2678 0.9530
vn -0.9109 0.1492 0.3848
vn -0.7722 0.0788 0.6304
vn -0.7054 0.0706 0.7053
vn 0.9437 0.1416 -0.2989
vn 0.8805 0.3616 -0.3066
vn 0.5909 0.1733 -0.7879
vn 0.4492 0.0709 0.8906
vn 0.4398 -0.0707 0.8953
vn 0.7053 0.0705 0.7054
vn -0.1417 -0.2678 0.9530
vn 0.0236 -0.0000 0.9997
vn 0.2272 -0.1410 0.9636
vn -0.0629 -0.0235 0.9977
vn -0.0000 0.4472 0.8944
vn -0.0471 0.0785 0.9958
vn -0.1500 0.3315 0.9314
vn -0.6285 0.0078 -0.7778
vn -0.4069 -0.1017 -0.9078
vn -0.4235 0.0862 -0.9018
vn -0.2666 0.1176 -0.9566
vn -0.3530 0.3216 -0.8786
vn -0.0235 0.3208 -0.9469
vn -0.0000 0.2974 -0.9548
vn -0.0234 0.3208 -0.9468
vn 0.0783 0.1410 -0.9869
vn -0.1732 -0.0394 -0.9841
vn -0.7376 -0.2276 -0.6357
vn -0.3228 0.2756 -0.9055
vn -0.0000 0.3443 -0.9389
vn -0.5415 0.0392 0.8398
vn -0.4465 0.0548 0.8931
vn -0.3699 0.0315 0.9285
vn -0.2196 0.0784 0.9724
vn -0.1022 0.0865 0.9910
vn 0.2432 0.1569 0.9572
vn 0.2599 0.0946 0.9610
vn -0.0000 0.2037 0.9790
vn -0.9179 0.1648 0.3609
vn -0.9876 0.1254 -0.0941
vn -0.9437 0.1416 -0.2989
vn -0.8014 0.1021 -0.5893
vn -0.5909 0.1733 -0.7879
vn 0.2599 0.0945 0.9610
vn -0.2441 -0.0473 0.9686
vn -0.3698 0.0315 0.9286
vn -0.4398 -0.0707 0.8953
vn -0.4800 0.4327 -0.7631
vn -0.8318 0.4002 -0.3845
vn -0.8805 0.3617 -0.3066
vn -0.9101 0.3766 0.1726
vn -0.8699 0.3448 0.3527
vn -0.5812 0.3063 0.7539
vn -0.6453 0.2440 0.7240
vn -0.4010 0.1887 0.8964
vn -0.5415 0.0393 0.8398
vn -0.3521 0.0939 0.9312
vn -0.0000 0.3768 -0.9263
vn 0.1806 -0.0628 -0.9815
vn 0.3228 0.2756 -0.9054
vn 0.3850 -0.1886 -0.9035
vn 0.7077 0.2044 -0.6763
vn 0.8699 0.3448 0.3527
vn 0.9179 0.1648 0.3609
vn 0.6453 0.2440 0.7239
vn 0.7722 0.0788 0.6304
vn 0.5415 0.0392 0.8398
vn 0.2441 -0.0473 0.9686
vn 0.0629 -0.0236 0.9977
vn -0.0236 -0.0000 0.9997
vn -0.2272 -0.1410 0.9636
vn -0.2664 0.0235 0.9636
vn 0.5415 0.0393 0.8398
vn 0.4010 0.1887 0.8964
vn 0.5812 0.3063 0.7539
vn 0.9101 0.3766 0.1727
vn -0.7077 0.2044 -0.6763
vn -0.9678 0.1573 -0.1967
vn -0.9880 -0.1333 -0.0784
vn -0.9361 0.1573 0.3147
vn -0.9290 -0.0078 0.3700
vn -0.7341 0.2052 0.6473
vn -0.7367 0.0549 0.6740
vn -0.4328 0.2518 0.8656
vn -0.4311 0.0393 0.9014
vn -0.1414 -0.0078 0.9899
vn -0.0629 -0.0236 0.9977
vn -0.4492 0.0709 0.8906
vn -0.7053 0.0705 0.7054
vn -0.6453 0.2439 0.7240
vn -0.8805 0.3616 -0.3066
vn -0.5909 0.1734 -0.7879
vn -0.4799 0.4327 -0.7632
vn -0.3220 0.3691 -0.8718
vn -0.4723 -0.2597 0.8423
vn -0.4311 0.0392 0.9014
vn -0.2830 -0.0158 0.9590
vn -0.1414 -0.0079 0.9899
vn -0.0940 -0.0314 0.9951
vn -0.0470 0.0784 0.9958
vn -0.0000 -0.0237 0.9997
vn -0.0000 0.1337 0.9910
vn 0.0471 0.0784 0.9958
vn 0.2663 0.0235 0.9636
vn -0.0000 0.0315 0.9995
vn -0.2599 0.0945 0.9610
vn -0.2432 0.1569 0.9572
vn 0.1022 0.0865 0.9910
vn 0.2196 0.0784 0.9724
vn 0.3699 0.0315 0.9285
vn 0.4465 0.0548 0.8931
vn 0.3521 0.0939 0.9312
vn 0.7377 -0.2276 -0.6357
vn 0.9678 0.1574 -0.1967
vn 0.9290 -0.0078 0.3700
vn 0.9361 0.1574 0.3146
vn 0.7367 0.0549 0.6740
vn 0.7341 0.2052 0.6473
vn 0.4328 0.2518 0.8656
vn 0.1414 -0.0078 0.9899
vn 0.1500 0.3315 0.9314
vn 0.0470 0.0785 0.9958
vn -0.0000 0.0157 0.9999
vn -0.0000 -0.1018 0.9948
vn -0.0001 -0.2277 0.9737
vn 0.3454 0.2826 0.8949
vn 0.5732 0.2591 0.7774
vn 0.7054 0.0705 0.7053
vn 0.7945 0.1731 0.5821
vn 0.9109 0.1492 0.3848
vn 0.9530 0.1418 0.2678
vn 0.9876 0.1254 -0.0941
vn 0.9333 0.1882 -0.3058
vn 0.8014 0.1021 -0.5893
vn 0.6285 0.0078 -0.7778
vn 0.9102 0.3766 0.1726
vn 0.8318 0.4002 -0.3845
vn 0.4799 0.4327 -0.7632
vn 0.5909 0.1734 -0.7879
vn 0.3220 0.3691 -0.8718
vn 0.4234 0.0863 -0.9018
vn 0.3530 0.3216 -0.8786
vn 0.2666 0.1176 -0.9566
vn 0.0235 0.3208 -0.9468
vn -0.0783 0.1410 -0.9869
vn -0.0000 0.1019 -0.9948
vn 0.1491 -0.0079 -0.9888
vn -0.0000 0.0078 -1.0000
vn -0.1491 -0.0079 -0.9888
vn 0.1732 -0.0394 -0.9841
vn 0.4069 -0.1017 -0.9078
vn 0.4234 0.0862 -0.9018
vn 0.3698 0.0315 0.9286
vn 0.2664 0.0235 0.9636
vn 0.0001 -0.2277 0.9737
vn -0.3454 0.2826 0.8949
vn -0.4493 0.0710 0.8906
vn -0.5732 0.2591 0.7774
vn -0.7945 0.1729 0.5821
vn -0.9530 0.1418 0.2678
vn -0.9333 0.1882 -0.3058
vn -0.6285 0.0079 -0.7778
vn -0.4235 0.0863 -0.9018
vn -0.2594 0.7938 0.5501
vn -0.7398 0.6139 0.2754
vn -0.3603 0.9007 0.2428
vn -0.3143 0.3143 0.8958
vn -0.6604 -0.0786 0.7468
vn -0.5745 0.4486 0.6847
vn -0.9861 -0.0235 0.1644
vn -0.7398 0.6139 0.2755
vn -0.0000 0.5745 -0.8185
vn -0.2278 0.7304 -0.6440
vn -0.5437 0.6935 -0.4728
vn -0.3705 0.8040 -0.4651
vn -0.7398 0.6138 0.2755
vn -0.2593 0.7938 0.5501
vn 0.9861 -0.0235 0.1643
vn 0.7398 0.6139 0.2755
vn 0.8291 0.1721 -0.5319
vn 0.5437 0.6934 -0.4728
vn -0.0000 0.2202 -0.9754
vn 0.3143 0.3143 0.8958
vn 0.6603 -0.0786 0.7469
vn -0.0000 -0.0158 0.9999
vn -0.0000 -0.2425 0.9701
vn -0.6603 -0.0786 0.7468
vn 0.4866 0.8476 -0.2119
vn 0.3603 0.9007 0.2428
vn 0.7398 0.6139 0.2754
vn -0.6603 -0.0786 0.7469
vn -0.0001 -0.0157 0.9999
vn -0.0000 0.3209 0.9471
vn -0.4866 0.8476 -0.2119
vn 0.9861 -0.0235 0.1644
vn 0.5745 0.4486 0.6847
vn 0.6604 -0.0786 0.7468
vn -0.0000 0.2203 -0.9754
vn -0.5437 0.6934 -0.4728
vn -0.8291 0.1721 -0.5319
vn 0.4866 0.8475 -0.2119
vn 0.3705 0.8040 -0.4651
vn 0.5437 0.6935 -0.4728
vn 0.2278 0.7304 -0.6440
vn -0.0000 0.5655 -0.8247
vn 0.7398 0.6138 0.2755
vn 0.2594 0.7938 0.5501
vn 0.5745 0.4486 0.6846
vn 0.2593 0.7464 0.6129
vn 0.1260 0.6774 0.7247
vn -0.0000 0.3210 0.9471
vn -0.0000 0.6199 0.7847
vn -0.3143 0.3144 0.8958
vn -0.1260 0.6775 0.7247
vn -0.2593 0.7464 0.6129
vn -0.9711 -0.1801 0.1567
vn -0.0709 -0.1024 0.9922
vn -0.0000 -0.0941 0.9956
vn 0.0472 0.6364 0.7699
vn 0.0394 0.2994 -0.9533
vn -0.0079 0.3068 -0.9518
vn 0.0628 0.3297 -0.9420
vn 0.9711 -0.1801 0.1567
vn -0.0000 0.6459 0.7634
vn -0.0784 0.6436 0.7613
vn -0.0472 0.6364 0.7699
vn 0.0709 -0.1024 0.9922
vn 0.0079 0.3067 -0.9518
vn -0.1180 -0.3069 -0.9444
vn -0.0629 -0.2123 -0.9752
vn -0.0000 -0.2902 -0.9570
vn -0.0000 -0.2203 -0.9754
vn 0.0629 -0.2123 -0.9752
vn -0.1180 -0.3304 -0.9364
vn -0.0628 0.3297 -0.9420
vn -0.0394 0.2994 -0.9533
vn -0.0000 0.2664 -0.9639
vn 0.0236 -0.0629 -0.9977
vn 0.0861 -0.5952 -0.7989
vn -0.1023 0.9910 -0.0866
vn -0.1334 0.9101 -0.3922
vn -0.0000 0.8832 -0.4689
vn 0.1644 -0.9864 0.0001
vn 0.3060 -0.9183 0.2511
vn 0.1803 -0.9723 0.1490
vn 0.0788 0.5438 -0.8355
vn 0.1256 -0.0784 -0.9890
vn -0.0157 0.4628 -0.8863
vn 0.0236 -0.0628 -0.9977
vn 0.0157 0.8083 -0.5885
vn 0.0788 0.5439 -0.8354
vn 0.0079 0.9998 0.0157
vn 0.0864 0.8408 -0.5344
vn 0.1648 0.4317 -0.8868
vn 0.0863 0.9961 0.0157
vn 0.1412 0.8237 0.5492
vn 0.0940 0.5248 0.8460
vn 0.1734 -0.2758 0.9455
vn 0.0236 0.8183 0.5743
vn -0.0864 0.5344 0.8408
vn -0.0000 0.2202 -0.9755
vn -0.0000 -0.0941 -0.9956
vn -0.8078 -0.0392 -0.5882
vn -0.6454 -0.3384 -0.6848
vn -0.0000 -0.3996 -0.9167
vn -0.8292 0.1721 -0.5318
vn -0.9861 -0.0235 0.1643
vn 0.7949 -0.4171 0.4407
vn -0.0000 -0.7226 0.6913
vn -0.7949 -0.4171 0.4407
vn 0.8292 0.1720 -0.5319
vn 0.8078 -0.0392 -0.5882
vn 0.6454 -0.3384 -0.6848
vn 0.8292 0.1721 -0.5319
vn -0.6454 -0.3384 -0.6847
vn -0.8078 -0.0392 -0.5881
vn -0.9075 -0.3708 -0.1973
vn 0.9075 -0.3708 -0.1973
vn 0.6454 -0.3384 -0.6847
vn -0.6454 -0.3385 -0.6848
vn -0.5049 -0.4418 -0.7416
vn -0.0000 -0.4566 -0.8897
vn 0.5049 -0.4418 -0.7416
vn 0.6454 -0.3385 -0.6848
vn -0.5049 -0.4418 -0.7415
vn -0.6454 -0.3385 -0.6847
vn -0.7467 -0.5424 -0.3851
vn -0.9075 -0.3709 -0.1973
vn -0.8247 -0.5655 0.0078
vn -0.7948 -0.4171 0.4407
vn -0.0000 -0.8897 0.4566
vn -0.0000 -0.7226 0.6912
vn 0.8247 -0.5655 0.0078
vn 0.9075 -0.3709 -0.1973
vn 0.7467 -0.5423 -0.3851
vn 0.6454 -0.3385 -0.6847
vn 0.5049 -0.4418 -0.7415
vn -0.3060 -0.9183 0.2512
vn -0.1803 -0.9723 0.1490
vn -0.1803 -0.9723 0.1489
vn -0.1017 0.9078 0.4069
vn -0.1332 0.5641 0.8149
vn -0.0788 0.5439 -0.8354
vn 0.0157 0.4628 -0.8863
vn -0.0157 0.8083 -0.5885
vn -0.1648 0.4317 -0.8868
vn -0.0864 0.8408 -0.5344
vn -0.0079 0.9998 0.0157
vn -0.1733 -0.2758 0.9455
vn -0.0940 0.5248 0.8460
vn -0.1412 0.8237 0.5492
vn -0.0863 0.9961 0.0157
vn 0.0864 0.5344 0.8408
vn -0.0236 0.8183 0.5743
vn -0.2664 0.4467 -0.8541
vn -0.3220 0.3692 -0.8718
vn -0.3530 0.3217 -0.8786
vn -0.0000 0.2036 0.9790
vn -0.0000 0.1018 0.9948
vn -0.3291 0.0862 0.9404
vn -0.3849 0.0864 0.9189
vn -0.2906 0.1649 0.9425
vn -0.5812 0.3063 0.7540
vn 0.5812 0.3063 0.7540
vn 0.2906 0.1649 0.9425
vn 0.3849 0.0864 0.9189
vn 0.3291 0.0862 0.9404
vn -0.5584 0.4326 -0.7078
vn -0.8319 0.4001 -0.3846
vn -0.8988 0.3787 -0.2207
vn -0.8669 0.3153 0.3861
vn -0.5421 0.1964 0.8171
vn 0.5421 0.1964 0.8171
vn 0.8669 0.3152 0.3861
vn 0.9101 0.3766 0.1726
vn 0.8989 0.3785 -0.2208
vn 0.5584 0.4326 -0.7079
vn 0.2664 0.4467 -0.8541
vn 0.3220 0.3692 -0.8718
vn 0.3530 0.3217 -0.8786
vt 0.771759 0.118225
vt 0.771759 0.167145
vt 0.741272 0.174866
vt 0.562225 0.220795
vt 0.702393 0.256317
vt 0.702393 0.283356
vt 0.712860 0.128723
vt 0.562225 0.136353
vt 0.700897 0.104797
vt 0.563538 0.094482
vt 0.650970 0.067261
vt 0.562225 0.323761
vt 0.693268 0.349274
vt 0.569000 0.403992
vt 0.611908 0.441956
vt 0.684753 0.394653
vt 0.687744 0.458496
vt 0.771759 0.385712
vt 0.771759 0.335846
vt 0.771759 0.299683
vt 0.732574 0.009979
vt 0.771759 0.009979
vt 0.738495 0.060364
vt 0.771759 0.076996
vt 0.742218 0.079529
vt 0.714661 0.218750
vt 0.694489 0.033569
vt 0.989990 0.573364
vt 0.914703 0.554993
vt 0.914703 0.473724
vt 0.146667 0.066925
vt 0.146179 0.009979
vt 0.189484 0.009979
vt 0.989990 0.484619
vt 0.225616 0.009979
vt 0.225677 0.066376
vt 0.189758 0.066376
vt 0.189758 0.121094
vt 0.146667 0.121094
vt 0.914703 0.724152
vt 0.989990 0.756592
vt 0.914703 0.824615
vt 0.914703 0.629028
vt 0.989990 0.641724
vt 0.989990 0.712921
vt 0.507385 0.520874
vt 0.507385 0.629425
vt 0.590088 0.622131
vt 0.085754 0.552917
vt 0.070587 0.473633
vt 0.027496 0.549561
vt 0.009979 0.478424
vt 0.009979 0.549561
vt 0.753876 0.596375
vt 0.802063 0.594971
vt 0.802063 0.775787
vt 0.766846 0.775787
vt 0.659851 0.612000
vt 0.710205 0.775787
vt 0.635101 0.775787
vt 0.510284 0.775787
vt 0.435211 0.629700
vt 0.422089 0.775787
vt 0.402313 0.629700
vt 0.305817 0.629700
vt 0.293030 0.501068
vt 0.268005 0.595886
vt 0.229218 0.582581
vt 0.216064 0.625427
vt 0.184357 0.569244
vt 0.173859 0.636322
vt 0.136017 0.557373
vt 0.105347 0.631714
vt 0.034607 0.619110
vt 0.009979 0.615173
vt 0.259003 0.632538
vt 0.241211 0.694000
vt 0.091492 0.682587
vt 0.325134 0.775787
vt 0.247803 0.775787
vt 0.169891 0.695526
vt 0.166901 0.775787
vt 0.079895 0.738434
vt 0.079895 0.775787
vt 0.027344 0.716003
vt 0.022552 0.775787
vt 0.181763 0.426788
vt 0.503113 0.433594
vt 0.536011 0.422089
vt 0.536011 0.355469
vt 0.260956 0.009979
vt 0.297455 0.082001
vt 0.315613 0.023285
vt 0.343231 0.037079
vt 0.551575 0.495392
vt 0.661316 0.495392
vt 0.571930 0.452759
vt 0.232086 0.469849
vt 0.405182 0.334839
vt 0.369263 0.334839
vt 0.412354 0.191376
vt 0.376434 0.191376
vt 0.439514 0.121094
vt 0.439514 0.191376
vt 0.439514 0.334839
vt 0.503113 0.481079
vt 0.464844 0.449219
vt 0.435211 0.499451
vt 0.096405 0.128876
vt 0.297455 0.144501
vt 0.261566 0.121094
vt 0.261566 0.066376
vt 0.386719 0.433594
vt 0.352997 0.378113
vt 0.355469 0.457001
vt 0.305664 0.422363
vt 0.435211 0.520874
vt 0.402313 0.520874
vt 0.103607 0.009979
vt 0.067688 0.042969
vt 0.053345 0.144501
vt 0.038971 0.050751
vt 0.009979 0.136719
vt 0.009979 0.042969
vt 0.439514 0.019501
vt 0.405182 0.050751
vt 0.333374 0.183594
vt 0.297455 0.199219
vt 0.261566 0.199219
vt 0.225677 0.199219
vt 0.989990 0.484283
vt 0.989990 0.406769
vt 0.914703 0.351898
vt 0.989990 0.298950
vt 0.914703 0.276642
vt 0.989990 0.239746
vt 0.914703 0.213318
vt 0.989990 0.178375
vt 0.914703 0.143280
vt 0.989990 0.128113
vt 0.914703 0.080292
vt 0.989990 0.077820
vt 0.225677 0.121094
vt 0.189758 0.199219
vt 0.146667 0.199219
vt 0.096405 0.222626
vt 0.060516 0.334839
vt 0.031799 0.334839
vt 0.425751 0.449219
vt 0.374084 0.493439
vt 0.297455 0.477051
vt 0.324219 0.441376
vt 0.250427 0.454559
vt 0.248993 0.392090
vt 0.215332 0.427277
vt 0.181519 0.383514
vt 0.115173 0.423798
vt 0.161499 0.366272
vt 0.115173 0.366272
vt 0.009979 0.713013
vt 0.046570 0.665558
vt 0.110779 0.334839
vt 0.153870 0.334839
vt 0.146667 0.261719
vt 0.292969 0.821655
vt 0.253876 0.871735
vt 0.218597 0.820282
vt 0.394501 0.871460
vt 0.398438 0.906158
vt 0.511719 0.855469
vt 0.153809 0.814545
vt 0.168365 0.841003
vt 0.033081 0.839386
vt 0.019470 0.808899
vt 0.064850 0.811890
vt 0.894104 0.974518
vt 0.827209 0.962189
vt 0.894104 0.924896
vt 0.582001 0.806244
vt 0.628876 0.805725
vt 0.628876 0.855469
vt 0.707001 0.855469
vt 0.707001 0.933716
vt 0.761719 0.933594
vt 0.801849 0.933594
vt 0.761719 0.855469
vt 0.691376 0.805725
vt 0.827209 0.656921
vt 0.827209 0.602051
vt 0.894104 0.598999
vt 0.827209 0.574646
vt 0.894104 0.533447
vt 0.009979 0.660126
vt 0.207001 0.871979
vt 0.135712 0.930389
vt 0.136719 0.864716
vt 0.082001 0.925201
vt 0.066376 0.863251
vt 0.021454 0.921173
vt 0.027344 0.863251
vt 0.009979 0.921173
vt 0.300751 0.871460
vt 0.386719 0.813843
vt 0.496094 0.808899
vt 0.103851 0.844635
vt 0.527344 0.933594
vt 0.402344 0.940857
vt 0.311493 0.941010
vt 0.306122 0.906219
vt 0.241211 0.933716
vt 0.262421 0.902557
vt 0.207001 0.933594
vt 0.171387 0.931976
vt 0.827209 0.536743
vt 0.827209 0.516418
vt 0.894104 0.513092
vt 0.894104 0.654663
vt 0.015625 0.838654
vt 0.894104 0.708954
vt 0.827209 0.710297
vt 0.894104 0.763947
vt 0.827209 0.764618
vt 0.894104 0.818237
vt 0.827209 0.815277
vt 0.894104 0.871948
vt 0.827209 0.865936
vt 0.827209 0.919495
vt 0.645508 0.933716
vt 0.009979 0.775787
vt 0.009979 0.863251
vt 0.827209 0.974518
vt 0.009979 0.838654
vt 0.009979 0.808441
vt 0.009979 0.799072
vt 0.065491 0.802063
vt 0.154938 0.806946
vt 0.229706 0.808411
vt 0.296844 0.811462
vt 0.386902 0.804291
vt 0.801849 0.855469
vt 0.761719 0.805725
vt 0.801849 0.805725
vt 0.894104 0.938080
vt 0.829254 0.970062
vt 0.894104 0.977966
vt 0.897766 0.368652
vt 0.790009 0.315063
vt 0.897766 0.315063
vt 0.790009 0.219208
vt 0.897766 0.219208
vt 0.829254 0.960815
vt 0.894104 0.896942
vt 0.829254 0.848999
vt 0.894104 0.838989
vt 0.829254 0.823730
vt 0.789978 0.219208
vt 0.789978 0.119507
vt 0.897766 0.119507
vt 0.789978 0.023315
vt 0.790009 0.315369
vt 0.809265 0.398376
vt 0.790009 0.398376
vt 0.894104 0.893036
vt 0.894104 0.977661
vt 0.829254 0.989288
vt 0.897766 0.398376
vt 0.897766 0.023315
vt 0.894104 0.960815
vt 0.894104 0.820007
vt 0.829254 0.930969
vt 0.894104 0.916138
vt 0.829254 0.981262
vt 0.894104 0.981262
vt 0.771759 0.458496
vt 0.914703 0.024109
vt 0.914703 0.949341
vt 0.989990 0.894806
vt 0.989990 0.826294
vt 0.989990 0.024811
vt 0.753876 0.495392
vt 0.802063 0.495392
vt 0.989990 0.949341
vt 0.009979 0.334839
vt 0.189758 0.334839
vt 0.225677 0.334839
vt 0.189758 0.277344
vt 0.225677 0.277344
vt 0.261566 0.277344
vt 0.333374 0.277344
vt 0.261566 0.334839
vt 0.333374 0.334839
vt 0.536011 0.127777
vt 0.449066 0.127777
vt 0.536011 0.098663
vt 0.457581 0.106476
vt 0.457581 0.051788
vt 0.536011 0.043976
vt 0.536011 0.180542
vt 0.536011 0.151917
vt 0.517487 0.164917
vt 0.480652 0.235229
vt 0.449524 0.235229
vt 0.449524 0.138947
vt 0.536011 0.235229
vt 0.511353 0.235229
vt 0.480652 0.149292
vt 0.457581 0.009979
vt 0.536011 0.009979
vt 0.536011 0.250854
vt 0.511353 0.250854
vt 0.486786 0.250854
vt 0.449524 0.250854
vt 0.652344 0.964844
vt 0.009979 0.989990
vt 0.082001 0.989990
vt 0.136719 0.989990
vt 0.207001 0.989990
vt 0.535126 0.989990
vt 0.410126 0.989990
vt 0.324219 0.989990
vt 0.253876 0.989990
s 1
usemtl f_body056.png
f 705/266/552 706/267/553 707/268/554
f 708/269/555 709/270/556 710/271/557
f 711/272/558 712/273/559 713/274/560
f 713/274/560 712/273/559 714/275/561
f 713/274/560 714/275/561 715/276/562
f 716/277/563 717/278/564 718/279/565
f 719/280/566 720/281/567 721/282/568
f 721/282/568 720/281/567 722/283/569
f 723/284/570 724/283/569 725/278/564
f 725/278/564 724/283/569 726/281/567
f 725/278/564 726/281/567 718/279/571
f 718/279/571 726/281/567 727/280/572
f 728/278/573 729/285/574 730/271/575
f 731/286/576 732/287/577 733/288/578
f 733/288/578 732/287/577 734/289/579
f 733/288/578 734/289/579 735/290/580
f 735/290/580 734/289/579 736/266/581
f 737/280/582 738/281/583 739/279/584
f 739/279/584 738/281/583 740/278/585
f 739/279/584 740/278/585 741/277/586
f 741/277/586 740/278/585 730/271/575
f 741/277/586 730/271/575 742/269/587
f 743/280/582 744/282/588 745/281/583
f 745/281/583 744/282/588 746/283/569
f 745/281/583 746/283/569 728/278/573
f 728/278/573 746/283/569 747/284/589
f 728/278/573 747/284/589 729/285/574
f 729/285/574 747/284/589 748/278/564
f 729/285/574 748/278/564 749/271/590
f 749/271/590 748/278/564 750/277/591
f 749/271/590 750/277/591 751/269/592
f 752/270/593 753/269/555 754/291/594
f 754/291/594 753/269/555 755/273/559
f 754/291/594 755/273/559 756/268/595
f 756/268/595 755/273/559 757/272/596
f 756/268/595 757/272/596 758/266/581
f 758/266/581 757/272/596 759/274/560
f 758/266/581 759/274/560 760/290/597
f 760/290/597 759/274/560 761/276/598
f 760/290/597 761/276/598 762/288/599
f 762/288/599 761/276/598 763/292/600
f 762/288/599 763/292/600 764/286/601
f 765/267/553 766/266/552 767/268/602
f 768/273/603 769/274/604 770/275/605
f 770/275/605 769/274/604 771/276/606
f 772/286/607 773/292/608 774/288/609
f 774/288/609 773/292/608 771/276/610
f 774/288/609 771/276/610 775/290/611
f 775/290/611 771/276/610 776/274/612
f 775/290/611 776/274/612 777/272/613
f 777/272/613 776/274/612 778/273/614
f 779/271/575 780/270/615 781/269/587
f 781/269/587 780/270/615 782/291/616
f 781/269/587 782/291/616 783/273/617
f 783/273/617 782/291/616 767/268/618
f 783/273/617 767/268/618 784/272/613
f 784/272/613 767/268/618 785/266/619
f 784/272/613 785/266/619 786/290/620
f 786/290/620 785/266/619 787/289/579
f 786/290/620 787/289/579 788/288/621
f 788/288/621 787/289/579 789/287/577
f 788/288/621 789/287/577 790/286/607
f 791/293/622 792/294/623 793/295/587
f 794/296/624 795/297/625 796/298/626
f 797/293/622 798/295/627 799/299/628
f 800/300/629 801/301/630 802/298/631
f 802/298/631 801/301/630 803/302/632
f 802/298/631 803/302/632 804/296/624
f 804/296/624 803/302/632 805/303/633
f 804/296/624 805/303/633 806/304/634
f 807/305/635 808/306/636 809/307/637
f 810/294/638 811/293/639 812/308/640
f 812/308/640 811/293/639 813/309/641
f 812/308/640 813/309/641 814/305/635
f 814/305/635 813/309/641 815/310/642
f 814/305/635 815/310/642 816/306/643
f 817/311/644 818/312/645 819/313/646
f 820/314/647 821/315/648 822/316/649
f 822/316/649 821/315/648 823/317/650
f 822/316/649 823/317/650 824/318/651
f 825/319/652 826/320/653 827/321/654
f 827/321/654 826/320/653 828/319/655
f 827/321/654 828/319/655 829/322/656
f 829/322/656 828/319/655 830/323/657
f 829/322/656 830/323/657 831/324/658
f 831/324/658 830/323/657 832/313/646
f 831/324/658 832/313/646 833/325/659
f 833/325/659 832/313/646 834/312/660
f 833/325/659 834/312/660 835/326/661
f 835/326/661 834/312/660 836/327/662
f 835/326/661 836/327/662 837/328/663
f 837/328/663 836/327/662 838/329/664
f 837/328/663 838/329/664 839/330/665
f 839/330/665 838/329/664 840/331/666
f 839/330/665 840/331/666 841/332/667
f 841/332/667 840/331/666 842/333/668
f 841/332/667 842/333/668 843/334/669
f 843/334/669 842/333/668 844/335/670
f 843/334/669 844/335/670 845/336/671
f 845/336/671 844/335/670 846/337/672
f 845/336/671 846/337/672 847/338/673
f 847/338/673 846/337/672 848/314/674
f 847/338/673 848/314/674 849/339/675
f 849/339/675 848/314/674 850/316/676
f 849/339/675 850/316/676 851/340/677
f 851/340/677 850/316/676 824/318/678
f 851/340/677 824/318/678 852/316/679
f 852/316/679 824/318/678 853/317/650
f 852/316/679 853/317/650 854/315/680
f 855/330/665 856/341/681 857/342/682
f 858/336/671 859/338/683 860/343/684
f 860/343/684 859/338/683 861/339/685
f 862/344/686 863/342/682 864/345/687
f 864/345/687 863/342/682 865/346/688
f 864/345/687 865/346/688 866/347/689
f 866/347/689 865/346/688 867/348/690
f 866/347/689 867/348/690 868/349/691
f 869/330/665 870/332/692 871/341/693
f 871/341/693 870/332/692 872/334/694
f 871/341/693 872/334/694 873/342/695
f 873/342/695 872/334/694 874/336/671
f 873/342/695 874/336/671 875/346/696
f 875/346/696 874/336/671 876/343/697
f 875/346/696 876/343/697 877/348/698
f 877/348/698 876/343/697 878/350/699
f 877/348/698 878/350/699 879/349/691
f 879/349/691 878/350/699 880/351/700
f 881/335/670 882/352/701 883/337/672
f 884/353/702 885/354/703 886/355/704
f 887/301/705 888/300/706 889/356/707
f 890/357/708 891/358/709 892/359/710
f 893/311/711 894/313/646 895/360/712
f 895/360/712 894/313/646 896/361/713
f 895/360/712 896/361/713 897/362/704
f 898/352/714 899/335/670 900/363/715
f 900/363/715 899/335/670 901/333/716
f 900/363/715 901/333/716 902/331/666
f 903/364/717 904/365/718 905/366/719
f 905/366/719 904/365/718 906/367/720
f 907/367/720 908/368/721 909/366/722
f 909/366/722 908/368/721 910/369/723
f 909/366/722 910/369/723 911/364/724
f 911/364/724 910/369/723 912/370/725
f 913/354/703 914/353/726 915/371/711
f 915/371/711 914/353/726 916/372/727
f 915/371/711 916/372/727 917/373/728
f 918/296/624 919/304/729 920/374/730
f 921/359/731 922/375/732 923/357/733
f 923/357/733 922/375/732 924/376/734
f 923/357/733 924/376/734 925/377/735
f 926/378/736 927/379/737 928/380/738
f 928/380/738 927/379/737 929/381/739
f 930/312/660 931/311/740 932/327/662
f 932/327/662 931/311/740 933/382/741
f 932/327/662 933/382/741 934/329/664
f 934/329/664 933/382/741 935/383/742
f 934/329/664 935/383/742 936/331/743
f 937/297/704 938/296/744 939/384/745
f 939/384/745 938/296/744 940/374/746
f 939/384/745 940/374/746 941/385/747
f 941/385/747 940/374/746 942/386/748
f 941/385/747 942/386/748 943/387/749
f 943/387/749 942/386/748 944/388/723
f 943/387/749 944/388/723 945/389/736
f 946/390/738 947/368/750 948/391/751
f 948/391/751 947/368/750 949/367/752
f 948/391/751 949/367/752 921/359/731
f 921/359/731 949/367/752 950/392/753
f 921/359/731 950/392/753 922/375/732
f 922/375/732 950/392/753 951/393/754
f 922/375/732 951/393/754 952/376/734
f 952/376/734 951/393/754 953/394/755
f 952/376/734 953/394/755 954/395/756
f 955/396/757 956/295/587 957/397/758
f 957/397/758 956/295/587 958/398/759
f 957/397/758 958/398/759 959/399/760
f 959/399/760 958/398/759 960/400/761
f 959/399/760 960/400/761 961/401/762
f 961/401/762 960/400/761 962/402/763
f 961/401/762 962/402/763 963/403/764
f 963/403/764 962/402/763 964/404/608
f 963/403/764 964/404/608 965/405/765
f 965/405/765 964/404/608 966/406/607
f 965/405/765 966/406/607 967/407/766
f 968/358/767 923/357/733 969/356/768
f 969/356/768 923/357/733 925/377/735
f 969/356/768 925/377/735 970/301/705
f 970/301/705 925/377/735 924/376/734
f 970/301/705 924/376/734 971/408/769
f 971/408/769 924/376/734 954/395/770
f 971/408/769 954/395/770 972/303/633
f 972/303/633 954/395/770 973/409/771
f 972/303/633 973/409/771 974/304/634
f 974/304/634 973/409/771 975/410/772
f 974/304/634 975/410/772 976/374/746
f 976/374/746 975/410/772 977/411/773
f 976/374/746 977/411/773 978/386/774
f 978/386/774 977/411/773 979/412/775
f 978/386/774 979/412/775 980/413/776
f 981/372/777 982/414/749 917/373/741
f 917/373/741 982/414/749 983/378/778
f 917/373/741 983/378/778 984/415/779
f 984/415/779 983/378/778 928/380/780
f 984/415/779 928/380/780 985/416/781
f 985/416/781 928/380/780 986/417/782
f 985/416/781 986/417/782 987/418/783
f 987/418/783 986/417/782 988/419/710
f 987/418/783 988/419/710 989/420/784
f 989/420/784 988/419/710 990/421/709
f 991/314/647 992/337/785 993/315/648
f 993/315/648 992/337/785 994/352/786
f 993/315/648 994/352/786 995/422/787
f 995/422/787 994/352/786 996/423/767
f 995/422/787 996/423/767 997/424/768
f 998/299/788 999/295/592 1000/293/789
f 1000/293/789 999/295/592 1001/294/790
f 1000/293/789 1001/294/790 1002/308/571
f 1003/392/791 1004/359/792 1005/375/793
f 1005/375/793 1004/359/792 1006/357/794
f 1005/375/793 1006/357/794 1007/376/795
f 1007/376/795 1006/357/794 1008/377/796
f 1007/376/795 1008/377/796 1009/301/797
f 1009/301/797 1008/377/796 1010/300/798
f 1009/301/797 1010/300/798 1011/302/799
f 1011/302/799 1010/300/798 1012/298/800
f 1011/302/799 1012/298/800 1013/297/801
f 1014/327/802 1015/382/803 1016/311/804
f 1017/345/805 1018/342/806 1019/344/807
f 1020/425/808 1021/426/809 1022/350/810
f 1022/350/810 1021/426/809 1023/343/811
f 1024/382/803 1025/327/812 1026/329/813
f 1027/348/814 1028/343/815 1029/346/816
f 1029/346/816 1028/343/815 1030/336/817
f 1029/346/816 1030/336/817 1031/342/818
f 1031/342/818 1030/336/817 1032/334/819
f 1031/342/818 1032/334/819 1033/341/820
f 1033/341/820 1032/334/819 1034/332/821
f 1033/341/820 1034/332/821 1035/330/822
f 1035/330/822 1034/332/821 1036/331/823
f 1035/330/822 1036/331/823 1037/329/824
f 1037/329/824 1036/331/823 1038/383/825
f 1037/329/824 1038/383/825 1039/382/803
f 1040/359/792 1041/392/826 1042/367/827
f 1043/419/792 1044/420/828 1045/421/829
f 1046/386/830 1047/411/831 1048/374/832
f 1049/391/833 1050/368/834 1051/390/835
f 1052/364/836 1053/366/837 1054/365/838
f 1054/365/838 1053/366/837 1055/367/827
f 1056/373/839 1057/372/840 1058/371/804
f 1058/371/804 1057/372/840 1059/353/841
f 1058/371/804 1059/353/841 1060/354/842
f 1060/354/842 1059/353/841 1061/355/843
f 1062/300/844 1063/377/796 1064/356/845
f 1064/356/845 1063/377/796 1065/357/794
f 1064/356/845 1065/357/794 1066/358/846
f 1066/358/846 1065/357/794 1067/359/792
f 1068/378/847 1069/380/835 1070/379/848
f 1070/379/848 1069/380/835 1071/381/849
f 1072/376/795 1073/408/850 1074/395/851
f 1074/395/851 1073/408/850 1075/303/633
f 1074/395/851 1075/303/633 1076/409/852
f 1076/409/852 1075/303/633 1077/304/853
f 1076/409/852 1077/304/853 1078/410/854
f 1079/388/855 1080/413/856 1046/386/857
f 1046/386/857 1080/413/856 1081/412/858
f 1046/386/857 1081/412/858 1082/411/831
f 1082/411/831 1081/412/858 1083/427/859
f 1082/411/831 1083/427/859 1084/428/860
f 1085/389/861 1086/388/855 1087/387/862
f 1087/387/862 1086/388/855 1088/386/857
f 1087/387/862 1088/386/857 1089/385/863
f 1089/385/863 1088/386/857 1090/374/832
f 1089/385/863 1090/374/832 1091/384/864
f 1091/384/864 1090/374/832 1092/296/865
f 1091/384/864 1092/296/865 1093/297/801
f 1093/297/801 1092/296/865 1094/302/799
f 1095/364/836 1096/369/855 1097/366/866
f 1097/366/866 1096/369/855 1098/368/849
f 1097/366/866 1098/368/849 1099/367/827
f 1099/367/827 1098/368/849 1100/391/867
f 1099/367/827 1100/391/867 1101/359/868
f 1102/407/869 1103/406/601 1104/405/870
f 1104/405/870 1103/406/601 1105/404/600
f 1104/405/870 1105/404/600 1106/403/871
f 1106/403/871 1105/404/600 1107/402/872
f 1106/403/871 1107/402/872 1108/401/873
f 1108/401/873 1107/402/872 1109/400/874
f 1108/401/873 1109/400/874 1110/399/875
f 1110/399/875 1109/400/874 1111/398/876
f 1110/399/875 1111/398/876 1112/397/877
f 1112/397/877 1111/398/876 1113/295/878
f 1112/397/877 1113/295/878 1114/396/879
f 1115/376/795 1116/301/797 1117/408/850
f 1117/408/850 1116/301/797 1118/302/799
f 1117/408/850 1118/302/799 1119/303/633
f 1119/303/633 1118/302/799 1120/296/865
f 1119/303/633 1120/296/865 1077/304/853
f 1077/304/853 1120/296/865 1048/374/832
f 1077/304/853 1048/374/832 1078/410/854
f 1078/410/854 1048/374/832 1047/411/831
f 1078/410/854 1047/411/831 1121/429/880
f 1121/429/880 1047/411/831 1084/428/860
f 1122/420/828 1123/419/868 1124/418/881
f 1124/418/881 1123/419/868 1125/417/882
f 1124/418/881 1125/417/882 1126/416/823
f 1126/416/823 1125/417/882 1127/380/883
f 1126/416/823 1127/380/883 1128/415/884
f 1128/415/884 1127/380/883 1129/378/885
f 1128/415/884 1129/378/885 1130/373/803
f 1130/373/803 1129/378/885 1131/414/886
f 1130/373/803 1131/414/886 1132/372/863
f 1133/361/887 1134/360/888 1135/362/889
f 1136/361/887 1137/323/890 1138/360/891
f 1138/360/891 1137/323/890 1139/313/892
f 1138/360/891 1139/313/892 1140/311/893
f 1140/311/893 1139/313/892 1141/312/894
f 1140/311/893 1141/312/894 1142/327/812
f 1143/330/822 1144/329/824 1145/328/895
f 1145/328/895 1144/329/824 1142/327/812
f 1145/328/895 1142/327/812 1146/326/896
f 1146/326/896 1142/327/812 1141/312/894
f 1146/326/896 1141/312/894 1147/325/897
f 1147/325/897 1141/312/894 1148/313/892
f 1147/325/897 1148/313/892 1149/324/898
f 1149/324/898 1148/313/892 1150/323/899
f 1149/324/898 1150/323/899 1151/322/900
f 1151/322/900 1150/323/899 1152/319/901
f 1151/322/900 1152/319/901 1153/321/654
f 1154/342/806 1155/341/902 1156/330/822
f 1157/314/903 1158/316/679 1159/315/680
f 1160/331/823 1161/333/904 1162/363/881
f 1162/363/881 1161/333/904 1163/335/905
f 1162/363/881 1163/335/905 1164/352/828
f 1164/352/828 1163/335/905 1165/337/906
f 1166/336/817 1167/343/815 1168/338/907
f 1168/338/907 1167/343/815 1169/339/908
f 1170/307/909 1171/306/910 1172/305/911
f 1172/305/911 1171/306/910 1173/310/912
f 1172/305/911 1173/310/912 1174/308/571
f 1174/308/571 1173/310/912 1175/309/913
f 1174/308/571 1175/309/913 1176/293/914
f 1177/424/845 1178/423/846 1179/422/915
f 1179/422/915 1178/423/846 1164/352/828
f 1179/422/915 1164/352/828 1159/315/680
f 1159/315/680 1164/352/828 1165/337/906
f 1159/315/680 1165/337/906 1157/314/903
f 1160/331/823 1180/332/821 1161/333/904
f 1161/333/904 1180/332/821 1181/334/916
f 1161/333/904 1181/334/916 1163/335/905
f 1163/335/905 1181/334/916 1182/336/817
f 1163/335/905 1182/336/817 1165/337/906
f 1165/337/906 1182/336/817 1183/338/917
f 1165/337/906 1183/338/917 1157/314/903
f 1157/314/903 1183/338/917 1184/339/918
f 1157/314/903 1184/339/918 1158/316/679
f 1158/316/679 1184/339/918 1185/340/677
f 1186/426/919 1187/350/920 1188/343/921
f 1189/430/922 1190/431/923 1191/432/924
f 1192/433/925 1193/434/926 1194/435/927
f 1195/436/928 1196/437/929 1197/432/930
f 1198/343/931 1199/348/814 1200/350/810
f 1201/438/932 1202/439/933 1203/440/934
f 1204/441/935 1205/442/936 1206/443/937
f 1207/444/938 1208/445/939 1209/446/940
f 1209/446/940 1208/445/939 1210/447/941
f 1209/446/940 1210/447/941 1211/448/942
f 1211/448/942 1210/447/941 1212/449/943
f 1213/450/944 1212/449/945 1214/451/946
f 1214/451/946 1212/449/945 1215/447/941
f 1214/451/946 1215/447/941 1216/452/947
f 1216/452/947 1215/447/941 1217/445/939
f 1218/453/948 1219/454/897 1220/455/949
f 1220/455/949 1219/454/897 1221/456/898
f 1220/455/949 1221/456/898 1222/457/950
f 1223/425/808 1224/351/700 1225/350/920
f 1225/350/920 1226/426/919 1223/425/808
f 1223/425/808 1226/426/919 1227/458/677
f 1223/425/808 1227/458/677 1228/426/809
f 1229/459/951 1230/460/952 1231/461/953
f 1231/461/953 1230/460/952 1232/462/954
f 1231/461/953 1232/462/954 1233/463/955
f 1233/463/955 1232/462/954 1234/464/956
f 1233/463/955 1234/464/956 1235/465/957
f 1235/465/957 1234/464/956 1236/466/958
f 1190/431/923 1189/430/922 1237/467/959
f 1237/467/959 1189/430/922 1238/468/960
f 1237/467/959 1238/468/960 1239/433/961
f 1239/433/961 1238/468/960 1240/469/962
f 1239/433/961 1240/469/962 1241/435/963
f 1242/465/964 1201/438/932 1243/463/955
f 1243/463/955 1201/438/932 1244/470/965
f 1243/463/955 1244/470/965 1245/461/966
f 1245/461/966 1244/470/965 1246/437/967
f 1245/461/966 1246/437/967 1247/459/951
f 1248/471/968 1249/472/969 1250/434/970
f 1250/434/970 1249/472/969 1251/473/971
f 1250/434/970 1251/473/971 1252/474/972
f 1252/474/972 1251/473/971 1253/475/973
f 1252/474/972 1253/475/973 1254/476/974
f 1254/476/974 1253/475/973 1255/477/975
f 1254/476/974 1255/477/975 1256/459/976
f 1256/459/976 1255/477/975 1257/478/977
f 1256/459/976 1257/478/977 1258/460/952
f 1221/456/898 1259/479/900 1222/457/950
f 1222/457/950 1259/479/900 1260/480/654
f 1222/457/950 1260/480/654 1261/481/978
f 1261/481/978 1260/480/654 1262/479/656
f 1261/481/978 1262/479/656 1263/457/950
f 1263/457/950 1262/479/656 1264/456/979
f 1263/457/950 1264/456/979 1265/455/980
f 1265/455/980 1264/456/979 1266/454/981
f 1265/455/980 1266/454/981 1267/482/982
f 1193/434/926 1192/433/925 1268/474/983
f 1268/474/983 1192/433/925 1269/467/984
f 1268/474/983 1269/467/984 1270/476/985
f 1270/476/985 1269/467/984 1271/431/986
f 1270/476/985 1271/431/986 1272/459/987
f 1196/437/929 1195/436/928 1273/470/988
f 1273/470/988 1195/436/928 1274/440/989
f 1273/470/988 1274/440/989 1275/438/990
f 1275/438/990 1274/440/989 1276/439/991
f 1275/438/990 1276/439/991 1277/483/992
f 1278/459/993 1279/477/994 1270/476/985
f 1270/476/985 1279/477/994 1280/475/995
f 1270/476/985 1280/475/995 1268/474/983
f 1268/474/983 1280/475/995 1281/473/996
f 1268/474/983 1281/473/996 1193/434/926
f 1220/455/949 1282/482/997 1218/453/948
f 1218/453/948 1282/482/997 1283/484/998
f 1218/453/948 1283/484/998 1284/485/999
f 1284/485/999 1283/484/998 1285/486/1000
f 1284/485/999 1285/486/1000 1286/487/1001
f 1286/487/1001 1285/486/1000 1287/488/1002
f 1286/487/1001 1287/488/1002 1288/489/1003
f 1288/489/1003 1287/488/1002 1289/490/1004
f 1288/489/1003 1289/490/1004 1290/491/1005
f 1290/491/1005 1289/490/1004 1206/443/937
f 1290/491/1005 1206/443/937 1291/492/1006
f 1291/492/1006 1206/443/937 1205/442/936
f 1292/438/932 1293/440/1007 1244/470/965
f 1244/470/965 1293/440/1007 1294/436/1008
f 1244/470/965 1294/436/1008 1246/437/967
f 1246/437/967 1294/436/1008 1295/432/1009
f 1246/437/967 1295/432/1009 1247/459/951
f 1247/459/951 1295/432/1009 1190/431/923
f 1247/459/951 1190/431/923 1296/476/1010
f 1296/476/1010 1190/431/923 1237/467/959
f 1296/476/1010 1237/467/959 1297/474/972
f 1297/474/972 1237/467/959 1239/433/961
f 1297/474/972 1239/433/961 1298/434/1011
f 1298/434/1011 1239/433/961 1299/435/1012
f 1298/434/1011 1299/435/1012 1300/471/1013
f 1300/471/1013 1299/435/1012 1301/493/1014
f 1302/342/806 1303/345/805 1304/346/1015
f 1304/346/1015 1303/345/805 1305/347/1016
f 1304/346/1015 1305/347/1016 1306/348/1017
f 1306/348/1017 1305/347/1016 1307/349/1018
f 1306/348/1017 1307/349/1018 1200/350/1019
f 1200/350/1019 1307/349/1018 1308/351/1020
f 1200/350/1019 1308/351/1020 1309/425/1021
f 1309/425/1021 1308/351/1020 1310/494/1022
f 1309/425/1021 1310/494/1022 1311/351/1023
f 1312/439/933 1201/438/932 1313/483/1024
f 1313/483/1024 1201/438/932 1242/465/964
f 1313/483/1024 1242/465/964 1314/495/1025
f 1314/495/1025 1242/465/964 1315/466/958
f 1314/495/1025 1315/466/958 1316/465/1026
f 1316/465/1026 1315/466/958 1317/464/1027
f 1316/465/1026 1317/464/1027 1318/463/1028
f 1318/463/1028 1317/464/1027 1319/462/1029
f 1318/463/1028 1319/462/1029 1320/461/1030
f 1320/461/1030 1319/462/1029 1321/460/1031
f 1320/461/1030 1321/460/1031 1322/459/987
f 1322/459/987 1321/460/1031 1323/478/1032
f 1322/459/987 1323/478/1032 1324/477/994
f 1266/454/981 1325/453/1033 1267/482/982
f 1267/482/982 1325/453/1033 1326/485/663
f 1267/482/982 1326/485/663 1327/484/1034
f 1327/484/1034 1326/485/663 1328/487/1035
f 1327/484/1034 1328/487/1035 1329/486/1036
f 1329/486/1036 1328/487/1035 1330/489/1037
f 1329/486/1036 1330/489/1037 1331/488/1038
f 1331/488/1038 1330/489/1037 1332/491/689
f 1331/488/1038 1332/491/689 1333/490/1039
f 1333/490/1039 1332/491/689 1334/492/1040
f 1333/490/1039 1334/492/1040 1335/443/1041
f 1335/443/1041 1334/492/1040 1336/442/1042
f 1335/443/1041 1336/442/1042 1204/441/935
f 1204/441/935 1336/442/1042 1337/496/1022
f 1204/441/935 1337/496/1022 1205/442/936
f 1338/497/1043 1339/483/992 1340/498/1044
f 1340/498/1044 1339/483/992 1276/439/991
f 1340/498/1044 1276/439/991 1341/499/1045
f 1341/499/1045 1276/439/991 1274/440/989
f 1341/499/1045 1274/440/989 1342/500/1046
f 1342/500/1046 1274/440/989 1195/436/928
f 1342/500/1046 1195/436/928 1343/501/1047
f 1343/501/1047 1195/436/928 1344/432/1048
f 1343/501/1047 1344/432/1048 1345/502/1049
f 1345/502/1049 1344/432/1048 1346/430/1050
f 1345/502/1049 1346/430/1050 1347/503/1051
f 1347/503/1051 1346/430/1050 1348/468/1052
f 1347/503/1051 1348/468/1052 1349/504/1053
f 1349/504/1053 1348/468/1052 1350/469/1054
f 1349/504/1053 1350/469/1054 1351/444/1055
f 1352/473/1056 1353/472/1057 1193/434/926
f 1193/434/926 1353/472/1057 1354/471/1058
f 1193/434/926 1354/471/1058 1355/435/1059
f 1355/435/1059 1354/471/1058 1356/493/1060
f 1355/435/1059 1356/493/1060 1357/446/1061
f 1357/446/1061 1356/493/1060 1358/448/1062
f 1357/446/1061 1358/448/1062 1359/447/1063
f 1359/447/1063 1358/448/1062 1360/449/1064
f 1359/447/1063 1360/449/1064 1361/451/1065
f 1361/451/1065 1360/449/1064 1362/450/944
f 1361/451/1065 1362/450/944 1363/505/1066
f 1363/505/1066 1362/450/944 1214/451/946
f 1363/505/1066 1214/451/946 1364/506/1067
f 1364/506/1067 1214/451/946 1216/452/947
f 1364/506/1067 1365/507/1068 1363/505/1066
f 1363/505/1066 1365/507/1068 1366/506/1069
f 1363/505/1066 1366/506/1069 1367/451/1065
f 1367/451/1065 1366/506/1069 1368/452/1070
f 1367/451/1065 1368/452/1070 1369/447/1063
f 1369/447/1063 1368/452/1070 1370/445/1071
f 1369/447/1063 1370/445/1071 1371/446/1072
f 1371/446/1072 1370/445/1071 1351/444/1055
f 1371/446/1072 1351/444/1055 1194/435/927
f 1194/435/927 1351/444/1055 1350/469/1054
f 1194/435/927 1350/469/1054 1192/433/925
f 1192/433/925 1350/469/1054 1372/468/1052
f 1192/433/925 1372/468/1052 1269/467/984
f 1269/467/984 1372/468/1052 1373/430/1050
f 1269/467/984 1373/430/1050 1271/431/986
f 1271/431/986 1373/430/1050 1197/432/930
f 1271/431/986 1197/432/930 1272/459/987
f 1272/459/987 1197/432/930 1196/437/929
f 1272/459/987 1196/437/929 1374/461/1073
f 1374/461/1073 1196/437/929 1273/470/988
f 1374/461/1073 1273/470/988 1375/463/1028
f 1375/463/1028 1273/470/988 1275/438/990
f 1375/463/1028 1275/438/990 1376/465/1026
f 1376/465/1026 1275/438/990 1277/483/992
f 1376/465/1026 1277/483/992 1377/495/1025
f 1377/495/1025 1277/483/992 1378/497/1043
f 1377/495/1025 1378/497/1043 1379/483/1074
f 1379/483/1074 1378/497/1043 1380/498/1044
f 1379/483/1074 1380/498/1044 1202/439/933
f 1202/439/933 1380/498/1044 1381/499/1075
f 1202/439/933 1381/499/1075 1203/440/934
f 1203/440/934 1381/499/1075 1382/500/1076
f 1203/440/934 1382/500/1076 1383/436/1077
f 1383/436/1077 1382/500/1076 1384/501/1078
f 1383/436/1077 1384/501/1078 1191/432/924
f 1191/432/924 1384/501/1078 1385/502/1079
f 1191/432/924 1385/502/1079 1189/430/922
f 1189/430/922 1385/502/1079 1386/503/1080
f 1189/430/922 1386/503/1080 1238/468/960
f 1238/468/960 1386/503/1080 1387/504/1081
f 1238/468/960 1387/504/1081 1240/469/962
f 1240/469/962 1387/504/1081 1388/444/1082
f 1240/469/962 1388/444/1082 1241/435/963
f 1241/435/963 1388/444/1082 1389/446/1083
f 1241/435/963 1389/446/1083 1390/493/1014
f 1390/493/1014 1389/446/1083 1391/448/942
f 1392/508/1084 1393/509/1085 1394/510/1086
f 1395/511/1087 1396/512/1088 1397/513/1089
f 1397/513/1089 1396/512/1088 1398/514/1090
f 1397/513/1089 1398/514/1090 1399/515/1091
f 1400/516/1092 1401/517/1093 1402/518/1094
f 1402/518/1094 1401/517/1093 1403/519/1095
f 1404/509/1096 1405/508/1097 1406/520/1089
f 1407/521/1098 1408/515/1099 1409/522/1100
f 1409/522/1100 1408/515/1099 1410/523/1101
f 1409/522/1100 1410/523/1101 1411/524/1102
f 1412/511/1103 1413/525/1104 1414/526/1105
f 1414/526/1105 1413/525/1104 1415/527/1106
f 1414/526/1105 1415/527/1106 1416/525/1107
f 1417/528/1108 1418/518/1101 1419/529/1109
f 1419/529/1109 1418/518/1101 1420/530/1110
f 1421/525/1111 1422/511/1087 1423/526/1112
f 1423/526/1112 1422/511/1087 1424/531/1113
f 1423/526/1112 1424/531/1113 1425/511/1103
f 1403/519/1095 1426/528/1114 1402/518/1094
f 1402/518/1094 1426/528/1114 1427/529/1086
f 1402/518/1094 1427/529/1086 1428/530/1091
f 1429/515/1110 1430/514/1115 1431/513/1116
f 1431/513/1116 1430/514/1115 1432/512/1117
f 1431/513/1116 1432/512/1117 1433/511/1103
f 1434/523/1101 1435/532/1092 1436/524/1118
f 1436/524/1118 1435/532/1092 1437/523/1119
f 1436/524/1118 1437/523/1119 1438/522/1120
f 1438/522/1120 1437/523/1119 1399/515/1091
f 1438/522/1120 1399/515/1091 1439/521/1090
f 1440/528/1121 1441/519/1122 1442/518/1123
f 1442/518/1123 1441/519/1122 1443/517/1124
f 1442/518/1123 1443/517/1124 1400/516/1092
f 1400/516/1092 1443/517/1124 1444/533/1125
f 1400/516/1092 1444/533/1125 1401/517/1093
f 1445/510/1109 1446/509/1126 1447/508/1127
f 1447/508/1127 1446/509/1126 1448/520/1128
f 1447/508/1127 1448/520/1128 1449/534/1129
f 1449/534/1129 1448/520/1128 1450/535/1103
f 1449/534/1129 1450/535/1103 1451/536/1130
f 1451/536/1130 1450/535/1103 1452/537/1131
f 1451/536/1130 1452/537/1131 1453/538/1132
f 1453/538/1132 1452/537/1131 1454/535/1133
f 1453/538/1132 1454/535/1133 1455/536/1134
f 1455/536/1134 1454/535/1133 1406/520/1089
f 1455/536/1134 1406/520/1089 1456/534/1135
f 1456/534/1135 1406/520/1089 1405/508/1097
f 1457/330/1136 1458/344/807 1459/342/806
f 1460/339/908 1461/426/1137 1462/340/1138
f 1463/283/569 1464/539/569 1465/282/568
f 1458/344/807 1457/330/1136 1466/328/999
f 1467/407/869 1468/540/577 1469/406/1139
f 1470/541/569 1471/542/1140 1472/307/1141
f 1472/307/1141 1471/542/1140 1473/543/1142
f 1472/307/1141 1473/543/1142 1474/306/910
f 1461/426/1137 1460/339/908 1475/343/815
f 1476/328/663 1477/330/1143 1478/344/686
f 1478/344/686 1477/330/1143 1479/342/682
f 1467/407/869 1480/544/1144 1468/540/577
f 1468/540/577 1480/544/1144 1481/407/1145
f 1468/540/577 1481/407/1145 1482/406/1146
f 1483/343/921 1484/339/685 1485/426/1147
f 1485/426/1147 1484/339/685 1462/340/1138
f 1485/426/1147 1462/340/1138 1486/458/1138
f 1486/458/1138 1462/340/1138 1461/426/1137
f 1464/539/569 1463/283/569 1487/282/1148
f 1488/313/646 1489/323/657 1490/361/713
f 1490/361/713 1489/323/657 1491/319/1149
f 1490/361/713 1491/319/1149 1492/545/1150
f 1492/545/1150 1491/319/1149 1493/320/1151
f 1492/545/1150 1493/320/1151 1494/546/1152
f 1494/546/1152 1493/320/1151 1495/319/901
f 1494/546/1152 1495/319/901 1496/545/1153
f 1496/545/1153 1495/319/901 1497/323/1154
f 1496/545/1153 1497/323/1154 1498/361/887
f 1499/306/636 1500/543/1155 1501/307/588
f 1501/307/588 1500/543/1155 1502/542/1156
f 1501/307/588 1502/542/1156 1470/541/569
f 1470/541/569 1502/542/1156 1503/547/1157
f 1470/541/569 1503/547/1157 1471/542/1140
f 1504/427/1158 1505/412/1159 1506/411/773
f 1507/301/630 1508/408/1160 1509/302/1161
f 1509/302/1161 1508/408/1160 1510/303/1162
f 1511/386/774 1512/413/1163 1513/388/1164
f 1513/388/1164 1512/413/1163 1514/548/1165
f 1515/410/772 1516/429/1166 1506/411/1167
f 1506/411/1167 1516/429/1166 1517/428/1168
f 1506/411/1167 1517/428/1168 1518/427/1169
f 1519/549/1170 1520/428/1168 1521/429/1171
f 1522/550/1172 1519/549/1170 1523/551/1173
f 1523/551/1173 1519/549/1170 1521/429/1171
f 1523/551/1173 1521/429/1171 1524/410/1174
f 1525/409/771 1526/395/770 1527/552/1175
f 1527/552/1175 1526/395/770 1528/394/755
f 1527/552/1175 1528/394/755 1529/553/1176
f 1529/553/1176 1528/394/755 1530/393/754
f 1529/553/1176 1530/393/754 1531/554/1177
f 1531/554/1177 1530/393/754 1532/392/753
f 1531/554/1177 1532/392/753 1533/367/1178
f 1524/410/1174 1525/409/771 1523/551/1173
f 1523/551/1173 1525/409/771 1527/552/1175
f 1523/551/1173 1527/552/1175 1522/550/1172
f 1522/550/1172 1527/552/1175 1529/553/1176
f 1522/550/1172 1529/553/1176 1534/555/1179
f 1534/555/1179 1529/553/1176 1531/554/1177
f 1534/555/1179 1531/554/1177 1535/556/1180
f 1535/556/1180 1531/554/1177 1533/367/1178
f 1535/556/1180 1533/367/1178 1536/365/718
f 1537/557/1181 1538/558/1120 1539/559/1182
f 1538/558/1120 1540/560/1183 1541/559/1182
f 1541/559/1182 1540/560/1183 1542/561/1184
f 1541/559/1182 1542/561/1184 1543/562/1185
f 1544/563/1183 1545/564/1186 1546/565/1187
f 1547/566/1188 1548/567/1189 1549/568/1106
f 1549/568/1106 1548/567/1189 1550/566/1190
f 1551/558/1191 1537/557/1181 1552/560/1192
f 1552/560/1192 1537/557/1181 1539/559/1182
f 1552/560/1192 1539/559/1182 1553/561/1193
f 1553/561/1193 1539/559/1182 1543/562/1185
f 1554/565/1098 1555/564/1194 1556/563/1192
f 1557/569/1195 1558/563/1196 1559/570/1197
f 1559/570/1197 1558/563/1196 1560/565/1090
f 1559/570/1197 1560/565/1090 1561/566/1190
f 1561/566/1190 1560/565/1090 1562/571/1107
f 1561/566/1190 1562/571/1107 1563/568/1106
f 1564/568/1106 1565/571/1117 1566/566/1188
f 1566/566/1188 1565/571/1117 1554/565/1098
f 1566/566/1188 1554/565/1098 1567/570/1198
f 1567/570/1198 1554/565/1098 1556/563/1192
f 1567/570/1198 1556/563/1192 1568/569/1199
f 1569/562/1185 1570/561/1200 1571/572/1201
f 1571/572/1201 1572/573/1202 1569/562/1185
f 1569/562/1185 1572/573/1202 1573/572/1203
f 1569/562/1185 1573/572/1203 1574/561/1204
f 1575/574/1205 1576/569/1206 1577/575/1207
f 1577/575/1207 1576/569/1206 1578/570/1208
f 1577/575/1207 1578/570/1208 1579/576/1209
f 1579/576/1209 1578/570/1208 1580/566/1210
f 1579/576/1209 1580/566/1210 1581/577/1211
f 1580/566/1210 1582/567/1212 1581/577/1211
f 1581/577/1211 1582/567/1212 1583/566/1188
f 1581/577/1211 1583/566/1188 1584/576/1213
f 1584/576/1213 1583/566/1188 1585/570/1214
f 1584/576/1213 1585/570/1214 1586/575/1215
f 1586/575/1215 1585/570/1214 1587/569/1216
f 1586/575/1215 1587/569/1216 1588/574/1217
f 1589/413/856 1590/388/1218 1591/548/1219
f 1592/369/855 1593/364/836 1594/370/1220
f 1595/395/851 1596/394/1221 1597/376/795
f 1597/376/795 1596/394/1221 1598/393/1222
f 1597/376/795 1598/393/1222 1599/375/793
f 1599/375/793 1598/393/1222 1600/392/791
f 1601/429/1223 1602/428/1224 1603/549/1225
f 1604/410/1226 1601/429/1223 1605/551/1227
f 1605/551/1227 1601/429/1223 1603/549/1225
f 1605/551/1227 1603/549/1225 1606/550/1228
f 1607/367/1229 1608/392/826 1609/554/1230
f 1609/554/1230 1608/392/826 1610/393/1222
f 1609/554/1230 1610/393/1222 1611/553/1231
f 1611/553/1231 1610/393/1222 1612/394/1221
f 1611/553/1231 1612/394/1221 1613/552/1232
f 1613/552/1232 1612/394/1221 1614/395/851
f 1613/552/1232 1614/395/851 1615/409/852
f 1616/365/838 1607/367/1229 1617/556/1233
f 1617/556/1233 1607/367/1229 1609/554/1230
f 1617/556/1233 1609/554/1230 1618/555/1234
f 1618/555/1234 1609/554/1230 1611/553/1231
f 1618/555/1234 1611/553/1231 1606/550/1228
f 1606/550/1228 1611/553/1231 1613/552/1232
f 1606/550/1228 1613/552/1232 1605/551/1227
f 1605/551/1227 1613/552/1232 1615/409/852
f 1605/551/1227 1615/409/852 1604/410/1226
f 1619/578/1235 1620/493/1236 1621/448/1237
f 1622/466/1238 1623/464/956 1624/579/1239
f 1624/579/1239 1623/464/956 1625/462/954
f 1624/579/1239 1625/462/954 1626/580/1240
f 1626/580/1240 1625/462/954 1627/460/952
f 1626/580/1240 1627/460/952 1628/581/1241
f 1628/581/1241 1627/460/952 1629/478/977
f 1628/581/1241 1629/478/977 1630/582/1242
f 1630/582/1242 1629/478/977 1631/477/975
f 1630/582/1242 1631/477/975 1632/475/1243
f 1633/475/1244 1634/477/994 1635/582/1245
f 1635/582/1245 1634/477/994 1636/478/1032
f 1635/582/1245 1636/478/1032 1637/581/1246
f 1637/581/1246 1636/478/1032 1638/460/1031
f 1637/581/1246 1638/460/1031 1639/580/1247
f 1639/580/1247 1638/460/1031 1640/462/1029
f 1639/580/1247 1640/462/1029 1624/579/1239
f 1624/579/1239 1640/462/1029 1641/464/1027
f 1624/579/1239 1641/464/1027 1622/466/1238
f 1620/493/1236 1619/578/1235 1642/471/1013
f 1642/471/1013 1619/578/1235 1643/583/1248
f 1642/471/1013 1643/583/1248 1644/472/1249
f 1644/472/1249 1643/583/1248 1645/584/1250
f 1644/472/1249 1645/584/1250 1646/473/971
f 1646/473/971 1645/584/1250 1647/585/1251
f 1646/473/971 1647/585/1251 1632/475/1243
f 1632/475/1243 1647/585/1251 1648/586/1252
f 1632/475/1243 1648/586/1252 1630/582/1242
f 1635/582/1245 1649/586/1253 1633/475/1244
f 1633/475/1244 1649/586/1253 1650/585/1254
f 1633/475/1244 1650/585/1254 1651/473/1255
f 1651/473/1255 1650/585/1254 1652/584/1256
f 1651/473/1255 1652/584/1256 1653/472/1057
f 1653/472/1057 1652/584/1256 1654/583/1257
f 1653/472/1057 1654/583/1257 1655/471/1058
f 1655/471/1058 1654/583/1257 1656/578/1258
f 1655/471/1058 1656/578/1258 1657/493/1259
f 1657/493/1259 1656/578/1258 1658/448/1260
o editpl_f-0000-74
v 0.000000 -5.297013 11.641419
v 0.767169 0.150794 10.508950
v 0.000000 0.025668 10.092193
v 11.261510 -0.455589 -7.101543
v 10.843535 1.238430 -6.141335
v 14.062999 1.530391 -1.439202
v -11.261510 -0.455589 -7.101543
v -10.843535 1.238430 -6.141335
v -6.695532 -0.118711 -8.184001
v -6.565907 1.081219 -7.161556
v -4.065995 0.279127 -9.040854
v -14.062999 1.530391 -1.439202
v -10.843535 1.238430 -6.141335
v -11.261510 -0.455589 -7.101543
v -0.767169 0.150794 10.508950
v 0.000000 -5.297013 11.641419
v -3.976051 0.041710 10.163320
v -4.613595 -4.825383 11.270227
v -7.219323 0.038501 8.675219
v -7.790732 -4.260712 9.467613
v -9.830343 0.176461 7.748350
v -10.740364 -3.596579 8.654103
v -11.917571 0.580715 6.888164
v -13.364611 -3.160242 7.746129
v -14.634407 0.564673 4.214249
v -16.226944 -2.419109 4.110893
v -14.062999 1.530391 -1.439202
v -15.629081 -1.376390 -2.517214
v 0.767169 0.150794 10.508950
v 0.000000 -5.297013 11.641419
v 3.976051 0.041710 10.163320
v 4.613595 -4.825383 11.270227
v 7.219323 0.038501 8.675219
v 7.790732 -4.260712 9.467613
v 9.830343 0.176461 7.748350
v 10.740364 -3.596579 8.654103
v 11.917571 0.580715 6.888164
v 13.364611 -3.160242 7.746129
v 14.634407 0.564673 4.214249
v 16.226944 -2.419109 4.110893
v 15.629081 -1.376390 -2.517214
v 11.261510 -0.455589 -7.101543
v -18.750666 -11.941543 4.414294
v -18.060213 -8.762051 4.894397
v -17.880325 -9.021929 -2.612789
v 0.000000 -19.689751 -8.008405
v 0.335967 -22.487446 -6.173562
v 0.000000 -22.282110 -0.799061
v -17.880325 -9.021929 -2.612789
v -18.724211 -13.122222 -2.239375
v -18.750666 -11.941543 4.414294
v -13.708514 -9.265766 -11.147977
v -12.713840 -4.944095 -8.955279
v -8.957358 -9.374850 -13.539608
v -2.338542 -4.292796 -11.807010
v -4.065995 0.279127 -9.040854
v -2.044902 0.279127 -9.624314
v -4.349054 -14.155315 9.188663
v 0.000000 -20.588093 7.473847
v 0.000000 -14.665446 9.580972
v -9.645164 -9.307472 9.018628
v -4.349054 -14.155315 9.188663
v -4.478679 -10.465693 10.139982
v 0.000000 -10.677445 10.614530
v 1.193080 -15.923128 -14.693192
v 1.711580 -8.960971 -14.008599
v 8.288069 -15.493207 -15.267761
v 8.957358 -9.374850 -13.539608
v 13.708514 -9.265766 -11.147977
v 0.335967 -22.487446 -6.173562
v 0.656062 -22.333445 -9.959940
v 5.177067 -24.604969 -12.279333
v 6.790767 -20.754930 -14.720975
v 13.573598 -20.908932 -12.852791
v 14.205851 -15.268620 -12.820563
v -18.060213 -8.762051 4.894397
v -18.750666 -11.941543 4.414294
v -14.478328 -10.071064 8.415163
v -1.711580 -8.960971 -14.008599
v -1.193080 -15.923128 -14.693192
v -8.288069 -15.493207 -15.267761
v -6.790767 -20.754930 -14.720975
v -14.205851 -15.268620 -12.820563
v -0.335967 -22.487446 -6.173562
v 0.000000 -22.282110 -0.799061
v -1.722162 -21.983732 4.873282
v 0.000000 -22.471403 4.212028
v -4.571268 -19.638416 7.418281
v 4.478679 -10.465693 10.139982
v 4.349054 -14.155315 9.188663
v 9.645164 -9.307472 9.018628
v 0.656062 -22.333445 -9.959940
v 1.193080 -15.923128 -14.693192
v 6.790767 -20.754930 -14.720975
v 14.205851 -15.268620 -12.820563
v 17.880325 -9.021929 -2.612789
v 0.335967 -22.487446 -6.173562
v 0.000000 -19.689751 -8.008405
v 0.656062 -22.333445 -9.959940
v 0.000000 -16.789389 -12.822786
v 0.000000 -9.073264 -13.108403
v 2.338542 -4.292796 -11.807010
v -18.724211 -13.122222 -2.239375
v -17.880325 -9.021929 -2.612789
v -14.205851 -15.268620 -12.820563
v -13.708514 -9.265766 -11.147977
v -8.288069 -15.493207 -15.267761
v -8.957358 -9.374850 -13.539608
v -1.711580 -8.960971 -14.008599
v -12.713840 -4.944095 -8.955279
v -13.708514 -9.265766 -11.147977
v -16.827452 -5.784686 -2.680583
v -17.613138 -6.769655 4.703245
v -18.060213 -8.762051 4.894397
v -14.478328 -10.071064 8.415163
v 0.000000 -22.471403 4.212028
v 0.000000 -20.588093 7.473847
v -8.949421 -13.783145 8.921940
v -9.645164 -9.307472 9.018628
v -14.102680 -7.959959 8.222898
v -17.613138 -6.769655 4.703245
v 4.613595 -4.825383 11.270227
v 4.478679 -10.465693 10.139982
v 7.790732 -4.260712 9.467613
v 9.645164 -9.307472 9.018628
v 10.740364 -3.596579 8.654103
v 14.102680 -7.959959 8.222898
v 13.364611 -3.160242 7.746129
v 17.613138 -6.769655 4.703245
v 16.226944 -2.419109 4.110893
v 16.827452 -5.784686 -2.680583
v 15.629081 -1.376390 -2.517214
v 12.713840 -4.944095 -8.955279
v 11.261510 -0.455589 -7.101543
v 7.703433 -4.523799 -10.568963
v 6.695532 -0.118711 -8.184001
v -4.065995 0.279127 -9.040854
v -2.338542 -4.292796 -11.807010
v -6.695532 -0.118711 -8.184001
v -7.703433 -4.523799 -10.568963
v -11.261510 -0.455589 -7.101543
v -12.713840 -4.944095 -8.955279
v -15.629081 -1.376390 -2.517214
v -16.827452 -5.784686 -2.680583
v -16.226944 -2.419109 4.110893
v -17.613138 -6.769655 4.703245
v -13.364611 -3.160242 7.746129
v -14.102680 -7.959959 8.222898
v -10.740364 -3.596579 8.654103
v -9.645164 -9.307472 9.018628
v -7.790732 -4.260712 9.467613
v -4.613595 -4.825383 11.270227
v 0.000000 -5.297013 11.641419
v 0.000000 -8.312879 11.161315
v 4.613595 -4.825383 11.270227
v 4.478679 -10.465693 10.139982
v 4.349054 -14.155315 9.188663
v 4.571268 -19.638416 7.418281
v 1.722162 -21.983732 4.873282
v 0.000000 -22.282110 -0.799061
v 0.335967 -22.487446 -6.173562
v -1.193080 -15.923128 -14.693192
v -0.656062 -22.333445 -9.959940
v -6.790767 -20.754930 -14.720975
v 0.000000 -22.282110 -0.799061
v -0.335967 -22.487446 -6.173562
v 0.000000 -19.689751 -8.008405
v -0.656062 -22.333445 -9.959940
v 0.000000 -16.789389 -12.822786
v -1.193080 -15.923128 -14.693192
v 0.000000 -9.073264 -13.108403
v -1.711580 -8.960971 -14.008599
v -2.338542 -4.292796 -11.807010
v -8.957358 -9.374850 -13.539608
v -7.703433 -4.523799 -10.568963
v -12.713840 -4.944095 -8.955279
v -2.044902 0.279127 -9.624314
v -1.095200 6.121564 -7.130438
v 0.000000 0.279127 -8.989731
v 11.290609 3.282161 6.241355
v 11.052522 5.325891 6.092434
v 9.412368 4.754800 7.531637
v 0.000000 0.025668 10.092193
v 0.000000 3.336703 9.517624
v -1.158690 3.400870 9.746562
v -1.095200 6.121564 -7.130438
v -3.944306 6.121564 -6.822595
v -4.065995 0.279127 -9.040854
v -6.293430 6.018897 -5.850161
v -6.565907 1.081219 -7.161556
v -9.967904 5.781477 -4.322051
v -9.412368 4.754800 7.531637
v -11.052522 5.325891 6.092434
v -11.290609 3.282161 6.241355
v -12.279992 5.621059 2.926191
v -13.224404 3.317452 4.093112
v -12.764102 5.858479 -0.857964
v -13.237631 3.971959 -1.195815
v -10.843535 1.238430 -6.141335
v 12.279992 5.621059 2.926191
v 13.224404 3.317452 4.093112
v 12.764102 5.858479 -0.857964
v 13.237631 3.971959 -1.195815
v 9.967904 5.781477 -4.322051
v 0.000000 0.025668 10.092193
v -0.767169 0.150794 10.508950
v -3.251209 3.551664 9.477615
v -3.976051 0.041710 10.163320
v -6.587070 4.158044 8.721895
v -7.219323 0.038501 8.675219
v -9.412368 4.754800 7.531637
v -9.830343 0.176461 7.748350
v -11.290609 3.282161 6.241355
v -11.917571 0.580715 6.888164
v -13.224404 3.317452 4.093112
v -14.634407 0.564673 4.214249
v -13.237631 3.971959 -1.195815
v -14.062999 1.530391 -1.439202
v -10.843535 1.238430 -6.141335
v 0.000000 6.121564 -6.828152
v 1.095200 6.121564 -7.130438
v 2.044902 0.279127 -9.624314
v 3.944306 6.121564 -6.822595
v 4.065995 0.279127 -9.040854
v 6.293430 6.018897 -5.850161
v 6.565907 1.081219 -7.161556
v 10.843535 1.238430 -6.141335
v 1.158690 3.400870 9.746562
v 0.767169 0.150794 10.508950
v 3.251209 3.551664 9.477615
v 3.976051 0.041710 10.163320
v 6.587070 4.158044 8.721895
v 7.219323 0.038501 8.675219
v 9.830343 0.176461 7.748350
v 11.917571 0.580715 6.888164
v 14.634407 0.564673 4.214249
v 14.062999 1.530391 -1.439202
v 2.338542 -4.292796 -11.807010
v 2.044902 0.279127 -9.624314
v 4.065995 0.279127 -9.040854
v 4.065995 0.279127 -9.040854
v 6.565907 1.081219 -7.161556
v 6.695532 -0.118711 -8.184001
v 10.843535 1.238430 -6.141335
v 11.261510 -0.455589 -7.101543
v 4.065995 0.279127 -9.040854
v 6.695532 -0.118711 -8.184001
v 2.338542 -4.292796 -11.807010
v 7.703433 -4.523799 -10.568963
v 8.957358 -9.374850 -13.539608
v 12.713840 -4.944095 -8.955279
v 13.708514 -9.265766 -11.147977
v 16.827452 -5.784686 -2.680583
v 17.880325 -9.021929 -2.612789
v 17.613138 -6.769655 4.703245
v 18.060213 -8.762051 4.894397
v 14.102680 -7.959959 8.222898
v 14.478328 -10.071064 8.415163
v 9.645164 -9.307472 9.018628
v 8.949421 -13.783145 8.921940
v 4.349054 -14.155315 9.188663
v 4.571268 -19.638416 7.418281
v 2.044902 0.279127 -9.624314
v 2.338542 -4.292796 -11.807010
v 0.000000 -4.507757 -10.971273
v -2.338542 -4.292796 -11.807010
v -2.044902 0.279127 -9.624314
v 0.000000 -4.507757 -10.971273
v 0.000000 0.279127 -8.989731
v 2.044902 0.279127 -9.624314
v 18.750666 -11.941543 4.414294
v 18.060213 -8.762051 4.894397
v 14.478328 -10.071064 8.415163
v 14.459810 -19.269453 9.667658
v 8.949421 -13.783145 8.921940
v 19.097214 -30.768242 -0.346740
v 18.041695 -23.677752 -5.850158
v 19.922581 -21.868231 -1.683697
v 8.592291 -19.651251 9.267571
v 4.571268 -19.638416 7.418281
v 4.396671 -21.159182 7.333817
v 1.722162 -21.983732 4.873282
v 4.396671 -21.159182 7.333817
v 1.722162 -21.983732 4.873282
v 1.489366 -22.904533 4.570995
v 0.335967 -22.487446 -6.173562
v 1.103136 -23.446749 -5.857938
v 1.166626 -29.010057 -5.088881
v 1.103136 -23.446749 -5.857938
v 4.997179 -30.136194 -11.155756
v 1.166626 -29.010057 -5.088881
v 1.166626 -29.472061 4.612115
v 3.759127 -30.832411 8.700782
v 8.592291 -19.651251 9.267571
v 8.491766 -31.952129 10.391150
v 14.459810 -19.269453 9.667658
v 14.221723 -31.737169 9.685441
v 19.189802 -19.952835 4.474308
v 19.097214 -30.768242 -0.346740
v 17.174002 -30.777866 -5.639000
v 18.041695 -23.677752 -5.850158
v 12.428135 -30.627073 -9.253120
v 13.443973 -25.092640 -10.394479
v 4.997179 -30.136194 -11.155756
v 5.177067 -24.604969 -12.279333
v 1.103136 -23.446749 -5.857938
v 0.335967 -22.487446 -6.173562
v 17.880325 -9.021929 -2.612789
v 18.724211 -13.122222 -2.239375
v 14.205851 -15.268620 -12.820563
v 17.774509 -18.961451 -6.542531
v 13.573598 -20.908932 -12.852791
v 19.189802 -19.952835 4.474308
v 19.922581 -21.868231 -1.683697
v 18.041695 -23.677752 -5.850158
v 13.443973 -25.092640 -10.394479
v 5.177067 -24.604969 -12.279333
v -8.592291 -19.651251 9.267571
v -8.949421 -13.783145 8.921940
v -14.459810 -19.269453 9.667658
v -14.205851 -15.268620 -12.820563
v -17.774509 -18.961451 -6.542531
v -18.724211 -13.122222 -2.239375
v -1.103136 -23.446749 -5.857938
v -0.335967 -22.487446 -6.173562
v -1.489366 -22.904533 4.570995
v -1.722162 -21.983732 4.873282
v -4.396671 -21.159182 7.333817
v -4.571268 -19.638416 7.418281
v -4.396671 -21.159182 7.333817
v -1.722162 -21.983732 4.873282
v -19.922581 -21.868231 -1.683697
v -18.041695 -23.677752 -5.850158
v -19.097214 -30.768242 -0.346740
v -1.166626 -29.010057 -5.088881
v -4.997179 -30.136194 -11.155756
v -1.103136 -23.446749 -5.857938
v -13.573598 -20.908932 -12.852791
v -6.790767 -20.754930 -14.720975
v -5.177067 -24.604969 -12.279333
v -0.656062 -22.333445 -9.959940
v -0.335967 -22.487446 -6.173562
v -19.189802 -19.952835 4.474308
v -14.221723 -31.737169 9.685441
v -14.459810 -19.269453 9.667658
v -8.491766 -31.952129 10.391150
v -8.592291 -19.651251 9.267571
v -3.759127 -30.832411 8.700782
v -4.396671 -21.159182 7.333817
v -1.166626 -29.472061 4.612115
v -1.489366 -22.904533 4.570995
v -1.166626 -29.010057 -5.088881
v -1.103136 -23.446749 -5.857938
v -0.335967 -22.487446 -6.173562
v -1.103136 -23.446749 -5.857938
v -5.177067 -24.604969 -12.279333
v -4.997179 -30.136194 -11.155756
v -13.443973 -25.092640 -10.394479
v -12.428135 -30.627073 -9.253120
v -18.041695 -23.677752 -5.850158
v -17.174002 -30.777866 -5.639000
v -19.097214 -30.768242 -0.346740
v -13.443973 -25.092640 -10.394479
v -18.041695 -23.677752 -5.850158
v -19.922581 -21.868231 -1.683697
v -19.189802 -19.952835 4.474308
v -18.750666 -11.941543 4.414294
v -14.478328 -10.071064 8.415163
v 0.000000 -4.507757 -10.971273
v 0.000000 -9.073264 -13.108403
v -2.338542 -4.292796 -11.807010
v 2.338542 -4.292796 -11.807010
v 6.039471 -99.077591 -2.780596
v 7.237841 -96.838150 -6.094651
v 6.952137 -99.722473 -6.862595
v 11.346163 -96.822105 -6.539192
v 10.266836 -94.942001 4.086451
v 12.213857 -97.874451 8.252913
v 12.126559 -94.951630 3.047336
v 14.909530 -101.278526 3.564116
v 13.684705 -99.510719 -3.150677
v 7.891258 -93.219109 -4.620997
v 11.346163 -96.822105 -6.539192
v 7.237841 -96.838150 -6.094651
v 7.891258 -93.219109 -4.620997
v 10.507568 -93.013779 -4.987744
v 11.346163 -96.822105 -6.539192
v 12.026033 -95.333427 -3.787483
v 13.684705 -99.510719 -3.150677
v 12.811720 -95.063919 -1.206922
v 12.126559 -94.951630 3.047336
v 11.044586 -93.013779 2.580568
v 10.266836 -94.942001 4.086451
v 8.700753 -93.013779 2.827288
v 8.285424 -95.128090 2.971764
v 6.698178 -94.040451 -0.819060
v 6.039471 -99.077591 -2.780596
v 7.891258 -93.219109 -4.620997
v 7.237841 -96.838150 -6.094651
v 6.975946 -50.859039 7.538309
v 6.727277 -55.193542 8.000632
v 11.869954 -54.875916 7.597211
v 12.975735 -57.843655 3.210702
v 11.256219 -62.733204 4.987756
v 14.002154 -59.332336 1.353631
v 11.869954 -54.875916 7.597211
v 11.547214 -50.859039 7.143779
v 6.975946 -50.859039 7.538309
v 6.727277 -55.193542 8.000632
v 6.975946 -50.859039 7.538309
v 2.097810 -50.602367 2.673918
v 2.439068 -57.352772 -1.693697
v 2.097810 -50.602367 -2.778378
v 6.634688 -50.859039 -5.795700
v 5.714085 -38.304695 -9.480947
v 11.798528 -38.304695 -8.377373
v 6.759022 -63.291462 5.391177
v 11.256219 -62.733204 4.987756
v 7.171706 -61.478733 6.508086
v 11.282673 -60.917271 6.104665
v 14.002154 -59.332336 1.353631
v 14.573563 -65.575821 1.778169
v 14.316958 -59.572964 -2.953970
v 15.131744 -64.834686 -3.420738
v 11.719166 -59.492756 -5.567873
v 12.314383 -64.099968 -6.450286
v 6.520935 -64.520264 -6.920388
v 7.171706 -61.478733 6.508086
v 4.809355 -56.813766 3.997539
v 6.759022 -63.291462 5.391177
v 2.439068 -57.352772 1.553675
v 4.552750 -63.766300 1.883748
v 2.439068 -57.352772 -1.693697
v 4.552750 -62.126823 -2.238259
v 4.552750 -62.126823 -2.238259
v 2.439068 -57.352772 -1.693697
v 6.359565 -59.492756 -6.130217
v 6.634688 -50.859039 -5.795700
v 11.174211 -50.859039 -5.232244
v 11.798528 -38.304695 -8.377373
v 13.279957 -50.339283 -3.028432
v 11.256219 -62.733204 4.987756
v 12.975735 -57.843655 3.210702
v 11.869954 -54.875916 7.597211
v 7.171706 -61.478733 6.508086
v 6.727277 -55.193542 8.000632
v 4.809355 -56.813766 3.997539
v 2.097810 -50.602367 2.673918
v 2.439068 -57.352772 1.553675
v 2.097810 -50.602367 -2.778378
v 2.439068 -57.352772 -1.693697
v 11.547214 -50.859039 7.143779
v 14.028608 -50.339283 3.314058
v 12.975735 -57.843655 3.210702
v 14.028608 -50.339283 0.342301
v 13.279957 -50.339283 -3.028432
v 14.316958 -59.572964 -2.953970
v 11.174211 -50.859039 -5.232244
v 11.719166 -59.492756 -5.567873
v 6.359565 -59.492756 -6.130217
v 6.520935 -64.520264 -6.920388
v 4.552750 -62.126823 -2.238259
v 7.930939 -72.371140 5.191133
v 8.290714 -77.985786 4.543216
v 11.806464 -77.985786 4.529879
v 11.121303 -84.303062 3.237376
v 13.520690 -83.863510 0.273399
v 2.915242 -74.106865 0.834632
v 3.973406 -67.038834 -3.701911
v 2.827943 -72.871643 -5.357825
v 6.520935 -64.520264 -6.920388
v 4.298791 -66.657036 -1.106902
v 4.552750 -62.126823 -2.238259
v 11.613349 -67.378922 5.032210
v 14.573563 -65.575821 1.778169
v 14.002154 -59.332336 1.353631
v 3.523686 -63.551338 -3.291821
v 3.973406 -67.038834 -3.701911
v 3.714155 -64.372681 1.783726
v 5.203521 -71.732674 -3.823047
v 5.026279 -77.283150 -3.765257
v 5.026279 -77.141983 1.365858
v 6.528871 -85.666618 0.343414
v 8.391240 -84.903023 3.099568
v 6.528871 -85.666618 -2.868395
v 7.891258 -93.219109 -4.620997
v 6.698178 -94.040451 -0.819060
v 5.203521 -71.954056 0.913537
v 4.552750 -62.126823 -2.238259
v 4.298791 -66.657036 -1.106902
v 4.552750 -63.766300 1.883748
v 7.221969 -68.087967 5.095557
v 6.759022 -63.291462 5.391177
v 11.256219 -62.733204 4.987756
v 6.528871 -85.666618 -2.868395
v 5.026279 -77.283150 -3.765257
v 8.251033 -85.124397 -5.679006
v 7.311913 -76.981567 -7.548301
v 11.245637 -84.524437 -5.152225
v 12.052487 -75.711052 -7.486065
v 13.520690 -83.863510 -3.408512
v 15.846005 -75.030876 -3.825270
v 15.017992 -76.670357 1.340297
v 15.965048 -62.428410 -2.907293
v 15.840714 -63.243336 2.431645
v 16.002085 -67.202461 1.486995
v 12.092168 -64.270012 6.685902
v 12.449299 -68.068718 5.640120
v 7.171706 -64.757683 6.652562
v 7.351594 -68.412018 5.726805
v 3.804099 -67.914719 1.429204
v 16.163454 -66.230324 -3.539653
v 13.168850 -65.694527 -7.837254
v 12.753521 -62.069073 -7.788354
v 6.714050 -66.047447 -7.831697
v 6.359565 -62.665829 -7.624985
v 3.973406 -67.038834 -3.701911
v 3.523686 -63.551338 -3.291821
v 3.804099 -67.914719 1.429204
v 7.399211 -75.300377 6.198020
v 7.351594 -68.412018 5.726805
v 13.682060 -74.806290 6.198020
v 12.449299 -68.068718 5.640120
v 18.134283 -73.612778 0.834632
v 16.002085 -67.202461 1.486995
v 18.393536 -72.377556 -5.421173
v 16.163454 -66.230324 -3.539653
v 14.705833 -71.947639 -10.370026
v 13.168850 -65.694527 -7.837254
v 6.581780 -71.947639 -10.370026
v 6.714050 -66.047447 -7.831697
v 2.827943 -72.871643 -5.357825
v 3.973406 -67.038834 -3.701911
v 8.700753 -93.013779 2.827288
v 11.044586 -93.013779 2.580568
v 12.811720 -95.063919 -1.206922
v 12.026033 -95.333427 -3.787483
v 10.507568 -93.013779 -4.987744
v 7.891258 -93.219109 -4.620997
v 5.203521 -71.732674 -3.823047
v 7.126734 -70.754128 -8.756341
v 12.809074 -69.072937 -7.815027
v 15.486229 -68.851562 -3.783039
v 15.065609 -70.112450 1.613689
v 12.089523 -71.411842 5.127786
v -11.798528 -38.304695 -8.377373
v -11.174211 -50.859039 -5.232244
v -13.279957 -50.339283 -3.028432
v -6.727277 -55.193542 8.000632
v -4.809355 -56.813766 3.997539
v -2.097810 -50.602367 2.673918
v -11.174211 -50.859039 -5.232244
v -11.798528 -38.304695 -8.377373
v -6.634688 -50.859039 -5.795700
v -5.714085 -38.304695 -9.480947
v -2.097810 -50.602367 -2.778378
v -2.439068 -57.352772 1.553675
v -2.439068 -57.352772 -1.693697
v -2.097810 -50.602367 -2.778378
v -14.573563 -65.575821 1.778169
v -14.002154 -59.332336 1.353631
v -14.316958 -59.572964 -2.953970
v -14.002154 -59.332336 1.353631
v -11.256219 -62.733204 4.987756
v -12.975735 -57.843655 3.210702
v -4.809355 -56.813766 3.997539
v -6.727277 -55.193542 8.000632
v -7.171706 -61.478733 6.508086
v -6.975946 -50.859039 7.538309
v -11.547214 -50.859039 7.143779
v -11.869954 -54.875916 7.597211
v -4.552750 -62.126823 -2.238259
v -2.439068 -57.352772 -1.693697
v -4.552750 -63.766300 1.883748
v -2.439068 -57.352772 1.553675
v -6.759022 -63.291462 5.391177
v -11.282673 -60.917271 6.104665
v -7.171706 -61.478733 6.508086
v -11.869954 -54.875916 7.597211
v -6.975946 -50.859039 7.538309
v -2.097810 -50.602367 2.673918
v -11.174211 -50.859039 -5.232244
v -14.316958 -59.572964 -2.953970
v -13.279957 -50.339283 -3.028432
v -14.002154 -59.332336 1.353631
v -14.028608 -50.339283 0.342301
v -12.975735 -57.843655 3.210702
v -14.028608 -50.339283 3.314058
v -2.097810 -50.602367 -2.778378
v -2.439068 -57.352772 -1.693697
v -6.634688 -50.859039 -5.795700
v -6.359565 -59.492756 -6.130217
v -11.174211 -50.859039 -5.232244
v -11.719166 -59.492756 -5.567873
v -14.316958 -59.572964 -2.953970
v -15.131744 -64.834686 -3.420738
v -14.573563 -65.575821 1.778169
v -2.439068 -57.352772 -1.693697
v -4.552750 -62.126823 -2.238259
v -6.359565 -59.492756 -6.130217
v -6.520935 -64.520264 -6.920388
v -11.719166 -59.492756 -5.567873
v -12.314383 -64.099968 -6.450286
v -15.131744 -64.834686 -3.420738
v -11.547214 -50.859039 7.143779
v -14.028608 -50.339283 3.314058
v -11.869954 -54.875916 7.597211
v -12.975735 -57.843655 3.210702
v -11.282673 -60.917271 6.104665
v -11.256219 -62.733204 4.987756
v -6.759022 -63.291462 5.391177
v -2.439068 -57.352772 1.553675
v -2.097810 -50.602367 2.673918
v -2.097810 -50.602367 -2.778378
v -7.237841 -96.838150 -6.094651
v -11.346163 -96.822105 -6.539192
v -7.891258 -93.219109 -4.620997
v -6.039471 -99.077591 -2.780596
v -6.952137 -99.722473 -6.862595
v -7.237841 -96.838150 -6.094651
v -11.901699 -99.773804 -7.020407
v -11.346163 -96.822105 -6.539192
v -13.684705 -99.510719 -3.150677
v -14.909530 -101.278526 3.564116
v -12.126559 -94.951630 3.047336
v -12.213857 -97.874451 8.252913
v -10.266836 -94.942001 4.086451
v -7.237841 -96.838150 -6.094651
v -7.891258 -93.219109 -4.620997
v -6.039471 -99.077591 -2.780596
v -6.698178 -94.040451 -0.819060
v -8.285424 -95.128090 2.971764
v -8.700753 -93.013779 2.827288
v -10.266836 -94.942001 4.086451
v -11.044586 -93.013779 2.580568
v -12.126559 -94.951630 3.047336
v -12.811720 -95.063919 -1.206922
v -13.684705 -99.510719 -3.150677
v -12.026033 -95.333427 -3.787483
v -11.346163 -96.822105 -6.539192
v -10.507568 -93.013779 -4.987744
v -7.891258 -93.219109 -4.620997
v -11.613349 -67.378922 5.032210
v -11.256219 -62.733204 4.987756
v -14.002154 -59.332336 1.353631
v -3.804099 -67.914719 1.429204
v -2.827943 -72.871643 -5.357825
v -3.973406 -67.038834 -3.701911
v -6.698178 -94.040451 -0.819060
v -7.891258 -93.219109 -4.620997
v -6.528871 -85.666618 -2.868395
v -8.290714 -77.985786 4.543216
v -5.026279 -77.141983 1.365858
v -5.203521 -71.954056 0.913537
v -5.203521 -71.732674 -3.823047
v -3.804099 -67.914719 1.429204
v -3.973406 -67.038834 -3.701911
v -3.523686 -63.551338 -3.291821
v -11.121303 -84.303062 3.237376
v -8.391240 -84.903023 3.099568
v -6.528871 -85.666618 0.343414
v -14.573563 -65.575821 1.778169
v -4.552750 -62.126823 -2.238259
v -4.298791 -66.657036 -1.106902
v -6.520935 -64.520264 -6.920388
v -15.840714 -63.243336 2.431645
v -15.965048 -62.428410 -2.907293
v -16.163454 -66.230324 -3.539653
v -12.753521 -62.069073 -7.788354
v -13.168850 -65.694527 -7.837254
v -6.359565 -62.665829 -7.624985
v -6.714050 -66.047447 -7.831697
v -3.523686 -63.551338 -3.291821
v -3.973406 -67.038834 -3.701911
v -5.026279 -77.283150 -3.765257
v -6.528871 -85.666618 -2.868395
v -7.311913 -76.981567 -7.548301
v -8.251033 -85.124397 -5.679006
v -12.052487 -75.711052 -7.486065
v -11.245637 -84.524437 -5.152225
v -15.846005 -75.030876 -3.825270
v -13.520690 -83.863510 -3.408512
v -15.017992 -76.670357 1.340297
v -13.520690 -83.863510 0.273399
v -11.806464 -77.985786 4.529879
v -7.930939 -72.371140 5.191133
v -16.002085 -67.202461 1.486995
v -12.449299 -68.068718 5.640120
v -12.092168 -64.270012 6.685902
v -7.351594 -68.412018 5.726805
v -7.171706 -64.757683 6.652562
v -3.714155 -64.372681 1.783726
v -6.759022 -63.291462 5.391177
v -7.221969 -68.087967 5.095557
v -4.552750 -63.766300 1.883748
v -4.298791 -66.657036 -1.106902
v -4.552750 -62.126823 -2.238259
v -2.915242 -74.106865 0.834632
v -7.351594 -68.412018 5.726805
v -7.399211 -75.300377 6.198020
v -12.449299 -68.068718 5.640120
v -13.682060 -74.806290 6.198020
v -16.002085 -67.202461 1.486995
v -18.134283 -73.612778 0.834632
v -16.163454 -66.230324 -3.539653
v -18.393536 -72.377556 -5.421173
v -13.168850 -65.694527 -7.837254
v -14.705833 -71.947639 -10.370026
v -6.714050 -66.047447 -7.831697
v -6.581780 -71.947639 -10.370026
v -3.973406 -67.038834 -3.701911
v -2.827943 -72.871643 -5.357825
v -12.089523 -71.411842 5.127786
v -15.065609 -70.112450 1.613689
v -15.486229 -68.851562 -3.783039
v -12.809074 -69.072937 -7.815027
v -7.126734 -70.754128 -8.756341
v -5.203521 -71.732674 -3.823047
v -7.891258 -93.219109 -4.620997
v -10.507568 -93.013779 -4.987744
v -12.026033 -95.333427 -3.787483
v -12.811720 -95.063919 -1.206922
v -11.044586 -93.013779 2.580568
v -8.700753 -93.013779 2.827288
v -5.026279 -77.283150 -3.765257
v 12.978381 -104.602402 -1.192473
v 7.669043 -104.769234 -6.043528
v 11.391135 -104.929649 -6.150217
v 14.224369 -103.999222 3.148470
v 13.684705 -99.510719 -3.150677
v 14.909530 -101.278526 3.564116
v 5.862228 -101.907372 11.278013
v 5.661177 -104.624855 11.335805
v 8.256324 -103.655930 18.638502
v 14.224369 -103.999222 3.148470
v 7.507673 -104.820564 -1.192473
v 12.978381 -104.602402 -1.192473
v 9.917641 -99.950264 12.447157
v 8.422985 -101.984367 17.868334
v 11.414943 -101.971535 18.057264
v 7.507673 -104.820564 -1.192473
v 15.057673 -104.567108 10.801244
v 14.279922 -104.345726 15.503377
v 5.661177 -104.624855 11.335805
v 11.414943 -103.630264 18.796314
v 8.256324 -103.655930 18.638502
v 6.952137 -99.722473 -6.862595
v 11.346163 -96.822105 -6.539192
v 11.901699 -99.773804 -7.020407
v 13.684705 -99.510719 -3.150677
v 12.978381 -104.602402 -1.192473
v 8.843605 -97.880867 8.317370
v 6.809285 -101.791870 3.358516
v 12.978381 -104.602402 -1.192473
v 15.557655 -101.933037 7.111553
v 14.880430 -102.356544 11.343584
v 15.441257 -104.743568 6.340275
v 14.224369 -103.999222 3.148470
v 14.909530 -101.278526 3.564116
v 15.441257 -104.743568 6.340275
v 15.557655 -101.933037 7.111553
v 6.809285 -101.791870 3.358516
v 7.507673 -104.820564 -1.192473
v 7.848931 -104.188522 2.885079
v 5.946881 -104.852654 6.585884
v 7.848931 -104.188522 2.885079
v 14.089453 -102.699837 14.794333
v 12.213857 -97.874451 8.252913
v 14.909530 -101.278526 3.564116
v 7.848931 -104.188522 2.885079
v 15.441257 -104.743568 6.340275
v 5.946881 -104.852654 6.585884
v 15.057673 -104.567108 10.801244
v 5.661177 -104.624855 11.335805
v 11.391135 -104.929649 -6.150217
v 7.669043 -104.769234 -6.043528
v 7.507673 -104.820564 -1.192473
v 6.039471 -99.077591 -2.780596
v 12.213857 -97.874451 8.252913
v 10.266836 -94.942001 4.086451
v 8.843605 -97.880867 8.317370
v 8.285424 -95.128090 2.971764
v 6.039471 -99.077591 -2.780596
v 11.414943 -103.630264 18.796314
v 14.279922 -104.345726 15.503377
v 15.057673 -104.567108 10.801244
v -14.279922 -104.345726 15.503377
v -14.089453 -102.699837 14.794333
v -15.057673 -104.567108 10.801244
v -15.557655 -101.933037 7.111553
v -15.441257 -104.743568 6.340275
v -7.848931 -104.188522 2.885079
v -7.507673 -104.820564 -1.192473
v -6.809285 -101.791870 3.358516
v -15.441257 -104.743568 6.340275
v -15.557655 -101.933037 7.111553
v -14.224369 -103.999222 3.148470
v -14.909530 -101.278526 3.564116
v -13.684705 -99.510719 -3.150677
v -11.346163 -96.822105 -6.539192
v -11.901699 -99.773804 -7.020407
v -6.039471 -99.077591 -2.780596
v -7.507673 -104.820564 -1.192473
v -6.952137 -99.722473 -6.862595
v -11.391135 -104.929649 -6.150217
v -7.669043 -104.769234 -6.043528
v -12.978381 -104.602402 -1.192473
v -7.507673 -104.820564 -1.192473
v -14.880430 -102.356544 11.343584
v -9.917641 -99.950264 12.447157
v -14.909530 -101.278526 3.564116
v -13.684705 -99.510719 -3.150677
v -14.224369 -103.999222 3.148470
v -12.978381 -104.602402 -1.192473
v -8.256324 -103.655930 18.638502
v -11.414943 -103.630264 18.796314
v -5.661177 -104.624855 11.335805
v -14.279922 -104.345726 15.503377
v -15.057673 -104.567108 10.801244
v -11.414943 -101.971535 18.057264
v -11.414943 -103.630264 18.796314
v -8.256324 -103.655930 18.638502
v -5.862228 -101.907372 11.278013
v -8.422985 -101.984367 17.868334
v -6.039471 -99.077591 -2.780596
v -8.285424 -95.128090 2.971764
v -8.843605 -97.880867 8.317370
v -10.266836 -94.942001 4.086451
v -12.213857 -97.874451 8.252913
v -14.909530 -101.278526 3.564116
v -12.213857 -97.874451 8.252913
v -8.843605 -97.880867 8.317370
v -6.809285 -101.791870 3.358516
v -5.946881 -104.852654 6.585884
v -7.848931 -104.188522 2.885079
v -7.669043 -104.769234 -6.043528
v -11.391135 -104.929649 -6.150217
v -12.978381 -104.602402 -1.192473
v -5.661177 -104.624855 11.335805
v -15.057673 -104.567108 10.801244
v -5.946881 -104.852654 6.585884
v -15.441257 -104.743568 6.340275
v -7.848931 -104.188522 2.885079
v -14.224369 -103.999222 3.148470
v -7.507673 -104.820564 -1.192473
v -12.978381 -104.602402 -1.192473
v -5.661177 -104.624855 11.335805
v -2.505203 -40.463928 3.454087
v -2.505203 -39.145290 -4.323159
v -1.166626 -29.010057 -5.088881
v -4.997179 -30.136194 -11.155756
v -1.166626 -29.010057 -5.088881
v -2.505203 -39.145290 -4.323159
v -14.221723 -31.737169 9.685441
v -19.189802 -19.952835 4.474308
v -18.568132 -30.996037 5.043320
v -19.922581 -21.868231 -1.683697
v -19.097214 -30.768242 -0.346740
v -12.428135 -30.627073 -9.253120
v -5.714085 -38.304695 -9.480947
v -2.097810 -50.602367 -2.778378
v -2.097810 -50.602367 2.673918
v -2.097810 -50.602367 -2.778378
v -4.322600 -40.948391 7.172673
v -6.975946 -50.859039 7.538309
v -11.798528 -38.304695 -8.377373
v -13.279957 -50.339283 -3.028432
v -15.287823 -39.738838 -4.658787
v -14.028608 -50.339283 0.342301
v -16.830097 -41.522690 -0.274501
v -14.028608 -50.339283 3.314058
v -16.084091 -42.222115 4.393180
v -11.547214 -50.859039 7.143779
v -12.586860 -41.882027 8.705228
v -7.346303 -41.683109 9.210894
v -17.174002 -30.777866 -5.639000
v -8.491766 -31.952129 10.391150
v -3.759127 -30.832411 8.700782
v -1.166626 -29.472061 4.612115
v 15.287823 -39.738838 -4.658787
v 13.279957 -50.339283 -3.028432
v 11.798528 -38.304695 -8.377373
v 2.505203 -40.463928 3.454087
v 1.166626 -29.472061 4.612115
v 1.166626 -29.010057 -5.088881
v 2.505203 -39.145290 -4.323159
v 2.097810 -50.602367 -2.778378
v 2.097810 -50.602367 2.673918
v 6.975946 -50.859039 7.538309
v 4.322600 -40.948391 7.172673
v 19.097214 -30.768242 -0.346740
v 19.922581 -21.868231 -1.683697
v 18.568132 -30.996037 5.043320
v 19.189802 -19.952835 4.474308
v 14.221723 -31.737169 9.685441
v 5.714085 -38.304695 -9.480947
v 4.997179 -30.136194 -11.155756
v 12.428135 -30.627073 -9.253120
v 1.166626 -29.010057 -5.088881
v 2.505203 -39.145290 -4.323159
v 2.097810 -50.602367 -2.778378
v 14.028608 -50.339283 0.342301
v 16.830097 -41.522690 -0.274501
v 14.028608 -50.339283 3.314058
v 16.084091 -42.222115 4.393180
v 11.547214 -50.859039 7.143779
v 12.586860 -41.882027 8.705228
v 7.346303 -41.683109 9.210894
v 3.759127 -30.832411 8.700782
v 8.491766 -31.952129 10.391150
v 17.174002 -30.777866 -5.639000
vn -0.0000 0.1173 0.9931
vn -0.1333 0.2274 0.9646
vn -0.0000 0.2425 0.9701
vn 0.4876 0.5112 -0.7078
vn 0.4957 0.4799 -0.7238
vn 0.8483 0.4477 -0.2828
vn -0.4875 0.5112 -0.7078
vn -0.4957 0.4799 -0.7239
vn -0.2510 0.5333 -0.8078
vn -0.3225 0.4484 -0.8337
vn -0.3457 0.4007 -0.8485
vn -0.8483 0.4477 -0.2828
vn -0.4957 0.4800 -0.7238
vn -0.4876 0.5112 -0.7078
vn 0.1333 0.2274 0.9646
vn -0.2119 0.1962 0.9574
vn -0.2829 0.0236 0.9589
vn -0.3852 0.1415 0.9119
vn -0.3291 0.0862 0.9403
vn -0.3540 0.2046 0.9126
vn -0.2518 0.1731 0.9522
vn -0.4946 0.3376 0.8008
vn -0.5664 0.2911 0.7710
vn -0.8408 0.4165 0.3458
vn -0.9021 0.3844 0.1961
vn -0.8483 0.4477 -0.2827
vn -0.8408 0.4165 -0.3457
vn 0.2119 0.1962 0.9574
vn 0.2829 0.0236 0.9588
vn 0.3852 0.1415 0.9119
vn 0.3291 0.0862 0.9403
vn 0.3540 0.2045 0.9126
vn 0.2518 0.1731 0.9522
vn 0.4946 0.3376 0.8008
vn 0.5664 0.2911 0.7710
vn 0.8408 0.4165 0.3458
vn 0.9021 0.3844 0.1961
vn 0.8483 0.4477 -0.2827
vn 0.8408 0.4165 -0.3457
vn -0.9252 0.1177 0.3607
vn -0.9075 0.1815 0.3788
vn -0.9536 0.2207 -0.2048
vn -0.9831 -0.1652 -0.0786
vn -0.8296 -0.5556 -0.0548
vn -0.0000 -0.9997 -0.0236
vn -0.9536 0.2207 -0.2049
vn -0.9715 0.1332 -0.1958
vn -0.9253 0.1176 0.3607
vn -0.6533 0.3227 -0.6849
vn -0.5745 0.4486 -0.6847
vn -0.2518 0.4170 -0.8733
vn -0.0000 0.4566 -0.8897
vn 0.0470 0.3925 -0.9185
vn -0.1174 -0.2427 0.9630
vn -0.0000 -0.5272 0.8497
vn -0.0000 -0.2758 0.9612
vn -0.1733 -0.0237 0.9846
vn -0.1175 -0.2427 0.9630
vn -0.2197 -0.1883 0.9572
vn -0.0000 -0.2111 0.9775
vn -0.4708 -0.1412 -0.8709
vn -0.1734 0.2758 -0.9455
vn 0.1877 0.0938 -0.9777
vn 0.2518 0.4170 -0.8733
vn 0.6533 0.3227 -0.6848
vn -0.8296 -0.5557 -0.0548
vn -0.7723 -0.4492 -0.4492
vn -0.3458 -0.5580 -0.7544
vn -0.0393 -0.3066 -0.9510
vn 0.5522 -0.2919 -0.7810
vn 0.7014 0.0710 -0.7093
vn -0.9252 0.1176 0.3607
vn -0.4073 0.0940 0.9085
vn 0.1733 0.2757 -0.9455
vn 0.4707 -0.1412 -0.8709
vn -0.1877 0.0938 -0.9777
vn 0.0393 -0.3065 -0.9511
vn -0.7013 0.0709 -0.7093
vn 0.8296 -0.5557 -0.0548
vn 0.5206 -0.6231 0.5837
vn -0.0000 -0.9052 0.4250
vn 0.2047 -0.3307 0.9212
vn 0.2197 -0.1883 0.9572
vn 0.1175 -0.2427 0.9630
vn 0.1733 -0.0237 0.9846
vn -0.4707 -0.1412 -0.8709
vn -0.0393 -0.3065 -0.9510
vn 0.7013 0.0709 -0.7093
vn 0.9536 0.2207 -0.2049
vn -0.7723 -0.4492 -0.4491
vn -0.0000 -0.4156 -0.9096
vn -0.0000 0.2903 -0.9569
vn -0.9715 0.1332 -0.1959
vn -0.9536 0.2206 -0.2049
vn -0.7014 0.0710 -0.7093
vn -0.6533 0.3227 -0.6848
vn -0.1877 0.0939 -0.9777
vn -0.5745 0.4486 -0.6846
vn -0.6534 0.3228 -0.6848
vn -0.9133 0.3071 -0.2677
vn -0.8969 0.2753 0.3461
vn -0.4073 0.0940 0.9084
vn 0.2047 -0.3307 0.9213
vn 0.0393 -0.0157 0.9991
vn -0.1733 -0.0236 0.9846
vn -0.4072 0.0940 0.9085
vn -0.4018 0.1339 0.9059
vn -0.8968 0.2754 0.3462
vn 0.2829 0.0235 0.9588
vn 0.1733 -0.0236 0.9846
vn 0.4017 0.1339 0.9059
vn 0.8968 0.2754 0.3462
vn 0.9021 0.3843 0.1961
vn 0.9133 0.3070 -0.2677
vn 0.8408 0.4165 -0.3458
vn 0.5745 0.4485 -0.6847
vn 0.2509 0.5095 -0.8231
vn 0.2510 0.5333 -0.8078
vn -0.0001 0.4566 -0.8897
vn -0.2508 0.5095 -0.8231
vn -0.8408 0.4165 -0.3458
vn -0.9133 0.3070 -0.2677
vn -0.9021 0.3843 0.1961
vn -0.4017 0.1339 0.9059
vn -0.2830 0.0235 0.9588
vn -0.0000 0.1172 0.9931
vn -0.0000 -0.1809 0.9835
vn 0.2829 0.0236 0.9589
vn 0.1174 -0.2427 0.9630
vn -0.2047 -0.3307 0.9213
vn -0.5206 -0.6231 0.5837
vn 0.4707 -0.1413 -0.8709
vn 0.7723 -0.4492 -0.4492
vn 0.0393 -0.3066 -0.9510
vn 0.9831 -0.1652 -0.0787
vn -0.0000 -0.4155 -0.9096
vn 0.4708 -0.1412 -0.8709
vn -0.0000 0.2902 -0.9570
vn 0.1734 0.2758 -0.9455
vn -0.0000 0.4566 -0.8896
vn -0.5744 0.4486 -0.6847
vn 0.0472 0.3925 -0.9185
vn 0.1418 0.3622 -0.9213
vn -0.0000 0.3606 -0.9327
vn 0.6627 0.2603 0.7022
vn 0.7985 0.1331 0.5871
vn 0.4951 0.0864 0.8645
vn -0.0000 0.1644 0.9864
vn 0.1959 0.2193 0.9558
vn 0.1417 0.3622 -0.9213
vn 0.0471 0.3925 -0.9185
vn -0.2445 0.3628 -0.8992
vn -0.4330 0.2756 -0.8582
vn -0.3225 0.4483 -0.8337
vn -0.5363 0.3391 -0.7729
vn -0.4952 0.0865 0.8645
vn -0.7985 0.1331 0.5871
vn -0.6627 0.2604 0.7021
vn -0.8444 0.3867 0.3709
vn -0.8314 0.4157 0.3687
vn -0.9265 0.3455 -0.1492
vn -0.8913 0.3470 -0.2919
vn 0.8444 0.3867 0.3709
vn 0.8314 0.4157 0.3687
vn 0.9265 0.3455 -0.1492
vn 0.8913 0.3470 -0.2918
vn 0.5363 0.3391 -0.7729
vn 0.1958 0.2194 0.9558
vn -0.1261 0.2127 0.9690
vn -0.3214 0.1097 0.9406
vn -0.4951 0.0865 0.8645
vn -0.3540 0.2045 0.9126
vn -0.6627 0.2603 0.7022
vn -0.8913 0.3471 -0.2918
vn -0.0000 0.3443 -0.9389
vn -0.1417 0.3622 -0.9213
vn -0.0471 0.3925 -0.9185
vn 0.2445 0.3628 -0.8992
vn 0.3457 0.4007 -0.8485
vn 0.4330 0.2756 -0.8582
vn 0.3225 0.4483 -0.8337
vn 0.4957 0.4799 -0.7239
vn -0.1958 0.2194 0.9558
vn 0.1261 0.2127 0.9689
vn 0.3214 0.1097 0.9406
vn -0.0470 0.3926 -0.9185
vn 0.3224 0.4484 -0.8337
vn 0.4957 0.4800 -0.7239
vn 0.4875 0.5112 -0.7078
vn -0.0000 0.4567 -0.8896
vn 0.2508 0.5095 -0.8231
vn 0.5745 0.4486 -0.6847
vn 0.6533 0.3228 -0.6848
vn 0.9133 0.3071 -0.2677
vn 0.8969 0.2753 0.3461
vn 0.9075 0.1815 0.3788
vn 0.4018 0.1339 0.9059
vn 0.4072 0.0940 0.9085
vn -0.0393 -0.0158 0.9991
vn -0.0472 0.3926 -0.9185
vn -0.0001 0.4025 -0.9154
vn 0.0001 0.4025 -0.9154
vn 0.9252 0.1176 0.3607
vn 0.4073 0.0940 0.9085
vn 0.3367 0.0626 0.9395
vn -0.0394 -0.0157 0.9991
vn 0.9793 -0.1645 -0.1176
vn 0.8263 -0.1495 -0.5430
vn 0.9910 -0.0000 -0.1337
vn -0.2987 0.0786 0.9511
vn -0.6364 0.0471 0.7699
vn -0.5205 -0.6232 0.5837
vn -0.6364 0.0472 0.7700
vn -0.5206 -0.6232 0.5837
vn -0.9494 -0.0706 0.3060
vn -0.8296 -0.5557 -0.0547
vn -0.9113 -0.3064 -0.2749
vn -0.9824 -0.0707 -0.1729
vn -0.9113 -0.3064 -0.2750
vn -0.4703 -0.1881 -0.8622
vn -0.9290 -0.0079 0.3700
vn -0.6585 -0.0078 0.7526
vn -0.1809 -0.0236 0.9832
vn 0.4490 -0.0788 0.8901
vn 0.9193 0.0235 0.3929
vn 0.8171 -0.1729 -0.5500
vn 0.4803 -0.1811 -0.8582
vn 0.4252 -0.3307 -0.8425
vn -0.3458 -0.5579 -0.7544
vn -0.9113 -0.3065 -0.2750
vn 0.9715 0.1332 -0.1959
vn 0.7014 0.0709 -0.7092
vn 0.8910 0.0235 -0.4533
vn 0.5522 -0.2919 -0.7809
vn 0.9193 0.0236 0.3928
vn 0.4252 -0.3308 -0.8425
vn 0.2987 0.0786 0.9511
vn 0.0394 -0.0157 0.9991
vn -0.3367 0.0626 0.9395
vn -0.7014 0.0709 -0.7092
vn -0.8910 0.0235 -0.4533
vn 0.9113 -0.3064 -0.2749
vn 0.8296 -0.5557 -0.0547
vn 0.9494 -0.0706 0.3060
vn 0.5206 -0.6232 0.5836
vn 0.6364 0.0471 0.7699
vn -0.9910 -0.0000 -0.1337
vn -0.8263 -0.1495 -0.5430
vn -0.9793 -0.1645 -0.1176
vn 0.9824 -0.0707 -0.1729
vn 0.4703 -0.1881 -0.8622
vn 0.9113 -0.3064 -0.2750
vn -0.5522 -0.2919 -0.7810
vn 0.3458 -0.5579 -0.7544
vn -0.9193 0.0236 0.3929
vn -0.4490 -0.0788 0.8901
vn 0.1809 -0.0236 0.9832
vn 0.6585 -0.0078 0.7526
vn 0.6364 0.0472 0.7699
vn 0.9290 -0.0079 0.3700
vn -0.4252 -0.3307 -0.8425
vn -0.4803 -0.1811 -0.8582
vn -0.8171 -0.1729 -0.5500
vn -0.4252 -0.3308 -0.8425
vn -0.9193 0.0236 0.3928
vn -0.0000 0.4025 -0.9154
vn -0.9987 0.0393 -0.0315
vn -0.6367 0.3066 -0.7075
vn -0.7766 -0.0548 -0.6276
vn 0.4573 0.3627 -0.8120
vn -0.0000 0.6832 0.7302
vn 0.4714 0.7935 0.3850
vn 0.8086 0.5024 0.3062
vn 0.9648 0.2510 -0.0784
vn 0.9660 0.0864 -0.2435
vn -0.6984 0.1569 -0.6983
vn -0.6368 0.3066 -0.7075
vn -0.6984 0.1570 -0.6983
vn 0.2980 0.1020 -0.9491
vn 0.4573 0.3626 -0.8120
vn 0.8408 0.1258 -0.5265
vn 0.9661 0.0864 -0.2435
vn 0.9937 0.1096 0.0235
vn 0.6141 0.2520 0.7479
vn -0.0000 0.6831 0.7303
vn -0.4104 0.1500 0.8995
vn -0.8358 0.2917 0.4652
vn -0.9805 0.0157 0.1961
vn -0.9987 0.0394 -0.0315
vn -0.6983 0.1569 -0.6983
vn -0.2588 -0.0470 0.9648
vn -0.5188 -0.1022 0.8488
vn 0.5109 -0.0707 0.8567
vn 0.9339 -0.1177 0.3375
vn 0.5578 -0.2435 0.7934
vn 0.9403 0.0470 0.3370
vn 0.5109 -0.0708 0.8567
vn 0.5724 -0.0862 0.8154
vn -0.5187 -0.1022 0.8488
vn -0.9111 -0.0549 0.4085
vn -0.8937 -0.2038 -0.3998
vn -0.9142 -0.0946 -0.3941
vn -0.2599 -0.1575 -0.9527
vn -0.3142 -0.2043 -0.9271
vn 0.4464 -0.2115 -0.8695
vn -0.4857 -0.1880 0.8537
vn 0.5577 -0.2435 0.7935
vn -0.2280 -0.3616 0.9040
vn 0.6142 -0.3307 0.7166
vn 0.9404 0.0470 0.3369
vn 0.9421 0.1178 0.3140
vn 0.9339 0.1177 -0.3375
vn 0.8815 0.1889 -0.4328
vn 0.4327 0.1495 -0.8890
vn 0.4331 0.2205 -0.8740
vn -0.5187 0.1022 -0.8488
vn -0.2279 -0.3616 0.9040
vn -0.7929 -0.1570 0.5888
vn -0.4856 -0.1880 0.8537
vn -0.9265 -0.1492 0.3455
vn -0.9487 -0.2195 0.2274
vn -0.9457 -0.1261 -0.2995
vn -0.8936 -0.2038 -0.3998
vn -0.4156 -0.0000 -0.9095
vn -0.2598 -0.1574 -0.9527
vn 0.4469 -0.0392 -0.8937
vn 0.4465 -0.2115 -0.8695
vn 0.8973 -0.0866 -0.4329
vn 0.5578 -0.2435 0.7935
vn 0.6142 -0.3307 0.7165
vn -0.9111 -0.0550 0.4084
vn -0.9142 -0.0946 -0.3940
vn 0.5724 -0.0863 0.8154
vn 0.9515 -0.1651 0.2595
vn 0.9855 -0.1576 -0.0631
vn 0.8973 -0.0865 -0.4329
vn 0.4327 0.1495 -0.8891
vn -0.4155 -0.0000 -0.9096
vn -0.2976 -0.1175 0.9474
vn -0.5032 -0.1101 0.8571
vn 0.4178 -0.1340 0.8986
vn 0.3466 -0.1261 0.9295
vn 0.9186 -0.1413 0.3690
vn -0.9294 0.1024 0.3545
vn -0.9583 0.0786 -0.2749
vn -0.9391 0.2269 -0.2582
vn -0.9963 -0.0863 -0.0000
vn 0.4248 0.0315 0.9047
vn 0.9421 0.1178 0.3141
vn -0.9544 -0.0631 -0.2918
vn -0.9583 0.0785 -0.2749
vn -0.9452 -0.1103 0.3072
vn -0.9737 -0.0000 -0.2277
vn -0.9597 -0.0865 -0.2674
vn -0.9562 -0.0392 0.2900
vn -0.9397 -0.1175 0.3211
vn -0.5503 -0.1258 0.8254
vn -0.9527 -0.1102 -0.2834
vn -0.6983 0.1569 -0.6984
vn -0.8976 -0.0000 0.4409
vn -0.6602 -0.1729 0.7310
vn -0.4856 -0.1879 0.8538
vn -0.9526 -0.1102 -0.2835
vn -0.9597 -0.0865 -0.2675
vn -0.3459 -0.1415 -0.9276
vn -0.5740 -0.1651 -0.8020
vn 0.4468 -0.1254 -0.8858
vn 0.3699 -0.1731 -0.9128
vn 0.9176 -0.1490 -0.3686
vn 0.9176 -0.1019 -0.3843
vn 0.9363 -0.0944 0.3384
vn 0.9603 0.0787 -0.2676
vn 0.9349 -0.0314 0.3535
vn 0.9196 0.1100 0.3772
vn 0.4322 -0.1965 0.8801
vn 0.4249 -0.0236 0.9049
vn -0.4308 -0.2115 0.8773
vn -0.4304 -0.0705 0.8999
vn -0.9439 -0.0000 0.3304
vn 0.9428 0.2278 -0.2435
vn 0.4467 0.2664 -0.8541
vn 0.4643 0.0866 -0.8814
vn -0.4803 0.1810 -0.8582
vn -0.4783 -0.0000 -0.8782
vn -0.9582 0.0785 -0.2749
vn -0.9544 -0.0631 -0.2919
vn -0.4177 0.0631 0.9064
vn -0.4304 -0.0704 0.8999
vn 0.4013 0.1416 0.9049
vn 0.4249 -0.0235 0.9049
vn 0.8818 0.2598 0.3936
vn 0.9195 0.1101 0.3773
vn 0.9019 0.3765 -0.2118
vn 0.9427 0.2279 -0.2435
vn 0.4171 0.4407 -0.7948
vn -0.4559 0.3695 -0.8097
vn -0.4803 0.1811 -0.8582
vn -0.9390 0.2270 -0.2583
vn -0.9582 0.0786 -0.2749
vn -0.4103 0.1499 0.8995
vn 0.6141 0.2519 0.7480
vn 0.9937 0.1095 0.0235
vn 0.8408 0.1257 -0.5265
vn 0.2981 0.1019 -0.9491
vn -0.9737 -0.0000 -0.2278
vn -0.2751 -0.1415 -0.9510
vn 0.6058 -0.0393 -0.7946
vn 0.9943 0.0313 -0.1018
vn 0.8721 -0.0471 0.4871
vn 0.4484 -0.0944 0.8888
vn -0.4465 -0.2115 -0.8694
vn -0.4469 -0.0392 -0.8937
vn -0.8973 -0.0866 -0.4329
vn 0.5187 -0.1022 0.8488
vn 0.7929 -0.1570 0.5888
vn 0.9111 -0.0550 0.4085
vn -0.4464 -0.2115 -0.8695
vn 0.2598 -0.1575 -0.9527
vn 0.3142 -0.2043 -0.9271
vn 0.9142 -0.0946 -0.3940
vn 0.9265 -0.1491 0.3455
vn 0.8937 -0.2038 -0.3998
vn 0.9142 -0.0945 -0.3941
vn -0.9421 0.1178 0.3140
vn -0.9404 0.0470 0.3369
vn -0.9340 0.1177 -0.3374
vn -0.9403 0.0470 0.3370
vn -0.5578 -0.2435 0.7934
vn -0.9339 -0.1177 0.3375
vn 0.2280 -0.3616 0.9040
vn 0.2588 -0.0471 0.9648
vn -0.5724 -0.0863 0.8154
vn -0.5109 -0.0708 0.8567
vn 0.9457 -0.1261 -0.2995
vn 0.9487 -0.2195 0.2274
vn 0.9265 -0.1492 0.3455
vn 0.4856 -0.1880 0.8537
vn -0.6142 -0.3307 0.7165
vn 0.2279 -0.3616 0.9040
vn -0.5109 -0.0707 0.8567
vn 0.2589 -0.0470 0.9648
vn 0.9111 -0.0549 0.4085
vn -0.8973 -0.0865 -0.4329
vn -0.9855 -0.1576 -0.0631
vn -0.9515 -0.1651 0.2595
vn 0.8936 -0.2038 -0.3998
vn 0.2598 -0.1574 -0.9527
vn 0.4155 -0.0000 -0.9096
vn -0.4468 -0.0392 -0.8938
vn -0.4328 0.1495 -0.8890
vn -0.9339 0.1177 -0.3375
vn -0.8815 0.1889 -0.4328
vn 0.8936 -0.2039 -0.3998
vn 0.4156 -0.0000 -0.9095
vn 0.5187 0.1022 -0.8488
vn -0.4327 0.1495 -0.8891
vn -0.4331 0.2205 -0.8740
vn -0.8814 0.1889 -0.4329
vn -0.5724 -0.0862 0.8155
vn -0.9339 -0.1178 0.3375
vn -0.5578 -0.2436 0.7934
vn 0.9111 -0.0550 0.4084
vn 0.6368 0.3066 -0.7075
vn -0.4573 0.3627 -0.8120
vn 0.6984 0.1569 -0.6983
vn 0.9987 0.0393 -0.0315
vn 0.7766 -0.0549 -0.6276
vn 0.6367 0.3066 -0.7075
vn -0.6453 -0.0315 -0.7633
vn -0.9660 0.0864 -0.2435
vn -0.9648 0.2510 -0.0784
vn -0.8086 0.5024 0.3062
vn -0.4714 0.7935 0.3850
vn 0.6983 0.1570 -0.6984
vn 0.9987 0.0394 -0.0315
vn 0.9805 0.0157 0.1961
vn 0.8357 0.2917 0.4652
vn 0.4103 0.1500 0.8995
vn -0.6141 0.2520 0.7479
vn -0.9937 0.1096 0.0235
vn -0.9661 0.0864 -0.2435
vn -0.8408 0.1258 -0.5265
vn -0.2981 0.1020 -0.9491
vn 0.6984 0.1570 -0.6983
vn -0.4248 0.0315 0.9047
vn -0.5578 -0.2435 0.7935
vn -0.9403 0.0471 0.3370
vn 0.9439 0.0001 0.3304
vn 0.9391 0.2269 -0.2582
vn 0.9583 0.0786 -0.2749
vn 0.6983 0.1569 -0.6983
vn 0.9526 -0.1102 -0.2834
vn 0.5032 -0.1101 0.8571
vn 0.9562 -0.0392 0.2900
vn 0.8976 -0.0000 0.4409
vn 0.9737 -0.0000 -0.2277
vn 0.9439 -0.0000 0.3303
vn 0.9583 0.0785 -0.2749
vn 0.9544 -0.0631 -0.2918
vn -0.3466 -0.1260 0.9295
vn 0.5503 -0.1258 0.8254
vn 0.9397 -0.1175 0.3211
vn -0.9421 0.1178 0.3141
vn 0.9963 -0.0863 -0.0000
vn -0.9349 -0.0314 0.3535
vn -0.9603 0.0787 -0.2676
vn -0.9428 0.2278 -0.2435
vn -0.4643 0.0866 -0.8814
vn -0.4467 0.2664 -0.8541
vn 0.4783 -0.0000 -0.8782
vn 0.4803 0.1811 -0.8582
vn 0.9544 -0.0631 -0.2919
vn 0.9582 0.0785 -0.2749
vn 0.9597 -0.0865 -0.2675
vn 0.9526 -0.1102 -0.2835
vn 0.5740 -0.1651 -0.8020
vn 0.3459 -0.1415 -0.9275
vn -0.3699 -0.1731 -0.9128
vn -0.4468 -0.1255 -0.8858
vn -0.9176 -0.1020 -0.3842
vn -0.9176 -0.1490 -0.3686
vn -0.9363 -0.0944 0.3384
vn -0.9186 -0.1413 0.3690
vn -0.4178 -0.1340 0.8986
vn 0.2976 -0.1175 0.9474
vn -0.9196 0.1100 0.3772
vn -0.4249 -0.0237 0.9049
vn -0.4322 -0.1965 0.8801
vn 0.4304 -0.0704 0.8999
vn 0.4308 -0.2115 0.8773
vn 0.9452 -0.1103 0.3072
vn 0.4856 -0.1879 0.8538
vn 0.6602 -0.1729 0.7310
vn 0.9294 0.1024 0.3545
vn 0.4177 0.0631 0.9064
vn -0.4249 -0.0236 0.9049
vn -0.4013 0.1417 0.9049
vn -0.9195 0.1101 0.3773
vn -0.8818 0.2598 0.3937
vn -0.9427 0.2279 -0.2435
vn -0.9019 0.3765 -0.2118
vn -0.4171 0.4407 -0.7949
vn 0.4559 0.3695 -0.8097
vn 0.9390 0.2270 -0.2583
vn -0.4484 -0.0944 0.8888
vn -0.8721 -0.0471 0.4871
vn -0.9943 0.0313 -0.1018
vn -0.6058 -0.0393 -0.7946
vn 0.2751 -0.1415 -0.9510
vn 0.9737 -0.0000 -0.2278
vn -0.2981 0.1019 -0.9491
vn -0.8408 0.1257 -0.5265
vn -0.9937 0.1095 0.0235
vn -0.6141 0.2519 0.7480
vn 0.4103 0.1499 0.8995
vn 0.9597 -0.0865 -0.2674
vn 0.6071 -0.7804 -0.1498
vn -0.3770 -0.8561 -0.3535
vn 0.4410 -0.6616 -0.6065
vn 0.6422 -0.7519 -0.1488
vn 0.9648 0.2510 -0.0785
vn -0.8887 0.4247 0.1730
vn -0.4485 -0.8812 0.1496
vn -0.5968 0.0472 0.8010
vn 0.6423 -0.7519 -0.1488
vn -0.6702 -0.7411 0.0394
vn 0.6070 -0.7804 -0.1498
vn 0.0865 0.9282 0.3619
vn -0.4326 0.7315 0.5270
vn 0.2518 0.6843 0.6843
vn 0.5594 -0.8193 0.1260
vn 0.6737 -0.6267 0.3916
vn -0.4485 -0.8812 0.1495
vn 0.2847 -0.5534 0.7827
vn -0.7766 -0.0550 -0.6276
vn 0.6453 -0.0315 -0.7633
vn 0.6070 -0.7805 -0.1498
vn -0.4954 0.7706 0.4010
vn -0.9995 0.0315 -0.0079
vn 0.9395 0.3367 0.0626
vn 0.8576 0.4485 0.2518
vn 0.5436 -0.8273 -0.1419
vn 0.9648 0.2509 -0.0784
vn 0.5436 -0.8273 -0.1418
vn 0.9396 0.3366 0.0626
vn -0.9995 0.0315 -0.0078
vn -0.4074 -0.9010 -0.1489
vn -0.6683 -0.7235 -0.1729
vn -0.4074 -0.9010 -0.1488
vn 0.7417 0.5918 0.3156
vn -0.6684 -0.7234 -0.1730
vn 0.5593 -0.8193 0.1260
vn -0.4484 -0.8812 0.1495
vn 0.4411 -0.6616 -0.6064
vn -0.3770 -0.8561 -0.3534
vn -0.6702 -0.7412 0.0395
vn 0.4713 0.7935 0.3849
vn -0.8358 0.2918 0.4651
vn -0.9987 0.0393 -0.0314
vn 0.2846 -0.5534 0.7827
vn 0.6737 -0.6267 0.3917
vn -0.6737 -0.6267 0.3917
vn -0.7417 0.5918 0.3156
vn -0.5593 -0.8193 0.1260
vn -0.9395 0.3367 0.0627
vn -0.5436 -0.8273 -0.1418
vn 0.4074 -0.9010 -0.1489
vn 0.6702 -0.7411 0.0394
vn 0.9995 0.0315 -0.0078
vn -0.5436 -0.8273 -0.1419
vn -0.9395 0.3367 0.0626
vn -0.6422 -0.7519 -0.1488
vn -0.9660 0.0863 -0.2435
vn 0.6702 -0.7412 0.0395
vn 0.7766 -0.0550 -0.6276
vn -0.4410 -0.6616 -0.6065
vn 0.3770 -0.8561 -0.3534
vn -0.6070 -0.7804 -0.1498
vn -0.8576 0.4485 0.2518
vn -0.0865 0.9282 0.3618
vn -0.6070 -0.7805 -0.1498
vn 0.5968 0.0472 0.8010
vn -0.2846 -0.5534 0.7828
vn 0.4485 -0.8812 0.1495
vn -0.6737 -0.6266 0.3917
vn -0.5594 -0.8193 0.1260
vn -0.2517 0.6843 0.6843
vn -0.2846 -0.5535 0.7827
vn 0.8887 0.4247 0.1730
vn 0.4326 0.7315 0.5270
vn 0.9987 0.0393 -0.0314
vn 0.8358 0.2918 0.4652
vn 0.4954 0.7706 0.4010
vn 0.9995 0.0315 -0.0079
vn 0.6683 -0.7235 -0.1730
vn 0.4074 -0.9010 -0.1488
vn 0.3770 -0.8562 -0.3534
vn -0.6070 -0.7805 -0.1497
vn 0.6684 -0.7234 -0.1729
vn -0.6423 -0.7519 -0.1488
vn 0.6702 -0.7411 0.0395
vn 0.4485 -0.8812 0.1494
vn 0.9707 -0.0783 0.2270
vn 0.9588 -0.0707 -0.2750
vn 0.9824 -0.0707 -0.1728
vn 0.9824 -0.0708 -0.1729
vn 0.9588 -0.0707 -0.2751
vn -0.9082 -0.1253 0.3993
vn -0.9910 -0.0000 -0.1336
vn -0.9793 -0.1645 -0.1175
vn 0.3143 -0.2043 -0.9271
vn 0.9142 -0.0945 -0.3940
vn 0.6915 -0.1022 0.7151
vn 0.2589 -0.0471 0.9648
vn -0.7993 -0.2272 -0.5564
vn -0.9855 -0.1577 -0.0631
vn -0.9553 -0.2506 -0.1566
vn -0.9515 -0.1652 0.2595
vn -0.9065 -0.2289 0.3547
vn -0.5723 -0.0863 0.8155
vn -0.4486 -0.1889 0.8736
vn 0.1735 -0.1183 0.9777
vn 0.1809 -0.0237 0.9832
vn 0.6585 -0.0079 0.7525
vn 0.7993 -0.2272 -0.5564
vn 0.8973 -0.0866 -0.4328
vn 0.4465 -0.2115 -0.8694
vn -0.9707 -0.0783 0.2270
vn -0.9824 -0.0708 -0.1729
vn -0.9588 -0.0707 -0.2750
vn -0.9142 -0.0945 -0.3941
vn -0.2589 -0.0471 0.9648
vn -0.6915 -0.1022 0.7151
vn 0.9793 -0.1645 -0.1175
vn 0.9910 -0.0000 -0.1336
vn 0.9082 -0.1253 0.3993
vn -0.3143 -0.2043 -0.9271
vn -0.9588 -0.0708 -0.2751
vn 0.9855 -0.1577 -0.0631
vn 0.9553 -0.2506 -0.1566
vn 0.9515 -0.1652 0.2595
vn 0.9066 -0.2286 0.3547
vn 0.5723 -0.0863 0.8155
vn 0.4486 -0.1889 0.8736
vn -0.1735 -0.1183 0.9777
vn -0.6585 -0.0079 0.7525
vt 0.941376 0.772461
vt 0.989990 0.756836
vt 0.989990 0.772461
vt 0.941376 0.278320
vt 0.989990 0.277344
vt 0.989990 0.386719
vt 0.941376 0.232544
vt 0.941376 0.167969
vt 0.989990 0.191376
vt 0.941376 0.074219
vt 0.989990 0.730469
vt 0.941376 0.714844
vt 0.989990 0.667969
vt 0.941376 0.660126
vt 0.989990 0.582001
vt 0.941376 0.633240
vt 0.989990 0.550751
vt 0.941376 0.581512
vt 0.989990 0.480469
vt 0.941376 0.536987
vt 0.941376 0.451660
vt 0.683197 0.451660
vt 0.760834 0.451660
vt 0.761383 0.339539
vt 0.644501 0.009979
vt 0.612457 0.025482
vt 0.612457 0.009979
vt 0.683197 0.339844
vt 0.761383 0.219238
vt 0.815796 0.219238
vt 0.761383 0.137390
vt 0.815796 0.050507
vt 0.941376 0.050507
vt 0.761719 0.687225
vt 0.707001 0.772461
vt 0.753876 0.772461
vt 0.815796 0.606812
vt 0.815796 0.693817
vt 0.815796 0.772461
vt 0.691376 0.050476
vt 0.761383 0.050507
vt 0.683594 0.126984
vt 0.572418 0.025482
vt 0.591492 0.032501
vt 0.572601 0.108887
vt 0.631287 0.116699
vt 0.631287 0.205597
vt 0.684692 0.213959
vt 0.714630 0.536987
vt 0.612701 0.772461
vt 0.628876 0.772461
vt 0.636719 0.716614
vt 0.652344 0.772461
vt 0.684143 0.652039
vt 0.611542 0.062622
vt 0.707001 0.009979
vt 0.761383 0.009979
vt 0.815796 0.339722
vt 0.815796 0.451660
vt 0.746246 0.536987
vt 0.720459 0.588837
vt 0.815796 0.536987
vt 0.941376 0.693817
vt 0.941376 0.633270
vt 0.941376 0.580505
vt 0.944794 0.339722
vt 0.941376 0.219238
vt 0.815796 0.137390
vt 0.941376 0.123383
vt 0.863007 0.772461
vt 0.667969 0.989990
vt 0.667969 0.933594
vt 0.711578 0.989990
vt 0.230469 0.949219
vt 0.234375 0.933594
vt 0.175751 0.933594
vt 0.009979 0.989990
vt 0.009979 0.933594
vt 0.019501 0.933594
vt 0.621094 0.933594
vt 0.621094 0.989990
vt 0.566376 0.933594
vt 0.566376 0.989990
vt 0.457001 0.933594
vt 0.292969 0.933594
vt 0.285126 0.964844
vt 0.371094 0.933594
vt 0.371094 0.964844
vt 0.464844 0.989990
vt 0.019501 0.989990
vt 0.050751 0.933594
vt 0.074219 0.989990
vt 0.105469 0.933594
vt 0.105469 0.989990
vt 0.183594 0.989990
vt 0.222626 0.989990
vt 0.277344 0.989990
vt 0.371094 0.989990
vt 0.711578 0.933594
vt 0.815796 0.009979
vt 0.941376 0.009979
vt 0.572601 0.536987
vt 0.689972 0.588837
vt 0.339844 0.082001
vt 0.378876 0.027527
vt 0.339844 0.027527
vt 0.572601 0.573700
vt 0.605835 0.652039
vt 0.572601 0.641083
vt 0.572845 0.734344
vt 0.121094 0.027527
vt 0.092926 0.009979
vt 0.074219 0.027527
vt 0.009979 0.009979
vt 0.009979 0.027527
vt 0.553650 0.082001
vt 0.553650 0.027527
vt 0.496094 0.089844
vt 0.009979 0.082001
vt 0.066376 0.082001
vt 0.113251 0.089844
vt 0.167969 0.027527
vt 0.160126 0.097626
vt 0.222626 0.027527
vt 0.222626 0.097626
vt 0.285126 0.027527
vt 0.378876 0.082001
vt 0.425751 0.089844
vt 0.425751 0.027527
vt 0.496094 0.027527
vt 0.538818 0.009979
vt 0.631287 0.277344
vt 0.572601 0.451660
vt 0.572601 0.339844
vt 0.572601 0.277344
vt 0.572601 0.205597
vt 0.980957 0.989990
vt 0.989990 0.944336
vt 0.980957 0.944336
vt 0.989990 0.874237
vt 0.924438 0.903717
vt 0.850159 0.942139
vt 0.924438 0.942139
vt 0.850159 0.967804
vt 0.930328 0.967804
vt 0.553650 0.879822
vt 0.478607 0.911133
vt 0.553650 0.911133
vt 0.478607 0.879822
vt 0.390259 0.878998
vt 0.390137 0.911133
vt 0.308075 0.897827
vt 0.253357 0.911133
vt 0.225464 0.879822
vt 0.200714 0.911133
vt 0.170044 0.879822
vt 0.165833 0.911133
vt 0.089294 0.879822
vt 0.089417 0.911133
vt 0.009979 0.879822
vt 0.009979 0.911133
vt 0.144501 0.277344
vt 0.144501 0.339844
vt 0.199219 0.339844
vt 0.238251 0.386719
vt 0.192932 0.431183
vt 0.269501 0.402344
vt 0.199219 0.277344
vt 0.066376 0.277344
vt 0.553650 0.363251
vt 0.553650 0.277344
vt 0.496094 0.277344
vt 0.496094 0.167969
vt 0.425751 0.167969
vt 0.141815 0.438446
vt 0.146942 0.430450
vt 0.193268 0.423187
vt 0.269501 0.444580
vt 0.363892 0.407623
vt 0.363892 0.439514
vt 0.416107 0.404755
vt 0.417969 0.432953
vt 0.496094 0.425140
vt 0.116150 0.380432
vt 0.082001 0.386719
vt 0.089844 0.426086
vt 0.009979 0.363251
vt 0.009979 0.410126
vt 0.553650 0.410126
vt 0.496094 0.394501
vt 0.417969 0.277344
vt 0.371094 0.269501
vt 0.009979 0.277344
vt 0.261719 0.277344
vt 0.316376 0.269501
vt 0.164001 0.618225
vt 0.165131 0.711121
vt 0.238190 0.711121
vt 0.225464 0.784668
vt 0.307678 0.775818
vt 0.065887 0.600281
vt 0.009064 0.528015
vt 0.009979 0.599731
vt 0.553650 0.433167
vt 0.199219 0.444580
vt 0.009979 0.462341
vt 0.009979 0.517365
vt 0.065887 0.462341
vt 0.009979 0.618225
vt 0.009979 0.711670
vt 0.088684 0.699799
vt 0.088165 0.805481
vt 0.169617 0.793579
vt 0.009979 0.802490
vt 0.088684 0.618225
vt 0.009979 0.433167
vt 0.144501 0.444580
vt 0.553650 0.802490
vt 0.553650 0.711670
vt 0.508362 0.797485
vt 0.503876 0.711121
vt 0.444214 0.787628
vt 0.433594 0.711121
vt 0.368927 0.775726
vt 0.371094 0.711121
vt 0.298065 0.711029
vt 0.363770 0.462341
vt 0.281799 0.462341
vt 0.281494 0.517365
vt 0.212036 0.462341
vt 0.212036 0.517365
vt 0.140472 0.462341
vt 0.140472 0.517365
vt 0.065887 0.517365
vt 0.363617 0.517365
vt 0.418457 0.517365
vt 0.418457 0.462341
vt 0.496094 0.517365
vt 0.496094 0.462341
vt 0.553650 0.517365
vt 0.553650 0.462341
vt 0.074982 0.528015
vt 0.140472 0.600281
vt 0.146210 0.528015
vt 0.212036 0.600281
vt 0.211609 0.528015
vt 0.281128 0.600281
vt 0.282318 0.528015
vt 0.363434 0.600281
vt 0.347656 0.528015
vt 0.418457 0.600281
vt 0.414459 0.528015
vt 0.496094 0.600281
vt 0.495941 0.528015
vt 0.552338 0.600281
vt 0.552856 0.528015
vt 0.553650 0.618225
vt 0.496094 0.618225
vt 0.425751 0.618225
vt 0.363251 0.618225
vt 0.297882 0.618225
vt 0.237061 0.618225
vt 0.980957 0.874237
vt 0.926788 0.788269
vt 0.983490 0.806213
vt 0.983490 0.792542
vt 0.850159 0.989990
vt 0.797943 0.844849
vt 0.797943 0.829346
vt 0.721832 0.828888
vt 0.843872 0.788269
vt 0.918030 0.806213
vt 0.917969 0.788269
vt 0.797943 0.891418
vt 0.735382 0.845367
vt 0.732208 0.914612
vt 0.926849 0.806213
vt 0.707733 0.895996
vt 0.707397 0.819458
vt 0.564209 0.895996
vt 0.647369 0.789398
vt 0.570953 0.789398
vt 0.980957 0.828308
vt 0.945282 0.828308
vt 0.837311 0.875366
vt 0.837311 0.844727
vt 0.930328 0.989990
vt 0.830750 0.978546
vt 0.796387 0.975708
vt 0.830750 0.989990
vt 0.836761 0.989990
vt 0.836761 0.978546
vt 0.825287 0.989990
vt 0.824554 0.978546
vt 0.850159 0.847778
vt 0.930328 0.829803
vt 0.850159 0.829803
vt 0.820496 0.829803
vt 0.837311 0.829803
vt 0.750519 0.973419
vt 0.837311 0.933044
vt 0.837311 0.978546
vt 0.843872 0.806213
vt 0.821625 0.788269
vt 0.821625 0.806213
vt 0.766083 0.788269
vt 0.766083 0.806213
vt 0.945282 0.874237
vt 0.945282 0.944336
vt 0.945282 0.989990
vt 0.850159 0.869781
vt 0.924438 0.869781
vt 0.930328 0.848541
vt 0.721191 0.918030
vt 0.739441 0.989990
vt 0.795654 0.989990
vt 0.058594 0.175751
vt 0.009979 0.175751
vt 0.553650 0.175751
vt 0.285126 0.089844
vt 0.105469 0.191376
vt 0.378876 0.175751
vt 0.332001 0.183594
vt 0.277344 0.191376
vt 0.207001 0.199219
vt 0.152344 0.199219
s 1
usemtl f_body147.png
f 1659/587/1261 1660/588/1262 1661/589/1263
f 1662/590/1264 1663/591/1265 1664/592/1266
f 1665/593/1267 1666/591/1268 1667/594/1269
f 1667/594/1269 1666/591/1268 1668/595/1270
f 1667/594/1269 1668/595/1270 1669/596/1271
f 1670/592/1272 1671/591/1273 1672/590/1274
f 1661/589/1263 1673/588/1275 1674/587/1261
f 1674/587/1261 1673/588/1275 1675/597/1276
f 1674/587/1261 1675/597/1276 1676/598/1277
f 1676/598/1277 1675/597/1276 1677/599/1278
f 1676/598/1277 1677/599/1278 1678/600/1279
f 1678/600/1279 1677/599/1278 1679/601/1280
f 1678/600/1279 1679/601/1280 1680/602/1281
f 1680/602/1281 1679/601/1280 1681/603/1282
f 1680/602/1281 1681/603/1282 1682/604/1283
f 1682/604/1283 1681/603/1282 1683/605/1284
f 1682/604/1283 1683/605/1284 1684/606/1285
f 1684/606/1285 1683/605/1284 1685/592/1286
f 1684/606/1285 1685/592/1286 1686/607/1287
f 1686/607/1287 1685/592/1286 1672/590/1274
f 1687/588/1262 1688/587/1261 1689/597/1288
f 1689/597/1288 1688/587/1261 1690/598/1289
f 1689/597/1288 1690/598/1289 1691/599/1290
f 1691/599/1290 1690/598/1289 1692/600/1291
f 1691/599/1290 1692/600/1291 1693/601/1292
f 1693/601/1292 1692/600/1291 1694/602/1293
f 1693/601/1292 1694/602/1293 1695/603/1294
f 1695/603/1294 1694/602/1293 1696/604/1295
f 1695/603/1294 1696/604/1295 1697/605/1296
f 1697/605/1296 1696/604/1295 1698/606/1297
f 1697/605/1296 1698/606/1297 1664/592/1298
f 1664/592/1298 1698/606/1297 1699/607/1299
f 1664/592/1298 1699/607/1299 1700/590/1264
f 1701/608/1300 1702/609/1301 1703/610/1302
f 1704/611/1303 1705/612/1304 1706/613/1305
f 1707/610/1306 1708/614/1307 1709/608/1308
f 1710/615/1309 1711/616/1310 1712/617/1311
f 1713/618/1312 1714/596/1271 1715/619/1313
f 1716/620/1314 1717/621/1315 1718/622/1316
f 1719/623/1317 1720/620/1318 1721/624/1319
f 1721/624/1319 1720/620/1318 1718/622/1316
f 1721/624/1319 1718/622/1316 1722/625/1320
f 1723/626/1321 1724/627/1322 1725/628/1323
f 1725/628/1323 1724/627/1322 1726/617/1324
f 1725/628/1323 1726/617/1324 1727/615/1325
f 1728/629/1326 1729/630/1327 1730/631/1328
f 1730/631/1328 1729/630/1327 1731/632/1329
f 1730/631/1328 1731/632/1329 1732/633/1330
f 1732/633/1330 1731/632/1329 1733/634/1331
f 1734/609/1301 1735/608/1332 1736/635/1333
f 1737/627/1334 1738/626/1335 1739/628/1336
f 1739/628/1336 1738/626/1335 1740/632/1337
f 1739/628/1336 1740/632/1337 1741/634/1338
f 1742/636/1339 1743/637/1305 1744/638/1340
f 1744/638/1340 1743/637/1305 1745/639/1341
f 1744/638/1340 1745/639/1341 1746/640/1342
f 1747/624/1343 1748/620/1344 1749/623/1345
f 1750/641/1327 1751/626/1346 1752/632/1347
f 1752/632/1347 1751/626/1346 1725/628/1323
f 1752/632/1347 1725/628/1323 1753/634/1348
f 1753/634/1348 1725/628/1323 1727/615/1325
f 1753/634/1348 1727/615/1325 1754/610/1349
f 1755/612/1304 1756/611/1303 1757/641/1350
f 1757/641/1350 1756/611/1303 1758/642/1351
f 1757/641/1350 1758/642/1351 1723/626/1321
f 1723/626/1321 1758/642/1351 1759/643/1352
f 1723/626/1321 1759/643/1352 1724/627/1322
f 1724/627/1322 1759/643/1352 1760/618/1312
f 1724/627/1322 1760/618/1312 1726/617/1324
f 1761/614/1353 1762/610/1354 1763/634/1355
f 1763/634/1355 1762/610/1354 1764/615/1356
f 1763/634/1355 1764/615/1356 1765/628/1357
f 1765/628/1357 1764/615/1356 1766/617/1311
f 1765/628/1357 1766/617/1311 1767/627/1334
f 1768/616/1358 1769/615/1359 1770/644/1360
f 1770/644/1360 1769/615/1359 1703/610/1306
f 1770/644/1360 1703/610/1306 1771/645/1361
f 1771/645/1361 1703/610/1306 1772/609/1301
f 1771/645/1361 1772/609/1301 1773/646/1362
f 1774/639/1341 1775/621/1315 1746/640/1363
f 1746/640/1363 1775/621/1315 1716/620/1314
f 1746/640/1363 1716/620/1314 1776/647/1364
f 1776/647/1364 1716/620/1314 1777/623/1365
f 1776/647/1364 1777/623/1365 1773/646/1366
f 1773/646/1366 1777/623/1365 1778/648/1367
f 1773/646/1366 1778/648/1367 1779/645/1368
f 1780/649/1369 1781/624/1343 1782/650/1291
f 1782/650/1291 1781/624/1343 1783/623/1370
f 1782/650/1291 1783/623/1370 1784/651/1293
f 1784/651/1293 1783/623/1370 1785/648/1371
f 1784/651/1293 1785/648/1371 1786/606/1295
f 1786/606/1295 1785/648/1371 1787/645/1372
f 1786/606/1295 1787/645/1372 1788/607/1373
f 1788/607/1373 1787/645/1372 1789/644/1374
f 1788/607/1373 1789/644/1374 1790/652/1375
f 1790/652/1375 1789/644/1374 1791/616/1376
f 1790/652/1375 1791/616/1376 1792/653/1264
f 1792/653/1264 1791/616/1376 1793/654/1377
f 1792/653/1264 1793/654/1377 1794/655/1378
f 1795/596/1271 1796/618/1379 1797/655/1269
f 1797/655/1269 1796/618/1379 1798/654/1380
f 1797/655/1269 1798/654/1380 1799/653/1274
f 1799/653/1274 1798/654/1380 1800/616/1310
f 1799/653/1274 1800/616/1310 1801/652/1381
f 1801/652/1381 1800/616/1310 1802/644/1382
f 1801/652/1381 1802/644/1382 1803/607/1383
f 1803/607/1383 1802/644/1382 1804/645/1368
f 1803/607/1383 1804/645/1368 1805/606/1283
f 1805/606/1283 1804/645/1368 1806/648/1384
f 1805/606/1283 1806/648/1384 1807/651/1281
f 1807/651/1281 1806/648/1384 1808/623/1365
f 1807/651/1281 1808/623/1365 1809/650/1279
f 1809/650/1279 1808/623/1365 1721/624/1319
f 1809/650/1279 1721/624/1319 1810/649/1385
f 1810/649/1385 1721/624/1319 1722/625/1320
f 1810/649/1385 1722/625/1320 1811/587/1386
f 1811/587/1386 1722/625/1320 1812/656/1387
f 1811/587/1386 1812/656/1387 1813/649/1388
f 1813/649/1388 1812/656/1387 1722/625/1320
f 1813/649/1388 1722/625/1320 1814/624/1343
f 1814/624/1343 1722/625/1320 1718/622/1316
f 1814/624/1343 1718/622/1316 1815/620/1389
f 1815/620/1389 1718/622/1316 1717/621/1315
f 1815/620/1389 1717/621/1315 1816/640/1390
f 1816/640/1390 1717/621/1315 1745/639/1341
f 1816/640/1390 1745/639/1341 1817/638/1391
f 1817/638/1391 1745/639/1341 1818/637/1305
f 1817/638/1391 1818/637/1305 1819/636/1326
f 1820/626/1392 1821/641/1393 1822/632/1394
f 1823/613/1305 1824/612/1339 1825/611/1395
f 1825/611/1395 1824/612/1339 1826/641/1393
f 1825/611/1395 1826/641/1393 1827/642/1396
f 1827/642/1396 1826/641/1393 1828/626/1397
f 1827/642/1396 1828/626/1397 1829/643/1398
f 1829/643/1398 1828/626/1397 1830/627/1399
f 1829/643/1398 1830/627/1399 1831/618/1400
f 1831/618/1400 1830/627/1399 1832/617/1311
f 1831/618/1400 1832/617/1311 1833/654/1380
f 1833/654/1380 1832/617/1311 1834/616/1401
f 1835/657/1402 1836/658/1403 1837/659/1404
f 1838/660/1405 1839/661/1406 1840/662/1407
f 1841/663/1263 1842/664/1408 1843/665/1409
f 1844/658/1410 1835/657/1411 1845/666/1412
f 1845/666/1412 1835/657/1411 1846/667/1271
f 1845/666/1412 1846/667/1271 1847/668/1413
f 1847/668/1413 1846/667/1271 1848/669/1414
f 1847/668/1413 1848/669/1414 1849/670/1415
f 1850/662/1416 1851/661/1417 1852/660/1418
f 1852/660/1418 1851/661/1417 1853/671/1419
f 1852/660/1418 1853/671/1419 1854/672/1420
f 1854/672/1420 1853/671/1419 1855/673/1421
f 1854/672/1420 1855/673/1421 1856/674/1422
f 1856/674/1422 1855/673/1421 1849/670/1415
f 1856/674/1422 1849/670/1415 1857/675/1268
f 1857/675/1268 1849/670/1415 1848/669/1414
f 1839/661/1406 1838/660/1405 1858/671/1423
f 1858/671/1423 1838/660/1405 1859/672/1424
f 1858/671/1423 1859/672/1424 1860/673/1425
f 1860/673/1425 1859/672/1424 1861/674/1426
f 1860/673/1425 1861/674/1426 1862/670/1427
f 1863/663/1263 1843/665/1428 1864/676/1275
f 1864/676/1275 1843/665/1428 1865/677/1429
f 1864/676/1275 1865/677/1429 1866/678/1276
f 1866/678/1276 1865/677/1429 1867/679/1430
f 1866/678/1276 1867/679/1430 1868/680/1278
f 1868/680/1278 1867/679/1430 1869/662/1431
f 1868/680/1278 1869/662/1431 1870/681/1432
f 1870/681/1432 1869/662/1431 1871/660/1433
f 1870/681/1432 1871/660/1433 1872/682/1282
f 1872/682/1282 1871/660/1433 1873/672/1420
f 1872/682/1282 1873/672/1420 1874/683/1284
f 1874/683/1284 1873/672/1420 1875/674/1434
f 1874/683/1284 1875/674/1434 1876/684/1272
f 1876/684/1272 1875/674/1434 1877/675/1273
f 1836/658/1403 1878/685/1435 1837/659/1404
f 1837/659/1404 1878/685/1435 1879/658/1436
f 1837/659/1404 1879/658/1436 1880/657/1437
f 1880/657/1437 1879/658/1436 1881/666/1438
f 1880/657/1437 1881/666/1438 1882/667/1439
f 1882/667/1439 1881/666/1438 1883/668/1440
f 1882/667/1439 1883/668/1440 1884/669/1441
f 1884/669/1441 1883/668/1440 1862/670/1427
f 1884/669/1441 1862/670/1427 1885/675/1442
f 1885/675/1442 1862/670/1427 1861/674/1426
f 1842/664/1408 1841/663/1263 1886/665/1443
f 1886/665/1443 1841/663/1263 1887/676/1262
f 1886/665/1443 1887/676/1262 1888/677/1444
f 1888/677/1444 1887/676/1262 1889/678/1288
f 1888/677/1444 1889/678/1288 1890/679/1445
f 1890/679/1445 1889/678/1288 1891/680/1290
f 1890/679/1445 1891/680/1290 1840/662/1407
f 1840/662/1407 1891/680/1290 1892/681/1292
f 1840/662/1407 1892/681/1292 1838/660/1405
f 1838/660/1405 1892/681/1292 1893/682/1294
f 1838/660/1405 1893/682/1294 1859/672/1424
f 1859/672/1424 1893/682/1294 1894/683/1296
f 1859/672/1424 1894/683/1296 1861/674/1426
f 1861/674/1426 1894/683/1296 1895/684/1266
f 1861/674/1426 1895/684/1266 1885/675/1442
f 1896/618/1312 1897/619/1446 1898/596/1439
f 1899/596/1439 1900/595/1447 1901/594/1378
f 1901/594/1378 1900/595/1447 1902/591/1448
f 1901/594/1378 1902/591/1448 1903/593/1449
f 1904/596/1439 1905/655/1378 1906/618/1450
f 1906/618/1450 1905/655/1378 1907/654/1451
f 1906/618/1450 1907/654/1451 1908/617/1324
f 1908/617/1324 1907/654/1451 1909/616/1452
f 1908/617/1324 1909/616/1452 1910/615/1453
f 1910/615/1453 1909/616/1452 1911/644/1454
f 1910/615/1453 1911/644/1454 1912/610/1349
f 1912/610/1349 1911/644/1454 1913/645/1455
f 1912/610/1349 1913/645/1455 1914/609/1456
f 1914/609/1456 1913/645/1455 1915/648/1457
f 1914/609/1456 1915/648/1457 1916/646/1458
f 1916/646/1458 1915/648/1457 1917/623/1370
f 1916/646/1458 1917/623/1370 1918/647/1459
f 1918/647/1459 1917/623/1370 1919/620/1389
f 1918/647/1459 1919/620/1389 1920/640/1390
f 1921/619/1460 1922/618/1312 1923/686/1461
f 1924/618/1312 1925/619/1411 1926/686/1462
f 1926/686/1462 1925/619/1411 1927/687/1404
f 1926/686/1462 1927/687/1404 1928/619/1437
f 1929/608/1463 1930/609/1456 1931/635/1464
f 1932/688/1465 1931/635/1464 1933/689/1466
f 1934/690/1467 1935/691/1468 1936/692/1469
f 1932/688/1465 1933/689/1466 1937/693/1470
f 1937/693/1470 1933/689/1466 1938/694/1390
f 1937/693/1470 1938/694/1390 1939/695/1471
f 1939/695/1471 1938/694/1390 1940/696/1472
f 1941/697/1473 1942/698/1474 1943/699/1475
f 1943/699/1475 1942/698/1474 1944/700/1476
f 1943/699/1475 1944/700/1476 1945/701/1477
f 1946/702/1478 1947/703/1479 1948/704/1480
f 1945/701/1477 1949/705/1478 1943/699/1475
f 1943/699/1475 1949/705/1478 1950/706/1481
f 1943/699/1475 1950/706/1481 1941/697/1473
f 1941/697/1473 1950/706/1481 1951/707/1482
f 1941/697/1473 1951/707/1482 1952/708/1470
f 1952/708/1470 1951/707/1482 1953/709/1483
f 1952/708/1470 1953/709/1483 1954/710/1465
f 1954/710/1465 1953/709/1483 1955/711/1484
f 1954/710/1465 1955/711/1484 1956/712/1485
f 1957/690/1467 1958/713/1486 1959/691/1468
f 1959/691/1468 1958/713/1486 1960/714/1487
f 1959/691/1468 1960/714/1487 1961/715/1488
f 1961/715/1488 1960/714/1487 1962/704/1480
f 1961/715/1488 1962/704/1480 1963/716/1489
f 1963/716/1489 1962/704/1480 1964/703/1490
f 1963/716/1489 1964/703/1490 1965/717/1326
f 1930/609/1456 1929/608/1463 1966/610/1349
f 1966/610/1349 1929/608/1463 1967/614/1491
f 1966/610/1349 1967/614/1491 1968/634/1492
f 1968/634/1492 1967/614/1491 1969/718/1493
f 1968/634/1492 1969/718/1493 1970/633/1494
f 1931/635/1464 1932/688/1465 1929/608/1463
f 1929/608/1463 1932/688/1465 1971/719/1495
f 1929/608/1463 1971/719/1495 1967/614/1491
f 1967/614/1491 1971/719/1495 1972/720/1469
f 1967/614/1491 1972/720/1469 1969/718/1493
f 1969/718/1493 1972/720/1469 1973/721/1468
f 1969/718/1493 1973/721/1468 1970/633/1494
f 1970/633/1494 1973/721/1468 1974/722/1496
f 1970/633/1494 1974/722/1496 1975/631/1328
f 1976/693/1497 1977/689/1498 1978/688/1499
f 1979/634/1500 1980/718/1501 1981/614/1307
f 1982/701/1502 1983/700/1503 1984/699/1504
f 1984/699/1504 1983/700/1503 1985/698/1505
f 1984/699/1504 1985/698/1505 1986/697/1506
f 1977/689/1498 1976/693/1497 1987/694/1363
f 1987/694/1363 1976/693/1497 1988/695/1506
f 1987/694/1363 1988/695/1506 1989/696/1505
f 1990/692/1507 1991/691/1508 1992/690/1509
f 1993/702/1510 1994/704/1511 1995/703/1512
f 1980/718/1501 1979/634/1500 1996/633/1513
f 1996/633/1513 1979/634/1500 1997/632/1394
f 1996/633/1513 1997/632/1394 1998/631/1514
f 1998/631/1514 1997/632/1394 1999/630/1393
f 1998/631/1514 1999/630/1393 2000/629/1339
f 2001/712/1515 2002/711/1516 2003/710/1499
f 2003/710/1499 2002/711/1516 2004/709/1517
f 2003/710/1499 2004/709/1517 2005/708/1497
f 2005/708/1497 2004/709/1517 2006/707/1518
f 2005/708/1497 2006/707/1518 2007/697/1519
f 2007/697/1519 2006/707/1518 2008/706/1520
f 2007/697/1519 2008/706/1520 2009/699/1504
f 2009/699/1504 2008/706/1520 2010/705/1510
f 2009/699/1504 2010/705/1510 2011/701/1502
f 2012/717/1339 2013/703/1512 2014/716/1514
f 2014/716/1514 2013/703/1512 2015/704/1511
f 2014/716/1514 2015/704/1511 2016/715/1521
f 2016/715/1521 2015/704/1511 2017/714/1522
f 2016/715/1521 2017/714/1522 2018/691/1508
f 2018/691/1508 2017/714/1522 2019/713/1523
f 2018/691/1508 2019/713/1523 2020/690/1509
f 1998/631/1514 2021/722/1524 1996/633/1513
f 1996/633/1513 2021/722/1524 2022/721/1508
f 1996/633/1513 2022/721/1508 1980/718/1501
f 1980/718/1501 2022/721/1508 2023/720/1507
f 1980/718/1501 2023/720/1507 1981/614/1307
f 1981/614/1307 2023/720/1507 2024/719/1525
f 1981/614/1307 2024/719/1525 2025/608/1332
f 2025/608/1332 2024/719/1525 1978/688/1499
f 2025/608/1332 1978/688/1499 2026/635/1333
f 2026/635/1333 1978/688/1499 1977/689/1498
f 2027/686/1526 2028/643/1398 2029/618/1312
f 2028/643/1398 2027/686/1526 2030/618/1312
f 2031/723/1527 2032/724/1528 2033/725/1529
f 2033/725/1529 2032/724/1528 2034/726/1530
f 2035/727/1531 2036/728/1532 2037/729/1533
f 2037/729/1533 2036/728/1532 2038/730/1534
f 2037/729/1533 2038/730/1534 2039/731/1535
f 2040/732/1536 2041/733/1530 2042/734/1537
f 2043/732/1538 2044/735/1539 2045/733/1540
f 2045/733/1540 2044/735/1539 2046/736/1541
f 2045/733/1540 2046/736/1541 2047/737/1542
f 2047/737/1542 2046/736/1541 2048/738/1543
f 2047/737/1542 2048/738/1543 2049/739/1533
f 2049/739/1533 2048/738/1543 2050/740/1544
f 2049/739/1533 2050/740/1544 2051/741/1545
f 2051/741/1545 2050/740/1544 2052/742/1546
f 2051/741/1545 2052/742/1546 2053/743/1547
f 2053/743/1547 2052/742/1546 2054/744/1548
f 2053/743/1547 2054/744/1548 2055/745/1549
f 2055/745/1549 2054/744/1548 2056/746/1550
f 2055/745/1549 2056/746/1550 2057/747/1528
f 2058/748/1551 2059/749/1552 2060/750/1553
f 2061/751/1554 2062/752/1555 2063/753/1556
f 2064/750/1557 2065/754/1558 2066/748/1551
f 2067/749/1559 2068/748/1551 2069/755/1560
f 2070/756/1561 2071/757/1562 2072/758/1563
f 2072/758/1563 2071/757/1562 2073/759/1564
f 2072/758/1563 2073/759/1564 2074/760/1565
f 2075/761/1566 2076/752/1567 2077/762/1568
f 2077/762/1568 2076/752/1567 2078/763/1569
f 2079/753/1570 2080/764/1571 2081/765/1572
f 2081/765/1572 2080/764/1571 2082/766/1573
f 2081/765/1572 2082/766/1573 2083/767/1574
f 2083/767/1574 2082/766/1573 2084/768/1575
f 2083/767/1574 2084/768/1575 2085/769/1576
f 2086/762/1577 2087/770/1578 2088/761/1579
f 2088/761/1579 2087/770/1578 2089/771/1580
f 2088/761/1579 2089/771/1580 2090/772/1581
f 2090/772/1581 2089/771/1580 2091/773/1561
f 2090/772/1581 2091/773/1561 2092/774/1582
f 2093/775/1582 2094/756/1583 2095/776/1584
f 2095/776/1584 2094/756/1583 2096/758/1585
f 2095/776/1584 2096/758/1585 2097/777/1586
f 2097/777/1586 2096/758/1585 2098/760/1587
f 2097/777/1586 2098/760/1587 2099/778/1588
f 2100/752/1589 2101/751/1554 2078/763/1590
f 2078/763/1590 2101/751/1554 2102/750/1557
f 2078/763/1590 2102/750/1557 2103/762/1568
f 2103/762/1568 2102/750/1557 2104/749/1559
f 2103/762/1568 2104/749/1559 2105/770/1578
f 2105/770/1578 2104/749/1559 2106/755/1591
f 2105/770/1578 2106/755/1591 2107/771/1580
f 2107/771/1580 2106/755/1591 2108/779/1592
f 2107/771/1580 2108/779/1592 2109/773/1561
f 2110/754/1593 2060/750/1557 2111/780/1594
f 2111/780/1594 2060/750/1557 2112/751/1554
f 2111/780/1594 2112/751/1554 2113/781/1595
f 2113/781/1595 2112/751/1554 2063/753/1570
f 2113/781/1595 2063/753/1570 2114/778/1596
f 2114/778/1596 2063/753/1570 2115/765/1572
f 2114/778/1596 2115/765/1572 2116/777/1586
f 2116/777/1586 2115/765/1572 2117/767/1597
f 2116/777/1586 2117/767/1597 2118/776/1598
f 2118/776/1598 2117/767/1597 2119/769/1576
f 2118/776/1598 2119/769/1576 2120/775/1582
f 2121/782/1599 2122/783/1600 2123/784/1601
f 2123/784/1601 2124/785/1602 2125/786/1603
f 2126/787/1604 2127/788/1605 2128/789/1606
f 2129/769/1576 2130/790/1607 2131/775/1582
f 2132/791/1608 2133/764/1609 2134/753/1556
f 2135/792/1610 2136/793/1611 2137/794/1612
f 2138/795/1613 2139/796/1614 2140/797/1615
f 2140/797/1615 2139/796/1614 2141/798/1616
f 2140/797/1615 2141/798/1616 2142/799/1617
f 2143/800/1618 2144/746/1619 2145/744/1548
f 2122/783/1600 2121/782/1599 2146/801/1620
f 2147/774/1582 2148/802/1607 2149/772/1581
f 2149/772/1581 2148/802/1607 2150/803/1621
f 2149/772/1581 2150/803/1621 2151/761/1622
f 2151/761/1622 2150/803/1621 2132/791/1608
f 2151/761/1622 2132/791/1608 2152/752/1589
f 2152/752/1589 2132/791/1608 2134/753/1556
f 2153/804/1623 2154/805/1624 2155/806/1625
f 2155/806/1625 2154/805/1624 2156/807/1626
f 2155/806/1625 2156/807/1626 2157/808/1627
f 2157/808/1627 2156/807/1626 2158/809/1628
f 2157/808/1627 2158/809/1628 2159/810/1629
f 2159/810/1629 2158/809/1628 2160/811/1630
f 2159/810/1629 2160/811/1630 2125/786/1603
f 2125/786/1603 2160/811/1630 2161/812/1631
f 2125/786/1603 2161/812/1631 2123/784/1601
f 2162/813/1632 2163/814/1633 2164/815/1634
f 2164/815/1634 2163/814/1633 2165/816/1635
f 2164/815/1634 2165/816/1635 2166/817/1636
f 2166/817/1636 2165/816/1635 2167/818/1637
f 2166/817/1636 2167/818/1637 2168/819/1638
f 2168/819/1638 2167/818/1637 2137/794/1612
f 2168/819/1638 2137/794/1612 2169/820/1639
f 2169/820/1639 2137/794/1612 2136/793/1611
f 2164/815/1634 2170/821/1640 2162/813/1632
f 2162/813/1632 2170/821/1640 2171/822/1641
f 2162/813/1632 2171/822/1641 2172/823/1642
f 2172/823/1642 2171/822/1641 2173/824/1643
f 2172/823/1642 2173/824/1643 2174/825/1644
f 2174/825/1644 2173/824/1643 2175/826/1645
f 2174/825/1644 2175/826/1645 2176/827/1646
f 2124/785/1602 2123/784/1601 2142/799/1617
f 2142/799/1617 2123/784/1601 2122/783/1600
f 2142/799/1617 2122/783/1600 2140/797/1615
f 2140/797/1615 2122/783/1600 2146/801/1620
f 2140/797/1615 2146/801/1620 2138/795/1613
f 2127/788/1605 2126/787/1604 2177/828/1639
f 2177/828/1639 2126/787/1604 2178/829/1647
f 2177/828/1639 2178/829/1647 2179/830/1648
f 2179/830/1648 2178/829/1647 2180/831/1649
f 2179/830/1648 2180/831/1649 2181/832/1650
f 2181/832/1650 2180/831/1649 2182/833/1651
f 2181/832/1650 2182/833/1651 2183/834/1652
f 2183/834/1652 2182/833/1651 2184/835/1653
f 2183/834/1652 2184/835/1653 2185/836/1654
f 2185/836/1654 2184/835/1653 2186/837/1655
f 2185/836/1654 2186/837/1655 2187/838/1641
f 2187/838/1641 2186/837/1655 2188/839/1656
f 2187/838/1641 2188/839/1656 2189/840/1657
f 2189/840/1657 2188/839/1656 2190/841/1658
f 2189/840/1657 2190/841/1658 2191/842/1659
f 2139/796/1614 2143/800/1618 2141/798/1616
f 2141/798/1616 2143/800/1618 2145/744/1548
f 2141/798/1616 2145/744/1548 2142/799/1617
f 2142/799/1617 2145/744/1548 2192/742/1660
f 2142/799/1617 2192/742/1660 2124/785/1602
f 2124/785/1602 2192/742/1660 2193/740/1661
f 2124/785/1602 2193/740/1661 2125/786/1603
f 2125/786/1603 2193/740/1661 2194/738/1662
f 2125/786/1603 2194/738/1662 2159/810/1629
f 2159/810/1629 2194/738/1662 2195/736/1663
f 2159/810/1629 2195/736/1663 2157/808/1627
f 2157/808/1627 2195/736/1663 2196/735/1664
f 2157/808/1627 2196/735/1664 2155/806/1625
f 2155/806/1625 2196/735/1664 2197/732/1536
f 2155/806/1625 2197/732/1536 2153/804/1623
f 2154/805/1624 2198/843/1665 2156/807/1626
f 2156/807/1626 2198/843/1665 2199/844/1666
f 2156/807/1626 2199/844/1666 2158/809/1628
f 2158/809/1628 2199/844/1666 2200/845/1667
f 2158/809/1628 2200/845/1667 2160/811/1630
f 2160/811/1630 2200/845/1667 2201/846/1668
f 2160/811/1630 2201/846/1668 2161/812/1631
f 2161/812/1631 2201/846/1668 2202/847/1669
f 2161/812/1631 2202/847/1669 2123/784/1601
f 2123/784/1601 2202/847/1669 2203/848/1670
f 2123/784/1601 2203/848/1670 2121/782/1599
f 2204/760/1671 2205/777/1672 2206/778/1673
f 2207/749/1674 2208/770/1675 2209/755/1676
f 2210/777/1672 2211/760/1677 2212/758/1678
f 2212/758/1678 2211/760/1677 2213/759/1679
f 2212/758/1678 2213/759/1679 2214/757/1680
f 2215/771/1681 2216/773/1682 2217/779/1683
f 2218/764/1684 2219/753/1685 2220/765/1686
f 2221/753/1687 2222/752/1688 2223/751/1689
f 2224/770/1675 2225/749/1674 2226/762/1690
f 2227/748/1691 2228/754/1692 2229/750/1693
f 2230/774/1694 2231/773/1682 2232/772/1695
f 2232/772/1695 2231/773/1682 2233/771/1696
f 2232/772/1695 2233/771/1696 2234/761/1697
f 2235/763/1698 2236/762/1699 2237/750/1700
f 2237/750/1700 2236/762/1699 2225/749/1674
f 2237/750/1700 2225/749/1674 2238/748/1701
f 2238/748/1701 2225/749/1674 2239/755/1702
f 2240/777/1672 2241/765/1686 2242/778/1703
f 2242/778/1703 2241/765/1686 2243/753/1685
f 2242/778/1703 2243/753/1685 2244/781/1704
f 2244/781/1704 2243/753/1685 2245/751/1689
f 2244/781/1704 2245/751/1689 2246/780/1705
f 2247/757/1680 2248/756/1706 2249/758/1707
f 2249/758/1707 2248/756/1706 2250/776/1708
f 2249/758/1707 2250/776/1708 2251/777/1709
f 2251/777/1709 2250/776/1708 2252/767/1710
f 2251/777/1709 2252/767/1710 2253/765/1711
f 2253/765/1711 2252/767/1710 2254/766/1712
f 2253/765/1711 2254/766/1712 2255/764/1684
f 2256/756/1713 2257/775/1694 2258/776/1714
f 2258/776/1714 2257/775/1694 2259/769/1715
f 2258/776/1714 2259/769/1715 2260/767/1716
f 2260/767/1716 2259/769/1715 2261/768/1717
f 2260/767/1716 2261/768/1717 2262/766/1718
f 2263/754/1719 2264/780/1705 2265/750/1700
f 2265/750/1700 2264/780/1705 2266/751/1720
f 2265/750/1700 2266/751/1720 2267/763/1698
f 2267/763/1698 2266/751/1720 2268/752/1721
f 2267/763/1698 2268/752/1721 2226/762/1690
f 2226/762/1690 2268/752/1721 2269/761/1697
f 2226/762/1690 2269/761/1697 2224/770/1675
f 2224/770/1675 2269/761/1697 2270/771/1696
f 2224/770/1675 2270/771/1696 2271/755/1722
f 2271/755/1722 2270/771/1696 2272/779/1680
f 2273/734/1723 2274/733/1724 2275/732/1725
f 2276/723/1726 2277/725/1727 2278/724/1728
f 2278/724/1728 2277/725/1727 2279/849/1729
f 2278/724/1728 2279/849/1729 2280/726/1724
f 2281/731/1730 2282/730/1731 2283/729/1732
f 2283/729/1732 2282/730/1731 2284/728/1733
f 2283/729/1732 2284/728/1733 2285/727/1531
f 2286/747/1728 2287/746/1734 2288/745/1735
f 2288/745/1735 2287/746/1734 2289/744/1736
f 2288/745/1735 2289/744/1736 2290/743/1737
f 2290/743/1737 2289/744/1736 2291/742/1738
f 2290/743/1737 2291/742/1738 2292/741/1545
f 2292/741/1545 2291/742/1738 2293/740/1739
f 2292/741/1545 2293/740/1739 2294/739/1732
f 2294/739/1732 2293/740/1739 2295/738/1740
f 2294/739/1732 2295/738/1740 2296/737/1741
f 2296/737/1741 2295/738/1740 2297/736/1742
f 2296/737/1741 2297/736/1742 2298/733/1724
f 2298/733/1724 2297/736/1742 2299/735/1743
f 2298/733/1724 2299/735/1743 2300/732/1744
f 2301/791/1745 2302/752/1746 2303/753/1747
f 2304/828/1748 2305/789/1749 2306/788/1750
f 2307/744/1736 2308/746/1751 2309/800/1752
f 2310/783/1753 2311/797/1754 2312/801/1755
f 2312/801/1755 2311/797/1754 2313/795/1756
f 2314/820/1757 2315/793/1758 2316/792/1759
f 2317/785/1760 2318/799/1761 2310/783/1753
f 2310/783/1753 2318/799/1761 2319/798/1762
f 2310/783/1753 2319/798/1762 2311/797/1754
f 2303/753/1747 2320/764/1763 2301/791/1745
f 2321/775/1694 2322/790/1764 2323/769/1715
f 2324/814/1765 2325/813/1766 2326/821/1767
f 2326/821/1767 2325/813/1766 2327/823/1768
f 2326/821/1767 2327/823/1768 2328/822/1769
f 2328/822/1769 2327/823/1768 2329/825/1770
f 2328/822/1769 2329/825/1770 2330/824/1771
f 2330/824/1771 2329/825/1770 2331/827/1772
f 2330/824/1771 2331/827/1772 2332/826/1773
f 2333/805/1774 2334/804/1775 2335/807/1776
f 2335/807/1776 2334/804/1775 2336/806/1777
f 2335/807/1776 2336/806/1777 2337/809/1778
f 2337/809/1778 2336/806/1777 2338/808/1779
f 2337/809/1778 2338/808/1779 2339/811/1780
f 2339/811/1780 2338/808/1779 2340/810/1781
f 2339/811/1780 2340/810/1781 2341/812/1782
f 2340/810/1781 2342/786/1783 2341/812/1782
f 2341/812/1782 2342/786/1783 2317/785/1760
f 2341/812/1782 2317/785/1760 2343/784/1784
f 2343/784/1784 2317/785/1760 2310/783/1753
f 2343/784/1784 2310/783/1753 2344/782/1785
f 2344/782/1785 2310/783/1753 2312/801/1755
f 2326/821/1767 2345/815/1786 2324/814/1765
f 2324/814/1765 2345/815/1786 2346/817/1787
f 2324/814/1765 2346/817/1787 2347/816/1788
f 2347/816/1788 2346/817/1787 2348/819/1789
f 2347/816/1788 2348/819/1789 2349/818/1790
f 2349/818/1790 2348/819/1789 2314/820/1757
f 2349/818/1790 2314/820/1757 2350/794/1791
f 2350/794/1791 2314/820/1757 2316/792/1759
f 2302/752/1746 2301/791/1745 2351/761/1792
f 2351/761/1792 2301/791/1745 2352/803/1793
f 2351/761/1792 2352/803/1793 2353/772/1695
f 2353/772/1695 2352/803/1793 2354/802/1764
f 2353/772/1695 2354/802/1764 2355/774/1694
f 2305/789/1749 2304/828/1748 2356/787/1794
f 2356/787/1794 2304/828/1748 2357/830/1789
f 2356/787/1794 2357/830/1789 2358/829/1795
f 2358/829/1795 2357/830/1789 2359/832/1796
f 2358/829/1795 2359/832/1796 2360/831/1797
f 2360/831/1797 2359/832/1796 2361/834/1798
f 2360/831/1797 2361/834/1798 2362/833/1799
f 2362/833/1799 2361/834/1798 2363/836/1800
f 2362/833/1799 2363/836/1800 2364/835/1801
f 2364/835/1801 2363/836/1800 2365/838/1769
f 2364/835/1801 2365/838/1769 2366/837/1802
f 2366/837/1802 2365/838/1769 2367/840/1771
f 2366/837/1802 2367/840/1771 2368/839/1803
f 2368/839/1803 2367/840/1771 2369/842/1773
f 2368/839/1803 2369/842/1773 2370/841/1804
f 2344/782/1785 2371/848/1805 2343/784/1784
f 2343/784/1784 2371/848/1805 2372/847/1806
f 2343/784/1784 2372/847/1806 2341/812/1782
f 2341/812/1782 2372/847/1806 2373/846/1807
f 2341/812/1782 2373/846/1807 2339/811/1780
f 2339/811/1780 2373/846/1807 2374/845/1808
f 2339/811/1780 2374/845/1808 2337/809/1778
f 2337/809/1778 2374/845/1808 2375/844/1809
f 2337/809/1778 2375/844/1809 2335/807/1776
f 2335/807/1776 2375/844/1809 2376/843/1810
f 2335/807/1776 2376/843/1810 2333/805/1774
f 2334/804/1775 2377/732/1734 2336/806/1777
f 2336/806/1777 2377/732/1734 2378/735/1811
f 2336/806/1777 2378/735/1811 2338/808/1779
f 2338/808/1779 2378/735/1811 2379/736/1812
f 2338/808/1779 2379/736/1812 2340/810/1781
f 2340/810/1781 2379/736/1812 2380/738/1813
f 2340/810/1781 2380/738/1813 2342/786/1783
f 2342/786/1783 2380/738/1813 2381/740/1814
f 2342/786/1783 2381/740/1814 2317/785/1760
f 2317/785/1760 2381/740/1814 2382/742/1815
f 2317/785/1760 2382/742/1815 2318/799/1761
f 2318/799/1761 2382/742/1815 2307/744/1736
f 2318/799/1761 2307/744/1736 2319/798/1762
f 2319/798/1762 2307/744/1736 2309/800/1752
f 2319/798/1762 2309/800/1752 2311/797/1754
f 2311/797/1754 2309/800/1752 2383/796/1816
f 2311/797/1754 2383/796/1816 2313/795/1756
f 2384/850/1817 2385/851/1818 2386/852/1819
f 2387/853/1820 2388/731/1542 2389/730/1821
f 2390/854/1822 2391/855/1823 2392/856/1824
f 2393/857/1825 2394/858/1826 2395/859/1827
f 2396/860/1828 2397/861/1829 2398/862/1830
f 2385/851/1818 2384/850/1817 2399/863/1826
f 2400/864/1831 2401/865/1832 2402/866/1833
f 2402/866/1833 2401/865/1832 2403/867/1834
f 2402/866/1833 2403/867/1834 2404/868/1824
f 2405/725/1835 2406/726/1540 2407/849/1836
f 2407/849/1836 2406/726/1540 2408/869/1535
f 2407/849/1836 2408/869/1535 2409/870/1837
f 2410/871/1838 2411/872/1839 2390/854/1822
f 2388/731/1542 2387/853/1820 2412/873/1837
f 2413/874/1840 2414/875/1841 2415/876/1842
f 2416/877/1820 2417/878/1843 2418/879/1844
f 2418/879/1844 2417/878/1843 2419/880/1845
f 2420/881/1846 2421/882/1826 2422/883/1847
f 2391/855/1823 2390/854/1822 2423/884/1848
f 2423/884/1848 2390/854/1822 2411/872/1839
f 2423/884/1848 2411/872/1839 2424/885/1849
f 2398/862/1830 2425/886/1850 2396/860/1828
f 2396/860/1828 2425/886/1850 2414/875/1841
f 2396/860/1828 2414/875/1841 2426/887/1532
f 2426/887/1532 2414/875/1841 2413/874/1840
f 2426/887/1532 2413/874/1840 2427/888/1534
f 2394/858/1826 2393/857/1825 2428/889/1847
f 2428/889/1847 2393/857/1825 2429/890/1844
f 2428/889/1847 2429/890/1844 2430/891/1851
f 2430/891/1851 2429/890/1844 2431/892/1852
f 2430/891/1851 2431/892/1852 2432/893/1853
f 2409/870/1837 2433/894/1854 2407/849/1836
f 2407/849/1836 2433/894/1854 2434/895/1855
f 2407/849/1836 2434/895/1855 2405/725/1835
f 2405/725/1835 2434/895/1855 2435/896/1856
f 2405/725/1835 2435/896/1856 2436/723/1527
f 2437/728/1857 2438/727/1531 2439/897/1838
f 2439/897/1838 2438/727/1531 2440/898/1858
f 2439/897/1838 2440/898/1858 2420/881/1846
f 2420/881/1846 2440/898/1858 2441/899/1859
f 2420/881/1846 2441/899/1859 2421/882/1826
f 2426/887/1532 2410/871/1838 2396/860/1828
f 2396/860/1828 2410/871/1838 2390/854/1822
f 2396/860/1828 2390/854/1822 2397/861/1829
f 2397/861/1829 2390/854/1822 2392/856/1824
f 2397/861/1829 2392/856/1824 2398/862/1830
f 2398/862/1830 2392/856/1824 2442/900/1860
f 2398/862/1830 2442/900/1860 2425/886/1850
f 2425/886/1850 2442/900/1860 2443/901/1861
f 2425/886/1850 2443/901/1861 2414/875/1841
f 2414/875/1841 2443/901/1861 2444/902/1852
f 2414/875/1841 2444/902/1852 2415/876/1842
f 2445/901/1862 2446/886/1863 2447/902/1864
f 2447/902/1864 2448/874/1865 2449/876/1866
f 2450/883/1867 2451/882/1868 2452/881/1869
f 2453/879/1870 2454/880/1871 2455/877/1872
f 2455/877/1872 2454/880/1871 2456/878/1731
f 2457/869/1873 2458/726/1724 2459/849/1729
f 2460/723/1726 2461/896/1874 2462/725/1875
f 2463/852/1876 2464/851/1877 2465/850/1878
f 2465/850/1878 2464/851/1877 2466/863/1868
f 2467/875/1879 2468/860/1880 2448/874/1865
f 2469/730/1731 2470/731/1873 2471/853/1872
f 2471/853/1872 2470/731/1873 2472/873/1881
f 2473/868/1882 2474/867/1883 2475/866/1884
f 2475/866/1884 2474/867/1883 2476/865/1885
f 2475/866/1884 2476/865/1885 2477/864/1886
f 2446/886/1863 2445/901/1862 2478/862/1887
f 2478/862/1887 2445/901/1862 2479/900/1888
f 2478/862/1887 2479/900/1888 2480/856/1882
f 2481/854/1889 2468/860/1880 2482/861/1890
f 2451/882/1868 2483/899/1891 2452/881/1869
f 2452/881/1869 2483/899/1891 2484/898/1892
f 2452/881/1869 2484/898/1892 2485/897/1893
f 2485/897/1893 2484/898/1892 2486/727/1531
f 2485/897/1893 2486/727/1531 2487/728/1733
f 2488/888/1731 2448/874/1865 2489/887/1733
f 2489/887/1733 2448/874/1865 2468/860/1880
f 2489/887/1733 2468/860/1880 2490/871/1893
f 2490/871/1893 2468/860/1880 2481/854/1889
f 2490/871/1893 2481/854/1889 2491/872/1894
f 2491/872/1894 2481/854/1889 2492/884/1895
f 2491/872/1894 2492/884/1895 2493/885/1896
f 2461/896/1874 2494/895/1897 2462/725/1875
f 2462/725/1875 2494/895/1897 2495/894/1876
f 2462/725/1875 2495/894/1876 2459/849/1729
f 2459/849/1729 2495/894/1876 2496/870/1898
f 2459/849/1729 2496/870/1898 2457/869/1873
f 2497/893/1884 2498/892/1864 2499/891/1899
f 2499/891/1899 2498/892/1864 2500/890/1866
f 2499/891/1899 2500/890/1866 2501/889/1867
f 2501/889/1867 2500/890/1866 2502/857/1900
f 2501/889/1867 2502/857/1900 2503/858/1901
f 2503/858/1901 2502/857/1900 2504/859/1878
f 2448/874/1865 2447/902/1864 2467/875/1879
f 2467/875/1879 2447/902/1864 2446/886/1863
f 2467/875/1879 2446/886/1863 2468/860/1880
f 2468/860/1880 2446/886/1863 2478/862/1887
f 2468/860/1880 2478/862/1887 2482/861/1890
f 2482/861/1890 2478/862/1887 2480/856/1882
f 2482/861/1890 2480/856/1882 2481/854/1889
f 2481/854/1889 2480/856/1882 2505/855/1902
f 2481/854/1889 2505/855/1902 2492/884/1895
f 2506/903/1903 2507/904/1904 2508/705/1905
f 2509/704/1511 2510/702/1906 2511/905/1907
f 2512/711/1516 2513/712/1515 2514/906/1908
f 2514/906/1908 2513/712/1515 2515/692/1909
f 2514/906/1908 2515/692/1909 2516/690/1910
f 2517/714/1522 2509/704/1511 2518/759/1911
f 2518/759/1911 2509/704/1511 2511/905/1907
f 2518/759/1911 2511/905/1907 2519/757/1683
f 2520/755/1722 2521/779/1912 2507/904/1904
f 2507/904/1904 2506/903/1903 2520/755/1722
f 2520/755/1722 2506/903/1903 2522/907/1913
f 2520/755/1722 2522/907/1913 2523/748/1914
f 2524/760/1671 2525/778/1673 2526/908/1915
f 2526/908/1915 2525/778/1673 2527/781/1916
f 2526/908/1915 2527/781/1916 2528/909/1917
f 2528/909/1917 2527/781/1916 2529/780/1918
f 2528/909/1917 2529/780/1918 2530/910/1919
f 2530/910/1919 2529/780/1918 2531/754/1920
f 2530/910/1919 2531/754/1920 2532/911/1921
f 2532/911/1921 2531/754/1920 2523/748/1914
f 2532/911/1921 2523/748/1914 2533/912/1922
f 2533/912/1922 2523/748/1914 2522/907/1913
f 2518/759/1911 2524/760/1671 2517/714/1522
f 2517/714/1522 2524/760/1671 2526/908/1915
f 2517/714/1522 2526/908/1915 2534/713/1523
f 2534/713/1523 2526/908/1915 2528/909/1917
f 2534/713/1523 2528/909/1917 2516/690/1910
f 2516/690/1910 2528/909/1917 2530/910/1919
f 2516/690/1910 2530/910/1919 2514/906/1908
f 2514/906/1908 2530/910/1919 2532/911/1921
f 2514/906/1908 2532/911/1921 2512/711/1516
f 2512/711/1516 2532/911/1921 2533/912/1922
f 2512/711/1516 2533/912/1922 2535/709/1923
f 2535/709/1923 2533/912/1922 2522/907/1913
f 2535/709/1923 2522/907/1913 2536/707/1924
f 2536/707/1924 2522/907/1913 2506/903/1903
f 2536/707/1924 2506/903/1903 2537/706/1520
f 2537/706/1520 2506/903/1903 2508/705/1905
f 2538/908/1925 2539/778/1926 2540/760/1927
f 2541/903/1928 2542/706/1481 2543/705/1929
f 2544/904/1930 2545/779/1931 2546/755/1591
f 2547/748/1932 2548/907/1933 2546/755/1591
f 2546/755/1591 2548/907/1933 2541/903/1928
f 2546/755/1591 2541/903/1928 2544/904/1930
f 2544/904/1930 2541/903/1928 2543/705/1929
f 2549/690/1934 2550/692/1935 2551/906/1936
f 2551/906/1936 2550/692/1935 2552/712/1495
f 2551/906/1936 2552/712/1495 2553/711/1484
f 2554/759/1937 2555/704/1480 2556/714/1487
f 2557/702/1929 2555/704/1480 2558/905/1938
f 2558/905/1938 2555/704/1480 2554/759/1937
f 2558/905/1938 2554/759/1937 2559/757/1562
f 2539/778/1926 2538/908/1925 2560/781/1939
f 2560/781/1939 2538/908/1925 2561/909/1940
f 2560/781/1939 2561/909/1940 2562/780/1941
f 2562/780/1941 2561/909/1940 2563/910/1942
f 2562/780/1941 2563/910/1942 2564/754/1943
f 2564/754/1943 2563/910/1942 2565/911/1944
f 2564/754/1943 2565/911/1944 2547/748/1932
f 2547/748/1932 2565/911/1944 2566/912/1945
f 2547/748/1932 2566/912/1945 2548/907/1933
f 2542/706/1481 2541/903/1928 2567/707/1946
f 2567/707/1946 2541/903/1928 2548/907/1933
f 2567/707/1946 2548/907/1933 2568/709/1483
f 2568/709/1483 2548/907/1933 2566/912/1945
f 2568/709/1483 2566/912/1945 2553/711/1484
f 2553/711/1484 2566/912/1945 2565/911/1944
f 2553/711/1484 2565/911/1944 2551/906/1936
f 2551/906/1936 2565/911/1944 2563/910/1942
f 2551/906/1936 2563/910/1942 2549/690/1934
f 2549/690/1934 2563/910/1942 2561/909/1940
f 2549/690/1934 2561/909/1940 2569/713/1486
f 2569/713/1486 2561/909/1940 2538/908/1925
f 2569/713/1486 2538/908/1925 2556/714/1487
f 2556/714/1487 2538/908/1925 2540/760/1927
f 2556/714/1487 2540/760/1927 2554/759/1937
