mtllib f_body012.mtl
o editpl_f-0000-30
v -67.804497 34.018318 -3.356288
v -69.986961 34.817204 -4.497647
v -67.804497 34.987244 -4.873284
v -67.804497 35.269581 0.753494
v -69.973740 34.368031 0.873520
v -67.804497 34.297447 -0.682374
v -69.931412 33.639732 -1.972654
v -69.986961 34.817204 -4.497647
v -67.804497 34.018318 -3.356288
v -69.931412 33.639732 -1.972654
v -67.804497 33.825817 -2.039335
v -67.804497 34.297447 -0.682374
v -69.973740 37.791359 0.873520
v -69.973740 34.368031 0.873520
v -67.804497 35.269581 0.753494
v -67.804497 35.269581 0.753494
v -67.804497 37.428814 0.753494
v -69.973740 37.791359 0.873520
v -67.804497 38.792370 -1.319179
v -69.973740 39.032997 -1.086906
v -67.804497 38.811619 -2.856179
v -69.973740 39.032997 -3.111790
v -67.804497 37.428814 -4.873284
v -69.973740 37.791359 -4.753258
v -67.804497 34.987244 -4.873284
v -69.986961 34.817204 -4.497647
v -45.228573 33.216225 0.056676
v -46.395199 34.435406 1.360293
v -53.939907 33.559521 1.175809
v -53.360561 39.636169 1.328063
v -47.752293 40.287468 1.672583
v -47.580341 41.282063 0.114466
v -43.077854 37.675858 1.933751
v -39.797546 34.297447 2.324947
v -39.797546 37.740025 2.324947
v -42.678398 37.929317 -6.153562
v -44.196861 37.528271 -6.129113
v -44.196861 38.028778 -5.973523
v -49.252239 36.299465 -6.473632
v -47.281410 37.720776 -5.909065
v -48.503590 36.190384 -6.433623
v -30.903679 32.786304 -0.392309
v -39.990662 32.706097 -1.899305
v -30.901031 32.828014 -2.459425
v -53.831444 32.645138 -0.202268
v -46.395199 34.435406 1.360293
v -45.228573 33.216225 0.056676
v -42.686333 35.179749 1.859290
v -39.781673 33.225853 0.836846
v -39.797546 34.297447 2.324947
v -42.678398 37.043808 -6.613662
v -38.673244 37.550732 -6.253584
v -38.673244 35.397915 -6.993745
v -43.781532 38.959206 -4.109785
v -46.635929 32.263340 -1.364743
v -53.831444 32.247299 -1.809284
v -53.831444 32.645138 -3.931968
v -60.817970 33.273975 -2.473874
v -60.817970 33.565937 -4.218698
v -53.834091 33.780899 -5.853497
v -60.185719 36.193592 -6.194683
v -59.939697 38.160320 -5.609000
v -53.032532 38.660828 -5.853497
v -59.984669 39.957005 -3.575224
v -52.148964 40.913101 -2.571673
v -59.984669 39.982674 -1.455875
v -42.678398 33.845066 -6.153562
v -38.673244 34.127403 -6.253583
v -39.990662 32.706097 -1.899305
v -30.903679 31.948921 -4.996644
v -30.901031 32.828014 -2.459425
v -30.901031 39.430836 -0.579018
v -39.567394 39.430836 1.100236
v -30.903679 37.249146 3.114007
v -47.752293 40.287468 1.672583
v -53.360561 39.636169 1.328063
v -53.659492 37.380688 1.853733
v -44.196861 33.941319 -6.329155
v -49.561752 34.082485 -5.909064
v -45.016937 32.661179 -5.133340
v -46.657093 32.914639 -4.443191
v -45.469303 32.879349 -3.146241
v -47.580341 41.282063 0.114466
v -45.649193 41.089561 0.077792
v -43.551380 40.483177 -2.306060
v -38.673244 39.786964 -3.081784
v -43.781532 38.959206 -4.109785
v -38.673244 37.550732 -6.253584
v -42.678398 37.929317 -6.153562
v -42.678398 37.043808 -6.613662
v -60.817970 33.273975 -2.473874
v -53.831444 32.247299 -1.809284
v -53.831444 32.645138 -0.202268
v -46.635929 32.263340 -1.364743
v -45.228573 33.216225 0.056676
v -39.990662 32.706097 -1.899305
v -39.797546 34.297447 2.324947
v -43.077854 37.675858 1.933751
v -42.686333 35.179749 1.859290
v -47.413681 37.027767 1.807056
v -53.770599 34.781910 1.595899
v -30.901031 39.430836 -0.579018
v -39.234074 39.973049 -0.930205
v -39.567394 39.430836 1.100236
v -47.569759 38.128239 2.039329
v -53.659492 37.380688 1.853733
v -53.715046 35.917671 1.535886
v -60.455551 35.186165 0.363409
v -48.366028 38.304695 -5.603443
v -49.252239 36.299465 -6.473632
v -53.032532 38.660828 -5.853497
v -53.519287 36.260967 -6.647003
v -60.185719 36.193592 -6.194683
v -53.834091 33.780899 -5.853497
v -60.434387 34.720951 -5.608999
v -44.196861 37.528271 -6.129113
v -44.196861 37.181767 -6.593658
v -42.678398 37.043808 -6.613662
v -42.678398 33.845066 -6.153562
v -38.673244 35.397915 -6.993745
v -38.673244 34.127403 -6.253583
v -47.916309 32.597012 -3.019547
v -50.561718 33.408730 -5.613444
v -47.281410 37.720776 -5.909065
v -49.252239 36.299465 -6.473632
v -47.442780 38.230904 -5.353389
v -48.366028 38.304695 -5.603443
v -47.471882 39.408375 -3.686360
v -53.032532 38.660828 -5.853497
v -47.580341 41.144100 -2.079344
v -52.148964 40.913101 -2.571673
v -52.254780 40.983685 0.088905
v -59.984669 39.982674 -1.455875
v -60.315346 38.471531 0.060010
v -39.990662 32.706097 -1.899305
v -30.903679 32.786304 -0.392309
v -39.781673 33.225853 0.836846
v -30.903679 33.687855 3.114007
v -39.567394 39.430836 1.100236
v -47.413681 37.027767 1.807056
v -60.455551 35.186165 0.363409
v -60.540203 33.947735 0.013333
v -60.817970 33.216225 -1.179147
v -60.817970 33.273975 -2.473874
v -53.519287 36.260967 -6.647003
v -39.990662 32.706097 -1.899305
v -42.678398 33.845066 -6.153562
v -44.196861 37.181767 -6.593658
v -47.442780 38.230904 -5.353389
v -47.471882 39.408375 -3.686360
v -43.551380 40.483177 -2.306060
v -47.580341 41.144100 -2.079344
v -52.254780 40.983685 0.088905
v -60.399998 36.363636 0.571232
v -47.752293 40.287468 1.672583
v -39.234074 39.973049 -0.930205
v -45.649193 41.089561 0.077792
v -38.673244 39.786964 -3.081784
v -67.804497 35.269581 0.753494
v -60.455551 35.186165 0.363409
v -60.399998 36.363636 0.571232
v -47.752293 40.287468 1.672583
v -45.649193 41.089561 0.077792
v -47.580341 41.282063 0.114466
v -67.804497 37.428814 0.753494
v -60.817970 33.273975 -2.473874
v -67.804497 33.825817 -2.039335
v -60.817970 33.565937 -4.218698
v -67.804497 34.018318 -3.356288
v -60.434387 34.720951 -5.608999
v -67.804497 34.987244 -4.873284
v -60.185719 36.193592 -6.194683
v -67.804497 37.428814 -4.873284
v -60.315346 38.471531 0.060010
v -59.984669 39.982674 -1.455875
v -67.804497 38.792370 -1.319179
v -59.984669 39.957005 -3.575224
v -67.804497 38.811619 -2.856179
v -59.939697 38.160320 -5.609000
v -67.804497 37.428814 -4.873284
v -60.540203 33.947735 0.013333
v -67.804497 34.297447 -0.682374
v -60.817970 33.216225 -1.179147
v -67.804497 33.825817 -2.039335
v -60.817970 33.273975 -2.473874
v 67.804497 35.269581 0.753494
v 69.973740 34.368031 0.873520
v 69.973740 37.791359 0.873520
v 69.931412 33.639732 -1.972654
v 69.973740 34.368031 0.873520
v 67.804497 34.297447 -0.682374
v 67.804497 35.269581 0.753494
v 67.804497 34.987244 -4.873284
v 69.986961 34.817204 -4.497647
v 67.804497 34.018318 -3.356288
v 69.931412 33.639732 -1.972654
v 67.804497 33.825817 -2.039335
v 67.804497 34.297447 -0.682374
v 69.986961 34.817204 -4.497647
v 67.804497 34.987244 -4.873284
v 69.973740 37.791359 -4.753258
v 67.804497 37.428814 -4.873284
v 69.973740 39.032997 -3.111790
v 67.804497 38.811619 -2.856179
v 69.973740 39.032997 -1.086906
v 67.804497 38.792370 -1.319179
v 69.973740 37.791359 0.873520
v 67.804497 37.428814 0.753494
v 67.804497 35.269581 0.753494
v 59.984669 39.957005 -3.575224
v 52.148964 40.913101 -2.571673
v 59.984669 39.982674 -1.455875
v 38.673244 37.550732 -6.253584
v 42.678398 37.929317 -6.153562
v 42.678398 37.043808 -6.613662
v 39.990662 32.706097 -1.899305
v 30.903679 32.786304 -0.392309
v 30.901031 32.828014 -2.459425
v 53.032532 38.660828 -5.853497
v 49.252239 36.299465 -6.473632
v 48.366028 38.304695 -5.603443
v 38.673244 35.397915 -6.993745
v 38.673244 37.550732 -6.253584
v 42.678398 37.043808 -6.613662
v 43.781532 38.959206 -4.109785
v 44.196861 38.028778 -5.973523
v 42.678398 37.929317 -6.153562
v 53.831444 32.645138 -0.202268
v 60.817970 33.216225 -1.179147
v 60.540203 33.947735 0.013333
v 53.831444 32.645138 -3.931968
v 53.831444 32.247299 -1.809284
v 46.635929 32.263340 -1.364743
v 53.834091 33.780899 -5.853497
v 60.817970 33.565937 -4.218698
v 53.831444 32.645138 -3.931968
v 60.817970 33.273975 -2.473874
v 52.148964 40.913101 -2.571673
v 59.984669 39.957005 -3.575224
v 53.032532 38.660828 -5.853497
v 59.939697 38.160320 -5.609000
v 60.185719 36.193592 -6.194683
v 46.635929 32.263340 -1.364743
v 53.831444 32.247299 -1.809284
v 53.831444 32.645138 -0.202268
v 60.817970 33.273975 -2.473874
v 53.659492 37.380688 1.853733
v 53.360561 39.636169 1.328063
v 47.752293 40.287468 1.672583
v 47.580341 41.282063 0.114466
v 30.901031 32.828014 -2.459425
v 30.903679 31.948921 -4.996644
v 39.990662 32.706097 -1.899305
v 38.673244 34.127403 -6.253583
v 42.678398 33.845066 -6.153562
v 48.503590 36.190384 -6.433623
v 49.561752 34.082485 -5.909064
v 50.561718 33.408730 -5.613444
v 46.657093 32.914639 -4.443191
v 47.916309 32.597012 -3.019547
v 53.834091 33.780899 -5.853497
v 49.252239 36.299465 -6.473632
v 53.519287 36.260967 -6.647003
v 30.903679 33.687855 3.114007
v 30.903679 32.786304 -0.392309
v 39.781673 33.225853 0.836846
v 42.678398 37.929317 -6.153562
v 38.673244 37.550732 -6.253584
v 43.781532 38.959206 -4.109785
v 38.673244 39.786964 -3.081784
v 43.551380 40.483177 -2.306060
v 45.649193 41.089561 0.077792
v 53.715046 35.917671 1.535886
v 53.659492 37.380688 1.853733
v 47.569759 38.128239 2.039329
v 39.567394 39.430836 1.100236
v 39.234074 39.973049 -0.930205
v 38.673244 39.786964 -3.081784
v 39.990662 32.706097 -1.899305
v 39.781673 33.225853 0.836846
v 46.635929 32.263340 -1.364743
v 45.228573 33.216225 0.056676
v 53.939907 33.559521 1.175809
v 60.455551 35.186165 0.363409
v 53.770599 34.781910 1.595899
v 53.715046 35.917671 1.535886
v 47.413681 37.027767 1.807056
v 47.569759 38.128239 2.039329
v 43.077854 37.675858 1.933751
v 39.567394 39.430836 1.100236
v 39.797546 37.740025 2.324947
v 38.673244 34.127403 -6.253583
v 38.673244 35.397915 -6.993745
v 42.678398 33.845066 -6.153562
v 44.196861 37.181767 -6.593658
v 44.196861 37.528271 -6.129113
v 53.032532 38.660828 -5.853497
v 53.834091 33.780899 -5.853497
v 60.434387 34.720951 -5.608999
v 60.817970 33.565937 -4.218698
v 45.469303 32.879349 -3.146241
v 45.016937 32.661179 -5.133340
v 44.196861 33.941319 -6.329155
v 39.234074 39.973049 -0.930205
v 30.901031 39.430836 -0.579018
v 30.903679 37.249146 3.114007
v 39.797546 34.297447 2.324947
v 42.686333 35.179749 1.859290
v 47.413681 37.027767 1.807056
v 46.395199 34.435406 1.777050
v 53.770599 34.781910 1.595899
v 48.503590 36.190384 -6.433623
v 47.281410 37.720776 -5.909065
v 49.252239 36.299465 -6.473632
v 47.442780 38.230904 -5.353389
v 47.471882 39.408375 -3.686360
v 47.580341 41.144100 -2.079344
v 52.148964 40.913101 -2.571673
v 52.254780 40.983685 0.088905
v 59.984669 39.982674 -1.455875
v 60.315346 38.471531 0.060010
v 39.990662 32.706097 -1.899305
v 47.281410 37.720776 -5.909065
v 47.442780 38.230904 -5.353389
v 47.471882 39.408375 -3.686360
v 47.580341 41.144100 -2.079344
v 52.254780 40.983685 0.088905
v 60.399998 36.363636 0.571232
v 53.715046 35.917671 1.535886
v 53.939907 33.559521 1.175809
v 45.228573 33.216225 0.056676
v 47.580341 41.282063 0.114466
v 45.649193 41.089561 0.077792
v 47.752293 40.287468 1.672583
v 60.399998 36.363636 0.571232
v 67.804497 35.269581 0.753494
v 67.804497 37.428814 0.753494
v 60.455551 35.186165 0.363409
v 60.540203 33.947735 0.013333
v 67.804497 34.297447 -0.682374
v 60.817970 33.216225 -1.179147
v 67.804497 33.825817 -2.039335
v 60.817970 33.273975 -2.473874
v 60.185719 36.193592 -6.194683
v 67.804497 34.987244 -4.873284
v 60.434387 34.720951 -5.608999
v 67.804497 34.018318 -3.356288
v 60.817970 33.565937 -4.218698
v 67.804497 33.825817 -2.039335
v 60.817970 33.273975 -2.473874
v 67.804497 34.987244 -4.873284
v 67.804497 37.428814 -4.873284
v 59.939697 38.160320 -5.609000
v 67.804497 38.811619 -2.856179
v 59.984669 39.957005 -3.575224
v 67.804497 38.792370 -1.319179
v 59.984669 39.982674 -1.455875
v 60.315346 38.471531 0.060010
v -75.788345 35.882381 3.115118
v -76.711594 33.845066 1.589231
v -81.060646 32.998058 2.721701
v -76.648102 36.841682 -6.046873
v -71.518654 35.612877 -5.994639
v -73.063576 34.011902 -4.715471
v -80.983932 32.353176 3.401848
v -81.113556 33.960567 3.440745
v -75.111122 35.818211 -0.962434
v -69.931412 33.639732 -1.972654
v -80.891342 37.861942 -5.221138
v -77.716850 39.841503 -4.480977
v -80.142693 36.893017 -6.515863
v -76.968201 38.872578 -6.335824
v -83.555267 33.463272 -5.681237
v -83.280144 33.052601 -6.515862
v -82.557953 32.244091 -5.327826
v -82.110878 32.061214 -6.226912
v -85.475838 33.017307 -1.610353
v -84.846230 32.869724 -3.730814
v -81.706131 35.510208 -4.215363
v -85.475838 33.017307 -1.610353
v -84.764221 34.493156 1.588120
v -85.711281 35.186165 1.013551
v -83.129356 37.691898 1.573672
v -84.764221 34.493156 1.588120
v -78.465500 40.810432 -2.146025
v -69.973740 39.032997 -1.086906
v -69.973740 39.032997 -3.111790
v -76.007912 36.722973 2.900627
v -77.769760 39.687504 2.310499
v -78.436401 37.563564 2.687248
v -82.073837 36.254551 2.296052
v -73.425995 37.220268 3.943076
v -75.952362 34.679241 4.538762
v -72.685280 33.399101 2.344951
v -75.507935 32.773472 2.973978
v -80.983932 32.353176 3.401848
v -81.034195 33.440811 4.367614
v -81.113556 33.960567 3.440745
v -75.788345 35.882381 3.115118
v -76.007912 36.722973 2.900627
v -78.436401 37.563564 2.687248
v -78.976067 35.901630 -6.226912
v -81.706131 35.510208 -4.215363
v -84.846230 32.869724 -3.730814
v -82.785454 36.918682 -4.479865
v -86.261520 33.620480 -3.961975
v -77.095177 37.024559 -4.128678
v -77.716850 39.841503 -4.480977
v -79.423141 36.084507 -4.867727
v -82.557953 32.244091 -5.327826
v -84.764221 34.493156 1.588120
v -82.073837 36.254551 2.296052
v -77.095177 37.024559 -4.128678
v -69.986961 34.817204 -4.497647
v -73.063576 34.011902 -4.715471
v -76.648102 36.841682 -6.046873
v -78.976067 35.901630 -6.226912
v -79.423141 36.084507 -4.867727
v -82.110878 32.061214 -6.226912
v -82.557953 32.244091 -5.327826
v -75.507935 32.773472 2.973978
v -72.685280 33.399101 2.344951
v -69.973740 34.368031 0.873520
v -74.492096 38.452282 3.126232
v -83.097610 38.176361 -2.132689
v -69.973740 37.791359 -4.753258
v -69.986961 34.817204 -4.497647
v -86.682144 33.739189 -2.013774
v -82.110878 32.061214 -6.226912
v -69.973740 34.368031 0.873520
v -69.973740 37.791359 0.873520
v -84.846230 32.869724 -3.730814
v 78.976067 35.901630 -6.226912
v 77.095177 37.024559 -4.128678
v 76.648102 36.841682 -6.046873
v 83.129356 37.691898 1.573672
v 82.073837 36.254551 2.296052
v 84.764221 34.493156 1.588120
v 75.952362 34.679241 4.538762
v 72.685280 33.399101 2.344951
v 75.507935 32.773472 2.973978
v 81.034195 33.440811 4.367614
v 81.113556 33.960567 3.440745
v 75.788345 35.882381 3.115118
v 78.465500 40.810432 -2.146025
v 69.973740 39.032997 -3.111790
v 69.973740 39.032997 -1.086906
v 79.423141 36.084507 -4.867727
v 82.110878 32.061214 -6.226912
v 82.557953 32.244091 -5.327826
v 82.557953 32.244091 -5.327826
v 82.110878 32.061214 -6.226912
v 83.555267 33.463272 -5.681237
v 83.280144 33.052601 -6.515862
v 83.097610 38.176361 -2.132689
v 86.682144 33.739189 -2.013774
v 86.261520 33.620480 -3.961975
v 81.706131 35.510208 -4.215363
v 84.846230 32.869724 -3.730814
v 85.475838 33.017307 -1.610353
v 85.711281 35.186165 1.013551
v 84.764221 34.493156 1.588120
v 85.475838 33.017307 -1.610353
v 69.986961 34.817204 -4.497647
v 69.973740 37.791359 -4.753258
v 71.518654 35.612877 -5.994639
v 76.968201 38.872578 -6.335824
v 78.436401 37.563564 2.687248
v 77.769760 39.687504 2.310499
v 76.007912 36.722973 2.900627
v 73.425995 37.220268 3.943076
v 80.983932 32.353176 3.401848
v 78.436401 37.563564 2.687248
v 76.007912 36.722973 2.900627
v 75.111122 35.818211 -0.962434
v 75.788345 35.882381 3.115118
v 80.891342 37.861942 -5.221138
v 80.142693 36.893017 -6.515863
v 77.716850 39.841503 -4.480977
v 77.095177 37.024559 -4.128678
v 81.706131 35.510208 -4.215363
v 82.785454 36.918682 -4.479865
v 84.846230 32.869724 -3.730814
v 82.557953 32.244091 -5.327826
v 79.423141 36.084507 -4.867727
v 77.716850 39.841503 -4.480977
v 69.986961 34.817204 -4.497647
v 73.063576 34.011902 -4.715471
v 69.931412 33.639732 -1.972654
v 76.711594 33.845066 1.589231
v 81.060646 32.998058 2.721701
v 81.113556 33.960567 3.440745
v 69.973740 34.368031 0.873520
v 72.685280 33.399101 2.344951
v 75.507935 32.773472 2.973978
v 80.983932 32.353176 3.401848
v 74.492096 38.455490 3.126232
v 82.073837 36.254551 2.296052
v 84.764221 34.493156 1.588120
v 78.976067 35.901630 -6.226912
v 76.648102 36.841682 -6.046873
v 73.063576 34.011902 -4.715471
v 82.110878 32.061214 -6.226912
v 84.846230 32.869724 -3.730814
v 69.973740 37.791359 0.873520
v 69.973740 34.368031 0.873520
v 38.673244 35.397915 -6.993745
v 30.903679 34.528450 -7.333818
v 30.903679 37.229893 -6.593658
v 35.025227 35.295246 -8.701894
v 29.864033 34.226864 -9.283131
v 29.864033 37.823441 -8.372933
v 38.673244 39.786964 -3.081784
v 38.673244 37.550732 -6.253584
v 30.901031 39.430836 -0.579018
v 39.234074 39.973049 -0.930205
v 30.903679 40.226509 -2.158250
v 30.903679 39.341000 -3.976423
v 30.903679 32.747807 -6.593657
v 38.673244 34.127403 -6.253583
v 30.903679 31.948921 -4.996644
v 29.864033 30.511574 -5.608999
v 29.864033 29.911608 -2.488321
v 29.864033 36.036381 -2.058228
v 29.864033 30.303028 2.392740
v 29.864033 32.850471 4.706575
v 29.864033 37.823441 -8.372933
v 29.864033 41.365479 -5.474526
v 29.864033 42.257404 -2.117130
v 35.025227 35.295246 -8.701894
v 34.935284 35.940128 -1.658141
v 35.025227 31.441999 -7.791696
v 34.990837 30.534031 -2.815058
v 35.025227 41.375103 -4.721029
v 35.025227 37.942150 -7.791696
v 34.953800 41.689526 0.903527
v 34.916763 37.560356 4.254255
v 34.916763 33.601231 4.254256
v 34.961735 31.400291 1.645911
v 35.025227 37.942150 -7.791696
v 35.025227 41.375103 -4.721029
v 29.864033 37.849110 4.706575
v 29.864033 41.278854 1.774827
v 29.864033 34.226864 -9.283131
v 29.864033 31.695459 -8.372933
v 29.864033 41.365479 -5.474526
v 29.864033 42.257404 -2.117130
v 34.953800 41.689526 0.903527
v 29.864033 41.278854 1.774827
v 29.864033 37.849110 4.706575
v 29.864033 31.695459 -8.372933
v 35.025227 31.441999 -7.791696
v 29.864033 30.511574 -5.608999
v 34.990837 30.534031 -2.815058
v 29.864033 29.911608 -2.488321
v 29.864033 29.911608 -2.488321
v 34.990837 30.534031 -2.815058
v 29.864033 30.303028 2.392740
v 34.961735 31.400291 1.645911
v 29.864033 32.850471 4.706575
v 34.916763 33.601231 4.254256
v 34.916763 37.560356 4.254255
v -38.673244 37.550732 -6.253584
v -30.903679 37.229893 -6.593658
v -38.673244 35.397915 -6.993745
v -38.673244 39.786964 -3.081784
v -30.903679 39.341000 -3.976423
v -35.025227 37.942150 -7.791696
v -29.864033 37.823441 -8.372933
v -35.025227 35.295246 -8.701894
v -30.903679 40.226509 -2.158250
v -39.234074 39.973049 -0.930205
v -30.901031 39.430836 -0.579018
v -30.903679 31.948921 -4.996644
v -38.673244 34.127403 -6.253583
v -30.903679 32.747807 -6.593657
v -30.903679 34.528450 -7.333818
v -29.864033 32.850471 4.706575
v -29.864033 30.303028 2.392740
v -29.864033 36.036381 -2.058228
v -29.864033 29.911608 -2.488321
v -29.864033 30.511574 -5.608999
v -29.864033 37.823441 -8.372933
v -29.864033 41.365479 -5.474526
v -29.864033 42.257404 -2.117130
v -35.025227 35.295246 -8.701894
v -35.025227 31.441999 -7.791696
v -34.935284 35.940128 -1.658141
v -34.990837 30.534031 -2.815058
v -35.025227 41.375103 -4.721029
v -34.916763 37.560356 4.254255
v -34.953800 41.689526 0.903527
v -34.961735 31.400291 1.645911
v -34.916763 33.601231 4.254256
v -35.025227 41.375103 -4.721029
v -35.025227 37.942150 -7.791696
v -29.864033 41.278854 1.774827
v -29.864033 37.849110 4.706575
v -29.864033 31.695459 -8.372933
v -29.864033 34.226864 -9.283131
v -29.864033 37.849110 4.706575
v -29.864033 41.278854 1.774827
v -34.953800 41.689526 0.903527
v -29.864033 42.257404 -2.117130
v -29.864033 41.365479 -5.474526
v -29.864033 29.911608 -2.488321
v -34.990837 30.534031 -2.815058
v -29.864033 30.511574 -5.608999
v -35.025227 31.441999 -7.791696
v -29.864033 31.695459 -8.372933
v -29.864033 34.226864 -9.283131
v -34.916763 37.560356 4.254255
v -34.916763 33.601231 4.254256
v -29.864033 32.850471 4.706575
v -34.961735 31.400291 1.645911
v -29.864033 30.303028 2.392740
v -34.990837 30.534031 -2.815058
v -29.864033 29.911608 -2.488321
vn -0.0548 -0.9082 -0.4150
vn 0.1654 -0.6774 -0.7168
vn -0.1097 -0.3840 -0.9168
vn 0.0708 -0.3225 0.9439
vn 0.4307 -0.5638 0.7047
vn 0.0471 -0.9011 0.4310
vn 0.0079 -0.9962 -0.0863
vn -0.0548 -0.9082 -0.4149
vn 0.0078 -0.9962 -0.0863
vn -0.0314 -0.9992 0.0236
vn 0.0470 -0.9011 0.4310
vn 0.2985 0.5185 0.8013
vn 0.0235 0.4782 0.8780
vn 0.0001 0.9591 0.2830
vn 0.1966 0.9517 0.2360
vn -0.0078 0.9518 -0.3068
vn 0.1643 0.9153 -0.3677
vn -0.0392 0.5025 -0.8637
vn 0.2047 0.3308 -0.9213
vn -0.1097 -0.3839 -0.9168
vn 0.0158 -0.8120 0.5834
vn 0.0078 -0.4315 0.9021
vn -0.0707 -0.5731 0.8164
vn -0.1493 0.5895 0.7939
vn 0.0392 0.6194 0.7841
vn 0.0157 0.9637 0.2664
vn -0.0630 0.1102 0.9919
vn -0.1646 -0.2978 0.9403
vn -0.0862 0.3057 0.9482
vn -0.0235 0.6749 -0.7376
vn -0.1257 0.5736 -0.8094
vn -0.0471 0.7063 -0.7064
vn 0.0157 0.0940 -0.9954
vn -0.0785 0.4708 -0.8788
vn -0.0391 0.1566 -0.9869
vn -0.0079 -0.9910 0.1337
vn 0.0157 -0.9998 -0.0079
vn 0.0157 -0.9875 0.1567
vn -0.0631 -0.9233 0.3788
vn 0.0079 -0.4315 0.9021
vn -0.1181 -0.4251 0.8974
vn -0.1022 -0.8882 0.4480
vn -0.1646 -0.2977 0.9404
vn -0.0157 0.1961 -0.9805
vn 0.0157 0.6455 -0.7636
vn -0.0470 -0.0940 -0.9945
vn 0.0079 0.8404 -0.5419
vn 0.0393 -0.9985 0.0393
vn -0.0707 -0.9972 0.0235
vn -0.0394 -0.9533 -0.2994
vn -0.1103 -0.9924 -0.0552
vn -0.1102 -0.9127 -0.3934
vn -0.0471 -0.5649 -0.8238
vn -0.0941 -0.0078 -0.9955
vn -0.1102 0.6064 -0.7875
vn 0.0157 0.6062 -0.7951
vn -0.1180 0.9364 -0.3305
vn -0.0550 0.9663 -0.2515
vn -0.1335 0.9346 0.3298
vn 0.0471 -0.5413 -0.8395
vn -0.0867 -0.7961 -0.5990
vn -0.1175 -0.9794 -0.1645
vn 0.0157 -0.9875 0.1568
vn 0.0628 0.9107 0.4083
vn 0.0393 0.6987 0.7143
vn -0.0313 0.3994 0.9163
vn -0.1178 0.0786 0.9899
vn -0.0000 -0.3606 -0.9327
vn -0.0627 -0.5169 -0.8537
vn -0.0314 -0.9349 -0.3536
vn -0.0236 -0.9589 -0.2829
vn 0.0078 -0.9948 -0.1018
vn 0.1490 0.9723 0.1803
vn 0.0787 0.9054 -0.4172
vn 0.0236 0.9122 -0.4090
vn 0.0079 0.8404 -0.5420
vn 0.0157 0.6456 -0.7636
vn -0.1103 -0.9924 -0.0551
vn -0.0707 -0.9972 0.0236
vn 0.0158 -0.8121 0.5834
vn 0.0157 -0.9998 -0.0078
vn -0.1646 -0.2978 0.9404
vn -0.0236 -0.1260 0.9918
vn -0.0706 -0.1334 0.9885
vn 0.0628 0.9107 0.4082
vn 0.0945 0.9610 0.2599
vn 0.0392 0.6987 0.7144
vn 0.0079 0.0079 0.9999
vn -0.1178 0.0785 0.9899
vn -0.0788 -0.0945 0.9924
vn -0.1024 -0.1890 0.9766
vn 0.1728 0.6047 -0.7775
vn 0.0157 0.0941 -0.9954
vn 0.0158 0.6062 -0.7952
vn -0.0079 -0.0000 -1.0000
vn -0.0941 -0.0079 -0.9955
vn -0.1100 -0.6285 -0.7700
vn -0.1102 -0.9127 -0.3935
vn -0.1258 0.5737 -0.8094
vn -0.0235 0.6748 -0.7376
vn -0.0551 0.3229 -0.9448
vn -0.0867 -0.7960 -0.5990
vn 0.0391 -0.9694 -0.2423
vn -0.0000 -0.7149 -0.6992
vn 0.0236 0.7069 -0.7069
vn 0.1023 0.7706 -0.6291
vn 0.0551 0.9210 -0.3857
vn -0.0550 0.9663 -0.2514
vn -0.1331 0.9321 0.3368
vn -0.1335 0.9345 0.3299
vn -0.1491 0.5099 0.8472
vn -0.0787 -0.6930 0.7167
vn -0.0313 0.3993 0.9163
vn -0.0236 -0.1259 0.9918
vn -0.1022 -0.6835 0.7228
vn -0.1021 -0.9583 0.2670
vn -0.1102 -0.9924 -0.0551
vn 0.0158 -0.9998 -0.0079
vn 0.0471 -0.5414 -0.8395
vn -0.0551 0.3228 -0.9449
vn 0.0235 0.7069 -0.7069
vn 0.1022 0.7706 -0.6291
vn 0.0787 0.9054 -0.4173
vn -0.1332 0.9321 0.3369
vn -0.0472 0.0157 0.9988
vn 0.0946 0.9610 0.2599
vn 0.0236 0.9123 -0.4089
vn 0.0708 -0.3226 0.9439
vn 0.1490 0.9723 0.1804
vn 0.0235 0.4781 0.8780
vn -0.0315 -0.9992 0.0236
vn -0.0393 0.5025 -0.8637
vn -0.1490 0.5099 0.8472
vn -0.1335 0.9345 0.3298
vn -0.0000 0.9591 0.2830
vn -0.0079 0.9518 -0.3068
vn -0.1103 0.6064 -0.7875
vn -0.1021 -0.6835 0.7228
vn -0.1021 -0.9583 0.2671
vn -0.0708 -0.3225 0.9439
vn -0.4307 -0.5638 0.7047
vn -0.2985 0.5185 0.8013
vn -0.0079 -0.9962 -0.0863
vn -0.0471 -0.9011 0.4310
vn 0.1097 -0.3840 -0.9168
vn -0.1654 -0.6774 -0.7168
vn 0.0548 -0.9082 -0.4149
vn -0.0078 -0.9962 -0.0863
vn 0.0314 -0.9992 0.0236
vn -0.0470 -0.9011 0.4310
vn 0.1097 -0.3839 -0.9168
vn -0.2047 0.3308 -0.9213
vn 0.0392 0.5025 -0.8637
vn -0.1643 0.9153 -0.3677
vn 0.0078 0.9518 -0.3068
vn -0.1966 0.9517 0.2360
vn -0.0001 0.9591 0.2830
vn -0.0235 0.4782 0.8780
vn 0.1180 0.9364 -0.3304
vn 0.0550 0.9663 -0.2514
vn 0.1335 0.9346 0.3298
vn -0.0157 0.6455 -0.7636
vn 0.0235 0.6748 -0.7376
vn 0.0157 0.1961 -0.9805
vn -0.0236 -0.9977 -0.0629
vn 0.0078 -0.9910 0.1337
vn -0.0157 -0.9875 0.1567
vn -0.0157 0.6062 -0.7951
vn -0.0157 0.0941 -0.9954
vn -0.1728 0.6047 -0.7775
vn 0.0470 -0.0940 -0.9945
vn -0.0079 0.8404 -0.5419
vn 0.0471 0.7063 -0.7064
vn 0.0236 0.6748 -0.7376
vn 0.0631 -0.9233 0.3788
vn 0.1021 -0.9582 0.2671
vn 0.1021 -0.6835 0.7228
vn 0.0394 -0.9533 -0.2994
vn 0.0707 -0.9972 0.0235
vn -0.0235 -0.9966 0.0784
vn 0.0471 -0.5649 -0.8238
vn 0.1102 -0.9127 -0.3934
vn 0.1103 -0.9924 -0.0552
vn 0.1180 0.9364 -0.3305
vn 0.1102 0.6064 -0.7875
vn 0.0941 -0.0078 -0.9955
vn -0.0235 -0.9966 0.0785
vn 0.0707 -0.9972 0.0236
vn 0.1102 -0.9924 -0.0551
vn 0.1021 -0.9583 0.2670
vn 0.1179 0.0786 0.9899
vn 0.1493 0.5895 0.7939
vn -0.0000 0.5565 0.8308
vn -0.0157 0.9637 0.2664
vn -0.0157 -0.9875 0.1568
vn 0.1175 -0.9794 -0.1645
vn 0.0867 -0.7961 -0.5990
vn -0.0471 -0.5413 -0.8395
vn 0.0392 0.1566 -0.9869
vn -0.0157 0.0940 -0.9954
vn 0.0627 -0.5169 -0.8537
vn 0.0236 -0.9589 -0.2829
vn -0.0391 -0.9694 -0.2423
vn 0.0470 -0.5649 -0.8238
vn 0.0079 -0.0000 -1.0000
vn 0.0780 -0.6930 0.7167
vn 0.0079 -0.9910 0.1338
vn 0.0863 -0.8782 0.4705
vn 0.0235 0.6749 -0.7376
vn -0.0158 0.6455 -0.7636
vn -0.0079 0.8404 -0.5420
vn -0.0236 0.9122 -0.4090
vn -0.0787 0.9054 -0.4173
vn -0.1413 0.9734 0.1805
vn 0.0788 -0.0945 0.9924
vn 0.1178 0.0785 0.9899
vn -0.0079 0.0079 0.9999
vn -0.0000 0.5565 0.8309
vn -0.0628 0.7135 0.6978
vn -0.1413 0.9734 0.1806
vn -0.0864 0.9812 0.1727
vn -0.0236 0.9123 -0.4089
vn 0.0079 -0.9910 0.1337
vn -0.0236 -0.9977 -0.0628
vn 0.0862 -0.8782 0.4704
vn -0.0078 -0.7778 0.6285
vn 0.0787 -0.5906 0.8031
vn 0.1024 -0.1890 0.9766
vn 0.0943 -0.1021 0.9903
vn 0.0787 -0.0945 0.9924
vn 0.0157 -0.0707 0.9974
vn -0.0079 0.0078 0.9999
vn 0.0630 0.1102 0.9919
vn -0.0627 0.7135 0.6978
vn 0.0862 0.3056 0.9482
vn 0.0867 -0.7960 -0.5990
vn 0.0551 0.3229 -0.9448
vn 0.1258 0.5736 -0.8094
vn -0.0158 0.6062 -0.7952
vn 0.0941 -0.0079 -0.9955
vn 0.1100 -0.6285 -0.7700
vn 0.1102 -0.9127 -0.3935
vn -0.0078 -0.9948 -0.1018
vn 0.0314 -0.9349 -0.3536
vn -0.0863 0.9812 0.1727
vn -0.0628 0.9107 0.4082
vn 0.0313 0.3994 0.9162
vn 0.1646 -0.2978 0.9403
vn 0.0940 -0.4072 0.9085
vn -0.0157 -0.4155 0.9094
vn 0.0943 -0.1022 0.9903
vn 0.0391 0.1567 -0.9869
vn 0.0785 0.4708 -0.8788
vn -0.0236 0.7069 -0.7069
vn -0.1023 0.7706 -0.6291
vn -0.0551 0.9210 -0.3857
vn 0.1332 0.9321 0.3368
vn 0.1335 0.9345 0.3299
vn 0.1490 0.5099 0.8472
vn -0.0471 -0.5414 -0.8395
vn -0.0235 0.7069 -0.7069
vn -0.1022 0.7706 -0.6291
vn 0.1332 0.9321 0.3369
vn 0.1491 0.5099 0.8473
vn 0.0472 0.0157 0.9988
vn 0.0787 -0.5905 0.8032
vn -0.0079 -0.7778 0.6285
vn -0.0708 -0.3226 0.9439
vn -0.0235 0.4781 0.8780
vn 0.1021 -0.9583 0.2671
vn 0.0315 -0.9992 0.0236
vn 0.1103 -0.9924 -0.0551
vn 0.0940 -0.0079 -0.9955
vn 0.0393 0.5025 -0.8637
vn 0.1103 0.6064 -0.7875
vn 0.0079 0.9518 -0.3067
vn 0.1335 0.9345 0.3298
vn -0.6969 0.7047 0.1331
vn -0.4165 -0.5187 -0.7466
vn -0.4876 -0.1179 -0.8651
vn -0.1728 -0.7775 -0.6047
vn 0.2361 -0.2597 -0.9364
vn -0.1332 -0.9169 -0.3762
vn -0.7700 -0.6363 0.0472
vn -0.8953 0.4398 -0.0706
vn -0.6840 -0.7233 -0.0944
vn -0.7388 0.5737 0.3537
vn -0.1645 0.6736 -0.7206
vn -0.1573 0.2910 -0.9437
vn 0.0783 0.3918 -0.9167
vn -0.9660 -0.0863 0.2435
vn -0.6451 0.0393 -0.7631
vn -0.1813 -0.4493 0.8748
vn 0.3691 -0.8011 -0.4712
vn -0.0861 -0.9623 0.2582
vn 0.0865 -0.7390 -0.6682
vn 0.4098 -0.7801 -0.4728
vn -0.0860 -0.9623 0.2582
vn -0.3379 -0.3536 0.8722
vn -0.8562 0.0786 0.5106
vn -0.4544 0.5641 0.6894
vn -0.1337 0.9905 -0.0315
vn 0.1966 0.9517 0.2359
vn -0.5202 -0.1340 0.8434
vn -0.0785 0.6436 0.7613
vn -0.1414 -0.6679 0.7307
vn 0.2511 -0.6357 0.7299
vn 0.1256 0.2277 0.9656
vn 0.0315 -0.0000 0.9995
vn 0.3698 -0.8263 0.4249
vn 0.1332 -0.9873 0.0862
vn -0.7700 -0.6364 0.0471
vn -0.4173 0.0787 0.9054
vn -0.8953 0.4398 -0.0707
vn -0.5203 -0.1340 0.8434
vn -0.1414 -0.6678 0.7307
vn 0.4477 -0.6990 -0.5576
vn 0.0864 -0.7390 -0.6682
vn -0.2360 0.2111 -0.9485
vn -0.7783 -0.2359 -0.5819
vn -0.0547 -0.9948 0.0861
vn -0.2736 0.0235 0.9616
vn 0.2130 -0.4496 0.8675
vn -0.1812 -0.4492 0.8749
vn -0.3379 -0.3537 0.8722
vn -0.0548 -0.9948 0.0862
vn 0.1654 -0.6774 -0.7167
vn 0.4477 -0.6990 -0.5577
vn 0.2129 -0.4495 0.8675
vn 0.3699 -0.8262 0.4249
vn 0.4307 -0.5638 0.7048
vn 0.0866 0.6300 0.7718
vn -0.6389 0.7415 -0.2051
vn 0.2048 0.3308 -0.9212
vn -0.9914 -0.1102 0.0708
vn 0.2986 0.5185 0.8013
vn 0.0864 -0.7389 -0.6682
vn -0.4477 -0.6990 -0.5577
vn 0.0548 -0.9948 0.0862
vn 0.1728 -0.7775 -0.6047
vn 0.4544 0.5641 0.6894
vn -0.2511 -0.6357 0.7299
vn 0.3379 -0.3536 0.8722
vn -0.0315 -0.0000 0.9995
vn -0.3698 -0.8263 0.4249
vn -0.1332 -0.9873 0.0862
vn 0.4173 0.0787 0.9054
vn 0.8953 0.4398 -0.0707
vn 0.6969 0.7047 0.1331
vn 0.1337 0.9905 -0.0315
vn -0.1966 0.9517 0.2359
vn -0.2129 -0.4495 0.8675
vn -0.3691 -0.8011 -0.4712
vn 0.1813 -0.4492 0.8748
vn -0.3691 -0.8010 -0.4713
vn 0.9660 -0.0864 0.2435
vn 0.6451 0.0393 -0.7631
vn 0.6389 0.7415 -0.2051
vn 0.9914 -0.1102 0.0708
vn 0.7783 -0.2359 -0.5819
vn -0.4097 -0.7801 -0.4728
vn -0.0865 -0.7390 -0.6682
vn 0.0861 -0.9623 0.2582
vn 0.8562 0.0786 0.5106
vn 0.3379 -0.3536 0.8723
vn 0.0860 -0.9623 0.2582
vn -0.2048 0.3307 -0.9212
vn -0.2361 -0.2597 -0.9364
vn -0.0783 0.3918 -0.9167
vn 0.1414 -0.6679 0.7307
vn 0.0785 0.6436 0.7613
vn 0.5202 -0.1340 0.8434
vn -0.1256 0.2277 0.9656
vn 0.7699 -0.6364 0.0471
vn 0.1414 -0.6678 0.7307
vn 0.5202 -0.1341 0.8434
vn 0.6840 -0.7233 -0.0944
vn 0.6969 0.7048 0.1331
vn 0.7388 0.5737 0.3537
vn 0.1573 0.2910 -0.9437
vn 0.1645 0.6736 -0.7206
vn -0.4098 -0.7801 -0.4728
vn 0.2360 0.2111 -0.9485
vn -0.2130 -0.4496 0.8675
vn 0.2736 0.0235 0.9616
vn 0.0548 -0.9948 0.0861
vn -0.1654 -0.6774 -0.7167
vn 0.1332 -0.9169 -0.3762
vn 0.4166 -0.5187 -0.7466
vn 0.4876 -0.1180 -0.8651
vn 0.8953 0.4398 -0.0706
vn -0.3698 -0.8262 0.4250
vn -0.1333 -0.9873 0.0862
vn 0.7700 -0.6364 0.0472
vn -0.0866 0.6300 0.7717
vn 0.3379 -0.3537 0.8722
vn -0.4477 -0.6990 -0.5576
vn 0.1333 -0.9169 -0.3762
vn -0.0865 -0.7389 -0.6682
vn -0.2986 0.5185 0.8013
vn -0.4307 -0.5638 0.7048
vn 0.0471 -0.0628 -0.9969
vn 0.0157 0.5744 -0.8184
vn 0.5419 -0.0000 -0.8404
vn -0.6828 -0.0314 -0.7299
vn -0.3923 0.4394 -0.8081
vn -0.0628 0.9107 0.4083
vn -0.0863 0.9812 0.1726
vn -0.0000 0.9995 -0.0315
vn 0.0078 0.8462 -0.5328
vn 0.1337 -0.6133 -0.7784
vn 0.1176 -0.9793 -0.1646
vn -0.5200 -0.8273 -0.2127
vn -0.6663 -0.7447 -0.0392
vn -1.0000 -0.0000 -0.0000
vn -0.4495 -0.8358 0.3154
vn -0.4795 -0.4480 0.7546
vn -0.7014 0.5990 -0.3862
vn -0.5363 0.8439 -0.0157
vn 0.5420 -0.0001 -0.8404
vn 1.0000 -0.0000 0.0080
vn 0.6439 -0.6204 -0.4477
vn 0.5510 -0.8344 -0.0157
vn 0.5349 0.7394 -0.4090
vn 0.7464 0.3378 -0.5734
vn 0.5278 0.7484 0.4017
vn 0.7616 0.2120 0.6124
vn 0.6518 -0.2042 0.7304
vn 0.6856 -0.6069 0.4020
vn 0.7463 0.3378 -0.5735
vn -0.4005 0.3061 0.8637
vn -0.7189 0.5925 0.3634
vn -0.5361 -0.4573 -0.7096
vn -0.7015 0.5990 -0.3862
vn -0.5363 0.8439 -0.0158
vn -0.7190 0.5925 0.3634
vn -0.4004 0.3062 0.8636
vn -0.5361 -0.4573 -0.7095
vn 0.6440 -0.6204 -0.4476
vn 0.5510 -0.8344 -0.0158
vn -0.6663 -0.7446 -0.0392
vn -0.6663 -0.7446 -0.0391
vn 0.6857 -0.6069 0.4019
vn -0.0157 0.5744 -0.8184
vn -0.0078 0.8462 -0.5328
vn -0.7463 0.3378 -0.5735
vn 0.3923 0.4394 -0.8081
vn -0.5419 -0.0000 -0.8404
vn -0.1175 -0.9793 -0.1646
vn -0.1337 -0.6133 -0.7784
vn -0.0471 -0.0628 -0.9969
vn 0.4795 -0.4480 0.7546
vn 0.4495 -0.8358 0.3154
vn 1.0000 -0.0000 -0.0000
vn 0.6663 -0.7447 -0.0392
vn 0.5200 -0.8273 -0.2127
vn 0.7014 0.5990 -0.3863
vn 0.5363 0.8439 -0.0158
vn -0.5420 -0.0000 -0.8404
vn -0.6439 -0.6205 -0.4476
vn -1.0000 -0.0000 0.0080
vn -0.5510 -0.8344 -0.0158
vn -0.5349 0.7394 -0.4090
vn -0.7616 0.2120 0.6125
vn -0.5278 0.7484 0.4017
vn -0.6856 -0.6069 0.4020
vn -0.6518 -0.2042 0.7304
vn 0.7189 0.5926 0.3634
vn 0.4005 0.3063 0.8636
vn 0.5361 -0.4573 -0.7095
vn 0.6828 -0.0314 -0.7299
vn 0.4004 0.3062 0.8636
vn 0.7190 0.5925 0.3634
vn -0.5278 0.7483 0.4018
vn 0.7015 0.5990 -0.3862
vn -0.5510 -0.8344 -0.0157
vn -0.6440 -0.6204 -0.4476
vn 0.5361 -0.4572 -0.7096
vn -0.7616 0.2120 0.6124
vn -0.6518 -0.2042 0.7303
vn 0.4795 -0.4481 0.7546
vn -0.6857 -0.6069 0.4019
vn 0.4495 -0.8358 0.3153
vn 0.6663 -0.7446 -0.0392
vt 0.988617 0.503906
vt 0.941406 0.441406
vt 0.988617 0.441406
vt 0.988617 0.667969
vt 0.941406 0.667969
vt 0.988617 0.613281
vt 0.941406 0.558594
vt 0.988617 0.558594
vt 0.894531 0.050781
vt 0.972656 0.050781
vt 0.949219 0.012878
vt 0.894531 0.012878
vt 0.847656 0.012878
vt 0.832031 0.050781
vt 0.769531 0.012878
vt 0.757812 0.054688
vt 0.707031 0.012878
vt 0.691406 0.066406
vt 0.660156 0.012878
vt 0.613281 0.035156
vt 0.550781 0.265320
vt 0.496094 0.265320
vt 0.519531 0.378906
vt 0.386719 0.363281
vt 0.390137 0.263397
vt 0.352844 0.261627
vt 0.446930 0.198334
vt 0.496094 0.123871
vt 0.437836 0.120453
vt 0.199219 0.175781
vt 0.191406 0.214844
vt 0.199219 0.214844
vt 0.152344 0.324219
vt 0.191742 0.288330
vt 0.160156 0.292969
vt 0.550781 0.012878
vt 0.600067 0.128906
vt 0.600067 0.012878
vt 0.558594 0.378906
vt 0.488770 0.188202
vt 0.550781 0.122620
vt 0.152344 0.175781
vt 0.199219 0.113281
vt 0.152344 0.113281
vt 0.230469 0.199219
vt 0.011444 0.253906
vt 0.011444 0.386719
vt 0.058594 0.386719
vt 0.011444 0.511719
vt 0.058594 0.519531
vt 0.105469 0.394531
vt 0.160156 0.503906
vt 0.214844 0.503906
vt 0.214844 0.386719
vt 0.285156 0.503906
vt 0.300781 0.363281
vt 0.347656 0.503906
vt 0.113281 0.175781
vt 0.113281 0.113281
vt 0.011444 0.128906
vt 0.035156 0.012878
vt 0.011444 0.012878
vt 0.363281 0.012878
vt 0.402740 0.118011
vt 0.433594 0.012878
vt 0.425781 0.371094
vt 0.121094 0.214844
vt 0.121094 0.292969
vt 0.105469 0.222656
vt 0.099426 0.270569
vt 0.050781 0.230469
vt 0.355408 0.203583
vt 0.297760 0.199799
vt 0.263153 0.111542
vt 0.600067 0.511719
vt 0.600067 0.386719
vt 0.600067 0.253906
vt 0.443512 0.267578
vt 0.480469 0.378906
vt 0.366699 0.108398
vt 0.419098 0.266815
vt 0.449219 0.375488
vt 0.472656 0.503906
vt 0.210938 0.347656
vt 0.152344 0.394531
vt 0.113281 0.511719
vt 0.152344 0.214844
vt 0.058594 0.277344
vt 0.105103 0.313904
vt 0.207031 0.308594
vt 0.237732 0.290375
vt 0.302856 0.274536
vt 0.347656 0.357727
vt 0.386719 0.503906
vt 0.496094 0.012878
vt 0.519531 0.503906
vt 0.558594 0.511719
vt 0.152618 0.394806
vt 0.425781 0.503906
vt 0.472656 0.667969
vt 0.402344 0.667969
vt 0.011444 0.667969
vt 0.058594 0.667969
vt 0.113281 0.667969
vt 0.167969 0.667969
vt 0.347656 0.667969
vt 0.269531 0.667969
vt 0.214844 0.667969
vt 0.542969 0.667969
vt 0.600067 0.667969
vt 0.816406 0.613281
vt 0.824219 0.636719
vt 0.707031 0.636719
vt 0.613281 0.207031
vt 0.655121 0.090393
vt 0.613281 0.097656
vt 0.683594 0.667969
vt 0.699219 0.613281
vt 0.822540 0.517853
vt 0.683594 0.238281
vt 0.707031 0.183594
vt 0.644531 0.238281
vt 0.662933 0.189728
vt 0.660156 0.332031
vt 0.628906 0.332031
vt 0.660156 0.363281
vt 0.628906 0.363281
vt 0.613281 0.535156
vt 0.613281 0.480469
vt 0.675781 0.480469
vt 0.808594 0.433594
vt 0.894531 0.417969
vt 0.894531 0.386719
vt 0.894531 0.308594
vt 0.917969 0.371094
vt 0.785156 0.199219
vt 0.921875 0.171875
vt 0.894531 0.199219
vt 0.917969 0.230469
vt 0.917969 0.308594
vt 0.925781 0.121094
vt 0.964844 0.167969
vt 0.988617 0.105469
vt 0.988617 0.167969
vt 0.984711 0.273438
vt 0.960938 0.281250
vt 0.937500 0.273438
vt 0.933594 0.160156
vt 0.777344 0.605469
vt 0.738281 0.605469
vt 0.613281 0.238281
vt 0.707031 0.316406
vt 0.707031 0.394531
vt 0.722656 0.316406
vt 0.722656 0.394531
vt 0.707031 0.230469
vt 0.699219 0.230469
vt 0.683594 0.332031
vt 0.613281 0.605469
vt 0.675781 0.605469
vt 0.738281 0.480469
vt 0.871094 0.441406
vt 0.738281 0.441406
vt 0.699219 0.441406
vt 0.707031 0.472656
vt 0.621094 0.441406
vt 0.613281 0.472656
vt 0.816406 0.667969
vt 0.894531 0.667969
vt 0.896179 0.126099
vt 0.789062 0.304688
vt 0.792969 0.402344
vt 0.613281 0.332031
vt 0.730469 0.425781
vt 0.152344 0.012878
vt 0.199219 0.012878
vt 0.199219 0.987762
vt 0.175781 0.871094
vt 0.277344 0.871094
vt 0.308594 0.012878
vt 0.261719 0.012878
vt 0.113281 0.012878
vt 0.011780 0.855591
vt 0.066406 0.855591
vt 0.089844 0.792969
vt 0.113281 0.855591
vt 0.175781 0.855591
vt 0.011780 0.722656
vt 0.058594 0.722656
vt 0.113281 0.722656
vt 0.183594 0.793213
vt 0.260071 0.793213
vt 0.183594 0.848053
vt 0.260071 0.848053
vt 0.371094 0.987762
vt 0.285156 0.987762
vt 0.291321 0.715088
vt 0.346008 0.715088
vt 0.346008 0.793213
vt 0.346008 0.848053
vt 0.183594 0.715088
vt 0.232605 0.715088
vt 0.175781 0.800781
vt 0.175781 0.722656
vt 0.011780 0.769531
vt 0.011780 0.824219
vt 0.355469 0.871094
vt 0.425781 0.871094
vt 0.488281 0.987762
vt 0.511719 0.871094
vt 0.574219 0.871094
vt 0.113281 0.871094
vt 0.113281 0.987762
vt 0.050781 0.871094
vt 0.011780 0.987762
vt 0.011780 0.871094
vt 0.837799 0.871094
vt 0.837799 0.987762
vt 0.761719 0.871094
vt 0.738281 0.987762
vt 0.667969 0.871094
vt 0.652344 0.987762
vt 0.574219 0.987762
s 1
usemtl f_body002.png
f 1/1/1 2/2/2 3/3/3
f 4/4/4 5/5/5 6/6/6
f 6/6/6 5/5/5 7/7/7
f 8/2/2 9/1/8 10/7/9
f 10/7/9 9/1/8 11/8/10
f 10/7/9 11/8/10 12/6/11
f 13/9/12 14/10/5 15/11/4
f 16/11/4 17/12/13 18/9/12
f 18/9/12 17/12/13 19/13/14
f 18/9/12 19/13/14 20/14/15
f 20/14/15 19/13/14 21/15/16
f 20/14/15 21/15/16 22/16/17
f 22/16/17 21/15/16 23/17/18
f 22/16/17 23/17/18 24/18/19
f 24/18/19 23/17/18 25/19/20
f 24/18/19 25/19/20 26/20/2
f 27/21/21 28/22/22 29/23/23
f 30/24/24 31/25/25 32/26/26
f 33/27/27 34/28/28 35/29/29
f 36/30/30 37/31/31 38/32/32
f 39/33/33 40/34/34 41/35/35
f 42/36/36 43/37/37 44/38/38
f 27/21/21 29/23/23 45/39/39
f 46/22/40 47/21/21 48/40/41
f 48/40/41 47/21/21 49/41/42
f 48/40/41 49/41/42 50/28/43
f 51/42/44 52/43/45 53/44/46
f 36/30/30 38/32/32 54/45/47
f 55/46/48 56/47/49 57/48/50
f 56/47/49 58/49/51 57/48/50
f 57/48/50 58/49/51 59/50/52
f 57/48/50 59/50/52 60/51/53
f 61/52/54 62/53/55 63/54/56
f 63/54/56 62/53/55 64/55/57
f 63/54/56 64/55/57 65/56/58
f 65/56/58 64/55/57 66/57/59
f 67/58/60 68/59/61 69/60/37
f 69/60/37 68/59/61 70/61/62
f 69/60/37 70/61/62 71/62/63
f 72/63/64 73/64/65 74/65/66
f 75/25/25 76/24/24 77/66/67
f 41/35/35 78/67/68 79/68/69
f 79/68/69 78/67/68 80/69/70
f 79/68/69 80/69/70 81/70/71
f 81/70/71 80/69/70 82/71/72
f 83/26/26 84/72/73 85/73/74
f 85/73/74 84/72/73 86/74/75
f 85/73/74 86/74/75 87/45/76
f 87/45/76 86/74/75 88/43/77
f 87/45/76 88/43/77 89/30/30
f 89/30/30 88/43/77 90/42/44
f 91/75/78 92/76/79 93/39/39
f 93/39/39 92/76/79 94/77/48
f 93/39/39 94/77/48 95/21/80
f 95/21/80 94/77/48 96/37/81
f 95/21/80 96/37/81 49/41/42
f 97/28/82 98/27/27 99/40/41
f 99/40/41 98/27/27 100/78/83
f 99/40/41 100/78/83 28/22/22
f 28/22/22 100/78/83 101/79/84
f 28/22/22 101/79/84 29/23/23
f 102/63/85 103/80/86 104/64/87
f 104/64/87 103/80/86 31/25/25
f 104/64/87 31/25/25 105/81/88
f 105/81/88 31/25/25 106/66/89
f 105/81/88 106/66/89 107/82/90
f 107/82/90 106/66/89 108/83/91
f 109/84/92 110/33/93 111/54/94
f 111/54/94 110/33/93 112/85/95
f 111/54/94 112/85/95 113/52/96
f 113/52/96 112/85/95 114/51/53
f 113/52/96 114/51/53 115/86/97
f 115/86/97 114/51/53 59/50/98
f 116/31/99 36/30/100 117/87/101
f 117/87/101 36/30/100 118/42/44
f 117/87/101 118/42/44 119/58/60
f 119/58/60 118/42/44 120/44/46
f 119/58/60 120/44/46 121/59/102
f 82/71/72 122/88/103 81/70/71
f 81/70/71 122/88/103 123/89/104
f 81/70/71 123/89/104 79/68/69
f 79/68/69 123/89/104 39/33/33
f 79/68/69 39/33/33 41/35/35
f 124/34/34 125/33/93 126/90/105
f 126/90/105 125/33/93 127/84/92
f 126/90/105 127/84/92 128/91/106
f 128/91/106 127/84/92 129/54/56
f 128/91/106 129/54/56 130/92/107
f 130/92/107 129/54/56 131/56/108
f 130/92/107 131/56/108 132/93/109
f 132/93/109 131/56/108 133/57/110
f 132/93/109 133/57/110 134/94/111
f 135/37/81 136/36/36 137/41/42
f 137/41/42 136/36/36 138/95/112
f 137/41/42 138/95/112 34/28/28
f 34/28/28 138/95/112 74/65/113
f 34/28/28 74/65/113 35/29/29
f 35/29/29 74/65/113 139/64/87
f 35/29/29 139/64/87 33/27/27
f 33/27/27 139/64/87 105/81/88
f 33/27/27 105/81/88 140/78/114
f 140/78/114 105/81/88 107/82/90
f 140/78/114 107/82/90 101/79/84
f 101/79/84 107/82/90 141/83/91
f 101/79/84 141/83/91 29/23/23
f 29/23/23 141/83/91 142/96/115
f 29/23/23 142/96/115 45/39/39
f 45/39/39 142/96/115 143/97/116
f 45/39/39 143/97/116 144/75/117
f 145/98/95 39/33/33 60/51/53
f 60/51/53 39/33/33 123/89/104
f 60/51/53 123/89/104 57/48/50
f 57/48/50 123/89/104 122/88/103
f 57/48/50 122/88/103 55/46/48
f 55/46/48 122/88/103 82/71/72
f 55/46/48 82/71/72 146/60/118
f 146/60/118 82/71/72 80/69/70
f 146/60/118 80/69/70 147/58/119
f 147/58/119 80/69/70 78/67/68
f 147/58/119 78/67/68 148/87/120
f 148/87/120 78/67/68 41/35/35
f 148/87/120 41/35/35 37/31/31
f 37/31/31 41/35/35 40/34/34
f 37/31/31 40/34/34 38/32/32
f 38/32/32 40/34/34 149/90/121
f 38/32/32 149/90/121 54/45/47
f 54/45/47 149/90/121 150/91/122
f 54/45/47 150/91/122 151/73/123
f 151/73/123 150/91/122 152/92/107
f 151/73/123 152/92/107 32/26/26
f 32/26/26 152/92/107 153/93/124
f 32/26/26 153/93/124 30/24/24
f 30/24/24 153/93/124 134/94/111
f 30/24/24 134/94/111 106/66/89
f 106/66/89 134/94/111 154/99/125
f 106/66/89 154/99/125 108/83/91
f 155/25/25 156/80/126 157/72/73
f 157/72/73 156/80/126 158/74/127
f 159/100/128 160/83/91 161/99/125
f 162/25/25 163/72/129 164/26/26
f 165/101/130 159/100/128 161/99/125
f 166/49/78 167/102/131 168/50/52
f 168/50/52 167/102/131 169/103/8
f 168/50/52 169/103/8 170/86/97
f 170/86/97 169/103/8 171/104/3
f 170/86/97 171/104/3 172/52/96
f 172/52/96 171/104/3 173/105/132
f 161/99/125 174/94/133 165/101/130
f 165/101/130 174/94/133 175/57/134
f 165/101/130 175/57/134 176/106/135
f 176/106/135 175/57/134 177/55/57
f 176/106/135 177/55/57 178/107/136
f 178/107/136 177/55/57 179/53/137
f 178/107/136 179/53/137 180/108/132
f 180/108/132 179/53/137 172/52/54
f 160/83/91 159/100/128 181/96/138
f 181/96/138 159/100/128 182/109/11
f 181/96/138 182/109/11 183/97/139
f 183/97/139 182/109/11 184/110/131
f 183/97/139 184/110/131 185/75/78
f 186/11/140 187/10/141 188/9/142
f 189/7/143 190/5/141 191/6/144
f 191/6/144 190/5/141 192/4/140
f 193/3/145 194/2/146 195/1/147
f 195/1/147 194/2/146 196/7/148
f 195/1/147 196/7/148 197/8/149
f 197/8/149 196/7/148 198/6/150
f 199/20/146 200/19/151 201/18/152
f 201/18/152 200/19/151 202/17/153
f 201/18/152 202/17/153 203/16/154
f 203/16/154 202/17/153 204/15/155
f 203/16/154 204/15/155 205/14/156
f 205/14/156 204/15/155 206/13/157
f 205/14/156 206/13/157 207/9/142
f 207/9/142 206/13/157 208/12/158
f 207/9/142 208/12/158 209/11/140
f 210/55/159 211/56/160 212/57/161
f 213/43/162 214/30/163 215/42/164
f 216/37/165 217/36/166 218/38/167
f 219/54/168 220/33/169 221/84/170
f 222/44/171 223/43/162 224/42/164
f 225/45/172 226/32/173 227/30/174
f 228/39/175 229/97/176 230/96/177
f 231/48/178 232/47/179 233/46/180
f 234/51/181 235/50/182 236/48/178
f 236/48/178 235/50/182 237/49/183
f 236/48/178 237/49/183 232/47/179
f 238/56/160 239/55/184 240/54/168
f 240/54/168 239/55/184 241/53/185
f 240/54/168 241/53/185 242/52/186
f 243/77/187 244/76/188 245/39/175
f 245/39/175 244/76/188 246/75/189
f 245/39/175 246/75/189 229/97/190
f 247/66/191 248/24/192 249/25/193
f 249/25/193 248/24/192 250/26/194
f 251/62/195 252/61/196 253/60/165
f 253/60/165 252/61/196 254/59/197
f 253/60/165 254/59/197 255/58/198
f 256/35/199 220/33/200 257/68/201
f 257/68/201 220/33/200 258/89/104
f 257/68/201 258/89/104 259/70/202
f 259/70/202 258/89/104 260/88/203
f 261/51/204 262/85/200 263/98/205
f 264/95/206 265/36/207 266/41/208
f 267/30/209 268/43/210 269/45/211
f 269/45/211 268/43/210 270/74/212
f 269/45/211 270/74/212 271/73/213
f 271/73/213 270/74/212 272/72/214
f 271/73/213 272/72/214 250/26/194
f 273/82/215 274/66/216 275/81/217
f 275/81/217 274/66/216 249/25/218
f 275/81/217 249/25/218 276/64/219
f 276/64/219 249/25/218 272/72/220
f 276/64/219 272/72/220 277/80/221
f 277/80/221 272/72/220 278/74/222
f 265/36/223 279/37/224 280/41/225
f 280/41/225 279/37/224 281/77/187
f 280/41/225 281/77/187 282/21/226
f 282/21/226 281/77/187 228/39/175
f 282/21/226 228/39/175 283/23/227
f 283/23/227 228/39/175 230/96/177
f 283/23/227 230/96/177 284/83/228
f 285/79/229 286/82/230 287/78/231
f 287/78/231 286/82/230 288/81/232
f 287/78/231 288/81/232 289/27/233
f 289/27/233 288/81/232 290/64/234
f 289/27/233 290/64/234 291/29/235
f 292/59/236 293/44/171 294/58/198
f 294/58/198 293/44/171 215/42/164
f 294/58/198 215/42/164 295/87/237
f 295/87/237 215/42/164 227/30/174
f 295/87/237 227/30/174 296/31/238
f 296/31/238 227/30/174 226/32/173
f 262/85/200 297/54/239 263/98/205
f 263/98/205 297/54/239 242/52/240
f 263/98/205 242/52/240 298/51/181
f 298/51/181 242/52/240 299/86/241
f 298/51/181 299/86/241 300/50/242
f 260/88/203 301/71/243 259/70/202
f 259/70/202 301/71/243 302/69/244
f 259/70/202 302/69/244 257/68/201
f 257/68/201 302/69/244 303/67/68
f 257/68/201 303/67/68 256/35/199
f 304/80/245 305/63/246 290/64/234
f 290/64/234 305/63/246 306/65/247
f 290/64/234 306/65/247 291/29/235
f 291/29/235 306/65/247 307/28/248
f 291/29/235 307/28/248 289/27/233
f 289/27/233 307/28/248 308/40/249
f 289/27/233 308/40/249 309/78/231
f 309/78/231 308/40/249 310/22/250
f 309/78/231 310/22/250 311/79/251
f 312/35/252 313/34/253 314/33/169
f 314/33/169 313/34/253 315/90/254
f 314/33/169 315/90/254 221/84/170
f 221/84/170 315/90/254 316/91/255
f 221/84/170 316/91/255 219/54/168
f 219/54/168 316/91/255 317/92/256
f 219/54/168 317/92/256 318/56/160
f 318/56/160 317/92/256 319/93/257
f 318/56/160 319/93/257 320/57/258
f 320/57/258 319/93/257 321/94/259
f 220/33/200 261/51/181 258/89/104
f 258/89/104 261/51/181 231/48/178
f 258/89/104 231/48/178 260/88/203
f 260/88/203 231/48/178 233/46/180
f 260/88/203 233/46/180 301/71/243
f 301/71/243 233/46/180 322/60/165
f 301/71/243 322/60/165 302/69/244
f 302/69/244 322/60/165 255/58/260
f 302/69/244 255/58/260 303/67/68
f 303/67/68 255/58/260 295/87/237
f 303/67/68 295/87/237 256/35/199
f 256/35/199 295/87/237 296/31/238
f 256/35/199 296/31/238 323/34/253
f 323/34/253 296/31/238 226/32/173
f 323/34/253 226/32/173 324/90/261
f 324/90/261 226/32/173 225/45/172
f 324/90/261 225/45/172 325/91/262
f 325/91/262 225/45/172 271/73/213
f 325/91/262 271/73/213 326/92/256
f 326/92/256 271/73/213 250/26/194
f 326/92/256 250/26/194 327/93/263
f 327/93/263 250/26/194 248/24/192
f 327/93/263 248/24/192 321/94/264
f 321/94/264 248/24/192 247/66/191
f 321/94/264 247/66/191 328/99/265
f 328/99/265 247/66/191 329/82/215
f 328/99/265 329/82/215 284/83/228
f 284/83/228 329/82/215 311/79/251
f 284/83/228 311/79/251 330/23/266
f 330/23/266 311/79/251 310/22/250
f 330/23/266 310/22/250 331/21/267
f 331/21/267 310/22/250 308/40/249
f 331/21/267 308/40/249 266/41/208
f 266/41/208 308/40/249 307/28/248
f 266/41/208 307/28/248 264/95/206
f 264/95/206 307/28/248 306/65/247
f 332/26/194 333/72/220 334/25/193
f 335/99/265 336/100/268 337/101/269
f 335/99/265 338/83/228 336/100/268
f 336/100/268 338/83/228 339/96/177
f 336/100/268 339/96/177 340/109/150
f 340/109/150 339/96/177 341/97/270
f 340/109/150 341/97/270 342/110/271
f 342/110/271 341/97/270 343/75/272
f 344/52/273 345/104/151 346/86/241
f 346/86/241 345/104/151 347/103/147
f 346/86/241 347/103/147 348/50/182
f 348/50/182 347/103/147 349/102/271
f 348/50/182 349/102/271 350/49/272
f 351/105/151 344/52/186 352/108/274
f 352/108/274 344/52/186 353/53/275
f 352/108/274 353/53/275 354/107/276
f 354/107/276 353/53/275 355/55/184
f 354/107/276 355/55/184 356/106/135
f 356/106/135 355/55/184 357/57/277
f 356/106/135 357/57/277 337/101/269
f 337/101/269 357/57/277 358/94/259
f 337/101/269 358/94/259 335/99/265
f 359/111/278 360/112/279 361/113/280
f 362/114/281 363/115/282 364/116/283
f 361/113/280 365/117/284 366/118/285
f 367/119/286 368/7/9 360/112/279
f 369/120/287 370/121/288 371/122/289
f 371/122/289 370/121/288 372/123/290
f 373/124/291 374/125/292 375/126/293
f 375/126/293 374/125/292 376/127/294
f 377/128/295 378/129/296 379/130/297
f 380/131/298 381/132/299 382/133/300
f 383/134/301 382/133/300 384/135/299
f 385/136/302 386/14/303 387/16/17
f 388/137/304 389/138/305 390/139/306
f 390/139/306 389/138/305 383/134/301
f 390/139/306 383/134/301 391/140/307
f 391/140/307 383/134/301 384/135/299
f 392/141/308 393/142/309 394/143/310
f 394/143/310 393/142/309 395/144/311
f 361/113/280 366/118/285 359/111/278
f 396/145/312 397/146/313 398/147/314
f 398/147/314 397/146/313 399/148/278
f 360/112/279 359/111/278 367/119/286
f 367/119/286 359/111/278 400/149/315
f 367/119/286 400/149/315 401/150/316
f 363/115/282 362/114/281 372/123/290
f 372/123/290 362/114/281 402/151/317
f 372/123/290 402/151/317 371/122/289
f 403/152/297 404/153/318 405/154/319
f 405/154/319 404/153/318 406/155/320
f 407/156/321 408/121/322 409/157/323
f 409/157/323 408/121/322 369/120/287
f 409/157/323 369/120/287 410/158/324
f 411/159/325 377/128/295 412/160/307
f 412/160/307 377/128/295 379/130/297
f 412/160/307 379/130/297 401/150/316
f 401/150/316 379/130/297 413/161/326
f 401/150/316 413/161/326 367/119/286
f 414/2/327 368/7/9 415/162/283
f 415/162/283 368/7/9 367/119/286
f 415/162/283 367/119/286 416/163/281
f 416/163/281 367/119/286 413/161/326
f 416/163/281 413/161/326 417/164/328
f 417/164/328 413/161/326 418/165/329
f 417/164/328 418/165/329 419/166/294
f 419/166/294 418/165/329 420/167/293
f 365/117/284 361/113/280 421/168/311
f 421/168/311 361/113/280 360/112/279
f 421/168/311 360/112/279 422/169/330
f 422/169/330 360/112/279 368/7/9
f 422/169/330 368/7/9 423/5/331
f 396/145/312 395/144/311 397/146/313
f 397/146/313 395/144/311 393/142/309
f 397/146/313 393/142/309 399/148/278
f 399/148/278 393/142/309 392/141/308
f 399/148/278 392/141/308 388/137/304
f 388/137/304 392/141/308 424/170/332
f 388/137/304 424/170/332 389/138/305
f 425/171/333 385/136/302 370/121/288
f 370/121/288 385/136/302 387/16/17
f 370/121/288 387/16/17 372/123/290
f 372/123/290 387/16/17 426/18/334
f 372/123/290 426/18/334 363/115/282
f 363/115/282 426/18/334 427/20/2
f 363/115/282 427/20/2 364/116/283
f 407/156/326 403/152/297 370/121/288
f 370/121/288 403/152/297 405/154/319
f 370/121/288 405/154/319 425/171/333
f 425/171/333 405/154/319 406/155/320
f 425/171/333 406/155/320 428/172/335
f 402/151/317 429/173/294 371/122/289
f 371/122/289 429/173/294 374/125/292
f 371/122/289 374/125/292 369/120/287
f 369/120/287 374/125/292 373/124/291
f 369/120/287 373/124/291 410/158/324
f 394/143/310 430/10/5 392/141/308
f 392/141/308 430/10/5 431/9/336
f 392/141/308 431/9/336 424/170/332
f 424/170/332 431/9/336 386/14/303
f 424/170/332 386/14/303 389/138/305
f 389/138/305 386/14/303 385/136/302
f 389/138/305 385/136/302 383/134/301
f 383/134/301 385/136/302 425/171/333
f 383/134/301 425/171/333 382/133/300
f 382/133/300 425/171/333 428/172/335
f 382/133/300 428/172/335 380/131/298
f 380/131/298 428/172/335 406/155/320
f 380/131/298 406/155/320 432/174/337
f 433/164/338 434/161/339 435/163/340
f 436/134/341 437/140/342 438/135/343
f 439/142/344 440/143/345 441/144/346
f 442/146/347 443/147/348 444/148/349
f 445/136/350 446/16/154 447/14/351
f 434/161/339 433/164/338 448/165/352
f 448/165/352 433/164/338 449/166/353
f 448/165/352 449/166/353 450/167/354
f 451/126/354 452/127/355 453/124/356
f 453/124/356 452/127/355 454/125/357
f 455/171/358 456/172/359 457/155/360
f 458/130/361 459/129/362 460/128/363
f 461/133/364 462/132/365 463/131/366
f 438/135/343 461/133/364 436/134/341
f 464/20/146 465/18/367 466/115/368
f 466/115/368 465/18/367 467/123/369
f 437/140/342 436/134/341 468/139/370
f 468/139/370 436/134/341 469/138/371
f 468/139/370 469/138/371 470/137/372
f 440/143/345 439/142/344 471/141/373
f 443/147/348 442/146/347 472/145/374
f 473/150/375 474/149/376 475/119/377
f 475/119/377 474/149/376 476/111/378
f 477/120/379 478/122/380 479/121/381
f 479/121/381 478/122/380 467/123/369
f 479/121/381 467/123/369 446/16/154
f 446/16/154 467/123/369 465/18/367
f 480/156/339 479/121/381 481/152/382
f 481/152/382 479/121/381 482/154/383
f 481/152/382 482/154/383 483/153/362
f 484/158/354 477/120/379 485/157/384
f 485/157/384 477/120/379 486/121/385
f 485/157/384 486/121/385 480/156/386
f 487/2/387 488/162/388 489/7/148
f 489/7/148 488/162/388 475/119/377
f 489/7/148 475/119/377 490/112/389
f 490/112/389 475/119/377 476/111/378
f 490/112/389 476/111/378 491/113/390
f 491/113/390 476/111/378 492/118/391
f 493/5/141 489/7/148 494/169/392
f 494/169/392 489/7/148 490/112/389
f 494/169/392 490/112/389 495/168/393
f 495/168/393 490/112/389 491/113/390
f 495/168/393 491/113/390 496/117/394
f 496/117/394 491/113/390 492/118/391
f 469/138/371 497/170/395 470/137/372
f 470/137/372 497/170/395 471/141/373
f 470/137/372 471/141/373 444/148/349
f 444/148/349 471/141/373 439/142/344
f 444/148/349 439/142/344 442/146/347
f 442/146/347 439/142/344 441/144/346
f 442/146/347 441/144/346 472/145/374
f 488/162/388 435/163/340 475/119/377
f 475/119/377 435/163/340 434/161/339
f 475/119/377 434/161/339 473/150/375
f 473/150/375 434/161/339 458/130/361
f 473/150/375 458/130/361 498/160/342
f 498/160/342 458/130/361 460/128/363
f 498/160/342 460/128/363 499/159/396
f 478/122/380 500/151/397 467/123/369
f 467/123/369 500/151/397 501/114/340
f 467/123/369 501/114/340 466/115/368
f 466/115/368 501/114/340 502/116/398
f 466/115/368 502/116/398 464/20/146
f 446/16/154 445/136/350 479/121/381
f 479/121/381 445/136/350 455/171/358
f 479/121/381 455/171/358 482/154/383
f 482/154/383 455/171/358 457/155/360
f 482/154/383 457/155/360 483/153/362
f 484/158/354 453/124/356 477/120/379
f 477/120/379 453/124/356 454/125/357
f 477/120/379 454/125/357 478/122/380
f 478/122/380 454/125/357 503/173/353
f 478/122/380 503/173/353 500/151/397
f 504/174/399 457/155/360 463/131/366
f 463/131/366 457/155/360 456/172/359
f 463/131/366 456/172/359 461/133/364
f 461/133/364 456/172/359 455/171/358
f 461/133/364 455/171/358 436/134/341
f 436/134/341 455/171/358 445/136/350
f 436/134/341 445/136/350 469/138/371
f 469/138/371 445/136/350 447/14/351
f 469/138/371 447/14/351 497/170/395
f 497/170/395 447/14/351 505/9/400
f 497/170/395 505/9/400 471/141/373
f 471/141/373 505/9/400 506/10/401
f 471/141/373 506/10/401 440/143/345
f 507/44/171 508/175/402 509/176/403
f 510/177/404 511/178/405 512/179/406
f 513/74/222 514/43/162 509/176/403
f 509/176/403 514/43/162 507/44/171
f 515/63/407 516/80/408 517/180/409
f 517/180/409 516/80/408 513/74/222
f 517/180/409 513/74/222 518/181/410
f 518/181/410 513/74/222 509/176/403
f 508/175/402 507/44/171 519/182/411
f 519/182/411 507/44/171 520/59/236
f 519/182/411 520/59/236 521/61/412
f 522/183/413 523/184/414 524/185/415
f 524/185/415 523/184/414 525/186/416
f 524/185/415 525/186/416 526/187/417
f 527/188/406 524/185/415 528/189/418
f 528/189/418 524/185/415 529/190/419
f 530/191/420 531/192/421 532/193/422
f 532/193/422 531/192/421 533/194/423
f 534/195/424 535/196/425 512/179/406
f 512/179/406 535/196/425 510/177/404
f 536/197/426 537/198/427 531/192/421
f 537/198/427 538/199/428 531/192/421
f 531/192/421 538/199/428 539/200/429
f 531/192/421 539/200/429 533/194/423
f 530/191/420 540/201/430 531/192/421
f 531/192/421 540/201/430 541/202/424
f 531/192/421 541/202/424 536/197/426
f 526/187/417 542/203/431 524/185/415
f 524/185/415 542/203/431 543/204/432
f 524/185/415 543/204/432 529/190/419
f 527/188/406 544/205/405 524/185/415
f 524/185/415 544/205/405 545/206/433
f 524/185/415 545/206/433 522/183/413
f 512/179/406 546/207/434 534/195/424
f 534/195/424 546/207/434 547/208/435
f 534/195/424 547/208/435 548/209/426
f 548/209/426 547/208/435 549/210/436
f 548/209/426 549/210/436 550/211/437
f 511/178/405 510/177/404 551/212/438
f 551/212/438 510/177/404 552/213/439
f 551/212/438 552/213/439 553/214/413
f 553/214/413 552/213/439 554/215/440
f 553/214/413 554/215/440 555/216/441
f 556/217/442 557/218/440 558/219/416
f 558/219/416 557/218/440 559/220/443
f 558/219/416 559/220/443 560/221/417
f 560/221/417 559/220/443 561/222/428
f 560/221/417 561/222/428 550/211/437
f 550/211/437 561/222/428 562/223/427
f 550/211/437 562/223/427 548/209/426
f 563/43/45 564/176/444 565/44/46
f 566/74/127 567/181/445 564/176/444
f 568/196/446 569/179/447 570/177/448
f 564/176/444 563/43/45 566/74/127
f 567/181/445 566/74/127 571/180/409
f 571/180/409 566/74/127 572/80/86
f 571/180/409 572/80/86 573/63/64
f 574/61/449 575/59/102 576/182/450
f 576/182/450 575/59/102 565/44/46
f 576/182/450 565/44/46 577/175/451
f 577/175/451 565/44/46 564/176/444
f 578/187/452 579/186/453 580/185/454
f 580/185/454 579/186/453 581/184/455
f 580/185/454 581/184/455 582/183/456
f 583/188/447 584/189/457 580/185/454
f 580/185/454 584/189/457 585/190/458
f 586/191/459 587/193/460 588/192/461
f 588/192/461 587/193/460 589/194/462
f 569/179/447 568/196/446 590/195/463
f 588/192/461 591/198/464 592/197/465
f 589/194/462 593/200/466 588/192/461
f 588/192/461 593/200/466 594/199/467
f 588/192/461 594/199/467 591/198/464
f 592/197/465 595/202/463 588/192/461
f 588/192/461 595/202/463 596/201/446
f 588/192/461 596/201/446 586/191/459
f 585/190/458 597/204/468 580/185/454
f 580/185/454 597/204/468 598/203/469
f 580/185/454 598/203/469 578/187/452
f 582/183/456 599/206/470 580/185/454
f 580/185/454 599/206/470 600/205/471
f 580/185/454 600/205/471 583/188/447
f 601/211/472 602/210/473 603/209/474
f 603/209/474 602/210/473 604/208/458
f 603/209/474 604/208/458 590/195/463
f 590/195/463 604/208/458 605/207/475
f 590/195/463 605/207/475 569/179/447
f 606/216/455 607/215/476 608/214/456
f 608/214/456 607/215/476 609/213/477
f 608/214/456 609/213/477 610/212/478
f 610/212/478 609/213/477 570/177/448
f 610/212/478 570/177/448 611/178/471
f 611/178/471 570/177/448 569/179/447
f 603/209/474 612/223/479 601/211/472
f 601/211/472 612/223/479 613/222/480
f 601/211/472 613/222/480 614/221/481
f 614/221/481 613/222/480 615/220/482
f 614/221/481 615/220/482 616/219/483
f 616/219/483 615/220/482 617/218/476
f 616/219/483 617/218/476 618/217/484
o editpl_f-0000-31
v 10.428206 27.187704 -11.663648
v 6.981237 28.118130 -13.022832
v 11.041941 34.996868 -10.741226
v 8.457375 39.568794 -3.929746
v 13.102715 39.145290 -5.516757
v 10.116047 38.824451 -8.560752
v 14.070935 37.688690 -8.714119
v 14.309022 32.706097 -10.185550
v 10.428206 27.187704 -11.663648
v 15.361895 25.496895 -9.388709
v 6.981237 28.118130 -13.022832
v 11.041941 34.996868 -10.741226
v 6.161160 37.871567 -10.807907
v 10.116047 38.824451 -8.560752
v 17.359179 30.537239 0.926866
v 15.340732 28.987598 1.738154
v 22.165890 31.194956 -2.120463
v 16.893587 29.266726 -1.612575
v 15.483584 31.750004 4.356500
v 9.536702 37.531479 2.772822
v 9.700718 33.822609 4.771035
v 3.428451 36.299465 4.373170
v 3.796163 29.613230 7.524967
v 9.618710 29.995026 7.063755
v 13.560371 19.340038 -8.434057
v 14.229660 15.409788 -4.086445
v 11.057813 10.353401 -3.819720
v 13.253503 9.840062 -0.590129
v 17.197809 24.993181 -5.815710
v 15.523265 25.468019 -2.060450
v 15.742834 19.035242 -1.723709
v 13.978346 27.405872 2.742816
v 14.488910 19.182829 3.594113
v -2.129555 27.806917 -13.060617
v 0.000000 27.216579 -12.620522
v 0.000000 21.255432 -11.184655
v 2.129555 27.806917 -13.060617
v 2.200981 21.255432 -11.691432
v 6.981237 28.118130 -13.022832
v 6.470672 20.495050 -11.299124
v 10.428206 27.187704 -11.663648
v 9.274807 20.033045 -10.527845
v 15.361895 25.496895 -9.388709
v 13.560371 19.340038 -8.434057
v 15.896268 19.153954 -4.649900
v 14.229660 15.409788 -4.086445
v 17.536423 29.128767 -8.436280
v 17.718954 28.063589 -5.220025
v 17.197809 24.993181 -5.815710
v 15.523265 25.468019 -2.060450
v 15.340732 28.987598 1.738154
v 13.978346 27.405872 2.742816
v 15.346022 29.735147 4.099778
v 12.623896 28.580135 5.006641
v 9.618710 29.995026 7.063755
v 3.428451 36.299465 4.373170
v 14.309022 32.706097 -10.185550
v 17.536423 29.128767 -8.436280
v 15.361895 25.496895 -9.388709
v 17.197809 24.993181 -5.815710
v 15.896268 19.153954 -4.649900
v 15.742834 19.035242 -1.723709
v 14.229660 15.409788 -4.086445
v 14.631762 14.331777 -0.356745
v 13.253503 9.840062 -0.590129
v 13.943955 13.869772 3.306273
v 12.684740 9.233681 3.595225
v 11.192729 13.619520 7.711675
v 10.401751 9.493560 7.759463
v 7.957393 14.213068 10.085524
v 7.544709 11.043200 10.024400
v 4.174457 15.708167 11.712544
v 3.962824 12.945763 11.039065
v 1.505238 17.036430 12.159308
v 1.206307 14.556363 11.374693
v 0.000000 17.142305 12.128190
v 0.000000 14.626947 11.156868
v -1.211598 14.556363 11.374693
v -0.611090 7.802750 10.573408
v -2.103101 7.822000 10.740111
v -1.158690 3.519580 10.530066
v -3.251209 3.724915 10.645647
v -0.767169 0.150794 11.239109
v -3.976051 0.041710 10.934598
v -1.129590 6.121564 -7.474958
v 0.000000 0.279127 -8.989731
v -2.044902 0.279127 -9.624314
v -4.949562 12.955386 -7.563867
v -1.129590 6.121564 -7.474958
v -4.073931 6.121564 -7.156001
v -4.065995 0.279127 -9.040854
v 4.065995 0.279127 -9.040854
v 6.663787 1.097261 -7.540528
v 6.695532 -0.118711 -8.184001
v 10.832953 1.238430 -6.349158
v 11.261510 -0.455589 -7.101543
v 14.761387 0.959302 -2.063782
v 15.629081 -1.376390 -2.517214
v 16.226944 -2.419109 4.110893
v 15.094709 0.478047 3.754149
v 13.600052 4.206169 -1.171366
v 10.832953 1.238430 -6.349158
v 10.034040 5.781477 -4.563214
v 6.663787 1.097261 -7.540528
v 6.333111 6.121564 -6.148004
v 4.065995 0.279127 -9.040854
v 4.073931 6.121564 -7.156001
v 2.044902 0.279127 -9.624314
v 1.129590 6.121564 -7.474958
v 0.000000 6.121564 -7.161556
v -1.851787 12.891219 -7.886159
v -4.949562 12.955386 -7.563867
v -6.468027 20.495050 -11.299124
v -9.274807 20.033045 -10.527845
v -10.425560 27.187704 -11.663648
v -15.361895 25.496895 -9.388709
v -14.309022 32.706097 -10.185550
v -17.536423 29.128767 -8.436280
v 0.000000 28.888140 7.783912
v -2.023739 25.278727 12.072622
v 0.000000 25.217768 11.973711
v -9.700718 33.822609 4.771035
v -9.536702 37.531479 2.772822
v -15.483584 31.750004 4.356500
v -9.618710 29.995026 7.063755
v -3.796163 29.613230 7.524967
v -3.428451 36.299465 4.373170
v -2.584565 18.701572 11.674758
v -1.989348 21.271477 12.649414
v -5.256429 17.710188 10.987942
v -5.610914 25.208143 12.758327
v -9.661037 24.980350 13.239542
v -6.695532 20.700388 12.973929
v -11.309127 19.959253 12.589401
v -12.645059 24.152590 12.059285
v -14.613244 22.856407 9.399818
v -13.838139 19.378538 9.972165
v -14.806359 21.271475 5.921286
v -14.438647 19.266245 6.626995
v 0.000000 35.972214 3.893065
v -11.798528 16.481382 6.959289
v -9.309197 16.664261 9.418712
v -11.309127 19.959253 12.589401
v -2.023739 25.278727 12.072622
v 0.000000 21.467184 12.626075
v 2.023739 25.278727 12.072622
v 3.796163 29.613230 7.524967
v 3.428451 36.299465 4.373170
v -15.340732 28.987598 1.738154
v -13.978346 27.405872 2.742816
v -15.346022 29.735147 4.099778
v -12.623896 28.580135 5.006641
v -9.618710 29.995026 7.063755
v -11.798528 16.481382 6.959289
v -14.488910 19.182829 3.594113
v -13.978346 27.405872 2.742816
v -12.623896 28.580135 5.006641
v 0.000000 21.467184 12.626075
v 0.000000 18.964659 11.792562
v 9.412368 4.754800 8.078422
v 10.761527 0.038501 7.973955
v 11.533987 3.282161 6.410282
v 13.171496 0.044918 7.103766
v 13.465136 3.542037 4.379840
v 10.740364 -3.596579 8.654103
v 8.957358 0.038501 8.599647
v 7.790732 -4.260712 9.467613
v 7.219323 0.038501 9.447609
v 4.613595 -4.825383 11.270227
v 3.976051 0.041710 10.934598
v 0.000000 -5.297013 11.641419
v 0.767169 0.150794 11.239109
v 0.000000 0.025668 10.631199
v 10.401751 9.493560 7.759463
v 11.261510 5.325891 6.432508
v 12.684740 9.233681 3.595225
v 12.875210 6.070231 3.973086
v 13.253503 9.840062 -0.590129
v 13.052452 6.410318 -0.952429
v 11.057813 10.353401 -3.819720
v 9.412368 4.754800 8.078422
v 7.796023 8.335339 9.345363
v 6.367501 4.164462 9.806576
v 5.256429 8.020919 10.146648
v 3.248563 3.724915 10.645647
v 2.034320 7.822000 10.740111
v 1.156044 3.519580 10.530066
v 0.544954 7.802750 10.573408
v 0.000000 3.455413 10.129979
v -0.031745 7.770667 10.308906
v 0.000000 3.455413 10.129979
v 1.156044 3.519580 10.530066
v 3.248563 3.724915 10.645647
v 3.976051 0.041710 10.934598
v 6.367501 4.164462 9.806576
v 7.219323 0.038501 9.447609
v 9.412368 4.754800 8.078422
v 8.957358 0.038501 8.599647
v 10.761527 0.038501 7.973955
v 10.740364 -3.596579 8.654103
v 13.171496 0.044918 7.103766
v 13.367256 -3.160242 7.745017
v 16.226944 -2.419109 4.110893
v 15.094709 0.478047 3.754149
v 13.600052 4.206169 -1.171366
v 13.052452 6.410318 -0.952429
v 10.034040 5.781477 -4.563214
v 9.317133 11.498788 -5.614554
v 13.560371 19.340038 -8.434057
v 7.494446 12.207836 -6.743689
v 9.274807 20.033045 -10.527845
v 4.949562 12.955386 -7.563867
v 6.470672 20.495050 -11.299124
v 1.851787 12.891219 -7.886159
v 2.200981 21.255432 -11.691432
v 0.000000 12.859135 -7.317147
v 0.000000 21.255432 -11.184655
v -2.200981 21.255432 -11.691432
v -2.129555 27.806917 -13.060617
v -6.981237 28.118130 -13.022832
v -6.161160 37.871567 -10.807907
v -11.041941 34.996868 -10.741226
v -10.116047 38.824451 -8.560752
v -14.070935 37.688690 -8.714119
v -13.100070 39.145290 -5.516757
v 9.663682 24.980350 13.239542
v 6.698178 20.700388 12.973929
v 11.309127 19.959253 12.589401
v 12.645059 24.152590 12.059285
v 5.259075 17.710188 10.987942
v 7.957393 14.213068 10.085524
v 9.309197 16.664261 9.418712
v 11.798528 16.481382 6.959289
v 5.613560 25.208143 12.758327
v 5.259075 17.710188 10.987942
v 1.989348 21.271477 12.649414
v 2.587211 18.701572 11.674758
v 2.587211 18.701572 11.674758
v 1.505238 17.036430 12.159308
v 5.259075 17.710188 10.987942
v 4.174457 15.708167 11.712544
v 7.957393 14.213068 10.085524
v -9.309197 16.664261 9.418712
v -7.957393 14.216276 10.085524
v -5.256429 17.710188 10.987942
v 14.436001 19.263037 6.626995
v 14.803713 21.271475 5.920174
v 13.838139 19.378538 9.972165
v 14.613244 22.856407 9.399818
v -9.309197 16.664261 9.418712
v -11.798528 16.481382 6.959289
v -7.957393 14.216276 10.085524
v -11.192729 13.622728 7.711675
v -10.399106 9.493560 7.759463
v 5.613560 25.208143 12.758327
v 1.989348 21.271477 12.649414
v 11.309127 19.959253 12.589401
v 9.309197 16.664261 9.418712
v 11.798528 16.481382 6.959289
v 14.488910 19.182829 3.594113
v 13.978346 27.405872 2.742816
v 12.623896 28.580135 5.006641
v 9.618710 29.995026 7.063755
v 3.796163 29.613230 7.524967
v 2.023739 25.278727 12.072622
v 0.000000 21.467184 12.626075
v 0.000000 18.964659 11.792562
v 0.000000 17.142305 12.128190
v -2.584565 18.701572 11.674758
v -1.510529 17.036430 12.159308
v -5.256429 17.710188 10.987942
v -4.177102 15.708167 11.712544
v -7.957393 14.216276 10.085524
v -7.544709 11.043200 10.024400
v -7.796023 8.335339 9.345363
v -9.412368 4.754800 8.078422
v -6.415119 4.164462 9.806576
v -7.219323 0.038501 9.447609
v -3.976051 0.041710 10.934598
v -14.631762 14.331777 -0.356745
v -14.229660 15.409788 -4.086445
v -13.250858 9.840062 -0.590129
v -15.742834 19.035242 -1.723709
v -15.896268 19.153954 -4.649900
v -14.229660 15.409788 -4.086445
v -17.020567 29.253893 -1.612575
v -17.721601 28.063589 -5.220025
v -17.195164 24.993181 -5.815710
v -15.340732 28.987598 1.738154
v -17.359179 30.537239 0.926866
v -22.165890 31.194956 -2.120463
v -9.274807 20.033045 -10.527845
v -13.560371 19.340038 -8.434057
v -15.361895 25.496895 -9.388709
v -14.631762 14.331777 -0.356745
v -15.523265 25.468019 -2.060450
v -15.340732 28.987598 1.738154
v -13.978346 27.405872 2.742816
v -14.488910 19.182829 3.594113
v -13.943955 13.869772 3.306273
v -13.250858 9.840062 -0.590129
v -12.682095 9.233681 3.595225
v -12.875210 6.070231 3.973086
v -11.261510 5.329099 6.432508
v -11.536632 3.282161 6.410282
v -9.412368 4.754800 8.078422
v -10.761527 0.038501 7.973955
v -8.957358 0.038501 8.599647
v -17.536423 29.128767 -8.436280
v -15.361895 25.496895 -9.388709
v -13.560371 19.340038 -8.434057
v -11.057813 10.356610 -3.820831
v -13.250858 9.840062 -0.590129
v -13.052452 6.410318 -0.952429
v -12.875210 6.070231 3.973086
v -13.467781 3.542037 4.379840
v -11.536632 3.282161 6.410282
v -13.171496 0.044918 7.103766
v -10.761527 0.038501 7.973955
v -10.740364 -3.596579 8.654103
v -8.957358 0.038501 8.599647
v -7.790732 -4.260712 9.467613
v -7.219323 0.038501 9.447609
v -4.613595 -4.825383 11.270227
v -3.976051 0.041710 10.934598
v 0.000000 -5.297013 11.641419
v -0.767169 0.150794 11.239109
v 0.000000 0.025668 10.631199
v -1.158690 3.519580 10.530066
v 0.000000 3.455413 10.129979
v -0.611090 7.802750 10.573408
v -0.031745 7.770667 10.308906
v 0.000000 14.626947 11.156868
v 0.544954 7.802750 10.573408
v 1.206307 14.556363 11.374693
v 2.034320 7.822000 10.740111
v 3.962824 12.945763 11.039065
v 5.256429 8.020919 10.146648
v 7.544709 11.043200 10.024400
v 7.796023 8.335339 9.345363
v 10.401751 9.493560 7.759463
v 9.412368 4.754800 8.078422
v 11.261510 5.325891 6.432508
v 11.533987 3.282161 6.410282
v 12.875210 6.070231 3.973086
v 13.465136 3.542037 4.379840
v 13.052452 6.410318 -0.952429
v -11.041941 34.996868 -10.741226
v -14.309022 32.706097 -10.185550
v -14.070935 37.688690 -8.714119
v -9.274807 20.033045 -10.527845
v -7.494446 12.207836 -6.743689
v -13.560371 19.340038 -8.434057
v -9.317133 11.498788 -5.614554
v -11.057813 10.356610 -3.820831
v -10.034040 5.781477 -4.563214
v -13.052452 6.410318 -0.952429
v -13.600052 4.206169 -1.171366
v -13.467781 3.542037 4.379840
v -15.094709 0.478047 3.754149
v -13.171496 0.044918 7.103766
v -11.798528 16.481382 6.959289
v -13.943955 13.869772 3.306273
v -11.192729 13.622728 7.711675
v -12.682095 9.233681 3.595225
v -10.399106 9.493560 7.759463
v -11.261510 5.329099 6.432508
v -9.412368 4.754800 8.078422
v -14.309022 32.706097 -10.185550
v -11.041941 34.996868 -10.741226
v -10.425560 27.187704 -11.663648
v -6.981237 28.118130 -13.022832
v -6.468027 20.495050 -11.299124
v -2.200981 21.255432 -11.691432
v -1.851787 12.891219 -7.886159
v 0.000000 12.859135 -7.317147
v 0.000000 6.121564 -7.161556
v 1.851787 12.891219 -7.886159
v 1.129590 6.121564 -7.474958
v 4.949562 12.955386 -7.563867
v 4.073931 6.121564 -7.156001
v 7.494446 12.207836 -6.743689
v 6.333111 6.121564 -6.148004
v 9.317133 11.498788 -5.614554
v 10.034040 5.781477 -4.563214
v -13.943955 13.869772 3.306273
v -11.798528 16.481382 6.959289
v -14.488910 19.182829 3.594113
v 4.962789 41.782566 -6.807038
v 5.817256 41.176186 -7.294922
v 0.000000 42.751495 -8.828588
v 6.161160 37.871567 -10.807907
v 0.000000 42.668076 -8.695226
v 4.015732 41.939777 -6.849269
v 0.000000 48.840977 -7.708346
v 3.714155 47.740505 -5.573437
v 0.000000 51.410877 -8.168446
v 3.986633 51.112499 -6.033537
v 5.817256 41.176186 -7.294922
v 4.962789 41.782566 -6.807038
v 7.571163 40.210468 -3.312945
v 6.571198 40.666054 -2.989542
v 5.962754 38.859745 2.552774
v 4.938980 39.180580 2.552774
v 1.642800 36.735806 4.520979
v 2.129555 27.806917 -13.060617
v 1.539629 34.692074 -12.050399
v 6.161160 37.871567 -10.807907
v 0.000000 38.545322 -10.685658
v 0.000000 42.668076 -8.695226
v -6.161160 37.871567 -10.807907
v -4.044832 41.942986 -6.849269
v -10.116047 38.824451 -8.560752
v -8.457375 39.572002 -3.929746
v -13.100070 39.145290 -5.516757
v -3.809390 39.270416 1.633685
v -1.013192 37.261978 3.125121
v -2.409968 41.821068 1.828172
v -5.888682 38.859745 2.552774
v -2.010511 35.558334 4.999972
v -1.621636 36.735806 4.520979
v -4.044832 41.942986 -6.849269
v -8.457375 39.572002 -3.929746
v -5.356955 40.682098 -2.380520
v -3.809390 39.270416 1.633685
v -5.002470 44.715015 -1.520333
v -4.198265 46.556618 1.171363
v 5.817256 41.176186 -7.294922
v 0.000000 41.840317 -9.647655
v 0.000000 42.751495 -8.828588
v -5.817256 41.176186 -7.294922
v -4.962789 41.782566 -6.807038
v -7.571163 40.210468 -3.312945
v -6.571198 40.666054 -2.989542
v -5.888682 38.859745 2.552774
v -4.880781 39.180580 2.552774
v -1.621636 36.735806 4.520979
v -2.010511 35.558334 4.999972
v 0.000000 36.613888 5.184457
v -1.621636 36.735806 4.520979
v -12.131850 39.401958 -1.620355
v -8.457375 39.572002 -3.929746
v -13.100070 39.145290 -5.516757
v -3.428451 36.299465 4.373170
v -8.372722 38.240528 2.226036
v -9.536702 37.531479 2.772822
v -12.131850 39.401958 -1.620355
v 0.000000 36.613888 5.184457
v -2.010511 35.558334 4.999972
v 0.000000 35.824631 5.989076
v -3.505168 31.092287 8.142879
v -0.875631 30.161861 9.064190
v -8.457375 39.572002 -3.929746
v -3.809390 39.270416 1.633685
v -8.372722 38.240528 2.226036
v -1.013192 37.261978 3.125121
v -3.428451 36.299465 4.373170
v 0.000000 35.972214 3.893065
v -30.901031 32.828014 -2.459425
v -30.903679 31.948921 -4.996644
v -22.165890 31.194956 -2.120463
v -22.361649 30.784285 -6.050206
v -21.962193 34.005486 3.658570
v -22.004519 31.612043 0.225603
v -17.359179 30.537239 0.926866
v -22.165890 31.194956 -2.120463
v -17.636948 39.928131 1.253603
v -17.692501 37.829861 3.408515
v -14.533882 37.207436 3.808602
v -30.903679 34.528450 -7.333818
v -30.903679 37.229893 -6.593658
v -23.930376 33.983025 -7.473848
v -26.551979 37.156101 -6.523643
v -23.078554 37.319729 -7.273806
v -30.901031 32.828014 -2.459425
v -30.903679 32.786304 -0.392309
v -22.004519 31.612043 0.225603
v -30.903679 33.687855 3.114007
v -21.962193 34.005486 3.658570
v -14.533882 37.207436 3.808602
v -14.853976 39.203041 1.494766
v -15.756061 40.088551 -1.670366
v -17.319498 40.508846 -2.200481
v -15.935949 39.440460 -5.406734
v -17.324789 39.684296 -5.196688
v -16.666082 37.249146 -8.264021
v -18.435862 37.226685 -7.877270
v -19.515188 32.478302 -8.555195
v -15.483584 31.750004 4.356500
v -9.536702 37.531479 2.772822
v -14.853976 39.203041 1.494766
v -12.131850 39.401958 -1.620355
v -15.756061 40.088551 -1.670366
v -13.100070 39.145290 -5.516757
v -15.935949 39.440460 -5.406734
v -14.070935 37.688690 -8.714119
v -16.666082 37.249146 -8.264021
v -14.309022 32.706097 -10.185550
v -17.536423 29.128767 -8.436280
v -22.361649 30.784285 -6.050206
v -17.721601 28.063589 -5.220025
v -22.165890 31.194956 -2.120463
v -17.020567 29.253893 -1.612575
v -30.903679 31.948921 -4.996644
v -30.903679 32.747807 -6.593657
v -22.361649 30.784285 -6.050206
v -23.930376 33.983025 -7.473848
v -19.515188 32.478302 -8.555195
v -23.078554 37.319729 -7.273806
v -18.435862 37.226685 -7.877270
v -22.544184 39.963425 -4.776597
v -17.324789 39.684296 -5.196688
v -22.316677 40.768723 -2.080455
v -17.319498 40.508846 -2.200481
v -22.462175 39.950588 0.881300
v -17.636948 39.928131 1.253603
v -22.194988 38.423409 3.082889
v -17.692501 37.829861 3.408515
v -20.919901 35.176540 3.677463
v -15.483584 31.750004 4.356500
v -21.962193 34.005486 3.658570
v -15.346022 29.735147 4.099778
v -17.359179 30.537239 0.926866
v -15.340732 28.987598 1.738154
v -1.539629 34.692074 -12.050399
v -6.161160 37.871567 -10.807907
v 0.000000 38.545322 -10.685658
v -6.161160 37.871567 -10.807907
v -1.539629 34.692074 -12.050399
v -2.129555 27.806917 -13.060617
v 3.986633 51.112499 -6.033537
v 5.002470 44.715015 -1.520333
v 3.714155 47.740505 -5.573437
v 5.356955 40.682098 -2.380520
v 4.015732 41.939777 -6.849269
v 10.116047 38.824451 -8.560752
v 4.015732 41.939777 -6.849269
v 8.457375 39.568794 -3.929746
v 0.000000 42.180405 3.330721
v 0.000000 39.373081 2.885068
v 2.412614 41.817860 1.828172
v 1.013192 37.261978 3.125121
v 3.809390 39.270416 1.633685
v 8.372722 38.240528 2.226036
v 12.131850 39.401958 -1.620355
v 0.000000 43.765339 3.570773
v 0.000000 42.180405 3.330721
v 4.198265 46.556618 1.171363
v 2.412614 41.817860 1.828172
v 5.002470 44.715015 -1.520333
v 3.809390 39.270416 1.633685
v 8.457375 39.568794 -3.929746
v 0.000000 43.765339 3.570773
v -4.198265 46.556618 1.171363
v 0.000000 42.180405 3.330721
v -2.409968 41.821068 1.828172
v 0.000000 39.373081 2.885068
v -1.013192 37.261978 3.125121
v 0.000000 37.002102 3.298492
v 0.000000 35.972214 3.893065
v 1.013192 37.261978 3.125121
v 3.428451 36.299465 4.373170
v 8.372722 38.240528 2.226036
v 9.536702 37.531479 2.772822
v 6.161160 37.871567 -10.807907
v 10.116047 38.824451 -8.560752
v 4.015732 41.939777 -6.849269
v 3.809390 39.270416 1.633685
v 12.131850 39.401958 -1.620355
v 8.457375 39.568794 -3.929746
v 13.102715 39.145290 -5.516757
v 1.642800 36.735806 4.520979
v 2.034320 35.558334 4.999972
v 5.962754 38.859745 2.552774
v 0.526437 32.041965 7.556084
v 2.812071 32.439800 7.093761
v 0.000000 35.824631 5.989076
v 2.034320 35.558334 4.999972
v 0.000000 36.613888 5.184457
v 1.642800 36.735806 4.520979
v 17.636948 39.928131 1.253603
v 14.853976 39.203041 1.494766
v 14.533882 37.207436 3.808602
v 15.483584 31.750004 4.356500
v 17.692501 37.829861 3.408515
v 17.636948 39.928131 1.253603
v 30.903679 32.786304 -0.392309
v 30.903679 33.687855 3.114007
v 22.004519 31.612043 0.225603
v 21.959547 34.005486 3.658570
v 30.901031 32.828014 -2.459425
v 30.903679 32.786304 -0.392309
v 22.165890 31.194956 -2.120463
v 22.004519 31.612043 0.225603
v 17.359179 30.537239 0.926866
v 21.959547 34.005486 3.658570
v 15.756061 40.088551 -1.670366
v 17.319498 40.508846 -2.200481
v 15.935949 39.440460 -5.406734
v 17.324789 39.684296 -5.196688
v 16.666082 37.249146 -8.264021
v 18.435862 37.226685 -7.877270
v 19.515188 32.478302 -8.555195
v 15.483584 31.750004 4.356500
v 14.533882 37.207436 3.808602
v 9.536702 37.531479 2.772822
v 14.853976 39.203041 1.494766
v 12.131850 39.401958 -1.620355
v 15.756061 40.088551 -1.670366
v 13.102715 39.145290 -5.516757
v 15.935949 39.440460 -5.406734
v 14.070935 37.688690 -8.714119
v 16.666082 37.249146 -8.264021
v 14.309022 32.706097 -10.185550
v 19.515188 32.478302 -8.555195
v 17.536423 29.128767 -8.436280
v 22.361649 30.784285 -6.050206
v 17.718954 28.063589 -5.220025
v 22.165890 31.194956 -2.120463
v 16.893587 29.266726 -1.612575
v 15.340732 28.987598 1.738154
v 17.359179 30.537239 0.926866
v 15.346022 29.735147 4.099778
v 21.959547 34.005486 3.658570
v 15.483584 31.750004 4.356500
v 20.919901 35.176540 3.677463
v 17.692501 37.829861 3.408515
v 22.194988 38.423409 3.082889
v 17.636948 39.928131 1.253603
v 22.462175 39.950588 0.881300
v 17.319498 40.508846 -2.200481
v 22.316677 40.768723 -2.080455
v 17.324789 39.684296 -5.196688
v 22.544184 39.963425 -4.776597
v 18.435862 37.226685 -7.877270
v 23.078554 37.319729 -7.273806
v 19.515188 32.478302 -8.555195
v 23.930376 33.983025 -7.473848
v 22.361649 30.784285 -6.050206
v 30.903679 32.747807 -6.593657
v 30.903679 31.948921 -4.996644
v 1.505238 17.036430 12.159308
v 2.587211 18.701572 11.674758
v 0.000000 17.142305 12.128190
v 7.957393 14.213068 10.085524
v 11.192729 13.619520 7.711675
v 11.798528 16.481382 6.959289
v 13.943955 13.869772 3.306273
v 14.488910 19.182829 3.594113
v 14.631762 14.331777 -0.356745
v 15.742834 19.035242 -1.723709
v 6.161160 37.871567 -10.807907
v 6.981237 28.118130 -13.022832
v 2.129555 27.806917 -13.060617
v -7.494446 12.207836 -6.743689
v -6.333111 6.121564 -6.148004
v -9.317133 11.498788 -5.614554
v -10.034040 5.781477 -4.563214
v -7.219323 0.038501 9.447609
v -9.412368 4.754800 8.078422
v -8.957358 0.038501 8.599647
v -6.663787 1.097261 -7.540528
v -10.832953 1.238430 -6.349158
v -13.600052 4.206169 -1.171366
v -14.761387 0.959302 -2.063782
v -15.094709 0.478047 3.754149
v 0.000000 17.142305 12.128190
v -1.510529 17.036430 12.159308
v -1.211598 14.556363 11.374693
v -3.962824 12.942555 11.039065
v -2.103101 7.822000 10.740111
v -5.325210 8.020919 10.146648
v -3.251209 3.724915 10.645647
v -6.415119 4.164462 9.806576
v -3.976051 0.041710 10.934598
v -1.510529 17.036430 12.159308
v -4.177102 15.708167 11.712544
v -3.962824 12.942555 11.039065
v -7.544709 11.043200 10.024400
v -5.325210 8.020919 10.146648
v -7.796023 8.335339 9.345363
v -6.415119 4.164462 9.806576
v -9.274807 20.033045 -10.527845
v -4.949562 12.955386 -7.563867
v -7.494446 12.207836 -6.743689
v -4.073931 6.121564 -7.156001
v -6.333111 6.121564 -6.148004
v -4.065995 0.279127 -9.040854
v -6.663787 1.097261 -7.540528
v -6.695532 -0.118711 -8.184001
v -10.832953 1.238430 -6.349158
v -11.261510 -0.455589 -7.101543
v -14.761387 0.959302 -2.063782
v -15.629081 -1.376390 -2.517214
v -15.094709 0.478047 3.754149
v -16.226944 -2.419109 4.110893
v -13.171496 0.044918 7.103766
v -13.367256 -3.144200 7.745016
v -10.740364 -3.596579 8.654103
v -4.198265 46.556618 1.171363
v -5.838420 50.252659 -1.079127
v -5.002470 44.715015 -1.520333
v 0.000000 39.373081 2.885068
v 0.000000 37.002102 3.298492
v 1.013192 37.261978 3.125121
v -5.838420 50.252659 -1.079127
v -3.986633 51.112499 -6.033537
v -5.002470 44.715015 -1.520333
v -3.714155 47.740505 -5.573437
v -5.356955 40.682098 -2.380520
v -4.044832 41.942986 -6.849269
v -3.986633 51.112499 -6.033537
v 0.000000 51.410877 -8.168446
v -3.714155 47.740505 -5.573437
v 0.000000 48.840977 -7.708346
v -4.044832 41.942986 -6.849269
v 0.000000 42.668076 -8.695226
v 0.000000 33.992653 -11.757002
v 0.000000 27.216579 -12.620522
v -1.539629 34.692074 -12.050399
v -2.129555 27.806917 -13.060617
v 2.129555 27.806917 -13.060617
v 1.539629 34.692074 -12.050399
v 0.000000 38.545322 -10.685658
v -23.930376 33.983025 -7.473848
v -30.903679 32.747807 -6.593657
v -30.903679 34.528450 -7.333818
v -27.432899 39.437252 -4.117564
v -30.903679 39.341000 -3.976423
v -30.903679 40.226509 -2.158250
v -30.903679 37.229893 -6.593658
v -26.551979 37.156101 -6.523643
v -23.078554 37.319729 -7.273806
v -21.962193 34.005486 3.658570
v -20.919901 35.176540 3.677463
v -26.570496 37.063061 2.310499
v -22.194988 38.423409 3.082889
v -27.387928 39.337791 0.150030
v -22.462175 39.950588 0.881300
v -27.311211 40.085342 -1.879300
v -22.316677 40.768723 -2.080455
v -22.544184 39.963425 -4.776597
v -30.903679 33.687855 3.114007
v -30.903679 37.249146 3.114007
v -30.901031 39.430836 -0.579018
v 23.930376 33.983025 -7.473848
v 23.078554 37.319729 -7.273806
v 26.551979 37.156101 -6.523643
v 26.551979 37.156101 -6.523643
v 30.903679 37.229893 -6.593658
v 23.930376 33.983025 -7.473848
v 30.903679 34.528450 -7.333818
v 30.903679 32.747807 -6.593657
v 22.361649 30.784285 -6.050206
v 30.903679 31.948921 -4.996644
v 22.165890 31.194956 -2.120463
v 30.901031 32.828014 -2.459425
v 26.551979 37.156101 -6.523643
v 23.078554 37.319729 -7.273806
v 27.432899 39.437252 -4.117564
v 30.903679 37.229893 -6.593658
v 30.903679 39.341000 -3.976423
v 30.903679 40.226509 -2.158250
v 22.544184 39.963425 -4.776597
v 22.316677 40.768723 -2.080455
v 27.311211 40.085342 -1.879300
v 22.462175 39.950588 0.881300
v 27.387928 39.337791 0.150030
v 22.194988 38.423409 3.082889
v 26.570496 37.063061 2.310499
v 20.919901 35.176540 3.677463
v 21.959547 34.005486 3.658570
v 30.901031 39.430836 -0.579018
v 30.903679 37.249146 3.114007
v 30.903679 33.687855 3.114007
v 5.002470 44.715015 -1.520333
v 3.986633 51.112499 -6.033537
v 5.838420 50.252659 -1.079127
v 5.002470 44.715015 -1.520333
v 4.198265 46.556618 1.171363
v 0.000000 51.410877 -8.168446
v -3.986633 51.112499 -6.033537
v -4.105676 53.589359 -7.539420
v 0.000000 53.579735 -9.293135
v 4.105676 53.589359 -7.539420
v 3.986633 51.112499 -6.033537
v 0.000000 44.708599 6.306922
v 4.198265 46.556618 1.171363
v 5.677050 49.020645 1.791496
v 5.838420 50.252659 -1.079127
v 7.748405 53.236439 -2.550558
v 3.986633 51.112499 -6.033537
v 4.105676 53.589359 -7.539420
v -4.105676 53.589359 -7.539420
v -3.986633 51.112499 -6.033537
v -7.748405 53.236439 -2.550558
v -5.838420 50.252659 -1.079127
v -5.677050 49.020645 1.791496
v -4.198265 46.556618 1.171363
v 0.000000 43.765339 3.570773
vn 0.3223 -0.0786 -0.9434
vn 0.1491 -0.0157 -0.9887
vn 0.2597 0.2911 -0.9208
vn 0.2510 0.9648 0.0784
vn -0.0000 0.9775 -0.2111
vn 0.2502 0.8288 -0.5004
vn 0.1882 0.6665 -0.7214
vn 0.2597 0.2912 -0.9208
vn 0.3221 0.0864 -0.9428
vn 0.6064 -0.2205 -0.7640
vn 0.2597 0.2912 -0.9207
vn 0.1491 -0.0156 -0.9887
vn 0.1577 0.4416 -0.8832
vn 0.4878 -0.7711 0.4091
vn 0.7168 -0.5908 0.3702
vn 0.3061 -0.9183 0.2512
vn 0.7309 -0.5973 0.3301
vn 0.1726 0.0942 0.9805
vn 0.0236 0.6538 0.7563
vn 0.1804 0.4863 0.8550
vn -0.0000 0.5601 0.8284
vn -0.0550 0.6361 0.7697
vn 0.2991 0.5275 0.7952
vn 0.5572 -0.4238 -0.7141
vn 0.8578 -0.3935 -0.3306
vn 0.7158 -0.2675 -0.6450
vn 0.9730 -0.1883 -0.1334
vn 0.9736 -0.2277 0.0157
vn 0.8992 -0.2050 0.3865
vn 0.9808 -0.1255 0.1491
vn 0.9605 -0.1181 0.2519
vn 0.9737 -0.1649 0.1571
vn 0.0707 -0.0236 -0.9972
vn -0.0000 -0.0000 -1.0000
vn -0.0000 -0.2830 -0.9591
vn -0.0707 -0.0236 -0.9972
vn -0.1025 -0.3074 -0.9460
vn 0.1491 -0.0158 -0.9887
vn 0.1412 -0.3295 -0.9336
vn 0.3223 -0.0787 -0.9434
vn 0.2669 -0.3375 -0.9027
vn 0.5572 -0.4237 -0.7141
vn 0.8953 -0.3377 -0.2906
vn 0.6549 -0.3630 -0.6629
vn 0.7394 -0.6686 0.0786
vn 0.7310 -0.5973 0.3301
vn 0.8992 -0.2051 0.3865
vn 0.7169 -0.5908 0.3702
vn 0.9605 -0.1181 0.2520
vn 0.5668 -0.5825 0.5826
vn 0.7163 0.1338 0.6848
vn 0.2992 0.5274 0.7952
vn 0.3221 0.0864 -0.9427
vn 0.6549 -0.3629 -0.6629
vn 0.6065 -0.2205 -0.7639
vn 0.8953 -0.3377 -0.2905
vn 0.9808 -0.1256 0.1491
vn 0.8579 -0.3935 -0.3305
vn 0.9732 -0.2276 0.0314
vn 0.9255 -0.1725 0.3373
vn 0.9177 -0.0628 0.3922
vn 0.7613 -0.0785 0.6436
vn 0.6845 -0.0866 0.7238
vn 0.5269 -0.0315 0.8493
vn 0.3686 -0.1490 0.9176
vn 0.2515 -0.0472 0.9667
vn 0.0940 -0.1802 0.9791
vn 0.0784 -0.0393 0.9961
vn -0.0787 -0.2046 0.9757
vn -0.0000 -0.0473 0.9989
vn -0.0000 -0.1962 0.9806
vn 0.0787 -0.2046 0.9757
vn 0.2584 -0.0705 0.9635
vn -0.0236 -0.0550 0.9982
vn 0.2583 0.0783 0.9629
vn -0.1024 0.0630 0.9927
vn 0.2432 0.1569 0.9572
vn -0.2195 0.0784 0.9724
vn 0.0785 0.1256 -0.9890
vn -0.0000 0.2974 -0.9548
vn -0.0234 0.3208 -0.9468
vn -0.1491 -0.2747 -0.9499
vn -0.2670 0.1021 -0.9583
vn -0.0235 0.3208 -0.9468
vn -0.3530 0.3216 -0.8786
vn 0.3530 0.3217 -0.8786
vn 0.3220 0.3692 -0.8718
vn 0.2664 0.4467 -0.8541
vn 0.4799 0.4327 -0.7632
vn 0.5584 0.4326 -0.7079
vn 0.8318 0.4002 -0.3845
vn 0.8989 0.3785 -0.2208
vn 0.8669 0.3153 0.3861
vn 0.9102 0.3766 0.1726
vn 0.8805 0.3616 -0.3066
vn 0.5895 0.1494 -0.7938
vn 0.3220 0.3691 -0.8718
vn 0.4179 0.0552 -0.9068
vn 0.3530 0.3216 -0.8786
vn 0.2671 0.1022 -0.9582
vn 0.0235 0.3208 -0.9468
vn -0.0785 0.1256 -0.9890
vn -0.0000 0.0785 -0.9969
vn 0.1021 -0.2357 -0.9664
vn -0.1491 -0.2748 -0.9499
vn -0.1412 -0.3295 -0.9335
vn -0.2669 -0.3375 -0.9027
vn -0.3223 -0.0786 -0.9434
vn -0.6064 -0.2205 -0.7640
vn -0.3221 0.0864 -0.9427
vn -0.6549 -0.3630 -0.6628
vn -0.0000 0.6668 0.7453
vn 0.0869 0.4737 0.8764
vn -0.0000 0.4877 0.8730
vn -0.1804 0.4863 0.8550
vn -0.0236 0.6538 0.7563
vn -0.1726 0.0941 0.9805
vn -0.2991 0.5275 0.7951
vn 0.0550 0.6361 0.7696
vn -0.0705 -0.0784 0.9944
vn 0.0470 -0.1489 0.9877
vn -0.0157 -0.5328 0.8461
vn 0.1099 0.3610 0.9261
vn -0.1335 0.4083 0.9030
vn 0.0471 -0.2275 0.9726
vn -0.3149 -0.4802 0.8187
vn -0.6830 0.3140 0.6595
vn -0.9407 0.1881 0.2822
vn -0.8310 -0.3607 0.4234
vn -0.9980 -0.0550 0.0314
vn -0.8966 -0.4326 0.0944
vn -0.0000 0.5029 0.8644
vn -0.5812 -0.7539 0.3063
vn -0.2679 -0.7485 0.6067
vn -0.0000 -0.0940 0.9956
vn -0.0868 0.4738 0.8764
vn -0.0550 0.6361 0.7696
vn -0.0001 0.5601 0.8284
vn -0.7148 -0.5891 0.3770
vn -0.9605 -0.1181 0.2519
vn -0.5668 -0.5825 0.5826
vn -0.7163 0.1338 0.6848
vn -0.2992 0.5274 0.7952
vn -0.9737 -0.1649 0.1570
vn -0.0000 -0.0941 0.9956
vn -0.0000 -0.0629 0.9980
vn 0.5418 0.0236 0.8401
vn 0.4011 0.1887 0.8964
vn 0.6452 0.2440 0.7240
vn 0.5812 0.3063 0.7539
vn 0.8699 0.3448 0.3527
vn 0.2906 0.1649 0.9425
vn 0.3521 0.0939 0.9312
vn 0.3849 0.0864 0.9189
vn 0.4465 0.0548 0.8931
vn 0.3291 0.0862 0.9404
vn 0.2196 0.0784 0.9724
vn -0.0000 0.1018 0.9948
vn -0.2432 0.1569 0.9572
vn -0.0000 0.2037 0.9790
vn 0.6845 -0.0865 0.7238
vn 0.7770 0.0471 0.6278
vn 0.9178 -0.0627 0.3922
vn 0.9269 0.1257 0.3535
vn 0.9469 0.1017 -0.3051
vn 0.7159 -0.2674 -0.6450
vn 0.5418 0.0235 0.8402
vn 0.4483 -0.0944 0.8889
vn 0.3700 0.0079 0.9290
vn 0.2438 -0.0708 0.9672
vn 0.1102 0.0629 0.9919
vn 0.0236 -0.0550 0.9982
vn -0.2583 0.0783 0.9629
vn -0.2585 -0.0705 0.9634
vn -0.0000 0.0157 0.9999
vn -0.0000 -0.0785 0.9969
vn 0.1102 0.0630 0.9919
vn 0.5418 0.0236 0.8402
vn 0.4010 0.1887 0.8964
vn 0.2906 0.1650 0.9425
vn 0.5811 0.3063 0.7540
vn 0.5420 0.1964 0.8171
vn 0.5421 0.1964 0.8170
vn 0.8669 0.3152 0.3862
vn 0.9101 0.3766 0.1727
vn 0.9468 0.1017 -0.3052
vn 0.5895 0.1493 -0.7938
vn 0.7158 -0.2674 -0.6451
vn 0.4774 -0.2661 -0.8374
vn 0.3291 -0.3057 -0.8934
vn 0.2669 -0.3376 -0.9027
vn 0.1491 -0.2748 -0.9499
vn 0.1412 -0.3295 -0.9335
vn -0.1022 -0.2358 -0.9664
vn -0.1025 -0.3075 -0.9460
vn 0.1025 -0.3074 -0.9460
vn -0.1491 -0.0157 -0.9887
vn -0.1577 0.4416 -0.8832
vn -0.2597 0.2912 -0.9207
vn -0.2502 0.8288 -0.5005
vn -0.1882 0.6665 -0.7213
vn 0.1335 0.4083 0.9030
vn -0.0471 -0.2274 0.9727
vn 0.3149 -0.4802 0.8187
vn 0.6830 0.3140 0.6595
vn 0.3308 0.1103 0.9372
vn 0.5269 -0.0315 0.8494
vn 0.5406 -0.0705 0.8383
vn 0.7477 -0.0630 0.6611
vn -0.1099 0.3610 0.9261
vn 0.0157 -0.5327 0.8462
vn -0.0470 -0.1489 0.9877
vn 0.0705 -0.0783 0.9944
vn 0.0785 -0.0392 0.9961
vn 0.2515 -0.0471 0.9667
vn 0.5269 -0.0314 0.8494
vn -0.5406 -0.0705 0.8383
vn -0.5269 -0.0314 0.8494
vn -0.3308 0.1102 0.9372
vn 0.8966 -0.4326 0.0944
vn 0.9975 -0.0628 0.0314
vn 0.8311 -0.3607 0.4234
vn 0.9421 0.1805 0.2826
vn -0.7476 -0.0629 0.6611
vn -0.5269 -0.0315 0.8493
vn -0.7613 -0.0785 0.6436
vn -0.6845 -0.0865 0.7239
vn -0.0470 -0.1490 0.9877
vn -0.0471 -0.2275 0.9726
vn 0.0156 -0.5328 0.8461
vn 0.3148 -0.4802 0.8187
vn 0.2678 -0.7485 0.6067
vn 0.5811 -0.7540 0.3063
vn 0.5812 -0.7539 0.3063
vn 0.9737 -0.1649 0.1570
vn 0.2992 0.5275 0.7951
vn -0.0550 0.6362 0.7696
vn -0.0869 0.4737 0.8764
vn -0.0000 -0.0628 0.9980
vn -0.0000 -0.0471 0.9989
vn -0.0705 -0.0783 0.9944
vn -0.0785 -0.0392 0.9961
vn -0.3308 0.1103 0.9372
vn -0.2515 -0.0471 0.9667
vn -0.3690 -0.1413 0.9186
vn -0.4484 -0.0944 0.8888
vn -0.5473 0.0234 0.8366
vn -0.3701 0.0079 0.9290
vn -0.4467 0.0470 0.8934
vn -0.2196 0.0784 0.9724
vn -0.9732 -0.2276 0.0313
vn -0.8579 -0.3935 -0.3305
vn -0.9730 -0.1884 -0.1334
vn -0.9808 -0.1255 0.1491
vn -0.8953 -0.3377 -0.2906
vn -0.8578 -0.3935 -0.3306
vn -0.7309 -0.5973 0.3301
vn -0.7434 -0.6651 0.0704
vn -0.9719 -0.2351 0.0078
vn -0.4878 -0.7711 0.4091
vn -0.3132 -0.9161 0.2505
vn -0.5572 -0.4237 -0.7142
vn -0.9732 -0.2276 0.0314
vn -0.8935 -0.2194 0.3919
vn -0.7147 -0.5891 0.3770
vn -0.9605 -0.1181 0.2520
vn -0.9737 -0.1649 0.1571
vn -0.9255 -0.1726 0.3372
vn -0.9730 -0.1883 -0.1333
vn -0.9178 -0.0628 0.3921
vn -0.9269 0.1257 0.3536
vn -0.7769 0.0471 0.6278
vn -0.6453 0.2439 0.7240
vn -0.5473 0.0235 0.8366
vn -0.4010 0.1887 0.8964
vn -0.3521 0.0939 0.9312
vn -0.6065 -0.2205 -0.7639
vn -0.5572 -0.4237 -0.7141
vn -0.7158 -0.2675 -0.6450
vn -0.9730 -0.1883 -0.1334
vn -0.9469 0.1017 -0.3052
vn -0.9270 0.1257 0.3535
vn -0.8699 0.3448 0.3527
vn -0.6452 0.2440 0.7240
vn -0.5811 0.3063 0.7540
vn -0.2906 0.1649 0.9425
vn -0.3849 0.0864 0.9189
vn -0.3291 0.0862 0.9404
vn 0.2433 0.1569 0.9572
vn -0.0000 0.2036 0.9791
vn 0.0001 0.0158 0.9999
vn 0.2585 -0.0705 0.9634
vn -0.0000 -0.1961 0.9806
vn -0.0787 -0.2045 0.9757
vn 0.4484 -0.0944 0.8888
vn 0.6845 -0.0866 0.7239
vn 0.7769 0.0471 0.6278
vn 0.6453 0.2439 0.7239
vn 0.9270 0.1257 0.3535
vn -0.1882 0.6665 -0.7214
vn -0.2669 -0.3376 -0.9027
vn -0.3292 -0.3057 -0.8934
vn -0.5571 -0.4238 -0.7141
vn -0.4774 -0.2661 -0.8374
vn -0.7158 -0.2674 -0.6451
vn -0.5895 0.1493 -0.7938
vn -0.9468 0.1017 -0.3052
vn -0.8805 0.3616 -0.3065
vn -0.8699 0.3448 0.3526
vn -0.9101 0.3766 0.1727
vn -0.5812 0.3063 0.7539
vn -0.7477 -0.0630 0.6611
vn -0.9255 -0.1726 0.3373
vn -0.7614 -0.0785 0.6436
vn -0.9177 -0.0628 0.3922
vn -0.6845 -0.0865 0.7238
vn -0.3221 0.0864 -0.9428
vn -0.2597 0.2911 -0.9208
vn 0.1024 -0.3075 -0.9460
vn 0.1022 -0.2357 -0.9664
vn -0.1021 -0.2357 -0.9665
vn 0.1492 -0.2747 -0.9499
vn 0.2671 0.1021 -0.9583
vn 0.3292 -0.3056 -0.8935
vn 0.4179 0.0551 -0.9068
vn 0.5895 0.1493 -0.7939
vn -0.9255 -0.1725 0.3373
vn 0.4557 0.8800 -0.1336
vn 0.4394 0.8003 -0.4080
vn -0.0000 0.7915 -0.6112
vn 0.1577 0.4417 -0.8832
vn -0.0000 0.4877 -0.8730
vn 0.5750 0.6381 -0.5121
vn -0.0000 0.0707 -0.9975
vn 0.7847 -0.0000 -0.6199
vn -0.0000 -0.3442 -0.9389
vn 0.7290 -0.3371 -0.5958
vn 0.4394 0.8003 -0.4079
vn 0.4558 0.8800 -0.1336
vn 0.4935 0.8617 0.1175
vn 0.4019 0.8825 0.2443
vn 0.2979 0.7056 0.6429
vn 0.2287 0.7413 0.6310
vn 0.2122 0.4558 0.8644
vn -0.0706 -0.0235 -0.9972
vn -0.1177 0.1963 -0.9735
vn 0.1577 0.4416 -0.8833
vn -0.0000 0.3374 -0.9414
vn -0.0001 0.4877 -0.8730
vn -0.5750 0.6381 -0.5120
vn -0.2502 0.8289 -0.5004
vn -0.2510 0.9648 0.0784
vn -0.4476 0.6204 0.6440
vn -0.0785 0.4395 0.8948
vn -0.2979 0.7056 0.6429
vn -0.3307 0.5433 0.7717
vn -0.2204 0.4487 0.8660
vn -0.5751 0.6380 -0.5121
vn -0.2510 0.9648 0.0785
vn -0.8874 0.4477 0.1100
vn -0.4477 0.6204 0.6440
vn -0.9881 -0.0392 0.1490
vn -0.5474 0.0235 0.8366
vn -0.7987 -0.3759 0.4698
vn -0.0000 0.6668 -0.7452
vn -0.0000 0.7914 -0.6112
vn -0.4394 0.8003 -0.4080
vn -0.4557 0.8800 -0.1336
vn -0.4969 0.8597 0.1183
vn -0.4019 0.8825 0.2442
vn -0.2979 0.7057 0.6429
vn -0.2362 0.7400 0.6298
vn -0.2204 0.4488 0.8660
vn -0.0000 0.5975 0.8019
vn -0.2205 0.4488 0.8660
vn 0.0078 0.9820 0.1885
vn -0.0000 0.5602 0.8284
vn -0.0946 0.7641 0.6381
vn -0.0237 0.6539 0.7562
vn -0.3307 0.5433 0.7716
vn -0.0000 0.6063 0.7953
vn -0.2744 0.5567 0.7841
vn -0.1257 0.4871 0.8642
vn 0.0079 0.9820 0.1885
vn -0.0945 0.7642 0.6381
vn -0.0785 0.4396 0.8948
vn -0.0000 0.5029 0.8643
vn -0.1803 -0.9723 0.1490
vn -0.1644 -0.9864 0.0001
vn -0.3131 -0.9161 0.2505
vn -0.3536 -0.7936 -0.4951
vn -0.1733 -0.2757 0.9455
vn -0.1653 -0.9205 0.3541
vn -0.4878 -0.7711 0.4092
vn 0.0865 0.8814 0.4644
vn -0.0157 0.3929 0.9194
vn 0.0788 0.5198 0.8506
vn -0.0235 -0.0628 -0.9977
vn 0.0157 0.4628 -0.8863
vn -0.1256 -0.0784 -0.9890
vn -0.0788 0.5438 -0.8355
vn -0.1648 0.4316 -0.8869
vn -0.1803 -0.9723 0.1489
vn -0.1566 -0.9787 0.1331
vn -0.1652 -0.9205 0.3540
vn -0.0783 -0.6971 0.7127
vn 0.0788 0.5199 0.8506
vn 0.1735 0.8990 0.4022
vn 0.0866 0.8814 0.4643
vn 0.2036 0.9789 0.0157
vn 0.1260 0.9919 -0.0157
vn 0.0710 0.9228 -0.3786
vn 0.0079 0.8864 -0.4628
vn -0.1888 0.5429 -0.8183
vn -0.1183 0.5362 -0.8358
vn -0.2993 -0.0472 -0.9530
vn -0.1725 0.0941 0.9805
vn -0.0236 0.6539 0.7562
vn -0.1889 0.5429 -0.8183
vn -0.2993 -0.0473 -0.9530
vn -0.6549 -0.3630 -0.6629
vn -0.3537 -0.7936 -0.4950
vn -0.7434 -0.6652 0.0704
vn -0.3132 -0.9160 0.2505
vn -0.1644 -0.9864 -0.0000
vn -0.0861 -0.5953 -0.7989
vn -0.3536 -0.7937 -0.4951
vn -0.1256 -0.0785 -0.9890
vn -0.0861 0.8611 -0.5010
vn 0.0078 0.8864 -0.4628
vn -0.0236 0.9982 -0.0550
vn 0.1259 0.9919 -0.0157
vn -0.0785 0.9262 0.3689
vn -0.1340 0.5678 0.8122
vn -0.1096 0.1175 0.9870
vn -0.1733 -0.2758 0.9455
vn 0.1177 0.1963 -0.9735
vn -0.0000 0.3373 -0.9414
vn 0.0706 -0.0235 -0.9972
vn 0.7290 -0.3371 -0.5957
vn 0.9881 -0.0392 0.1490
vn 0.7847 -0.0000 -0.6198
vn 0.8874 0.4477 0.1100
vn 0.5751 0.6381 -0.5120
vn 0.5751 0.6380 -0.5120
vn 0.2511 0.9648 0.0784
vn -0.0000 -0.1260 0.9920
vn -0.0000 0.0863 0.9963
vn 0.5473 0.0235 0.8366
vn 0.0785 0.4395 0.8948
vn 0.4476 0.6204 0.6440
vn 0.0945 0.7642 0.6380
vn -0.0079 0.9820 0.1886
vn -0.0001 -0.6199 0.7847
vn 0.7987 -0.3758 0.4699
vn 0.4477 0.6204 0.6440
vn 0.2510 0.9648 0.0785
vn -0.0000 -0.6199 0.7847
vn -0.0001 0.0863 0.9963
vn -0.0000 0.3373 0.9414
vn 0.0785 0.4396 0.8948
vn 0.0946 0.7641 0.6381
vn 0.0237 0.6539 0.7562
vn 0.2502 0.8288 -0.5005
vn 0.4477 0.6204 0.6439
vn -0.0079 0.9820 0.1885
vn 0.3308 0.5337 0.7783
vn 0.1101 0.3934 0.9127
vn 0.2675 0.4957 0.8262
vn -0.0000 0.6063 0.7952
vn 0.3301 0.5344 0.7781
vn -0.0866 0.8814 0.4643
vn -0.1735 0.8990 0.4022
vn -0.0788 0.5199 0.8506
vn -0.0787 0.5198 0.8507
vn 0.1725 0.0941 0.9805
vn 0.0157 0.3929 0.9194
vn -0.0866 0.8814 0.4644
vn 0.1566 -0.9787 0.1331
vn 0.0783 -0.6971 0.7127
vn 0.1652 -0.9205 0.3541
vn 0.1733 -0.2757 0.9455
vn 0.1806 -0.9722 0.1489
vn 0.1566 -0.9787 0.1330
vn 0.3061 -0.9183 0.2511
vn 0.1652 -0.9205 0.3540
vn 0.4878 -0.7711 0.4092
vn -0.2036 0.9789 0.0157
vn -0.1260 0.9919 -0.0157
vn -0.0710 0.9228 -0.3786
vn -0.0079 0.8864 -0.4628
vn 0.1888 0.5429 -0.8183
vn 0.1183 0.5362 -0.8358
vn 0.2993 -0.0472 -0.9530
vn 0.1726 0.0941 0.9805
vn -0.0788 0.5198 0.8506
vn 0.0236 0.6539 0.7562
vn -0.0000 0.9775 -0.2112
vn 0.1889 0.5429 -0.8183
vn 0.2993 -0.0473 -0.9530
vn 0.6549 -0.3630 -0.6628
vn 0.3536 -0.7937 -0.4950
vn 0.4879 -0.7711 0.4091
vn 0.5668 -0.5826 0.5825
vn 0.1734 -0.2757 0.9455
vn 0.1097 0.1175 0.9870
vn 0.1340 0.5678 0.8122
vn 0.0785 0.9262 0.3689
vn -0.1259 0.9919 -0.0158
vn 0.0236 0.9982 -0.0550
vn -0.0078 0.8864 -0.4628
vn 0.0861 0.8611 -0.5010
vn 0.1648 0.4316 -0.8869
vn 0.1256 -0.0785 -0.9890
vn 0.3536 -0.7936 -0.4951
vn 0.0862 -0.5953 -0.7989
vn 0.1644 -0.9864 -0.0000
vn 0.0784 -0.0392 0.9961
vn 0.0704 -0.0783 0.9944
vn 0.5269 -0.0314 0.8493
vn 0.7477 -0.0629 0.6611
vn 0.9733 -0.2276 0.0314
vn -0.0707 -0.0235 -0.9972
vn -0.3292 -0.3056 -0.8934
vn -0.4179 0.0552 -0.9068
vn -0.5895 0.1494 -0.7939
vn -0.3522 0.0939 0.9312
vn -0.3220 0.3691 -0.8718
vn -0.4799 0.4327 -0.7632
vn -0.8805 0.3616 -0.3066
vn -0.8318 0.4002 -0.3845
vn -0.9102 0.3766 0.1725
vn -0.0000 -0.0472 0.9989
vn -0.0784 -0.0393 0.9961
vn -0.0940 -0.1801 0.9791
vn -0.2438 -0.0708 0.9672
vn -0.1025 0.0630 0.9927
vn -0.3700 0.0079 0.9290
vn -0.0784 -0.0392 0.9961
vn -0.2515 -0.0472 0.9667
vn -0.0940 -0.1802 0.9791
vn -0.4483 -0.0944 0.8889
vn -0.1492 -0.2748 -0.9499
vn -0.3291 -0.3056 -0.8935
vn -0.2671 0.1021 -0.9582
vn -0.2664 0.4467 -0.8541
vn -0.5584 0.4326 -0.7078
vn -0.8319 0.4001 -0.3846
vn -0.8988 0.3787 -0.2207
vn -0.9101 0.3766 0.1726
vn -0.8669 0.3152 0.3862
vn -0.5421 0.1964 0.8170
vn -0.7988 -0.3758 0.4698
vn -0.8936 -0.4233 -0.1490
vn -0.8937 -0.4233 -0.1490
vn -0.7290 -0.3370 -0.5957
vn -0.7847 -0.0000 -0.6199
vn -0.8874 0.4476 0.1100
vn -0.7290 -0.3370 -0.5958
vn -0.0000 -0.3443 -0.9389
vn -0.5751 0.6381 -0.5120
vn -0.0000 0.1733 -0.9849
vn 0.1178 0.1962 -0.9735
vn 0.0707 -0.0235 -0.9972
vn -0.1178 0.1963 -0.9735
vn -0.1255 -0.0785 -0.9890
vn -0.0861 -0.5952 -0.7989
vn -0.0236 -0.0629 -0.9977
vn -0.0864 0.8408 -0.5344
vn -0.0157 0.8083 -0.5885
vn -0.0079 0.9998 0.0157
vn -0.0788 0.5439 -0.8354
vn -0.1648 0.4317 -0.8868
vn -0.1097 0.1175 0.9870
vn -0.0940 0.5248 0.8460
vn -0.1341 0.5677 0.8122
vn -0.1412 0.8237 0.5492
vn -0.0785 0.9261 0.3689
vn -0.0863 0.9961 0.0157
vn 0.0864 0.5344 0.8408
vn -0.0236 0.8183 0.5743
vn 0.1256 -0.0784 -0.9890
vn 0.0788 0.5438 -0.8355
vn -0.0157 0.4628 -0.8863
vn 0.0236 -0.0628 -0.9977
vn 0.0861 -0.5952 -0.7989
vn 0.1644 -0.9864 0.0001
vn 0.3060 -0.9183 0.2511
vn 0.1803 -0.9723 0.1490
vn 0.0788 0.5439 -0.8354
vn 0.1648 0.4317 -0.8868
vn 0.0864 0.8408 -0.5344
vn 0.0157 0.8083 -0.5885
vn 0.0079 0.9998 0.0157
vn 0.0863 0.9961 0.0157
vn 0.0785 0.9261 0.3689
vn 0.1412 0.8237 0.5492
vn 0.1341 0.5677 0.8122
vn 0.0940 0.5248 0.8460
vn 0.1734 -0.2758 0.9455
vn 0.0236 0.8183 0.5743
vn -0.0864 0.5344 0.8408
vn 0.7291 -0.3371 -0.5957
vn 0.8937 -0.4233 -0.1490
vn 0.7988 -0.3758 0.4698
vn -0.7290 -0.3371 -0.5958
vn -0.5049 -0.4418 -0.7416
vn -0.0000 -0.4566 -0.8897
vn 0.5049 -0.4418 -0.7416
vn -0.0000 -0.8897 0.4566
vn 0.7987 -0.3759 0.4698
vn 0.8247 -0.5655 0.0078
vn 0.8936 -0.4234 -0.1490
vn 0.7467 -0.5423 -0.3851
vn 0.5049 -0.4418 -0.7415
vn -0.5049 -0.4418 -0.7415
vn -0.7290 -0.3371 -0.5957
vn -0.7467 -0.5424 -0.3851
vn -0.8247 -0.5655 0.0078
vt 0.582031 0.494598
vt 0.660156 0.474243
vt 0.574219 0.425781
vt 0.574219 0.277344
vt 0.496094 0.277344
vt 0.574219 0.355469
vt 0.496094 0.355469
vt 0.503906 0.433594
vt 0.519531 0.534424
vt 0.663086 0.385010
vt 0.339844 0.402344
vt 0.355469 0.457031
vt 0.386719 0.347656
vt 0.386719 0.433594
vt 0.249023 0.392090
vt 0.160156 0.347656
vt 0.157227 0.385742
vt 0.058594 0.347656
vt 0.070587 0.467712
vt 0.152344 0.463806
vt 0.527344 0.636414
vt 0.441406 0.689941
vt 0.496094 0.761780
vt 0.386719 0.792969
vt 0.433594 0.540131
vt 0.382812 0.519531
vt 0.385040 0.624573
vt 0.275360 0.489258
vt 0.297699 0.610535
vt 0.753906 0.477112
vt 0.803070 0.487885
vt 0.803070 0.601929
vt 0.753906 0.603333
vt 0.675781 0.618958
vt 0.605469 0.627686
vt 0.449219 0.634125
vt 0.464844 0.449219
vt 0.425781 0.449219
vt 0.324219 0.441406
vt 0.238281 0.480652
vt 0.339844 0.707520
vt 0.283813 0.719452
vt 0.292969 0.800781
vt 0.234924 0.734070
vt 0.218597 0.799408
vt 0.144531 0.741211
vt 0.153809 0.793671
vt 0.079926 0.731354
vt 0.102570 0.782806
vt 0.027344 0.716003
vt 0.027344 0.773773
vt 0.011230 0.713013
vt 0.011230 0.772278
vt 0.015625 0.817780
vt 0.046875 0.818512
vt 0.027344 0.863281
vt 0.066406 0.863281
vt 0.021484 0.921173
vt 0.082031 0.925201
vt 0.761719 0.855469
vt 0.803070 0.933594
vt 0.761719 0.933594
vt 0.691406 0.737274
vt 0.707031 0.855469
vt 0.707031 0.933716
vt 0.645508 0.933716
vt 0.652344 0.964844
vt 0.527344 0.933594
vt 0.535156 0.987946
vt 0.402344 0.940857
vt 0.410156 0.987946
vt 0.324219 0.987946
vt 0.311523 0.941010
vt 0.398438 0.906158
vt 0.511719 0.855469
vt 0.628906 0.855469
vt 0.803070 0.855469
vt 0.761719 0.739685
vt 0.011230 0.478424
vt 0.036407 0.542969
vt 0.011230 0.542969
vt 0.046570 0.665558
vt 0.034607 0.619110
vt 0.097656 0.672150
vt 0.097656 0.550781
vt 0.152344 0.550781
vt 0.078033 0.631714
vt 0.135468 0.636322
vt 0.199219 0.552277
vt 0.228485 0.558960
vt 0.196838 0.631104
vt 0.246033 0.576080
vt 0.242645 0.619812
vt 0.011230 0.347656
vt 0.255035 0.672485
vt 0.152344 0.678040
vt 0.011230 0.615173
vt 0.011230 0.660156
vt 0.207031 0.871979
vt 0.224121 0.933655
vt 0.262451 0.902557
vt 0.241211 0.933716
vt 0.306152 0.906219
vt 0.207031 0.987946
vt 0.207031 0.933594
vt 0.136719 0.987946
vt 0.135742 0.930389
vt 0.082031 0.987946
vt 0.011230 0.987946
vt 0.011230 0.921173
vt 0.253906 0.871735
vt 0.300781 0.871460
vt 0.394531 0.871460
vt 0.168365 0.820129
vt 0.136719 0.864716
vt 0.119446 0.823761
vt 0.011230 0.863281
vt 0.011230 0.817780
vt 0.253906 0.987946
vt 0.582031 0.753632
vt 0.628906 0.742035
vt 0.803070 0.739685
vt 0.988647 0.128906
vt 0.931976 0.128906
vt 0.988647 0.011353
vt 0.803070 0.269531
vt 0.675781 0.277344
vt 0.803070 0.207031
vt 0.707031 0.214844
vt 0.803070 0.152344
vt 0.707031 0.160156
vt 0.931976 0.261719
vt 0.988647 0.261719
vt 0.931976 0.371094
vt 0.988647 0.371094
vt 0.988647 0.496094
vt 0.761719 0.417969
vt 0.803070 0.347656
vt 0.582031 0.082031
vt 0.527344 0.035156
vt 0.542969 0.167969
vt 0.931976 0.496094
vt 0.691406 0.160156
vt 0.695953 0.084442
vt 0.644531 0.128906
vt 0.589844 0.183594
vt 0.542419 0.245422
vt 0.931976 0.011353
vt 0.879150 0.815063
vt 0.987915 0.758545
vt 0.879150 0.758545
vt 0.746094 0.035156
vt 0.803558 0.084442
vt 0.565887 0.010986
vt 0.628906 0.035156
vt 0.651825 0.010986
vt 0.987915 0.815063
vt 0.870026 0.986603
vt 0.987915 0.986603
vt 0.495575 0.010986
vt 0.011780 0.340393
vt 0.035156 0.339844
vt 0.011780 0.137268
vt 0.058594 0.144531
vt 0.410156 0.191406
vt 0.449219 0.191406
vt 0.474182 0.121094
vt 0.474182 0.191406
vt 0.285156 0.121094
vt 0.324219 0.144531
vt 0.324219 0.082031
vt 0.121094 0.339844
vt 0.167969 0.339844
vt 0.105469 0.222656
vt 0.160156 0.261719
vt 0.160156 0.199219
vt 0.474182 0.339844
vt 0.441406 0.339844
vt 0.402344 0.339844
vt 0.285156 0.066406
vt 0.246094 0.066406
vt 0.246094 0.121094
vt 0.207031 0.066406
vt 0.207031 0.121094
vt 0.160156 0.058594
vt 0.160156 0.121094
vt 0.105469 0.128906
vt 0.374023 0.037109
vt 0.285156 0.011719
vt 0.246094 0.011719
vt 0.207031 0.011719
vt 0.160156 0.011719
vt 0.113281 0.011719
vt 0.074219 0.042969
vt 0.042969 0.050781
vt 0.011780 0.043518
vt 0.066406 0.339844
vt 0.207031 0.199219
vt 0.246094 0.199219
vt 0.285156 0.199219
vt 0.324219 0.199219
vt 0.363281 0.183594
vt 0.441406 0.050781
vt 0.474182 0.019531
vt 0.636169 0.245422
vt 0.636719 0.199219
vt 0.495422 0.157623
vt 0.495422 0.092224
vt 0.495544 0.245422
vt 0.496094 0.035156
vt 0.870026 0.743988
vt 0.987915 0.743988
vt 0.870026 0.628326
vt 0.987915 0.628326
vt 0.870026 0.555328
vt 0.987915 0.555328
vt 0.581482 0.245422
vt 0.803070 0.433594
vt 0.207031 0.277344
vt 0.207031 0.339844
vt 0.246094 0.339844
vt 0.363281 0.277344
vt 0.285156 0.277344
vt 0.246094 0.277344
vt 0.363281 0.339844
vt 0.285156 0.339844
vt 0.707031 0.113281
vt 0.803070 0.113281
vt 0.495544 0.261047
vt 0.550232 0.261047
vt 0.581482 0.261047
vt 0.636169 0.261047
s 1
usemtl f_body034.png
f 619/224/485 620/225/486 621/226/487
f 622/227/488 623/228/489 624/229/490
f 624/229/490 623/228/489 625/230/491
f 624/229/490 625/230/491 621/226/492
f 621/226/492 625/230/491 626/231/493
f 621/226/492 626/231/493 627/224/485
f 627/224/485 626/231/493 628/232/494
f 630/226/495 629/225/496 631/233/497
f 630/226/495 631/233/497 632/229/490
f 633/234/498 634/235/499 635/236/500
f 635/236/500 634/235/499 636/237/501
f 637/238/502 638/239/503 639/240/504
f 640/241/505 641/242/506 642/243/507
f 643/244/508 644/245/509 645/246/510
f 645/246/510 644/245/509 646/247/511
f 647/248/512 648/249/513 649/250/514
f 649/250/514 648/249/513 650/251/515
f 649/250/514 650/251/515 651/252/516
f 652/253/517 653/254/518 654/255/519
f 654/255/519 653/254/518 655/253/520
f 654/255/519 655/253/520 656/256/521
f 656/256/521 655/253/520 657/225/522
f 656/256/521 657/225/522 658/257/523
f 658/257/523 657/225/522 659/224/524
f 658/257/523 659/224/524 660/258/525
f 660/258/525 659/224/524 661/232/494
f 660/258/525 661/232/494 662/244/526
f 662/244/526 661/232/494 663/259/527
f 662/244/526 663/259/527 664/245/509
f 665/260/528 666/261/529 667/248/512
f 667/248/512 666/261/529 636/237/530
f 667/248/512 636/237/530 668/249/531
f 668/249/531 636/237/530 669/235/532
f 668/249/531 669/235/532 670/251/533
f 670/251/533 669/235/532 671/262/534
f 670/251/533 671/262/534 672/263/535
f 672/263/535 671/262/534 637/238/502
f 672/263/535 637/238/502 673/243/536
f 673/243/536 637/238/502 639/240/504
f 673/243/536 639/240/504 674/241/505
f 674/241/505 639/240/504 638/239/503
f 675/231/537 676/260/538 677/232/539
f 677/232/539 676/260/538 678/248/512
f 677/232/539 678/248/512 679/259/540
f 679/259/540 678/248/512 680/250/541
f 679/259/540 680/250/541 681/245/542
f 681/245/542 680/250/541 682/264/543
f 681/245/542 682/264/543 683/247/511
f 683/247/511 682/264/543 684/265/544
f 683/247/511 684/265/544 685/266/545
f 685/266/545 684/265/544 686/267/546
f 685/266/545 686/267/546 687/268/547
f 687/268/547 686/267/546 688/269/548
f 687/268/547 688/269/548 689/270/549
f 689/270/549 688/269/548 690/271/550
f 689/270/549 690/271/550 691/272/551
f 691/272/551 690/271/550 692/273/552
f 691/272/551 692/273/552 693/274/553
f 693/274/553 692/273/552 694/275/554
f 693/274/553 694/275/554 695/276/555
f 695/276/555 694/275/554 696/274/556
f 695/276/555 696/274/556 697/277/557
f 697/277/557 696/274/556 698/278/558
f 697/277/557 698/278/558 699/279/559
f 699/279/559 698/278/558 700/280/560
f 699/279/559 700/280/560 701/281/561
f 701/281/561 700/280/560 702/282/562
f 703/283/563 704/284/564 705/285/565
f 706/286/566 707/283/563 708/287/567
f 708/287/567 707/283/563 705/285/568
f 708/287/567 705/285/568 709/288/569
f 710/288/570 711/289/571 712/290/572
f 712/290/572 711/289/571 713/291/573
f 712/290/572 713/291/573 714/292/574
f 714/292/574 713/291/573 715/293/575
f 714/292/574 715/293/575 716/294/576
f 717/295/577 716/294/576 718/296/578
f 718/296/578 716/294/576 715/293/575
f 718/296/578 715/293/575 719/297/579
f 719/297/579 715/293/575 720/291/573
f 719/297/579 720/291/573 721/298/580
f 721/298/580 720/291/573 722/289/581
f 721/298/580 722/289/581 723/299/582
f 723/299/582 722/289/581 724/288/583
f 723/299/582 724/288/583 725/287/584
f 725/287/584 724/288/583 726/285/585
f 725/287/584 726/285/585 727/283/586
f 727/283/586 726/285/585 704/284/564
f 727/283/586 704/284/564 728/300/587
f 728/300/587 704/284/564 703/283/563
f 728/300/587 703/283/563 729/301/588
f 729/301/588 703/283/563 730/286/589
f 729/301/588 730/286/589 731/257/590
f 731/257/590 730/286/589 732/258/591
f 731/257/590 732/258/591 733/224/592
f 733/224/592 732/258/591 734/232/593
f 733/224/592 734/232/593 735/231/594
f 735/231/594 734/232/593 736/260/595
f 737/302/596 738/303/597 739/304/598
f 740/240/599 741/239/600 742/238/601
f 743/243/602 744/242/603 745/241/505
f 746/305/604 747/306/605 748/307/606
f 749/308/607 750/309/608 751/310/609
f 751/310/609 750/309/608 752/311/610
f 753/312/611 754/313/612 755/314/613
f 755/314/613 754/313/612 756/315/614
f 755/314/613 756/315/614 757/316/615
f 738/303/597 737/302/596 744/242/603
f 744/242/603 737/302/596 758/317/616
f 744/242/603 758/317/616 745/241/505
f 759/318/617 760/319/618 761/311/610
f 761/311/610 760/319/618 748/307/606
f 761/311/610 748/307/606 751/310/609
f 751/310/609 748/307/606 747/306/605
f 751/310/609 747/306/605 749/308/607
f 762/303/597 763/320/619 739/304/598
f 739/304/598 763/320/619 764/303/620
f 739/304/598 764/303/620 737/302/596
f 737/302/596 764/303/620 765/242/621
f 737/302/596 765/242/621 758/317/616
f 758/317/616 765/242/621 766/241/622
f 767/235/623 768/251/624 769/262/625
f 769/262/625 768/251/624 770/263/626
f 769/262/625 770/263/626 742/238/601
f 742/238/601 770/263/626 771/243/627
f 742/238/601 771/243/627 740/240/599
f 740/240/599 771/243/627 745/241/505
f 740/240/599 745/241/505 741/239/600
f 750/309/608 753/312/611 752/311/610
f 752/311/610 753/312/611 755/314/613
f 752/311/610 755/314/613 772/318/617
f 772/318/617 755/314/613 757/316/615
f 772/318/617 757/316/615 773/252/628
f 773/252/628 757/316/615 756/315/614
f 773/252/628 756/315/614 774/251/624
f 774/251/624 756/315/614 754/313/612
f 774/251/624 754/313/612 775/263/626
f 775/263/626 754/313/612 753/312/611
f 775/263/626 753/312/611 743/243/602
f 743/243/602 753/312/611 750/309/608
f 743/243/602 750/309/608 744/242/603
f 744/242/603 750/309/608 749/308/607
f 744/242/603 749/308/607 738/303/597
f 738/303/597 749/308/607 747/306/605
f 738/303/597 747/306/605 776/320/629
f 776/320/629 747/306/605 746/305/604
f 776/320/629 746/305/604 777/321/630
f 778/322/631 779/323/632 780/324/633
f 780/324/633 779/323/632 781/325/634
f 780/324/633 781/325/634 782/326/635
f 783/327/636 784/328/637 785/329/638
f 785/329/638 784/328/637 786/330/639
f 785/329/638 786/330/639 787/331/640
f 787/331/640 786/330/639 788/282/641
f 787/331/640 788/282/641 789/332/642
f 789/332/642 788/282/641 790/281/643
f 789/332/642 790/281/643 791/333/644
f 792/268/645 793/334/646 794/266/647
f 794/266/647 793/334/646 795/335/648
f 794/266/647 795/335/648 796/247/511
f 796/247/511 795/335/648 797/336/649
f 796/247/511 797/336/649 798/246/650
f 799/322/651 800/337/652 801/338/653
f 801/338/653 800/337/652 802/339/654
f 801/338/653 802/339/654 803/280/655
f 803/280/655 802/339/654 804/278/656
f 803/280/655 804/278/656 805/279/657
f 805/279/657 804/278/656 806/277/658
f 805/279/657 806/277/658 807/340/659
f 807/340/659 806/277/658 808/341/660
f 809/340/659 791/333/644 810/279/657
f 810/279/657 791/333/644 790/281/643
f 810/279/657 790/281/643 811/280/661
f 811/280/661 790/281/643 812/282/641
f 811/280/661 812/282/641 813/338/653
f 813/338/653 812/282/641 814/330/639
f 813/338/653 814/330/639 815/322/662
f 815/322/662 814/330/639 816/328/637
f 815/322/662 816/328/637 817/323/663
f 817/323/663 816/328/637 818/327/664
f 817/323/663 818/327/664 819/325/665
f 819/325/665 818/327/664 820/342/666
f 820/342/667 821/295/668 781/325/634
f 781/325/634 821/295/668 822/296/669
f 781/325/634 822/296/669 782/326/635
f 782/326/635 822/296/669 823/297/579
f 782/326/635 823/297/579 824/336/670
f 824/336/670 823/297/579 825/298/671
f 824/336/670 825/298/671 798/246/672
f 798/246/672 825/298/671 826/343/673
f 798/246/672 826/343/673 827/244/508
f 827/244/508 826/343/673 828/344/674
f 827/244/508 828/344/674 829/258/675
f 829/258/675 828/344/674 830/286/676
f 829/258/675 830/286/676 831/257/677
f 831/257/677 830/286/676 832/301/678
f 831/257/677 832/301/678 833/256/679
f 833/256/679 832/301/678 834/345/519
f 833/256/679 834/345/519 835/255/519
f 835/255/519 834/345/519 836/256/680
f 835/255/519 836/256/680 837/253/517
f 837/253/517 836/256/680 838/225/681
f 837/253/517 838/225/681 839/233/682
f 839/233/682 838/225/681 840/226/683
f 839/233/682 840/226/683 841/229/684
f 841/229/684 840/226/683 842/230/685
f 841/229/684 842/230/685 843/228/489
f 844/309/686 845/310/687 846/311/688
f 846/311/688 847/312/689 844/309/686
f 848/307/690 849/269/691 850/319/692
f 850/319/692 849/269/691 851/318/693
f 845/310/687 844/309/686 852/308/694
f 853/307/695 854/306/696 855/305/697
f 856/305/697 857/273/698 858/307/690
f 858/307/690 857/273/698 859/271/699
f 858/307/690 859/271/699 860/269/700
f 861/319/701 862/269/702 863/307/703
f 864/316/704 865/315/705 866/314/706
f 866/314/706 865/315/705 867/313/707
f 866/314/706 867/313/707 847/312/689
f 868/319/701 869/318/708 870/269/709
f 870/269/709 869/318/708 871/267/710
f 870/269/709 871/267/710 872/268/711
f 873/308/694 874/306/712 845/310/713
f 845/310/713 874/306/712 853/307/714
f 845/310/713 853/307/714 875/311/715
f 875/311/715 853/307/714 876/319/716
f 875/311/715 876/319/716 877/318/717
f 847/312/689 846/311/688 866/314/706
f 866/314/706 846/311/688 877/318/718
f 866/314/706 877/318/718 864/316/704
f 864/316/704 877/318/718 878/252/719
f 864/316/704 878/252/719 865/315/705
f 865/315/705 878/252/719 879/251/515
f 865/315/705 879/251/515 867/313/707
f 867/313/707 879/251/515 880/263/535
f 867/313/707 880/263/535 847/312/689
f 847/312/689 880/263/535 881/243/720
f 847/312/689 881/243/720 844/309/686
f 844/309/686 881/243/720 882/242/721
f 844/309/686 882/242/721 852/308/694
f 852/308/694 882/242/721 883/303/722
f 852/308/694 883/303/722 854/306/696
f 854/306/696 883/303/722 884/320/629
f 854/306/696 884/320/629 855/305/697
f 855/305/697 884/320/629 885/321/723
f 855/305/697 885/321/723 886/275/724
f 886/275/724 885/321/723 887/305/725
f 886/275/724 887/305/725 888/273/726
f 888/273/726 887/305/725 889/307/727
f 888/273/726 889/307/727 890/271/728
f 890/271/728 889/307/727 891/269/709
f 890/271/728 891/269/709 892/270/729
f 892/270/729 891/269/709 872/268/711
f 892/270/729 872/268/711 893/337/730
f 893/337/730 872/268/711 894/322/731
f 893/337/730 894/322/731 895/338/732
f 895/338/732 894/322/731 896/330/733
f 895/338/732 896/330/733 897/282/734
f 898/264/735 899/245/736 900/247/737
f 901/250/738 902/259/739 903/245/740
f 904/237/741 905/261/742 906/248/743
f 907/235/623 908/234/744 909/236/745
f 910/258/591 911/244/746 912/232/593
f 903/245/740 913/264/747 901/250/738
f 902/259/739 901/250/738 906/248/743
f 906/248/743 901/250/738 914/249/748
f 906/248/743 914/249/748 904/237/741
f 909/236/745 904/237/741 915/235/749
f 915/235/749 904/237/741 914/249/748
f 915/235/749 914/249/748 916/251/750
f 916/251/750 914/249/748 901/250/738
f 916/251/750 901/250/738 917/252/751
f 917/252/751 901/250/738 913/264/747
f 917/252/751 913/264/747 918/265/752
f 918/265/752 913/264/747 919/247/753
f 918/265/752 919/247/753 920/266/754
f 920/266/754 919/247/753 921/335/755
f 920/266/754 921/335/755 922/334/756
f 922/334/756 921/335/755 923/324/757
f 922/334/756 923/324/757 924/322/758
f 924/322/758 923/324/757 925/323/759
f 924/322/758 925/323/759 926/328/760
f 905/261/742 927/260/595 906/248/743
f 906/248/743 927/260/595 928/232/761
f 906/248/743 928/232/761 902/259/739
f 902/259/739 928/232/761 929/244/762
f 902/259/739 929/244/762 903/245/740
f 903/245/740 929/244/762 930/246/763
f 903/245/740 930/246/763 931/247/764
f 931/247/764 930/246/763 932/336/765
f 931/247/764 932/336/765 933/335/766
f 933/335/766 932/336/765 934/326/767
f 933/335/766 934/326/767 935/324/768
f 935/324/768 934/326/767 936/325/769
f 935/324/768 936/325/769 937/323/759
f 937/323/759 936/325/769 938/327/770
f 937/323/759 938/327/770 939/328/760
f 939/328/760 938/327/770 940/329/771
f 939/328/760 940/329/771 941/330/733
f 941/330/733 940/329/771 942/331/772
f 941/330/733 942/331/772 943/282/734
f 943/282/734 942/331/772 944/332/642
f 943/282/734 944/332/642 945/281/773
f 945/281/773 944/332/642 946/333/774
f 945/281/773 946/333/774 947/279/559
f 947/279/559 946/333/774 948/340/775
f 947/279/559 948/340/775 949/277/776
f 949/277/776 948/340/775 950/341/660
f 949/277/776 950/341/660 951/276/777
f 951/276/777 950/341/660 952/277/658
f 951/276/777 952/277/658 953/274/778
f 953/274/778 952/277/658 954/278/656
f 953/274/778 954/278/656 955/272/551
f 955/272/551 954/278/656 956/339/654
f 955/272/551 956/339/654 957/270/549
f 957/270/549 956/339/654 958/337/779
f 957/270/549 958/337/779 959/268/780
f 959/268/780 958/337/779 960/322/651
f 959/268/780 960/322/651 961/334/781
f 961/334/781 960/322/651 962/324/782
f 961/334/781 962/324/782 963/335/783
f 963/335/783 962/324/782 964/326/635
f 963/335/783 964/326/635 965/336/670
f 966/226/683 967/231/594 968/230/784
f 969/258/785 970/344/786 971/244/787
f 971/244/787 970/344/786 972/343/788
f 971/244/787 972/343/788 973/246/789
f 973/246/789 972/343/788 974/298/790
f 973/246/789 974/298/790 975/336/791
f 975/336/791 974/298/790 976/297/792
f 975/336/791 976/297/792 977/326/793
f 977/326/793 976/297/792 978/296/794
f 977/326/793 978/296/794 979/325/795
f 980/318/796 981/265/797 982/267/798
f 982/267/798 981/265/797 983/266/799
f 982/267/798 983/266/799 984/268/800
f 984/268/800 983/266/799 985/334/756
f 984/268/800 985/334/756 986/322/731
f 987/231/801 988/226/802 989/224/592
f 989/224/592 988/226/802 990/225/681
f 989/224/592 990/225/681 991/257/590
f 991/257/590 990/225/681 992/256/803
f 991/257/590 992/256/803 993/301/804
f 993/301/804 992/256/803 994/345/519
f 993/301/804 994/345/519 995/300/587
f 995/300/587 994/345/519 996/301/805
f 995/300/587 996/301/805 997/283/586
f 997/283/586 996/301/805 998/286/806
f 997/283/586 998/286/806 999/287/807
f 999/287/807 998/286/806 1000/344/808
f 999/287/807 1000/344/808 1001/299/809
f 1001/299/809 1000/344/808 1002/343/673
f 1001/299/809 1002/343/673 1003/298/810
f 1004/265/811 1005/318/796 1006/252/751
f 1007/346/812 1008/347/813 1009/348/814
f 1010/233/815 1011/349/816 1012/350/817
f 1012/350/817 1011/349/816 1013/351/818
f 1012/350/817 1013/351/818 1014/352/819
f 1014/352/819 1013/351/818 1015/353/820
f 1014/352/819 1015/353/820 1016/354/821
f 1017/347/822 1018/346/823 1019/355/824
f 1019/355/824 1018/346/823 1020/356/825
f 1019/355/824 1020/356/825 1021/357/826
f 1021/357/826 1020/356/825 1022/358/827
f 1021/357/826 1022/358/827 1023/359/828
f 1024/253/829 1025/360/830 1026/233/831
f 1026/233/831 1025/360/830 1027/361/832
f 1026/233/831 1027/361/832 1028/349/833
f 1028/349/833 1027/361/832 1029/233/682
f 1028/349/833 1029/233/682 1030/350/834
f 1030/350/834 1029/233/682 1031/229/835
f 1030/350/834 1031/229/835 1032/227/836
f 1032/227/836 1031/229/835 1033/228/489
f 1034/362/837 1035/363/838 1036/364/758
f 1037/357/839 1038/365/840 1039/359/841
f 1040/366/842 1041/367/843 1042/368/844
f 1042/368/844 1041/367/843 1043/362/845
f 1042/368/844 1043/362/845 1044/369/846
f 1044/369/846 1043/362/845 1036/364/847
f 1044/369/846 1036/364/847 1045/370/848
f 1046/347/813 1047/371/849 1048/348/850
f 1048/348/850 1047/371/849 1049/347/851
f 1048/348/850 1049/347/851 1050/346/852
f 1050/346/852 1049/347/851 1051/355/853
f 1050/346/852 1051/355/853 1052/356/854
f 1052/356/854 1051/355/853 1053/357/855
f 1052/356/854 1053/357/855 1054/358/856
f 1054/358/856 1053/357/855 1055/359/857
f 1056/372/840 1057/373/858 1058/374/859
f 1059/375/860 1060/367/836 1061/376/489
f 1062/377/861 1063/378/862 1064/379/863
f 1064/379/863 1063/378/862 1065/375/860
f 1066/373/858 1067/372/864 1068/380/865
f 1068/380/865 1067/372/864 1069/381/866
f 1068/380/865 1069/381/866 1070/382/867
f 1071/367/843 1065/375/868 1072/362/837
f 1072/362/837 1065/375/868 1073/378/869
f 1072/362/837 1073/378/869 1074/363/870
f 1074/363/870 1073/378/869 1075/377/861
f 1074/363/870 1075/377/861 1076/383/871
f 1077/384/872 1078/385/873 1079/386/874
f 1079/386/874 1078/385/873 1080/387/875
f 1081/388/876 1082/389/877 1083/390/878
f 1083/390/878 1082/389/877 1084/391/745
f 1085/392/879 1086/393/880 1087/394/881
f 1088/395/882 1089/396/883 1090/397/884
f 1090/397/884 1089/396/883 1091/398/885
f 1090/397/884 1091/398/885 1092/399/886
f 1093/400/887 1084/391/874 1094/401/888
f 1094/401/888 1084/391/874 1095/389/889
f 1094/401/888 1095/389/889 1096/402/890
f 1096/402/890 1095/389/889 1097/388/876
f 1098/394/891 1099/403/892 1085/392/893
f 1085/392/893 1099/403/892 1100/404/894
f 1085/392/893 1100/404/894 1101/405/895
f 1101/405/895 1100/404/894 1102/406/896
f 1101/405/895 1102/406/896 1103/407/897
f 1103/407/897 1102/406/896 1104/408/898
f 1103/407/897 1104/408/898 1105/409/899
f 1105/409/899 1104/408/898 1106/410/900
f 1086/393/880 1107/411/901 1087/394/881
f 1087/394/881 1107/411/901 1108/412/902
f 1087/394/881 1108/412/902 1109/403/892
f 1109/403/892 1108/412/902 1110/413/868
f 1109/403/892 1110/413/868 1111/404/894
f 1111/404/894 1110/413/868 1112/414/489
f 1111/404/894 1112/414/489 1113/406/896
f 1113/406/896 1112/414/489 1114/415/784
f 1113/406/896 1114/415/784 1115/408/903
f 1115/408/903 1114/415/784 1116/416/801
f 1115/408/903 1116/416/801 1106/410/904
f 1106/410/904 1116/416/801 1117/417/905
f 1106/410/904 1117/417/905 1118/387/906
f 1118/387/906 1117/417/905 1119/418/907
f 1118/387/906 1119/418/907 1120/386/908
f 1120/386/908 1119/418/907 1121/419/741
f 1122/385/909 1123/420/910 1124/387/911
f 1124/387/911 1123/420/910 1125/397/912
f 1124/387/911 1125/397/912 1126/410/904
f 1126/410/904 1125/397/912 1127/399/886
f 1126/410/904 1127/399/886 1128/409/899
f 1128/409/899 1127/399/886 1129/421/913
f 1128/409/899 1129/421/913 1130/407/914
f 1130/407/914 1129/421/913 1131/422/915
f 1130/407/914 1131/422/915 1132/405/916
f 1132/405/916 1131/422/915 1133/423/917
f 1132/405/916 1133/423/917 1134/392/893
f 1134/392/893 1133/423/917 1135/424/918
f 1134/392/893 1135/424/918 1136/393/880
f 1136/393/880 1135/424/918 1137/425/919
f 1136/393/880 1137/425/919 1138/411/601
f 1138/411/601 1137/425/919 1139/388/920
f 1138/411/601 1139/388/920 1140/426/625
f 1140/426/625 1139/388/920 1141/390/744
f 1140/426/625 1141/390/744 1142/427/749
f 1143/360/921 1144/233/682 1145/361/922
f 1146/233/682 1147/360/921 1148/253/923
f 1149/428/924 1150/369/925 1151/429/926
f 1151/429/926 1150/369/925 1152/368/927
f 1151/429/926 1152/368/927 1153/366/928
f 1154/229/490 1155/350/929 1156/227/930
f 1157/430/931 1158/431/932 1159/364/933
f 1159/364/933 1158/431/932 1160/363/934
f 1159/364/933 1160/363/934 1161/362/935
f 1161/362/935 1160/363/934 1162/378/936
f 1161/362/935 1162/378/936 1163/375/937
f 1164/432/938 1165/430/931 1166/370/939
f 1166/370/939 1165/430/931 1167/364/933
f 1166/370/939 1167/364/933 1168/369/925
f 1168/369/925 1167/364/933 1169/362/940
f 1168/369/925 1169/362/940 1152/368/927
f 1152/368/927 1169/362/940 1170/367/941
f 1152/368/927 1170/367/941 1153/366/928
f 1171/432/942 1172/370/848 1173/430/931
f 1173/430/931 1172/370/848 1174/364/731
f 1173/430/931 1174/364/731 1175/431/943
f 1175/431/943 1174/364/731 1176/363/838
f 1175/431/943 1176/363/838 1177/433/944
f 1177/433/944 1176/363/838 1178/383/871
f 1177/433/944 1178/383/871 1179/363/945
f 1179/363/945 1178/383/871 1180/377/861
f 1179/363/945 1180/377/861 1181/378/946
f 1181/378/946 1180/377/861 1182/379/947
f 1181/378/946 1182/379/947 1163/375/937
f 1184/229/948 1183/233/497 1185/350/817
f 1186/362/949 1187/375/950 1188/367/488
f 1188/367/488 1187/375/950 1189/376/489
f 1190/359/828 1191/365/951 1192/357/826
f 1193/434/952 1194/435/953 1195/436/954
f 1195/436/954 1194/435/953 1196/437/955
f 1195/436/954 1196/437/955 1197/438/858
f 1197/438/858 1196/437/955 1198/439/828
f 1199/392/956 1200/403/957 1201/394/958
f 1201/394/959 1202/411/960 1203/393/961
f 1201/394/959 1203/393/961 1204/392/962
f 1205/401/963 1206/402/964 1207/389/965
f 1207/389/965 1206/402/964 1208/388/966
f 1209/400/967 1210/401/968 1211/391/969
f 1211/391/969 1210/401/968 1212/389/970
f 1211/391/969 1212/389/970 1213/390/971
f 1213/390/971 1212/389/970 1214/388/966
f 1200/403/957 1199/392/956 1215/404/972
f 1215/404/972 1199/392/956 1216/405/973
f 1215/404/972 1216/405/973 1217/406/974
f 1217/406/974 1216/405/973 1218/407/975
f 1217/406/974 1218/407/975 1219/408/976
f 1219/408/976 1218/407/975 1220/409/977
f 1219/408/976 1220/409/977 1221/410/978
f 1222/411/979 1223/394/980 1224/412/981
f 1224/412/981 1223/394/980 1225/403/957
f 1224/412/981 1225/403/957 1226/413/950
f 1226/413/950 1225/403/957 1227/404/972
f 1226/413/950 1227/404/972 1228/414/982
f 1228/414/982 1227/404/972 1229/406/974
f 1228/414/982 1229/406/974 1230/415/491
f 1230/415/491 1229/406/974 1231/408/983
f 1230/415/491 1231/408/983 1232/416/493
f 1232/416/493 1231/408/983 1233/410/984
f 1232/416/493 1233/410/984 1234/417/985
f 1234/417/985 1233/410/984 1235/387/986
f 1234/417/985 1235/387/986 1236/418/529
f 1236/418/529 1235/387/986 1237/386/969
f 1236/418/529 1237/386/969 1238/419/501
f 1239/427/499 1240/390/987 1241/426/988
f 1241/426/988 1240/390/987 1242/388/989
f 1241/426/988 1242/388/989 1243/411/960
f 1243/411/960 1242/388/989 1244/425/990
f 1243/411/960 1244/425/990 1245/393/961
f 1245/393/961 1244/425/990 1246/424/991
f 1245/393/961 1246/424/991 1247/392/956
f 1247/392/956 1246/424/991 1248/423/992
f 1247/392/956 1248/423/992 1249/405/993
f 1249/405/993 1248/423/992 1250/422/994
f 1249/405/993 1250/422/994 1251/407/995
f 1251/407/995 1250/422/994 1252/421/996
f 1251/407/995 1252/421/996 1253/409/977
f 1253/409/977 1252/421/996 1254/399/997
f 1253/409/977 1254/399/997 1255/410/984
f 1255/410/984 1254/399/997 1256/397/998
f 1255/410/984 1256/397/998 1257/387/999
f 1257/387/999 1256/397/998 1258/420/1000
f 1257/387/999 1258/420/1000 1259/385/1001
f 1260/273/1002 1261/305/1003 1262/275/724
f 1263/269/1004 1264/267/546 1265/318/1005
f 1265/318/1005 1264/267/546 1266/265/544
f 1265/318/1005 1266/265/544 1267/252/516
f 1267/252/516 1266/265/544 1268/264/1006
f 1267/252/516 1268/264/1006 1269/250/541
f 1270/233/831 1271/225/486 1272/253/1007
f 1273/344/1008 1274/299/1009 1275/343/788
f 1275/343/788 1274/299/1009 1276/298/1010
f 1277/330/733 1278/322/758 1279/328/1011
f 1274/299/1009 1280/289/1012 1276/298/1010
f 1276/298/1010 1280/289/1012 1281/291/1013
f 1276/298/1010 1281/291/1013 1282/297/1014
f 1282/297/1014 1281/291/1013 1283/293/1015
f 1282/297/1014 1283/293/1015 1284/296/1016
f 1285/275/1017 1286/273/1018 1287/274/556
f 1287/274/556 1286/273/1018 1288/272/1019
f 1287/274/556 1288/272/1019 1289/278/558
f 1289/278/558 1288/272/1019 1290/339/1020
f 1289/278/558 1290/339/1020 1291/280/1021
f 1291/280/1021 1290/339/1020 1292/338/1022
f 1291/280/1021 1292/338/1022 1293/282/734
f 1294/273/1023 1295/271/1024 1296/272/1025
f 1296/272/1025 1295/271/1024 1297/270/729
f 1296/272/1025 1297/270/729 1298/339/1020
f 1298/339/1020 1297/270/729 1299/337/1026
f 1298/339/1020 1299/337/1026 1300/338/1022
f 1301/258/785 1302/286/1027 1303/344/1028
f 1303/344/1028 1302/286/1027 1304/287/1029
f 1303/344/1028 1304/287/1029 1305/299/1009
f 1305/299/1009 1304/287/1029 1306/288/569
f 1305/299/1009 1306/288/569 1307/289/1012
f 1307/289/1012 1306/288/569 1308/290/1030
f 1307/289/1012 1308/290/1030 1309/291/1013
f 1309/291/1013 1308/290/1030 1310/292/1031
f 1309/291/1013 1310/292/1031 1311/293/1032
f 1311/293/1032 1310/292/1031 1312/294/1033
f 1311/293/1032 1312/294/1033 1313/296/1034
f 1313/296/1034 1312/294/1033 1314/295/1035
f 1313/296/1034 1314/295/1035 1315/325/795
f 1315/325/795 1314/295/1035 1316/342/1036
f 1315/325/795 1316/342/1036 1317/327/770
f 1318/370/1037 1319/440/1038 1320/369/846
f 1321/431/932 1322/433/944 1323/363/934
f 1324/440/1039 1325/428/1040 1326/369/846
f 1326/369/846 1325/428/1040 1327/429/1041
f 1326/369/846 1327/429/1041 1328/368/1042
f 1328/368/1042 1327/429/1041 1329/366/834
f 1330/354/1043 1331/353/1044 1332/352/1041
f 1332/352/1041 1331/353/1044 1333/351/818
f 1332/352/1041 1333/351/818 1334/350/1045
f 1334/350/1045 1333/351/818 1335/349/816
f 1336/441/1046 1337/254/518 1338/360/1047
f 1338/360/1047 1337/254/518 1339/253/1048
f 1340/253/1007 1337/254/518 1341/360/1049
f 1341/360/1049 1337/254/518 1336/441/1046
f 1341/360/1049 1336/441/1046 1342/361/922
f 1342/361/922 1336/441/1046 1338/360/1047
f 1343/397/1050 1344/420/1051 1345/395/1052
f 1346/442/1053 1347/443/1054 1348/444/1055
f 1349/396/883 1347/443/1054 1350/398/1056
f 1350/398/1056 1347/443/1054 1346/442/1053
f 1350/398/1056 1346/442/1053 1351/399/1057
f 1352/388/920 1353/425/1058 1354/445/1059
f 1354/445/1059 1353/425/1058 1355/424/1060
f 1354/445/1059 1355/424/1060 1356/446/1061
f 1356/446/1061 1355/424/1060 1357/423/1062
f 1356/446/1061 1357/423/1062 1358/447/1063
f 1358/447/1063 1357/423/1062 1359/422/915
f 1358/447/1063 1359/422/915 1360/421/913
f 1361/402/890 1352/388/920 1362/448/1064
f 1362/448/1064 1352/388/920 1354/445/1059
f 1362/448/1064 1354/445/1059 1363/449/1065
f 1363/449/1065 1354/445/1059 1356/446/1061
f 1363/449/1065 1356/446/1061 1348/444/1055
f 1348/444/1055 1356/446/1061 1358/447/1063
f 1348/444/1055 1358/447/1063 1346/442/1053
f 1346/442/1053 1358/447/1063 1360/421/913
f 1346/442/1053 1360/421/913 1351/399/1057
f 1364/397/1066 1365/399/997 1366/398/1067
f 1367/398/1067 1368/396/1068 1369/397/1066
f 1369/397/1066 1368/396/1068 1370/395/1069
f 1369/397/1066 1370/395/1069 1371/420/1070
f 1372/387/999 1373/385/1071 1374/386/1072
f 1374/386/1072 1373/385/1071 1375/384/1073
f 1376/398/1074 1377/399/1075 1378/442/1076
f 1379/396/1068 1376/398/1074 1380/443/1077
f 1380/443/1077 1376/398/1074 1378/442/1076
f 1380/443/1077 1378/442/1076 1381/444/1078
f 1382/421/996 1383/422/994 1384/447/1079
f 1384/447/1079 1383/422/994 1385/423/1080
f 1384/447/1079 1385/423/1080 1386/446/1081
f 1386/446/1081 1385/423/1080 1387/424/1082
f 1386/446/1081 1387/424/1082 1388/445/1083
f 1388/445/1083 1387/424/1082 1389/425/990
f 1388/445/1083 1389/425/990 1390/388/1084
f 1377/399/1075 1382/421/996 1378/442/1076
f 1378/442/1076 1382/421/996 1384/447/1079
f 1378/442/1076 1384/447/1079 1381/444/1078
f 1381/444/1078 1384/447/1079 1386/446/1081
f 1381/444/1078 1386/446/1081 1391/449/1085
f 1391/449/1085 1386/446/1081 1388/445/1083
f 1391/449/1085 1388/445/1083 1392/448/1086
f 1392/448/1086 1388/445/1083 1390/388/1084
f 1392/448/1086 1390/388/1084 1393/402/964
f 1394/369/925 1395/428/1087 1396/440/1088
f 1397/369/925 1396/440/1088 1398/370/1089
f 1399/353/1044 1400/354/1090 1401/450/1091
f 1401/450/1091 1402/451/1092 1399/353/1044
f 1399/353/1044 1402/451/1092 1403/450/1093
f 1399/353/1044 1403/450/1093 1404/354/821
f 1405/452/1094 1406/370/1095 1407/453/1096
f 1407/453/1096 1406/370/1095 1408/440/1097
f 1407/453/1096 1408/440/1097 1409/454/1098
f 1409/454/1098 1408/440/1097 1410/428/924
f 1409/454/1098 1410/428/924 1411/455/1099
f 1412/455/1100 1413/428/1101 1414/454/1102
f 1414/454/1102 1413/428/1101 1415/440/1038
f 1414/454/1102 1415/440/1038 1416/453/1103
f 1416/453/1103 1415/440/1038 1417/370/848
f 1416/453/1103 1417/370/848 1405/452/1094
f 1405/452/1094 1417/370/848 1418/432/942
f 1405/452/1094 1418/432/942 1406/370/1095
o editpl_f-0000-32
v 18.750666 -12.865553 4.414294
v 18.060213 -9.243306 4.894397
v 14.480973 -11.883791 8.468508
v 10.772109 -12.454881 8.558528
v 8.504993 -7.430578 9.484284
v 7.132025 -13.427016 9.116427
v -18.824736 -13.625936 -2.239375
v -19.922581 -21.810480 -1.209150
v -19.189802 -21.512102 5.353387
v -4.063350 -21.749521 7.909498
v -9.250998 -23.475622 10.495616
v -3.851717 -23.822126 8.382935
v 4.613595 -4.825383 11.270227
v 0.000000 -5.297013 11.641419
v 0.000000 -8.312879 11.161315
v -4.613595 -4.825383 11.270227
v 17.406797 -14.578822 -7.548306
v 13.708514 -9.265766 -11.147977
v 17.880325 -9.021929 -3.229590
v 12.523370 -4.122753 -8.537411
v -12.523370 -4.122753 -8.537411
v -13.708514 -9.265766 -10.357805
v -17.880325 -9.021929 -3.229590
v -17.406797 -14.578822 -7.548306
v -1.722162 -21.983732 4.873282
v -1.489366 -23.918379 4.570995
v -0.849177 -23.167620 -6.853710
v -1.103136 -24.239216 -5.857938
v 1.722162 -21.983732 4.873282
v 0.000000 -22.282110 -0.799061
v 0.335967 -22.676741 -6.173562
v -14.459810 -22.830742 9.667658
v -9.653100 -18.008566 9.267570
v -3.698283 -14.328568 9.252012
v 0.000000 -8.312879 11.161315
v -5.179712 -7.940708 10.623421
v -4.613595 -4.825383 11.270227
v -7.790732 -4.260712 9.467613
v 14.480973 -11.883791 8.468508
v 10.772109 -12.454881 8.558528
v 8.949421 -15.281452 8.921940
v -14.480973 -11.883791 8.468508
v -8.949421 -15.281452 8.921940
v -10.772109 -12.454881 8.558528
v -18.824736 -13.625936 -2.239375
v -17.880325 -9.021929 -3.229590
v -18.750666 -12.865553 4.414294
v -18.060213 -9.243306 4.894397
v 18.750666 -12.865553 4.414294
v 17.880325 -9.021929 -3.229590
v 18.724211 -13.625936 -2.239375
v 17.406797 -14.578822 -7.548306
v 7.132025 -13.427016 9.116427
v 4.571268 -19.638416 7.418281
v 9.653100 -18.008566 9.267570
v 14.459810 -22.830742 9.667658
v 19.189802 -21.512102 5.353387
v 18.724211 -13.625936 -2.239375
v -18.824736 -13.625936 -2.239375
v -18.750666 -12.865553 4.414294
v -9.653100 -18.008566 9.267570
v -8.504993 -7.430578 9.484284
v -5.179712 -7.940708 10.623421
v -7.132025 -13.427016 9.116427
v -3.698283 -14.328568 9.252012
v -4.571268 -19.638416 7.418281
v 0.000000 -20.588093 7.473847
v -0.849177 -23.167620 -6.853710
v -0.335967 -22.676741 -6.173562
v -1.722162 -21.983732 4.873282
v 0.000000 -22.282110 -0.799061
v 0.000000 -22.471403 4.212028
v 1.722162 -21.983732 4.873282
v 4.571268 -19.638416 7.418281
v 4.063350 -21.749521 7.909498
v 9.653100 -18.008566 9.267570
v 9.250998 -23.475622 10.495616
v 14.459810 -22.830742 9.667658
v -4.063350 -21.749521 7.909498
v -4.571268 -19.638416 7.418281
v -7.132025 -13.427016 9.116427
v -8.504993 -7.430578 9.484284
v -11.441398 -6.715113 9.054191
v -7.790732 -4.260712 9.467613
v -10.740364 -3.596579 8.654103
v -1.489366 -23.918379 4.570995
v -1.722162 -21.983732 4.873282
v -4.571268 -19.638416 7.418281
v 0.000000 -22.471403 4.212028
v 0.000000 -20.588093 7.473847
v 4.571268 -19.638416 7.418281
v 3.698283 -14.328568 9.252012
v 5.179712 -7.940708 10.623421
v 8.504993 -7.430578 9.484284
v 7.790732 -4.260712 9.467613
v 11.441398 -6.715113 9.054191
v 10.740364 -3.596579 8.654103
v 13.367256 -3.160242 7.745017
v 0.849177 -23.167620 -6.853710
v 0.335967 -22.676741 -6.173562
v 0.656062 -20.870428 -9.959940
v 2.338542 -4.215796 -11.807010
v 1.711580 -8.960971 -14.008599
v 0.000000 -9.073264 -13.108403
v 1.193080 -15.923128 -14.693192
v 0.000000 -16.789389 -12.822786
v 0.656062 -20.870428 -9.959940
v 0.000000 -19.689751 -8.008405
v 0.335967 -22.676741 -6.173562
v 0.000000 -22.282110 -0.799061
v -11.441398 -6.715113 9.054191
v -10.740364 -3.596579 8.654103
v -13.367256 -3.144200 7.745016
v -6.695532 -0.118711 -8.184001
v -7.150543 -2.290775 -9.607643
v -11.261510 -0.455589 -7.101543
v -12.523370 -4.122753 -8.537411
v -15.629081 -1.376390 -2.517214
v -17.880325 -9.021929 -3.229590
v -16.226944 -2.419109 4.110893
v -18.060213 -9.243306 4.894397
v -14.480973 -11.883791 8.468508
v -11.441398 -6.715113 9.054191
v -10.772109 -12.454881 8.558528
v -19.922581 -21.810480 -1.209150
v -18.824736 -13.625936 -2.239375
v -17.774509 -18.961451 -6.375829
v -17.406797 -14.578822 -7.548306
v -14.205851 -15.268620 -12.820563
v -13.708514 -9.265766 -10.357805
v -8.957358 -9.374850 -13.539608
v -12.523370 -4.122753 -8.537411
v -8.084372 -5.576143 -11.227996
v -7.150543 -2.290775 -9.607643
v -2.338542 -4.215796 -11.807010
v -6.695532 -0.118711 -8.184001
v -4.065995 0.279127 -9.040854
v 2.338542 -4.215796 -11.807010
v 2.044902 0.279127 -9.624314
v 4.065995 0.279127 -9.040854
v 1.711580 -8.960971 -14.008599
v 2.338542 -4.215796 -11.807010
v 8.084372 -5.576143 -11.227996
v 8.288069 -15.493207 -15.267761
v 13.573598 -20.908932 -12.852791
v 5.595042 -20.754930 -14.720975
v 13.443973 -25.923609 -10.394479
v 5.177067 -25.111891 -12.279333
v 18.041695 -24.316216 -5.850158
v 17.774509 -18.961451 -6.375829
v 14.205851 -15.268620 -12.820563
v 8.288069 -15.493207 -15.267761
v 8.957358 -9.374850 -13.539608
v 1.103136 -24.239216 -5.857938
v 0.849177 -23.167620 -6.853710
v 0.656062 -20.870428 -9.959940
v 1.193080 -15.923128 -14.693192
v 1.711580 -8.960971 -14.008599
v 8.084372 -5.576143 -11.227996
v 8.504993 -7.430578 9.484284
v 10.772109 -12.454881 8.558528
v 11.441398 -6.715113 9.054191
v 14.480973 -11.883791 8.468508
v 13.367256 -3.160242 7.745017
v 18.060213 -9.243306 4.894397
v 16.226944 -2.419109 4.110893
v 17.880325 -9.021929 -3.229590
v 15.629081 -1.376390 -2.517214
v 12.523370 -4.122753 -8.537411
v 11.261510 -0.455589 -7.101543
v 7.150543 -2.290775 -9.607643
v 6.695532 -0.118711 -8.184001
v 4.065995 0.279127 -9.040854
v 2.338542 -4.215796 -11.807010
v 12.523370 -4.122753 -8.537411
v 8.957358 -9.374850 -13.539608
v 13.708514 -9.265766 -11.147977
v 14.205851 -15.268620 -12.820563
v 17.406797 -14.578822 -7.548306
v 17.774509 -18.961451 -6.375829
v 18.724211 -13.625936 -2.239375
v 19.922581 -21.810480 -1.209150
v 19.189802 -21.512102 5.353387
v 0.000000 -8.312879 11.161315
v -3.698283 -14.328568 9.252012
v 0.000000 -14.665446 9.580972
v 0.000000 -14.665446 9.580972
v 3.698283 -14.328568 9.252012
v 0.000000 -8.312879 11.161315
v 5.179712 -7.940708 10.623421
v 4.613595 -4.825383 11.270227
v 7.790732 -4.260712 9.467613
v -2.044902 0.279127 -9.624314
v -2.338542 -4.215796 -11.807010
v -4.065995 0.279127 -9.040854
v 2.044902 0.279127 -9.624314
v 2.338542 -4.215796 -11.807010
v 0.000000 -4.430756 -10.971273
v -2.338542 -4.215796 -11.807010
v -2.044902 0.279127 -9.624314
v 0.000000 -4.430756 -10.971273
v 0.000000 0.279127 -8.989731
v 2.044902 0.279127 -9.624314
v 19.097214 -30.768242 -0.346740
v 18.041695 -24.316216 -5.850158
v 19.922581 -21.810480 -1.209150
v 19.922581 -21.810480 -1.209150
v 18.041695 -24.316216 -5.850158
v 17.774509 -18.961451 -6.375829
v 1.489366 -23.918379 4.570995
v 0.849177 -23.167620 -6.853710
v 1.103136 -24.239216 -5.857938
v 19.097214 -30.768242 -0.346740
v 17.174002 -30.777866 -5.639000
v 18.041695 -24.316216 -5.850158
v 12.428135 -30.627073 -9.253120
v 13.443973 -25.923609 -10.394479
v 4.997179 -30.136194 -11.155756
v 5.177067 -25.111891 -12.279333
v 1.166626 -29.010057 -5.088881
v 1.103136 -24.239216 -5.857938
v 1.103136 -24.239216 -5.857938
v 1.166626 -29.010057 -5.088881
v 1.489366 -23.918379 4.570995
v 1.166626 -29.472061 4.612115
v 3.851717 -23.822126 8.382935
v 3.759127 -30.832411 8.700782
v 9.250998 -23.475622 10.495616
v 8.491766 -31.952129 10.391150
v 14.459810 -22.830742 9.667658
v 14.221723 -31.737169 9.685441
v 19.189802 -21.512102 5.353387
v 0.335967 -22.676741 -6.173562
v 1.722162 -21.983732 4.873282
v 4.063350 -21.749521 7.909498
v 3.851717 -23.822126 8.382935
v 9.250998 -23.475622 10.495616
v -1.711580 -8.960971 -14.008599
v -8.084372 -5.576143 -11.227996
v -2.338542 -4.215796 -11.807010
v -19.922581 -21.810480 -1.209150
v -18.041695 -24.316216 -5.850158
v -19.097214 -30.768242 -0.346740
v 0.000000 -16.789389 -12.822786
v 0.000000 -19.689751 -8.008405
v -0.656062 -20.870428 -9.959940
v -1.103136 -24.239216 -5.857938
v -5.177067 -25.111891 -12.279333
v -0.849177 -23.167620 -6.853710
v -0.656062 -20.870428 -9.959940
v -0.335967 -22.676741 -6.173562
v 0.000000 -22.282110 -0.799061
v -1.103136 -24.239216 -5.857938
v -1.166626 -29.010057 -5.088881
v -5.177067 -25.111891 -12.279333
v -4.997179 -30.136194 -11.155756
v -13.443973 -25.923609 -10.394479
v -12.428135 -30.627073 -9.253120
v -18.041695 -24.316216 -5.850158
v -17.174002 -30.777866 -5.639000
v -19.097214 -30.768242 -0.346740
v 0.000000 -9.073264 -13.108403
v -1.193080 -15.923128 -14.693192
v -5.595042 -20.754930 -14.720975
v -5.177067 -25.111891 -12.279333
v -13.443973 -25.923609 -10.394479
v -8.084372 -5.576143 -11.227996
v -1.711580 -8.960971 -14.008599
v -8.957358 -9.374850 -13.539608
v -8.190189 -15.493207 -15.267761
v -14.205851 -15.268620 -12.820563
v -13.573598 -20.908932 -12.852791
v -17.774509 -18.961451 -6.375829
v -2.338542 -4.215796 -11.807010
v 0.000000 -9.073264 -13.108403
v -1.711580 -8.960971 -14.008599
v -1.193080 -15.923128 -14.693192
v -18.041695 -24.316216 -5.850158
v -19.922581 -21.810480 -1.209150
v -19.189802 -21.512102 5.353387
v -14.221723 -31.737169 9.685441
v -14.459810 -22.830742 9.667658
v -8.491766 -31.952129 10.391150
v -9.250998 -23.475622 10.495616
v -3.759127 -30.832411 8.700782
v -3.851717 -23.822126 8.382935
v -1.166626 -29.472061 4.612115
v -1.489366 -23.918379 4.570995
v -1.166626 -29.010057 -5.088881
v -1.103136 -24.239216 -5.857938
v -2.338542 -4.215796 -11.807010
v 0.000000 -4.430756 -10.971273
v 0.000000 -9.073264 -13.108403
v 2.338542 -4.215796 -11.807010
v 3.698283 -14.328568 9.252012
v 0.000000 -14.665446 9.580972
v 0.000000 -20.588093 7.473847
v -3.698283 -14.328568 9.252012
v 9.999649 -93.013779 -4.987744
v 9.880606 -95.211510 -5.790140
v 6.700823 -93.013779 -2.893955
v 12.007515 -95.333427 -2.893955
v 12.078941 -99.873268 -6.848147
v 9.880606 -95.211510 -5.790140
v 9.880606 -95.211510 -5.790140
v 9.999649 -93.013779 -4.987744
v 12.007515 -95.333427 -2.893955
v 6.700823 -93.013779 -0.665693
v 8.642554 -94.810463 4.794382
v 8.700753 -93.013779 2.827288
v 11.211247 -94.810463 4.547662
v 11.044586 -93.013779 2.580568
v 12.007515 -95.333427 0.153374
v 12.078941 -99.873268 -6.848147
v 12.007515 -95.333427 -2.893955
v 13.557725 -98.833755 -1.643683
v 12.007515 -95.333427 0.153374
v 11.211247 -94.810463 4.547662
v 9.880606 -95.211510 -5.790140
v 7.605553 -99.873268 -6.699226
v 6.700823 -93.013779 -2.893955
v 5.502452 -97.152573 -0.183366
v 6.700823 -93.013779 -0.665693
v 8.642554 -94.810463 4.794382
v 6.727277 -55.193542 8.000632
v 6.975946 -50.859039 7.538309
v 2.097810 -50.602367 2.673918
v 2.439068 -57.352772 1.553675
v 2.097810 -50.602367 2.673918
v 2.097810 -50.602367 -2.778378
v 6.759022 -63.291462 5.391177
v 2.439068 -57.352772 1.553675
v 4.552750 -63.766300 1.883748
v 11.256219 -62.733204 4.987756
v 14.002154 -59.332336 1.353631
v 12.975735 -57.843655 3.210702
v 14.028608 -50.339283 0.342301
v 14.028608 -50.339283 3.314058
v 7.171706 -61.478733 6.508086
v 6.727277 -55.193542 8.000632
v 4.809355 -56.813766 3.997539
v 2.097810 -50.602367 2.673918
v 11.869954 -54.875916 7.597211
v 11.547214 -50.859039 7.143779
v 6.975946 -50.859039 7.538309
v 4.552750 -62.126823 -2.238259
v 4.552750 -63.766300 1.883748
v 2.439068 -57.352772 -1.693697
v 2.439068 -57.352772 1.553675
v 2.097810 -50.602367 -2.778378
v 6.975946 -50.859039 7.538309
v 6.727277 -55.193542 8.000632
v 11.869954 -54.875916 7.597211
v 7.171706 -61.478733 6.508086
v 11.282673 -60.917271 6.104665
v 2.097810 -50.602367 -2.778378
v 5.714085 -38.304695 -9.480947
v 6.634688 -50.859039 -5.795700
v 11.798528 -38.304695 -8.377373
v 11.174211 -50.859039 -5.232244
v 13.279957 -50.339283 -3.028432
v 14.316958 -59.572964 -2.953970
v 14.002154 -59.332336 1.353631
v 14.676734 -64.302094 1.778169
v 14.676734 -64.302094 1.778169
v 15.234915 -63.560963 -3.420738
v 14.316958 -59.572964 -2.953970
v 11.719166 -59.492756 -5.567873
v 11.174211 -50.859039 -5.232244
v 6.359565 -59.492756 -6.130217
v 6.634688 -50.859039 -5.795700
v 2.439068 -57.352772 -1.693697
v 2.097810 -50.602367 -2.778378
v 15.234915 -63.560963 -3.420738
v 12.314383 -62.826248 -6.450286
v 11.719166 -59.492756 -5.567873
v 6.520935 -63.246544 -6.920388
v 6.359565 -59.492756 -6.130217
v 4.552750 -62.126823 -2.238259
v 2.439068 -57.352772 -1.693697
v 2.097810 -50.602367 2.673918
v 2.439068 -57.352772 1.553675
v 4.809355 -56.813766 3.997539
v 6.759022 -63.291462 5.391177
v 11.256219 -62.733204 4.987756
v 12.975735 -57.843655 3.210702
v 14.028608 -50.339283 3.314058
v 11.547214 -50.859039 7.143779
v 13.279957 -50.339283 -3.028432
v 14.028608 -50.339283 0.342301
v 14.002154 -59.332336 1.353631
v 12.314383 -62.826248 -6.450286
v 12.809074 -69.072937 -8.317358
v 6.999754 -70.754128 -8.510733
v 11.613349 -66.108406 5.252257
v 12.089523 -71.411842 5.127786
v 15.803678 -70.112450 1.613689
v 6.528871 -85.666618 -2.868395
v 6.700823 -93.013779 -2.893955
v 6.700823 -93.013779 -0.665693
v 4.552750 -62.126823 -2.238259
v 4.433707 -71.732674 -3.823047
v 4.433707 -71.954056 0.913537
v 5.026279 -77.141983 1.365858
v 8.290714 -77.985786 4.543216
v 6.520935 -63.246544 -6.920388
v 4.433707 -71.732674 -3.823047
v 4.552750 -62.126823 -2.238259
v 11.256219 -62.733204 4.987756
v 6.759022 -63.291462 5.391177
v 7.221969 -66.817459 5.315605
v 5.026279 -77.283150 -3.765257
v 6.528871 -85.666618 0.343414
v 8.391240 -84.903023 3.099568
v 11.121303 -84.303062 3.237376
v 16.290434 -68.851562 -3.783039
v 15.234915 -63.560963 -3.420738
v 14.676734 -64.302094 1.778169
v 14.002154 -59.332336 1.353631
v 6.528871 -85.666618 -2.868395
v 5.026279 -77.283150 -3.765257
v 8.251033 -85.124397 -5.679006
v 7.311913 -76.981567 -7.548301
v 11.245637 -84.524437 -5.152225
v 12.052487 -75.711052 -7.486065
v 13.520690 -83.863510 -3.408512
v 15.846005 -75.030876 -3.825270
v 13.520690 -83.863510 0.273399
v 15.017992 -76.670357 1.340297
v 11.806464 -77.985786 4.529879
v 7.930939 -72.371140 5.191133
v 4.552750 -63.766300 1.883748
v 8.700753 -93.013779 2.827288
v 11.044586 -93.013779 2.580568
v 12.007515 -95.333427 0.153374
v 12.007515 -95.333427 -2.893955
v 9.999649 -93.013779 -4.987744
v 6.700823 -93.013779 -2.893955
v -9.999649 -93.013779 -4.987744
v -9.880606 -95.211510 -5.790140
v -12.007515 -95.333427 -2.893955
v -6.700823 -93.013779 -2.893955
v -7.605553 -99.873268 -6.699226
v -9.880606 -95.211510 -5.790140
v -8.700753 -93.013779 2.827288
v -8.642554 -94.810463 4.794382
v -6.700823 -93.013779 -0.665693
v -9.880606 -95.211510 -5.790140
v -9.999649 -93.013779 -4.987744
v -6.700823 -93.013779 -2.893955
v -9.880606 -95.211510 -5.790140
v -12.078941 -99.873268 -6.848147
v -12.007515 -95.333427 -2.893955
v -11.211247 -94.810463 4.547662
v -12.007515 -95.333427 0.153374
v -13.557725 -98.833755 -1.643683
v -12.007515 -95.333427 -2.893955
v -12.078941 -99.873268 -6.848147
v -7.605553 -99.873268 -6.699226
v -6.700823 -93.013779 -2.893955
v -5.502452 -97.152573 -0.183366
v -6.700823 -93.013779 -0.665693
v -8.642554 -94.810463 4.794382
v -8.642554 -94.810463 4.794382
v -8.700753 -93.013779 2.827288
v -11.211247 -94.810463 4.547662
v -11.044586 -93.013779 2.580568
v -12.007515 -95.333427 0.153374
v -11.798528 -38.304695 -8.377373
v -5.714085 -38.304695 -9.480947
v -6.634688 -50.859039 -5.795700
v -2.097810 -50.602367 -2.778378
v -2.439068 -57.352772 -1.693697
v -6.759022 -63.291462 5.391177
v -7.171706 -61.478733 6.508086
v -11.256219 -62.733204 4.987756
v -11.282673 -60.917271 6.104665
v -2.097810 -50.602367 2.673918
v -6.975946 -50.859039 7.538309
v -6.727277 -55.193542 8.000632
v -11.869954 -54.875916 7.597211
v -6.520935 -63.246544 -6.920388
v -12.314383 -62.826248 -6.450286
v -11.719166 -59.492756 -5.567873
v -15.234915 -63.560963 -3.420738
v -14.316958 -59.572964 -2.953970
v -14.676734 -64.302094 1.778169
v -14.002154 -59.332336 1.353631
v -13.279957 -50.339283 -3.028432
v -11.798528 -38.304695 -8.377373
v -11.174211 -50.859039 -5.232244
v -6.634688 -50.859039 -5.795700
v -6.359565 -59.492756 -6.130217
v -4.552750 -62.126823 -2.238259
v -4.552750 -62.126823 -2.238259
v -2.439068 -57.352772 -1.693697
v -4.552750 -63.766300 1.883748
v -2.439068 -57.352772 1.553675
v -6.759022 -63.291462 5.391177
v -4.809355 -56.813766 3.997539
v -7.171706 -61.478733 6.508086
v -14.002154 -59.332336 1.353631
v -11.256219 -62.733204 4.987756
v -12.975735 -57.843655 3.210702
v -11.869954 -54.875916 7.597211
v -6.727277 -55.193542 8.000632
v -2.097810 -50.602367 2.673918
v -2.439068 -57.352772 1.553675
v -2.097810 -50.602367 -2.778378
v -2.439068 -57.352772 -1.693697
v -4.552750 -62.126823 -2.238259
v -6.520935 -63.246544 -6.920388
v -6.359565 -59.492756 -6.130217
v -11.719166 -59.492756 -5.567873
v -11.174211 -50.859039 -5.232244
v -14.316958 -59.572964 -2.953970
v -13.279957 -50.339283 -3.028432
v -14.002154 -59.332336 1.353631
v -14.028608 -50.339283 0.342301
v -12.975735 -57.843655 3.210702
v -14.028608 -50.339283 3.314058
v -11.869954 -54.875916 7.597211
v -11.547214 -50.859039 7.143779
v -6.975946 -50.859039 7.538309
v -8.700753 -93.013779 2.827288
v -8.391240 -84.903023 3.099568
v -11.121303 -84.303062 3.237376
v -6.759022 -63.291462 5.391177
v -7.221969 -66.817459 5.315605
v -4.552750 -63.766300 1.883748
v -15.803678 -70.112450 1.613689
v -14.676734 -64.302094 1.778169
v -15.234915 -63.560963 -3.420738
v -6.700823 -93.013779 -0.665693
v -6.528871 -85.666618 -2.868395
v -5.026279 -77.283150 -3.765257
v -6.528871 -85.666618 0.343414
v -5.026279 -77.141983 1.365858
v -8.290714 -77.985786 4.543216
v -11.613349 -66.108406 5.252257
v -11.256219 -62.733204 4.987756
v -14.002154 -59.332336 1.353631
v -11.044586 -93.013779 2.580568
v -13.520690 -83.863510 0.273399
v -12.007515 -95.333427 0.153374
v -13.520690 -83.863510 -3.408512
v -12.007515 -95.333427 -2.893955
v -11.245637 -84.524437 -5.152225
v -9.999649 -93.013779 -4.987744
v -8.251033 -85.124397 -5.679006
v -6.700823 -93.013779 -2.893955
v -6.528871 -85.666618 -2.868395
v -15.846005 -75.030876 -3.825270
v -12.809074 -69.072937 -8.317358
v -12.052487 -75.711052 -7.486065
v -6.999754 -70.754128 -8.510733
v -7.311913 -76.981567 -7.548301
v -4.433707 -71.732674 -3.823047
v -5.026279 -77.283150 -3.765257
v -12.089523 -71.411842 5.127786
v -7.930939 -72.371140 5.191133
v -4.433707 -71.954056 0.913537
v -4.552750 -62.126823 -2.238259
v -4.433707 -71.732674 -3.823047
v -11.806464 -77.985786 4.529879
v -6.700823 -93.013779 -2.893955
v -15.017992 -76.670357 1.340297
v -16.290434 -68.851562 -3.783039
v -12.314383 -62.826248 -6.450286
v -4.552750 -62.126823 -2.238259
v -6.520935 -63.246544 -6.920388
v 17.174002 -30.777866 -5.639000
v 15.287823 -39.738838 -4.658787
v 12.428135 -30.627073 -9.253120
v 2.505203 -40.463928 3.454087
v 1.166626 -29.472061 4.612115
v 1.166626 -29.010057 -5.088881
v 11.547214 -50.859039 7.143779
v 12.586860 -41.882027 8.705228
v 6.975946 -50.859039 7.538309
v 18.568132 -30.996037 5.043320
v 19.097214 -30.768242 -0.346740
v 19.922581 -21.810480 -1.209150
v 2.097810 -50.602367 -2.778378
v 2.505203 -39.145290 -4.323159
v 5.714085 -38.304695 -9.480947
v 2.505203 -39.145290 -4.323159
v 2.097810 -50.602367 -2.778378
v 2.097810 -50.602367 2.673918
v 16.830097 -41.522690 -0.274501
v 16.084091 -42.222115 4.393180
v 11.798528 -38.304695 -8.377373
v 4.997179 -30.136194 -11.155756
v 1.166626 -29.010057 -5.088881
v 3.759127 -30.832411 8.700782
v 4.322600 -40.948391 7.172673
v 8.491766 -31.952129 10.391150
v 7.346303 -41.683109 9.210894
v 14.221723 -31.737169 9.685441
v 14.028608 -50.339283 3.314058
v 14.028608 -50.339283 0.342301
v 13.279957 -50.339283 -3.028432
v 19.189802 -21.512102 5.353387
v -6.137351 -100.113892 0.980221
v -7.647880 -104.932861 -1.213589
v -7.274877 -104.932861 -6.850370
v -7.605553 -99.873268 -6.699226
v -9.758917 -99.873268 -7.933939
v -9.880606 -95.211510 -5.790140
v -12.078941 -99.873268 -6.848147
v -14.663507 -103.553261 2.072681
v -15.390994 -104.932861 10.113317
v -15.801033 -102.391830 10.422273
v -9.758917 -99.873268 -7.933939
v -9.811825 -104.932861 -8.159543
v -12.491625 -104.932861 -7.148212
v -13.409582 -104.932861 -1.213589
v -13.557725 -98.833755 -1.643683
v -12.078941 -99.873268 -6.848147
v -8.946776 -98.423080 10.694553
v -12.219148 -98.423080 10.446723
v -13.039225 -102.452789 19.293089
v -13.240276 -104.932861 19.860991
v -8.417694 -102.093452 20.241072
v -8.351559 -104.932861 20.807863
v -4.954853 -101.891327 13.784115
v -5.470708 -104.932861 13.414034
v -7.830413 -103.553261 2.072681
v -8.351559 -104.932861 20.807863
v -13.240276 -104.932861 19.860991
v -5.470708 -104.932861 13.414034
v -15.390994 -104.932861 10.113317
v -7.830413 -103.553261 2.072681
v -14.663507 -103.553261 2.072681
v -7.647880 -104.932861 -1.213589
v -13.409582 -104.932861 -1.213589
v -7.274877 -104.932861 -6.850370
v -12.491625 -104.932861 -7.148212
v -9.811825 -104.932861 -8.159543
v -13.240276 -104.932861 19.860991
v -8.351559 -104.932861 20.807863
v -11.211247 -94.810463 4.547662
v -8.642554 -94.810463 4.794382
v -5.502452 -97.152573 -0.183366
v -9.811825 -104.932861 -8.159543
v 13.039225 -102.452789 19.293089
v 12.219148 -98.423080 10.446723
v 8.946776 -98.423080 10.694553
v 13.557725 -98.833755 -1.643683
v 14.663507 -103.553261 2.072681
v 14.155588 -104.932861 -1.213589
v 12.491625 -104.932861 -7.148212
v 9.811825 -104.932861 -8.159543
v 9.758917 -99.873268 -7.933939
v 15.801033 -102.391830 10.422273
v 15.390994 -104.932861 10.113317
v 7.830413 -103.553261 2.072681
v 5.470708 -104.932861 13.414034
v 4.954853 -101.891327 13.784115
v 8.351559 -104.932861 20.807863
v 8.417694 -102.093452 20.241072
v 12.078941 -99.873268 -6.848147
v 9.758917 -99.873268 -7.933939
v 9.880606 -95.211510 -5.790140
v 7.605553 -99.873268 -6.699226
v 7.274877 -104.932861 -6.850370
v 7.647880 -104.932861 -1.213589
v 6.137351 -100.113892 0.980221
v 13.240276 -104.932861 19.860991
v 12.078941 -99.873268 -6.848147
v 8.351559 -104.932861 20.807863
v 13.240276 -104.932861 19.860991
v 9.811825 -104.932861 -8.159543
v 12.491625 -104.932861 -7.148212
v 7.274877 -104.932861 -6.850370
v 14.155588 -104.932861 -1.213589
v 7.647880 -104.932861 -1.213589
v 14.663507 -103.553261 2.072681
v 7.830413 -103.553261 2.072681
v 15.390994 -104.932861 10.113317
v 5.470708 -104.932861 13.414034
v 13.240276 -104.932861 19.860991
v 8.351559 -104.932861 20.807863
v 11.211247 -94.810463 4.547662
v 8.642554 -94.810463 4.794382
v 5.502452 -97.152573 -0.183366
v 9.811825 -104.932861 -8.159543
v -2.097810 -50.602367 2.673918
v -4.322600 -40.948391 7.172673
v -6.975946 -50.859039 7.538309
v -2.097810 -50.602367 -2.778378
v -2.505203 -39.145290 -4.323159
v -4.997179 -30.136194 -11.155756
v -1.166626 -29.010057 -5.088881
v -2.505203 -39.145290 -4.323159
v -2.505203 -40.463928 3.454087
v -1.166626 -29.010057 -5.088881
v -12.428135 -30.627073 -9.253120
v -5.714085 -38.304695 -9.480947
v -2.097810 -50.602367 -2.778378
v -14.221723 -31.737169 9.685441
v -19.189802 -21.512102 5.353387
v -18.568132 -30.996037 5.043320
v -19.922581 -21.810480 -1.209150
v -19.097214 -30.768242 -0.346740
v -11.798528 -38.304695 -8.377373
v -13.279957 -50.339283 -3.028432
v -15.287823 -39.738838 -4.658787
v -14.028608 -50.339283 0.342301
v -16.830097 -41.522690 -0.274501
v -14.028608 -50.339283 3.314058
v -16.084091 -42.222115 4.393180
v -11.547214 -50.859039 7.143779
v -12.586860 -41.882027 8.705228
v -7.346303 -41.683109 9.210894
v -17.174002 -30.777866 -5.639000
v -8.491766 -31.952129 10.391150
v -3.759127 -30.832411 8.700782
v -1.166626 -29.472061 4.612115
vn 0.9147 0.1183 0.3864
vn 0.8735 0.1889 0.4486
vn 0.3292 0.0862 0.9403
vn 0.1018 -0.0235 0.9945
vn 0.2275 -0.0392 0.9730
vn 0.1254 -0.1567 0.9796
vn -0.9859 0.1017 -0.1330
vn -0.9920 -0.0000 -0.1260
vn -0.9049 0.0236 0.4249
vn 0.6150 0.2208 0.7570
vn 0.1963 0.1178 0.9734
vn 0.6862 0.1183 0.7177
vn 0.2438 -0.1416 0.9594
vn -0.0000 -0.1569 0.9876
vn -0.0000 -0.2036 0.9790
vn -0.2438 -0.1416 0.9594
vn 0.9070 0.1095 -0.4066
vn 0.6864 0.3471 -0.6390
vn 0.9409 0.2509 -0.2274
vn 0.5342 0.4635 -0.7070
vn -0.5511 0.4408 -0.7085
vn -0.7015 0.3468 -0.6226
vn -0.9364 0.2597 -0.2361
vn -0.8986 0.1341 -0.4178
vn 0.6283 -0.6362 0.4478
vn 0.9634 0.0313 0.2663
vn 0.8843 -0.4421 -0.1500
vn 0.9504 -0.2199 -0.2199
vn -0.6284 -0.6362 0.4477
vn -0.0000 -1.0000 -0.0079
vn -0.7933 -0.6047 -0.0707
vn -0.3693 0.0629 0.9272
vn 0.1963 0.1178 0.9735
vn 0.1647 0.1647 0.9725
vn -0.1019 -0.2743 0.9562
vn -0.2514 -0.1336 0.9586
vn -0.2993 0.0473 0.9530
vn 0.3291 0.0862 0.9404
vn 0.1018 -0.0234 0.9945
vn -0.0628 0.0157 0.9979
vn -0.3291 0.0862 0.9403
vn 0.0629 0.0157 0.9979
vn -0.1018 -0.0235 0.9945
vn -0.8986 0.1340 -0.4178
vn -0.9364 0.2597 -0.2360
vn -0.9119 0.1179 0.3931
vn -0.8736 0.1889 0.4486
vn -0.3292 0.0862 0.9403
vn 0.8736 0.1889 0.4486
vn 0.9869 0.1018 -0.1253
vn 0.1254 -0.1568 0.9796
vn -0.1959 -0.2507 0.9480
vn -0.0629 0.0157 0.9979
vn -0.1647 0.1647 0.9725
vn 0.3693 0.0629 0.9272
vn 0.9049 0.0236 0.4249
vn -0.9049 0.0236 0.4250
vn 0.1646 0.1647 0.9725
vn -0.2993 0.0472 0.9530
vn -0.2276 -0.0392 0.9730
vn -0.1254 -0.1568 0.9796
vn 0.1958 -0.2507 0.9480
vn -0.0000 -0.5328 0.8463
vn 0.8843 -0.4422 -0.1500
vn 0.7932 -0.6048 -0.0707
vn 0.6284 -0.6362 0.4477
vn -0.0000 -1.0000 -0.0078
vn -0.0000 -0.9052 0.4250
vn -0.6283 -0.6362 0.4477
vn -0.1959 -0.2508 0.9480
vn -0.6150 0.2208 0.7570
vn -0.1962 0.1178 0.9735
vn 0.1959 -0.2507 0.9480
vn -0.1254 -0.1567 0.9796
vn -0.2275 -0.0392 0.9730
vn -0.2124 0.0551 0.9756
vn -0.2588 0.1804 0.9489
vn 0.9634 0.0313 0.2664
vn 0.6283 -0.6362 0.4477
vn -0.0000 -0.9052 0.4251
vn -0.0000 -0.5329 0.8462
vn -0.1958 -0.2507 0.9480
vn 0.1019 -0.2743 0.9562
vn 0.2514 -0.1336 0.9586
vn 0.2276 -0.0392 0.9730
vn 0.2993 0.0473 0.9530
vn 0.2124 0.0551 0.9756
vn 0.2588 0.1804 0.9489
vn 0.5255 0.1804 0.8315
vn -0.8843 -0.4422 -0.1501
vn -0.7866 -0.4327 -0.4405
vn -0.0000 0.4566 -0.8896
vn -0.1098 0.3214 -0.9406
vn -0.0000 0.2831 -0.9591
vn -0.4877 -0.1652 -0.8573
vn -0.8400 -0.2826 -0.4632
vn -0.7866 -0.4326 -0.4405
vn -0.9680 -0.2125 -0.1338
vn -0.7933 -0.6048 -0.0707
vn -0.2125 0.0551 0.9756
vn -0.5255 0.1804 0.8315
vn -0.2361 0.5115 -0.8262
vn -0.2435 0.5105 -0.8247
vn -0.4239 0.5024 -0.7536
vn -0.8488 0.3537 -0.3929
vn -0.9384 0.2839 0.1972
vn -0.5256 0.1804 0.8314
vn -0.9859 0.1017 -0.1331
vn -0.8855 -0.0470 -0.4623
vn -0.6667 0.1098 -0.7372
vn -0.7014 0.3468 -0.6227
vn -0.3143 0.3929 -0.8642
vn -0.5510 0.4408 -0.7085
vn -0.2208 0.4890 -0.8439
vn -0.2434 0.5105 -0.8247
vn -0.0000 0.4567 -0.8896
vn -0.2900 0.4154 -0.8622
vn 0.0001 0.4566 -0.8897
vn -0.1253 0.4153 -0.9010
vn 0.2900 0.4154 -0.8622
vn -0.1097 0.3214 -0.9406
vn 0.2208 0.4889 -0.8439
vn 0.1490 0.0392 -0.9881
vn 0.5429 -0.2203 -0.8104
vn -0.1332 -0.3762 -0.9169
vn 0.4630 -0.3061 -0.8318
vn -0.5821 -0.3855 -0.7159
vn 0.8322 -0.1177 -0.5418
vn 0.8854 -0.0470 -0.4624
vn 0.6516 0.0863 -0.7537
vn 0.2744 0.3920 -0.8781
vn -0.9504 -0.2199 -0.2200
vn -0.8843 -0.4422 -0.1500
vn -0.4876 -0.1652 -0.8573
vn 0.2208 0.4890 -0.8439
vn 0.2125 0.0551 0.9756
vn 0.3291 0.0862 0.9403
vn 0.5255 0.1804 0.8314
vn 0.9384 0.2839 0.1971
vn 0.8488 0.3537 -0.3929
vn 0.4239 0.5024 -0.7536
vn 0.2435 0.5105 -0.8247
vn 0.2361 0.5115 -0.8262
vn -0.0000 0.4566 -0.8897
vn 0.5341 0.4635 -0.7070
vn 0.6863 0.3471 -0.6391
vn 0.6516 0.0864 -0.7536
vn 0.9070 0.1094 -0.4066
vn 0.8855 -0.0470 -0.4623
vn 0.9931 -0.0000 -0.1173
vn -0.0000 -0.2037 0.9790
vn -0.0000 -0.2830 0.9591
vn 0.1253 0.4153 -0.9010
vn -0.0001 0.4566 -0.8897
vn -0.1254 0.4153 -0.9010
vn -0.0001 0.4091 -0.9125
vn 0.1254 0.4152 -0.9010
vn 0.0001 0.4090 -0.9125
vn -0.0000 0.3863 -0.9224
vn -0.1254 0.4152 -0.9010
vn 0.9806 -0.1569 -0.1177
vn 0.8323 -0.1178 -0.5417
vn 0.9931 -0.0000 -0.1174
vn 0.8323 -0.1177 -0.5417
vn -0.9634 0.0313 0.2663
vn -0.9504 -0.2199 -0.2199
vn 0.8160 -0.1805 -0.5492
vn 0.8322 -0.1178 -0.5418
vn 0.4789 -0.1963 -0.8557
vn -0.3785 -0.2208 -0.8989
vn -0.5822 -0.3855 -0.7159
vn -0.9707 -0.0783 -0.2271
vn -0.9708 -0.0783 -0.2270
vn -0.9468 -0.0235 0.3208
vn -0.6862 0.1183 0.7177
vn -0.6530 -0.0550 0.7554
vn -0.1962 0.1177 0.9735
vn -0.1489 -0.0549 0.9873
vn 0.3693 0.0628 0.9272
vn 0.4392 -0.0863 0.8942
vn -0.7932 -0.6048 -0.0707
vn -0.6151 0.2208 0.7569
vn -0.1963 0.1178 0.9734
vn 0.1097 0.3214 -0.9406
vn -0.2208 0.4889 -0.8439
vn -0.8323 -0.1178 -0.5417
vn -0.9806 -0.1569 -0.1177
vn 0.8400 -0.2826 -0.4632
vn 0.9680 -0.2125 -0.1338
vn 0.7866 -0.4326 -0.4405
vn 0.5822 -0.3855 -0.7159
vn 0.7866 -0.4327 -0.4405
vn 0.7933 -0.6047 -0.0707
vn 0.9504 -0.2199 -0.2200
vn 0.9707 -0.0783 -0.2271
vn 0.5821 -0.3855 -0.7159
vn 0.3785 -0.2208 -0.8989
vn -0.4630 -0.3060 -0.8318
vn -0.4789 -0.1963 -0.8557
vn -0.8322 -0.1178 -0.5418
vn -0.8160 -0.1805 -0.5492
vn 0.4877 -0.1652 -0.8573
vn 0.1332 -0.3762 -0.9169
vn -0.4630 -0.3061 -0.8318
vn -0.3142 0.3928 -0.8643
vn -0.1490 0.0392 -0.9881
vn -0.6666 0.1098 -0.7373
vn -0.5339 -0.2198 -0.8165
vn -0.8854 -0.0470 -0.4624
vn -0.0000 0.2830 -0.9591
vn 0.1098 0.3214 -0.9406
vn 0.4876 -0.1652 -0.8573
vn -0.8322 -0.1177 -0.5418
vn -0.4392 -0.0863 0.8942
vn -0.3693 0.0628 0.9272
vn 0.1489 -0.0549 0.9873
vn 0.1962 0.1177 0.9735
vn 0.6530 -0.0550 0.7554
vn 0.9468 -0.0235 0.3208
vn 0.9707 -0.0783 -0.2270
vn -0.0000 0.4090 -0.9125
vn 0.1019 -0.2744 0.9562
vn -0.1019 -0.2744 0.9562
vn 0.1491 0.0313 -0.9883
vn 0.0944 0.4326 -0.8966
vn -0.8408 0.1257 -0.5265
vn 0.8781 0.1490 -0.4547
vn 0.7310 0.2830 -0.6209
vn 0.0944 0.4325 -0.8967
vn 0.0943 0.4326 -0.8966
vn 0.1490 0.0313 -0.9883
vn 0.8781 0.1490 -0.4548
vn -0.9487 0.1255 0.2901
vn -0.4408 0.7085 0.5511
vn -0.2914 0.3702 0.8821
vn 0.6118 0.6824 0.4000
vn 0.6836 0.1807 0.7071
vn 0.9869 0.1018 0.1253
vn 0.9605 0.2441 -0.1338
vn 0.9869 0.1019 0.1253
vn -0.7993 0.1254 -0.5877
vn -0.8408 0.1258 -0.5265
vn -0.9883 0.1255 0.0863
vn -0.4408 0.7085 0.5510
vn -0.5187 -0.1022 0.8488
vn -0.2588 -0.0470 0.9648
vn -0.9111 -0.0549 0.4085
vn -0.9265 -0.1491 0.3455
vn -0.9111 -0.0550 0.4084
vn -0.9142 -0.0946 -0.3940
vn -0.4870 -0.1728 0.8561
vn -0.9265 -0.1492 0.3455
vn -0.9313 -0.1816 0.3157
vn 0.5484 -0.2194 0.8069
vn 0.9361 0.0629 0.3462
vn 0.9339 -0.1177 0.3375
vn 0.9855 -0.1577 -0.0631
vn 0.9515 -0.1651 0.2595
vn -0.2280 -0.3616 0.9041
vn -0.5187 -0.1021 0.8488
vn -0.7929 -0.1570 0.5888
vn -0.9111 -0.0550 0.4085
vn 0.5109 -0.0708 0.8567
vn 0.5724 -0.0862 0.8154
vn -0.9623 -0.0861 -0.2581
vn -0.9313 -0.1815 0.3157
vn -0.8937 -0.2038 -0.3997
vn -0.9265 -0.1492 0.3454
vn -0.2280 -0.3616 0.9040
vn 0.6141 -0.3307 0.7166
vn -0.9142 -0.0946 -0.3941
vn -0.3142 -0.2043 -0.9271
vn -0.2598 -0.1575 -0.9527
vn 0.4464 -0.2115 -0.8695
vn 0.4469 -0.0392 -0.8937
vn 0.8973 -0.0866 -0.4329
vn 0.9325 0.1489 -0.3291
vn 0.9361 0.0629 0.3461
vn 0.9180 0.1648 0.3608
vn 0.9294 0.2363 -0.2835
vn 0.4258 0.1971 -0.8831
vn -0.4155 0.0157 -0.9095
vn -0.2598 -0.1574 -0.9527
vn -0.8936 -0.2038 -0.3998
vn 0.4153 0.2664 -0.8698
vn -0.5021 0.1726 -0.8474
vn -0.4156 0.0157 -0.9094
vn -0.9622 -0.0861 -0.2582
vn -0.8936 -0.2039 -0.3998
vn 0.9339 -0.1178 0.3375
vn 0.9515 -0.1651 0.2596
vn 0.5724 -0.0863 0.8154
vn 0.5085 0.0313 -0.8605
vn -0.3067 0.0236 -0.9515
vn 0.4492 0.0709 0.8906
vn 0.3066 -0.0393 0.9510
vn 0.8780 0.0235 0.4782
vn -0.9718 -0.0862 -0.2194
vn -0.9487 0.1254 0.2901
vn -0.9623 -0.0860 -0.2581
vn -0.9605 -0.0394 -0.2755
vn -0.9369 -0.0472 0.3464
vn -0.9448 -0.1338 0.2992
vn -0.4635 -0.1571 0.8720
vn -0.5022 0.1726 -0.8474
vn -0.9605 -0.0394 -0.2756
vn -0.9623 -0.0860 -0.2582
vn 0.5484 -0.2193 0.8070
vn -0.4870 -0.1727 0.8562
vn -0.3625 -0.0632 0.9298
vn -0.9496 -0.1648 -0.2668
vn -0.9359 -0.1416 0.3225
vn -0.5657 -0.1100 0.8172
vn 0.3682 -0.1567 0.9165
vn 0.9593 0.0629 -0.2752
vn 0.9179 0.1648 0.3609
vn -0.9718 -0.0862 -0.2195
vn -0.9495 -0.1648 -0.2668
vn -0.5120 -0.1654 -0.8429
vn -0.4315 -0.2040 -0.8787
vn 0.4093 -0.1653 -0.8973
vn 0.3932 -0.2045 -0.8964
vn 0.8951 -0.1963 -0.4004
vn 0.9337 -0.1726 -0.3138
vn 0.9359 -0.1731 0.3067
vn 0.9074 -0.1721 0.3833
vn 0.3942 -0.1498 0.9067
vn -0.4326 -0.0944 0.8966
vn -0.2914 0.3701 0.8821
vn 0.6836 0.1807 0.7072
vn 0.8781 0.1489 -0.4547
vn 0.1490 0.0314 -0.9883
vn -0.1490 0.0313 -0.9883
vn -0.0943 0.4326 -0.8966
vn -0.8781 0.1490 -0.4548
vn 0.8408 0.1257 -0.5265
vn 0.7993 0.1254 -0.5877
vn -0.0944 0.4326 -0.8966
vn 0.2913 0.3702 0.8821
vn 0.4409 0.7085 0.5511
vn 0.9487 0.1255 0.2901
vn -0.1491 0.0314 -0.9883
vn -0.7310 0.2830 -0.6209
vn -0.8781 0.1490 -0.4547
vn -0.6118 0.6824 0.4000
vn -0.9869 0.1019 0.1253
vn -0.9669 0.2123 -0.1415
vn -0.7310 0.2829 -0.6209
vn 0.8408 0.1258 -0.5265
vn 0.9883 0.1255 0.0863
vn 0.4408 0.7085 0.5511
vn 0.2914 0.3702 0.8821
vn -0.6836 0.1807 0.7071
vn -0.9869 0.1018 0.1253
vn -0.4464 -0.2115 -0.8695
vn 0.3142 -0.2043 -0.9271
vn 0.2599 -0.1575 -0.9527
vn 0.9142 -0.0946 -0.3940
vn 0.8937 -0.2038 -0.3998
vn 0.4870 -0.1727 0.8562
vn 0.2280 -0.3616 0.9040
vn -0.5484 -0.2194 0.8069
vn -0.6142 -0.3307 0.7165
vn 0.9111 -0.0549 0.4085
vn 0.2589 -0.0470 0.9648
vn 0.5187 -0.1021 0.8488
vn -0.5109 -0.0707 0.8567
vn 0.5022 0.1726 -0.8474
vn -0.4153 0.2664 -0.8698
vn -0.4258 0.1971 -0.8831
vn -0.9294 0.2363 -0.2835
vn -0.9325 0.1489 -0.3291
vn -0.9179 0.1648 0.3609
vn -0.9361 0.0630 0.3461
vn -0.8973 -0.0866 -0.4329
vn -0.4465 -0.2115 -0.8695
vn -0.4469 -0.0392 -0.8937
vn 0.2598 -0.1574 -0.9527
vn 0.4156 0.0157 -0.9094
vn 0.9622 -0.0861 -0.2582
vn 0.9623 -0.0861 -0.2582
vn 0.9313 -0.1816 0.3157
vn 0.9265 -0.1492 0.3455
vn 0.4870 -0.1728 0.8561
vn 0.7929 -0.1570 0.5888
vn -0.9361 0.0629 0.3461
vn -0.5484 -0.2193 0.8069
vn -0.9339 -0.1177 0.3375
vn -0.5109 -0.0708 0.8567
vn 0.5187 -0.1022 0.8488
vn 0.9111 -0.0550 0.4084
vn 0.9142 -0.0945 -0.3941
vn 0.9623 -0.0860 -0.2582
vn 0.4141 0.0137 -0.9101
vn -0.8973 -0.0865 -0.4329
vn -0.9855 -0.1576 -0.0631
vn -0.9515 -0.1651 0.2595
vn -0.5724 -0.0862 0.8155
vn 0.2588 -0.0471 0.9648
vn 0.2914 0.3701 0.8821
vn 0.5657 -0.1100 0.8172
vn -0.3682 -0.1567 0.9165
vn 0.3625 -0.0630 0.9298
vn 0.9313 -0.1815 0.3157
vn -0.8780 0.0235 0.4782
vn 0.9487 0.1254 0.2901
vn 0.9718 -0.0862 -0.2194
vn 0.9496 -0.1648 -0.2668
vn 0.9359 -0.1416 0.3225
vn 0.9448 -0.1338 0.2992
vn 0.4635 -0.1571 0.8720
vn -0.4492 0.0709 0.8906
vn -0.5484 -0.2193 0.8070
vn -0.6836 0.1807 0.7072
vn -0.9359 -0.1731 0.3067
vn -0.8951 -0.1963 -0.4004
vn -0.8781 0.1489 -0.4547
vn -0.4093 -0.1653 -0.8973
vn -0.1490 0.0314 -0.9883
vn 0.5120 -0.1654 -0.8429
vn 0.9718 -0.0862 -0.2195
vn -0.9337 -0.1726 -0.3138
vn -0.5085 0.0313 -0.8605
vn -0.3932 -0.2045 -0.8964
vn 0.3067 0.0236 -0.9515
vn 0.4315 -0.2040 -0.8787
vn 0.9605 -0.0394 -0.2756
vn 0.9495 -0.1648 -0.2668
vn -0.3066 -0.0393 0.9510
vn 0.4326 -0.0944 0.8966
vn 0.9369 -0.0472 0.3464
vn 0.9623 -0.0860 -0.2581
vn 0.9605 -0.0393 -0.2755
vn -0.3942 -0.1498 0.9067
vn -0.9074 -0.1721 0.3833
vn -0.9593 0.0629 -0.2752
vn 0.8160 -0.1804 -0.5492
vn 0.7993 -0.2272 -0.5564
vn 0.4788 -0.1962 -0.8557
vn -0.9707 -0.0783 0.2270
vn -0.9469 -0.0235 0.3208
vn -0.9707 -0.0783 -0.2270
vn 0.5723 -0.0863 0.8155
vn 0.4486 -0.1889 0.8736
vn -0.2589 -0.0471 0.9648
vn 0.9091 -0.1411 0.3919
vn -0.9588 -0.0708 -0.2751
vn -0.3143 -0.2043 -0.9271
vn -0.9588 -0.0707 -0.2750
vn -0.9142 -0.0945 -0.3941
vn 0.9553 -0.2506 -0.1566
vn 0.9065 -0.2289 0.3547
vn 0.4465 -0.2115 -0.8694
vn -0.6530 -0.0551 0.7553
vn -0.6915 -0.1022 0.7151
vn -0.1735 -0.1183 0.9777
vn 0.4393 -0.0863 0.8942
vn 0.9515 -0.1652 0.2595
vn 0.8973 -0.0866 -0.4328
vn 0.9939 -0.1096 0.0078
vn 0.4484 -0.8576 0.2518
vn 0.6151 -0.6782 -0.4021
vn 0.0394 0.1808 -0.9827
vn -0.7310 0.2829 -0.6210
vn -0.7071 -0.7071 0.0001
vn -0.4964 -0.8668 -0.0473
vn -0.9575 0.2668 0.1099
vn 0.0393 0.1808 -0.9827
vn 0.0471 -0.4467 -0.8934
vn -0.6822 -0.4548 -0.5724
vn -0.5418 -0.8402 -0.0236
vn -0.9669 0.2122 -0.1415
vn 0.4623 0.7993 0.3840
vn -0.3318 0.8453 0.4187
vn -0.4498 0.6155 0.6471
vn -0.6712 -0.5765 0.4659
vn 0.3228 0.6613 0.6771
vn 0.4409 -0.2047 0.8739
vn 0.9711 0.1801 0.1566
vn 0.5029 -0.8644 -0.0000
vn 0.5797 -0.8148 -0.0079
vn -0.6712 -0.5765 0.4660
vn 0.5029 -0.8643 -0.0000
vn 0.5797 -0.8148 -0.0078
vn -0.7072 -0.7071 -0.0000
vn 0.6151 -0.6782 -0.4022
vn -0.6823 -0.4548 -0.5724
vn 0.0470 -0.4468 -0.8934
vn 0.4409 0.7085 0.5510
vn 0.0470 -0.4467 -0.8934
vn 0.4498 0.6155 0.6471
vn 0.3318 0.8453 0.4187
vn -0.4623 0.7993 0.3839
vn 0.9605 0.2440 -0.1339
vn 0.7299 -0.6828 0.0314
vn 0.5745 -0.8184 -0.0158
vn 0.6748 -0.4237 -0.6042
vn -0.0471 -0.4467 -0.8934
vn -0.0393 0.1808 -0.9827
vn 0.9575 0.2668 0.1099
vn 0.4964 -0.8668 -0.0473
vn -0.5797 -0.8148 -0.0078
vn -0.5029 -0.8644 -0.0000
vn -0.9711 0.1801 0.1566
vn -0.4409 -0.2047 0.8739
vn -0.3228 0.6613 0.6771
vn -0.0394 0.1808 -0.9827
vn -0.6151 -0.6782 -0.4022
vn -0.4484 -0.8576 0.2518
vn -0.9939 -0.1096 0.0078
vn 0.6712 -0.5765 0.4660
vn 0.7310 0.2829 -0.6210
vn 0.6713 -0.5764 0.4659
vn 0.6748 -0.4238 -0.6042
vn -0.5798 -0.8148 -0.0078
vn 0.4964 -0.8668 -0.0472
vn -0.5029 -0.8643 -0.0000
vn 0.6712 -0.5765 0.4659
vn -0.4409 0.7085 0.5510
vn -0.0470 -0.4467 -0.8934
vn 0.6915 -0.1022 0.7151
vn 0.2589 -0.0471 0.9648
vn 0.9142 -0.0945 -0.3940
vn 0.9588 -0.0707 -0.2750
vn 0.9588 -0.0707 -0.2751
vn 0.9707 -0.0783 0.2270
vn -0.4788 -0.1962 -0.8557
vn 0.3143 -0.2043 -0.9271
vn -0.4393 -0.0863 0.8942
vn -0.9091 -0.1411 0.3919
vn -0.9920 -0.0000 -0.1259
vn -0.4465 -0.2115 -0.8694
vn -0.7993 -0.2272 -0.5564
vn -0.9855 -0.1577 -0.0631
vn -0.9553 -0.2506 -0.1566
vn -0.9515 -0.1652 0.2595
vn -0.9065 -0.2289 0.3547
vn -0.5723 -0.0863 0.8155
vn -0.4486 -0.1889 0.8736
vn 0.1735 -0.1183 0.9777
vn 0.6530 -0.0551 0.7553
vn 0.9469 -0.0235 0.3208
vt 0.722656 0.402344
vt 0.775940 0.402344
vt 0.743317 0.472656
vt 0.761719 0.542969
vt 0.863281 0.597656
vt 0.761719 0.613281
vt 0.707031 0.339844
vt 0.566406 0.339844
vt 0.566406 0.425781
vt 0.640625 0.636719
vt 0.566406 0.566406
vt 0.566406 0.636719
vt 0.941406 0.675781
vt 0.941406 0.773712
vt 0.863037 0.773712
vt 0.691406 0.277344
vt 0.777344 0.222656
vt 0.785156 0.316406
vt 0.863281 0.214844
vt 0.631226 0.691406
vt 0.566406 0.691406
vt 0.586334 0.746094
vt 0.566406 0.746094
vt 0.628906 0.773712
vt 0.591522 0.773712
vt 0.566406 0.496094
vt 0.675781 0.566406
vt 0.761719 0.691406
vt 0.863281 0.667969
vt 0.941406 0.605469
vt 0.732147 0.562500
vt 0.692902 0.647675
vt 0.707031 0.773712
vt 0.652344 0.773712
vt 0.871094 0.527344
vt 0.941406 0.535156
vt 0.941406 0.472656
vt 0.587280 0.058594
vt 0.602936 0.055328
vt 0.628906 0.058594
vt 0.847656 0.042969
vt 0.769531 0.042969
vt 0.777344 0.011047
vt 0.691406 0.058594
vt 0.707031 0.011047
vt 0.644531 0.011047
vt 0.597656 0.011047
vt 0.941406 0.128906
vt 0.886719 0.136719
vt 0.941406 0.199219
vt 0.941406 0.308594
vt 0.941406 0.402344
vt 0.629852 0.277344
vt 0.684692 0.214844
vt 0.769531 0.152344
vt 0.839844 0.144531
vt 0.941406 0.074219
vt 0.941406 0.035156
vt 0.683594 0.136719
vt 0.632111 0.207031
vt 0.637695 0.121094
vt 0.566406 0.199219
vt 0.566406 0.113281
vt 0.566406 0.277344
vt 0.566406 0.058594
vt 0.753906 0.773712
vt 0.839844 0.011047
vt 0.941406 0.011047
vt 0.339844 0.082031
vt 0.378906 0.012451
vt 0.339844 0.012451
vt 0.378906 0.082031
vt 0.425781 0.089844
vt 0.425781 0.012451
vt 0.496094 0.089844
vt 0.496094 0.012451
vt 0.537781 0.082031
vt 0.537781 0.012451
vt 0.012604 0.012451
vt 0.012604 0.082031
vt 0.074219 0.012451
vt 0.066406 0.082031
vt 0.121094 0.012451
vt 0.113281 0.089844
vt 0.167969 0.012451
vt 0.160156 0.097656
vt 0.222656 0.012451
vt 0.222656 0.097656
vt 0.285156 0.012451
vt 0.496094 0.894531
vt 0.503906 0.913666
vt 0.537781 0.894531
vt 0.964844 0.886719
vt 0.964844 0.824219
vt 0.987732 0.886719
vt 0.425781 0.913666
vt 0.097656 0.894531
vt 0.160156 0.913666
vt 0.160156 0.894531
vt 0.246094 0.913666
vt 0.238281 0.894531
vt 0.339844 0.913666
vt 0.964844 0.972656
vt 0.964844 0.910156
vt 0.925781 0.957031
vt 0.933594 0.910156
vt 0.910156 0.910156
vt 0.925781 0.863281
vt 0.910156 0.886719
vt 0.144531 0.339844
vt 0.144531 0.277344
vt 0.066406 0.277344
vt 0.082031 0.386719
vt 0.012604 0.277344
vt 0.141815 0.453918
vt 0.089844 0.433594
vt 0.192932 0.446686
vt 0.269531 0.402344
vt 0.238281 0.386719
vt 0.316406 0.269531
vt 0.261719 0.277344
vt 0.146942 0.430450
vt 0.116150 0.380432
vt 0.199219 0.339844
vt 0.199219 0.277344
vt 0.012604 0.410156
vt 0.012604 0.363281
vt 0.193268 0.423187
vt 0.537781 0.277344
vt 0.496094 0.167969
vt 0.496094 0.277344
vt 0.425781 0.167969
vt 0.417969 0.277344
vt 0.371094 0.269531
vt 0.363892 0.407623
vt 0.269531 0.464844
vt 0.363892 0.455780
vt 0.416107 0.404755
vt 0.496094 0.394531
vt 0.537781 0.363281
vt 0.417969 0.449219
vt 0.496094 0.441406
vt 0.537781 0.410156
vt 0.425781 0.558594
vt 0.496094 0.558594
vt 0.199219 0.480469
vt 0.207031 0.558594
vt 0.269531 0.558594
vt 0.012604 0.753906
vt 0.012604 0.894531
vt 0.012604 0.558594
vt 0.082031 0.558594
vt 0.082031 0.633209
vt 0.160156 0.644531
vt 0.537781 0.558594
vt 0.144531 0.480469
vt 0.012604 0.638397
vt 0.089844 0.753906
vt 0.167969 0.753906
vt 0.222656 0.753906
vt 0.363281 0.558594
vt 0.537781 0.753906
vt 0.537781 0.638397
vt 0.511719 0.753906
vt 0.503906 0.644531
vt 0.449219 0.753906
vt 0.433594 0.644531
vt 0.378906 0.753906
vt 0.371094 0.644531
vt 0.292969 0.753906
vt 0.277344 0.644531
vt 0.214844 0.644531
vt 0.152344 0.558594
vt 0.378906 0.175781
vt 0.058594 0.175781
vt 0.207031 0.199219
vt 0.285156 0.089844
vt 0.537781 0.175781
vt 0.012604 0.175781
vt 0.332031 0.183594
vt 0.277344 0.191406
vt 0.105469 0.191406
vt 0.152344 0.199219
vt 0.917969 0.816406
vt 0.925781 0.785156
vt 0.964844 0.785156
vt 0.987732 0.824219
vt 0.894531 0.988068
vt 0.824219 0.988068
vt 0.824219 0.957031
vt 0.987732 0.957031
vt 0.987732 0.988068
vt 0.964844 0.988068
vt 0.925781 0.988068
vt 0.964844 0.957031
vt 0.839844 0.863281
vt 0.839844 0.917969
vt 0.753906 0.933594
vt 0.753906 0.964844
vt 0.753906 0.832031
vt 0.753906 0.800781
vt 0.824219 0.816406
vt 0.824219 0.785156
vt 0.886719 0.785156
vt 0.566406 0.792969
vt 0.566406 0.817902
vt 0.613281 0.785156
vt 0.613281 0.824249
vt 0.667969 0.785156
vt 0.667969 0.824249
vt 0.691406 0.785156
vt 0.691406 0.824249
vt 0.730469 0.785156
vt 0.730469 0.824249
vt 0.746094 0.808594
vt 0.722656 0.925781
vt 0.722656 0.847656
vt 0.987732 0.785156
s 1
usemtl f_body0125.png
f 1419/456/1104 1420/457/1105 1421/458/1106
f 1422/459/1107 1423/460/1108 1424/461/1109
f 1425/462/1110 1426/463/1111 1427/464/1112
f 1428/465/1113 1429/466/1114 1430/467/1115
f 1431/468/1116 1432/469/1117 1433/470/1118
f 1433/470/1118 1432/469/1117 1434/468/1119
f 1435/471/1120 1436/472/1121 1437/473/1122
f 1437/473/1122 1436/472/1121 1438/474/1123
f 1439/474/1124 1440/472/1125 1441/473/1126
f 1441/473/1126 1440/472/1125 1442/471/1127
f 1443/475/1128 1444/476/1129 1445/477/1130
f 1445/477/1130 1444/476/1129 1446/478/1131
f 1447/475/1132 1448/479/1133 1449/480/1134
f 1450/481/1135 1429/466/1136 1451/482/1137
f 1452/483/1138 1453/470/1118 1454/484/1139
f 1454/484/1139 1453/470/1118 1455/468/1119
f 1454/484/1139 1455/468/1119 1456/485/1140
f 1457/458/1141 1458/459/1142 1459/486/1143
f 1459/486/1143 1458/459/1142 1424/461/1109
f 1460/458/1144 1461/486/1145 1462/459/1146
f 1442/471/1147 1463/462/1110 1464/473/1148
f 1464/473/1148 1463/462/1110 1465/456/1149
f 1464/473/1148 1465/456/1149 1466/457/1150
f 1466/457/1150 1465/456/1149 1460/458/1151
f 1420/457/1152 1467/456/1104 1468/473/1122
f 1468/473/1122 1467/456/1104 1469/462/1153
f 1468/473/1122 1469/462/1153 1470/471/1120
f 1471/461/1154 1472/487/1155 1459/486/1156
f 1459/486/1156 1472/487/1155 1473/482/1157
f 1459/486/1156 1473/482/1157 1421/458/1106
f 1421/458/1106 1473/482/1157 1474/481/1158
f 1421/458/1106 1474/481/1158 1419/456/1104
f 1419/456/1104 1474/481/1158 1475/464/1159
f 1419/456/1104 1475/464/1159 1476/462/1153
f 1477/462/1110 1427/464/1160 1478/456/1149
f 1478/456/1149 1427/464/1160 1450/481/1135
f 1478/456/1149 1450/481/1135 1460/458/1144
f 1460/458/1144 1450/481/1135 1479/482/1161
f 1460/458/1144 1479/482/1161 1461/486/1145
f 1456/485/1162 1480/460/1163 1481/484/1139
f 1481/484/1139 1480/460/1163 1482/461/1164
f 1481/484/1139 1482/461/1164 1483/483/1138
f 1483/483/1138 1482/461/1164 1484/487/1165
f 1483/483/1138 1484/487/1165 1485/488/1166
f 1486/477/1167 1487/480/1168 1488/475/1169
f 1488/475/1169 1487/480/1168 1489/479/1170
f 1488/475/1169 1489/479/1170 1490/489/1171
f 1490/489/1171 1489/479/1170 1491/475/1172
f 1490/489/1171 1491/475/1172 1492/487/1173
f 1492/487/1173 1491/475/1172 1493/465/1174
f 1492/487/1173 1493/465/1174 1494/482/1157
f 1494/482/1157 1493/465/1174 1495/466/1175
f 1494/482/1157 1495/466/1175 1496/481/1158
f 1429/466/1136 1497/465/1113 1451/482/1137
f 1451/482/1137 1497/465/1113 1498/487/1176
f 1451/482/1137 1498/487/1176 1461/486/1145
f 1461/486/1145 1498/487/1176 1499/461/1177
f 1461/486/1145 1499/461/1177 1462/459/1146
f 1462/459/1146 1499/461/1177 1500/460/1178
f 1462/459/1146 1500/460/1178 1501/490/1179
f 1501/490/1179 1500/460/1178 1502/485/1140
f 1501/490/1179 1502/485/1140 1503/491/1180
f 1430/467/1115 1504/476/1181 1428/465/1113
f 1428/465/1113 1504/476/1181 1505/475/1182
f 1428/465/1113 1505/475/1182 1506/487/1176
f 1506/487/1176 1505/475/1182 1507/489/1183
f 1506/487/1176 1507/489/1183 1508/488/1184
f 1508/488/1184 1507/489/1183 1509/487/1185
f 1508/488/1184 1509/487/1185 1510/483/1186
f 1510/483/1186 1509/487/1185 1424/461/1154
f 1510/483/1186 1424/461/1154 1511/484/1187
f 1511/484/1187 1424/461/1154 1512/460/1188
f 1511/484/1187 1512/460/1188 1513/485/1189
f 1513/485/1189 1512/460/1188 1514/490/1190
f 1513/485/1189 1514/490/1190 1515/491/1191
f 1515/491/1191 1514/490/1190 1516/492/1192
f 1517/493/1193 1518/494/1134 1519/495/1194
f 1520/496/1195 1521/497/1196 1522/498/1197
f 1522/498/1197 1521/497/1196 1523/499/1198
f 1522/498/1197 1523/499/1198 1524/500/1199
f 1524/500/1199 1523/499/1198 1525/495/1200
f 1524/500/1199 1525/495/1200 1526/501/1201
f 1526/501/1201 1525/495/1200 1527/494/1202
f 1526/501/1201 1527/494/1202 1528/502/1133
f 1529/490/1203 1530/491/1180 1531/492/1204
f 1532/503/1205 1533/504/1206 1534/505/1207
f 1534/505/1207 1533/504/1206 1535/474/1124
f 1534/505/1207 1535/474/1124 1536/506/1208
f 1536/506/1208 1535/474/1124 1537/473/1126
f 1536/506/1208 1537/473/1126 1538/507/1209
f 1538/507/1209 1537/473/1126 1539/457/1150
f 1538/507/1209 1539/457/1150 1531/492/1210
f 1531/492/1210 1539/457/1150 1540/458/1144
f 1531/492/1210 1540/458/1144 1541/490/1203
f 1541/490/1203 1540/458/1144 1542/459/1146
f 1543/463/1111 1544/462/1211 1545/508/1212
f 1545/508/1212 1544/462/1211 1546/471/1147
f 1545/508/1212 1546/471/1147 1547/509/1213
f 1547/509/1213 1546/471/1147 1548/472/1214
f 1547/509/1213 1548/472/1214 1549/510/1215
f 1549/510/1215 1548/472/1214 1550/474/1216
f 1549/510/1215 1550/474/1216 1551/511/1217
f 1551/511/1217 1550/474/1216 1552/504/1218
f 1551/511/1217 1552/504/1218 1553/496/1219
f 1553/496/1219 1552/504/1218 1554/503/1205
f 1553/496/1219 1554/503/1205 1555/512/1220
f 1556/496/1221 1557/513/1222 1558/512/1223
f 1559/497/1224 1560/496/1221 1561/511/1225
f 1562/514/1226 1563/515/1227 1564/516/1228
f 1564/516/1228 1563/515/1227 1565/517/1229
f 1564/516/1228 1565/517/1229 1566/518/1230
f 1567/519/1231 1565/517/1229 1568/508/1232
f 1568/508/1232 1565/517/1229 1563/515/1227
f 1568/508/1232 1563/515/1227 1569/509/1233
f 1569/509/1233 1563/515/1227 1570/514/1226
f 1569/509/1233 1570/514/1226 1571/510/1234
f 1572/520/1235 1573/493/1236 1566/518/1230
f 1566/518/1230 1573/493/1236 1574/495/1194
f 1566/518/1230 1574/495/1194 1564/516/1228
f 1564/516/1228 1574/495/1194 1575/499/1237
f 1564/516/1228 1575/499/1237 1562/514/1226
f 1562/514/1226 1575/499/1237 1576/497/1224
f 1562/514/1226 1576/497/1224 1571/510/1234
f 1571/510/1234 1576/497/1224 1577/511/1238
f 1578/460/1108 1579/459/1107 1580/490/1239
f 1580/490/1239 1579/459/1107 1581/458/1240
f 1580/490/1239 1581/458/1240 1582/492/1241
f 1582/492/1241 1581/458/1240 1583/457/1152
f 1582/492/1241 1583/457/1152 1584/507/1242
f 1584/507/1242 1583/457/1152 1585/473/1122
f 1584/507/1242 1585/473/1122 1586/506/1243
f 1586/506/1243 1585/473/1122 1587/474/1123
f 1586/506/1243 1587/474/1123 1588/505/1244
f 1588/505/1244 1587/474/1123 1589/504/1245
f 1588/505/1244 1589/504/1245 1590/503/1246
f 1591/512/1223 1590/503/1246 1592/496/1247
f 1592/496/1247 1590/503/1246 1589/504/1245
f 1592/496/1247 1589/504/1245 1561/511/1238
f 1561/511/1238 1589/504/1245 1593/474/1248
f 1561/511/1238 1593/474/1248 1594/510/1234
f 1594/510/1234 1593/474/1248 1595/472/1249
f 1594/510/1234 1595/472/1249 1596/509/1250
f 1596/509/1250 1595/472/1249 1597/471/1251
f 1596/509/1250 1597/471/1251 1598/508/1252
f 1598/508/1252 1597/471/1251 1599/462/1153
f 1598/508/1252 1599/462/1153 1600/463/1253
f 1600/463/1253 1599/462/1153 1601/464/1159
f 1602/470/1254 1603/483/1138 1604/521/1255
f 1605/521/1255 1606/483/1186 1607/470/1118
f 1607/470/1118 1606/483/1186 1608/484/1187
f 1607/470/1118 1608/484/1187 1609/468/1116
f 1609/468/1116 1608/484/1187 1610/485/1189
f 1611/513/1256 1612/496/1257 1613/512/1220
f 1614/513/1258 1615/496/1247 1616/522/1259
f 1617/496/1247 1618/513/1260 1619/522/1261
f 1619/522/1261 1618/513/1260 1620/523/1262
f 1619/522/1261 1620/523/1262 1621/513/1263
f 1622/524/1264 1623/525/1265 1624/526/1253
f 1625/463/1266 1626/519/1267 1627/508/1252
f 1628/476/1268 1629/477/1236 1630/478/1269
f 1631/524/1264 1632/527/1270 1633/525/1271
f 1633/525/1271 1632/527/1270 1634/528/1272
f 1633/525/1271 1634/528/1272 1635/529/1229
f 1635/529/1229 1634/528/1272 1636/530/1273
f 1635/529/1229 1636/530/1273 1637/531/1274
f 1637/531/1274 1636/530/1273 1638/532/1275
f 1637/531/1274 1638/532/1275 1639/533/1235
f 1640/534/1269 1641/535/1276 1642/536/1268
f 1642/536/1268 1641/535/1276 1643/537/1277
f 1642/536/1268 1643/537/1277 1644/538/1278
f 1644/538/1278 1643/537/1277 1645/539/1279
f 1644/538/1278 1645/539/1279 1646/540/1280
f 1646/540/1280 1645/539/1279 1647/541/1281
f 1646/540/1280 1647/541/1281 1648/542/1282
f 1648/542/1282 1647/541/1281 1649/543/1283
f 1648/542/1282 1649/543/1283 1650/544/1159
f 1651/480/1284 1629/477/1236 1652/475/1172
f 1652/475/1172 1629/477/1236 1628/476/1268
f 1652/475/1172 1628/476/1268 1653/465/1285
f 1653/465/1285 1628/476/1268 1654/467/1278
f 1653/465/1285 1654/467/1278 1655/466/1286
f 1656/497/1287 1657/511/1288 1658/496/1257
f 1659/526/1111 1660/525/1289 1661/524/1290
f 1662/500/1291 1663/501/1292 1664/495/1293
f 1665/520/1131 1666/518/1294 1667/493/1167
f 1667/493/1167 1666/518/1294 1668/495/1295
f 1667/493/1167 1668/495/1295 1669/494/1296
f 1669/494/1296 1668/495/1295 1663/501/1292
f 1669/494/1296 1663/501/1292 1670/502/1133
f 1671/533/1297 1672/532/1298 1673/531/1299
f 1673/531/1299 1672/532/1298 1674/530/1300
f 1673/531/1299 1674/530/1300 1675/529/1301
f 1675/529/1301 1674/530/1300 1676/528/1302
f 1675/529/1301 1676/528/1302 1677/525/1303
f 1677/525/1303 1676/528/1302 1678/527/1304
f 1677/525/1303 1678/527/1304 1679/524/1290
f 1680/498/1197 1662/500/1291 1681/499/1305
f 1681/499/1305 1662/500/1291 1664/495/1293
f 1681/499/1305 1664/495/1293 1682/516/1306
f 1682/516/1306 1664/495/1293 1683/518/1299
f 1682/516/1306 1683/518/1299 1684/517/1307
f 1685/511/1217 1686/497/1287 1687/510/1308
f 1687/510/1308 1686/497/1287 1688/514/1309
f 1687/510/1308 1688/514/1309 1689/509/1310
f 1689/509/1310 1688/514/1309 1690/515/1311
f 1689/509/1310 1690/515/1311 1691/508/1312
f 1692/496/1247 1693/498/1313 1694/497/1314
f 1694/497/1314 1693/498/1313 1695/499/1315
f 1694/497/1314 1695/499/1315 1688/514/1309
f 1688/514/1309 1695/499/1315 1682/516/1306
f 1688/514/1309 1682/516/1306 1690/515/1311
f 1690/515/1311 1682/516/1306 1684/517/1307
f 1690/515/1311 1684/517/1307 1691/508/1312
f 1691/508/1312 1684/517/1307 1696/519/1316
f 1691/508/1312 1696/519/1316 1697/463/1111
f 1698/544/1112 1699/543/1317 1700/542/1318
f 1700/542/1318 1699/543/1317 1701/541/1319
f 1700/542/1318 1701/541/1319 1702/540/1320
f 1702/540/1320 1701/541/1319 1703/539/1321
f 1702/540/1320 1703/539/1321 1704/538/1115
f 1704/538/1115 1703/539/1321 1705/537/1322
f 1704/538/1115 1705/537/1322 1706/536/1129
f 1706/536/1129 1705/537/1322 1707/535/1323
f 1706/536/1129 1707/535/1323 1708/534/1131
f 1709/496/1247 1710/522/1324 1711/498/1197
f 1711/498/1197 1710/522/1324 1712/496/1247
f 1713/483/1325 1714/521/1255 1715/488/1166
f 1715/488/1166 1714/521/1255 1716/483/1326
f 1717/545/1327 1718/546/1328 1719/547/1329
f 1720/548/1330 1721/549/1331 1722/550/1332
f 1723/546/1333 1724/545/1334 1725/551/1335
f 1726/552/1336 1727/553/1337 1728/554/1338
f 1728/554/1338 1727/553/1337 1729/555/1339
f 1728/554/1338 1729/555/1339 1730/556/1340
f 1730/556/1340 1729/555/1339 1731/557/1341
f 1732/558/1331 1733/559/1330 1734/560/1342
f 1734/560/1342 1733/559/1330 1735/561/1343
f 1734/560/1342 1735/561/1343 1736/562/1339
f 1737/550/1328 1738/549/1344 1739/559/1345
f 1739/559/1345 1738/549/1344 1740/563/1346
f 1739/559/1345 1740/563/1346 1741/561/1336
f 1741/561/1336 1740/563/1346 1742/564/1347
f 1743/565/1348 1744/566/1349 1745/567/1350
f 1746/568/1351 1747/567/1352 1748/569/1353
f 1749/570/1354 1750/568/1355 1751/571/1356
f 1752/572/1357 1753/573/1358 1754/574/1359
f 1754/574/1359 1753/573/1358 1755/575/1360
f 1754/574/1359 1755/575/1360 1756/576/1361
f 1757/577/1362 1758/565/1363 1759/578/1364
f 1759/578/1364 1758/565/1363 1760/567/1365
f 1761/579/1366 1762/580/1367 1763/566/1349
f 1764/581/1368 1765/571/1369 1766/582/1370
f 1766/582/1370 1765/571/1369 1767/568/1371
f 1766/582/1370 1767/568/1371 1768/569/1353
f 1769/566/1349 1770/565/1348 1771/579/1366
f 1771/579/1366 1770/565/1348 1772/577/1372
f 1771/579/1366 1772/577/1372 1773/583/1373
f 1774/584/1374 1775/585/1375 1776/586/1376
f 1776/586/1376 1775/585/1375 1777/587/1377
f 1776/586/1376 1777/587/1377 1778/588/1378
f 1778/588/1378 1777/587/1377 1779/589/1379
f 1778/588/1378 1779/589/1379 1780/590/1380
f 1780/590/1380 1779/589/1379 1781/573/1381
f 1780/590/1380 1781/573/1381 1782/591/1382
f 1783/591/1382 1784/592/1383 1785/590/1380
f 1785/590/1380 1784/592/1383 1786/593/1384
f 1785/590/1380 1786/593/1384 1787/588/1378
f 1787/588/1378 1786/593/1384 1788/594/1385
f 1787/588/1378 1788/594/1385 1789/586/1386
f 1789/586/1386 1788/594/1385 1790/595/1387
f 1789/586/1386 1790/595/1387 1791/584/1353
f 1792/592/1383 1793/596/1388 1794/593/1384
f 1794/593/1384 1793/596/1388 1795/597/1389
f 1794/593/1384 1795/597/1389 1796/594/1390
f 1796/594/1390 1795/597/1389 1797/598/1391
f 1796/594/1390 1797/598/1391 1798/595/1392
f 1799/567/1365 1800/568/1355 1801/578/1364
f 1801/578/1364 1800/568/1355 1802/570/1354
f 1801/578/1364 1802/570/1354 1772/577/1372
f 1772/577/1372 1802/570/1354 1803/572/1357
f 1772/577/1372 1803/572/1357 1773/583/1373
f 1773/583/1373 1803/572/1357 1804/574/1393
f 1773/583/1373 1804/574/1393 1771/579/1366
f 1771/579/1366 1804/574/1393 1805/576/1394
f 1771/579/1366 1805/576/1394 1806/580/1395
f 1807/589/1379 1808/575/1360 1809/573/1381
f 1810/596/1388 1811/599/1396 1812/600/1397
f 1813/601/1398 1814/602/1399 1815/603/1400
f 1816/604/1401 1817/605/1329 1818/552/1402
f 1819/581/1403 1820/606/1404 1821/607/1405
f 1821/607/1405 1820/606/1404 1822/608/1406
f 1821/607/1405 1822/608/1406 1823/609/1407
f 1810/596/1388 1812/600/1397 1824/597/1408
f 1824/597/1408 1812/600/1397 1825/610/1409
f 1824/597/1408 1825/610/1409 1826/598/1410
f 1827/572/1411 1828/570/1412 1813/601/1398
f 1813/601/1398 1828/570/1412 1829/611/1413
f 1813/601/1398 1829/611/1413 1814/602/1399
f 1820/606/1404 1830/612/1414 1822/608/1406
f 1822/608/1406 1830/612/1414 1831/613/1415
f 1822/608/1406 1831/613/1415 1823/609/1407
f 1823/609/1407 1831/613/1415 1832/614/1416
f 1823/609/1407 1832/614/1416 1833/615/1417
f 1811/599/1396 1810/596/1388 1834/616/1418
f 1834/616/1418 1810/596/1388 1835/592/1383
f 1834/616/1418 1835/592/1383 1815/603/1400
f 1815/603/1400 1835/592/1383 1836/591/1419
f 1815/603/1400 1836/591/1419 1813/601/1398
f 1813/601/1398 1836/591/1419 1837/573/1381
f 1813/601/1398 1837/573/1381 1827/572/1411
f 1838/617/1420 1839/618/1421 1840/619/1422
f 1840/619/1422 1839/618/1421 1841/620/1423
f 1840/619/1422 1841/620/1423 1842/621/1424
f 1842/621/1424 1841/620/1423 1843/622/1425
f 1842/621/1424 1843/622/1425 1844/623/1426
f 1844/623/1426 1843/622/1425 1845/624/1427
f 1844/623/1426 1845/624/1427 1846/625/1428
f 1846/625/1428 1845/624/1427 1847/626/1429
f 1846/625/1428 1847/626/1429 1833/615/1417
f 1833/615/1417 1847/626/1429 1848/627/1430
f 1833/615/1417 1848/627/1430 1823/609/1407
f 1823/609/1407 1848/627/1430 1849/628/1431
f 1823/609/1407 1849/628/1431 1821/607/1405
f 1821/607/1405 1849/628/1431 1850/571/1369
f 1821/607/1405 1850/571/1369 1819/581/1403
f 1828/570/1412 1850/571/1369 1829/611/1413
f 1829/611/1413 1850/571/1369 1849/628/1431
f 1829/611/1413 1849/628/1431 1814/602/1399
f 1814/602/1399 1849/628/1431 1848/627/1430
f 1814/602/1399 1848/627/1430 1815/603/1400
f 1815/603/1400 1848/627/1430 1847/626/1429
f 1815/603/1400 1847/626/1429 1834/616/1418
f 1834/616/1418 1847/626/1429 1845/624/1427
f 1834/616/1418 1845/624/1427 1811/599/1396
f 1811/599/1396 1845/624/1427 1843/622/1425
f 1811/599/1396 1843/622/1425 1812/600/1397
f 1812/600/1397 1843/622/1425 1841/620/1423
f 1812/600/1397 1841/620/1423 1825/610/1409
f 1825/610/1409 1841/620/1423 1839/618/1421
f 1830/612/1414 1816/604/1401 1831/613/1415
f 1831/613/1415 1816/604/1401 1818/552/1402
f 1831/613/1415 1818/552/1402 1832/614/1416
f 1832/614/1416 1818/552/1402 1851/554/1432
f 1832/614/1416 1851/554/1432 1833/615/1417
f 1833/615/1417 1851/554/1432 1852/556/1433
f 1833/615/1417 1852/556/1433 1846/625/1428
f 1846/625/1428 1852/556/1433 1853/557/1341
f 1846/625/1428 1853/557/1341 1844/623/1426
f 1844/623/1426 1853/557/1341 1854/551/1434
f 1844/623/1426 1854/551/1434 1842/621/1424
f 1842/621/1424 1854/551/1434 1855/545/1435
f 1842/621/1424 1855/545/1435 1840/619/1422
f 1840/619/1422 1855/545/1435 1856/547/1329
f 1840/619/1422 1856/547/1329 1838/617/1420
f 1857/545/1436 1858/546/1437 1859/551/1438
f 1860/559/1439 1861/549/1440 1862/550/1441
f 1863/554/1442 1864/553/1443 1865/552/1444
f 1866/546/1441 1867/545/1445 1868/547/1439
f 1869/550/1437 1870/549/1446 1871/548/1447
f 1872/562/1448 1873/561/1449 1874/560/1450
f 1874/560/1450 1873/561/1449 1875/559/1447
f 1874/560/1450 1875/559/1447 1876/558/1451
f 1877/549/1440 1878/559/1452 1879/563/1453
f 1879/563/1453 1878/559/1452 1880/561/1444
f 1879/563/1453 1880/561/1444 1881/564/1454
f 1882/553/1443 1883/554/1455 1884/555/1448
f 1884/555/1448 1883/554/1455 1885/556/1456
f 1884/555/1448 1885/556/1456 1886/557/1457
f 1887/587/1458 1888/585/1459 1889/586/1460
f 1889/586/1460 1888/585/1459 1890/584/1461
f 1889/586/1460 1890/584/1461 1891/595/1462
f 1892/570/1463 1893/577/1464 1894/572/1465
f 1894/572/1465 1893/577/1464 1895/583/1466
f 1896/567/1467 1897/566/1468 1898/565/1469
f 1898/565/1469 1897/566/1468 1899/579/1470
f 1900/597/1471 1901/596/1472 1902/593/1473
f 1902/593/1473 1901/596/1472 1903/592/1474
f 1902/593/1473 1903/592/1474 1904/590/1475
f 1904/590/1475 1903/592/1474 1905/591/1476
f 1904/590/1475 1905/591/1476 1906/573/1477
f 1907/589/1478 1908/587/1479 1909/588/1480
f 1909/588/1480 1908/587/1479 1910/586/1481
f 1909/588/1480 1910/586/1481 1911/594/1482
f 1911/594/1482 1910/586/1481 1891/595/1462
f 1911/594/1482 1891/595/1462 1912/598/1483
f 1913/581/1484 1914/582/1462 1915/571/1485
f 1915/571/1485 1914/582/1462 1916/568/1486
f 1915/571/1485 1916/568/1486 1917/570/1487
f 1917/570/1487 1916/568/1486 1918/578/1488
f 1917/570/1487 1918/578/1488 1919/577/1464
f 1920/573/1489 1921/572/1490 1922/574/1491
f 1922/574/1491 1921/572/1490 1895/583/1466
f 1922/574/1491 1895/583/1466 1923/579/1492
f 1923/579/1492 1895/583/1466 1919/577/1464
f 1923/579/1492 1919/577/1464 1924/565/1493
f 1924/565/1493 1919/577/1464 1918/578/1488
f 1924/565/1493 1918/578/1488 1925/567/1494
f 1925/567/1494 1918/578/1488 1926/568/1486
f 1925/567/1494 1926/568/1486 1927/569/1495
f 1927/569/1495 1926/568/1486 1928/582/1462
f 1929/598/1496 1930/597/1471 1931/594/1497
f 1931/594/1497 1930/597/1471 1932/593/1473
f 1931/594/1497 1932/593/1473 1933/588/1480
f 1933/588/1480 1932/593/1473 1934/590/1475
f 1933/588/1480 1934/590/1475 1935/589/1498
f 1935/589/1498 1934/590/1475 1936/573/1489
f 1935/589/1498 1936/573/1489 1937/575/1499
f 1937/575/1499 1936/573/1489 1938/574/1491
f 1937/575/1499 1938/574/1491 1939/576/1500
f 1939/576/1500 1938/574/1491 1940/579/1470
f 1939/576/1500 1940/579/1470 1941/580/1501
f 1941/580/1501 1940/579/1470 1942/566/1502
f 1943/554/1503 1944/614/1504 1945/615/1505
f 1946/570/1463 1947/611/1506 1948/571/1507
f 1949/603/1508 1950/591/1476 1951/592/1474
f 1944/614/1504 1943/554/1503 1952/552/1509
f 1953/604/1510 1954/612/1511 1955/613/1512
f 1955/613/1512 1954/612/1511 1956/608/1513
f 1955/613/1512 1956/608/1513 1957/609/1514
f 1947/611/1506 1946/570/1463 1958/601/1515
f 1958/601/1515 1946/570/1463 1959/572/1516
f 1958/601/1515 1959/572/1516 1960/573/1489
f 1961/556/1517 1962/625/1518 1963/557/1457
f 1963/557/1457 1962/625/1518 1964/623/1519
f 1963/557/1457 1964/623/1519 1965/551/1520
f 1965/551/1520 1964/623/1519 1966/621/1521
f 1965/551/1520 1966/621/1521 1967/545/1522
f 1967/545/1522 1966/621/1521 1968/619/1523
f 1967/545/1522 1968/619/1523 1969/547/1439
f 1969/547/1439 1968/619/1523 1970/617/1524
f 1971/624/1525 1972/599/1526 1973/622/1527
f 1973/622/1527 1972/599/1526 1974/600/1528
f 1973/622/1527 1974/600/1528 1975/620/1529
f 1975/620/1529 1974/600/1528 1976/610/1530
f 1975/620/1529 1976/610/1530 1977/618/1531
f 1962/625/1518 1971/624/1525 1964/623/1519
f 1964/623/1519 1971/624/1525 1973/622/1527
f 1964/623/1519 1973/622/1527 1966/621/1521
f 1966/621/1521 1973/622/1527 1975/620/1529
f 1966/621/1521 1975/620/1529 1968/619/1523
f 1968/619/1523 1975/620/1529 1977/618/1531
f 1968/619/1523 1977/618/1531 1970/617/1524
f 1958/601/1515 1978/602/1532 1947/611/1506
f 1947/611/1506 1978/602/1532 1979/628/1533
f 1947/611/1506 1979/628/1533 1948/571/1507
f 1948/571/1507 1979/628/1533 1980/607/1534
f 1948/571/1507 1980/607/1534 1981/581/1535
f 1981/581/1535 1980/607/1534 1982/606/1536
f 1954/612/1511 1982/606/1536 1956/608/1513
f 1956/608/1513 1982/606/1536 1980/607/1534
f 1956/608/1513 1980/607/1534 1957/609/1514
f 1957/609/1514 1980/607/1534 1979/628/1533
f 1957/609/1514 1979/628/1533 1983/627/1537
f 1983/627/1537 1979/628/1533 1978/602/1532
f 1983/627/1537 1978/602/1532 1949/603/1508
f 1949/603/1508 1978/602/1532 1958/601/1515
f 1949/603/1508 1958/601/1515 1950/591/1476
f 1950/591/1476 1958/601/1515 1960/573/1489
f 1984/605/1452 1953/604/1510 1952/552/1509
f 1952/552/1509 1953/604/1510 1955/613/1512
f 1952/552/1509 1955/613/1512 1944/614/1504
f 1944/614/1504 1955/613/1512 1957/609/1514
f 1944/614/1504 1957/609/1514 1945/615/1505
f 1945/615/1505 1957/609/1514 1983/627/1537
f 1945/615/1505 1983/627/1537 1985/626/1538
f 1985/626/1538 1983/627/1537 1949/603/1508
f 1985/626/1538 1949/603/1508 1986/616/1539
f 1986/616/1539 1949/603/1508 1951/592/1474
f 1986/616/1539 1951/592/1474 1987/596/1472
f 1988/598/1496 1976/610/1530 1989/597/1471
f 1989/597/1471 1976/610/1530 1974/600/1528
f 1989/597/1471 1974/600/1528 1987/596/1472
f 1987/596/1472 1974/600/1528 1972/599/1526
f 1987/596/1472 1972/599/1526 1986/616/1539
f 1986/616/1539 1972/599/1526 1971/624/1525
f 1986/616/1539 1971/624/1525 1985/626/1538
f 1985/626/1538 1971/624/1525 1962/625/1518
f 1985/626/1538 1962/625/1518 1945/615/1505
f 1945/615/1505 1962/625/1518 1961/556/1517
f 1945/615/1505 1961/556/1517 1943/554/1503
f 1990/527/1540 1991/629/1541 1992/528/1542
f 1993/630/1543 1994/537/1544 1995/535/1545
f 1996/580/1546 1997/631/1547 1998/566/1548
f 1999/632/1549 2000/524/1264 2001/526/1253
f 2002/584/1374 2003/633/1550 2004/585/1551
f 2005/634/1552 2006/569/1553 2007/567/1352
f 1991/629/1541 1990/527/1540 2008/635/1554
f 2008/635/1554 1990/527/1540 2000/524/1264
f 2008/635/1554 2000/524/1264 2009/636/1555
f 2009/636/1555 2000/524/1264 1999/632/1549
f 2009/636/1555 1999/632/1549 1997/631/1547
f 1991/629/1541 2010/587/1556 1992/528/1542
f 1992/528/1542 2010/587/1556 2004/585/1551
f 1992/528/1542 2004/585/1551 2011/530/1273
f 2011/530/1273 2004/585/1551 2003/633/1550
f 2011/530/1273 2003/633/1550 2012/532/1275
f 1994/537/1544 1993/630/1543 2013/539/1557
f 2013/539/1557 1993/630/1543 2014/637/1558
f 2013/539/1557 2014/637/1558 2015/541/1281
f 2015/541/1281 2014/637/1558 2016/638/1559
f 2015/541/1281 2016/638/1559 2017/543/1560
f 1997/631/1547 1996/580/1546 2009/636/1555
f 2009/636/1555 1996/580/1546 2018/576/1561
f 2009/636/1555 2018/576/1561 2008/635/1554
f 2008/635/1554 2018/576/1561 2019/575/1360
f 2008/635/1554 2019/575/1360 1991/629/1541
f 1991/629/1541 2019/575/1360 2020/589/1562
f 1991/629/1541 2020/589/1562 2010/587/1556
f 2001/526/1253 2021/544/1159 1999/632/1549
f 1999/632/1549 2021/544/1159 2017/543/1560
f 1999/632/1549 2017/543/1560 1997/631/1547
f 1997/631/1547 2017/543/1560 2016/638/1559
f 1997/631/1547 2016/638/1559 1998/566/1548
f 1998/566/1548 2016/638/1559 2014/637/1558
f 1998/566/1548 2014/637/1558 2007/567/1352
f 2007/567/1352 2014/637/1558 1993/630/1543
f 2007/567/1352 1993/630/1543 2005/634/1552
f 2005/634/1552 1993/630/1543 1995/535/1545
f 2022/639/1563 2023/640/1564 2024/641/1565
f 2025/549/1440 2026/642/1566 2027/550/1437
f 2027/550/1437 2026/642/1566 2028/549/1567
f 2029/643/1568 2030/644/1569 2031/645/1570
f 2032/646/1571 2033/647/1572 2034/648/1573
f 2035/649/1574 2036/560/1575 2034/648/1573
f 2034/648/1573 2036/560/1575 2037/650/1567
f 2034/648/1573 2037/650/1567 2032/646/1571
f 2038/651/1576 2039/652/1577 2040/653/1578
f 2040/653/1578 2039/652/1577 2031/645/1570
f 2040/653/1578 2031/645/1570 2041/654/1579
f 2041/654/1579 2031/645/1570 2030/644/1569
f 2042/655/1580 2043/656/1581 2044/657/1582
f 2044/657/1582 2043/656/1581 2045/658/1583
f 2044/657/1582 2045/658/1583 2046/659/1584
f 2047/660/1581 2048/661/1585 2049/662/1586
f 2049/662/1586 2048/661/1585 2050/663/1569
f 2049/662/1586 2050/663/1569 2051/664/1587
f 2051/664/1587 2050/663/1569 2052/665/1588
f 2051/664/1587 2052/665/1588 2053/666/1564
f 2053/666/1564 2052/665/1588 2054/667/1574
f 2053/666/1564 2054/667/1574 2055/668/1589
f 2055/668/1589 2054/667/1574 2056/669/1590
f 2055/668/1589 2056/669/1590 2057/670/1591
f 2058/671/1585 2059/672/1581 2040/653/1578
f 2040/653/1578 2059/672/1581 2042/655/1580
f 2040/653/1578 2042/655/1580 2038/651/1576
f 2038/651/1576 2042/655/1580 2044/657/1582
f 2038/651/1576 2044/657/1582 2022/639/1563
f 2022/639/1563 2044/657/1582 2046/659/1584
f 2022/639/1563 2046/659/1584 2023/640/1564
f 2035/649/1574 2029/643/1568 2036/560/1575
f 2036/560/1575 2029/643/1568 2031/645/1570
f 2036/560/1575 2031/645/1570 2060/562/1448
f 2060/562/1448 2031/645/1570 2039/652/1577
f 2060/562/1448 2039/652/1577 2061/564/1592
f 2061/564/1592 2039/652/1577 2038/651/1576
f 2061/564/1592 2038/651/1576 2062/563/1453
f 2062/563/1453 2038/651/1576 2022/639/1563
f 2062/563/1453 2022/639/1563 2025/549/1440
f 2025/549/1440 2022/639/1563 2024/641/1565
f 2025/549/1440 2024/641/1565 2026/642/1566
f 2026/642/1566 2024/641/1565 2063/673/1593
f 2064/653/1594 2065/652/1595 2066/651/1596
f 2067/560/1597 2068/643/1598 2069/649/1599
f 2070/648/1600 2071/647/1601 2072/646/1602
f 2073/645/1603 2074/644/1604 2068/643/1598
f 2075/659/1605 2076/658/1606 2077/657/1607
f 2077/657/1607 2076/658/1606 2078/656/1608
f 2077/657/1607 2078/656/1608 2079/655/1609
f 2080/549/1331 2081/642/1610 2082/550/1333
f 2082/550/1333 2081/642/1610 2083/549/1344
f 2084/641/1611 2085/640/1612 2086/639/1613
f 2065/652/1595 2064/653/1594 2073/645/1603
f 2073/645/1603 2064/653/1594 2087/654/1614
f 2073/645/1603 2087/654/1614 2074/644/1604
f 2072/646/1602 2088/650/1615 2070/648/1600
f 2070/648/1600 2088/650/1615 2067/560/1597
f 2070/648/1600 2067/560/1597 2069/649/1599
f 2085/640/1612 2075/659/1605 2086/639/1613
f 2086/639/1613 2075/659/1605 2077/657/1607
f 2086/639/1613 2077/657/1607 2066/651/1596
f 2066/651/1596 2077/657/1607 2079/655/1609
f 2066/651/1596 2079/655/1609 2064/653/1594
f 2064/653/1594 2079/655/1609 2089/672/1608
f 2064/653/1594 2089/672/1608 2090/671/1616
f 2091/670/1601 2092/669/1617 2093/668/1611
f 2093/668/1611 2092/669/1617 2094/667/1599
f 2093/668/1611 2094/667/1599 2095/666/1612
f 2095/666/1612 2094/667/1599 2096/665/1598
f 2095/666/1612 2096/665/1598 2097/664/1618
f 2097/664/1618 2096/665/1598 2098/663/1619
f 2097/664/1618 2098/663/1619 2099/662/1620
f 2099/662/1620 2098/663/1619 2100/661/1621
f 2099/662/1620 2100/661/1621 2101/660/1608
f 2068/643/1598 2067/560/1597 2073/645/1603
f 2073/645/1603 2067/560/1597 2102/562/1339
f 2073/645/1603 2102/562/1339 2065/652/1595
f 2065/652/1595 2102/562/1339 2103/564/1622
f 2065/652/1595 2103/564/1622 2066/651/1596
f 2066/651/1596 2103/564/1622 2104/563/1346
f 2066/651/1596 2104/563/1346 2086/639/1613
f 2086/639/1613 2104/563/1346 2083/549/1344
f 2086/639/1613 2083/549/1344 2084/641/1611
f 2084/641/1611 2083/549/1344 2081/642/1610
f 2084/641/1611 2081/642/1610 2105/673/1623
f 2106/567/1494 2107/637/1624 2108/566/1625
f 2106/567/1494 2109/569/1626 2110/634/1627
f 2111/530/1300 2112/532/1298 2113/633/1628
f 2107/637/1624 2106/567/1494 2114/630/1629
f 2114/630/1629 2106/567/1494 2110/634/1627
f 2114/630/1629 2110/634/1627 2115/535/1323
f 2116/528/1630 2111/530/1300 2117/585/1631
f 2117/585/1631 2111/530/1300 2113/633/1628
f 2117/585/1631 2113/633/1628 2118/584/1495
f 2119/543/1632 2120/544/1112 2121/632/1633
f 2121/632/1633 2120/544/1112 2122/526/1634
f 2121/632/1633 2122/526/1634 2123/524/1290
f 2124/587/1635 2125/589/1478 2126/629/1636
f 2126/629/1636 2125/589/1478 2127/575/1637
f 2126/629/1636 2127/575/1637 2128/635/1638
f 2128/635/1638 2127/575/1637 2129/576/1639
f 2128/635/1638 2129/576/1639 2130/636/1640
f 2130/636/1640 2129/576/1639 2131/580/1641
f 2130/636/1640 2131/580/1641 2132/631/1642
f 2132/631/1642 2131/580/1641 2108/566/1625
f 2132/631/1642 2108/566/1625 2133/638/1643
f 2133/638/1643 2108/566/1625 2107/637/1624
f 2117/585/1631 2124/587/1635 2116/528/1630
f 2116/528/1630 2124/587/1635 2126/629/1636
f 2116/528/1630 2126/629/1636 2134/527/1304
f 2134/527/1304 2126/629/1636 2128/635/1638
f 2134/527/1304 2128/635/1638 2123/524/1290
f 2123/524/1290 2128/635/1638 2130/636/1640
f 2123/524/1290 2130/636/1640 2121/632/1633
f 2121/632/1633 2130/636/1640 2132/631/1642
f 2121/632/1633 2132/631/1642 2119/543/1632
f 2119/543/1632 2132/631/1642 2133/638/1643
f 2119/543/1632 2133/638/1643 2135/541/1319
f 2135/541/1319 2133/638/1643 2107/637/1624
f 2135/541/1319 2107/637/1624 2136/539/1644
f 2136/539/1644 2107/637/1624 2114/630/1629
f 2136/539/1644 2114/630/1629 2137/537/1645
f 2137/537/1645 2114/630/1629 2115/535/1323
