mtllib f_body000.mtl
o editpl_f-0000-24
v -67.804497 34.018318 -3.356288
v -69.986961 34.817204 -4.497647
v -67.804497 34.987244 -4.873284
v -67.804497 35.269581 0.753494
v -69.973740 34.368031 0.873520
v -67.804497 34.297447 -0.682374
v -69.931412 33.639732 -1.972654
v -69.986961 34.817204 -4.497647
v -67.804497 34.018318 -3.356288
v -69.931412 33.639732 -1.972654
v -67.804497 33.825817 -2.039335
v -67.804497 34.297447 -0.682374
v -69.973740 37.791359 0.873520
v -69.973740 34.368031 0.873520
v -67.804497 35.269581 0.753494
v -67.804497 35.269581 0.753494
v -67.804497 37.428814 0.753494
v -69.973740 37.791359 0.873520
v -67.804497 38.792370 -1.319179
v -69.973740 39.032997 -1.086906
v -67.804497 38.811619 -2.856179
v -69.973740 39.032997 -3.111790
v -67.804497 37.428814 -4.873284
v -69.973740 37.791359 -4.753258
v -67.804497 34.987244 -4.873284
v -69.986961 34.817204 -4.497647
v -45.228573 33.216225 0.056676
v -46.395199 34.435406 1.360293
v -53.939907 33.559521 1.175809
v -53.360561 39.636169 1.328063
v -47.752293 40.287468 1.672583
v -47.580341 41.282063 0.114466
v -43.077854 37.675858 1.933751
v -39.797546 34.297447 2.324947
v -39.797546 37.740025 2.324947
v -42.678398 37.929317 -6.153562
v -44.196861 37.528271 -6.129113
v -44.196861 38.028778 -5.973523
v -49.252239 36.299465 -6.473632
v -47.281410 37.720776 -5.909065
v -48.503590 36.190384 -6.433623
v -30.903679 32.786304 -0.392309
v -39.990662 32.706097 -1.899305
v -30.901031 32.828014 -2.459425
v -53.831444 32.645138 -0.202268
v -46.395199 34.435406 1.360293
v -45.228573 33.216225 0.056676
v -42.686333 35.179749 1.859290
v -39.781673 33.225853 0.836846
v -39.797546 34.297447 2.324947
v -42.678398 37.043808 -6.613662
v -38.673244 37.550732 -6.253584
v -38.673244 35.397915 -6.993745
v -43.781532 38.959206 -4.109785
v -46.635929 32.263340 -1.364743
v -53.831444 32.247299 -1.809284
v -53.831444 32.645138 -3.931968
v -60.817970 33.273975 -2.473874
v -60.817970 33.565937 -4.218698
v -53.834091 33.780899 -5.853497
v -60.185719 36.193592 -6.194683
v -59.939697 38.160320 -5.609000
v -53.032532 38.660828 -5.853497
v -59.984669 39.957005 -3.575224
v -52.148964 40.913101 -2.571673
v -59.984669 39.982674 -1.455875
v -42.678398 33.845066 -6.153562
v -38.673244 34.127403 -6.253583
v -39.990662 32.706097 -1.899305
v -30.903679 31.948921 -4.996644
v -30.901031 32.828014 -2.459425
v -30.901031 39.430836 -0.579018
v -39.567394 39.430836 1.100236
v -30.903679 37.249146 3.114007
v -47.752293 40.287468 1.672583
v -53.360561 39.636169 1.328063
v -53.659492 37.380688 1.853733
v -44.196861 33.941319 -6.329155
v -49.561752 34.082485 -5.909064
v -45.016937 32.661179 -5.133340
v -46.657093 32.914639 -4.443191
v -45.469303 32.879349 -3.146241
v -47.580341 41.282063 0.114466
v -45.649193 41.089561 0.077792
v -43.551380 40.483177 -2.306060
v -38.673244 39.786964 -3.081784
v -43.781532 38.959206 -4.109785
v -38.673244 37.550732 -6.253584
v -42.678398 37.929317 -6.153562
v -42.678398 37.043808 -6.613662
v -60.817970 33.273975 -2.473874
v -53.831444 32.247299 -1.809284
v -53.831444 32.645138 -0.202268
v -46.635929 32.263340 -1.364743
v -45.228573 33.216225 0.056676
v -39.990662 32.706097 -1.899305
v -39.797546 34.297447 2.324947
v -43.077854 37.675858 1.933751
v -42.686333 35.179749 1.859290
v -47.413681 37.027767 1.807056
v -53.770599 34.781910 1.595899
v -30.901031 39.430836 -0.579018
v -39.234074 39.973049 -0.930205
v -39.567394 39.430836 1.100236
v -47.569759 38.128239 2.039329
v -53.659492 37.380688 1.853733
v -53.715046 35.917671 1.535886
v -60.455551 35.186165 0.363409
v -48.366028 38.304695 -5.603443
v -49.252239 36.299465 -6.473632
v -53.032532 38.660828 -5.853497
v -53.519287 36.260967 -6.647003
v -60.185719 36.193592 -6.194683
v -53.834091 33.780899 -5.853497
v -60.434387 34.720951 -5.608999
v -44.196861 37.528271 -6.129113
v -44.196861 37.181767 -6.593658
v -42.678398 37.043808 -6.613662
v -42.678398 33.845066 -6.153562
v -38.673244 35.397915 -6.993745
v -38.673244 34.127403 -6.253583
v -47.916309 32.597012 -3.019547
v -50.561718 33.408730 -5.613444
v -47.281410 37.720776 -5.909065
v -49.252239 36.299465 -6.473632
v -47.442780 38.230904 -5.353389
v -48.366028 38.304695 -5.603443
v -47.471882 39.408375 -3.686360
v -53.032532 38.660828 -5.853497
v -47.580341 41.144100 -2.079344
v -52.148964 40.913101 -2.571673
v -52.254780 40.983685 0.088905
v -59.984669 39.982674 -1.455875
v -60.315346 38.471531 0.060010
v -39.990662 32.706097 -1.899305
v -30.903679 32.786304 -0.392309
v -39.781673 33.225853 0.836846
v -30.903679 33.687855 3.114007
v -39.567394 39.430836 1.100236
v -47.413681 37.027767 1.807056
v -60.455551 35.186165 0.363409
v -60.540203 33.947735 0.013333
v -60.817970 33.216225 -1.179147
v -60.817970 33.273975 -2.473874
v -53.519287 36.260967 -6.647003
v -39.990662 32.706097 -1.899305
v -42.678398 33.845066 -6.153562
v -44.196861 37.181767 -6.593658
v -47.442780 38.230904 -5.353389
v -47.471882 39.408375 -3.686360
v -43.551380 40.483177 -2.306060
v -47.580341 41.144100 -2.079344
v -52.254780 40.983685 0.088905
v -60.399998 36.363636 0.571232
v -47.752293 40.287468 1.672583
v -39.234074 39.973049 -0.930205
v -45.649193 41.089561 0.077792
v -38.673244 39.786964 -3.081784
v -67.804497 35.269581 0.753494
v -60.455551 35.186165 0.363409
v -60.399998 36.363636 0.571232
v -47.752293 40.287468 1.672583
v -45.649193 41.089561 0.077792
v -47.580341 41.282063 0.114466
v -67.804497 37.428814 0.753494
v -60.817970 33.273975 -2.473874
v -67.804497 33.825817 -2.039335
v -60.817970 33.565937 -4.218698
v -67.804497 34.018318 -3.356288
v -60.434387 34.720951 -5.608999
v -67.804497 34.987244 -4.873284
v -60.185719 36.193592 -6.194683
v -67.804497 37.428814 -4.873284
v -60.315346 38.471531 0.060010
v -59.984669 39.982674 -1.455875
v -67.804497 38.792370 -1.319179
v -59.984669 39.957005 -3.575224
v -67.804497 38.811619 -2.856179
v -59.939697 38.160320 -5.609000
v -67.804497 37.428814 -4.873284
v -60.540203 33.947735 0.013333
v -67.804497 34.297447 -0.682374
v -60.817970 33.216225 -1.179147
v -67.804497 33.825817 -2.039335
v -60.817970 33.273975 -2.473874
v 67.804497 35.269581 0.753494
v 69.973740 34.368031 0.873520
v 69.973740 37.791359 0.873520
v 69.931412 33.639732 -1.972654
v 69.973740 34.368031 0.873520
v 67.804497 34.297447 -0.682374
v 67.804497 35.269581 0.753494
v 67.804497 34.987244 -4.873284
v 69.986961 34.817204 -4.497647
v 67.804497 34.018318 -3.356288
v 69.931412 33.639732 -1.972654
v 67.804497 33.825817 -2.039335
v 67.804497 34.297447 -0.682374
v 69.986961 34.817204 -4.497647
v 67.804497 34.987244 -4.873284
v 69.973740 37.791359 -4.753258
v 67.804497 37.428814 -4.873284
v 69.973740 39.032997 -3.111790
v 67.804497 38.811619 -2.856179
v 69.973740 39.032997 -1.086906
v 67.804497 38.792370 -1.319179
v 69.973740 37.791359 0.873520
v 67.804497 37.428814 0.753494
v 67.804497 35.269581 0.753494
v 59.984669 39.957005 -3.575224
v 52.148964 40.913101 -2.571673
v 59.984669 39.982674 -1.455875
v 38.673244 37.550732 -6.253584
v 42.678398 37.929317 -6.153562
v 42.678398 37.043808 -6.613662
v 39.990662 32.706097 -1.899305
v 30.903679 32.786304 -0.392309
v 30.901031 32.828014 -2.459425
v 53.032532 38.660828 -5.853497
v 49.252239 36.299465 -6.473632
v 48.366028 38.304695 -5.603443
v 38.673244 35.397915 -6.993745
v 38.673244 37.550732 -6.253584
v 42.678398 37.043808 -6.613662
v 43.781532 38.959206 -4.109785
v 44.196861 38.028778 -5.973523
v 42.678398 37.929317 -6.153562
v 53.831444 32.645138 -0.202268
v 60.817970 33.216225 -1.179147
v 60.540203 33.947735 0.013333
v 53.831444 32.645138 -3.931968
v 53.831444 32.247299 -1.809284
v 46.635929 32.263340 -1.364743
v 53.834091 33.780899 -5.853497
v 60.817970 33.565937 -4.218698
v 53.831444 32.645138 -3.931968
v 60.817970 33.273975 -2.473874
v 52.148964 40.913101 -2.571673
v 59.984669 39.957005 -3.575224
v 53.032532 38.660828 -5.853497
v 59.939697 38.160320 -5.609000
v 60.185719 36.193592 -6.194683
v 46.635929 32.263340 -1.364743
v 53.831444 32.247299 -1.809284
v 53.831444 32.645138 -0.202268
v 60.817970 33.273975 -2.473874
v 53.659492 37.380688 1.853733
v 53.360561 39.636169 1.328063
v 47.752293 40.287468 1.672583
v 47.580341 41.282063 0.114466
v 30.901031 32.828014 -2.459425
v 30.903679 31.948921 -4.996644
v 39.990662 32.706097 -1.899305
v 38.673244 34.127403 -6.253583
v 42.678398 33.845066 -6.153562
v 48.503590 36.190384 -6.433623
v 49.561752 34.082485 -5.909064
v 50.561718 33.408730 -5.613444
v 46.657093 32.914639 -4.443191
v 47.916309 32.597012 -3.019547
v 53.834091 33.780899 -5.853497
v 49.252239 36.299465 -6.473632
v 53.519287 36.260967 -6.647003
v 30.903679 33.687855 3.114007
v 30.903679 32.786304 -0.392309
v 39.781673 33.225853 0.836846
v 42.678398 37.929317 -6.153562
v 38.673244 37.550732 -6.253584
v 43.781532 38.959206 -4.109785
v 38.673244 39.786964 -3.081784
v 43.551380 40.483177 -2.306060
v 45.649193 41.089561 0.077792
v 53.715046 35.917671 1.535886
v 53.659492 37.380688 1.853733
v 47.569759 38.128239 2.039329
v 39.567394 39.430836 1.100236
v 39.234074 39.973049 -0.930205
v 38.673244 39.786964 -3.081784
v 39.990662 32.706097 -1.899305
v 39.781673 33.225853 0.836846
v 46.635929 32.263340 -1.364743
v 45.228573 33.216225 0.056676
v 53.939907 33.559521 1.175809
v 60.455551 35.186165 0.363409
v 53.770599 34.781910 1.595899
v 53.715046 35.917671 1.535886
v 47.413681 37.027767 1.807056
v 47.569759 38.128239 2.039329
v 43.077854 37.675858 1.933751
v 39.567394 39.430836 1.100236
v 39.797546 37.740025 2.324947
v 38.673244 34.127403 -6.253583
v 38.673244 35.397915 -6.993745
v 42.678398 33.845066 -6.153562
v 44.196861 37.181767 -6.593658
v 44.196861 37.528271 -6.129113
v 53.032532 38.660828 -5.853497
v 53.834091 33.780899 -5.853497
v 60.434387 34.720951 -5.608999
v 60.817970 33.565937 -4.218698
v 45.469303 32.879349 -3.146241
v 45.016937 32.661179 -5.133340
v 44.196861 33.941319 -6.329155
v 39.234074 39.973049 -0.930205
v 30.901031 39.430836 -0.579018
v 30.903679 37.249146 3.114007
v 39.797546 34.297447 2.324947
v 42.686333 35.179749 1.859290
v 47.413681 37.027767 1.807056
v 46.395199 34.435406 1.777050
v 53.770599 34.781910 1.595899
v 48.503590 36.190384 -6.433623
v 47.281410 37.720776 -5.909065
v 49.252239 36.299465 -6.473632
v 47.442780 38.230904 -5.353389
v 47.471882 39.408375 -3.686360
v 47.580341 41.144100 -2.079344
v 52.148964 40.913101 -2.571673
v 52.254780 40.983685 0.088905
v 59.984669 39.982674 -1.455875
v 60.315346 38.471531 0.060010
v 39.990662 32.706097 -1.899305
v 47.281410 37.720776 -5.909065
v 47.442780 38.230904 -5.353389
v 47.471882 39.408375 -3.686360
v 47.580341 41.144100 -2.079344
v 52.254780 40.983685 0.088905
v 60.399998 36.363636 0.571232
v 53.715046 35.917671 1.535886
v 53.939907 33.559521 1.175809
v 45.228573 33.216225 0.056676
v 47.580341 41.282063 0.114466
v 45.649193 41.089561 0.077792
v 47.752293 40.287468 1.672583
v 60.399998 36.363636 0.571232
v 67.804497 35.269581 0.753494
v 67.804497 37.428814 0.753494
v 60.455551 35.186165 0.363409
v 60.540203 33.947735 0.013333
v 67.804497 34.297447 -0.682374
v 60.817970 33.216225 -1.179147
v 67.804497 33.825817 -2.039335
v 60.817970 33.273975 -2.473874
v 60.185719 36.193592 -6.194683
v 67.804497 34.987244 -4.873284
v 60.434387 34.720951 -5.608999
v 67.804497 34.018318 -3.356288
v 60.817970 33.565937 -4.218698
v 67.804497 33.825817 -2.039335
v 60.817970 33.273975 -2.473874
v 67.804497 34.987244 -4.873284
v 67.804497 37.428814 -4.873284
v 59.939697 38.160320 -5.609000
v 67.804497 38.811619 -2.856179
v 59.984669 39.957005 -3.575224
v 67.804497 38.792370 -1.319179
v 59.984669 39.982674 -1.455875
v 60.315346 38.471531 0.060010
v -75.788345 35.882381 3.115118
v -76.711594 33.845066 1.589231
v -81.060646 32.998058 2.721701
v -76.648102 36.841682 -6.046873
v -71.518654 35.612877 -5.994639
v -73.063576 34.011902 -4.715471
v -80.983932 32.353176 3.401848
v -81.113556 33.960567 3.440745
v -75.111122 35.818211 -0.962434
v -69.931412 33.639732 -1.972654
v -80.891342 37.861942 -5.221138
v -77.716850 39.841503 -4.480977
v -80.142693 36.893017 -6.515863
v -76.968201 38.872578 -6.335824
v -83.555267 33.463272 -5.681237
v -83.280144 33.052601 -6.515862
v -82.557953 32.244091 -5.327826
v -82.110878 32.061214 -6.226912
v -85.475838 33.017307 -1.610353
v -84.846230 32.869724 -3.730814
v -81.706131 35.510208 -4.215363
v -85.475838 33.017307 -1.610353
v -84.764221 34.493156 1.588120
v -85.711281 35.186165 1.013551
v -83.129356 37.691898 1.573672
v -84.764221 34.493156 1.588120
v -78.465500 40.810432 -2.146025
v -69.973740 39.032997 -1.086906
v -69.973740 39.032997 -3.111790
v -76.007912 36.722973 2.900627
v -77.769760 39.687504 2.310499
v -78.436401 37.563564 2.687248
v -82.073837 36.254551 2.296052
v -73.425995 37.220268 3.943076
v -75.952362 34.679241 4.538762
v -72.685280 33.399101 2.344951
v -75.507935 32.773472 2.973978
v -80.983932 32.353176 3.401848
v -81.034195 33.440811 4.367614
v -81.113556 33.960567 3.440745
v -75.788345 35.882381 3.115118
v -76.007912 36.722973 2.900627
v -78.436401 37.563564 2.687248
v -78.976067 35.901630 -6.226912
v -81.706131 35.510208 -4.215363
v -84.846230 32.869724 -3.730814
v -82.785454 36.918682 -4.479865
v -86.261520 33.620480 -3.961975
v -77.095177 37.024559 -4.128678
v -77.716850 39.841503 -4.480977
v -79.423141 36.084507 -4.867727
v -82.557953 32.244091 -5.327826
v -84.764221 34.493156 1.588120
v -82.073837 36.254551 2.296052
v -77.095177 37.024559 -4.128678
v -69.986961 34.817204 -4.497647
v -73.063576 34.011902 -4.715471
v -76.648102 36.841682 -6.046873
v -78.976067 35.901630 -6.226912
v -79.423141 36.084507 -4.867727
v -82.110878 32.061214 -6.226912
v -82.557953 32.244091 -5.327826
v -75.507935 32.773472 2.973978
v -72.685280 33.399101 2.344951
v -69.973740 34.368031 0.873520
v -74.492096 38.452282 3.126232
v -83.097610 38.176361 -2.132689
v -69.973740 37.791359 -4.753258
v -69.986961 34.817204 -4.497647
v -86.682144 33.739189 -2.013774
v -82.110878 32.061214 -6.226912
v -69.973740 34.368031 0.873520
v -69.973740 37.791359 0.873520
v -84.846230 32.869724 -3.730814
v 78.976067 35.901630 -6.226912
v 77.095177 37.024559 -4.128678
v 76.648102 36.841682 -6.046873
v 83.129356 37.691898 1.573672
v 82.073837 36.254551 2.296052
v 84.764221 34.496365 1.588120
v 75.952362 34.679241 4.538762
v 72.685280 33.399101 2.344951
v 75.507935 32.773472 2.973978
v 81.034195 33.440811 4.367614
v 81.113556 33.960567 3.440745
v 75.788345 35.882381 3.115118
v 78.465500 40.810432 -2.146025
v 69.973740 39.032997 -3.111790
v 69.973740 39.032997 -1.086906
v 79.423141 36.084507 -4.867727
v 82.110878 32.061214 -6.226912
v 82.557953 32.244091 -5.327826
v 82.557953 32.244091 -5.327826
v 82.110878 32.061214 -6.226912
v 83.555267 33.463272 -5.681237
v 83.280144 33.052601 -6.515862
v 83.097610 38.176361 -2.132689
v 86.682144 33.739189 -2.013774
v 86.261520 33.620480 -3.961975
v 81.706131 35.510208 -4.215363
v 84.846230 32.869724 -3.730814
v 85.475838 33.017307 -1.610353
v 85.711281 35.186165 1.013551
v 84.764221 34.496365 1.588120
v 85.475838 33.017307 -1.610353
v 69.986961 34.817204 -4.497647
v 69.973740 37.791359 -4.753258
v 71.518654 35.612877 -5.994639
v 76.968201 38.872578 -6.335824
v 78.436401 37.563564 2.687248
v 77.769760 39.687504 2.310499
v 76.007912 36.722973 2.900627
v 73.425995 37.220268 3.943076
v 80.983932 32.353176 3.401848
v 78.436401 37.563564 2.687248
v 76.007912 36.722973 2.900627
v 75.111122 35.818211 -0.962434
v 75.788345 35.882381 3.115118
v 80.891342 37.861942 -5.221138
v 80.142693 36.893017 -6.515863
v 77.716850 39.841503 -4.480977
v 77.095177 37.024559 -4.128678
v 81.706131 35.510208 -4.215363
v 82.785454 36.918682 -4.479865
v 84.846230 32.869724 -3.730814
v 82.557953 32.244091 -5.327826
v 79.423141 36.084507 -4.867727
v 77.716850 39.841503 -4.480977
v 69.986961 34.817204 -4.497647
v 73.063576 34.011902 -4.715471
v 69.931412 33.639732 -1.972654
v 76.711594 33.845066 1.589231
v 81.060646 32.998058 2.721701
v 81.113556 33.960567 3.440745
v 69.973740 34.368031 0.873520
v 72.685280 33.399101 2.344951
v 75.507935 32.773472 2.973978
v 80.983932 32.353176 3.401848
v 74.492096 38.455490 3.126232
v 82.073837 36.254551 2.296052
v 84.764221 34.496365 1.588120
v 78.976067 35.901630 -6.226912
v 76.648102 36.841682 -6.046873
v 73.063576 34.011902 -4.715471
v 82.110878 32.061214 -6.226912
v 84.846230 32.869724 -3.730814
v 69.973740 37.791359 0.873520
v 69.973740 34.368031 0.873520
v 38.673244 35.397915 -6.993745
v 30.903679 34.528450 -7.333818
v 30.903679 37.229893 -6.593658
v 35.025227 35.295246 -8.701894
v 29.864033 34.226864 -9.283131
v 29.864033 37.823441 -8.372933
v 38.673244 39.786964 -3.081784
v 38.673244 37.550732 -6.253584
v 30.901031 39.430836 -0.579018
v 39.234074 39.973049 -0.930205
v 30.903679 40.226509 -2.158250
v 30.903679 39.341000 -3.976423
v 30.903679 32.747807 -6.593657
v 38.673244 34.127403 -6.253583
v 30.903679 31.948921 -4.996644
v 29.864033 30.511574 -5.608999
v 29.864033 29.911608 -2.488321
v 29.864033 36.036381 -2.058228
v 29.864033 30.303028 2.392740
v 29.864033 32.850471 4.706575
v 29.864033 37.823441 -8.372933
v 29.864033 41.365479 -5.474526
v 29.864033 42.257404 -2.117130
v 35.025227 35.295246 -8.701894
v 34.935284 35.940128 -1.658141
v 35.025227 31.441999 -7.791696
v 34.990837 30.534031 -2.815058
v 35.025227 41.375103 -4.721029
v 35.025227 37.942150 -7.791696
v 34.953800 41.689526 0.903527
v 34.916763 37.560356 4.254255
v 34.916763 33.601231 4.254256
v 34.961735 31.400291 1.645911
v 35.025227 37.942150 -7.791696
v 35.025227 41.375103 -4.721029
v 29.864033 37.849110 4.706575
v 29.864033 41.278854 1.774827
v 29.864033 34.226864 -9.283131
v 29.864033 31.695459 -8.372933
v 29.864033 41.365479 -5.474526
v 29.864033 42.257404 -2.117130
v 34.953800 41.689526 0.903527
v 29.864033 41.278854 1.774827
v 29.864033 37.849110 4.706575
v 29.864033 31.695459 -8.372933
v 35.025227 31.441999 -7.791696
v 29.864033 30.511574 -5.608999
v 34.990837 30.534031 -2.815058
v 29.864033 29.911608 -2.488321
v 29.864033 29.911608 -2.488321
v 34.990837 30.534031 -2.815058
v 29.864033 30.303028 2.392740
v 34.961735 31.400291 1.645911
v 29.864033 32.850471 4.706575
v 34.916763 33.601231 4.254256
v 34.916763 37.560356 4.254255
v -38.673244 37.550732 -6.253584
v -30.903679 37.229893 -6.593658
v -38.673244 35.397915 -6.993745
v -38.673244 39.786964 -3.081784
v -30.903679 39.341000 -3.976423
v -35.025227 37.942150 -7.791696
v -29.864033 37.823441 -8.372933
v -35.025227 35.295246 -8.701894
v -30.903679 40.226509 -2.158250
v -39.234074 39.973049 -0.930205
v -30.901031 39.430836 -0.579018
v -30.903679 31.948921 -4.996644
v -38.673244 34.127403 -6.253583
v -30.903679 32.747807 -6.593657
v -30.903679 34.528450 -7.333818
v -29.864033 32.850471 4.706575
v -29.864033 30.303028 2.392740
v -29.864033 36.036381 -2.058228
v -29.864033 29.911608 -2.488321
v -29.864033 30.511574 -5.608999
v -29.864033 37.823441 -8.372933
v -29.864033 41.365479 -5.474526
v -29.864033 42.257404 -2.117130
v -35.025227 35.295246 -8.701894
v -35.025227 31.441999 -7.791696
v -34.935284 35.940128 -1.658141
v -34.990837 30.534031 -2.815058
v -35.025227 41.375103 -4.721029
v -34.916763 37.560356 4.254255
v -34.953800 41.689526 0.903527
v -34.961735 31.400291 1.645911
v -34.916763 33.601231 4.254256
v -35.025227 41.375103 -4.721029
v -35.025227 37.942150 -7.791696
v -29.864033 41.278854 1.774827
v -29.864033 37.849110 4.706575
v -29.864033 31.695459 -8.372933
v -29.864033 34.226864 -9.283131
v -29.864033 37.849110 4.706575
v -29.864033 41.278854 1.774827
v -34.953800 41.689526 0.903527
v -29.864033 42.257404 -2.117130
v -29.864033 41.365479 -5.474526
v -29.864033 29.911608 -2.488321
v -34.990837 30.534031 -2.815058
v -29.864033 30.511574 -5.608999
v -35.025227 31.441999 -7.791696
v -29.864033 31.695459 -8.372933
v -29.864033 34.226864 -9.283131
v -34.916763 37.560356 4.254255
v -34.916763 33.601231 4.254256
v -29.864033 32.850471 4.706575
v -34.961735 31.400291 1.645911
v -29.864033 30.303028 2.392740
v -34.990837 30.534031 -2.815058
v -29.864033 29.911608 -2.488321
vn -0.0548 -0.9082 -0.4150
vn 0.1654 -0.6774 -0.7168
vn -0.1097 -0.3840 -0.9168
vn 0.0708 -0.3225 0.9439
vn 0.4307 -0.5638 0.7047
vn 0.0471 -0.9011 0.4310
vn 0.0079 -0.9962 -0.0863
vn -0.0548 -0.9082 -0.4149
vn 0.0078 -0.9962 -0.0863
vn -0.0314 -0.9992 0.0236
vn 0.0470 -0.9011 0.4310
vn 0.2985 0.5185 0.8013
vn 0.0235 0.4782 0.8780
vn 0.0001 0.9591 0.2830
vn 0.1966 0.9517 0.2360
vn -0.0078 0.9518 -0.3068
vn 0.1643 0.9153 -0.3677
vn -0.0392 0.5025 -0.8637
vn 0.2047 0.3308 -0.9213
vn -0.1097 -0.3839 -0.9168
vn 0.0158 -0.8120 0.5834
vn 0.0078 -0.4315 0.9021
vn -0.0707 -0.5731 0.8164
vn -0.1493 0.5895 0.7939
vn 0.0392 0.6194 0.7841
vn 0.0157 0.9637 0.2664
vn -0.0630 0.1102 0.9919
vn -0.1646 -0.2978 0.9403
vn -0.0862 0.3057 0.9482
vn -0.0235 0.6749 -0.7376
vn -0.1257 0.5736 -0.8094
vn -0.0471 0.7063 -0.7064
vn 0.0157 0.0940 -0.9954
vn -0.0785 0.4708 -0.8788
vn -0.0391 0.1566 -0.9869
vn -0.0079 -0.9910 0.1337
vn 0.0157 -0.9998 -0.0079
vn 0.0157 -0.9875 0.1567
vn -0.0631 -0.9233 0.3788
vn 0.0079 -0.4315 0.9021
vn -0.1181 -0.4251 0.8974
vn -0.1022 -0.8882 0.4480
vn -0.1646 -0.2977 0.9404
vn -0.0157 0.1961 -0.9805
vn 0.0157 0.6455 -0.7636
vn -0.0470 -0.0940 -0.9945
vn 0.0079 0.8404 -0.5419
vn 0.0393 -0.9985 0.0393
vn -0.0707 -0.9972 0.0235
vn -0.0394 -0.9533 -0.2994
vn -0.1103 -0.9924 -0.0552
vn -0.1102 -0.9127 -0.3934
vn -0.0471 -0.5649 -0.8238
vn -0.0941 -0.0078 -0.9955
vn -0.1102 0.6064 -0.7875
vn 0.0157 0.6062 -0.7951
vn -0.1180 0.9364 -0.3305
vn -0.0550 0.9663 -0.2515
vn -0.1335 0.9346 0.3298
vn 0.0471 -0.5413 -0.8395
vn -0.0867 -0.7961 -0.5990
vn -0.1175 -0.9794 -0.1645
vn 0.0157 -0.9875 0.1568
vn 0.0628 0.9107 0.4083
vn 0.0393 0.6987 0.7143
vn -0.0313 0.3994 0.9163
vn -0.1178 0.0786 0.9899
vn -0.0000 -0.3606 -0.9327
vn -0.0627 -0.5169 -0.8537
vn -0.0314 -0.9349 -0.3536
vn -0.0236 -0.9589 -0.2829
vn 0.0078 -0.9948 -0.1018
vn 0.1490 0.9723 0.1803
vn 0.0787 0.9054 -0.4172
vn 0.0236 0.9122 -0.4090
vn 0.0079 0.8404 -0.5420
vn 0.0157 0.6456 -0.7636
vn -0.1103 -0.9924 -0.0551
vn -0.0707 -0.9972 0.0236
vn 0.0158 -0.8121 0.5834
vn 0.0157 -0.9998 -0.0078
vn -0.1646 -0.2978 0.9404
vn -0.0236 -0.1260 0.9918
vn -0.0706 -0.1334 0.9885
vn 0.0628 0.9107 0.4082
vn 0.0945 0.9610 0.2599
vn 0.0392 0.6987 0.7144
vn 0.0079 0.0079 0.9999
vn -0.1178 0.0785 0.9899
vn -0.0788 -0.0945 0.9924
vn -0.1024 -0.1890 0.9766
vn 0.1728 0.6047 -0.7775
vn 0.0157 0.0941 -0.9954
vn 0.0158 0.6062 -0.7952
vn -0.0079 -0.0000 -1.0000
vn -0.0941 -0.0079 -0.9955
vn -0.1100 -0.6285 -0.7700
vn -0.1102 -0.9127 -0.3935
vn -0.1258 0.5737 -0.8094
vn -0.0235 0.6748 -0.7376
vn -0.0551 0.3229 -0.9448
vn -0.0867 -0.7960 -0.5990
vn 0.0391 -0.9694 -0.2423
vn -0.0000 -0.7149 -0.6992
vn 0.0236 0.7069 -0.7069
vn 0.1023 0.7706 -0.6291
vn 0.0551 0.9210 -0.3857
vn -0.0550 0.9663 -0.2514
vn -0.1331 0.9321 0.3368
vn -0.1335 0.9345 0.3299
vn -0.1491 0.5099 0.8472
vn -0.0787 -0.6930 0.7167
vn -0.0313 0.3993 0.9163
vn -0.0236 -0.1259 0.9918
vn -0.1022 -0.6835 0.7228
vn -0.1021 -0.9583 0.2670
vn -0.1102 -0.9924 -0.0551
vn 0.0158 -0.9998 -0.0079
vn 0.0471 -0.5414 -0.8395
vn -0.0551 0.3228 -0.9449
vn 0.0235 0.7069 -0.7069
vn 0.1022 0.7706 -0.6291
vn 0.0787 0.9054 -0.4173
vn -0.1332 0.9321 0.3369
vn -0.0472 0.0157 0.9988
vn 0.0946 0.9610 0.2599
vn 0.0236 0.9123 -0.4089
vn 0.0708 -0.3226 0.9439
vn 0.1490 0.9723 0.1804
vn 0.0235 0.4781 0.8780
vn -0.0315 -0.9992 0.0236
vn -0.0393 0.5025 -0.8637
vn -0.1490 0.5099 0.8472
vn -0.1335 0.9345 0.3298
vn -0.0000 0.9591 0.2830
vn -0.0079 0.9518 -0.3068
vn -0.1103 0.6064 -0.7875
vn -0.1021 -0.6835 0.7228
vn -0.1021 -0.9583 0.2671
vn -0.0708 -0.3225 0.9439
vn -0.4307 -0.5638 0.7047
vn -0.2985 0.5185 0.8013
vn -0.0079 -0.9962 -0.0863
vn -0.0471 -0.9011 0.4310
vn 0.1097 -0.3840 -0.9168
vn -0.1654 -0.6774 -0.7168
vn 0.0548 -0.9082 -0.4149
vn -0.0078 -0.9962 -0.0863
vn 0.0314 -0.9992 0.0236
vn -0.0470 -0.9011 0.4310
vn 0.1097 -0.3839 -0.9168
vn -0.2047 0.3308 -0.9213
vn 0.0392 0.5025 -0.8637
vn -0.1643 0.9153 -0.3677
vn 0.0078 0.9518 -0.3068
vn -0.1966 0.9517 0.2360
vn -0.0001 0.9591 0.2830
vn -0.0235 0.4782 0.8780
vn 0.1180 0.9364 -0.3304
vn 0.0550 0.9663 -0.2514
vn 0.1335 0.9346 0.3298
vn -0.0157 0.6455 -0.7636
vn 0.0235 0.6748 -0.7376
vn 0.0157 0.1961 -0.9805
vn -0.0236 -0.9977 -0.0629
vn 0.0078 -0.9910 0.1337
vn -0.0157 -0.9875 0.1567
vn -0.0157 0.6062 -0.7951
vn -0.0157 0.0941 -0.9954
vn -0.1728 0.6047 -0.7775
vn 0.0470 -0.0940 -0.9945
vn -0.0079 0.8404 -0.5419
vn 0.0471 0.7063 -0.7064
vn 0.0236 0.6748 -0.7376
vn 0.0631 -0.9233 0.3788
vn 0.1021 -0.9582 0.2671
vn 0.1021 -0.6835 0.7228
vn 0.0394 -0.9533 -0.2994
vn 0.0707 -0.9972 0.0235
vn -0.0235 -0.9966 0.0784
vn 0.0471 -0.5649 -0.8238
vn 0.1102 -0.9127 -0.3934
vn 0.1103 -0.9924 -0.0552
vn 0.1180 0.9364 -0.3305
vn 0.1102 0.6064 -0.7875
vn 0.0941 -0.0078 -0.9955
vn -0.0235 -0.9966 0.0785
vn 0.0707 -0.9972 0.0236
vn 0.1102 -0.9924 -0.0551
vn 0.1021 -0.9583 0.2670
vn 0.1179 0.0786 0.9899
vn 0.1493 0.5895 0.7939
vn -0.0000 0.5565 0.8308
vn -0.0157 0.9637 0.2664
vn -0.0157 -0.9875 0.1568
vn 0.1175 -0.9794 -0.1645
vn 0.0867 -0.7961 -0.5990
vn -0.0471 -0.5413 -0.8395
vn 0.0392 0.1566 -0.9869
vn -0.0157 0.0940 -0.9954
vn 0.0627 -0.5169 -0.8537
vn 0.0236 -0.9589 -0.2829
vn -0.0391 -0.9694 -0.2423
vn 0.0470 -0.5649 -0.8238
vn 0.0079 -0.0000 -1.0000
vn 0.0780 -0.6930 0.7167
vn 0.0079 -0.9910 0.1338
vn 0.0863 -0.8782 0.4705
vn 0.0235 0.6749 -0.7376
vn -0.0158 0.6455 -0.7636
vn -0.0079 0.8404 -0.5420
vn -0.0236 0.9122 -0.4090
vn -0.0787 0.9054 -0.4173
vn -0.1413 0.9734 0.1805
vn 0.0788 -0.0945 0.9924
vn 0.1178 0.0785 0.9899
vn -0.0079 0.0079 0.9999
vn -0.0000 0.5565 0.8309
vn -0.0628 0.7135 0.6978
vn -0.1413 0.9734 0.1806
vn -0.0864 0.9812 0.1727
vn -0.0236 0.9123 -0.4089
vn 0.0079 -0.9910 0.1337
vn -0.0236 -0.9977 -0.0628
vn 0.0862 -0.8782 0.4704
vn -0.0078 -0.7778 0.6285
vn 0.0787 -0.5906 0.8031
vn 0.1024 -0.1890 0.9766
vn 0.0943 -0.1021 0.9903
vn 0.0787 -0.0945 0.9924
vn 0.0157 -0.0707 0.9974
vn -0.0079 0.0078 0.9999
vn 0.0630 0.1102 0.9919
vn -0.0627 0.7135 0.6978
vn 0.0862 0.3056 0.9482
vn 0.0867 -0.7960 -0.5990
vn 0.0551 0.3229 -0.9448
vn 0.1258 0.5736 -0.8094
vn -0.0158 0.6062 -0.7952
vn 0.0941 -0.0079 -0.9955
vn 0.1100 -0.6285 -0.7700
vn 0.1102 -0.9127 -0.3935
vn -0.0078 -0.9948 -0.1018
vn 0.0314 -0.9349 -0.3536
vn -0.0863 0.9812 0.1727
vn -0.0628 0.9107 0.4082
vn 0.0313 0.3994 0.9162
vn 0.1646 -0.2978 0.9403
vn 0.0940 -0.4072 0.9085
vn -0.0157 -0.4155 0.9094
vn 0.0943 -0.1022 0.9903
vn 0.0391 0.1567 -0.9869
vn 0.0785 0.4708 -0.8788
vn -0.0236 0.7069 -0.7069
vn -0.1023 0.7706 -0.6291
vn -0.0551 0.9210 -0.3857
vn 0.1332 0.9321 0.3368
vn 0.1335 0.9345 0.3299
vn 0.1490 0.5099 0.8472
vn -0.0471 -0.5414 -0.8395
vn -0.0235 0.7069 -0.7069
vn -0.1022 0.7706 -0.6291
vn 0.1332 0.9321 0.3369
vn 0.1491 0.5099 0.8473
vn 0.0472 0.0157 0.9988
vn 0.0787 -0.5905 0.8032
vn -0.0079 -0.7778 0.6285
vn -0.0708 -0.3226 0.9439
vn -0.0235 0.4781 0.8780
vn 0.1021 -0.9583 0.2671
vn 0.0315 -0.9992 0.0236
vn 0.1103 -0.9924 -0.0551
vn 0.0940 -0.0079 -0.9955
vn 0.0393 0.5025 -0.8637
vn 0.1103 0.6064 -0.7875
vn 0.0079 0.9518 -0.3067
vn 0.1335 0.9345 0.3298
vn -0.6969 0.7047 0.1331
vn -0.4165 -0.5187 -0.7466
vn -0.4876 -0.1179 -0.8651
vn -0.1728 -0.7775 -0.6047
vn 0.2361 -0.2597 -0.9364
vn -0.1332 -0.9169 -0.3762
vn -0.7700 -0.6363 0.0472
vn -0.8953 0.4398 -0.0706
vn -0.6840 -0.7233 -0.0944
vn -0.7388 0.5737 0.3537
vn -0.1645 0.6736 -0.7206
vn -0.1573 0.2910 -0.9437
vn 0.0783 0.3918 -0.9167
vn -0.9660 -0.0863 0.2435
vn -0.6451 0.0393 -0.7631
vn -0.1813 -0.4493 0.8748
vn 0.3691 -0.8011 -0.4712
vn -0.0861 -0.9623 0.2582
vn 0.0865 -0.7390 -0.6682
vn 0.4098 -0.7801 -0.4728
vn -0.0860 -0.9623 0.2582
vn -0.3379 -0.3536 0.8722
vn -0.8562 0.0786 0.5106
vn -0.4544 0.5641 0.6894
vn -0.1337 0.9905 -0.0315
vn 0.1966 0.9517 0.2359
vn -0.5202 -0.1340 0.8434
vn -0.0785 0.6436 0.7613
vn -0.1414 -0.6679 0.7307
vn 0.2511 -0.6357 0.7299
vn 0.1256 0.2277 0.9656
vn 0.0315 -0.0000 0.9995
vn 0.3698 -0.8263 0.4249
vn 0.1332 -0.9873 0.0862
vn -0.7700 -0.6364 0.0471
vn -0.4173 0.0787 0.9054
vn -0.8953 0.4398 -0.0707
vn -0.5203 -0.1340 0.8434
vn -0.1414 -0.6678 0.7307
vn 0.4477 -0.6990 -0.5576
vn 0.0864 -0.7390 -0.6682
vn -0.2360 0.2111 -0.9485
vn -0.7783 -0.2359 -0.5819
vn -0.0547 -0.9948 0.0861
vn -0.2736 0.0235 0.9616
vn 0.2130 -0.4496 0.8675
vn -0.1812 -0.4492 0.8749
vn -0.3379 -0.3537 0.8722
vn -0.0548 -0.9948 0.0862
vn 0.1654 -0.6774 -0.7167
vn 0.4477 -0.6990 -0.5577
vn 0.2129 -0.4495 0.8675
vn 0.3699 -0.8262 0.4249
vn 0.4307 -0.5638 0.7048
vn 0.0866 0.6300 0.7718
vn -0.6389 0.7415 -0.2051
vn 0.2048 0.3308 -0.9212
vn -0.9914 -0.1102 0.0708
vn 0.2986 0.5185 0.8013
vn 0.0864 -0.7389 -0.6682
vn -0.4477 -0.6990 -0.5577
vn 0.0548 -0.9948 0.0862
vn 0.1728 -0.7775 -0.6047
vn 0.4544 0.5641 0.6894
vn -0.2512 -0.6357 0.7300
vn 0.3379 -0.3536 0.8722
vn -0.0315 -0.0000 0.9995
vn -0.3698 -0.8263 0.4249
vn -0.1332 -0.9873 0.0862
vn 0.4173 0.0787 0.9054
vn 0.8953 0.4398 -0.0707
vn 0.6969 0.7047 0.1331
vn 0.1337 0.9905 -0.0315
vn -0.1966 0.9517 0.2359
vn -0.2129 -0.4495 0.8675
vn -0.3691 -0.8011 -0.4712
vn 0.1813 -0.4492 0.8748
vn -0.3691 -0.8010 -0.4713
vn 0.9660 -0.0864 0.2435
vn 0.6451 0.0393 -0.7631
vn 0.6389 0.7415 -0.2051
vn 0.9914 -0.1102 0.0708
vn 0.7783 -0.2359 -0.5819
vn -0.4097 -0.7801 -0.4728
vn -0.0865 -0.7390 -0.6682
vn 0.0861 -0.9623 0.2581
vn 0.8562 0.0786 0.5106
vn 0.3379 -0.3536 0.8723
vn 0.0861 -0.9623 0.2582
vn -0.2048 0.3307 -0.9212
vn -0.2361 -0.2597 -0.9364
vn -0.0783 0.3918 -0.9167
vn 0.1414 -0.6679 0.7307
vn 0.0785 0.6436 0.7613
vn 0.5202 -0.1340 0.8434
vn -0.1256 0.2277 0.9656
vn 0.7699 -0.6364 0.0471
vn 0.1414 -0.6678 0.7307
vn 0.5202 -0.1341 0.8434
vn 0.6840 -0.7233 -0.0944
vn 0.6969 0.7048 0.1331
vn 0.7388 0.5737 0.3537
vn 0.1573 0.2910 -0.9437
vn 0.1645 0.6736 -0.7206
vn -0.4098 -0.7801 -0.4728
vn 0.2360 0.2111 -0.9485
vn -0.2130 -0.4496 0.8675
vn 0.2736 0.0235 0.9616
vn 0.0548 -0.9948 0.0861
vn -0.1654 -0.6774 -0.7167
vn 0.1332 -0.9169 -0.3762
vn 0.4166 -0.5187 -0.7466
vn 0.4876 -0.1180 -0.8651
vn 0.8953 0.4398 -0.0706
vn -0.3698 -0.8262 0.4250
vn -0.1333 -0.9873 0.0862
vn 0.7700 -0.6364 0.0472
vn -0.0866 0.6300 0.7717
vn -0.2511 -0.6357 0.7299
vn 0.3379 -0.3537 0.8722
vn -0.4477 -0.6990 -0.5576
vn 0.1333 -0.9169 -0.3762
vn -0.0865 -0.7389 -0.6682
vn -0.2986 0.5185 0.8013
vn -0.4307 -0.5638 0.7048
vn 0.0471 -0.0628 -0.9969
vn 0.0157 0.5744 -0.8184
vn 0.5419 -0.0000 -0.8404
vn -0.6828 -0.0314 -0.7299
vn -0.3923 0.4394 -0.8081
vn -0.0628 0.9107 0.4083
vn -0.0863 0.9812 0.1726
vn -0.0000 0.9995 -0.0315
vn 0.0078 0.8462 -0.5328
vn 0.1337 -0.6133 -0.7784
vn 0.1176 -0.9793 -0.1646
vn -0.5200 -0.8273 -0.2127
vn -0.6663 -0.7447 -0.0392
vn -1.0000 -0.0000 -0.0000
vn -0.4495 -0.8358 0.3154
vn -0.4795 -0.4480 0.7546
vn -0.7014 0.5990 -0.3862
vn -0.5363 0.8439 -0.0157
vn 0.5420 -0.0001 -0.8404
vn 1.0000 -0.0000 0.0080
vn 0.6439 -0.6204 -0.4477
vn 0.5510 -0.8344 -0.0157
vn 0.5349 0.7394 -0.4090
vn 0.7464 0.3378 -0.5734
vn 0.5278 0.7484 0.4017
vn 0.7616 0.2120 0.6124
vn 0.6518 -0.2042 0.7304
vn 0.6856 -0.6069 0.4020
vn 0.7463 0.3378 -0.5735
vn -0.4005 0.3061 0.8637
vn -0.7189 0.5925 0.3634
vn -0.5361 -0.4573 -0.7096
vn -0.7015 0.5990 -0.3862
vn -0.5363 0.8439 -0.0158
vn -0.7190 0.5925 0.3634
vn -0.4004 0.3062 0.8636
vn -0.5361 -0.4573 -0.7095
vn 0.6440 -0.6204 -0.4476
vn 0.5510 -0.8344 -0.0158
vn -0.6663 -0.7446 -0.0392
vn -0.6663 -0.7446 -0.0391
vn 0.6857 -0.6069 0.4019
vn -0.0157 0.5744 -0.8184
vn -0.0078 0.8462 -0.5328
vn -0.7463 0.3378 -0.5735
vn 0.3923 0.4394 -0.8081
vn -0.5419 -0.0000 -0.8404
vn -0.1175 -0.9793 -0.1646
vn -0.1337 -0.6133 -0.7784
vn -0.0471 -0.0628 -0.9969
vn 0.4795 -0.4480 0.7546
vn 0.4495 -0.8358 0.3154
vn 1.0000 -0.0000 -0.0000
vn 0.6663 -0.7447 -0.0392
vn 0.5200 -0.8273 -0.2127
vn 0.7014 0.5990 -0.3863
vn 0.5363 0.8439 -0.0158
vn -0.5420 -0.0000 -0.8404
vn -0.6439 -0.6205 -0.4476
vn -1.0000 -0.0000 0.0080
vn -0.5510 -0.8344 -0.0158
vn -0.5349 0.7394 -0.4090
vn -0.7616 0.2120 0.6125
vn -0.5278 0.7484 0.4017
vn -0.6856 -0.6069 0.4020
vn -0.6518 -0.2042 0.7304
vn 0.7189 0.5926 0.3634
vn 0.4005 0.3063 0.8636
vn 0.5361 -0.4573 -0.7095
vn 0.6828 -0.0314 -0.7299
vn 0.4004 0.3062 0.8636
vn 0.7190 0.5925 0.3634
vn -0.5278 0.7483 0.4018
vn 0.7015 0.5990 -0.3862
vn -0.5510 -0.8344 -0.0157
vn -0.6440 -0.6204 -0.4476
vn 0.5361 -0.4572 -0.7096
vn -0.7616 0.2120 0.6124
vn -0.6518 -0.2042 0.7303
vn 0.4795 -0.4481 0.7546
vn -0.6857 -0.6069 0.4019
vn 0.4495 -0.8358 0.3153
vn 0.6663 -0.7446 -0.0392
vt 0.988617 0.503906
vt 0.941406 0.441406
vt 0.988617 0.441406
vt 0.988617 0.667969
vt 0.941406 0.667969
vt 0.988617 0.613281
vt 0.941406 0.558594
vt 0.988617 0.558594
vt 0.894531 0.050781
vt 0.972656 0.050781
vt 0.949219 0.012878
vt 0.894531 0.012878
vt 0.847656 0.012878
vt 0.832031 0.050781
vt 0.769531 0.012878
vt 0.757812 0.054688
vt 0.707031 0.012878
vt 0.691406 0.066406
vt 0.660156 0.012878
vt 0.613281 0.035156
vt 0.550781 0.265320
vt 0.496094 0.265320
vt 0.519531 0.378906
vt 0.386719 0.363281
vt 0.390137 0.263397
vt 0.352844 0.261627
vt 0.446930 0.198334
vt 0.496094 0.123871
vt 0.437836 0.120453
vt 0.199219 0.175781
vt 0.191406 0.214844
vt 0.199219 0.214844
vt 0.152344 0.324219
vt 0.191742 0.288330
vt 0.160156 0.292969
vt 0.550781 0.012878
vt 0.600067 0.128906
vt 0.600067 0.012878
vt 0.558594 0.378906
vt 0.488770 0.188202
vt 0.550781 0.122620
vt 0.152344 0.175781
vt 0.199219 0.113281
vt 0.152344 0.113281
vt 0.230469 0.199219
vt 0.011444 0.253906
vt 0.011444 0.386719
vt 0.058594 0.386719
vt 0.011444 0.511719
vt 0.058594 0.519531
vt 0.105469 0.394531
vt 0.160156 0.503906
vt 0.214844 0.503906
vt 0.214844 0.386719
vt 0.285156 0.503906
vt 0.300781 0.363281
vt 0.347656 0.503906
vt 0.113281 0.175781
vt 0.113281 0.113281
vt 0.011444 0.128906
vt 0.035156 0.012878
vt 0.011444 0.012878
vt 0.363281 0.012878
vt 0.402740 0.118011
vt 0.433594 0.012878
vt 0.425781 0.371094
vt 0.121094 0.214844
vt 0.121094 0.292969
vt 0.105469 0.222656
vt 0.099426 0.270569
vt 0.050781 0.230469
vt 0.355408 0.203583
vt 0.297760 0.199799
vt 0.263153 0.111542
vt 0.600067 0.511719
vt 0.600067 0.386719
vt 0.600067 0.253906
vt 0.443512 0.267578
vt 0.480469 0.378906
vt 0.366699 0.108398
vt 0.419098 0.266815
vt 0.449219 0.375488
vt 0.472656 0.503906
vt 0.210938 0.347656
vt 0.152344 0.394531
vt 0.113281 0.511719
vt 0.152344 0.214844
vt 0.058594 0.277344
vt 0.105103 0.313904
vt 0.207031 0.308594
vt 0.237732 0.290375
vt 0.302856 0.274536
vt 0.347656 0.357727
vt 0.386719 0.503906
vt 0.496094 0.012878
vt 0.519531 0.503906
vt 0.558594 0.511719
vt 0.152618 0.394806
vt 0.425781 0.503906
vt 0.472656 0.667969
vt 0.402344 0.667969
vt 0.011444 0.667969
vt 0.058594 0.667969
vt 0.113281 0.667969
vt 0.167969 0.667969
vt 0.347656 0.667969
vt 0.269531 0.667969
vt 0.214844 0.667969
vt 0.542969 0.667969
vt 0.600067 0.667969
vt 0.816406 0.613281
vt 0.824219 0.636719
vt 0.707031 0.636719
vt 0.613281 0.207031
vt 0.655121 0.090393
vt 0.613281 0.097656
vt 0.683594 0.667969
vt 0.699219 0.613281
vt 0.822540 0.517853
vt 0.683594 0.238281
vt 0.707031 0.183594
vt 0.644531 0.238281
vt 0.662933 0.189728
vt 0.660156 0.332031
vt 0.628906 0.332031
vt 0.660156 0.363281
vt 0.628906 0.363281
vt 0.613281 0.535156
vt 0.613281 0.480469
vt 0.675781 0.480469
vt 0.808594 0.433594
vt 0.894531 0.417969
vt 0.894531 0.386719
vt 0.894531 0.308594
vt 0.917969 0.371094
vt 0.785156 0.199219
vt 0.921875 0.171875
vt 0.894531 0.199219
vt 0.917969 0.230469
vt 0.917969 0.308594
vt 0.925781 0.121094
vt 0.964844 0.167969
vt 0.988617 0.105469
vt 0.988617 0.167969
vt 0.984711 0.273438
vt 0.960938 0.281250
vt 0.937500 0.273438
vt 0.933594 0.160156
vt 0.777344 0.605469
vt 0.738281 0.605469
vt 0.613281 0.238281
vt 0.707031 0.316406
vt 0.707031 0.394531
vt 0.722656 0.316406
vt 0.722656 0.394531
vt 0.707031 0.230469
vt 0.699219 0.230469
vt 0.683594 0.332031
vt 0.613281 0.605469
vt 0.675781 0.605469
vt 0.738281 0.480469
vt 0.871094 0.441406
vt 0.738281 0.441406
vt 0.699219 0.441406
vt 0.707031 0.472656
vt 0.621094 0.441406
vt 0.613281 0.472656
vt 0.816406 0.667969
vt 0.894531 0.667969
vt 0.896179 0.126099
vt 0.789062 0.304688
vt 0.792969 0.402344
vt 0.613281 0.332031
vt 0.730469 0.425781
vt 0.152344 0.012878
vt 0.199219 0.012878
vt 0.199219 0.987762
vt 0.175781 0.871094
vt 0.277344 0.871094
vt 0.308594 0.012878
vt 0.261719 0.012878
vt 0.113281 0.012878
vt 0.011780 0.855591
vt 0.066406 0.855591
vt 0.089844 0.792969
vt 0.113281 0.855591
vt 0.175781 0.855591
vt 0.011780 0.722656
vt 0.058594 0.722656
vt 0.113281 0.722656
vt 0.183594 0.793213
vt 0.260071 0.793213
vt 0.183594 0.848053
vt 0.260071 0.848053
vt 0.371094 0.987762
vt 0.285156 0.987762
vt 0.291321 0.715088
vt 0.346008 0.715088
vt 0.346008 0.793213
vt 0.346008 0.848053
vt 0.183594 0.715088
vt 0.232605 0.715088
vt 0.175781 0.800781
vt 0.175781 0.722656
vt 0.011780 0.769531
vt 0.011780 0.824219
vt 0.355469 0.871094
vt 0.425781 0.871094
vt 0.488281 0.987762
vt 0.511719 0.871094
vt 0.574219 0.871094
vt 0.113281 0.871094
vt 0.113281 0.987762
vt 0.050781 0.871094
vt 0.011780 0.987762
vt 0.011780 0.871094
vt 0.837799 0.871094
vt 0.837799 0.987762
vt 0.761719 0.871094
vt 0.738281 0.987762
vt 0.667969 0.871094
vt 0.652344 0.987762
vt 0.574219 0.987762
s 1
usemtl f_body000.png
f 1/1/1 2/2/2 3/3/3
f 4/4/4 5/5/5 6/6/6
f 6/6/6 5/5/5 7/7/7
f 8/2/2 9/1/8 10/7/9
f 10/7/9 9/1/8 11/8/10
f 10/7/9 11/8/10 12/6/11
f 13/9/12 14/10/5 15/11/4
f 16/11/4 17/12/13 18/9/12
f 18/9/12 17/12/13 19/13/14
f 18/9/12 19/13/14 20/14/15
f 20/14/15 19/13/14 21/15/16
f 20/14/15 21/15/16 22/16/17
f 22/16/17 21/15/16 23/17/18
f 22/16/17 23/17/18 24/18/19
f 24/18/19 23/17/18 25/19/20
f 24/18/19 25/19/20 26/20/2
f 27/21/21 28/22/22 29/23/23
f 30/24/24 31/25/25 32/26/26
f 33/27/27 34/28/28 35/29/29
f 36/30/30 37/31/31 38/32/32
f 39/33/33 40/34/34 41/35/35
f 42/36/36 43/37/37 44/38/38
f 27/21/21 29/23/23 45/39/39
f 46/22/40 47/21/21 48/40/41
f 48/40/41 47/21/21 49/41/42
f 48/40/41 49/41/42 50/28/43
f 51/42/44 52/43/45 53/44/46
f 36/30/30 38/32/32 54/45/47
f 55/46/48 56/47/49 57/48/50
f 56/47/49 58/49/51 57/48/50
f 57/48/50 58/49/51 59/50/52
f 57/48/50 59/50/52 60/51/53
f 61/52/54 62/53/55 63/54/56
f 63/54/56 62/53/55 64/55/57
f 63/54/56 64/55/57 65/56/58
f 65/56/58 64/55/57 66/57/59
f 67/58/60 68/59/61 69/60/37
f 69/60/37 68/59/61 70/61/62
f 69/60/37 70/61/62 71/62/63
f 72/63/64 73/64/65 74/65/66
f 75/25/25 76/24/24 77/66/67
f 41/35/35 78/67/68 79/68/69
f 79/68/69 78/67/68 80/69/70
f 79/68/69 80/69/70 81/70/71
f 81/70/71 80/69/70 82/71/72
f 83/26/26 84/72/73 85/73/74
f 85/73/74 84/72/73 86/74/75
f 85/73/74 86/74/75 87/45/76
f 87/45/76 86/74/75 88/43/77
f 87/45/76 88/43/77 89/30/30
f 89/30/30 88/43/77 90/42/44
f 91/75/78 92/76/79 93/39/39
f 93/39/39 92/76/79 94/77/48
f 93/39/39 94/77/48 95/21/80
f 95/21/80 94/77/48 96/37/81
f 95/21/80 96/37/81 49/41/42
f 97/28/82 98/27/27 99/40/41
f 99/40/41 98/27/27 100/78/83
f 99/40/41 100/78/83 28/22/22
f 28/22/22 100/78/83 101/79/84
f 28/22/22 101/79/84 29/23/23
f 102/63/85 103/80/86 104/64/87
f 104/64/87 103/80/86 31/25/25
f 104/64/87 31/25/25 105/81/88
f 105/81/88 31/25/25 106/66/89
f 105/81/88 106/66/89 107/82/90
f 107/82/90 106/66/89 108/83/91
f 109/84/92 110/33/93 111/54/94
f 111/54/94 110/33/93 112/85/95
f 111/54/94 112/85/95 113/52/96
f 113/52/96 112/85/95 114/51/53
f 113/52/96 114/51/53 115/86/97
f 115/86/97 114/51/53 59/50/98
f 116/31/99 36/30/100 117/87/101
f 117/87/101 36/30/100 118/42/44
f 117/87/101 118/42/44 119/58/60
f 119/58/60 118/42/44 120/44/46
f 119/58/60 120/44/46 121/59/102
f 82/71/72 122/88/103 81/70/71
f 81/70/71 122/88/103 123/89/104
f 81/70/71 123/89/104 79/68/69
f 79/68/69 123/89/104 39/33/33
f 79/68/69 39/33/33 41/35/35
f 124/34/34 125/33/93 126/90/105
f 126/90/105 125/33/93 127/84/92
f 126/90/105 127/84/92 128/91/106
f 128/91/106 127/84/92 129/54/56
f 128/91/106 129/54/56 130/92/107
f 130/92/107 129/54/56 131/56/108
f 130/92/107 131/56/108 132/93/109
f 132/93/109 131/56/108 133/57/110
f 132/93/109 133/57/110 134/94/111
f 135/37/81 136/36/36 137/41/42
f 137/41/42 136/36/36 138/95/112
f 137/41/42 138/95/112 34/28/28
f 34/28/28 138/95/112 74/65/113
f 34/28/28 74/65/113 35/29/29
f 35/29/29 74/65/113 139/64/87
f 35/29/29 139/64/87 33/27/27
f 33/27/27 139/64/87 105/81/88
f 33/27/27 105/81/88 140/78/114
f 140/78/114 105/81/88 107/82/90
f 140/78/114 107/82/90 101/79/84
f 101/79/84 107/82/90 141/83/91
f 101/79/84 141/83/91 29/23/23
f 29/23/23 141/83/91 142/96/115
f 29/23/23 142/96/115 45/39/39
f 45/39/39 142/96/115 143/97/116
f 45/39/39 143/97/116 144/75/117
f 145/98/95 39/33/33 60/51/53
f 60/51/53 39/33/33 123/89/104
f 60/51/53 123/89/104 57/48/50
f 57/48/50 123/89/104 122/88/103
f 57/48/50 122/88/103 55/46/48
f 55/46/48 122/88/103 82/71/72
f 55/46/48 82/71/72 146/60/118
f 146/60/118 82/71/72 80/69/70
f 146/60/118 80/69/70 147/58/119
f 147/58/119 80/69/70 78/67/68
f 147/58/119 78/67/68 148/87/120
f 148/87/120 78/67/68 41/35/35
f 148/87/120 41/35/35 37/31/31
f 37/31/31 41/35/35 40/34/34
f 37/31/31 40/34/34 38/32/32
f 38/32/32 40/34/34 149/90/121
f 38/32/32 149/90/121 54/45/47
f 54/45/47 149/90/121 150/91/122
f 54/45/47 150/91/122 151/73/123
f 151/73/123 150/91/122 152/92/107
f 151/73/123 152/92/107 32/26/26
f 32/26/26 152/92/107 153/93/124
f 32/26/26 153/93/124 30/24/24
f 30/24/24 153/93/124 134/94/111
f 30/24/24 134/94/111 106/66/89
f 106/66/89 134/94/111 154/99/125
f 106/66/89 154/99/125 108/83/91
f 155/25/25 156/80/126 157/72/73
f 157/72/73 156/80/126 158/74/127
f 159/100/128 160/83/91 161/99/125
f 162/25/25 163/72/129 164/26/26
f 165/101/130 159/100/128 161/99/125
f 166/49/78 167/102/131 168/50/52
f 168/50/52 167/102/131 169/103/8
f 168/50/52 169/103/8 170/86/97
f 170/86/97 169/103/8 171/104/3
f 170/86/97 171/104/3 172/52/96
f 172/52/96 171/104/3 173/105/132
f 161/99/125 174/94/133 165/101/130
f 165/101/130 174/94/133 175/57/134
f 165/101/130 175/57/134 176/106/135
f 176/106/135 175/57/134 177/55/57
f 176/106/135 177/55/57 178/107/136
f 178/107/136 177/55/57 179/53/137
f 178/107/136 179/53/137 180/108/132
f 180/108/132 179/53/137 172/52/54
f 160/83/91 159/100/128 181/96/138
f 181/96/138 159/100/128 182/109/11
f 181/96/138 182/109/11 183/97/139
f 183/97/139 182/109/11 184/110/131
f 183/97/139 184/110/131 185/75/78
f 186/11/140 187/10/141 188/9/142
f 189/7/143 190/5/141 191/6/144
f 191/6/144 190/5/141 192/4/140
f 193/3/145 194/2/146 195/1/147
f 195/1/147 194/2/146 196/7/148
f 195/1/147 196/7/148 197/8/149
f 197/8/149 196/7/148 198/6/150
f 199/20/146 200/19/151 201/18/152
f 201/18/152 200/19/151 202/17/153
f 201/18/152 202/17/153 203/16/154
f 203/16/154 202/17/153 204/15/155
f 203/16/154 204/15/155 205/14/156
f 205/14/156 204/15/155 206/13/157
f 205/14/156 206/13/157 207/9/142
f 207/9/142 206/13/157 208/12/158
f 207/9/142 208/12/158 209/11/140
f 210/55/159 211/56/160 212/57/161
f 213/43/162 214/30/163 215/42/164
f 216/37/165 217/36/166 218/38/167
f 219/54/168 220/33/169 221/84/170
f 222/44/171 223/43/162 224/42/164
f 225/45/172 226/32/173 227/30/174
f 228/39/175 229/97/176 230/96/177
f 231/48/178 232/47/179 233/46/180
f 234/51/181 235/50/182 236/48/178
f 236/48/178 235/50/182 237/49/183
f 236/48/178 237/49/183 232/47/179
f 238/56/160 239/55/184 240/54/168
f 240/54/168 239/55/184 241/53/185
f 240/54/168 241/53/185 242/52/186
f 243/77/187 244/76/188 245/39/175
f 245/39/175 244/76/188 246/75/189
f 245/39/175 246/75/189 229/97/190
f 247/66/191 248/24/192 249/25/193
f 249/25/193 248/24/192 250/26/194
f 251/62/195 252/61/196 253/60/165
f 253/60/165 252/61/196 254/59/197
f 253/60/165 254/59/197 255/58/198
f 256/35/199 220/33/200 257/68/201
f 257/68/201 220/33/200 258/89/104
f 257/68/201 258/89/104 259/70/202
f 259/70/202 258/89/104 260/88/203
f 261/51/204 262/85/200 263/98/205
f 264/95/206 265/36/207 266/41/208
f 267/30/209 268/43/210 269/45/211
f 269/45/211 268/43/210 270/74/212
f 269/45/211 270/74/212 271/73/213
f 271/73/213 270/74/212 272/72/214
f 271/73/213 272/72/214 250/26/194
f 273/82/215 274/66/216 275/81/217
f 275/81/217 274/66/216 249/25/218
f 275/81/217 249/25/218 276/64/219
f 276/64/219 249/25/218 272/72/220
f 276/64/219 272/72/220 277/80/221
f 277/80/221 272/72/220 278/74/222
f 265/36/223 279/37/224 280/41/225
f 280/41/225 279/37/224 281/77/187
f 280/41/225 281/77/187 282/21/226
f 282/21/226 281/77/187 228/39/175
f 282/21/226 228/39/175 283/23/227
f 283/23/227 228/39/175 230/96/177
f 283/23/227 230/96/177 284/83/228
f 285/79/229 286/82/230 287/78/231
f 287/78/231 286/82/230 288/81/232
f 287/78/231 288/81/232 289/27/233
f 289/27/233 288/81/232 290/64/234
f 289/27/233 290/64/234 291/29/235
f 292/59/236 293/44/171 294/58/198
f 294/58/198 293/44/171 215/42/164
f 294/58/198 215/42/164 295/87/237
f 295/87/237 215/42/164 227/30/174
f 295/87/237 227/30/174 296/31/238
f 296/31/238 227/30/174 226/32/173
f 262/85/200 297/54/239 263/98/205
f 263/98/205 297/54/239 242/52/240
f 263/98/205 242/52/240 298/51/181
f 298/51/181 242/52/240 299/86/241
f 298/51/181 299/86/241 300/50/242
f 260/88/203 301/71/243 259/70/202
f 259/70/202 301/71/243 302/69/244
f 259/70/202 302/69/244 257/68/201
f 257/68/201 302/69/244 303/67/68
f 257/68/201 303/67/68 256/35/199
f 304/80/245 305/63/246 290/64/234
f 290/64/234 305/63/246 306/65/247
f 290/64/234 306/65/247 291/29/235
f 291/29/235 306/65/247 307/28/248
f 291/29/235 307/28/248 289/27/233
f 289/27/233 307/28/248 308/40/249
f 289/27/233 308/40/249 309/78/231
f 309/78/231 308/40/249 310/22/250
f 309/78/231 310/22/250 311/79/251
f 312/35/252 313/34/253 314/33/169
f 314/33/169 313/34/253 315/90/254
f 314/33/169 315/90/254 221/84/170
f 221/84/170 315/90/254 316/91/255
f 221/84/170 316/91/255 219/54/168
f 219/54/168 316/91/255 317/92/256
f 219/54/168 317/92/256 318/56/160
f 318/56/160 317/92/256 319/93/257
f 318/56/160 319/93/257 320/57/258
f 320/57/258 319/93/257 321/94/259
f 220/33/200 261/51/181 258/89/104
f 258/89/104 261/51/181 231/48/178
f 258/89/104 231/48/178 260/88/203
f 260/88/203 231/48/178 233/46/180
f 260/88/203 233/46/180 301/71/243
f 301/71/243 233/46/180 322/60/165
f 301/71/243 322/60/165 302/69/244
f 302/69/244 322/60/165 255/58/260
f 302/69/244 255/58/260 303/67/68
f 303/67/68 255/58/260 295/87/237
f 303/67/68 295/87/237 256/35/199
f 256/35/199 295/87/237 296/31/238
f 256/35/199 296/31/238 323/34/253
f 323/34/253 296/31/238 226/32/173
f 323/34/253 226/32/173 324/90/261
f 324/90/261 226/32/173 225/45/172
f 324/90/261 225/45/172 325/91/262
f 325/91/262 225/45/172 271/73/213
f 325/91/262 271/73/213 326/92/256
f 326/92/256 271/73/213 250/26/194
f 326/92/256 250/26/194 327/93/263
f 327/93/263 250/26/194 248/24/192
f 327/93/263 248/24/192 321/94/264
f 321/94/264 248/24/192 247/66/191
f 321/94/264 247/66/191 328/99/265
f 328/99/265 247/66/191 329/82/215
f 328/99/265 329/82/215 284/83/228
f 284/83/228 329/82/215 311/79/251
f 284/83/228 311/79/251 330/23/266
f 330/23/266 311/79/251 310/22/250
f 330/23/266 310/22/250 331/21/267
f 331/21/267 310/22/250 308/40/249
f 331/21/267 308/40/249 266/41/208
f 266/41/208 308/40/249 307/28/248
f 266/41/208 307/28/248 264/95/206
f 264/95/206 307/28/248 306/65/247
f 332/26/194 333/72/220 334/25/193
f 335/99/265 336/100/268 337/101/269
f 335/99/265 338/83/228 336/100/268
f 336/100/268 338/83/228 339/96/177
f 336/100/268 339/96/177 340/109/150
f 340/109/150 339/96/177 341/97/270
f 340/109/150 341/97/270 342/110/271
f 342/110/271 341/97/270 343/75/272
f 344/52/273 345/104/151 346/86/241
f 346/86/241 345/104/151 347/103/147
f 346/86/241 347/103/147 348/50/182
f 348/50/182 347/103/147 349/102/271
f 348/50/182 349/102/271 350/49/272
f 351/105/151 344/52/186 352/108/274
f 352/108/274 344/52/186 353/53/275
f 352/108/274 353/53/275 354/107/276
f 354/107/276 353/53/275 355/55/184
f 354/107/276 355/55/184 356/106/135
f 356/106/135 355/55/184 357/57/277
f 356/106/135 357/57/277 337/101/269
f 337/101/269 357/57/277 358/94/259
f 337/101/269 358/94/259 335/99/265
f 359/111/278 360/112/279 361/113/280
f 362/114/281 363/115/282 364/116/283
f 361/113/280 365/117/284 366/118/285
f 367/119/286 368/7/9 360/112/279
f 369/120/287 370/121/288 371/122/289
f 371/122/289 370/121/288 372/123/290
f 373/124/291 374/125/292 375/126/293
f 375/126/293 374/125/292 376/127/294
f 377/128/295 378/129/296 379/130/297
f 380/131/298 381/132/299 382/133/300
f 383/134/301 382/133/300 384/135/299
f 385/136/302 386/14/303 387/16/17
f 388/137/304 389/138/305 390/139/306
f 390/139/306 389/138/305 383/134/301
f 390/139/306 383/134/301 391/140/307
f 391/140/307 383/134/301 384/135/299
f 392/141/308 393/142/309 394/143/310
f 394/143/310 393/142/309 395/144/311
f 361/113/280 366/118/285 359/111/278
f 396/145/312 397/146/313 398/147/314
f 398/147/314 397/146/313 399/148/278
f 360/112/279 359/111/278 367/119/286
f 367/119/286 359/111/278 400/149/315
f 367/119/286 400/149/315 401/150/316
f 363/115/282 362/114/281 372/123/290
f 372/123/290 362/114/281 402/151/317
f 372/123/290 402/151/317 371/122/289
f 403/152/297 404/153/318 405/154/319
f 405/154/319 404/153/318 406/155/320
f 407/156/321 408/121/322 409/157/323
f 409/157/323 408/121/322 369/120/287
f 409/157/323 369/120/287 410/158/324
f 411/159/325 377/128/295 412/160/307
f 412/160/307 377/128/295 379/130/297
f 412/160/307 379/130/297 401/150/316
f 401/150/316 379/130/297 413/161/326
f 401/150/316 413/161/326 367/119/286
f 414/2/327 368/7/9 415/162/283
f 415/162/283 368/7/9 367/119/286
f 415/162/283 367/119/286 416/163/281
f 416/163/281 367/119/286 413/161/326
f 416/163/281 413/161/326 417/164/328
f 417/164/328 413/161/326 418/165/329
f 417/164/328 418/165/329 419/166/294
f 419/166/294 418/165/329 420/167/293
f 365/117/284 361/113/280 421/168/311
f 421/168/311 361/113/280 360/112/279
f 421/168/311 360/112/279 422/169/330
f 422/169/330 360/112/279 368/7/9
f 422/169/330 368/7/9 423/5/331
f 396/145/312 395/144/311 397/146/313
f 397/146/313 395/144/311 393/142/309
f 397/146/313 393/142/309 399/148/278
f 399/148/278 393/142/309 392/141/308
f 399/148/278 392/141/308 388/137/304
f 388/137/304 392/141/308 424/170/332
f 388/137/304 424/170/332 389/138/305
f 425/171/333 385/136/302 370/121/288
f 370/121/288 385/136/302 387/16/17
f 370/121/288 387/16/17 372/123/290
f 372/123/290 387/16/17 426/18/334
f 372/123/290 426/18/334 363/115/282
f 363/115/282 426/18/334 427/20/2
f 363/115/282 427/20/2 364/116/283
f 407/156/326 403/152/297 370/121/288
f 370/121/288 403/152/297 405/154/319
f 370/121/288 405/154/319 425/171/333
f 425/171/333 405/154/319 406/155/320
f 425/171/333 406/155/320 428/172/335
f 402/151/317 429/173/294 371/122/289
f 371/122/289 429/173/294 374/125/292
f 371/122/289 374/125/292 369/120/287
f 369/120/287 374/125/292 373/124/291
f 369/120/287 373/124/291 410/158/324
f 394/143/310 430/10/5 392/141/308
f 392/141/308 430/10/5 431/9/336
f 392/141/308 431/9/336 424/170/332
f 424/170/332 431/9/336 386/14/303
f 424/170/332 386/14/303 389/138/305
f 389/138/305 386/14/303 385/136/302
f 389/138/305 385/136/302 383/134/301
f 383/134/301 385/136/302 425/171/333
f 383/134/301 425/171/333 382/133/300
f 382/133/300 425/171/333 428/172/335
f 382/133/300 428/172/335 380/131/298
f 380/131/298 428/172/335 406/155/320
f 380/131/298 406/155/320 432/174/337
f 433/164/338 434/161/339 435/163/340
f 436/134/341 437/140/342 438/135/343
f 439/142/344 440/143/345 441/144/346
f 442/146/347 443/147/348 444/148/349
f 445/136/350 446/16/154 447/14/351
f 434/161/339 433/164/338 448/165/352
f 448/165/352 433/164/338 449/166/353
f 448/165/352 449/166/353 450/167/354
f 451/126/354 452/127/355 453/124/356
f 453/124/356 452/127/355 454/125/357
f 455/171/358 456/172/359 457/155/360
f 458/130/361 459/129/362 460/128/363
f 461/133/364 462/132/365 463/131/366
f 438/135/343 461/133/364 436/134/341
f 464/20/146 465/18/367 466/115/368
f 466/115/368 465/18/367 467/123/369
f 437/140/342 436/134/341 468/139/370
f 468/139/370 436/134/341 469/138/371
f 468/139/370 469/138/371 470/137/372
f 440/143/345 439/142/344 471/141/373
f 443/147/348 442/146/347 472/145/374
f 473/150/375 474/149/376 475/119/377
f 475/119/377 474/149/376 476/111/378
f 477/120/379 478/122/380 479/121/381
f 479/121/381 478/122/380 467/123/369
f 479/121/381 467/123/369 446/16/154
f 446/16/154 467/123/369 465/18/367
f 480/156/339 479/121/381 481/152/382
f 481/152/382 479/121/381 482/154/383
f 481/152/382 482/154/383 483/153/362
f 484/158/354 477/120/379 485/157/384
f 485/157/384 477/120/379 486/121/385
f 485/157/384 486/121/385 480/156/386
f 487/2/387 488/162/388 489/7/148
f 489/7/148 488/162/388 475/119/377
f 489/7/148 475/119/377 490/112/389
f 490/112/389 475/119/377 476/111/378
f 490/112/389 476/111/378 491/113/390
f 491/113/390 476/111/378 492/118/391
f 493/5/141 489/7/148 494/169/392
f 494/169/392 489/7/148 490/112/389
f 494/169/392 490/112/389 495/168/393
f 495/168/393 490/112/389 491/113/390
f 495/168/393 491/113/390 496/117/394
f 496/117/394 491/113/390 492/118/391
f 469/138/371 497/170/395 470/137/372
f 470/137/372 497/170/395 471/141/373
f 470/137/372 471/141/373 444/148/349
f 444/148/349 471/141/373 439/142/344
f 444/148/349 439/142/344 442/146/347
f 442/146/347 439/142/344 441/144/346
f 442/146/347 441/144/346 472/145/374
f 488/162/388 435/163/340 475/119/377
f 475/119/377 435/163/340 434/161/339
f 475/119/377 434/161/339 473/150/375
f 473/150/375 434/161/339 458/130/361
f 473/150/375 458/130/361 498/160/396
f 498/160/396 458/130/361 460/128/363
f 498/160/396 460/128/363 499/159/397
f 478/122/380 500/151/398 467/123/369
f 467/123/369 500/151/398 501/114/340
f 467/123/369 501/114/340 466/115/368
f 466/115/368 501/114/340 502/116/399
f 466/115/368 502/116/399 464/20/146
f 446/16/154 445/136/350 479/121/381
f 479/121/381 445/136/350 455/171/358
f 479/121/381 455/171/358 482/154/383
f 482/154/383 455/171/358 457/155/360
f 482/154/383 457/155/360 483/153/362
f 484/158/354 453/124/356 477/120/379
f 477/120/379 453/124/356 454/125/357
f 477/120/379 454/125/357 478/122/380
f 478/122/380 454/125/357 503/173/353
f 478/122/380 503/173/353 500/151/398
f 504/174/400 457/155/360 463/131/366
f 463/131/366 457/155/360 456/172/359
f 463/131/366 456/172/359 461/133/364
f 461/133/364 456/172/359 455/171/358
f 461/133/364 455/171/358 436/134/341
f 436/134/341 455/171/358 445/136/350
f 436/134/341 445/136/350 469/138/371
f 469/138/371 445/136/350 447/14/351
f 469/138/371 447/14/351 497/170/395
f 497/170/395 447/14/351 505/9/401
f 497/170/395 505/9/401 471/141/373
f 471/141/373 505/9/401 506/10/402
f 471/141/373 506/10/402 440/143/345
f 507/44/171 508/175/403 509/176/404
f 510/177/405 511/178/406 512/179/407
f 513/74/222 514/43/162 509/176/404
f 509/176/404 514/43/162 507/44/171
f 515/63/408 516/80/409 517/180/410
f 517/180/410 516/80/409 513/74/222
f 517/180/410 513/74/222 518/181/411
f 518/181/411 513/74/222 509/176/404
f 508/175/403 507/44/171 519/182/412
f 519/182/412 507/44/171 520/59/236
f 519/182/412 520/59/236 521/61/413
f 522/183/414 523/184/415 524/185/416
f 524/185/416 523/184/415 525/186/417
f 524/185/416 525/186/417 526/187/418
f 527/188/407 524/185/416 528/189/419
f 528/189/419 524/185/416 529/190/420
f 530/191/421 531/192/422 532/193/423
f 532/193/423 531/192/422 533/194/424
f 534/195/425 535/196/426 512/179/407
f 512/179/407 535/196/426 510/177/405
f 536/197/427 537/198/428 531/192/422
f 537/198/428 538/199/429 531/192/422
f 531/192/422 538/199/429 539/200/430
f 531/192/422 539/200/430 533/194/424
f 530/191/421 540/201/431 531/192/422
f 531/192/422 540/201/431 541/202/425
f 531/192/422 541/202/425 536/197/427
f 526/187/418 542/203/432 524/185/416
f 524/185/416 542/203/432 543/204/433
f 524/185/416 543/204/433 529/190/420
f 527/188/407 544/205/406 524/185/416
f 524/185/416 544/205/406 545/206/434
f 524/185/416 545/206/434 522/183/414
f 512/179/407 546/207/435 534/195/425
f 534/195/425 546/207/435 547/208/436
f 534/195/425 547/208/436 548/209/427
f 548/209/427 547/208/436 549/210/437
f 548/209/427 549/210/437 550/211/438
f 511/178/406 510/177/405 551/212/439
f 551/212/439 510/177/405 552/213/440
f 551/212/439 552/213/440 553/214/414
f 553/214/414 552/213/440 554/215/441
f 553/214/414 554/215/441 555/216/442
f 556/217/443 557/218/441 558/219/417
f 558/219/417 557/218/441 559/220/444
f 558/219/417 559/220/444 560/221/418
f 560/221/418 559/220/444 561/222/429
f 560/221/418 561/222/429 550/211/438
f 550/211/438 561/222/429 562/223/428
f 550/211/438 562/223/428 548/209/427
f 563/43/45 564/176/445 565/44/46
f 566/74/127 567/181/446 564/176/445
f 568/196/447 569/179/448 570/177/449
f 564/176/445 563/43/45 566/74/127
f 567/181/446 566/74/127 571/180/410
f 571/180/410 566/74/127 572/80/86
f 571/180/410 572/80/86 573/63/64
f 574/61/450 575/59/102 576/182/451
f 576/182/451 575/59/102 565/44/46
f 576/182/451 565/44/46 577/175/452
f 577/175/452 565/44/46 564/176/445
f 578/187/453 579/186/454 580/185/455
f 580/185/455 579/186/454 581/184/456
f 580/185/455 581/184/456 582/183/457
f 583/188/448 584/189/458 580/185/455
f 580/185/455 584/189/458 585/190/459
f 586/191/460 587/193/461 588/192/462
f 588/192/462 587/193/461 589/194/463
f 569/179/448 568/196/447 590/195/464
f 588/192/462 591/198/465 592/197/466
f 589/194/463 593/200/467 588/192/462
f 588/192/462 593/200/467 594/199/468
f 588/192/462 594/199/468 591/198/465
f 592/197/466 595/202/464 588/192/462
f 588/192/462 595/202/464 596/201/447
f 588/192/462 596/201/447 586/191/460
f 585/190/459 597/204/469 580/185/455
f 580/185/455 597/204/469 598/203/470
f 580/185/455 598/203/470 578/187/453
f 582/183/457 599/206/471 580/185/455
f 580/185/455 599/206/471 600/205/472
f 580/185/455 600/205/472 583/188/448
f 601/211/473 602/210/474 603/209/475
f 603/209/475 602/210/474 604/208/459
f 603/209/475 604/208/459 590/195/464
f 590/195/464 604/208/459 605/207/476
f 590/195/464 605/207/476 569/179/448
f 606/216/456 607/215/477 608/214/457
f 608/214/457 607/215/477 609/213/478
f 608/214/457 609/213/478 610/212/479
f 610/212/479 609/213/478 570/177/449
f 610/212/479 570/177/449 611/178/472
f 611/178/472 570/177/449 569/179/448
f 603/209/475 612/223/480 601/211/473
f 601/211/473 612/223/480 613/222/481
f 601/211/473 613/222/481 614/221/482
f 614/221/482 613/222/481 615/220/483
f 614/221/482 615/220/483 616/219/484
f 616/219/484 615/220/483 617/218/477
f 616/219/484 617/218/477 618/217/485
o editpl_f-0000-25
v 10.428206 27.187704 -11.663648
v 6.981237 28.118130 -13.022832
v 11.041941 34.996868 -10.741226
v 8.457375 39.568794 -3.929746
v 13.102715 39.145290 -5.516757
v 10.116047 38.824451 -8.560752
v 14.070935 37.688690 -8.714119
v 14.309022 32.706097 -10.185550
v 10.428206 27.187704 -11.663648
v 15.361895 25.496895 -9.388709
v 6.981237 28.118130 -13.022832
v 11.041941 34.996868 -10.741226
v 6.161160 37.871567 -10.807907
v 10.116047 38.824451 -8.560752
v 17.359179 30.537239 0.926866
v 15.340732 28.987598 1.738154
v 22.165890 31.194956 -2.120463
v 16.893587 29.266726 -1.612575
v 15.483584 31.750004 4.356500
v 9.536702 37.531479 2.772822
v 9.700718 33.822609 4.771035
v 3.428451 36.299465 4.373170
v 3.796163 29.613230 7.524967
v 9.618710 29.995026 7.063755
v 13.560371 19.340038 -8.434057
v 14.229660 15.409788 -4.086445
v 11.057813 10.353401 -3.819720
v 13.253503 9.840062 -0.590129
v 17.197809 24.993181 -5.815710
v 15.523265 25.468019 -2.060450
v 15.742834 19.035242 -1.723709
v 13.978346 27.405872 2.742816
v 14.488910 19.182829 3.594113
v -2.129555 27.806917 -13.060617
v 0.000000 27.216579 -12.620522
v 0.000000 21.255432 -11.184655
v 2.129555 27.806917 -13.060617
v 2.200981 21.255432 -11.691432
v 6.981237 28.118130 -13.022832
v 6.470672 20.495050 -11.299124
v 10.428206 27.187704 -11.663648
v 9.274807 20.033045 -10.527845
v 15.361895 25.496895 -9.388709
v 13.560371 19.340038 -8.434057
v 15.896268 19.153954 -4.649900
v 14.229660 15.409788 -4.086445
v 17.536423 29.128767 -8.436280
v 17.718954 28.063589 -5.220025
v 17.197809 24.993181 -5.815710
v 15.523265 25.468019 -2.060450
v 15.340732 28.987598 1.738154
v 13.978346 27.405872 2.742816
v 15.346022 29.735147 4.099778
v 12.623896 28.580135 5.006641
v 9.618710 29.995026 7.063755
v 3.428451 36.299465 4.373170
v 14.309022 32.706097 -10.185550
v 17.536423 29.128767 -8.436280
v 15.361895 25.496895 -9.388709
v 17.197809 24.993181 -5.815710
v 15.896268 19.153954 -4.649900
v 15.742834 19.035242 -1.723709
v 14.229660 15.409788 -4.086445
v 14.631762 14.331777 -0.356745
v 13.253503 9.840062 -0.590129
v 13.943955 13.869772 3.306273
v 12.684740 9.233681 3.595225
v 11.192729 13.619520 7.711675
v 10.401751 9.493560 7.759463
v 7.957393 14.213068 10.085524
v 7.544709 11.043200 10.024400
v 4.174457 15.708167 11.712544
v 3.962824 12.945763 11.039065
v 1.505238 17.036430 12.159308
v 1.206307 14.556363 11.374693
v 0.000000 17.142305 12.128190
v 0.000000 14.626947 11.156868
v -1.211598 14.556363 11.374693
v -0.611090 7.802750 10.573408
v -2.103101 7.822000 10.740111
v -1.158690 3.519580 10.530066
v -3.251209 3.724915 10.645647
v -0.767169 0.150794 11.239109
v -3.976051 0.041710 10.934598
v -1.129590 6.121564 -7.474958
v 0.000000 0.279127 -8.989731
v -2.044902 0.279127 -9.624314
v -4.949562 12.955386 -7.563867
v -1.129590 6.121564 -7.474958
v -4.073931 6.121564 -7.156001
v -4.065995 0.279127 -9.040854
v 4.065995 0.279127 -9.040854
v 6.663787 1.097261 -7.540528
v 6.695532 -0.118711 -8.184001
v 10.832953 1.238430 -6.349158
v 11.261510 -0.455589 -7.101543
v 14.761387 0.959302 -2.063782
v 15.629081 -1.376390 -2.517214
v 16.226944 -2.419109 4.110893
v 15.094709 0.478047 3.754149
v 13.600052 4.206169 -1.171366
v 10.832953 1.238430 -6.349158
v 10.034040 5.781477 -4.563214
v 6.663787 1.097261 -7.540528
v 6.333111 6.121564 -6.148004
v 4.065995 0.279127 -9.040854
v 4.073931 6.121564 -7.156001
v 2.044902 0.279127 -9.624314
v 1.129590 6.121564 -7.474958
v 0.000000 6.121564 -7.161556
v -1.851787 12.891219 -7.886159
v -4.949562 12.955386 -7.563867
v -6.468027 20.495050 -11.299124
v -9.274807 20.033045 -10.527845
v -10.425560 27.187704 -11.663648
v -15.361895 25.496895 -9.388709
v -14.309022 32.706097 -10.185550
v -17.536423 29.128767 -8.436280
v 0.000000 28.888140 7.783912
v -2.023739 25.278727 12.072622
v 0.000000 25.217768 11.973711
v -9.700718 33.822609 4.771035
v -9.536702 37.531479 2.772822
v -15.483584 31.750004 4.356500
v -9.618710 29.995026 7.063755
v -3.796163 29.613230 7.524967
v -3.428451 36.299465 4.373170
v -2.584565 18.701572 11.674758
v -1.989348 21.271477 12.649414
v -5.256429 17.710188 10.987942
v -5.610914 25.208143 12.758327
v -9.661037 24.980350 13.239542
v -6.695532 20.700388 12.973929
v -11.309127 19.959253 12.589401
v -12.645059 24.152590 12.059285
v -14.613244 22.856407 9.399818
v -13.838139 19.378538 9.972165
v -14.806359 21.271475 5.921286
v -14.438647 19.266245 6.626995
v 0.000000 35.972214 3.893065
v -11.798528 16.481382 6.959289
v -9.309197 16.664261 9.418712
v -11.309127 19.959253 12.589401
v -2.023739 25.278727 12.072622
v 0.000000 21.467184 12.626075
v 2.023739 25.278727 12.072622
v 3.796163 29.613230 7.524967
v 3.428451 36.299465 4.373170
v -15.340732 28.987598 1.738154
v -13.978346 27.405872 2.742816
v -15.346022 29.735147 4.099778
v -12.623896 28.580135 5.006641
v -9.618710 29.995026 7.063755
v -11.798528 16.481382 6.959289
v -14.488910 19.182829 3.594113
v -13.978346 27.405872 2.742816
v -12.623896 28.580135 5.006641
v 0.000000 21.467184 12.626075
v 0.000000 18.964659 11.792562
v 9.412368 4.754800 8.078422
v 10.761527 0.038501 7.973955
v 11.533987 3.282161 6.410282
v 13.171496 0.044918 7.103766
v 13.465136 3.542037 4.379840
v 10.740364 -3.596579 8.654103
v 8.957358 0.038501 8.599647
v 7.790732 -4.260712 9.467613
v 7.219323 0.038501 9.447609
v 4.613595 -4.825383 11.270227
v 3.976051 0.041710 10.934598
v 0.000000 -5.297013 11.641419
v 0.767169 0.150794 11.239109
v 0.000000 0.025668 10.631199
v 10.401751 9.493560 7.759463
v 11.261510 5.325891 6.432508
v 12.684740 9.233681 3.595225
v 12.875210 6.070231 3.973086
v 13.253503 9.840062 -0.590129
v 13.052452 6.410318 -0.952429
v 11.057813 10.353401 -3.819720
v 9.412368 4.754800 8.078422
v 7.796023 8.335339 9.345363
v 6.367501 4.164462 9.806576
v 5.256429 8.020919 10.146648
v 3.248563 3.724915 10.645647
v 2.034320 7.822000 10.740111
v 1.156044 3.519580 10.530066
v 0.544954 7.802750 10.573408
v 0.000000 3.455413 10.129979
v -0.031745 7.770667 10.308906
v 0.000000 3.455413 10.129979
v 1.156044 3.519580 10.530066
v 3.248563 3.724915 10.645647
v 3.976051 0.041710 10.934598
v 6.367501 4.164462 9.806576
v 7.219323 0.038501 9.447609
v 9.412368 4.754800 8.078422
v 8.957358 0.038501 8.599647
v 10.761527 0.038501 7.973955
v 10.740364 -3.596579 8.654103
v 13.171496 0.044918 7.103766
v 13.367256 -3.160242 7.745017
v 16.226944 -2.419109 4.110893
v 15.094709 0.478047 3.754149
v 13.600052 4.206169 -1.171366
v 13.052452 6.410318 -0.952429
v 10.034040 5.781477 -4.563214
v 9.317133 11.498788 -5.614554
v 13.560371 19.340038 -8.434057
v 7.494446 12.207836 -6.743689
v 9.274807 20.033045 -10.527845
v 4.949562 12.955386 -7.563867
v 6.470672 20.495050 -11.299124
v 1.851787 12.891219 -7.886159
v 2.200981 21.255432 -11.691432
v 0.000000 12.859135 -7.317147
v 0.000000 21.255432 -11.184655
v -2.200981 21.255432 -11.691432
v -2.129555 27.806917 -13.060617
v -6.981237 28.118130 -13.022832
v -6.161160 37.871567 -10.807907
v -11.041941 34.996868 -10.741226
v -10.116047 38.824451 -8.560752
v -14.070935 37.688690 -8.714119
v -13.100070 39.145290 -5.516757
v 9.663682 24.980350 13.239542
v 6.698178 20.700388 12.973929
v 11.309127 19.959253 12.589401
v 12.645059 24.152590 12.059285
v 5.259075 17.710188 10.987942
v 7.957393 14.213068 10.085524
v 9.309197 16.664261 9.418712
v 11.798528 16.481382 6.959289
v 5.613560 25.208143 12.758327
v 5.259075 17.710188 10.987942
v 1.989348 21.271477 12.649414
v 2.587211 18.701572 11.674758
v 2.587211 18.701572 11.674758
v 1.505238 17.036430 12.159308
v 5.259075 17.710188 10.987942
v 4.174457 15.708167 11.712544
v 7.957393 14.213068 10.085524
v -9.309197 16.664261 9.418712
v -7.957393 14.216276 10.085524
v -5.256429 17.710188 10.987942
v 14.436001 19.263037 6.626995
v 14.803713 21.271475 5.920174
v 13.838139 19.378538 9.972165
v 14.613244 22.856407 9.399818
v -9.309197 16.664261 9.418712
v -11.798528 16.481382 6.959289
v -7.957393 14.216276 10.085524
v -11.192729 13.622728 7.711675
v -10.399106 9.493560 7.759463
v 5.613560 25.208143 12.758327
v 1.989348 21.271477 12.649414
v 11.309127 19.959253 12.589401
v 9.309197 16.664261 9.418712
v 11.798528 16.481382 6.959289
v 14.488910 19.182829 3.594113
v 13.978346 27.405872 2.742816
v 12.623896 28.580135 5.006641
v 9.618710 29.995026 7.063755
v 3.796163 29.613230 7.524967
v 2.023739 25.278727 12.072622
v 0.000000 21.467184 12.626075
v 0.000000 18.964659 11.792562
v 0.000000 17.142305 12.128190
v -2.584565 18.701572 11.674758
v -1.510529 17.036430 12.159308
v -5.256429 17.710188 10.987942
v -4.177102 15.708167 11.712544
v -7.957393 14.216276 10.085524
v -7.544709 11.043200 10.024400
v -7.796023 8.335339 9.345363
v -9.412368 4.754800 8.078422
v -6.415119 4.164462 9.806576
v -7.219323 0.038501 9.447609
v -3.976051 0.041710 10.934598
v -14.631762 14.331777 -0.356745
v -14.229660 15.409788 -4.086445
v -13.250858 9.840062 -0.590129
v -15.742834 19.035242 -1.723709
v -15.896268 19.153954 -4.649900
v -14.229660 15.409788 -4.086445
v -17.020567 29.253893 -1.612575
v -17.721601 28.063589 -5.220025
v -17.195164 24.993181 -5.815710
v -15.340732 28.987598 1.738154
v -17.359179 30.537239 0.926866
v -22.165890 31.194956 -2.120463
v -9.274807 20.033045 -10.527845
v -13.560371 19.340038 -8.434057
v -15.361895 25.496895 -9.388709
v -14.631762 14.331777 -0.356745
v -15.523265 25.468019 -2.060450
v -15.340732 28.987598 1.738154
v -13.978346 27.405872 2.742816
v -14.488910 19.182829 3.594113
v -13.943955 13.869772 3.306273
v -13.250858 9.840062 -0.590129
v -12.682095 9.233681 3.595225
v -12.875210 6.070231 3.973086
v -11.261510 5.329099 6.432508
v -11.536632 3.282161 6.410282
v -9.412368 4.754800 8.078422
v -10.761527 0.038501 7.973955
v -8.957358 0.038501 8.599647
v -17.536423 29.128767 -8.436280
v -15.361895 25.496895 -9.388709
v -13.560371 19.340038 -8.434057
v -11.057813 10.356610 -3.820831
v -13.250858 9.840062 -0.590129
v -13.052452 6.410318 -0.952429
v -12.875210 6.070231 3.973086
v -13.467781 3.542037 4.379840
v -11.536632 3.282161 6.410282
v -13.171496 0.044918 7.103766
v -10.761527 0.038501 7.973955
v -10.740364 -3.596579 8.654103
v -8.957358 0.038501 8.599647
v -7.790732 -4.260712 9.467613
v -7.219323 0.038501 9.447609
v -4.613595 -4.825383 11.270227
v -3.976051 0.041710 10.934598
v 0.000000 -5.297013 11.641419
v -0.767169 0.150794 11.239109
v 0.000000 0.025668 10.631199
v -1.158690 3.519580 10.530066
v 0.000000 3.455413 10.129979
v -0.611090 7.802750 10.573408
v -0.031745 7.770667 10.308906
v 0.000000 14.626947 11.156868
v 0.544954 7.802750 10.573408
v 1.206307 14.556363 11.374693
v 2.034320 7.822000 10.740111
v 3.962824 12.945763 11.039065
v 5.256429 8.020919 10.146648
v 7.544709 11.043200 10.024400
v 7.796023 8.335339 9.345363
v 10.401751 9.493560 7.759463
v 9.412368 4.754800 8.078422
v 11.261510 5.325891 6.432508
v 11.533987 3.282161 6.410282
v 12.875210 6.070231 3.973086
v 13.465136 3.542037 4.379840
v 13.052452 6.410318 -0.952429
v -11.041941 34.996868 -10.741226
v -14.309022 32.706097 -10.185550
v -14.070935 37.688690 -8.714119
v -9.274807 20.033045 -10.527845
v -7.494446 12.207836 -6.743689
v -13.560371 19.340038 -8.434057
v -9.317133 11.498788 -5.614554
v -11.057813 10.356610 -3.820831
v -10.034040 5.781477 -4.563214
v -13.052452 6.410318 -0.952429
v -13.600052 4.206169 -1.171366
v -13.467781 3.542037 4.379840
v -15.094709 0.478047 3.754149
v -13.171496 0.044918 7.103766
v -11.798528 16.481382 6.959289
v -13.943955 13.869772 3.306273
v -11.192729 13.622728 7.711675
v -12.682095 9.233681 3.595225
v -10.399106 9.493560 7.759463
v -11.261510 5.329099 6.432508
v -9.412368 4.754800 8.078422
v -14.309022 32.706097 -10.185550
v -11.041941 34.996868 -10.741226
v -10.425560 27.187704 -11.663648
v -6.981237 28.118130 -13.022832
v -6.468027 20.495050 -11.299124
v -2.200981 21.255432 -11.691432
v -1.851787 12.891219 -7.886159
v 0.000000 12.859135 -7.317147
v 0.000000 6.121564 -7.161556
v 1.851787 12.891219 -7.886159
v 1.129590 6.121564 -7.474958
v 4.949562 12.955386 -7.563867
v 4.073931 6.121564 -7.156001
v 7.494446 12.207836 -6.743689
v 6.333111 6.121564 -6.148004
v 9.317133 11.498788 -5.614554
v 10.034040 5.781477 -4.563214
v -13.943955 13.869772 3.306273
v -11.798528 16.481382 6.959289
v -14.488910 19.182829 3.594113
v 4.962789 41.782566 -6.807038
v 5.817256 41.176186 -7.294922
v 0.000000 42.751495 -8.828588
v 6.161160 37.871567 -10.807907
v 0.000000 42.668076 -8.695226
v 4.015732 41.939777 -6.849269
v 0.000000 48.840977 -7.708346
v 3.714155 47.740505 -5.573437
v 0.000000 51.410877 -8.168446
v 3.986633 51.112499 -6.033537
v 5.817256 41.176186 -7.294922
v 4.962789 41.782566 -6.807038
v 7.571163 40.210468 -3.312945
v 6.571198 40.666054 -2.989542
v 5.962754 38.859745 2.552774
v 4.938980 39.180580 2.552774
v 1.642800 36.735806 4.520979
v 2.129555 27.806917 -13.060617
v 1.539629 34.692074 -12.050399
v 6.161160 37.871567 -10.807907
v 0.000000 38.545322 -10.685658
v 0.000000 42.668076 -8.695226
v -6.161160 37.871567 -10.807907
v -4.044832 41.942986 -6.849269
v -10.116047 38.824451 -8.560752
v -8.457375 39.572002 -3.929746
v -13.100070 39.145290 -5.516757
v -3.809390 39.270416 1.633685
v -1.013192 37.261978 3.125121
v -2.409968 41.821068 1.828172
v -5.888682 38.859745 2.552774
v -2.010511 35.558334 4.999972
v -1.621636 36.735806 4.520979
v -4.044832 41.942986 -6.849269
v -8.457375 39.572002 -3.929746
v -5.356955 40.682098 -2.380520
v -3.809390 39.270416 1.633685
v -5.002470 44.715015 -1.520333
v -4.198265 46.556618 1.171363
v 5.817256 41.176186 -7.294922
v 0.000000 41.840317 -9.647655
v 0.000000 42.751495 -8.828588
v -5.817256 41.176186 -7.294922
v -4.962789 41.782566 -6.807038
v -7.571163 40.210468 -3.312945
v -6.571198 40.666054 -2.989542
v -5.888682 38.859745 2.552774
v -4.880781 39.180580 2.552774
v -1.621636 36.735806 4.520979
v -2.010511 35.558334 4.999972
v 0.000000 36.613888 5.184457
v -1.621636 36.735806 4.520979
v -12.131850 39.401958 -1.620355
v -8.457375 39.572002 -3.929746
v -13.100070 39.145290 -5.516757
v -3.428451 36.299465 4.373170
v -8.372722 38.240528 2.226036
v -9.536702 37.531479 2.772822
v -12.131850 39.401958 -1.620355
v 0.000000 36.613888 5.184457
v -2.010511 35.558334 4.999972
v 0.000000 35.824631 5.989076
v -3.505168 31.092287 8.142879
v -0.875631 30.161861 9.064190
v -8.457375 39.572002 -3.929746
v -3.809390 39.270416 1.633685
v -8.372722 38.240528 2.226036
v -1.013192 37.261978 3.125121
v -3.428451 36.299465 4.373170
v 0.000000 35.972214 3.893065
v -30.901031 32.828014 -2.459425
v -30.903679 31.948921 -4.996644
v -22.165890 31.194956 -2.120463
v -22.361649 30.784285 -6.050206
v -21.962193 34.005486 3.658570
v -22.004519 31.612043 0.225603
v -17.359179 30.537239 0.926866
v -22.165890 31.194956 -2.120463
v -17.636948 39.928131 1.253603
v -17.692501 37.829861 3.408515
v -14.533882 37.207436 3.808602
v -30.903679 34.528450 -7.333818
v -30.903679 37.229893 -6.593658
v -23.930376 33.983025 -7.473848
v -26.551979 37.156101 -6.523643
v -23.078554 37.319729 -7.273806
v -30.901031 32.828014 -2.459425
v -30.903679 32.786304 -0.392309
v -22.004519 31.612043 0.225603
v -30.903679 33.687855 3.114007
v -21.962193 34.005486 3.658570
v -14.533882 37.207436 3.808602
v -14.853976 39.203041 1.494766
v -15.756061 40.088551 -1.670366
v -17.319498 40.508846 -2.200481
v -15.935949 39.440460 -5.406734
v -17.324789 39.684296 -5.196688
v -16.666082 37.249146 -8.264021
v -18.435862 37.226685 -7.877270
v -19.515188 32.478302 -8.555195
v -15.483584 31.750004 4.356500
v -9.536702 37.531479 2.772822
v -14.853976 39.203041 1.494766
v -12.131850 39.401958 -1.620355
v -15.756061 40.088551 -1.670366
v -13.100070 39.145290 -5.516757
v -15.935949 39.440460 -5.406734
v -14.070935 37.688690 -8.714119
v -16.666082 37.249146 -8.264021
v -14.309022 32.706097 -10.185550
v -17.536423 29.128767 -8.436280
v -22.361649 30.784285 -6.050206
v -17.721601 28.063589 -5.220025
v -22.165890 31.194956 -2.120463
v -17.020567 29.253893 -1.612575
v -30.903679 31.948921 -4.996644
v -30.903679 32.747807 -6.593657
v -22.361649 30.784285 -6.050206
v -23.930376 33.983025 -7.473848
v -19.515188 32.478302 -8.555195
v -23.078554 37.319729 -7.273806
v -18.435862 37.226685 -7.877270
v -22.544184 39.963425 -4.776597
v -17.324789 39.684296 -5.196688
v -22.316677 40.768723 -2.080455
v -17.319498 40.508846 -2.200481
v -22.462175 39.950588 0.881300
v -17.636948 39.928131 1.253603
v -22.194988 38.423409 3.082889
v -17.692501 37.829861 3.408515
v -20.919901 35.176540 3.677463
v -15.483584 31.750004 4.356500
v -21.962193 34.005486 3.658570
v -15.346022 29.735147 4.099778
v -17.359179 30.537239 0.926866
v -15.340732 28.987598 1.738154
v -1.539629 34.692074 -12.050399
v -6.161160 37.871567 -10.807907
v 0.000000 38.545322 -10.685658
v -6.161160 37.871567 -10.807907
v -1.539629 34.692074 -12.050399
v -2.129555 27.806917 -13.060617
v 3.986633 51.112499 -6.033537
v 5.002470 44.715015 -1.520333
v 3.714155 47.740505 -5.573437
v 5.356955 40.682098 -2.380520
v 4.015732 41.939777 -6.849269
v 10.116047 38.824451 -8.560752
v 4.015732 41.939777 -6.849269
v 8.457375 39.568794 -3.929746
v 0.000000 42.180405 3.330721
v 0.000000 39.373081 2.885068
v 2.412614 41.817860 1.828172
v 1.013192 37.261978 3.125121
v 3.809390 39.270416 1.633685
v 8.372722 38.240528 2.226036
v 12.131850 39.401958 -1.620355
v 0.000000 43.765339 3.570773
v 0.000000 42.180405 3.330721
v 4.198265 46.556618 1.171363
v 2.412614 41.817860 1.828172
v 5.002470 44.715015 -1.520333
v 3.809390 39.270416 1.633685
v 8.457375 39.568794 -3.929746
v 0.000000 43.765339 3.570773
v -4.198265 46.556618 1.171363
v 0.000000 42.180405 3.330721
v -2.409968 41.821068 1.828172
v 0.000000 39.373081 2.885068
v -1.013192 37.261978 3.125121
v 0.000000 37.002102 3.298492
v 0.000000 35.972214 3.893065
v 1.013192 37.261978 3.125121
v 3.428451 36.299465 4.373170
v 8.372722 38.240528 2.226036
v 9.536702 37.531479 2.772822
v 6.161160 37.871567 -10.807907
v 10.116047 38.824451 -8.560752
v 4.015732 41.939777 -6.849269
v 3.809390 39.270416 1.633685
v 12.131850 39.401958 -1.620355
v 8.457375 39.568794 -3.929746
v 13.102715 39.145290 -5.516757
v 1.642800 36.735806 4.520979
v 2.034320 35.558334 4.999972
v 5.962754 38.859745 2.552774
v 0.526437 32.041965 7.556084
v 2.812071 32.439800 7.093761
v 0.000000 35.824631 5.989076
v 2.034320 35.558334 4.999972
v 0.000000 36.613888 5.184457
v 1.642800 36.735806 4.520979
v 17.636948 39.928131 1.253603
v 14.853976 39.203041 1.494766
v 14.533882 37.207436 3.808602
v 15.483584 31.750004 4.356500
v 17.692501 37.829861 3.408515
v 17.636948 39.928131 1.253603
v 30.903679 32.786304 -0.392309
v 30.903679 33.687855 3.114007
v 22.004519 31.612043 0.225603
v 21.959547 34.005486 3.658570
v 30.901031 32.828014 -2.459425
v 30.903679 32.786304 -0.392309
v 22.165890 31.194956 -2.120463
v 22.004519 31.612043 0.225603
v 17.359179 30.537239 0.926866
v 21.959547 34.005486 3.658570
v 15.756061 40.088551 -1.670366
v 17.319498 40.508846 -2.200481
v 15.935949 39.440460 -5.406734
v 17.324789 39.684296 -5.196688
v 16.666082 37.249146 -8.264021
v 18.435862 37.226685 -7.877270
v 19.515188 32.478302 -8.555195
v 15.483584 31.750004 4.356500
v 14.533882 37.207436 3.808602
v 9.536702 37.531479 2.772822
v 14.853976 39.203041 1.494766
v 12.131850 39.401958 -1.620355
v 15.756061 40.088551 -1.670366
v 13.102715 39.145290 -5.516757
v 15.935949 39.440460 -5.406734
v 14.070935 37.688690 -8.714119
v 16.666082 37.249146 -8.264021
v 14.309022 32.706097 -10.185550
v 19.515188 32.478302 -8.555195
v 17.536423 29.128767 -8.436280
v 22.361649 30.784285 -6.050206
v 17.718954 28.063589 -5.220025
v 22.165890 31.194956 -2.120463
v 16.893587 29.266726 -1.612575
v 15.340732 28.987598 1.738154
v 17.359179 30.537239 0.926866
v 15.346022 29.735147 4.099778
v 21.959547 34.005486 3.658570
v 15.483584 31.750004 4.356500
v 20.919901 35.176540 3.677463
v 17.692501 37.829861 3.408515
v 22.194988 38.423409 3.082889
v 17.636948 39.928131 1.253603
v 22.462175 39.950588 0.881300
v 17.319498 40.508846 -2.200481
v 22.316677 40.768723 -2.080455
v 17.324789 39.684296 -5.196688
v 22.544184 39.963425 -4.776597
v 18.435862 37.226685 -7.877270
v 23.078554 37.319729 -7.273806
v 19.515188 32.478302 -8.555195
v 23.930376 33.983025 -7.473848
v 22.361649 30.784285 -6.050206
v 30.903679 32.747807 -6.593657
v 30.903679 31.948921 -4.996644
v 1.505238 17.036430 12.159308
v 2.587211 18.701572 11.674758
v 0.000000 17.142305 12.128190
v 7.957393 14.213068 10.085524
v 11.192729 13.619520 7.711675
v 11.798528 16.481382 6.959289
v 13.943955 13.869772 3.306273
v 14.488910 19.182829 3.594113
v 14.631762 14.331777 -0.356745
v 15.742834 19.035242 -1.723709
v 6.161160 37.871567 -10.807907
v 6.981237 28.118130 -13.022832
v 2.129555 27.806917 -13.060617
v -7.494446 12.207836 -6.743689
v -6.333111 6.121564 -6.148004
v -9.317133 11.498788 -5.614554
v -10.034040 5.781477 -4.563214
v -7.219323 0.038501 9.447609
v -9.412368 4.754800 8.078422
v -8.957358 0.038501 8.599647
v -6.663787 1.097261 -7.540528
v -10.832953 1.238430 -6.349158
v -13.600052 4.206169 -1.171366
v -14.761387 0.959302 -2.063782
v -15.094709 0.478047 3.754149
v 0.000000 17.142305 12.128190
v -1.510529 17.036430 12.159308
v -1.211598 14.556363 11.374693
v -3.962824 12.942555 11.039065
v -2.103101 7.822000 10.740111
v -5.325210 8.020919 10.146648
v -3.251209 3.724915 10.645647
v -6.415119 4.164462 9.806576
v -3.976051 0.041710 10.934598
v -1.510529 17.036430 12.159308
v -4.177102 15.708167 11.712544
v -3.962824 12.942555 11.039065
v -7.544709 11.043200 10.024400
v -5.325210 8.020919 10.146648
v -7.796023 8.335339 9.345363
v -6.415119 4.164462 9.806576
v -9.274807 20.033045 -10.527845
v -4.949562 12.955386 -7.563867
v -7.494446 12.207836 -6.743689
v -4.073931 6.121564 -7.156001
v -6.333111 6.121564 -6.148004
v -4.065995 0.279127 -9.040854
v -6.663787 1.097261 -7.540528
v -6.695532 -0.118711 -8.184001
v -10.832953 1.238430 -6.349158
v -11.261510 -0.455589 -7.101543
v -14.761387 0.959302 -2.063782
v -15.629081 -1.376390 -2.517214
v -15.094709 0.478047 3.754149
v -16.226944 -2.419109 4.110893
v -13.171496 0.044918 7.103766
v -13.367256 -3.144200 7.745016
v -10.740364 -3.596579 8.654103
v -4.198265 46.556618 1.171363
v -5.838420 50.252659 -1.079127
v -5.002470 44.715015 -1.520333
v 0.000000 39.373081 2.885068
v 0.000000 37.002102 3.298492
v 1.013192 37.261978 3.125121
v -5.838420 50.252659 -1.079127
v -3.986633 51.112499 -6.033537
v -5.002470 44.715015 -1.520333
v -3.714155 47.740505 -5.573437
v -5.356955 40.682098 -2.380520
v -4.044832 41.942986 -6.849269
v -3.986633 51.112499 -6.033537
v 0.000000 51.410877 -8.168446
v -3.714155 47.740505 -5.573437
v 0.000000 48.840977 -7.708346
v -4.044832 41.942986 -6.849269
v 0.000000 42.668076 -8.695226
v 0.000000 33.992653 -11.757002
v 0.000000 27.216579 -12.620522
v -1.539629 34.692074 -12.050399
v -2.129555 27.806917 -13.060617
v 2.129555 27.806917 -13.060617
v 1.539629 34.692074 -12.050399
v 0.000000 38.545322 -10.685658
v -23.930376 33.983025 -7.473848
v -30.903679 32.747807 -6.593657
v -30.903679 34.528450 -7.333818
v -27.432899 39.437252 -4.117564
v -30.903679 39.341000 -3.976423
v -30.903679 40.226509 -2.158250
v -30.903679 37.229893 -6.593658
v -26.551979 37.156101 -6.523643
v -23.078554 37.319729 -7.273806
v -21.962193 34.005486 3.658570
v -20.919901 35.176540 3.677463
v -26.570496 37.063061 2.310499
v -22.194988 38.423409 3.082889
v -27.387928 39.337791 0.150030
v -22.462175 39.950588 0.881300
v -27.311211 40.085342 -1.879300
v -22.316677 40.768723 -2.080455
v -22.544184 39.963425 -4.776597
v -30.903679 33.687855 3.114007
v -30.903679 37.249146 3.114007
v -30.901031 39.430836 -0.579018
v 23.930376 33.983025 -7.473848
v 23.078554 37.319729 -7.273806
v 26.551979 37.156101 -6.523643
v 26.551979 37.156101 -6.523643
v 30.903679 37.229893 -6.593658
v 23.930376 33.983025 -7.473848
v 30.903679 34.528450 -7.333818
v 30.903679 32.747807 -6.593657
v 22.361649 30.784285 -6.050206
v 30.903679 31.948921 -4.996644
v 22.165890 31.194956 -2.120463
v 30.901031 32.828014 -2.459425
v 26.551979 37.156101 -6.523643
v 23.078554 37.319729 -7.273806
v 27.432899 39.437252 -4.117564
v 30.903679 37.229893 -6.593658
v 30.903679 39.341000 -3.976423
v 30.903679 40.226509 -2.158250
v 22.544184 39.963425 -4.776597
v 22.316677 40.768723 -2.080455
v 27.311211 40.085342 -1.879300
v 22.462175 39.950588 0.881300
v 27.387928 39.337791 0.150030
v 22.194988 38.423409 3.082889
v 26.570496 37.063061 2.310499
v 20.919901 35.176540 3.677463
v 21.959547 34.005486 3.658570
v 30.901031 39.430836 -0.579018
v 30.903679 37.249146 3.114007
v 30.903679 33.687855 3.114007
v 5.002470 44.715015 -1.520333
v 3.986633 51.112499 -6.033537
v 5.838420 50.252659 -1.079127
v 5.002470 44.715015 -1.520333
v 4.198265 46.556618 1.171363
v 0.000000 51.410877 -8.168446
v -3.986633 51.112499 -6.033537
v -4.105676 53.589359 -7.539420
v 0.000000 53.579735 -9.293135
v 4.105676 53.589359 -7.539420
v 3.986633 51.112499 -6.033537
v 0.000000 44.708599 6.306922
v 4.198265 46.556618 1.171363
v 5.677050 49.020645 1.791496
v 5.838420 50.252659 -1.079127
v 7.748405 53.236439 -2.550558
v 3.986633 51.112499 -6.033537
v 4.105676 53.589359 -7.539420
v -4.105676 53.589359 -7.539420
v -3.986633 51.112499 -6.033537
v -7.748405 53.236439 -2.550558
v -5.838420 50.252659 -1.079127
v -5.677050 49.020645 1.791496
v -4.198265 46.556618 1.171363
v 0.000000 43.765339 3.570773
vn 0.3223 -0.0786 -0.9434
vn 0.1491 -0.0157 -0.9887
vn 0.2597 0.2911 -0.9208
vn 0.2510 0.9648 0.0784
vn -0.0000 0.9775 -0.2111
vn 0.2502 0.8288 -0.5004
vn 0.1882 0.6665 -0.7214
vn 0.2597 0.2912 -0.9208
vn 0.3221 0.0864 -0.9428
vn 0.6064 -0.2205 -0.7640
vn 0.2597 0.2912 -0.9207
vn 0.1491 -0.0156 -0.9887
vn 0.1577 0.4416 -0.8832
vn 0.4878 -0.7711 0.4091
vn 0.7168 -0.5908 0.3702
vn 0.3061 -0.9183 0.2512
vn 0.7309 -0.5973 0.3301
vn 0.1726 0.0942 0.9805
vn 0.0236 0.6538 0.7563
vn 0.1804 0.4863 0.8550
vn -0.0000 0.5601 0.8284
vn -0.0550 0.6361 0.7697
vn 0.2991 0.5275 0.7952
vn 0.5572 -0.4238 -0.7141
vn 0.8578 -0.3935 -0.3306
vn 0.7158 -0.2675 -0.6450
vn 0.9730 -0.1883 -0.1334
vn 0.9736 -0.2277 0.0157
vn 0.8992 -0.2050 0.3865
vn 0.9808 -0.1255 0.1491
vn 0.9605 -0.1181 0.2519
vn 0.9737 -0.1649 0.1571
vn 0.0707 -0.0236 -0.9972
vn -0.0000 -0.0000 -1.0000
vn -0.0000 -0.2830 -0.9591
vn -0.0707 -0.0236 -0.9972
vn -0.1025 -0.3074 -0.9460
vn 0.1491 -0.0158 -0.9887
vn 0.1412 -0.3295 -0.9336
vn 0.3223 -0.0787 -0.9434
vn 0.2669 -0.3375 -0.9027
vn 0.5572 -0.4237 -0.7141
vn 0.8953 -0.3377 -0.2906
vn 0.6549 -0.3630 -0.6629
vn 0.7394 -0.6686 0.0786
vn 0.7310 -0.5973 0.3301
vn 0.8992 -0.2051 0.3865
vn 0.7169 -0.5908 0.3702
vn 0.9605 -0.1181 0.2520
vn 0.5668 -0.5825 0.5826
vn 0.7163 0.1338 0.6848
vn 0.2992 0.5274 0.7952
vn 0.3221 0.0864 -0.9427
vn 0.6549 -0.3629 -0.6629
vn 0.6065 -0.2205 -0.7639
vn 0.8953 -0.3377 -0.2905
vn 0.9808 -0.1256 0.1491
vn 0.8579 -0.3935 -0.3305
vn 0.9732 -0.2276 0.0314
vn 0.9255 -0.1725 0.3373
vn 0.9177 -0.0628 0.3922
vn 0.7613 -0.0785 0.6436
vn 0.6845 -0.0866 0.7238
vn 0.5269 -0.0315 0.8493
vn 0.3686 -0.1490 0.9176
vn 0.2515 -0.0472 0.9667
vn 0.0940 -0.1802 0.9791
vn 0.0784 -0.0393 0.9961
vn -0.0787 -0.2046 0.9757
vn -0.0000 -0.0473 0.9989
vn -0.0000 -0.1962 0.9806
vn 0.0787 -0.2046 0.9757
vn 0.2584 -0.0705 0.9635
vn -0.0236 -0.0550 0.9982
vn 0.2583 0.0783 0.9629
vn -0.1024 0.0630 0.9927
vn 0.2432 0.1569 0.9572
vn -0.2195 0.0784 0.9724
vn 0.0785 0.1256 -0.9890
vn -0.0000 0.2974 -0.9548
vn -0.0234 0.3208 -0.9468
vn -0.1491 -0.2747 -0.9499
vn -0.2670 0.1021 -0.9583
vn -0.0235 0.3208 -0.9468
vn -0.3530 0.3216 -0.8786
vn 0.3530 0.3217 -0.8786
vn 0.3220 0.3692 -0.8718
vn 0.2664 0.4467 -0.8541
vn 0.4799 0.4327 -0.7632
vn 0.5584 0.4326 -0.7079
vn 0.8318 0.4002 -0.3845
vn 0.8989 0.3785 -0.2208
vn 0.8669 0.3153 0.3861
vn 0.9102 0.3766 0.1726
vn 0.8805 0.3616 -0.3066
vn 0.5895 0.1494 -0.7938
vn 0.3220 0.3691 -0.8718
vn 0.4179 0.0552 -0.9068
vn 0.3530 0.3216 -0.8786
vn 0.2671 0.1022 -0.9582
vn 0.0235 0.3208 -0.9468
vn -0.0785 0.1256 -0.9890
vn -0.0000 0.0785 -0.9969
vn 0.1021 -0.2357 -0.9664
vn -0.1491 -0.2748 -0.9499
vn -0.1412 -0.3295 -0.9335
vn -0.2669 -0.3375 -0.9027
vn -0.3223 -0.0786 -0.9434
vn -0.6064 -0.2205 -0.7640
vn -0.3221 0.0864 -0.9427
vn -0.6549 -0.3630 -0.6628
vn -0.0000 0.6668 0.7453
vn 0.0869 0.4737 0.8764
vn -0.0000 0.4877 0.8730
vn -0.1804 0.4863 0.8550
vn -0.0236 0.6538 0.7563
vn -0.1726 0.0941 0.9805
vn -0.2991 0.5275 0.7951
vn 0.0550 0.6361 0.7696
vn -0.0705 -0.0784 0.9944
vn 0.0470 -0.1489 0.9877
vn -0.0157 -0.5328 0.8461
vn 0.1099 0.3610 0.9261
vn -0.1335 0.4083 0.9030
vn 0.0471 -0.2275 0.9726
vn -0.3149 -0.4802 0.8187
vn -0.6830 0.3140 0.6595
vn -0.9407 0.1881 0.2822
vn -0.8310 -0.3607 0.4234
vn -0.9980 -0.0550 0.0314
vn -0.8966 -0.4326 0.0944
vn -0.0000 0.5029 0.8644
vn -0.5812 -0.7539 0.3063
vn -0.2679 -0.7485 0.6067
vn -0.0000 -0.0940 0.9956
vn -0.0868 0.4738 0.8764
vn -0.0550 0.6361 0.7696
vn -0.0001 0.5601 0.8284
vn -0.7148 -0.5891 0.3770
vn -0.9605 -0.1181 0.2519
vn -0.5668 -0.5825 0.5826
vn -0.7163 0.1338 0.6848
vn -0.2992 0.5274 0.7952
vn -0.9737 -0.1649 0.1570
vn -0.0000 -0.0941 0.9956
vn -0.0000 -0.0629 0.9980
vn 0.5418 0.0236 0.8401
vn 0.4011 0.1887 0.8964
vn 0.6452 0.2440 0.7240
vn 0.5812 0.3063 0.7539
vn 0.8699 0.3448 0.3527
vn 0.2906 0.1649 0.9425
vn 0.3521 0.0939 0.9312
vn 0.3849 0.0864 0.9189
vn 0.4465 0.0548 0.8931
vn 0.3291 0.0862 0.9404
vn 0.2196 0.0784 0.9724
vn -0.0000 0.1018 0.9948
vn -0.2432 0.1569 0.9572
vn -0.0000 0.2037 0.9790
vn 0.6845 -0.0865 0.7238
vn 0.7770 0.0471 0.6278
vn 0.9178 -0.0627 0.3922
vn 0.9269 0.1257 0.3535
vn 0.9469 0.1017 -0.3051
vn 0.7159 -0.2674 -0.6450
vn 0.5418 0.0235 0.8402
vn 0.4483 -0.0944 0.8889
vn 0.3700 0.0079 0.9290
vn 0.2438 -0.0708 0.9672
vn 0.1102 0.0629 0.9919
vn 0.0236 -0.0550 0.9982
vn -0.2583 0.0783 0.9629
vn -0.2585 -0.0705 0.9634
vn -0.0000 0.0157 0.9999
vn -0.0000 -0.0785 0.9969
vn 0.1102 0.0630 0.9919
vn 0.5418 0.0236 0.8402
vn 0.4010 0.1887 0.8964
vn 0.2906 0.1650 0.9425
vn 0.5811 0.3063 0.7540
vn 0.5420 0.1964 0.8171
vn 0.5421 0.1964 0.8170
vn 0.8669 0.3152 0.3862
vn 0.9101 0.3766 0.1727
vn 0.9468 0.1017 -0.3052
vn 0.5895 0.1493 -0.7938
vn 0.7158 -0.2674 -0.6451
vn 0.4774 -0.2661 -0.8374
vn 0.3291 -0.3057 -0.8934
vn 0.2669 -0.3376 -0.9027
vn 0.1491 -0.2748 -0.9499
vn 0.1412 -0.3295 -0.9335
vn -0.1022 -0.2358 -0.9664
vn -0.1025 -0.3075 -0.9460
vn 0.1025 -0.3074 -0.9460
vn -0.1491 -0.0157 -0.9887
vn -0.1577 0.4416 -0.8832
vn -0.2597 0.2912 -0.9207
vn -0.2502 0.8288 -0.5005
vn -0.1882 0.6665 -0.7213
vn 0.1335 0.4083 0.9030
vn -0.0471 -0.2274 0.9727
vn 0.3149 -0.4802 0.8187
vn 0.6830 0.3140 0.6595
vn 0.3308 0.1103 0.9372
vn 0.5269 -0.0315 0.8494
vn 0.5406 -0.0705 0.8383
vn 0.7477 -0.0630 0.6611
vn -0.1099 0.3610 0.9261
vn 0.0157 -0.5327 0.8462
vn -0.0470 -0.1489 0.9877
vn 0.0705 -0.0783 0.9944
vn 0.0785 -0.0392 0.9961
vn 0.2515 -0.0471 0.9667
vn 0.5269 -0.0314 0.8494
vn -0.5406 -0.0705 0.8383
vn -0.5269 -0.0314 0.8494
vn -0.3308 0.1102 0.9372
vn 0.8966 -0.4326 0.0944
vn 0.9975 -0.0628 0.0314
vn 0.8311 -0.3607 0.4234
vn 0.9421 0.1805 0.2826
vn -0.7476 -0.0629 0.6611
vn -0.5269 -0.0315 0.8493
vn -0.7613 -0.0785 0.6436
vn -0.6845 -0.0865 0.7239
vn -0.0470 -0.1490 0.9877
vn -0.0471 -0.2275 0.9726
vn 0.0156 -0.5328 0.8461
vn 0.3148 -0.4802 0.8187
vn 0.2678 -0.7485 0.6067
vn 0.5811 -0.7540 0.3063
vn 0.5812 -0.7539 0.3063
vn 0.9737 -0.1649 0.1570
vn 0.2992 0.5275 0.7951
vn -0.0550 0.6362 0.7696
vn -0.0869 0.4737 0.8764
vn -0.0000 -0.0628 0.9980
vn -0.0000 -0.0471 0.9989
vn -0.0705 -0.0783 0.9944
vn -0.0785 -0.0392 0.9961
vn -0.3308 0.1103 0.9372
vn -0.2515 -0.0471 0.9667
vn -0.3690 -0.1413 0.9186
vn -0.4484 -0.0944 0.8888
vn -0.5473 0.0234 0.8366
vn -0.3701 0.0079 0.9290
vn -0.4467 0.0470 0.8934
vn -0.2196 0.0784 0.9724
vn -0.9732 -0.2276 0.0313
vn -0.8579 -0.3935 -0.3305
vn -0.9730 -0.1884 -0.1334
vn -0.9808 -0.1255 0.1491
vn -0.8953 -0.3377 -0.2906
vn -0.8578 -0.3935 -0.3306
vn -0.7309 -0.5973 0.3301
vn -0.7434 -0.6651 0.0704
vn -0.9719 -0.2351 0.0078
vn -0.4878 -0.7711 0.4091
vn -0.3132 -0.9161 0.2505
vn -0.5572 -0.4237 -0.7142
vn -0.9732 -0.2276 0.0314
vn -0.8935 -0.2194 0.3919
vn -0.7147 -0.5891 0.3770
vn -0.9605 -0.1181 0.2520
vn -0.9737 -0.1649 0.1571
vn -0.9255 -0.1726 0.3372
vn -0.9730 -0.1883 -0.1333
vn -0.9178 -0.0628 0.3921
vn -0.9269 0.1257 0.3536
vn -0.7769 0.0471 0.6278
vn -0.6453 0.2439 0.7240
vn -0.5473 0.0235 0.8366
vn -0.4010 0.1887 0.8964
vn -0.3521 0.0939 0.9312
vn -0.6065 -0.2205 -0.7639
vn -0.5572 -0.4237 -0.7141
vn -0.7158 -0.2675 -0.6450
vn -0.9730 -0.1883 -0.1334
vn -0.9469 0.1017 -0.3052
vn -0.9270 0.1257 0.3535
vn -0.8699 0.3448 0.3527
vn -0.6452 0.2440 0.7240
vn -0.5811 0.3063 0.7540
vn -0.2906 0.1649 0.9425
vn -0.3849 0.0864 0.9189
vn -0.3291 0.0862 0.9404
vn 0.2433 0.1569 0.9572
vn -0.0000 0.2036 0.9791
vn 0.0001 0.0158 0.9999
vn 0.2585 -0.0705 0.9634
vn -0.0000 -0.1961 0.9806
vn -0.0787 -0.2045 0.9757
vn 0.4484 -0.0944 0.8888
vn 0.6845 -0.0866 0.7239
vn 0.7769 0.0471 0.6278
vn 0.6453 0.2439 0.7239
vn 0.9270 0.1257 0.3535
vn -0.1882 0.6665 -0.7214
vn -0.2669 -0.3376 -0.9027
vn -0.3292 -0.3057 -0.8934
vn -0.5571 -0.4238 -0.7141
vn -0.4774 -0.2661 -0.8374
vn -0.7158 -0.2674 -0.6451
vn -0.5895 0.1493 -0.7938
vn -0.9468 0.1017 -0.3052
vn -0.8805 0.3616 -0.3065
vn -0.8699 0.3448 0.3526
vn -0.9101 0.3766 0.1727
vn -0.5812 0.3063 0.7539
vn -0.7477 -0.0630 0.6611
vn -0.9255 -0.1726 0.3373
vn -0.7614 -0.0785 0.6436
vn -0.9177 -0.0628 0.3922
vn -0.6845 -0.0865 0.7238
vn -0.3221 0.0864 -0.9428
vn -0.2597 0.2911 -0.9208
vn 0.1024 -0.3075 -0.9460
vn 0.1022 -0.2357 -0.9664
vn -0.1021 -0.2357 -0.9665
vn 0.1492 -0.2747 -0.9499
vn 0.2671 0.1021 -0.9583
vn 0.3292 -0.3056 -0.8935
vn 0.4179 0.0551 -0.9068
vn 0.5895 0.1493 -0.7939
vn -0.9255 -0.1725 0.3373
vn 0.4557 0.8800 -0.1336
vn 0.4394 0.8003 -0.4080
vn -0.0000 0.7915 -0.6112
vn 0.1577 0.4417 -0.8832
vn -0.0000 0.4877 -0.8730
vn 0.5750 0.6381 -0.5121
vn -0.0000 0.0707 -0.9975
vn 0.7847 -0.0000 -0.6199
vn -0.0000 -0.3442 -0.9389
vn 0.7290 -0.3371 -0.5958
vn 0.4394 0.8003 -0.4079
vn 0.4558 0.8800 -0.1336
vn 0.4935 0.8617 0.1175
vn 0.4019 0.8825 0.2443
vn 0.2979 0.7056 0.6429
vn 0.2287 0.7413 0.6310
vn 0.2122 0.4558 0.8644
vn -0.0706 -0.0235 -0.9972
vn -0.1177 0.1963 -0.9735
vn 0.1577 0.4416 -0.8833
vn -0.0000 0.3374 -0.9414
vn -0.0001 0.4877 -0.8730
vn -0.5750 0.6381 -0.5120
vn -0.2502 0.8289 -0.5004
vn -0.2510 0.9648 0.0784
vn -0.4476 0.6204 0.6440
vn -0.0785 0.4395 0.8948
vn -0.2979 0.7056 0.6429
vn -0.3307 0.5433 0.7717
vn -0.2204 0.4487 0.8660
vn -0.5751 0.6380 -0.5121
vn -0.2510 0.9648 0.0785
vn -0.8874 0.4477 0.1100
vn -0.4477 0.6204 0.6440
vn -0.9881 -0.0392 0.1490
vn -0.5474 0.0235 0.8366
vn -0.7987 -0.3759 0.4698
vn -0.0000 0.6668 -0.7452
vn -0.0000 0.7914 -0.6112
vn -0.4394 0.8003 -0.4080
vn -0.4557 0.8800 -0.1336
vn -0.4969 0.8597 0.1183
vn -0.4019 0.8825 0.2442
vn -0.2979 0.7057 0.6429
vn -0.2362 0.7400 0.6298
vn -0.2204 0.4488 0.8660
vn -0.0000 0.5975 0.8019
vn -0.2205 0.4488 0.8660
vn 0.0078 0.9820 0.1885
vn -0.0000 0.5602 0.8284
vn -0.0946 0.7641 0.6381
vn -0.0237 0.6539 0.7562
vn -0.3307 0.5433 0.7716
vn -0.0000 0.6063 0.7953
vn -0.2744 0.5567 0.7841
vn -0.1257 0.4871 0.8642
vn 0.0079 0.9820 0.1885
vn -0.0945 0.7642 0.6381
vn -0.0785 0.4396 0.8948
vn -0.0000 0.5029 0.8643
vn -0.1803 -0.9723 0.1490
vn -0.1644 -0.9864 0.0001
vn -0.3131 -0.9161 0.2505
vn -0.3536 -0.7936 -0.4951
vn -0.1733 -0.2757 0.9455
vn -0.1653 -0.9205 0.3541
vn -0.4878 -0.7711 0.4092
vn 0.0865 0.8814 0.4644
vn -0.0157 0.3929 0.9194
vn 0.0788 0.5198 0.8506
vn -0.0235 -0.0628 -0.9977
vn 0.0157 0.4628 -0.8863
vn -0.1256 -0.0784 -0.9890
vn -0.0788 0.5438 -0.8355
vn -0.1648 0.4316 -0.8869
vn -0.1803 -0.9723 0.1489
vn -0.1566 -0.9787 0.1331
vn -0.1652 -0.9205 0.3540
vn -0.0783 -0.6971 0.7127
vn 0.0788 0.5199 0.8506
vn 0.1735 0.8990 0.4022
vn 0.0866 0.8814 0.4643
vn 0.2036 0.9789 0.0157
vn 0.1260 0.9919 -0.0157
vn 0.0710 0.9228 -0.3786
vn 0.0079 0.8864 -0.4628
vn -0.1888 0.5429 -0.8183
vn -0.1183 0.5362 -0.8358
vn -0.2993 -0.0472 -0.9530
vn -0.1725 0.0941 0.9805
vn -0.0236 0.6539 0.7562
vn -0.1889 0.5429 -0.8183
vn -0.2993 -0.0473 -0.9530
vn -0.6549 -0.3630 -0.6629
vn -0.3537 -0.7936 -0.4950
vn -0.7434 -0.6652 0.0704
vn -0.3132 -0.9160 0.2505
vn -0.1644 -0.9864 -0.0000
vn -0.0861 -0.5953 -0.7989
vn -0.3536 -0.7937 -0.4951
vn -0.1256 -0.0785 -0.9890
vn -0.0861 0.8611 -0.5010
vn 0.0078 0.8864 -0.4628
vn -0.0236 0.9982 -0.0550
vn 0.1259 0.9919 -0.0157
vn -0.0785 0.9262 0.3689
vn -0.1340 0.5678 0.8122
vn -0.1096 0.1175 0.9870
vn -0.1733 -0.2758 0.9455
vn 0.1177 0.1963 -0.9735
vn -0.0000 0.3373 -0.9414
vn 0.0706 -0.0235 -0.9972
vn 0.7290 -0.3371 -0.5957
vn 0.9881 -0.0392 0.1490
vn 0.7847 -0.0000 -0.6198
vn 0.8874 0.4477 0.1100
vn 0.5751 0.6381 -0.5120
vn 0.5751 0.6380 -0.5120
vn 0.2511 0.9648 0.0784
vn -0.0000 -0.1260 0.9920
vn -0.0000 0.0863 0.9963
vn 0.5473 0.0235 0.8366
vn 0.0785 0.4395 0.8948
vn 0.4476 0.6204 0.6440
vn 0.0945 0.7642 0.6380
vn -0.0079 0.9820 0.1886
vn -0.0001 -0.6199 0.7847
vn 0.7987 -0.3758 0.4699
vn 0.4477 0.6204 0.6440
vn 0.2510 0.9648 0.0785
vn -0.0000 -0.6199 0.7847
vn -0.0001 0.0863 0.9963
vn -0.0000 0.3373 0.9414
vn 0.0785 0.4396 0.8948
vn 0.0946 0.7641 0.6381
vn 0.0237 0.6539 0.7562
vn 0.2502 0.8288 -0.5005
vn 0.4477 0.6204 0.6439
vn -0.0079 0.9820 0.1885
vn 0.3308 0.5337 0.7783
vn 0.1101 0.3934 0.9127
vn 0.2675 0.4957 0.8262
vn -0.0000 0.6063 0.7952
vn 0.3301 0.5344 0.7781
vn -0.0866 0.8814 0.4643
vn -0.1735 0.8990 0.4022
vn -0.0788 0.5199 0.8506
vn -0.0787 0.5198 0.8507
vn 0.1725 0.0941 0.9805
vn 0.0157 0.3929 0.9194
vn -0.0866 0.8814 0.4644
vn 0.1566 -0.9787 0.1331
vn 0.0783 -0.6971 0.7127
vn 0.1652 -0.9205 0.3541
vn 0.1733 -0.2757 0.9455
vn 0.1806 -0.9722 0.1489
vn 0.1566 -0.9787 0.1330
vn 0.3061 -0.9183 0.2511
vn 0.1652 -0.9205 0.3540
vn 0.4878 -0.7711 0.4092
vn -0.2036 0.9789 0.0157
vn -0.1260 0.9919 -0.0157
vn -0.0710 0.9228 -0.3786
vn -0.0079 0.8864 -0.4628
vn 0.1888 0.5429 -0.8183
vn 0.1183 0.5362 -0.8358
vn 0.2993 -0.0472 -0.9530
vn 0.1726 0.0941 0.9805
vn -0.0788 0.5198 0.8506
vn 0.0236 0.6539 0.7562
vn -0.0000 0.9775 -0.2112
vn 0.1889 0.5429 -0.8183
vn 0.2993 -0.0473 -0.9530
vn 0.6549 -0.3630 -0.6628
vn 0.3536 -0.7937 -0.4950
vn 0.4879 -0.7711 0.4091
vn 0.5668 -0.5826 0.5825
vn 0.1734 -0.2757 0.9455
vn 0.1097 0.1175 0.9870
vn 0.1340 0.5678 0.8122
vn 0.0785 0.9262 0.3689
vn -0.1259 0.9919 -0.0158
vn 0.0236 0.9982 -0.0550
vn -0.0078 0.8864 -0.4628
vn 0.0861 0.8611 -0.5010
vn 0.1648 0.4316 -0.8869
vn 0.1256 -0.0785 -0.9890
vn 0.3536 -0.7936 -0.4951
vn 0.0862 -0.5953 -0.7989
vn 0.1644 -0.9864 -0.0000
vn 0.0784 -0.0392 0.9961
vn 0.0704 -0.0783 0.9944
vn 0.5269 -0.0314 0.8493
vn 0.7477 -0.0629 0.6611
vn 0.9733 -0.2276 0.0314
vn -0.0707 -0.0235 -0.9972
vn -0.3292 -0.3056 -0.8934
vn -0.4179 0.0552 -0.9068
vn -0.5895 0.1494 -0.7939
vn -0.3522 0.0939 0.9312
vn -0.3220 0.3691 -0.8718
vn -0.4799 0.4327 -0.7632
vn -0.8805 0.3616 -0.3066
vn -0.8318 0.4002 -0.3845
vn -0.9102 0.3766 0.1725
vn -0.0000 -0.0472 0.9989
vn -0.0784 -0.0393 0.9961
vn -0.0940 -0.1801 0.9791
vn -0.2438 -0.0708 0.9672
vn -0.1025 0.0630 0.9927
vn -0.3700 0.0079 0.9290
vn -0.0784 -0.0392 0.9961
vn -0.2515 -0.0472 0.9667
vn -0.0940 -0.1802 0.9791
vn -0.4483 -0.0944 0.8889
vn -0.1492 -0.2748 -0.9499
vn -0.3291 -0.3056 -0.8935
vn -0.2671 0.1021 -0.9582
vn -0.2664 0.4467 -0.8541
vn -0.5584 0.4326 -0.7078
vn -0.8319 0.4001 -0.3846
vn -0.8988 0.3787 -0.2207
vn -0.9101 0.3766 0.1726
vn -0.8669 0.3152 0.3862
vn -0.5421 0.1964 0.8170
vn -0.7988 -0.3758 0.4698
vn -0.8936 -0.4233 -0.1490
vn -0.8937 -0.4233 -0.1490
vn -0.7290 -0.3370 -0.5957
vn -0.7847 -0.0000 -0.6199
vn -0.8874 0.4476 0.1100
vn -0.7290 -0.3370 -0.5958
vn -0.0000 -0.3443 -0.9389
vn -0.5751 0.6381 -0.5120
vn -0.0000 0.1733 -0.9849
vn 0.1178 0.1962 -0.9735
vn 0.0707 -0.0235 -0.9972
vn -0.1178 0.1963 -0.9735
vn -0.1255 -0.0785 -0.9890
vn -0.0861 -0.5952 -0.7989
vn -0.0236 -0.0629 -0.9977
vn -0.0864 0.8408 -0.5344
vn -0.0157 0.8083 -0.5885
vn -0.0079 0.9998 0.0157
vn -0.0788 0.5439 -0.8354
vn -0.1648 0.4317 -0.8868
vn -0.1097 0.1175 0.9870
vn -0.0940 0.5248 0.8460
vn -0.1341 0.5677 0.8122
vn -0.1412 0.8237 0.5492
vn -0.0785 0.9261 0.3689
vn -0.0863 0.9961 0.0157
vn 0.0864 0.5344 0.8408
vn -0.0236 0.8183 0.5743
vn 0.1256 -0.0784 -0.9890
vn 0.0788 0.5438 -0.8355
vn -0.0157 0.4628 -0.8863
vn 0.0236 -0.0628 -0.9977
vn 0.0861 -0.5952 -0.7989
vn 0.1644 -0.9864 0.0001
vn 0.3060 -0.9183 0.2511
vn 0.1803 -0.9723 0.1490
vn 0.0788 0.5439 -0.8354
vn 0.1648 0.4317 -0.8868
vn 0.0864 0.8408 -0.5344
vn 0.0157 0.8083 -0.5885
vn 0.0079 0.9998 0.0157
vn 0.0863 0.9961 0.0157
vn 0.0785 0.9261 0.3689
vn 0.1412 0.8237 0.5492
vn 0.1341 0.5677 0.8122
vn 0.0940 0.5248 0.8460
vn 0.1734 -0.2758 0.9455
vn 0.0236 0.8183 0.5743
vn -0.0864 0.5344 0.8408
vn 0.7291 -0.3371 -0.5957
vn 0.8937 -0.4233 -0.1490
vn 0.7988 -0.3758 0.4698
vn -0.7290 -0.3371 -0.5958
vn -0.5049 -0.4418 -0.7416
vn -0.0000 -0.4566 -0.8897
vn 0.5049 -0.4418 -0.7416
vn -0.0000 -0.8897 0.4566
vn 0.7987 -0.3759 0.4698
vn 0.8247 -0.5655 0.0078
vn 0.8936 -0.4234 -0.1490
vn 0.7467 -0.5423 -0.3851
vn 0.5049 -0.4418 -0.7415
vn -0.5049 -0.4418 -0.7415
vn -0.7290 -0.3371 -0.5957
vn -0.7467 -0.5424 -0.3851
vn -0.8247 -0.5655 0.0078
vt 0.582031 0.494598
vt 0.660156 0.474243
vt 0.574219 0.425781
vt 0.574219 0.277344
vt 0.496094 0.277344
vt 0.574219 0.355469
vt 0.496094 0.355469
vt 0.503906 0.433594
vt 0.519531 0.534424
vt 0.663086 0.385010
vt 0.339844 0.402344
vt 0.355469 0.457031
vt 0.386719 0.347656
vt 0.386719 0.433594
vt 0.249023 0.392090
vt 0.160156 0.347656
vt 0.157227 0.385742
vt 0.058594 0.347656
vt 0.070587 0.467712
vt 0.152344 0.463806
vt 0.527344 0.636414
vt 0.441406 0.689941
vt 0.496094 0.761780
vt 0.386719 0.792969
vt 0.433594 0.540131
vt 0.382812 0.519531
vt 0.385040 0.624573
vt 0.275360 0.489258
vt 0.297699 0.610535
vt 0.753906 0.477112
vt 0.803070 0.487885
vt 0.803070 0.601929
vt 0.753906 0.603333
vt 0.675781 0.618958
vt 0.605469 0.627686
vt 0.449219 0.634125
vt 0.464844 0.449219
vt 0.425781 0.449219
vt 0.324219 0.441406
vt 0.238281 0.480652
vt 0.339844 0.707520
vt 0.283813 0.719452
vt 0.292969 0.800781
vt 0.234924 0.734070
vt 0.218597 0.799408
vt 0.144531 0.741211
vt 0.153809 0.793671
vt 0.079926 0.731354
vt 0.102570 0.782806
vt 0.027344 0.716003
vt 0.027344 0.773773
vt 0.011230 0.713013
vt 0.011230 0.772278
vt 0.015625 0.817780
vt 0.046875 0.818512
vt 0.027344 0.863281
vt 0.066406 0.863281
vt 0.021484 0.921173
vt 0.082031 0.925201
vt 0.761719 0.855469
vt 0.803070 0.933594
vt 0.761719 0.933594
vt 0.691406 0.737274
vt 0.707031 0.855469
vt 0.707031 0.933716
vt 0.645508 0.933716
vt 0.652344 0.964844
vt 0.527344 0.933594
vt 0.535156 0.987946
vt 0.402344 0.940857
vt 0.410156 0.987946
vt 0.324219 0.987946
vt 0.311523 0.941010
vt 0.398438 0.906158
vt 0.511719 0.855469
vt 0.628906 0.855469
vt 0.803070 0.855469
vt 0.761719 0.739685
vt 0.011230 0.478424
vt 0.036407 0.542969
vt 0.011230 0.542969
vt 0.046570 0.665558
vt 0.034607 0.619110
vt 0.097656 0.672150
vt 0.097656 0.550781
vt 0.152344 0.550781
vt 0.078033 0.631714
vt 0.135468 0.636322
vt 0.199219 0.552277
vt 0.228485 0.558960
vt 0.196838 0.631104
vt 0.246033 0.576080
vt 0.242645 0.619812
vt 0.011230 0.347656
vt 0.255035 0.672485
vt 0.152344 0.678040
vt 0.011230 0.615173
vt 0.011230 0.660156
vt 0.207031 0.871979
vt 0.224121 0.933655
vt 0.262451 0.902557
vt 0.241211 0.933716
vt 0.306152 0.906219
vt 0.207031 0.987946
vt 0.207031 0.933594
vt 0.136719 0.987946
vt 0.135742 0.930389
vt 0.082031 0.987946
vt 0.011230 0.987946
vt 0.011230 0.921173
vt 0.253906 0.871735
vt 0.300781 0.871460
vt 0.394531 0.871460
vt 0.168365 0.820129
vt 0.136719 0.864716
vt 0.119446 0.823761
vt 0.011230 0.863281
vt 0.011230 0.817780
vt 0.253906 0.987946
vt 0.582031 0.753632
vt 0.628906 0.742035
vt 0.803070 0.739685
vt 0.988647 0.128906
vt 0.931976 0.128906
vt 0.988647 0.011353
vt 0.803070 0.269531
vt 0.675781 0.277344
vt 0.803070 0.207031
vt 0.707031 0.214844
vt 0.803070 0.152344
vt 0.707031 0.160156
vt 0.931976 0.261719
vt 0.988647 0.261719
vt 0.931976 0.371094
vt 0.988647 0.371094
vt 0.988647 0.496094
vt 0.761719 0.417969
vt 0.803070 0.347656
vt 0.582031 0.082031
vt 0.527344 0.035156
vt 0.542969 0.167969
vt 0.931976 0.496094
vt 0.691406 0.160156
vt 0.695953 0.084442
vt 0.644531 0.128906
vt 0.589844 0.183594
vt 0.542419 0.245422
vt 0.931976 0.011353
vt 0.879150 0.815063
vt 0.987915 0.758545
vt 0.879150 0.758545
vt 0.746094 0.035156
vt 0.803558 0.084442
vt 0.565887 0.010986
vt 0.628906 0.035156
vt 0.651825 0.010986
vt 0.987915 0.815063
vt 0.870026 0.986603
vt 0.987915 0.986603
vt 0.495575 0.010986
vt 0.011780 0.340393
vt 0.035156 0.339844
vt 0.011780 0.137268
vt 0.058594 0.144531
vt 0.410156 0.191406
vt 0.449219 0.191406
vt 0.474182 0.121094
vt 0.474182 0.191406
vt 0.285156 0.121094
vt 0.324219 0.144531
vt 0.324219 0.082031
vt 0.121094 0.339844
vt 0.167969 0.339844
vt 0.105469 0.222656
vt 0.160156 0.261719
vt 0.160156 0.199219
vt 0.474182 0.339844
vt 0.441406 0.339844
vt 0.402344 0.339844
vt 0.285156 0.066406
vt 0.246094 0.066406
vt 0.246094 0.121094
vt 0.207031 0.066406
vt 0.207031 0.121094
vt 0.160156 0.058594
vt 0.160156 0.121094
vt 0.105469 0.128906
vt 0.374023 0.037109
vt 0.285156 0.011719
vt 0.246094 0.011719
vt 0.207031 0.011719
vt 0.160156 0.011719
vt 0.113281 0.011719
vt 0.074219 0.042969
vt 0.042969 0.050781
vt 0.011780 0.043518
vt 0.066406 0.339844
vt 0.207031 0.199219
vt 0.246094 0.199219
vt 0.285156 0.199219
vt 0.324219 0.199219
vt 0.363281 0.183594
vt 0.441406 0.050781
vt 0.474182 0.019531
vt 0.636169 0.245422
vt 0.636719 0.199219
vt 0.495422 0.157623
vt 0.495422 0.092224
vt 0.495544 0.245422
vt 0.496094 0.035156
vt 0.870026 0.743988
vt 0.987915 0.743988
vt 0.870026 0.628326
vt 0.987915 0.628326
vt 0.870026 0.555328
vt 0.987915 0.555328
vt 0.581482 0.245422
vt 0.803070 0.433594
vt 0.207031 0.277344
vt 0.207031 0.339844
vt 0.246094 0.339844
vt 0.363281 0.277344
vt 0.285156 0.277344
vt 0.246094 0.277344
vt 0.363281 0.339844
vt 0.285156 0.339844
vt 0.707031 0.113281
vt 0.803070 0.113281
vt 0.495544 0.261047
vt 0.550232 0.261047
vt 0.581482 0.261047
vt 0.636169 0.261047
s 1
usemtl f_body032.png
f 619/224/486 620/225/487 621/226/488
f 622/227/489 623/228/490 624/229/491
f 624/229/491 623/228/490 625/230/492
f 624/229/491 625/230/492 621/226/493
f 621/226/493 625/230/492 626/231/494
f 621/226/493 626/231/494 627/224/486
f 627/224/486 626/231/494 628/232/495
f 630/226/496 629/225/497 631/233/498
f 630/226/496 631/233/498 632/229/491
f 633/234/499 634/235/500 635/236/501
f 635/236/501 634/235/500 636/237/502
f 637/238/503 638/239/504 639/240/505
f 640/241/506 641/242/507 642/243/508
f 643/244/509 644/245/510 645/246/511
f 645/246/511 644/245/510 646/247/512
f 647/248/513 648/249/514 649/250/515
f 649/250/515 648/249/514 650/251/516
f 649/250/515 650/251/516 651/252/517
f 652/253/518 653/254/519 654/255/520
f 654/255/520 653/254/519 655/253/521
f 654/255/520 655/253/521 656/256/522
f 656/256/522 655/253/521 657/225/523
f 656/256/522 657/225/523 658/257/524
f 658/257/524 657/225/523 659/224/525
f 658/257/524 659/224/525 660/258/526
f 660/258/526 659/224/525 661/232/495
f 660/258/526 661/232/495 662/244/527
f 662/244/527 661/232/495 663/259/528
f 662/244/527 663/259/528 664/245/510
f 665/260/529 666/261/530 667/248/513
f 667/248/513 666/261/530 636/237/531
f 667/248/513 636/237/531 668/249/532
f 668/249/532 636/237/531 669/235/533
f 668/249/532 669/235/533 670/251/534
f 670/251/534 669/235/533 671/262/535
f 670/251/534 671/262/535 672/263/536
f 672/263/536 671/262/535 637/238/503
f 672/263/536 637/238/503 673/243/537
f 673/243/537 637/238/503 639/240/505
f 673/243/537 639/240/505 674/241/506
f 674/241/506 639/240/505 638/239/504
f 675/231/538 676/260/539 677/232/540
f 677/232/540 676/260/539 678/248/513
f 677/232/540 678/248/513 679/259/541
f 679/259/541 678/248/513 680/250/542
f 679/259/541 680/250/542 681/245/543
f 681/245/543 680/250/542 682/264/544
f 681/245/543 682/264/544 683/247/512
f 683/247/512 682/264/544 684/265/545
f 683/247/512 684/265/545 685/266/546
f 685/266/546 684/265/545 686/267/547
f 685/266/546 686/267/547 687/268/548
f 687/268/548 686/267/547 688/269/549
f 687/268/548 688/269/549 689/270/550
f 689/270/550 688/269/549 690/271/551
f 689/270/550 690/271/551 691/272/552
f 691/272/552 690/271/551 692/273/553
f 691/272/552 692/273/553 693/274/554
f 693/274/554 692/273/553 694/275/555
f 693/274/554 694/275/555 695/276/556
f 695/276/556 694/275/555 696/274/557
f 695/276/556 696/274/557 697/277/558
f 697/277/558 696/274/557 698/278/559
f 697/277/558 698/278/559 699/279/560
f 699/279/560 698/278/559 700/280/561
f 699/279/560 700/280/561 701/281/562
f 701/281/562 700/280/561 702/282/563
f 703/283/564 704/284/565 705/285/566
f 706/286/567 707/283/564 708/287/568
f 708/287/568 707/283/564 705/285/569
f 708/287/568 705/285/569 709/288/570
f 710/288/571 711/289/572 712/290/573
f 712/290/573 711/289/572 713/291/574
f 712/290/573 713/291/574 714/292/575
f 714/292/575 713/291/574 715/293/576
f 714/292/575 715/293/576 716/294/577
f 717/295/578 716/294/577 718/296/579
f 718/296/579 716/294/577 715/293/576
f 718/296/579 715/293/576 719/297/580
f 719/297/580 715/293/576 720/291/574
f 719/297/580 720/291/574 721/298/581
f 721/298/581 720/291/574 722/289/582
f 721/298/581 722/289/582 723/299/583
f 723/299/583 722/289/582 724/288/584
f 723/299/583 724/288/584 725/287/585
f 725/287/585 724/288/584 726/285/586
f 725/287/585 726/285/586 727/283/587
f 727/283/587 726/285/586 704/284/565
f 727/283/587 704/284/565 728/300/588
f 728/300/588 704/284/565 703/283/564
f 728/300/588 703/283/564 729/301/589
f 729/301/589 703/283/564 730/286/590
f 729/301/589 730/286/590 731/257/591
f 731/257/591 730/286/590 732/258/592
f 731/257/591 732/258/592 733/224/593
f 733/224/593 732/258/592 734/232/594
f 733/224/593 734/232/594 735/231/595
f 735/231/595 734/232/594 736/260/596
f 737/302/597 738/303/598 739/304/599
f 740/240/600 741/239/601 742/238/602
f 743/243/603 744/242/604 745/241/506
f 746/305/605 747/306/606 748/307/607
f 749/308/608 750/309/609 751/310/610
f 751/310/610 750/309/609 752/311/611
f 753/312/612 754/313/613 755/314/614
f 755/314/614 754/313/613 756/315/615
f 755/314/614 756/315/615 757/316/616
f 738/303/598 737/302/597 744/242/604
f 744/242/604 737/302/597 758/317/617
f 744/242/604 758/317/617 745/241/506
f 759/318/618 760/319/619 761/311/611
f 761/311/611 760/319/619 748/307/607
f 761/311/611 748/307/607 751/310/610
f 751/310/610 748/307/607 747/306/606
f 751/310/610 747/306/606 749/308/608
f 762/303/598 763/320/620 739/304/599
f 739/304/599 763/320/620 764/303/621
f 739/304/599 764/303/621 737/302/597
f 737/302/597 764/303/621 765/242/622
f 737/302/597 765/242/622 758/317/617
f 758/317/617 765/242/622 766/241/623
f 767/235/624 768/251/625 769/262/626
f 769/262/626 768/251/625 770/263/627
f 769/262/626 770/263/627 742/238/602
f 742/238/602 770/263/627 771/243/628
f 742/238/602 771/243/628 740/240/600
f 740/240/600 771/243/628 745/241/506
f 740/240/600 745/241/506 741/239/601
f 750/309/609 753/312/612 752/311/611
f 752/311/611 753/312/612 755/314/614
f 752/311/611 755/314/614 772/318/618
f 772/318/618 755/314/614 757/316/616
f 772/318/618 757/316/616 773/252/629
f 773/252/629 757/316/616 756/315/615
f 773/252/629 756/315/615 774/251/625
f 774/251/625 756/315/615 754/313/613
f 774/251/625 754/313/613 775/263/627
f 775/263/627 754/313/613 753/312/612
f 775/263/627 753/312/612 743/243/603
f 743/243/603 753/312/612 750/309/609
f 743/243/603 750/309/609 744/242/604
f 744/242/604 750/309/609 749/308/608
f 744/242/604 749/308/608 738/303/598
f 738/303/598 749/308/608 747/306/606
f 738/303/598 747/306/606 776/320/630
f 776/320/630 747/306/606 746/305/605
f 776/320/630 746/305/605 777/321/631
f 778/322/632 779/323/633 780/324/634
f 780/324/634 779/323/633 781/325/635
f 780/324/634 781/325/635 782/326/636
f 783/327/637 784/328/638 785/329/639
f 785/329/639 784/328/638 786/330/640
f 785/329/639 786/330/640 787/331/641
f 787/331/641 786/330/640 788/282/642
f 787/331/641 788/282/642 789/332/643
f 789/332/643 788/282/642 790/281/644
f 789/332/643 790/281/644 791/333/645
f 792/268/646 793/334/647 794/266/648
f 794/266/648 793/334/647 795/335/649
f 794/266/648 795/335/649 796/247/512
f 796/247/512 795/335/649 797/336/650
f 796/247/512 797/336/650 798/246/651
f 799/322/652 800/337/653 801/338/654
f 801/338/654 800/337/653 802/339/655
f 801/338/654 802/339/655 803/280/656
f 803/280/656 802/339/655 804/278/657
f 803/280/656 804/278/657 805/279/658
f 805/279/658 804/278/657 806/277/659
f 805/279/658 806/277/659 807/340/660
f 807/340/660 806/277/659 808/341/661
f 809/340/660 791/333/645 810/279/658
f 810/279/658 791/333/645 790/281/644
f 810/279/658 790/281/644 811/280/662
f 811/280/662 790/281/644 812/282/642
f 811/280/662 812/282/642 813/338/654
f 813/338/654 812/282/642 814/330/640
f 813/338/654 814/330/640 815/322/663
f 815/322/663 814/330/640 816/328/638
f 815/322/663 816/328/638 817/323/664
f 817/323/664 816/328/638 818/327/665
f 817/323/664 818/327/665 819/325/666
f 819/325/666 818/327/665 820/342/667
f 820/342/668 821/295/669 781/325/635
f 781/325/635 821/295/669 822/296/670
f 781/325/635 822/296/670 782/326/636
f 782/326/636 822/296/670 823/297/580
f 782/326/636 823/297/580 824/336/671
f 824/336/671 823/297/580 825/298/672
f 824/336/671 825/298/672 798/246/673
f 798/246/673 825/298/672 826/343/674
f 798/246/673 826/343/674 827/244/509
f 827/244/509 826/343/674 828/344/675
f 827/244/509 828/344/675 829/258/676
f 829/258/676 828/344/675 830/286/677
f 829/258/676 830/286/677 831/257/678
f 831/257/678 830/286/677 832/301/679
f 831/257/678 832/301/679 833/256/680
f 833/256/680 832/301/679 834/345/520
f 833/256/680 834/345/520 835/255/520
f 835/255/520 834/345/520 836/256/681
f 835/255/520 836/256/681 837/253/518
f 837/253/518 836/256/681 838/225/682
f 837/253/518 838/225/682 839/233/683
f 839/233/683 838/225/682 840/226/684
f 839/233/683 840/226/684 841/229/685
f 841/229/685 840/226/684 842/230/686
f 841/229/685 842/230/686 843/228/490
f 844/309/687 845/310/688 846/311/689
f 846/311/689 847/312/690 844/309/687
f 848/307/691 849/269/692 850/319/693
f 850/319/693 849/269/692 851/318/694
f 845/310/688 844/309/687 852/308/695
f 853/307/696 854/306/697 855/305/698
f 856/305/698 857/273/699 858/307/691
f 858/307/691 857/273/699 859/271/700
f 858/307/691 859/271/700 860/269/701
f 861/319/702 862/269/703 863/307/704
f 864/316/705 865/315/706 866/314/707
f 866/314/707 865/315/706 867/313/708
f 866/314/707 867/313/708 847/312/690
f 868/319/702 869/318/709 870/269/710
f 870/269/710 869/318/709 871/267/711
f 870/269/710 871/267/711 872/268/712
f 873/308/695 874/306/713 845/310/714
f 845/310/714 874/306/713 853/307/715
f 845/310/714 853/307/715 875/311/716
f 875/311/716 853/307/715 876/319/717
f 875/311/716 876/319/717 877/318/718
f 847/312/690 846/311/689 866/314/707
f 866/314/707 846/311/689 877/318/719
f 866/314/707 877/318/719 864/316/705
f 864/316/705 877/318/719 878/252/720
f 864/316/705 878/252/720 865/315/706
f 865/315/706 878/252/720 879/251/516
f 865/315/706 879/251/516 867/313/708
f 867/313/708 879/251/516 880/263/536
f 867/313/708 880/263/536 847/312/690
f 847/312/690 880/263/536 881/243/721
f 847/312/690 881/243/721 844/309/687
f 844/309/687 881/243/721 882/242/722
f 844/309/687 882/242/722 852/308/695
f 852/308/695 882/242/722 883/303/723
f 852/308/695 883/303/723 854/306/697
f 854/306/697 883/303/723 884/320/630
f 854/306/697 884/320/630 855/305/698
f 855/305/698 884/320/630 885/321/724
f 855/305/698 885/321/724 886/275/725
f 886/275/725 885/321/724 887/305/726
f 886/275/725 887/305/726 888/273/727
f 888/273/727 887/305/726 889/307/728
f 888/273/727 889/307/728 890/271/729
f 890/271/729 889/307/728 891/269/710
f 890/271/729 891/269/710 892/270/730
f 892/270/730 891/269/710 872/268/712
f 892/270/730 872/268/712 893/337/731
f 893/337/731 872/268/712 894/322/732
f 893/337/731 894/322/732 895/338/733
f 895/338/733 894/322/732 896/330/734
f 895/338/733 896/330/734 897/282/735
f 898/264/736 899/245/737 900/247/738
f 901/250/739 902/259/740 903/245/741
f 904/237/742 905/261/743 906/248/744
f 907/235/624 908/234/745 909/236/746
f 910/258/592 911/244/747 912/232/594
f 903/245/741 913/264/748 901/250/739
f 902/259/740 901/250/739 906/248/744
f 906/248/744 901/250/739 914/249/749
f 906/248/744 914/249/749 904/237/742
f 909/236/746 904/237/742 915/235/750
f 915/235/750 904/237/742 914/249/749
f 915/235/750 914/249/749 916/251/751
f 916/251/751 914/249/749 901/250/739
f 916/251/751 901/250/739 917/252/752
f 917/252/752 901/250/739 913/264/748
f 917/252/752 913/264/748 918/265/753
f 918/265/753 913/264/748 919/247/754
f 918/265/753 919/247/754 920/266/755
f 920/266/755 919/247/754 921/335/756
f 920/266/755 921/335/756 922/334/757
f 922/334/757 921/335/756 923/324/758
f 922/334/757 923/324/758 924/322/759
f 924/322/759 923/324/758 925/323/760
f 924/322/759 925/323/760 926/328/761
f 905/261/743 927/260/596 906/248/744
f 906/248/744 927/260/596 928/232/762
f 906/248/744 928/232/762 902/259/740
f 902/259/740 928/232/762 929/244/763
f 902/259/740 929/244/763 903/245/741
f 903/245/741 929/244/763 930/246/764
f 903/245/741 930/246/764 931/247/765
f 931/247/765 930/246/764 932/336/766
f 931/247/765 932/336/766 933/335/767
f 933/335/767 932/336/766 934/326/768
f 933/335/767 934/326/768 935/324/769
f 935/324/769 934/326/768 936/325/770
f 935/324/769 936/325/770 937/323/760
f 937/323/760 936/325/770 938/327/771
f 937/323/760 938/327/771 939/328/761
f 939/328/761 938/327/771 940/329/772
f 939/328/761 940/329/772 941/330/734
f 941/330/734 940/329/772 942/331/773
f 941/330/734 942/331/773 943/282/735
f 943/282/735 942/331/773 944/332/643
f 943/282/735 944/332/643 945/281/774
f 945/281/774 944/332/643 946/333/775
f 945/281/774 946/333/775 947/279/560
f 947/279/560 946/333/775 948/340/776
f 947/279/560 948/340/776 949/277/777
f 949/277/777 948/340/776 950/341/661
f 949/277/777 950/341/661 951/276/778
f 951/276/778 950/341/661 952/277/659
f 951/276/778 952/277/659 953/274/779
f 953/274/779 952/277/659 954/278/657
f 953/274/779 954/278/657 955/272/552
f 955/272/552 954/278/657 956/339/655
f 955/272/552 956/339/655 957/270/550
f 957/270/550 956/339/655 958/337/780
f 957/270/550 958/337/780 959/268/781
f 959/268/781 958/337/780 960/322/652
f 959/268/781 960/322/652 961/334/782
f 961/334/782 960/322/652 962/324/783
f 961/334/782 962/324/783 963/335/784
f 963/335/784 962/324/783 964/326/636
f 963/335/784 964/326/636 965/336/671
f 966/226/684 967/231/595 968/230/785
f 969/258/786 970/344/787 971/244/788
f 971/244/788 970/344/787 972/343/789
f 971/244/788 972/343/789 973/246/790
f 973/246/790 972/343/789 974/298/791
f 973/246/790 974/298/791 975/336/792
f 975/336/792 974/298/791 976/297/793
f 975/336/792 976/297/793 977/326/794
f 977/326/794 976/297/793 978/296/795
f 977/326/794 978/296/795 979/325/796
f 980/318/797 981/265/798 982/267/799
f 982/267/799 981/265/798 983/266/800
f 982/267/799 983/266/800 984/268/801
f 984/268/801 983/266/800 985/334/757
f 984/268/801 985/334/757 986/322/732
f 987/231/802 988/226/803 989/224/593
f 989/224/593 988/226/803 990/225/682
f 989/224/593 990/225/682 991/257/591
f 991/257/591 990/225/682 992/256/804
f 991/257/591 992/256/804 993/301/805
f 993/301/805 992/256/804 994/345/520
f 993/301/805 994/345/520 995/300/588
f 995/300/588 994/345/520 996/301/806
f 995/300/588 996/301/806 997/283/587
f 997/283/587 996/301/806 998/286/807
f 997/283/587 998/286/807 999/287/808
f 999/287/808 998/286/807 1000/344/809
f 999/287/808 1000/344/809 1001/299/810
f 1001/299/810 1000/344/809 1002/343/674
f 1001/299/810 1002/343/674 1003/298/811
f 1004/265/812 1005/318/797 1006/252/752
f 1007/346/813 1008/347/814 1009/348/815
f 1010/233/816 1011/349/817 1012/350/818
f 1012/350/818 1011/349/817 1013/351/819
f 1012/350/818 1013/351/819 1014/352/820
f 1014/352/820 1013/351/819 1015/353/821
f 1014/352/820 1015/353/821 1016/354/822
f 1017/347/823 1018/346/824 1019/355/825
f 1019/355/825 1018/346/824 1020/356/826
f 1019/355/825 1020/356/826 1021/357/827
f 1021/357/827 1020/356/826 1022/358/828
f 1021/357/827 1022/358/828 1023/359/829
f 1024/253/830 1025/360/831 1026/233/832
f 1026/233/832 1025/360/831 1027/361/833
f 1026/233/832 1027/361/833 1028/349/834
f 1028/349/834 1027/361/833 1029/233/683
f 1028/349/834 1029/233/683 1030/350/835
f 1030/350/835 1029/233/683 1031/229/836
f 1030/350/835 1031/229/836 1032/227/837
f 1032/227/837 1031/229/836 1033/228/490
f 1034/362/838 1035/363/839 1036/364/759
f 1037/357/840 1038/365/841 1039/359/842
f 1040/366/843 1041/367/844 1042/368/845
f 1042/368/845 1041/367/844 1043/362/846
f 1042/368/845 1043/362/846 1044/369/847
f 1044/369/847 1043/362/846 1036/364/848
f 1044/369/847 1036/364/848 1045/370/849
f 1046/347/814 1047/371/850 1048/348/851
f 1048/348/851 1047/371/850 1049/347/852
f 1048/348/851 1049/347/852 1050/346/853
f 1050/346/853 1049/347/852 1051/355/854
f 1050/346/853 1051/355/854 1052/356/855
f 1052/356/855 1051/355/854 1053/357/856
f 1052/356/855 1053/357/856 1054/358/857
f 1054/358/857 1053/357/856 1055/359/858
f 1056/372/841 1057/373/859 1058/374/860
f 1059/375/861 1060/367/837 1061/376/490
f 1062/377/862 1063/378/863 1064/379/864
f 1064/379/864 1063/378/863 1065/375/861
f 1066/373/859 1067/372/865 1068/380/866
f 1068/380/866 1067/372/865 1069/381/867
f 1068/380/866 1069/381/867 1070/382/868
f 1071/367/844 1065/375/869 1072/362/838
f 1072/362/838 1065/375/869 1073/378/870
f 1072/362/838 1073/378/870 1074/363/871
f 1074/363/871 1073/378/870 1075/377/862
f 1074/363/871 1075/377/862 1076/383/872
f 1077/384/873 1078/385/874 1079/386/875
f 1079/386/875 1078/385/874 1080/387/876
f 1081/388/877 1082/389/878 1083/390/879
f 1083/390/879 1082/389/878 1084/391/746
f 1085/392/880 1086/393/881 1087/394/882
f 1088/395/883 1089/396/884 1090/397/885
f 1090/397/885 1089/396/884 1091/398/886
f 1090/397/885 1091/398/886 1092/399/887
f 1093/400/888 1084/391/875 1094/401/889
f 1094/401/889 1084/391/875 1095/389/890
f 1094/401/889 1095/389/890 1096/402/891
f 1096/402/891 1095/389/890 1097/388/877
f 1098/394/892 1099/403/893 1085/392/894
f 1085/392/894 1099/403/893 1100/404/895
f 1085/392/894 1100/404/895 1101/405/896
f 1101/405/896 1100/404/895 1102/406/897
f 1101/405/896 1102/406/897 1103/407/898
f 1103/407/898 1102/406/897 1104/408/899
f 1103/407/898 1104/408/899 1105/409/900
f 1105/409/900 1104/408/899 1106/410/901
f 1086/393/881 1107/411/902 1087/394/882
f 1087/394/882 1107/411/902 1108/412/903
f 1087/394/882 1108/412/903 1109/403/893
f 1109/403/893 1108/412/903 1110/413/869
f 1109/403/893 1110/413/869 1111/404/895
f 1111/404/895 1110/413/869 1112/414/490
f 1111/404/895 1112/414/490 1113/406/897
f 1113/406/897 1112/414/490 1114/415/785
f 1113/406/897 1114/415/785 1115/408/904
f 1115/408/904 1114/415/785 1116/416/802
f 1115/408/904 1116/416/802 1106/410/905
f 1106/410/905 1116/416/802 1117/417/906
f 1106/410/905 1117/417/906 1118/387/907
f 1118/387/907 1117/417/906 1119/418/908
f 1118/387/907 1119/418/908 1120/386/909
f 1120/386/909 1119/418/908 1121/419/742
f 1122/385/910 1123/420/911 1124/387/912
f 1124/387/912 1123/420/911 1125/397/913
f 1124/387/912 1125/397/913 1126/410/905
f 1126/410/905 1125/397/913 1127/399/887
f 1126/410/905 1127/399/887 1128/409/900
f 1128/409/900 1127/399/887 1129/421/914
f 1128/409/900 1129/421/914 1130/407/915
f 1130/407/915 1129/421/914 1131/422/916
f 1130/407/915 1131/422/916 1132/405/917
f 1132/405/917 1131/422/916 1133/423/918
f 1132/405/917 1133/423/918 1134/392/894
f 1134/392/894 1133/423/918 1135/424/919
f 1134/392/894 1135/424/919 1136/393/881
f 1136/393/881 1135/424/919 1137/425/920
f 1136/393/881 1137/425/920 1138/411/602
f 1138/411/602 1137/425/920 1139/388/921
f 1138/411/602 1139/388/921 1140/426/626
f 1140/426/626 1139/388/921 1141/390/745
f 1140/426/626 1141/390/745 1142/427/750
f 1143/360/922 1144/233/683 1145/361/923
f 1146/233/683 1147/360/922 1148/253/924
f 1149/428/925 1150/369/926 1151/429/927
f 1151/429/927 1150/369/926 1152/368/928
f 1151/429/927 1152/368/928 1153/366/929
f 1154/229/491 1155/350/930 1156/227/931
f 1157/430/932 1158/431/933 1159/364/934
f 1159/364/934 1158/431/933 1160/363/935
f 1159/364/934 1160/363/935 1161/362/936
f 1161/362/936 1160/363/935 1162/378/937
f 1161/362/936 1162/378/937 1163/375/938
f 1164/432/939 1165/430/932 1166/370/940
f 1166/370/940 1165/430/932 1167/364/934
f 1166/370/940 1167/364/934 1168/369/926
f 1168/369/926 1167/364/934 1169/362/941
f 1168/369/926 1169/362/941 1152/368/928
f 1152/368/928 1169/362/941 1170/367/942
f 1152/368/928 1170/367/942 1153/366/929
f 1171/432/943 1172/370/849 1173/430/932
f 1173/430/932 1172/370/849 1174/364/732
f 1173/430/932 1174/364/732 1175/431/944
f 1175/431/944 1174/364/732 1176/363/839
f 1175/431/944 1176/363/839 1177/433/945
f 1177/433/945 1176/363/839 1178/383/872
f 1177/433/945 1178/383/872 1179/363/946
f 1179/363/946 1178/383/872 1180/377/862
f 1179/363/946 1180/377/862 1181/378/947
f 1181/378/947 1180/377/862 1182/379/948
f 1181/378/947 1182/379/948 1163/375/938
f 1184/229/949 1183/233/498 1185/350/818
f 1186/362/950 1187/375/951 1188/367/489
f 1188/367/489 1187/375/951 1189/376/490
f 1190/359/829 1191/365/952 1192/357/827
f 1193/434/953 1194/435/954 1195/436/955
f 1195/436/955 1194/435/954 1196/437/956
f 1195/436/955 1196/437/956 1197/438/859
f 1197/438/859 1196/437/956 1198/439/829
f 1199/392/957 1200/403/958 1201/394/959
f 1201/394/960 1202/411/961 1203/393/962
f 1201/394/960 1203/393/962 1204/392/963
f 1205/401/964 1206/402/965 1207/389/966
f 1207/389/966 1206/402/965 1208/388/967
f 1209/400/968 1210/401/969 1211/391/970
f 1211/391/970 1210/401/969 1212/389/971
f 1211/391/970 1212/389/971 1213/390/972
f 1213/390/972 1212/389/971 1214/388/967
f 1200/403/958 1199/392/957 1215/404/973
f 1215/404/973 1199/392/957 1216/405/974
f 1215/404/973 1216/405/974 1217/406/975
f 1217/406/975 1216/405/974 1218/407/976
f 1217/406/975 1218/407/976 1219/408/977
f 1219/408/977 1218/407/976 1220/409/978
f 1219/408/977 1220/409/978 1221/410/979
f 1222/411/980 1223/394/981 1224/412/982
f 1224/412/982 1223/394/981 1225/403/958
f 1224/412/982 1225/403/958 1226/413/951
f 1226/413/951 1225/403/958 1227/404/973
f 1226/413/951 1227/404/973 1228/414/983
f 1228/414/983 1227/404/973 1229/406/975
f 1228/414/983 1229/406/975 1230/415/492
f 1230/415/492 1229/406/975 1231/408/984
f 1230/415/492 1231/408/984 1232/416/494
f 1232/416/494 1231/408/984 1233/410/985
f 1232/416/494 1233/410/985 1234/417/986
f 1234/417/986 1233/410/985 1235/387/987
f 1234/417/986 1235/387/987 1236/418/530
f 1236/418/530 1235/387/987 1237/386/970
f 1236/418/530 1237/386/970 1238/419/502
f 1239/427/500 1240/390/988 1241/426/989
f 1241/426/989 1240/390/988 1242/388/990
f 1241/426/989 1242/388/990 1243/411/961
f 1243/411/961 1242/388/990 1244/425/991
f 1243/411/961 1244/425/991 1245/393/962
f 1245/393/962 1244/425/991 1246/424/992
f 1245/393/962 1246/424/992 1247/392/957
f 1247/392/957 1246/424/992 1248/423/993
f 1247/392/957 1248/423/993 1249/405/994
f 1249/405/994 1248/423/993 1250/422/995
f 1249/405/994 1250/422/995 1251/407/996
f 1251/407/996 1250/422/995 1252/421/997
f 1251/407/996 1252/421/997 1253/409/978
f 1253/409/978 1252/421/997 1254/399/998
f 1253/409/978 1254/399/998 1255/410/985
f 1255/410/985 1254/399/998 1256/397/999
f 1255/410/985 1256/397/999 1257/387/1000
f 1257/387/1000 1256/397/999 1258/420/1001
f 1257/387/1000 1258/420/1001 1259/385/1002
f 1260/273/1003 1261/305/1004 1262/275/725
f 1263/269/1005 1264/267/547 1265/318/1006
f 1265/318/1006 1264/267/547 1266/265/545
f 1265/318/1006 1266/265/545 1267/252/517
f 1267/252/517 1266/265/545 1268/264/1007
f 1267/252/517 1268/264/1007 1269/250/542
f 1270/233/832 1271/225/487 1272/253/1008
f 1273/344/1009 1274/299/1010 1275/343/789
f 1275/343/789 1274/299/1010 1276/298/1011
f 1277/330/734 1278/322/759 1279/328/1012
f 1274/299/1010 1280/289/1013 1276/298/1011
f 1276/298/1011 1280/289/1013 1281/291/1014
f 1276/298/1011 1281/291/1014 1282/297/1015
f 1282/297/1015 1281/291/1014 1283/293/1016
f 1282/297/1015 1283/293/1016 1284/296/1017
f 1285/275/1018 1286/273/1019 1287/274/557
f 1287/274/557 1286/273/1019 1288/272/1020
f 1287/274/557 1288/272/1020 1289/278/559
f 1289/278/559 1288/272/1020 1290/339/1021
f 1289/278/559 1290/339/1021 1291/280/1022
f 1291/280/1022 1290/339/1021 1292/338/1023
f 1291/280/1022 1292/338/1023 1293/282/735
f 1294/273/1024 1295/271/1025 1296/272/1026
f 1296/272/1026 1295/271/1025 1297/270/730
f 1296/272/1026 1297/270/730 1298/339/1021
f 1298/339/1021 1297/270/730 1299/337/1027
f 1298/339/1021 1299/337/1027 1300/338/1023
f 1301/258/786 1302/286/1028 1303/344/1029
f 1303/344/1029 1302/286/1028 1304/287/1030
f 1303/344/1029 1304/287/1030 1305/299/1010
f 1305/299/1010 1304/287/1030 1306/288/570
f 1305/299/1010 1306/288/570 1307/289/1013
f 1307/289/1013 1306/288/570 1308/290/1031
f 1307/289/1013 1308/290/1031 1309/291/1014
f 1309/291/1014 1308/290/1031 1310/292/1032
f 1309/291/1014 1310/292/1032 1311/293/1033
f 1311/293/1033 1310/292/1032 1312/294/1034
f 1311/293/1033 1312/294/1034 1313/296/1035
f 1313/296/1035 1312/294/1034 1314/295/1036
f 1313/296/1035 1314/295/1036 1315/325/796
f 1315/325/796 1314/295/1036 1316/342/1037
f 1315/325/796 1316/342/1037 1317/327/771
f 1318/370/1038 1319/440/1039 1320/369/847
f 1321/431/933 1322/433/945 1323/363/935
f 1324/440/1040 1325/428/1041 1326/369/847
f 1326/369/847 1325/428/1041 1327/429/1042
f 1326/369/847 1327/429/1042 1328/368/1043
f 1328/368/1043 1327/429/1042 1329/366/835
f 1330/354/1044 1331/353/1045 1332/352/1042
f 1332/352/1042 1331/353/1045 1333/351/819
f 1332/352/1042 1333/351/819 1334/350/1046
f 1334/350/1046 1333/351/819 1335/349/817
f 1336/441/1047 1337/254/519 1338/360/1048
f 1338/360/1048 1337/254/519 1339/253/1049
f 1340/253/1008 1337/254/519 1341/360/1050
f 1341/360/1050 1337/254/519 1336/441/1047
f 1341/360/1050 1336/441/1047 1342/361/923
f 1342/361/923 1336/441/1047 1338/360/1048
f 1343/397/1051 1344/420/1052 1345/395/1053
f 1346/442/1054 1347/443/1055 1348/444/1056
f 1349/396/884 1347/443/1055 1350/398/1057
f 1350/398/1057 1347/443/1055 1346/442/1054
f 1350/398/1057 1346/442/1054 1351/399/1058
f 1352/388/921 1353/425/1059 1354/445/1060
f 1354/445/1060 1353/425/1059 1355/424/1061
f 1354/445/1060 1355/424/1061 1356/446/1062
f 1356/446/1062 1355/424/1061 1357/423/1063
f 1356/446/1062 1357/423/1063 1358/447/1064
f 1358/447/1064 1357/423/1063 1359/422/916
f 1358/447/1064 1359/422/916 1360/421/914
f 1361/402/891 1352/388/921 1362/448/1065
f 1362/448/1065 1352/388/921 1354/445/1060
f 1362/448/1065 1354/445/1060 1363/449/1066
f 1363/449/1066 1354/445/1060 1356/446/1062
f 1363/449/1066 1356/446/1062 1348/444/1056
f 1348/444/1056 1356/446/1062 1358/447/1064
f 1348/444/1056 1358/447/1064 1346/442/1054
f 1346/442/1054 1358/447/1064 1360/421/914
f 1346/442/1054 1360/421/914 1351/399/1058
f 1364/397/1067 1365/399/998 1366/398/1068
f 1367/398/1068 1368/396/1069 1369/397/1067
f 1369/397/1067 1368/396/1069 1370/395/1070
f 1369/397/1067 1370/395/1070 1371/420/1071
f 1372/387/1000 1373/385/1072 1374/386/1073
f 1374/386/1073 1373/385/1072 1375/384/1074
f 1376/398/1075 1377/399/1076 1378/442/1077
f 1379/396/1069 1376/398/1075 1380/443/1078
f 1380/443/1078 1376/398/1075 1378/442/1077
f 1380/443/1078 1378/442/1077 1381/444/1079
f 1382/421/997 1383/422/995 1384/447/1080
f 1384/447/1080 1383/422/995 1385/423/1081
f 1384/447/1080 1385/423/1081 1386/446/1082
f 1386/446/1082 1385/423/1081 1387/424/1083
f 1386/446/1082 1387/424/1083 1388/445/1084
f 1388/445/1084 1387/424/1083 1389/425/991
f 1388/445/1084 1389/425/991 1390/388/1085
f 1377/399/1076 1382/421/997 1378/442/1077
f 1378/442/1077 1382/421/997 1384/447/1080
f 1378/442/1077 1384/447/1080 1381/444/1079
f 1381/444/1079 1384/447/1080 1386/446/1082
f 1381/444/1079 1386/446/1082 1391/449/1086
f 1391/449/1086 1386/446/1082 1388/445/1084
f 1391/449/1086 1388/445/1084 1392/448/1087
f 1392/448/1087 1388/445/1084 1390/388/1085
f 1392/448/1087 1390/388/1085 1393/402/965
f 1394/369/926 1395/428/1088 1396/440/1089
f 1397/369/926 1396/440/1089 1398/370/1090
f 1399/353/1045 1400/354/1091 1401/450/1092
f 1401/450/1092 1402/451/1093 1399/353/1045
f 1399/353/1045 1402/451/1093 1403/450/1094
f 1399/353/1045 1403/450/1094 1404/354/822
f 1405/452/1095 1406/370/1096 1407/453/1097
f 1407/453/1097 1406/370/1096 1408/440/1098
f 1407/453/1097 1408/440/1098 1409/454/1099
f 1409/454/1099 1408/440/1098 1410/428/925
f 1409/454/1099 1410/428/925 1411/455/1100
f 1412/455/1101 1413/428/1102 1414/454/1103
f 1414/454/1103 1413/428/1102 1415/440/1039
f 1414/454/1103 1415/440/1039 1416/453/1104
f 1416/453/1104 1415/440/1039 1417/370/849
f 1416/453/1104 1417/370/849 1405/452/1095
f 1405/452/1095 1417/370/849 1418/432/943
f 1405/452/1095 1418/432/943 1406/370/1096
o editpl_f-0000-26
v 18.750666 -12.865553 4.414294
v 18.060213 -9.243306 4.894397
v 14.480973 -11.883791 8.468508
v 10.772109 -12.454881 8.558528
v 8.504993 -7.430578 9.484284
v 7.132025 -13.427016 9.116427
v -18.824736 -13.625936 -2.239375
v -19.922581 -21.810480 -1.209150
v -19.189802 -21.512102 5.353387
v -4.063350 -21.749521 7.909498
v -9.250998 -23.475622 10.495616
v -3.851717 -23.822126 8.382935
v 4.613595 -4.825383 11.270227
v 0.000000 -5.297013 11.641419
v 0.000000 -8.312879 11.161315
v -4.613595 -4.825383 11.270227
v 17.406797 -14.578822 -7.548306
v 13.708514 -9.265766 -11.147977
v 17.880325 -9.021929 -3.229590
v 12.523370 -4.122753 -8.537411
v -12.523370 -4.122753 -8.537411
v -13.708514 -9.265766 -10.357805
v -17.880325 -9.021929 -3.229590
v -17.406797 -14.578822 -7.548306
v -1.722162 -21.983732 4.873282
v -1.489366 -23.918379 4.570995
v -0.849177 -23.167620 -6.853710
v -1.103136 -24.239216 -5.857938
v 1.722162 -21.983732 4.873282
v 0.000000 -22.282110 -0.799061
v 0.335967 -22.676741 -6.173562
v -14.459810 -22.830742 9.667658
v -9.653100 -18.008566 9.267570
v -3.698283 -14.328568 9.252012
v 0.000000 -8.312879 11.161315
v -5.179712 -7.940708 10.623421
v -4.613595 -4.825383 11.270227
v -7.790732 -4.260712 9.467613
v 14.480973 -11.883791 8.468508
v 10.772109 -12.454881 8.558528
v 8.949421 -15.281452 8.921940
v -14.480973 -11.883791 8.468508
v -8.949421 -15.281452 8.921940
v -10.772109 -12.454881 8.558528
v -18.824736 -13.625936 -2.239375
v -17.880325 -9.021929 -3.229590
v -18.750666 -12.865553 4.414294
v -18.060213 -9.243306 4.894397
v 18.750666 -12.865553 4.414294
v 17.880325 -9.021929 -3.229590
v 18.724211 -13.625936 -2.239375
v 17.406797 -14.578822 -7.548306
v 7.132025 -13.427016 9.116427
v 4.571268 -19.638416 7.418281
v 9.653100 -18.008566 9.267570
v 14.459810 -22.830742 9.667658
v 19.189802 -21.512102 5.353387
v 18.724211 -13.625936 -2.239375
v -18.824736 -13.625936 -2.239375
v -18.750666 -12.865553 4.414294
v -9.653100 -18.008566 9.267570
v -8.504993 -7.430578 9.484284
v -5.179712 -7.940708 10.623421
v -7.132025 -13.427016 9.116427
v -3.698283 -14.328568 9.252012
v -4.571268 -19.638416 7.418281
v 0.000000 -20.588093 7.473847
v -0.849177 -23.167620 -6.853710
v -0.335967 -22.676741 -6.173562
v -1.722162 -21.983732 4.873282
v 0.000000 -22.282110 -0.799061
v 0.000000 -22.471403 4.212028
v 1.722162 -21.983732 4.873282
v 4.571268 -19.638416 7.418281
v 4.063350 -21.749521 7.909498
v 9.653100 -18.008566 9.267570
v 9.250998 -23.475622 10.495616
v 14.459810 -22.830742 9.667658
v -4.063350 -21.749521 7.909498
v -4.571268 -19.638416 7.418281
v -7.132025 -13.427016 9.116427
v -8.504993 -7.430578 9.484284
v -11.441398 -6.715113 9.054191
v -7.790732 -4.260712 9.467613
v -10.740364 -3.596579 8.654103
v -1.489366 -23.918379 4.570995
v -1.722162 -21.983732 4.873282
v -4.571268 -19.638416 7.418281
v 0.000000 -22.471403 4.212028
v 0.000000 -20.588093 7.473847
v 4.571268 -19.638416 7.418281
v 3.698283 -14.328568 9.252012
v 5.179712 -7.940708 10.623421
v 8.504993 -7.430578 9.484284
v 7.790732 -4.260712 9.467613
v 11.441398 -6.715113 9.054191
v 10.740364 -3.596579 8.654103
v 13.367256 -3.160242 7.745017
v 0.849177 -23.167620 -6.853710
v 0.335967 -22.676741 -6.173562
v 0.656062 -20.870428 -9.959940
v 2.338542 -4.215796 -11.807010
v 1.711580 -8.960971 -14.008599
v 0.000000 -9.073264 -13.108403
v 1.193080 -15.923128 -14.693192
v 0.000000 -16.789389 -12.822786
v 0.656062 -20.870428 -9.959940
v 0.000000 -19.689751 -8.008405
v 0.335967 -22.676741 -6.173562
v 0.000000 -22.282110 -0.799061
v -11.441398 -6.715113 9.054191
v -10.740364 -3.596579 8.654103
v -13.367256 -3.144200 7.745016
v -6.695532 -0.118711 -8.184001
v -7.150543 -2.290775 -9.607643
v -11.261510 -0.455589 -7.101543
v -12.523370 -4.122753 -8.537411
v -15.629081 -1.376390 -2.517214
v -17.880325 -9.021929 -3.229590
v -16.226944 -2.419109 4.110893
v -18.060213 -9.243306 4.894397
v -14.480973 -11.883791 8.468508
v -11.441398 -6.715113 9.054191
v -10.772109 -12.454881 8.558528
v -19.922581 -21.810480 -1.209150
v -18.824736 -13.625936 -2.239375
v -17.774509 -18.961451 -6.375829
v -17.406797 -14.578822 -7.548306
v -14.205851 -15.268620 -12.820563
v -13.708514 -9.265766 -10.357805
v -8.957358 -9.374850 -13.539608
v -12.523370 -4.122753 -8.537411
v -8.084372 -5.576143 -11.227996
v -7.150543 -2.290775 -9.607643
v -2.338542 -4.215796 -11.807010
v -6.695532 -0.118711 -8.184001
v -4.065995 0.279127 -9.040854
v 2.338542 -4.215796 -11.807010
v 2.044902 0.279127 -9.624314
v 4.065995 0.279127 -9.040854
v 1.711580 -8.960971 -14.008599
v 2.338542 -4.215796 -11.807010
v 8.084372 -5.576143 -11.227996
v 8.288069 -15.493207 -15.267761
v 13.573598 -20.908932 -12.852791
v 5.595042 -20.754930 -14.720975
v 13.443973 -25.923609 -10.394479
v 5.177067 -25.111891 -12.279333
v 18.041695 -24.316216 -5.850158
v 17.774509 -18.961451 -6.375829
v 14.205851 -15.268620 -12.820563
v 8.288069 -15.493207 -15.267761
v 8.957358 -9.374850 -13.539608
v 1.103136 -24.239216 -5.857938
v 0.849177 -23.167620 -6.853710
v 0.656062 -20.870428 -9.959940
v 1.193080 -15.923128 -14.693192
v 1.711580 -8.960971 -14.008599
v 8.084372 -5.576143 -11.227996
v 8.504993 -7.430578 9.484284
v 10.772109 -12.454881 8.558528
v 11.441398 -6.715113 9.054191
v 14.480973 -11.883791 8.468508
v 13.367256 -3.160242 7.745017
v 18.060213 -9.243306 4.894397
v 16.226944 -2.419109 4.110893
v 17.880325 -9.021929 -3.229590
v 15.629081 -1.376390 -2.517214
v 12.523370 -4.122753 -8.537411
v 11.261510 -0.455589 -7.101543
v 7.150543 -2.290775 -9.607643
v 6.695532 -0.118711 -8.184001
v 4.065995 0.279127 -9.040854
v 2.338542 -4.215796 -11.807010
v 12.523370 -4.122753 -8.537411
v 8.957358 -9.374850 -13.539608
v 13.708514 -9.265766 -11.147977
v 14.205851 -15.268620 -12.820563
v 17.406797 -14.578822 -7.548306
v 17.774509 -18.961451 -6.375829
v 18.724211 -13.625936 -2.239375
v 19.922581 -21.810480 -1.209150
v 19.189802 -21.512102 5.353387
v 0.000000 -8.312879 11.161315
v -3.698283 -14.328568 9.252012
v 0.000000 -14.665446 9.580972
v 0.000000 -14.665446 9.580972
v 3.698283 -14.328568 9.252012
v 0.000000 -8.312879 11.161315
v 5.179712 -7.940708 10.623421
v 4.613595 -4.825383 11.270227
v 7.790732 -4.260712 9.467613
v -2.044902 0.279127 -9.624314
v -2.338542 -4.215796 -11.807010
v -4.065995 0.279127 -9.040854
v 2.044902 0.279127 -9.624314
v 2.338542 -4.215796 -11.807010
v 0.000000 -4.430756 -10.971273
v -2.338542 -4.215796 -11.807010
v -2.044902 0.279127 -9.624314
v 0.000000 -4.430756 -10.971273
v 0.000000 0.279127 -8.989731
v 2.044902 0.279127 -9.624314
v 19.097214 -30.768242 -0.346740
v 18.041695 -24.316216 -5.850158
v 19.922581 -21.810480 -1.209150
v 19.922581 -21.810480 -1.209150
v 18.041695 -24.316216 -5.850158
v 17.774509 -18.961451 -6.375829
v 1.489366 -23.918379 4.570995
v 0.849177 -23.167620 -6.853710
v 1.103136 -24.239216 -5.857938
v 19.097214 -30.768242 -0.346740
v 17.174002 -30.777866 -5.639000
v 18.041695 -24.316216 -5.850158
v 12.428135 -30.627073 -9.253120
v 13.443973 -25.923609 -10.394479
v 4.997179 -30.136194 -11.155756
v 5.177067 -25.111891 -12.279333
v 1.166626 -29.010057 -5.088881
v 1.103136 -24.239216 -5.857938
v 1.103136 -24.239216 -5.857938
v 1.166626 -29.010057 -5.088881
v 1.489366 -23.918379 4.570995
v 1.166626 -29.472061 4.612115
v 3.851717 -23.822126 8.382935
v 3.759127 -30.832411 8.700782
v 9.250998 -23.475622 10.495616
v 8.491766 -31.952129 10.391150
v 14.459810 -22.830742 9.667658
v 14.221723 -31.737169 9.685441
v 19.189802 -21.512102 5.353387
v 0.335967 -22.676741 -6.173562
v 1.722162 -21.983732 4.873282
v 4.063350 -21.749521 7.909498
v 3.851717 -23.822126 8.382935
v 9.250998 -23.475622 10.495616
v -1.711580 -8.960971 -14.008599
v -8.084372 -5.576143 -11.227996
v -2.338542 -4.215796 -11.807010
v -19.922581 -21.810480 -1.209150
v -18.041695 -24.316216 -5.850158
v -19.097214 -30.768242 -0.346740
v 0.000000 -16.789389 -12.822786
v 0.000000 -19.689751 -8.008405
v -0.656062 -20.870428 -9.959940
v -1.103136 -24.239216 -5.857938
v -5.177067 -25.111891 -12.279333
v -0.849177 -23.167620 -6.853710
v -0.656062 -20.870428 -9.959940
v -0.335967 -22.676741 -6.173562
v 0.000000 -22.282110 -0.799061
v -1.103136 -24.239216 -5.857938
v -1.166626 -29.010057 -5.088881
v -5.177067 -25.111891 -12.279333
v -4.997179 -30.136194 -11.155756
v -13.443973 -25.923609 -10.394479
v -12.428135 -30.627073 -9.253120
v -18.041695 -24.316216 -5.850158
v -17.174002 -30.777866 -5.639000
v -19.097214 -30.768242 -0.346740
v 0.000000 -9.073264 -13.108403
v -1.193080 -15.923128 -14.693192
v -5.595042 -20.754930 -14.720975
v -5.177067 -25.111891 -12.279333
v -13.443973 -25.923609 -10.394479
v -8.084372 -5.576143 -11.227996
v -1.711580 -8.960971 -14.008599
v -8.957358 -9.374850 -13.539608
v -8.190189 -15.493207 -15.267761
v -14.205851 -15.268620 -12.820563
v -13.573598 -20.908932 -12.852791
v -17.774509 -18.961451 -6.375829
v -2.338542 -4.215796 -11.807010
v 0.000000 -9.073264 -13.108403
v -1.711580 -8.960971 -14.008599
v -1.193080 -15.923128 -14.693192
v -18.041695 -24.316216 -5.850158
v -19.922581 -21.810480 -1.209150
v -19.189802 -21.512102 5.353387
v -14.221723 -31.737169 9.685441
v -14.459810 -22.830742 9.667658
v -8.491766 -31.952129 10.391150
v -9.250998 -23.475622 10.495616
v -3.759127 -30.832411 8.700782
v -3.851717 -23.822126 8.382935
v -1.166626 -29.472061 4.612115
v -1.489366 -23.918379 4.570995
v -1.166626 -29.010057 -5.088881
v -1.103136 -24.239216 -5.857938
v -2.338542 -4.215796 -11.807010
v 0.000000 -4.430756 -10.971273
v 0.000000 -9.073264 -13.108403
v 2.338542 -4.215796 -11.807010
v 3.698283 -14.328568 9.252012
v 0.000000 -14.665446 9.580972
v 0.000000 -20.588093 7.473847
v -3.698283 -14.328568 9.252012
v 9.999649 -93.013779 -4.987744
v 9.880606 -95.211510 -5.790140
v 6.700823 -93.013779 -2.893955
v 12.007515 -95.333427 -2.893955
v 12.078941 -99.873268 -6.848147
v 9.880606 -95.211510 -5.790140
v 9.880606 -95.211510 -5.790140
v 9.999649 -93.013779 -4.987744
v 12.007515 -95.333427 -2.893955
v 6.700823 -93.013779 -0.665693
v 8.642554 -94.810463 4.794382
v 8.700753 -93.013779 2.827288
v 11.211247 -94.810463 4.547662
v 11.044586 -93.013779 2.580568
v 12.007515 -95.333427 0.153374
v 12.078941 -99.873268 -6.848147
v 12.007515 -95.333427 -2.893955
v 13.557725 -98.833755 -1.643683
v 12.007515 -95.333427 0.153374
v 11.211247 -94.810463 4.547662
v 9.880606 -95.211510 -5.790140
v 7.605553 -99.873268 -6.699226
v 6.700823 -93.013779 -2.893955
v 5.502452 -97.152573 -0.183366
v 6.700823 -93.013779 -0.665693
v 8.642554 -94.810463 4.794382
v 6.727277 -55.193542 8.000632
v 6.975946 -50.859039 7.538309
v 2.097810 -50.602367 2.673918
v 2.439068 -57.352772 1.553675
v 2.097810 -50.602367 2.673918
v 2.097810 -50.602367 -2.778378
v 6.759022 -63.291462 5.391177
v 2.439068 -57.352772 1.553675
v 4.552750 -63.766300 1.883748
v 11.256219 -62.733204 4.987756
v 14.002154 -59.332336 1.353631
v 12.975735 -57.843655 3.210702
v 14.028608 -50.339283 0.342301
v 14.028608 -50.339283 3.314058
v 7.171706 -61.478733 6.508086
v 6.727277 -55.193542 8.000632
v 4.809355 -56.813766 3.997539
v 2.097810 -50.602367 2.673918
v 11.869954 -54.875916 7.597211
v 11.547214 -50.859039 7.143779
v 6.975946 -50.859039 7.538309
v 4.552750 -62.126823 -2.238259
v 4.552750 -63.766300 1.883748
v 2.439068 -57.352772 -1.693697
v 2.439068 -57.352772 1.553675
v 2.097810 -50.602367 -2.778378
v 6.975946 -50.859039 7.538309
v 6.727277 -55.193542 8.000632
v 11.869954 -54.875916 7.597211
v 7.171706 -61.478733 6.508086
v 11.282673 -60.917271 6.104665
v 2.097810 -50.602367 -2.778378
v 5.714085 -38.304695 -9.480947
v 6.634688 -50.859039 -5.795700
v 11.798528 -38.304695 -8.377373
v 11.174211 -50.859039 -5.232244
v 13.279957 -50.339283 -3.028432
v 14.316958 -59.572964 -2.953970
v 14.002154 -59.332336 1.353631
v 14.676734 -64.302094 1.778169
v 14.676734 -64.302094 1.778169
v 15.234915 -63.560963 -3.420738
v 14.316958 -59.572964 -2.953970
v 11.719166 -59.492756 -5.567873
v 11.174211 -50.859039 -5.232244
v 6.359565 -59.492756 -6.130217
v 6.634688 -50.859039 -5.795700
v 2.439068 -57.352772 -1.693697
v 2.097810 -50.602367 -2.778378
v 15.234915 -63.560963 -3.420738
v 12.314383 -62.826248 -6.450286
v 11.719166 -59.492756 -5.567873
v 6.520935 -63.246544 -6.920388
v 6.359565 -59.492756 -6.130217
v 4.552750 -62.126823 -2.238259
v 2.439068 -57.352772 -1.693697
v 2.097810 -50.602367 2.673918
v 2.439068 -57.352772 1.553675
v 4.809355 -56.813766 3.997539
v 6.759022 -63.291462 5.391177
v 11.256219 -62.733204 4.987756
v 12.975735 -57.843655 3.210702
v 14.028608 -50.339283 3.314058
v 11.547214 -50.859039 7.143779
v 13.279957 -50.339283 -3.028432
v 14.028608 -50.339283 0.342301
v 14.002154 -59.332336 1.353631
v 12.314383 -62.826248 -6.450286
v 12.809074 -69.072937 -8.317358
v 6.999754 -70.754128 -8.510733
v 11.613349 -66.108406 5.252257
v 12.089523 -71.411842 5.127786
v 15.803678 -70.112450 1.613689
v 6.528871 -85.666618 -2.868395
v 6.700823 -93.013779 -2.893955
v 6.700823 -93.013779 -0.665693
v 4.552750 -62.126823 -2.238259
v 4.433707 -71.732674 -3.823047
v 4.433707 -71.954056 0.913537
v 5.026279 -77.141983 1.365858
v 8.290714 -77.985786 4.543216
v 6.520935 -63.246544 -6.920388
v 4.433707 -71.732674 -3.823047
v 4.552750 -62.126823 -2.238259
v 11.256219 -62.733204 4.987756
v 6.759022 -63.291462 5.391177
v 7.221969 -66.817459 5.315605
v 5.026279 -77.283150 -3.765257
v 6.528871 -85.666618 0.343414
v 8.391240 -84.903023 3.099568
v 11.121303 -84.303062 3.237376
v 16.290434 -68.851562 -3.783039
v 15.234915 -63.560963 -3.420738
v 14.676734 -64.302094 1.778169
v 14.002154 -59.332336 1.353631
v 6.528871 -85.666618 -2.868395
v 5.026279 -77.283150 -3.765257
v 8.251033 -85.124397 -5.679006
v 7.311913 -76.981567 -7.548301
v 11.245637 -84.524437 -5.152225
v 12.052487 -75.711052 -7.486065
v 13.520690 -83.863510 -3.408512
v 15.846005 -75.030876 -3.825270
v 13.520690 -83.863510 0.273399
v 15.017992 -76.670357 1.340297
v 11.806464 -77.985786 4.529879
v 7.930939 -72.371140 5.191133
v 4.552750 -63.766300 1.883748
v 8.700753 -93.013779 2.827288
v 11.044586 -93.013779 2.580568
v 12.007515 -95.333427 0.153374
v 12.007515 -95.333427 -2.893955
v 9.999649 -93.013779 -4.987744
v 6.700823 -93.013779 -2.893955
v -9.999649 -93.013779 -4.987744
v -9.880606 -95.211510 -5.790140
v -12.007515 -95.333427 -2.893955
v -6.700823 -93.013779 -2.893955
v -7.605553 -99.873268 -6.699226
v -9.880606 -95.211510 -5.790140
v -8.700753 -93.013779 2.827288
v -8.642554 -94.810463 4.794382
v -6.700823 -93.013779 -0.665693
v -9.880606 -95.211510 -5.790140
v -9.999649 -93.013779 -4.987744
v -6.700823 -93.013779 -2.893955
v -9.880606 -95.211510 -5.790140
v -12.078941 -99.873268 -6.848147
v -12.007515 -95.333427 -2.893955
v -11.211247 -94.810463 4.547662
v -12.007515 -95.333427 0.153374
v -13.557725 -98.833755 -1.643683
v -12.007515 -95.333427 -2.893955
v -12.078941 -99.873268 -6.848147
v -7.605553 -99.873268 -6.699226
v -6.700823 -93.013779 -2.893955
v -5.502452 -97.152573 -0.183366
v -6.700823 -93.013779 -0.665693
v -8.642554 -94.810463 4.794382
v -8.642554 -94.810463 4.794382
v -8.700753 -93.013779 2.827288
v -11.211247 -94.810463 4.547662
v -11.044586 -93.013779 2.580568
v -12.007515 -95.333427 0.153374
v -11.798528 -38.304695 -8.377373
v -5.714085 -38.304695 -9.480947
v -6.634688 -50.859039 -5.795700
v -2.097810 -50.602367 -2.778378
v -2.439068 -57.352772 -1.693697
v -6.759022 -63.291462 5.391177
v -7.171706 -61.478733 6.508086
v -11.256219 -62.733204 4.987756
v -11.282673 -60.917271 6.104665
v -2.097810 -50.602367 2.673918
v -6.975946 -50.859039 7.538309
v -6.727277 -55.193542 8.000632
v -11.869954 -54.875916 7.597211
v -6.520935 -63.246544 -6.920388
v -12.314383 -62.826248 -6.450286
v -11.719166 -59.492756 -5.567873
v -15.234915 -63.560963 -3.420738
v -14.316958 -59.572964 -2.953970
v -14.676734 -64.302094 1.778169
v -14.002154 -59.332336 1.353631
v -13.279957 -50.339283 -3.028432
v -11.798528 -38.304695 -8.377373
v -11.174211 -50.859039 -5.232244
v -6.634688 -50.859039 -5.795700
v -6.359565 -59.492756 -6.130217
v -4.552750 -62.126823 -2.238259
v -4.552750 -62.126823 -2.238259
v -2.439068 -57.352772 -1.693697
v -4.552750 -63.766300 1.883748
v -2.439068 -57.352772 1.553675
v -6.759022 -63.291462 5.391177
v -4.809355 -56.813766 3.997539
v -7.171706 -61.478733 6.508086
v -14.002154 -59.332336 1.353631
v -11.256219 -62.733204 4.987756
v -12.975735 -57.843655 3.210702
v -11.869954 -54.875916 7.597211
v -6.727277 -55.193542 8.000632
v -2.097810 -50.602367 2.673918
v -2.439068 -57.352772 1.553675
v -2.097810 -50.602367 -2.778378
v -2.439068 -57.352772 -1.693697
v -4.552750 -62.126823 -2.238259
v -6.520935 -63.246544 -6.920388
v -6.359565 -59.492756 -6.130217
v -11.719166 -59.492756 -5.567873
v -11.174211 -50.859039 -5.232244
v -14.316958 -59.572964 -2.953970
v -13.279957 -50.339283 -3.028432
v -14.002154 -59.332336 1.353631
v -14.028608 -50.339283 0.342301
v -12.975735 -57.843655 3.210702
v -14.028608 -50.339283 3.314058
v -11.869954 -54.875916 7.597211
v -11.547214 -50.859039 7.143779
v -6.975946 -50.859039 7.538309
v -8.700753 -93.013779 2.827288
v -8.391240 -84.903023 3.099568
v -11.121303 -84.303062 3.237376
v -6.759022 -63.291462 5.391177
v -7.221969 -66.817459 5.315605
v -4.552750 -63.766300 1.883748
v -15.803678 -70.112450 1.613689
v -14.676734 -64.302094 1.778169
v -15.234915 -63.560963 -3.420738
v -6.700823 -93.013779 -0.665693
v -6.528871 -85.666618 -2.868395
v -5.026279 -77.283150 -3.765257
v -6.528871 -85.666618 0.343414
v -5.026279 -77.141983 1.365858
v -8.290714 -77.985786 4.543216
v -11.613349 -66.108406 5.252257
v -11.256219 -62.733204 4.987756
v -14.002154 -59.332336 1.353631
v -11.044586 -93.013779 2.580568
v -13.520690 -83.863510 0.273399
v -12.007515 -95.333427 0.153374
v -13.520690 -83.863510 -3.408512
v -12.007515 -95.333427 -2.893955
v -11.245637 -84.524437 -5.152225
v -9.999649 -93.013779 -4.987744
v -8.251033 -85.124397 -5.679006
v -6.700823 -93.013779 -2.893955
v -6.528871 -85.666618 -2.868395
v -15.846005 -75.030876 -3.825270
v -12.809074 -69.072937 -8.317358
v -12.052487 -75.711052 -7.486065
v -6.999754 -70.754128 -8.510733
v -7.311913 -76.981567 -7.548301
v -4.433707 -71.732674 -3.823047
v -5.026279 -77.283150 -3.765257
v -12.089523 -71.411842 5.127786
v -7.930939 -72.371140 5.191133
v -4.433707 -71.954056 0.913537
v -4.552750 -62.126823 -2.238259
v -4.433707 -71.732674 -3.823047
v -11.806464 -77.985786 4.529879
v -6.700823 -93.013779 -2.893955
v -15.017992 -76.670357 1.340297
v -16.290434 -68.851562 -3.783039
v -12.314383 -62.826248 -6.450286
v -4.552750 -62.126823 -2.238259
v -6.520935 -63.246544 -6.920388
v 17.174002 -30.777866 -5.639000
v 15.287823 -39.738838 -4.658787
v 12.428135 -30.627073 -9.253120
v 2.505203 -40.463928 3.454087
v 1.166626 -29.472061 4.612115
v 1.166626 -29.010057 -5.088881
v 11.547214 -50.859039 7.143779
v 12.586860 -41.882027 8.705228
v 6.975946 -50.859039 7.538309
v 18.568132 -30.996037 5.043320
v 19.097214 -30.768242 -0.346740
v 19.922581 -21.810480 -1.209150
v 2.097810 -50.602367 -2.778378
v 2.505203 -39.145290 -4.323159
v 5.714085 -38.304695 -9.480947
v 2.505203 -39.145290 -4.323159
v 2.097810 -50.602367 -2.778378
v 2.097810 -50.602367 2.673918
v 16.830097 -41.522690 -0.274501
v 16.084091 -42.222115 4.393180
v 11.798528 -38.304695 -8.377373
v 4.997179 -30.136194 -11.155756
v 1.166626 -29.010057 -5.088881
v 3.759127 -30.832411 8.700782
v 4.322600 -40.948391 7.172673
v 8.491766 -31.952129 10.391150
v 7.346303 -41.683109 9.210894
v 14.221723 -31.737169 9.685441
v 14.028608 -50.339283 3.314058
v 14.028608 -50.339283 0.342301
v 13.279957 -50.339283 -3.028432
v 19.189802 -21.512102 5.353387
v -6.137351 -100.113892 0.980221
v -7.647880 -104.932861 -1.213589
v -7.274877 -104.932861 -6.850370
v -7.605553 -99.873268 -6.699226
v -9.758917 -99.873268 -7.933939
v -9.880606 -95.211510 -5.790140
v -12.078941 -99.873268 -6.848147
v -14.663507 -103.553261 2.072681
v -15.390994 -104.932861 10.113317
v -15.801033 -102.391830 10.422273
v -9.758917 -99.873268 -7.933939
v -9.811825 -104.932861 -8.159543
v -12.491625 -104.932861 -7.148212
v -13.409582 -104.932861 -1.213589
v -13.557725 -98.833755 -1.643683
v -12.078941 -99.873268 -6.848147
v -8.946776 -98.423080 10.694553
v -12.219148 -98.423080 10.446723
v -13.039225 -102.452789 19.293089
v -13.240276 -104.932861 19.860991
v -8.417694 -102.093452 20.241072
v -8.351559 -104.932861 20.807863
v -4.954853 -101.891327 13.784115
v -5.470708 -104.932861 13.414034
v -7.830413 -103.553261 2.072681
v -8.351559 -104.932861 20.807863
v -13.240276 -104.932861 19.860991
v -5.470708 -104.932861 13.414034
v -15.390994 -104.932861 10.113317
v -7.830413 -103.553261 2.072681
v -14.663507 -103.553261 2.072681
v -7.647880 -104.932861 -1.213589
v -13.409582 -104.932861 -1.213589
v -7.274877 -104.932861 -6.850370
v -12.491625 -104.932861 -7.148212
v -9.811825 -104.932861 -8.159543
v -13.240276 -104.932861 19.860991
v -8.351559 -104.932861 20.807863
v -11.211247 -94.810463 4.547662
v -8.642554 -94.810463 4.794382
v -5.502452 -97.152573 -0.183366
v -9.811825 -104.932861 -8.159543
v 13.039225 -102.452789 19.293089
v 12.219148 -98.423080 10.446723
v 8.946776 -98.423080 10.694553
v 13.557725 -98.833755 -1.643683
v 14.663507 -103.553261 2.072681
v 14.155588 -104.932861 -1.213589
v 12.491625 -104.932861 -7.148212
v 9.811825 -104.932861 -8.159543
v 9.758917 -99.873268 -7.933939
v 15.801033 -102.391830 10.422273
v 15.390994 -104.932861 10.113317
v 7.830413 -103.553261 2.072681
v 5.470708 -104.932861 13.414034
v 4.954853 -101.891327 13.784115
v 8.351559 -104.932861 20.807863
v 8.417694 -102.093452 20.241072
v 12.078941 -99.873268 -6.848147
v 9.758917 -99.873268 -7.933939
v 9.880606 -95.211510 -5.790140
v 7.605553 -99.873268 -6.699226
v 7.274877 -104.932861 -6.850370
v 7.647880 -104.932861 -1.213589
v 6.137351 -100.113892 0.980221
v 13.240276 -104.932861 19.860991
v 12.078941 -99.873268 -6.848147
v 8.351559 -104.932861 20.807863
v 13.240276 -104.932861 19.860991
v 9.811825 -104.932861 -8.159543
v 12.491625 -104.932861 -7.148212
v 7.274877 -104.932861 -6.850370
v 14.155588 -104.932861 -1.213589
v 7.647880 -104.932861 -1.213589
v 14.663507 -103.553261 2.072681
v 7.830413 -103.553261 2.072681
v 15.390994 -104.932861 10.113317
v 5.470708 -104.932861 13.414034
v 13.240276 -104.932861 19.860991
v 8.351559 -104.932861 20.807863
v 11.211247 -94.810463 4.547662
v 8.642554 -94.810463 4.794382
v 5.502452 -97.152573 -0.183366
v 9.811825 -104.932861 -8.159543
v -2.097810 -50.602367 2.673918
v -4.322600 -40.948391 7.172673
v -6.975946 -50.859039 7.538309
v -2.097810 -50.602367 -2.778378
v -2.505203 -39.145290 -4.323159
v -4.997179 -30.136194 -11.155756
v -1.166626 -29.010057 -5.088881
v -2.505203 -39.145290 -4.323159
v -2.505203 -40.463928 3.454087
v -1.166626 -29.010057 -5.088881
v -12.428135 -30.627073 -9.253120
v -5.714085 -38.304695 -9.480947
v -2.097810 -50.602367 -2.778378
v -14.221723 -31.737169 9.685441
v -19.189802 -21.512102 5.353387
v -18.568132 -30.996037 5.043320
v -19.922581 -21.810480 -1.209150
v -19.097214 -30.768242 -0.346740
v -11.798528 -38.304695 -8.377373
v -13.279957 -50.339283 -3.028432
v -15.287823 -39.738838 -4.658787
v -14.028608 -50.339283 0.342301
v -16.830097 -41.522690 -0.274501
v -14.028608 -50.339283 3.314058
v -16.084091 -42.222115 4.393180
v -11.547214 -50.859039 7.143779
v -12.586860 -41.882027 8.705228
v -7.346303 -41.683109 9.210894
v -17.174002 -30.777866 -5.639000
v -8.491766 -31.952129 10.391150
v -3.759127 -30.832411 8.700782
v -1.166626 -29.472061 4.612115
vn 0.9147 0.1183 0.3864
vn 0.8735 0.1889 0.4486
vn 0.3292 0.0862 0.9403
vn 0.1018 -0.0235 0.9945
vn 0.2275 -0.0392 0.9730
vn 0.1254 -0.1567 0.9796
vn -0.9859 0.1017 -0.1330
vn -0.9920 -0.0000 -0.1260
vn -0.9049 0.0236 0.4249
vn 0.6150 0.2208 0.7570
vn 0.1963 0.1178 0.9734
vn 0.6862 0.1183 0.7177
vn 0.2438 -0.1416 0.9594
vn -0.0000 -0.1569 0.9876
vn -0.0000 -0.2036 0.9790
vn -0.2438 -0.1416 0.9594
vn 0.9070 0.1095 -0.4066
vn 0.6864 0.3471 -0.6390
vn 0.9409 0.2509 -0.2274
vn 0.5342 0.4635 -0.7070
vn -0.5511 0.4408 -0.7085
vn -0.7015 0.3468 -0.6226
vn -0.9364 0.2597 -0.2361
vn -0.8986 0.1341 -0.4178
vn 0.6283 -0.6362 0.4478
vn 0.9634 0.0313 0.2663
vn 0.8843 -0.4421 -0.1500
vn 0.9504 -0.2199 -0.2199
vn -0.6284 -0.6362 0.4477
vn -0.0000 -1.0000 -0.0079
vn -0.7933 -0.6047 -0.0707
vn -0.3693 0.0629 0.9272
vn 0.1963 0.1178 0.9735
vn 0.1647 0.1647 0.9725
vn -0.1019 -0.2743 0.9562
vn -0.2514 -0.1336 0.9586
vn -0.2993 0.0473 0.9530
vn 0.3291 0.0862 0.9404
vn 0.1018 -0.0234 0.9945
vn -0.0628 0.0157 0.9979
vn -0.3291 0.0862 0.9403
vn 0.0629 0.0157 0.9979
vn -0.1018 -0.0235 0.9945
vn -0.8986 0.1340 -0.4178
vn -0.9364 0.2597 -0.2360
vn -0.9119 0.1179 0.3931
vn -0.8736 0.1889 0.4486
vn -0.3292 0.0862 0.9403
vn 0.8736 0.1889 0.4486
vn 0.9869 0.1018 -0.1253
vn 0.1254 -0.1568 0.9796
vn -0.1959 -0.2507 0.9480
vn -0.0629 0.0157 0.9979
vn -0.1647 0.1647 0.9725
vn 0.3693 0.0629 0.9272
vn 0.9049 0.0236 0.4249
vn -0.9049 0.0236 0.4250
vn 0.1646 0.1647 0.9725
vn -0.2993 0.0472 0.9530
vn -0.2276 -0.0392 0.9730
vn -0.1254 -0.1568 0.9796
vn 0.1958 -0.2507 0.9480
vn -0.0000 -0.5328 0.8463
vn 0.8843 -0.4422 -0.1500
vn 0.7932 -0.6048 -0.0707
vn 0.6284 -0.6362 0.4477
vn -0.0000 -1.0000 -0.0078
vn -0.0000 -0.9052 0.4250
vn -0.6283 -0.6362 0.4477
vn -0.1959 -0.2508 0.9480
vn -0.6150 0.2208 0.7570
vn -0.1962 0.1178 0.9735
vn 0.1959 -0.2507 0.9480
vn -0.1254 -0.1567 0.9796
vn -0.2275 -0.0392 0.9730
vn -0.2124 0.0551 0.9756
vn -0.2588 0.1804 0.9489
vn 0.9634 0.0313 0.2664
vn 0.6283 -0.6362 0.4477
vn -0.0000 -0.9052 0.4251
vn -0.0000 -0.5329 0.8462
vn -0.1958 -0.2507 0.9480
vn 0.1019 -0.2743 0.9562
vn 0.2514 -0.1336 0.9586
vn 0.2276 -0.0392 0.9730
vn 0.2993 0.0473 0.9530
vn 0.2124 0.0551 0.9756
vn 0.2588 0.1804 0.9489
vn 0.5255 0.1804 0.8315
vn -0.8843 -0.4422 -0.1501
vn -0.7866 -0.4327 -0.4405
vn -0.0000 0.4566 -0.8896
vn -0.1098 0.3214 -0.9406
vn -0.0000 0.2831 -0.9591
vn -0.4877 -0.1652 -0.8573
vn -0.8400 -0.2826 -0.4632
vn -0.7866 -0.4326 -0.4405
vn -0.9680 -0.2125 -0.1338
vn -0.7933 -0.6048 -0.0707
vn -0.2125 0.0551 0.9756
vn -0.5255 0.1804 0.8315
vn -0.2361 0.5115 -0.8262
vn -0.2435 0.5105 -0.8247
vn -0.4239 0.5024 -0.7536
vn -0.8488 0.3537 -0.3929
vn -0.9384 0.2839 0.1972
vn -0.5256 0.1804 0.8314
vn -0.9859 0.1017 -0.1331
vn -0.8855 -0.0470 -0.4623
vn -0.6667 0.1098 -0.7372
vn -0.7014 0.3468 -0.6227
vn -0.3143 0.3929 -0.8642
vn -0.5510 0.4408 -0.7085
vn -0.2208 0.4890 -0.8439
vn -0.2434 0.5105 -0.8247
vn -0.0000 0.4567 -0.8896
vn -0.2900 0.4154 -0.8622
vn 0.0001 0.4566 -0.8897
vn -0.1253 0.4153 -0.9010
vn 0.2900 0.4154 -0.8622
vn -0.1097 0.3214 -0.9406
vn 0.2208 0.4889 -0.8439
vn 0.1490 0.0392 -0.9881
vn 0.5429 -0.2203 -0.8104
vn -0.1332 -0.3762 -0.9169
vn 0.4630 -0.3061 -0.8318
vn -0.5821 -0.3855 -0.7159
vn 0.8322 -0.1177 -0.5418
vn 0.8854 -0.0470 -0.4624
vn 0.6516 0.0863 -0.7537
vn 0.2744 0.3920 -0.8781
vn -0.9504 -0.2199 -0.2200
vn -0.8843 -0.4422 -0.1500
vn -0.4876 -0.1652 -0.8573
vn 0.2208 0.4890 -0.8439
vn 0.2125 0.0551 0.9756
vn 0.3291 0.0862 0.9403
vn 0.5255 0.1804 0.8314
vn 0.9384 0.2839 0.1971
vn 0.8488 0.3537 -0.3929
vn 0.4239 0.5024 -0.7536
vn 0.2435 0.5105 -0.8247
vn 0.2361 0.5115 -0.8262
vn -0.0000 0.4566 -0.8897
vn 0.5341 0.4635 -0.7070
vn 0.6863 0.3471 -0.6391
vn 0.6516 0.0864 -0.7536
vn 0.9070 0.1094 -0.4066
vn 0.8855 -0.0470 -0.4623
vn 0.9931 -0.0000 -0.1173
vn -0.0000 -0.2037 0.9790
vn -0.0000 -0.2830 0.9591
vn 0.1253 0.4153 -0.9010
vn -0.0001 0.4566 -0.8897
vn -0.1254 0.4153 -0.9010
vn -0.0001 0.4091 -0.9125
vn 0.1254 0.4152 -0.9010
vn 0.0001 0.4090 -0.9125
vn -0.0000 0.3863 -0.9224
vn -0.1254 0.4152 -0.9010
vn 0.9806 -0.1569 -0.1177
vn 0.8323 -0.1178 -0.5417
vn 0.9931 -0.0000 -0.1174
vn 0.8323 -0.1177 -0.5417
vn -0.9634 0.0313 0.2663
vn -0.9504 -0.2199 -0.2199
vn 0.8160 -0.1805 -0.5492
vn 0.8322 -0.1178 -0.5418
vn 0.4789 -0.1963 -0.8557
vn -0.3785 -0.2208 -0.8989
vn -0.5822 -0.3855 -0.7159
vn -0.9707 -0.0783 -0.2271
vn -0.9708 -0.0783 -0.2270
vn -0.9468 -0.0235 0.3208
vn -0.6862 0.1183 0.7177
vn -0.6530 -0.0550 0.7554
vn -0.1962 0.1177 0.9735
vn -0.1489 -0.0549 0.9873
vn 0.3693 0.0628 0.9272
vn 0.4392 -0.0863 0.8942
vn -0.7932 -0.6048 -0.0707
vn -0.6151 0.2208 0.7569
vn -0.1963 0.1178 0.9734
vn 0.1097 0.3214 -0.9406
vn -0.2208 0.4889 -0.8439
vn -0.8323 -0.1178 -0.5417
vn -0.9806 -0.1569 -0.1177
vn 0.8400 -0.2826 -0.4632
vn 0.9680 -0.2125 -0.1338
vn 0.7866 -0.4326 -0.4405
vn 0.5822 -0.3855 -0.7159
vn 0.7866 -0.4327 -0.4405
vn 0.7933 -0.6047 -0.0707
vn 0.9504 -0.2199 -0.2200
vn 0.9707 -0.0783 -0.2271
vn 0.5821 -0.3855 -0.7159
vn 0.3785 -0.2208 -0.8989
vn -0.4630 -0.3060 -0.8318
vn -0.4789 -0.1963 -0.8557
vn -0.8322 -0.1178 -0.5418
vn -0.8160 -0.1805 -0.5492
vn 0.4877 -0.1652 -0.8573
vn 0.1332 -0.3762 -0.9169
vn -0.4630 -0.3061 -0.8318
vn -0.3142 0.3928 -0.8643
vn -0.1490 0.0392 -0.9881
vn -0.6666 0.1098 -0.7373
vn -0.5339 -0.2198 -0.8165
vn -0.8854 -0.0470 -0.4624
vn -0.0000 0.2830 -0.9591
vn 0.1098 0.3214 -0.9406
vn 0.4876 -0.1652 -0.8573
vn -0.8322 -0.1177 -0.5418
vn -0.4392 -0.0863 0.8942
vn -0.3693 0.0628 0.9272
vn 0.1489 -0.0549 0.9873
vn 0.1962 0.1177 0.9735
vn 0.6530 -0.0550 0.7554
vn 0.9468 -0.0235 0.3208
vn 0.9707 -0.0783 -0.2270
vn -0.0000 0.4090 -0.9125
vn 0.1019 -0.2744 0.9562
vn -0.1019 -0.2744 0.9562
vn 0.1491 0.0313 -0.9883
vn 0.0944 0.4326 -0.8966
vn -0.8408 0.1257 -0.5265
vn 0.8781 0.1490 -0.4547
vn 0.7310 0.2830 -0.6209
vn 0.0944 0.4325 -0.8967
vn 0.0943 0.4326 -0.8966
vn 0.1490 0.0313 -0.9883
vn 0.8781 0.1490 -0.4548
vn -0.9487 0.1255 0.2901
vn -0.4408 0.7085 0.5511
vn -0.2914 0.3702 0.8821
vn 0.6118 0.6824 0.4000
vn 0.6836 0.1807 0.7071
vn 0.9869 0.1018 0.1253
vn 0.9605 0.2441 -0.1338
vn 0.9869 0.1019 0.1253
vn -0.7993 0.1254 -0.5877
vn -0.8408 0.1258 -0.5265
vn -0.9883 0.1255 0.0863
vn -0.4408 0.7085 0.5510
vn -0.5187 -0.1022 0.8488
vn -0.2588 -0.0470 0.9648
vn -0.9111 -0.0549 0.4085
vn -0.9265 -0.1491 0.3455
vn -0.9111 -0.0550 0.4084
vn -0.9142 -0.0946 -0.3940
vn -0.4870 -0.1728 0.8561
vn -0.9265 -0.1492 0.3455
vn -0.9313 -0.1816 0.3157
vn 0.5484 -0.2194 0.8069
vn 0.9361 0.0629 0.3462
vn 0.9339 -0.1177 0.3375
vn 0.9855 -0.1577 -0.0631
vn 0.9515 -0.1651 0.2595
vn -0.2280 -0.3616 0.9041
vn -0.5187 -0.1021 0.8488
vn -0.7929 -0.1570 0.5888
vn -0.9111 -0.0550 0.4085
vn 0.5109 -0.0708 0.8567
vn 0.5724 -0.0862 0.8154
vn -0.9623 -0.0861 -0.2581
vn -0.9313 -0.1815 0.3157
vn -0.8937 -0.2038 -0.3997
vn -0.9265 -0.1492 0.3454
vn -0.2280 -0.3616 0.9040
vn 0.6141 -0.3307 0.7166
vn -0.9142 -0.0946 -0.3941
vn -0.3142 -0.2043 -0.9271
vn -0.2598 -0.1575 -0.9527
vn 0.4464 -0.2115 -0.8695
vn 0.4469 -0.0392 -0.8937
vn 0.8973 -0.0866 -0.4329
vn 0.9325 0.1489 -0.3291
vn 0.9361 0.0629 0.3461
vn 0.9180 0.1648 0.3608
vn 0.9294 0.2363 -0.2835
vn 0.4258 0.1971 -0.8831
vn -0.4155 0.0157 -0.9095
vn -0.2598 -0.1574 -0.9527
vn -0.8936 -0.2038 -0.3998
vn 0.4153 0.2664 -0.8698
vn -0.5021 0.1726 -0.8474
vn -0.4156 0.0157 -0.9094
vn -0.9622 -0.0861 -0.2582
vn -0.8936 -0.2039 -0.3998
vn 0.9339 -0.1178 0.3375
vn 0.9515 -0.1651 0.2596
vn 0.5724 -0.0863 0.8154
vn 0.5085 0.0313 -0.8605
vn -0.3067 0.0236 -0.9515
vn 0.4492 0.0709 0.8906
vn 0.3066 -0.0393 0.9510
vn 0.8780 0.0235 0.4782
vn -0.9718 -0.0862 -0.2194
vn -0.9487 0.1254 0.2901
vn -0.9623 -0.0860 -0.2581
vn -0.9605 -0.0394 -0.2755
vn -0.9369 -0.0472 0.3464
vn -0.9448 -0.1338 0.2992
vn -0.4635 -0.1571 0.8720
vn -0.5022 0.1726 -0.8474
vn -0.9605 -0.0394 -0.2756
vn -0.9623 -0.0860 -0.2582
vn 0.5484 -0.2193 0.8070
vn -0.4870 -0.1727 0.8562
vn -0.3625 -0.0632 0.9298
vn -0.9496 -0.1648 -0.2668
vn -0.9359 -0.1416 0.3225
vn -0.5657 -0.1100 0.8172
vn 0.3682 -0.1567 0.9165
vn 0.9593 0.0629 -0.2752
vn 0.9179 0.1648 0.3609
vn -0.9718 -0.0862 -0.2195
vn -0.9495 -0.1648 -0.2668
vn -0.5120 -0.1654 -0.8429
vn -0.4315 -0.2040 -0.8787
vn 0.4093 -0.1653 -0.8973
vn 0.3932 -0.2045 -0.8964
vn 0.8951 -0.1963 -0.4004
vn 0.9337 -0.1726 -0.3138
vn 0.9359 -0.1731 0.3067
vn 0.9074 -0.1721 0.3833
vn 0.3942 -0.1498 0.9067
vn -0.4326 -0.0944 0.8966
vn -0.2914 0.3701 0.8821
vn 0.6836 0.1807 0.7072
vn 0.8781 0.1489 -0.4547
vn 0.1490 0.0314 -0.9883
vn -0.1490 0.0313 -0.9883
vn -0.0943 0.4326 -0.8966
vn -0.8781 0.1490 -0.4548
vn 0.8408 0.1257 -0.5265
vn 0.7993 0.1254 -0.5877
vn -0.0944 0.4326 -0.8966
vn 0.2913 0.3702 0.8821
vn 0.4409 0.7085 0.5511
vn 0.9487 0.1255 0.2901
vn -0.1491 0.0314 -0.9883
vn -0.7310 0.2830 -0.6209
vn -0.8781 0.1490 -0.4547
vn -0.6118 0.6824 0.4000
vn -0.9869 0.1019 0.1253
vn -0.9669 0.2123 -0.1415
vn -0.7310 0.2829 -0.6209
vn 0.8408 0.1258 -0.5265
vn 0.9883 0.1255 0.0863
vn 0.4408 0.7085 0.5511
vn 0.2914 0.3702 0.8821
vn -0.6836 0.1807 0.7071
vn -0.9869 0.1018 0.1253
vn -0.4464 -0.2115 -0.8695
vn 0.3142 -0.2043 -0.9271
vn 0.2599 -0.1575 -0.9527
vn 0.9142 -0.0946 -0.3940
vn 0.8937 -0.2038 -0.3998
vn 0.4870 -0.1727 0.8562
vn 0.2280 -0.3616 0.9040
vn -0.5484 -0.2194 0.8069
vn -0.6142 -0.3307 0.7165
vn 0.9111 -0.0549 0.4085
vn 0.2589 -0.0470 0.9648
vn 0.5187 -0.1021 0.8488
vn -0.5109 -0.0707 0.8567
vn 0.5022 0.1726 -0.8474
vn -0.4153 0.2664 -0.8698
vn -0.4258 0.1971 -0.8831
vn -0.9294 0.2363 -0.2835
vn -0.9325 0.1489 -0.3291
vn -0.9179 0.1648 0.3609
vn -0.9361 0.0630 0.3461
vn -0.8973 -0.0866 -0.4329
vn -0.4465 -0.2115 -0.8695
vn -0.4469 -0.0392 -0.8937
vn 0.2598 -0.1574 -0.9527
vn 0.4156 0.0157 -0.9094
vn 0.9622 -0.0861 -0.2582
vn 0.9623 -0.0861 -0.2582
vn 0.9313 -0.1816 0.3157
vn 0.9265 -0.1492 0.3455
vn 0.4870 -0.1728 0.8561
vn 0.7929 -0.1570 0.5888
vn -0.9361 0.0629 0.3461
vn -0.5484 -0.2193 0.8069
vn -0.9339 -0.1177 0.3375
vn -0.5109 -0.0708 0.8567
vn 0.5187 -0.1022 0.8488
vn 0.9111 -0.0550 0.4084
vn 0.9142 -0.0945 -0.3941
vn 0.9623 -0.0860 -0.2582
vn 0.4141 0.0137 -0.9101
vn -0.8973 -0.0865 -0.4329
vn -0.9855 -0.1576 -0.0631
vn -0.9515 -0.1651 0.2595
vn -0.5724 -0.0862 0.8155
vn 0.2588 -0.0471 0.9648
vn 0.2914 0.3701 0.8821
vn 0.5657 -0.1100 0.8172
vn -0.3682 -0.1567 0.9165
vn 0.3625 -0.0630 0.9298
vn 0.9313 -0.1815 0.3157
vn -0.8780 0.0235 0.4782
vn 0.9487 0.1254 0.2901
vn 0.9718 -0.0862 -0.2194
vn 0.9496 -0.1648 -0.2668
vn 0.9359 -0.1416 0.3225
vn 0.9448 -0.1338 0.2992
vn 0.4635 -0.1571 0.8720
vn -0.4492 0.0709 0.8906
vn -0.5484 -0.2193 0.8070
vn -0.6836 0.1807 0.7072
vn -0.9359 -0.1731 0.3067
vn -0.8951 -0.1963 -0.4004
vn -0.8781 0.1489 -0.4547
vn -0.4093 -0.1653 -0.8973
vn -0.1490 0.0314 -0.9883
vn 0.5120 -0.1654 -0.8429
vn 0.9718 -0.0862 -0.2195
vn -0.9337 -0.1726 -0.3138
vn -0.5085 0.0313 -0.8605
vn -0.3932 -0.2045 -0.8964
vn 0.3067 0.0236 -0.9515
vn 0.4315 -0.2040 -0.8787
vn 0.9605 -0.0394 -0.2756
vn 0.9495 -0.1648 -0.2668
vn -0.3066 -0.0393 0.9510
vn 0.4326 -0.0944 0.8966
vn 0.9369 -0.0472 0.3464
vn 0.9623 -0.0860 -0.2581
vn 0.9605 -0.0393 -0.2755
vn -0.3942 -0.1498 0.9067
vn -0.9074 -0.1721 0.3833
vn -0.9593 0.0629 -0.2752
vn 0.8160 -0.1804 -0.5492
vn 0.7993 -0.2272 -0.5564
vn 0.4788 -0.1962 -0.8557
vn -0.9707 -0.0783 0.2270
vn -0.9469 -0.0235 0.3208
vn -0.9707 -0.0783 -0.2270
vn 0.5723 -0.0863 0.8155
vn 0.4486 -0.1889 0.8736
vn -0.2589 -0.0471 0.9648
vn 0.9091 -0.1411 0.3919
vn -0.9588 -0.0708 -0.2751
vn -0.3143 -0.2043 -0.9271
vn -0.9588 -0.0707 -0.2750
vn -0.9142 -0.0945 -0.3941
vn 0.9553 -0.2506 -0.1566
vn 0.9065 -0.2289 0.3547
vn 0.4465 -0.2115 -0.8694
vn -0.6530 -0.0551 0.7553
vn -0.6915 -0.1022 0.7151
vn -0.1735 -0.1183 0.9777
vn 0.4393 -0.0863 0.8942
vn 0.9515 -0.1652 0.2595
vn 0.8973 -0.0866 -0.4328
vn 0.9939 -0.1096 0.0078
vn 0.4484 -0.8576 0.2518
vn 0.6151 -0.6782 -0.4021
vn 0.0394 0.1808 -0.9827
vn -0.7310 0.2829 -0.6210
vn -0.7071 -0.7071 0.0001
vn -0.4964 -0.8668 -0.0473
vn -0.9575 0.2668 0.1099
vn 0.0393 0.1808 -0.9827
vn 0.0471 -0.4467 -0.8934
vn -0.6822 -0.4548 -0.5724
vn -0.5418 -0.8402 -0.0236
vn -0.9669 0.2122 -0.1415
vn 0.4623 0.7993 0.3840
vn -0.3318 0.8453 0.4187
vn -0.4498 0.6155 0.6471
vn -0.6712 -0.5765 0.4659
vn 0.3228 0.6613 0.6771
vn 0.4409 -0.2047 0.8739
vn 0.9711 0.1801 0.1566
vn 0.5029 -0.8644 -0.0000
vn 0.5797 -0.8148 -0.0079
vn -0.6712 -0.5765 0.4660
vn 0.5029 -0.8643 -0.0000
vn 0.5797 -0.8148 -0.0078
vn -0.7072 -0.7071 -0.0000
vn 0.6151 -0.6782 -0.4022
vn -0.6823 -0.4548 -0.5724
vn 0.0470 -0.4468 -0.8934
vn 0.4409 0.7085 0.5510
vn 0.0470 -0.4467 -0.8934
vn 0.4498 0.6155 0.6471
vn 0.3318 0.8453 0.4187
vn -0.4623 0.7993 0.3839
vn 0.9605 0.2440 -0.1339
vn 0.7299 -0.6828 0.0314
vn 0.5745 -0.8184 -0.0158
vn 0.6748 -0.4237 -0.6042
vn -0.0471 -0.4467 -0.8934
vn -0.0393 0.1808 -0.9827
vn 0.9575 0.2668 0.1099
vn 0.4964 -0.8668 -0.0473
vn -0.5797 -0.8148 -0.0078
vn -0.5029 -0.8644 -0.0000
vn -0.9711 0.1801 0.1566
vn -0.4409 -0.2047 0.8739
vn -0.3228 0.6613 0.6771
vn -0.0394 0.1808 -0.9827
vn -0.6151 -0.6782 -0.4022
vn -0.4484 -0.8576 0.2518
vn -0.9939 -0.1096 0.0078
vn 0.6712 -0.5765 0.4660
vn 0.7310 0.2829 -0.6210
vn 0.6713 -0.5764 0.4659
vn 0.6748 -0.4238 -0.6042
vn -0.5798 -0.8148 -0.0078
vn 0.4964 -0.8668 -0.0472
vn -0.5029 -0.8643 -0.0000
vn 0.6712 -0.5765 0.4659
vn -0.4409 0.7085 0.5510
vn -0.0470 -0.4467 -0.8934
vn 0.6915 -0.1022 0.7151
vn 0.2589 -0.0471 0.9648
vn 0.9142 -0.0945 -0.3940
vn 0.9588 -0.0707 -0.2750
vn 0.9588 -0.0707 -0.2751
vn 0.9707 -0.0783 0.2270
vn -0.4788 -0.1962 -0.8557
vn 0.3143 -0.2043 -0.9271
vn -0.4393 -0.0863 0.8942
vn -0.9091 -0.1411 0.3919
vn -0.9920 -0.0000 -0.1259
vn -0.4465 -0.2115 -0.8694
vn -0.7993 -0.2272 -0.5564
vn -0.9855 -0.1577 -0.0631
vn -0.9553 -0.2506 -0.1566
vn -0.9515 -0.1652 0.2595
vn -0.9065 -0.2289 0.3547
vn -0.5723 -0.0863 0.8155
vn -0.4486 -0.1889 0.8736
vn 0.1735 -0.1183 0.9777
vn 0.6530 -0.0551 0.7553
vn 0.9469 -0.0235 0.3208
vt 0.722656 0.402344
vt 0.775940 0.402344
vt 0.743317 0.472656
vt 0.761719 0.542969
vt 0.863281 0.597656
vt 0.761719 0.613281
vt 0.707031 0.339844
vt 0.566406 0.339844
vt 0.566406 0.425781
vt 0.640625 0.636719
vt 0.566406 0.566406
vt 0.566406 0.636719
vt 0.941406 0.675781
vt 0.941406 0.773712
vt 0.863037 0.773712
vt 0.691406 0.277344
vt 0.777344 0.222656
vt 0.785156 0.316406
vt 0.863281 0.214844
vt 0.631226 0.691406
vt 0.566406 0.691406
vt 0.586334 0.746094
vt 0.566406 0.746094
vt 0.628906 0.773712
vt 0.591522 0.773712
vt 0.566406 0.496094
vt 0.675781 0.566406
vt 0.761719 0.691406
vt 0.863281 0.667969
vt 0.941406 0.605469
vt 0.732147 0.562500
vt 0.692902 0.647675
vt 0.707031 0.773712
vt 0.652344 0.773712
vt 0.871094 0.527344
vt 0.941406 0.535156
vt 0.941406 0.472656
vt 0.587280 0.058594
vt 0.602936 0.055328
vt 0.628906 0.058594
vt 0.847656 0.042969
vt 0.769531 0.042969
vt 0.777344 0.011047
vt 0.691406 0.058594
vt 0.707031 0.011047
vt 0.644531 0.011047
vt 0.597656 0.011047
vt 0.941406 0.128906
vt 0.886719 0.136719
vt 0.941406 0.199219
vt 0.941406 0.308594
vt 0.941406 0.402344
vt 0.629852 0.277344
vt 0.684692 0.214844
vt 0.769531 0.152344
vt 0.839844 0.144531
vt 0.941406 0.074219
vt 0.941406 0.035156
vt 0.683594 0.136719
vt 0.632111 0.207031
vt 0.637695 0.121094
vt 0.566406 0.199219
vt 0.566406 0.113281
vt 0.566406 0.277344
vt 0.566406 0.058594
vt 0.753906 0.773712
vt 0.839844 0.011047
vt 0.941406 0.011047
vt 0.339844 0.082031
vt 0.378906 0.012451
vt 0.339844 0.012451
vt 0.378906 0.082031
vt 0.425781 0.089844
vt 0.425781 0.012451
vt 0.496094 0.089844
vt 0.496094 0.012451
vt 0.537781 0.082031
vt 0.537781 0.012451
vt 0.012604 0.012451
vt 0.012604 0.082031
vt 0.074219 0.012451
vt 0.066406 0.082031
vt 0.121094 0.012451
vt 0.113281 0.089844
vt 0.167969 0.012451
vt 0.160156 0.097656
vt 0.222656 0.012451
vt 0.222656 0.097656
vt 0.285156 0.012451
vt 0.496094 0.894531
vt 0.503906 0.913666
vt 0.537781 0.894531
vt 0.964844 0.886719
vt 0.964844 0.824219
vt 0.987732 0.886719
vt 0.425781 0.913666
vt 0.097656 0.894531
vt 0.160156 0.913666
vt 0.160156 0.894531
vt 0.246094 0.913666
vt 0.238281 0.894531
vt 0.339844 0.913666
vt 0.964844 0.972656
vt 0.964844 0.910156
vt 0.925781 0.957031
vt 0.933594 0.910156
vt 0.910156 0.910156
vt 0.925781 0.863281
vt 0.910156 0.886719
vt 0.144531 0.339844
vt 0.144531 0.277344
vt 0.066406 0.277344
vt 0.082031 0.386719
vt 0.012604 0.277344
vt 0.141815 0.453918
vt 0.089844 0.433594
vt 0.192932 0.446686
vt 0.269531 0.402344
vt 0.238281 0.386719
vt 0.316406 0.269531
vt 0.261719 0.277344
vt 0.146942 0.430450
vt 0.116150 0.380432
vt 0.199219 0.339844
vt 0.199219 0.277344
vt 0.012604 0.410156
vt 0.012604 0.363281
vt 0.193268 0.423187
vt 0.537781 0.277344
vt 0.496094 0.167969
vt 0.496094 0.277344
vt 0.425781 0.167969
vt 0.417969 0.277344
vt 0.371094 0.269531
vt 0.363892 0.407623
vt 0.269531 0.464844
vt 0.363892 0.455780
vt 0.416107 0.404755
vt 0.496094 0.394531
vt 0.537781 0.363281
vt 0.417969 0.449219
vt 0.496094 0.441406
vt 0.537781 0.410156
vt 0.425781 0.558594
vt 0.496094 0.558594
vt 0.199219 0.480469
vt 0.207031 0.558594
vt 0.269531 0.558594
vt 0.012604 0.753906
vt 0.012604 0.894531
vt 0.012604 0.558594
vt 0.082031 0.558594
vt 0.082031 0.633209
vt 0.160156 0.644531
vt 0.537781 0.558594
vt 0.144531 0.480469
vt 0.012604 0.638397
vt 0.089844 0.753906
vt 0.167969 0.753906
vt 0.222656 0.753906
vt 0.363281 0.558594
vt 0.537781 0.753906
vt 0.537781 0.638397
vt 0.511719 0.753906
vt 0.503906 0.644531
vt 0.449219 0.753906
vt 0.433594 0.644531
vt 0.378906 0.753906
vt 0.371094 0.644531
vt 0.292969 0.753906
vt 0.277344 0.644531
vt 0.214844 0.644531
vt 0.152344 0.558594
vt 0.378906 0.175781
vt 0.058594 0.175781
vt 0.207031 0.199219
vt 0.285156 0.089844
vt 0.537781 0.175781
vt 0.012604 0.175781
vt 0.332031 0.183594
vt 0.277344 0.191406
vt 0.105469 0.191406
vt 0.152344 0.199219
vt 0.917969 0.816406
vt 0.925781 0.785156
vt 0.964844 0.785156
vt 0.987732 0.824219
vt 0.894531 0.988068
vt 0.824219 0.988068
vt 0.824219 0.957031
vt 0.987732 0.957031
vt 0.987732 0.988068
vt 0.964844 0.988068
vt 0.925781 0.988068
vt 0.964844 0.957031
vt 0.839844 0.863281
vt 0.839844 0.917969
vt 0.753906 0.933594
vt 0.753906 0.964844
vt 0.753906 0.832031
vt 0.753906 0.800781
vt 0.824219 0.816406
vt 0.824219 0.785156
vt 0.886719 0.785156
vt 0.566406 0.792969
vt 0.566406 0.817902
vt 0.613281 0.785156
vt 0.613281 0.824249
vt 0.667969 0.785156
vt 0.667969 0.824249
vt 0.691406 0.785156
vt 0.691406 0.824249
vt 0.730469 0.785156
vt 0.730469 0.824249
vt 0.746094 0.808594
vt 0.722656 0.925781
vt 0.722656 0.847656
vt 0.987732 0.785156
s 1
usemtl f_body123.png
f 1419/456/1105 1420/457/1106 1421/458/1107
f 1422/459/1108 1423/460/1109 1424/461/1110
f 1425/462/1111 1426/463/1112 1427/464/1113
f 1428/465/1114 1429/466/1115 1430/467/1116
f 1431/468/1117 1432/469/1118 1433/470/1119
f 1433/470/1119 1432/469/1118 1434/468/1120
f 1435/471/1121 1436/472/1122 1437/473/1123
f 1437/473/1123 1436/472/1122 1438/474/1124
f 1439/474/1125 1440/472/1126 1441/473/1127
f 1441/473/1127 1440/472/1126 1442/471/1128
f 1443/475/1129 1444/476/1130 1445/477/1131
f 1445/477/1131 1444/476/1130 1446/478/1132
f 1447/475/1133 1448/479/1134 1449/480/1135
f 1450/481/1136 1429/466/1137 1451/482/1138
f 1452/483/1139 1453/470/1119 1454/484/1140
f 1454/484/1140 1453/470/1119 1455/468/1120
f 1454/484/1140 1455/468/1120 1456/485/1141
f 1457/458/1142 1458/459/1143 1459/486/1144
f 1459/486/1144 1458/459/1143 1424/461/1110
f 1460/458/1145 1461/486/1146 1462/459/1147
f 1442/471/1148 1463/462/1111 1464/473/1149
f 1464/473/1149 1463/462/1111 1465/456/1150
f 1464/473/1149 1465/456/1150 1466/457/1151
f 1466/457/1151 1465/456/1150 1460/458/1152
f 1420/457/1153 1467/456/1105 1468/473/1123
f 1468/473/1123 1467/456/1105 1469/462/1154
f 1468/473/1123 1469/462/1154 1470/471/1121
f 1471/461/1155 1472/487/1156 1459/486/1157
f 1459/486/1157 1472/487/1156 1473/482/1158
f 1459/486/1157 1473/482/1158 1421/458/1107
f 1421/458/1107 1473/482/1158 1474/481/1159
f 1421/458/1107 1474/481/1159 1419/456/1105
f 1419/456/1105 1474/481/1159 1475/464/1160
f 1419/456/1105 1475/464/1160 1476/462/1154
f 1477/462/1111 1427/464/1161 1478/456/1150
f 1478/456/1150 1427/464/1161 1450/481/1136
f 1478/456/1150 1450/481/1136 1460/458/1145
f 1460/458/1145 1450/481/1136 1479/482/1162
f 1460/458/1145 1479/482/1162 1461/486/1146
f 1456/485/1163 1480/460/1164 1481/484/1140
f 1481/484/1140 1480/460/1164 1482/461/1165
f 1481/484/1140 1482/461/1165 1483/483/1139
f 1483/483/1139 1482/461/1165 1484/487/1166
f 1483/483/1139 1484/487/1166 1485/488/1167
f 1486/477/1168 1487/480/1169 1488/475/1170
f 1488/475/1170 1487/480/1169 1489/479/1171
f 1488/475/1170 1489/479/1171 1490/489/1172
f 1490/489/1172 1489/479/1171 1491/475/1173
f 1490/489/1172 1491/475/1173 1492/487/1174
f 1492/487/1174 1491/475/1173 1493/465/1175
f 1492/487/1174 1493/465/1175 1494/482/1158
f 1494/482/1158 1493/465/1175 1495/466/1176
f 1494/482/1158 1495/466/1176 1496/481/1159
f 1429/466/1137 1497/465/1114 1451/482/1138
f 1451/482/1138 1497/465/1114 1498/487/1177
f 1451/482/1138 1498/487/1177 1461/486/1146
f 1461/486/1146 1498/487/1177 1499/461/1178
f 1461/486/1146 1499/461/1178 1462/459/1147
f 1462/459/1147 1499/461/1178 1500/460/1179
f 1462/459/1147 1500/460/1179 1501/490/1180
f 1501/490/1180 1500/460/1179 1502/485/1141
f 1501/490/1180 1502/485/1141 1503/491/1181
f 1430/467/1116 1504/476/1182 1428/465/1114
f 1428/465/1114 1504/476/1182 1505/475/1183
f 1428/465/1114 1505/475/1183 1506/487/1177
f 1506/487/1177 1505/475/1183 1507/489/1184
f 1506/487/1177 1507/489/1184 1508/488/1185
f 1508/488/1185 1507/489/1184 1509/487/1186
f 1508/488/1185 1509/487/1186 1510/483/1187
f 1510/483/1187 1509/487/1186 1424/461/1155
f 1510/483/1187 1424/461/1155 1511/484/1188
f 1511/484/1188 1424/461/1155 1512/460/1189
f 1511/484/1188 1512/460/1189 1513/485/1190
f 1513/485/1190 1512/460/1189 1514/490/1191
f 1513/485/1190 1514/490/1191 1515/491/1192
f 1515/491/1192 1514/490/1191 1516/492/1193
f 1517/493/1194 1518/494/1135 1519/495/1195
f 1520/496/1196 1521/497/1197 1522/498/1198
f 1522/498/1198 1521/497/1197 1523/499/1199
f 1522/498/1198 1523/499/1199 1524/500/1200
f 1524/500/1200 1523/499/1199 1525/495/1201
f 1524/500/1200 1525/495/1201 1526/501/1202
f 1526/501/1202 1525/495/1201 1527/494/1203
f 1526/501/1202 1527/494/1203 1528/502/1134
f 1529/490/1204 1530/491/1181 1531/492/1205
f 1532/503/1206 1533/504/1207 1534/505/1208
f 1534/505/1208 1533/504/1207 1535/474/1125
f 1534/505/1208 1535/474/1125 1536/506/1209
f 1536/506/1209 1535/474/1125 1537/473/1127
f 1536/506/1209 1537/473/1127 1538/507/1210
f 1538/507/1210 1537/473/1127 1539/457/1151
f 1538/507/1210 1539/457/1151 1531/492/1211
f 1531/492/1211 1539/457/1151 1540/458/1145
f 1531/492/1211 1540/458/1145 1541/490/1204
f 1541/490/1204 1540/458/1145 1542/459/1147
f 1543/463/1112 1544/462/1212 1545/508/1213
f 1545/508/1213 1544/462/1212 1546/471/1148
f 1545/508/1213 1546/471/1148 1547/509/1214
f 1547/509/1214 1546/471/1148 1548/472/1215
f 1547/509/1214 1548/472/1215 1549/510/1216
f 1549/510/1216 1548/472/1215 1550/474/1217
f 1549/510/1216 1550/474/1217 1551/511/1218
f 1551/511/1218 1550/474/1217 1552/504/1219
f 1551/511/1218 1552/504/1219 1553/496/1220
f 1553/496/1220 1552/504/1219 1554/503/1206
f 1553/496/1220 1554/503/1206 1555/512/1221
f 1556/496/1222 1557/513/1223 1558/512/1224
f 1559/497/1225 1560/496/1222 1561/511/1226
f 1562/514/1227 1563/515/1228 1564/516/1229
f 1564/516/1229 1563/515/1228 1565/517/1230
f 1564/516/1229 1565/517/1230 1566/518/1231
f 1567/519/1232 1565/517/1230 1568/508/1233
f 1568/508/1233 1565/517/1230 1563/515/1228
f 1568/508/1233 1563/515/1228 1569/509/1234
f 1569/509/1234 1563/515/1228 1570/514/1227
f 1569/509/1234 1570/514/1227 1571/510/1235
f 1572/520/1236 1573/493/1237 1566/518/1231
f 1566/518/1231 1573/493/1237 1574/495/1195
f 1566/518/1231 1574/495/1195 1564/516/1229
f 1564/516/1229 1574/495/1195 1575/499/1238
f 1564/516/1229 1575/499/1238 1562/514/1227
f 1562/514/1227 1575/499/1238 1576/497/1225
f 1562/514/1227 1576/497/1225 1571/510/1235
f 1571/510/1235 1576/497/1225 1577/511/1239
f 1578/460/1109 1579/459/1108 1580/490/1240
f 1580/490/1240 1579/459/1108 1581/458/1241
f 1580/490/1240 1581/458/1241 1582/492/1242
f 1582/492/1242 1581/458/1241 1583/457/1153
f 1582/492/1242 1583/457/1153 1584/507/1243
f 1584/507/1243 1583/457/1153 1585/473/1123
f 1584/507/1243 1585/473/1123 1586/506/1244
f 1586/506/1244 1585/473/1123 1587/474/1124
f 1586/506/1244 1587/474/1124 1588/505/1245
f 1588/505/1245 1587/474/1124 1589/504/1246
f 1588/505/1245 1589/504/1246 1590/503/1247
f 1591/512/1224 1590/503/1247 1592/496/1248
f 1592/496/1248 1590/503/1247 1589/504/1246
f 1592/496/1248 1589/504/1246 1561/511/1239
f 1561/511/1239 1589/504/1246 1593/474/1249
f 1561/511/1239 1593/474/1249 1594/510/1235
f 1594/510/1235 1593/474/1249 1595/472/1250
f 1594/510/1235 1595/472/1250 1596/509/1251
f 1596/509/1251 1595/472/1250 1597/471/1252
f 1596/509/1251 1597/471/1252 1598/508/1253
f 1598/508/1253 1597/471/1252 1599/462/1154
f 1598/508/1253 1599/462/1154 1600/463/1254
f 1600/463/1254 1599/462/1154 1601/464/1160
f 1602/470/1255 1603/483/1139 1604/521/1256
f 1605/521/1256 1606/483/1187 1607/470/1119
f 1607/470/1119 1606/483/1187 1608/484/1188
f 1607/470/1119 1608/484/1188 1609/468/1117
f 1609/468/1117 1608/484/1188 1610/485/1190
f 1611/513/1257 1612/496/1258 1613/512/1221
f 1614/513/1259 1615/496/1248 1616/522/1260
f 1617/496/1248 1618/513/1261 1619/522/1262
f 1619/522/1262 1618/513/1261 1620/523/1263
f 1619/522/1262 1620/523/1263 1621/513/1264
f 1622/524/1265 1623/525/1266 1624/526/1254
f 1625/463/1267 1626/519/1268 1627/508/1253
f 1628/476/1269 1629/477/1237 1630/478/1270
f 1631/524/1265 1632/527/1271 1633/525/1272
f 1633/525/1272 1632/527/1271 1634/528/1273
f 1633/525/1272 1634/528/1273 1635/529/1230
f 1635/529/1230 1634/528/1273 1636/530/1274
f 1635/529/1230 1636/530/1274 1637/531/1275
f 1637/531/1275 1636/530/1274 1638/532/1276
f 1637/531/1275 1638/532/1276 1639/533/1236
f 1640/534/1270 1641/535/1277 1642/536/1269
f 1642/536/1269 1641/535/1277 1643/537/1278
f 1642/536/1269 1643/537/1278 1644/538/1279
f 1644/538/1279 1643/537/1278 1645/539/1280
f 1644/538/1279 1645/539/1280 1646/540/1281
f 1646/540/1281 1645/539/1280 1647/541/1282
f 1646/540/1281 1647/541/1282 1648/542/1283
f 1648/542/1283 1647/541/1282 1649/543/1284
f 1648/542/1283 1649/543/1284 1650/544/1160
f 1651/480/1285 1629/477/1237 1652/475/1173
f 1652/475/1173 1629/477/1237 1628/476/1269
f 1652/475/1173 1628/476/1269 1653/465/1286
f 1653/465/1286 1628/476/1269 1654/467/1279
f 1653/465/1286 1654/467/1279 1655/466/1287
f 1656/497/1288 1657/511/1289 1658/496/1258
f 1659/526/1112 1660/525/1290 1661/524/1291
f 1662/500/1292 1663/501/1293 1664/495/1294
f 1665/520/1132 1666/518/1295 1667/493/1168
f 1667/493/1168 1666/518/1295 1668/495/1296
f 1667/493/1168 1668/495/1296 1669/494/1297
f 1669/494/1297 1668/495/1296 1663/501/1293
f 1669/494/1297 1663/501/1293 1670/502/1134
f 1671/533/1298 1672/532/1299 1673/531/1300
f 1673/531/1300 1672/532/1299 1674/530/1301
f 1673/531/1300 1674/530/1301 1675/529/1302
f 1675/529/1302 1674/530/1301 1676/528/1303
f 1675/529/1302 1676/528/1303 1677/525/1304
f 1677/525/1304 1676/528/1303 1678/527/1305
f 1677/525/1304 1678/527/1305 1679/524/1291
f 1680/498/1198 1662/500/1292 1681/499/1306
f 1681/499/1306 1662/500/1292 1664/495/1294
f 1681/499/1306 1664/495/1294 1682/516/1307
f 1682/516/1307 1664/495/1294 1683/518/1300
f 1682/516/1307 1683/518/1300 1684/517/1308
f 1685/511/1218 1686/497/1288 1687/510/1309
f 1687/510/1309 1686/497/1288 1688/514/1310
f 1687/510/1309 1688/514/1310 1689/509/1311
f 1689/509/1311 1688/514/1310 1690/515/1312
f 1689/509/1311 1690/515/1312 1691/508/1313
f 1692/496/1248 1693/498/1314 1694/497/1315
f 1694/497/1315 1693/498/1314 1695/499/1316
f 1694/497/1315 1695/499/1316 1688/514/1310
f 1688/514/1310 1695/499/1316 1682/516/1307
f 1688/514/1310 1682/516/1307 1690/515/1312
f 1690/515/1312 1682/516/1307 1684/517/1308
f 1690/515/1312 1684/517/1308 1691/508/1313
f 1691/508/1313 1684/517/1308 1696/519/1317
f 1691/508/1313 1696/519/1317 1697/463/1112
f 1698/544/1113 1699/543/1318 1700/542/1319
f 1700/542/1319 1699/543/1318 1701/541/1320
f 1700/542/1319 1701/541/1320 1702/540/1321
f 1702/540/1321 1701/541/1320 1703/539/1322
f 1702/540/1321 1703/539/1322 1704/538/1116
f 1704/538/1116 1703/539/1322 1705/537/1323
f 1704/538/1116 1705/537/1323 1706/536/1130
f 1706/536/1130 1705/537/1323 1707/535/1324
f 1706/536/1130 1707/535/1324 1708/534/1132
f 1709/496/1248 1710/522/1325 1711/498/1198
f 1711/498/1198 1710/522/1325 1712/496/1248
f 1713/483/1326 1714/521/1256 1715/488/1167
f 1715/488/1167 1714/521/1256 1716/483/1327
f 1717/545/1328 1718/546/1329 1719/547/1330
f 1720/548/1331 1721/549/1332 1722/550/1333
f 1723/546/1334 1724/545/1335 1725/551/1336
f 1726/552/1337 1727/553/1338 1728/554/1339
f 1728/554/1339 1727/553/1338 1729/555/1340
f 1728/554/1339 1729/555/1340 1730/556/1341
f 1730/556/1341 1729/555/1340 1731/557/1342
f 1732/558/1332 1733/559/1331 1734/560/1343
f 1734/560/1343 1733/559/1331 1735/561/1344
f 1734/560/1343 1735/561/1344 1736/562/1340
f 1737/550/1329 1738/549/1345 1739/559/1346
f 1739/559/1346 1738/549/1345 1740/563/1347
f 1739/559/1346 1740/563/1347 1741/561/1337
f 1741/561/1337 1740/563/1347 1742/564/1348
f 1743/565/1349 1744/566/1350 1745/567/1351
f 1746/568/1352 1747/567/1353 1748/569/1354
f 1749/570/1355 1750/568/1356 1751/571/1357
f 1752/572/1358 1753/573/1359 1754/574/1360
f 1754/574/1360 1753/573/1359 1755/575/1361
f 1754/574/1360 1755/575/1361 1756/576/1362
f 1757/577/1363 1758/565/1364 1759/578/1365
f 1759/578/1365 1758/565/1364 1760/567/1366
f 1761/579/1367 1762/580/1368 1763/566/1350
f 1764/581/1369 1765/571/1370 1766/582/1371
f 1766/582/1371 1765/571/1370 1767/568/1372
f 1766/582/1371 1767/568/1372 1768/569/1354
f 1769/566/1350 1770/565/1349 1771/579/1367
f 1771/579/1367 1770/565/1349 1772/577/1373
f 1771/579/1367 1772/577/1373 1773/583/1374
f 1774/584/1375 1775/585/1376 1776/586/1377
f 1776/586/1377 1775/585/1376 1777/587/1378
f 1776/586/1377 1777/587/1378 1778/588/1379
f 1778/588/1379 1777/587/1378 1779/589/1380
f 1778/588/1379 1779/589/1380 1780/590/1381
f 1780/590/1381 1779/589/1380 1781/573/1382
f 1780/590/1381 1781/573/1382 1782/591/1383
f 1783/591/1383 1784/592/1384 1785/590/1381
f 1785/590/1381 1784/592/1384 1786/593/1385
f 1785/590/1381 1786/593/1385 1787/588/1379
f 1787/588/1379 1786/593/1385 1788/594/1386
f 1787/588/1379 1788/594/1386 1789/586/1387
f 1789/586/1387 1788/594/1386 1790/595/1388
f 1789/586/1387 1790/595/1388 1791/584/1354
f 1792/592/1384 1793/596/1389 1794/593/1385
f 1794/593/1385 1793/596/1389 1795/597/1390
f 1794/593/1385 1795/597/1390 1796/594/1391
f 1796/594/1391 1795/597/1390 1797/598/1392
f 1796/594/1391 1797/598/1392 1798/595/1393
f 1799/567/1366 1800/568/1356 1801/578/1365
f 1801/578/1365 1800/568/1356 1802/570/1355
f 1801/578/1365 1802/570/1355 1772/577/1373
f 1772/577/1373 1802/570/1355 1803/572/1358
f 1772/577/1373 1803/572/1358 1773/583/1374
f 1773/583/1374 1803/572/1358 1804/574/1394
f 1773/583/1374 1804/574/1394 1771/579/1367
f 1771/579/1367 1804/574/1394 1805/576/1395
f 1771/579/1367 1805/576/1395 1806/580/1396
f 1807/589/1380 1808/575/1361 1809/573/1382
f 1810/596/1389 1811/599/1397 1812/600/1398
f 1813/601/1399 1814/602/1400 1815/603/1401
f 1816/604/1402 1817/605/1330 1818/552/1403
f 1819/581/1404 1820/606/1405 1821/607/1406
f 1821/607/1406 1820/606/1405 1822/608/1407
f 1821/607/1406 1822/608/1407 1823/609/1408
f 1810/596/1389 1812/600/1398 1824/597/1409
f 1824/597/1409 1812/600/1398 1825/610/1410
f 1824/597/1409 1825/610/1410 1826/598/1411
f 1827/572/1412 1828/570/1413 1813/601/1399
f 1813/601/1399 1828/570/1413 1829/611/1414
f 1813/601/1399 1829/611/1414 1814/602/1400
f 1820/606/1405 1830/612/1415 1822/608/1407
f 1822/608/1407 1830/612/1415 1831/613/1416
f 1822/608/1407 1831/613/1416 1823/609/1408
f 1823/609/1408 1831/613/1416 1832/614/1417
f 1823/609/1408 1832/614/1417 1833/615/1418
f 1811/599/1397 1810/596/1389 1834/616/1419
f 1834/616/1419 1810/596/1389 1835/592/1384
f 1834/616/1419 1835/592/1384 1815/603/1401
f 1815/603/1401 1835/592/1384 1836/591/1420
f 1815/603/1401 1836/591/1420 1813/601/1399
f 1813/601/1399 1836/591/1420 1837/573/1382
f 1813/601/1399 1837/573/1382 1827/572/1412
f 1838/617/1421 1839/618/1422 1840/619/1423
f 1840/619/1423 1839/618/1422 1841/620/1424
f 1840/619/1423 1841/620/1424 1842/621/1425
f 1842/621/1425 1841/620/1424 1843/622/1426
f 1842/621/1425 1843/622/1426 1844/623/1427
f 1844/623/1427 1843/622/1426 1845/624/1428
f 1844/623/1427 1845/624/1428 1846/625/1429
f 1846/625/1429 1845/624/1428 1847/626/1430
f 1846/625/1429 1847/626/1430 1833/615/1418
f 1833/615/1418 1847/626/1430 1848/627/1431
f 1833/615/1418 1848/627/1431 1823/609/1408
f 1823/609/1408 1848/627/1431 1849/628/1432
f 1823/609/1408 1849/628/1432 1821/607/1406
f 1821/607/1406 1849/628/1432 1850/571/1370
f 1821/607/1406 1850/571/1370 1819/581/1404
f 1828/570/1413 1850/571/1370 1829/611/1414
f 1829/611/1414 1850/571/1370 1849/628/1432
f 1829/611/1414 1849/628/1432 1814/602/1400
f 1814/602/1400 1849/628/1432 1848/627/1431
f 1814/602/1400 1848/627/1431 1815/603/1401
f 1815/603/1401 1848/627/1431 1847/626/1430
f 1815/603/1401 1847/626/1430 1834/616/1419
f 1834/616/1419 1847/626/1430 1845/624/1428
f 1834/616/1419 1845/624/1428 1811/599/1397
f 1811/599/1397 1845/624/1428 1843/622/1426
f 1811/599/1397 1843/622/1426 1812/600/1398
f 1812/600/1398 1843/622/1426 1841/620/1424
f 1812/600/1398 1841/620/1424 1825/610/1410
f 1825/610/1410 1841/620/1424 1839/618/1422
f 1830/612/1415 1816/604/1402 1831/613/1416
f 1831/613/1416 1816/604/1402 1818/552/1403
f 1831/613/1416 1818/552/1403 1832/614/1417
f 1832/614/1417 1818/552/1403 1851/554/1433
f 1832/614/1417 1851/554/1433 1833/615/1418
f 1833/615/1418 1851/554/1433 1852/556/1434
f 1833/615/1418 1852/556/1434 1846/625/1429
f 1846/625/1429 1852/556/1434 1853/557/1342
f 1846/625/1429 1853/557/1342 1844/623/1427
f 1844/623/1427 1853/557/1342 1854/551/1435
f 1844/623/1427 1854/551/1435 1842/621/1425
f 1842/621/1425 1854/551/1435 1855/545/1436
f 1842/621/1425 1855/545/1436 1840/619/1423
f 1840/619/1423 1855/545/1436 1856/547/1330
f 1840/619/1423 1856/547/1330 1838/617/1421
f 1857/545/1437 1858/546/1438 1859/551/1439
f 1860/559/1440 1861/549/1441 1862/550/1442
f 1863/554/1443 1864/553/1444 1865/552/1445
f 1866/546/1442 1867/545/1446 1868/547/1440
f 1869/550/1438 1870/549/1447 1871/548/1448
f 1872/562/1449 1873/561/1450 1874/560/1451
f 1874/560/1451 1873/561/1450 1875/559/1448
f 1874/560/1451 1875/559/1448 1876/558/1452
f 1877/549/1441 1878/559/1453 1879/563/1454
f 1879/563/1454 1878/559/1453 1880/561/1445
f 1879/563/1454 1880/561/1445 1881/564/1455
f 1882/553/1444 1883/554/1456 1884/555/1449
f 1884/555/1449 1883/554/1456 1885/556/1457
f 1884/555/1449 1885/556/1457 1886/557/1458
f 1887/587/1459 1888/585/1460 1889/586/1461
f 1889/586/1461 1888/585/1460 1890/584/1462
f 1889/586/1461 1890/584/1462 1891/595/1463
f 1892/570/1464 1893/577/1465 1894/572/1466
f 1894/572/1466 1893/577/1465 1895/583/1467
f 1896/567/1468 1897/566/1469 1898/565/1470
f 1898/565/1470 1897/566/1469 1899/579/1471
f 1900/597/1472 1901/596/1473 1902/593/1474
f 1902/593/1474 1901/596/1473 1903/592/1475
f 1902/593/1474 1903/592/1475 1904/590/1476
f 1904/590/1476 1903/592/1475 1905/591/1477
f 1904/590/1476 1905/591/1477 1906/573/1478
f 1907/589/1479 1908/587/1480 1909/588/1481
f 1909/588/1481 1908/587/1480 1910/586/1482
f 1909/588/1481 1910/586/1482 1911/594/1483
f 1911/594/1483 1910/586/1482 1891/595/1463
f 1911/594/1483 1891/595/1463 1912/598/1484
f 1913/581/1485 1914/582/1463 1915/571/1486
f 1915/571/1486 1914/582/1463 1916/568/1487
f 1915/571/1486 1916/568/1487 1917/570/1488
f 1917/570/1488 1916/568/1487 1918/578/1489
f 1917/570/1488 1918/578/1489 1919/577/1465
f 1920/573/1490 1921/572/1491 1922/574/1492
f 1922/574/1492 1921/572/1491 1895/583/1467
f 1922/574/1492 1895/583/1467 1923/579/1493
f 1923/579/1493 1895/583/1467 1919/577/1465
f 1923/579/1493 1919/577/1465 1924/565/1494
f 1924/565/1494 1919/577/1465 1918/578/1489
f 1924/565/1494 1918/578/1489 1925/567/1495
f 1925/567/1495 1918/578/1489 1926/568/1487
f 1925/567/1495 1926/568/1487 1927/569/1496
f 1927/569/1496 1926/568/1487 1928/582/1463
f 1929/598/1497 1930/597/1472 1931/594/1498
f 1931/594/1498 1930/597/1472 1932/593/1474
f 1931/594/1498 1932/593/1474 1933/588/1481
f 1933/588/1481 1932/593/1474 1934/590/1476
f 1933/588/1481 1934/590/1476 1935/589/1499
f 1935/589/1499 1934/590/1476 1936/573/1490
f 1935/589/1499 1936/573/1490 1937/575/1500
f 1937/575/1500 1936/573/1490 1938/574/1492
f 1937/575/1500 1938/574/1492 1939/576/1501
f 1939/576/1501 1938/574/1492 1940/579/1471
f 1939/576/1501 1940/579/1471 1941/580/1502
f 1941/580/1502 1940/579/1471 1942/566/1503
f 1943/554/1504 1944/614/1505 1945/615/1506
f 1946/570/1464 1947/611/1507 1948/571/1508
f 1949/603/1509 1950/591/1477 1951/592/1475
f 1944/614/1505 1943/554/1504 1952/552/1510
f 1953/604/1511 1954/612/1512 1955/613/1513
f 1955/613/1513 1954/612/1512 1956/608/1514
f 1955/613/1513 1956/608/1514 1957/609/1515
f 1947/611/1507 1946/570/1464 1958/601/1516
f 1958/601/1516 1946/570/1464 1959/572/1517
f 1958/601/1516 1959/572/1517 1960/573/1490
f 1961/556/1518 1962/625/1519 1963/557/1458
f 1963/557/1458 1962/625/1519 1964/623/1520
f 1963/557/1458 1964/623/1520 1965/551/1521
f 1965/551/1521 1964/623/1520 1966/621/1522
f 1965/551/1521 1966/621/1522 1967/545/1523
f 1967/545/1523 1966/621/1522 1968/619/1524
f 1967/545/1523 1968/619/1524 1969/547/1440
f 1969/547/1440 1968/619/1524 1970/617/1525
f 1971/624/1526 1972/599/1527 1973/622/1528
f 1973/622/1528 1972/599/1527 1974/600/1529
f 1973/622/1528 1974/600/1529 1975/620/1530
f 1975/620/1530 1974/600/1529 1976/610/1531
f 1975/620/1530 1976/610/1531 1977/618/1532
f 1962/625/1519 1971/624/1526 1964/623/1520
f 1964/623/1520 1971/624/1526 1973/622/1528
f 1964/623/1520 1973/622/1528 1966/621/1522
f 1966/621/1522 1973/622/1528 1975/620/1530
f 1966/621/1522 1975/620/1530 1968/619/1524
f 1968/619/1524 1975/620/1530 1977/618/1532
f 1968/619/1524 1977/618/1532 1970/617/1525
f 1958/601/1516 1978/602/1533 1947/611/1507
f 1947/611/1507 1978/602/1533 1979/628/1534
f 1947/611/1507 1979/628/1534 1948/571/1508
f 1948/571/1508 1979/628/1534 1980/607/1535
f 1948/571/1508 1980/607/1535 1981/581/1536
f 1981/581/1536 1980/607/1535 1982/606/1537
f 1954/612/1512 1982/606/1537 1956/608/1514
f 1956/608/1514 1982/606/1537 1980/607/1535
f 1956/608/1514 1980/607/1535 1957/609/1515
f 1957/609/1515 1980/607/1535 1979/628/1534
f 1957/609/1515 1979/628/1534 1983/627/1538
f 1983/627/1538 1979/628/1534 1978/602/1533
f 1983/627/1538 1978/602/1533 1949/603/1509
f 1949/603/1509 1978/602/1533 1958/601/1516
f 1949/603/1509 1958/601/1516 1950/591/1477
f 1950/591/1477 1958/601/1516 1960/573/1490
f 1984/605/1453 1953/604/1511 1952/552/1510
f 1952/552/1510 1953/604/1511 1955/613/1513
f 1952/552/1510 1955/613/1513 1944/614/1505
f 1944/614/1505 1955/613/1513 1957/609/1515
f 1944/614/1505 1957/609/1515 1945/615/1506
f 1945/615/1506 1957/609/1515 1983/627/1538
f 1945/615/1506 1983/627/1538 1985/626/1539
f 1985/626/1539 1983/627/1538 1949/603/1509
f 1985/626/1539 1949/603/1509 1986/616/1540
f 1986/616/1540 1949/603/1509 1951/592/1475
f 1986/616/1540 1951/592/1475 1987/596/1473
f 1988/598/1497 1976/610/1531 1989/597/1472
f 1989/597/1472 1976/610/1531 1974/600/1529
f 1989/597/1472 1974/600/1529 1987/596/1473
f 1987/596/1473 1974/600/1529 1972/599/1527
f 1987/596/1473 1972/599/1527 1986/616/1540
f 1986/616/1540 1972/599/1527 1971/624/1526
f 1986/616/1540 1971/624/1526 1985/626/1539
f 1985/626/1539 1971/624/1526 1962/625/1519
f 1985/626/1539 1962/625/1519 1945/615/1506
f 1945/615/1506 1962/625/1519 1961/556/1518
f 1945/615/1506 1961/556/1518 1943/554/1504
f 1990/527/1541 1991/629/1542 1992/528/1543
f 1993/630/1544 1994/537/1545 1995/535/1546
f 1996/580/1547 1997/631/1548 1998/566/1549
f 1999/632/1550 2000/524/1265 2001/526/1254
f 2002/584/1375 2003/633/1551 2004/585/1552
f 2005/634/1553 2006/569/1554 2007/567/1353
f 1991/629/1542 1990/527/1541 2008/635/1555
f 2008/635/1555 1990/527/1541 2000/524/1265
f 2008/635/1555 2000/524/1265 2009/636/1556
f 2009/636/1556 2000/524/1265 1999/632/1550
f 2009/636/1556 1999/632/1550 1997/631/1548
f 1991/629/1542 2010/587/1557 1992/528/1543
f 1992/528/1543 2010/587/1557 2004/585/1552
f 1992/528/1543 2004/585/1552 2011/530/1274
f 2011/530/1274 2004/585/1552 2003/633/1551
f 2011/530/1274 2003/633/1551 2012/532/1276
f 1994/537/1545 1993/630/1544 2013/539/1558
f 2013/539/1558 1993/630/1544 2014/637/1559
f 2013/539/1558 2014/637/1559 2015/541/1282
f 2015/541/1282 2014/637/1559 2016/638/1560
f 2015/541/1282 2016/638/1560 2017/543/1561
f 1997/631/1548 1996/580/1547 2009/636/1556
f 2009/636/1556 1996/580/1547 2018/576/1562
f 2009/636/1556 2018/576/1562 2008/635/1555
f 2008/635/1555 2018/576/1562 2019/575/1361
f 2008/635/1555 2019/575/1361 1991/629/1542
f 1991/629/1542 2019/575/1361 2020/589/1563
f 1991/629/1542 2020/589/1563 2010/587/1557
f 2001/526/1254 2021/544/1160 1999/632/1550
f 1999/632/1550 2021/544/1160 2017/543/1561
f 1999/632/1550 2017/543/1561 1997/631/1548
f 1997/631/1548 2017/543/1561 2016/638/1560
f 1997/631/1548 2016/638/1560 1998/566/1549
f 1998/566/1549 2016/638/1560 2014/637/1559
f 1998/566/1549 2014/637/1559 2007/567/1353
f 2007/567/1353 2014/637/1559 1993/630/1544
f 2007/567/1353 1993/630/1544 2005/634/1553
f 2005/634/1553 1993/630/1544 1995/535/1546
f 2022/639/1564 2023/640/1565 2024/641/1566
f 2025/549/1441 2026/642/1567 2027/550/1438
f 2027/550/1438 2026/642/1567 2028/549/1568
f 2029/643/1569 2030/644/1570 2031/645/1571
f 2032/646/1572 2033/647/1573 2034/648/1574
f 2035/649/1575 2036/560/1576 2034/648/1574
f 2034/648/1574 2036/560/1576 2037/650/1568
f 2034/648/1574 2037/650/1568 2032/646/1572
f 2038/651/1577 2039/652/1578 2040/653/1579
f 2040/653/1579 2039/652/1578 2031/645/1571
f 2040/653/1579 2031/645/1571 2041/654/1580
f 2041/654/1580 2031/645/1571 2030/644/1570
f 2042/655/1581 2043/656/1582 2044/657/1583
f 2044/657/1583 2043/656/1582 2045/658/1584
f 2044/657/1583 2045/658/1584 2046/659/1585
f 2047/660/1582 2048/661/1586 2049/662/1587
f 2049/662/1587 2048/661/1586 2050/663/1570
f 2049/662/1587 2050/663/1570 2051/664/1588
f 2051/664/1588 2050/663/1570 2052/665/1589
f 2051/664/1588 2052/665/1589 2053/666/1565
f 2053/666/1565 2052/665/1589 2054/667/1575
f 2053/666/1565 2054/667/1575 2055/668/1590
f 2055/668/1590 2054/667/1575 2056/669/1591
f 2055/668/1590 2056/669/1591 2057/670/1592
f 2058/671/1586 2059/672/1582 2040/653/1579
f 2040/653/1579 2059/672/1582 2042/655/1581
f 2040/653/1579 2042/655/1581 2038/651/1577
f 2038/651/1577 2042/655/1581 2044/657/1583
f 2038/651/1577 2044/657/1583 2022/639/1564
f 2022/639/1564 2044/657/1583 2046/659/1585
f 2022/639/1564 2046/659/1585 2023/640/1565
f 2035/649/1575 2029/643/1569 2036/560/1576
f 2036/560/1576 2029/643/1569 2031/645/1571
f 2036/560/1576 2031/645/1571 2060/562/1449
f 2060/562/1449 2031/645/1571 2039/652/1578
f 2060/562/1449 2039/652/1578 2061/564/1593
f 2061/564/1593 2039/652/1578 2038/651/1577
f 2061/564/1593 2038/651/1577 2062/563/1454
f 2062/563/1454 2038/651/1577 2022/639/1564
f 2062/563/1454 2022/639/1564 2025/549/1441
f 2025/549/1441 2022/639/1564 2024/641/1566
f 2025/549/1441 2024/641/1566 2026/642/1567
f 2026/642/1567 2024/641/1566 2063/673/1594
f 2064/653/1595 2065/652/1596 2066/651/1597
f 2067/560/1598 2068/643/1599 2069/649/1600
f 2070/648/1601 2071/647/1602 2072/646/1603
f 2073/645/1604 2074/644/1605 2068/643/1599
f 2075/659/1606 2076/658/1607 2077/657/1608
f 2077/657/1608 2076/658/1607 2078/656/1609
f 2077/657/1608 2078/656/1609 2079/655/1610
f 2080/549/1332 2081/642/1611 2082/550/1334
f 2082/550/1334 2081/642/1611 2083/549/1345
f 2084/641/1612 2085/640/1613 2086/639/1614
f 2065/652/1596 2064/653/1595 2073/645/1604
f 2073/645/1604 2064/653/1595 2087/654/1615
f 2073/645/1604 2087/654/1615 2074/644/1605
f 2072/646/1603 2088/650/1616 2070/648/1601
f 2070/648/1601 2088/650/1616 2067/560/1598
f 2070/648/1601 2067/560/1598 2069/649/1600
f 2085/640/1613 2075/659/1606 2086/639/1614
f 2086/639/1614 2075/659/1606 2077/657/1608
f 2086/639/1614 2077/657/1608 2066/651/1597
f 2066/651/1597 2077/657/1608 2079/655/1610
f 2066/651/1597 2079/655/1610 2064/653/1595
f 2064/653/1595 2079/655/1610 2089/672/1609
f 2064/653/1595 2089/672/1609 2090/671/1617
f 2091/670/1602 2092/669/1618 2093/668/1612
f 2093/668/1612 2092/669/1618 2094/667/1600
f 2093/668/1612 2094/667/1600 2095/666/1613
f 2095/666/1613 2094/667/1600 2096/665/1599
f 2095/666/1613 2096/665/1599 2097/664/1619
f 2097/664/1619 2096/665/1599 2098/663/1620
f 2097/664/1619 2098/663/1620 2099/662/1621
f 2099/662/1621 2098/663/1620 2100/661/1622
f 2099/662/1621 2100/661/1622 2101/660/1609
f 2068/643/1599 2067/560/1598 2073/645/1604
f 2073/645/1604 2067/560/1598 2102/562/1340
f 2073/645/1604 2102/562/1340 2065/652/1596
f 2065/652/1596 2102/562/1340 2103/564/1623
f 2065/652/1596 2103/564/1623 2066/651/1597
f 2066/651/1597 2103/564/1623 2104/563/1347
f 2066/651/1597 2104/563/1347 2086/639/1614
f 2086/639/1614 2104/563/1347 2083/549/1345
f 2086/639/1614 2083/549/1345 2084/641/1612
f 2084/641/1612 2083/549/1345 2081/642/1611
f 2084/641/1612 2081/642/1611 2105/673/1624
f 2106/567/1495 2107/637/1625 2108/566/1626
f 2106/567/1495 2109/569/1627 2110/634/1628
f 2111/530/1301 2112/532/1299 2113/633/1629
f 2107/637/1625 2106/567/1495 2114/630/1630
f 2114/630/1630 2106/567/1495 2110/634/1628
f 2114/630/1630 2110/634/1628 2115/535/1324
f 2116/528/1631 2111/530/1301 2117/585/1632
f 2117/585/1632 2111/530/1301 2113/633/1629
f 2117/585/1632 2113/633/1629 2118/584/1496
f 2119/543/1633 2120/544/1113 2121/632/1634
f 2121/632/1634 2120/544/1113 2122/526/1635
f 2121/632/1634 2122/526/1635 2123/524/1291
f 2124/587/1636 2125/589/1479 2126/629/1637
f 2126/629/1637 2125/589/1479 2127/575/1638
f 2126/629/1637 2127/575/1638 2128/635/1639
f 2128/635/1639 2127/575/1638 2129/576/1640
f 2128/635/1639 2129/576/1640 2130/636/1641
f 2130/636/1641 2129/576/1640 2131/580/1642
f 2130/636/1641 2131/580/1642 2132/631/1643
f 2132/631/1643 2131/580/1642 2108/566/1626
f 2132/631/1643 2108/566/1626 2133/638/1644
f 2133/638/1644 2108/566/1626 2107/637/1625
f 2117/585/1632 2124/587/1636 2116/528/1631
f 2116/528/1631 2124/587/1636 2126/629/1637
f 2116/528/1631 2126/629/1637 2134/527/1305
f 2134/527/1305 2126/629/1637 2128/635/1639
f 2134/527/1305 2128/635/1639 2123/524/1291
f 2123/524/1291 2128/635/1639 2130/636/1641
f 2123/524/1291 2130/636/1641 2121/632/1634
f 2121/632/1634 2130/636/1641 2132/631/1643
f 2121/632/1634 2132/631/1643 2119/543/1633
f 2119/543/1633 2132/631/1643 2133/638/1644
f 2119/543/1633 2133/638/1644 2135/541/1320
f 2135/541/1320 2133/638/1644 2107/637/1625
f 2135/541/1320 2107/637/1625 2136/539/1645
f 2136/539/1645 2107/637/1625 2114/630/1630
f 2136/539/1645 2114/630/1630 2137/537/1646
f 2137/537/1646 2114/630/1630 2115/535/1324
