mtllib f_body029.mtl
o editpl_f-0000-9
v 48.294601 35.940128 -6.777031
v 47.281410 37.810608 -6.085770
v 49.347473 36.289841 -7.047090
v 42.678398 33.665398 -6.344714
v 38.720863 33.113560 -6.664784
v 38.673244 35.324123 -7.815035
v 60.304764 38.981663 1.598122
v 53.524578 37.618107 2.064890
v 60.468777 36.183968 2.472757
v 42.644009 37.088726 -6.990411
v 38.689117 37.926109 -6.748136
v 60.505814 33.460060 1.705923
v 51.887070 31.230247 -1.426979
v 60.294182 31.904003 -1.653695
v 53.519287 36.248135 -7.391609
v 53.445213 33.293228 -6.925952
v 38.818745 39.774128 -4.023099
v 42.675751 38.035194 -6.472521
v 60.130165 40.300301 -3.225148
v 60.111649 38.654408 -5.555655
v 53.032532 38.818035 -6.027980
v 60.254501 36.331551 -6.578099
v 60.294182 31.904003 -1.653695
v 51.887070 31.230247 -1.426979
v 52.574875 31.304041 -4.416517
v 45.641254 32.253716 -1.361409
v 60.304764 38.981663 1.598122
v 60.185719 40.181591 -1.072458
v 52.643658 40.804016 0.370077
v 52.641010 40.922726 -2.753935
v 47.747002 41.192226 -2.313839
v 39.736702 34.342361 -4.713248
v 40.064732 32.962765 -2.228264
v 30.903679 31.948921 -4.996644
v 30.903679 32.828014 -2.459425
v 38.935143 32.484718 -3.036217
v 45.046040 32.706097 -3.167357
v 45.641254 32.253716 -1.361409
v 47.916309 32.240883 -3.426302
v 52.574875 31.304041 -4.416517
v 43.117535 37.756065 2.611676
v 43.257744 34.374447 2.391628
v 47.773457 37.505814 2.623901
v 53.524578 37.618107 2.064890
v 53.140991 39.572002 1.674805
v 48.231113 39.828671 1.867069
v 47.776100 41.359062 0.166700
v 39.154713 40.050049 1.471428
v 39.212910 37.874775 2.761708
v 39.284336 34.146652 3.367395
v 39.125610 32.725346 0.835735
v 48.231113 39.828671 1.867069
v 45.191536 40.887432 0.191150
v 43.408531 40.046841 1.598122
v 44.194218 33.768066 -6.626998
v 44.355587 33.245102 -5.266702
v 49.315731 33.918858 -6.077990
v 46.657093 32.670803 -4.537655
v 51.029957 33.604439 -5.983525
v 53.357918 35.490959 1.747043
v 46.395199 34.797951 1.595899
v 52.818253 33.405521 1.335843
v 44.614838 33.132809 0.546782
v 51.887070 31.230247 -1.426979
v 45.641254 32.253716 -1.361409
v 43.551380 40.486385 -2.279387
v 45.191536 40.887432 0.191150
v 47.281410 37.810608 -6.085770
v 48.294601 35.940128 -6.777031
v 44.194218 37.823441 -6.413619
v 44.194218 37.233101 -6.905948
v 42.675751 38.035194 -6.472521
v 42.644009 37.088726 -6.990411
v 47.442780 38.574200 -5.498976
v 47.527431 39.706753 -4.089781
v 48.942726 38.968830 -5.677904
v 47.747002 41.192226 -2.313839
v 53.032532 38.818035 -6.027980
v 52.641010 40.922726 -2.753935
v 60.130165 40.300301 -3.225148
v 60.185719 40.181591 -1.072458
v 42.678398 33.665398 -6.344714
v 40.167904 39.514252 -0.954655
v 30.903679 39.940964 -0.308959
v 40.376888 39.061871 0.663475
v 30.903679 37.249146 3.114007
v 40.564713 37.557148 1.883740
v 30.903679 33.687855 3.114007
v 40.564713 34.531658 1.883740
v 30.903679 32.786304 -0.392309
v 40.429798 33.421562 0.673477
v 30.903679 32.828014 -2.459425
v 40.064732 32.962765 -2.228264
v 53.357918 35.490959 1.747043
v 47.773457 37.505814 2.623901
v 38.935143 32.484718 -3.036217
v 53.524578 37.618107 2.064890
v 60.304764 38.981663 1.598122
v 52.643658 40.804016 0.370077
v 47.747002 41.192226 -2.313839
v 47.527431 39.706753 -4.089781
v 43.781532 39.353832 -4.185357
v 47.442780 38.574200 -5.498976
v 44.194218 38.356030 -6.250250
v 44.194218 37.233101 -6.905948
v 49.347473 36.289841 -7.047090
v 53.445213 33.293228 -6.925952
v 60.717445 32.247299 -5.026650
v 60.294182 31.904003 -1.653695
v 60.505814 33.460060 1.705923
v 60.468777 36.183968 2.472757
v 43.408531 40.046841 1.598122
v 38.988049 40.342010 -0.880194
v 44.194218 37.823441 -6.413619
v 48.942726 38.968830 -5.677904
v 53.032532 38.818035 -6.027980
v 53.519287 36.248135 -7.391609
v 60.254501 36.331551 -6.578099
v 60.341797 34.204403 -6.494747
v 60.717445 32.247299 -5.026650
v 47.776100 41.359062 0.166700
v 45.191536 40.887432 0.191150
v 48.231113 39.828671 1.867069
v 66.926224 33.642941 -6.455849
v 67.029396 31.188538 -1.603684
v 60.717445 32.247299 -5.026650
v 60.294182 31.904003 -1.653695
v 60.341797 34.204403 -6.494747
v 60.254501 36.331551 -6.578099
v 66.878609 38.818035 -6.272477
v 60.111649 38.654408 -5.555655
v 60.130165 40.300301 -3.225148
v 67.127274 40.319553 -3.735259
v 60.185719 40.181591 -1.072458
v 67.272774 40.194424 -0.393422
v 67.320389 38.144279 2.431637
v 71.436646 40.771931 -4.124233
v 71.251472 38.984871 -6.840378
v 71.232948 32.914639 -7.025973
v 71.127136 30.335114 -1.231381
v 60.304764 38.981663 1.598122
v 60.468777 36.183968 2.472757
v 67.296577 33.812984 3.160684
v 60.505814 33.460060 1.705923
v 67.029396 31.188538 -1.603684
v 60.294182 31.904003 -1.653695
v 71.516006 40.524887 -0.061127
v 71.444580 38.526073 3.761926
v 71.420776 33.180935 4.167570
v 71.127136 30.335114 -1.231381
v -53.140991 39.572002 1.674805
v -48.231113 39.828671 1.867069
v -47.776100 41.359062 0.166700
v -47.527431 39.706753 -4.089781
v -48.942726 38.968830 -5.677904
v -47.747002 41.192226 -2.313839
v -38.673244 35.324123 -7.815035
v -42.644009 37.088726 -6.990411
v -38.689117 37.926109 -6.748136
v -42.675751 38.035194 -6.472521
v -38.818745 39.774128 -4.023099
v -60.505814 33.460060 1.705923
v -60.294182 31.904003 -1.653695
v -51.887070 31.230247 -1.426979
v -45.641254 32.253716 -1.361409
v -51.887070 31.230247 -1.426979
v -52.574875 31.304041 -4.416517
v -38.935143 32.484718 -3.036217
v -42.678398 33.665398 -6.344714
v -38.720863 33.113560 -6.664784
v -60.294182 31.904003 -1.653695
v -60.717445 32.247299 -5.026650
v -53.447861 33.293228 -6.925952
v -60.254501 36.331551 -6.578099
v -60.111649 38.654408 -5.555655
v -53.032532 38.818035 -6.027980
v -60.130165 40.300301 -3.225148
v -52.641010 40.922726 -2.753935
v -60.185719 40.181591 -1.072458
v -30.903679 32.828014 -2.459425
v -40.064732 32.962765 -2.228264
v -39.736702 34.342361 -4.713248
v -47.442780 38.574200 -5.498976
v -47.281410 37.810608 -6.085770
v -49.347473 36.289841 -7.047090
v -48.231113 39.828671 1.867069
v -53.140991 39.572002 1.674805
v -53.524578 37.618107 2.064890
v -39.154713 40.050049 1.471428
v -43.117535 37.756065 2.611676
v -39.212910 37.874775 2.761708
v -43.408531 40.046841 1.598122
v -45.191536 40.887432 0.191150
v -48.294601 35.940128 -6.777031
v -44.194218 33.768066 -6.626998
v -49.315731 33.918858 -6.077990
v -44.355587 33.245102 -5.266702
v -46.657093 32.670803 -4.537655
v -45.046040 32.706097 -3.167357
v -47.776100 41.359062 0.166700
v -45.191536 40.887432 0.191150
v -43.551380 40.486385 -2.279387
v -53.357918 35.490959 1.747043
v -46.395199 34.797951 1.595899
v -47.773457 37.505814 2.623901
v -43.257744 34.374447 2.391628
v -39.284336 34.146652 3.367395
v -44.194218 37.823441 -6.413619
v -42.675751 38.035194 -6.472521
v -44.194218 37.233101 -6.905948
v -42.644009 37.088726 -6.990411
v -42.678398 33.665398 -6.344714
v -38.673244 35.324123 -7.815035
v -60.468777 36.183968 2.472757
v -60.505814 33.460060 1.705923
v -52.818253 33.405521 1.335843
v -51.887070 31.230247 -1.426979
v -44.614838 33.132809 0.546782
v -45.641254 32.253716 -1.361409
v -39.125610 32.725346 0.835735
v -38.935143 32.484718 -3.036217
v -48.942726 38.968830 -5.677904
v -53.032532 38.818035 -6.027980
v -47.747002 41.192226 -2.313839
v -52.641010 40.922726 -2.753935
v -52.643658 40.804016 0.370077
v -60.185719 40.181591 -1.072458
v -60.304764 38.981663 1.598122
v -47.527431 39.706753 -4.089781
v -47.442780 38.574200 -5.498976
v -49.347473 36.289841 -7.047090
v -53.032532 38.818035 -6.027980
v -53.519287 36.248135 -7.391609
v -60.254501 36.331551 -6.578099
v -53.447861 33.293228 -6.925952
v -60.341797 34.204403 -6.494747
v -51.029957 33.604439 -5.983525
v -47.916309 32.240883 -3.426302
v -40.167904 39.514252 -0.954655
v -40.376888 39.061871 0.663475
v -30.903679 39.940964 -0.308959
v -40.564713 37.557148 1.883740
v -30.903679 37.249146 3.114007
v -40.564713 34.531658 1.883740
v -30.903679 33.687855 3.114007
v -40.429798 33.421562 0.673477
v -30.903679 32.786304 -0.392309
v -40.064732 32.962765 -2.228264
v -30.903679 32.828014 -2.459425
v -44.194218 37.823441 -6.413619
v -44.194218 38.356030 -6.250250
v -43.781532 39.353832 -4.185357
v -43.551380 40.486385 -2.279387
v -38.988049 40.342010 -0.880194
v -53.524578 37.618107 2.064890
v -53.519287 36.248135 -7.391609
v -44.194218 37.233101 -6.905948
v -44.194218 37.823441 -6.413619
v -44.194218 38.356030 -6.250250
v -43.781532 39.353832 -4.185357
v -43.551380 40.486385 -2.279387
v -52.643658 40.804016 0.370077
v -60.468777 36.183968 2.472757
v -52.818253 33.405521 1.335843
v -44.614838 33.132809 0.546782
v -39.125610 32.725346 0.835735
v -30.903679 32.828014 -2.459425
v -39.736702 34.342361 -4.713248
v -30.903679 31.948921 -4.996644
v -30.903679 34.528450 -7.333818
v -29.864033 41.278854 1.774827
v -29.864033 37.849110 4.706575
v -29.864033 36.036381 -2.058228
v -29.864033 32.850471 4.706575
v -29.864033 37.823441 -8.372933
v -33.006779 37.942150 -7.791696
v -33.006779 41.375103 -4.721029
v -33.006779 35.295246 -8.701894
v -33.006779 37.942150 -7.791696
v -29.864033 37.823441 -8.372933
v -32.906254 37.560356 4.254255
v -32.938000 41.689526 0.903527
v -32.922127 35.943340 -1.658141
v -33.006779 41.375103 -4.721029
v -33.006779 37.942150 -7.791696
v -33.006779 35.295246 -8.701894
v -33.006779 31.441999 -7.791696
v -32.972389 30.534031 -2.815058
v -32.945934 31.400291 1.645911
v -32.906254 33.601231 4.254256
v -29.864033 37.823441 -8.372933
v -29.864033 41.365479 -5.474526
v -29.864033 42.257404 -2.117130
v -29.864033 30.303028 2.392740
v -29.864033 29.911608 -2.488321
v -29.864033 30.511574 -5.608999
v -29.864033 31.695459 -8.372933
v -29.864033 34.226864 -9.283131
v -39.736702 34.342361 -4.713248
v -39.469517 35.487751 -6.402505
v -39.559460 37.396729 -5.745696
v -30.903679 37.229893 -6.593658
v -39.892780 39.353832 -3.167358
v -30.903679 39.950588 -3.746373
v -40.167904 39.514252 -0.954655
v -30.903679 39.940964 -0.308959
v -32.938000 41.689526 0.903527
v -32.906254 37.560356 4.254255
v -29.864033 37.849110 4.706575
v -32.906254 33.601231 4.254256
v -29.864033 32.850471 4.706575
v -32.945934 31.400291 1.645911
v -29.864033 30.303028 2.392740
v -32.972389 30.534031 -2.815058
v -29.864033 29.911608 -2.488321
v -29.864033 41.278854 1.774827
v -29.864033 42.257404 -2.117130
v -29.864033 41.365479 -5.474526
v -29.864033 34.226864 -9.283131
v -29.864033 31.695459 -8.372933
v -33.006779 31.441999 -7.791696
v -29.864033 30.511574 -5.608999
v -32.972389 30.534031 -2.815058
v -29.864033 29.911608 -2.488321
v -67.164307 37.663025 -4.753258
v -76.968201 38.872578 -6.335824
v -67.164307 38.769909 -3.111790
v -85.711281 35.186165 1.013551
v -85.475838 33.017307 -1.610353
v -84.764221 34.493156 1.588120
v -82.785454 36.918682 -4.479865
v -81.706131 35.510208 -4.215363
v -84.846230 32.869724 -3.730814
v -83.129356 37.691898 1.573672
v -83.097610 38.176361 -2.132689
v -85.475838 33.017307 -1.610353
v -84.846230 32.869724 -3.730814
v -81.706131 35.510208 -4.215363
v -84.846230 32.869724 -3.730814
v -86.261520 33.620480 -3.961975
v -86.684792 33.739189 -2.013774
v -73.425995 37.220268 3.943076
v -75.952362 34.679241 4.538762
v -72.685280 33.399101 2.344951
v -75.507935 32.773472 2.973978
v -80.983932 32.353176 3.401848
v -81.034195 33.440811 4.367614
v -81.113556 33.960567 3.440745
v -75.788345 35.882381 3.115118
v -75.788345 35.882381 3.115118
v -76.007912 36.722973 2.900627
v -75.111122 35.818211 -0.962434
v -78.436401 37.563564 2.687248
v -84.764221 34.493156 1.588120
v -82.073837 36.254551 2.296052
v -78.436401 37.563564 2.687248
v -67.164307 34.618282 0.873520
v -67.164307 37.663025 0.873520
v -74.492096 38.455490 3.126232
v -67.164307 38.769909 -1.086906
v -82.110878 32.061214 -6.226912
v -83.280144 33.052601 -6.515862
v -80.142693 36.893017 -6.515863
v -80.891342 37.861942 -5.221138
v -77.716850 39.841503 -4.480977
v -82.557953 32.244091 -5.327826
v -82.110878 32.061214 -6.226912
v -79.423141 36.084507 -4.867727
v -78.976067 35.901630 -6.226912
v -77.095177 37.024559 -4.128678
v -76.648102 36.841682 -6.046873
v -78.976067 35.901630 -6.226912
v -76.648102 36.841682 -6.046873
v -71.518654 35.612877 -5.994639
v -73.063576 34.011902 -4.715471
v -77.095177 37.024559 -4.128678
v -79.423141 36.084507 -4.867727
v -77.716850 39.841503 -4.480977
v -67.177536 34.659992 -4.497646
v -82.110878 32.061214 -6.226912
v -82.557953 32.244091 -5.327826
v -83.555267 33.463272 -5.681237
v -82.557953 32.244091 -5.327826
v -80.983932 32.353176 3.401848
v -81.060646 32.998058 2.721701
v -75.507935 32.773472 2.973978
v -76.711594 33.845066 1.589231
v -72.685280 33.399101 2.344951
v -67.121986 33.970192 -1.972654
v -67.164307 34.618282 0.873520
v -78.465500 40.810432 -2.146025
v -77.769760 39.687504 2.310499
v -76.007912 36.722973 2.900627
v -81.113556 33.960567 3.440745
v -73.063576 34.011902 -4.715471
v -67.177536 34.659992 -4.497646
v -84.764221 34.493156 1.588120
v -82.073837 36.254551 2.296052
v 81.034195 33.440811 4.367614
v 81.113556 33.960567 3.440745
v 75.788345 35.882381 3.115118
v 78.976067 35.901630 -6.226912
v 77.095177 37.024559 -4.128678
v 76.648102 36.841682 -6.046873
v 79.423141 36.084507 -4.867727
v 77.716850 39.841503 -4.480977
v 77.095177 37.024559 -4.128678
v 81.706131 35.510208 -4.215363
v 84.846230 32.869724 -3.730814
v 85.475838 33.017307 -1.610353
v 84.846230 32.869724 -3.730814
v 86.261520 33.620480 -3.961975
v 85.475838 33.017307 -1.610353
v 86.682144 33.739189 -2.013774
v 78.436401 37.563564 2.687248
v 82.073837 36.254551 2.296052
v 83.129356 37.691898 1.573672
v 80.983932 32.353176 3.401848
v 73.425995 37.220268 3.943076
v 74.492096 38.455490 3.126232
v 67.164307 37.663025 0.873520
v 67.164307 38.769909 -1.086906
v 75.788345 35.882381 3.115118
v 75.111122 35.818211 -0.962434
v 76.007912 36.722973 2.900627
v 78.436401 37.563564 2.687248
v 84.764221 34.493156 1.588120
v 85.711281 35.186165 1.013551
v 83.097610 38.176361 -2.132689
v 75.507935 32.773472 2.973978
v 75.952362 34.679241 4.538762
v 72.685280 33.399101 2.344951
v 67.164307 34.618282 0.873520
v 80.142693 36.893017 -6.515863
v 83.280144 33.052601 -6.515862
v 82.110878 32.061214 -6.226912
v 79.423141 36.084507 -4.867727
v 82.110878 32.061214 -6.226912
v 82.557953 32.244091 -5.327826
v 73.063576 34.011902 -4.715471
v 71.518654 35.612877 -5.994639
v 76.648102 36.841682 -6.046873
v 76.968201 38.872578 -6.335824
v 78.976067 35.901630 -6.226912
v 81.706131 35.510208 -4.215363
v 77.716850 39.841503 -4.480977
v 80.891342 37.861942 -5.221138
v 82.557953 32.244091 -5.327826
v 83.555267 33.463272 -5.681237
v 67.177536 34.659992 -4.497646
v 67.164307 37.663025 -4.753258
v 67.164307 38.769909 -3.111790
v 82.557953 32.244091 -5.327826
v 82.110878 32.061214 -6.226912
v 67.164307 34.618282 0.873520
v 67.121986 33.970192 -1.972654
v 72.685280 33.399101 2.344951
v 76.711594 33.845066 1.589231
v 75.507935 32.773472 2.973978
v 81.060646 32.998058 2.721701
v 80.983932 32.353176 3.401848
v 84.846230 32.869724 -3.730814
v 82.785454 36.918682 -4.479865
v 84.764221 34.493156 1.588120
v 76.007912 36.722973 2.900627
v 77.769760 39.687504 2.310499
v 78.465500 40.810432 -2.146025
v 67.177536 34.659992 -4.497646
v 73.063576 34.011902 -4.715471
v 81.113556 33.960567 3.440745
v 82.073837 36.254551 2.296052
v 84.764221 34.493156 1.588120
v -67.296577 33.812984 3.160684
v -60.468777 36.183968 2.472757
v -67.320389 38.144279 2.431637
v -60.254501 36.331551 -6.578099
v -66.878609 38.818035 -6.272477
v -60.111649 38.654408 -5.555655
v -71.127136 30.335114 -1.231381
v -67.029396 31.188538 -1.603684
v -60.130165 40.300301 -3.225148
v -67.127274 40.319553 -3.735259
v -60.185719 40.181591 -1.072458
v -48.231113 39.828671 1.867069
v -45.191536 40.887432 0.191150
v -47.776100 41.359062 0.166700
v -60.505814 33.460060 1.705923
v -60.294182 31.904003 -1.653695
v -71.436646 40.771931 -4.124233
v -71.251472 38.984871 -6.840378
v -66.926224 33.642941 -6.455849
v -60.717445 32.247299 -5.026650
v -67.029396 31.188538 -1.603684
v -60.294182 31.904003 -1.653695
v -60.341797 34.204403 -6.494747
v -71.420776 33.180935 4.167570
v -71.444580 38.526073 3.761926
v -67.272774 40.194424 -0.393422
v -71.516006 40.524887 -0.061127
v -71.232948 32.914639 -7.025973
v -71.127136 30.335114 -1.231381
v -60.304764 38.981663 1.598122
v 29.864033 37.849110 4.706575
v 29.864033 36.036381 -2.058228
v 29.864033 32.850471 4.706575
v 29.864033 30.511574 -5.608999
v 32.972389 30.534031 -2.815058
v 29.864033 29.911608 -2.488321
v 39.469517 35.487751 -6.402505
v 39.736702 34.342361 -4.713248
v 30.903679 31.948921 -4.996644
v 29.864033 41.278854 1.774827
v 33.006779 41.375103 -4.721029
v 33.006779 37.942150 -7.791696
v 29.864033 37.823441 -8.372933
v 29.864033 37.823441 -8.372933
v 33.006779 37.942150 -7.791696
v 33.006779 35.295246 -8.701894
v 33.006779 37.942150 -7.791696
v 33.006779 41.375103 -4.721029
v 32.922127 35.943340 -1.658141
v 32.938000 41.689526 0.903527
v 32.906254 37.560356 4.254255
v 32.972389 30.534031 -2.815058
v 33.006779 31.441999 -7.791696
v 33.006779 35.295246 -8.701894
v 32.906254 33.601231 4.254256
v 32.945934 31.400291 1.645911
v 29.864033 42.257404 -2.117130
v 29.864033 41.365479 -5.474526
v 29.864033 37.823441 -8.372933
v 29.864033 30.511574 -5.608999
v 29.864033 29.911608 -2.488321
v 29.864033 30.303028 2.392740
v 29.864033 34.226864 -9.283131
v 29.864033 31.695459 -8.372933
v 30.903679 34.528450 -7.333818
v 30.903679 37.229893 -6.593658
v 39.559460 37.396729 -5.745696
v 30.903679 39.950588 -3.746373
v 39.892780 39.353832 -3.167358
v 30.903679 39.940964 -0.308959
v 40.167904 39.514252 -0.954655
v 29.864033 29.911608 -2.488321
v 32.972389 30.534031 -2.815058
v 29.864033 30.303028 2.392740
v 32.945934 31.400291 1.645911
v 29.864033 32.850471 4.706575
v 32.906254 33.601231 4.254256
v 29.864033 37.849110 4.706575
v 32.906254 37.560356 4.254255
v 32.938000 41.689526 0.903527
v 29.864033 41.365479 -5.474526
v 29.864033 42.257404 -2.117130
v 29.864033 41.278854 1.774827
v 33.006779 31.441999 -7.791696
v 29.864033 31.695459 -8.372933
v 29.864033 34.226864 -9.283131
vn -0.0000 0.0785 -0.9969
vn -0.0471 0.3926 -0.9185
vn -0.1491 0.0157 -0.9887
vn 0.0709 -0.6221 -0.7797
vn 0.1570 -0.7929 -0.5888
vn 0.1497 -0.0867 -0.9849
vn 0.0394 0.6058 0.7946
vn 0.0235 0.1173 0.9928
vn -0.0707 -0.0078 0.9975
vn 0.0865 0.2044 -0.9751
vn 0.0235 0.5796 -0.8146
vn -0.0549 -0.7216 0.6901
vn -0.0313 -0.9409 0.3372
vn 0.0079 -0.9920 0.1260
vn 0.0156 0.1644 -0.9863
vn -0.0626 -0.4463 -0.8927
vn 0.0078 0.8944 -0.4472
vn 0.0235 0.6666 -0.7450
vn 0.0236 0.9436 -0.3303
vn -0.0158 0.6870 -0.7265
vn 0.0079 0.6624 -0.7491
vn 0.0392 0.1567 -0.9869
vn 0.0079 -0.9920 0.1259
vn -0.0314 -0.9409 0.3371
vn -0.1176 -0.9253 -0.3607
vn -0.0941 -0.9955 0.0078
vn 0.0471 0.9726 0.2275
vn 0.0940 0.9476 0.3054
vn 0.0548 0.9791 -0.1958
vn -0.0630 0.9299 -0.3625
vn 0.1653 -0.8973 -0.4093
vn 0.0863 -0.9962 -0.0079
vn 0.0863 -0.9962 -0.0078
vn 0.0235 -0.9803 -0.1961
vn -0.0941 -0.9728 -0.2118
vn -0.1652 -0.9205 -0.3540
vn -0.1176 -0.9252 -0.3607
vn 0.0394 0.2442 0.9689
vn 0.1808 -0.5346 0.8255
vn 0.0783 -0.0704 0.9944
vn 0.0234 0.1172 0.9928
vn 0.0550 0.5502 0.8332
vn 0.0079 0.5271 0.8497
vn -0.0393 0.9431 0.3301
vn -0.0236 0.7563 0.6538
vn 0.0392 0.3371 0.9407
vn 0.1726 -0.2902 0.9413
vn 0.0706 -0.9102 0.4080
vn 0.0079 0.5272 0.8497
vn -0.0788 0.9533 0.2916
vn -0.0157 0.6667 0.7451
vn -0.0000 -0.5328 -0.8462
vn -0.0157 -0.9326 -0.3605
vn -0.0000 -0.6063 -0.7953
vn -0.0785 -0.8948 -0.4396
vn -0.1806 -0.6674 -0.7224
vn -0.0078 -0.2036 0.9790
vn 0.0944 -0.4484 0.8888
vn -0.0395 -0.4657 0.8840
vn 0.0315 -0.7881 0.6147
vn -0.0314 -0.9409 0.3372
vn -0.0941 -0.9955 0.0079
vn -0.0942 0.9498 -0.2983
vn -0.0788 0.9533 0.2914
vn -0.0471 0.3925 -0.9185
vn 0.1252 0.4931 -0.8609
vn 0.0393 0.2516 -0.9670
vn 0.0235 0.6666 -0.7451
vn 0.0865 0.2045 -0.9750
vn -0.0553 0.7100 -0.7021
vn -0.1573 0.7862 -0.5976
vn -0.1492 0.6753 -0.7223
vn -0.0630 0.9298 -0.3625
vn 0.0548 0.9791 -0.1959
vn 0.0236 0.9436 -0.3302
vn 0.0471 0.9727 0.2274
vn 0.0709 -0.6222 -0.7797
vn 0.0551 0.9915 0.1181
vn 0.0470 0.9484 0.3136
vn 0.0470 0.8772 0.4778
vn 0.0862 0.4075 0.9091
vn 0.1181 -0.5509 0.8262
vn 0.1180 -0.5508 0.8262
vn 0.0548 -0.9705 0.2348
vn -0.0078 -0.2037 0.9790
vn 0.0783 -0.0705 0.9944
vn 0.0235 -0.9803 -0.1960
vn 0.0393 0.6058 0.7947
vn -0.1572 0.7863 -0.5976
vn -0.0157 0.8608 -0.5087
vn -0.0552 0.7100 -0.7021
vn 0.0314 0.6909 -0.7223
vn -0.0626 -0.4464 -0.8927
vn 0.0391 -0.8603 -0.5083
vn -0.0549 -0.7215 0.6902
vn -0.0707 -0.0079 0.9975
vn -0.0157 0.6667 0.7452
vn -0.0862 0.9952 -0.0470
vn 0.1252 0.4930 -0.8610
vn -0.1492 0.6752 -0.7224
vn 0.0079 0.6623 -0.7492
vn 0.0157 0.1644 -0.9863
vn 0.0392 0.1566 -0.9869
vn 0.0393 -0.3301 -0.9431
vn 0.0391 -0.8602 -0.5084
vn -0.0788 0.9533 0.2915
vn 0.0078 0.5272 0.8497
vn -0.0392 -0.4469 -0.8937
vn -0.1024 -0.9922 0.0709
vn 0.0078 -0.9920 0.1259
vn 0.0391 0.1566 -0.9869
vn -0.0865 0.4798 -0.8731
vn -0.0550 0.9663 -0.2514
vn -0.0784 0.9488 0.3059
vn -0.1025 0.5752 0.8116
vn -0.1019 0.9646 -0.2431
vn -0.1338 0.4959 -0.8580
vn -0.1807 -0.5107 -0.8406
vn -0.2277 -0.9735 0.0235
vn 0.0393 0.6058 0.7946
vn -0.1811 -0.4016 0.8977
vn -0.1332 0.9478 0.2898
vn -0.2431 0.5253 0.8154
vn -0.2981 -0.4394 0.8474
vn -0.2277 -0.9735 0.0236
vn -0.0550 0.5502 0.8332
vn -0.0079 0.5272 0.8497
vn 0.0393 0.9431 0.3300
vn 0.1573 0.7863 -0.5976
vn 0.1492 0.6752 -0.7223
vn 0.0630 0.9299 -0.3625
vn -0.1497 -0.0867 -0.9849
vn -0.0865 0.2045 -0.9750
vn -0.0231 0.5796 -0.8146
vn -0.0235 0.6666 -0.7450
vn -0.0078 0.8944 -0.4472
vn 0.0549 -0.7216 0.6902
vn -0.0079 -0.9920 0.1260
vn 0.0313 -0.9409 0.3372
vn 0.0941 -0.9955 0.0078
vn 0.0314 -0.9409 0.3371
vn 0.1176 -0.9252 -0.3607
vn -0.0235 -0.9803 -0.1961
vn -0.0709 -0.6222 -0.7796
vn -0.1570 -0.7929 -0.5888
vn -0.0391 -0.8603 -0.5083
vn 0.0627 -0.4464 -0.8926
vn -0.0392 0.1567 -0.9869
vn 0.0158 0.6870 -0.7265
vn -0.0079 0.6624 -0.7491
vn -0.0236 0.9436 -0.3302
vn -0.0548 0.9791 -0.1959
vn -0.0471 0.9727 0.2274
vn -0.0862 -0.9962 -0.0078
vn -0.0863 -0.9962 -0.0078
vn -0.1653 -0.8973 -0.4093
vn 0.0552 0.7100 -0.7021
vn 0.0471 0.3926 -0.9185
vn 0.1491 0.0156 -0.9887
vn -0.0079 0.5271 0.8498
vn -0.0235 0.1173 0.9928
vn 0.0236 0.7563 0.6538
vn -0.0394 0.2442 0.9689
vn -0.0392 0.3371 0.9407
vn 0.0157 0.6667 0.7451
vn 0.0788 0.9533 0.2915
vn 0.0157 -0.9326 -0.3605
vn 0.0785 -0.8948 -0.4396
vn 0.0941 -0.9728 -0.2118
vn 0.0393 0.9431 0.3301
vn 0.0942 0.9498 -0.2982
vn 0.0078 -0.2036 0.9790
vn -0.0944 -0.4484 0.8888
vn -0.0783 -0.0704 0.9944
vn -0.1808 -0.5346 0.8255
vn -0.1726 -0.2902 0.9413
vn -0.1252 0.4931 -0.8609
vn -0.0235 0.6666 -0.7451
vn -0.0393 0.2516 -0.9670
vn -0.0865 0.2044 -0.9751
vn -0.0709 -0.6221 -0.7797
vn 0.0707 -0.0079 0.9975
vn 0.0549 -0.7215 0.6902
vn 0.0394 -0.4657 0.8840
vn 0.0314 -0.9409 0.3372
vn -0.0315 -0.7881 0.6147
vn 0.0941 -0.9955 0.0079
vn -0.0706 -0.9103 0.4080
vn -0.0235 -0.9803 -0.1960
vn 0.1491 0.6753 -0.7223
vn -0.0548 0.9791 -0.1958
vn -0.0940 0.9476 0.3054
vn -0.0471 0.9726 0.2275
vn -0.0393 0.6058 0.7946
vn 0.0553 0.7099 -0.7021
vn 0.1492 0.6752 -0.7224
vn 0.1491 0.0157 -0.9887
vn -0.0079 0.6623 -0.7492
vn -0.0157 0.1644 -0.9863
vn -0.0392 0.1566 -0.9869
vn 0.0626 -0.4463 -0.8927
vn -0.0393 -0.3301 -0.9431
vn 0.1806 -0.6674 -0.7224
vn 0.1652 -0.9205 -0.3540
vn -0.0551 0.9915 0.1181
vn -0.0470 0.8772 0.4778
vn -0.0470 0.9484 0.3136
vn -0.0862 0.4075 0.9091
vn -0.1180 -0.5508 0.8263
vn -0.1180 -0.5509 0.8262
vn -0.0548 -0.9705 0.2348
vn -0.0863 -0.9962 -0.0079
vn -0.1252 0.4930 -0.8609
vn -0.0314 0.6909 -0.7223
vn 0.0156 0.8608 -0.5087
vn 0.0942 0.9498 -0.2983
vn 0.0862 0.9952 -0.0470
vn -0.0234 0.1173 0.9928
vn -0.0156 0.1643 -0.9863
vn -0.0393 0.6058 0.7947
vn 0.0707 -0.0078 0.9975
vn 0.0394 -0.4657 0.8841
vn -0.0707 -0.9102 0.4081
vn -0.1490 -0.2509 -0.9565
vn 0.7135 0.5960 0.3685
vn 0.3539 0.3146 0.8808
vn 1.0000 -0.0000 -0.0000
vn 0.4088 -0.4638 0.7860
vn 0.3456 0.4477 -0.8247
vn -0.7638 0.3228 -0.5590
vn -0.5751 0.7170 -0.3939
vn -0.5835 -0.0000 -0.8121
vn -0.7802 0.2049 0.5911
vn -0.5634 0.7277 0.3913
vn -1.0000 -0.0002 0.0079
vn -0.5752 0.7170 -0.3939
vn -0.7637 0.3228 -0.5591
vn -0.6682 -0.6054 -0.4324
vn -0.6062 -0.7952 -0.0158
vn -0.7479 -0.5511 0.3700
vn -0.6905 -0.1884 0.6984
vn 0.6845 0.6137 -0.3935
vn 0.5179 0.8553 -0.0157
vn 0.3624 -0.8743 0.3230
vn 0.6366 -0.7702 -0.0393
vn 0.4890 -0.8439 -0.2209
vn 0.5035 -0.4720 -0.7237
vn 0.6537 -0.0315 -0.7561
vn -0.1489 -0.2509 -0.9565
vn -0.0783 0.5403 -0.8378
vn -0.0631 0.9298 -0.3625
vn -0.0551 0.9915 0.1180
vn -0.0470 0.9484 0.3135
vn -0.5634 0.7277 0.3912
vn -0.7802 0.2049 0.5910
vn -0.6905 -0.1883 0.6984
vn 0.3624 -0.8743 0.3229
vn -0.6062 -0.7952 -0.0157
vn 0.7135 0.5959 0.3685
vn 0.6846 0.6137 -0.3934
vn 0.6537 -0.0316 -0.7561
vn 0.5035 -0.4719 -0.7237
vn -0.6683 -0.6053 -0.4324
vn 0.4890 -0.8439 -0.2208
vn 0.2448 0.3396 -0.9082
vn 0.0548 0.3763 -0.9249
vn 0.1654 0.9291 -0.3307
vn -0.8562 0.0786 0.5106
vn -0.0861 -0.9623 0.2582
vn -0.3379 -0.3536 0.8722
vn -0.2360 0.2111 -0.9485
vn 0.4098 -0.7801 -0.4728
vn 0.0864 -0.7390 -0.6682
vn -0.4544 0.5641 0.6894
vn -0.6389 0.7415 -0.2051
vn 0.0865 -0.7390 -0.6682
vn 0.0865 -0.7389 -0.6683
vn -0.7783 -0.2359 -0.5818
vn -0.9914 -0.1102 0.0708
vn 0.0236 0.1961 0.9803
vn 0.0315 -0.0000 0.9995
vn 0.2910 -0.8573 0.4247
vn 0.1332 -0.9873 0.0862
vn -0.7700 -0.6364 0.0471
vn -0.4173 0.0787 0.9054
vn -0.8953 0.4398 -0.0707
vn -0.6969 0.7047 0.1331
vn -0.5203 -0.1340 0.8434
vn -0.6475 -0.7580 -0.0790
vn -0.1414 -0.6678 0.7307
vn 0.2511 -0.6357 0.7299
vn -0.1414 -0.6679 0.7307
vn 0.3935 -0.4879 0.7791
vn 0.3478 0.5613 0.7510
vn 0.0237 0.6149 0.7883
vn 0.1967 0.9363 0.2911
vn 0.3691 -0.8011 -0.4712
vn -0.6451 0.0393 -0.7631
vn -0.1573 0.2910 -0.9437
vn -0.7388 0.5737 0.3537
vn -0.1653 0.6693 -0.7244
vn -0.1813 -0.4493 0.8748
vn 0.2129 -0.4495 0.8675
vn 0.4477 -0.6990 -0.5577
vn -0.0548 -0.9948 0.0862
vn -0.1728 -0.7775 -0.6047
vn 0.4477 -0.6990 -0.5576
vn 0.0943 -0.2673 -0.9590
vn -0.1649 -0.9267 -0.3377
vn 0.2130 -0.4496 0.8675
vn -0.2736 0.0235 0.9616
vn -0.0547 -0.9948 0.0861
vn 0.1966 -0.6529 -0.7315
vn -0.9660 -0.0863 0.2435
vn -0.1812 -0.4492 0.8749
vn -0.7700 -0.6363 0.0472
vn -0.4876 -0.1180 -0.8651
vn -0.3703 -0.5279 -0.7643
vn -0.0157 -0.9919 -0.1259
vn 0.3935 -0.4879 0.7792
vn -0.1490 0.9883 -0.0314
vn -0.0867 0.6386 0.7646
vn -0.5202 -0.1340 0.8434
vn -0.8953 0.4398 -0.0706
vn 0.1966 -0.6528 -0.7315
vn -0.3379 -0.3537 0.8722
vn 0.4173 0.0787 0.9054
vn 0.8953 0.4398 -0.0707
vn 0.6969 0.7047 0.1331
vn -0.4477 -0.6990 -0.5577
vn 0.0548 -0.9948 0.0862
vn 0.1728 -0.7775 -0.6047
vn -0.2130 -0.4496 0.8675
vn 0.2736 0.0235 0.9616
vn 0.0548 -0.9948 0.0861
vn -0.4097 -0.7801 -0.4728
vn -0.0865 -0.7390 -0.6682
vn 0.0861 -0.9623 0.2582
vn -0.0865 -0.7389 -0.6682
vn 0.7783 -0.2359 -0.5819
vn 0.0860 -0.9623 0.2582
vn 0.9914 -0.1102 0.0708
vn 0.1414 -0.6679 0.7307
vn -0.2511 -0.6357 0.7299
vn 0.4544 0.5641 0.6894
vn 0.7699 -0.6364 0.0471
vn -0.0236 0.1961 0.9803
vn -0.0237 0.6149 0.7883
vn -0.3478 0.5613 0.7510
vn -0.1967 0.9363 0.2911
vn 0.6474 -0.7580 -0.0790
vn 0.5202 -0.1341 0.8434
vn 0.1414 -0.6678 0.7307
vn 0.3379 -0.3536 0.8722
vn 0.8562 0.0786 0.5106
vn 0.6389 0.7415 -0.2051
vn -0.1332 -0.9873 0.0862
vn -0.0315 -0.0000 0.9995
vn -0.2910 -0.8573 0.4247
vn -0.3935 -0.4879 0.7791
vn 0.1573 0.2910 -0.9437
vn 0.6451 0.0393 -0.7631
vn -0.3691 -0.8011 -0.4712
vn -0.2129 -0.4495 0.8675
vn 0.1813 -0.4492 0.8748
vn 0.1650 -0.9267 -0.3377
vn -0.0943 -0.2673 -0.9590
vn -0.0548 0.3763 -0.9249
vn -0.4477 -0.6990 -0.5576
vn -0.4098 -0.7801 -0.4728
vn 0.1653 0.6693 -0.7244
vn 0.7388 0.5737 0.3537
vn 0.9660 -0.0864 0.2435
vn -0.1967 -0.6529 -0.7315
vn -0.2448 0.3396 -0.9082
vn -0.1654 0.9291 -0.3307
vn -0.3691 -0.8010 -0.4713
vn -0.3935 -0.4879 0.7792
vn 0.0157 -0.9919 -0.1259
vn 0.3704 -0.5279 -0.7643
vn -0.1333 -0.9873 0.0862
vn 0.4876 -0.1180 -0.8651
vn 0.7700 -0.6364 0.0472
vn 0.2352 0.2117 -0.9486
vn 0.3379 -0.3536 0.8723
vn 0.5202 -0.1340 0.8434
vn 0.0867 0.6386 0.7646
vn 0.1490 0.9883 -0.0314
vn -0.1966 -0.6528 -0.7315
vn 0.1649 -0.9267 -0.3377
vn 0.8953 0.4398 -0.0706
vn 0.3379 -0.3537 0.8722
vn 0.1811 -0.4016 0.8977
vn 0.1024 0.5752 0.8116
vn -0.0391 0.1566 -0.9869
vn 0.0865 0.4798 -0.8731
vn 0.2276 -0.9735 0.0236
vn 0.1024 -0.9922 0.0709
vn 0.0550 0.9663 -0.2514
vn -0.0078 0.5272 0.8497
vn -0.0078 -0.9920 0.1260
vn 0.1020 0.9646 -0.2431
vn 0.1338 0.4959 -0.8580
vn 0.0392 -0.4469 -0.8937
vn -0.0079 -0.9920 0.1259
vn 0.2981 -0.4394 0.8474
vn 0.2431 0.5253 0.8154
vn 0.0784 0.9488 0.3058
vn 0.1331 0.9478 0.2898
vn 0.1807 -0.5107 -0.8406
vn 0.2276 -0.9735 0.0235
vn -0.3539 0.3145 0.8808
vn -1.0000 -0.0000 -0.0000
vn -0.4088 -0.4638 0.7860
vn -0.4890 -0.8439 -0.2208
vn 0.6062 -0.7951 -0.0158
vn -0.6366 -0.7702 -0.0393
vn 0.1490 -0.2509 -0.9565
vn -0.7135 0.5959 0.3685
vn 0.5751 0.7170 -0.3939
vn 0.7638 0.3228 -0.5589
vn -0.3456 0.4477 -0.8247
vn 0.7638 0.3228 -0.5590
vn 0.5835 -0.0000 -0.8121
vn 0.7637 0.3228 -0.5590
vn 0.5752 0.7169 -0.3940
vn 1.0000 -0.0002 0.0079
vn 0.5634 0.7277 0.3912
vn 0.7802 0.2049 0.5911
vn 0.6062 -0.7952 -0.0158
vn 0.6682 -0.6054 -0.4325
vn 0.6905 -0.1883 0.6984
vn 0.7479 -0.5511 0.3700
vn -0.5179 0.8553 -0.0157
vn -0.6845 0.6138 -0.3934
vn -0.3624 -0.8743 0.3229
vn -0.6537 -0.0315 -0.7561
vn -0.5035 -0.4720 -0.7237
vn 0.1489 -0.2509 -0.9565
vn 0.0783 0.5403 -0.8378
vn 0.0470 0.9484 0.3135
vn 0.0551 0.9915 0.1180
vn 0.6062 -0.7952 -0.0157
vn -0.3539 0.3146 0.8808
vn 0.7802 0.2048 0.5910
vn -0.6846 0.6137 -0.3934
vn 0.6683 -0.6053 -0.4324
vt 0.124420 0.319244
vt 0.186615 0.299622
vt 0.136627 0.350494
vt 0.085236 0.227112
vt 0.084717 0.163940
vt 0.126068 0.163940
vt 0.386719 0.567810
vt 0.425781 0.486572
vt 0.451324 0.567810
vt 0.154694 0.226685
vt 0.180176 0.163940
vt 0.519531 0.567810
vt 0.600433 0.486572
vt 0.600433 0.567810
vt 0.152618 0.486572
vt 0.092896 0.486572
vt 0.270050 0.163940
vt 0.186798 0.226685
vt 0.285156 0.567810
vt 0.214844 0.567810
vt 0.219269 0.486572
vt 0.160156 0.567810
vt 0.012848 0.567810
vt 0.012848 0.486572
vt 0.027344 0.486572
vt 0.012848 0.279572
vt 0.347656 0.567810
vt 0.347656 0.486572
vt 0.285858 0.486572
vt 0.287933 0.332397
vt 0.113281 0.129028
vt 0.012848 0.143951
vt 0.113281 0.011475
vt 0.012848 0.011475
vt 0.012848 0.163940
vt 0.035248 0.266205
vt 0.033630 0.315918
vt 0.437225 0.225494
vt 0.488770 0.236145
vt 0.439819 0.321747
vt 0.386719 0.486572
vt 0.396576 0.322784
vt 0.352844 0.323181
vt 0.393768 0.163940
vt 0.437836 0.163940
vt 0.496094 0.163940
vt 0.550781 0.163940
vt 0.350494 0.263611
vt 0.391968 0.230957
vt 0.084534 0.249481
vt 0.061890 0.253387
vt 0.087921 0.326752
vt 0.054047 0.277252
vt 0.085938 0.378021
vt 0.464844 0.486572
vt 0.496094 0.306274
vt 0.538361 0.486572
vt 0.550781 0.259277
vt 0.600433 0.289215
vt 0.288788 0.232422
vt 0.184326 0.250580
vt 0.156097 0.250580
vt 0.207031 0.311005
vt 0.250305 0.316681
vt 0.210938 0.337799
vt 0.366547 0.124359
vt 0.363281 0.011475
vt 0.401001 0.133545
vt 0.433594 0.011475
vt 0.437653 0.135895
vt 0.496094 0.011475
vt 0.496094 0.139160
vt 0.550781 0.011475
vt 0.550781 0.137970
vt 0.600159 0.011475
vt 0.600159 0.143951
vt 0.600433 0.163940
vt 0.249054 0.239227
vt 0.194519 0.250580
vt 0.058594 0.567810
vt 0.341736 0.163940
vt 0.152344 0.486572
vt 0.113281 0.567810
vt 0.113281 0.650177
vt 0.012848 0.650177
vt 0.214844 0.650177
vt 0.289093 0.650177
vt 0.347656 0.650177
vt 0.402679 0.650177
vt 0.270142 0.707520
vt 0.215454 0.707520
vt 0.113892 0.707520
vt 0.013489 0.707520
vt 0.490356 0.650177
vt 0.600433 0.650177
vt 0.348267 0.707520
vt 0.402954 0.707520
vt 0.473267 0.707520
vt 0.601074 0.707520
vt 0.152344 0.011475
vt 0.175781 0.730560
vt 0.175781 0.800781
vt 0.089844 0.792969
vt 0.175781 0.854034
vt 0.012360 0.873230
vt 0.012360 0.986420
vt 0.105621 0.986420
vt 0.723633 0.986420
vt 0.616058 0.986420
vt 0.618225 0.873230
vt 0.352173 0.730560
vt 0.300781 0.730560
vt 0.269531 0.800781
vt 0.238281 0.730560
vt 0.183594 0.730560
vt 0.183594 0.800781
vt 0.183594 0.854034
vt 0.269531 0.854034
vt 0.352173 0.854034
vt 0.352173 0.800781
vt 0.012848 0.730560
vt 0.058594 0.730560
vt 0.113281 0.730560
vt 0.113281 0.854034
vt 0.066406 0.854034
vt 0.012848 0.854034
vt 0.012848 0.824219
vt 0.012848 0.769531
vt 0.152344 0.129028
vt 0.199219 0.129028
vt 0.199219 0.011475
vt 0.263092 0.127350
vt 0.261719 0.011475
vt 0.230804 0.986420
vt 0.322571 0.986420
vt 0.322571 0.873230
vt 0.410858 0.986420
vt 0.427551 0.873230
vt 0.502655 0.986420
vt 0.527679 0.873230
vt 0.255829 0.873230
vt 0.164032 0.873230
vt 0.088928 0.873230
vt 0.748688 0.873230
vt 0.815430 0.873230
vt 0.815430 0.986420
vt 0.882172 0.873230
vt 0.928711 0.986420
vt 0.928711 0.873230
vt 0.691406 0.012604
vt 0.662933 0.189728
vt 0.742737 0.012604
vt 0.894531 0.386719
vt 0.808594 0.433594
vt 0.894531 0.417969
vt 0.722656 0.316406
vt 0.707031 0.316406
vt 0.707031 0.394531
vt 0.894531 0.308594
vt 0.789062 0.304688
vt 0.613281 0.535156
vt 0.613281 0.480469
vt 0.675781 0.480469
vt 0.730469 0.425781
vt 0.722656 0.394531
vt 0.792969 0.402344
vt 0.925781 0.121094
vt 0.964844 0.167969
vt 0.987488 0.105469
vt 0.987488 0.167969
vt 0.983582 0.273438
vt 0.960938 0.281250
vt 0.937500 0.273438
vt 0.933594 0.160156
vt 0.816406 0.613281
vt 0.777344 0.605469
vt 0.870270 0.517853
vt 0.738281 0.605469
vt 0.917969 0.371094
vt 0.917969 0.308594
vt 0.917969 0.230469
vt 0.972656 0.012604
vt 0.894531 0.012604
vt 0.896179 0.147736
vt 0.832031 0.012604
vt 0.613281 0.332031
vt 0.628906 0.332031
vt 0.644531 0.238281
vt 0.683594 0.238281
vt 0.707031 0.183594
vt 0.613281 0.472656
vt 0.621094 0.441406
vt 0.707031 0.472656
vt 0.699219 0.441406
vt 0.738281 0.480469
vt 0.746216 0.441406
vt 0.613281 0.238281
vt 0.613281 0.207031
vt 0.655121 0.090393
vt 0.613281 0.097656
vt 0.707031 0.230469
vt 0.699219 0.230469
vt 0.613281 0.012604
vt 0.628906 0.363281
vt 0.660156 0.363281
vt 0.660156 0.332031
vt 0.683594 0.332031
vt 0.683594 0.667969
vt 0.707031 0.636719
vt 0.864136 0.667969
vt 0.871948 0.636719
vt 0.942261 0.667969
vt 0.986359 0.558594
vt 0.986359 0.667969
vt 0.785156 0.199219
vt 0.894531 0.199219
vt 0.921875 0.171875
vt 0.699219 0.613281
vt 0.918823 0.441406
vt 0.986359 0.441406
vt 0.613281 0.605469
vt 0.675781 0.605469
s 1
usemtl texture07
f 1/1/1 2/2/2 3/3/3
f 4/4/4 5/5/5 6/6/6
f 7/7/7 8/8/8 9/9/9
f 10/10/10 6/6/6 11/11/11
f 12/12/12 13/13/13 14/14/14
f 3/3/3 15/15/15 16/16/16
f 11/11/11 17/17/17 18/18/18
f 19/19/19 20/20/20 21/21/21
f 21/21/21 20/20/20 22/22/22
f 23/23/23 24/24/24 25/25/25
f 25/25/25 24/24/24 26/26/26
f 27/7/7 28/27/27 29/28/28
f 29/28/28 28/27/27 30/29/29
f 29/28/28 30/29/29 31/30/30
f 32/31/31 33/32/32 34/33/31
f 34/33/31 33/32/32 35/34/33
f 36/35/34 37/36/35 38/26/26
f 38/26/26 37/36/35 39/37/36
f 38/26/26 39/37/36 40/25/37
f 41/38/38 42/39/39 43/40/40
f 44/8/41 45/41/42 46/42/43
f 46/42/43 45/41/42 47/43/44
f 48/44/45 49/45/46 41/38/38
f 41/38/38 49/45/46 50/46/47
f 41/38/38 50/46/47 42/39/39
f 42/39/39 50/46/47 51/47/48
f 52/42/49 53/48/50 54/49/51
f 4/4/4 55/50/52 56/51/53
f 56/51/53 55/50/52 57/52/54
f 56/51/53 57/52/54 58/53/55
f 58/53/55 57/52/54 59/54/56
f 60/55/57 61/56/58 62/57/59
f 62/57/59 61/56/58 63/58/60
f 62/57/59 63/58/60 64/13/61
f 64/13/61 63/58/60 65/59/62
f 66/60/63 67/48/64 47/43/44
f 68/2/65 69/1/1 70/61/66
f 70/61/66 69/1/1 71/62/67
f 70/61/66 71/62/67 72/18/68
f 72/18/68 71/62/67 73/10/69
f 72/18/68 73/10/69 11/11/11
f 74/63/70 75/64/71 76/65/72
f 76/65/72 75/64/71 77/30/73
f 76/65/72 77/30/73 78/21/21
f 78/21/21 77/30/73 79/29/74
f 78/21/21 79/29/74 80/19/75
f 80/19/75 79/29/74 81/27/76
f 5/5/5 82/4/77 36/35/34
f 36/35/34 82/4/77 56/51/53
f 36/35/34 56/51/53 37/36/35
f 37/36/35 56/51/53 58/53/55
f 37/36/35 58/53/55 39/37/36
f 39/37/36 58/53/55 59/54/56
f 39/37/36 59/54/56 40/25/37
f 83/66/78 84/67/79 85/68/80
f 85/68/80 84/67/79 86/69/81
f 85/68/80 86/69/81 87/70/81
f 87/70/81 86/69/81 88/71/82
f 87/70/81 88/71/82 89/72/83
f 89/72/83 88/71/82 90/73/84
f 89/72/83 90/73/84 91/74/84
f 91/74/84 90/73/84 92/75/33
f 91/74/84 92/75/33 93/76/33
f 94/55/85 95/40/86 61/56/58
f 61/56/58 95/40/86 42/39/39
f 61/56/58 42/39/39 63/58/60
f 63/58/60 42/39/39 51/47/48
f 63/58/60 51/47/48 65/59/62
f 65/59/62 51/47/48 96/77/87
f 97/8/8 98/7/88 45/41/42
f 45/41/42 98/7/88 99/28/28
f 45/41/42 99/28/28 47/43/44
f 47/43/44 99/28/28 100/30/30
f 47/43/44 100/30/30 66/60/63
f 66/60/63 100/30/30 101/64/89
f 66/60/63 101/64/89 102/78/90
f 102/78/90 101/64/89 103/63/91
f 102/78/90 103/63/91 104/79/92
f 6/6/6 10/10/10 4/4/4
f 4/4/4 10/10/10 105/62/67
f 4/4/4 105/62/67 55/50/52
f 55/50/52 105/62/67 1/1/1
f 55/50/52 1/1/1 57/52/54
f 57/52/54 1/1/1 106/3/3
f 57/52/54 106/3/3 59/54/56
f 59/54/56 106/3/3 107/16/93
f 59/54/56 107/16/93 40/25/37
f 40/25/37 107/16/93 108/80/94
f 40/25/37 108/80/94 109/23/23
f 64/13/61 110/12/95 62/57/59
f 62/57/59 110/12/95 111/9/96
f 62/57/59 111/9/96 60/55/57
f 60/55/57 111/9/96 44/8/41
f 60/55/57 44/8/41 43/40/40
f 43/40/40 44/8/41 46/42/43
f 43/40/40 46/42/43 41/38/38
f 41/38/38 46/42/43 112/49/97
f 41/38/38 112/49/97 48/44/45
f 48/44/45 112/49/97 67/48/64
f 48/44/45 67/48/64 113/81/98
f 113/81/98 67/48/64 66/60/63
f 113/81/98 66/60/63 17/17/17
f 17/17/17 66/60/63 102/78/90
f 17/17/17 102/78/90 18/18/18
f 18/18/18 102/78/90 104/79/92
f 18/18/18 104/79/92 114/61/99
f 114/61/99 104/79/92 103/63/91
f 114/61/99 103/63/91 2/2/2
f 2/2/2 103/63/91 115/65/100
f 2/2/2 115/65/100 3/3/3
f 3/3/3 115/65/100 116/21/101
f 3/3/3 116/21/101 117/82/102
f 117/82/102 116/21/101 118/22/103
f 117/82/102 118/22/103 16/16/16
f 16/16/16 118/22/103 119/83/104
f 16/16/16 119/83/104 120/80/105
f 121/43/44 122/48/106 123/42/107
f 124/84/108 125/85/109 126/80/94
f 126/80/94 125/85/109 127/23/110
f 126/80/94 128/83/104 124/84/108
f 124/84/108 128/83/104 129/22/111
f 124/84/108 129/22/111 130/86/112
f 131/20/20 132/19/75 133/87/113
f 133/87/113 132/19/75 134/27/27
f 133/87/113 134/27/27 135/88/114
f 135/88/114 134/27/27 136/89/115
f 137/90/116 138/91/117 130/86/112
f 130/86/112 138/91/117 139/92/118
f 130/86/112 139/92/118 124/84/108
f 124/84/108 139/92/118 140/93/119
f 124/84/108 140/93/119 125/85/109
f 134/27/27 141/7/120 136/89/115
f 136/89/115 141/7/120 142/9/9
f 136/89/115 142/9/9 143/94/121
f 143/94/121 142/9/9 144/12/95
f 143/94/121 144/12/95 145/95/109
f 145/95/109 144/12/95 146/14/14
f 129/22/111 131/20/20 130/86/112
f 130/86/112 131/20/20 133/87/113
f 130/86/112 133/87/113 137/90/116
f 137/90/116 133/87/113 135/88/114
f 137/90/116 135/88/114 147/96/122
f 147/96/122 135/88/114 136/89/115
f 147/96/122 136/89/115 148/97/123
f 148/97/123 136/89/115 143/94/121
f 148/97/123 143/94/121 149/98/124
f 149/98/124 143/94/121 145/95/109
f 149/98/124 145/95/109 150/99/125
f 151/41/126 152/42/127 153/43/128
f 154/64/129 155/65/130 156/30/131
f 157/6/132 158/10/133 159/11/134
f 159/11/134 158/10/133 160/18/135
f 159/11/134 160/18/135 161/17/136
f 162/12/137 163/14/138 164/13/139
f 165/26/140 166/24/141 167/25/142
f 168/35/143 169/4/144 170/5/145
f 166/24/141 171/23/138 167/25/142
f 167/25/142 171/23/138 172/80/146
f 167/25/142 172/80/146 173/16/147
f 174/22/148 175/20/149 176/21/150
f 176/21/150 175/20/149 177/19/151
f 176/21/150 177/19/151 178/29/152
f 178/29/152 177/19/151 179/27/153
f 180/34/154 181/32/155 182/31/156
f 183/63/157 184/2/158 185/3/159
f 186/42/160 187/41/126 188/8/161
f 189/44/162 190/38/163 191/45/164
f 192/49/165 193/48/166 152/42/160
f 194/1/1 195/50/52 196/52/54
f 196/52/54 195/50/52 197/51/167
f 196/52/54 197/51/167 198/53/168
f 198/53/168 197/51/167 199/36/169
f 200/43/170 201/48/166 202/60/171
f 203/55/172 204/56/173 205/40/174
f 205/40/174 204/56/173 206/39/175
f 205/40/174 206/39/175 190/38/163
f 190/38/163 206/39/175 207/46/176
f 190/38/163 207/46/176 191/45/164
f 208/61/177 209/18/178 210/62/179
f 210/62/179 209/18/178 211/10/180
f 210/62/179 211/10/180 212/4/181
f 212/4/181 211/10/180 213/6/132
f 212/4/181 213/6/132 170/5/145
f 214/9/182 215/12/183 216/57/184
f 216/57/184 215/12/183 217/13/185
f 216/57/184 217/13/185 218/58/186
f 218/58/186 217/13/185 219/59/187
f 218/58/186 219/59/187 220/47/188
f 220/47/188 219/59/187 221/77/189
f 222/65/190 223/21/150 224/30/131
f 224/30/131 223/21/150 225/29/191
f 224/30/131 225/29/191 226/28/192
f 226/28/192 225/29/191 227/27/193
f 226/28/192 227/27/193 228/7/194
f 229/64/129 230/63/195 155/65/196
f 155/65/196 230/63/195 231/3/197
f 155/65/196 231/3/197 232/21/198
f 232/21/198 231/3/197 233/82/199
f 232/21/198 233/82/199 234/22/200
f 234/22/200 233/82/199 235/16/201
f 234/22/200 235/16/201 236/83/202
f 236/83/202 235/16/201 172/80/146
f 184/2/158 194/1/1 185/3/159
f 185/3/159 194/1/1 196/52/54
f 185/3/159 196/52/54 237/54/203
f 237/54/203 196/52/54 198/53/168
f 237/54/203 198/53/168 238/37/204
f 238/37/204 198/53/168 199/36/169
f 239/66/205 240/68/206 241/67/207
f 241/67/207 240/68/206 242/70/208
f 241/67/207 242/70/208 243/69/208
f 243/69/208 242/70/208 244/72/209
f 243/69/208 244/72/209 245/71/210
f 245/71/210 244/72/209 246/74/211
f 245/71/210 246/74/211 247/73/211
f 247/73/211 246/74/211 248/76/155
f 247/73/211 248/76/155 249/75/212
f 250/61/213 251/79/214 160/18/135
f 160/18/135 251/79/214 252/78/215
f 160/18/135 252/78/215 161/17/136
f 161/17/136 252/78/215 253/60/216
f 161/17/136 253/60/216 254/81/217
f 254/81/217 253/60/216 193/48/166
f 254/81/217 193/48/166 189/44/162
f 189/44/162 193/48/166 192/49/165
f 189/44/162 192/49/165 190/38/163
f 190/38/163 192/49/165 152/42/160
f 190/38/163 152/42/160 205/40/174
f 205/40/174 152/42/160 255/8/218
f 205/40/174 255/8/218 203/55/172
f 256/15/219 185/3/159 173/16/147
f 173/16/147 185/3/159 237/54/203
f 173/16/147 237/54/203 167/25/142
f 167/25/142 237/54/203 238/37/204
f 167/25/142 238/37/204 165/26/140
f 165/26/140 238/37/204 199/36/169
f 165/26/140 199/36/169 168/35/143
f 168/35/143 199/36/169 197/51/167
f 168/35/143 197/51/167 169/4/144
f 169/4/144 197/51/167 195/50/52
f 169/4/144 195/50/52 257/62/179
f 257/62/179 195/50/52 194/1/1
f 257/62/179 194/1/1 258/61/177
f 258/61/177 194/1/1 184/2/158
f 258/61/177 184/2/158 259/79/214
f 259/79/214 184/2/158 183/63/157
f 259/79/214 183/63/157 260/78/215
f 260/78/215 183/63/157 154/64/129
f 260/78/215 154/64/129 261/60/216
f 261/60/216 154/64/129 156/30/131
f 261/60/216 156/30/131 153/43/128
f 153/43/128 156/30/131 262/28/192
f 153/43/128 262/28/192 151/41/126
f 151/41/126 262/28/192 228/7/220
f 151/41/126 228/7/220 255/8/218
f 255/8/218 228/7/220 263/9/221
f 255/8/218 263/9/221 203/55/172
f 203/55/172 263/9/221 264/57/222
f 203/55/172 264/57/222 204/56/173
f 204/56/173 264/57/222 265/58/186
f 204/56/173 265/58/186 206/39/175
f 206/39/175 265/58/186 266/47/223
f 206/39/175 266/47/223 207/46/176
f 267/34/155 268/31/156 269/33/156
f 269/33/156 268/31/156 270/100/224
f 271/101/225 272/102/226 273/103/227
f 273/103/227 272/102/226 274/104/228
f 275/105/229 276/106/230 277/107/231
f 278/108/232 279/109/230 280/110/229
f 281/111/233 282/112/234 283/113/235
f 283/113/235 282/112/234 284/114/236
f 283/113/235 284/114/236 285/115/237
f 285/115/237 286/116/232 283/113/235
f 283/113/235 286/116/232 287/117/238
f 283/113/235 287/117/238 288/118/239
f 288/118/239 289/119/240 283/113/235
f 283/113/235 289/119/240 290/120/241
f 283/113/235 290/120/241 281/111/233
f 291/121/229 292/122/242 273/103/227
f 273/103/227 292/122/242 293/123/243
f 273/103/227 293/123/243 271/101/225
f 274/104/228 294/124/244 273/103/227
f 273/103/227 294/124/244 295/125/245
f 273/103/227 295/125/245 296/126/246
f 296/126/246 297/127/247 273/103/227
f 273/103/227 297/127/247 298/128/248
f 273/103/227 298/128/248 291/121/229
f 299/31/156 300/129/224 270/100/249
f 270/100/249 300/129/224 301/130/250
f 270/100/249 301/130/250 302/131/250
f 302/131/250 301/130/250 303/132/30
f 302/131/250 303/132/30 304/133/251
f 304/133/251 303/132/30 305/66/252
f 304/133/251 305/66/252 306/67/253
f 307/134/254 308/135/255 309/136/226
f 309/136/226 308/135/255 310/137/256
f 309/136/226 310/137/256 311/138/228
f 311/138/228 310/137/256 312/139/240
f 311/138/228 312/139/240 313/140/257
f 313/140/257 312/139/240 314/109/258
f 313/140/257 314/109/258 315/110/245
f 309/136/226 316/141/259 307/134/254
f 307/134/254 316/141/259 317/142/243
f 307/134/254 317/142/243 277/107/231
f 277/107/231 317/142/243 318/143/260
f 277/107/231 318/143/260 275/105/229
f 280/110/229 319/144/261 278/108/232
f 278/108/232 319/144/261 320/145/262
f 278/108/232 320/145/262 321/146/263
f 321/146/263 320/145/262 322/147/264
f 321/146/263 322/147/264 323/148/258
f 323/148/258 322/147/264 324/149/245
f 325/150/265 326/151/266 327/152/267
f 328/153/268 329/154/269 330/155/270
f 331/156/271 332/157/272 333/158/273
f 328/153/268 334/159/274 335/160/275
f 336/161/269 337/162/276 338/163/272
f 339/164/277 329/154/269 340/165/278
f 340/165/278 329/154/269 341/166/279
f 342/167/280 343/168/281 344/169/282
f 344/169/282 343/168/281 345/170/283
f 346/171/284 347/172/285 348/173/286
f 348/173/286 347/172/285 349/174/287
f 350/175/287 351/176/288 352/177/289
f 352/177/289 351/176/288 353/178/290
f 328/153/268 354/179/270 334/159/274
f 334/159/274 354/179/270 355/180/291
f 334/159/274 355/180/291 356/181/292
f 344/169/282 357/182/293 342/167/280
f 342/167/280 357/182/293 358/183/294
f 342/167/280 358/183/294 359/184/295
f 359/184/295 358/183/294 360/185/296
f 361/186/297 362/187/298 363/188/299
f 363/188/299 362/187/298 364/189/300
f 363/188/299 364/189/300 365/190/301
f 366/191/302 367/192/297 368/193/303
f 368/193/303 367/192/297 369/194/304
f 368/193/303 369/194/304 370/195/305
f 370/195/305 369/194/304 371/196/306
f 372/197/307 326/151/266 373/198/306
f 373/198/306 326/151/266 374/199/308
f 373/198/306 374/199/308 375/200/309
f 365/190/301 376/201/305 332/157/272
f 364/189/300 377/202/310 378/190/311
f 378/190/311 377/202/310 376/201/312
f 326/151/266 325/150/265 374/199/308
f 374/199/308 325/150/265 379/203/313
f 374/199/308 379/203/313 375/200/309
f 380/204/297 381/205/302 362/187/298
f 362/187/298 381/205/302 382/206/314
f 362/187/298 382/206/314 364/189/300
f 364/189/300 382/206/314 383/207/315
f 364/189/300 383/207/315 377/202/310
f 384/208/316 385/209/317 386/210/283
f 386/210/283 385/209/317 387/211/318
f 386/210/283 387/211/318 388/212/282
f 388/212/282 387/211/318 389/213/319
f 388/212/282 389/213/319 390/214/320
f 329/154/269 328/153/268 341/166/279
f 341/166/279 328/153/268 335/160/275
f 341/166/279 335/160/275 340/165/278
f 340/165/278 335/160/275 331/156/271
f 340/165/278 331/156/271 333/158/273
f 332/157/272 331/156/271 365/190/301
f 365/190/301 331/156/271 335/160/275
f 365/190/301 335/160/275 391/215/321
f 391/215/321 335/160/275 334/159/274
f 391/215/321 334/159/274 392/216/322
f 392/216/322 334/159/274 356/181/292
f 392/216/322 356/181/292 393/217/323
f 384/208/316 394/218/324 385/209/317
f 385/209/317 394/218/324 350/175/287
f 385/209/317 350/175/287 387/211/318
f 387/211/318 350/175/287 352/177/289
f 387/211/318 352/177/289 389/213/319
f 389/213/319 352/177/289 395/219/309
f 389/213/319 395/219/309 396/220/325
f 397/221/326 336/161/269 398/222/291
f 398/222/291 336/161/269 338/163/272
f 398/222/291 338/163/272 353/178/290
f 353/178/290 338/163/272 370/195/305
f 353/178/290 370/195/305 352/177/289
f 352/177/289 370/195/305 371/196/306
f 352/177/289 371/196/306 395/219/309
f 346/171/284 345/170/283 347/172/285
f 347/172/285 345/170/283 343/168/281
f 347/172/285 343/168/281 349/174/287
f 349/174/287 343/168/281 342/167/280
f 349/174/287 342/167/280 393/217/323
f 393/217/323 342/167/280 359/184/295
f 393/217/323 359/184/295 392/216/322
f 392/216/322 359/184/295 360/185/296
f 392/216/322 360/185/296 391/215/321
f 391/215/321 360/185/296 327/152/267
f 391/215/321 327/152/267 365/190/301
f 365/190/301 327/152/267 326/151/266
f 365/190/301 326/151/266 363/188/299
f 363/188/299 326/151/266 372/197/307
f 363/188/299 372/197/307 361/186/297
f 399/172/327 400/173/328 401/174/329
f 402/194/330 403/195/331 404/196/332
f 405/202/333 406/190/334 407/201/335
f 408/163/336 409/162/337 410/161/338
f 411/164/339 412/165/340 413/154/341
f 413/154/341 412/165/340 414/166/342
f 415/181/343 416/180/344 417/159/345
f 400/173/328 399/172/327 418/171/346
f 419/167/347 420/184/348 421/183/349
f 421/183/349 420/184/348 422/185/350
f 423/175/329 424/177/351 425/176/352
f 425/176/352 424/177/351 426/178/353
f 416/180/344 427/179/354 417/159/345
f 417/159/345 427/179/354 428/153/355
f 417/159/345 428/153/355 429/160/356
f 430/170/357 431/168/358 432/169/359
f 432/169/359 431/168/358 419/167/347
f 432/169/359 419/167/347 433/182/360
f 433/182/360 419/167/347 421/183/349
f 434/188/361 435/187/362 436/186/363
f 403/195/331 402/194/330 437/193/364
f 437/193/364 402/194/330 438/192/363
f 437/193/364 438/192/363 439/191/365
f 440/200/366 441/199/367 442/198/332
f 442/198/332 441/199/367 443/151/368
f 442/198/332 443/151/368 444/197/369
f 445/157/370 407/201/331 446/190/371
f 406/190/334 405/202/333 447/189/372
f 447/189/372 405/202/333 448/207/365
f 447/189/372 448/207/365 449/206/373
f 440/200/366 450/203/374 441/199/367
f 441/199/367 450/203/374 451/150/375
f 441/199/367 451/150/375 443/151/368
f 443/151/368 451/150/375 452/152/376
f 453/205/365 454/204/377 449/206/373
f 449/206/373 454/204/377 435/187/362
f 449/206/373 435/187/362 447/189/372
f 447/189/372 435/187/362 434/188/361
f 447/189/372 434/188/361 446/190/371
f 455/214/378 456/213/379 457/212/359
f 457/212/359 456/213/379 458/211/380
f 457/212/359 458/211/380 459/210/381
f 459/210/381 458/211/380 460/209/382
f 459/210/381 460/209/382 461/208/383
f 462/158/337 463/156/384 412/165/340
f 412/165/340 463/156/384 429/160/356
f 412/165/340 429/160/356 414/166/342
f 414/166/342 429/160/356 428/153/355
f 414/166/342 428/153/355 413/154/341
f 413/154/341 428/153/355 464/155/385
f 465/217/386 415/181/343 466/216/387
f 466/216/387 415/181/343 417/159/345
f 466/216/387 417/159/345 467/215/388
f 467/215/388 417/159/345 429/160/356
f 467/215/388 429/160/356 446/190/371
f 446/190/371 429/160/356 463/156/384
f 446/190/371 463/156/384 445/157/370
f 445/157/370 463/156/384 462/158/337
f 468/220/389 469/219/390 456/213/379
f 456/213/379 469/219/390 424/177/351
f 456/213/379 424/177/351 458/211/380
f 458/211/380 424/177/351 423/175/329
f 458/211/380 423/175/329 460/209/382
f 460/209/382 423/175/329 470/218/391
f 460/209/382 470/218/391 461/208/383
f 469/219/390 404/196/332 424/177/351
f 424/177/351 404/196/332 403/195/331
f 424/177/351 403/195/331 426/178/353
f 426/178/353 403/195/331 408/163/336
f 426/178/353 408/163/336 471/222/344
f 471/222/344 408/163/336 410/161/338
f 471/222/344 410/161/338 472/221/392
f 436/186/363 444/197/369 434/188/361
f 434/188/361 444/197/369 443/151/368
f 434/188/361 443/151/368 446/190/371
f 446/190/371 443/151/368 452/152/376
f 446/190/371 452/152/376 467/215/388
f 467/215/388 452/152/376 422/185/350
f 467/215/388 422/185/350 466/216/387
f 466/216/387 422/185/350 420/184/348
f 466/216/387 420/184/348 465/217/386
f 465/217/386 420/184/348 419/167/347
f 465/217/386 419/167/347 401/174/329
f 401/174/329 419/167/347 431/168/358
f 401/174/329 431/168/358 399/172/327
f 399/172/327 431/168/358 430/170/357
f 399/172/327 430/170/357 418/171/346
f 473/94/393 474/9/182 475/89/394
f 476/22/395 477/86/396 478/20/149
f 473/94/393 479/99/397 480/95/398
f 481/19/151 482/87/399 483/27/193
f 484/42/400 485/48/166 486/43/170
f 474/9/182 473/94/393 487/12/183
f 487/12/183 473/94/393 480/95/398
f 487/12/183 480/95/398 488/14/401
f 489/90/402 482/87/399 490/91/403
f 491/84/404 492/80/146 493/85/398
f 493/85/398 492/80/146 494/23/405
f 477/86/396 476/22/395 491/84/404
f 491/84/404 476/22/395 495/83/202
f 491/84/404 495/83/202 492/80/146
f 479/99/397 473/94/393 496/98/406
f 496/98/406 473/94/393 475/89/394
f 496/98/406 475/89/394 497/97/407
f 497/97/407 475/89/394 498/88/408
f 497/97/407 498/88/408 499/96/409
f 481/19/151 478/20/149 482/87/399
f 482/87/399 478/20/149 477/86/396
f 482/87/399 477/86/396 490/91/403
f 490/91/403 477/86/396 491/84/404
f 490/91/403 491/84/404 500/92/410
f 500/92/410 491/84/404 493/85/398
f 500/92/410 493/85/398 501/93/411
f 489/90/402 499/96/409 482/87/399
f 482/87/399 499/96/409 498/88/408
f 482/87/399 498/88/408 483/27/193
f 483/27/193 498/88/408 475/89/394
f 483/27/193 475/89/394 502/7/194
f 502/7/194 475/89/394 474/9/182
f 503/102/412 504/103/413 505/104/414
f 506/147/415 507/148/416 508/149/417
f 509/129/418 510/31/31 511/33/31
f 504/103/413 503/102/412 512/101/419
f 513/107/420 514/106/421 515/105/422
f 516/110/422 517/109/423 518/108/424
f 519/115/425 520/114/426 521/113/427
f 521/113/427 520/114/426 522/112/428
f 521/113/427 522/112/428 523/111/429
f 524/118/430 525/117/431 521/113/427
f 521/113/427 525/117/431 526/116/424
f 521/113/427 526/116/424 519/115/425
f 523/111/429 527/120/432 521/113/427
f 521/113/427 527/120/432 528/119/433
f 521/113/427 528/119/433 524/118/430
f 512/101/419 529/123/434 504/103/413
f 504/103/413 529/123/434 530/122/435
f 504/103/413 530/122/435 531/121/422
f 532/126/415 533/125/417 504/103/413
f 504/103/413 533/125/417 534/124/436
f 504/103/413 534/124/436 505/104/414
f 531/121/422 535/128/437 504/103/413
f 504/103/413 535/128/437 536/127/438
f 504/103/413 536/127/438 532/126/415
f 511/33/31 537/100/439 509/129/418
f 509/129/418 537/100/439 538/131/440
f 509/129/418 538/131/440 539/130/440
f 539/130/440 538/131/440 540/133/131
f 539/130/440 540/133/131 541/132/131
f 541/132/131 540/133/131 542/67/441
f 541/132/131 542/67/441 543/66/442
f 544/110/417 545/109/443 546/140/436
f 546/140/436 545/109/443 547/139/433
f 546/140/436 547/139/433 548/138/414
f 548/138/414 547/139/433 549/137/432
f 548/138/414 549/137/432 550/136/444
f 550/136/444 549/137/432 551/135/445
f 550/136/444 551/135/445 552/134/428
f 515/105/422 553/143/446 513/107/420
f 513/107/420 553/143/446 554/142/434
f 513/107/420 554/142/434 552/134/428
f 552/134/428 554/142/434 555/141/419
f 552/134/428 555/141/419 550/136/444
f 507/148/416 506/147/415 556/146/447
f 556/146/447 506/147/415 557/145/438
f 556/146/447 557/145/438 518/108/424
f 518/108/424 557/145/438 558/144/437
f 518/108/424 558/144/437 516/110/422
o editpl_f-0000-10
v -9.560511 20.174213 -10.281125
v -14.557690 26.385612 -9.336475
v -10.041976 26.639072 -11.771449
v -13.290539 32.478302 -11.009062
v -9.936159 34.624699 -11.655869
v -12.819656 37.393520 -9.803244
v -8.264260 38.936745 -9.882151
v -12.486334 40.515263 -5.722358
v -9.531412 40.531303 -5.307823
v -12.875210 6.070231 3.973086
v -12.684740 9.233681 3.595225
v -13.253503 9.840062 -0.590129
v -13.253503 9.840062 -0.590129
v -14.631762 18.031025 -0.356745
v -14.229660 19.109035 -4.086445
v 0.000000 13.536101 -11.042401
v 0.000000 20.636217 -11.813680
v 5.714085 13.359640 -10.025513
v -11.057813 10.356610 -3.820831
v -14.229660 19.109035 -4.086445
v -11.438752 19.118662 -7.024861
v -13.171496 0.044918 7.103766
v -16.226944 -2.419109 4.110893
v -13.367256 -3.150616 7.745016
v -13.171496 0.044918 7.103766
v -10.740364 -3.596579 8.652992
v -5.227330 20.495050 -11.436932
v -5.682340 26.969534 -12.881690
v 0.000000 20.636217 -11.813680
v 0.000000 27.216578 -13.167308
v -4.777610 11.960793 13.512936
v -0.999965 11.980044 13.694086
v -6.036825 17.447104 13.923025
v 0.000000 18.120859 14.168634
v 0.000000 21.576271 13.289553
v 0.000000 12.859135 -7.317147
v -1.851787 12.891219 -7.886159
v 0.000000 18.906908 -9.250900
v -4.949562 12.955386 -7.563867
v -7.047372 20.122881 -9.034187
v -7.494446 12.207836 -6.743689
v -9.317133 11.498788 -5.614554
v -14.219078 12.236713 3.665240
v -10.647775 11.909460 10.007729
v -13.351383 16.401175 8.162884
v -10.531377 17.273851 13.279552
v -11.724456 20.674721 12.803892
v -6.838384 21.646856 14.623176
v -9.208672 24.717260 11.909253
v -4.647985 25.208141 12.034836
v -10.034040 5.781477 -4.563214
v -9.317133 11.498788 -5.614554
v -6.333111 6.121564 -6.148004
v -4.073931 6.121564 -7.156001
v -1.129590 6.121564 -7.474958
v 0.000000 6.121564 -7.161556
v 1.851787 12.891219 -7.886159
v 6.774895 20.122881 -9.034187
v 0.000000 20.636217 -11.813680
v 0.000000 13.536101 -11.042401
v -5.227330 20.495050 -11.436932
v -5.714085 13.359640 -10.025513
v -9.560511 20.174213 -10.281125
v -10.774754 13.099763 -7.899495
v -13.224404 19.619165 -8.181780
v -15.158198 12.785344 -2.991762
v -15.983566 19.256620 -3.436303
v -14.219078 12.236713 3.665240
v -14.856622 19.221329 3.667463
v -13.351383 16.401175 8.162884
v -13.896338 19.173203 7.901716
v -11.724456 20.674721 12.803892
v -14.242887 22.753740 7.658329
v -11.986352 24.155796 10.422263
v -10.941415 26.902161 9.476502
v -9.208672 24.717260 11.909253
v -7.187579 27.582333 9.856585
v -4.647985 25.208141 12.034836
v -0.005291 27.444374 9.356476
v -16.226944 -2.419109 4.110893
v -13.171496 0.044918 7.103766
v -15.094709 0.478047 3.754149
v -13.465136 3.542037 4.379840
v -13.600052 4.206169 -1.171366
v -13.052452 6.410318 -0.952429
v -10.034040 5.781477 -4.563214
v -11.057813 10.356610 -3.820831
v -10.647775 11.909460 10.007729
v -4.777610 11.960793 13.512936
v -10.531377 17.273851 13.279552
v -6.036825 17.447104 13.923025
v -6.838384 21.646856 14.623176
v -0.026454 25.217768 11.453598
v -0.005291 27.444374 9.356476
v 4.647985 25.208141 12.034836
v 7.200806 27.543833 9.885480
v 9.208672 24.717260 11.909253
v 11.322354 27.325665 8.950832
v 11.986352 24.155796 10.422263
v 14.242887 22.753740 7.658329
v 11.724456 20.674721 12.803892
v 13.896338 19.173203 7.901716
v 13.351383 16.401175 8.162884
v 14.856622 19.221329 3.667463
v 14.219078 12.236713 3.665240
v 15.983566 19.256620 -3.436303
v 15.158198 12.785344 -2.991762
v 13.290539 19.619165 -8.181780
v 10.774754 13.099763 -7.899495
v 9.560511 20.174213 -10.281125
v 5.227330 20.495050 -11.436932
v 0.000000 20.636217 -11.813680
v 5.682340 26.969534 -12.881690
v 0.000000 27.216578 -13.167308
v 13.290539 19.619165 -8.181780
v 14.557690 26.385612 -9.336475
v 15.983566 19.256620 -3.436303
v 16.253399 26.401653 -4.135345
v 14.859267 27.996214 2.742816
v -14.557690 26.385612 -9.336475
v -9.560511 20.174213 -10.281125
v -13.224404 19.619165 -8.181780
v 8.150508 38.131447 2.241595
v 10.499632 35.831047 3.072887
v 12.158304 37.971027 0.712374
v 12.713840 38.734619 -2.735042
v 8.150508 38.131447 2.241595
v 3.428451 36.299465 4.373170
v 1.013192 37.261978 3.125121
v 0.000000 35.972214 3.893065
v 12.578924 39.052246 -4.779931
v 10.459950 37.817024 -8.715230
v 8.153153 39.568794 -3.929746
v 4.015732 41.939777 -6.849269
v 0.000000 38.545322 -10.685658
v -2.166591 33.514606 -11.621417
v -6.788122 35.455666 -10.807907
v -4.052768 36.735806 4.520979
v -7.176997 38.359238 2.622789
v -4.891363 35.744419 5.400059
v 10.459950 37.817024 -8.715230
v 6.788122 35.455666 -10.807907
v 0.000000 42.668076 -8.695226
v 0.000000 48.840977 -7.708346
v -4.044832 41.942986 -6.849269
v -3.714155 47.740505 -5.573437
v -12.578924 39.052246 -4.779931
v -8.153153 39.568794 -3.929746
v -10.459950 37.817024 -8.715230
v -4.044832 41.942986 -6.849269
v -6.788122 35.455666 -10.807907
v 0.000000 42.668076 -8.695226
v 0.000000 38.545322 -10.685658
v 6.788122 35.455666 -10.807907
v 2.166591 33.514606 -11.621417
v -4.052768 36.735806 4.520979
v -5.946881 38.715366 2.656130
v -7.176997 38.359238 2.622789
v -6.571198 40.666054 -2.989542
v -7.666398 40.338802 -3.357399
v -4.962789 41.782566 -6.807038
v -5.957463 41.461731 -7.583873
v 0.000000 42.751495 -8.828588
v -4.891363 35.744419 5.400059
v 0.000000 36.613888 5.184457
v -4.052768 36.735806 4.520979
v -11.801173 38.651199 3.229588
v -12.383163 33.517815 6.182453
v -10.605448 33.604439 6.061315
v -13.367256 30.341530 6.440286
v -7.475928 29.995026 8.430719
v -14.859267 27.996214 2.742816
v -16.253399 26.401653 -4.135345
v -15.983566 19.256620 -3.436303
v -14.557690 26.385612 -9.336475
v -13.224404 19.619165 -8.181780
v 4.161230 32.301842 6.293588
v 0.000000 31.381041 7.167110
v 0.000000 29.674189 7.783912
v -4.161230 32.301842 6.293588
v -7.475928 29.995026 8.430719
v -7.044726 34.785118 5.068876
v -10.605448 33.604439 6.061315
v -9.002330 38.173153 3.059551
v -11.801173 38.651199 3.229588
v 7.475928 29.995026 8.430719
v 13.367256 30.341530 6.440286
v 10.605448 33.604439 6.061315
v 12.383163 33.517815 6.182453
v 11.801173 38.651199 3.229588
v -14.242887 22.753740 7.658329
v -14.856622 19.221329 3.667463
v -13.896338 19.173203 7.901716
v -15.983566 19.256620 -3.436303
v -14.856622 19.221329 3.667463
v -14.859267 27.996214 2.742816
v -14.242887 22.753740 7.658329
v -13.367256 30.341530 6.440286
v -10.941415 26.902161 9.476502
v -7.475928 29.995026 8.430719
v -10.941415 26.902161 9.476502
v -7.187579 27.582333 9.856585
v -0.005291 27.444374 9.356476
v 0.000000 29.674189 7.783912
v 7.475928 29.995026 8.430719
v 4.161230 32.301842 6.293588
v 10.605448 33.604439 6.061315
v 7.044726 34.785118 5.068876
v 11.801173 38.651199 3.229588
v 9.002330 38.173153 3.059551
v 13.896338 19.173203 7.901716
v 14.856622 19.221329 3.667463
v 14.242887 22.753740 7.658329
v -3.428451 36.299465 4.373170
v -10.499632 35.831047 3.072887
v -8.565837 32.253716 4.586550
v -4.745865 28.984390 6.787028
v -3.428451 36.299465 4.373170
v 0.000000 28.310633 6.717013
v 0.000000 35.972214 3.893065
v 4.745865 28.984390 6.787028
v 3.428451 36.299465 4.373170
v 8.565837 32.253716 4.586550
v 10.499632 35.831047 3.072887
v -0.005291 27.444374 9.356476
v 7.200806 27.543833 9.885480
v 7.475928 29.995026 8.430719
v 11.322354 27.325665 8.950832
v 13.367256 30.341530 6.440286
v 14.859267 27.996214 2.742816
v 14.856622 19.221329 3.667463
v 15.983566 19.256620 -3.436303
v 9.531412 40.531303 -5.307823
v 12.486334 40.515263 -5.722358
v 8.264260 38.936745 -9.882151
v 12.819656 37.393520 -9.803244
v 9.936159 34.624699 -11.655869
v 13.290539 32.478302 -11.009062
v 10.041976 26.639072 -11.771449
v 14.557690 26.385612 -9.336475
v 9.560511 20.174213 -10.281125
v 13.290539 19.619165 -8.181780
v 9.589611 40.386929 -1.078015
v 9.002330 38.173153 3.059551
v 11.801173 38.651199 3.229588
v 11.801173 38.651199 3.229588
v 12.293220 41.051060 -1.259166
v 9.589611 40.386929 -1.078015
v 12.486334 40.515263 -5.722358
v 9.531412 40.531303 -5.307823
v 4.198265 46.556618 1.171363
v 2.412614 41.817860 1.828172
v 5.002470 44.715015 -1.520333
v 3.809390 39.270416 1.633685
v 5.356955 40.682098 -2.380520
v 8.153153 39.568794 -3.929746
v 4.015732 41.939777 -6.849269
v 2.412614 41.817860 1.828172
v 1.013192 37.261978 3.125121
v 3.809390 39.270416 1.633685
v 8.150508 38.131447 2.241595
v 8.153153 39.568794 -3.929746
v 12.713840 38.734619 -2.735042
v 12.578924 39.052246 -4.779931
v 4.052768 36.735806 4.520979
v 4.891363 35.744419 5.400059
v 5.946881 38.715366 2.656130
v 7.176997 38.359238 2.622789
v 6.571198 40.666054 -2.989542
v 7.666398 40.338802 -3.357399
v 4.962789 41.782566 -6.807038
v 5.957463 41.461731 -7.583873
v 0.000000 42.751495 -8.828588
v 0.000000 42.196445 -9.693221
v -5.957463 41.461731 -7.583873
v 9.560511 20.174213 -10.281125
v 5.227330 20.495050 -11.436932
v 10.041976 26.639072 -11.771449
v 5.682340 26.969534 -12.881690
v 9.936159 34.624699 -11.655869
v 5.666468 36.033173 -11.443601
v 8.264260 38.936745 -9.882151
v 4.052768 36.735806 4.520979
v 0.000000 36.613888 5.184457
v 4.891363 35.744419 5.400059
v 0.000000 35.824631 5.989076
v 5.401927 32.439800 8.749676
v 0.698388 32.041965 9.211999
v 2.034320 7.822000 10.740111
v 0.000000 14.626947 11.156868
v 0.544954 7.802750 10.573408
v 4.647985 25.208141 12.034836
v -0.026454 25.217768 11.453598
v 0.000000 21.576271 13.289553
v 13.351383 16.401175 8.162884
v 11.724456 20.674721 12.803892
v 10.531377 17.273851 13.279552
v 10.034040 5.781477 -4.563214
v 6.333111 6.121564 -6.148004
v 9.317133 11.498788 -5.614554
v 7.494446 12.207836 -6.743689
v 2.044902 0.279127 -9.624314
v 0.000000 0.279127 -8.989731
v 1.129590 6.121564 -7.474958
v 4.065995 0.279127 -9.040854
v 4.073931 6.121564 -7.156001
v 4.949562 12.955386 -7.563867
v 12.875210 6.070231 3.973086
v 11.261510 5.325891 6.432508
v 11.533987 3.282161 6.410282
v 9.412368 4.754800 8.078422
v 10.761527 0.038501 7.973955
v 14.219078 12.236713 3.665240
v 13.351383 16.401175 8.162884
v 10.647775 11.909460 10.007729
v 10.531377 17.273851 13.279552
v 4.777610 11.960793 13.512936
v 1.156044 3.519580 10.530066
v 0.767169 0.150794 11.239109
v 3.248563 3.724915 10.645647
v 3.976051 0.041710 10.934598
v 6.415119 4.164462 9.806576
v 7.219323 0.038501 9.447609
v 8.957358 0.038501 8.599647
v 13.171496 0.044918 7.103766
v 15.094709 0.478047 3.754149
v 13.465136 3.542037 4.379840
v 13.600052 4.206169 -1.171366
v 13.052452 6.410318 -0.952429
v 11.057813 10.356610 -3.820831
v 0.000000 14.626947 11.156868
v 2.034320 7.822000 10.740111
v 3.962824 12.942555 11.039065
v 5.256429 8.020919 10.146648
v 7.544709 11.043200 10.024400
v 7.796023 8.335339 9.345363
v 10.401751 9.493560 7.759463
v -0.031745 7.770667 10.308906
v -0.611090 7.802750 10.573408
v 0.000000 3.455413 10.129979
v -1.156044 3.519580 10.530066
v 0.000000 0.025668 10.631199
v -0.767169 0.150794 11.239109
v 0.000000 -5.297013 11.641419
v 9.208672 24.717260 11.909253
v 4.647985 25.208141 12.034836
v 6.838384 21.646856 14.623176
v 6.036825 17.447104 13.923025
v 0.000000 18.120859 14.168634
v 0.999965 11.980044 13.694086
v 11.986352 24.155796 10.422263
v 9.208672 24.717260 11.909253
v 11.724456 20.674721 12.803892
v 6.838384 21.646856 14.623176
v 6.036825 17.447104 13.923025
v 4.777610 11.960793 13.512936
v -15.629081 -1.376390 -2.517214
v -14.761387 0.959302 -2.063782
v -11.256219 -0.458798 -6.997076
v -10.832953 1.238430 -6.349158
v -6.690241 -0.121919 -8.080645
v -6.663787 1.097261 -7.540528
v -4.065995 0.279127 -9.040854
v 15.094709 0.478047 3.754149
v 14.761387 0.959302 -2.063782
v 10.832953 1.238430 -6.349158
v 6.663787 1.097261 -7.540528
v 0.544954 7.802750 10.573408
v 1.156044 3.519580 10.530066
v 5.256429 8.020919 10.146648
v 12.684740 9.233681 3.595225
v 13.253503 9.840062 -0.590129
v 10.740364 -3.596579 8.652992
v 13.367256 -3.150616 7.745016
v 13.171496 0.044918 7.103766
v 16.226944 -2.419109 4.110893
v 15.629081 -1.376390 -2.517214
v 14.761387 0.959302 -2.063782
v 11.261510 -0.455589 -7.101543
v 10.832953 1.238430 -6.349158
v 6.695532 -0.118711 -8.184001
v 4.065995 0.279127 -9.040854
v -4.613595 -4.825383 11.270227
v -3.976051 0.041710 10.934598
v -3.248563 3.724915 10.645647
v -2.103101 7.822000 10.740111
v 4.613595 -4.825383 11.270227
v 7.790732 -4.263919 9.467613
v 10.740364 -3.596579 8.652992
v 14.229660 19.109035 -4.086445
v 11.438752 19.118662 -7.024861
v 6.774895 20.122881 -9.034187
v 1.851787 12.891219 -7.886159
v 0.000000 6.121564 -7.161556
v -1.129590 6.121564 -7.474958
v -2.044902 0.279127 -9.624314
v -4.073931 6.121564 -7.156001
v -6.333111 6.121564 -6.148004
v -10.034040 5.781477 -4.563214
v -10.832953 1.238430 -6.349158
v -13.600052 4.206169 -1.171366
v -14.761387 0.959302 -2.063782
v -15.094709 0.478047 3.754149
v -15.629081 -1.376390 -2.517214
v -16.226944 -2.419109 4.110893
v 21.745270 34.197987 -10.284460
v 17.824772 38.741035 -9.919937
v 21.470146 38.753868 -9.328697
v 16.581429 35.564751 6.299144
v 21.208252 37.342186 5.253361
v 21.054817 40.958015 3.182911
v 17.824772 38.741035 -9.919937
v 21.070688 41.856358 -5.630116
v 19.515188 32.478302 -8.555195
v 17.536423 29.128767 -8.436280
v 14.309022 32.706097 -10.185550
v 22.361649 30.784285 -6.050206
v 22.165890 31.194956 -2.120463
v 17.718954 28.063589 -5.220025
v 16.893587 29.266726 -1.612575
v 16.666082 37.249146 -8.264021
v 19.515188 32.478302 -8.555195
v 18.435862 37.226685 -7.877270
v 23.078554 37.294060 -7.316037
v 21.962193 34.005486 3.658570
v 22.004519 31.612043 0.225603
v 30.903679 33.687855 3.114007
v 30.903679 32.786304 -0.392309
v 21.962193 34.005486 3.658570
v 17.991432 30.681616 0.831290
v 22.004519 31.612043 0.225603
v 22.165890 31.194956 -2.120463
v 30.903679 32.786304 -0.392309
v 30.901031 32.828014 -2.459425
v 14.557690 26.385612 -9.336475
v 18.896162 28.580135 -9.496510
v 16.253399 26.401653 -4.135345
v 17.824772 38.741035 -9.919937
v 18.200420 33.610855 -11.486944
v 22.171181 30.736158 -9.094201
v 18.896162 28.580135 -9.496510
v 17.536423 29.128767 -8.436280
v 22.361649 30.784285 -6.050206
v 19.515188 32.478302 -8.555195
v 23.930376 33.983025 -7.473848
v 23.078554 37.294060 -7.316037
v 26.551979 37.156101 -6.523643
v 16.581429 35.564751 6.299144
v 16.136999 40.155926 3.449636
v 21.147406 42.706577 -0.907978
v 16.383022 41.882027 -1.216934
v 21.070688 41.856358 -5.630116
v 17.187227 41.176186 -5.746808
v 12.486334 40.515263 -5.722358
v 17.824772 38.741035 -9.919937
v 12.819656 37.393520 -9.803244
v 18.200420 33.610855 -11.486944
v 13.290539 32.478302 -11.009062
v 18.896162 28.580135 -9.496510
v 14.557690 26.385612 -9.336475
v 16.893587 29.266726 -1.612575
v 22.165890 31.194956 -2.120463
v 15.340732 28.987598 1.738154
v 17.991432 30.681616 0.831290
v 15.346022 29.735147 4.099778
v 21.962193 34.005486 3.658570
v 15.483584 31.750004 4.356500
v 20.919901 35.176540 3.677463
v 14.533882 37.207436 3.808602
v 17.692501 37.829861 3.408515
v 14.853976 39.203041 1.494766
v 17.636948 39.928131 1.253603
v 15.756061 40.088551 -1.670366
v 16.581429 35.564751 6.299144
v 21.401365 33.482521 5.645669
v 17.409443 31.467667 6.474738
v 21.509827 30.505156 3.755259
v 14.859267 27.996214 2.742816
v 21.766432 28.830387 -0.494554
v 16.253399 26.401653 -4.135345
v 22.057426 29.135183 -5.171126
v 18.896162 28.580135 -9.496510
v 22.171181 30.736158 -9.094201
v 12.486334 40.515263 -5.722358
v 12.293220 41.051060 -1.259166
v 16.136999 40.155926 3.449636
v 11.801173 38.651199 3.229588
v 12.383163 33.517815 6.182453
v 17.409443 31.467667 6.474738
v 13.367256 30.341530 6.440286
v 14.859267 27.996214 2.742816
v 5.682340 26.969534 -12.881690
v 0.000000 35.186165 -12.072627
v 5.666468 36.033173 -11.443601
v -8.153153 39.568794 -3.929746
v -5.356955 40.682098 -2.380520
v -4.044832 41.942986 -6.849269
v -12.578924 39.052246 -4.779931
v -12.713840 38.734619 -2.735042
v -8.153153 39.568794 -3.929746
v -12.158304 37.971027 0.712374
v -12.158304 37.971027 0.712374
v -8.150508 38.131447 2.241595
v -8.153153 39.568794 -3.929746
v -3.809390 39.270416 1.633685
v -5.356955 40.682098 -2.380520
v -5.002470 44.715015 -1.520333
v -3.714155 47.740505 -5.573437
v -3.986633 51.112499 -6.033537
v -10.499632 35.831047 3.072887
v -8.150508 38.131447 2.241595
v -3.428451 36.299465 4.373170
v -1.013192 37.261978 3.125121
v 0.000000 35.972214 3.893065
v 0.000000 37.002102 3.298492
v 1.013192 37.261978 3.125121
v 0.000000 39.373081 2.885068
v 2.412614 41.817860 1.828172
v 0.000000 42.180405 3.330721
v 4.198265 46.556618 1.171363
v 0.000000 43.765339 3.570773
v -5.666468 36.033173 -11.443601
v 0.000000 35.186165 -12.072627
v -5.682340 26.969534 -12.881690
v -8.264260 38.936745 -9.882151
v -5.666468 36.033173 -11.443601
v -9.936159 34.624699 -11.655869
v -5.682340 26.969534 -12.881690
v -10.041976 26.639072 -11.771449
v -5.227330 20.495050 -11.436932
v -9.560511 20.174213 -10.281125
v -11.801173 38.651199 3.229588
v -9.002330 38.173153 3.059551
v -12.293220 41.051060 -1.259166
v -9.002330 38.173153 3.059551
v -9.589611 40.386929 -1.078015
v -12.293220 41.051060 -1.259166
v -9.531412 40.531303 -5.307823
v -12.486334 40.515263 -5.722358
v 0.000000 36.613888 5.184457
v -4.891363 35.744419 5.400059
v 0.000000 35.824631 5.989076
v -5.401927 32.439800 8.749676
v -0.698388 32.041965 9.211999
v -3.809390 39.270416 1.633685
v -8.150508 38.131447 2.241595
v -1.013192 37.261978 3.125121
v -14.557690 26.385612 -9.336475
v -16.253399 26.401653 -4.135345
v -18.896162 28.580135 -9.496510
v -17.718954 28.063589 -5.220025
v -19.515188 32.478302 -8.555195
v -17.536423 29.128767 -8.436280
v -14.309022 32.706097 -10.185550
v -22.165890 31.194956 -2.120463
v -17.991432 30.681616 0.831290
v -22.004519 31.612043 0.225603
v -21.962193 34.005486 3.658570
v -16.893587 29.266726 -1.612575
v -22.165890 31.194956 -2.120463
v -22.361649 30.784285 -6.050206
v -23.078554 37.294060 -7.316037
v -18.435862 37.226685 -7.877270
v -19.515188 32.478302 -8.555195
v -16.666082 37.249146 -8.264021
v -14.309022 32.706097 -10.185550
v -21.962193 34.005486 3.658570
v -30.903679 33.687855 3.114007
v -22.004519 31.612043 0.225603
v -30.903679 32.786304 -0.392309
v -22.165890 31.194956 -2.120463
v -30.901031 32.828014 -2.459425
v -21.470146 38.753868 -9.328697
v -17.824772 38.741035 -9.919937
v -18.200420 33.610855 -11.486944
v -18.896162 28.580135 -9.496510
v -22.171181 30.736158 -9.094201
v -18.200420 33.610855 -11.486944
v -21.745270 34.197987 -10.284460
v -21.470146 38.753868 -9.328697
v -26.551979 37.156101 -6.523643
v -23.078554 37.294060 -7.316037
v -23.930376 33.983025 -7.473848
v -19.515188 32.478302 -8.555195
v -22.361649 30.784285 -6.050206
v -17.718954 28.063589 -5.220025
v -16.893587 29.266726 -1.612575
v -14.557690 26.385612 -9.336475
v -18.896162 28.580135 -9.496510
v -13.290539 32.478302 -11.009062
v -18.200420 33.610855 -11.486944
v -12.819656 37.393520 -9.803244
v -17.824772 38.741035 -9.919937
v -12.486334 40.515263 -5.722358
v -15.756061 40.088551 -1.670366
v -17.636948 39.928131 1.253603
v -14.853976 39.203041 1.494766
v -17.692501 37.829861 3.408515
v -14.533882 37.207436 3.808602
v -20.919901 35.176540 3.677463
v -15.483584 31.750004 4.356500
v -21.962193 34.005486 3.658570
v -15.346022 29.735147 4.099778
v -17.991432 30.681616 0.831290
v -15.340732 28.987598 1.738154
v -22.165890 31.194956 -2.120463
v -16.893587 29.266726 -1.612575
v -22.171181 30.736158 -9.094201
v -18.896162 28.580135 -9.496510
v -22.057426 29.135183 -5.171126
v -16.253399 26.401653 -4.135345
v -21.766432 28.830387 -0.494554
v -14.859267 27.996214 2.742816
v -21.509827 30.505156 3.755259
v -17.409443 31.467667 6.474738
v -21.401365 33.482521 5.645669
v -16.581429 35.564751 6.299144
v -21.208252 37.342186 5.253361
v -16.136999 40.155926 3.449636
v -21.054817 40.958015 3.182911
v -16.383022 41.882027 -1.216934
v -21.147406 42.706577 -0.907978
v -17.187227 41.176186 -5.746808
v -21.070688 41.856358 -5.630116
v -14.859267 27.996214 2.742816
v -13.367256 30.341530 6.440286
v -17.409443 31.467667 6.474738
v -12.383163 33.517815 6.182453
v -16.581429 35.564751 6.299144
v -11.801173 38.651199 3.229588
v -16.136999 40.155926 3.449636
v -12.293220 41.051060 -1.259166
v -16.383022 41.882027 -1.216934
v -17.187227 41.176186 -5.746808
v -21.070688 41.856358 -5.630116
v -11.986352 24.155796 10.422263
v -11.724456 20.674721 12.803892
v -9.208672 24.717260 11.909253
v -9.412368 4.754800 8.078422
v -7.219323 0.038501 9.447609
v -6.415119 4.164462 9.806576
v -9.412368 4.754800 8.078422
v -8.957358 0.038501 8.599647
v -10.401751 9.493560 7.759463
v -7.796023 8.335339 9.345363
v -7.544709 11.043200 10.024400
v -5.325210 8.020919 10.146648
v -3.962824 12.942555 11.039065
v -12.684740 9.233681 3.595225
v -11.261510 5.325891 6.432508
v -12.875210 6.070231 3.973086
v -11.533987 3.282161 6.410282
v -10.761527 0.038501 7.973955
v -14.631762 18.031025 -0.356745
v -13.253503 9.840062 -0.590129
v -13.943955 15.721000 3.306273
v -12.684740 9.233681 3.595225
v -11.192729 13.622728 7.711675
v -10.401751 9.493560 7.759463
v -7.957393 14.213068 10.085524
v -7.544709 11.043200 10.024400
v -4.177102 15.708167 11.712544
v -3.962824 12.942555 11.039065
v 0.000000 18.868408 12.343793
v 14.229660 19.109035 -4.086445
v 14.631762 18.031025 -0.356745
v 13.253503 9.840062 -0.590129
v 13.943955 15.721000 3.306273
v 12.684740 9.233681 3.595225
v 11.192729 13.622728 7.711675
v 10.401751 9.493560 7.759463
v 7.957393 14.213068 10.085524
v 7.544709 11.043200 10.024400
v 4.177102 15.708167 11.712544
v 3.962824 12.942555 11.039065
v 0.000000 14.626947 11.156868
v -2.103101 7.822000 10.740111
v -5.325210 8.020919 10.146648
v -3.248563 3.724915 10.645647
v -6.415119 4.164462 9.806576
v -3.976051 0.041710 10.934598
v -7.219323 0.038501 9.447609
v -14.229660 19.109035 -4.086445
v -11.057813 10.356610 -3.820831
v -13.253503 9.840062 -0.590129
v -13.052452 6.410318 -0.952429
v -12.875210 6.070231 3.973086
v -13.465136 3.542037 4.379840
v -11.533987 3.282161 6.410282
v -13.171496 0.044918 7.103766
v -10.761527 0.038501 7.973955
v -10.740364 -3.596579 8.652992
v -8.957358 0.038501 8.599647
v -7.790732 -4.263919 9.467613
v -4.613595 -4.825383 11.270227
v 3.714155 47.740505 -5.573437
v 3.986633 51.112499 -6.033537
v 5.002470 44.715015 -1.520333
v 5.838420 50.252659 -1.079127
v 4.198265 46.556618 1.171363
v 5.002470 44.715015 -1.520333
v 5.356955 40.682098 -2.380520
v 3.714155 47.740505 -5.573437
v 4.015732 41.939777 -6.849269
v -3.714155 47.740505 -5.573437
v -4.044832 41.942986 -6.849269
v -5.356955 40.682098 -2.380520
v -5.002470 44.715015 -1.520333
v -3.809390 39.270416 1.633685
v -2.412614 41.817860 1.828172
v -1.013192 37.261978 3.125121
v 0.000000 39.373081 2.885068
v 0.000000 37.002102 3.298492
v -3.714155 47.740505 -5.573437
v 0.000000 51.410877 -8.168446
v 0.000000 48.840977 -7.708346
v 3.714155 47.740505 -5.573437
v 4.015732 41.939777 -6.849269
v 0.000000 39.373081 2.885068
v 0.000000 42.180405 3.330721
v -2.412614 41.817860 1.828172
v -4.198265 46.556618 1.171363
v -5.002470 44.715015 -1.520333
v -5.838420 50.252659 -1.079127
v -3.986633 51.112499 -6.033537
v 0.000000 32.937099 -11.757002
v 0.000000 38.545322 -10.685658
v 2.166591 33.514606 -11.621417
v -5.682340 26.969534 -12.881690
v 0.000000 35.186165 -12.072627
v 0.000000 27.216578 -13.167308
v 5.682340 26.969534 -12.881690
v -2.166591 33.514606 -11.621417
v 12.285283 31.839836 -2.973982
v 21.208252 37.342186 5.253361
v 21.401365 33.482521 5.645669
v 26.551979 37.156101 -6.523643
v 30.903679 37.229893 -6.593658
v 23.930376 33.983025 -7.473848
v 21.054817 40.958015 3.182911
v 21.470146 38.753868 -9.328697
v 21.070688 41.856358 -5.630116
v 21.147406 42.706577 -0.907978
v 21.509827 30.505156 3.755259
v 21.766432 28.830387 -0.494554
v 22.057426 29.135183 -5.171126
v 22.171181 30.736158 -9.094201
v 21.745270 34.197987 -10.284460
v 30.903679 37.229893 -6.593658
v 30.903679 34.528450 -7.333818
v 23.930376 33.983025 -7.473848
v 30.903679 32.747807 -6.593657
v 22.361649 30.784285 -6.050206
v 30.903679 31.948921 -4.996644
v 22.165890 31.194956 -2.120463
v 30.901031 32.828014 -2.459425
v 15.935949 39.440460 -5.406734
v 17.324789 39.684296 -5.196688
v 16.666082 37.249146 -8.264021
v 22.194988 38.423409 3.082889
v 17.692501 37.829861 3.408515
v 20.919901 35.176540 3.677463
v 30.903679 37.249146 3.114007
v 21.962193 34.005486 3.658570
v 30.903679 33.687855 3.114007
v 26.570496 37.063061 2.310499
v 26.551979 37.156101 -6.523643
v 23.078554 37.294060 -7.316037
v 27.432899 39.219082 -4.117564
v 30.903679 37.229893 -6.593658
v 30.903679 39.341000 -3.976423
v 30.903679 40.226509 -2.158250
v 17.319498 40.508846 -2.200481
v 15.756061 40.088551 -1.670366
v 17.636948 39.928131 1.253603
v 22.462175 39.950588 0.881300
v 22.316677 40.768723 -2.080455
v 30.901031 39.430836 -0.579018
v 27.387928 39.119621 0.150030
v 27.311211 40.078922 -1.879300
v 22.544184 39.963425 -4.776597
v 18.435862 37.226685 -7.877270
v -12.285283 31.839836 -2.973982
v -21.147406 42.706577 -0.907978
v -21.070688 41.856358 -5.630116
v -30.903679 31.948921 -4.996644
v -22.165890 31.194956 -2.120463
v -30.901031 32.828014 -2.459425
v -21.054817 40.958015 3.182911
v -22.171181 30.736158 -9.094201
v -22.057426 29.135183 -5.171126
v -21.766432 28.830387 -0.494554
v -21.509827 30.505156 3.755259
v -21.470146 38.753868 -9.328697
v -21.745270 34.197987 -10.284460
v -21.401365 33.482521 5.645669
v -21.208252 37.342186 5.253361
v -23.930376 33.983025 -7.473848
v -30.903679 37.229893 -6.593658
v -26.551979 37.156101 -6.523643
v -22.165890 31.194956 -2.120463
v -30.903679 31.948921 -4.996644
v -22.361649 30.784285 -6.050206
v -30.903679 32.747807 -6.593657
v -23.930376 33.983025 -7.473848
v -30.903679 34.528450 -7.333818
v -30.903679 37.229893 -6.593658
v -27.432899 39.219082 -4.117564
v -30.903679 39.341000 -3.976423
v -30.903679 40.226509 -2.158250
v -30.903679 37.229893 -6.593658
v -26.551979 37.156101 -6.523643
v -23.078554 37.294060 -7.316037
v -17.636948 39.928131 1.253603
v -15.756061 40.088551 -1.670366
v -17.319498 40.508846 -2.200481
v -15.935949 39.440460 -5.406734
v -17.324789 39.684296 -5.196688
v -16.666082 37.249146 -8.264021
v -22.316677 40.768723 -2.080455
v -22.462175 39.950588 0.881300
v -22.194988 38.423409 3.082889
v -17.692501 37.829861 3.408515
v -20.919901 35.176540 3.677463
v -18.435862 37.226685 -7.877270
v -22.544184 39.963425 -4.776597
v -27.311211 40.078922 -1.879300
v -27.387928 39.119621 0.150030
v -30.901031 39.430836 -0.579018
v -26.570496 37.063061 2.310499
v -30.903679 37.249146 3.114007
v -21.962193 34.005486 3.658570
v -30.903679 33.687855 3.114007
v 0.000000 51.410877 -8.168446
v -3.714155 47.740505 -5.573437
v -3.986633 51.112499 -6.033537
v 0.000000 51.410877 -8.168446
v 3.986633 51.112499 -6.033537
v 3.714155 47.740505 -5.573437
v 0.000000 42.180405 3.330721
v 0.000000 43.765339 3.570773
v -4.198265 46.556618 1.171363
v 0.000000 51.410877 -8.168446
v -3.986633 51.112499 -6.033537
v -4.105676 54.789288 -7.539420
v 0.000000 54.179699 -9.293135
v 4.105676 54.789288 -7.539420
v 3.986633 51.112499 -6.033537
v 0.000000 44.708599 6.306922
v 4.198265 46.556618 1.171363
v 5.677050 49.020645 1.791496
v 5.838420 50.252659 -1.079127
v 7.748405 54.436367 -2.550558
v 3.986633 51.112499 -6.033537
v 4.105676 54.789288 -7.539420
v -4.105676 54.789288 -7.539420
v -3.986633 51.112499 -6.033537
v -7.748405 54.436367 -2.550558
v -5.838420 50.252659 -1.079127
v -5.677050 49.020645 1.791496
v -4.198265 46.556618 1.171363
v 0.000000 43.765339 3.570773
vn -0.3691 -0.2199 -0.9030
vn -0.5973 -0.3301 -0.7310
vn -0.3064 -0.1335 -0.9425
vn -0.1643 -0.0391 -0.9856
vn -0.1734 0.2128 -0.9616
vn -0.0472 0.4871 -0.8721
vn -0.1261 0.6855 -0.7170
vn 0.0785 0.9350 -0.3458
vn 0.0784 0.9805 -0.1804
vn -0.9270 0.1257 0.3535
vn -0.9217 -0.0394 0.3860
vn -0.9840 -0.1181 -0.1338
vn -0.9839 -0.1181 -0.1338
vn -0.9859 -0.1643 -0.0313
vn -0.8353 -0.2522 -0.4885
vn -0.0000 -0.1414 -0.9899
vn -0.0000 -0.1885 -0.9821
vn 0.2440 -0.1811 -0.9527
vn -0.7536 -0.1335 -0.6437
vn -0.8353 -0.2522 -0.4886
vn -0.5256 -0.2667 -0.8079
vn -0.5812 0.3063 0.7539
vn -0.8669 0.3152 0.3862
vn -0.5421 0.1964 0.8170
vn -0.5811 0.3063 0.7540
vn -0.5420 0.1964 0.8171
vn -0.2906 0.1650 0.9425
vn -0.1726 -0.1962 -0.9653
vn -0.1018 -0.0235 -0.9945
vn -0.0000 -0.1886 -0.9821
vn -0.0000 -0.0315 -0.9995
vn -0.2199 -0.2199 0.9504
vn -0.0393 -0.0784 0.9961
vn -0.0318 -0.0551 0.9980
vn -0.0000 0.0863 0.9963
vn -0.0000 0.2830 0.9591
vn -0.0000 -0.1644 -0.9864
vn 0.1337 -0.1258 -0.9830
vn -0.0000 -0.2518 -0.9678
vn -0.1564 -0.1408 -0.9776
vn -0.2278 -0.2435 -0.9428
vn -0.3526 -0.1880 -0.9167
vn -0.5263 -0.1728 -0.8326
vn -0.9565 -0.1490 0.2509
vn -0.7227 -0.3614 0.5892
vn -0.8936 -0.2038 0.3998
vn -0.4890 -0.2208 0.8439
vn -0.7254 0.1183 0.6781
vn -0.1024 0.2283 0.9682
vn -0.2919 0.5522 0.7810
vn 0.0393 0.6058 0.7946
vn -0.5895 0.1493 -0.7939
vn -0.5262 -0.1728 -0.8326
vn -0.4179 0.0551 -0.9068
vn -0.2670 0.1021 -0.9583
vn 0.0785 0.1256 -0.9890
vn -0.0000 0.0785 -0.9969
vn -0.1337 -0.1259 -0.9830
vn 0.2282 -0.2361 -0.9445
vn -0.0000 -0.1414 -0.9900
vn -0.2441 -0.1811 -0.9527
vn -0.3690 -0.2198 -0.9030
vn -0.5186 -0.2515 -0.8172
vn -0.6845 -0.2282 -0.6924
vn -0.9115 -0.1964 -0.3614
vn -0.9910 -0.0944 -0.0944
vn -0.9801 -0.0627 0.1882
vn -0.8937 -0.2038 0.3998
vn -0.9406 -0.1097 0.3214
vn -0.9021 0.1412 0.4079
vn -0.6597 0.4241 0.6204
vn -0.4400 0.4872 0.7543
vn -0.0629 0.6051 0.7937
vn -0.0000 0.6285 0.7778
vn -0.9101 0.3766 0.1727
vn -0.8699 0.3448 0.3527
vn -0.8805 0.3616 -0.3066
vn -0.9468 0.1017 -0.3052
vn -0.5895 0.1493 -0.7938
vn -0.7536 -0.1334 -0.6437
vn -0.5255 -0.2667 -0.8079
vn -0.2200 -0.2199 0.9504
vn -0.0314 -0.0550 0.9980
vn -0.1023 0.2282 0.9682
vn 0.0001 0.2830 0.9591
vn -0.0000 0.5745 0.8185
vn -0.0000 0.6286 0.7778
vn -0.0393 0.6058 0.7946
vn 0.0707 0.6048 0.7933
vn 0.2919 0.5522 0.7810
vn 0.4487 0.4644 0.7635
vn 0.6608 0.4091 0.6293
vn 0.9030 0.1335 0.4084
vn 0.7254 0.1183 0.6781
vn 0.9406 -0.1097 0.3214
vn 0.8937 -0.2038 0.3998
vn 0.9801 -0.0627 0.1882
vn 0.9565 -0.1489 0.2509
vn 0.9911 -0.0944 -0.0944
vn 0.9115 -0.1964 -0.3614
vn 0.6845 -0.2282 -0.6924
vn 0.5186 -0.2515 -0.8172
vn 0.3691 -0.2199 -0.9030
vn 0.2441 -0.1811 -0.9527
vn 0.1726 -0.1962 -0.9653
vn 0.1018 -0.0235 -0.9945
vn 0.6845 -0.2282 -0.6923
vn 0.5973 -0.3301 -0.7309
vn 0.9910 -0.0944 -0.0944
vn 0.6747 -0.7375 -0.0314
vn 0.7619 -0.5027 0.4084
vn -0.5973 -0.3301 -0.7309
vn 0.1493 0.7698 0.6206
vn 0.2278 0.4635 0.8563
vn 0.2277 0.8244 0.5182
vn 0.1259 0.9754 0.1809
vn 0.1492 0.7698 0.6206
vn 0.0549 0.4870 0.8717
vn 0.0863 0.4393 0.8942
vn -0.0000 0.4783 0.8782
vn 0.0945 0.9918 -0.0866
vn 0.2510 0.8627 -0.4391
vn 0.2976 0.9475 0.1174
vn 0.5799 0.5721 -0.5800
vn -0.0000 0.2757 -0.9612
vn -0.0392 0.1960 -0.9798
vn -0.2046 0.4565 -0.8659
vn -0.1181 0.6617 0.7404
vn -0.2276 0.7929 0.5653
vn -0.0866 0.7084 0.7005
vn 0.2510 0.8626 -0.4391
vn 0.2046 0.4566 -0.8658
vn -0.0000 0.4250 -0.9052
vn -0.0000 0.0707 -0.9975
vn -0.5800 0.5721 -0.5799
vn -0.7847 -0.0000 -0.6199
vn -0.0944 0.9918 -0.0866
vn -0.2998 0.9466 0.1183
vn -0.2509 0.8626 -0.4392
vn -0.5799 0.5722 -0.5800
vn -0.2047 0.4566 -0.8658
vn -0.0000 0.4251 -0.9052
vn -0.0000 0.2758 -0.9612
vn 0.2046 0.4565 -0.8659
vn 0.0392 0.1960 -0.9798
vn -0.1182 0.6617 0.7404
vn -0.2362 0.7717 0.5905
vn -0.2277 0.7929 0.5652
vn -0.3212 0.9088 0.2664
vn -0.3531 0.9180 0.1805
vn -0.3065 0.9511 0.0393
vn -0.3063 0.9346 -0.1806
vn -0.0000 0.9439 -0.3303
vn -0.0000 0.7071 0.7071
vn 0.1889 0.6455 0.7400
vn 0.0860 0.2269 0.9701
vn -0.0000 0.4090 0.9125
vn -0.3846 0.0942 0.9183
vn -0.0472 0.5266 0.8488
vn -0.7619 -0.5027 0.4085
vn -0.6746 -0.7375 -0.0314
vn -0.0156 0.5086 0.8609
vn -0.0000 0.3373 0.9414
vn -0.0000 0.5087 0.8609
vn 0.0157 0.5087 0.8608
vn -0.0471 0.5266 0.8488
vn 0.0867 0.5435 0.8349
vn -0.0000 0.4091 0.9125
vn 0.1414 0.7307 0.6679
vn 0.0553 0.5206 0.8520
vn 0.3846 0.0942 0.9183
vn -0.0860 0.2269 0.9701
vn -0.1889 0.6455 0.7400
vn -0.9911 -0.0944 -0.0944
vn -0.7619 -0.5027 0.4084
vn -0.4400 0.4871 0.7544
vn -0.4400 0.4872 0.7544
vn 0.0552 0.5207 0.8520
vn -0.0157 0.5087 0.8608
vn -0.0866 0.5435 0.8349
vn -0.1414 0.7307 0.6679
vn 0.9030 0.1334 0.4083
vn -0.0550 0.4869 0.8717
vn -0.2278 0.4635 0.8563
vn -0.2118 0.3138 0.9256
vn -0.0626 0.3367 0.9395
vn -0.0000 0.3209 0.9471
vn 0.0626 0.3367 0.9395
vn 0.0550 0.4869 0.8717
vn 0.2118 0.3138 0.9256
vn 0.0707 0.6047 0.7933
vn 0.9030 0.1335 0.4083
vn 0.7619 -0.5027 0.4085
vn -0.0784 0.9805 -0.1804
vn -0.0785 0.9350 -0.3458
vn 0.1261 0.6855 -0.7170
vn 0.0472 0.4871 -0.8721
vn 0.1734 0.2128 -0.9616
vn 0.1643 -0.0391 -0.9856
vn 0.3064 -0.1335 -0.9425
vn -0.1494 0.9674 0.2046
vn -0.1415 0.7307 0.6678
vn -0.1889 0.6456 0.7400
vn -0.1890 0.6456 0.7400
vn -0.2037 0.9559 0.2116
vn -0.1495 0.9674 0.2045
vn -0.0786 0.9351 -0.3457
vn 0.7987 -0.3758 0.4698
vn 0.5474 0.0235 0.8366
vn 0.9881 -0.0392 0.1490
vn 0.5279 0.5121 0.6775
vn 0.8952 0.4319 0.1099
vn 0.2963 0.9476 0.1195
vn 0.5800 0.5720 -0.5799
vn 0.5473 0.0235 0.8366
vn 0.5278 0.5121 0.6776
vn 0.1493 0.7698 0.6205
vn 0.2975 0.9475 0.1175
vn 0.0549 0.6902 0.7216
vn 0.1016 0.6876 0.7189
vn 0.1657 0.7576 0.6313
vn 0.2831 0.8258 0.4876
vn 0.3212 0.9088 0.2664
vn 0.3531 0.9180 0.1805
vn 0.3065 0.9510 0.0393
vn 0.3063 0.9346 -0.1806
vn -0.0000 0.9438 -0.3304
vn -0.0000 0.8404 -0.5419
vn -0.3063 0.9346 -0.1807
vn 0.3690 -0.2199 -0.9030
vn 0.1727 -0.1962 -0.9652
vn 0.3063 -0.1335 -0.9425
vn 0.0551 0.2440 -0.9682
vn 0.1261 0.6855 -0.7171
vn 0.1016 0.6877 0.7189
vn -0.0000 0.6912 0.7226
vn 0.0549 0.6821 0.7292
vn 0.0157 0.6501 0.7597
vn 0.0157 -0.0472 0.9988
vn -0.0000 -0.1337 0.9910
vn -0.2752 -0.0629 0.9593
vn -0.0393 0.6058 0.7947
vn -0.0000 0.2831 0.9591
vn 0.8936 -0.2038 0.3998
vn 0.7254 0.1182 0.6781
vn 0.4890 -0.2208 0.8439
vn 0.5895 0.1493 -0.7938
vn 0.4179 0.0552 -0.9068
vn 0.5263 -0.1728 -0.8326
vn 0.3531 -0.1805 -0.9180
vn 0.0235 0.3208 -0.9468
vn -0.0000 0.2974 -0.9548
vn -0.0785 0.1256 -0.9890
vn 0.3530 0.3216 -0.8786
vn 0.2671 0.1021 -0.9583
vn 0.1566 -0.1331 -0.9786
vn 0.9270 0.1257 0.3535
vn 0.7769 0.0471 0.6278
vn 0.6453 0.2439 0.7240
vn 0.4010 0.1887 0.8964
vn 0.9565 -0.1490 0.2509
vn 0.7227 -0.3614 0.5892
vn 0.2200 -0.2199 0.9504
vn -0.2583 0.0783 0.9629
vn -0.2432 0.1569 0.9572
vn 0.1024 0.0709 0.9922
vn 0.2196 0.0784 0.9724
vn 0.3700 0.0079 0.9290
vn 0.4467 0.0470 0.8934
vn 0.3521 0.0939 0.9312
vn 0.5811 0.3063 0.7540
vn 0.9101 0.3766 0.1727
vn 0.8699 0.3448 0.3527
vn 0.8805 0.3616 -0.3066
vn 0.9468 0.1017 -0.3052
vn 0.7536 -0.1334 -0.6437
vn 0.0158 -0.0472 0.9988
vn 0.0707 -0.1729 0.9824
vn 0.2438 -0.0708 0.9672
vn 0.3686 -0.1490 0.9176
vn 0.4484 -0.0944 0.8889
vn 0.6845 -0.0866 0.7238
vn -0.0000 -0.0785 0.9969
vn 0.2752 -0.0629 0.9593
vn -0.0000 0.0158 0.9999
vn 0.2583 0.0783 0.9629
vn -0.0000 0.2037 0.9790
vn 0.2432 0.1569 0.9572
vn -0.0000 0.1018 0.9948
vn 0.2919 0.5522 0.7809
vn 0.1023 0.2283 0.9682
vn 0.0314 -0.0550 0.9980
vn 0.0392 -0.0784 0.9961
vn 0.6607 0.4091 0.6293
vn 0.1024 0.2283 0.9682
vn 0.2199 -0.2199 0.9504
vn -0.8973 0.3778 -0.2283
vn -0.8319 0.3924 -0.3925
vn -0.5595 0.4019 -0.7249
vn -0.4878 0.4092 -0.7711
vn -0.2816 0.3912 -0.8762
vn -0.3304 0.3383 -0.8811
vn -0.3616 0.3066 -0.8805
vn 0.9102 0.3766 0.1726
vn 0.8318 0.4002 -0.3845
vn 0.4799 0.4327 -0.7632
vn 0.3220 0.3691 -0.8718
vn 0.9217 -0.0393 0.3860
vn 0.9839 -0.1181 -0.1339
vn 0.2906 0.1650 0.9425
vn 0.5421 0.1964 0.8170
vn 0.5812 0.3063 0.7539
vn 0.8669 0.3152 0.3861
vn 0.9101 0.3766 0.1726
vn 0.8989 0.3785 -0.2208
vn 0.5584 0.4326 -0.7079
vn 0.2664 0.4467 -0.8541
vn -0.3291 0.0862 0.9404
vn -0.2195 0.0784 0.9724
vn -0.1024 0.0630 0.9927
vn -0.0157 -0.0472 0.9988
vn 0.3291 0.0862 0.9403
vn 0.3848 0.0864 0.9189
vn 0.2906 0.1649 0.9425
vn 0.8353 -0.2522 -0.4886
vn 0.5198 -0.2678 -0.8112
vn 0.2283 -0.2361 -0.9445
vn -0.1337 -0.1258 -0.9830
vn -0.0235 0.3208 -0.9468
vn -0.2671 0.1022 -0.9582
vn -0.4179 0.0552 -0.9068
vn -0.5895 0.1494 -0.7938
vn -0.8319 0.3924 -0.3924
vn -0.9101 0.3766 0.1726
vn -0.8973 0.3778 -0.2282
vn -0.8669 0.3152 0.3861
vn 0.2902 -0.0000 -0.9570
vn -0.0472 0.6363 -0.7700
vn 0.1024 0.5752 -0.8116
vn -0.0314 0.2901 0.9565
vn 0.0788 0.3153 0.9457
vn -0.0863 0.7608 0.6432
vn -0.0471 0.6364 -0.7699
vn -0.0864 0.9189 -0.3849
vn 0.1025 0.5752 -0.8116
vn 0.3052 -0.1017 -0.9468
vn 0.4171 -0.4407 -0.7949
vn 0.2973 0.0156 -0.9546
vn 0.3154 -0.8358 -0.4495
vn 0.2836 -0.9294 0.2363
vn 0.5198 -0.8348 -0.1811
vn 0.3932 -0.9045 0.1652
vn 0.2973 0.0157 -0.9546
vn 0.1575 0.5276 -0.8348
vn 0.1183 0.5361 -0.8358
vn 0.1736 0.4340 -0.8840
vn 0.1721 -0.2737 0.9463
vn 0.1652 -0.9205 0.3541
vn 0.0783 -0.6971 0.7127
vn 0.1566 -0.9787 0.1331
vn 0.1720 -0.2737 0.9463
vn 0.4547 -0.7997 0.3920
vn 0.1652 -0.9205 0.3540
vn 0.2835 -0.9294 0.2363
vn 0.1566 -0.9787 0.1330
vn 0.1806 -0.9722 0.1489
vn 0.5973 -0.3300 -0.7309
vn 0.3385 -0.6771 -0.6535
vn 0.1095 -0.0313 -0.9935
vn 0.4336 -0.4888 -0.7570
vn 0.3385 -0.6771 -0.6534
vn 0.5198 -0.8349 -0.1812
vn 0.4171 -0.4407 -0.7948
vn 0.3154 -0.8358 -0.4494
vn 0.1256 -0.0785 -0.9890
vn 0.0705 0.5641 -0.8227
vn -0.0313 0.2901 0.9565
vn -0.1885 0.7856 0.5893
vn -0.1649 0.9818 0.0943
vn -0.1732 0.9841 0.0394
vn -0.0864 0.9189 -0.3848
vn -0.1096 0.9234 -0.3678
vn -0.0786 0.9350 -0.3458
vn 0.0471 0.4871 -0.8721
vn 0.1642 -0.0391 -0.9856
vn 0.3932 -0.9045 0.1651
vn 0.5188 -0.7783 0.3537
vn 0.4548 -0.7997 0.3920
vn 0.4966 -0.6700 0.5518
vn 0.0941 0.0078 0.9955
vn 0.1095 0.1252 0.9861
vn 0.0235 0.3767 0.9260
vn -0.0158 0.5363 0.8439
vn -0.1421 0.8367 0.5289
vn -0.0944 0.8966 0.4326
vn -0.2439 0.9678 0.0630
vn 0.0788 0.3152 0.9457
vn 0.2597 -0.1023 0.9602
vn 0.1657 -0.3471 0.9231
vn 0.3071 -0.7401 0.5983
vn 0.3143 -0.9271 0.2043
vn 0.4567 -0.8741 -0.1654
vn 0.4337 -0.4889 -0.7569
vn -0.0472 0.6364 -0.7699
vn -0.0786 0.9350 -0.3457
vn -0.2037 0.9559 0.2115
vn -0.1886 0.7856 0.5892
vn -0.0861 0.2269 0.9701
vn 0.1018 -0.0234 -0.9945
vn -0.0000 0.1414 -0.9899
vn -0.8952 0.4319 0.1100
vn -0.5799 0.5721 -0.5800
vn -0.0945 0.9918 -0.0866
vn -0.1259 0.9754 0.1809
vn -0.2997 0.9466 0.1184
vn -0.2277 0.8244 0.5181
vn -0.1493 0.7698 0.6206
vn -0.2998 0.9466 0.1184
vn -0.5279 0.5121 0.6775
vn -0.9881 -0.0392 0.1490
vn -0.7535 -0.2590 -0.6043
vn -0.2277 0.8244 0.5182
vn -0.0550 0.4870 0.8717
vn -0.0863 0.4393 0.8942
vn 0.0863 0.4392 0.8942
vn 0.5473 0.0234 0.8366
vn -0.0000 -0.1260 0.9920
vn 0.7987 -0.3759 0.4698
vn -0.0001 -0.6199 0.7847
vn -0.0551 0.2440 -0.9682
vn -0.1018 -0.0234 -0.9945
vn -0.1260 0.6855 -0.7171
vn -0.3063 -0.1335 -0.9425
vn -0.1727 -0.1962 -0.9652
vn -0.3690 -0.2199 -0.9030
vn 0.1889 0.6456 0.7400
vn 0.1414 0.7308 0.6678
vn 0.2037 0.9559 0.2116
vn 0.1494 0.9674 0.2045
vn 0.2037 0.9559 0.2115
vn 0.0786 0.9351 -0.3457
vn -0.0549 0.6821 0.7292
vn -0.0157 0.6501 0.7597
vn -0.5279 0.5121 0.6776
vn -0.1492 0.7698 0.6206
vn -0.5973 -0.3300 -0.7309
vn -0.3385 -0.6771 -0.6535
vn -0.5198 -0.8348 -0.1812
vn -0.3052 -0.1018 -0.9468
vn -0.4171 -0.4407 -0.7948
vn -0.2974 0.0156 -0.9546
vn -0.2835 -0.9294 0.2363
vn -0.4547 -0.7997 0.3920
vn -0.1652 -0.9205 0.3541
vn -0.1720 -0.2737 0.9463
vn -0.3932 -0.9045 0.1651
vn -0.2836 -0.9294 0.2363
vn -0.3154 -0.8358 -0.4495
vn -0.1736 0.4340 -0.8840
vn -0.1183 0.5361 -0.8358
vn -0.3052 -0.1017 -0.9468
vn -0.1575 0.5276 -0.8348
vn -0.2973 0.0157 -0.9546
vn -0.1721 -0.2737 0.9463
vn -0.0783 -0.6971 0.7127
vn -0.1652 -0.9205 0.3540
vn -0.1566 -0.9787 0.1331
vn -0.1803 -0.9723 0.1489
vn -0.1025 0.5752 -0.8116
vn 0.0471 0.6364 -0.7700
vn -0.1095 -0.0313 -0.9935
vn -0.3385 -0.6771 -0.6534
vn -0.4336 -0.4888 -0.7570
vn -0.1096 -0.0313 -0.9935
vn -0.2902 -0.0000 -0.9570
vn -0.1024 0.5752 -0.8116
vn -0.0705 0.5641 -0.8227
vn -0.1256 -0.0785 -0.9890
vn -0.5198 -0.8349 -0.1811
vn -0.3933 -0.9045 0.1652
vn -0.1642 -0.0391 -0.9856
vn -0.0471 0.4871 -0.8721
vn 0.0471 0.6364 -0.7699
vn 0.0786 0.9350 -0.3457
vn 0.2439 0.9678 0.0630
vn 0.0944 0.8966 0.4326
vn 0.1421 0.8367 0.5289
vn 0.0158 0.5363 0.8439
vn -0.0235 0.3767 0.9260
vn -0.1095 0.1252 0.9861
vn -0.0941 0.0078 0.9955
vn -0.4966 -0.6700 0.5518
vn -0.4548 -0.7997 0.3920
vn -0.5188 -0.7783 0.3537
vn -0.4336 -0.4889 -0.7569
vn -0.4567 -0.8741 -0.1654
vn -0.3143 -0.9271 0.2043
vn -0.3070 -0.7401 0.5983
vn -0.1657 -0.3471 0.9231
vn -0.2597 -0.1023 0.9602
vn 0.0235 0.2901 0.9567
vn -0.0394 0.3860 0.9217
vn 0.1574 0.7476 0.6453
vn 0.0941 0.7531 0.6511
vn 0.1732 0.9841 0.0394
vn 0.1650 0.9818 0.0943
vn 0.1096 0.9234 -0.3678
vn 0.0864 0.9189 -0.3848
vn 0.0861 0.2269 0.9701
vn 0.0236 0.2901 0.9567
vn 0.0864 0.9189 -0.3849
vn -0.6597 0.4241 0.6205
vn -0.5473 0.0234 0.8366
vn -0.4467 0.0470 0.8934
vn -0.3700 0.0079 0.9290
vn -0.5473 0.0235 0.8366
vn -0.3522 0.0939 0.9312
vn -0.6845 -0.0866 0.7239
vn -0.4484 -0.0944 0.8888
vn -0.3690 -0.1413 0.9186
vn -0.2438 -0.0708 0.9672
vn -0.0707 -0.1729 0.9824
vn -0.9216 -0.0394 0.3860
vn -0.7769 0.0471 0.6278
vn -0.9269 0.1257 0.3535
vn -0.6453 0.2439 0.7239
vn -0.4010 0.1887 0.8964
vn -0.3521 0.0939 0.9312
vn -0.9612 -0.1655 0.2206
vn -0.7852 -0.1335 0.6046
vn -0.6845 -0.0866 0.7238
vn -0.5103 -0.0864 0.8557
vn -0.1566 -0.1801 0.9711
vn -0.0000 -0.2518 0.9678
vn 0.8353 -0.2522 -0.4885
vn 0.9859 -0.1643 -0.0313
vn 0.9840 -0.1181 -0.1338
vn 0.9612 -0.1655 0.2206
vn 0.9217 -0.0394 0.3860
vn 0.7852 -0.1335 0.6046
vn 0.5103 -0.0864 0.8557
vn 0.1566 -0.1801 0.9711
vn -0.0158 -0.0472 0.9988
vn -0.1025 0.0630 0.9927
vn -0.2196 0.0784 0.9724
vn -0.9839 -0.1181 -0.1339
vn -0.9469 0.1017 -0.3051
vn -0.9270 0.1257 0.3534
vn -0.6453 0.2440 0.7240
vn -0.2906 0.1649 0.9425
vn -0.3848 0.0864 0.9189
vn -0.3292 0.0862 0.9403
vn 0.7847 -0.0000 -0.6199
vn 0.7535 -0.2590 -0.6043
vn 0.9235 -0.3599 -0.1330
vn 0.7988 -0.3758 0.4698
vn -0.5799 0.5722 -0.5799
vn -0.8952 0.4319 0.1099
vn -0.9881 -0.0393 0.1490
vn -0.0863 0.4392 0.8942
vn -0.0001 0.0863 0.9963
vn -0.0000 -0.2830 -0.9591
vn 0.5800 0.5721 -0.5800
vn -0.0000 -0.1259 0.9920
vn -0.7987 -0.3759 0.4698
vn -0.9235 -0.3599 -0.1330
vn -0.0000 0.1886 -0.9821
vn 0.9806 0.1961 -0.0000
vn 0.7234 -0.1730 -0.6684
vn 0.6508 0.2117 -0.7292
vn -0.0157 0.4627 -0.8864
vn 0.1255 -0.0785 -0.9890
vn 0.7779 -0.4636 -0.4243
vn 0.6907 -0.3140 0.6514
vn 0.7539 -0.5813 0.3063
vn 0.7801 -0.6225 -0.0630
vn 0.4863 0.6981 -0.5255
vn 0.3305 0.9364 -0.1180
vn 0.3061 0.9263 0.2198
vn 0.4498 0.6471 0.6156
vn 0.5893 0.1021 0.8014
vn 0.0236 -0.0628 -0.9977
vn 0.0862 -0.5953 -0.7989
vn 0.1644 -0.9864 -0.0000
vn 0.1803 -0.9723 0.1490
vn -0.1647 0.9179 -0.3609
vn -0.0079 0.8864 -0.4628
vn 0.1575 0.5277 -0.8347
vn 0.1411 0.5724 0.8077
vn 0.1096 0.1252 0.9861
vn -0.0864 0.5344 0.8408
vn 0.0866 0.5435 0.8349
vn 0.0705 0.5642 -0.8227
vn 0.1736 0.4341 -0.8840
vn 0.0786 0.8414 -0.5347
vn -0.0157 0.4628 -0.8863
vn -0.0079 0.8185 -0.5745
vn -0.0157 0.9998 0.0158
vn -0.1260 0.9919 -0.0157
vn -0.2439 0.9678 0.0629
vn 0.0864 0.9189 0.3848
vn 0.0236 0.9982 -0.0550
vn -0.0078 0.8308 0.5565
vn 0.1415 0.8176 0.5582
vn 0.1018 0.9947 0.0157
vn 0.1019 0.8544 -0.5095
vn 0.1183 0.5362 -0.8358
vn -0.9806 0.1961 -0.0000
vn -0.7801 -0.6225 -0.0630
vn -0.7539 -0.5812 0.3063
vn -0.1644 -0.9864 -0.0000
vn -0.1803 -0.9723 0.1490
vn -0.7779 -0.4636 -0.4243
vn -0.4498 0.6471 0.6156
vn -0.3061 0.9263 0.2198
vn -0.3305 0.9364 -0.1180
vn -0.4863 0.6981 -0.5255
vn -0.6907 -0.3140 0.6514
vn -0.5893 0.1021 0.8014
vn -0.6508 0.2117 -0.7292
vn -0.7236 -0.1729 -0.6682
vn -0.1256 -0.0784 -0.9890
vn 0.0157 0.4627 -0.8864
vn -0.3154 -0.8358 -0.4494
vn -0.0862 -0.5953 -0.7989
vn -0.0236 -0.0628 -0.9977
vn -0.0786 0.8414 -0.5347
vn 0.0079 0.8185 -0.5745
vn 0.0157 0.9998 0.0158
vn 0.0157 0.4628 -0.8863
vn -0.0705 0.5642 -0.8227
vn -0.1736 0.4341 -0.8840
vn 0.2439 0.9678 0.0629
vn 0.1260 0.9919 -0.0157
vn 0.1647 0.9179 -0.3609
vn 0.0079 0.8864 -0.4628
vn -0.1575 0.5277 -0.8347
vn -0.0236 0.9982 -0.0550
vn -0.0864 0.9189 0.3848
vn -0.1411 0.5724 0.8077
vn -0.1096 0.1252 0.9861
vn -0.1183 0.5362 -0.8358
vn -0.1019 0.8544 -0.5095
vn -0.1018 0.9947 0.0157
vn -0.1415 0.8176 0.5582
vn 0.0078 0.8308 0.5565
vn 0.0864 0.5344 0.8408
vn -0.0000 -0.6199 0.7847
vn -0.7534 -0.2590 -0.6043
vn -0.5447 -0.3237 -0.7737
vn -0.0000 -0.3769 -0.9262
vn 0.5447 -0.3237 -0.7737
vn 0.7534 -0.2590 -0.6043
vn -0.0000 -0.8897 0.4566
vn 0.8585 -0.5119 0.0315
vn 0.9234 -0.3600 -0.1330
vn 0.8317 -0.4080 -0.3766
vn 0.5448 -0.3237 -0.7736
vn -0.5448 -0.3236 -0.7736
vn -0.8317 -0.4080 -0.3766
vn -0.9234 -0.3600 -0.1331
vn -0.8585 -0.5119 0.0315
vt 0.605469 0.657379
vt 0.492950 0.555573
vt 0.607239 0.539978
vt 0.500366 0.442780
vt 0.576019 0.425507
vt 0.495483 0.373596
vt 0.603638 0.356812
vt 0.497864 0.324890
vt 0.561951 0.292114
vt 0.300781 0.871460
vt 0.292969 0.800781
vt 0.386719 0.792969
vt 0.339844 0.833862
vt 0.441406 0.833862
vt 0.803223 0.740692
vt 0.803223 0.647186
vt 0.704590 0.740692
vt 0.496094 0.774872
vt 0.554688 0.833862
vt 0.241211 0.933716
vt 0.324219 0.987732
vt 0.253906 0.987732
vt 0.207031 0.987732
vt 0.699249 0.648651
vt 0.695953 0.534454
vt 0.803223 0.554993
vt 0.098145 0.740692
vt 0.011841 0.741699
vt 0.097534 0.682678
vt 0.011841 0.663086
vt 0.011841 0.630310
vt 0.804443 0.765869
vt 0.761719 0.765869
vt 0.804443 0.833862
vt 0.691406 0.763458
vt 0.650391 0.833862
vt 0.628906 0.768219
vt 0.582031 0.766724
vt 0.313538 0.740692
vt 0.214172 0.740692
vt 0.231750 0.697083
vt 0.182312 0.689056
vt 0.198792 0.645905
vt 0.107422 0.640778
vt 0.181335 0.592773
vt 0.086212 0.594269
vt 0.511719 0.855469
vt 0.628906 0.855469
vt 0.707031 0.855469
vt 0.761719 0.855469
vt 0.804443 0.855469
vt 0.568726 0.740692
vt 0.521698 0.663971
vt 0.427704 0.740692
vt 0.426941 0.663116
vt 0.316254 0.649963
vt 0.256622 0.652435
vt 0.289917 0.600159
vt 0.212921 0.593414
vt 0.245209 0.558533
vt 0.148254 0.570557
vt 0.011353 0.553101
vt 0.311523 0.941010
vt 0.306152 0.906219
vt 0.398438 0.906158
vt 0.394531 0.871460
vt 0.011841 0.597351
vt 0.431183 0.566162
vt 0.370575 0.546967
vt 0.716370 0.037140
vt 0.757629 0.011597
vt 0.838501 0.035156
vt 0.886658 0.053680
vt 0.604675 0.011597
vt 0.527344 0.035156
vt 0.498688 0.012146
vt 0.534576 0.290680
vt 0.614105 0.356415
vt 0.621216 0.294159
vt 0.686340 0.273743
vt 0.805725 0.347656
vt 0.746887 0.427582
vt 0.676270 0.396027
vt 0.988556 0.496094
vt 0.937469 0.371094
vt 0.937469 0.496094
vt 0.805725 0.269531
vt 0.805725 0.189819
vt 0.732574 0.194672
vt 0.988556 0.371094
vt 0.988556 0.261719
vt 0.937469 0.261719
vt 0.988556 0.128906
vt 0.937469 0.128906
vt 0.988892 0.011597
vt 0.830109 0.774078
vt 0.988098 0.726471
vt 0.830109 0.726471
vt 0.320984 0.389893
vt 0.316742 0.443726
vt 0.249084 0.448792
vt 0.321747 0.517548
vt 0.176300 0.532898
vt 0.101440 0.451141
vt 0.011841 0.478546
vt 0.011841 0.510925
vt 0.164001 0.405121
vt 0.218140 0.345001
vt 0.050537 0.347656
vt 0.210144 0.352417
vt 0.161865 0.414764
vt 0.103149 0.465302
vt 0.011841 0.499115
vt 0.011841 0.347656
vt 0.131622 0.424347
vt 0.223480 0.349365
vt 0.315552 0.410736
vt 0.216492 0.498047
vt 0.091675 0.538635
vt 0.041656 0.470642
vt 0.542969 0.253906
vt 0.542969 0.181671
vt 0.589844 0.197296
vt 0.582031 0.082031
vt 0.644531 0.128906
vt 0.691620 0.086853
vt 0.687042 0.160156
vt 0.901703 0.085999
vt 0.937805 0.011597
vt 0.691925 0.399780
vt 0.988098 0.774078
vt 0.830109 0.986816
vt 0.988098 0.986816
vt 0.046875 0.818512
vt 0.011353 0.772278
vt 0.015625 0.817780
vt 0.761719 0.933594
vt 0.804443 0.933594
vt 0.707031 0.933716
vt 0.253906 0.871735
vt 0.262451 0.902557
vt 0.207031 0.871979
vt 0.207031 0.933594
vt 0.027344 0.863281
vt 0.021484 0.921173
vt 0.066406 0.863281
vt 0.082031 0.925201
vt 0.136719 0.864716
vt 0.135742 0.930389
vt 0.171387 0.931976
vt 0.102570 0.782806
vt 0.119446 0.823761
vt 0.153809 0.793671
vt 0.168365 0.820129
vt 0.218597 0.799408
vt 0.011353 0.817780
vt 0.011353 0.863281
vt 0.011353 0.921173
vt 0.011353 0.987732
vt 0.410156 0.987732
vt 0.402344 0.940857
vt 0.535156 0.987732
vt 0.527344 0.933594
vt 0.652344 0.964844
vt 0.646790 0.938934
vt 0.647003 0.939941
vt 0.082031 0.987732
vt 0.136719 0.987732
vt 0.042114 0.123413
vt 0.089844 0.077026
vt 0.085144 0.123413
vt 0.298737 0.068542
vt 0.285095 0.123413
vt 0.235992 0.123413
vt 0.127411 0.123413
vt 0.105469 0.187531
vt 0.081757 0.143951
vt 0.112213 0.130066
vt 0.058594 0.203888
vt 0.011108 0.206451
vt 0.045227 0.144653
vt 0.011108 0.175323
vt 0.160156 0.148438
vt 0.141907 0.187531
vt 0.149506 0.222809
vt 0.401031 0.219238
vt 0.449219 0.210297
vt 0.402344 0.339844
vt 0.441406 0.339844
vt 0.451874 0.173126
vt 0.477631 0.209015
vt 0.477905 0.339844
vt 0.477966 0.051208
vt 0.478058 0.090118
vt 0.442688 0.046295
vt 0.039612 0.080353
vt 0.011475 0.123413
vt 0.011383 0.088287
vt 0.105469 0.227570
vt 0.160156 0.261719
vt 0.246033 0.066742
vt 0.185730 0.123413
vt 0.195129 0.070740
vt 0.139465 0.073303
vt 0.151550 0.017517
vt 0.094543 0.024963
vt 0.037079 0.031647
vt 0.011292 0.047516
vt 0.476532 0.175323
vt 0.467194 0.157990
vt 0.408295 0.145752
vt 0.372528 0.132874
vt 0.373901 0.209625
vt 0.324219 0.166351
vt 0.324219 0.187531
vt 0.285156 0.149658
vt 0.285156 0.187531
vt 0.246094 0.149658
vt 0.324097 0.123413
vt 0.335388 0.073059
vt 0.367676 0.123413
vt 0.386108 0.033661
vt 0.420380 0.123413
vt 0.458679 0.123413
vt 0.478180 0.123413
vt 0.204529 0.012421
vt 0.256073 0.004456
vt 0.312347 0.008026
vt 0.346680 0.017059
vt 0.803223 0.431763
vt 0.632599 0.212921
vt 0.632599 0.253906
vt 0.498810 0.035156
vt 0.498169 0.092224
vt 0.498169 0.171356
vt 0.498810 0.253906
vt 0.283813 0.836884
vt 0.234924 0.846283
vt 0.144531 0.853424
vt 0.079926 0.843567
vt 0.011353 0.833527
vt 0.582031 0.253906
vt 0.628540 0.184448
vt 0.682953 0.160156
vt 0.805725 0.136505
vt 0.805725 0.437775
vt 0.412720 0.186096
vt 0.380249 0.160461
vt 0.374695 0.177795
vt 0.167969 0.339844
vt 0.389221 0.145233
vt 0.442017 0.161163
vt 0.429596 0.144745
vt 0.406494 0.136017
vt 0.386230 0.193420
vt 0.401886 0.206116
vt 0.425781 0.206940
vt 0.438873 0.199768
vt 0.442749 0.183777
vt 0.121094 0.339844
vt 0.066406 0.339844
vt 0.035156 0.339844
vt 0.011108 0.339844
vt 0.207031 0.149658
vt 0.197906 0.187531
vt 0.324219 0.223511
vt 0.363281 0.339844
vt 0.363281 0.274231
vt 0.207031 0.277344
vt 0.207031 0.339844
vt 0.246094 0.339844
vt 0.246094 0.187531
vt 0.285156 0.225525
vt 0.246094 0.222809
vt 0.285156 0.339844
vt 0.285156 0.277344
vt 0.246094 0.272186
vt 0.202454 0.222809
vt 0.732574 0.141357
vt 0.732574 0.112152
vt 0.805725 0.112152
vt 0.498810 0.262329
vt 0.550781 0.262329
vt 0.582031 0.262329
vt 0.632599 0.262329
s 1
usemtl texture39
f 559/223/448 560/224/449 561/225/450
f 561/225/450 560/224/449 562/226/451
f 561/225/450 562/226/451 563/227/452
f 563/227/452 562/226/451 564/228/453
f 563/227/452 564/228/453 565/229/454
f 565/229/454 564/228/453 566/230/455
f 565/229/454 566/230/455 567/231/456
f 568/232/457 569/233/458 570/234/459
f 571/234/460 572/235/461 573/236/462
f 574/237/463 575/238/464 576/239/465
f 577/240/466 578/236/467 579/241/468
f 580/242/469 581/243/470 582/244/471
f 583/242/472 582/244/473 584/245/474
f 585/246/475 586/247/476 587/238/477
f 587/238/477 586/247/476 588/248/478
f 589/249/479 590/250/480 591/251/481
f 591/251/481 590/250/480 592/252/482
f 591/251/481 592/252/482 593/253/483
f 594/254/484 595/255/485 596/256/486
f 596/256/486 595/255/485 597/257/487
f 596/256/486 597/257/487 598/258/488
f 598/258/488 597/257/487 599/259/489
f 598/258/488 599/259/489 600/260/490
f 601/261/491 602/262/492 603/263/493
f 603/263/493 602/262/492 604/264/494
f 603/263/493 604/264/494 605/265/495
f 605/265/495 604/264/494 606/266/496
f 605/265/495 606/266/496 607/267/497
f 607/267/497 606/266/496 608/268/498
f 609/269/499 610/260/500 611/270/501
f 611/270/501 610/260/500 599/259/489
f 611/270/501 599/259/489 612/271/502
f 612/271/502 599/259/489 597/257/487
f 612/271/502 597/257/487 613/272/503
f 613/272/503 597/257/487 595/255/485
f 613/272/503 595/255/485 614/273/504
f 614/273/504 595/255/485 594/254/484
f 614/273/504 594/254/484 615/255/505
f 615/255/505 594/254/484 596/256/486
f 615/255/505 596/256/486 616/258/506
f 617/238/464 618/237/507 619/246/475
f 619/246/475 618/237/507 620/239/508
f 619/246/475 620/239/508 621/223/509
f 621/223/509 620/239/508 622/274/510
f 621/223/509 622/274/510 623/275/511
f 623/275/511 622/274/510 624/276/512
f 623/275/511 624/276/512 625/277/513
f 625/277/513 624/276/512 626/261/491
f 625/277/513 626/261/491 627/278/514
f 627/278/514 626/261/491 628/263/515
f 627/278/514 628/263/515 629/279/516
f 629/279/516 628/263/515 630/265/495
f 629/279/516 630/265/495 631/280/517
f 631/280/517 630/265/495 632/281/518
f 631/280/517 632/281/518 633/282/519
f 633/282/519 632/281/518 634/267/497
f 633/282/519 634/267/497 635/283/520
f 635/283/520 634/267/497 636/268/498
f 635/283/520 636/268/498 637/284/521
f 638/243/470 639/242/469 640/285/522
f 640/285/522 639/242/469 641/286/523
f 640/285/522 641/286/523 642/287/524
f 642/287/524 641/286/523 643/288/525
f 642/287/524 643/288/525 644/269/526
f 644/269/526 643/288/525 645/240/527
f 644/269/526 645/240/527 600/260/490
f 600/260/490 645/240/527 579/241/528
f 600/260/490 579/241/528 598/258/488
f 646/262/492 647/249/529 648/264/494
f 648/264/494 647/249/529 649/251/530
f 648/264/494 649/251/530 650/266/531
f 650/266/531 649/251/530 593/253/532
f 650/266/531 593/253/532 608/268/498
f 608/268/498 593/253/532 651/289/533
f 608/268/498 651/289/533 652/284/534
f 652/284/534 651/289/533 653/268/535
f 652/284/534 653/268/535 654/283/536
f 654/283/536 653/268/535 655/267/537
f 654/283/536 655/267/537 656/282/538
f 656/282/538 655/267/537 657/281/539
f 656/282/538 657/281/539 658/280/540
f 658/280/540 657/281/539 659/265/541
f 658/280/540 659/265/541 660/279/542
f 660/279/542 659/265/541 661/263/543
f 660/279/542 661/263/543 662/278/544
f 662/278/544 661/263/543 663/261/545
f 662/278/544 663/261/545 664/277/546
f 664/277/546 663/261/545 665/276/547
f 664/277/546 665/276/547 666/275/548
f 666/275/548 665/276/547 667/274/549
f 666/275/548 667/274/549 668/223/550
f 668/223/550 667/274/549 576/239/551
f 668/223/550 576/239/551 669/246/552
f 669/246/552 576/239/551 670/238/477
f 669/246/552 670/238/477 671/247/553
f 671/247/553 670/238/477 672/248/478
f 673/275/554 674/224/555 675/277/556
f 675/277/556 674/224/555 676/290/557
f 675/277/556 676/290/557 677/291/558
f 678/224/559 679/223/448 680/275/511
f 681/292/560 682/293/561 683/294/562
f 683/294/562 684/295/563 685/292/564
f 682/293/561 681/292/560 686/296/565
f 686/296/565 681/292/560 687/297/566
f 686/296/565 687/297/566 688/298/567
f 689/299/568 690/300/569 691/301/570
f 691/301/570 690/300/569 692/302/571
f 693/303/572 694/304/573 695/305/574
f 696/306/575 697/307/576 698/308/577
f 699/300/578 700/305/579 692/302/571
f 692/302/571 700/305/579 701/309/580
f 692/302/571 701/309/580 702/310/581
f 702/310/581 701/309/580 703/302/582
f 702/310/581 703/302/582 704/311/583
f 705/299/584 706/301/585 707/300/586
f 707/300/586 706/301/585 708/302/587
f 707/300/586 708/302/587 709/305/588
f 709/305/588 708/302/587 710/309/589
f 709/305/588 710/309/589 711/303/590
f 711/303/590 710/309/589 712/305/591
f 711/303/590 712/305/591 713/304/592
f 714/306/593 715/312/594 716/307/595
f 716/307/595 715/312/594 717/313/596
f 716/307/595 717/313/596 718/314/597
f 718/314/597 717/313/596 719/315/598
f 718/314/597 719/315/598 720/316/599
f 720/316/599 719/315/598 721/317/600
f 722/318/577 723/319/601 724/320/575
f 725/321/602 726/322/603 727/323/604
f 727/323/604 726/322/603 728/324/605
f 727/323/604 728/324/605 729/325/606
f 730/291/607 731/290/608 732/277/513
f 732/277/513 731/290/608 733/224/559
f 732/277/513 733/224/559 734/275/511
f 735/326/609 736/327/610 737/328/611
f 737/328/611 736/327/610 738/326/612
f 737/328/611 738/326/612 739/325/613
f 739/325/613 738/326/612 740/329/614
f 739/325/613 740/329/614 741/323/615
f 741/323/615 740/329/614 742/330/616
f 741/323/615 742/330/616 743/321/602
f 744/325/617 745/324/618 746/323/604
f 746/323/604 745/324/618 747/322/619
f 746/323/604 747/322/619 748/321/620
f 749/280/517 750/278/514 751/279/516
f 752/277/621 753/278/514 754/291/622
f 754/291/622 753/278/514 755/280/517
f 754/291/622 755/280/517 756/324/605
f 756/324/605 755/280/517 757/282/623
f 756/324/605 757/282/623 758/325/606
f 759/282/624 760/283/520 758/325/606
f 758/325/606 760/283/520 761/284/521
f 758/325/606 761/284/521 762/328/611
f 762/328/611 761/284/521 763/325/625
f 762/328/611 763/325/625 764/326/626
f 764/326/626 763/325/625 765/323/615
f 764/326/626 765/323/615 766/329/627
f 766/329/627 765/323/615 767/321/620
f 766/329/627 767/321/620 768/330/628
f 769/279/542 770/278/544 771/280/629
f 772/331/630 773/332/631 774/333/632
f 774/333/632 775/334/633 776/331/630
f 776/331/630 775/334/633 777/335/634
f 776/331/630 777/335/634 778/336/567
f 778/336/567 777/335/634 779/334/635
f 778/336/567 779/334/635 780/331/636
f 780/331/636 779/334/635 781/333/637
f 780/331/636 781/333/637 782/332/561
f 783/284/521 784/283/638 785/325/617
f 785/325/617 784/283/638 786/282/538
f 785/325/617 786/282/538 787/324/618
f 787/324/618 786/282/538 771/280/639
f 787/324/618 771/280/639 788/291/640
f 788/291/640 771/280/639 789/278/544
f 788/291/640 789/278/544 790/277/546
f 791/231/641 792/230/642 793/229/643
f 793/229/643 792/230/642 794/228/644
f 793/229/643 794/228/644 795/227/645
f 795/227/645 794/228/644 796/226/646
f 795/227/645 796/226/646 797/225/647
f 797/225/647 796/226/646 798/224/555
f 797/225/647 798/224/555 799/223/550
f 799/223/550 798/224/555 800/275/548
f 801/337/648 802/338/649 803/339/650
f 804/339/651 805/340/652 806/337/653
f 806/337/653 805/340/652 807/341/654
f 806/337/653 807/341/654 808/342/641
f 809/343/655 810/344/656 811/345/657
f 811/345/657 810/344/656 812/346/658
f 811/345/657 812/346/658 813/347/659
f 813/347/659 812/346/658 814/348/660
f 813/347/659 814/348/660 815/349/661
f 816/344/662 817/297/566 818/346/663
f 818/346/663 817/297/566 819/292/664
f 818/346/663 819/292/664 820/348/665
f 820/348/665 819/292/664 821/295/563
f 820/348/665 821/295/563 822/350/568
f 823/306/666 824/308/667 825/312/668
f 825/312/668 824/308/667 826/307/669
f 825/312/668 826/307/669 827/313/670
f 827/313/670 826/307/669 828/314/671
f 827/313/670 828/314/671 829/315/672
f 829/315/672 828/314/671 830/316/673
f 829/315/672 830/316/673 831/317/674
f 831/317/674 830/316/673 832/351/675
f 831/317/674 832/351/675 833/316/676
f 834/223/677 835/246/678 836/225/679
f 836/225/679 835/246/678 837/247/553
f 836/225/679 837/247/553 838/227/645
f 838/227/645 837/247/553 839/352/680
f 838/227/645 839/352/680 840/229/681
f 841/320/666 842/319/601 843/318/682
f 843/318/682 842/319/601 844/353/683
f 843/318/682 844/353/683 845/354/684
f 845/354/684 844/353/683 846/355/685
f 847/356/686 848/357/687 849/358/688
f 850/268/689 851/289/533 852/253/690
f 853/263/691 854/265/692 855/264/693
f 856/269/694 857/270/695 858/260/696
f 858/260/696 857/270/695 859/259/697
f 860/359/698 861/360/699 862/272/700
f 863/361/701 860/359/698 864/271/702
f 864/271/702 860/359/698 862/272/700
f 864/271/702 862/272/700 865/257/703
f 866/232/704 867/362/705 868/363/706
f 868/363/706 867/362/705 869/364/662
f 868/363/706 869/364/662 870/365/707
f 871/261/708 872/263/691 873/262/709
f 873/262/709 872/263/691 874/264/693
f 873/262/709 874/264/693 875/249/710
f 876/366/711 877/367/712 878/368/713
f 878/368/713 877/367/712 879/369/714
f 878/368/713 879/369/714 880/370/715
f 880/370/715 879/369/714 881/371/716
f 880/370/715 881/371/716 869/364/662
f 869/364/662 881/371/716 882/372/717
f 869/364/662 882/372/717 870/365/707
f 883/242/718 884/285/719 885/286/720
f 885/286/720 884/285/719 886/287/721
f 885/286/720 886/287/721 887/288/722
f 887/288/722 886/287/721 856/269/694
f 887/288/722 856/269/694 888/240/723
f 888/240/723 856/269/694 858/260/696
f 889/357/687 890/356/724 891/373/725
f 891/373/725 890/356/724 892/374/726
f 891/373/725 892/374/726 893/375/727
f 893/375/727 892/374/726 894/376/728
f 893/375/727 894/376/728 895/377/729
f 896/378/730 897/358/731 898/379/732
f 898/379/732 897/358/731 899/366/733
f 898/379/732 899/366/733 900/380/734
f 900/380/734 899/366/733 901/367/735
f 900/380/734 901/367/735 902/381/736
f 903/267/737 904/268/535 905/266/738
f 905/266/738 904/268/535 852/253/483
f 905/266/738 852/253/483 906/251/739
f 906/251/739 852/253/483 907/252/482
f 906/251/739 907/252/482 908/250/740
f 909/281/741 910/267/537 911/265/541
f 911/265/541 910/267/537 912/266/742
f 911/265/541 912/266/742 855/264/693
f 855/264/693 912/266/742 913/251/739
f 855/264/693 913/251/739 914/249/743
f 914/249/743 913/251/739 908/250/740
f 915/382/744 916/383/745 917/384/746
f 917/384/746 916/383/745 918/385/747
f 917/384/746 918/385/747 919/386/748
f 919/386/748 918/385/747 920/387/749
f 919/386/748 920/387/749 921/361/750
f 922/285/751 923/383/752 886/287/721
f 886/287/721 923/383/752 924/385/753
f 886/287/721 924/385/753 856/269/694
f 856/269/694 924/385/753 925/388/754
f 856/269/694 925/388/754 857/270/695
f 926/358/688 927/366/711 847/356/686
f 847/356/686 927/366/711 878/368/713
f 847/356/686 878/368/713 928/374/726
f 928/374/726 878/368/713 880/370/715
f 928/374/726 880/370/715 894/376/728
f 894/376/728 880/370/715 869/364/662
f 894/376/728 869/364/662 895/377/729
f 895/377/729 869/364/662 867/362/705
f 895/377/729 867/362/705 929/233/755
f 929/233/755 867/362/705 866/232/704
f 929/233/755 866/232/704 930/234/756
f 931/245/757 932/244/758 933/242/759
f 933/242/759 932/244/758 934/243/760
f 933/242/759 934/243/760 884/285/761
f 884/285/761 934/243/760 935/382/762
f 884/285/761 935/382/762 936/383/752
f 936/383/752 935/382/762 937/384/763
f 936/383/752 937/384/763 938/385/753
f 938/385/753 937/384/763 939/386/764
f 938/385/753 939/386/764 925/388/754
f 925/388/754 939/386/764 940/361/701
f 925/388/754 940/361/701 857/270/695
f 857/270/695 940/361/701 864/271/702
f 857/270/695 864/271/702 859/259/697
f 859/259/697 864/271/702 865/257/703
f 941/389/765 902/381/736 942/369/766
f 942/369/766 902/381/736 901/367/735
f 942/369/766 901/367/735 943/368/767
f 943/368/767 901/367/735 899/366/733
f 943/368/767 899/366/733 944/356/768
f 944/356/768 899/366/733 897/358/731
f 944/356/768 897/358/731 848/357/687
f 848/357/687 897/358/731 896/378/730
f 848/357/687 896/378/730 849/358/688
f 849/358/688 896/378/730 898/379/732
f 849/358/688 898/379/732 876/366/711
f 876/366/711 898/379/732 900/380/734
f 876/366/711 900/380/734 877/367/712
f 877/367/712 900/380/734 902/381/736
f 877/367/712 902/381/736 879/369/714
f 879/369/714 902/381/736 945/389/769
f 879/369/714 945/389/769 881/371/716
f 881/371/716 945/389/769 946/390/770
f 881/371/716 946/390/770 882/372/717
f 882/372/717 946/390/770 947/245/771
f 882/372/717 947/245/771 870/365/707
f 870/365/707 947/245/771 883/242/718
f 870/365/707 883/242/718 868/363/706
f 868/363/706 883/242/718 885/286/720
f 868/363/706 885/286/720 866/232/704
f 866/232/704 885/286/720 887/288/722
f 866/232/704 887/288/722 930/234/756
f 930/234/756 887/288/722 888/240/723
f 930/234/756 888/240/723 948/236/772
f 948/236/772 888/240/723 858/260/696
f 948/236/772 858/260/696 949/241/773
f 949/241/773 858/260/696 859/259/697
f 949/241/773 859/259/697 950/258/774
f 950/258/774 859/259/697 865/257/703
f 950/258/774 865/257/703 951/255/775
f 951/255/775 865/257/703 862/272/700
f 951/255/775 862/272/700 952/273/504
f 952/273/504 862/272/700 861/360/699
f 952/273/504 861/360/699 953/272/503
f 953/272/503 861/360/699 954/359/776
f 953/272/503 954/359/776 955/271/777
f 955/271/777 954/359/776 921/361/750
f 955/271/777 921/361/750 956/270/778
f 956/270/778 921/361/750 920/387/749
f 956/270/778 920/387/749 957/269/779
f 957/269/779 920/387/749 958/385/747
f 957/269/779 958/385/747 959/287/524
f 959/287/524 958/385/747 960/383/780
f 959/287/524 960/383/780 961/285/781
f 961/285/781 960/383/780 962/382/782
f 961/285/781 962/382/782 963/243/783
f 964/391/784 965/392/785 966/393/786
f 967/394/787 968/395/788 969/396/789
f 970/392/790 971/397/791 966/393/792
f 972/398/793 973/399/794 974/400/795
f 975/401/796 976/402/797 977/403/798
f 977/403/798 976/402/797 978/404/799
f 974/400/800 979/405/801 980/398/793
f 980/398/793 979/405/801 981/406/802
f 980/398/793 981/406/802 982/407/803
f 983/408/804 984/409/805 985/410/806
f 985/410/806 984/409/805 986/411/807
f 987/408/808 988/412/809 989/409/810
f 989/409/810 988/412/809 990/413/811
f 989/409/810 990/413/811 991/411/812
f 991/411/812 990/413/811 992/414/813
f 993/415/814 994/416/815 995/417/557
f 996/392/790 964/391/784 997/418/816
f 997/418/816 964/391/784 998/419/817
f 997/418/816 998/419/817 999/420/818
f 977/403/819 1000/399/820 1001/401/821
f 1001/401/821 1000/399/820 1002/398/793
f 1001/401/821 1002/398/793 1003/421/822
f 1003/421/822 1002/398/793 1004/407/803
f 1003/421/822 1004/407/803 1005/422/823
f 1006/394/824 969/396/789 1007/423/825
f 1007/423/825 969/396/789 1008/424/826
f 1007/423/825 1008/424/826 1009/425/827
f 1009/425/827 1008/424/826 1010/397/828
f 1009/425/827 1010/397/828 1011/426/829
f 1012/427/830 1013/392/785 1014/428/831
f 1014/428/831 1013/392/785 1015/418/816
f 1014/428/831 1015/418/816 1016/429/832
f 1016/429/832 1015/418/816 1017/420/818
f 1016/429/832 1017/420/818 1018/430/555
f 1019/431/833 1020/413/797 1021/432/834
f 1021/432/834 1020/413/797 1022/412/835
f 1021/432/834 1022/412/835 1023/433/836
f 1023/433/836 1022/412/835 1024/408/804
f 1023/433/836 1024/408/804 1025/434/837
f 1025/434/837 1024/408/804 1026/435/838
f 1025/434/837 1026/435/838 1027/436/839
f 1027/436/839 1026/435/838 1028/437/840
f 1027/436/839 1028/437/840 1029/438/841
f 1029/438/841 1028/437/840 1030/439/842
f 1029/438/841 1030/439/842 1031/440/843
f 968/395/844 1032/394/824 1033/441/845
f 1033/441/845 1032/394/824 1034/442/846
f 1033/441/845 1034/442/846 1035/443/847
f 1035/443/847 1034/442/846 1036/444/558
f 1035/443/847 1036/444/558 1037/445/848
f 1037/445/848 1036/444/558 1038/417/557
f 1037/445/848 1038/417/557 1039/446/849
f 1039/446/849 1038/417/557 1040/416/818
f 1039/446/849 1040/416/818 1041/447/850
f 1010/397/828 965/392/851 1011/426/829
f 1011/426/829 965/392/851 1042/427/852
f 1011/426/829 1042/427/852 1009/425/827
f 1009/425/827 1042/427/852 1043/448/853
f 1009/425/827 1043/448/853 1044/423/854
f 1044/423/854 1043/448/853 1045/449/620
f 1044/423/854 1045/449/620 967/394/787
f 967/394/787 1045/449/620 1046/450/855
f 967/394/787 1046/450/855 1047/442/846
f 1047/442/846 1046/450/855 1048/451/618
f 1047/442/846 1048/451/618 1049/444/640
f 1050/247/856 1051/452/857 1052/352/680
f 1053/348/585 1054/347/858 1055/349/859
f 1056/350/860 1057/295/861 1058/348/862
f 1058/348/862 1057/295/861 1059/294/863
f 1060/294/863 1061/292/864 1062/348/865
f 1062/348/865 1061/292/864 1063/346/866
f 1062/348/865 1063/346/866 1064/347/858
f 1064/347/858 1063/346/866 1065/345/867
f 1064/347/858 1065/345/867 1066/453/583
f 1066/453/583 1065/345/867 1067/454/868
f 1059/294/869 1068/293/631 1069/292/864
f 1069/292/864 1068/293/631 1070/296/870
f 1069/292/864 1070/296/870 1071/297/871
f 1071/297/871 1070/296/870 1072/298/567
f 1071/297/871 1072/298/567 1073/455/610
f 1073/455/610 1072/298/567 1074/297/872
f 1073/455/610 1074/297/872 1075/456/482
f 1075/456/482 1074/297/872 1076/344/873
f 1075/456/482 1076/344/873 1077/457/874
f 1077/457/874 1076/344/873 1078/343/875
f 1077/457/874 1078/343/875 1079/458/876
f 1080/352/877 1081/452/857 1082/247/878
f 1083/229/879 1084/352/877 1085/227/452
f 1085/227/452 1084/352/877 1086/247/476
f 1085/227/452 1086/247/476 1087/225/880
f 1087/225/880 1086/247/476 1088/246/881
f 1087/225/880 1088/246/881 1089/223/882
f 1090/339/883 1091/338/884 1092/340/885
f 1093/338/884 1094/337/886 1095/340/887
f 1095/340/887 1094/337/886 1096/342/456
f 1095/340/887 1096/342/456 1097/341/888
f 1098/319/601 1099/318/577 1100/353/683
f 1100/353/683 1099/318/577 1101/354/889
f 1100/353/683 1101/354/889 1102/355/890
f 1103/346/891 1104/292/892 1105/297/871
f 1106/415/893 1107/417/608 1108/416/894
f 1109/403/895 1110/398/896 1111/399/897
f 1111/399/897 1110/398/896 1112/400/898
f 1113/413/899 1114/412/900 1115/409/901
f 1115/409/901 1114/412/900 1116/408/902
f 1117/404/903 1118/402/904 1119/401/905
f 1120/407/906 1121/406/907 1122/398/908
f 1122/398/908 1121/406/907 1123/405/909
f 1122/398/908 1123/405/909 1124/400/910
f 1125/408/911 1126/410/912 1127/409/913
f 1127/409/913 1126/410/912 1128/411/914
f 1127/409/913 1128/411/914 1129/413/899
f 1129/413/899 1128/411/914 1130/414/915
f 1131/393/916 1132/392/917 1133/418/918
f 1134/420/919 1135/419/920 1136/418/921
f 1136/418/921 1135/419/920 1137/391/922
f 1136/418/921 1137/391/922 1138/393/923
f 1139/422/924 1140/407/906 1141/421/925
f 1141/421/925 1140/407/906 1142/398/908
f 1141/421/925 1142/398/908 1143/401/905
f 1143/401/905 1142/398/908 1144/403/926
f 1143/401/905 1144/403/926 1145/404/927
f 1146/430/559 1147/420/919 1148/429/928
f 1148/429/928 1147/420/919 1149/418/918
f 1148/429/928 1149/418/918 1150/428/929
f 1150/428/929 1149/418/918 1151/392/930
f 1150/428/929 1151/392/930 1152/427/931
f 1153/440/932 1154/439/933 1155/438/934
f 1155/438/934 1154/439/933 1156/437/935
f 1155/438/934 1156/437/935 1157/436/936
f 1157/436/936 1156/437/935 1158/435/937
f 1157/436/936 1158/435/937 1159/434/938
f 1159/434/938 1158/435/937 1160/408/911
f 1159/434/938 1160/408/911 1161/433/939
f 1161/433/939 1160/408/911 1162/412/940
f 1161/433/939 1162/412/940 1163/432/941
f 1163/432/941 1162/412/940 1164/413/904
f 1163/432/941 1164/413/904 1165/431/903
f 1166/447/942 1167/416/919 1168/446/943
f 1168/446/943 1167/416/919 1169/417/608
f 1168/446/943 1169/417/608 1170/445/944
f 1170/445/944 1169/417/608 1171/444/622
f 1170/445/944 1171/444/622 1172/443/945
f 1172/443/945 1171/444/622 1173/442/946
f 1172/443/945 1173/442/946 1174/441/947
f 1174/441/947 1173/442/946 1175/394/948
f 1174/441/947 1175/394/948 1176/395/949
f 1176/395/949 1175/394/948 1177/423/950
f 1176/395/949 1177/423/950 1178/396/951
f 1178/396/951 1177/423/950 1179/425/952
f 1178/396/951 1179/425/952 1180/424/953
f 1180/424/953 1179/425/952 1181/426/954
f 1180/424/953 1181/426/954 1182/397/955
f 1183/444/622 1184/451/605 1185/442/946
f 1185/442/946 1184/451/605 1186/450/956
f 1185/442/946 1186/450/956 1187/394/957
f 1187/394/957 1186/450/956 1188/449/602
f 1187/394/957 1188/449/602 1189/423/950
f 1189/423/950 1188/449/602 1190/448/887
f 1189/423/950 1190/448/887 1191/425/952
f 1191/425/952 1190/448/887 1152/427/931
f 1191/425/952 1152/427/931 1192/426/954
f 1192/426/954 1152/427/931 1151/392/930
f 1192/426/954 1151/392/930 1193/397/958
f 1193/397/958 1151/392/930 1138/393/923
f 1194/281/959 1195/265/495 1196/267/497
f 1197/364/960 1198/371/961 1199/370/962
f 1198/371/961 1200/364/963 1201/372/964
f 1202/377/965 1203/376/966 1204/375/967
f 1204/375/967 1203/376/966 1205/374/968
f 1204/375/967 1205/374/968 1206/373/969
f 1207/233/970 1208/362/971 1202/377/965
f 1202/377/965 1208/362/971 1197/364/960
f 1202/377/965 1197/364/960 1203/376/966
f 1203/376/966 1197/364/960 1199/370/962
f 1203/376/966 1199/370/962 1205/374/968
f 1207/233/970 1209/232/972 1208/362/971
f 1208/362/971 1209/232/972 1210/363/973
f 1208/362/971 1210/363/973 1197/364/960
f 1197/364/960 1210/363/973 1211/365/974
f 1197/364/960 1211/365/974 1201/372/975
f 1212/235/461 1213/234/459 1214/459/976
f 1214/459/976 1213/234/459 1215/233/458
f 1214/459/976 1215/233/458 1216/460/977
f 1216/460/977 1215/233/458 1217/377/978
f 1216/460/977 1217/377/978 1218/461/979
f 1218/461/979 1217/377/978 1219/375/967
f 1218/461/979 1219/375/967 1220/462/980
f 1220/462/980 1219/375/967 1221/373/969
f 1220/462/980 1221/373/969 1222/463/981
f 1223/236/982 1224/235/983 1225/234/984
f 1225/234/984 1224/235/983 1226/459/985
f 1225/234/984 1226/459/985 1227/233/986
f 1227/233/986 1226/459/985 1228/460/987
f 1227/233/986 1228/460/987 1229/377/729
f 1229/377/729 1228/460/987 1230/461/988
f 1229/377/729 1230/461/988 1231/375/727
f 1231/375/727 1230/461/988 1232/462/989
f 1231/375/727 1232/462/989 1233/373/725
f 1233/373/725 1232/462/989 1222/463/981
f 1233/373/725 1222/463/981 1234/357/687
f 1234/357/687 1222/463/981 1221/373/969
f 1234/357/687 1221/373/969 1235/356/990
f 1235/356/990 1221/373/969 1236/374/968
f 1235/356/990 1236/374/968 1237/368/991
f 1237/368/991 1236/374/968 1238/370/962
f 1237/368/991 1238/370/962 1239/369/992
f 1239/369/992 1238/370/962 1240/371/961
f 1241/236/467 1242/240/466 1243/234/993
f 1243/234/993 1242/240/466 1244/288/994
f 1243/234/993 1244/288/994 1245/232/995
f 1245/232/995 1244/288/994 1246/286/523
f 1245/232/995 1246/286/523 1247/363/996
f 1247/363/996 1246/286/523 1248/242/472
f 1247/363/996 1248/242/472 1249/365/974
f 1249/365/974 1248/242/472 1250/245/997
f 1249/365/974 1250/245/997 1251/372/975
f 1251/372/975 1250/245/997 1252/390/998
f 1251/372/975 1252/390/998 1240/371/961
f 1240/371/961 1252/390/998 1253/389/999
f 1240/371/961 1253/389/999 1239/369/992
f 1254/453/1000 1255/454/1001 1256/345/657
f 1256/345/657 1255/454/1001 1257/464/1002
f 1256/345/657 1257/464/1002 1258/343/1003
f 1259/345/657 1260/347/659 1261/465/1000
f 1261/465/1000 1260/347/659 1262/466/571
f 1263/465/583 1264/466/1004 1265/347/1005
f 1266/345/1006 1267/346/891 1268/344/963
f 1268/344/963 1267/346/891 1269/297/1007
f 1268/344/963 1269/297/1007 1270/456/1008
f 1270/456/1008 1269/297/1007 1271/455/610
f 1272/311/583 1273/467/1009 1274/310/581
f 1274/310/581 1273/467/1009 1275/311/1000
f 1274/310/581 1275/311/1000 1276/302/1010
f 1277/456/482 1278/457/1011 1279/344/960
f 1279/344/960 1278/457/1011 1280/343/1012
f 1279/344/960 1280/343/1012 1281/345/867
f 1281/345/867 1280/343/1012 1282/464/1013
f 1281/345/867 1282/464/1013 1283/454/868
f 1284/468/1014 1285/303/572 1286/304/592
f 1287/247/476 1288/452/857 1289/248/478
f 1289/248/478 1288/452/857 1290/247/553
f 1285/303/572 1284/468/1014 1291/304/573
f 1292/469/1015 1293/470/1016 1294/471/1017
f 1295/422/823 1296/472/1018 1297/421/1019
f 1293/470/1016 1292/469/1015 1298/473/1020
f 1299/474/1021 1300/475/1022 1292/469/1015
f 1292/469/1015 1300/475/1022 1301/476/1023
f 1292/469/1015 1301/476/1023 1298/473/1020
f 1294/471/1017 1302/477/1024 1292/469/1015
f 1292/469/1015 1302/477/1024 1303/478/1025
f 1292/469/1015 1303/478/1025 1304/479/1026
f 1304/479/1026 1305/480/1027 1292/469/1015
f 1292/469/1015 1305/480/1027 1306/481/1028
f 1292/469/1015 1306/481/1028 1299/474/1021
f 1307/472/1018 1308/482/1029 1309/421/822
f 1309/421/822 1308/482/1029 1310/483/1030
f 1309/421/822 1310/483/1030 1311/401/821
f 1311/401/821 1310/483/1030 1312/484/1031
f 1311/401/821 1312/484/1031 1313/402/811
f 1313/402/811 1312/484/1031 1314/485/1032
f 1315/486/1033 1316/487/1034 1317/405/1035
f 1318/488/1036 1319/437/840 1320/435/1037
f 1321/489/1038 1322/408/804 1323/410/806
f 1324/490/1039 1320/435/1037 1322/408/804
f 1325/422/1040 1326/407/1041 1327/491/1042
f 1328/472/1043 1325/422/1040 1329/492/1044
f 1329/492/1044 1325/422/1040 1327/491/1042
f 1329/492/1044 1327/491/1042 1330/493/1045
f 1316/487/1034 1315/486/1033 1331/494/1046
f 1331/494/1046 1315/486/1033 1332/440/1047
f 1331/494/1046 1332/440/1047 1333/439/842
f 1319/437/840 1318/488/1036 1333/439/842
f 1333/439/842 1318/488/1036 1334/495/1048
f 1333/439/842 1334/495/1048 1331/494/1046
f 1331/494/1046 1334/495/1048 1335/496/1049
f 1331/494/1046 1335/496/1049 1316/487/1034
f 1322/408/804 1321/489/1038 1324/490/1039
f 1324/490/1039 1321/489/1038 1336/497/1050
f 1324/490/1039 1336/497/1050 1337/498/1051
f 1337/498/1051 1336/497/1050 1330/493/1045
f 1337/498/1051 1330/493/1045 1338/499/1052
f 1338/499/1052 1330/493/1045 1327/491/1042
f 1338/499/1052 1327/491/1042 1339/500/1053
f 1339/500/1053 1327/491/1042 1326/407/1041
f 1339/500/1053 1326/407/1041 1340/406/1054
f 1320/435/1037 1324/490/1039 1318/488/1036
f 1318/488/1036 1324/490/1039 1337/498/1051
f 1318/488/1036 1337/498/1051 1334/495/1048
f 1334/495/1048 1337/498/1051 1338/499/1052
f 1334/495/1048 1338/499/1052 1335/496/1049
f 1335/496/1049 1338/499/1052 1339/500/1053
f 1335/496/1049 1339/500/1053 1316/487/1034
f 1316/487/1034 1339/500/1053 1340/406/1054
f 1316/487/1034 1340/406/1054 1317/405/1035
f 1341/469/1055 1342/476/1056 1343/475/1057
f 1344/484/1058 1345/402/899 1346/485/1059
f 1342/476/1056 1341/469/1055 1347/473/1060
f 1348/480/1061 1349/479/1062 1341/469/1055
f 1341/469/1055 1349/479/1062 1350/478/1063
f 1341/469/1055 1350/478/1063 1351/477/1064
f 1343/475/1057 1352/474/1065 1341/469/1055
f 1341/469/1055 1352/474/1065 1353/481/1066
f 1341/469/1055 1353/481/1066 1348/480/1061
f 1351/477/1064 1354/471/1067 1341/469/1055
f 1341/469/1055 1354/471/1067 1355/470/1068
f 1341/469/1055 1355/470/1068 1347/473/1060
f 1356/421/1069 1357/472/1070 1358/422/924
f 1359/402/899 1360/484/1058 1361/401/1071
f 1361/401/1071 1360/484/1058 1362/483/1072
f 1361/401/1071 1362/483/1072 1363/421/925
f 1363/421/925 1362/483/1072 1364/482/1073
f 1363/421/925 1364/482/1073 1365/472/1070
f 1366/491/1074 1367/492/1075 1368/493/1076
f 1369/472/1077 1367/492/1075 1370/422/1078
f 1370/422/1078 1367/492/1075 1366/491/1074
f 1370/422/1078 1366/491/1074 1371/407/1079
f 1372/439/933 1373/440/1080 1374/494/1081
f 1374/494/1081 1373/440/1080 1375/486/1082
f 1374/494/1081 1375/486/1082 1376/487/1083
f 1376/487/1083 1375/486/1082 1377/405/1084
f 1376/487/1083 1378/496/1085 1374/494/1081
f 1374/494/1081 1378/496/1085 1379/495/1086
f 1374/494/1081 1379/495/1086 1372/439/933
f 1372/439/933 1379/495/1086 1380/488/1087
f 1372/439/933 1380/488/1087 1381/437/935
f 1381/437/935 1380/488/1087 1382/435/1088
f 1383/406/1089 1371/407/1079 1384/500/1090
f 1384/500/1090 1371/407/1079 1366/491/1074
f 1384/500/1090 1366/491/1074 1385/499/1091
f 1385/499/1091 1366/491/1074 1368/493/1076
f 1385/499/1091 1368/493/1076 1386/498/1092
f 1386/498/1092 1368/493/1076 1387/497/1093
f 1386/498/1092 1387/497/1093 1388/490/627
f 1388/490/627 1387/497/1093 1389/489/1094
f 1388/490/627 1389/489/1094 1390/408/902
f 1390/408/902 1389/489/1094 1391/410/912
f 1377/405/1084 1383/406/1089 1376/487/1083
f 1376/487/1083 1383/406/1089 1384/500/1090
f 1376/487/1083 1384/500/1090 1378/496/1085
f 1378/496/1085 1384/500/1090 1385/499/1091
f 1378/496/1085 1385/499/1091 1379/495/1086
f 1379/495/1086 1385/499/1091 1386/498/1092
f 1379/495/1086 1386/498/1092 1380/488/1087
f 1380/488/1087 1386/498/1092 1388/490/627
f 1380/488/1087 1388/490/627 1382/435/1088
f 1382/435/1088 1388/490/627 1390/408/902
f 1392/467/1009 1393/311/583 1394/501/868
f 1395/467/1009 1396/501/1001 1397/311/1000
f 1398/457/874 1399/458/1095 1400/343/1012
f 1401/467/1009 1402/501/1096 1403/502/1097
f 1403/502/1097 1404/503/1098 1401/467/1009
f 1401/467/1009 1404/503/1098 1405/502/1099
f 1401/467/1009 1405/502/1099 1406/501/1100
f 1407/504/1101 1408/343/875 1409/505/1102
f 1409/505/1102 1408/343/875 1410/464/1103
f 1409/505/1102 1410/464/1103 1411/506/1104
f 1411/506/1104 1410/464/1103 1412/454/1001
f 1411/506/1104 1412/454/1001 1413/507/1105
f 1414/507/1106 1415/454/868 1416/506/1107
f 1416/506/1107 1415/454/868 1417/464/1108
f 1416/506/1107 1417/464/1108 1418/505/1109
f 1418/505/1109 1417/464/1108 1419/343/1012
f 1418/505/1109 1419/343/1012 1407/504/1101
f 1407/504/1101 1419/343/1012 1420/458/1095
f 1407/504/1101 1420/458/1095 1408/343/875
o editpl_f-0000-11
v -6.690241 -0.121919 -8.080645
v -10.774754 -3.683207 -10.485612
v -11.256219 -0.458798 -6.997076
v 19.332655 -22.102442 -10.947933
v 20.777048 -8.948136 -1.391412
v 23.316643 -21.977316 -6.900386
v 12.097459 -7.937500 10.026624
v 7.790732 -4.263919 9.467613
v 5.520970 -8.723550 11.970380
v 0.000000 -3.439371 -12.577178
v 2.044902 0.279127 -9.624314
v 5.491871 -3.542038 -11.775892
v 0.000000 -9.224055 10.786790
v 5.415154 -13.876187 9.184219
v 9.743044 -7.700080 9.175328
v 10.772109 -12.454881 8.558528
v -23.316643 -21.977316 -6.900386
v -20.777048 -8.948136 -1.391412
v -19.332655 -22.102442 -10.947933
v -5.520970 -8.723550 11.970380
v 0.000000 -9.175929 12.793892
v 0.000000 -5.297013 11.641419
v 4.613595 -4.825383 11.270227
v -5.491871 -3.542038 -11.775892
v 6.071216 -13.260181 12.587181
v 0.000000 -13.507225 12.930589
v 0.000000 -24.598551 13.621851
v -6.071216 -13.260181 12.587181
v -6.081797 -24.807095 12.647195
v -13.253503 -25.429520 11.333576
v -20.777048 -8.948136 -1.391412
v -18.769182 -10.231483 6.385833
v -17.935879 -5.919437 5.581213
v -12.097459 -7.937500 10.026624
v -13.367256 -3.150616 7.745016
v -12.086878 -8.284005 -12.458262
v -16.996758 -8.559925 -7.631658
v -14.732287 -4.145212 -6.355825
v -19.007271 -4.719508 -0.991327
v -15.629081 -1.376390 -2.517214
v -16.226944 -2.419109 4.110893
v 0.000000 -22.586908 -18.255075
v 6.166450 -8.245505 -14.626511
v 12.795847 -22.124903 -16.045708
v 12.086878 -8.284005 -12.458262
v 19.332655 -22.102442 -10.947933
v 16.996758 -8.559925 -7.631658
v 20.777048 -8.948136 -1.391412
v -4.065995 0.279127 -9.040854
v -5.491871 -3.542038 -11.775892
v -2.044902 0.279127 -9.624314
v 0.000000 -3.439371 -12.577178
v 0.000000 0.279127 -8.989731
v 0.000000 -5.297013 11.641419
v -4.613595 -4.825383 11.270227
v -5.520970 -8.723550 11.970380
v -7.790732 -4.263919 9.467613
v -12.097459 -7.937500 10.026624
v -10.740364 -3.596579 8.652992
v 4.065995 0.279127 -9.040854
v 5.491871 -3.542038 -11.775892
v 6.695532 -0.118711 -8.184001
v 10.774754 -3.683207 -10.485612
v 11.261510 -0.455589 -7.101543
v 14.732287 -4.145212 -6.355825
v 15.629081 -1.376390 -2.517214
v 19.007271 -4.719508 -0.991327
v 16.226944 -2.419109 4.110893
v 17.935879 -5.919437 5.581213
v 13.367256 -3.150616 7.745016
v 12.097459 -7.937500 10.026624
v 10.740364 -3.596579 8.652992
v -20.777048 -8.948136 -1.391412
v -12.086878 -8.284005 -12.458262
v -12.795847 -22.124903 -16.045708
v -6.166450 -8.245505 -14.626511
v 0.000000 -22.586908 -18.255075
v 0.000000 -8.290421 -15.607835
v 6.166450 -8.245505 -14.626511
v -6.166450 -8.245505 -14.626511
v 10.774754 -3.683207 -10.485612
v 12.086878 -8.284005 -12.458262
v 14.732287 -4.145212 -6.355825
v 19.007271 -4.719508 -0.991327
v 17.935879 -5.919437 5.581213
v 18.769182 -10.231483 6.385833
v 12.478398 -12.426005 11.026842
v 5.520970 -8.723550 11.970380
v 6.071216 -13.260181 12.587181
v 0.000000 -9.175929 12.793892
v 0.000000 -13.507225 12.930589
v -5.520970 -8.723550 11.970380
v -6.071216 -13.260181 12.587181
v -12.478398 -12.426005 11.026842
v -18.769182 -10.231483 6.385833
v -17.126383 -13.741436 8.564084
v -0.849177 -23.167620 -6.853710
v -1.489366 -23.918379 4.570995
v -1.103136 -24.239216 -5.857938
v 1.489366 -23.918379 4.570995
v 0.849177 -23.167620 -6.853710
v 1.103136 -24.239216 -5.857938
v -9.250998 -23.475622 10.495616
v -3.851717 -23.822126 8.382935
v -4.063350 -21.749521 7.909498
v -14.459810 -22.830742 9.667658
v -9.653100 -18.008566 9.267570
v -4.063350 -21.749521 7.909498
v -4.571268 -19.638416 7.418281
v -15.052382 -3.888541 4.110893
v -17.880325 -9.021929 -3.229590
v -18.060213 -9.243306 4.894397
v 0.000000 -22.282110 -0.799061
v 0.849177 -23.167620 -6.853710
v 1.722162 -21.983732 4.873282
v 1.489366 -23.918379 4.570995
v 4.063350 -21.749521 7.909498
v 3.851717 -23.822126 8.382935
v 9.250998 -23.475622 10.495616
v 0.000000 -24.598551 13.621851
v 6.081797 -24.807095 12.647195
v 6.071216 -13.260181 12.587181
v 13.253503 -25.429520 11.333576
v 12.478398 -12.426005 11.026842
v 17.126383 -13.741436 8.564084
v 18.769182 -10.231483 6.385833
v -1.489366 -23.918379 4.570995
v -0.849177 -23.167620 -6.853710
v -1.722162 -21.983732 4.873282
v 0.000000 -22.282110 -0.799061
v 0.000000 -22.471403 4.212028
v 1.722162 -21.983732 4.873282
v 4.571268 -19.638416 7.418281
v 4.063350 -21.749521 7.909498
v 9.653100 -18.008566 9.267570
v 9.250998 -23.475622 10.495616
v 14.459810 -22.830742 9.667658
v -1.489366 -23.918379 4.570995
v -1.722162 -21.983732 4.873282
v -4.571268 -19.638416 7.418281
v 0.000000 -22.471403 4.212028
v 0.000000 -20.588093 7.473847
v 4.571268 -19.638416 7.418281
v 5.415154 -13.876187 9.184219
v 8.949421 -15.281452 8.921940
v 10.772109 -12.454881 8.558528
v 14.480973 -11.883791 8.468508
v 9.743044 -7.700080 9.175328
v 15.052382 -3.888541 4.110893
v 13.443973 -25.923609 -10.394479
v 5.177067 -25.111891 -12.279333
v 5.595042 -20.754930 -14.720975
v 0.000000 -20.870428 -9.959940
v 0.000000 -15.923128 -14.693192
v -5.595042 -20.754930 -14.720975
v -8.190189 -15.493207 -15.267761
v -13.573598 -20.908932 -12.852791
v -14.205851 -15.268620 -12.820563
v -17.774509 -18.961451 -6.375829
v -17.406797 -14.578822 -7.548306
v -18.824736 -13.625936 -2.239375
v -17.880325 -9.021929 -3.229590
v -18.750666 -12.865553 4.414294
v -18.060213 -9.243306 4.894397
v -14.480973 -11.883791 8.468508
v -15.052382 -3.888541 4.110893
v -9.743044 -7.700080 9.175328
v 0.000000 -9.224055 10.786790
v 0.000000 -14.665446 9.580972
v 5.415154 -13.876187 9.184219
v 0.000000 -14.665446 9.580972
v 0.000000 -9.224055 10.786790
v -5.415154 -13.876187 9.184219
v -9.743044 -7.700080 9.175328
v -10.772109 -12.454881 8.558528
v -14.480973 -11.883791 8.468508
v -8.949421 -15.281452 8.921940
v -13.253503 -25.429520 11.333576
v -12.478398 -12.426005 11.026842
v -17.126383 -13.741436 8.564084
v -12.478398 -12.426005 11.026842
v -13.253503 -25.429520 11.333576
v -6.071216 -13.260181 12.587181
v 0.000000 -9.073264 -13.108403
v -8.957358 -9.374850 -13.539608
v -8.084372 -5.576143 -11.227996
v -12.221793 -9.265766 -11.147977
v -12.801138 -4.020084 -7.862820
v -17.880325 -9.021929 -3.229590
v -15.137035 -2.297191 -2.790606
v -15.052382 -3.888541 4.110893
v 0.000000 -19.689751 -8.008405
v 0.849177 -23.167620 -6.853710
v 0.000000 -22.282110 -0.799061
v 0.000000 -19.689751 -8.008405
v 0.000000 -20.870428 -9.959940
v 0.849177 -23.167620 -6.853710
v 5.177067 -25.111891 -12.279333
v 1.103136 -24.239216 -5.857938
v 19.922581 -21.810480 -1.209150
v 17.774509 -18.961451 -6.375829
v 18.724211 -13.625936 -2.239375
v 17.406797 -14.578822 -7.548306
v 19.232130 -9.021929 -1.957091
v 13.708514 -9.265766 -11.147977
v 12.801138 -4.020084 -7.862820
v 8.957358 -9.374850 -13.539608
v 8.084372 -5.576143 -11.227996
v 0.000000 -9.073264 -13.108403
v 19.922581 -21.810480 -1.209150
v 18.041695 -24.316216 -5.850158
v 17.774509 -18.961451 -6.375829
v 13.443973 -25.923609 -10.394479
v 13.573598 -20.908932 -12.852791
v 5.595042 -20.754930 -14.720975
v 8.288069 -15.493207 -15.267761
v 0.000000 -15.923128 -14.693192
v -8.190189 -15.493207 -15.267761
v -8.957358 -9.374850 -13.539608
v -14.205851 -15.268620 -12.820563
v -12.221793 -9.265766 -11.147977
v -17.406797 -14.578822 -7.548306
v -17.880325 -9.021929 -3.229590
v -5.177067 -25.111891 -12.279333
v -0.849177 -23.167620 -6.853710
v -1.103136 -24.239216 -5.857938
v -19.922581 -21.810480 -1.209150
v -18.041695 -24.316216 -5.850158
v -19.097214 -30.768242 -0.346740
v -10.772109 -12.454881 8.558528
v -8.949421 -15.281452 8.921940
v -5.415154 -13.876187 9.184219
v -19.189802 -21.512102 5.353387
v -14.221723 -31.737169 9.685441
v -14.459810 -22.830742 9.667658
v -8.491766 -31.952129 10.391150
v -9.250998 -23.475622 10.495616
v -3.759127 -30.832411 8.700782
v -3.851717 -23.822126 8.382935
v -1.166626 -29.472061 4.612115
v -1.489366 -23.918379 4.570995
v -1.166626 -29.010057 -5.088881
v -1.103136 -24.239216 -5.857938
v -1.103136 -24.239216 -5.857938
v -1.166626 -29.010057 -5.088881
v -5.177067 -25.111891 -12.279333
v -4.997179 -30.136194 -11.155756
v -13.443973 -25.923609 -10.394479
v -12.428135 -30.627073 -9.253120
v -18.041695 -24.316216 -5.850158
v -17.174002 -30.777866 -5.639000
v -19.097214 -30.768242 -0.346740
v -17.774509 -18.961451 -6.375829
v -13.573598 -20.908932 -12.852791
v -13.443973 -25.923609 -10.394479
v -5.595042 -20.754930 -14.720975
v 0.000000 -20.870428 -9.959940
v 0.000000 -19.689751 -8.008405
v 0.000000 -22.282110 -0.799061
v -13.443973 -25.923609 -10.394479
v -18.041695 -24.316216 -5.850158
v -17.774509 -18.961451 -6.375829
v -19.922581 -21.810480 -1.209150
v -18.824736 -13.625936 -2.239375
v -19.189802 -21.512102 5.353387
v -18.750666 -12.865553 4.414294
v -14.459810 -22.830742 9.667658
v -14.480973 -11.883791 8.468508
v -9.653100 -18.008566 9.267570
v -8.949421 -15.281452 8.921940
v -4.571268 -19.638416 7.418281
v -5.415154 -13.876187 9.184219
v 0.000000 -20.588093 7.473847
v 18.750666 -12.865553 4.414294
v 19.232130 -9.021929 -1.957091
v 19.065470 -9.358807 4.149791
v 19.232130 -9.021929 -1.957091
v 18.750666 -12.865553 4.414294
v 18.724211 -13.625936 -2.239375
v 19.189802 -21.512102 5.353387
v 19.922581 -21.810480 -1.209150
v 14.459810 -22.830742 9.667658
v 14.480973 -11.883791 8.468508
v 9.653100 -18.008566 9.267570
v 8.949421 -15.281452 8.921940
v 4.571268 -19.638416 7.418281
v 12.801138 -4.020084 -7.862820
v 15.137035 -2.297191 -2.790606
v 15.052382 -3.888541 4.110893
v 14.480973 -11.883791 8.468508
v 14.459810 -22.830742 9.667658
v 19.189802 -21.512102 5.353387
v 14.205851 -15.268620 -12.820563
v 13.708514 -9.265766 -11.147977
v 17.406797 -14.578822 -7.548306
v 19.097214 -30.768242 -0.346740
v 18.041695 -24.316216 -5.850158
v 19.922581 -21.810480 -1.209150
v 17.774509 -18.961451 -6.375829
v 13.573598 -20.908932 -12.852791
v 8.288069 -15.493207 -15.267761
v 8.957358 -9.374850 -13.539608
v 0.000000 -9.073264 -13.108403
v 1.103136 -24.239216 -5.857938
v 1.166626 -29.010057 -5.088881
v 1.489366 -23.918379 4.570995
v 1.166626 -29.472061 4.612115
v 3.851717 -23.822126 8.382935
v 3.759127 -30.832411 8.700782
v 9.250998 -23.475622 10.495616
v 8.491766 -31.952129 10.391150
v 14.459810 -22.830742 9.667658
v 14.221723 -31.737169 9.685441
v 19.189802 -21.512102 5.353387
v 19.097214 -30.768242 -0.346740
v 17.174002 -30.777866 -5.639000
v 18.041695 -24.316216 -5.850158
v 12.428135 -30.627073 -9.253120
v 13.443973 -25.923609 -10.394479
v 4.997179 -30.136194 -11.155756
v 5.177067 -25.111891 -12.279333
v 1.166626 -29.010057 -5.088881
v 1.103136 -24.239216 -5.857938
v 0.000000 -14.665446 9.580972
v 0.000000 -20.588093 7.473847
v 5.415154 -13.876187 9.184219
v -8.084372 -5.576143 -11.227996
v 0.000000 -5.954731 -11.321349
v 0.000000 -9.073264 -13.108403
v 8.084372 -5.576143 -11.227996
v -5.415154 -13.876187 9.184219
v -6.727277 -55.193542 8.000632
v -2.097810 -50.602367 2.673918
v -6.975946 -50.859039 7.538309
v -6.727277 -55.193542 8.000632
v -7.171706 -61.478733 6.508086
v -4.809355 -56.813766 3.997539
v -4.552750 -63.766300 1.883748
v -4.552750 -62.126823 -2.238259
v -2.439068 -57.352772 -1.693697
v -11.869954 -54.875916 7.597211
v -11.282673 -60.917271 6.104665
v -2.097810 -50.602367 2.673918
v -6.727277 -55.193542 8.000632
v -11.798528 -38.304695 -8.377373
v -5.714085 -38.304695 -9.480947
v -6.634688 -50.859039 -5.795700
v -2.097810 -50.602367 -2.778378
v -2.439068 -57.352772 -1.693697
v -14.002154 -59.332336 1.353631
v -11.256219 -62.733204 4.987756
v -12.975735 -57.843655 3.210702
v -6.759022 -63.291462 5.391177
v -4.552750 -63.766300 1.883748
v -2.439068 -57.352772 1.553675
v -2.439068 -57.352772 -1.693697
v -2.097810 -50.602367 -2.778378
v -7.171706 -61.478733 6.508086
v -11.869954 -54.875916 7.597211
v -6.975946 -50.859039 7.538309
v -11.547214 -50.859039 7.143779
v -13.279957 -50.339283 -3.028432
v -11.798528 -38.304695 -8.377373
v -11.174211 -50.859039 -5.232244
v -6.634688 -50.859039 -5.795700
v -6.359565 -59.492756 -6.130217
v -4.552750 -62.126823 -2.238259
v -6.520935 -64.520264 -6.920388
v -12.314383 -64.099968 -6.450286
v -11.719166 -59.492756 -5.567873
v -15.131744 -64.834686 -3.420738
v -14.316958 -59.572964 -2.953970
v -14.573563 -65.575821 1.778169
v -14.002154 -59.332336 1.353631
v -4.552750 -62.126823 -2.238259
v -6.520935 -64.520264 -6.920388
v -6.359565 -59.492756 -6.130217
v -11.719166 -59.492756 -5.567873
v -11.174211 -50.859039 -5.232244
v -14.316958 -59.572964 -2.953970
v -13.279957 -50.339283 -3.028432
v -14.002154 -59.332336 1.353631
v -14.028608 -50.339283 0.342301
v -12.975735 -57.843655 3.210702
v -14.028608 -50.339283 3.314058
v -11.547214 -50.859039 7.143779
v -14.028608 -50.339283 3.314058
v -12.975735 -57.843655 3.210702
v -11.256219 -62.733204 4.987756
v -6.759022 -63.291462 5.391177
v -2.439068 -57.352772 1.553675
v -2.097810 -50.602367 2.673918
v -2.097810 -50.602367 -2.778378
v -13.557725 -98.833755 -1.643683
v -12.049842 -95.965477 -5.210014
v -12.078941 -99.873268 -6.848147
v -5.137386 -103.027092 -6.271355
v -7.457410 -85.881577 -8.179548
v -5.309338 -86.362831 -0.612348
v -7.362176 -93.687531 4.929967
v -7.277522 -97.832741 9.510963
v -2.862333 -101.451782 -0.444533
v -2.862333 -101.451782 -0.444533
v -5.137386 -103.027092 -6.271355
v -5.309338 -86.362831 -0.612348
v -12.444008 -85.974617 -8.224002
v -9.933514 -93.957039 -8.457386
v -15.573528 -103.235634 -5.709011
v -5.309338 -86.362831 -0.612348
v -7.362176 -93.687531 4.929967
v -12.049842 -95.965477 -5.210014
v -13.557725 -98.833755 -1.643683
v -12.369936 -95.391174 1.488108
v -12.049842 -95.965477 -5.210014
v -9.809180 -95.885262 -7.032632
v -12.078941 -99.873268 -6.848147
v -7.457410 -85.881577 -8.179548
v -5.137386 -103.027092 -6.271355
v -9.933514 -93.957039 -8.457386
v -10.139856 -103.389633 -9.699879
v -15.573528 -103.235634 -5.709011
v -8.724562 -95.423264 3.714147
v -5.502452 -97.152573 -0.183366
v -5.997144 -95.599716 -0.943531
v -7.605553 -99.873268 -6.699226
v -7.319849 -95.689552 -5.503411
v -9.832988 -99.873268 -7.933939
v -9.809180 -95.885262 -7.032632
v -7.277522 -97.832741 9.510963
v -7.362176 -93.687531 4.929967
v -13.195304 -98.179245 9.417609
v -13.057743 -93.947411 4.503208
v -18.171320 -101.512741 2.417200
v -17.343307 -94.130287 -0.303392
v -15.573528 -103.235634 -5.709011
v -16.734863 -86.118996 -4.020867
v -12.444008 -85.974617 -8.224002
v -4.087158 -77.786865 -3.811933
v -6.272267 -70.211906 -8.801908
v -3.148038 -71.065338 -3.823047
v -12.526016 -86.019531 3.551889
v -8.155799 -86.013115 3.604123
v -8.034110 -78.059578 4.918853
v -11.256219 -62.733204 4.987756
v -11.613349 -67.378922 5.032210
v -6.759022 -63.291462 5.391177
v -7.221969 -68.087967 5.095557
v -4.552750 -63.766300 1.883748
v -3.174492 -71.382965 0.945766
v -4.407253 -78.114120 0.609027
v -5.309338 -86.362831 -0.612348
v -12.473107 -77.985786 4.757707
v -16.306307 -77.081024 1.366970
v -16.920040 -86.375664 0.364531
v -17.726891 -76.124931 -4.506529
v -16.734863 -86.118996 -4.020867
v -17.343307 -94.130287 -0.303392
v -13.057743 -93.947411 4.503208
v -7.362176 -93.687531 4.929967
v -5.309338 -86.362831 -0.612348
v -4.407253 -78.114120 0.609027
v -3.174492 -71.382965 0.945766
v -17.560230 -69.419441 -4.560986
v -12.375227 -69.339233 -9.735444
v -12.600087 -75.887512 -9.957713
v -6.841030 -76.638268 -9.413152
v -12.444008 -85.974617 -8.224002
v -7.457410 -85.881577 -8.179548
v -9.933514 -93.957039 -8.457386
v -3.420515 -63.952385 1.181373
v -3.253854 -63.506420 -4.068657
v -5.965399 -62.855122 -7.828363
v -11.988997 -62.149284 -8.133986
v -15.607918 -69.579865 1.683704
v -12.396391 -70.901711 5.181131
v -7.732533 -71.755135 5.244478
v -4.330536 -71.382965 1.328071
v -4.330536 -71.074959 -3.146234
v -4.552750 -62.126823 -2.238259
v -16.512648 -70.080368 1.944872
v -12.742939 -71.049294 5.550100
v -7.354239 -71.469589 5.640120
v -3.420515 -63.952385 1.181373
v -14.002154 -59.332336 1.353631
v -14.573563 -65.575821 1.778169
v -15.131744 -64.834686 -3.420738
v -16.144936 -68.216309 -3.628561
v -12.314383 -64.099968 -6.450286
v -12.772039 -68.485809 -7.519407
v -6.520935 -64.520264 -6.920388
v -6.864839 -70.147743 -7.830586
v -4.552750 -62.126823 -2.238259
v -4.330536 -71.074959 -3.146234
v -7.296040 -63.987679 6.790370
v -12.309092 -63.512840 6.398062
v -15.089418 -63.182377 2.411640
v -16.078800 -62.617702 -4.112000
v 6.975946 -50.859039 7.538309
v 6.727277 -55.193542 8.000632
v 11.869954 -54.875916 7.597211
v 6.359565 -59.492756 -6.130217
v 6.520935 -64.520264 -6.920388
v 4.552750 -62.126823 -2.238259
v 2.439068 -57.352772 1.553675
v 2.097810 -50.602367 -2.778378
v 2.439068 -57.352772 -1.693697
v 6.727277 -55.193542 8.000632
v 6.975946 -50.859039 7.538309
v 2.097810 -50.602367 2.673918
v 6.759022 -63.291462 5.391177
v 11.256219 -62.733204 4.987756
v 7.171706 -61.478733 6.508086
v 11.282673 -60.917271 6.104665
v 2.439068 -57.352772 -1.693697
v 2.097810 -50.602367 -2.778378
v 6.634688 -50.859039 -5.795700
v 5.714085 -38.304695 -9.480947
v 11.798528 -38.304695 -8.377373
v 4.552750 -62.126823 -2.238259
v 2.439068 -57.352772 -1.693697
v 6.359565 -59.492756 -6.130217
v 6.634688 -50.859039 -5.795700
v 11.174211 -50.859039 -5.232244
v 11.798528 -38.304695 -8.377373
v 13.279957 -50.339283 -3.028432
v 7.171706 -61.478733 6.508086
v 4.809355 -56.813766 3.997539
v 6.759022 -63.291462 5.391177
v 2.439068 -57.352772 1.553675
v 4.552750 -63.766300 1.883748
v 4.552750 -62.126823 -2.238259
v 14.002154 -59.332336 1.353631
v 14.573563 -65.575821 1.778169
v 14.316958 -59.572964 -2.953970
v 15.131744 -64.834686 -3.420738
v 11.719166 -59.492756 -5.567873
v 12.314383 -64.099968 -6.450286
v 6.520935 -64.520264 -6.920388
v 6.520935 -64.520264 -6.920388
v 6.359565 -59.492756 -6.130217
v 11.719166 -59.492756 -5.567873
v 11.174211 -50.859039 -5.232244
v 14.316958 -59.572964 -2.953970
v 14.002154 -59.332336 1.353631
v 14.028608 -50.339283 0.342301
v 12.975735 -57.843655 3.210702
v 14.028608 -50.339283 3.314058
v 11.869954 -54.875916 7.597211
v 11.547214 -50.859039 7.143779
v 6.975946 -50.859039 7.538309
v 2.097810 -50.602367 -2.778378
v 2.439068 -57.352772 1.553675
v 2.097810 -50.602367 2.673918
v 4.809355 -56.813766 3.997539
v 6.727277 -55.193542 8.000632
v 7.171706 -61.478733 6.508086
v 11.282673 -60.917271 6.104665
v 12.975735 -57.843655 3.210702
v 11.256219 -62.733204 4.987756
v 14.002154 -59.332336 1.353631
v 5.309338 -86.362831 -0.612348
v 5.137386 -103.027092 -6.271355
v 2.862333 -101.451782 -0.444533
v 15.573528 -103.235634 -5.709011
v 9.933514 -93.957039 -8.457386
v 12.444008 -85.974617 -8.224002
v 7.362176 -93.687531 4.929967
v 5.309338 -86.362831 -0.612348
v 2.862333 -101.451782 -0.444533
v 8.724562 -95.423264 3.714147
v 5.997144 -95.599716 -0.943531
v 5.502452 -97.152573 -0.183366
v 7.319849 -95.689552 -5.503411
v 7.605553 -99.873268 -6.699226
v 9.809180 -95.885262 -7.032632
v 12.078941 -99.873268 -6.848147
v 9.832988 -99.873268 -7.933939
v 12.049842 -95.965477 -5.210014
v 9.809180 -95.885262 -7.032632
v 15.573528 -103.235634 -5.709011
v 10.139856 -103.389633 -9.699879
v 9.933514 -93.957039 -8.457386
v 5.137386 -103.027092 -6.271355
v 7.457410 -85.881577 -8.179548
v 5.309338 -86.362831 -0.612348
v 12.078941 -99.873268 -6.848147
v 12.049842 -95.965477 -5.210014
v 13.557725 -98.833755 -1.643683
v 12.369936 -95.391174 1.488108
v 2.862333 -101.451782 -0.444533
v 7.277522 -97.832741 9.510963
v 7.362176 -93.687531 4.929967
v 13.195304 -98.179245 9.417609
v 13.057743 -93.947411 4.503208
v 18.171320 -101.512741 2.417200
v 16.562910 -94.130287 -0.303392
v 15.573528 -103.235634 -5.709011
v 16.734863 -86.118996 -4.020867
v 12.444008 -85.974617 -8.224002
v 12.473107 -77.985786 4.757707
v 16.512648 -70.080368 1.944872
v 12.742939 -71.049294 5.550100
v 8.155799 -86.013115 3.604123
v 12.526016 -86.019531 3.551889
v 8.034110 -78.059578 4.918853
v 7.354239 -71.469589 5.640120
v 3.174492 -71.382965 0.945766
v 3.420515 -63.952385 1.181373
v 6.841030 -76.638268 -9.413152
v 7.457410 -85.881577 -8.179548
v 4.087158 -77.786865 -3.811933
v 5.309338 -86.362831 -0.612348
v 4.407253 -78.114120 0.609027
v 17.560230 -69.419441 -4.560986
v 17.726891 -76.124931 -4.506529
v 12.600087 -75.887512 -9.957713
v 16.734863 -86.118996 -4.020867
v 12.444008 -85.974617 -8.224002
v 4.330536 -71.074959 -3.146234
v 4.552750 -63.766300 1.883748
v 4.552750 -62.126823 -2.238259
v 13.057743 -93.947411 4.503208
v 7.362176 -93.687531 4.929967
v 5.309338 -86.362831 -0.612348
v 4.407253 -78.114120 0.609027
v 16.306307 -77.081024 1.366970
v 16.920040 -86.375664 0.364531
v 16.562910 -94.130287 -0.303392
v 12.375227 -69.339233 -9.735444
v 6.272267 -70.211906 -8.801908
v 3.148038 -71.065338 -3.823047
v 3.174492 -71.382965 0.945766
v 3.420515 -63.952385 1.181373
v 3.253854 -63.506420 -4.068657
v 5.965399 -62.855122 -7.828363
v 11.988997 -62.149284 -8.133986
v 16.078800 -62.617702 -4.112000
v 14.002154 -59.332336 1.353631
v 11.256219 -62.733204 4.987756
v 11.613349 -67.378922 5.032210
v 6.759022 -63.291462 5.391177
v 7.221969 -68.087967 5.095557
v 4.330536 -71.382965 1.328071
v 12.396391 -70.901711 5.181131
v 15.607918 -69.579865 1.683704
v 14.573563 -65.575821 1.778169
v 16.144936 -68.216309 -3.628561
v 15.131744 -64.834686 -3.420738
v 12.772039 -68.485809 -7.519407
v 12.314383 -64.099968 -6.450286
v 6.864839 -70.147743 -7.830586
v 6.520935 -64.520264 -6.920388
v 4.330536 -71.074959 -3.146234
v 4.552750 -62.126823 -2.238259
v 7.732533 -71.755135 5.244478
v 9.933514 -93.957039 -8.457386
v 15.089418 -63.182377 2.411640
v 12.309092 -63.512840 6.398062
v 7.296040 -63.987679 6.790370
v -12.491625 -104.932861 -6.506962
v -12.078941 -99.873268 -6.848147
v -9.832988 -99.873268 -7.933939
v -14.888367 -103.017464 10.422273
v -12.369936 -95.391174 1.488108
v -13.557725 -98.833755 -1.643683
v -9.811825 -104.932861 -7.518292
v -14.650280 -104.336105 2.072681
v -5.502452 -97.152573 -0.183366
v -6.137351 -100.113892 0.980221
v -7.605553 -99.873268 -6.699226
v -7.274877 -104.932861 -6.210230
v -9.832988 -99.873268 -7.933939
v -9.811825 -104.932861 -7.518292
v -8.724562 -95.423264 3.714147
v -11.507533 -95.529137 3.637464
v -7.912421 -98.423080 10.694553
v -13.039225 -103.068802 19.293089
v -12.219148 -99.706429 10.446723
v -9.809180 -95.885262 -7.032632
v -12.078941 -99.873268 -6.848147
v -14.155588 -104.932861 -1.213589
v -8.351559 -104.932861 20.660053
v -13.240276 -104.932861 19.713181
v -5.470708 -104.932861 13.414034
v -15.390994 -104.932861 10.113317
v -7.830413 -103.553261 2.072681
v -14.650280 -104.336105 2.072681
v -7.647880 -104.932861 -1.213589
v -14.155588 -104.932861 -1.213589
v -7.274877 -104.932861 -6.210230
v -12.491625 -104.932861 -6.506962
v -9.811825 -104.932861 -7.518292
v -8.351559 -104.932861 20.660053
v -5.470708 -104.932861 13.414034
v -4.954853 -101.891327 13.784115
v -7.830413 -103.553261 2.072681
v -7.647880 -104.932861 -1.213589
v -8.417694 -102.093452 20.241072
v -13.240276 -104.932861 19.713181
v -15.390994 -104.932861 10.113317
v -2.505203 -40.463928 3.454087
v -2.505203 -39.145290 -4.323159
v -1.166626 -29.010057 -5.088881
v -4.997179 -30.136194 -11.155756
v -1.166626 -29.010057 -5.088881
v -2.505203 -39.145290 -4.323159
v -2.097810 -50.602367 2.673918
v -2.097810 -50.602367 -2.778378
v -14.221723 -31.737169 9.685441
v -19.189802 -21.512102 5.353387
v -18.568132 -30.996037 5.043320
v -19.922581 -21.810480 -1.209150
v -19.097214 -30.768242 -0.346740
v -12.428135 -30.627073 -9.253120
v -5.714085 -38.304695 -9.480947
v -2.097810 -50.602367 -2.778378
v -4.322600 -40.948391 7.172673
v -6.975946 -50.859039 7.538309
v -7.346303 -41.683109 9.210894
v -12.586860 -41.882027 8.705228
v -11.547214 -50.859039 7.143779
v -16.084091 -42.222115 4.393180
v -14.028608 -50.339283 3.314058
v -16.830097 -41.522690 -0.274501
v -14.028608 -50.339283 0.342301
v -15.287823 -39.738838 -4.658787
v -13.279957 -50.339283 -3.028432
v -11.798528 -38.304695 -8.377373
v -17.174002 -30.777866 -5.639000
v -8.491766 -31.952129 10.391150
v -3.759127 -30.832411 8.700782
v -1.166626 -29.472061 4.612115
v 14.888367 -103.017464 10.422273
v 15.390994 -104.932861 10.113317
v 14.650280 -104.336105 2.072681
v 12.491625 -104.932861 -6.506962
v 9.811825 -104.932861 -7.518292
v 9.832988 -99.873268 -7.933939
v 13.557725 -98.833755 -1.643683
v 5.502452 -97.152573 -0.183366
v 7.605553 -99.873268 -6.699226
v 6.137351 -100.113892 0.980221
v 7.274877 -104.932861 -6.210230
v 9.811825 -104.932861 -7.518292
v 9.832988 -99.873268 -7.933939
v 9.809180 -95.885262 -7.032632
v 7.912421 -98.423080 10.694553
v 11.507533 -95.529137 3.637464
v 8.724562 -95.423264 3.714147
v 12.219148 -99.706429 10.446723
v 13.039225 -103.068802 19.293089
v 14.155588 -104.932861 -1.213589
v 12.078941 -99.873268 -6.848147
v 9.811825 -104.932861 -7.518292
v 12.491625 -104.932861 -6.506962
v 7.274877 -104.932861 -6.210230
v 14.155588 -104.932861 -1.213589
v 7.647880 -104.932861 -1.213589
v 14.650280 -104.336105 2.072681
v 7.830413 -103.553261 2.072681
v 15.390994 -104.932861 10.113317
v 5.470708 -104.932861 13.414034
v 13.240276 -104.932861 19.713181
v 8.351559 -104.932861 20.660053
v 7.647880 -104.932861 -1.213589
v 7.830413 -103.553261 2.072681
v 4.954853 -101.891327 13.784115
v 5.470708 -104.932861 13.414034
v 8.351559 -104.932861 20.660053
v 12.369936 -95.391174 1.488108
v 8.417694 -102.093452 20.241072
v 13.240276 -104.932861 19.713181
v 15.287823 -39.738838 -4.658787
v 13.279957 -50.339283 -3.028432
v 11.798528 -38.304695 -8.377373
v 2.505203 -40.463928 3.454087
v 1.166626 -29.472061 4.612115
v 1.166626 -29.010057 -5.088881
v 2.505203 -39.145290 -4.323159
v 1.166626 -29.010057 -5.088881
v 4.997179 -30.136194 -11.155756
v 2.505203 -39.145290 -4.323159
v 2.097810 -50.602367 -2.778378
v 2.097810 -50.602367 2.673918
v 19.097214 -30.768242 -0.346740
v 19.922581 -21.810480 -1.209150
v 18.568132 -30.996037 5.043320
v 19.189802 -21.512102 5.353387
v 14.221723 -31.737169 9.685441
v 2.097810 -50.602367 -2.778378
v 5.714085 -38.304695 -9.480947
v 12.428135 -30.627073 -9.253120
v 6.975946 -50.859039 7.538309
v 4.322600 -40.948391 7.172673
v 14.028608 -50.339283 0.342301
v 16.830097 -41.522690 -0.274501
v 14.028608 -50.339283 3.314058
v 16.084091 -42.222115 4.393180
v 11.547214 -50.859039 7.143779
v 12.586860 -41.882027 8.705228
v 7.346303 -41.683109 9.210894
v 3.759127 -30.832411 8.700782
v 8.491766 -31.952129 10.391150
v 17.174002 -30.777866 -5.639000
vn -0.2517 0.6764 -0.6922
vn -0.4079 0.5884 -0.6982
vn -0.5183 0.5968 -0.6125
vn 0.6981 0.2981 -0.6510
vn 0.9032 0.3534 -0.2435
vn 0.6440 0.4005 -0.6518
vn 0.3539 0.2910 0.8888
vn 0.2749 0.3298 0.9031
vn 0.1966 0.2359 0.9517
vn -0.0000 0.6025 -0.7981
vn 0.0393 0.6366 -0.7702
vn 0.2124 0.5901 -0.7789
vn -0.0000 -0.1720 0.9851
vn 0.0940 -0.1802 0.9791
vn 0.2127 0.0079 0.9771
vn 0.0707 -0.0000 0.9975
vn -0.6440 0.4005 -0.6518
vn -0.9032 0.3535 -0.2435
vn -0.6981 0.2981 -0.6510
vn -0.1966 0.2360 0.9517
vn -0.0000 0.1886 0.9821
vn -0.0000 0.2352 0.9720
vn 0.2509 0.2274 0.9409
vn -0.2124 0.5901 -0.7789
vn 0.1564 0.0626 0.9857
vn -0.0000 0.0707 0.9975
vn -0.0000 0.0315 0.9995
vn -0.1564 0.0626 0.9857
vn -0.1644 -0.0000 0.9864
vn -0.2973 0.0235 0.9545
vn -0.9032 0.3534 -0.2435
vn -0.6522 0.2515 0.7151
vn -0.7684 0.3764 0.5175
vn -0.3540 0.2910 0.8888
vn -0.4729 0.3940 0.7881
vn -0.5408 0.3762 -0.7524
vn -0.7400 0.3857 -0.5510
vn -0.6700 0.4966 -0.5518
vn -0.8326 0.5263 -0.1728
vn -0.7162 0.6060 -0.3463
vn -0.7383 0.6048 0.2985
vn -0.0000 0.1809 -0.9835
vn 0.2122 0.3301 -0.9198
vn 0.3691 0.2199 -0.9030
vn 0.5408 0.3761 -0.7524
vn 0.7400 0.3857 -0.5510
vn -0.2832 0.6293 -0.7237
vn -0.0393 0.6366 -0.7702
vn -0.0000 0.6912 -0.7226
vn -0.0000 0.2351 0.9720
vn -0.2509 0.2274 0.9409
vn -0.1966 0.2359 0.9517
vn -0.2749 0.3298 0.9031
vn -0.3539 0.2911 0.8888
vn -0.2121 0.3535 0.9111
vn -0.4728 0.3941 0.7881
vn 0.0394 0.6366 -0.7702
vn 0.2684 0.6237 -0.7342
vn 0.2429 0.6661 -0.7052
vn 0.4098 0.5832 -0.7014
vn 0.5264 0.5893 -0.6129
vn 0.6726 0.4906 -0.5539
vn 0.7234 0.5975 -0.3460
vn 0.8326 0.5263 -0.1728
vn 0.7383 0.6048 0.2985
vn 0.7684 0.3764 0.5175
vn 0.4729 0.3941 0.7881
vn 0.3540 0.2910 0.8888
vn 0.2121 0.3535 0.9111
vn -0.5408 0.3761 -0.7524
vn -0.3691 0.2199 -0.9030
vn -0.2123 0.3301 -0.9198
vn -0.0000 0.1810 -0.9835
vn -0.0000 0.3605 -0.9327
vn 0.2122 0.3302 -0.9197
vn -0.2123 0.3302 -0.9197
vn 0.5408 0.3762 -0.7524
vn 0.6727 0.4906 -0.5539
vn 0.8326 0.5262 -0.1728
vn 0.6523 0.2515 0.7151
vn 0.4004 0.1570 0.9028
vn 0.1565 0.0626 0.9857
vn -0.0000 0.1885 0.9821
vn -0.1565 0.0626 0.9857
vn -0.4004 0.1570 0.9028
vn -0.6522 0.2514 0.7151
vn -0.4942 0.1569 0.8551
vn 0.8953 -0.4398 -0.0707
vn 0.9634 0.0313 0.2663
vn 0.9504 -0.2199 -0.2199
vn -0.9634 0.0313 0.2663
vn -0.8953 -0.4398 -0.0707
vn -0.9504 -0.2199 -0.2199
vn 0.1963 0.1178 0.9734
vn 0.6862 0.1183 0.7177
vn 0.6150 0.2208 0.7570
vn -0.3693 0.0629 0.9272
vn 0.1963 0.1178 0.9735
vn 0.1647 0.1647 0.9725
vn 0.2348 -0.2505 0.9392
vn -0.7636 0.4566 0.4566
vn -0.9218 0.3073 -0.2363
vn -0.8561 0.3063 0.4162
vn -0.0000 -1.0000 -0.0079
vn -0.6504 -0.5564 0.5172
vn -0.9634 0.0314 0.2663
vn -0.6151 0.2208 0.7569
vn -0.6862 0.1183 0.7177
vn -0.1963 0.1178 0.9734
vn 0.1644 -0.0000 0.9864
vn 0.2973 0.0235 0.9545
vn 0.4942 0.1569 0.8551
vn 0.6522 0.2515 0.7151
vn 0.9634 0.0314 0.2663
vn 0.8953 -0.4399 -0.0707
vn 0.6504 -0.5564 0.5172
vn -0.0000 -0.9052 0.4250
vn -0.6504 -0.5563 0.5172
vn -0.2348 -0.2505 0.9392
vn -0.6150 0.2208 0.7570
vn -0.1647 0.1647 0.9725
vn -0.1962 0.1178 0.9735
vn 0.3693 0.0629 0.9272
vn 0.9634 0.0313 0.2664
vn 0.6504 -0.5563 0.5172
vn -0.0000 -0.9052 0.4251
vn -0.0000 -0.5272 0.8497
vn -0.0550 0.0078 0.9985
vn 0.3225 0.1416 0.9359
vn 0.2128 0.0079 0.9771
vn 0.7170 0.5122 0.4728
vn 0.4630 -0.3061 -0.8318
vn -0.5662 -0.4089 -0.7157
vn -0.1102 -0.3934 -0.9127
vn -0.0000 -0.7637 -0.6456
vn -0.0000 -0.1644 -0.9864
vn 0.1105 -0.3867 -0.9156
vn -0.1335 0.0628 -0.9891
vn -0.5339 -0.2198 -0.8165
vn -0.6679 0.1414 -0.7307
vn -0.8855 -0.0470 -0.4623
vn -0.8857 0.1724 -0.4311
vn -0.9859 0.1017 -0.1330
vn -0.9218 0.3072 -0.2363
vn -0.9119 0.1179 0.3931
vn -0.8561 0.3063 0.4163
vn -0.3221 0.1493 0.9349
vn -0.2127 0.0079 0.9771
vn -0.0000 -0.2737 0.9618
vn -0.0001 -0.1720 0.9851
vn -0.0940 -0.1801 0.9791
vn -0.0707 -0.0000 0.9975
vn 0.0550 0.0079 0.9985
vn -0.2974 0.0235 0.9545
vn -0.0000 0.3768 -0.9263
vn -0.2679 0.3862 -0.8827
vn -0.1337 0.5110 -0.8491
vn -0.6681 0.3852 -0.6367
vn -0.6895 0.3761 -0.6190
vn -0.9218 0.3073 -0.2364
vn -0.9034 0.3771 -0.2042
vn -0.9737 -0.2277 0.0078
vn -0.8953 -0.4397 -0.0707
vn -0.0000 -1.0000 -0.0078
vn -0.9737 -0.2277 0.0079
vn -0.5663 -0.4089 -0.7156
vn -0.9504 -0.2199 -0.2200
vn 0.9931 -0.0000 -0.1173
vn 0.8855 -0.0470 -0.4623
vn 0.9930 0.0156 -0.1173
vn 0.9107 0.0628 -0.4082
vn 0.9472 0.2526 -0.1974
vn 0.6691 0.3543 -0.6533
vn 0.6538 0.4727 -0.5908
vn 0.2283 0.3778 -0.8973
vn 0.1102 0.5275 -0.8424
vn 0.9931 -0.0000 -0.1174
vn 0.8322 -0.1177 -0.5418
vn 0.8854 -0.0470 -0.4624
vn 0.4630 -0.3060 -0.8318
vn 0.5429 -0.2203 -0.8104
vn -0.1101 -0.3934 -0.9127
vn 0.1334 0.0628 -0.9891
vn -0.2679 0.3861 -0.8827
vn -0.6679 0.1415 -0.7307
vn -0.6681 0.3851 -0.6367
vn -0.8857 0.1725 -0.4311
vn 0.5662 -0.4089 -0.7157
vn -0.9920 -0.0000 -0.1260
vn -0.8323 -0.1178 -0.5417
vn -0.9806 -0.1569 -0.1177
vn -0.9049 0.0236 0.4249
vn -0.4392 -0.0863 0.8942
vn -0.3693 0.0628 0.9272
vn 0.1489 -0.0549 0.9873
vn 0.1962 0.1177 0.9735
vn 0.6530 -0.0550 0.7554
vn 0.9468 -0.0235 0.3208
vn 0.9707 -0.0783 -0.2270
vn 0.9504 -0.2199 -0.2200
vn 0.9707 -0.0783 -0.2271
vn 0.3785 -0.2208 -0.8989
vn -0.4630 -0.3060 -0.8318
vn -0.4789 -0.1963 -0.8557
vn -0.8322 -0.1178 -0.5418
vn -0.8160 -0.1805 -0.5492
vn -0.8855 -0.0471 -0.4623
vn -0.5339 -0.2199 -0.8165
vn -0.4630 -0.3061 -0.8318
vn 0.1105 -0.3867 -0.9155
vn 0.9737 -0.2277 0.0078
vn -0.8322 -0.1177 -0.5418
vn -0.9049 0.0237 0.4249
vn -0.3221 0.1492 0.9349
vn 0.0551 0.0078 0.9985
vn -0.0940 -0.1802 0.9791
vn -0.0000 -0.5271 0.8498
vn 0.9167 -0.0000 0.3996
vn 0.9472 0.2526 -0.1973
vn 0.8576 0.2518 0.4485
vn 0.9472 0.2525 -0.1973
vn 0.9167 -0.0000 0.3995
vn 0.9930 0.0156 -0.1172
vn 0.9049 0.0236 0.4249
vn 0.9931 -0.0000 -0.1172
vn 0.3224 0.1416 0.9360
vn -0.0551 0.0079 0.9985
vn -0.2348 -0.2504 0.9392
vn 0.6539 0.4727 -0.5908
vn 0.8483 0.4948 -0.1885
vn 0.7171 0.5122 0.4727
vn 0.6516 0.0863 -0.7537
vn 0.6691 0.3542 -0.6533
vn 0.9107 0.0628 -0.4083
vn 0.9806 -0.1569 -0.1177
vn 0.8323 -0.1178 -0.5417
vn 0.1335 0.0628 -0.9891
vn -0.9708 -0.0783 -0.2270
vn -0.9468 -0.0235 0.3208
vn -0.6530 -0.0550 0.7554
vn -0.1962 0.1177 0.9735
vn -0.1489 -0.0549 0.9873
vn 0.3693 0.0628 0.9272
vn 0.4392 -0.0863 0.8942
vn 0.8160 -0.1805 -0.5492
vn 0.8322 -0.1178 -0.5418
vn 0.4789 -0.1963 -0.8557
vn -0.3785 -0.2208 -0.8989
vn -0.9707 -0.0783 -0.2271
vn -0.1336 0.5110 -0.8491
vn -0.0000 0.4936 -0.8697
vn 0.5187 -0.1022 0.8488
vn 0.9111 -0.0549 0.4085
vn 0.2588 -0.0471 0.9648
vn 0.2280 -0.3616 0.9040
vn 0.7929 -0.1570 0.5888
vn 0.9442 -0.1810 0.2753
vn 0.9406 -0.1098 -0.3214
vn 0.8937 -0.2038 -0.3998
vn -0.5109 -0.0708 0.8567
vn -0.6141 -0.3307 0.7166
vn 0.9111 -0.0550 0.4085
vn -0.4464 -0.2115 -0.8695
vn 0.3142 -0.2043 -0.9271
vn 0.2599 -0.1575 -0.9527
vn 0.9142 -0.0946 -0.3940
vn -0.9403 0.0470 0.3370
vn -0.5578 -0.2435 0.7934
vn -0.9339 -0.1177 0.3375
vn 0.4856 -0.1880 0.8537
vn 0.9441 -0.1810 0.2754
vn 0.9265 -0.1492 0.3454
vn 0.8937 -0.2038 -0.3997
vn 0.9142 -0.0945 -0.3941
vn 0.2279 -0.3616 0.9040
vn -0.5109 -0.0707 0.8567
vn -0.5724 -0.0863 0.8154
vn -0.8973 -0.0866 -0.4329
vn -0.4465 -0.2115 -0.8695
vn -0.4469 -0.0392 -0.8937
vn 0.2598 -0.1574 -0.9527
vn 0.4156 -0.0000 -0.9095
vn 0.3847 0.1492 -0.9109
vn -0.4229 0.2271 -0.8772
vn -0.4327 0.1495 -0.8890
vn -0.9030 0.2199 -0.3690
vn -0.9339 0.1177 -0.3375
vn -0.9141 0.1654 0.3703
vn -0.9404 0.0470 0.3369
vn 0.9406 -0.1097 -0.3214
vn 0.3848 0.1492 -0.9109
vn 0.4156 -0.0000 -0.9096
vn -0.4327 0.1495 -0.8891
vn -0.8973 -0.0865 -0.4329
vn -0.9855 -0.1576 -0.0631
vn -0.9515 -0.1651 0.2595
vn -0.5724 -0.0862 0.8155
vn -0.9339 -0.1178 0.3375
vn -0.5578 -0.2436 0.7934
vn 0.9265 -0.1492 0.3455
vn 0.9111 -0.0550 0.4084
vn -0.9712 0.1723 -0.1645
vn -0.8632 0.2746 -0.4237
vn -0.7769 0.1098 -0.6199
vn 0.7473 0.0708 -0.6607
vn 0.6131 -0.0786 -0.7861
vn 0.9820 -0.0079 0.1885
vn 0.4081 0.4238 0.8086
vn 0.5095 0.6427 0.5722
vn 0.9653 0.2198 0.1413
vn 0.9820 -0.0079 0.1886
vn -0.2915 -0.0788 -0.9533
vn -0.0079 0.0236 -0.9997
vn -0.7637 -0.0000 -0.6456
vn 0.9653 0.2197 0.1413
vn 0.9820 -0.0078 0.1885
vn 0.4082 0.4239 0.8085
vn -0.9712 0.1724 -0.1645
vn -0.8863 0.4549 0.0863
vn -0.8631 0.2746 -0.4238
vn -0.0156 0.2664 -0.9637
vn -0.7769 0.1099 -0.6200
vn 0.7472 0.0708 -0.6608
vn -0.0078 0.0236 -0.9997
vn -0.0157 0.1260 -0.9919
vn 0.7021 0.5522 0.4496
vn 0.9837 0.0866 0.1574
vn 0.9569 0.2816 0.0707
vn 0.8498 -0.0000 -0.5272
vn 0.7715 0.1338 -0.6219
vn 0.0157 0.0393 -0.9991
vn -0.0157 0.2664 -0.9637
vn -0.3466 0.7089 0.6143
vn -0.5590 0.3228 0.7637
vn -0.9258 0.2824 0.2511
vn -0.9857 0.0626 0.1565
vn -0.7637 -0.0000 -0.6455
vn -0.9011 -0.0470 -0.4310
vn 0.9499 -0.1335 -0.2826
vn 0.6283 0.0236 -0.7776
vn 0.9593 -0.0629 -0.2752
vn -0.2974 -0.0000 0.9548
vn 0.4628 0.0157 0.8863
vn 0.4098 -0.1576 0.8984
vn -0.5578 -0.2435 0.7935
vn -0.4082 0.0628 0.9107
vn 0.4856 -0.1879 0.8538
vn 0.5209 -0.0473 0.8523
vn 0.9442 -0.1809 0.2754
vn 0.9012 -0.0940 0.4231
vn 0.9205 -0.1652 0.3540
vn -0.4472 -0.1177 0.8866
vn -0.8585 -0.0315 0.5119
vn -0.8975 0.0079 0.4409
vn -0.9788 -0.0235 -0.2036
vn -0.9857 0.0625 0.1565
vn -0.5590 0.3228 0.7638
vn 0.4082 0.4238 0.8086
vn 0.9820 -0.0078 0.1886
vn 0.9205 -0.1652 0.3541
vn 0.9012 -0.0940 0.4232
vn -0.9562 0.0784 -0.2821
vn -0.2281 0.1101 -0.9674
vn -0.4869 -0.0550 -0.8717
vn 0.3988 -0.0626 -0.9149
vn 0.8990 -0.0156 0.4377
vn 0.9611 0.0158 -0.2757
vn 0.5248 0.0940 -0.8460
vn -0.3148 0.1967 -0.9286
vn -0.8660 0.2204 0.4488
vn -0.3705 0.1104 0.9223
vn 0.4090 -0.0157 0.9124
vn 0.8942 -0.0235 0.4471
vn 0.9750 0.0315 -0.2201
vn 0.9406 -0.1097 -0.3213
vn -0.8497 0.0079 0.5271
vn -0.4148 -0.0626 0.9078
vn 0.4000 -0.1098 0.9099
vn 0.8989 -0.0157 0.4378
vn -0.9403 0.0471 0.3370
vn -0.9140 0.1655 0.3704
vn -0.9030 0.2199 -0.3691
vn -0.9241 0.2741 -0.2662
vn -0.4229 0.2272 -0.8772
vn -0.4092 0.2361 -0.8814
vn 0.5163 0.1408 -0.8448
vn 0.9749 0.0315 -0.2202
vn 0.4173 -0.1417 0.8976
vn -0.3381 -0.1022 0.9356
vn -0.8557 0.0864 0.5103
vn -0.9332 0.2118 -0.2902
vn -0.2588 -0.0470 0.9648
vn -0.5188 -0.1022 0.8488
vn 0.5109 -0.0707 0.8567
vn -0.4155 -0.0000 -0.9096
vn -0.3847 0.1493 -0.9109
vn -0.9397 -0.1175 -0.3211
vn -0.9265 -0.1491 0.3455
vn -0.9142 -0.0946 -0.3940
vn -0.8937 -0.2038 -0.3998
vn -0.5187 -0.1022 0.8488
vn -0.9111 -0.0549 0.4085
vn -0.4857 -0.1880 0.8537
vn 0.5577 -0.2435 0.7935
vn -0.2280 -0.3616 0.9040
vn 0.6142 -0.3307 0.7166
vn -0.9142 -0.0946 -0.3941
vn -0.2599 -0.1575 -0.9527
vn -0.3142 -0.2043 -0.9271
vn 0.4464 -0.2115 -0.8695
vn -0.8936 -0.2038 -0.3998
vn -0.4156 -0.0000 -0.9095
vn -0.2598 -0.1574 -0.9527
vn 0.4469 -0.0392 -0.8937
vn 0.4465 -0.2115 -0.8695
vn 0.8973 -0.0866 -0.4329
vn -0.2279 -0.3616 0.9040
vn -0.7929 -0.1570 0.5888
vn -0.4856 -0.1880 0.8537
vn -0.9265 -0.1492 0.3455
vn -0.9602 -0.1496 0.2361
vn 0.9404 0.0470 0.3369
vn 0.9141 0.1654 0.3703
vn 0.9339 0.1177 -0.3375
vn 0.9030 0.2199 -0.3690
vn 0.4327 0.1495 -0.8890
vn 0.4229 0.2271 -0.8772
vn -0.3847 0.1492 -0.9109
vn -0.3848 0.1492 -0.9109
vn 0.4327 0.1495 -0.8891
vn 0.8973 -0.0865 -0.4329
vn 0.9855 -0.1576 -0.0631
vn 0.9339 -0.1177 0.3375
vn 0.9515 -0.1651 0.2595
vn 0.5724 -0.0862 0.8154
vn -0.9111 -0.0550 0.4084
vn 0.5109 -0.0708 0.8567
vn 0.6142 -0.3307 0.7165
vn 0.5578 -0.2436 0.7934
vn 0.9403 0.0470 0.3370
vn -0.9820 -0.0079 0.1886
vn -0.7473 0.0708 -0.6607
vn -0.9653 0.2197 0.1413
vn 0.7777 0.0157 -0.6284
vn 0.0079 0.0236 -0.9997
vn 0.2915 -0.0788 -0.9533
vn -0.4082 0.4239 0.8085
vn -0.9820 -0.0078 0.1886
vn -0.7021 0.5522 0.4497
vn -0.9567 0.2823 0.0706
vn -0.9837 0.0866 0.1574
vn -0.7715 0.1338 -0.6219
vn -0.8497 -0.0000 -0.5272
vn 0.0157 0.2664 -0.9637
vn 0.7769 0.1099 -0.6200
vn -0.0157 0.0393 -0.9991
vn 0.8631 0.2747 -0.4237
vn 0.0156 0.2664 -0.9637
vn 0.7777 0.0157 -0.6285
vn 0.0157 0.1260 -0.9919
vn 0.0078 0.0236 -0.9997
vn -0.7473 0.0708 -0.6608
vn -0.6132 -0.0786 -0.7860
vn 0.7769 0.1098 -0.6199
vn 0.8632 0.2746 -0.4237
vn 0.9712 0.1723 -0.1645
vn 0.8863 0.4549 0.0863
vn -0.9653 0.2198 0.1413
vn -0.5094 0.6427 0.5722
vn 0.3466 0.7088 0.6143
vn 0.5903 0.3228 0.7398
vn 0.9198 0.3301 0.2122
vn 0.9873 0.0548 0.1489
vn 0.9102 -0.0706 -0.4081
vn 0.4472 -0.1177 0.8866
vn 0.8497 0.0079 0.5272
vn 0.4148 -0.0626 0.9078
vn -0.4628 0.0157 0.8863
vn 0.2974 -0.0000 0.9548
vn -0.4098 -0.1576 0.8984
vn -0.4000 -0.1098 0.9099
vn -0.9012 -0.0940 0.4232
vn -0.8989 -0.0156 0.4378
vn -0.3988 -0.0626 -0.9149
vn -0.6131 -0.0786 -0.7861
vn -0.9499 -0.1335 -0.2826
vn -0.9820 -0.0079 0.1885
vn -0.9205 -0.1652 0.3540
vn 0.9562 0.0784 -0.2822
vn 0.9788 -0.0235 -0.2036
vn 0.4869 -0.0550 -0.8717
vn 0.9102 -0.0706 -0.4080
vn -0.9895 0.0314 -0.1413
vn -0.9602 -0.1495 0.2361
vn -0.9398 -0.1175 -0.3210
vn 0.5903 0.3227 0.7399
vn -0.4081 0.4239 0.8086
vn -0.9205 -0.1652 0.3541
vn 0.8585 -0.0315 0.5119
vn 0.9051 -0.0158 0.4250
vn 0.2281 0.1101 -0.9674
vn -0.6283 0.0236 -0.7776
vn -0.9593 -0.0629 -0.2752
vn -0.9012 -0.0940 0.4231
vn -0.8990 -0.0156 0.4377
vn -0.9611 0.0158 -0.2757
vn -0.5248 0.0940 -0.8460
vn 0.3148 0.1967 -0.9286
vn 0.9333 0.2117 -0.2902
vn 0.5578 -0.2435 0.7935
vn 0.4082 0.0628 0.9107
vn -0.4856 -0.1879 0.8538
vn -0.5209 -0.0473 0.8523
vn -0.8942 -0.0235 0.4471
vn 0.3705 0.1104 0.9223
vn 0.8660 0.2204 0.4488
vn 0.9140 0.1655 0.3704
vn 0.9241 0.2741 -0.2663
vn 0.9030 0.2199 -0.3691
vn 0.4092 0.2361 -0.8814
vn -0.5162 0.1408 -0.8448
vn -0.9895 0.0314 -0.1414
vn -0.4090 -0.0157 0.9124
vn 0.8557 0.0864 0.5102
vn 0.3381 -0.1022 0.9356
vn -0.4173 -0.1417 0.8976
vn -0.6514 -0.4787 -0.5886
vn -0.9157 0.3789 0.1342
vn -0.9712 0.1723 -0.1644
vn 0.0470 -0.5322 -0.8453
vn -0.7480 -0.6614 0.0551
vn 0.9837 0.0865 0.1574
vn 0.9975 -0.0315 0.0628
vn 0.5906 -0.7088 -0.3858
vn 0.0469 -0.5322 -0.8453
vn 0.7020 0.5522 0.4496
vn -0.4729 0.7881 0.3941
vn 0.2197 0.9182 0.3296
vn -0.5428 0.5978 0.5899
vn -0.5447 0.7737 0.3237
vn 0.0157 0.0394 -0.9991
vn -0.5638 -0.8222 -0.0782
vn 0.4323 -0.2279 0.8725
vn -0.7303 -0.4869 0.4791
vn 0.4970 -0.8678 -0.0000
vn -0.5745 -0.8184 -0.0157
vn 0.6112 -0.7914 0.0078
vn 0.4634 -0.8641 0.1964
vn -0.5638 -0.8222 -0.0783
vn 0.5906 -0.7087 -0.3859
vn -0.6514 -0.4788 -0.5886
vn 0.9786 0.1331 0.1566
vn 0.3154 0.6387 0.7018
vn -0.7304 -0.4869 0.4790
vn 0.9707 -0.0783 0.2270
vn 0.9588 -0.0707 -0.2750
vn 0.9588 -0.0707 -0.2751
vn 0.9142 -0.0945 -0.3940
vn -0.4393 -0.0863 0.8942
vn -0.9091 -0.1411 0.3919
vn -0.9920 -0.0000 -0.1259
vn -0.4788 -0.1962 -0.8557
vn 0.3143 -0.2043 -0.9271
vn 0.6915 -0.1022 0.7151
vn 0.2589 -0.0471 0.9648
vn 0.1735 -0.1183 0.9777
vn -0.4486 -0.1889 0.8736
vn -0.5723 -0.0863 0.8155
vn -0.9066 -0.2286 0.3547
vn -0.9515 -0.1652 0.2595
vn -0.9553 -0.2506 -0.1566
vn -0.9855 -0.1577 -0.0631
vn -0.7993 -0.2272 -0.5564
vn -0.4465 -0.2115 -0.8694
vn 0.6530 -0.0551 0.7553
vn 0.9469 -0.0235 0.3208
vn 0.9157 0.3789 0.1342
vn 0.5745 -0.8184 -0.0158
vn 0.7480 -0.6614 0.0552
vn 0.6514 -0.4787 -0.5886
vn -0.0470 -0.5322 -0.8453
vn 0.9712 0.1723 -0.1644
vn -0.9837 0.0865 0.1574
vn -0.9975 -0.0315 0.0628
vn -0.5906 -0.7088 -0.3859
vn -0.0469 -0.5322 -0.8453
vn -0.0158 0.0393 -0.9991
vn -0.2197 0.9182 0.3296
vn 0.4729 0.7881 0.3941
vn -0.7021 0.5522 0.4496
vn 0.5447 0.7737 0.3237
vn 0.5428 0.5978 0.5900
vn 0.5638 -0.8222 -0.0784
vn 0.6514 -0.4788 -0.5886
vn -0.5906 -0.7087 -0.3859
vn 0.5638 -0.8222 -0.0783
vn -0.4634 -0.8641 0.1964
vn 0.7480 -0.6614 0.0551
vn -0.6112 -0.7914 0.0078
vn 0.5745 -0.8184 -0.0157
vn -0.4970 -0.8678 -0.0000
vn 0.7303 -0.4869 0.4791
vn -0.4324 -0.2279 0.8724
vn -0.9787 0.1331 0.1566
vn -0.4323 -0.2279 0.8724
vn -0.3154 0.6387 0.7018
vn 0.7993 -0.2272 -0.5564
vn 0.8973 -0.0866 -0.4328
vn 0.4465 -0.2115 -0.8694
vn -0.9707 -0.0783 0.2270
vn -0.9469 -0.0235 0.3208
vn -0.9707 -0.0783 -0.2270
vn -0.9588 -0.0708 -0.2751
vn -0.9588 -0.0707 -0.2750
vn -0.9142 -0.0945 -0.3941
vn 0.9092 -0.1411 0.3918
vn 0.4393 -0.0863 0.8942
vn -0.3143 -0.2043 -0.9271
vn 0.4788 -0.1962 -0.8557
vn -0.2589 -0.0471 0.9648
vn -0.6915 -0.1022 0.7151
vn 0.9855 -0.1577 -0.0631
vn 0.9553 -0.2506 -0.1566
vn 0.9515 -0.1652 0.2595
vn 0.9066 -0.2286 0.3547
vn 0.5723 -0.0863 0.8155
vn 0.4486 -0.1889 0.8736
vn -0.1735 -0.1183 0.9777
vn -0.6530 -0.0551 0.7553
vn 0.8160 -0.1804 -0.5492
vt 0.987183 0.128601
vt 0.907074 0.185822
vt 0.987183 0.219971
vt 0.699554 0.295074
vt 0.829163 0.355652
vt 0.698975 0.355652
vt 0.913696 0.580414
vt 0.987183 0.620453
vt 0.913696 0.681061
vt 0.907074 0.012299
vt 0.987183 0.038391
vt 0.907074 0.069458
vt 0.689362 0.774261
vt 0.668243 0.652344
vt 0.689362 0.565887
vt 0.668243 0.542969
vt 0.913696 0.739899
vt 0.987183 0.739899
vt 0.987183 0.673889
vt 0.808990 0.633789
vt 0.808990 0.739899
vt 0.698029 0.739899
vt 0.698029 0.608337
vt 0.697296 0.487213
vt 0.829010 0.487396
vt 0.913696 0.457581
vt 0.987183 0.526184
vt 0.812500 0.198914
vt 0.818481 0.295349
vt 0.913696 0.260803
vt 0.913696 0.347778
vt 0.987183 0.327393
vt 0.987183 0.414154
vt 0.699554 0.012299
vt 0.810211 0.096344
vt 0.699554 0.152252
vt 0.987183 0.067993
vt 0.987701 0.011871
vt 0.987183 0.573212
vt 0.806732 0.012299
vt 0.808990 0.562592
vt 0.794830 0.487305
vt 0.591522 0.774261
vt 0.571594 0.691406
vt 0.571594 0.746094
vt 0.571594 0.566406
vt 0.571594 0.636719
vt 0.602936 0.636719
vt 0.571594 0.485046
vt 0.620605 0.566406
vt 0.629242 0.647675
vt 0.689362 0.407837
vt 0.668243 0.326538
vt 0.660187 0.407837
vt 0.597015 0.774261
vt 0.598206 0.691406
vt 0.608826 0.774261
vt 0.636322 0.774261
vt 0.648956 0.562500
vt 0.654602 0.471252
vt 0.571594 0.199219
vt 0.571594 0.113281
vt 0.601471 0.121094
vt 0.597015 0.058594
vt 0.628479 0.058594
vt 0.624542 0.136719
vt 0.598663 0.207031
vt 0.625092 0.214844
vt 0.597595 0.276093
vt 0.628143 0.281250
vt 0.636322 0.324219
vt 0.636139 0.407837
vt 0.668243 0.774261
vt 0.668243 0.011414
vt 0.668243 0.152344
vt 0.689362 0.144531
vt 0.668243 0.222656
vt 0.689362 0.217438
vt 0.689362 0.329865
vt 0.604889 0.011414
vt 0.579590 0.055328
vt 0.568817 0.011414
vt 0.571594 0.058594
vt 0.571594 0.323120
vt 0.572052 0.271790
vt 0.339844 0.011414
vt 0.378906 0.011414
vt 0.339844 0.082031
vt 0.285156 0.011414
vt 0.222656 0.097656
vt 0.222656 0.011414
vt 0.160156 0.097656
vt 0.167969 0.011414
vt 0.113281 0.089844
vt 0.121094 0.011414
vt 0.066406 0.082031
vt 0.074219 0.011414
vt 0.012573 0.082031
vt 0.012573 0.011414
vt 0.551300 0.011505
vt 0.551300 0.082092
vt 0.496094 0.011414
vt 0.496094 0.089844
vt 0.425781 0.011414
vt 0.425781 0.089844
vt 0.378906 0.082031
vt 0.571594 0.424561
vt 0.689362 0.011414
vt 0.144531 0.339844
vt 0.066406 0.277344
vt 0.144531 0.277344
vt 0.146942 0.430450
vt 0.116150 0.380432
vt 0.089844 0.433594
vt 0.012573 0.410156
vt 0.012573 0.363281
vt 0.199219 0.339844
vt 0.193268 0.423187
vt 0.425781 0.167969
vt 0.496094 0.167969
vt 0.496094 0.277344
vt 0.551300 0.277405
vt 0.551300 0.363342
vt 0.269531 0.402344
vt 0.192932 0.446686
vt 0.238281 0.386719
vt 0.141815 0.453918
vt 0.082031 0.386719
vt 0.012573 0.277344
vt 0.199219 0.277344
vt 0.371094 0.269531
vt 0.417969 0.277344
vt 0.496094 0.394531
vt 0.551300 0.410217
vt 0.496094 0.441406
vt 0.417969 0.449219
vt 0.416107 0.404755
vt 0.363892 0.455780
vt 0.363892 0.407623
vt 0.269531 0.464844
vt 0.316406 0.269531
vt 0.261719 0.277344
vt 0.946014 0.966888
vt 0.985077 0.953583
vt 0.980011 0.979462
vt 0.504974 0.916199
vt 0.463318 0.754028
vt 0.561340 0.776398
vt 0.107147 0.860352
vt 0.098175 0.916199
vt 0.012085 0.916199
vt 0.560486 0.916199
vt 0.423157 0.743835
vt 0.441437 0.842102
vt 0.384918 0.916199
vt 0.012115 0.776398
vt 0.929657 0.947815
vt 0.978333 0.880890
vt 0.987976 0.881195
vt 0.978333 0.860077
vt 0.444519 0.916199
vt 0.906647 0.885040
vt 0.925781 0.871185
vt 0.936707 0.881775
vt 0.978333 0.881775
vt 0.987976 0.860077
vt 0.196747 0.916199
vt 0.187347 0.872131
vt 0.293793 0.916199
vt 0.304504 0.834045
vt 0.348083 0.738373
vt 0.524689 0.637848
vt 0.478516 0.566559
vt 0.524597 0.565979
vt 0.177307 0.746735
vt 0.116211 0.757538
vt 0.115845 0.644531
vt 0.199219 0.480469
vt 0.144531 0.480469
vt 0.559937 0.567719
vt 0.559937 0.634766
vt 0.171234 0.644531
vt 0.260712 0.644531
vt 0.282349 0.743622
vt 0.344604 0.630585
vt 0.011932 0.634766
vt 0.012390 0.567719
vt 0.344604 0.566559
vt 0.412872 0.566559
vt 0.414948 0.632660
vt 0.472504 0.644531
vt 0.559937 0.513916
vt 0.519531 0.511169
vt 0.477814 0.511169
vt 0.403412 0.511169
vt 0.269531 0.497620
vt 0.203674 0.504303
vt 0.148987 0.504303
vt 0.085358 0.491058
vt 0.012573 0.481049
vt 0.262207 0.566559
vt 0.175385 0.566559
vt 0.101593 0.566528
vt 0.013245 0.513916
vt 0.363525 0.493744
vt 0.422424 0.490936
vt 0.496063 0.487610
vt 0.551300 0.474335
vt 0.089020 0.511200
vt 0.179413 0.511169
vt 0.266632 0.511169
vt 0.346191 0.511169
vt 0.980011 0.988556
vt 0.980011 0.966888
vt 0.988586 0.966888
vt 0.861023 0.966888
vt 0.988586 0.988556
vt 0.918915 0.988556
vt 0.941589 0.853790
vt 0.978333 0.828644
vt 0.987976 0.828644
vt 0.904633 0.931030
vt 0.886536 0.868256
vt 0.753906 0.959839
vt 0.873474 0.935455
vt 0.940948 0.988556
vt 0.721039 0.760803
vt 0.721039 0.823090
vt 0.767212 0.761688
vt 0.783813 0.823273
vt 0.860321 0.761688
vt 0.873596 0.822174
vt 0.901642 0.761688
vt 0.908295 0.822174
vt 0.971619 0.761688
vt 0.971619 0.822174
vt 0.987915 0.791931
vt 0.723328 0.838287
vt 0.824219 0.828644
vt 0.824219 0.841980
vt 0.886719 0.828644
vt 0.925781 0.828644
vt 0.749359 0.850922
vt 0.744385 0.977234
vt 0.861023 0.988556
vt 0.058594 0.175781
vt 0.012573 0.175781
vt 0.551300 0.175842
vt 0.285156 0.089844
vt 0.105469 0.191406
vt 0.152344 0.199219
vt 0.207031 0.199219
vt 0.277344 0.191406
vt 0.332031 0.183594
vt 0.378906 0.175781
s 1
usemtl texture130
f 1421/508/1110 1422/509/1111 1423/510/1112
f 1424/511/1113 1425/512/1114 1426/513/1115
f 1427/514/1116 1428/515/1117 1429/516/1118
f 1430/517/1119 1431/518/1120 1432/519/1121
f 1433/520/1122 1434/521/1123 1435/522/1124
f 1435/522/1124 1434/521/1123 1436/523/1125
f 1437/513/1126 1438/512/1127 1439/511/1128
f 1440/516/1129 1441/524/1130 1442/525/1131
f 1442/525/1131 1441/524/1130 1429/516/1118
f 1442/525/1131 1429/516/1118 1443/526/1132
f 1443/526/1132 1429/516/1118 1428/515/1117
f 1422/509/1111 1421/508/1110 1444/519/1133
f 1445/527/1134 1446/528/1135 1447/529/1136
f 1447/529/1136 1446/528/1135 1448/527/1137
f 1447/529/1136 1448/527/1137 1449/530/1138
f 1449/530/1138 1448/527/1137 1450/531/1139
f 1451/512/1140 1452/532/1141 1453/533/1142
f 1453/533/1142 1452/532/1141 1454/514/1143
f 1453/533/1142 1454/514/1143 1455/534/1144
f 1456/535/1145 1457/536/1146 1458/537/1147
f 1458/537/1147 1457/536/1146 1459/538/1148
f 1458/537/1147 1459/538/1148 1460/539/1149
f 1460/539/1149 1459/538/1148 1461/540/1150
f 1462/541/1151 1463/542/1152 1464/543/1153
f 1464/543/1153 1463/542/1152 1465/535/1154
f 1464/543/1153 1465/535/1154 1466/511/1113
f 1466/511/1113 1465/535/1154 1467/536/1155
f 1466/511/1113 1467/536/1155 1468/512/1114
f 1421/508/1110 1469/544/1156 1470/519/1133
f 1470/519/1133 1469/544/1156 1471/518/1157
f 1470/519/1133 1471/518/1157 1472/517/1119
f 1472/517/1119 1471/518/1157 1473/545/1158
f 1472/517/1119 1473/545/1158 1431/518/1120
f 1474/525/1159 1475/526/1160 1476/516/1161
f 1476/516/1161 1475/526/1160 1477/515/1162
f 1476/516/1161 1477/515/1162 1478/514/1163
f 1478/514/1163 1477/515/1162 1479/546/1164
f 1478/514/1163 1479/546/1164 1455/534/1165
f 1431/518/1166 1480/544/1167 1481/519/1121
f 1481/519/1121 1480/544/1167 1482/508/1168
f 1481/519/1121 1482/508/1168 1483/509/1169
f 1483/509/1169 1482/508/1168 1484/510/1170
f 1483/509/1169 1484/510/1170 1485/537/1171
f 1485/537/1171 1484/510/1170 1486/539/1172
f 1485/537/1171 1486/539/1172 1487/538/1173
f 1487/538/1173 1486/539/1172 1488/540/1174
f 1487/538/1173 1488/540/1174 1489/533/1175
f 1489/533/1175 1488/540/1174 1490/534/1176
f 1489/533/1175 1490/534/1176 1491/514/1177
f 1491/514/1177 1490/534/1176 1492/546/1178
f 1491/514/1177 1492/546/1178 1428/515/1117
f 1455/534/1144 1461/540/1150 1453/533/1142
f 1453/533/1142 1461/540/1150 1459/538/1148
f 1453/533/1142 1459/538/1148 1493/512/1140
f 1493/512/1140 1459/538/1148 1457/536/1146
f 1493/512/1140 1457/536/1146 1439/511/1128
f 1439/511/1128 1457/536/1146 1494/535/1179
f 1439/511/1128 1494/535/1179 1495/543/1180
f 1495/543/1180 1494/535/1179 1496/542/1181
f 1495/543/1180 1496/542/1181 1497/541/1182
f 1497/541/1182 1496/542/1181 1498/547/1183
f 1497/541/1182 1498/547/1183 1499/542/1184
f 1460/539/1149 1423/510/1112 1458/537/1147
f 1458/537/1147 1423/510/1112 1422/509/1111
f 1458/537/1147 1422/509/1111 1456/535/1145
f 1456/535/1145 1422/509/1111 1444/519/1133
f 1456/535/1145 1444/519/1133 1500/542/1185
f 1500/542/1185 1444/519/1133 1430/517/1119
f 1500/542/1185 1430/517/1119 1498/547/1183
f 1498/547/1183 1430/517/1119 1432/519/1121
f 1498/547/1183 1432/519/1121 1499/542/1184
f 1499/542/1184 1432/519/1121 1501/509/1169
f 1499/542/1184 1501/509/1169 1502/535/1186
f 1502/535/1186 1501/509/1169 1503/537/1187
f 1502/535/1186 1503/537/1187 1467/536/1155
f 1467/536/1155 1503/537/1187 1504/538/1188
f 1467/536/1155 1504/538/1188 1468/512/1114
f 1468/512/1114 1504/538/1188 1505/533/1175
f 1468/512/1114 1505/533/1175 1506/532/1189
f 1506/532/1189 1505/533/1175 1427/514/1177
f 1506/532/1189 1427/514/1177 1507/548/1190
f 1507/548/1190 1427/514/1177 1508/516/1118
f 1507/548/1190 1508/516/1118 1509/527/1191
f 1509/527/1191 1508/516/1118 1510/524/1192
f 1509/527/1191 1510/524/1192 1511/528/1135
f 1511/528/1135 1510/524/1192 1512/516/1161
f 1511/528/1135 1512/516/1161 1513/527/1193
f 1513/527/1193 1512/516/1161 1454/514/1143
f 1513/527/1193 1454/514/1143 1514/548/1194
f 1514/548/1194 1454/514/1143 1515/532/1195
f 1514/548/1194 1515/532/1195 1516/549/1196
f 1517/550/1197 1518/551/1198 1519/552/1199
f 1520/551/1200 1521/550/1201 1522/552/1202
f 1523/553/1203 1524/554/1204 1525/555/1205
f 1526/556/1206 1523/553/1207 1527/557/1208
f 1527/557/1208 1523/553/1207 1528/555/1205
f 1527/557/1208 1528/555/1205 1529/558/1209
f 1530/559/1210 1531/560/1211 1532/561/1212
f 1533/562/1213 1534/550/1201 1535/563/1214
f 1535/563/1214 1534/550/1201 1536/551/1215
f 1535/563/1214 1536/551/1215 1537/555/1216
f 1537/555/1216 1536/551/1215 1538/554/1217
f 1537/555/1216 1538/554/1217 1539/553/1218
f 1540/529/1136 1541/530/1219 1542/527/1191
f 1542/527/1191 1541/530/1219 1543/531/1220
f 1542/527/1191 1543/531/1220 1544/548/1190
f 1544/548/1190 1543/531/1220 1545/549/1221
f 1544/548/1190 1545/549/1221 1546/532/1222
f 1547/551/1223 1548/550/1224 1549/563/1225
f 1549/563/1225 1548/550/1224 1550/562/1213
f 1549/563/1225 1550/562/1213 1551/564/1226
f 1551/564/1226 1550/562/1213 1552/563/1227
f 1551/564/1226 1552/563/1227 1553/558/1228
f 1553/558/1228 1552/563/1227 1554/555/1229
f 1553/558/1228 1554/555/1229 1555/557/1230
f 1555/557/1230 1554/555/1229 1556/553/1231
f 1555/557/1230 1556/553/1231 1557/556/1232
f 1524/554/1204 1558/551/1233 1525/555/1205
f 1525/555/1205 1558/551/1233 1559/563/1234
f 1525/555/1205 1559/563/1234 1560/558/1209
f 1560/558/1209 1559/563/1234 1561/564/1235
f 1560/558/1209 1561/564/1235 1562/565/1236
f 1562/565/1236 1561/564/1235 1563/558/1228
f 1562/565/1236 1563/558/1228 1564/521/1123
f 1564/521/1123 1563/558/1228 1565/566/1237
f 1564/521/1123 1565/566/1237 1566/523/1125
f 1566/523/1125 1565/566/1237 1567/567/1238
f 1566/523/1125 1567/567/1238 1568/522/1239
f 1568/522/1239 1567/567/1238 1569/559/1240
f 1570/568/1241 1571/569/1242 1572/570/1243
f 1572/570/1243 1571/569/1242 1573/571/1244
f 1572/570/1243 1573/571/1244 1574/572/1245
f 1574/572/1245 1573/571/1244 1575/570/1246
f 1574/572/1245 1575/570/1246 1576/573/1247
f 1576/573/1247 1575/570/1246 1577/574/1248
f 1576/573/1247 1577/574/1248 1578/575/1249
f 1578/575/1249 1577/574/1248 1579/576/1250
f 1578/575/1249 1579/576/1250 1580/577/1251
f 1580/577/1251 1579/576/1250 1581/578/1252
f 1580/577/1251 1581/578/1252 1582/560/1253
f 1582/560/1253 1581/578/1252 1583/579/1254
f 1582/560/1253 1583/579/1254 1584/561/1255
f 1584/561/1255 1583/579/1254 1585/567/1256
f 1584/561/1255 1585/567/1256 1586/559/1210
f 1586/559/1210 1585/567/1256 1587/522/1257
f 1588/520/1122 1589/580/1258 1590/521/1123
f 1591/580/1258 1592/520/1259 1593/521/1260
f 1593/521/1260 1592/520/1259 1594/522/1257
f 1593/521/1260 1594/522/1257 1595/523/1261
f 1595/523/1261 1594/522/1257 1596/567/1256
f 1595/523/1261 1596/567/1256 1597/566/1262
f 1598/531/1263 1599/548/1194 1600/549/1196
f 1601/548/1194 1602/531/1139 1603/527/1193
f 1604/581/1264 1605/582/1265 1606/583/1266
f 1606/583/1266 1605/582/1265 1607/584/1267
f 1606/583/1266 1607/584/1267 1608/585/1268
f 1608/585/1268 1607/584/1267 1609/560/1269
f 1608/585/1268 1609/560/1269 1610/586/1270
f 1610/586/1270 1609/560/1269 1611/559/1210
f 1612/587/1271 1613/588/1272 1614/589/1273
f 1615/587/1274 1616/571/1244 1617/588/1201
f 1617/588/1201 1616/571/1244 1618/569/1275
f 1617/588/1201 1618/569/1275 1619/590/1276
f 1620/591/1277 1621/576/1278 1622/578/1279
f 1622/578/1279 1621/576/1278 1623/577/1280
f 1622/578/1279 1623/577/1280 1624/560/1281
f 1624/560/1281 1623/577/1280 1625/584/1282
f 1624/560/1281 1625/584/1282 1626/585/1283
f 1626/585/1283 1625/584/1282 1627/582/1284
f 1626/585/1283 1627/582/1284 1628/583/1285
f 1628/583/1285 1627/582/1284 1629/581/1264
f 1630/591/1286 1631/592/1287 1632/576/1288
f 1632/576/1288 1631/592/1287 1633/568/1289
f 1632/576/1288 1633/568/1289 1634/574/1290
f 1634/574/1290 1633/568/1289 1635/570/1291
f 1634/574/1290 1635/570/1291 1636/573/1292
f 1636/573/1292 1635/570/1291 1637/572/1245
f 1636/573/1292 1637/572/1245 1629/581/1264
f 1629/581/1264 1637/572/1245 1638/573/1247
f 1629/581/1264 1638/573/1247 1639/582/1293
f 1639/582/1293 1638/573/1247 1640/575/1294
f 1639/582/1293 1640/575/1294 1641/584/1295
f 1641/584/1295 1640/575/1294 1642/577/1296
f 1641/584/1295 1642/577/1296 1643/560/1269
f 1644/569/1297 1645/588/1197 1646/590/1199
f 1647/593/1298 1648/594/1299 1649/595/1300
f 1650/523/1261 1651/566/1262 1652/521/1260
f 1653/596/1301 1654/597/1302 1655/598/1303
f 1655/598/1303 1654/597/1302 1656/599/1304
f 1655/598/1303 1656/599/1304 1657/600/1305
f 1657/600/1305 1656/599/1304 1658/601/1306
f 1657/600/1305 1658/601/1306 1659/602/1204
f 1659/602/1204 1658/601/1306 1660/603/1307
f 1659/602/1204 1660/603/1307 1661/604/1198
f 1661/604/1198 1660/603/1307 1662/605/1308
f 1661/604/1198 1662/605/1308 1663/606/1199
f 1664/607/1309 1665/608/1310 1666/609/1297
f 1666/609/1297 1665/608/1310 1667/610/1311
f 1666/609/1297 1667/610/1311 1668/611/1312
f 1668/611/1312 1667/610/1311 1669/612/1313
f 1668/611/1312 1669/612/1313 1670/594/1314
f 1670/594/1314 1669/612/1313 1671/613/1315
f 1670/594/1314 1671/613/1315 1672/595/1300
f 1673/576/1316 1674/574/1317 1675/568/1318
f 1675/568/1318 1674/574/1317 1676/570/1319
f 1675/568/1318 1676/570/1319 1644/569/1297
f 1644/569/1297 1676/570/1319 1677/571/1244
f 1644/569/1297 1677/571/1244 1645/588/1197
f 1645/588/1197 1677/571/1244 1678/587/1320
f 1645/588/1197 1678/587/1320 1679/589/1213
f 1680/568/1312 1681/592/1321 1682/576/1250
f 1682/576/1250 1681/592/1321 1683/591/1298
f 1682/576/1250 1683/591/1298 1684/578/1252
f 1684/578/1252 1683/591/1298 1685/614/1322
f 1684/578/1252 1685/614/1322 1686/579/1254
f 1686/579/1254 1685/614/1322 1687/556/1206
f 1686/579/1254 1687/556/1206 1688/567/1323
f 1688/567/1323 1687/556/1206 1689/557/1208
f 1688/567/1323 1689/557/1208 1690/566/1324
f 1690/566/1324 1689/557/1208 1691/558/1209
f 1690/566/1324 1691/558/1209 1692/521/1325
f 1692/521/1325 1691/558/1209 1693/565/1326
f 1694/579/1327 1695/560/1328 1696/561/1329
f 1697/560/1330 1698/579/1331 1699/578/1332
f 1699/578/1332 1698/579/1331 1700/614/1333
f 1699/578/1332 1700/614/1333 1701/591/1334
f 1702/556/1232 1703/567/1335 1704/557/1230
f 1704/557/1230 1703/567/1335 1705/566/1336
f 1704/557/1230 1705/566/1336 1706/558/1337
f 1707/585/1338 1708/586/1339 1695/560/1328
f 1695/560/1328 1708/586/1339 1709/559/1340
f 1695/560/1328 1709/559/1340 1696/561/1329
f 1696/561/1329 1709/559/1340 1710/567/1238
f 1696/561/1329 1710/567/1238 1694/579/1327
f 1694/579/1327 1710/567/1238 1711/556/1232
f 1694/579/1327 1711/556/1232 1712/614/1333
f 1713/575/1341 1714/584/1342 1715/577/1343
f 1716/595/1344 1717/594/1345 1718/593/1277
f 1715/577/1343 1719/576/1278 1713/575/1341
f 1713/575/1341 1719/576/1278 1720/574/1290
f 1713/575/1341 1720/574/1290 1721/573/1346
f 1714/584/1342 1713/575/1341 1722/582/1284
f 1722/582/1284 1713/575/1341 1721/573/1346
f 1722/582/1284 1721/573/1346 1723/581/1264
f 1724/606/1202 1725/605/1347 1726/604/1200
f 1726/604/1200 1725/605/1347 1727/603/1348
f 1726/604/1200 1727/603/1348 1728/602/1217
f 1728/602/1217 1727/603/1348 1729/601/1349
f 1728/602/1217 1729/601/1349 1730/600/1350
f 1730/600/1350 1729/601/1349 1731/599/1351
f 1730/600/1350 1731/599/1351 1732/598/1352
f 1732/598/1352 1731/599/1351 1733/597/1353
f 1732/598/1352 1733/597/1353 1734/596/1333
f 1735/595/1344 1736/613/1354 1737/594/1355
f 1737/594/1355 1736/613/1354 1738/612/1356
f 1737/594/1355 1738/612/1356 1739/611/1241
f 1739/611/1241 1738/612/1356 1740/610/1357
f 1739/611/1241 1740/610/1357 1741/609/1242
f 1741/609/1242 1740/610/1357 1742/608/1358
f 1741/609/1242 1742/608/1358 1743/607/1276
f 1744/580/1258 1745/565/1326 1746/521/1123
f 1747/583/1359 1748/615/1360 1749/581/1264
f 1749/581/1264 1748/615/1360 1750/583/1285
f 1745/565/1326 1744/580/1258 1751/521/1325
f 1752/616/1361 1753/617/1362 1754/618/1363
f 1755/616/1361 1756/619/1364 1757/620/1365
f 1758/621/1366 1759/622/1367 1760/623/1368
f 1761/624/1369 1762/625/1370 1756/619/1364
f 1763/617/1371 1764/616/1361 1757/620/1365
f 1765/626/1372 1766/627/1373 1767/628/1374
f 1767/628/1374 1766/627/1373 1768/629/1375
f 1767/628/1374 1768/629/1375 1769/630/1368
f 1770/631/1376 1771/632/1377 1772/633/1378
f 1773/634/1379 1774/621/1380 1775/635/1381
f 1775/635/1381 1774/621/1380 1776/623/1382
f 1775/635/1381 1776/623/1382 1777/636/1383
f 1778/619/1384 1755/616/1361 1779/624/1385
f 1779/624/1385 1755/616/1361 1780/618/1363
f 1779/624/1385 1780/618/1363 1781/637/1386
f 1782/638/1387 1783/626/1388 1784/639/1389
f 1784/639/1389 1783/626/1388 1785/628/1390
f 1784/639/1389 1785/628/1390 1786/640/1391
f 1786/640/1391 1785/628/1390 1769/630/1368
f 1786/640/1391 1769/630/1368 1787/641/1367
f 1788/642/1392 1789/643/1393 1790/644/1394
f 1790/644/1394 1789/643/1393 1791/645/1395
f 1790/644/1394 1791/645/1395 1792/646/1396
f 1792/646/1396 1791/645/1395 1793/647/1397
f 1792/646/1396 1793/647/1397 1794/631/1398
f 1795/641/1399 1796/642/1400 1797/640/1401
f 1797/640/1401 1796/642/1400 1798/644/1402
f 1797/640/1401 1798/644/1402 1799/639/1389
f 1799/639/1389 1798/644/1402 1800/646/1396
f 1799/639/1389 1800/646/1396 1801/638/1403
f 1801/638/1403 1800/646/1396 1802/631/1398
f 1801/638/1403 1802/631/1398 1803/648/1404
f 1803/648/1404 1802/631/1398 1804/633/1378
f 1803/648/1404 1804/633/1378 1805/649/1405
f 1806/637/1406 1807/649/1405 1761/624/1369
f 1761/624/1369 1807/649/1405 1808/633/1407
f 1761/624/1369 1808/633/1407 1762/625/1370
f 1762/625/1370 1808/633/1407 1809/632/1408
f 1762/625/1370 1809/632/1408 1756/619/1364
f 1756/619/1364 1809/632/1408 1810/634/1379
f 1756/619/1364 1810/634/1379 1757/620/1365
f 1757/620/1365 1810/634/1379 1811/635/1409
f 1757/620/1365 1811/635/1409 1812/617/1410
f 1812/617/1410 1811/635/1409 1813/636/1375
f 1814/650/1411 1815/651/1412 1816/652/1413
f 1817/653/1414 1818/654/1415 1819/655/1416
f 1820/656/1417 1821/657/1418 1822/658/1419
f 1823/659/1419 1824/653/1414 1825/655/1420
f 1826/660/1421 1827/661/1422 1828/662/1423
f 1822/658/1424 1829/663/1425 1830/656/1426
f 1831/651/1412 1832/650/1427 1833/664/1428
f 1834/665/1429 1835/666/1430 1836/667/1431
f 1837/654/1415 1838/653/1432 1839/661/1433
f 1839/661/1433 1838/653/1432 1840/668/1434
f 1839/661/1433 1840/668/1434 1841/662/1423
f 1842/669/1435 1843/670/1436 1844/671/1437
f 1844/671/1437 1843/670/1436 1845/667/1438
f 1844/671/1437 1845/667/1438 1846/672/1439
f 1846/672/1439 1845/667/1438 1847/673/1440
f 1846/672/1439 1847/673/1440 1848/666/1441
f 1849/657/1418 1850/656/1426 1851/674/1442
f 1851/674/1442 1850/656/1426 1852/675/1443
f 1851/674/1442 1852/675/1443 1853/676/1444
f 1853/676/1444 1852/675/1443 1854/677/1445
f 1853/676/1444 1854/677/1445 1855/662/1446
f 1855/662/1446 1854/677/1445 1856/678/1447
f 1855/662/1446 1856/678/1447 1857/660/1421
f 1858/679/1448 1859/680/1449 1860/681/1450
f 1861/682/1451 1862/683/1452 1863/684/1453
f 1864/632/1454 1865/685/1455 1866/634/1456
f 1866/634/1456 1865/685/1455 1867/686/1457
f 1866/634/1456 1867/686/1457 1868/621/1458
f 1860/681/1450 1869/687/1459 1858/679/1448
f 1858/679/1448 1869/687/1459 1870/688/1460
f 1858/679/1448 1870/688/1460 1871/655/1416
f 1863/684/1453 1872/689/1461 1861/682/1451
f 1861/682/1451 1872/689/1461 1873/690/1462
f 1861/682/1451 1873/690/1462 1874/691/1463
f 1874/691/1463 1873/690/1462 1875/692/1464
f 1874/691/1463 1875/692/1464 1876/678/1447
f 1876/678/1447 1877/677/1465 1874/691/1463
f 1874/691/1463 1877/677/1465 1878/675/1466
f 1874/691/1463 1878/675/1466 1861/682/1451
f 1861/682/1451 1878/675/1466 1879/656/1467
f 1861/682/1451 1879/656/1467 1862/683/1452
f 1862/683/1452 1879/656/1467 1880/663/1468
f 1862/683/1452 1880/663/1468 1863/684/1453
f 1863/684/1453 1880/663/1468 1881/693/1469
f 1863/684/1453 1881/693/1469 1882/694/1470
f 1883/695/1471 1884/696/1472 1885/697/1473
f 1885/697/1473 1884/696/1472 1886/698/1474
f 1885/697/1473 1886/698/1474 1887/660/1421
f 1887/660/1421 1886/698/1474 1888/654/1415
f 1887/660/1421 1888/654/1415 1889/661/1422
f 1890/699/1475 1869/687/1459 1891/700/1476
f 1891/700/1476 1869/687/1459 1860/681/1450
f 1891/700/1476 1860/681/1450 1892/701/1477
f 1892/701/1477 1860/681/1450 1859/680/1449
f 1892/701/1477 1859/680/1449 1893/702/1478
f 1894/703/1479 1895/704/1480 1865/685/1455
f 1865/685/1455 1895/704/1480 1896/705/1481
f 1865/685/1455 1896/705/1481 1867/686/1457
f 1867/686/1457 1896/705/1481 1897/706/1482
f 1867/686/1457 1897/706/1482 1868/621/1458
f 1868/621/1458 1897/706/1482 1898/707/1483
f 1868/621/1458 1898/707/1483 1899/622/1484
f 1887/660/1421 1876/678/1447 1885/697/1473
f 1885/697/1473 1876/678/1447 1875/692/1464
f 1885/697/1473 1875/692/1464 1883/695/1471
f 1883/695/1471 1875/692/1464 1873/690/1462
f 1883/695/1471 1873/690/1462 1900/708/1485
f 1900/708/1485 1873/690/1462 1872/689/1461
f 1900/708/1485 1872/689/1461 1901/709/1486
f 1901/709/1486 1872/689/1461 1863/684/1453
f 1901/709/1486 1863/684/1453 1902/710/1487
f 1902/710/1487 1863/684/1453 1882/694/1470
f 1902/710/1487 1882/694/1470 1903/711/1488
f 1864/632/1454 1904/631/1489 1865/685/1455
f 1865/685/1455 1904/631/1489 1905/647/1490
f 1865/685/1455 1905/647/1490 1894/703/1479
f 1894/703/1479 1905/647/1490 1906/645/1491
f 1894/703/1479 1906/645/1491 1907/712/1492
f 1907/712/1492 1906/645/1491 1908/643/1493
f 1907/712/1492 1908/643/1493 1909/713/1494
f 1909/713/1494 1908/643/1493 1910/642/1400
f 1909/713/1494 1910/642/1400 1911/714/1495
f 1911/714/1495 1910/642/1400 1912/641/1399
f 1911/714/1495 1912/641/1399 1913/715/1496
f 1903/711/1488 1914/716/1497 1902/710/1487
f 1902/710/1487 1914/716/1497 1915/717/1498
f 1902/710/1487 1915/717/1498 1901/709/1486
f 1901/709/1486 1915/717/1498 1916/718/1499
f 1901/709/1486 1916/718/1499 1900/708/1485
f 1900/708/1485 1916/718/1499 1917/719/1500
f 1900/708/1485 1917/719/1500 1883/695/1471
f 1883/695/1471 1917/719/1500 1893/702/1478
f 1883/695/1471 1893/702/1478 1884/696/1472
f 1884/696/1472 1893/702/1478 1859/680/1449
f 1884/696/1472 1859/680/1449 1886/698/1474
f 1886/698/1474 1859/680/1449 1858/679/1448
f 1886/698/1474 1858/679/1448 1888/654/1415
f 1888/654/1415 1858/679/1448 1871/655/1416
f 1918/618/1501 1919/616/1502 1920/624/1503
f 1921/640/1504 1922/642/1505 1923/641/1506
f 1924/635/1507 1925/636/1508 1926/623/1509
f 1927/616/1510 1928/618/1501 1929/617/1511
f 1930/634/1512 1931/632/1513 1932/619/1514
f 1932/619/1514 1931/632/1513 1933/625/1515
f 1934/630/1509 1935/629/1516 1936/628/1517
f 1936/628/1517 1935/629/1516 1937/627/1518
f 1936/628/1517 1937/627/1518 1938/626/1519
f 1939/641/1506 1940/630/1520 1941/640/1521
f 1941/640/1521 1940/630/1520 1942/628/1522
f 1941/640/1521 1942/628/1522 1943/639/1523
f 1943/639/1523 1942/628/1522 1944/626/1524
f 1943/639/1523 1944/626/1524 1945/638/1525
f 1946/619/1526 1947/620/1527 1948/634/1528
f 1948/634/1528 1947/620/1527 1949/635/1529
f 1948/634/1528 1949/635/1529 1950/621/1530
f 1950/621/1530 1949/635/1529 1926/623/1509
f 1950/621/1530 1926/623/1509 1951/622/1506
f 1952/631/1531 1953/647/1532 1954/646/1533
f 1954/646/1533 1953/647/1532 1955/645/1534
f 1954/646/1533 1955/645/1534 1956/644/1535
f 1956/644/1535 1955/645/1534 1957/643/1536
f 1956/644/1535 1957/643/1536 1958/642/1537
f 1959/642/1538 1960/640/1521 1961/644/1539
f 1961/644/1539 1960/640/1521 1962/639/1523
f 1961/644/1539 1962/639/1523 1963/646/1533
f 1963/646/1533 1962/639/1523 1945/638/1540
f 1963/646/1533 1945/638/1540 1964/631/1531
f 1964/631/1531 1945/638/1540 1965/648/1541
f 1964/631/1531 1965/648/1541 1966/633/1542
f 1966/633/1542 1965/648/1541 1967/649/1543
f 1966/633/1542 1967/649/1543 1968/624/1503
f 1968/624/1503 1967/649/1543 1969/637/1544
f 1968/624/1503 1969/637/1544 1970/618/1501
f 1971/636/1508 1972/635/1529 1973/617/1545
f 1973/617/1545 1972/635/1529 1974/620/1527
f 1973/617/1545 1974/620/1527 1975/616/1510
f 1975/616/1510 1974/620/1527 1976/619/1514
f 1975/616/1510 1976/619/1514 1920/624/1546
f 1920/624/1546 1976/619/1514 1977/625/1547
f 1920/624/1546 1977/625/1547 1978/633/1542
f 1978/633/1542 1977/625/1547 1979/632/1548
f 1978/633/1542 1979/632/1548 1980/631/1549
f 1981/655/1550 1982/653/1551 1983/659/1552
f 1984/662/1553 1985/661/1554 1986/660/1555
f 1987/656/1556 1988/663/1557 1989/658/1552
f 1990/669/1558 1991/671/1559 1992/670/1560
f 1992/670/1560 1991/671/1559 1993/672/1561
f 1992/670/1560 1993/672/1561 1994/667/1562
f 1994/667/1562 1993/672/1561 1995/666/1563
f 1996/667/1564 1997/673/1565 1998/665/1566
f 1998/665/1566 1997/673/1565 1999/666/1567
f 2000/662/1568 2001/668/1569 2002/661/1570
f 2002/661/1570 2001/668/1569 2003/653/1571
f 2002/661/1570 2003/653/1571 2004/654/1572
f 2004/654/1572 2003/653/1571 2005/655/1557
f 2006/652/1573 2007/651/1574 2008/650/1575
f 2008/650/1575 2007/651/1574 2009/664/1576
f 2010/658/1577 2011/657/1578 2012/656/1556
f 2012/656/1556 2011/657/1578 2013/674/1579
f 2012/656/1556 2013/674/1579 2014/675/1580
f 2014/675/1580 2013/674/1579 2015/676/1581
f 2014/675/1580 2015/676/1581 2016/677/1582
f 2016/677/1582 2015/676/1581 2017/662/1553
f 2016/677/1582 2017/662/1553 2018/678/1583
f 2018/678/1583 2017/662/1553 2019/660/1555
f 2020/689/1584 2021/708/1585 2022/709/1586
f 2023/683/1587 2024/682/1588 2025/684/1589
f 2025/684/1589 2024/682/1588 2020/689/1584
f 2020/689/1584 2022/709/1586 2025/684/1589
f 2025/684/1589 2022/709/1586 2026/710/1590
f 2025/684/1589 2026/710/1590 2027/694/1591
f 2027/694/1591 2026/710/1590 2028/711/1592
f 2029/698/1593 2030/654/1594 2031/679/1595
f 2031/679/1595 2030/654/1594 2032/655/1596
f 2031/679/1595 2032/655/1596 2033/688/1597
f 2034/695/1598 2035/692/1599 2036/697/1600
f 2036/697/1600 2035/692/1599 2037/678/1601
f 2036/697/1600 2037/678/1601 2038/660/1555
f 2039/707/1602 2040/621/1603 2041/622/1604
f 2042/675/1605 2024/682/1588 2043/656/1606
f 2043/656/1606 2024/682/1588 2023/683/1587
f 2043/656/1606 2023/683/1587 2044/663/1550
f 2044/663/1550 2023/683/1587 2025/684/1589
f 2044/663/1550 2025/684/1589 2045/693/1607
f 2045/693/1607 2025/684/1589 2027/694/1591
f 2021/708/1585 2020/689/1584 2046/690/1608
f 2046/690/1608 2020/689/1584 2024/682/1588
f 2046/690/1608 2024/682/1588 2047/691/1609
f 2047/691/1609 2024/682/1588 2042/675/1605
f 2047/691/1609 2042/675/1605 2048/677/1582
f 2049/696/1610 2029/698/1593 2050/680/1611
f 2050/680/1611 2029/698/1593 2031/679/1595
f 2050/680/1611 2031/679/1595 2051/681/1612
f 2051/681/1612 2031/679/1595 2033/688/1597
f 2051/681/1612 2033/688/1597 2052/687/1613
f 2052/687/1613 2053/699/1614 2051/681/1612
f 2051/681/1612 2053/699/1614 2054/700/1615
f 2051/681/1612 2054/700/1615 2050/680/1611
f 2050/680/1611 2054/700/1615 2055/701/1616
f 2050/680/1611 2055/701/1616 2049/696/1610
f 2049/696/1610 2055/701/1616 2056/702/1617
f 2049/696/1610 2056/702/1617 2057/719/1618
f 2058/631/1549 2059/632/1619 2060/685/1620
f 2060/685/1620 2059/632/1619 2061/634/1621
f 2060/685/1620 2061/634/1621 2062/686/1622
f 2062/686/1622 2061/634/1621 2040/621/1603
f 2062/686/1622 2040/621/1603 2063/706/1623
f 2063/706/1623 2040/621/1603 2039/707/1602
f 2064/704/1624 2065/703/1625 2066/647/1626
f 2066/647/1626 2065/703/1625 2067/712/1627
f 2066/647/1626 2067/712/1627 2068/645/1628
f 2068/645/1628 2067/712/1627 2069/713/1629
f 2068/645/1628 2069/713/1629 2070/643/1536
f 2070/643/1536 2069/713/1629 2071/714/1630
f 2070/643/1536 2071/714/1630 2072/642/1538
f 2072/642/1538 2071/714/1630 2073/715/1631
f 2072/642/1538 2073/715/1631 2074/641/1506
f 2063/706/1623 2075/705/1632 2062/686/1622
f 2062/686/1622 2075/705/1632 2064/704/1624
f 2062/686/1622 2064/704/1624 2060/685/1620
f 2060/685/1620 2064/704/1624 2066/647/1626
f 2060/685/1620 2066/647/1626 2058/631/1549
f 2076/661/1554 2030/654/1594 2038/660/1555
f 2038/660/1555 2030/654/1594 2029/698/1593
f 2038/660/1555 2029/698/1593 2036/697/1600
f 2036/697/1600 2029/698/1593 2049/696/1610
f 2036/697/1600 2049/696/1610 2034/695/1598
f 2034/695/1598 2049/696/1610 2057/719/1618
f 2034/695/1598 2057/719/1618 2077/718/1633
f 2048/677/1582 2037/678/1601 2047/691/1609
f 2047/691/1609 2037/678/1601 2035/692/1599
f 2047/691/1609 2035/692/1599 2046/690/1608
f 2046/690/1608 2035/692/1599 2034/695/1598
f 2046/690/1608 2034/695/1598 2021/708/1585
f 2021/708/1585 2034/695/1598 2077/718/1633
f 2021/708/1585 2077/718/1633 2022/709/1586
f 2022/709/1586 2077/718/1633 2078/717/1634
f 2022/709/1586 2078/717/1634 2026/710/1590
f 2026/710/1590 2078/717/1634 2079/716/1635
f 2026/710/1590 2079/716/1635 2028/711/1592
f 2080/720/1636 2081/721/1431 2082/722/1440
f 2083/723/1637 2084/664/1428 2085/650/1638
f 2082/722/1440 2086/724/1639 2080/720/1636
f 2087/725/1640 2083/723/1637 2085/650/1638
f 2088/670/1641 2089/726/1642 2090/667/1438
f 2090/667/1438 2089/726/1642 2091/727/1643
f 2090/667/1438 2091/727/1643 2092/673/1440
f 2092/673/1440 2091/727/1643 2093/728/1644
f 2094/669/1645 2095/729/1646 2096/730/1647
f 2097/731/1648 2098/732/1649 2083/723/1637
f 2099/666/1441 2092/673/1650 2100/667/1431
f 2081/721/1431 2080/720/1636 2085/650/1638
f 2085/650/1638 2080/720/1636 2101/733/1651
f 2085/650/1638 2101/733/1651 2087/725/1640
f 2102/734/1652 2103/735/1653 2104/736/1654
f 2104/736/1654 2103/735/1653 2105/737/1655
f 2104/736/1654 2105/737/1655 2106/738/1656
f 2106/738/1656 2105/737/1655 2107/739/1640
f 2106/738/1656 2107/739/1640 2108/740/1657
f 2108/740/1657 2107/739/1640 2109/741/1658
f 2108/740/1657 2109/741/1658 2110/742/1659
f 2110/742/1659 2109/741/1658 2111/743/1660
f 2110/742/1659 2111/743/1660 2112/744/1644
f 2113/745/1652 2114/746/1654 2115/747/1661
f 2115/747/1661 2114/746/1654 2116/748/1656
f 2115/747/1661 2116/748/1656 2089/726/1642
f 2089/726/1642 2116/748/1656 2117/749/1657
f 2089/726/1642 2117/749/1657 2091/727/1643
f 2084/664/1428 2083/723/1637 2095/729/1646
f 2095/729/1646 2083/723/1637 2098/732/1649
f 2095/729/1646 2098/732/1649 2096/730/1647
f 2096/730/1647 2098/732/1649 2097/731/1648
f 2096/730/1647 2097/731/1648 2118/750/1662
f 2088/670/1641 2094/669/1645 2089/726/1642
f 2089/726/1642 2094/669/1645 2096/730/1647
f 2089/726/1642 2096/730/1647 2115/747/1661
f 2115/747/1661 2096/730/1647 2118/750/1662
f 2115/747/1661 2118/750/1662 2113/745/1652
f 2113/745/1652 2118/750/1662 2097/731/1648
f 2113/745/1652 2097/731/1648 2119/751/1663
f 2119/751/1663 2097/731/1648 2083/723/1637
f 2119/751/1663 2083/723/1637 2120/752/1655
f 2120/752/1655 2083/723/1637 2087/725/1640
f 2121/753/1664 2122/754/1665 2123/605/1308
f 2124/610/1311 2125/608/1310 2126/755/1666
f 2127/617/1410 2128/636/1667 2122/754/1665
f 2129/597/1668 2130/596/1301 2131/756/1669
f 2131/756/1669 2130/596/1301 2132/593/1670
f 2131/756/1669 2132/593/1670 2133/595/1300
f 2134/612/1671 2124/610/1311 2135/627/1672
f 2135/627/1672 2124/610/1311 2126/755/1666
f 2135/627/1672 2126/755/1666 2136/629/1383
f 2122/754/1665 2121/753/1664 2127/617/1410
f 2127/617/1410 2121/753/1664 2137/757/1673
f 2127/617/1410 2137/757/1673 2138/618/1674
f 2137/757/1673 2139/758/1675 2138/618/1674
f 2138/618/1674 2139/758/1675 2140/759/1676
f 2138/618/1674 2140/759/1676 2141/637/1677
f 2141/637/1677 2140/759/1676 2142/760/1678
f 2141/637/1677 2142/760/1678 2143/649/1679
f 2143/649/1679 2142/760/1678 2144/761/1680
f 2143/649/1679 2144/761/1680 2145/648/1681
f 2145/648/1681 2144/761/1680 2146/762/1682
f 2145/648/1681 2146/762/1682 2147/638/1387
f 2147/638/1387 2146/762/1682 2148/626/1683
f 2135/627/1672 2148/626/1683 2134/612/1671
f 2134/612/1671 2148/626/1683 2146/762/1682
f 2134/612/1671 2146/762/1682 2149/613/1315
f 2149/613/1315 2146/762/1682 2144/761/1680
f 2149/613/1315 2144/761/1680 2133/595/1300
f 2133/595/1300 2144/761/1680 2142/760/1678
f 2133/595/1300 2142/760/1678 2131/756/1669
f 2131/756/1669 2142/760/1678 2140/759/1676
f 2131/756/1669 2140/759/1676 2129/597/1668
f 2129/597/1668 2140/759/1676 2139/758/1675
f 2129/597/1668 2139/758/1675 2150/599/1304
f 2150/599/1304 2139/758/1675 2137/757/1673
f 2150/599/1304 2137/757/1673 2151/601/1684
f 2151/601/1684 2137/757/1673 2121/753/1664
f 2151/601/1684 2121/753/1664 2152/603/1685
f 2152/603/1685 2121/753/1664 2123/605/1308
f 2153/723/1686 2154/752/1687 2155/725/1688
f 2156/720/1689 2157/724/1690 2158/722/1565
f 2159/650/1691 2153/723/1686 2155/725/1688
f 2160/670/1692 2161/667/1562 2162/726/1693
f 2162/726/1693 2161/667/1562 2163/727/1694
f 2164/728/1695 2163/727/1694 2165/673/1696
f 2165/673/1696 2163/727/1694 2161/667/1562
f 2165/673/1696 2161/667/1562 2166/666/1563
f 2167/730/1697 2168/729/1698 2169/669/1699
f 2153/723/1686 2170/732/1700 2171/731/1701
f 2155/725/1688 2172/733/1702 2159/650/1691
f 2159/650/1691 2172/733/1702 2156/720/1689
f 2159/650/1691 2156/720/1689 2173/721/1564
f 2173/721/1564 2156/720/1689 2158/722/1565
f 2174/744/1690 2175/743/1703 2176/742/1704
f 2176/742/1704 2175/743/1703 2177/741/1705
f 2176/742/1704 2177/741/1705 2178/740/1706
f 2178/740/1706 2177/741/1705 2179/739/1707
f 2178/740/1706 2179/739/1707 2180/738/1708
f 2180/738/1708 2179/739/1707 2181/737/1709
f 2180/738/1708 2181/737/1709 2182/736/1710
f 2182/736/1710 2181/737/1709 2183/735/1711
f 2182/736/1710 2183/735/1711 2184/734/1712
f 2163/727/1694 2185/749/1706 2162/726/1693
f 2162/726/1693 2185/749/1706 2186/748/1708
f 2162/726/1693 2186/748/1708 2187/747/1713
f 2187/747/1713 2186/748/1708 2188/746/1710
f 2187/747/1713 2188/746/1710 2189/745/1714
f 2159/650/1691 2190/664/1576 2153/723/1686
f 2153/723/1686 2190/664/1576 2168/729/1698
f 2153/723/1686 2168/729/1698 2170/732/1700
f 2170/732/1700 2168/729/1698 2167/730/1697
f 2170/732/1700 2167/730/1697 2171/731/1701
f 2171/731/1701 2167/730/1697 2191/750/1715
f 2154/752/1687 2153/723/1686 2192/751/1711
f 2192/751/1711 2153/723/1686 2171/731/1701
f 2192/751/1711 2171/731/1701 2189/745/1714
f 2189/745/1714 2171/731/1701 2191/750/1715
f 2189/745/1714 2191/750/1715 2187/747/1713
f 2187/747/1713 2191/750/1715 2167/730/1697
f 2187/747/1713 2167/730/1697 2162/726/1693
f 2162/726/1693 2167/730/1697 2169/669/1699
f 2162/726/1693 2169/669/1699 2160/670/1692
f 2193/762/1716 2194/638/1717 2195/626/1718
f 2196/753/1719 2197/603/1720 2198/605/1721
f 2199/755/1722 2200/608/1358 2201/610/1357
f 2202/754/1723 2203/636/1724 2204/617/1545
f 2205/595/1344 2206/593/1277 2207/756/1725
f 2207/756/1725 2206/593/1277 2208/596/1333
f 2207/756/1725 2208/596/1333 2209/597/1726
f 2210/629/1516 2199/755/1722 2211/627/1727
f 2211/627/1727 2199/755/1722 2201/610/1357
f 2211/627/1727 2201/610/1357 2212/612/1728
f 2213/618/1729 2214/757/1730 2204/617/1545
f 2204/617/1545 2214/757/1730 2196/753/1719
f 2204/617/1545 2196/753/1719 2202/754/1723
f 2202/754/1723 2196/753/1719 2198/605/1721
f 2194/638/1717 2193/762/1716 2215/648/1731
f 2215/648/1731 2193/762/1716 2216/761/1732
f 2215/648/1731 2216/761/1732 2217/649/1733
f 2217/649/1733 2216/761/1732 2218/760/1734
f 2217/649/1733 2218/760/1734 2219/637/1735
f 2219/637/1735 2218/760/1734 2220/759/1736
f 2219/637/1735 2220/759/1736 2213/618/1729
f 2213/618/1729 2220/759/1736 2221/758/1737
f 2213/618/1729 2221/758/1737 2214/757/1730
f 2197/603/1720 2196/753/1719 2222/601/1738
f 2222/601/1738 2196/753/1719 2214/757/1730
f 2222/601/1738 2214/757/1730 2223/599/1351
f 2223/599/1351 2214/757/1730 2221/758/1737
f 2223/599/1351 2221/758/1737 2209/597/1726
f 2209/597/1726 2221/758/1737 2220/759/1736
f 2209/597/1726 2220/759/1736 2207/756/1725
f 2207/756/1725 2220/759/1736 2218/760/1734
f 2207/756/1725 2218/760/1734 2205/595/1344
f 2205/595/1344 2218/760/1734 2216/761/1732
f 2205/595/1344 2216/761/1732 2224/613/1739
f 2224/613/1739 2216/761/1732 2193/762/1716
f 2224/613/1739 2193/762/1716 2212/612/1728
f 2212/612/1728 2193/762/1716 2195/626/1718
f 2212/612/1728 2195/626/1718 2211/627/1727
