mtllib peddling_granny.mtl
o npc_01-0001-11.001
v 5.778755 29.970177 4.102657
v 4.599308 27.913254 9.608955
v 4.836274 25.900887 8.257579
v 0.000000 25.239998 11.613621
v 0.000000 22.544464 9.750813
v 0.000000 22.544464 9.750813
v 0.000000 25.239998 11.613621
v -4.604693 27.913254 9.608955
v -5.078627 32.754818 5.879603
v -5.784141 29.970177 4.102657
v -4.604693 27.913254 9.608955
v -4.847045 25.900887 8.257579
v 0.000000 22.544464 9.750813
v 0.000000 25.239998 11.613621
v 0.000000 27.155832 15.148851
v -5.940323 29.361267 11.628553
v -5.078627 32.754818 5.879603
v 0.000000 27.155832 15.148851
v 0.000000 25.239998 11.613621
v 5.929552 29.361267 11.628553
v 4.599308 27.913254 9.608955
v 5.067855 32.754818 5.879603
v 5.778755 29.970177 4.102657
v 0.000000 33.638477 2.407836
v 0.000000 36.066689 -0.993003
v 5.067855 32.754818 5.879603
v 0.000000 36.066689 -0.993003
v 0.000000 33.638477 2.407836
v -5.078627 32.754818 5.879603
v -100.581581 132.794022 38.237961
v -40.246635 87.222420 22.480621
v -58.471523 133.967285 33.414818
v -128.419785 176.271576 -34.269718
v -116.727623 165.066162 18.643005
v -100.253059 176.316116 -18.385448
v -119.275017 80.531853 17.433495
v -102.418068 51.155735 -0.511436
v -123.901253 82.789268 10.101717
v -95.912254 35.836491 -25.041527
v -98.976669 42.831509 -27.124588
v -99.052071 35.910748 -3.199256
v -87.052933 42.571609 -3.572564
v -124.008965 72.571487 0.078390
v -113.577049 35.509754 -55.477356
v 100.581581 132.794022 38.237961
v 74.154411 169.425064 20.263165
v 58.455368 133.967285 33.414818
v 141.587585 153.110764 7.234704
v 100.581581 132.794022 38.237961
v 153.268967 125.049004 13.203906
v 158.078308 106.054031 -26.359310
v 124.008965 72.571487 0.078390
v 143.138641 65.650726 -40.384502
v 74.154411 169.425064 20.263165
v 100.253059 176.316116 -18.385448
v 49.719913 186.014099 -19.445646
v 128.419785 176.271576 -34.269718
v 176.330124 137.813797 -16.433043
v 150.183014 147.459808 -71.346695
v 92.600113 81.081360 22.435825
v 153.268967 125.049004 13.203906
v 100.581581 132.794022 38.237961
v 1.141748 39.215191 -23.171253
v -15.456689 2.532167 -8.966866
v 5.881082 8.650954 -11.277646
v -113.577049 35.509754 -55.477356
v -109.015434 17.004879 -48.884727
v -84.855606 26.843952 -5.289781
v 113.986351 33.423130 -50.090519
v 137.144455 -1.715342 -30.846468
v 115.725906 32.361252 -55.398960
v -147.517136 162.340927 -72.380768
v -151.152420 145.692490 -67.774139
v -146.041473 146.620697 -61.894535
v -52.051884 167.234482 -78.984596
v -48.405827 182.776474 -101.472687
v 58.584621 154.870667 -73.194580
v 165.526596 166.595871 -73.314041
v 158.708420 205.462051 -48.033600
v 162.989975 181.536392 -47.992535
v -54.771614 120.303963 -121.052704
v -0.705514 75.066521 -119.100304
v -39.535732 74.205139 -117.935577
v -12.440750 74.346237 4.307972
v -40.246635 87.222420 22.480621
v -43.849606 52.514641 2.448899
v 28.269047 54.096317 -1.631361
v 5.477161 57.942837 -23.768545
v 1.141748 39.215191 -23.171253
v -78.355186 41.175568 -106.586998
v -61.972168 13.046969 -101.640663
v -92.190804 12.690536 -92.983643
v -126.238609 18.207846 -29.439098
v -129.685394 31.254824 -27.374702
v -151.168579 117.638138 14.424625
v -145.949921 126.378204 21.819864
v -143.310974 117.066360 16.309832
v -87.052933 42.571609 -3.572564
v -103.489807 -32.301849 -19.292574
v -117.196175 -43.336460 -14.185714
v -115.564339 -34.366199 -15.313106
v 0.000000 136.380646 40.160500
v -58.471523 133.967285 33.414818
v -40.246635 87.222420 22.480621
v 0.000000 58.470058 -29.491364
v 105.784073 30.415712 -65.209503
v 114.067139 32.361252 -55.398960
v 118.919563 46.306736 -80.851120
v -92.600113 81.081360 22.435825
v -116.727623 165.066162 18.643005
v -141.587585 153.110764 7.234704
v -100.581581 132.794022 38.237961
v -153.268967 125.049004 13.203906
v 98.330399 25.492470 -28.139984
v 124.380569 22.752380 -44.767136
v 99.412903 36.519650 -28.349037
v 120.012848 34.076591 -49.194576
v -28.419844 54.096317 -1.631361
v -21.940960 28.314243 -4.778349
v -95.831474 156.868179 -99.210442
v -99.057449 117.222290 -112.933250
v -150.183014 147.459808 -71.346695
v 1.141748 39.215191 -23.171253
v 21.273144 28.485035 -5.327112
v -141.587585 153.110764 7.234704
v 30.967236 176.197311 29.879587
v 85.345695 187.595779 -16.201595
v 36.040478 189.504196 -19.972012
v 101.901054 215.189728 -76.632751
v 39.751160 208.365494 -78.786743
v -147.608688 106.039177 19.512819
v -127.908142 81.920464 14.909929
v -138.178497 106.016899 19.748003
v -95.039787 -2.339102 -22.237978
v -96.687782 24.408316 -23.118988
v -99.057449 28.202856 -5.058330
v -112.618408 -46.447834 -15.115252
v -116.205223 -47.368622 -12.315438
v -147.845657 134.605896 37.965446
v -160.340271 134.880646 20.147442
v -127.908142 81.920464 14.909929
v -134.117752 112.744598 24.433023
v -127.606552 106.967392 28.416224
v -123.901253 82.789268 10.101717
v -147.500977 116.160423 21.338295
v -148.384216 125.850983 24.739134
v -141.162125 114.541618 22.096111
v -136.153503 129.474731 38.387287
v -100.538490 -18.490025 -7.682684
v -96.601616 5.435622 -5.644423
v -115.575104 -5.190573 -1.019132
v -148.852768 80.739777 -9.694823
v -132.405121 42.950317 -25.944933
v -160.609543 78.838791 -16.055998
v -152.240311 80.004631 -5.629496
v -104.362274 -31.239973 -7.313107
v -111.126595 -42.876064 -9.515627
v -116.759941 -27.838997 -5.065792
v -118.133270 -44.591404 -9.202047
v -157.028122 118.061409 7.197376
v -165.661240 112.759445 -0.847419
v -152.240311 80.004631 -5.629496
v -125.446922 39.890930 2.105456
v -142.330795 76.952660 9.373767
v -132.405121 42.950317 -25.944933
v -152.240311 80.004631 -5.629496
v -92.600113 81.081360 22.435825
v -92.600113 81.081360 22.435825
v -87.052933 42.571609 -3.572564
v -40.246635 87.222420 22.480621
v -43.849606 52.514641 2.448899
v -142.896286 109.254501 -83.505348
v -176.330124 137.813797 -16.433043
v -150.183014 147.459808 -71.346695
v -124.008965 72.571487 0.078390
v -143.138641 65.650726 -40.384502
v -113.577049 35.509754 -55.477356
v -131.317230 69.304169 -89.067642
v -107.776749 39.408249 -95.197365
v -95.228287 73.336334 -113.276695
v -131.317230 69.304169 -89.067642
v -142.896286 109.254501 -83.505348
v -99.057449 117.222290 -112.933250
v 0.000000 75.771965 -117.566002
v -95.228287 73.336334 -113.276695
v -150.183014 147.459808 -71.346695
v -85.286461 178.283936 -58.426506
v -42.643230 182.835892 -62.327576
v -141.587585 153.110764 7.234704
v -128.419785 176.271576 -34.269718
v -176.330124 137.813797 -16.433043
v -150.183014 147.459808 -71.346695
v -85.286461 178.283936 -58.426506
v -95.831474 156.868179 -99.210442
v -42.643230 182.835892 -62.327576
v 0.000000 164.657745 -107.542686
v -124.008965 72.571487 0.078390
v -92.600113 81.081360 22.435825
v -153.268967 125.049004 13.203906
v -100.581581 132.794022 38.237961
v -131.317230 69.304169 -89.067642
v -95.228287 73.336334 -113.276695
v -107.776749 39.408249 -95.197365
v -78.355186 41.175568 -106.586998
v -143.138641 65.650726 -40.384502
v -124.008965 72.571487 0.078390
v -158.078308 106.054031 -26.359310
v -153.268967 125.049004 13.203906
v 0.000000 180.972046 27.221630
v 58.455368 133.967285 33.414818
v 74.154411 169.425064 20.263165
v 74.154411 169.425064 20.263165
v 49.719913 186.014099 -19.445646
v 0.000000 180.972046 27.221630
v 116.727623 165.066162 18.643005
v 40.230476 87.222420 22.480621
v 0.000000 96.578819 7.477359
v 12.440750 74.346237 4.307972
v 92.600113 81.081360 22.435825
v 100.581581 132.794022 38.237961
v 40.230476 87.222420 22.480621
v 58.455368 133.967285 33.414818
v 116.727623 165.066162 18.643005
v 150.183014 147.459808 -71.346695
v 99.057449 117.222290 -112.933250
v 95.831474 156.868179 -99.210442
v 141.587585 153.110764 7.234704
v 128.419785 176.271576 -34.269718
v 116.727623 165.066162 18.643005
v 100.253059 176.316116 -18.385448
v 0.000000 50.858700 -110.559006
v 95.228287 73.336334 -113.276695
v 78.355186 41.175568 -106.586998
v 92.600113 81.081360 22.435825
v 80.057037 43.343884 -2.437706
v 124.008965 72.571487 0.078390
v 113.577049 35.509754 -55.477356
v 92.600113 81.081360 22.435825
v 40.230476 87.222420 22.480621
v 80.057037 43.343884 -2.437706
v 42.266235 52.514641 2.448899
v 153.268967 125.049004 13.203906
v 0.000000 96.578819 7.477359
v 40.230476 87.222420 22.480621
v 58.455368 133.967285 33.414818
v 150.183014 147.459808 -71.346695
v 176.330124 137.813797 -16.433043
v 142.896286 109.254501 -83.505348
v -78.355186 41.175568 -106.586998
v -95.228287 73.336334 -113.276695
v 0.000000 75.771965 -117.566002
v 107.776749 39.408249 -95.197365
v 131.317230 69.304169 -89.067642
v 113.577049 35.509754 -55.477356
v 143.138641 65.650726 -40.384502
v 124.008965 72.571487 0.078390
v 142.896286 109.254501 -83.505348
v 131.317230 69.304169 -89.067642
v 95.228287 73.336334 -113.276695
v 116.727623 165.066162 18.643005
v 49.719913 186.014099 -19.445646
v 85.286461 174.467117 -58.501163
v 150.183014 147.459808 -71.346695
v 141.587585 153.110764 7.234704
v 124.008965 72.571487 0.078390
v 95.831474 156.868179 -99.210442
v 99.057449 117.222290 -112.933250
v 0.000000 164.657745 -107.542686
v 0.000000 121.180199 -120.246361
v 5.881082 8.650954 -11.277646
v 14.277242 2.866324 -10.060660
v 1.141748 39.215191 -23.171253
v 21.273144 28.485035 -5.327112
v -15.456689 2.532167 -8.966866
v 1.141748 39.215191 -23.171253
v -21.940960 28.314243 -4.778349
v -37.979294 205.046204 -80.492760
v -97.953400 206.457092 -83.583755
v -33.207645 190.209625 -19.012609
v -83.385338 183.519058 -17.829220
v -28.042850 177.274033 27.430683
v 78.355186 41.175568 -106.586998
v 95.228287 73.336334 -113.276695
v 107.776749 39.408249 -95.197365
v 131.317230 69.304169 -89.067642
v -107.776749 39.408249 -95.197365
v 120.012848 34.076591 -49.194576
v 124.380569 22.752380 -44.767136
v 118.133270 33.326595 -65.870255
v 120.325211 20.821692 -64.321030
v 106.521904 32.576595 -80.515144
v 102.127251 18.883581 -80.014908
v 135.975784 45.118626 -64.078377
v 115.725906 32.361252 -55.398960
v 128.145111 45.341396 -74.355553
v 113.986351 31.306801 -60.707405
v 118.919563 46.306736 -80.851120
v 105.784073 30.415712 -65.209503
v 129.712326 50.212666 -62.570217
v 114.067139 32.361252 -55.398960
v 137.144455 -1.715342 -30.846468
v 124.913750 1.990089 -22.600086
v 107.459000 32.858776 -45.584686
v 99.547539 -3.044544 -17.653751
v 124.913750 1.990089 -22.600086
v 112.995399 -20.071703 -18.695280
v 98.642761 -28.113750 -33.997189
v 133.735367 -33.051849 -42.385426
v 110.334908 -35.985008 -54.936050
v 133.735367 -33.051849 -42.385426
v 110.334908 -35.985008 -54.936050
v 112.995399 -30.126123 -69.237495
v 102.234962 -8.004924 -78.361153
v 124.913750 -8.242547 -74.075577
v -31.021091 24.126141 -1.015401
v -33.993946 45.170612 0.238914
v -50.953220 21.304371 1.258047
v -53.926071 42.341415 2.519828
v 137.144455 -8.509871 -65.034050
v 141.996887 -7.098985 -47.544552
v 143.160187 -21.207840 -44.741005
v 137.144455 -1.715342 -30.846468
v 132.286636 -20.309326 -25.134850
v 124.913750 1.990089 -22.600086
v -152.374954 195.942276 -82.486229
v -152.374954 186.578461 -79.865601
v -149.229752 194.449707 -82.542221
v -149.229752 186.578461 -79.865601
v -150.791580 182.620560 -87.533356
v -159.327774 184.736877 -79.469894
v -150.791580 192.726944 -81.198311
v -142.250015 184.736877 -79.469894
v -150.791580 186.860641 -71.406433
v -150.791580 176.746811 -77.737747
v -157.647461 146.657822 -68.001854
v -154.049881 161.657761 -75.068588
v -147.441742 178.781464 -77.894531
v -154.125275 178.781464 -77.894531
v 58.697720 205.632843 -77.300972
v 59.613274 177.177490 -104.880997
v -47.840340 202.811066 -79.929062
v 158.708420 205.462051 -48.033600
v 156.958099 219.711990 -70.883804
v 159.489334 204.979370 -95.313103
v 163.776276 179.568588 -98.665413
v -52.671227 184.818558 -57.859074
v 54.836243 181.098282 -47.339245
v 162.989975 181.536392 -47.992535
v -176.475540 204.043732 -84.270638
v 156.958099 219.711990 -70.883804
v 163.776276 179.568588 -98.665413
v 159.489334 204.979370 -95.313103
v -102.418068 51.155735 -0.511436
v -104.410744 46.878525 -23.320576
v -123.901253 82.789268 10.101717
v -132.092758 83.836296 -2.497439
v -140.456604 107.591148 10.926726
v -49.719913 186.014099 -19.445646
v -100.253059 176.316116 -18.385448
v -74.154411 169.425064 20.263165
v -116.727623 165.066162 18.643005
v -145.373657 110.227280 11.807734
v -147.113220 110.643120 16.343431
v -146.450790 130.647995 12.270636
v -149.542130 134.672729 17.482021
v -145.098999 138.259338 14.760601
v 0.000000 195.311096 -20.517042
v -49.719913 186.014099 -19.445646
v -74.154411 169.425064 20.263165
v -58.471523 133.967285 33.414818
v -74.154411 169.425064 20.263165
v -100.581581 132.794022 38.237961
v -116.727623 165.066162 18.643005
v -74.154411 169.425064 20.263165
v -58.471523 133.967285 33.414818
v 0.000000 136.380646 40.160500
v -39.535732 74.205139 -117.935577
v -0.705514 75.066521 -119.100304
v -15.133553 -2.569305 -106.654198
v 12.591547 -3.133659 -107.606133
v -10.200338 119.249512 -122.321953
v -87.122948 186.348251 -101.752670
v -28.010536 181.179947 -104.052254
v -97.953400 206.457092 -83.583755
v -37.979294 205.046204 -80.492760
v 39.751160 208.365494 -78.786743
v 101.901054 215.189728 -76.632751
v 27.902824 176.405212 -109.707870
v 83.417648 182.115585 -107.647209
v 9.941829 119.249512 -122.321953
v 53.452141 119.539116 -117.883316
v -0.705514 75.066521 -119.100304
v 37.257622 74.153160 -118.756859
v 12.591547 -3.133659 -107.606133
v -131.317230 69.304169 -89.067642
v -141.587585 153.110764 7.234704
v 42.643230 184.974503 -62.286510
v 0.000000 191.405167 -66.153984
v 0.000000 195.311096 -20.517042
v -49.719913 186.014099 -19.445646
v 0.000000 191.405167 -66.153984
v 42.643230 184.974503 -62.286510
v 95.831474 156.868179 -99.210442
v 85.286461 174.467117 -58.501163
v 141.587585 153.110764 7.234704
v 131.317230 69.304169 -89.067642
v -95.831474 156.868179 -99.210442
v 95.228287 73.336334 -113.276695
v 42.266235 52.514641 2.448899
v -75.635452 170.011688 22.402220
v -55.692551 133.395508 37.845989
v -15.262808 129.311356 40.880985
v -36.277443 86.895691 25.362564
v -5.714128 80.502151 8.029857
v -28.419844 54.096317 -1.631361
v -2.498921 57.868576 -25.679884
v 8.003011 80.465019 8.854868
v 36.708290 86.977371 26.803534
v 17.605547 129.697495 41.396149
v 54.259979 133.388077 37.771328
v 74.052086 170.100800 22.753130
v 0.000000 17.970217 -101.588402
v 0.000000 50.858700 -110.559006
v 61.972168 13.046969 -101.640663
v 78.355186 41.175568 -106.586998
v 92.190804 12.690536 -92.983643
v 107.776749 39.408249 -95.197365
v 113.577049 35.509754 -55.477356
v 115.725906 32.361252 -55.398960
v 113.986351 33.423130 -50.090519
v 129.809265 46.678024 -46.099850
v 107.459000 32.858776 -45.584686
v 117.842445 47.487431 -35.725613
v 130.439377 50.777020 -47.425095
v 102.234962 -8.004924 -78.361153
v 105.784073 30.415712 -65.209503
v 124.913750 -8.242547 -74.075577
v 113.986351 31.306801 -60.707405
v 137.144455 -8.509871 -65.034050
v 141.996887 -7.098985 -47.544552
v -152.374954 200.590775 -77.991592
v -152.374954 195.942276 -82.486229
v -149.202835 194.449707 -82.542221
v -152.374954 199.877914 -88.373299
v -149.202835 199.387817 -89.239372
v -152.374954 205.061050 -83.871201
v -149.202835 205.061050 -83.871201
v -149.202835 199.840775 -77.461494
v -151.642517 108.898079 9.567884
v -148.852768 80.739777 -9.694823
v -160.609543 78.838791 -16.055998
v -119.678940 22.663275 0.489032
v -116.323708 4.002459 -1.015399
v -97.183258 22.544464 -3.953337
v -142.050751 110.561440 15.622946
v -143.240967 130.707397 16.649542
v -139.654144 136.165298 11.356030
v -100.538490 -18.490025 -7.682684
v -95.039787 -2.339102 -22.237978
v -116.948433 19.069229 -2.628093
v -119.178078 -0.497525 -24.724213
v -123.734299 15.527164 -27.568823
v -151.642517 108.898079 9.567884
v -147.500977 116.160423 21.338295
v -138.178497 106.016899 19.748003
v -141.162125 114.541618 22.096111
v -140.456604 107.591148 10.926726
v -143.310974 117.066360 16.309832
v -151.642517 108.898079 9.567884
v -151.168579 117.638138 14.424625
v -147.608688 106.039177 19.512819
v -138.178497 106.016899 19.748003
v -127.908142 81.920464 14.909929
v -119.275017 80.531853 17.433495
v -43.849606 52.514641 2.448899
v -43.919617 32.324127 -2.071863
v 0.000000 58.470058 -29.491364
v 0.000000 32.450363 -23.988796
v 42.266235 52.514641 2.448899
v 43.919617 32.324127 -2.071863
v 80.057037 43.343884 -2.437706
v 77.859711 27.623652 -4.154924
v 109.015434 17.004879 -48.884727
v 165.526596 166.595871 -73.314041
v -115.639732 -20.287048 -19.434429
v -148.852768 80.739777 -9.694823
v -18.774223 9.794514 -7.533363
v 18.919634 13.990042 -7.585627
v -18.774223 13.990042 -7.585627
v -18.763453 24.549406 -7.257116
v -9.548680 32.286999 -4.677557
v -7.744502 32.361256 -5.991601
v -18.774223 22.960304 -7.701353
v 18.919634 27.163258 -7.753616
v -18.774223 27.163258 -7.753616
v 0.000000 2.561872 18.340639
v 9.467895 -4.136121 15.447499
v 8.191507 2.480189 15.234714
v -53.145161 -35.316689 -20.733543
v -42.546288 -45.705269 -80.869789
v 0.000000 -18.482601 -20.401299
v 0.000000 3.371273 -16.029860
v 0.000000 32.450363 -23.988796
v -43.919617 32.324127 -2.071863
v 132.286636 -27.876131 -63.197365
v 112.995399 -30.126123 -69.237495
v 124.913750 -8.242547 -74.075577
v -118.725685 -9.222739 -52.998585
v -109.015434 17.004879 -48.884727
v -99.445213 -11.940554 -99.774124
v 0.000000 4.047005 -105.653725
v 0.000000 -18.423201 -103.764786
v -73.120377 -36.081547 -93.517471
v -18.763453 -28.395926 -6.797943
v -24.321398 -26.324152 -10.699015
v -18.779608 -32.183041 -8.832472
v -24.326782 -28.447905 -10.990196
v -18.779608 20.762291 -14.592625
v -18.779608 -26.346432 -14.204381
v -24.321398 -26.324152 -10.699015
v -18.779608 -26.346432 -14.204381
v -18.763453 -28.395926 -6.797943
v -18.779608 -32.183041 -8.832472
v -18.779608 -26.346432 -14.204381
v -18.763453 20.821697 -7.212318
v -18.849621 -33.096405 -47.828262
v -24.407566 -28.908304 -47.850658
v -18.849621 -26.814253 -47.880524
v -24.321398 44.695366 -11.389642
v -18.763453 44.717644 -7.514700
v -18.779608 44.665661 -14.891273
v 18.919634 20.762291 -14.592625
v 18.919634 -26.346432 -14.204381
v 18.908863 20.821697 -7.212318
v 18.908863 -28.395926 -6.797943
v 18.919634 13.990042 -7.585627
v 18.925020 11.851437 -10.893138
v -18.774223 13.990042 -7.585627
v -18.784994 11.851437 -10.893138
v -24.321398 -26.324152 -10.699015
v -24.321398 20.791996 -11.087260
v 18.919634 9.794514 -7.533363
v -18.784994 11.851437 -10.893138
v 18.925020 11.851437 -10.893138
v 18.908863 -28.395926 -6.797943
v 24.466808 -26.324152 -10.699015
v 18.919634 -32.183041 -8.832472
v 25.511616 -28.447905 -10.990196
v 18.908863 -28.395926 -6.797943
v 24.466808 -26.324152 -10.699015
v 24.466808 -26.324152 -10.699015
v 25.511616 -28.447905 -10.990196
v 18.919634 -26.346432 -14.204381
v 18.919634 -26.346432 -14.204381
v 24.509893 20.791996 -11.087260
v 18.908863 44.717644 -7.510967
v 24.466808 44.695366 -11.389642
v 18.919634 44.665661 -14.891273
v 24.552979 -28.908304 -47.850658
v 18.995033 -33.096405 -47.828262
v 18.995033 -26.814253 -47.880524
v -24.989212 -13.262324 -10.844606
v -20.551474 2.205437 4.703685
v -24.989212 -9.408379 -10.893136
v -20.271421 6.259876 4.009332
v -9.548680 32.286999 -4.677557
v -18.763453 24.549406 -7.257116
v -18.763453 20.821697 -7.212318
v -24.321398 24.527128 -11.135790
v -24.321398 20.791996 -11.087260
v 18.919634 27.163258 -7.753616
v 18.925020 25.017225 -11.061128
v -18.774223 27.163258 -7.753616
v -18.784994 25.017225 -11.061128
v 18.919634 22.960304 -7.701353
v -18.784994 25.017225 -11.061128
v 18.925020 25.017225 -11.061128
v -24.326782 -28.447905 -10.990196
v -24.321398 -26.324152 -10.699015
v -18.763453 -28.395926 -6.797943
v 25.129238 -13.262324 -10.844606
v 25.129238 -9.408379 -10.893136
v 20.551474 2.205437 4.703685
v 20.271421 6.259876 4.009332
v 7.744502 32.361256 -5.991601
v 9.548680 32.286999 -4.677557
v 18.908863 24.549406 -7.257116
v 18.828079 20.821697 -7.208585
v 24.466808 24.527128 -11.135790
v 24.509893 20.791996 -11.087260
v -8.600813 2.480189 15.234714
v -7.496764 9.334122 14.529160
v 0.000000 2.561872 18.340639
v 0.000000 -4.165823 18.284643
v -9.467895 -4.136121 15.447499
v 7.496764 9.334122 14.529160
v 0.000000 9.170756 15.671483
v -82.098183 -52.514648 -85.995300
v -100.301529 -45.200317 -39.298164
v -118.914185 -49.373573 -79.645332
v 9.279399 -22.923178 -18.467562
v 14.277242 2.866324 -10.060660
v 5.881082 8.650954 -11.277646
v -8.773152 2.108903 15.268311
v 0.000000 2.123755 18.766211
v -8.509258 3.341572 15.148853
v 8.336918 2.108903 15.268311
v 8.536186 3.341572 15.148853
v 0.000000 3.311869 18.497429
v -2.843600 -2.205436 20.307974
v 0.000000 2.123755 18.844604
v -3.608356 -0.980193 19.105921
v -8.767767 -24.400900 -102.480606
v -15.133553 -2.569305 -106.654198
v 3.699911 -22.893480 -103.940239
v 12.591547 -3.133659 -107.606133
v 16.178362 -29.791967 -102.573936
v 9.279399 -22.923178 -18.467562
v -0.845540 -24.668222 -49.414825
v 12.516148 -32.249874 -57.620140
v -8.767767 -24.400900 -102.480606
v 3.699911 -22.893480 -103.940239
v 16.178362 -29.791967 -102.573936
v 0.000000 -18.423201 -103.764786
v -42.546288 -45.705269 -80.869789
v -73.120377 -36.081547 -93.517471
v -82.098183 -52.514648 -85.995300
v -118.914185 -49.373573 -79.645332
v 118.914185 -49.373573 -79.645332
v 100.301529 -45.200317 -39.298164
v 82.098183 -52.514648 -85.995300
v 53.145161 -35.316689 -20.733543
v 42.546288 -45.705269 -80.869789
v 0.000000 -23.346445 -49.504421
v 42.546288 -45.705269 -80.869789
v 0.000000 -18.482601 -20.401299
v 43.919617 32.324127 -2.071863
v 60.421116 -1.099005 1.892673
v 77.859711 27.623652 -4.154924
v 99.445213 -11.940554 -99.774124
v 61.972168 13.046969 -101.640663
v 133.735367 -33.051849 -42.385426
v 2.407366 -2.205436 20.307974
v 3.640670 -0.980193 19.105921
v 0.000000 2.123755 18.844604
v 0.000000 3.311869 18.575823
v 7.496764 21.564270 7.615489
v 0.000000 22.544464 9.750813
v 0.000000 13.789550 12.304242
v -7.502149 21.564270 7.615489
v -24.407566 -28.908304 -47.850658
v -18.779608 -26.346432 -14.204381
v -18.849621 -26.814253 -47.880524
v -18.779608 -32.183041 -8.832472
v -18.849621 -33.096405 -47.828262
v -24.326782 -28.447905 -10.990196
v 25.511616 -28.447905 -10.990196
v 18.995033 -26.814253 -47.880524
v 18.919634 -26.346432 -14.204381
v 18.995033 -33.096405 -47.828262
v 18.919634 -32.183041 -8.832472
v 24.552979 -28.908304 -47.850658
v 18.908863 44.717644 -7.510967
v 18.919634 44.665661 -14.891273
v 18.919634 20.762291 -14.592625
v 24.466808 44.695366 -11.389642
v 24.509893 20.791996 -11.087260
v 18.908863 20.821697 -7.212318
v -18.763453 -28.395926 -6.797943
v 18.817308 -26.346432 -14.200647
v -18.779608 -26.346432 -14.204381
v 18.817308 -28.767212 -8.828740
v -18.779608 -28.767212 -8.832473
v 18.828079 -28.395926 -6.794210
v -18.763453 20.821697 -7.212318
v -18.779608 20.762291 -14.592625
v -18.779608 44.665661 -14.891273
v -24.321398 20.791996 -11.087260
v -24.321398 44.695366 -11.389642
v -18.763453 44.717644 -7.514700
v 5.881082 8.650954 -11.277646
v -15.456689 2.532167 -8.966866
v -12.128385 -25.329107 -18.855803
v -9.478667 -31.195423 -56.645805
v -53.145161 -35.316689 -20.733543
v -92.934021 -6.586607 -4.423704
v -100.301529 -45.200317 -39.298164
v -118.914185 -49.373573 -79.645332
v -84.855606 26.843952 -5.289781
v -60.421116 -1.099005 1.892673
v 0.000000 -18.482601 -20.401299
v 118.914185 -49.373573 -79.645332
v 82.098183 -52.514648 -85.995300
v 73.120377 -36.081547 -93.517471
v 92.190804 12.690536 -92.983643
v 109.015434 17.004879 -48.884727
v 118.725685 -9.222739 -52.998585
v 92.934021 -6.586607 -4.423704
v -92.190804 12.690536 -92.983643
v -61.972168 13.046969 -101.640663
v 0.000000 17.970217 -101.588402
v 124.913750 1.990089 -22.600086
v 112.995399 -20.071703 -18.695280
v 132.286636 -20.309326 -25.134850
v 143.160187 -21.207840 -44.741005
v 137.144455 -8.509871 -65.034050
v 73.120377 -36.081547 -93.517471
v 118.914185 -49.373573 -79.645332
v 100.301529 -45.200317 -39.298164
v 53.145161 -35.316689 -20.733543
v 0.032314 18.341513 14.547825
v -9.667163 20.814276 15.089121
v -10.496546 18.341513 14.547825
v -9.042433 24.653366 12.251978
v -11.476727 26.183064 12.334106
v -9.667163 20.814276 15.089121
v -12.483835 20.680613 14.868869
v 12.483835 20.680613 14.868869
v 10.259580 26.183064 12.334106
v 9.667163 20.814276 15.089121
v 7.819900 24.653366 12.251978
v 0.032314 20.814276 14.712080
v 10.496546 18.341513 14.547825
v 9.667163 20.814276 15.089121
v 5.067855 32.754818 5.879603
v 5.778755 29.970177 4.102657
v 0.000000 33.638477 2.407836
v -7.900684 26.940487 2.198784
v 0.000000 31.915712 1.474566
v 0.000000 29.702850 -3.464303
v 7.895298 26.940487 2.198784
v -5.078627 32.754818 5.879603
v 0.000000 33.638477 2.407836
v -5.784141 29.970177 4.102657
v -20.271421 6.259876 4.009332
v -20.551474 2.205437 4.703685
v -15.828296 15.764789 13.084456
v -15.144324 11.955398 12.479697
v -10.496546 18.341513 14.547825
v 10.496546 18.341513 14.547825
v 15.155095 11.955398 12.479697
v 16.113733 15.764789 13.084456
v 20.551474 2.205437 4.703685
v 20.271421 6.259876 4.009332
v -4.847045 25.900887 8.257579
v -7.502149 21.564270 7.615489
v 0.000000 22.544464 9.750813
v 7.496764 21.564270 7.615489
v 4.836274 25.900887 8.257579
v -0.005386 31.136015 27.154448
v -0.010771 31.886011 27.169378
v -2.558163 32.606308 26.381699
v 3.085952 30.519680 25.463360
v 2.208098 31.626112 26.437695
v -10.017227 38.442917 24.141848
v -10.986636 40.566669 21.159113
v -11.250531 36.571636 20.095186
v 0.000000 29.220182 26.336903
v -4.227701 29.272161 24.041056
v 0.000000 28.537016 25.108717
v 9.015505 33.051846 23.466162
v 6.408871 30.905817 23.126450
v 8.493101 30.556810 20.487160
v 4.701634 29.710279 21.237511
v 4.260014 32.933041 25.358833
v 2.299654 32.509773 27.580019
v 1.965746 32.071655 26.743809
v -0.005386 31.997398 28.341568
v -0.005386 31.722647 27.397097
v 1.965746 32.071655 26.743809
v -0.005386 31.722647 27.397097
v -0.005386 33.683033 13.909466
v -0.005386 33.683033 13.909466
v -2.558163 32.606308 26.381699
v -0.010771 31.886011 27.169378
v -1.987289 32.071655 26.743809
v -4.308485 32.933041 25.358833
v -2.558163 32.606308 26.381699
v -0.010771 31.886011 27.169378
v 2.531235 32.606308 26.381699
v 4.260014 32.933041 25.358833
v -2.229641 31.626112 26.437695
v -11.460570 44.531998 21.468960
v -9.839502 40.685478 23.660278
v -10.017227 38.442917 24.141848
v -8.611584 39.059250 24.403162
v -3.705297 37.715199 26.665413
v -9.020890 33.051846 23.466162
v -6.419642 30.905817 23.126450
v -4.308485 32.933041 25.358833
v -3.091338 30.519680 25.463360
v 0.000000 30.230080 26.441427
v 3.699911 37.715199 26.665413
v 1.971132 38.717670 27.453093
v 2.515078 35.190456 27.822670
v 0.000000 37.388470 28.759672
v -0.005386 34.915707 29.024721
v -2.525849 35.190456 27.822670
v -2.321196 32.509773 27.580019
v -1.987289 32.071655 26.743809
v 0.000000 28.262264 22.290239
v 4.701634 29.710279 21.237511
v 4.222315 29.272161 24.041056
v 6.408871 30.905817 23.126450
v 4.260014 32.933041 25.358833
v 9.015505 33.051846 23.466162
v 10.011842 38.442917 24.141848
v -11.250531 36.571636 20.095186
v -9.020890 33.051846 23.466162
v -4.308485 32.933041 25.358833
v -3.705297 37.715199 26.665413
v -1.976517 38.717670 27.453093
v 0.000000 39.244896 29.502554
v 1.971132 38.717670 27.453093
v 2.531235 32.606308 26.381699
v 4.222315 29.272161 24.041056
v 11.455184 44.531998 21.468960
v 9.834117 40.685478 23.660278
v 10.981251 40.566669 21.159113
v 10.011842 38.442917 24.141848
v 11.239760 36.571636 20.095186
v 9.015505 33.051846 23.466162
v 10.286508 33.215214 20.117584
v 8.493101 30.556810 20.487160
v 9.834117 40.685478 23.660278
v 8.600813 39.059250 24.403162
v 3.699911 37.715199 26.665413
v 2.515078 35.190456 27.822670
v 0.000000 28.262264 22.290239
v -4.707020 29.710279 21.237511
v -8.498486 30.742453 20.487160
v -10.297279 33.215214 20.117584
v 2.875914 41.442905 26.340633
v 1.529512 41.338947 26.456358
v 4.136145 39.133511 25.773205
v 4.416197 38.806778 27.516554
v 1.114820 42.051815 28.360231
v 1.114820 38.910740 27.886129
v 5.708742 49.165649 27.034986
v 5.660272 46.975063 27.856266
v 8.579270 47.197830 24.880997
v -3.705297 37.715199 26.665413
v -1.976517 38.717670 27.453093
v -4.152302 39.133511 25.773205
v 2.267340 42.601318 26.456358
v 8.999348 45.319130 26.516088
v 8.261520 43.730026 25.818001
v 9.618692 42.786957 23.865599
v 9.338641 40.989933 24.294903
v 9.834117 40.685478 23.660278
v 0.000000 42.185478 28.013054
v -2.272726 42.601318 26.456358
v -1.534898 41.338947 26.456358
v -2.908227 41.442905 26.340633
v -4.416197 42.007259 27.998121
v -4.426968 38.806778 27.516554
v -1.120206 42.051815 28.360231
v -1.125592 38.910740 27.886129
v 1.297931 40.841423 28.240772
v 0.000000 40.277069 29.054585
v 1.351787 39.994892 28.181044
v 0.000000 41.101322 28.782068
v -1.303317 40.841423 28.240772
v -1.362558 39.980042 28.181044
v 4.410811 42.007259 27.998121
v 3.699911 37.715199 26.665413
v 1.971132 38.717670 27.453093
v -8.590042 47.197830 24.880997
v -9.624078 42.786957 23.865599
v -9.004733 45.319130 26.516088
v -6.344244 51.898312 25.836668
v -9.317098 49.418118 23.440027
v -11.460570 44.531998 21.468960
v -9.839502 40.685478 23.660278
v -5.714128 49.165649 27.034986
v -5.665658 46.975063 27.856266
v 0.000000 49.039410 28.505821
v 11.455184 44.531998 21.468960
v 9.311713 49.418118 23.440027
v 6.338858 51.898312 25.836668
v 0.000000 39.244896 29.502554
v 8.600813 39.059250 24.403162
v 6.150362 41.546867 26.669144
v 4.432354 44.093887 26.508623
v 2.208098 45.571602 28.584217
v -2.218870 45.571602 28.584217
v -4.448511 44.093887 26.508623
v -5.999565 41.546867 26.669144
v -8.611584 39.059250 24.403162
v -9.484052 40.989933 24.294903
v -8.277677 43.730026 25.818001
v 0.000000 53.116127 26.863264
vn 0.8877 0.4085 -0.2121
vn 0.9003 -0.3444 0.2662
vn 0.7735 0.0552 0.6314
vn -0.0000 -0.7637 0.6456
vn -0.0001 -0.0550 0.9985
vn 0.0001 -0.0551 0.9985
vn -0.9003 -0.3444 0.2661
vn -0.9496 0.1177 -0.2904
vn -0.8877 0.4086 -0.2121
vn -0.9003 -0.3444 0.2662
vn -0.7735 0.0552 0.6314
vn -0.0000 -0.0550 0.9985
vn -0.0000 -0.7636 0.6456
vn -0.0000 -0.9167 0.3996
vn -0.9003 -0.3445 0.2661
vn -0.7847 -0.6199 -0.0000
vn 0.7847 -0.6199 -0.0000
vn 0.9003 -0.3445 0.2662
vn 0.9496 0.1177 -0.2904
vn 0.8878 0.4085 -0.2122
vn 0.0001 -0.8148 -0.5798
vn 0.0001 -0.7847 -0.6199
vn 0.4568 -0.6853 -0.5671
vn -0.0000 -0.7847 -0.6199
vn -0.0000 -0.8148 -0.5798
vn -0.4568 -0.6853 -0.5671
vn -0.1800 0.1017 0.9784
vn 0.1499 -0.4103 0.8996
vn -0.0235 0.1018 0.9945
vn -0.3861 0.9219 0.0315
vn -0.2991 0.7792 0.5509
vn -0.1178 0.9818 0.1492
vn 0.7299 -0.0314 0.6829
vn 0.7069 -0.0235 0.7069
vn 0.6606 0.5269 -0.5347
vn 0.9403 0.1645 -0.2978
vn 0.5048 0.1814 -0.8439
vn 0.7070 0.1493 0.6913
vn -0.3384 -0.5037 0.7948
vn -0.6054 -0.5897 0.5346
vn -0.8474 -0.5178 0.1177
vn 0.1800 0.1018 0.9784
vn 0.1020 0.7452 0.6590
vn 0.0235 0.1019 0.9945
vn 0.5584 0.5584 0.6135
vn 0.1801 0.1018 0.9784
vn 0.6518 -0.2042 0.7304
vn 0.8769 -0.4619 0.1331
vn 0.5897 -0.6054 0.5346
vn 0.8643 -0.5028 0.0157
vn 0.1020 0.7452 0.6589
vn 0.1182 0.9849 0.1261
vn 0.1805 0.9734 0.1413
vn 0.3701 0.9290 0.0079
vn 0.9744 0.2042 0.0943
vn 0.5980 0.5508 -0.5823
vn 0.2205 -0.4488 0.8660
vn 0.1800 0.1017 0.9784
vn 0.0079 0.1810 0.9835
vn 0.2516 0.0394 0.9670
vn -0.1886 -0.0000 0.9821
vn -0.9908 0.1336 -0.0236
vn -0.6278 0.0470 0.7769
vn 0.7815 0.1328 0.6096
vn 0.8413 0.3538 0.4088
vn 0.9883 0.1255 -0.0863
vn -0.5179 0.3217 0.7926
vn -0.3855 0.3777 0.8419
vn -0.7399 0.3227 0.5903
vn -0.1960 -0.9798 0.0392
vn -0.0861 -0.0626 -0.9943
vn 0.0157 -0.9984 0.0550
vn 0.9325 -0.3605 0.0235
vn 0.4955 0.5820 0.6449
vn 0.3845 -0.4864 0.7846
vn -0.0236 0.0315 -0.9992
vn -0.0000 -0.0941 -0.9956
vn -0.0235 -0.1095 -0.9937
vn 0.4890 -0.5284 0.6940
vn 0.1500 -0.4103 0.8995
vn 0.2600 -0.4097 0.8744
vn -0.6129 -0.2594 0.7464
vn -0.6944 -0.2604 0.6708
vn -0.1886 -0.2750 -0.9428
vn -0.1259 0.0157 -0.9919
vn -0.6921 -0.1416 -0.7078
vn -0.7390 -0.2201 -0.6367
vn -0.7904 -0.1096 -0.6027
vn -0.7946 0.3147 -0.5193
vn 0.5823 0.5980 -0.5508
vn 0.6427 0.5095 -0.5722
vn 0.4004 -0.4161 -0.8164
vn -0.7574 -0.1341 -0.6390
vn -0.7550 -0.0629 -0.6527
vn -0.0000 -0.2112 0.9775
vn 0.1499 -0.4103 0.8995
vn -0.0000 -0.5364 0.8440
vn 0.1649 0.3142 -0.9349
vn -0.6702 0.7412 0.0395
vn -0.8078 0.5882 0.0392
vn -0.2204 -0.4487 0.8661
vn -0.2990 0.7792 0.5509
vn -0.5584 0.5584 0.6135
vn -0.1801 0.1017 0.9784
vn -0.6518 -0.2042 0.7304
vn 0.5326 -0.0313 0.8458
vn 0.9106 0.2591 0.3219
vn 0.6225 0.2285 0.7486
vn 0.8656 0.4328 0.2518
vn 0.5872 -0.2583 0.7672
vn 0.6108 0.0392 0.7908
vn 0.0078 0.1810 0.9835
vn -0.2515 0.7151 -0.6522
vn -0.3211 0.1175 -0.9397
vn -0.6105 0.5401 -0.5793
vn -0.5720 0.0940 0.8148
vn -0.6129 -0.2592 0.7464
vn -0.5584 0.5585 0.6135
vn 0.1336 0.6603 0.7390
vn 0.0704 0.9240 0.3759
vn -0.0315 0.9458 0.3232
vn -0.0629 0.9752 -0.2124
vn -0.0944 0.9672 -0.2359
vn -0.5732 -0.2591 0.7774
vn -0.0628 -0.2825 0.9572
vn 0.8425 0.3307 0.4252
vn 0.7607 -0.1333 -0.6353
vn 0.7707 0.1416 -0.6213
vn 0.8240 0.1020 0.5573
vn 0.2594 -0.8096 -0.5266
vn -0.2901 -0.9565 0.0314
vn -0.3140 0.6594 0.6830
vn -0.9256 0.2432 -0.2902
vn -0.4401 -0.4481 0.7781
vn -0.4879 0.7792 0.3935
vn 0.6596 0.1413 0.7382
vn 0.6606 0.5269 -0.5348
vn -0.5919 -0.2525 0.7655
vn -0.5761 -0.5287 0.6234
vn 0.7302 -0.0157 0.6831
vn 0.6499 -0.3524 0.6734
vn 0.7365 -0.2116 0.6425
vn 0.7625 -0.0550 0.6446
vn -0.4558 -0.0629 0.8879
vn 0.5176 0.4471 -0.7295
vn -0.6367 -0.3066 -0.7075
vn -0.7608 -0.0863 -0.6432
vn -0.6530 -0.4092 0.6373
vn 0.6672 -0.3611 0.6515
vn 0.5123 -0.5832 0.6305
vn -0.8263 -0.0708 0.5588
vn -0.6841 -0.4875 0.5426
vn -0.0471 0.7629 0.6448
vn -0.8329 0.3458 -0.4321
vn -0.6530 -0.4091 0.6373
vn -0.5334 -0.4001 0.7452
vn -0.6431 -0.4392 0.6274
vn -0.8660 -0.2755 -0.4173
vn -0.8416 -0.3618 0.4011
vn -0.2205 -0.4488 0.8660
vn -0.2204 -0.4488 0.8660
vn 0.2599 -0.4096 0.8744
vn -0.8506 -0.1497 -0.5040
vn -0.9744 0.2043 0.0943
vn -0.6105 0.5401 -0.5792
vn -0.8642 -0.5029 0.0157
vn -0.8473 -0.5179 0.1177
vn -0.7537 -0.3219 -0.5730
vn -0.6215 -0.4327 -0.6530
vn -0.2585 -0.1879 -0.9476
vn -0.7536 -0.3219 -0.5731
vn -0.8506 -0.1497 -0.5041
vn -0.0000 -0.1095 -0.9940
vn -0.2584 -0.1879 -0.9476
vn -0.6106 0.5401 -0.5792
vn -0.1969 0.9453 -0.2599
vn -0.1646 0.9326 -0.3213
vn -0.5584 0.5584 0.6134
vn -0.3862 0.9219 0.0315
vn -0.9744 0.2042 0.0943
vn -0.1969 0.9453 -0.2600
vn -0.0000 0.6199 -0.7847
vn -0.6054 -0.5896 0.5346
vn -0.2205 -0.4487 0.8660
vn -0.7536 -0.3218 -0.5731
vn -0.2584 -0.1880 -0.9476
vn -0.6215 -0.4327 -0.6531
vn -0.8643 -0.5028 0.0157
vn -0.8769 -0.4619 0.1331
vn -0.6519 -0.2042 0.7303
vn -0.0000 0.7071 0.7071
vn 0.0235 0.1018 0.9945
vn 0.1020 0.7453 0.6589
vn 0.2991 0.7791 0.5509
vn -0.1577 -0.4098 0.8984
vn -0.0000 -0.5655 0.8247
vn -0.4970 -0.5207 0.6942
vn 0.2204 -0.4488 0.8660
vn -0.1576 -0.4098 0.8985
vn 0.2990 0.7792 0.5509
vn 0.3211 0.1175 -0.9397
vn 0.2759 0.7253 -0.6307
vn 0.5584 0.5585 0.6134
vn 0.3700 0.9290 0.0078
vn 0.2991 0.7792 0.5509
vn 0.1182 0.9850 0.1260
vn -0.0000 -0.2352 -0.9720
vn 0.2584 -0.1880 -0.9476
vn 0.1885 -0.2750 -0.9428
vn 0.2990 -0.5037 0.8105
vn 0.5896 -0.6054 0.5346
vn 0.8391 -0.5254 0.1412
vn -0.1576 -0.4098 0.8984
vn 0.2990 -0.5036 0.8105
vn -0.2754 -0.4014 0.8735
vn 0.6519 -0.2042 0.7303
vn 0.9744 0.2043 0.0943
vn 0.8506 -0.1496 -0.5040
vn -0.1885 -0.2750 -0.9428
vn -0.0000 -0.1096 -0.9940
vn 0.6216 -0.4327 -0.6530
vn 0.7536 -0.3219 -0.5731
vn 0.8391 -0.5254 0.1411
vn 0.8642 -0.5029 0.0157
vn 0.8506 -0.1497 -0.5041
vn 0.2585 -0.1879 -0.9476
vn 0.1806 0.9734 0.1412
vn 0.2045 0.9438 -0.2595
vn 0.5980 0.5508 -0.5822
vn 0.5584 0.5584 0.6134
vn -0.0000 0.1096 -0.9940
vn -0.1885 -0.0000 0.9821
vn -0.4084 -0.0549 0.9111
vn 0.2516 0.0393 0.9670
vn 0.6108 0.0391 0.7908
vn 0.0314 0.9634 -0.2663
vn -0.0000 0.9697 -0.2444
vn -0.0706 0.9567 0.2823
vn -0.1338 0.9369 0.3228
vn -0.1331 0.6890 0.7125
vn 0.1886 -0.2750 -0.9428
vn 0.6215 -0.4327 -0.6531
vn 0.7536 -0.3218 -0.5731
vn -0.6216 -0.4327 -0.6530
vn 0.9107 0.2591 0.3219
vn 0.9279 0.1730 -0.3303
vn 0.8404 -0.0079 -0.5419
vn 0.7238 -0.0866 -0.6845
vn 0.6511 -0.2353 -0.7216
vn 0.5564 -0.8307 0.0156
vn 0.4094 -0.8268 -0.3858
vn 0.6845 -0.0865 -0.7239
vn -0.8078 0.5882 0.0391
vn 0.1650 0.3142 -0.9349
vn -0.7170 0.6855 0.1261
vn -0.8077 0.5882 0.0392
vn -0.6702 0.7411 0.0394
vn 0.8412 0.3538 0.4088
vn 0.3627 0.3785 0.8516
vn 0.1340 0.6305 0.7645
vn -0.1178 0.0864 0.9893
vn -0.1178 0.0863 0.9893
vn 0.0313 -0.4781 0.8778
vn -0.2040 -0.8158 0.5412
vn 0.3372 -0.9255 0.1726
vn -0.2197 -0.9653 -0.1413
vn 0.3372 -0.9255 0.1725
vn 0.0391 -0.7447 -0.6663
vn -0.1807 -0.2200 -0.9586
vn 0.3927 0.0314 -0.9191
vn 0.1181 -0.0394 0.9922
vn 0.8384 0.1724 -0.5171
vn 0.9468 0.3156 -0.0631
vn 0.9686 -0.2441 0.0473
vn 0.6076 -0.2840 0.7417
vn 0.3628 0.3785 0.8516
vn 0.0710 0.2917 0.9539
vn 0.0709 0.2917 0.9539
vn -0.0000 -0.2203 -0.9754
vn -1.0000 -0.0001 -0.0001
vn -0.0000 0.9720 -0.2351
vn 1.0000 -0.0001 -0.0001
vn -0.0001 0.2203 0.9754
vn -0.0000 -0.9720 0.2351
vn 0.0235 0.4155 0.9093
vn -0.1883 0.3059 0.9333
vn -0.1970 0.2285 0.9534
vn -0.0000 0.1568 0.9876
vn -0.1182 0.9925 -0.0315
vn -0.0157 -0.0237 -0.9996
vn -0.0000 0.9992 -0.0393
vn 0.4955 0.5820 0.6448
vn 0.7846 0.6199 0.0079
vn 0.2754 0.6139 -0.7398
vn 0.6758 -0.3850 -0.6286
vn -0.1491 0.0235 0.9885
vn -0.0785 0.0314 0.9964
vn 0.3844 -0.4865 0.7846
vn -0.9975 -0.0628 -0.0314
vn 0.7847 0.6199 0.0078
vn 0.6757 -0.3850 -0.6286
vn 0.2755 0.6139 -0.7398
vn 0.6824 0.0471 0.7294
vn 0.6629 0.4262 -0.6156
vn 0.7132 0.6270 -0.3135
vn 0.5042 0.5987 -0.6224
vn 0.6279 0.5180 -0.5808
vn -0.1729 0.9747 0.1415
vn -0.1178 0.9818 0.1493
vn -0.1020 0.7453 0.6589
vn -0.9038 -0.0550 -0.4244
vn -0.8085 -0.0942 0.5809
vn -0.6977 0.2195 -0.6820
vn -0.7601 0.3605 0.5407
vn -0.1254 0.9876 0.0941
vn -0.0000 0.9948 0.1019
vn -0.1020 0.7452 0.6590
vn -0.1800 0.1018 0.9784
vn -0.0235 0.1019 0.9945
vn -0.0000 -0.2111 0.9775
vn -0.0235 -0.1096 -0.9937
vn -0.0473 -0.1655 -0.9851
vn -0.0157 -0.1567 -0.9875
vn -0.0157 0.1567 -0.9875
vn -0.0000 0.4156 -0.9095
vn 0.0236 0.5743 -0.8183
vn 0.0313 0.9634 -0.2663
vn -0.0943 0.9672 -0.2359
vn -0.0629 0.9752 -0.2123
vn -0.0235 0.5563 -0.8306
vn 0.0236 0.3536 -0.9351
vn 0.0705 0.0705 -0.9950
vn 0.0707 0.0079 -0.9975
vn -0.0000 -0.0629 -0.9980
vn -0.7537 -0.3218 -0.5731
vn 0.1882 0.9333 -0.3058
vn -0.0157 0.9470 -0.3208
vn -0.0000 0.9948 0.1018
vn -0.1730 0.9747 0.1414
vn -0.0156 0.9470 -0.3209
vn 0.1882 0.9333 -0.3059
vn 0.2045 0.9438 -0.2596
vn 0.7537 -0.3219 -0.5730
vn -0.2515 0.7151 -0.6523
vn 0.2584 -0.1879 -0.9476
vn -0.2755 -0.4014 0.8735
vn -0.1731 0.6845 0.7081
vn -0.1022 0.0943 0.9903
vn 0.0706 -0.1805 0.9810
vn 0.1957 -0.4541 0.8692
vn 0.4159 -0.5729 0.7063
vn 0.5871 -0.2584 0.7672
vn 0.6778 -0.2443 0.6935
vn -0.4481 -0.5661 0.6919
vn -0.2115 -0.4465 0.8694
vn -0.0706 -0.1805 0.9810
vn 0.1333 0.0784 0.9880
vn 0.2122 0.6210 0.7545
vn -0.0000 0.0236 -0.9997
vn -0.0000 -0.2351 -0.9720
vn 0.1260 0.0157 -0.9919
vn 0.6921 -0.1416 -0.7078
vn 0.5565 -0.8307 0.0157
vn 0.7815 0.1329 0.6096
vn 0.5200 -0.7406 0.4255
vn 0.1339 0.6305 0.7645
vn -0.6912 -0.0000 0.7226
vn -0.6831 0.6988 -0.2120
vn 0.1650 0.3143 -0.9349
vn 0.3928 0.0315 -0.9191
vn 0.6845 -0.0866 -0.7239
vn -0.1803 0.0862 0.9798
vn -0.3846 -0.9183 0.0942
vn -0.2751 -0.0707 -0.9588
vn -0.2751 -0.0708 -0.9588
vn -0.0000 0.9969 -0.0785
vn 0.3538 0.4246 0.8334
vn 0.5177 0.4471 -0.7295
vn -0.7608 -0.0862 -0.6432
vn -0.7389 -0.2201 0.6368
vn -0.2429 -0.1097 0.9638
vn 0.7177 0.0552 0.6941
vn 0.1182 -0.0315 0.9925
vn 0.3540 0.2045 0.9126
vn 0.2675 0.9519 -0.1495
vn 0.7365 -0.2115 0.6425
vn -0.5175 -0.2038 0.8311
vn -0.8626 -0.2509 -0.4392
vn -0.5578 -0.2435 -0.7934
vn -0.4949 0.5264 -0.6914
vn -0.4950 0.5263 -0.6913
vn -0.7946 0.3147 -0.5192
vn -0.8433 0.5359 -0.0394
vn -0.4402 -0.4480 0.7782
vn 0.7299 -0.0314 0.6828
vn 0.2600 -0.4096 0.8745
vn 0.2201 0.0392 0.9747
vn -0.0000 0.1414 0.9899
vn -0.2754 -0.4013 0.8735
vn -0.2276 0.0392 0.9730
vn 0.2991 -0.5036 0.8105
vn 0.5872 0.0705 0.8064
vn 0.9899 0.1414 0.0079
vn -0.7328 -0.1576 -0.6619
vn 0.1728 0.5262 -0.8326
vn -0.4950 0.5263 -0.6914
vn -0.0000 -0.8697 0.4935
vn -0.0000 0.8815 0.4723
vn -0.6700 0.3785 0.6386
vn -0.6575 0.6575 0.3679
vn -0.4326 0.7079 -0.5584
vn -0.0000 -0.8697 0.4936
vn -0.0000 0.8815 0.4722
vn -0.0000 0.1886 0.9821
vn 0.3136 0.0392 0.9487
vn 0.3361 0.0860 0.9379
vn 0.0866 -0.8350 0.5435
vn 0.2978 -0.9326 -0.2038
vn -0.0000 -0.7669 0.6417
vn -0.0000 0.0079 1.0000
vn 0.2201 0.0393 0.9747
vn 0.6057 -0.5507 -0.5743
vn 0.0392 -0.7447 -0.6663
vn 0.3928 0.0314 -0.9191
vn -0.9766 0.1024 0.1890
vn -0.9907 0.1337 -0.0236
vn -0.5331 0.1097 -0.8389
vn -0.0000 -0.0078 -1.0000
vn -0.0000 -0.6832 -0.7302
vn -0.0314 -0.3927 -0.9191
vn 0.4696 -0.1565 0.8689
vn -0.9980 -0.0550 -0.0314
vn 0.5255 -0.6981 0.4863
vn -0.9992 -0.0236 -0.0314
vn 0.1491 -0.0078 -0.9888
vn 0.6212 0.4090 -0.6684
vn -0.9980 -0.0551 -0.0314
vn 0.6213 0.4089 -0.6685
vn 0.4697 -0.1565 0.8689
vn 0.4697 -0.1566 0.8688
vn 0.6212 0.4089 -0.6685
vn 0.1095 0.0078 0.9940
vn 0.1491 -0.0080 -0.9888
vn 0.3074 -0.6069 -0.7329
vn -0.6850 0.0788 -0.7243
vn 0.4239 0.6124 -0.6673
vn -0.7417 0.6706 -0.0157
vn 0.3142 0.7382 0.5969
vn 0.3307 0.7165 -0.6142
vn -0.1491 -0.0078 -0.9888
vn -0.2906 0.5890 -0.7540
vn -0.1095 0.0081 0.9940
vn 0.0549 -0.1335 0.9895
vn 0.0001 0.8815 0.4722
vn -0.0000 -0.0079 -1.0000
vn -0.9999 -0.0000 -0.0158
vn 0.1491 -0.0079 -0.9888
vn -0.1096 0.0078 0.9939
vn 0.9995 0.0315 0.0001
vn 0.0473 -0.7876 0.6143
vn 0.9931 0.1172 0.0078
vn 0.0550 -0.1335 0.9895
vn 0.9995 0.0315 -0.0000
vn 0.9995 0.0314 -0.0000
vn 0.9931 0.1173 0.0078
vn -0.2906 0.5891 -0.7540
vn -0.2906 0.5890 -0.7541
vn -0.1491 -0.0079 -0.9888
vn 0.9999 -0.0000 -0.0157
vn -0.3142 0.7382 0.5969
vn 0.7417 0.6706 -0.0158
vn -0.3378 0.7146 -0.6126
vn 0.6524 0.0708 -0.7545
vn -0.3218 -0.6123 -0.7221
vn -0.4347 0.6086 -0.6638
vn -0.9638 -0.0000 0.2664
vn -0.9167 -0.0000 0.3996
vn -0.9709 0.0470 0.2349
vn -0.9575 0.1099 0.2668
vn -0.6701 0.3784 0.6386
vn -0.4783 0.0078 0.8782
vn -0.5745 0.0079 0.8185
vn -0.0001 0.8815 0.4722
vn -0.9992 -0.0235 -0.0315
vn 0.1096 0.0080 0.9939
vn 0.9612 -0.0000 0.2758
vn 0.9686 0.0472 0.2441
vn 0.9125 -0.0078 0.4090
vn 0.9594 0.1101 0.2595
vn 0.4326 0.7079 -0.5584
vn 0.6531 0.6609 0.3698
vn 0.6687 0.3698 0.6451
vn 0.4722 0.0079 0.8815
vn 0.5655 0.0079 0.8247
vn 0.5655 0.0157 0.8246
vn -0.3221 0.0864 0.9427
vn -0.2361 0.2597 0.9364
vn -0.0000 0.1885 0.9821
vn -0.0000 0.0315 0.9995
vn -0.3221 0.0864 0.9428
vn -0.3066 0.0314 0.9513
vn 0.2440 0.2518 0.9365
vn -0.0000 0.3700 0.9290
vn 0.0471 -0.9484 -0.3135
vn -0.4391 -0.7605 0.4783
vn -0.6704 -0.5364 -0.5127
vn -0.1497 -0.7485 0.6460
vn -0.4084 -0.0550 0.9111
vn -0.3609 0.1648 0.9179
vn -0.3625 0.1813 0.9142
vn 0.3862 0.0236 0.9221
vn 0.3705 0.1104 0.9223
vn -0.0000 0.2203 0.9754
vn -0.3846 0.5102 0.7693
vn -0.0079 0.3700 0.9290
vn -0.2604 0.3708 0.8915
vn 0.2917 -0.8358 -0.4652
vn -0.1176 -0.6194 -0.7762
vn -0.0157 -0.1568 -0.9875
vn -0.4087 -0.7861 -0.4637
vn -0.1496 -0.7485 0.6460
vn -0.0000 -1.0000 0.0079
vn -0.4719 -0.8808 0.0393
vn 0.2918 -0.8358 -0.4652
vn -0.4088 -0.7860 -0.4637
vn -0.0000 -0.6832 -0.7303
vn -0.0314 -0.3928 -0.9191
vn 0.0470 -0.9484 -0.3135
vn -0.6705 -0.5363 -0.5127
vn 0.6704 -0.5364 -0.5127
vn 0.4391 -0.7605 0.4783
vn -0.0470 -0.9484 -0.3135
vn -0.0866 -0.8350 0.5435
vn -0.2978 -0.9326 -0.2038
vn -0.0000 -0.9992 0.0393
vn -0.2275 0.0393 0.9730
vn -0.0627 -0.1882 0.9801
vn 0.5871 0.0705 0.8064
vn 0.5331 0.1097 -0.8389
vn 0.1259 0.0158 -0.9919
vn 0.3373 -0.9255 0.1725
vn 0.3384 0.4643 0.8185
vn 0.2276 0.3454 0.9104
vn -0.0000 0.2202 0.9755
vn -0.2603 0.3708 0.8915
vn 0.4853 0.2505 0.8377
vn -0.0000 0.2757 0.9612
vn -0.4853 0.2505 0.8377
vn -0.6849 0.0787 -0.7243
vn 0.4240 0.6123 -0.6673
vn 0.5255 -0.6980 0.4864
vn 0.3074 -0.6068 -0.7330
vn -0.4347 0.6085 -0.6639
vn -0.3218 -0.6122 -0.7222
vn 0.0473 -0.7876 0.6144
vn 0.6524 0.0707 -0.7546
vn -0.3141 0.7383 0.5969
vn -0.3377 0.7147 -0.6125
vn -0.1492 -0.0079 -0.9888
vn 0.7416 0.6707 -0.0158
vn 0.9999 -0.0000 -0.0158
vn -0.0000 -0.0394 0.9992
vn 0.0001 0.3373 -0.9414
vn -0.0000 0.3373 -0.9414
vn -0.0000 -0.9931 -0.1173
vn -0.0001 -0.0395 0.9992
vn 0.1096 0.0078 0.9939
vn 0.3307 0.7166 -0.6142
vn -0.9999 -0.0000 -0.0157
vn -0.7416 0.6706 -0.0158
vn 0.3142 0.7383 0.5969
vn 0.2836 -0.8430 0.4570
vn 0.5832 -0.8117 0.0315
vn 0.0866 -0.8349 0.5435
vn -0.5038 -0.2755 0.8187
vn -0.6278 0.0471 0.7770
vn 0.0627 -0.1882 0.9801
vn -0.0000 -0.7670 0.6417
vn 0.6704 -0.5364 -0.5126
vn 0.0314 -0.3928 -0.9191
vn 0.9710 0.1253 0.2036
vn 0.5047 -0.2444 0.8280
vn -0.1259 0.0158 -0.9919
vn 0.3627 0.3784 0.8516
vn 0.0314 -0.4780 0.8778
vn 0.6076 -0.2841 0.7417
vn 0.9686 -0.2442 0.0472
vn 0.0314 -0.3927 -0.9191
vn 0.6705 -0.5363 -0.5127
vn -0.0866 -0.8349 0.5435
vn -0.0000 -0.1414 0.9900
vn 0.0547 0.1641 0.9849
vn -0.0471 -0.1884 0.9810
vn 0.3537 0.5188 0.7783
vn 0.1335 0.4866 0.8634
vn 0.0547 0.1642 0.9849
vn -0.1258 -0.0472 0.9909
vn -0.1100 0.4632 0.8794
vn -0.0470 0.1490 0.9877
vn -0.3143 0.4557 0.8328
vn 0.0471 -0.1883 0.9810
vn -0.0470 0.1489 0.9877
vn 0.9497 0.1177 -0.2904
vn 0.8877 0.4086 -0.2121
vn -0.0000 0.5655 -0.8247
vn -0.7708 0.6370 0.0079
vn 0.0002 0.7452 -0.6668
vn 0.0001 0.9126 -0.4089
vn 0.7708 0.6371 0.0079
vn -0.8877 0.4086 -0.2122
vn -0.9575 0.1099 0.2669
vn -0.6622 -0.1104 0.7411
vn -0.3366 -0.2192 0.9158
vn -0.0471 -0.1883 0.9810
vn 0.0471 -0.1884 0.9810
vn 0.3073 -0.2364 0.9218
vn 0.6443 -0.1257 0.7544
vn -0.7735 0.0553 0.6314
vn -0.4854 0.2505 0.8376
vn 0.0001 -0.0550 0.9985
vn 0.4854 0.2505 0.8376
vn 0.7734 0.0553 0.6314
vn 0.0002 -0.2996 0.9541
vn -0.0000 0.6585 0.7526
vn -0.2200 0.4950 0.8406
vn 0.4389 -0.3606 0.8230
vn 0.4495 -0.2129 0.8675
vn -0.6584 0.0157 0.7525
vn -0.9263 -0.0000 0.3768
vn -0.9279 -0.1572 0.3381
vn -0.0000 -0.5475 0.8368
vn -0.4722 -0.7634 0.4407
vn -0.0000 -0.9569 0.2903
vn 0.6936 -0.4335 0.5753
vn 0.4883 -0.7010 0.5198
vn 0.5510 -0.7400 0.3857
vn 0.3855 -0.9206 0.0630
vn 0.5739 -0.2987 0.7625
vn 0.5186 -0.5029 0.6915
vn 0.2897 -0.9551 0.0627
vn -0.0000 -0.6750 0.7378
vn -0.0000 -0.9963 0.0863
vn 0.2896 -0.9551 0.0626
vn -0.0000 -0.9963 0.0862
vn 0.0079 0.2591 -0.9658
vn -0.2897 -0.9551 0.0626
vn -0.5738 -0.2987 0.7625
vn -0.2200 0.4949 0.8406
vn 0.2200 0.4949 0.8406
vn 0.5739 -0.2988 0.7625
vn -0.4487 -0.2205 0.8660
vn -0.8247 0.0078 0.5655
vn -0.7953 -0.0000 0.6063
vn -0.4378 -0.0000 0.8991
vn -0.4809 0.1735 0.8594
vn -0.6943 -0.4419 0.5681
vn -0.5014 -0.7051 0.5014
vn -0.4377 -0.3673 0.8206
vn -0.0000 -0.3768 0.9263
vn 0.4870 0.1728 0.8561
vn 0.6134 0.2045 0.7629
vn 0.5744 0.0158 0.8184
vn -0.0000 -0.0079 1.0000
vn -0.0000 -0.0785 0.9969
vn -0.5655 0.0157 0.8246
vn -0.5186 -0.5029 0.6915
vn -0.5739 -0.2987 0.7625
vn -0.2897 -0.9551 0.0627
vn -0.0000 -1.0000 -0.0000
vn 0.3855 -0.9205 0.0629
vn 0.4706 -0.7608 0.4470
vn 0.4883 -0.7009 0.5198
vn 0.5738 -0.2987 0.7625
vn 0.6936 -0.4335 0.5754
vn 0.6539 0.0158 0.7564
vn -0.9279 -0.1573 0.3381
vn -0.6943 -0.4418 0.5681
vn -0.6584 0.0156 0.7525
vn -0.4810 0.1734 0.8594
vn -0.6134 0.2044 0.7629
vn -0.0000 0.0236 0.9997
vn 0.6134 0.2044 0.7628
vn 0.2199 0.4950 0.8406
vn 0.4706 -0.7607 0.4471
vn 0.8247 0.0078 0.5655
vn 0.7669 0.0078 0.6417
vn 0.9263 -0.0000 0.3768
vn 0.6540 0.0157 0.7564
vn 0.9279 -0.1573 0.3381
vn 0.8709 -0.3845 0.3060
vn 0.5511 -0.7400 0.3857
vn 0.4314 0.0157 0.9020
vn 0.6539 0.0157 0.7564
vn 0.4870 0.1728 0.8562
vn 0.5745 0.0157 0.8184
vn -0.3990 -0.9153 0.0548
vn -0.5651 -0.7456 0.3532
vn -0.8637 -0.4004 0.3062
vn -0.0000 -0.1173 0.9931
vn 0.4470 0.0314 0.8940
vn 0.2901 0.0314 0.9565
vn 0.1024 -0.1418 0.9846
vn 0.4632 0.2826 0.8400
vn 0.3605 -0.0157 0.9326
vn 0.7769 0.2433 0.5807
vn -0.4810 0.1735 0.8594
vn -0.6134 0.2045 0.7628
vn -0.2901 0.0314 0.9565
vn 0.3377 -0.3141 0.8873
vn 0.7221 -0.0392 0.6907
vn 0.4310 -0.2665 0.8621
vn 0.8400 -0.0314 0.5417
vn 0.7021 -0.1183 0.7021
vn -0.0000 -0.0707 0.9975
vn -0.3376 -0.3141 0.8873
vn -0.4470 0.0314 0.8940
vn -0.1024 -0.1418 0.9846
vn 0.4811 0.1262 0.8675
vn -0.0000 0.1491 0.9888
vn 0.5362 -0.0237 0.8437
vn -0.0000 0.3139 0.9495
vn -0.4811 0.1262 0.8675
vn -0.5362 -0.0236 0.8438
vn 0.6134 0.2045 0.7628
vn -0.7769 0.2433 0.5807
vn -0.8552 -0.0235 0.5178
vn -0.7221 -0.0392 0.6907
vn -0.4735 0.2762 0.8364
vn -0.7619 0.1571 0.6284
vn -0.8247 0.0079 0.5655
vn -0.4632 0.2826 0.8400
vn -0.3605 -0.0157 0.9326
vn -0.0000 0.2664 0.9639
vn 0.8247 0.0079 0.5655
vn 0.7619 0.1571 0.6284
vn 0.4734 0.2762 0.8364
vn 0.2444 -0.1735 0.9540
vn 0.1655 -0.2522 0.9534
vn 0.2516 -0.2752 0.9279
vn -0.2516 -0.2752 0.9279
vn -0.1655 -0.2522 0.9534
vn -0.2274 -0.1804 0.9569
vn -0.4378 -0.0001 0.8991
vn -0.7323 -0.1260 0.6692
vn -0.4255 -0.2601 0.8668
vt 0.328857 0.966400
vt 0.297119 0.939880
vt 0.298462 0.966400
vt 0.256866 0.939880
vt 0.256866 0.966400
vt 0.328857 0.913330
vt 0.256866 0.913330
vt 0.295746 0.913330
vt 0.580933 0.973511
vt 0.580933 0.934906
vt 0.508270 0.973511
vt 0.460938 0.011414
vt 0.737976 0.236633
vt 0.649536 0.009979
vt 0.531586 0.145050
vt 0.433716 0.250153
vt 0.433716 0.138428
vt 0.790100 0.243835
vt 0.863373 0.226715
vt 0.757690 0.191010
vt 0.741821 0.713501
vt 0.665314 0.713501
vt 0.665314 0.663025
vt 0.739594 0.243896
vt 0.547760 0.143463
vt 0.414276 0.262238
vt 0.414429 0.159027
vt 0.553528 0.009979
vt 0.591766 0.159027
vt 0.681854 0.185974
vt 0.448578 0.051971
vt 0.731354 0.051971
vt 0.586823 0.009979
vt 0.424835 0.228241
vt 0.586823 0.273468
vt 0.469757 0.052826
vt 0.632996 0.169556
vt 0.414520 0.169556
vt 0.443634 0.112518
vt 0.622711 0.119141
vt 0.541534 0.031342
vt 0.563049 0.273468
vt 0.446411 0.009979
vt 0.679657 0.009979
vt 0.244659 0.408142
vt 0.145355 0.479980
vt 0.244659 0.479980
vt 0.322418 0.493500
vt 0.255402 0.493500
vt 0.255402 0.372650
vt 0.566467 0.669189
vt 0.545410 0.773529
vt 0.602142 0.669189
vt 0.572174 0.349701
vt 0.550537 0.399994
vt 0.572174 0.399994
vt 0.009979 0.128601
vt 0.065460 0.128601
vt 0.009979 0.292480
vt 0.255280 0.273102
vt 0.340332 0.350861
vt 0.289551 0.350861
vt 0.145355 0.299835
vt 0.244659 0.332672
vt 0.145355 0.378906
vt 0.554962 0.145508
vt 0.694336 0.080994
vt 0.708466 0.254974
vt 0.145355 0.365540
vt 0.244659 0.365540
vt 0.244659 0.407990
vt 0.322418 0.465179
vt 0.255402 0.465179
vt 0.741821 0.743683
vt 0.665314 0.743683
vt 0.867737 0.131073
vt 0.815216 0.189301
vt 0.815216 0.131073
vt 0.322418 0.372650
vt 0.865875 0.361938
vt 0.933044 0.273712
vt 0.938324 0.329437
vt 0.414429 0.072449
vt 0.680908 0.072449
vt 0.665863 0.262421
vt 0.492645 0.225128
vt 0.382690 0.773529
vt 0.382690 0.667328
vt 0.513123 0.773529
vt 0.499207 0.254364
vt 0.539764 0.185974
vt 0.511230 0.463593
vt 0.383759 0.463593
vt 0.511230 0.379242
vt 0.383759 0.379242
vt 0.145355 0.425049
vt 0.414429 0.009979
vt 0.414429 0.128662
vt 0.600586 0.009979
vt 0.629486 0.239471
vt 0.244659 0.082855
vt 0.145355 0.025238
vt 0.244659 0.025238
vt 0.145355 0.120239
vt 0.244659 0.120239
vt 0.877747 0.989990
vt 0.757599 0.908600
vt 0.757599 0.989990
vt 0.875153 0.599976
vt 0.872498 0.695374
vt 0.757599 0.733002
vt 0.885040 0.281006
vt 0.889832 0.258240
vt 0.798157 0.242462
vt 0.867737 0.242462
vt 0.763641 0.237122
vt 0.797333 0.245087
vt 0.853027 0.163940
vt 0.756866 0.131073
vt 0.756866 0.242462
vt 0.757599 0.516357
vt 0.757599 0.619751
vt 0.786438 0.348694
vt 0.839203 0.270691
vt 0.882202 0.805573
vt 0.877747 0.911011
vt 0.989990 0.790985
vt 0.989990 0.894562
vt 0.735413 0.121490
vt 0.485352 0.100220
vt 0.494568 0.273468
vt 0.704834 0.100220
vt 0.685883 0.273468
vt 0.714661 0.009979
vt 0.583862 0.142334
vt 0.714661 0.142334
vt 0.535339 0.223022
vt 0.665863 0.172852
vt 0.665863 0.273468
vt 0.535339 0.145355
vt 0.414429 0.230042
vt 0.414429 0.255035
vt 0.590057 0.253876
vt 0.600586 0.128662
vt 0.452118 0.036713
vt 0.676910 0.216858
vt 0.419128 0.216858
vt 0.629486 0.063873
vt 0.433716 0.026733
vt 0.564240 0.026733
vt 0.541534 0.206940
vt 0.414429 0.117828
vt 0.535339 0.009979
vt 0.665863 0.195526
vt 0.446411 0.273468
vt 0.670319 0.102112
vt 0.507904 0.106384
vt 0.584320 0.249054
vt 0.452850 0.259247
vt 0.424835 0.009979
vt 0.428009 0.010040
vt 0.617493 0.231354
vt 0.738220 0.010040
vt 0.704712 0.052826
vt 0.443634 0.052826
vt 0.492645 0.034088
vt 0.555023 0.145508
vt 0.714539 0.265686
vt 0.439209 0.180145
vt 0.471283 0.265686
vt 0.414429 0.261841
vt 0.714539 0.180145
vt 0.688202 0.052826
vt 0.564240 0.138428
vt 0.419128 0.237793
vt 0.676910 0.237793
vt 0.676910 0.036713
vt 0.194092 0.452332
vt 0.145355 0.489075
vt 0.244659 0.407837
vt 0.145355 0.429474
vt 0.145355 0.420593
vt 0.452454 0.379242
vt 0.452454 0.463593
vt 0.446686 0.379242
vt 0.446686 0.463593
vt 0.602142 0.787598
vt 0.602142 0.668274
vt 0.495544 0.787598
vt 0.495544 0.666504
vt 0.382690 0.787598
vt 0.382690 0.664764
vt 0.602142 0.664764
vt 0.483643 0.773529
vt 0.436493 0.669189
vt 0.478668 0.773529
vt 0.438232 0.725464
vt 0.382690 0.664124
vt 0.602142 0.691010
vt 0.602142 0.663574
vt 0.384796 0.158112
vt 0.384796 0.009979
vt 0.252075 0.158112
vt 0.252075 0.009979
vt 0.542999 0.773529
vt 0.602142 0.773529
vt 0.602142 0.725464
vt 0.522766 0.713837
vt 0.504517 0.318878
vt 0.504517 0.368256
vt 0.510254 0.318878
vt 0.510254 0.368256
vt 0.610199 0.311768
vt 0.585297 0.311768
vt 0.610199 0.285736
vt 0.635742 0.311768
vt 0.610199 0.336517
vt 0.522980 0.399994
vt 0.522980 0.349701
vt 0.572174 0.288269
vt 0.522980 0.288269
vt 0.117615 0.292480
vt 0.065460 0.292480
vt 0.117615 0.128601
vt 0.088409 0.490631
vt 0.117615 0.490631
vt 0.042755 0.490631
vt 0.065460 0.009979
vt 0.379944 0.273102
vt 0.295776 0.187500
vt 0.340332 0.187500
vt 0.757599 0.814575
vt 0.014496 0.488312
vt 0.075439 0.488312
vt 0.014496 0.388763
vt 0.075439 0.388763
vt 0.072968 0.361938
vt 0.443634 0.169556
vt 0.428009 0.231354
vt 0.145355 0.492249
vt 0.244659 0.492249
vt 0.244659 0.276215
vt 0.145355 0.153595
vt 0.244659 0.148529
vt 0.145355 0.025085
vt 0.244659 0.025085
vt 0.244659 0.265472
vt 0.145355 0.284485
vt 0.244659 0.361542
vt 0.145355 0.476990
vt 0.714661 0.237579
vt 0.424835 0.142334
vt 0.694733 0.026733
vt 0.694733 0.138428
vt 0.665863 0.009979
vt 0.145355 0.077362
vt 0.145355 0.177124
vt 0.244659 0.191589
vt 0.145355 0.282776
vt 0.244659 0.324432
vt 0.255402 0.637024
vt 0.322418 0.637024
vt 0.495544 0.664764
vt 0.504517 0.330841
vt 0.504517 0.376099
vt 0.510254 0.376099
vt 0.510254 0.330841
vt 0.504517 0.285583
vt 0.510254 0.285583
vt 0.773590 0.193634
vt 0.867279 0.226746
vt 0.741821 0.663025
vt 0.110413 0.488312
vt 0.110413 0.388763
vt 0.070496 0.311188
vt 0.989990 0.580872
vt 0.989990 0.685059
vt 0.989990 0.989990
vt 0.741821 0.713989
vt 0.632080 0.743683
vt 0.632080 0.713989
vt 0.632080 0.663025
vt 0.322418 0.504822
vt 0.255402 0.504822
vt 0.009979 0.490631
vt 0.948303 0.428345
vt 0.334106 0.629242
vt 0.357544 0.867889
vt 0.357544 0.629242
vt 0.323761 0.826630
vt 0.255524 0.648895
vt 0.323761 0.648895
vt 0.742859 0.802979
vt 0.601562 0.982056
vt 0.742859 0.982056
vt 0.535339 0.169617
vt 0.535339 0.087646
vt 0.665863 0.169617
vt 0.665863 0.139404
vt 0.535339 0.273468
vt 0.438232 0.702240
vt 0.414429 0.139404
vt 0.334106 0.832367
vt 0.349731 0.832367
vt 0.334106 0.867889
vt 0.349731 0.867889
vt 0.368195 0.514771
vt 0.368195 0.780334
vt 0.349731 0.780334
vt 0.368195 0.765961
vt 0.334106 0.866425
vt 0.368195 0.866425
vt 0.368195 0.712524
vt 0.334106 0.514771
vt 0.341919 0.680023
vt 0.353638 0.699554
vt 0.365356 0.680023
vt 0.338013 0.680023
vt 0.369263 0.680023
vt 0.349731 0.629242
vt 0.349731 0.797272
vt 0.349731 0.514771
vt 0.349731 0.824554
vt 0.334106 0.802917
vt 0.349731 0.765961
vt 0.369263 0.765961
vt 0.255524 0.867371
vt 0.255524 0.728058
vt 0.323761 0.867371
vt 0.323761 0.728058
vt 0.255524 0.826630
vt 0.601562 0.802979
vt 0.414429 0.087646
vt 0.414429 0.169617
vt 0.665863 0.100586
vt 0.145355 0.493500
vt 0.145355 0.447418
vt 0.194092 0.423584
vt 0.145355 0.397369
vt 0.194092 0.493500
vt 0.244659 0.397369
vt 0.244659 0.493500
vt 0.194092 0.391510
vt 0.244659 0.391510
vt 0.145355 0.257629
vt 0.194092 0.257629
vt 0.244659 0.257629
vt 0.727417 0.009979
vt 0.608307 0.173218
vt 0.466400 0.009979
vt 0.466400 0.173218
vt 0.412994 0.101410
vt 0.727417 0.103790
vt 0.727417 0.173218
vt 0.504730 0.139404
vt 0.414429 0.273468
vt 0.602142 0.667755
vt 0.299011 0.989990
vt 0.256866 0.989990
vt 0.349731 0.375336
vt 0.368195 0.726898
vt 0.368195 0.375336
vt 0.334106 0.746429
vt 0.334106 0.375336
vt 0.349731 0.726898
vt 0.368195 0.629242
vt 0.341919 0.629242
vt 0.369263 0.629242
vt 0.334106 0.765961
vt 0.341919 0.765961
vt 0.244659 0.440857
vt 0.145355 0.430511
vt 0.145355 0.391510
vt 0.255524 0.815857
vt 0.323761 0.815857
vt 0.255524 0.704468
vt 0.323761 0.695892
vt 0.366516 0.913330
vt 0.328857 0.989990
vt 0.366516 0.966400
vt 0.366516 0.989990
vt 0.255524 0.684479
vt 0.009979 0.850006
vt 0.009979 0.835236
vt 0.049805 0.835236
vt 0.093903 0.886597
vt 0.053711 0.850006
vt 0.176880 0.751740
vt 0.243347 0.723083
vt 0.243317 0.762848
vt 0.009979 0.907013
vt 0.115204 0.920685
vt 0.009979 0.930450
vt 0.202545 0.846405
vt 0.155975 0.899506
vt 0.229736 0.903076
vt 0.144775 0.970642
vt 0.110565 0.827240
vt 0.049805 0.822174
vt 0.009979 0.822174
vt 0.240845 0.958038
vt 0.240845 0.989990
vt 0.129791 0.989990
vt 0.240845 0.913605
vt 0.243378 0.674103
vt 0.192932 0.718384
vt 0.141174 0.740753
vt 0.087036 0.773438
vt 0.009979 0.886383
vt 0.048218 0.765656
vt 0.049011 0.793915
vt 0.009979 0.783234
vt 0.009979 0.802704
vt 0.009979 0.989990
vt 0.009979 0.747437
vt 0.242554 0.864014
vt 0.062592 0.706146
vt 0.036133 0.706512
vt 0.078064 0.739777
vt 0.494843 0.370789
vt 0.411957 0.284912
vt 0.411957 0.370789
vt 0.089813 0.581696
vt 0.105652 0.635681
vt 0.176788 0.624908
vt 0.051941 0.685730
vt 0.157501 0.655334
vt 0.139404 0.677673
vt 0.188751 0.689301
vt 0.159576 0.706146
vt 0.009979 0.685547
vt 0.494843 0.284912
vt 0.413971 0.317963
vt 0.398895 0.338379
vt 0.413971 0.338379
vt 0.398895 0.317963
vt 0.105865 0.516602
vt 0.216949 0.569641
vt 0.007812 0.584869
vt 0.110535 0.706146
vt 0.088806 0.676239
vt 0.040314 0.658142
vt 0.007812 0.506989
s 1
usemtl npc01_05
f 1/1/1 2/2/2 3/3/3
f 3/3/3 2/2/2 4/4/4
f 3/3/3 4/4/4 5/5/5
f 6/5/6 7/4/4 8/2/7
f 9/6/8 10/1/9 11/2/10
f 11/2/10 10/1/9 12/3/11
f 11/2/10 12/3/11 13/5/12
f 14/4/13 15/7/14 8/2/15
f 8/2/15 15/7/14 16/8/16
f 8/2/15 16/8/16 17/6/8
f 18/7/14 19/4/4 20/8/17
f 20/8/17 19/4/4 21/2/18
f 20/8/17 21/2/18 22/6/19
f 22/6/19 21/2/18 23/1/20
f 24/9/21 25/10/22 26/11/23
f 27/10/24 28/9/25 29/11/26
f 30/12/27 31/13/28 32/14/29
f 33/15/30 34/16/31 35/17/32
f 36/18/33 37/19/34 38/20/35
f 39/21/36 40/22/37 41/23/38
f 42/24/39 43/25/40 44/26/41
f 45/27/42 46/28/43 47/29/44
f 48/30/45 49/31/46 50/32/47
f 51/33/48 52/34/49 53/35/50
f 54/36/51 55/37/52 56/38/53
f 57/39/54 58/40/55 59/41/56
f 60/42/57 61/43/47 62/44/58
f 63/45/59 64/46/60 65/47/61
f 66/48/41 67/49/62 68/50/63
f 69/51/64 70/52/65 71/53/66
f 72/54/67 73/55/68 74/56/69
f 75/57/70 76/58/71 77/59/72
f 78/60/73 79/61/74 80/62/75
f 81/63/76 82/64/77 83/65/78
f 84/66/79 85/67/80 86/68/81
f 87/69/82 88/70/83 89/71/59
f 90/72/84 91/73/85 92/50/86
f 93/74/87 94/75/88 40/22/37
f 95/76/89 96/77/90 97/78/91
f 68/50/63 98/79/39 66/48/41
f 99/80/92 100/81/93 101/82/94
f 102/83/95 103/84/29 104/85/96
f 105/86/97 84/66/79 86/68/81
f 106/87/98 107/88/99 108/89/100
f 31/13/28 30/12/27 109/90/101
f 110/91/102 111/30/103 112/31/104
f 112/31/104 111/30/103 113/32/105
f 114/92/106 115/93/107 116/94/108
f 116/94/108 115/93/107 117/95/109
f 118/69/110 119/96/111 89/71/112
f 120/97/113 121/98/114 122/99/115
f 123/71/59 124/96/116 87/69/117
f 34/16/31 33/15/30 125/100/118
f 126/101/119 127/102/120 128/103/121
f 128/103/121 127/102/120 129/104/122
f 128/103/121 129/104/122 130/105/123
f 131/106/124 132/107/125 133/108/126
f 134/109/127 135/110/128 136/111/129
f 100/81/93 137/112/130 138/113/131
f 139/114/132 96/77/90 140/115/133
f 37/19/34 36/18/33 141/20/134
f 142/116/135 143/117/136 144/118/137
f 95/76/89 145/78/138 146/77/139
f 146/77/139 145/78/138 147/119/140
f 146/77/139 147/119/140 148/120/141
f 149/121/142 150/122/143 151/109/144
f 152/20/145 153/19/146 154/18/147
f 154/18/147 153/19/146 155/20/148
f 99/80/92 156/123/149 157/124/150
f 157/124/150 156/123/149 158/80/151
f 157/124/150 158/80/151 159/112/152
f 160/116/153 161/117/154 162/118/155
f 163/125/156 164/126/157 165/127/158
f 165/127/158 164/126/157 166/128/159
f 40/22/37 39/21/36 93/74/87
f 43/25/40 42/24/39 167/129/160
f 168/130/161 169/131/39 170/132/96
f 170/132/96 169/131/39 171/133/162
f 172/134/163 173/135/164 174/136/165
f 175/137/40 176/138/166 177/139/167
f 177/139/167 176/138/166 178/140/168
f 177/139/167 178/140/168 179/141/169
f 180/142/170 181/143/171 121/98/114
f 121/98/114 181/143/171 182/144/172
f 121/98/114 182/144/172 122/99/115
f 183/145/114 184/146/173 185/147/174
f 186/148/175 33/15/30 187/149/176
f 187/149/176 33/15/30 35/17/32
f 187/149/176 35/17/32 188/150/177
f 189/151/178 190/39/179 191/40/180
f 191/40/180 190/39/179 192/41/175
f 122/99/175 193/97/181 194/152/113
f 194/152/113 193/97/181 195/153/177
f 194/152/113 195/153/177 196/154/182
f 197/155/183 198/42/184 199/43/105
f 199/43/105 198/42/184 200/44/27
f 201/156/185 202/157/186 203/158/187
f 203/158/187 202/157/186 204/159/84
f 205/35/188 206/34/183 207/33/189
f 207/33/189 206/34/183 208/160/190
f 209/161/191 210/162/192 211/163/193
f 212/164/193 213/37/53 214/165/191
f 46/28/43 45/27/42 215/97/194
f 216/67/195 217/166/196 218/167/197
f 219/90/198 220/12/58 221/13/199
f 221/13/199 220/12/58 222/14/192
f 49/31/46 48/30/45 223/91/200
f 224/99/56 225/98/201 226/97/202
f 227/100/203 228/15/204 229/16/205
f 229/16/205 228/15/204 230/17/206
f 231/168/207 232/169/208 233/170/209
f 234/129/57 235/24/210 236/25/211
f 236/25/211 235/24/210 237/26/212
f 238/130/198 239/132/213 240/131/214
f 240/131/214 239/132/213 241/133/215
f 52/34/49 51/33/48 242/160/216
f 104/85/96 243/171/196 102/83/95
f 102/83/95 243/171/196 244/85/213
f 102/83/95 244/85/213 245/84/192
f 246/136/56 247/135/217 248/134/218
f 249/170/219 250/169/186 231/168/207
f 231/168/207 250/169/186 251/172/220
f 231/168/207 251/172/220 232/169/208
f 252/141/221 253/140/222 254/139/223
f 254/139/223 253/140/222 255/138/224
f 254/139/223 255/138/224 256/137/49
f 224/99/56 257/144/225 225/98/201
f 225/98/201 257/144/225 258/143/222
f 225/98/201 258/143/222 259/142/226
f 55/37/52 54/36/51 260/173/200
f 261/174/227 230/17/206 262/149/228
f 262/149/228 230/17/206 228/15/204
f 262/149/228 228/15/204 263/148/229
f 58/40/55 57/39/54 264/151/230
f 61/43/47 60/42/57 265/155/49
f 266/175/202 267/145/201 268/176/182
f 268/176/182 267/145/201 269/177/231
f 270/178/232 271/179/233 272/180/59
f 272/180/59 271/179/233 273/181/116
f 274/46/234 275/45/59 276/182/235
f 277/105/236 278/104/237 279/103/238
f 279/103/238 278/104/237 280/102/239
f 279/103/238 280/102/239 281/101/240
f 282/159/241 283/157/208 284/158/242
f 284/158/242 283/157/208 285/156/243
f 67/49/62 66/48/41 92/50/86
f 92/50/86 66/48/41 286/79/244
f 92/50/86 286/79/244 90/72/84
f 287/183/109 288/184/245 289/185/246
f 289/185/246 288/184/245 290/186/247
f 289/185/246 290/186/247 291/94/248
f 291/94/248 290/186/247 292/92/249
f 293/187/250 294/188/66 295/189/251
f 295/189/251 294/188/66 296/190/252
f 295/189/251 296/190/252 297/191/253
f 297/191/253 296/190/252 298/192/254
f 299/187/255 297/191/256 300/193/257
f 301/52/258 69/51/64 302/194/259
f 302/194/259 69/51/64 303/195/260
f 302/194/259 303/195/260 304/87/261
f 305/196/259 304/87/262 306/197/263
f 306/197/263 304/87/262 307/198/264
f 306/197/263 307/198/264 308/199/265
f 308/199/265 307/198/264 309/200/266
f 310/199/267 311/198/266 312/197/268
f 312/197/268 311/198/266 313/87/269
f 312/197/268 313/87/269 314/196/270
f 315/201/271 316/202/271 317/203/271
f 317/203/271 316/202/271 318/204/271
f 319/205/272 320/206/273 321/207/274
f 321/207/274 320/206/273 322/205/65
f 321/207/274 322/205/65 323/208/275
f 323/208/275 322/205/65 324/196/276
f 325/209/277 326/210/278 327/211/277
f 327/211/277 326/210/278 328/212/278
f 329/213/279 330/214/280 331/215/281
f 332/216/282 333/213/283 334/217/284
f 335/218/285 73/55/68 336/219/286
f 73/55/68 72/54/67 336/219/286
f 336/219/286 72/54/67 337/220/287
f 336/219/286 337/220/287 338/221/288
f 339/222/289 340/223/290 341/224/291
f 342/225/292 343/226/293 339/222/289
f 339/222/289 343/226/293 344/225/294
f 339/222/289 344/225/294 340/223/290
f 340/223/290 344/225/294 345/227/295
f 341/224/291 346/58/296 339/222/289
f 339/222/289 346/58/296 347/223/297
f 339/222/289 347/223/297 342/225/292
f 342/225/292 347/223/297 348/227/298
f 76/58/71 75/57/70 349/228/299
f 79/61/74 78/60/73 350/229/300
f 350/229/300 78/60/73 351/230/301
f 350/229/300 351/230/301 352/231/302
f 353/232/303 354/125/304 355/107/305
f 355/107/305 354/125/304 356/126/306
f 355/107/305 356/126/306 133/108/126
f 133/108/126 356/126/306 357/106/307
f 358/38/308 359/37/309 360/36/310
f 360/36/310 359/37/309 361/173/31
f 362/233/311 363/234/312 364/235/313
f 364/235/313 363/234/312 365/236/314
f 364/235/313 365/236/314 366/237/315
f 213/37/53 367/238/316 214/165/191
f 214/165/191 367/238/316 368/37/308
f 214/165/191 368/37/308 369/164/310
f 370/29/29 371/28/317 372/27/318
f 372/27/318 371/28/317 373/97/102
f 374/163/310 375/162/319 209/161/191
f 209/161/191 375/162/319 376/239/320
f 209/161/191 376/239/320 210/162/192
f 377/63/321 378/64/77 379/240/322
f 379/240/322 378/64/77 380/241/323
f 82/64/77 81/63/76 381/242/324
f 381/242/324 81/63/76 382/243/325
f 381/242/324 382/243/325 383/244/326
f 383/244/326 382/243/325 384/245/237
f 383/244/326 384/245/237 385/246/327
f 386/246/328 387/245/329 388/244/330
f 388/244/330 387/245/329 389/243/331
f 388/244/330 389/243/331 390/247/332
f 390/247/332 389/243/331 391/248/333
f 390/247/332 391/248/333 392/249/77
f 392/249/77 391/248/333 393/65/334
f 392/249/77 393/65/334 394/250/323
f 395/251/335 205/35/188 172/134/163
f 172/134/163 205/35/188 207/33/189
f 172/134/163 207/33/189 173/135/164
f 173/135/164 207/33/189 208/160/190
f 173/135/164 208/160/190 396/252/103
f 262/149/228 397/150/336 261/174/227
f 261/174/227 397/150/336 398/253/337
f 261/174/227 398/253/337 399/254/338
f 399/254/338 398/253/337 188/150/177
f 399/254/338 188/150/177 400/174/339
f 400/174/339 188/150/177 35/17/32
f 195/153/177 401/255/340 196/154/182
f 196/154/182 401/255/340 402/153/341
f 196/154/182 402/153/341 403/152/202
f 403/152/202 402/153/341 404/97/342
f 403/152/202 404/97/342 224/99/229
f 405/252/45 242/160/216 247/135/217
f 247/135/217 242/160/216 51/33/48
f 247/135/217 51/33/48 248/134/218
f 248/134/218 51/33/48 53/35/50
f 248/134/218 53/35/50 406/251/343
f 407/175/344 268/176/182 183/145/114
f 183/145/114 268/176/182 269/177/231
f 183/145/114 269/177/231 184/146/173
f 184/146/173 269/177/231 267/145/201
f 184/146/173 267/145/201 408/147/345
f 85/67/80 84/66/79 217/166/196
f 217/166/196 84/66/79 105/86/97
f 217/166/196 105/86/97 218/167/197
f 218/167/197 105/86/97 409/68/346
f 218/167/197 409/68/346 216/67/195
f 280/102/239 410/256/347 281/101/240
f 281/101/240 410/256/347 411/257/348
f 281/101/240 411/257/348 412/258/349
f 412/258/349 411/257/348 413/259/350
f 412/258/349 413/259/350 414/260/351
f 414/260/351 413/259/350 415/69/352
f 414/260/351 415/69/352 416/70/353
f 416/70/353 415/69/352 89/71/112
f 88/70/83 87/69/82 417/260/354
f 417/260/354 87/69/82 418/259/355
f 417/260/354 418/259/355 419/258/356
f 419/258/356 418/259/355 420/257/357
f 419/258/356 420/257/357 126/101/119
f 126/101/119 420/257/357 421/256/358
f 126/101/119 421/256/358 127/102/120
f 91/73/85 90/72/84 422/261/359
f 422/261/359 90/72/84 423/262/360
f 422/261/359 423/262/360 424/73/361
f 424/73/361 423/262/360 425/72/241
f 424/73/361 425/72/241 426/50/362
f 426/50/362 425/72/241 427/79/221
f 426/50/362 427/79/221 428/48/223
f 429/193/66 293/187/363 430/263/364
f 430/263/364 293/187/363 431/189/365
f 430/263/364 431/189/365 432/192/366
f 432/192/366 431/189/365 433/191/367
f 432/192/366 433/191/367 300/193/257
f 300/193/257 433/191/367 434/189/368
f 300/193/257 434/189/368 299/187/255
f 435/87/269 436/195/369 437/194/370
f 437/194/370 436/195/369 438/51/371
f 437/194/370 438/51/371 439/52/272
f 439/52/272 438/51/371 71/53/66
f 439/52/272 71/53/66 440/206/273
f 440/206/273 71/53/66 70/52/65
f 333/213/283 330/214/280 334/217/284
f 334/217/284 330/214/280 329/213/279
f 334/217/284 329/213/279 332/216/282
f 332/216/282 329/213/279 331/215/281
f 332/216/282 331/215/281 333/213/283
f 333/213/283 331/215/281 330/214/280
f 441/264/372 442/265/373 443/266/373
f 443/266/373 442/265/373 444/264/374
f 443/266/373 444/264/374 445/267/375
f 445/267/375 444/264/374 446/268/376
f 445/267/375 446/268/376 447/269/376
f 447/269/376 446/268/376 441/264/372
f 447/269/376 441/264/372 448/267/372
f 448/267/372 441/264/372 443/266/373
f 162/118/155 449/270/377 160/116/153
f 160/116/153 449/270/377 450/118/378
f 160/116/153 450/118/378 161/117/154
f 161/117/154 450/118/378 451/271/379
f 161/117/154 451/271/379 162/118/155
f 94/75/88 93/74/87 452/22/380
f 452/22/380 93/74/87 453/21/381
f 452/22/380 453/21/381 41/23/38
f 41/23/38 453/21/381 454/272/382
f 41/23/38 454/272/382 39/21/36
f 363/234/312 455/273/383 365/236/314
f 365/236/314 455/273/383 456/274/384
f 365/236/314 456/274/384 366/237/315
f 366/237/315 456/274/384 457/275/385
f 366/237/315 457/275/385 364/235/313
f 96/77/90 95/76/89 140/115/133
f 140/115/133 95/76/89 146/77/139
f 140/115/133 146/77/139 139/114/132
f 139/114/132 146/77/139 148/120/141
f 139/114/132 148/120/141 96/77/90
f 96/77/90 148/120/141 147/119/140
f 96/77/90 147/119/140 97/78/91
f 458/121/386 459/109/127 150/122/143
f 150/122/143 459/109/127 136/111/129
f 150/122/143 136/111/129 151/109/144
f 151/109/144 136/111/129 460/110/387
f 151/109/144 460/110/387 461/276/388
f 461/276/388 460/110/387 462/277/389
f 463/278/390 166/128/159 131/106/124
f 131/106/124 166/128/159 164/126/157
f 131/106/124 164/126/157 132/107/125
f 132/107/125 164/126/157 163/125/156
f 132/107/125 163/125/156 353/232/303
f 464/279/138 465/280/126 466/74/140
f 466/74/140 465/280/126 467/281/307
f 466/74/140 467/281/307 468/279/91
f 468/279/91 467/281/307 469/282/391
f 468/279/91 469/282/391 470/272/392
f 470/272/392 469/282/391 471/281/124
f 470/272/392 471/281/124 464/279/138
f 464/279/138 471/281/124 465/280/126
f 144/118/137 472/270/393 142/116/135
f 142/116/135 472/270/393 473/118/394
f 142/116/135 473/118/394 143/117/136
f 143/117/136 473/118/394 474/271/395
f 143/117/136 474/271/395 144/118/137
f 98/79/39 68/50/63 475/283/396
f 475/283/396 68/50/63 476/284/397
f 475/283/396 476/284/397 477/262/97
f 477/262/97 476/284/397 478/261/398
f 477/262/97 478/261/398 479/283/399
f 479/283/399 478/261/398 480/284/400
f 479/283/399 480/284/400 481/79/401
f 481/79/401 480/284/400 482/50/402
f 481/79/401 482/50/402 428/48/223
f 428/48/223 482/50/402 483/49/403
f 428/48/223 483/49/403 426/50/362
f 484/285/73 348/227/298 77/59/72
f 77/59/72 348/227/298 347/223/297
f 77/59/72 347/223/297 75/57/70
f 75/57/70 347/223/297 346/58/296
f 75/57/70 346/58/296 349/228/299
f 349/228/299 346/58/296 341/224/291
f 349/228/299 341/224/291 76/58/71
f 76/58/71 341/224/291 340/223/290
f 76/58/71 340/223/290 77/59/72
f 77/59/72 340/223/290 345/227/295
f 77/59/72 345/227/295 484/285/73
f 100/81/93 99/80/92 137/112/130
f 137/112/130 99/80/92 157/124/150
f 137/112/130 157/124/150 138/113/131
f 138/113/131 157/124/150 159/112/152
f 138/113/131 159/112/152 100/81/93
f 100/81/93 159/112/152 158/80/151
f 100/81/93 158/80/151 101/82/94
f 101/82/94 158/80/151 485/286/404
f 101/82/94 485/286/404 99/80/92
f 99/80/92 485/286/404 134/109/127
f 99/80/92 134/109/127 156/123/149
f 156/123/149 134/109/127 149/121/142
f 156/123/149 149/121/142 158/80/151
f 158/80/151 149/121/142 151/109/144
f 158/80/151 151/109/144 485/286/404
f 485/286/404 151/109/144 461/276/388
f 485/286/404 461/276/388 134/109/127
f 134/109/127 461/276/388 462/277/389
f 134/109/127 462/277/389 135/110/128
f 135/110/128 462/277/389 354/125/304
f 135/110/128 354/125/304 136/111/129
f 136/111/129 354/125/304 353/232/303
f 136/111/129 353/232/303 460/110/387
f 460/110/387 353/232/303 163/125/156
f 460/110/387 163/125/156 462/277/389
f 462/277/389 163/125/156 165/127/158
f 462/277/389 165/127/158 354/125/304
f 354/125/304 165/127/158 486/128/405
f 354/125/304 486/128/405 356/126/306
f 356/126/306 486/128/405 463/278/406
f 356/126/306 463/278/406 357/106/307
f 487/287/407 488/288/408 489/289/408
f 490/290/409 491/291/410 492/292/411
f 493/287/412 494/288/413 495/289/413
f 496/293/414 497/294/415 498/295/416
f 499/296/417 500/297/418 501/298/419
f 502/299/420 503/139/398 504/300/421
f 505/208/422 506/301/423 507/196/424
f 508/299/425 509/139/426 510/302/427
f 511/299/428 512/255/429 513/97/430
f 514/303/431 515/304/432 516/305/433
f 516/305/433 515/304/432 517/306/434
f 518/307/435 519/308/436 520/309/437
f 521/310/438 522/311/439 523/312/433
f 522/311/440 524/313/441 525/314/442
f 525/314/442 524/313/441 518/307/443
f 526/315/444 527/316/445 528/317/446
f 529/316/447 530/318/448 531/319/449
f 532/307/450 533/313/451 534/314/452
f 534/314/452 533/313/451 535/311/453
f 536/306/454 537/305/455 538/320/413
f 538/320/413 537/305/455 539/287/455
f 540/321/432 541/322/456 518/307/457
f 488/288/408 487/287/407 542/305/407
f 542/305/407 487/287/407 543/320/455
f 542/305/407 543/320/455 544/323/455
f 534/314/458 545/324/453 546/309/459
f 547/305/460 548/306/461 549/303/462
f 549/303/462 548/306/461 550/304/463
f 551/323/464 552/325/465 553/326/466
f 554/308/467 532/307/468 546/309/459
f 546/309/459 532/307/468 555/322/469
f 546/309/459 555/322/469 534/314/458
f 556/318/470 557/316/471 558/319/472
f 559/316/473 560/315/474 561/317/475
f 562/327/476 563/328/477 564/329/478
f 564/329/478 563/328/477 565/330/479
f 566/291/410 567/290/480 568/331/481
f 568/331/481 567/290/480 569/329/482
f 568/331/481 569/329/482 570/327/482
f 571/306/483 572/305/455 573/320/413
f 573/320/413 572/305/455 574/287/455
f 494/288/413 493/287/412 575/305/407
f 575/305/407 493/287/412 576/320/455
f 575/305/407 576/320/455 577/323/455
f 521/310/438 578/325/484 579/323/432
f 541/322/456 520/309/432 525/314/485
f 525/314/485 520/309/432 580/324/431
f 581/327/486 582/329/487 583/328/488
f 583/328/488 582/329/487 584/330/489
f 585/292/490 586/291/491 587/290/492
f 587/290/492 586/291/491 588/331/493
f 587/290/492 588/331/493 589/329/494
f 589/329/494 588/331/493 590/327/495
f 591/295/496 496/293/414 592/294/497
f 497/294/415 593/293/498 594/332/499
f 594/332/499 593/293/498 591/295/500
f 594/332/499 591/295/500 595/294/501
f 498/295/416 596/294/502 496/293/414
f 496/293/414 596/294/502 597/332/503
f 496/293/414 597/332/503 592/294/497
f 500/297/418 499/296/417 598/333/504
f 598/333/504 499/296/417 599/334/505
f 598/333/504 599/334/505 600/335/506
f 601/336/507 602/337/508 603/338/61
f 604/266/509 605/269/288 606/265/510
f 607/266/511 608/265/512 605/269/288
f 605/269/288 608/265/512 609/268/513
f 605/269/288 609/268/513 606/265/510
f 610/266/514 611/269/515 612/265/516
f 613/336/517 614/339/322 615/340/518
f 615/340/518 614/339/322 616/341/519
f 615/340/518 616/341/519 617/342/520
f 618/342/521 619/343/522 620/344/523
f 621/345/524 622/346/518 619/343/522
f 619/343/522 622/346/518 623/347/525
f 619/343/522 623/347/525 620/344/523
f 624/348/526 625/349/418 626/350/527
f 626/350/527 625/349/418 627/351/528
f 626/350/527 627/351/528 628/352/529
f 629/335/530 630/334/531 631/333/532
f 631/333/532 630/334/531 632/296/533
f 631/333/532 632/296/533 633/297/534
f 633/297/534 632/296/533 501/298/419
f 634/353/535 635/349/534 636/354/419
f 503/139/398 502/299/420 637/300/536
f 637/300/536 502/299/420 638/355/537
f 637/300/536 638/355/537 639/356/538
f 640/302/539 511/299/428 641/300/540
f 506/301/423 505/208/422 642/357/541
f 643/266/542 644/265/543 645/269/515
f 645/269/515 644/265/543 646/268/544
f 645/269/515 646/268/544 612/265/545
f 647/358/546 648/5/12 649/359/547
f 649/359/547 648/5/12 650/358/548
f 651/360/549 652/361/438 653/362/550
f 653/362/550 652/361/438 654/363/551
f 653/362/550 654/363/551 655/364/552
f 655/364/552 654/363/551 656/365/434
f 655/364/552 656/365/434 651/360/549
f 651/360/549 656/365/434 652/361/438
f 657/365/465 658/362/553 659/361/467
f 659/361/467 658/362/553 660/364/554
f 659/361/467 660/364/554 661/363/555
f 661/363/555 660/364/554 662/360/556
f 661/363/555 662/360/556 657/365/465
f 657/365/465 662/360/556 658/362/553
f 663/364/557 664/362/558 665/366/559
f 665/366/559 664/362/558 666/360/560
f 665/366/559 666/360/560 667/320/561
f 667/320/561 666/360/560 663/364/557
f 667/320/561 663/364/557 668/287/458
f 668/287/458 663/364/557 665/366/559
f 669/367/562 670/326/563 671/368/564
f 671/368/564 670/326/563 672/369/565
f 671/368/564 672/369/565 673/287/565
f 673/287/565 672/369/565 674/370/566
f 673/287/565 674/370/566 669/367/562
f 669/367/562 674/370/566 670/326/563
f 675/287/567 676/366/457 677/362/568
f 677/362/568 676/366/457 678/320/569
f 677/362/568 678/320/569 679/360/570
f 679/360/570 678/320/569 675/287/567
f 679/360/570 675/287/567 680/364/571
f 680/364/571 675/287/567 677/362/568
f 681/371/232 682/372/234 618/342/521
f 618/342/521 682/372/234 683/336/572
f 618/342/521 683/336/572 619/343/522
f 619/343/522 683/336/572 684/373/573
f 619/343/522 684/373/573 621/345/524
f 685/153/574 686/302/575 687/97/505
f 687/97/505 686/302/575 508/299/425
f 687/97/505 508/299/425 688/255/529
f 688/255/529 508/299/425 510/302/427
f 688/255/529 510/302/427 513/97/430
f 513/97/430 510/302/427 511/299/428
f 509/139/426 508/299/425 689/356/576
f 689/356/576 508/299/425 686/302/575
f 689/356/576 686/302/575 690/355/577
f 690/355/577 686/302/575 685/153/574
f 690/355/577 685/153/574 691/255/578
f 692/352/579 693/351/532 694/350/580
f 694/350/580 693/351/532 635/349/534
f 694/350/580 635/349/534 624/348/526
f 624/348/526 635/349/534 634/353/535
f 624/348/526 634/353/535 625/349/418
f 625/349/418 634/353/535 636/354/419
f 641/300/540 695/356/362 640/302/539
f 640/302/539 695/356/362 696/139/403
f 640/302/539 696/139/403 697/299/581
f 697/299/581 696/139/403 639/356/538
f 697/299/581 639/356/538 698/302/582
f 698/302/582 639/356/538 638/355/537
f 509/139/426 699/356/86 510/302/427
f 510/302/427 699/356/86 700/300/583
f 510/302/427 700/300/583 511/299/428
f 511/299/428 700/300/583 701/139/359
f 511/299/428 701/139/359 641/300/540
f 702/196/584 703/301/585 704/208/586
f 704/208/586 703/301/585 642/357/541
f 704/208/586 642/357/541 705/207/587
f 705/207/587 642/357/541 505/208/422
f 705/207/587 505/208/422 706/205/272
f 706/205/272 505/208/422 507/196/424
f 512/255/429 511/299/428 707/97/588
f 707/97/588 511/299/428 640/302/539
f 707/97/588 640/302/539 708/255/589
f 708/255/589 640/302/539 697/299/581
f 708/255/589 697/299/581 709/97/531
f 709/97/531 697/299/581 698/302/582
f 709/97/531 698/302/582 710/153/590
f 710/153/590 698/302/582 638/355/537
f 710/153/590 638/355/537 691/255/578
f 691/255/578 638/355/537 502/299/420
f 691/255/578 502/299/420 690/355/577
f 690/355/577 502/299/420 504/300/421
f 690/355/577 504/300/421 689/356/576
f 711/327/591 712/292/592 713/291/593
f 714/374/594 715/375/595 716/376/596
f 716/376/596 715/375/595 717/377/597
f 718/377/271 719/375/598 720/376/599
f 720/376/599 719/375/598 721/374/600
f 712/292/592 711/327/591 722/329/591
f 722/329/591 711/327/591 723/291/601
f 722/329/591 723/291/601 724/292/602
f 725/6/603 726/1/604 727/378/605
f 728/379/606 729/380/607 730/381/608
f 730/381/608 729/380/607 731/379/609
f 732/6/8 733/378/605 734/1/610
f 735/330/611 736/328/477 737/292/612
f 737/292/612 736/328/477 738/291/613
f 737/292/612 738/291/613 717/377/597
f 717/377/597 738/291/613 739/382/614
f 717/377/597 739/382/614 716/376/596
f 720/376/599 740/382/615 718/377/271
f 718/377/271 740/382/615 741/291/616
f 718/377/271 741/291/616 742/292/617
f 742/292/617 741/291/616 743/328/488
f 742/292/617 743/328/488 744/330/489
f 733/378/605 729/380/607 734/1/610
f 734/1/610 729/380/607 728/379/606
f 734/1/610 728/379/606 745/3/618
f 745/3/618 728/379/606 746/358/619
f 745/3/618 746/358/619 747/5/5
f 747/5/620 748/358/621 749/3/622
f 749/3/622 748/358/621 731/379/609
f 749/3/622 731/379/609 726/1/604
f 726/1/604 731/379/609 729/380/607
f 726/1/604 729/380/607 727/378/605
f 750/383/623 751/384/624 752/385/625
f 753/386/626 754/387/627 750/383/623
f 755/388/628 756/389/629 757/390/630
f 758/391/631 759/392/632 760/393/633
f 761/394/634 762/395/635 763/396/636
f 763/396/636 762/395/635 764/397/637
f 765/398/638 766/399/639 767/385/640
f 767/385/640 766/399/639 768/400/641
f 767/385/640 768/400/641 769/384/642
f 770/401/643 771/402/644 772/403/645
f 773/403/645 774/401/625 775/402/624
f 771/402/644 776/401/646 772/403/645
f 772/403/645 776/401/646 777/404/647
f 772/403/645 777/404/647 778/401/648
f 779/402/624 780/401/649 772/403/645
f 772/403/645 780/401/649 781/404/650
f 772/403/645 781/404/650 770/401/643
f 752/385/625 782/387/651 750/383/623
f 783/405/652 756/389/629 784/406/653
f 784/406/653 756/389/629 785/388/628
f 784/406/653 785/388/628 786/407/654
f 786/407/654 785/388/628 787/408/655
f 788/394/656 789/395/657 790/398/647
f 790/398/647 789/395/657 759/392/632
f 790/398/647 759/392/632 791/386/658
f 791/386/658 759/392/632 758/391/631
f 791/386/658 758/391/631 792/409/659
f 793/408/660 794/410/661 795/411/662
f 795/411/662 794/410/661 796/412/663
f 795/411/662 796/412/663 797/413/664
f 797/413/664 796/412/663 798/411/665
f 797/413/664 798/411/665 799/399/666
f 799/399/666 798/411/665 790/398/667
f 799/399/666 790/398/667 800/385/668
f 801/414/669 802/397/670 803/392/671
f 803/392/671 802/397/670 804/395/672
f 803/392/671 804/395/672 805/398/673
f 805/398/673 804/395/672 806/394/674
f 805/398/673 806/394/674 807/388/675
f 808/390/676 809/394/677 755/388/678
f 755/388/678 809/394/677 810/398/667
f 755/388/678 810/398/667 811/408/679
f 811/408/679 810/398/667 798/411/665
f 811/408/679 798/411/665 812/410/680
f 812/410/680 798/411/665 796/412/663
f 812/410/680 796/412/663 813/415/681
f 813/415/681 796/412/663 814/410/682
f 751/384/624 750/383/623 815/385/683
f 815/385/683 750/383/623 754/387/627
f 815/385/683 754/387/627 765/398/638
f 765/398/638 754/387/627 753/386/626
f 765/398/638 753/386/626 816/392/684
f 817/405/685 818/406/686 819/389/687
f 819/389/687 818/406/686 820/388/688
f 819/389/687 820/388/688 821/390/689
f 821/390/689 820/388/688 822/394/634
f 821/390/689 822/394/634 823/416/690
f 823/416/690 822/394/634 824/396/691
f 825/406/686 826/407/692 820/388/693
f 820/388/693 826/407/692 827/408/694
f 820/388/693 827/408/694 765/398/638
f 765/398/638 827/408/694 828/411/695
f 765/398/638 828/411/695 766/399/639
f 766/399/639 828/411/695 797/413/664
f 766/399/639 797/413/664 768/400/641
f 768/400/641 797/413/664 799/399/666
f 768/400/641 799/399/666 769/384/642
f 769/384/642 799/399/666 800/385/668
f 752/385/625 790/398/647 782/387/651
f 782/387/651 790/398/647 791/386/658
f 782/387/651 791/386/658 750/383/623
f 750/383/623 791/386/658 792/409/659
f 750/383/623 792/409/659 753/386/626
f 753/386/626 792/409/659 758/391/631
f 753/386/626 758/391/631 816/392/684
f 816/392/684 758/391/631 760/393/633
f 816/392/684 760/393/633 829/414/669
f 829/414/669 760/393/633 759/392/632
f 829/414/669 759/392/632 830/397/696
f 830/397/696 759/392/632 789/395/657
f 830/397/696 789/395/657 831/396/697
f 831/396/697 789/395/657 788/394/656
f 831/396/697 788/394/656 832/416/698
f 832/416/698 788/394/656 757/390/676
f 833/417/699 834/418/700 835/419/701
f 836/420/702 837/421/702 838/422/702
f 839/423/703 840/424/704 841/425/705
f 842/408/706 843/410/707 844/419/708
f 834/418/700 833/417/699 845/426/709
f 846/427/710 847/428/711 848/429/712
f 848/429/712 847/428/711 849/430/713
f 848/429/712 849/430/713 850/406/686
f 851/431/714 852/426/715 853/418/716
f 853/418/716 852/426/715 854/417/699
f 855/432/717 856/420/717 857/421/717
f 857/421/717 856/420/717 858/422/717
f 859/433/718 860/434/719 861/435/720
f 859/433/718 862/436/721 860/434/719
f 860/434/719 862/436/721 863/433/722
f 860/434/719 863/433/722 864/435/723
f 837/421/702 836/420/702 865/432/702
f 866/408/660 835/419/701 867/410/724
f 867/410/724 835/419/701 834/418/700
f 867/410/724 834/418/700 851/431/714
f 851/431/714 834/418/700 845/426/709
f 868/425/725 869/429/726 870/427/727
f 871/437/728 872/438/729 868/425/725
f 868/425/725 872/438/729 873/405/730
f 868/425/725 873/405/730 869/429/726
f 869/429/726 873/405/730 874/406/653
f 875/423/731 876/424/732 877/439/733
f 878/405/734 879/438/735 841/425/705
f 841/425/705 879/438/735 880/437/736
f 841/425/705 880/437/736 839/423/703
f 839/423/703 880/437/736 877/439/733
f 839/423/703 877/439/733 840/424/704
f 850/406/686 878/405/734 848/429/712
f 848/429/712 878/405/734 841/425/705
f 848/429/712 841/425/705 846/427/710
f 846/427/710 841/425/705 840/424/704
f 846/427/710 840/424/704 847/428/711
f 854/417/699 844/419/708 853/418/716
f 853/418/716 844/419/708 843/410/707
f 853/418/716 843/410/707 851/431/714
f 851/431/714 843/410/707 881/415/681
f 851/431/714 881/415/681 867/410/724
f 866/408/660 882/407/692 835/419/701
f 835/419/701 882/407/692 883/440/737
f 835/419/701 883/440/737 833/417/699
f 833/417/699 883/440/737 884/441/738
f 833/417/699 884/441/738 845/426/709
f 845/426/709 884/441/738 885/442/739
f 845/426/709 885/442/739 851/431/714
f 851/431/714 885/442/739 886/442/740
f 851/431/714 886/442/740 852/426/715
f 852/426/715 886/442/740 887/441/741
f 852/426/715 887/441/741 854/417/699
f 854/417/699 887/441/741 888/440/742
f 854/417/699 888/440/742 844/419/708
f 844/419/708 888/440/742 889/407/743
f 844/419/708 889/407/743 842/408/706
f 874/406/653 890/430/744 869/429/726
f 869/429/726 890/430/744 891/428/745
f 869/429/726 891/428/745 870/427/727
f 870/427/727 891/428/745 876/424/732
f 870/427/727 876/424/732 868/425/725
f 868/425/725 876/424/732 875/423/731
f 868/425/725 875/423/731 871/437/728
f 871/437/728 875/423/731 877/439/733
f 871/437/728 877/439/733 892/443/503
f 892/443/503 877/439/733 880/437/736
f 874/406/653 889/407/743 890/430/744
f 890/430/744 889/407/743 888/440/742
f 890/430/744 888/440/742 891/428/745
f 891/428/745 888/440/742 887/441/741
f 891/428/745 887/441/741 876/424/732
f 876/424/732 887/441/741 886/442/740
f 876/424/732 886/442/740 877/439/733
f 877/439/733 886/442/740 885/442/739
f 877/439/733 885/442/739 840/424/704
f 840/424/704 885/442/739 884/441/738
f 840/424/704 884/441/738 847/428/711
f 847/428/711 884/441/738 883/440/737
f 847/428/711 883/440/737 849/430/713
f 849/430/713 883/440/737 882/407/692
f 849/430/713 882/407/692 850/406/686
o npc_01-0001-12.001
v 12.914683 43.536953 2.303309
v 13.124722 36.579060 11.927199
v 8.730067 37.826580 3.901069
v 11.239760 36.571636 20.095186
v 10.286508 33.215214 20.117584
v 11.675994 32.442940 10.538492
v 8.493101 30.556810 20.487160
v 5.929552 29.361267 11.628553
v 4.701634 29.710279 21.237511
v 0.000000 27.155832 15.148851
v -5.078627 32.754818 5.879603
v -5.940323 29.361267 11.628553
v -8.740839 37.826580 3.901069
v -11.681380 32.442940 10.538492
v -13.130108 36.579060 11.927199
v -11.250531 36.571636 20.095186
v -13.097794 40.885975 15.048057
v -10.986636 40.566669 21.159113
v -11.460570 44.531998 21.468960
v 11.455184 44.531998 21.468960
v 10.981251 40.566669 21.159113
v 13.092408 40.885975 15.048057
v 11.239760 36.571636 20.095186
v 13.124722 36.579060 11.927199
v 11.675994 32.442940 10.538492
v 8.730067 37.826580 3.901069
v 5.929552 29.361267 11.628553
v 5.067855 32.754818 5.879603
v 0.000000 36.066689 -0.993003
v 8.730067 37.826580 3.901069
v 5.067855 32.754818 5.879603
v -5.078627 32.754818 5.879603
v -8.740839 37.826580 3.901069
v 0.000000 36.066689 -0.993003
v -13.130108 36.579060 11.927199
v -13.060095 33.326599 14.144650
v -12.925455 43.536953 2.303309
v 13.092408 40.885975 15.048057
v 13.124722 36.579060 11.927199
v 13.054709 33.326599 14.144650
v 12.914683 43.536953 2.303309
v -8.740839 37.826580 3.901069
v -13.130108 36.579060 11.927199
v -12.925455 43.536953 2.303309
v -13.060095 33.326599 14.144650
v -13.130108 36.579060 11.927199
v -13.097794 40.885975 15.048057
v 4.701634 29.710279 21.237511
v 0.000000 28.262264 22.290239
v 0.000000 27.155832 15.148851
v -4.707020 29.710279 21.237511
v -5.940323 29.361267 11.628553
v -8.498486 30.742453 20.487160
v -11.681380 32.442940 10.538492
v -10.297279 33.215214 20.117584
v -11.250531 36.571636 20.095186
v 22.032515 32.985016 14.984594
v 16.404556 32.999866 13.913199
v 26.540268 25.188019 11.344839
v 16.264530 29.673147 6.372371
v -11.794477 59.346294 11.322437
v -10.410377 65.375977 8.739143
v -16.485340 55.403244 5.192715
v -13.830236 43.291904 15.738677
v -16.307615 45.950310 15.477360
v -22.043285 32.985016 14.984594
v 10.399605 65.375977 8.739143
v 3.064410 63.846279 7.738677
v 5.773370 59.680454 16.750341
v 16.296844 45.950310 15.477360
v 15.117396 50.947815 11.710679
v 13.582498 46.856247 17.000458
v 11.681380 47.494858 -9.037799
v 6.909733 39.237465 -2.265985
v 1.341016 53.361172 -6.383577
v -16.178362 57.653233 -11.012601
v -18.214121 66.185379 -8.757819
v -8.046095 65.353699 -4.423709
v 16.172976 57.653233 -11.012601
v 8.035324 65.353699 -4.423709
v 18.208735 66.185379 -8.757819
v 25.802439 32.851353 8.698081
v 16.264530 29.673147 6.372371
v 23.368145 42.653294 6.596354
v 14.454967 49.247326 0.175451
v 16.474569 55.403244 5.192715
v 15.117396 50.947815 11.710679
v 0.000000 42.898342 -6.293983
v 1.341016 53.361172 -6.383577
v 6.909733 39.237465 -2.265985
v 13.054709 33.326599 14.144650
v 12.914683 43.536953 2.303309
v 6.338858 51.898312 25.836668
v 9.311713 49.418118 23.440027
v 8.907792 55.752251 22.719542
v 12.785429 53.591370 17.213243
v 11.789092 59.346294 11.322437
v 12.914683 43.536953 2.303309
v 17.341652 48.608715 5.905734
v 13.760223 65.301720 1.317773
v 19.108130 58.603725 -0.955673
v 18.321833 71.828918 -3.960808
v 5.773370 59.680454 16.750341
v 0.000000 56.888386 24.526354
v 13.824851 43.291904 15.738677
v 16.474569 55.403244 5.192715
v 11.789092 59.346294 11.322437
v 13.824851 43.291904 15.738677
v 22.032515 32.985016 14.984594
v 13.092408 40.885975 15.048057
v -18.327217 71.828918 -3.960808
v -19.113516 58.603725 -0.955673
v -13.765609 65.301720 1.317773
v -0.856311 62.056683 -1.877746
v -3.075181 63.846279 7.738677
v 0.000000 64.165581 8.242643
v -6.392714 60.994804 16.750341
v 0.000000 61.611137 17.175913
v 0.000000 36.066689 -0.993003
v -6.920504 39.237465 -2.265985
v -1.346402 53.361172 -6.383577
v -12.925455 43.536953 2.303309
v -13.060095 33.326599 14.144650
v -16.269917 29.673147 6.372371
v -6.392714 60.994804 16.750341
v -15.122782 50.947815 11.710679
v -17.347036 48.608715 5.905734
v -23.378916 42.653294 6.596354
v -12.925455 43.536953 2.303309
v -16.269917 29.673147 6.372371
v -25.813210 32.851353 8.698081
v 0.000000 64.165581 8.242643
v 0.850926 62.056683 -1.877746
v -0.856311 62.056683 -1.877746
v 1.341016 53.361172 -6.383577
v -1.346402 53.361172 -6.383577
v 0.000000 42.898342 -6.293983
v -13.830236 43.291904 15.738677
v -22.043285 32.985016 14.984594
v -16.409943 32.999866 13.913199
v -26.545652 25.188019 11.344839
v 0.000000 36.066689 -0.993003
v -8.740839 37.826580 3.901069
v -12.925455 43.536953 2.303309
v -14.465738 49.247326 0.175451
v -13.587884 46.856247 17.000458
v -13.097794 40.885975 15.048057
v 0.850926 62.056683 -1.877746
v 17.341652 48.608715 5.905734
v 12.914683 43.536953 2.303309
v 8.730067 37.826580 3.901069
v 26.540268 25.188019 11.344839
v 13.092408 40.885975 15.048057
v 13.824851 43.291904 15.738677
v 11.455184 44.531998 21.468960
v 13.582498 46.856247 17.000458
v -11.692151 47.494858 -9.037799
v -1.346402 53.361172 -6.383577
v -0.856311 62.056683 -1.877746
v -3.075181 63.846279 7.738677
v -12.796200 53.591370 17.213243
v -9.317098 49.418118 23.440027
v -8.918564 55.752251 22.719542
v -6.344244 51.898312 25.836668
v 0.000000 53.116127 26.863264
v -26.545652 25.188019 11.344839
v -15.122782 50.947815 11.710679
v -13.587884 46.856247 17.000458
v -11.460570 44.531998 21.468960
v -13.830236 43.291904 15.738677
v -13.097794 40.885975 15.048057
v 14.454967 49.247326 0.175451
v -6.920504 39.237465 -2.265985
v -14.465738 49.247326 0.175451
v -17.347036 48.608715 5.905734
v -16.485340 55.403244 5.192715
v -11.794477 59.346294 11.322437
v 3.064410 63.846279 7.738677
v 0.850926 62.056683 -1.877746
v 8.110723 -47.583965 -4.606621
v 7.238255 -49.017132 -2.198782
v 7.873756 -44.695366 0.571165
v 14.368797 -50.405739 -1.034060
v 14.250314 -47.621098 -4.647685
v 17.357807 -47.591393 0.869812
v 15.979093 -44.955265 0.018668
v 8.110723 -47.583965 -4.606621
v 14.250314 -47.621098 -4.647685
v 7.238255 -49.017132 -2.198782
v 14.368797 -50.405739 -1.034060
v 6.629681 -49.819107 4.867945
v 7.238255 -49.017132 -2.198782
v 11.406714 -50.227520 3.800283
v 14.368797 -50.405739 -1.034060
v 15.979093 -44.955265 0.018668
v 16.970045 -49.611187 7.130193
v 17.357807 -47.591393 0.869812
v 6.328087 -49.559208 8.444239
v 7.642175 -49.046833 10.318247
v 7.599090 -46.804268 8.944471
v 9.414039 -49.484951 9.086329
v 9.715633 -48.527035 5.808682
v 10.771212 -49.633465 10.433971
v 11.740621 -46.908226 8.388242
v 14.546522 -49.848808 9.635092
v 15.758283 -47.613670 7.178723
v 7.873756 -44.695366 0.571165
v 7.238255 -49.017132 -2.198782
v 5.692586 -48.319115 2.486238
v 6.629681 -49.819107 4.867945
v 16.970045 -49.611187 7.130193
v 14.546522 -49.848808 9.635092
v 17.524761 -50.093857 4.244520
v 16.232218 -50.405739 1.825482
v 17.524761 -50.093857 4.244520
v 16.232218 -50.405739 1.825482
v 14.368797 -50.405739 -1.034060
v 10.771212 -49.633465 10.433971
v 9.715633 -48.527035 5.808682
v 9.414039 -49.484951 9.086329
v 6.328087 -49.559208 8.444239
v 7.642175 -49.046833 10.318247
v 11.395942 -44.851303 2.829680
v -7.873756 -44.695366 0.571165
v -7.238255 -49.017132 -2.198782
v -8.110723 -47.583965 -4.606621
v -15.979093 -44.955265 0.018668
v -14.250314 -47.621098 -4.647685
v -17.357807 -47.591393 0.869812
v -14.368797 -50.405739 -1.034060
v -8.110723 -47.583965 -4.606621
v -7.238255 -49.017132 -2.198782
v -14.250314 -47.621098 -4.647685
v -14.368797 -50.405739 -1.034060
v -11.406714 -50.227520 3.800283
v -16.232218 -50.405739 1.825482
v -14.368797 -50.405739 -1.034060
v -10.771212 -49.633465 10.433971
v -14.546522 -49.848808 9.635092
v -15.758283 -47.613670 7.178723
v -16.970045 -49.611187 7.130193
v -14.546522 -49.848808 9.635092
v -17.357807 -47.591393 0.869812
v -14.368797 -50.405739 -1.034060
v -16.232218 -50.405739 1.825482
v -7.873756 -44.695366 0.571165
v -5.692586 -48.319115 2.486238
v -7.238255 -49.017132 -2.198782
v -6.629681 -49.819107 4.867945
v -9.715633 -48.527035 5.808682
v -9.414039 -49.484951 9.086329
v -7.599090 -46.804268 8.944471
v -7.642175 -49.046833 10.318247
v -6.328087 -49.559208 8.444239
v -7.238255 -49.017132 -2.198782
v -6.629681 -49.819107 4.867945
v -17.524761 -50.093857 4.244520
v -16.970045 -49.611187 7.130193
v -11.740621 -46.908226 8.388242
v -10.771212 -49.633465 10.433971
v -17.524761 -50.093857 4.244520
v -15.979093 -44.955265 0.018668
v -9.715633 -48.527035 5.808682
v -9.414039 -49.484951 9.086329
v -6.328087 -49.559208 8.444239
v -7.642175 -49.046833 10.318247
v -11.395942 -44.851303 2.829680
v -14.309555 -31.321655 12.031730
v -10.054927 -19.358831 15.062994
v -13.889478 -18.490023 12.935135
v -9.467895 -4.136121 15.447499
v -10.054927 -19.358831 15.062994
v 0.000000 -4.165823 18.284643
v -7.152085 -31.381060 15.731215
v 0.000000 -31.447891 17.239382
v 0.000000 -19.477642 18.165186
v 7.152085 -31.381060 15.731215
v 10.054927 -19.358831 15.137655
v 14.309555 -31.321655 12.031730
v 13.889478 -18.490023 12.935135
v -14.309555 -31.321655 12.031730
v -7.152085 -31.381060 15.731215
v -10.054927 -19.358831 15.062994
v 0.000000 -19.477642 18.165186
v 10.054927 -19.358831 15.137655
v 9.467895 -4.136121 15.447499
vn 0.3695 -0.4559 -0.8097
vn 0.7313 -0.6370 -0.2438
vn 0.5884 -0.6276 -0.5099
vn 0.9519 -0.2046 0.2281
vn 0.8999 -0.4069 0.1565
vn 0.8193 -0.5594 -0.1260
vn 0.5350 -0.8419 0.0708
vn 0.4179 -0.8832 -0.2129
vn 0.3148 -0.9444 0.0944
vn -0.0000 -0.9931 0.1173
vn -0.4569 -0.6853 -0.5671
vn -0.4308 -0.8773 -0.2115
vn -0.5884 -0.6276 -0.5099
vn -0.8165 -0.5652 -0.1178
vn -0.7314 -0.6369 -0.2438
vn -0.9519 -0.2045 0.2282
vn -0.6935 -0.2443 0.6778
vn -0.9434 -0.0786 0.3223
vn -0.9035 -0.1021 0.4163
vn 0.9035 -0.1021 0.4163
vn 0.9434 -0.0786 0.3223
vn 0.6935 -0.2443 0.6777
vn 0.9519 -0.2045 0.2282
vn 0.7314 -0.6369 -0.2438
vn 0.8193 -0.5593 -0.1261
vn 0.5884 -0.6275 -0.5099
vn 0.4569 -0.6853 -0.5671
vn -0.0000 -0.7847 -0.6199
vn 0.5883 -0.6276 -0.5099
vn -0.4569 -0.6853 -0.5672
vn -0.5883 -0.6276 -0.5099
vn -0.7313 -0.6370 -0.2438
vn 0.8088 -0.3299 0.4869
vn -0.3695 -0.4559 -0.8097
vn 0.6935 -0.2442 0.6778
vn -0.8088 -0.3298 0.4869
vn 0.3695 -0.4560 -0.8097
vn -0.3694 -0.4560 -0.8097
vn 0.8088 -0.3298 0.4868
vn -0.6935 -0.2444 0.6778
vn 0.3148 -0.9444 0.0945
vn -0.0000 -0.9888 0.1491
vn -0.3289 -0.9397 0.0940
vn -0.4308 -0.8773 -0.2114
vn -0.5403 -0.8378 0.0783
vn -0.8165 -0.5653 -0.1178
vn -0.8955 -0.4163 0.1571
vn -0.9519 -0.2046 0.2281
vn 0.4564 0.0315 0.8892
vn -0.1891 -0.5752 0.7958
vn 0.2912 -0.8182 0.4957
vn -0.1566 -0.7437 -0.6499
vn -0.7785 0.3853 0.4954
vn -0.3697 0.8654 0.3383
vn -0.9189 0.0864 0.3849
vn -0.2741 -0.2036 0.9399
vn -0.5831 0.2522 0.7722
vn -0.4564 0.0315 0.8892
vn 0.3545 0.8586 0.3702
vn -0.2206 0.9612 0.1654
vn 0.2128 0.7329 0.6462
vn 0.5831 0.2522 0.7723
vn 0.8769 0.3837 0.2897
vn 0.7776 0.1414 0.6127
vn 0.3536 -0.5422 -0.7622
vn 0.2590 -0.6985 -0.6671
vn -0.4080 0.0706 -0.9102
vn -0.4413 -0.1103 -0.8905
vn -0.5037 0.3384 -0.7949
vn 0.4344 0.7660 -0.4738
vn 0.4413 -0.1103 -0.8905
vn -0.4344 0.7660 -0.4738
vn 0.5037 0.3384 -0.7949
vn 0.9303 0.0552 -0.3627
vn -0.1566 -0.7438 -0.6498
vn 0.8788 0.3845 -0.2825
vn 0.9294 -0.0709 -0.3623
vn 0.9682 0.1180 0.2204
vn 0.8769 0.3836 0.2897
vn -0.0000 -0.2974 -0.9548
vn 0.1655 0.1339 -0.9771
vn 0.5258 -0.5651 -0.6358
vn -0.8088 -0.3298 0.4868
vn 0.4004 0.4003 0.8243
vn 0.8358 0.1183 0.5362
vn 0.5743 0.5507 0.6057
vn 0.8842 0.2369 0.4026
vn 0.6860 0.6308 0.3627
vn 0.7520 0.4622 -0.4700
vn 0.2973 0.7980 0.5242
vn 0.9790 -0.0000 0.2036
vn 0.4162 0.8716 0.2591
vn 0.2744 0.8781 0.3920
vn 0.0157 0.6991 0.7148
vn 0.2741 -0.2036 0.9399
vn 0.9189 0.0864 0.3848
vn 0.7386 0.4007 0.5421
vn 0.6935 -0.2443 0.6778
vn -0.4162 0.8716 0.2591
vn -0.9790 -0.0000 0.2036
vn -0.2973 0.7980 0.5242
vn -0.0236 0.8813 -0.4721
vn -0.1018 0.9945 0.0235
vn 0.0314 0.9964 0.0785
vn -0.2427 0.8769 0.4150
vn 0.1025 0.9064 0.4098
vn -0.5258 -0.5651 -0.6358
vn -0.1655 0.1340 -0.9771
vn -0.3694 -0.4559 -0.8097
vn 0.8088 -0.3298 0.4869
vn 0.1566 -0.7438 -0.6498
vn -0.2749 0.7776 0.5655
vn -0.8769 0.3837 0.2897
vn -0.7520 0.4622 -0.4700
vn -0.8788 0.3845 -0.2825
vn -0.3695 -0.4560 -0.8097
vn -0.9303 0.0552 -0.3627
vn 0.0314 0.9964 0.0784
vn 0.0236 0.8812 -0.4721
vn -0.0236 0.8812 -0.4721
vn 0.1655 0.1340 -0.9771
vn -0.1654 0.1340 -0.9771
vn -0.0000 -0.2973 -0.9548
vn -0.4565 0.0315 0.8892
vn 0.1891 -0.5752 0.7958
vn -0.2912 -0.8182 0.4957
vn -0.5259 -0.5651 -0.6357
vn -0.9294 -0.0709 -0.3623
vn -0.7776 0.1414 0.6127
vn -0.3919 0.8621 -0.3214
vn 0.5258 -0.5651 -0.6357
vn 0.2911 -0.8182 0.4957
vn 0.9034 -0.1021 0.4164
vn 0.7776 0.1414 0.6126
vn -0.3536 -0.5422 -0.7622
vn 0.4080 0.0706 -0.9102
vn 0.3919 0.8621 -0.3214
vn 0.2129 0.9699 0.1183
vn -0.8842 0.2368 0.4026
vn -0.8358 0.1183 0.5362
vn -0.6061 0.4959 0.6218
vn -0.4004 0.4003 0.8243
vn -0.0000 0.5270 0.8498
vn -0.2911 -0.8182 0.4958
vn -0.8769 0.3836 0.2897
vn -0.7776 0.1414 0.6126
vn -0.9034 -0.1021 0.4164
vn -0.2741 -0.2037 0.9399
vn -0.6935 -0.2443 0.6777
vn 0.8731 -0.4798 -0.0865
vn -0.2590 -0.6985 -0.6671
vn -0.8731 -0.4798 -0.0865
vn -0.7520 0.4622 -0.4699
vn -0.9682 0.1180 0.2204
vn -0.7421 0.5684 0.3553
vn 0.1178 0.9893 0.0864
vn 0.0236 0.8813 -0.4720
vn -0.7228 -0.4479 -0.5264
vn -0.5683 -0.7262 -0.3869
vn -0.6699 0.7330 0.1182
vn 0.2894 -0.8838 -0.3676
vn 0.4814 -0.5997 -0.6392
vn 0.9609 -0.0709 -0.2678
vn 0.6840 0.7156 0.1416
vn -0.7228 -0.4478 -0.5264
vn -0.5684 -0.7262 -0.3867
vn -0.2274 -0.9727 0.0471
vn -0.5683 -0.7262 -0.3868
vn -0.1253 -0.9869 0.1018
vn 0.6841 0.7156 0.1416
vn 0.9115 0.1808 0.3693
vn -0.7757 -0.5564 0.2978
vn -0.1726 -0.1569 0.9724
vn -0.1103 0.8270 0.5513
vn 0.6447 -0.6603 0.3852
vn -0.2589 0.2746 0.9260
vn -0.7017 -0.3312 0.6309
vn -0.1098 0.8234 0.5568
vn 0.4484 -0.4247 0.7865
vn 0.5592 0.6458 0.5198
vn -0.9989 0.0078 -0.0472
vn 0.9116 0.1807 0.3693
vn 0.4484 -0.4248 0.7865
vn 0.5597 -0.8277 0.0394
vn 0.4558 -0.8644 -0.2122
vn 0.5597 -0.8277 0.0395
vn 0.2893 -0.8838 -0.3676
vn -0.7017 -0.3312 0.6308
vn -0.2589 0.2747 0.9260
vn -0.7758 -0.5563 0.2978
vn -0.3535 0.8170 0.4556
vn 0.6699 0.7330 0.1182
vn 0.5684 -0.7262 -0.3868
vn 0.7228 -0.4479 -0.5263
vn -0.6841 0.7155 0.1416
vn -0.4814 -0.5997 -0.6392
vn -0.9609 -0.0709 -0.2678
vn -0.2893 -0.8838 -0.3676
vn 0.7228 -0.4478 -0.5264
vn -0.4814 -0.5998 -0.6392
vn -0.2894 -0.8838 -0.3676
vn 0.1253 -0.9869 0.1018
vn -0.4558 -0.8644 -0.2122
vn 0.7017 -0.3312 0.6308
vn -0.4483 -0.4248 0.7865
vn -0.5592 0.6458 0.5198
vn -0.9115 0.1808 0.3693
vn -0.4483 -0.4247 0.7865
vn 0.9989 0.0078 -0.0472
vn 0.5683 -0.7262 -0.3868
vn 0.2274 -0.9727 0.0470
vn 0.2590 0.2746 0.9260
vn -0.6447 -0.6603 0.3852
vn 0.1103 0.8270 0.5513
vn 0.1725 -0.1569 0.9724
vn 0.7758 -0.5564 0.2978
vn 0.2274 -0.9727 0.0471
vn -0.5597 -0.8277 0.0394
vn -0.9115 0.1807 0.3694
vn 0.1098 0.8234 0.5568
vn 0.7017 -0.3311 0.6308
vn -0.6841 0.7156 0.1416
vn 0.2590 0.2747 0.9260
vn -0.6446 -0.6603 0.3853
vn 0.7758 -0.5563 0.2978
vn 0.3535 0.8170 0.4556
vn -0.4717 -0.0472 0.8805
vn -0.3700 -0.0236 0.9287
vn -0.4932 -0.0392 0.8690
vn -0.2830 -0.0079 0.9591
vn -0.3699 -0.0236 0.9288
vn -0.0000 -0.0079 1.0000
vn -0.3229 -0.0473 0.9452
vn -0.0000 -0.0707 0.9975
vn -0.0000 -0.0315 0.9995
vn 0.3134 -0.0548 0.9480
vn 0.3699 -0.0236 0.9288
vn 0.4809 -0.0552 0.8751
vn 0.5025 -0.0393 0.8637
vn -0.3230 -0.0473 0.9452
vn 0.2830 -0.0079 0.9591
vt 0.502350 0.897858
vt 0.445190 0.932343
vt 0.508209 0.931549
vt 0.380920 0.927826
vt 0.380920 0.939728
vt 0.468658 0.951599
vt 0.380920 0.951599
vt 0.456940 0.973511
vt 0.380920 0.973511
vt 0.456940 0.989990
vt 0.508270 0.973511
vt 0.424255 0.910767
vt 0.380920 0.910156
vt 0.380920 0.892456
vt 0.578064 0.934906
vt 0.693665 0.467651
vt 0.649841 0.464935
vt 0.741211 0.524536
vt 0.741211 0.413086
vt 0.380920 0.989990
vt 0.581421 0.413086
vt 0.617889 0.456940
vt 0.522034 0.469330
vt 0.581421 0.524536
vt 0.824646 0.060455
vt 0.820953 0.009979
vt 0.854370 0.094696
vt 0.705963 0.648743
vt 0.715302 0.633270
vt 0.580597 0.648743
vt 0.808655 0.047119
vt 0.767944 0.009979
vt 0.741211 0.620270
vt 0.741211 0.648743
vt 0.989990 0.175720
vt 0.989990 0.233185
vt 0.915588 0.156921
vt 0.989990 0.097137
vt 0.989990 0.050476
vt 0.921478 0.057037
vt 0.580597 0.594971
vt 0.580597 0.539551
vt 0.680359 0.594971
vt 0.548767 0.869354
vt 0.537109 0.840729
vt 0.473541 0.862396
vt 0.570190 0.900635
vt 0.570190 0.851624
vt 0.551819 0.913330
vt 0.380920 0.838623
vt 0.380920 0.864868
vt 0.422974 0.838226
vt 0.447388 0.849487
vt 0.509705 0.824524
vt 0.741211 0.539551
vt 0.741211 0.594971
vt 0.897614 0.009979
vt 0.919312 0.079529
vt 0.989990 0.009979
vt 0.482727 0.818146
vt 0.407898 0.804810
vt 0.710114 0.413086
vt 0.552338 0.818146
vt 0.516083 0.818146
vt 0.516083 0.804810
vt 0.472534 0.804810
vt 0.570190 0.934906
vt 0.539032 0.809540
vt 0.542542 0.817352
vt 0.536987 0.817352
vt 0.542542 0.859528
vt 0.536987 0.859528
vt 0.538605 0.943298
vt 0.845490 0.083069
vt 0.502350 0.877502
vt 0.521606 0.594971
vt 0.424255 0.898712
vt 0.424255 0.880798
vt 0.380920 0.804810
vt 0.934631 0.172882
vt 0.652832 0.398712
vt 0.653076 0.356079
vt 0.676697 0.377594
vt 0.740753 0.353424
vt 0.740753 0.398712
vt 0.730194 0.362671
vt 0.721802 0.377045
vt 0.643188 0.398712
vt 0.588440 0.398712
vt 0.643188 0.391479
vt 0.588440 0.388397
vt 0.643188 0.379181
vt 0.614777 0.376099
vt 0.725769 0.288269
vt 0.653076 0.288208
vt 0.667053 0.288208
vt 0.667053 0.301849
vt 0.683655 0.288208
vt 0.683655 0.329529
vt 0.683655 0.288300
vt 0.700562 0.306976
vt 0.714844 0.288300
vt 0.721069 0.296722
vt 0.659546 0.334106
vt 0.653076 0.337494
vt 0.594513 0.346222
vt 0.608643 0.346222
vt 0.588440 0.354553
vt 0.588440 0.379181
vt 0.741058 0.301758
vt 0.740753 0.337494
vt 0.625153 0.346222
vt 0.625153 0.373016
vt 0.625153 0.354553
vt 0.643188 0.354553
vt 0.634674 0.346222
vt 0.700500 0.362732
vt 0.381714 0.644165
vt 0.428131 0.573578
vt 0.381714 0.573578
vt 0.428131 0.473297
vt 0.508636 0.473297
vt 0.428131 0.644165
vt 0.508636 0.644165
vt 0.508636 0.573578
s 1
usemtl npc01_05
f 893/444/746 894/445/747 895/446/748
f 896/447/749 897/448/750 898/449/751
f 898/449/751 897/448/750 899/450/752
f 898/449/751 899/450/752 900/451/753
f 900/451/753 899/450/752 901/452/754
f 900/451/753 901/452/754 902/453/755
f 903/454/756 904/451/757 905/446/758
f 905/446/758 904/451/757 906/449/759
f 905/446/758 906/449/759 907/445/760
f 907/445/760 906/449/759 908/447/761
f 907/445/760 908/447/761 909/455/762
f 909/455/762 908/447/761 910/456/763
f 909/455/762 910/456/763 911/457/764
f 912/457/765 913/456/766 914/455/767
f 914/455/767 913/456/766 915/447/768
f 914/455/767 915/447/768 916/445/769
f 916/445/769 915/447/768 917/449/770
f 916/445/769 917/449/770 918/446/771
f 918/446/771 917/449/770 919/451/753
f 918/446/771 919/451/753 920/454/772
f 921/458/773 922/446/774 923/454/772
f 924/454/775 925/446/776 926/458/773
f 927/459/777 928/460/778 929/461/779
f 930/462/780 931/459/747 932/460/781
f 932/460/781 931/459/747 933/461/782
f 934/446/758 935/445/777 936/444/783
f 937/460/784 938/459/777 939/462/785
f 940/452/786 941/463/787 942/453/755
f 942/453/755 941/463/787 943/452/788
f 942/453/755 943/452/788 944/451/789
f 944/451/789 943/452/788 945/450/790
f 944/451/789 945/450/790 946/449/791
f 946/449/791 945/450/790 947/448/792
f 946/449/791 947/448/792 948/447/793
f 949/464/794 950/465/795 951/466/796
f 950/465/795 952/467/797 951/466/796
f 953/468/798 954/469/799 955/470/800
f 956/471/801 957/472/802 958/473/803
f 959/469/804 960/474/805 961/475/806
f 962/472/807 963/476/808 964/477/809
f 965/478/810 966/479/811 967/480/812
f 968/481/813 969/482/814 970/483/815
f 971/481/816 972/483/817 973/482/818
f 974/484/819 975/485/820 976/486/821
f 977/487/822 978/488/823 979/489/824
f 980/490/825 981/491/826 982/492/827
f 952/467/797 983/460/828 984/461/782
f 985/493/829 986/494/830 987/495/831
f 987/495/831 986/494/830 988/496/832
f 987/495/831 988/496/832 989/497/833
f 975/485/820 990/498/782 976/486/821
f 976/486/821 990/498/782 991/499/834
f 976/486/821 991/499/834 963/476/808
f 992/500/835 993/501/836 994/502/837
f 989/497/833 995/503/838 987/495/831
f 987/495/831 995/503/838 996/504/839
f 987/495/831 996/504/839 985/493/829
f 950/465/795 949/464/794 997/505/840
f 998/470/841 959/469/804 999/468/842
f 999/468/842 959/469/804 961/475/806
f 964/477/809 1000/471/840 962/472/807
f 962/472/807 1000/471/840 1001/473/794
f 952/467/797 950/465/795 983/460/828
f 983/460/828 950/465/795 997/505/840
f 983/460/828 997/505/840 1002/462/843
f 1003/502/844 1004/501/845 1005/500/846
f 1006/506/847 1007/507/848 1008/508/849
f 1008/508/849 1007/507/848 1009/503/850
f 1008/508/849 1009/503/850 1010/509/851
f 982/492/827 1011/510/773 980/490/825
f 980/490/825 1011/510/773 1012/492/852
f 980/490/825 1012/492/852 1013/491/853
f 1014/461/854 1015/460/855 1016/467/856
f 954/469/799 953/468/798 1017/475/857
f 1018/476/858 1019/499/859 1020/486/860
f 1019/499/859 1021/498/861 1020/486/860
f 1020/486/860 1021/498/861 1022/485/856
f 1020/486/860 1022/485/856 1023/484/862
f 1024/511/863 1025/512/864 1026/513/865
f 1026/513/865 1025/512/864 1027/514/866
f 1026/513/865 1027/514/866 1028/515/867
f 1028/515/867 1027/514/866 1029/516/868
f 1030/505/801 1031/464/869 1032/465/870
f 1032/465/870 1031/464/869 1033/466/871
f 1034/458/773 1035/446/776 1012/492/872
f 1012/492/872 1035/446/776 1036/444/779
f 1012/492/872 1036/444/779 1037/487/873
f 957/472/802 956/471/801 1038/477/874
f 1039/462/762 1030/505/801 1015/460/855
f 1015/460/855 1030/505/801 1032/465/870
f 1015/460/855 1032/465/870 1016/467/856
f 1016/467/856 1032/465/870 1033/466/871
f 960/474/805 959/469/804 1040/517/875
f 1040/517/875 959/469/804 972/483/817
f 1040/517/875 972/483/817 967/480/812
f 967/480/812 972/483/817 971/481/816
f 967/480/812 971/481/816 965/478/810
f 979/489/824 1041/518/834 977/487/822
f 977/487/822 1041/518/834 1042/444/782
f 977/487/822 1042/444/782 982/492/876
f 982/492/876 1042/444/782 1043/446/774
f 982/492/876 1043/446/774 1034/458/773
f 963/476/808 962/472/807 976/486/821
f 976/486/821 962/472/807 1001/473/794
f 976/486/821 1001/473/794 974/484/819
f 974/484/819 1001/473/794 1044/519/877
f 974/484/819 1044/519/877 975/485/820
f 1045/455/767 1046/520/840 1047/457/878
f 1047/457/878 1046/520/840 1048/521/879
f 1047/457/878 1048/521/879 986/494/830
f 986/494/830 1048/521/879 979/489/824
f 986/494/830 979/489/824 988/496/832
f 988/496/832 979/489/824 978/488/823
f 988/496/832 978/488/823 989/497/833
f 1049/478/880 968/481/813 1050/480/881
f 1050/480/881 968/481/813 970/483/815
f 1050/480/881 970/483/815 1051/517/882
f 1051/517/882 970/483/815 954/469/799
f 1051/517/882 954/469/799 1052/474/883
f 1052/474/883 954/469/799 1017/475/857
f 1053/496/884 1054/494/885 1055/495/886
f 1055/495/886 1054/494/885 1056/493/887
f 1055/495/886 1056/493/887 996/504/839
f 996/504/839 1056/493/887 1057/522/888
f 996/504/839 1057/522/888 985/493/829
f 1022/485/856 1058/519/889 1023/484/862
f 1023/484/862 1058/519/889 958/473/803
f 1023/484/862 958/473/803 1020/486/860
f 1020/486/860 958/473/803 957/472/802
f 1020/486/860 957/472/802 1018/476/858
f 1018/476/858 957/472/802 1038/477/874
f 1053/496/884 1059/489/890 1054/494/885
f 1054/494/885 1059/489/890 1060/521/891
f 1054/494/885 1060/521/891 1061/457/892
f 1061/457/892 1060/521/891 1062/520/893
f 1061/457/892 1062/520/893 1063/455/894
f 966/479/811 965/478/810 1064/523/895
f 1064/523/895 965/478/810 971/481/816
f 1064/523/895 971/481/816 993/501/836
f 993/501/836 971/481/816 973/482/818
f 993/501/836 973/482/818 994/502/837
f 994/502/837 973/482/818 972/483/817
f 994/502/837 972/483/817 992/500/835
f 992/500/835 972/483/817 959/469/804
f 992/500/835 959/469/804 993/501/836
f 993/501/836 959/469/804 998/470/841
f 993/501/836 998/470/841 1064/523/895
f 1050/480/881 1065/479/896 1049/478/880
f 1049/478/880 1065/479/896 1066/523/897
f 1049/478/880 1066/523/897 968/481/813
f 968/481/813 1066/523/897 1004/501/845
f 968/481/813 1004/501/845 969/482/814
f 969/482/814 1004/501/845 1003/502/844
f 969/482/814 1003/502/844 970/483/815
f 970/483/815 1003/502/844 1005/500/846
f 970/483/815 1005/500/846 954/469/799
f 954/469/799 1005/500/846 1004/501/845
f 954/469/799 1004/501/845 955/470/800
f 955/470/800 1004/501/845 1066/523/897
f 1036/444/779 1067/518/898 1037/487/873
f 1037/487/873 1067/518/898 1059/489/890
f 1037/487/873 1059/489/890 1068/488/899
f 1068/488/899 1059/489/890 1053/496/884
f 1068/488/899 1053/496/884 1069/497/900
f 1069/497/900 1053/496/884 1055/495/886
f 1069/497/900 1055/495/886 1009/503/850
f 1009/503/850 1055/495/886 996/504/839
f 1009/503/850 996/504/839 1010/509/851
f 1010/509/851 996/504/839 995/503/838
f 1010/509/851 995/503/838 1008/508/849
f 1008/508/849 995/503/838 1070/507/901
f 1008/508/849 1070/507/901 1071/506/902
f 1072/524/903 1073/525/904 1074/526/905
f 1075/527/906 1076/528/907 1077/529/908
f 1077/529/908 1076/528/907 1078/530/909
f 1079/531/910 1080/532/907 1081/533/911
f 1081/533/911 1080/532/907 1082/534/906
f 1083/535/912 1084/533/913 1085/536/914
f 1085/536/914 1084/533/913 1086/534/906
f 1087/530/915 1088/537/916 1089/529/908
f 1090/538/917 1091/539/918 1092/540/919
f 1092/540/919 1091/539/918 1093/541/920
f 1092/540/919 1093/541/920 1094/542/921
f 1094/542/921 1095/543/922 1096/544/923
f 1096/544/923 1095/543/922 1097/545/924
f 1096/544/923 1097/545/924 1098/546/925
f 1099/526/905 1100/525/911 1101/547/926
f 1101/547/926 1100/525/911 1102/548/912
f 1103/549/927 1104/550/928 1105/551/929
f 1105/551/929 1104/550/928 1085/536/914
f 1105/551/929 1085/536/914 1106/552/930
f 1106/552/930 1085/536/914 1086/534/906
f 1088/537/916 1107/553/931 1089/529/908
f 1089/529/908 1107/553/931 1108/554/930
f 1089/529/908 1108/554/930 1109/527/932
f 1104/550/928 1110/555/933 1085/536/914
f 1085/536/914 1110/555/933 1111/556/934
f 1085/536/914 1111/556/934 1083/535/912
f 1083/535/912 1111/556/934 1112/557/920
f 1083/535/912 1112/557/920 1113/558/935
f 1113/558/935 1112/557/920 1114/559/918
f 1097/545/924 1088/537/916 1098/546/925
f 1098/546/925 1088/537/916 1087/530/915
f 1098/546/925 1087/530/915 1096/544/923
f 1096/544/923 1087/530/915 1115/560/936
f 1096/544/923 1115/560/936 1094/542/921
f 1094/542/921 1115/560/936 1099/526/905
f 1094/542/921 1099/526/905 1092/540/919
f 1092/540/919 1099/526/905 1101/547/926
f 1092/540/919 1101/547/926 1090/538/917
f 1090/538/917 1101/547/926 1102/548/912
f 1116/526/937 1117/525/938 1118/524/939
f 1119/530/940 1120/528/941 1121/529/942
f 1121/529/942 1120/528/941 1122/527/943
f 1123/531/944 1124/533/938 1125/532/945
f 1125/532/945 1124/533/938 1126/534/946
f 1127/536/947 1128/552/948 1129/534/946
f 1127/536/947 1130/555/949 1131/550/950
f 1132/546/951 1133/537/952 1134/545/953
f 1135/529/942 1136/527/946 1137/554/948
f 1138/526/937 1139/547/954 1140/525/955
f 1140/525/955 1139/547/954 1141/548/956
f 1142/542/957 1143/541/958 1144/540/959
f 1144/540/959 1143/541/958 1145/539/960
f 1144/540/959 1145/539/960 1146/538/961
f 1129/534/946 1147/533/955 1127/536/947
f 1127/536/947 1147/533/955 1148/535/962
f 1128/552/948 1127/536/947 1149/551/963
f 1149/551/963 1127/536/947 1131/550/950
f 1149/551/963 1131/550/950 1150/549/964
f 1132/546/951 1134/545/953 1151/544/965
f 1151/544/965 1134/545/953 1152/543/966
f 1151/544/965 1152/543/966 1142/542/957
f 1137/554/948 1153/553/963 1135/529/942
f 1135/529/942 1153/553/963 1133/537/952
f 1135/529/942 1133/537/952 1154/530/967
f 1130/555/949 1127/536/947 1155/556/968
f 1155/556/968 1127/536/947 1148/535/962
f 1155/556/968 1148/535/962 1156/557/969
f 1156/557/969 1148/535/962 1157/558/970
f 1156/557/969 1157/558/970 1158/559/960
f 1133/537/952 1132/546/951 1154/530/967
f 1154/530/967 1132/546/951 1151/544/965
f 1154/530/967 1151/544/965 1159/560/971
f 1159/560/971 1151/544/965 1142/542/957
f 1159/560/971 1142/542/957 1138/526/937
f 1138/526/937 1142/542/957 1144/540/959
f 1138/526/937 1144/540/959 1139/547/954
f 1139/547/954 1144/540/959 1146/538/961
f 1139/547/954 1146/538/961 1141/548/956
f 1160/561/972 1161/562/973 1162/563/974
f 1163/564/975 1164/562/976 1165/565/977
f 1166/566/978 1167/567/979 1168/568/980
f 1168/568/980 1167/567/979 1169/566/981
f 1168/568/980 1169/566/981 1170/562/982
f 1170/562/982 1169/566/981 1171/561/983
f 1170/562/982 1171/561/983 1172/563/984
f 1173/561/972 1174/566/985 1175/562/976
f 1175/562/976 1174/566/985 1176/568/980
f 1175/562/976 1176/568/980 1165/565/977
f 1165/565/977 1176/568/980 1177/562/982
f 1165/565/977 1177/562/982 1178/564/986
o npc_01-0001-20.001
v 13.814080 28.826616 -6.648624
v 12.069143 29.643444 -10.583294
v 12.473064 33.170658 6.043859
v 0.000000 25.291979 -12.244516
v 0.000000 14.821722 -16.978065
v -15.031227 14.138556 -10.325710
v -5.471776 16.923201 14.256645
v -7.345967 28.239985 9.022861
v -8.649283 27.571672 13.218846
v -6.850491 33.712734 1.874006
v -8.277677 36.296883 1.956133
v 0.000000 36.489952 -8.209053
v 16.539196 17.665771 3.438169
v 15.031227 14.138556 -10.325710
v 16.722307 24.163269 -5.099394
v 13.814080 28.826616 -6.648624
v 14.594992 29.806810 -2.146525
v 0.000000 25.291979 -12.244516
v 0.000000 29.791958 -14.962200
v 0.000000 33.883526 -3.904808
v 0.000000 36.489952 -8.209053
v 6.850491 33.712734 1.874006
v 8.277677 36.296883 1.956133
v 7.345967 28.239985 9.022861
v 8.649283 27.571672 13.218846
v 5.471776 16.923201 14.256645
v -5.471776 16.923201 14.256645
v -11.196675 16.440531 13.076990
v -6.177290 7.848979 14.107321
v -16.329159 7.938087 4.319178
v -8.137651 -1.150984 16.055992
v -19.431267 -1.737617 5.200185
v -9.694091 -5.806906 14.409702
v 0.000000 36.489952 -8.209053
v -12.069143 29.643444 -10.583294
v -12.473064 33.170658 6.043859
v -11.842948 27.037020 12.024261
v -5.471776 16.923201 14.256645
v -14.185686 21.319223 13.931865
v -11.196675 16.440531 13.076990
v -16.539196 17.665771 3.438169
v -16.329159 7.938087 4.319178
v -15.031227 14.138556 -10.325710
v -19.431267 -1.737617 5.200185
v 0.000000 25.291979 -12.244516
v 15.031227 14.138556 -10.325710
v 0.000000 14.821722 -16.978065
v 0.000000 -1.722766 -14.727014
v -15.031227 14.138556 -10.325710
v -17.982538 -5.754928 -8.395705
v -19.431267 -1.737617 5.200185
v -19.388182 -5.762352 4.218384
v -9.694091 -5.806906 14.409702
v -16.539196 17.665771 3.438169
v -16.722307 24.163269 -5.099394
v -15.031227 14.138556 -10.325710
v -13.814080 28.826616 -6.648624
v -12.069143 29.643444 -10.583294
v 12.069143 29.643444 -10.583294
v 8.277677 36.296883 1.956133
v 12.473064 33.170658 6.043859
v 8.649283 27.571672 13.218846
v 11.842948 27.037020 12.024261
v 14.185686 21.319223 13.931865
v 11.196675 16.440531 13.076990
v 16.539196 17.665771 3.438169
v 16.329159 7.938087 4.319178
v 15.031227 14.138556 -10.325710
v 17.982538 -5.754928 -8.395705
v 0.000000 -1.722766 -14.727014
v 0.000000 -5.754928 -14.084924
v -17.982538 -5.754928 -8.395705
v 19.431267 -1.737617 5.200185
v 9.694091 -5.806906 14.409702
v 19.388182 -5.762352 4.218384
v 16.329159 7.938087 4.319178
v 19.431267 -1.737617 5.200185
v 17.982538 -5.754928 -8.395705
v 8.137651 -1.150984 16.055992
v 16.329159 7.938087 4.319178
v 6.177290 7.848979 14.107321
v 11.196675 16.440531 13.076990
v 5.471776 16.923201 14.256645
v -16.722307 24.163269 -5.099394
v -14.594992 29.806810 -2.146525
v -13.814080 28.826616 -6.648624
v -12.473064 33.170658 6.043859
v -12.069143 29.643444 -10.583294
vn 0.7367 0.3605 -0.5721
vn 0.6770 0.3935 -0.6219
vn 0.4098 0.8906 0.1970
vn -0.0000 -0.2426 -0.9701
vn -0.0000 0.1414 -0.9899
vn -0.7452 0.1019 -0.6590
vn 0.0707 0.1256 0.9896
vn -0.0625 0.5786 0.8132
vn 0.2749 0.5655 0.7776
vn 0.1569 0.9337 0.3217
vn 0.1332 0.9402 0.3134
vn -0.0000 0.9999 0.0158
vn 0.6821 -0.7292 0.0549
vn 0.7452 0.1020 -0.6590
vn 0.5185 0.1571 -0.8405
vn 0.4952 0.7624 -0.4166
vn -0.0000 0.1260 -0.9920
vn 0.6769 0.3936 -0.6220
vn 0.1570 0.9337 0.3217
vn -0.0000 0.9021 -0.4315
vn -0.0000 0.9999 0.0157
vn -0.1569 0.9338 0.3217
vn -0.1331 0.9402 0.3135
vn 0.0625 0.5786 0.8132
vn -0.2748 0.5655 0.7776
vn -0.0707 0.1256 0.9896
vn 0.0706 0.1256 0.9896
vn -0.5956 -0.2351 0.7681
vn 0.1177 -0.2353 0.9648
vn -0.8978 0.0788 0.4332
vn -0.6836 0.1807 0.7071
vn -0.9034 0.0629 0.4242
vn -0.4936 -0.0078 0.8696
vn -0.6770 0.3936 -0.6219
vn -0.4098 0.8906 0.1971
vn -0.1648 0.4158 0.8944
vn -0.1486 -0.1954 0.9694
vn -0.5956 -0.2352 0.7681
vn -0.6821 -0.7292 0.0548
vn -0.8979 0.0788 0.4331
vn -0.9034 0.0628 0.4242
vn -0.0000 0.1414 -0.9900
vn -0.0000 -0.1096 -0.9940
vn -0.8227 0.0705 -0.5641
vn -0.9451 0.0866 0.3150
vn -0.6821 -0.7292 0.0549
vn -0.5184 0.1571 -0.8406
vn -0.7452 0.1020 -0.6589
vn -0.7367 0.3605 -0.5721
vn 0.6770 0.3936 -0.6219
vn -0.1333 0.9402 0.3134
vn 0.4098 0.8906 0.1971
vn -0.2749 0.5655 0.7776
vn 0.1648 0.4158 0.8944
vn -0.0706 0.1256 0.9896
vn 0.1486 -0.1954 0.9694
vn 0.5956 -0.2352 0.7681
vn 0.6821 -0.7292 0.0548
vn 0.8979 0.0787 0.4331
vn 0.7453 0.1020 -0.6589
vn 0.8226 0.0705 -0.5642
vn -0.0000 -0.0237 -0.9997
vn 0.9034 0.0629 0.4242
vn 0.4936 -0.0078 0.8696
vn 0.9451 0.0867 0.3151
vn 0.8979 0.0787 0.4332
vn 0.9034 0.0628 0.4242
vn 0.8227 0.0706 -0.5641
vn 0.9451 0.0866 0.3150
vn 0.6836 0.1807 0.7071
vn 0.8978 0.0788 0.4332
vn -0.1177 -0.2353 0.9648
vn 0.5956 -0.2351 0.7681
vn -0.0706 0.1257 0.9896
vn -0.5185 0.1571 -0.8406
vn -0.4952 0.7624 -0.4166
vn -0.4099 0.8906 0.1971
vt 0.652344 0.910156
vt 0.707031 0.910156
vt 0.699219 0.785156
vt 0.636719 0.989990
vt 0.472656 0.989990
vt 0.488281 0.917969
vt 0.566406 0.649780
vt 0.816406 0.648651
vt 0.769531 0.691406
vt 0.886719 0.800781
vt 0.824219 0.816406
vt 0.832031 0.989990
vt 0.511719 0.832031
vt 0.597656 0.839844
vt 0.660156 0.824219
vt 0.707031 0.989990
vt 0.886719 0.989990
vt 0.480469 0.753906
vt 0.425781 0.649780
vt 0.363281 0.824219
vt 0.292969 0.649780
vt 0.292969 0.832031
vt 0.225403 0.649780
vt 0.660156 0.746094
vt 0.589844 0.761719
vt 0.292969 0.989990
vt 0.225403 0.910156
vt 0.225403 0.800781
vt 0.225403 0.989990
s 1
usemtl npc01_02
f 1179/569/987 1180/570/988 1181/571/989
f 1182/572/990 1183/573/991 1184/574/992
f 1185/575/993 1186/576/994 1187/577/995
f 1187/577/995 1186/576/994 1188/578/996
f 1187/577/995 1188/578/996 1189/579/997
f 1189/579/997 1188/578/996 1190/580/998
f 1191/581/999 1192/574/1000 1193/582/1001
f 1193/582/1001 1192/574/1000 1194/569/987
f 1193/582/1001 1194/569/987 1195/583/1002
f 1195/583/1002 1194/569/987 1181/571/989
f 1196/572/990 1197/584/1003 1180/570/1004
f 1188/578/1005 1198/585/1006 1199/580/1007
f 1199/580/1007 1198/585/1006 1200/578/1008
f 1199/580/1007 1200/578/1008 1201/579/1009
f 1201/579/1009 1200/578/1008 1202/576/1010
f 1201/579/1009 1202/576/1010 1203/577/1011
f 1203/577/1011 1202/576/1010 1204/575/1012
f 1205/575/1013 1206/586/1014 1207/587/1015
f 1207/587/1015 1206/586/1014 1208/588/1016
f 1207/587/1015 1208/588/1016 1209/589/1017
f 1209/589/1017 1208/588/1016 1210/590/1018
f 1209/589/1017 1210/590/1018 1211/591/1019
f 1212/580/998 1213/570/1020 1189/579/997
f 1189/579/997 1213/570/1020 1214/571/1021
f 1189/579/997 1214/571/1021 1187/577/995
f 1187/577/995 1214/571/1021 1215/592/1022
f 1187/577/995 1215/592/1022 1216/575/1013
f 1216/575/1013 1215/592/1022 1217/593/1023
f 1216/575/1013 1217/593/1023 1218/586/1024
f 1218/586/1024 1217/593/1023 1219/581/1025
f 1218/586/1024 1219/581/1025 1220/588/1026
f 1220/588/1026 1219/581/1025 1221/574/992
f 1220/588/1026 1221/574/992 1222/590/1027
f 1180/570/988 1179/569/987 1223/572/990
f 1223/572/990 1179/569/987 1224/574/1000
f 1223/572/990 1224/574/1000 1225/573/1028
f 1225/573/1028 1224/574/1000 1226/594/1029
f 1225/573/1028 1226/594/1029 1227/574/992
f 1227/574/992 1226/594/1029 1228/595/1030
f 1227/574/992 1228/595/1030 1229/590/1027
f 1229/590/1027 1228/595/1030 1230/596/1031
f 1229/590/1027 1230/596/1031 1231/591/1019
f 1232/581/1032 1233/582/1033 1234/574/1034
f 1234/574/1034 1233/582/1033 1235/569/1035
f 1234/574/1034 1235/569/1035 1196/572/990
f 1196/572/990 1235/569/1035 1236/570/1020
f 1196/572/990 1236/570/1020 1197/584/1003
f 1197/584/1003 1236/570/1020 1190/580/998
f 1197/584/1003 1190/580/998 1237/570/1036
f 1237/570/1036 1190/580/998 1238/579/1037
f 1237/570/1036 1238/579/1037 1239/571/1038
f 1239/571/1038 1238/579/1037 1240/577/1039
f 1239/571/1038 1240/577/1039 1241/592/1040
f 1241/592/1040 1240/577/1039 1204/575/1041
f 1241/592/1040 1204/575/1041 1242/593/1042
f 1242/593/1042 1204/575/1041 1243/586/1043
f 1242/593/1042 1243/586/1043 1244/581/1044
f 1244/581/1044 1243/586/1043 1245/588/1045
f 1244/581/1044 1245/588/1045 1246/574/1046
f 1246/574/1046 1245/588/1045 1247/595/1047
f 1246/574/1046 1247/595/1047 1248/594/1029
f 1248/594/1029 1247/595/1047 1249/597/1048
f 1248/594/1029 1249/597/1048 1250/595/1030
f 1251/590/1049 1252/591/1050 1253/596/1051
f 1254/588/1052 1255/590/1053 1256/595/1054
f 1256/595/1054 1255/590/1053 1253/596/1055
f 1252/591/1050 1251/590/1049 1257/589/1056
f 1257/589/1056 1251/590/1049 1258/588/1057
f 1257/589/1056 1258/588/1057 1259/587/1058
f 1259/587/1058 1258/588/1057 1260/586/1059
f 1259/587/1058 1260/586/1059 1261/575/1060
f 1262/582/1061 1263/583/1062 1264/569/1035
f 1264/569/1035 1263/583/1062 1265/571/1063
f 1264/569/1035 1265/571/1063 1266/570/1020
o npc_01-0001-44.001
v 16.722307 26.524647 -5.099394
v 22.393351 23.613766 -5.132992
v 15.031227 14.138556 -11.766680
v 5.746442 16.923201 14.256645
v 14.185686 21.319223 13.931865
v 12.322267 27.022169 12.095188
v 15.456689 27.861275 11.113387
v 12.473064 33.170658 6.043859
v 15.456689 27.861275 11.113387
v 16.953888 30.534531 6.040127
v 12.473064 33.170658 6.043859
v 16.808477 30.222651 -0.313581
v 13.814080 28.826616 -6.648624
v 16.722307 26.524647 -5.099394
v 22.393351 23.613766 -5.132992
v 16.722307 26.524647 -5.099394
v 22.926525 29.947899 0.757814
v 16.808477 30.222651 -0.313581
v 23.298132 30.623638 5.860939
v 16.953888 30.534531 6.040127
v 22.054056 27.178108 12.617820
v 15.456689 27.861275 11.113387
v 20.486845 20.881105 14.140918
v 14.185686 21.319223 13.931865
v 13.103180 14.725189 13.073257
v 5.746442 16.923201 14.256645
v 6.338858 11.391044 15.708814
vn 0.4159 0.5728 -0.7063
vn 0.2666 0.1176 -0.9566
vn 0.6903 0.1177 -0.7139
vn -0.5588 0.1338 0.8185
vn 0.0078 0.1415 0.9899
vn 0.1489 0.4233 0.8937
vn 0.1180 0.6449 0.7551
vn 0.3839 0.8930 0.2350
vn 0.1180 0.6450 0.7550
vn 0.1882 0.9407 0.2822
vn 0.3838 0.8930 0.2350
vn 0.2821 0.9169 -0.2821
vn 0.4339 0.6863 -0.5838
vn 0.4160 0.5728 -0.7063
vn 0.4159 0.5729 -0.7063
vn 0.1257 0.8643 -0.4871
vn 0.2821 0.9170 -0.2822
vn 0.0394 0.9922 0.1181
vn 0.1881 0.9407 0.2822
vn -0.0000 0.7226 0.6912
vn 0.1179 0.6449 0.7551
vn 0.1334 -0.3923 0.9101
vn 0.0079 0.1414 0.9899
vn 0.5403 -0.0783 0.8379
vn -0.5588 0.1337 0.8184
vn -0.7778 0.0079 0.6285
vt 0.667969 0.371094
vt 0.675781 0.429657
vt 0.761719 0.429657
vt 0.832031 0.371094
vt 0.714844 0.371094
vt 0.691406 0.300781
vt 0.621094 0.339844
vt 0.527344 0.214844
vt 0.527344 0.324219
vt 0.597656 0.332031
vt 0.714844 0.285156
vt 0.597656 0.429657
vt 0.527344 0.429657
vt 0.621094 0.429657
vt 0.683594 0.429657
vt 0.777344 0.429657
vt 0.855469 0.429657
s 1
usemtl npc01_01
f 1267/598/1064 1268/599/1065 1269/600/1066
f 1270/601/1067 1271/602/1068 1272/603/1069
f 1272/603/1069 1271/602/1068 1273/604/1070
f 1272/603/1069 1273/604/1070 1274/605/1071
f 1275/604/1072 1276/606/1073 1277/605/1074
f 1277/605/1074 1276/606/1073 1278/607/1075
f 1277/605/1074 1278/607/1075 1279/608/1076
f 1279/608/1076 1278/607/1075 1280/598/1077
f 1279/608/1076 1280/598/1077 1269/600/1066
f 1281/599/1065 1282/598/1078 1283/609/1079
f 1283/609/1079 1282/598/1078 1284/607/1080
f 1283/609/1079 1284/607/1080 1285/610/1081
f 1285/610/1081 1284/607/1080 1286/606/1082
f 1285/610/1081 1286/606/1082 1287/611/1083
f 1287/611/1083 1286/606/1082 1288/604/1084
f 1287/611/1083 1288/604/1084 1289/612/1085
f 1289/612/1085 1288/604/1084 1290/602/1086
f 1289/612/1085 1290/602/1086 1291/613/1087
f 1291/613/1087 1290/602/1086 1292/601/1088
f 1291/613/1087 1292/601/1088 1293/614/1089
o npc_01-0001-45.001
v 13.814080 28.826616 -6.648624
v 15.031227 14.138556 -11.766680
v 0.000000 27.074148 -12.240783
v 0.000000 14.821722 -16.978065
vn 0.4338 0.6863 -0.5838
vn 0.6903 0.1177 -0.7139
vn -0.0000 0.6112 -0.7914
vn -0.0000 0.0629 -0.9980
vt 0.714844 0.285156
vt 0.761719 0.429657
vt 0.902344 0.292969
vt 0.902344 0.429657
s 1
usemtl npc01_01
f 1294/615/1090 1295/616/1091 1296/617/1092
f 1296/617/1092 1295/616/1091 1297/618/1093
o npc_01-0001-46.001
v -16.722307 26.524647 -5.099394
v -15.031227 14.138556 -11.766680
v -22.393351 23.613766 -5.132992
v -12.473064 33.170658 6.043859
v -9.645620 31.700369 -4.035465
v -13.814080 28.826616 -6.648624
v 0.000000 27.074148 -12.240783
v -15.031227 14.138556 -11.766680
v 0.000000 14.821722 -16.978065
v -12.473064 33.170658 6.043859
v -15.456689 27.861275 11.113387
v -12.322267 27.022169 12.095188
v -14.185686 21.319223 13.931865
v -5.746442 16.923201 14.256645
v -13.103180 14.725189 13.073257
v -6.338858 11.391044 15.708814
v -15.031227 14.138556 -11.766680
v -16.722307 26.524647 -5.099394
v -13.814080 28.826616 -6.648624
v -16.808477 30.222651 -0.313581
v -12.473064 33.170658 6.043859
v -16.953888 30.534531 6.040127
v -15.456689 27.861275 11.113387
v -22.054056 27.178108 12.617820
v -14.185686 21.319223 13.931865
v -20.486845 20.881105 14.140918
v -13.103180 14.725189 13.073257
vn -0.4159 0.5729 -0.7063
vn -0.6903 0.1176 -0.7139
vn -0.2666 0.1176 -0.9566
vn -0.3839 0.8930 0.2350
vn -0.4790 0.6439 -0.5967
vn -0.4338 0.6863 -0.5838
vn -0.0000 0.6112 -0.7915
vn -0.6903 0.1177 -0.7139
vn -0.0000 0.0629 -0.9980
vn -0.3838 0.8930 0.2350
vn -0.1180 0.6449 0.7551
vn -0.1489 0.4233 0.8937
vn -0.0079 0.1414 0.9899
vn 0.5588 0.1338 0.8185
vn -0.5403 -0.0783 0.8378
vn 0.7952 0.0001 0.6063
vn -0.4160 0.5728 -0.7063
vn -0.4339 0.6863 -0.5838
vn -0.2821 0.9169 -0.2821
vn -0.1882 0.9407 0.2822
vn -0.1179 0.6450 0.7551
vn -0.0000 0.7226 0.6913
vn -0.0078 0.1414 0.9899
vn -0.1334 -0.3923 0.9101
vt 0.667969 0.371094
vt 0.761719 0.429657
vt 0.675781 0.429657
vt 0.527344 0.214844
vt 0.753906 0.222656
vt 0.714844 0.285156
vt 0.902344 0.292969
vt 0.902344 0.429657
vt 0.621094 0.339844
vt 0.691406 0.300781
vt 0.714844 0.371094
vt 0.832031 0.371094
vt 0.777344 0.429657
vt 0.855469 0.429657
vt 0.597656 0.332031
vt 0.527344 0.324219
vt 0.621094 0.429657
vt 0.683594 0.429657
s 1
usemtl npc01_01
f 1298/619/1094 1299/620/1095 1300/621/1096
f 1301/622/1097 1302/623/1098 1303/624/1099
f 1303/624/1099 1302/623/1098 1304/625/1100
f 1303/624/1099 1304/625/1100 1305/620/1101
f 1305/620/1101 1304/625/1100 1306/626/1102
f 1307/622/1103 1308/627/1104 1309/628/1105
f 1309/628/1105 1308/627/1104 1310/629/1106
f 1309/628/1105 1310/629/1106 1311/630/1107
f 1311/630/1107 1310/629/1106 1312/631/1108
f 1311/630/1107 1312/631/1108 1313/632/1109
f 1314/620/1101 1315/619/1110 1316/624/1111
f 1316/624/1111 1315/619/1110 1317/633/1112
f 1316/624/1111 1317/633/1112 1318/622/1103
f 1318/622/1103 1317/633/1112 1319/634/1113
f 1318/622/1103 1319/634/1113 1320/627/1114
f 1320/627/1114 1319/634/1113 1321/635/1115
f 1320/627/1114 1321/635/1115 1322/629/1116
f 1322/629/1116 1321/635/1115 1323/636/1117
f 1322/629/1116 1323/636/1117 1324/631/1108
o npc_01-0001-47.001
v 0.000000 3.995034 17.635086
v 9.467895 -5.806906 15.369105
v 8.191507 3.891074 14.529161
v -7.496764 11.361341 13.439099
v 0.000000 11.153422 14.577690
v -6.635067 16.863796 13.222581
v 0.000000 16.447956 13.995329
v 0.000000 -5.844035 18.000929
v -8.600813 3.891074 14.529161
v -9.467895 -5.806906 15.369105
v -6.635067 16.863796 13.222581
v -5.746442 16.923201 14.256645
v -7.496764 11.361341 13.439099
v -6.338858 11.391044 15.708814
v 7.496764 11.361341 13.439099
v 0.000000 3.995034 17.635086
v 8.191507 3.891074 14.529161
v 7.496764 11.361341 13.439099
v 6.338858 11.391044 15.708814
v 6.635067 16.863796 13.222581
v 5.746442 16.923201 14.256645
v 6.635067 16.863796 13.222581
v 0.000000 16.447956 13.995329
v 7.496764 11.361341 13.439099
v 0.000000 11.153422 14.577690
v 0.000000 3.995034 17.635086
v -7.496764 11.361341 13.439099
v -8.600813 3.891074 14.529161
vn -0.0000 0.2202 0.9755
vn -0.8169 -0.0628 0.5734
vn -0.7562 -0.0236 0.6539
vn 0.5111 0.1336 0.8491
vn -0.0000 0.2351 0.9720
vn 0.5268 0.0393 0.8491
vn -0.0000 0.0941 0.9956
vn -0.0000 0.0158 0.9999
vn -0.3137 0.1255 0.9412
vn -0.2830 0.0158 0.9590
vn 0.5588 0.1339 0.8184
vn 0.5110 0.1337 0.8491
vn 0.7953 -0.0001 0.6062
vn -0.5019 0.1333 0.8546
vn -0.0000 0.2203 0.9754
vn -0.5018 0.1333 0.8547
vn -0.7778 0.0079 0.6285
vn -0.5267 0.0393 0.8491
vn -0.5587 0.1337 0.8185
vn -0.5268 0.0393 0.8491
vn -0.5018 0.1332 0.8546
vn -0.0000 0.2352 0.9720
vt 0.009979 0.009979
vt 0.152344 0.147339
vt 0.136719 0.009979
vt 0.027344 0.386719
vt 0.152344 0.386719
vt 0.035156 0.292969
vt 0.152344 0.300781
vt 0.009979 0.147339
vt 0.203125 0.125000
vt 0.171875 0.125000
vt 0.203125 0.007812
vt 0.171875 0.007812
vt 0.285156 0.386719
vt 0.152344 0.499542
vt 0.300781 0.499542
vt 0.277344 0.292969
vt 0.011719 0.499542
s 1
usemtl npc01_01
f 1325/637/1118 1326/638/1119 1327/639/1120
f 1328/640/1121 1329/641/1122 1330/642/1123
f 1330/642/1123 1329/641/1122 1331/643/1124
f 1326/638/1119 1325/637/1118 1332/644/1125
f 1332/644/1125 1325/637/1118 1333/639/1126
f 1332/644/1125 1333/639/1126 1334/638/1127
f 1335/645/1123 1336/646/1128 1337/647/1129
f 1337/647/1129 1336/646/1128 1338/648/1130
f 1339/649/1131 1340/650/1132 1341/651/1120
f 1342/647/1133 1343/648/1134 1344/645/1135
f 1344/645/1135 1343/648/1134 1345/646/1136
f 1346/652/1137 1347/643/1124 1348/649/1138
f 1348/649/1138 1347/643/1124 1349/641/1139
f 1348/649/1138 1349/641/1139 1350/650/1132
f 1350/650/1132 1349/641/1139 1351/640/1121
f 1350/650/1132 1351/640/1121 1352/653/1126
o npc_01-0001-48.001
v -22.054056 27.178108 12.617820
v -16.953888 30.534531 6.040127
v -23.298132 30.623638 5.860939
v -16.808477 30.222651 -0.313581
v -22.926525 29.947899 0.757814
v -16.722307 26.524647 -5.099394
v -22.393351 23.613766 -5.132992
vn -0.0000 0.7227 0.6912
vn -0.1881 0.9407 0.2822
vn -0.0394 0.9922 0.1181
vn -0.2821 0.9170 -0.2822
vn -0.1257 0.8643 -0.4871
vn -0.4159 0.5729 -0.7063
vn -0.2666 0.1176 -0.9566
vt 0.621094 0.429657
vt 0.527344 0.324219
vt 0.527344 0.429657
vt 0.597656 0.332031
vt 0.597656 0.429657
vt 0.667969 0.371094
vt 0.675781 0.429657
s 1
usemtl npc01_01
f 1353/654/1140 1354/655/1141 1355/656/1142
f 1355/656/1142 1354/655/1141 1356/657/1143
f 1355/656/1142 1356/657/1143 1357/658/1144
f 1357/658/1144 1356/657/1143 1358/659/1145
f 1357/658/1144 1358/659/1145 1359/660/1146
o npc_01-0001-49.001
v 0.000000 37.551830 -0.533834
v 0.000000 33.883526 -3.904808
v -6.554283 37.351334 3.759212
v -8.213049 27.267218 11.370970
v -8.713911 27.571672 13.218846
v -5.746442 16.923201 14.256645
v 8.213049 27.267218 11.370970
v 6.144977 30.564234 8.541293
v 5.746442 16.923201 14.256645
v 0.000000 30.497402 -10.784880
v 9.645620 31.700369 -4.035465
v 0.000000 29.621168 -8.418105
v 6.554283 37.351334 3.759212
v -6.635067 16.863796 13.222581
v 0.000000 21.742489 13.409234
v -6.144977 30.564234 8.541293
v -6.635067 16.863796 13.222581
v 0.000000 16.447956 13.995329
v 6.635067 16.863796 13.222581
v 6.144977 30.564234 8.541293
v -9.645620 31.700369 -4.035465
v -9.645620 31.700369 -4.035465
v 0.000000 29.621168 -8.418105
v 0.000000 27.074148 -12.240783
v 9.645620 31.700369 -4.035465
v 13.814080 28.826616 -6.648624
v 12.473064 33.170658 6.043859
v -6.144977 30.564234 8.541293
v -5.746442 16.923201 14.256645
v -6.635067 16.863796 13.222581
v 6.635067 16.863796 13.222581
v 5.746442 16.923201 14.256645
v 6.144977 30.564234 8.541293
v -7.469836 36.913219 1.220715
v 6.850491 33.712734 1.874006
v 8.213049 27.267218 11.370970
v 8.713911 27.571672 13.218846
v 5.746442 16.923201 14.256645
v 12.322267 27.022169 12.095188
v 0.000000 33.883526 -3.904808
v 7.469836 36.913219 1.220715
v 12.473064 33.170658 6.043859
v 6.850491 33.712734 1.874006
v -6.850491 33.712734 1.874006
v -8.213049 27.267218 11.370970
v -6.144977 30.564234 8.541293
v -5.746442 16.923201 14.256645
v 0.000000 36.489952 -5.838546
v -6.850491 33.712734 1.874006
v -12.473064 33.170658 6.043859
v -12.322267 27.022169 12.095188
vn -0.0000 0.6750 -0.7378
vn -0.0000 0.5975 -0.8019
vn -0.7178 0.6547 -0.2367
vn 0.5363 0.5127 0.6705
vn 0.3536 0.5422 0.7623
vn 0.5587 0.1338 0.8185
vn -0.5363 0.5127 0.6705
vn -0.7792 0.3621 0.5116
vn -0.5588 0.1339 0.8185
vn -0.0000 -0.2830 -0.9591
vn 0.4790 0.6438 -0.5967
vn 0.0001 -0.0551 -0.9985
vn 0.7179 0.6547 -0.2367
vn 0.5268 0.0393 0.8491
vn -0.0000 0.2203 0.9754
vn -0.2591 0.3219 0.9107
vn 0.5275 0.0476 0.8482
vn -0.0000 0.0941 0.9956
vn -0.5268 0.0393 0.8491
vn 0.2591 0.3219 0.9107
vn -0.4790 0.6438 -0.5967
vn -0.4789 0.6438 -0.5968
vn -0.0001 -0.0550 -0.9985
vn -0.0000 0.6113 -0.7914
vn 0.4789 0.6439 -0.5967
vn 0.4339 0.6863 -0.5837
vn 0.3838 0.8930 0.2350
vn 0.7792 0.3620 0.5116
vn 0.5588 0.1338 0.8184
vn -0.5588 0.1338 0.8184
vn -0.7792 0.3620 0.5116
vn 0.2746 0.8708 0.4079
vn -0.8139 0.2504 0.5243
vn -0.5363 0.5127 0.6704
vn -0.3536 0.5422 0.7623
vn -0.5587 0.1338 0.8185
vn 0.1490 0.4233 0.8937
vn -0.0000 0.4722 0.8815
vn -0.2745 0.8708 0.4079
vn 0.8669 0.2837 -0.4098
vn -0.8669 0.2837 -0.4098
vn 0.7792 0.3621 0.5116
vn 0.5587 0.1339 0.8185
vn -0.0000 0.9495 -0.3138
vn 0.8139 0.2504 0.5243
vn -0.3838 0.8930 0.2350
vn -0.1490 0.4233 0.8936
vt 0.009979 0.586517
vt 0.009979 0.511719
vt 0.152344 0.586517
vt 0.425781 0.433594
vt 0.441406 0.417969
vt 0.492096 0.558594
vt 0.347656 0.535156
vt 0.300781 0.586517
vt 0.492249 0.586517
vt 0.492096 0.027344
vt 0.492096 0.144531
vt 0.521423 0.058594
vt 0.277344 0.292969
vt 0.152344 0.222656
vt 0.269531 0.066406
vt 0.035156 0.292969
vt 0.152344 0.300781
vt 0.753906 0.222656
vt 0.902344 0.246094
vt 0.902344 0.292969
vt 0.714844 0.285156
vt 0.527344 0.214844
vt 0.203125 0.007812
vt 0.171875 0.125000
vt 0.203125 0.125000
vt 0.410156 0.175781
vt 0.378906 0.253906
vt 0.492096 0.402344
vt 0.355469 0.074219
vt 0.492096 0.285156
vt 0.152344 0.519531
vt 0.410156 0.027344
s 1
usemtl npc01_01
f 1360/661/1147 1361/662/1148 1362/663/1149
f 1363/664/1150 1364/665/1151 1365/666/1152
f 1366/667/1153 1367/668/1154 1368/669/1155
f 1369/670/1156 1370/671/1157 1371/672/1158
f 1361/662/1148 1360/661/1147 1372/663/1159
f 1373/673/1160 1374/674/1161 1375/675/1162
f 1376/676/1163 1377/677/1164 1374/674/1161
f 1374/674/1161 1377/677/1164 1378/673/1165
f 1374/674/1161 1378/673/1165 1379/675/1166
f 1369/670/1156 1371/672/1158 1380/671/1167
f 1381/678/1168 1382/679/1169 1383/680/1170
f 1383/680/1170 1382/679/1169 1384/678/1171
f 1383/680/1170 1384/678/1171 1385/681/1172
f 1385/681/1172 1384/678/1171 1386/682/1173
f 1387/683/1174 1388/684/1175 1389/685/1160
f 1390/685/1165 1391/684/1176 1392/683/1177
f 1364/665/1151 1363/664/1150 1393/686/1178
f 1394/687/1179 1395/664/1180 1396/665/1181
f 1396/665/1181 1395/664/1180 1397/666/1182
f 1396/665/1181 1397/666/1182 1398/688/1183
f 1399/689/1184 1394/687/1179 1400/686/1185
f 1400/686/1185 1394/687/1179 1396/665/1181
f 1400/686/1185 1396/665/1181 1401/690/1173
f 1401/690/1173 1396/665/1181 1398/688/1183
f 1367/668/1154 1366/667/1153 1372/663/1159
f 1372/663/1159 1366/667/1153 1402/691/1186
f 1372/663/1159 1402/691/1186 1361/662/1148
f 1361/662/1148 1403/691/1187 1362/663/1149
f 1362/663/1149 1403/691/1187 1404/667/1150
f 1362/663/1149 1404/667/1150 1405/668/1188
f 1405/668/1188 1404/667/1150 1406/669/1189
f 1401/690/1173 1370/671/1157 1400/686/1185
f 1400/686/1185 1370/671/1157 1407/692/1190
f 1400/686/1185 1407/692/1190 1399/689/1184
f 1399/689/1184 1407/692/1190 1393/686/1178
f 1399/689/1184 1393/686/1178 1408/687/1191
f 1408/687/1191 1393/686/1178 1363/664/1150
f 1370/671/1157 1369/670/1156 1407/692/1190
f 1407/692/1190 1369/670/1156 1380/671/1167
f 1407/692/1190 1380/671/1167 1393/686/1178
f 1393/686/1178 1380/671/1167 1409/690/1192
f 1393/686/1178 1409/690/1192 1364/665/1151
f 1364/665/1151 1409/690/1192 1410/688/1193
f 1364/665/1151 1410/688/1193 1365/666/1152
o npc_01-0001-50.001
v 39.664989 24.282082 -5.827345
v 31.952801 24.244951 -5.536165
v 40.467445 28.967705 -0.164258
v 32.582916 28.648399 -0.866077
v 40.316647 18.980122 -0.238918
v 51.125557 19.663286 -0.810080
v 41.808460 18.037056 7.678952
v 41.733063 29.977602 7.249646
v 50.926292 29.843939 7.216048
v 50.996304 24.326635 -6.118526
v 51.125557 19.663286 -0.810080
v 40.316647 18.980122 -0.238918
v 32.173611 18.853886 -1.011667
v 31.952801 24.244951 -5.536165
v 40.316647 18.980122 -0.238918
v 39.664989 24.282082 -5.827345
v 50.996304 24.326635 -6.118526
v 40.467445 28.967705 -0.164258
v 50.867050 28.388500 -0.500235
v 50.926292 29.843939 7.216048
vn -0.0236 0.0236 -0.9994
vn -0.0471 0.0471 -0.9978
vn -0.0000 0.9021 -0.4315
vn -0.0158 0.8439 -0.5363
vn 0.0236 -0.8973 -0.4407
vn 0.0235 -0.9093 -0.4154
vn 0.0157 -0.9413 0.3373
vn -0.0234 0.9233 0.3834
vn 0.0235 0.9589 0.2829
vn -0.0000 0.9022 -0.4314
vn -0.0001 0.4090 -0.9125
vn 0.0235 -0.9093 -0.4155
vn 0.0236 -0.8973 -0.4408
vn 0.0158 -0.8055 -0.5923
vn -0.0471 0.0472 -0.9978
vn -0.0000 0.4091 -0.9125
vn 0.0235 0.9233 -0.3834
vn 0.0236 0.9588 0.2829
vt 0.425781 0.863281
vt 0.425781 0.756317
vt 0.352478 0.871094
vt 0.352478 0.761139
vt 0.009979 0.871094
vt 0.009979 0.989990
vt 0.089844 0.886719
vt 0.261719 0.886719
vt 0.261719 0.989990
vt 0.425781 0.989990
vt 0.493896 0.989990
vt 0.493896 0.871094
vt 0.493896 0.756317
vt 0.352478 0.989990
s 1
usemtl npc01_01
f 1411/693/1194 1412/694/1195 1413/695/1196
f 1413/695/1196 1412/694/1195 1414/696/1197
f 1415/697/1198 1416/698/1199 1417/699/1200
f 1418/700/1201 1419/701/1202 1413/695/1203
f 1420/702/1204 1421/703/1205 1422/704/1206
f 1423/705/1207 1424/694/1208 1425/704/1206
f 1425/704/1206 1424/694/1208 1426/693/1194
f 1425/704/1206 1426/693/1194 1427/702/1209
f 1427/702/1209 1426/693/1194 1428/695/1196
f 1427/702/1209 1428/695/1196 1429/706/1210
f 1429/706/1210 1428/695/1196 1430/701/1211
o npc_01-0001-51.001
v 43.634178 27.170683 7.234714
v 43.758049 20.769718 7.548294
v 51.981869 24.289509 13.058324
v 43.634178 27.170683 7.234714
v 43.763435 24.044458 0.227716
v 43.758049 20.769718 7.548294
v 51.868771 29.153349 7.499763
v 51.771832 28.158302 -0.757818
v 43.763435 24.044458 0.227716
v 50.926292 29.843939 7.216048
v 41.733063 29.977602 7.249646
v 51.238655 24.059311 13.502562
v 42.481663 24.200399 13.491362
v 51.394840 18.616262 7.805876
v 41.808460 18.037056 7.678952
v 51.125557 19.663286 -0.810080
v 51.852615 23.843964 -5.804947
v 52.100353 20.212790 -0.959404
v 52.100353 18.972696 7.316843
vn -0.6693 0.6930 0.2678
vn -0.6613 -0.7007 0.2677
vn -0.3862 0.0158 0.9223
vn -0.8245 -0.0235 -0.5654
vn -0.6613 -0.7007 0.2676
vn -0.2283 0.9290 0.2913
vn -0.3841 0.8466 -0.3685
vn -0.8245 -0.0236 -0.5654
vn 0.0235 0.9589 0.2829
vn -0.0235 0.9233 0.3834
vn -0.0000 0.3373 0.9414
vn -0.0469 -0.1017 0.9937
vn 0.0236 -0.8812 0.4721
vn 0.0157 -0.9413 0.3373
vn 0.0235 -0.9093 -0.4154
vn -0.5972 -0.0314 -0.8015
vn -0.3610 -0.8632 -0.3531
vn -0.1891 -0.9377 0.2916
vt 0.683594 0.074219
vt 0.683594 0.035156
vt 0.542969 0.009979
vt 0.660156 0.105469
vt 0.683594 0.121094
vt 0.683594 0.089844
vt 0.542969 0.066406
vt 0.542969 0.136719
vt 0.683594 0.167969
vt 0.261719 0.989990
vt 0.261719 0.886719
vt 0.175781 0.989990
vt 0.175781 0.894531
vt 0.089844 0.989990
vt 0.089844 0.886719
vt 0.009979 0.989990
vt 0.542969 0.195282
s 1
usemtl npc01_01
f 1431/707/1212 1432/708/1213 1433/709/1214
f 1434/710/1212 1435/711/1215 1436/712/1216
f 1433/709/1214 1437/713/1217 1431/707/1212
f 1431/707/1212 1437/713/1217 1438/714/1218
f 1431/707/1212 1438/714/1218 1439/715/1219
f 1440/716/1220 1441/717/1221 1442/718/1222
f 1442/718/1222 1441/717/1221 1443/719/1223
f 1442/718/1222 1443/719/1223 1444/720/1224
f 1444/720/1224 1443/719/1223 1445/721/1225
f 1444/720/1224 1445/721/1225 1446/722/1226
f 1438/714/1218 1447/723/1227 1439/715/1219
f 1439/715/1219 1447/723/1227 1448/714/1228
f 1439/715/1219 1448/714/1228 1432/708/1213
f 1432/708/1213 1448/714/1228 1449/713/1229
f 1432/708/1213 1449/713/1229 1433/709/1214
o npc_01-0001-52.001
v -31.952801 24.244951 -5.536165
v -40.467445 28.967705 -0.164258
v -32.582916 28.648399 -0.866077
v -40.467445 28.967705 -0.164258
v -50.867050 28.388500 -0.500235
v -41.733063 29.977602 7.249646
v -41.808460 18.037056 7.678952
v -51.394840 18.616262 7.805876
v -40.316647 18.980122 -0.238918
v -51.125557 19.663286 -0.810080
v -40.316647 18.980122 -0.238918
v -51.125557 19.663286 -0.810080
v -39.664989 24.282082 -5.827345
v -32.173611 18.853886 -1.011667
v -40.316647 18.980122 -0.238918
v -50.996304 24.326635 -6.118526
v -50.867050 28.388500 -0.500235
vn 0.0471 0.0471 -0.9978
vn -0.0000 0.9021 -0.4315
vn 0.0158 0.8439 -0.5363
vn -0.0000 0.9022 -0.4314
vn -0.0235 0.9233 -0.3834
vn 0.0235 0.9233 0.3834
vn -0.0157 -0.9413 0.3373
vn -0.0236 -0.8812 0.4721
vn -0.0236 -0.8973 -0.4407
vn -0.0235 -0.9093 -0.4154
vn -0.0236 -0.8973 -0.4408
vn -0.0235 -0.9093 -0.4155
vn 0.0236 0.0236 -0.9994
vn -0.0158 -0.8055 -0.5924
vn -0.0000 0.4091 -0.9125
vn -0.0235 0.9233 -0.3835
vt 0.425781 0.756317
vt 0.352478 0.871094
vt 0.352478 0.761139
vt 0.352478 0.989990
vt 0.261719 0.886719
vt 0.089844 0.886719
vt 0.089844 0.989990
vt 0.009979 0.871094
vt 0.009979 0.989990
vt 0.493896 0.871094
vt 0.493896 0.989990
vt 0.425781 0.863281
vt 0.493896 0.756317
vt 0.425781 0.989990
s 1
usemtl npc01_01
f 1450/724/1230 1451/725/1231 1452/726/1232
f 1453/725/1233 1454/727/1234 1455/728/1235
f 1456/729/1236 1457/730/1237 1458/731/1238
f 1458/731/1238 1457/730/1237 1459/732/1239
f 1460/733/1240 1461/734/1241 1462/735/1242
f 1463/736/1243 1464/733/1240 1450/724/1230
f 1450/724/1230 1464/733/1240 1462/735/1242
f 1450/724/1230 1462/735/1242 1451/725/1231
f 1451/725/1231 1462/735/1242 1465/737/1244
f 1451/725/1231 1465/737/1244 1466/727/1245
o npc_01-0001-53.001
v -51.981869 24.289509 13.058324
v -43.758049 20.769718 7.548294
v -43.634178 27.170683 7.234714
v -51.125557 19.663286 -0.810080
v -50.996304 24.326635 -6.118526
v -39.664989 24.282082 -5.827345
v -43.763435 24.044458 0.227716
v -51.771832 28.158302 -0.757818
v -51.868771 29.153349 7.499763
v -43.634178 27.170683 7.234714
v -43.758049 20.769718 7.548294
v -43.763435 24.044458 0.227716
v -50.867050 28.388500 -0.500235
v -50.926292 29.843939 7.216048
v -41.733063 29.977602 7.249646
v -51.238655 24.059311 13.502562
v -42.481663 24.200399 13.491362
v -51.394840 18.616262 7.805876
v -41.808460 18.037056 7.678952
v -52.100353 18.972696 7.316843
v -52.100353 20.212790 -0.959404
v -51.852615 23.843964 -5.804947
vn 0.3862 0.0158 0.9223
vn 0.6613 -0.7007 0.2677
vn 0.6693 0.6930 0.2678
vn -0.0235 -0.9093 -0.4155
vn -0.0000 0.4090 -0.9125
vn 0.0236 0.0236 -0.9994
vn 0.8245 -0.0236 -0.5654
vn 0.3841 0.8466 -0.3685
vn 0.2283 0.9290 0.2913
vn 0.6693 0.6930 0.2677
vn -0.0235 0.9233 -0.3833
vn -0.0236 0.9588 0.2829
vn 0.0235 0.9233 0.3834
vn -0.0000 0.3373 0.9414
vn 0.0469 -0.1017 0.9937
vn -0.0236 -0.8812 0.4721
vn -0.0157 -0.9413 0.3373
vn 0.1891 -0.9377 0.2916
vn 0.3610 -0.8632 -0.3531
vn 0.5972 -0.0315 -0.8015
vt 0.542969 0.009979
vt 0.683594 0.035156
vt 0.683594 0.074219
vt 0.493896 0.989990
vt 0.425781 0.989990
vt 0.425781 0.863281
vt 0.683594 0.167969
vt 0.542969 0.136719
vt 0.542969 0.066406
vt 0.660156 0.105469
vt 0.683594 0.089844
vt 0.683594 0.121094
vt 0.352478 0.989990
vt 0.261719 0.989990
vt 0.261719 0.886719
vt 0.175781 0.989990
vt 0.175781 0.894531
vt 0.089844 0.989990
vt 0.089844 0.886719
vt 0.542969 0.195282
s 1
usemtl npc01_01
f 1467/738/1246 1468/739/1247 1469/740/1248
f 1470/741/1249 1471/742/1250 1472/743/1251
f 1473/744/1252 1474/745/1253 1469/740/1248
f 1469/740/1248 1474/745/1253 1475/746/1254
f 1469/740/1248 1475/746/1254 1467/738/1246
f 1476/747/1255 1477/748/1247 1478/749/1252
f 1479/750/1256 1480/751/1257 1481/752/1258
f 1481/752/1258 1480/751/1257 1482/753/1259
f 1481/752/1258 1482/753/1259 1483/754/1260
f 1483/754/1260 1482/753/1259 1484/755/1261
f 1483/754/1260 1484/755/1261 1485/756/1262
f 1467/738/1246 1486/746/1263 1468/739/1247
f 1468/739/1247 1486/746/1263 1487/745/1264
f 1468/739/1247 1487/745/1264 1473/744/1252
f 1473/744/1252 1487/745/1264 1488/757/1265
f 1473/744/1252 1488/757/1265 1474/745/1253
o npc_01-0001-55.001
v -20.486845 20.881105 14.140918
v -18.359531 16.046965 3.438169
v -13.103180 14.725189 13.073257
v -9.236314 -31.856306 15.186186
v -9.010119 -19.336554 15.798411
v -17.847898 -17.442999 11.901071
v -8.498486 -5.799480 16.410635
v -17.147770 -5.896015 10.952867
v -7.615247 3.742560 16.059725
v -19.431267 3.155928 5.203918
v -13.103180 14.725189 13.073257
v -18.068708 9.638575 4.319177
v -18.359531 16.046965 3.438169
v -15.031227 14.138556 -11.766680
v -22.393351 23.613766 -5.132992
vn -0.1334 -0.3923 0.9101
vn -0.6456 -0.7637 0.0001
vn -0.5403 -0.0783 0.8378
vn -0.3929 -0.0236 0.9193
vn -0.4089 -0.0315 0.9121
vn -0.7070 0.0157 0.7071
vn -0.4931 0.0470 0.8687
vn -0.7485 0.1103 0.6539
vn -0.2425 0.0078 0.9701
vn -0.9335 0.1412 0.3295
vn -0.9936 0.0939 0.0626
vn -0.6456 -0.7637 -0.0000
vn -0.6903 0.1176 -0.7139
vn -0.2666 0.1176 -0.9566
vt 0.683594 0.445099
vt 0.707031 0.480469
vt 0.605469 0.445099
vt 0.511719 0.989990
vt 0.511719 0.824219
vt 0.613281 0.816406
vt 0.511719 0.675781
vt 0.621094 0.675781
vt 0.511719 0.574219
vt 0.691406 0.574219
vt 0.699219 0.527344
vt 0.855469 0.445099
vt 0.761719 0.445099
s 1
usemtl npc01_01
f 1489/758/1266 1490/759/1267 1491/760/1268
f 1492/761/1269 1493/762/1270 1494/763/1271
f 1494/763/1271 1493/762/1270 1495/764/1272
f 1494/763/1271 1495/764/1272 1496/765/1273
f 1496/765/1273 1495/764/1272 1497/766/1274
f 1496/765/1273 1497/766/1274 1498/767/1275
f 1498/767/1275 1497/766/1274 1499/760/1268
f 1498/767/1275 1499/760/1268 1500/768/1276
f 1500/768/1276 1499/760/1268 1501/759/1277
f 1500/768/1276 1501/759/1277 1502/769/1278
f 1502/769/1278 1501/759/1277 1503/770/1279
o npc_01-0001-56.001
v -17.847898 -17.442999 11.901071
v -18.122564 -31.774626 11.464302
v -9.236314 -31.856306 15.186186
v -17.847898 -17.442999 11.901071
v -17.147770 -5.896015 10.952867
v -20.879995 -5.762353 1.478302
v -19.431267 3.155928 5.203918
v -16.447641 3.163353 -10.269713
v -18.068708 9.638575 4.319177
v -15.031227 14.138556 -11.766680
vn -0.7070 0.0157 0.7070
vn -0.8730 -0.0079 0.4876
vn -0.3929 -0.0236 0.9193
vn -0.7485 0.1103 0.6539
vn -0.9948 0.0862 0.0548
vn -0.9336 0.1412 0.3294
vn -0.7989 0.0861 -0.5952
vn -0.9936 0.0939 0.0626
vn -0.6903 0.1176 -0.7139
vt 0.613281 0.816406
vt 0.613281 0.989990
vt 0.511719 0.989990
vt 0.621094 0.675781
vt 0.725861 0.675781
vt 0.691406 0.574219
vt 0.855469 0.574219
vt 0.699219 0.527344
vt 0.855469 0.445099
s 1
usemtl npc01_01
f 1504/771/1280 1505/772/1281 1506/773/1282
f 1507/771/1280 1508/774/1283 1509/775/1284
f 1509/775/1284 1508/774/1283 1510/776/1285
f 1509/775/1284 1510/776/1285 1511/777/1286
f 1511/777/1286 1510/776/1285 1512/778/1287
f 1511/777/1286 1512/778/1287 1513/779/1288
o npc_01-0001-57.001
v -21.370085 -31.730070 0.164258
v -21.402397 -27.579098 1.030333
v -18.682667 -31.900862 -11.426965
v -18.284134 -17.376167 -10.893136
v 0.000000 -31.878588 -18.012127
v 0.000000 -17.606367 -17.414831
v 18.284134 -17.376167 -10.893136
v 17.718643 -5.754928 -10.295844
v 21.256987 -17.539534 1.220719
v 20.879995 -5.762353 1.478302
v 17.847898 -17.442999 11.901071
v 17.147770 -5.896015 10.952867
v 8.498486 -5.799480 16.410635
vn -0.9747 0.0393 -0.2201
vn -0.9998 0.0079 -0.0158
vn -0.8547 0.0392 -0.5176
vn -0.7444 0.0470 -0.6661
vn -0.0000 0.0393 -0.9992
vn -0.0000 0.0629 -0.9980
vn 0.7444 0.0470 -0.6661
vn 0.7320 0.0787 -0.6768
vn 0.9994 0.0236 0.0236
vn 0.9948 0.0861 0.0548
vn 0.7071 0.0157 0.7070
vn 0.7485 0.1103 0.6539
vn 0.4931 0.0470 0.8687
vt 0.733673 0.989990
vt 0.725861 0.941406
vt 0.855469 0.989990
vt 0.855469 0.816406
vt 0.989990 0.989990
vt 0.989990 0.816406
vt 0.855469 0.675781
vt 0.725861 0.816406
vt 0.725861 0.675781
vt 0.613281 0.816406
vt 0.621094 0.675781
vt 0.511719 0.675781
s 1
usemtl npc01_01
f 1514/780/1289 1515/781/1290 1516/782/1291
f 1516/782/1291 1515/781/1290 1517/783/1292
f 1516/782/1291 1517/783/1292 1518/784/1293
f 1518/784/1293 1517/783/1292 1519/785/1294
f 1518/784/1293 1519/785/1294 1520/783/1295
f 1520/783/1295 1519/785/1294 1521/786/1296
f 1520/783/1295 1521/786/1296 1522/787/1297
f 1522/787/1297 1521/786/1296 1523/788/1298
f 1522/787/1297 1523/788/1298 1524/789/1299
f 1524/789/1299 1523/788/1298 1525/790/1300
f 1524/789/1299 1525/790/1300 1526/791/1301
o npc_01-0001-58.001
v -7.496764 11.361341 13.439099
v -6.338858 11.391044 15.708814
v -8.600813 3.891074 14.529161
v -7.615247 3.742560 16.059725
v -9.467895 -5.806906 15.369105
v -8.498486 -5.799480 16.410635
v -10.054927 -19.358831 14.723283
v -9.010119 -19.336554 15.798411
v -18.122564 -31.774626 11.464302
v -17.847898 -17.442999 11.901071
v -21.256987 -17.539534 1.220719
v -20.879995 -5.762353 1.478302
v -17.718643 -5.754928 -10.295844
v -16.447641 3.163353 -10.269713
v 0.000000 -5.747503 -16.324774
v 0.000000 3.170778 -16.182917
v 17.718643 -5.754928 -10.295844
v 16.447641 3.163353 -10.269713
v 20.879995 -5.762353 1.478302
v 19.431267 3.155928 5.203918
v 17.147770 -5.896015 10.952867
v 7.615247 3.742560 16.059725
v 8.498486 -5.799480 16.410635
vn 0.5110 0.1336 0.8491
vn 0.7953 -0.0000 0.6063
vn 0.8237 -0.1412 -0.5491
vn -0.2424 0.0079 0.9701
vn 0.7590 -0.0469 -0.6494
vn 0.7590 -0.0470 -0.6495
vn 0.7226 -0.0000 -0.6912
vn -0.8730 -0.0078 0.4876
vn -0.7070 0.0157 0.7070
vn -0.9994 0.0236 0.0236
vn -0.9948 0.0862 0.0548
vn -0.7320 0.0787 -0.6768
vn -0.7989 0.0862 -0.5953
vn -0.0000 0.0628 -0.9980
vn -0.0000 -0.0157 -0.9999
vn 0.7319 0.0787 -0.6768
vn 0.7989 0.0862 -0.5953
vn 0.9948 0.0862 0.0548
vn 0.9335 0.1412 0.3295
vn 0.7485 0.1103 0.6539
vn 0.1809 0.0157 0.9834
vn 0.4931 0.0470 0.8687
vt 0.163849 0.019318
vt 0.195099 0.019318
vt 0.163849 0.136505
vt 0.195099 0.136505
vt 0.613281 0.989990
vt 0.613281 0.816406
vt 0.725861 0.816406
vt 0.725861 0.675781
vt 0.855469 0.675781
vt 0.855469 0.574219
vt 0.989990 0.675781
vt 0.989990 0.574219
vt 0.691406 0.574219
vt 0.621094 0.675781
vt 0.511719 0.574219
vt 0.511719 0.675781
s 1
usemtl npc01_01
f 1527/792/1302 1528/793/1303 1529/794/1304
f 1529/794/1304 1528/793/1303 1530/795/1305
f 1529/794/1304 1530/795/1305 1531/792/1306
f 1531/792/1306 1530/795/1305 1532/793/1307
f 1531/792/1306 1532/793/1307 1533/794/1308
f 1533/794/1308 1532/793/1307 1534/795/1308
f 1535/796/1309 1536/797/1310 1537/798/1311
f 1537/798/1311 1536/797/1310 1538/799/1312
f 1537/798/1311 1538/799/1312 1539/800/1313
f 1539/800/1313 1538/799/1312 1540/801/1314
f 1539/800/1313 1540/801/1314 1541/802/1315
f 1541/802/1315 1540/801/1314 1542/803/1316
f 1541/802/1315 1542/803/1316 1543/800/1317
f 1543/800/1317 1542/803/1316 1544/801/1318
f 1543/800/1317 1544/801/1318 1545/799/1319
f 1545/799/1319 1544/801/1318 1546/804/1320
f 1545/799/1319 1546/804/1320 1547/805/1321
f 1547/805/1321 1546/804/1320 1548/806/1322
f 1547/805/1321 1548/806/1322 1549/807/1323
o npc_01-0001-59.001
v 22.393351 23.613766 -5.132992
v 18.359531 16.046965 3.438169
v 15.031227 14.138556 -11.766680
v 20.486845 20.881105 14.140918
v 13.103180 14.725189 13.073257
v 18.359531 16.046965 3.438169
v 18.068708 9.638575 4.319177
vn 0.2666 0.1176 -0.9566
vn 0.6456 -0.7636 -0.0000
vn 0.6903 0.1177 -0.7139
vn 0.1334 -0.3923 0.9101
vn 0.5403 -0.0783 0.8379
vn 0.6455 -0.7637 -0.0000
vn 0.9936 0.0938 0.0626
vt 0.761719 0.445099
vt 0.707031 0.480469
vt 0.855469 0.445099
vt 0.683594 0.445099
vt 0.605469 0.445099
vt 0.699219 0.527344
s 1
usemtl npc01_01
f 1550/808/1324 1551/809/1325 1552/810/1326
f 1553/811/1327 1554/812/1328 1555/809/1329
f 1555/809/1329 1554/812/1328 1556/813/1330
f 1555/809/1329 1556/813/1330 1552/810/1326
o npc_01-0001-60.001
v 16.447641 3.163353 -10.269713
v 0.000000 3.170778 -16.182917
v 0.000000 14.821722 -16.978065
v -16.447641 3.163353 -10.269713
v -15.031227 14.138556 -11.766680
vn 0.7989 0.0861 -0.5953
vn -0.0000 -0.0158 -0.9999
vn -0.0000 0.0628 -0.9980
vn -0.7989 0.0861 -0.5952
vn -0.6903 0.1176 -0.7139
vt 0.855469 0.574219
vt 0.989990 0.574219
vt 0.989990 0.445099
vt 0.855469 0.445099
s 1
usemtl npc01_01
f 1557/814/1331 1558/815/1332 1559/816/1333
f 1559/816/1333 1558/815/1332 1560/814/1334
f 1559/816/1333 1560/814/1334 1561/817/1335
o npc_01-0001-61.001
v 6.338858 11.391044 15.708814
v 7.615247 3.742560 16.059725
v 13.103180 14.725189 13.073257
v 19.431267 3.155928 5.203918
v 18.068708 9.638575 4.319177
v 16.447641 3.163353 -10.269713
v 15.031227 14.138556 -11.766680
v 0.000000 14.821722 -16.978065
vn -0.7777 0.0078 0.6285
vn 0.1810 0.0157 0.9834
vn 0.5403 -0.0783 0.8378
vn 0.9335 0.1412 0.3295
vn 0.9936 0.0939 0.0626
vn 0.7989 0.0862 -0.5952
vn 0.6903 0.1176 -0.7139
vn -0.0000 0.0628 -0.9980
vt 0.511719 0.445099
vt 0.511719 0.574219
vt 0.605469 0.445099
vt 0.691406 0.574219
vt 0.699219 0.527344
vt 0.855469 0.574219
vt 0.855469 0.445099
vt 0.989990 0.445099
s 1
usemtl npc01_01
f 1562/818/1336 1563/819/1337 1564/820/1338
f 1564/820/1338 1563/819/1337 1565/821/1339
f 1564/820/1338 1565/821/1339 1566/822/1340
f 1566/822/1340 1565/821/1339 1567/823/1341
f 1566/822/1340 1567/823/1341 1568/824/1342
f 1568/824/1342 1567/823/1341 1569/825/1343
o npc_01-0001-62.001
v 10.054927 -19.358831 14.723283
v 9.010119 -19.336554 15.798411
v 9.467895 -5.806906 15.369105
v 8.498486 -5.799480 16.410635
v 8.191507 3.891074 14.529161
v 7.615247 3.742560 16.059725
v 7.496764 11.361341 13.439099
v 6.338858 11.391044 15.708814
vn -0.7226 -0.0000 -0.6912
vn -0.7227 -0.0000 -0.6912
vn -0.8169 -0.0629 0.5734
vn -0.7937 -0.0629 -0.6051
vn -0.7563 -0.0237 0.6538
vn 0.1810 0.0158 0.9834
vn -0.5018 0.1333 0.8547
vn -0.7778 0.0079 0.6285
vt 0.163849 0.136505
vt 0.195099 0.136505
vt 0.163849 0.019318
vt 0.195099 0.019318
s 1
usemtl npc01_01
f 1570/826/1344 1571/827/1345 1572/828/1346
f 1572/828/1346 1571/827/1345 1573/829/1347
f 1572/828/1346 1573/829/1347 1574/826/1348
f 1574/826/1348 1573/829/1347 1575/827/1349
f 1574/826/1348 1575/827/1349 1576/828/1350
f 1576/828/1350 1575/827/1349 1577/829/1351
o npc_01-0001-63.001
v -7.615247 3.742560 16.059725
v -6.338858 11.391044 15.708814
v -13.103180 14.725189 13.073257
vn -0.2425 0.0079 0.9701
vn 0.7952 -0.0001 0.6063
vn -0.5402 -0.0783 0.8379
vt 0.511719 0.574219
vt 0.511719 0.445099
vt 0.605469 0.445099
s 1
usemtl npc01_01
f 1578/830/1352 1579/831/1353 1580/832/1354
o npc_01-0001-64.001
v 0.000000 -17.606367 -17.414831
v 0.000000 -5.747503 -16.324774
v 17.718643 -5.754928 -10.295844
v 8.498486 -5.799480 16.410635
v 9.010119 -19.336554 15.798411
v 17.847898 -17.442999 11.901071
v 0.000000 -5.747503 -16.324774
v 0.000000 -17.606367 -17.414831
v -17.718643 -5.754928 -10.295844
v -18.284134 -17.376167 -10.893136
v -21.256987 -17.539534 1.220719
v -21.402397 -27.579098 1.030333
v -18.122564 -31.774626 11.464302
v 9.010119 -19.336554 15.798411
v 9.236314 -31.856306 15.186186
v 18.122564 -31.774626 11.464302
v 21.256987 -17.539534 1.220719
v 21.402397 -27.579098 1.030333
v 18.284134 -17.376167 -10.893136
v 18.682667 -31.900862 -11.426965
v 0.000000 -31.878588 -18.012127
vn -0.0000 0.0629 -0.9980
vn 0.7319 0.0787 -0.6768
vn 0.4930 0.0469 0.8687
vn 0.4088 -0.0314 0.9121
vn 0.7070 0.0157 0.7070
vn -0.7319 0.0787 -0.6768
vn -0.7444 0.0470 -0.6661
vn -0.9994 0.0236 0.0236
vn -0.9998 0.0079 -0.0157
vn -0.8730 -0.0079 0.4876
vn 0.4089 -0.0314 0.9121
vn 0.3928 -0.0235 0.9193
vn 0.8730 -0.0079 0.4877
vn 0.9994 0.0236 0.0236
vn 0.9998 0.0079 -0.0157
vn 0.7444 0.0470 -0.6660
vn 0.8547 0.0392 -0.5176
vn -0.0000 0.0393 -0.9992
vt 0.989990 0.816406
vt 0.989990 0.675781
vt 0.855469 0.675781
vt 0.511719 0.675781
vt 0.511719 0.824219
vt 0.613281 0.816406
vt 0.855469 0.816406
vt 0.725861 0.816406
vt 0.725861 0.941406
vt 0.613281 0.989990
vt 0.511719 0.989990
vt 0.855469 0.989990
vt 0.989990 0.989990
s 1
usemtl npc01_01
f 1581/833/1355 1582/834/1355 1583/835/1356
f 1584/836/1357 1585/837/1358 1586/838/1359
f 1587/834/1355 1588/833/1355 1589/835/1360
f 1589/835/1360 1588/833/1355 1590/839/1361
f 1589/835/1360 1590/839/1361 1591/840/1362
f 1591/840/1362 1590/839/1361 1592/841/1363
f 1591/840/1362 1592/841/1363 1593/842/1364
f 1594/837/1365 1595/843/1366 1586/838/1359
f 1586/838/1359 1595/843/1366 1596/842/1367
f 1586/838/1359 1596/842/1367 1597/840/1368
f 1597/840/1368 1596/842/1367 1598/841/1369
f 1597/840/1368 1598/841/1369 1599/839/1370
f 1599/839/1370 1598/841/1369 1600/844/1371
f 1599/839/1370 1600/844/1371 1601/845/1372
o npc_01-0001-65.001
v 21.402397 -27.579098 1.030333
v 21.370085 -31.730070 0.164258
v 18.682667 -31.900862 -11.426965
vn 0.9998 0.0079 -0.0158
vn 0.9747 0.0393 -0.2201
vn 0.8548 0.0392 -0.5175
vt 0.725861 0.941406
vt 0.733673 0.989990
vt 0.855469 0.989990
s 1
usemtl npc01_01
f 1602/846/1373 1603/847/1374 1604/848/1375
o npc_01-0001-66.001
v 32.173611 18.853886 -1.011667
v 18.359531 16.046965 3.438169
v 22.393351 23.613766 -5.132992
v 22.926525 29.947899 0.757814
v 23.298132 30.623638 5.860939
v 34.920269 29.502357 6.712081
v 22.054056 27.178108 12.617820
v 32.932980 24.623665 13.726546
v 20.486845 20.881105 14.140918
v 34.931042 17.895967 7.107790
v 18.359531 16.046965 3.438169
v 32.173611 18.853886 -1.011667
vn 0.0158 -0.8055 -0.5923
vn 0.6456 -0.7637 -0.0000
vn 0.2666 0.1176 -0.9566
vn 0.1257 0.8643 -0.4871
vn 0.0394 0.9922 0.1181
vn 0.0550 0.9339 0.3532
vn -0.0000 0.7226 0.6913
vn 0.2756 0.1260 0.9530
vn 0.1333 -0.3923 0.9101
vn 0.0862 -0.9091 0.4075
vn 0.0158 -0.8056 -0.5923
vt 0.491943 0.738281
vt 0.491943 0.605469
vt 0.417969 0.605469
vt 0.332031 0.605469
vt 0.269531 0.605469
vt 0.261719 0.761719
vt 0.199219 0.605469
vt 0.175781 0.746094
vt 0.121094 0.605469
vt 0.089844 0.761719
vt 0.009979 0.605469
vt 0.009979 0.738281
s 1
usemtl npc01_01
f 1605/849/1376 1606/850/1377 1607/851/1378
f 1608/852/1379 1609/853/1380 1610/854/1381
f 1610/854/1381 1609/853/1380 1611/855/1382
f 1610/854/1381 1611/855/1382 1612/856/1383
f 1612/856/1383 1611/855/1382 1613/857/1384
f 1612/856/1383 1613/857/1384 1614/858/1385
f 1614/858/1385 1613/857/1384 1615/859/1377
f 1614/858/1385 1615/859/1377 1616/860/1386
o npc_01-0001-67.001
v 31.952801 24.244951 -5.536165
v 28.516785 24.222675 -4.838078
v 32.582916 28.648399 -0.866077
v 40.467445 28.967705 -0.164258
v 34.920269 29.502357 6.712081
v 41.733063 29.977602 7.249646
v 32.173611 18.853886 -1.011667
v 22.393351 23.613766 -5.132992
v 22.926525 29.947899 0.757814
v 34.920269 29.502357 6.712081
vn -0.0471 0.0471 -0.9978
vn -0.0705 0.0783 -0.9944
vn -0.0158 0.8439 -0.5363
vn -0.0000 0.9021 -0.4314
vn 0.0550 0.9339 0.3532
vn -0.0234 0.9233 0.3834
vn 0.0158 -0.8055 -0.5924
vn 0.2666 0.1176 -0.9566
vn 0.1257 0.8642 -0.4871
vt 0.425781 0.738281
vt 0.425781 0.699219
vt 0.336090 0.738281
vt 0.336090 0.839844
vt 0.261719 0.761719
vt 0.261719 0.855469
vt 0.491943 0.738281
vt 0.417969 0.605469
vt 0.332031 0.605469
s 1
usemtl npc01_01
f 1617/861/1387 1618/862/1388 1619/863/1389
f 1620/864/1390 1621/865/1391 1622/866/1392
f 1617/861/1387 1623/867/1393 1618/862/1388
f 1618/862/1388 1623/867/1393 1624/868/1394
f 1618/862/1388 1624/868/1394 1619/863/1389
f 1619/863/1389 1624/868/1394 1625/869/1395
f 1619/863/1389 1625/869/1395 1626/865/1391
o npc_01-0001-68.001
v 34.920269 29.502357 6.712081
v 40.467445 28.967705 -0.164258
v 32.582916 28.648399 -0.866077
v 32.173611 18.853886 -1.011667
v 40.316647 18.980122 -0.238918
v 34.931042 17.895967 7.107790
v 41.808460 18.037056 7.678952
v 34.931042 17.895967 7.107790
v 34.758701 24.482576 12.718613
v 32.932980 24.623665 13.726546
v 34.920269 29.502357 6.712081
vn 0.0550 0.9340 0.3531
vn -0.0000 0.9021 -0.4314
vn -0.0158 0.8439 -0.5363
vn 0.0158 -0.8055 -0.5923
vn 0.0236 -0.8973 -0.4407
vn 0.0862 -0.9091 0.4075
vn 0.0157 -0.9413 0.3373
vn 0.2121 0.0785 0.9741
vn 0.2757 0.1260 0.9530
vn 0.0550 0.9339 0.3532
vt 0.261719 0.761719
vt 0.336090 0.839844
vt 0.336090 0.738281
vt 0.009979 0.738281
vt 0.009979 0.839844
vt 0.089844 0.761719
vt 0.089844 0.855469
vt 0.175781 0.769531
vt 0.175781 0.746094
s 1
usemtl npc01_01
f 1627/870/1396 1628/871/1397 1629/872/1398
f 1630/873/1399 1631/874/1400 1632/875/1401
f 1632/875/1401 1631/874/1400 1633/876/1402
f 1634/875/1401 1635/877/1403 1636/878/1404
f 1636/878/1404 1635/877/1403 1637/870/1405
o npc_01-0001-69.001
v 42.481663 24.200399 13.491362
v 41.733063 29.977602 7.249646
v 34.920269 29.502357 6.712081
v 34.758701 24.482576 12.718613
v 34.931042 17.895967 7.107790
v 41.808460 18.037056 7.678952
vn -0.0470 -0.1017 0.9937
vn -0.0235 0.9233 0.3834
vn 0.0549 0.9339 0.3532
vn 0.2121 0.0786 0.9741
vn 0.0862 -0.9091 0.4075
vn 0.0157 -0.9413 0.3373
vt 0.175781 0.866089
vt 0.261719 0.855469
vt 0.261719 0.761719
vt 0.175781 0.769531
vt 0.089844 0.761719
vt 0.089844 0.855469
s 1
usemtl npc01_01
f 1638/879/1406 1639/880/1407 1640/881/1408
f 1640/881/1408 1641/882/1409 1638/879/1406
f 1638/879/1406 1641/882/1409 1642/883/1410
f 1638/879/1406 1642/883/1410 1643/884/1411
o npc_01-0001-70.001
v -32.582916 28.648399 -0.866077
v -28.516785 24.222675 -4.838078
v -31.952801 24.244951 -5.536165
v -22.393351 23.613766 -5.132992
v -18.359531 16.046965 3.438169
v -32.173611 18.853886 -1.011667
v -32.582916 28.648399 -0.866077
v -40.467445 28.967705 -0.164258
v -34.920269 29.502357 6.712081
v -41.733063 29.977602 7.249646
v -32.173611 18.853886 -1.011667
v -18.359531 16.046965 3.438169
v -34.931042 17.895967 7.107790
v -20.486845 20.881105 14.140918
v -32.932980 24.623665 13.726546
v -22.054056 27.178108 12.617820
v -34.920269 29.502357 6.712081
v -23.298132 30.623638 5.860939
v -32.582916 28.648399 -0.866077
vn 0.0158 0.8439 -0.5363
vn 0.0705 0.0783 -0.9944
vn 0.0472 0.0471 -0.9978
vn -0.2666 0.1176 -0.9566
vn -0.6456 -0.7637 -0.0000
vn -0.0158 -0.8055 -0.5923
vn -0.0000 0.9022 -0.4314
vn -0.0550 0.9339 0.3532
vn 0.0235 0.9233 0.3834
vn -0.0158 -0.8056 -0.5923
vn -0.6456 -0.7636 -0.0000
vn -0.0862 -0.9091 0.4075
vn -0.1333 -0.3924 0.9101
vn -0.2756 0.1260 0.9530
vn -0.0000 0.7226 0.6913
vn -0.0549 0.9339 0.3532
vn -0.0394 0.9922 0.1181
vt 0.336090 0.738281
vt 0.425781 0.699219
vt 0.425781 0.738281
vt 0.417969 0.605469
vt 0.491943 0.605469
vt 0.491943 0.738281
vt 0.336090 0.839844
vt 0.261719 0.761719
vt 0.261719 0.855469
vt 0.009979 0.738281
vt 0.009979 0.605469
vt 0.089844 0.761719
vt 0.121094 0.605469
vt 0.175781 0.746094
vt 0.199219 0.605469
vt 0.269531 0.605469
s 1
usemtl npc01_01
f 1644/885/1412 1645/886/1413 1646/887/1414
f 1647/888/1415 1648/889/1416 1649/890/1417
f 1650/885/1412 1651/891/1418 1652/892/1419
f 1652/892/1419 1651/891/1418 1653/893/1420
f 1654/894/1421 1655/895/1422 1656/896/1423
f 1656/896/1423 1655/895/1422 1657/897/1424
f 1656/896/1423 1657/897/1424 1658/898/1425
f 1658/898/1425 1657/897/1424 1659/899/1426
f 1658/898/1425 1659/899/1426 1660/892/1427
f 1660/892/1427 1659/899/1426 1661/900/1428
f 1660/892/1427 1661/900/1428 1662/885/1412
o npc_01-0001-71.001
v -23.298132 30.623638 5.860939
v -22.926525 29.947899 0.757814
v -32.582916 28.648399 -0.866077
v -22.393351 23.613766 -5.132992
v -28.516785 24.222675 -4.838078
v -32.173611 18.853886 -1.011667
v -31.952801 24.244951 -5.536165
vn -0.0394 0.9922 0.1181
vn -0.1257 0.8643 -0.4871
vn 0.0158 0.8439 -0.5363
vn -0.2666 0.1176 -0.9566
vn 0.0705 0.0783 -0.9944
vn -0.0158 -0.8055 -0.5924
vn 0.0471 0.0472 -0.9978
vt 0.269531 0.605469
vt 0.332031 0.605469
vt 0.336090 0.738281
vt 0.417969 0.605469
vt 0.425781 0.699219
vt 0.491943 0.738281
vt 0.425781 0.738281
s 1
usemtl npc01_01
f 1663/901/1429 1664/902/1430 1665/903/1431
f 1665/903/1431 1664/902/1430 1666/904/1432
f 1665/903/1431 1666/904/1432 1667/905/1433
f 1667/905/1433 1666/904/1432 1668/906/1434
f 1667/905/1433 1668/906/1434 1669/907/1435
o npc_01-0001-72.001
v -40.316647 18.980122 -0.238918
v -34.931042 17.895967 7.107790
v -41.808460 18.037056 7.678952
v -34.931042 17.895967 7.107790
v -40.316647 18.980122 -0.238918
v -32.173611 18.853886 -1.011667
v -34.758701 24.482576 12.718613
v -32.932980 24.623665 13.726546
v -34.920269 29.502357 6.712081
v -32.932980 24.623665 13.726546
v -34.758701 24.482576 12.718613
v -34.931042 17.895967 7.107790
vn -0.0236 -0.8973 -0.4407
vn -0.0862 -0.9091 0.4075
vn -0.0157 -0.9413 0.3373
vn -0.0862 -0.9091 0.4076
vn -0.0158 -0.8055 -0.5923
vn -0.2120 0.0785 0.9741
vn -0.2756 0.1260 0.9530
vn -0.0550 0.9339 0.3532
vn -0.2121 0.0786 0.9741
vt 0.009979 0.839844
vt 0.089844 0.761719
vt 0.089844 0.855469
vt 0.009979 0.738281
vt 0.175781 0.769531
vt 0.175781 0.746094
vt 0.261719 0.761719
s 1
usemtl npc01_01
f 1670/908/1436 1671/909/1437 1672/910/1438
f 1673/909/1439 1674/908/1436 1675/911/1440
f 1676/912/1441 1677/913/1442 1678/914/1443
f 1679/913/1442 1680/912/1444 1681/909/1437
o npc_01-0001-73.001
v -42.481663 24.200399 13.491362
v -41.808460 18.037056 7.678952
v -34.931042 17.895967 7.107790
v -34.758701 24.482576 12.718613
v -34.920269 29.502357 6.712081
v -41.733063 29.977602 7.249646
vn 0.0469 -0.1017 0.9937
vn -0.0157 -0.9413 0.3373
vn -0.0862 -0.9091 0.4075
vn -0.2121 0.0786 0.9741
vn -0.0550 0.9339 0.3532
vn 0.0235 0.9233 0.3834
vt 0.175781 0.866089
vt 0.089844 0.855469
vt 0.089844 0.761719
vt 0.175781 0.769531
vt 0.261719 0.761719
vt 0.261719 0.855469
s 1
usemtl npc01_01
f 1682/915/1445 1683/916/1446 1684/917/1447
f 1684/917/1447 1685/918/1448 1682/915/1445
f 1682/915/1445 1685/918/1448 1686/919/1449
f 1682/915/1445 1686/919/1449 1687/920/1450
o npc_01-0001-74.001
v -21.402397 -27.579098 1.030333
v -21.025406 -31.692942 1.900141
v -18.122564 -31.774626 11.464302
vn -0.9998 0.0079 -0.0157
vn -0.9567 -0.0235 0.2901
vn -0.8730 -0.0079 0.4876
vt 0.725861 0.941406
vt 0.718048 0.989990
vt 0.613281 0.989990
s 1
usemtl npc01_01
f 1688/921/1451 1689/922/1452 1690/923/1453
o npc_01-0001-75.001
v 18.122564 -31.774626 11.464302
v 21.025406 -31.692942 1.900141
v 21.402397 -27.579098 1.030333
vn 0.8730 -0.0079 0.4876
vn 0.9567 -0.0235 0.2901
vn 0.9998 0.0079 -0.0157
vt 0.613281 0.989990
vt 0.718048 0.989990
vt 0.725861 0.941406
s 1
usemtl npc01_01
f 1691/924/1454 1692/925/1455 1693/926/1456
o npc_01-0001-76.001
v -4.270786 -13.447967 -11.150719
v 0.000000 -5.754928 -14.084924
v 0.000000 -11.183124 -11.016328
v 4.270786 -13.447967 -11.150719
v 0.000000 -5.754928 -14.084924
v 17.982538 -5.754928 -8.395705
v 4.270786 -13.447967 -11.150719
v 1.432571 -17.665771 -4.968732
v 0.000000 -18.623688 -6.178252
v 0.000000 -5.754928 -14.084924
v -17.982538 -5.754928 -8.395705
v -11.024336 -16.299438 -8.948200
v -18.332603 -8.034621 -1.511898
v -17.524761 -18.371214 -2.258513
v -17.907141 -14.435586 4.729818
v 1.513355 -20.361303 7.006999
v 2.655104 -24.081587 -0.862340
v 7.076686 -26.680586 4.953804
v 4.712405 -29.450377 -0.877273
v 11.611367 -33.549370 3.329913
v 8.794695 -36.980049 -4.192250
v 11.482112 -37.351334 -0.160520
v 4.270786 -13.447967 -11.150719
v -4.270786 -13.447967 -11.150719
v -1.437957 -17.665771 -4.968732
v -11.024336 -16.299438 -8.948200
v -11.417485 -27.074148 -7.929067
v -17.524761 -18.371214 -2.258513
v -18.736523 -24.081587 1.941205
v -17.907141 -14.435586 4.729818
v -11.956045 -21.928129 8.963135
v -11.309773 -13.663310 11.090992
v -1.513355 -20.361303 7.006999
v 0.000000 -19.834080 11.613625
v 0.000000 -18.623688 -6.178252
v 1.513355 -20.361303 7.006999
v 1.432571 -17.665771 -4.968732
v 2.655104 -24.081587 -0.862340
vn -0.0944 -0.5431 -0.8343
vn -0.0000 -0.3468 -0.9379
vn -0.0000 -0.5180 -0.8554
vn 0.0944 -0.5431 -0.8343
vn 0.6940 -0.2997 -0.6546
vn -0.2047 -0.7558 -0.6220
vn -0.0000 -0.9196 -0.3929
vn -0.0945 -0.5431 -0.8344
vn -0.6940 -0.2997 -0.6546
vn -0.4159 -0.3296 -0.8476
vn -0.9815 -0.1806 -0.0629
vn -0.8966 -0.0472 -0.4404
vn -0.9034 0.0628 0.4242
vn -0.3063 -0.8561 0.4162
vn -0.8791 -0.4553 -0.1413
vn -0.6432 -0.4707 0.6039
vn -0.9189 -0.3848 -0.0864
vn 0.0471 -0.7370 0.6743
vn -0.9875 -0.1568 0.0156
vn -0.1569 -0.3217 0.9337
vn 0.0944 -0.5431 -0.8344
vn -0.0000 -0.9196 -0.3930
vn -0.0944 -0.5432 -0.8343
vn 0.2047 -0.7558 -0.6220
vn -0.1098 -0.1647 -0.9802
vn -0.9618 -0.2050 0.1813
vn -0.2042 -0.2356 0.9502
vn -0.5031 -0.3223 0.8019
vn 0.3063 -0.8561 0.4162
vn -0.0000 -0.8554 0.5180
vn -0.3063 -0.8561 0.4163
vn -0.8791 -0.4552 -0.1412
vt 0.941406 0.722656
vt 0.989990 0.680664
vt 0.989990 0.714844
vt 0.871094 0.680664
vt 0.989990 0.746094
vt 0.989990 0.730469
vt 0.910156 0.738281
vt 0.799713 0.687500
vt 0.863281 0.738281
vt 0.796143 0.713043
vt 0.621094 0.730469
vt 0.566406 0.769531
vt 0.636444 0.776031
vt 0.574219 0.825500
vt 0.699219 0.832031
vt 0.633392 0.842743
vt 0.699219 0.847656
vt 0.915710 0.812134
vt 0.803253 0.766327
vt 0.695312 0.741455
vt 0.680511 0.701172
vt 0.613281 0.707031
vt 0.566406 0.707031
vt 0.566406 0.738281
s 1
usemtl npc01_03
f 1694/927/1457 1695/928/1458 1696/929/1459
f 1697/927/1460 1698/928/1458 1699/930/1461
f 1700/927/1460 1701/931/1462 1702/932/1463
f 1703/928/1458 1694/927/1464 1704/930/1465
f 1704/930/1465 1694/927/1464 1705/933/1466
f 1704/930/1465 1705/933/1466 1706/934/1467
f 1706/934/1467 1705/933/1466 1707/935/1468
f 1706/934/1467 1707/935/1468 1708/936/1469
f 1709/937/1470 1710/938/1471 1711/939/1472
f 1711/939/1472 1710/938/1471 1712/940/1473
f 1711/939/1472 1712/940/1473 1713/941/1474
f 1713/941/1474 1712/940/1473 1714/942/1475
f 1713/941/1474 1714/942/1475 1715/943/1476
f 1695/928/1458 1716/927/1477 1696/929/1459
f 1696/929/1459 1716/927/1477 1702/932/1478
f 1696/929/1459 1702/932/1478 1717/927/1479
f 1717/927/1479 1702/932/1478 1718/931/1480
f 1717/927/1479 1718/931/1480 1719/933/1466
f 1719/933/1466 1718/931/1480 1720/944/1481
f 1719/933/1466 1720/944/1481 1721/935/1468
f 1721/935/1468 1720/944/1481 1722/945/1482
f 1721/935/1468 1722/945/1482 1723/936/1469
f 1723/936/1469 1722/945/1482 1724/946/1483
f 1723/936/1469 1724/946/1483 1725/947/1484
f 1725/947/1484 1724/946/1483 1726/937/1485
f 1725/947/1484 1726/937/1485 1727/948/1486
f 1727/948/1486 1726/937/1485 1728/949/1478
f 1727/948/1486 1728/949/1478 1729/937/1487
f 1729/937/1487 1728/949/1478 1730/950/1462
f 1729/937/1487 1730/950/1462 1731/938/1488
o npc_01-0001-77.001
v 13.442473 -36.319160 -3.740547
v 11.611367 -33.549370 3.329913
v 11.482112 -37.351334 -0.160520
v 4.712405 -29.450377 -0.877273
v 2.655104 -24.081587 -0.862340
v 11.417485 -27.074148 -7.929067
v 1.432571 -17.665771 -4.968732
v 11.024336 -16.299438 -8.948200
v 4.270786 -13.447967 -11.150719
v 17.982538 -5.754928 -8.395705
v 11.105120 -35.331539 -8.134386
v 11.417485 -27.074148 -7.929067
v 16.566124 -32.049377 -2.419036
v 18.736523 -24.081587 1.941205
v 11.611367 -33.549370 3.329913
v 11.956045 -29.279585 8.205318
v 7.076686 -26.680586 4.953804
v 11.956045 -21.928129 8.963135
v 1.513355 -20.361303 7.006999
v 11.309773 -13.663310 11.090992
v 0.000000 -19.834080 11.613625
v 0.000000 -10.180651 13.648154
v -11.309773 -13.663310 11.090992
v -9.694091 -5.806906 14.409702
v -19.388182 -5.762352 4.218384
vn 0.9607 -0.2757 0.0315
vn 0.0470 -0.7369 0.6743
vn -0.1569 -0.3218 0.9337
vn -0.9190 -0.3848 -0.0863
vn -0.8791 -0.4552 -0.1413
vn 0.1098 -0.1646 -0.9802
vn -0.2047 -0.7558 -0.6220
vn 0.4159 -0.3296 -0.8476
vn 0.0944 -0.5431 -0.8343
vn 0.6940 -0.2997 -0.6546
vn -0.0079 -0.1019 -0.9948
vn 0.1097 -0.1647 -0.9802
vn 0.9121 -0.3459 -0.2202
vn 0.9618 -0.2050 0.1813
vn 0.0471 -0.7370 0.6743
vn 0.0860 -0.4456 0.8911
vn -0.6432 -0.4706 0.6040
vn 0.2042 -0.2356 0.9502
vn -0.3063 -0.8561 0.4162
vn 0.5031 -0.3224 0.8018
vn -0.0000 -0.8554 0.5179
vn -0.0000 -0.3995 0.9167
vn -0.5031 -0.3223 0.8019
vn -0.3629 -0.3945 0.8442
vn -0.8974 -0.3621 0.2519
vt 0.785156 0.847656
vt 0.699219 0.832031
vt 0.699219 0.847656
vt 0.989990 0.832031
vt 0.989990 0.808594
vt 0.915710 0.812134
vt 0.989990 0.746094
vt 0.910156 0.738281
vt 0.941406 0.722656
vt 0.871094 0.680664
vt 0.894531 0.847656
vt 0.812500 0.830505
vt 0.803253 0.766327
vt 0.698853 0.789764
vt 0.636444 0.776031
vt 0.695312 0.741455
vt 0.621094 0.730469
vt 0.680511 0.701172
vt 0.613281 0.707031
vt 0.613281 0.691406
vt 0.675781 0.680664
vt 0.730469 0.680664
s 1
usemtl npc01_03
f 1732/951/1489 1733/952/1490 1734/953/1491
f 1735/954/1492 1736/955/1493 1737/956/1494
f 1737/956/1494 1736/955/1493 1738/957/1495
f 1737/956/1494 1738/957/1495 1739/958/1496
f 1739/958/1496 1738/957/1495 1740/959/1497
f 1739/958/1496 1740/959/1497 1741/960/1498
f 1742/961/1499 1743/956/1500 1744/962/1501
f 1744/962/1501 1743/956/1500 1745/963/1502
f 1744/962/1501 1745/963/1502 1746/952/1503
f 1746/952/1503 1745/963/1502 1747/964/1504
f 1746/952/1503 1747/964/1504 1748/965/1505
f 1748/965/1505 1747/964/1504 1749/966/1506
f 1748/965/1505 1749/966/1506 1750/967/1507
f 1750/967/1507 1749/966/1506 1751/968/1508
f 1750/967/1507 1751/968/1508 1752/969/1509
f 1752/969/1509 1751/968/1508 1753/970/1510
f 1752/969/1509 1753/970/1510 1754/968/1511
f 1754/968/1511 1753/970/1510 1755/971/1512
f 1754/968/1511 1755/971/1512 1756/972/1513
o npc_01-0001-78.001
v 11.417485 -27.074148 -7.929067
v 11.105120 -35.331539 -8.134386
v 4.712405 -29.450377 -0.877273
v 17.524761 -18.371214 -2.258513
v 18.736523 -24.081587 1.941205
v 11.417485 -27.074148 -7.929067
v 17.524761 -18.371214 -2.258513
v 17.907141 -14.435586 4.729818
v 11.956045 -21.928129 8.963135
v 11.956045 -29.279585 8.205318
v 11.024336 -16.299438 -8.948200
v 18.332603 -8.034621 -1.511898
v 17.907141 -14.435586 4.729818
v 11.309773 -13.663310 11.090992
v 11.956045 -21.928129 8.963135
vn 0.1098 -0.1647 -0.9802
vn -0.0078 -0.1019 -0.9948
vn -0.9189 -0.3848 -0.0863
vn 0.8965 -0.0472 -0.4405
vn 0.9618 -0.2049 0.1813
vn 0.1097 -0.1647 -0.9802
vn 0.8966 -0.0472 -0.4404
vn 0.9034 0.0628 0.4242
vn 0.9618 -0.2050 0.1814
vn 0.2042 -0.2356 0.9502
vn 0.0859 -0.4456 0.8911
vn 0.4159 -0.3296 -0.8476
vn 0.9816 -0.1806 -0.0628
vn 0.9034 0.0629 0.4242
vn 0.5031 -0.3223 0.8019
vt 0.915710 0.812134
vt 0.894531 0.847656
vt 0.989990 0.832031
vt 0.863281 0.738281
vt 0.803253 0.766327
vt 0.796143 0.713043
vt 0.695312 0.741455
vt 0.698853 0.789764
vt 0.910156 0.738281
vt 0.799713 0.687500
vt 0.680511 0.701172
s 1
usemtl npc01_03
f 1757/973/1514 1758/974/1515 1759/975/1516
f 1760/976/1517 1761/977/1518 1762/973/1519
f 1763/976/1520 1764/978/1521 1761/977/1522
f 1761/977/1522 1764/978/1521 1765/979/1523
f 1761/977/1522 1765/979/1523 1766/980/1524
f 1762/973/1519 1767/981/1525 1760/976/1517
f 1760/976/1517 1767/981/1525 1768/982/1526
f 1760/976/1517 1768/982/1526 1769/978/1527
f 1769/978/1527 1768/982/1526 1770/983/1528
f 1769/978/1527 1770/983/1528 1771/979/1523
o npc_01-0001-79.001
v 18.332603 -8.034621 -1.511898
v 11.024336 -16.299438 -8.948200
v 17.982538 -5.754928 -8.395705
v 18.332603 -8.034621 -1.511898
v 19.388182 -5.762352 4.218384
v 11.309773 -13.663310 11.090992
v 9.694091 -5.806906 14.409702
v 0.000000 -10.180651 13.648154
vn 0.9815 -0.1807 -0.0628
vn 0.4159 -0.3296 -0.8476
vn 0.6940 -0.2997 -0.6546
vn 0.9815 -0.1806 -0.0628
vn 0.8974 -0.3622 0.2519
vn 0.5032 -0.3223 0.8018
vn 0.3629 -0.3945 0.8442
vn -0.0000 -0.3996 0.9167
vt 0.799713 0.687500
vt 0.910156 0.738281
vt 0.871094 0.680664
vt 0.730469 0.680664
vt 0.680511 0.701172
vt 0.675781 0.680664
vt 0.613281 0.691406
s 1
usemtl npc01_03
f 1772/984/1529 1773/985/1530 1774/986/1531
f 1775/984/1532 1776/987/1533 1777/988/1534
f 1777/988/1534 1776/987/1533 1778/989/1535
f 1777/988/1534 1778/989/1535 1779/990/1536
o npc_01-0001-80.001
v -2.655104 -24.081587 -0.862340
v -11.417485 -27.074148 -7.929067
v -1.437957 -17.665771 -4.968732
v -16.566124 -32.049377 -2.419036
v -13.442473 -36.319160 -3.740547
v -11.611367 -33.549370 3.329913
v -11.482112 -37.351334 -0.160520
v -11.482112 -37.351334 -0.160520
v -8.794695 -36.980049 -4.192250
v -11.611367 -33.549370 3.329913
v -4.712405 -29.450377 -0.877273
v -7.076686 -26.680586 4.953804
v -2.655104 -24.081587 -0.862340
v -1.513355 -20.361303 7.006999
v -1.437957 -17.665771 -4.968732
v 0.000000 -18.623688 -6.178252
v -1.513355 -20.361303 7.006999
v -11.956045 -21.928129 8.963135
v -7.076686 -26.680586 4.953804
v -11.956045 -29.279585 8.205318
v -11.611367 -33.549370 3.329913
v -18.736523 -24.081587 1.941205
v -16.566124 -32.049377 -2.419036
v -11.417485 -27.074148 -7.929067
v -11.105120 -35.331539 -8.134386
v -4.712405 -29.450377 -0.877273
vn 0.8791 -0.4553 -0.1413
vn -0.1098 -0.1647 -0.9802
vn 0.2047 -0.7558 -0.6219
vn -0.9121 -0.3459 -0.2202
vn -0.9608 -0.2756 0.0315
vn -0.0470 -0.7370 0.6743
vn 0.1569 -0.3216 0.9338
vn 0.1569 -0.3217 0.9337
vn 0.9875 -0.1567 0.0157
vn -0.0471 -0.7369 0.6743
vn 0.9189 -0.3848 -0.0864
vn 0.6432 -0.4707 0.6039
vn 0.8791 -0.4552 -0.1413
vn 0.3063 -0.8561 0.4163
vn 0.2048 -0.7558 -0.6220
vn -0.0000 -0.9195 -0.3930
vn 0.3063 -0.8561 0.4162
vn -0.2042 -0.2356 0.9501
vn 0.6432 -0.4706 0.6040
vn -0.0860 -0.4456 0.8911
vn -0.0471 -0.7370 0.6743
vn -0.9618 -0.2050 0.1813
vn -0.1098 -0.1646 -0.9802
vn 0.0078 -0.1018 -0.9948
vn 0.9189 -0.3849 -0.0864
vt 0.989990 0.808594
vt 0.915710 0.812134
vt 0.989990 0.746094
vt 0.812500 0.830505
vt 0.785156 0.847656
vt 0.699219 0.832031
vt 0.699219 0.847656
vt 0.633392 0.842743
vt 0.574219 0.825500
vt 0.636444 0.776031
vt 0.566406 0.769531
vt 0.621094 0.730469
vt 0.566406 0.738281
vt 0.566406 0.707031
vt 0.695312 0.741455
vt 0.698853 0.789764
vt 0.803253 0.766327
vt 0.894531 0.847656
vt 0.989990 0.832031
s 1
usemtl npc01_03
f 1780/991/1537 1781/992/1538 1782/993/1539
f 1783/994/1540 1784/995/1541 1785/996/1542
f 1785/996/1542 1784/995/1541 1786/997/1543
f 1787/997/1544 1788/998/1545 1789/996/1546
f 1789/996/1546 1788/998/1545 1790/999/1547
f 1789/996/1546 1790/999/1547 1791/1000/1548
f 1791/1000/1548 1790/999/1547 1792/1001/1549
f 1791/1000/1548 1792/1001/1549 1793/1002/1550
f 1793/1002/1550 1792/1001/1549 1794/1003/1551
f 1793/1002/1550 1794/1003/1551 1795/1004/1552
f 1796/1002/1553 1797/1005/1554 1798/1000/1555
f 1798/1000/1555 1797/1005/1554 1799/1006/1556
f 1798/1000/1555 1799/1006/1556 1800/996/1557
f 1800/996/1557 1799/1006/1556 1801/1007/1558
f 1800/996/1557 1801/1007/1558 1802/994/1540
f 1802/994/1540 1801/1007/1558 1803/992/1559
f 1802/994/1540 1803/992/1559 1804/1008/1560
f 1804/1008/1560 1803/992/1559 1805/1009/1561
o npc_01-0001-81.001
v -17.907141 -14.435586 4.729818
v -11.309773 -13.663310 11.090992
v -18.332603 -8.034621 -1.511898
v -19.388182 -5.762352 4.218384
vn -0.9034 0.0628 0.4242
vn -0.5031 -0.3223 0.8019
vn -0.9815 -0.1806 -0.0628
vn -0.8974 -0.3621 0.2519
vt 0.796143 0.713043
vt 0.680511 0.701172
vt 0.799713 0.687500
vt 0.730469 0.680664
s 1
usemtl npc01_03
f 1806/1010/1562 1807/1011/1563 1808/1012/1564
f 1808/1012/1564 1807/1011/1563 1809/1013/1565
o npc_01-0001-82.001
v -17.982538 -5.754928 -8.395705
v -18.332603 -8.034621 -1.511898
v -19.388182 -5.762352 4.218384
v -9.694091 -5.806906 14.409702
v 0.000000 -10.180651 13.648154
v 0.000000 -5.844035 17.037792
v 9.694091 -5.806906 14.409702
v 19.388182 -5.762352 4.218384
v 18.332603 -8.034621 -1.511898
v 17.982538 -5.754928 -8.395705
vn -0.6940 -0.2997 -0.6546
vn -0.9815 -0.1806 -0.0628
vn -0.8975 -0.3621 0.2519
vn -0.3629 -0.3945 0.8442
vn -0.0000 -0.3996 0.9167
vn -0.0000 -0.6151 0.7884
vn 0.3629 -0.3945 0.8442
vn 0.8975 -0.3621 0.2519
vn 0.9815 -0.1806 -0.0628
vn 0.6940 -0.2997 -0.6546
vt 0.871094 0.680664
vt 0.799713 0.687500
vt 0.730469 0.680664
vt 0.675781 0.680664
vt 0.613281 0.691406
vt 0.613281 0.680664
s 1
usemtl npc01_03
f 1810/1014/1566 1811/1015/1567 1812/1016/1568
f 1813/1017/1569 1814/1018/1570 1815/1019/1571
f 1815/1019/1571 1814/1018/1570 1816/1017/1572
f 1817/1016/1573 1818/1015/1574 1819/1014/1575
o npc_01-0001-83.001
v 42.616302 26.606329 5.424168
v 33.433842 27.512266 0.731682
v 33.433842 28.358797 5.711616
v 33.557713 20.368731 8.291176
v 33.913162 24.133566 10.572090
v 29.265383 25.136038 11.848805
v 33.433842 28.358797 5.711616
v 22.824198 28.782063 3.692018
v 33.433842 27.512266 0.731682
v 28.559870 23.754854 -2.717687
v 36.557495 23.940498 -0.978070
v 21.779390 19.967743 3.441902
v 28.559870 23.754854 -2.717687
v 32.792953 19.848930 1.131122
v 36.557495 23.940498 -0.978070
v 38.393986 24.051884 0.197851
v 33.433842 27.512266 0.731682
v 42.616302 25.574156 1.545495
v 42.616302 26.606329 5.424168
v 49.439865 25.856333 5.674285
v 42.616302 24.252378 8.989264
v 49.439865 23.673172 8.403169
v 42.616302 21.571695 6.301444
v 48.998245 21.764765 5.338307
vn 0.1651 0.9825 0.0864
vn 0.1648 0.8084 -0.5651
vn 0.1419 0.9300 0.3389
vn 0.0079 -0.8782 0.4783
vn 0.2272 0.1410 0.9636
vn -0.0079 0.1260 0.9920
vn 0.1419 0.9301 0.3389
vn -0.0469 0.9937 -0.1017
vn 0.0628 -0.0315 -0.9975
vn 0.3700 -0.0236 -0.9287
vn -0.0000 -0.9956 -0.0940
vn 0.0628 -0.0314 -0.9975
vn 0.0784 -0.9097 -0.4078
vn 0.3699 -0.0236 -0.9288
vn 0.3532 -0.0549 -0.9339
vn 0.2518 0.5744 -0.7789
vn 0.1651 0.9825 0.0865
vn 0.1723 0.9789 0.1097
vn 0.1804 0.2588 0.9489
vn 0.1097 -0.3839 0.9168
vn 0.0940 -0.9397 0.3289
vn 0.1177 -0.9886 -0.0942
vt 0.339844 0.800781
vt 0.449219 0.785156
vt 0.457031 0.808594
vt 0.457031 0.863281
vt 0.457031 0.832031
vt 0.527344 0.839844
vt 0.555573 0.816406
vt 0.535156 0.738281
vt 0.449219 0.738281
vt 0.555573 0.680664
vt 0.457031 0.680664
vt 0.402344 0.738281
vt 0.339844 0.769531
vt 0.257141 0.808594
vt 0.339844 0.839844
vt 0.257141 0.878906
vt 0.339844 0.878906
vt 0.257141 0.914368
s 1
usemtl npc01_03
f 1820/1020/1576 1821/1021/1577 1822/1022/1578
f 1823/1023/1579 1824/1024/1580 1825/1025/1581
f 1825/1025/1581 1824/1024/1580 1826/1022/1582
f 1825/1025/1581 1826/1022/1582 1827/1026/1583
f 1827/1026/1583 1826/1022/1582 1828/1021/1577
f 1827/1026/1583 1828/1021/1577 1829/1027/1584
f 1829/1027/1584 1828/1021/1577 1830/1028/1585
f 1831/1029/1586 1832/1027/1587 1833/1030/1588
f 1833/1030/1588 1832/1027/1587 1834/1028/1589
f 1833/1030/1588 1834/1028/1589 1835/1031/1590
f 1835/1031/1590 1834/1028/1589 1836/1021/1577
f 1835/1031/1590 1836/1021/1577 1837/1032/1591
f 1837/1032/1591 1836/1021/1577 1838/1020/1592
f 1837/1032/1591 1838/1020/1592 1839/1033/1593
f 1839/1033/1593 1838/1020/1592 1840/1034/1594
f 1839/1033/1593 1840/1034/1594 1841/1035/1595
f 1841/1035/1595 1840/1034/1594 1842/1036/1596
f 1841/1035/1595 1842/1036/1596 1843/1037/1597
o npc_01-0001-84.001
v 21.714764 23.658321 11.214181
v 21.779390 19.967743 3.441902
v 30.207865 22.277138 8.825007
v 32.792953 19.848930 1.131122
v 22.824198 28.782063 3.692018
v 21.714764 23.658321 11.214181
v 29.265383 25.136038 11.848805
v 33.557713 20.368731 8.291176
v 42.341637 22.492483 1.851607
vn -0.0782 -0.4301 0.8994
vn -0.0000 -0.9956 -0.0941
vn -0.1413 -0.8791 0.4553
vn 0.0784 -0.9097 -0.4078
vn -0.0470 0.9937 -0.1018
vn -0.0079 0.1260 0.9920
vn 0.0078 -0.8782 0.4782
vn 0.2039 -0.7449 -0.6352
vt 0.555573 0.878906
vt 0.555573 0.914368
vt 0.527344 0.878906
vt 0.449219 0.914368
vt 0.555573 0.816406
vt 0.527344 0.839844
vt 0.457031 0.863281
vt 0.339844 0.914368
s 1
usemtl npc01_03
f 1844/1038/1598 1845/1039/1599 1846/1040/1600
f 1846/1040/1600 1845/1039/1599 1847/1041/1601
f 1848/1042/1602 1849/1038/1598 1850/1043/1603
f 1850/1043/1603 1849/1038/1598 1846/1040/1600
f 1850/1043/1603 1846/1040/1600 1851/1044/1604
f 1851/1044/1604 1846/1040/1600 1847/1041/1601
f 1851/1044/1604 1847/1041/1601 1852/1045/1605
o npc_01-0001-85.001
v 32.792953 19.848930 1.131122
v 38.393986 24.051884 0.197851
v 42.341637 22.492483 1.851607
v 42.616302 25.574156 1.545495
v 49.439865 23.851389 2.680352
v 49.439865 25.856333 5.674285
vn 0.0784 -0.9097 -0.4078
vn 0.3531 -0.0550 -0.9340
vn 0.2039 -0.7450 -0.6351
vn 0.2518 0.5744 -0.7789
vn 0.2900 -0.0393 -0.9562
vn 0.1723 0.9789 0.1097
vt 0.457031 0.680664
vt 0.402344 0.738281
vt 0.339844 0.714844
vt 0.339844 0.769531
vt 0.257141 0.738281
vt 0.257141 0.808594
s 1
usemtl npc01_03
f 1853/1046/1606 1854/1047/1607 1855/1048/1608
f 1855/1048/1608 1854/1047/1607 1856/1049/1609
f 1855/1048/1608 1856/1049/1609 1857/1050/1610
f 1857/1050/1610 1856/1049/1609 1858/1051/1611
o npc_01-0001-86.001
v 49.439865 25.856333 5.674285
v 57.006641 26.747417 4.845540
v 55.681782 25.685539 1.668686
v 42.616302 21.571695 6.301444
v 42.341637 22.492483 1.851607
v 48.998245 21.764765 5.338307
v 49.439865 23.851389 2.680352
v 52.062653 23.027136 1.597758
v 49.439865 23.851389 2.680352
v 55.681782 25.685539 1.668686
v 49.439865 25.856333 5.674285
v 51.039391 21.415754 9.022861
v 49.439865 23.673172 8.403169
v 48.998245 21.764765 5.338307
v 49.439865 23.851389 2.680352
v 52.062653 23.027136 1.597758
v 48.998245 21.764765 5.338307
v 50.893978 20.725164 5.121789
v 51.039391 21.415754 9.022861
v 57.006641 26.747417 4.845540
v 57.006641 25.737520 8.029860
v 49.439865 23.673172 8.403169
v 51.039391 21.415754 9.022861
v -49.439865 25.856333 5.674285
v -57.006641 26.747417 4.845540
v -55.681782 25.685539 1.668686
v -42.616302 21.571695 6.301444
v -42.341637 22.492483 1.851607
v -48.998245 21.764765 5.338307
v -49.439865 23.851389 2.680352
v -52.062653 23.027136 1.597758
v -49.439865 23.851389 2.680352
v -55.681782 25.685539 1.668686
v -49.439865 25.856333 5.674285
v -51.039391 21.415754 9.022861
v -49.439865 23.673172 8.403169
v -48.998245 21.764765 5.338307
v -49.439865 23.851389 2.680352
v -52.062653 23.027136 1.597758
v -48.998245 21.764765 5.338307
v -50.893978 20.725164 5.121789
v -51.039391 21.415754 9.022861
v -57.006641 26.747417 4.845540
v -57.006641 25.737520 8.029860
v -49.439865 23.673172 8.403169
v -51.039391 21.415754 9.022861
vn -0.1960 0.9801 0.0313
vn 0.4337 0.8988 -0.0631
vn 0.1021 0.6754 -0.7304
vn 0.0939 -0.9397 0.3289
vn 0.2039 -0.7450 -0.6351
vn 0.1177 -0.9886 -0.0942
vn 0.2900 -0.0391 -0.9562
vn -0.2837 -0.4099 -0.8669
vn -0.4402 0.2122 -0.8725
vn -0.1960 0.9801 0.0314
vn -0.3778 -0.2283 0.8973
vn -0.4336 0.2444 0.8673
vn -0.6133 -0.7707 -0.1730
vn -0.4401 0.2122 -0.8725
vn -0.2838 -0.4098 -0.8669
vn -0.6133 -0.7706 -0.1730
vn 0.1020 -0.9414 -0.3216
vn -0.3779 -0.2282 0.8973
vn 0.4337 0.8989 -0.0631
vn 0.1966 0.7710 0.6058
vn -0.4337 0.2444 0.8673
vn -0.3778 -0.2282 0.8973
vn 0.1960 0.9801 0.0313
vn -0.1021 0.6754 -0.7304
vn -0.4337 0.8988 -0.0631
vn -0.0939 -0.9397 0.3289
vn -0.1177 -0.9886 -0.0942
vn -0.2039 -0.7450 -0.6351
vn -0.2900 -0.0391 -0.9562
vn 0.2837 -0.4099 -0.8669
vn -0.1020 0.6754 -0.7304
vn 0.4402 0.2122 -0.8725
vn 0.1960 0.9801 0.0314
vn 0.3778 -0.2282 0.8973
vn 0.6133 -0.7707 -0.1731
vn 0.4336 0.2444 0.8673
vn 0.4401 0.2122 -0.8725
vn 0.2838 -0.4099 -0.8669
vn -0.1020 -0.9414 -0.3216
vn 0.3779 -0.2282 0.8973
vn -0.1966 0.7710 0.6058
vn 0.4337 0.2444 0.8673
vn 0.3779 -0.2283 0.8973
vt 0.892578 0.666016
vt 0.892578 0.572266
vt 0.841797 0.576172
vt 0.339844 0.680664
vt 0.339844 0.714844
vt 0.257141 0.680664
vt 0.257141 0.738281
vt 0.822266 0.603516
vt 0.822266 0.666016
vt 0.970703 0.326172
vt 0.989990 0.333984
vt 0.989990 0.392578
vt 0.989990 0.431244
vt 0.970703 0.431244
vt 0.970703 0.392578
vt 0.943359 0.572266
vt 0.962891 0.666016
vt 0.989990 0.619141
s 1
usemtl npc01_03
f 1859/1052/1612 1860/1053/1613 1861/1054/1614
f 1862/1055/1615 1863/1056/1616 1864/1057/1617
f 1864/1057/1617 1863/1056/1616 1865/1058/1618
f 1866/1059/1619 1867/1060/1620 1868/1054/1614
f 1868/1054/1614 1867/1060/1620 1869/1052/1621
f 1870/1061/1622 1871/1062/1623 1872/1063/1624
f 1873/1064/1625 1874/1065/1626 1875/1063/1627
f 1875/1063/1627 1874/1065/1626 1876/1066/1628
f 1875/1063/1627 1876/1066/1628 1877/1061/1629
f 1878/1053/1630 1869/1052/1621 1879/1067/1631
f 1879/1067/1631 1869/1052/1621 1880/1068/1632
f 1879/1067/1631 1880/1068/1632 1881/1069/1633
f 1882/1052/1634 1884/1054/1635 1883/1053/1636
f 1885/1055/1637 1887/1057/1638 1886/1056/1639
f 1887/1057/1638 1888/1058/1640 1886/1056/1639
f 1889/1059/1641 1891/1054/1642 1890/1060/1643
f 1891/1054/1642 1892/1052/1644 1890/1060/1643
f 1893/1061/1645 1895/1063/1646 1894/1062/1647
f 1896/1064/1648 1898/1063/1646 1897/1065/1649
f 1898/1063/1646 1899/1066/1650 1897/1065/1649
f 1898/1063/1646 1900/1061/1651 1899/1066/1650
f 1901/1053/1636 1902/1067/1652 1892/1052/1644
f 1902/1067/1652 1903/1068/1653 1892/1052/1644
f 1902/1067/1652 1904/1069/1654 1903/1068/1653
o npc_01-0001-87.001
v 42.616302 21.571695 6.301444
v 33.557713 20.368731 8.291176
v 42.341637 22.492483 1.851607
v 42.616302 24.252378 8.989264
v 42.616302 26.606329 5.424168
v 33.433842 28.358797 5.711616
v 33.913162 24.133566 10.572090
vn 0.0940 -0.9397 0.3289
vn 0.0079 -0.8782 0.4783
vn 0.2039 -0.7450 -0.6352
vn 0.1804 0.2588 0.9489
vn 0.1651 0.9825 0.0865
vn 0.1419 0.9300 0.3389
vn 0.2272 0.1410 0.9636
vt 0.339844 0.878906
vt 0.457031 0.863281
vt 0.339844 0.914368
vt 0.339844 0.839844
vt 0.339844 0.800781
vt 0.457031 0.808594
vt 0.457031 0.832031
s 1
usemtl npc01_03
f 1905/1070/1655 1906/1071/1656 1907/1072/1657
f 1906/1071/1656 1905/1070/1655 1908/1073/1658
f 1909/1074/1659 1910/1075/1660 1908/1073/1658
f 1908/1073/1658 1910/1075/1660 1911/1076/1661
f 1908/1073/1658 1911/1076/1661 1906/1071/1656
o npc_01-0001-88.001
v -42.616302 25.574156 1.552961
v -49.439865 23.851389 2.680352
v -49.439865 25.856333 5.674285
v -49.439865 23.851389 2.680352
v -42.341637 22.492483 1.851607
v -48.998245 21.764765 5.338307
v -42.616302 21.571695 6.301444
v -48.998245 21.764765 5.338307
v -42.616302 21.571695 6.301444
v -49.439865 23.673172 8.403169
v -42.616302 24.252378 8.992996
v -42.616302 26.606329 5.424168
v -42.616302 25.574156 1.552961
v -33.433842 27.512266 0.731682
v -38.393986 24.051884 0.197851
v -36.557495 23.940498 -0.978070
v -42.341637 22.492483 1.851607
v -32.792953 19.848930 1.131122
v -28.559870 23.754854 -2.717687
v -22.824198 28.782063 3.692018
v -33.433842 28.358797 5.711616
v -29.265383 25.136038 11.848805
v -33.913162 24.133566 10.572090
v -33.557713 20.368731 8.291176
vn -0.2518 0.5744 -0.7789
vn -0.2900 -0.0392 -0.9562
vn -0.1723 0.9789 0.1097
vn -0.2900 -0.0391 -0.9562
vn -0.2038 -0.7450 -0.6352
vn -0.1177 -0.9886 -0.0942
vn -0.0940 -0.9397 0.3289
vn -0.0939 -0.9397 0.3289
vn -0.1097 -0.3839 0.9168
vn -0.1804 0.2588 0.9490
vn -0.1650 0.9825 0.0864
vn -0.2517 0.5744 -0.7789
vn -0.1648 0.8084 -0.5651
vn -0.3532 -0.0549 -0.9339
vn -0.3699 -0.0236 -0.9288
vn -0.2039 -0.7450 -0.6352
vn -0.0784 -0.9097 -0.4078
vn -0.0629 -0.0314 -0.9975
vn 0.0469 0.9937 -0.1017
vn -0.1419 0.9301 0.3389
vn 0.0079 0.1260 0.9920
vn -0.2272 0.1410 0.9636
vn -0.0078 -0.8782 0.4783
vt 0.339844 0.769531
vt 0.257141 0.738281
vt 0.257141 0.808594
vt 0.339844 0.714844
vt 0.257141 0.680664
vt 0.339844 0.680664
vt 0.257141 0.914368
vt 0.339844 0.878906
vt 0.257141 0.878906
vt 0.339844 0.839844
vt 0.339844 0.800781
vt 0.449219 0.785156
vt 0.402344 0.738281
vt 0.449219 0.738281
vt 0.457031 0.680664
vt 0.535156 0.738281
vt 0.555573 0.816406
vt 0.457031 0.808594
vt 0.527344 0.839844
vt 0.457031 0.832031
vt 0.457031 0.863281
s 1
usemtl npc01_03
f 1912/1077/1662 1913/1078/1663 1914/1079/1664
f 1915/1078/1665 1916/1080/1666 1917/1081/1667
f 1917/1081/1667 1916/1080/1666 1918/1082/1668
f 1919/1083/1667 1920/1084/1669 1921/1085/1670
f 1921/1085/1670 1920/1084/1669 1922/1086/1671
f 1921/1085/1670 1922/1086/1671 1914/1079/1664
f 1914/1079/1664 1922/1086/1671 1923/1087/1672
f 1914/1079/1664 1923/1087/1672 1924/1077/1673
f 1924/1077/1673 1923/1087/1672 1925/1088/1674
f 1924/1077/1673 1925/1088/1674 1926/1089/1675
f 1926/1089/1675 1925/1088/1674 1927/1090/1676
f 1913/1078/1663 1912/1077/1662 1928/1080/1677
f 1928/1080/1677 1912/1077/1662 1926/1089/1675
f 1928/1080/1677 1926/1089/1675 1929/1091/1678
f 1929/1091/1678 1926/1089/1675 1927/1090/1676
f 1929/1091/1678 1927/1090/1676 1930/1092/1679
f 1930/1092/1679 1927/1090/1676 1925/1088/1674
f 1930/1092/1679 1925/1088/1674 1931/1093/1680
f 1931/1093/1680 1925/1088/1674 1932/1094/1681
f 1931/1093/1680 1932/1094/1681 1933/1095/1682
f 1933/1095/1682 1932/1094/1681 1934/1096/1683
f 1933/1095/1682 1934/1096/1683 1935/1097/1684
o npc_01-0001-89.001
v -21.779390 19.967743 3.441902
v -30.207865 22.277138 8.825007
v -32.792953 19.848930 1.131122
v -30.207865 22.277138 8.825007
v -21.779390 19.967743 3.441902
v -21.714764 23.658321 11.214181
v -22.824198 28.782063 3.692018
v -21.752462 23.554361 -3.594961
v -28.559870 23.754854 -2.717687
v -21.779390 19.967743 3.441902
v -32.792953 19.848930 1.131122
v -42.341637 22.492483 1.851607
v -32.792953 19.848930 1.131122
v -33.557713 20.368731 8.291176
v -30.207865 22.277138 8.825007
v -29.265383 25.136038 11.848805
v -21.714764 23.658321 11.214181
v -22.824198 28.782063 3.692018
vn -0.0000 -0.9956 -0.0940
vn 0.1412 -0.8791 0.4552
vn -0.0784 -0.9097 -0.4078
vn -0.0000 -0.9956 -0.0941
vn 0.0783 -0.4301 0.8994
vn 0.0469 0.9937 -0.1017
vn -0.1257 -0.0707 -0.9896
vn -0.0628 -0.0315 -0.9975
vn -0.2039 -0.7449 -0.6352
vn -0.0078 -0.8782 0.4782
vn 0.1413 -0.8791 0.4553
vn 0.0078 0.1260 0.9920
vn 0.0469 0.9937 -0.1018
vt 0.555573 0.914368
vt 0.527344 0.878906
vt 0.449219 0.914368
vt 0.555573 0.878906
vt 0.555573 0.816406
vt 0.555573 0.777344
vt 0.535156 0.738281
vt 0.555573 0.680664
vt 0.457031 0.680664
vt 0.339844 0.914368
vt 0.457031 0.863281
vt 0.527344 0.839844
s 1
usemtl npc01_03
f 1936/1098/1685 1937/1099/1686 1938/1100/1687
f 1939/1099/1686 1940/1098/1688 1941/1101/1689
f 1942/1102/1690 1943/1103/1691 1944/1104/1692
f 1944/1104/1692 1943/1103/1691 1945/1105/1688
f 1944/1104/1692 1945/1105/1688 1946/1106/1687
f 1947/1107/1693 1948/1100/1687 1949/1108/1694
f 1949/1108/1694 1948/1100/1687 1950/1099/1695
f 1949/1108/1694 1950/1099/1695 1951/1109/1696
f 1951/1109/1696 1950/1099/1695 1952/1101/1689
f 1951/1109/1696 1952/1101/1689 1953/1102/1697
o npc_01-0001-90.001
v -33.433842 28.358797 5.711616
v -33.433842 27.512266 0.731682
v -42.616302 26.606329 5.424168
vn -0.1419 0.9300 0.3389
vn -0.1648 0.8084 -0.5651
vn -0.1651 0.9825 0.0864
vt 0.457031 0.808594
vt 0.449219 0.785156
vt 0.339844 0.800781
s 1
usemtl npc01_03
f 1954/1110/1698 1955/1111/1699 1956/1112/1700
o npc_01-0001-91.001
v -42.616302 21.571695 6.301444
v -33.557713 20.368731 8.291176
v -42.616302 24.252378 8.992996
v -42.341637 22.492483 1.851607
v -33.913162 24.133566 10.572090
v -33.433842 28.358797 5.711616
v -42.616302 26.606329 5.424168
vn -0.0940 -0.9397 0.3289
vn -0.0079 -0.8782 0.4783
vn -0.1804 0.2588 0.9489
vn -0.2039 -0.7450 -0.6352
vn -0.2272 0.1410 0.9636
vn -0.1419 0.9300 0.3390
vn -0.1651 0.9825 0.0865
vt 0.339844 0.878906
vt 0.457031 0.863281
vt 0.339844 0.839844
vt 0.339844 0.914368
vt 0.457031 0.832031
vt 0.457031 0.808594
vt 0.339844 0.800781
s 1
usemtl npc01_03
f 1957/1113/1701 1958/1114/1702 1959/1115/1703
f 1958/1114/1702 1957/1113/1701 1960/1116/1704
f 1958/1114/1702 1961/1117/1705 1959/1115/1703
f 1959/1115/1703 1961/1117/1705 1962/1118/1706
f 1959/1115/1703 1962/1118/1706 1963/1119/1707
o npc_01-0001-92.001
v 10.938166 -37.700344 -8.701816
v 7.862985 -43.329033 -7.858138
v 8.557728 -39.363705 -3.188050
v 12.241483 -43.366161 -8.507694
v 13.253977 -49.017132 -1.202049
v 7.862985 -43.329033 -7.858138
v 9.177073 -49.017132 -1.534293
v 16.528425 -47.591393 1.004203
v 13.253977 -49.017132 -1.202049
v 12.241483 -43.366161 -8.507694
v 11.293616 -39.631027 -0.955666
v 8.557728 -39.363705 -3.188050
v 7.922227 -45.682983 0.746620
v 7.862985 -43.329033 -7.858138
v 9.177073 -49.017132 -1.534293
v 7.922227 -45.682983 0.746620
v 11.395942 -45.423084 1.836680
v 11.293616 -39.631027 -0.955666
v 15.451304 -46.596348 1.571632
v 13.227048 -39.192913 -4.599156
v 16.528425 -47.591393 1.004203
v 12.672331 -41.093895 -8.167984
v 12.241483 -43.366161 -8.507694
vn -0.0629 0.4242 -0.9034
vn -0.8341 -0.4092 -0.3698
vn -0.9384 0.2111 0.2737
vn 0.5492 -0.6433 -0.5334
vn 0.2043 -0.8252 -0.5266
vn -0.5024 -0.7536 -0.4239
vn 0.9717 0.0236 -0.2350
vn 0.2044 -0.8252 -0.5266
vn 0.5492 -0.6433 -0.5335
vn 0.2435 0.2591 0.9346
vn -0.9383 0.2112 0.2737
vn -0.7457 0.5495 0.3768
vn -0.7457 0.5495 0.3767
vn -0.0314 0.6664 0.7449
vn 0.2435 0.2592 0.9346
vn 0.3851 0.7229 0.5737
vn 0.9533 0.2994 0.0394
vn 0.9717 0.0235 -0.2351
vn 0.8435 0.1340 -0.5202
vn 0.5491 -0.6433 -0.5335
vt 0.912109 0.244141
vt 0.830078 0.263672
vt 0.865234 0.240234
vt 0.972656 0.429291
vt 0.933594 0.429291
vt 0.972656 0.378906
vt 0.941406 0.378906
vt 0.984711 0.194580
vt 0.989990 0.216797
vt 0.990234 0.267578
vt 0.910156 0.238281
vt 0.857422 0.205078
vt 0.822266 0.220703
vt 0.910156 0.191406
vt 0.967316 0.194580
vt 0.955078 0.240234
vt 0.958984 0.263672
s 1
usemtl npc01_03
f 1964/1120/1708 1965/1121/1709 1966/1122/1710
f 1967/1123/1711 1968/1124/1712 1969/1125/1709
f 1969/1125/1709 1968/1124/1712 1970/1126/1713
f 1971/1127/1714 1972/1128/1715 1973/1129/1716
f 1974/1130/1717 1975/1122/1718 1976/1131/1719
f 1976/1131/1719 1975/1122/1718 1977/1121/1709
f 1976/1131/1719 1977/1121/1709 1978/1132/1713
f 1979/1131/1720 1980/1133/1721 1981/1130/1722
f 1981/1130/1722 1980/1133/1721 1982/1134/1723
f 1981/1130/1722 1982/1134/1723 1983/1135/1724
f 1983/1135/1724 1982/1134/1723 1984/1127/1725
f 1983/1135/1724 1984/1127/1725 1985/1136/1726
f 1985/1136/1726 1984/1127/1725 1986/1129/1727
o npc_01-0001-93.001
v 11.611367 -33.549370 3.329913
v 13.442473 -36.319160 -3.740547
v 16.566124 -32.049377 -2.419036
vn 0.0470 -0.7370 0.6742
vn 0.9607 -0.2756 0.0315
vn 0.9121 -0.3459 -0.2202
vt 0.699219 0.832031
vt 0.785156 0.847656
vt 0.812500 0.830505
s 1
usemtl npc01_03
f 1987/1137/1728 1988/1138/1729 1989/1139/1730
o npc_01-0001-94.001
v 10.938166 -37.700344 -8.701816
v 8.557728 -39.363705 -3.188050
v 8.794695 -36.980049 -4.192250
v 12.672331 -41.093895 -8.167984
v 10.938166 -37.700344 -8.701816
v 13.227048 -39.192913 -4.599156
v 7.862985 -43.329033 -7.858138
v 8.918564 -44.138435 -11.915999
v 12.241483 -43.366161 -8.507694
v 8.794695 -36.980049 -4.192250
v 8.557728 -39.363705 -3.188050
v 11.482112 -37.351334 -0.160520
v 11.293616 -39.631027 -0.955666
v 13.442473 -36.319160 -3.740547
v 16.566124 -32.049377 -2.419036
v 11.105120 -35.331539 -8.134386
v 8.918564 -44.138435 -11.915999
v 12.241483 -43.366161 -8.507694
v 7.862985 -43.329033 -7.858138
v 13.227048 -39.192913 -4.599156
v 4.712405 -29.450377 -0.877273
vn -0.0628 0.4242 -0.9034
vn -0.9383 0.2112 0.2737
vn -0.9875 -0.1567 0.0157
vn 0.8434 0.1340 -0.5203
vn -0.0629 0.4242 -0.9034
vn 0.9533 0.2994 0.0394
vn -0.8341 -0.4092 -0.3699
vn 0.2908 -0.2357 -0.9273
vn 0.5491 -0.6433 -0.5335
vn -0.9875 -0.1568 0.0157
vn -0.9384 0.2111 0.2737
vn -0.1569 -0.3217 0.9337
vn 0.2435 0.2592 0.9346
vn 0.9607 -0.2756 0.0315
vn 0.9121 -0.3459 -0.2202
vn -0.0078 -0.1018 -0.9948
vn -0.9189 -0.3848 -0.0864
vt 0.894531 0.914368
vt 0.989990 0.914368
vt 0.989990 0.847656
vt 0.958984 0.263672
vt 0.912109 0.244141
vt 0.955078 0.240234
vt 0.830078 0.263672
vt 0.912109 0.322266
vt 0.990234 0.267578
vt 0.633392 0.842743
vt 0.633392 0.914368
vt 0.699219 0.847656
vt 0.699219 0.914368
vt 0.785156 0.847656
vt 0.812500 0.830505
vt 0.894531 0.847656
vt 0.989990 0.410156
vt 0.972656 0.429291
vt 0.972656 0.378906
vt 0.785156 0.914368
vt 0.989990 0.832031
s 1
usemtl npc01_03
f 1990/1140/1731 1991/1141/1732 1992/1142/1733
f 1993/1143/1734 1994/1144/1735 1995/1145/1736
f 1996/1146/1737 1994/1144/1735 1997/1147/1738
f 1997/1147/1738 1994/1144/1735 1993/1143/1734
f 1997/1147/1738 1993/1143/1734 1998/1148/1739
f 1999/1149/1740 2000/1150/1741 2001/1151/1742
f 2001/1151/1742 2000/1150/1741 2002/1152/1743
f 2001/1151/1742 2002/1152/1743 2003/1153/1744
f 2004/1154/1745 2003/1153/1744 2005/1155/1746
f 2006/1156/1738 2007/1157/1739 2008/1158/1737
f 2002/1152/1743 2009/1159/1736 2003/1153/1744
f 2003/1153/1744 2009/1159/1736 1990/1140/1731
f 2003/1153/1744 1990/1140/1731 2005/1155/1746
f 2005/1155/1746 1990/1140/1731 1992/1142/1733
f 2005/1155/1746 1992/1142/1733 2010/1160/1747
o npc_01-0001-95.001
v -16.528425 -47.591393 1.004203
v -12.672331 -41.093895 -8.167984
v -12.241483 -43.366161 -8.507694
v -12.241483 -43.366161 -8.507694
v -7.862985 -43.329033 -7.858138
v -13.253977 -49.017132 -1.202049
v -9.177073 -49.017132 -1.534293
v -12.241483 -43.366161 -8.507694
v -13.253977 -49.017132 -1.202049
v -16.528425 -47.591393 1.004203
v -9.177073 -49.017132 -1.534293
v -7.862985 -43.329033 -7.858138
v -7.922227 -45.682983 0.746620
v -8.557728 -39.363705 -3.188050
v -11.293616 -39.631027 -0.955666
v -12.672331 -41.093895 -8.167984
v -13.227048 -39.192913 -4.599156
v -15.451304 -46.596348 1.571632
v -11.293616 -39.631027 -0.955666
v -11.395942 -45.423084 1.836680
v -7.922227 -45.682983 0.746620
vn -0.9717 0.0235 -0.2351
vn -0.8434 0.1340 -0.5203
vn -0.5491 -0.6433 -0.5335
vn -0.5492 -0.6433 -0.5334
vn 0.8341 -0.4092 -0.3698
vn -0.2043 -0.8252 -0.5266
vn 0.5024 -0.7536 -0.4239
vn -0.5492 -0.6433 -0.5335
vn -0.2044 -0.8252 -0.5266
vn -0.9717 0.0236 -0.2351
vn 0.8341 -0.4092 -0.3699
vn 0.7457 0.5495 0.3768
vn 0.9383 0.2112 0.2737
vn -0.2435 0.2591 0.9347
vn -0.8435 0.1340 -0.5202
vn -0.9533 0.2994 0.0394
vn -0.3851 0.7229 0.5737
vn -0.2435 0.2592 0.9346
vn 0.0314 0.6664 0.7449
vt 0.984711 0.194580
vt 0.958984 0.263672
vt 0.990234 0.267578
vt 0.972656 0.429291
vt 0.972656 0.378906
vt 0.933594 0.429291
vt 0.941406 0.378906
vt 0.989990 0.216797
vt 0.822266 0.220703
vt 0.830078 0.263672
vt 0.857422 0.205078
vt 0.865234 0.240234
vt 0.910156 0.238281
vt 0.955078 0.240234
vt 0.967316 0.194580
vt 0.910156 0.191406
s 1
usemtl npc01_03
f 2011/1161/1748 2012/1162/1749 2013/1163/1750
f 2014/1164/1751 2015/1165/1752 2016/1166/1753
f 2016/1166/1753 2015/1165/1752 2017/1167/1754
f 2018/1163/1755 2019/1168/1756 2020/1161/1757
f 2021/1169/1754 2022/1170/1758 2023/1171/1759
f 2023/1171/1759 2022/1170/1758 2024/1172/1760
f 2023/1171/1759 2024/1172/1760 2025/1173/1761
f 2026/1162/1762 2020/1161/1748 2027/1174/1763
f 2027/1174/1763 2020/1161/1748 2028/1175/1764
f 2027/1174/1763 2028/1175/1764 2029/1173/1765
f 2029/1173/1765 2028/1175/1764 2030/1176/1766
f 2029/1173/1765 2030/1176/1766 2031/1171/1759
o npc_01-0001-96.001
v -18.736523 -24.081587 1.941205
v -11.956045 -29.279585 8.205318
v -11.956045 -21.928129 8.963135
v -11.417485 -27.074148 -7.929067
v -2.655104 -24.081587 -0.862340
v -4.712405 -29.450377 -0.877273
vn -0.9618 -0.2050 0.1813
vn -0.0859 -0.4456 0.8911
vn -0.2042 -0.2356 0.9502
vn -0.1098 -0.1646 -0.9802
vn 0.8791 -0.4552 -0.1412
vn 0.9189 -0.3849 -0.0863
vt 0.803253 0.766327
vt 0.698853 0.789764
vt 0.695312 0.741455
vt 0.915710 0.812134
vt 0.989990 0.808594
vt 0.989990 0.832031
s 1
usemtl npc01_03
f 2032/1177/1767 2033/1178/1768 2034/1179/1769
f 2035/1180/1770 2036/1181/1771 2037/1182/1772
o npc_01-0001-97.001
v -10.938166 -37.700344 -8.701816
v -8.794695 -36.980049 -4.192250
v -8.557728 -39.363705 -3.188050
v -8.918564 -44.138435 -11.915999
v -7.862985 -43.329033 -7.858138
v -12.241483 -43.366161 -8.507694
v -4.712405 -29.450377 -0.877273
v -11.105120 -35.331539 -8.134386
v -13.442473 -36.319160 -3.740547
v -16.566124 -32.049377 -2.419036
v -13.227048 -39.192913 -4.599156
v -10.938166 -37.700344 -8.701816
v -12.672331 -41.093895 -8.167984
v -12.241483 -43.366161 -8.507694
v -8.918564 -44.138435 -11.915999
v -7.862985 -43.329033 -7.858138
v -8.557728 -39.363705 -3.188050
v -13.227048 -39.192913 -4.599156
v -11.293616 -39.631027 -0.955666
v -11.482112 -37.351334 -0.160520
v -8.557728 -39.363705 -3.188050
v -8.794695 -36.980049 -4.192250
vn 0.0628 0.4242 -0.9034
vn 0.9875 -0.1568 0.0157
vn 0.9383 0.2112 0.2737
vn -0.2908 -0.2357 -0.9273
vn 0.8341 -0.4093 -0.3699
vn -0.5492 -0.6433 -0.5334
vn 0.9189 -0.3849 -0.0864
vn 0.0078 -0.1018 -0.9948
vn -0.9607 -0.2756 0.0315
vn -0.9121 -0.3459 -0.2202
vn -0.9533 0.2994 0.0394
vn -0.8434 0.1340 -0.5203
vn -0.5491 -0.6433 -0.5335
vn -0.2908 -0.2358 -0.9273
vn 0.8341 -0.4092 -0.3699
vn 0.9384 0.2111 0.2737
vn -0.2435 0.2592 0.9346
vn 0.1569 -0.3217 0.9338
vn 0.9875 -0.1568 0.0156
vt 0.894531 0.914368
vt 0.989990 0.847656
vt 0.989990 0.914368
vt 0.989990 0.410156
vt 0.972656 0.378906
vt 0.972656 0.429291
vt 0.989990 0.832031
vt 0.894531 0.847656
vt 0.785156 0.847656
vt 0.812500 0.830505
vt 0.955078 0.240234
vt 0.912109 0.244141
vt 0.958984 0.263672
vt 0.990234 0.267578
vt 0.912109 0.322266
vt 0.830078 0.263672
vt 0.865234 0.240234
vt 0.785156 0.914368
vt 0.699219 0.914368
vt 0.699219 0.847656
vt 0.633392 0.914368
vt 0.633392 0.842743
s 1
usemtl npc01_03
f 2038/1183/1773 2039/1184/1774 2040/1185/1775
f 2041/1186/1776 2042/1187/1777 2043/1188/1778
f 2044/1189/1779 2039/1184/1774 2045/1190/1780
f 2039/1184/1774 2038/1183/1773 2045/1190/1780
f 2045/1190/1780 2038/1183/1773 2046/1191/1781
f 2045/1190/1780 2046/1191/1781 2047/1192/1782
f 2048/1193/1783 2049/1194/1773 2050/1195/1784
f 2051/1196/1785 2050/1195/1784 2052/1197/1786
f 2052/1197/1786 2050/1195/1784 2049/1194/1773
f 2052/1197/1786 2049/1194/1773 2053/1198/1787
f 2053/1198/1787 2049/1194/1773 2054/1199/1788
f 2038/1183/1773 2055/1200/1783 2046/1191/1781
f 2046/1191/1781 2055/1200/1783 2056/1201/1789
f 2046/1191/1781 2056/1201/1789 2057/1202/1790
f 2057/1202/1790 2056/1201/1789 2058/1203/1775
f 2057/1202/1790 2058/1203/1775 2059/1204/1791
o npc_01-0001-98.001
v 55.681782 25.685539 1.668686
v 56.311897 23.168224 1.392438
v 52.062653 23.027136 1.597758
v 56.311897 23.168224 1.392438
v 50.893978 20.725164 5.121789
v 52.062653 23.027136 1.597758
v 60.081821 23.717726 6.260379
v 60.889664 24.794455 7.660285
v 62.133736 22.938026 6.006529
v 62.133736 22.938026 6.006529
v 63.749420 21.957832 6.316376
v 62.295303 22.321692 7.488563
v 55.509441 21.111301 7.716281
v 54.459248 22.017239 6.279045
v 55.859505 21.660805 9.138586
v 56.640419 23.235056 8.627154
v 57.599056 24.096437 3.146987
v 57.981434 24.178122 6.002796
v 60.480354 23.212778 5.147920
v 58.525379 20.851400 8.533827
v 55.509441 21.111301 7.716281
v 55.859505 21.660805 9.138586
v 61.735203 21.601398 2.878205
v 63.641708 20.843975 3.378439
v 61.902157 21.386053 4.543161
v 60.081821 23.717726 6.260379
v 62.133736 22.938026 6.006529
v 62.295303 22.321692 7.488563
v 58.525379 20.851400 8.533827
v 58.180702 19.381109 8.657019
v 59.785614 20.027147 9.187116
v 54.453861 19.485069 8.970598
v 51.039391 21.415754 9.022861
v 55.741024 20.405859 10.269711
v 59.828697 20.769718 0.966867
v 60.927361 19.759823 1.650021
v 60.243389 21.096451 2.109190
v 60.248775 23.584064 3.046194
v 61.735203 21.601398 2.878205
v 61.902157 21.386053 4.543161
v 58.600780 22.202881 0.780212
v 59.672516 23.376144 0.586092
v 59.828697 20.769718 0.966867
v 59.080097 23.004858 2.183852
v 60.243389 21.096451 2.109190
v 61.002762 21.371201 0.929536
v 60.927361 19.759823 1.650021
v 61.902157 21.386053 4.543161
v 63.641708 20.843975 3.378439
v 63.016975 22.269712 3.568826
v 61.735203 21.601398 2.878205
v 60.248775 23.584064 3.046194
v 59.990265 23.197927 8.373304
v 62.295303 22.321692 7.488563
v 62.925423 23.435549 7.025661
v 63.749420 21.957832 6.316376
v 58.600780 22.202881 0.780212
v 59.080097 23.004858 2.183852
v 59.828697 20.769718 0.966867
v 60.243389 21.096451 2.109190
v 57.006641 25.737520 8.029860
v 57.981434 24.178122 6.002796
v 57.006641 26.747417 4.845540
v 60.480354 23.212778 5.147920
v 61.002762 25.262276 4.166119
v 59.990265 23.197927 8.373304
v 57.599056 24.096437 3.146987
v 56.640419 23.235056 8.627154
v 51.039391 21.415754 9.022861
v 55.741024 20.405859 10.269711
v 59.785614 20.027147 9.187116
v -55.681782 25.685539 1.668686
v -56.311897 23.168224 1.392438
v -52.062653 23.027136 1.597758
v -56.311897 23.168224 1.392438
v -50.893978 20.725164 5.121789
v -52.062653 23.027136 1.597758
v -60.081821 23.717726 6.260379
v -60.889664 24.794455 7.660285
v -62.133736 22.938026 6.006529
v -62.133736 22.938026 6.006529
v -63.749420 21.957832 6.316376
v -62.295303 22.321692 7.488563
v -55.509441 21.111301 7.716281
v -54.459248 22.017239 6.279045
v -55.859505 21.660805 9.138586
v -56.640419 23.235056 8.627154
v -57.599056 24.096437 3.146987
v -57.981434 24.178122 6.002796
v -60.480354 23.212778 5.147920
v -58.525379 20.851400 8.533827
v -55.509441 21.111301 7.716281
v -55.859505 21.660805 9.138586
v -61.735203 21.601398 2.878205
v -63.641708 20.843975 3.378439
v -61.902157 21.386053 4.543161
v -60.081821 23.717726 6.260379
v -62.133736 22.938026 6.006529
v -62.295303 22.321692 7.488563
v -58.525379 20.851400 8.533827
v -58.180702 19.381109 8.657019
v -59.785614 20.027147 9.187116
v -54.453861 19.485069 8.970598
v -51.039391 21.415754 9.022861
v -55.741024 20.405859 10.269711
v -59.828697 20.769718 0.966867
v -60.927361 19.759823 1.650021
v -60.243389 21.096451 2.109190
v -60.248775 23.584064 3.046194
v -61.735203 21.601398 2.878205
v -61.902157 21.386053 4.543161
v -58.600780 22.202881 0.780212
v -59.672516 23.376144 0.586092
v -59.828697 20.769718 0.966867
v -59.080097 23.004858 2.183852
v -60.243389 21.096451 2.109190
v -61.002762 21.371201 0.929536
v -60.927361 19.759823 1.650021
v -61.902157 21.386053 4.543161
v -63.641708 20.843975 3.378439
v -63.016975 22.269712 3.568826
v -61.735203 21.601398 2.878205
v -60.248775 23.584064 3.046194
v -59.990265 23.197927 8.373304
v -62.295303 22.321692 7.488563
v -62.925423 23.435549 7.025661
v -63.749420 21.957832 6.316376
v -58.600780 22.202881 0.780212
v -59.080097 23.004858 2.183852
v -59.828697 20.769718 0.966867
v -60.243389 21.096451 2.109190
v -57.006641 25.737520 8.029860
v -57.981434 24.178122 6.002796
v -57.006641 26.747417 4.845540
v -60.480354 23.212778 5.147920
v -61.002762 25.262276 4.166119
v -59.990265 23.197927 8.373304
v -57.599056 24.096437 3.146987
v -56.640419 23.235056 8.627154
v -51.039391 21.415754 9.022861
v -55.741024 20.405859 10.269711
v -59.785614 20.027147 9.187116
vn 0.1021 0.6753 -0.7304
vn -0.0079 -0.7914 -0.6112
vn -0.2838 -0.4098 -0.8669
vn -0.0078 -0.7914 -0.6112
vn 0.1020 -0.9414 -0.3216
vn -0.1102 -0.1417 -0.9838
vn 0.3995 0.9164 -0.0235
vn 0.0550 0.1258 -0.9905
vn 0.8914 -0.3865 -0.2367
vn -0.0788 -0.9457 0.3153
vn 0.4635 -0.1571 -0.8720
vn 0.7000 -0.5428 -0.4641
vn 0.5976 0.7156 0.3617
vn 0.4244 -0.5345 0.7309
vn 0.7103 -0.6629 -0.2368
vn 0.6921 -0.7078 -0.1415
vn 0.2361 -0.0866 0.9679
vn 0.5206 0.7652 -0.3787
vn 0.4636 -0.1571 -0.8720
vn 0.5976 0.7155 0.3618
vn -0.2198 -0.4394 -0.8710
vn 0.7229 -0.6523 -0.2279
vn -0.0000 -0.6285 0.7778
vn 0.5207 0.7652 -0.3787
vn 0.2206 -0.8350 -0.5041
vn 0.9102 -0.1727 0.3766
vn -0.1260 -0.9919 0.0158
vn -0.3778 -0.2282 0.8973
vn 0.0785 -0.0235 0.9966
vn -0.4319 -0.5890 -0.6831
vn 0.3143 -0.9429 0.1100
vn 0.0235 -0.1885 0.9818
vn -0.0783 0.0627 -0.9950
vn -0.2197 -0.4394 -0.8710
vn -0.5179 -0.4943 -0.6982
vn 0.4004 0.4004 -0.8242
vn -0.4319 -0.5889 -0.6831
vn 0.5264 0.3771 0.7621
vn 0.0236 -0.1886 0.9818
vn 0.9605 0.2440 -0.1339
vn 0.7230 -0.6522 -0.2279
vn 0.8709 0.4864 -0.0706
vn -0.2197 -0.4395 -0.8710
vn -0.0784 0.0627 -0.9950
vn 0.1576 -0.2838 0.9459
vn -0.0787 -0.9458 0.3152
vn 0.7248 0.5357 0.4332
vn 0.8914 -0.3866 -0.2366
vn -0.5178 -0.4943 -0.6983
vn 0.5263 0.3771 0.7621
vn 0.1967 0.7709 0.6058
vn 0.6921 -0.7078 -0.1416
vn 0.4337 0.8988 -0.0631
vn 0.2361 -0.0865 0.9679
vn 0.6371 0.7708 -0.0000
vn 0.1576 -0.2837 0.9459
vn 0.7102 -0.6630 -0.2368
vn 0.4244 -0.5344 0.7309
vn -0.3778 -0.2283 0.8973
vn 0.0785 -0.0236 0.9966
vn 0.9101 -0.1726 0.3767
vn -0.1022 0.6753 -0.7304
vn 0.2838 -0.4098 -0.8669
vn 0.0078 -0.7914 -0.6112
vn 0.0078 -0.7914 -0.6113
vn -0.1020 -0.9414 -0.3216
vn 0.1102 -0.1416 -0.9838
vn -0.0550 0.1257 -0.9905
vn -0.3995 0.9164 -0.0234
vn -0.0549 0.1259 -0.9905
vn 0.0787 -0.9457 0.3153
vn -0.8914 -0.3864 -0.2367
vn -0.4636 -0.1572 -0.8720
vn -0.5976 0.7156 0.3617
vn -0.7000 -0.5428 -0.4641
vn -0.4244 -0.5345 0.7309
vn -0.6921 -0.7078 -0.1416
vn -0.7103 -0.6629 -0.2368
vn -0.2361 -0.0866 0.9679
vn -0.5207 0.7652 -0.3787
vn -0.5976 0.7155 0.3618
vn -0.4636 -0.1570 -0.8720
vn 0.2198 -0.4394 -0.8710
vn 0.0001 -0.6285 0.7778
vn -0.7229 -0.6523 -0.2279
vn 0.1101 -0.1417 -0.9838
vn 0.0788 -0.9457 0.3153
vn -0.0549 0.1258 -0.9905
vn -0.2206 -0.8350 -0.5041
vn -0.5208 0.7651 -0.3787
vn -0.9102 -0.1727 0.3766
vn 0.3778 -0.2281 0.8973
vn 0.1260 -0.9919 0.0158
vn -0.0785 -0.0235 0.9966
vn 0.4320 -0.5889 -0.6831
vn -0.0235 -0.1884 0.9818
vn -0.3142 -0.9430 0.1100
vn 0.0783 0.0627 -0.9950
vn 0.2198 -0.4395 -0.8710
vn 0.5179 -0.4943 -0.6982
vn -0.4004 0.4005 -0.8242
vn 0.4319 -0.5889 -0.6831
vn -0.5264 0.3771 0.7621
vn -0.9605 0.2440 -0.1339
vn -0.0236 -0.1885 0.9818
vn -0.3144 -0.9429 0.1099
vn -0.8709 0.4864 -0.0706
vn -0.7230 -0.6521 -0.2279
vn 0.2197 -0.4394 -0.8710
vn -0.1576 -0.2838 0.9458
vn -0.7248 0.5358 0.4332
vn 0.0788 -0.9457 0.3152
vn -0.8914 -0.3866 -0.2366
vn 0.5178 -0.4943 -0.6983
vn 0.4320 -0.5888 -0.6831
vn -0.0235 -0.1885 0.9818
vn -0.1968 0.7709 0.6058
vn -0.4337 0.8988 -0.0631
vn -0.6371 0.7708 -0.0000
vn -0.1576 -0.2838 0.9459
vn -0.7102 -0.6630 -0.2368
vn -0.4244 -0.5344 0.7309
vn 0.3779 -0.2283 0.8973
vn -0.0785 -0.0237 0.9966
vn -0.9101 -0.1726 0.3768
vt 0.841797 0.576172
vt 0.822266 0.576172
vt 0.822266 0.603516
vt 0.904297 0.431244
vt 0.970703 0.392578
vt 0.970703 0.431244
vt 0.919922 0.521484
vt 0.941406 0.521484
vt 0.923828 0.462891
vt 0.978516 0.494141
vt 0.989990 0.470703
vt 0.989990 0.501953
vt 0.912109 0.361328
vt 0.939453 0.384766
vt 0.912109 0.369141
vt 0.904297 0.369141
vt 0.904297 0.414062
vt 0.904297 0.390625
vt 0.861328 0.388672
vt 0.970703 0.501953
vt 0.966797 0.541016
vt 0.986328 0.583984
vt 0.822266 0.388672
vt 0.822266 0.369141
vt 0.876953 0.357422
vt 0.884766 0.345703
vt 0.841797 0.341797
vt 0.931641 0.349609
vt 0.970703 0.326172
vt 0.931641 0.322266
vt 0.861328 0.416016
vt 0.822266 0.416016
vt 0.822266 0.517578
vt 0.843750 0.517578
vt 0.826172 0.470703
vt 0.865234 0.517578
vt 0.861328 0.470703
vt 0.843750 0.482422
vt 0.845703 0.443359
vt 0.912109 0.466797
vt 0.892578 0.439453
vt 0.892578 0.478516
vt 0.873047 0.466797
vt 0.869141 0.505859
vt 0.966797 0.521484
vt 0.958984 0.462891
vt 0.941406 0.478516
vt 0.939453 0.443359
vt 0.861328 0.431244
vt 0.822266 0.431244
vt 0.943359 0.572266
vt 0.917969 0.556641
vt 0.892578 0.572266
vt 0.916016 0.505859
vt 0.892578 0.517578
vt 0.861328 0.369141
vt 0.867188 0.556641
vt 0.966797 0.580078
vt 0.989990 0.619141
vt 0.989990 0.568359
vt 0.989990 0.486328
s 1
usemtl npc01_03
f 2060/1205/1792 2061/1206/1793 2062/1207/1794
f 2063/1208/1795 2064/1209/1796 2065/1210/1794
f 2066/1211/1797 2067/1212/1798 2068/1213/1799
f 2069/1214/1799 2070/1215/1800 2071/1216/1801
f 2072/1217/1802 2073/1218/1803 2074/1219/1804
f 2074/1219/1804 2073/1218/1803 2075/1220/1805
f 2064/1209/1796 2076/1221/1806 2077/1222/1807
f 2077/1222/1807 2076/1221/1806 2078/1223/1808
f 2079/1224/1809 2080/1225/1810 2081/1226/1811
f 2082/1214/1812 2083/1215/1813 2084/1216/1814
f 2085/1223/1797 2086/1227/1799 2087/1228/1801
f 2072/1217/1802 2088/1229/1815 2089/1230/1816
f 2089/1230/1816 2088/1229/1815 2090/1231/1817
f 2064/1209/1796 2091/1232/1818 2092/1233/1819
f 2092/1233/1819 2091/1232/1818 2093/1234/1820
f 2094/1214/1821 2095/1215/1822 2096/1216/1823
f 2076/1221/1806 2097/1235/1824 2078/1223/1808
f 2078/1223/1808 2097/1235/1824 2098/1236/1825
f 2078/1223/1808 2098/1236/1825 2099/1227/1814
f 2061/1206/1793 2060/1205/1792 2100/1237/1826
f 2100/1237/1826 2060/1205/1792 2101/1238/1827
f 2100/1237/1826 2101/1238/1827 2102/1239/1828
f 2103/1240/1829 2104/1241/1830 2105/1242/1831
f 2105/1242/1831 2104/1241/1830 2106/1243/1822
f 2107/1244/1814 2108/1245/1832 2109/1246/1833
f 2109/1246/1833 2108/1245/1832 2110/1247/1834
f 2109/1246/1833 2110/1247/1834 2111/1248/1835
f 2112/1249/1836 2113/1250/1837 2114/1251/1838
f 2114/1251/1838 2113/1250/1837 2115/1252/1839
f 2064/1209/1796 2063/1208/1795 2076/1221/1806
f 2076/1221/1806 2063/1208/1795 2116/1253/1840
f 2076/1221/1806 2116/1253/1840 2117/1235/1841
f 2117/1235/1841 2116/1253/1840 2118/1254/1828
f 2117/1235/1841 2118/1254/1828 2119/1236/1823
f 2067/1212/1798 2066/1211/1797 2120/1255/1842
f 2120/1255/1842 2066/1211/1797 2121/1256/1843
f 2120/1255/1842 2121/1256/1843 2122/1257/1844
f 2122/1257/1844 2121/1256/1843 2123/1258/1845
f 2122/1257/1844 2123/1258/1845 2124/1259/1846
f 2090/1231/1817 2093/1234/1820 2089/1230/1816
f 2089/1230/1816 2093/1234/1820 2091/1232/1818
f 2089/1230/1816 2091/1232/1818 2072/1217/1802
f 2072/1217/1802 2091/1232/1818 2064/1209/1796
f 2072/1217/1802 2064/1209/1796 2073/1218/1803
f 2073/1218/1803 2064/1209/1796 2077/1222/1807
f 2073/1218/1803 2077/1222/1807 2075/1220/1805
f 2075/1220/1805 2077/1222/1807 2085/1223/1797
f 2075/1220/1805 2085/1223/1797 2125/1260/1847
f 2125/1260/1847 2085/1223/1797 2087/1228/1801
f 2106/1243/1822 2102/1239/1828 2105/1242/1831
f 2105/1242/1831 2102/1239/1828 2101/1238/1827
f 2105/1242/1831 2101/1238/1827 2103/1240/1829
f 2103/1240/1829 2101/1238/1827 2060/1205/1792
f 2103/1240/1829 2060/1205/1792 2126/1261/1848
f 2126/1261/1848 2060/1205/1792 2122/1257/1844
f 2126/1261/1848 2122/1257/1844 2111/1248/1835
f 2111/1248/1835 2122/1257/1844 2124/1259/1846
f 2111/1248/1835 2124/1259/1846 2109/1246/1833
f 2109/1246/1833 2124/1259/1846 2123/1258/1845
f 2109/1246/1833 2123/1258/1845 2107/1244/1814
f 2115/1252/1839 2068/1213/1799 2114/1251/1838
f 2114/1251/1838 2068/1213/1799 2067/1212/1798
f 2114/1251/1838 2067/1212/1798 2112/1249/1836
f 2112/1249/1836 2067/1212/1798 2120/1255/1842
f 2112/1249/1836 2120/1255/1842 2127/1262/1849
f 2127/1262/1849 2120/1255/1842 2128/1263/1850
f 2127/1262/1849 2128/1263/1850 2081/1226/1811
f 2081/1226/1811 2128/1263/1850 2129/1264/1851
f 2081/1226/1811 2129/1264/1851 2079/1224/1809
f 2079/1224/1809 2129/1264/1851 2130/1265/1852
f 2131/1205/1853 2133/1207/1854 2132/1206/1855
f 2134/1208/1856 2136/1210/1854 2135/1209/1857
f 2137/1211/1858 2139/1213/1859 2138/1212/1860
f 2140/1214/1861 2142/1216/1862 2141/1215/1863
f 2143/1217/1864 2145/1219/1865 2144/1218/1866
f 2145/1219/1865 2146/1220/1867 2144/1218/1866
f 2135/1209/1857 2148/1222/1868 2147/1221/1869
f 2148/1222/1868 2149/1223/1870 2147/1221/1869
f 2150/1224/1871 2152/1226/1872 2151/1225/1873
f 2153/1214/1874 2155/1216/1875 2154/1215/1876
f 2156/1223/1877 2158/1228/1878 2157/1227/1879
f 2143/1217/1864 2160/1230/1880 2159/1229/1881
f 2160/1230/1880 2161/1231/1882 2159/1229/1881
f 2135/1209/1857 2163/1233/1883 2162/1232/1884
f 2163/1233/1883 2164/1234/1885 2162/1232/1884
f 2165/1214/1886 2167/1216/1887 2166/1215/1888
f 2147/1221/1869 2149/1223/1870 2168/1235/1889
f 2149/1223/1870 2169/1236/1890 2168/1235/1889
f 2149/1223/1870 2170/1227/1875 2169/1236/1890
f 2132/1206/1855 2171/1237/1891 2131/1205/1853
f 2171/1237/1891 2172/1238/1892 2131/1205/1853
f 2171/1237/1891 2173/1239/1893 2172/1238/1892
f 2174/1240/1894 2176/1242/1895 2175/1241/1896
f 2176/1242/1895 2177/1243/1897 2175/1241/1896
f 2178/1244/1814 2180/1246/1898 2179/1245/1899
f 2180/1246/1898 2181/1247/1900 2179/1245/1899
f 2180/1246/1898 2182/1248/1889 2181/1247/1900
f 2183/1249/1901 2185/1251/1902 2184/1250/1903
f 2185/1251/1902 2186/1252/1904 2184/1250/1903
f 2135/1209/1857 2147/1221/1869 2134/1208/1856
f 2147/1221/1869 2187/1253/1905 2134/1208/1856
f 2147/1221/1869 2188/1235/1894 2187/1253/1905
f 2188/1235/1894 2189/1254/1906 2187/1253/1905
f 2188/1235/1894 2190/1236/1907 2189/1254/1906
f 2138/1212/1860 2191/1255/1908 2137/1211/1858
f 2191/1255/1908 2192/1256/1868 2137/1211/1858
f 2191/1255/1908 2193/1257/1909 2192/1256/1868
f 2193/1257/1909 2194/1258/1870 2192/1256/1868
f 2193/1257/1909 2195/1259/1910 2194/1258/1870
f 2161/1231/1882 2160/1230/1880 2164/1234/1885
f 2160/1230/1880 2162/1232/1884 2164/1234/1885
f 2160/1230/1880 2143/1217/1864 2162/1232/1884
f 2143/1217/1864 2135/1209/1857 2162/1232/1884
f 2143/1217/1864 2144/1218/1866 2135/1209/1857
f 2144/1218/1866 2148/1222/1868 2135/1209/1857
f 2144/1218/1866 2146/1220/1867 2148/1222/1868
f 2146/1220/1867 2156/1223/1877 2148/1222/1868
f 2146/1220/1867 2196/1260/1911 2156/1223/1877
f 2196/1260/1911 2158/1228/1878 2156/1223/1877
f 2177/1243/1897 2176/1242/1895 2173/1239/1893
f 2176/1242/1895 2172/1238/1892 2173/1239/1893
f 2176/1242/1895 2174/1240/1894 2172/1238/1892
f 2174/1240/1894 2131/1205/1853 2172/1238/1892
f 2174/1240/1894 2197/1261/1912 2131/1205/1853
f 2197/1261/1912 2193/1257/1909 2131/1205/1853
f 2197/1261/1912 2182/1248/1889 2193/1257/1909
f 2182/1248/1889 2195/1259/1910 2193/1257/1909
f 2182/1248/1889 2180/1246/1898 2195/1259/1910
f 2180/1246/1898 2194/1258/1870 2195/1259/1910
f 2180/1246/1898 2178/1244/1814 2194/1258/1870
f 2186/1252/1904 2185/1251/1902 2139/1213/1859
f 2185/1251/1902 2138/1212/1860 2139/1213/1859
f 2185/1251/1902 2183/1249/1901 2138/1212/1860
f 2183/1249/1901 2191/1255/1908 2138/1212/1860
f 2183/1249/1901 2198/1262/1913 2191/1255/1908
f 2198/1262/1913 2199/1263/1914 2191/1255/1908
f 2198/1262/1913 2152/1226/1872 2199/1263/1914
f 2152/1226/1872 2200/1264/1915 2199/1263/1914
f 2152/1226/1872 2150/1224/1871 2200/1264/1915
f 2150/1224/1871 2201/1265/1916 2200/1264/1915
o npc_01-0001-101.001
v 28.559870 23.754854 -2.717687
v 21.779390 19.967743 3.441902
v 21.752462 23.554361 -3.594961
v 22.824198 28.782063 3.692018
vn 0.0629 -0.0314 -0.9975
vn -0.0000 -0.9956 -0.0941
vn 0.1257 -0.0707 -0.9896
vn -0.0470 0.9937 -0.1017
vt 0.535156 0.738281
vt 0.555573 0.680664
vt 0.555573 0.777344
vt 0.555573 0.816406
s 1
usemtl npc01_03
f 2202/1266/1917 2203/1267/1918 2204/1268/1919
f 2202/1266/1917 2204/1268/1919 2205/1269/1920
