mtllib village_chief.mtl
o npc_01-0001-13
v -57.507504 15.304395 13.946799
v -63.275486 21.185560 17.254311
v -63.264713 21.185560 13.928132
v -57.577515 17.301912 19.225378
v -54.006859 20.977640 19.236578
v -61.342052 21.141006 19.214178
v -57.771397 24.824160 19.221645
v -57.421333 19.299425 -37.028454
v -59.193195 21.111300 -37.032188
v -55.741024 21.037043 -37.020988
v -57.512886 22.841490 -37.028454
v -46.364681 23.702875 5.532428
v -48.061150 23.784557 2.702750
v -48.061150 25.744946 5.663086
v -49.736073 23.591490 9.239380
v -47.845722 21.749912 5.334575
v -48.061150 23.606340 8.362105
v -56.473465 22.418226 8.929534
v -55.951061 21.296944 7.361639
v -58.606167 21.051895 7.768546
v -60.857349 22.121199 7.130187
v -59.414005 21.527142 7.294444
v -58.686951 22.886047 8.496496
v -49.736073 26.480091 5.719082
v -49.736073 23.829111 1.810543
v -55.627926 25.485046 0.653288
v -52.132668 23.049412 1.179652
v -51.184799 21.564270 9.493229
v -56.909698 25.537025 8.055992
v -50.990917 20.940510 5.073258
v -55.444813 22.128624 6.626221
v -57.669071 24.066734 4.528228
v -56.473465 22.418226 8.929534
v -58.606167 21.051895 7.768546
v -55.687168 20.643480 10.377970
v -58.746189 20.301899 9.231914
v -58.385357 19.700417 7.891737
v -63.275486 21.185560 17.254311
v -61.342052 21.141006 19.214178
v -57.518272 15.311821 17.272976
v -57.577515 17.301912 19.225378
v -52.057266 20.933086 17.291641
v -57.814480 26.814251 17.272976
v -58.686951 22.886047 8.496496
v -58.638477 23.368717 4.233315
v -59.414005 21.527142 7.294444
v -59.026241 22.054367 3.979465
v -47.845722 21.749912 5.334575
v -49.736073 23.591490 9.239380
v -49.245983 21.074173 5.222582
v -51.184799 21.564270 9.493229
v -54.437706 19.796949 9.067658
v -58.385357 19.700417 7.891737
v -58.746189 20.301899 9.231914
v -54.437706 19.796949 9.067658
v -60.674236 24.668219 7.630421
v -56.236500 23.175650 0.384506
v -58.347656 22.403376 0.705551
v -59.731758 23.814260 0.474100
v -58.886215 20.962788 0.866073
v -60.291859 21.564270 0.895938
v -58.886215 20.962788 0.866073
v -59.785614 20.784571 4.181052
v -61.110474 21.207836 4.285579
v -60.781952 25.098909 4.136254
v -56.909698 26.457813 4.800743
v -57.518272 15.311821 17.272976
v -52.046497 20.933086 13.961730
v -52.057266 20.933086 17.291641
v -57.803711 26.806826 13.943065
v -57.814480 26.814251 17.272976
v -63.264713 21.185560 13.928132
v -63.275486 21.185560 17.254311
v -52.046497 20.933086 13.961730
v -57.722927 24.044458 12.050391
v -57.803711 26.806826 13.943065
v -60.566525 21.118727 12.039192
v -63.264713 21.185560 13.928132
v -57.572128 18.066759 12.050392
v -57.507504 15.304395 13.946799
v -54.728531 20.992491 12.057858
v -57.572128 18.066759 12.050392
v -55.741024 21.037043 -37.020988
v -54.728531 20.992491 12.057858
v -57.512886 22.841490 -37.028454
v -57.722927 24.044458 12.050391
v -59.193195 21.111300 -37.032188
v -60.566525 21.118727 12.039192
v -57.421333 19.299425 -37.028454
v -59.785614 20.784571 4.181052
v -58.886215 20.962788 0.866073
v -58.347656 22.403376 0.705551
v -56.236500 23.175650 0.384506
v -52.132668 23.049412 1.179652
v -49.736073 23.829111 1.810543
vn -0.0000 -0.8589 -0.5122
vn -0.9167 0.0001 0.3996
vn -0.8609 -0.0000 -0.5087
vn -0.0000 -0.4628 0.8864
vn 0.4722 -0.0000 0.8815
vn -0.4783 -0.0001 0.8782
vn -0.0000 0.4629 0.8864
vn -0.0001 -0.8019 -0.5975
vn -0.8084 0.0001 -0.5886
vn 0.8148 -0.0000 -0.5798
vn -0.0000 0.8019 -0.5975
vn 0.9997 0.0236 -0.0000
vn 0.7141 0.0471 -0.6985
vn 0.5325 0.8458 0.0313
vn 0.4240 0.0707 0.9029
vn 0.5506 -0.8338 -0.0393
vn 0.7147 -0.0236 0.6990
vn -0.7802 0.2049 0.5911
vn -0.3609 -0.2354 -0.9024
vn -0.7672 0.6028 -0.2191
vn -0.7845 -0.3531 0.5099
vn 0.5797 -0.7521 0.3134
vn 0.0628 -0.5963 0.8003
vn 0.2126 0.9763 0.0394
vn 0.4558 0.0629 -0.8879
vn -0.0000 0.5746 -0.8185
vn 0.2202 -0.5191 -0.8258
vn 0.2981 -0.4080 0.8630
vn -0.1026 0.5842 0.8051
vn -0.1017 -0.9390 -0.3286
vn -0.6456 -0.5669 -0.5118
vn -0.0000 -0.9989 -0.0472
vn -0.7802 0.2049 0.5910
vn -0.7672 0.6028 -0.2192
vn -0.1961 -0.1726 0.9653
vn -0.8843 -0.1501 0.4421
vn -0.3296 -0.8787 -0.3453
vn -0.9167 -0.0000 0.3996
vn -0.4784 -0.0000 0.8782
vn -0.0000 -0.9096 0.4156
vn -0.0000 -0.4629 0.8864
vn 0.9125 -0.0000 0.4091
vn -0.0000 0.9095 0.4156
vn 0.8466 -0.5252 0.0862
vn 0.5798 -0.7521 0.3134
vn 0.9099 -0.4000 0.1098
vn 0.4087 -0.9039 -0.1258
vn 0.2980 -0.4079 0.8630
vn 0.1414 -0.9898 0.0157
vn -0.3296 -0.8788 -0.3452
vn -0.8843 -0.1500 0.4422
vn -0.5979 0.5427 0.5899
vn -0.0001 -0.7598 -0.6502
vn 0.4933 -0.5952 -0.6343
vn -0.4876 0.1652 -0.8573
vn 0.6306 -0.6384 -0.4414
vn -0.5968 -0.6125 -0.5183
vn 0.6305 -0.6385 -0.4414
vn 0.1731 -0.9838 0.0472
vn -0.9217 -0.3782 -0.0867
vn -0.7938 0.5895 -0.1493
vn -0.1809 0.9832 0.0236
vn -0.0000 -0.9096 0.4155
vn 0.8643 -0.0000 -0.5029
vn -0.0000 0.8589 -0.5122
vn -0.0000 0.9096 0.4156
vn -0.8609 -0.0000 -0.5088
vn -0.9167 -0.0000 0.3997
vn -0.0000 0.8519 -0.5237
vn -0.8554 -0.0000 -0.5180
vn -0.0000 -0.8519 -0.5237
vn 0.8609 -0.0000 -0.5087
vn -0.8084 -0.0000 -0.5887
vn -0.8554 -0.0000 -0.5179
vn -0.0000 -0.8019 -0.5975
vn -0.0000 -0.7598 -0.6502
vn 0.4557 0.0629 -0.8879
vt 0.989990 0.074249
vt 0.976868 0.027374
vt 0.976868 0.074249
vt 0.976868 0.008392
vt 0.989990 0.008392
vt 0.976868 0.089874
vt 0.989990 0.089874
vt 0.941803 0.957062
vt 0.949768 0.957062
vt 0.941803 0.988312
vt 0.949768 0.988312
vt 0.652832 0.720093
vt 0.619720 0.748474
vt 0.652832 0.747009
vt 0.756256 0.776428
vt 0.708801 0.748474
vt 0.805817 0.891693
vt 0.784607 0.872345
vt 0.800598 0.982910
vt 0.696014 0.972198
vt 0.713257 0.989990
vt 0.713257 0.929779
vt 0.652832 0.776428
vt 0.574371 0.776428
vt 0.595856 0.878876
vt 0.574371 0.828766
vt 0.756256 0.805389
vt 0.696014 0.878876
vt 0.860199 0.822662
vt 0.841217 0.866882
vt 0.873505 0.909271
vt 0.713257 0.878876
vt 0.738953 0.918762
vt 0.738037 0.989990
vt 0.756256 0.989990
vt 0.806335 0.944977
vt 0.872375 0.945221
vt 0.806213 0.989990
vt 0.872375 0.970032
vt 0.891571 0.744812
vt 0.761292 0.776428
vt 0.853912 0.768250
vt 0.761292 0.825562
vt 0.761292 0.861420
vt 0.761292 0.982910
vt 0.785217 0.989990
vt 0.756256 0.859741
vt 0.696014 0.932129
vt 0.574371 0.864349
vt 0.574371 0.922455
vt 0.595276 0.939819
vt 0.574371 0.989990
vt 0.595093 0.972198
vt 0.575073 0.989990
vt 0.651306 0.989990
vt 0.651581 0.972198
vt 0.651581 0.937256
vt 0.651581 0.878876
vt 0.989990 0.027374
vt 0.945374 0.074249
vt 0.945374 0.027374
vt 0.963196 0.008392
vt 0.945374 0.089874
vt 0.963196 0.089874
vt 0.945374 0.008392
vt 0.989990 0.093781
vt 0.946106 0.976593
vt 0.946106 0.093781
vt 0.989990 0.976593
vt 0.872375 0.989990
vt 0.933380 0.989990
vt 0.933380 0.957062
vt 0.933380 0.885254
vt 0.933380 0.841644
vt 0.933380 0.776428
s 1
usemtl npc01_07
f 1/1/1 2/2/2 3/3/3
f 4/4/4 5/5/5 6/6/6
f 6/6/6 5/5/5 7/7/7
f 8/8/8 9/9/9 10/10/10
f 10/10/10 9/9/9 11/11/11
f 12/12/12 13/13/13 14/14/14
f 15/15/15 16/14/16 17/16/17
f 18/17/18 19/18/19 20/19/20
f 21/20/21 22/21/22 23/22/23
f 24/23/24 25/24/25 26/25/26
f 26/25/26 25/24/25 27/26/27
f 28/27/28 15/15/15 29/28/29
f 30/29/30 31/30/31 32/31/32
f 33/32/33 34/21/34 35/33/35
f 35/33/35 34/21/34 36/34/36
f 35/33/35 36/34/36 37/35/37
f 7/7/7 38/4/38 39/5/39
f 39/5/39 38/4/38 40/6/40
f 39/5/39 40/6/40 41/7/41
f 41/7/41 40/6/40 42/4/42
f 41/7/41 42/4/42 5/5/5
f 5/5/5 42/4/42 43/6/43
f 5/5/5 43/6/43 7/7/7
f 7/7/7 43/6/43 38/4/38
f 30/29/30 19/18/19 31/30/31
f 31/30/31 19/18/19 18/17/18
f 31/30/31 18/17/18 32/31/32
f 32/31/32 18/17/18 44/36/23
f 32/31/32 44/36/23 45/37/44
f 45/37/44 44/36/23 46/38/45
f 45/37/44 46/38/45 47/39/46
f 48/40/16 49/41/15 50/42/47
f 50/42/47 49/41/15 51/43/48
f 50/42/47 51/43/48 30/29/30
f 30/29/30 51/43/48 52/44/49
f 30/29/30 52/44/49 19/18/19
f 19/18/19 52/44/49 53/45/50
f 19/18/19 53/45/50 20/19/20
f 20/19/20 53/45/50 54/46/51
f 37/35/37 55/47/49 35/33/35
f 35/33/35 55/47/49 28/27/28
f 35/33/35 28/27/28 33/32/33
f 33/32/33 28/27/28 29/28/29
f 33/32/33 29/28/29 23/22/23
f 23/22/23 29/28/29 56/48/52
f 23/22/23 56/48/52 21/20/21
f 27/26/27 57/49/53 26/25/26
f 26/25/26 57/49/53 58/50/54
f 26/25/26 58/50/54 59/51/55
f 59/51/55 58/50/54 60/52/56
f 59/51/55 60/52/56 61/53/57
f 62/54/58 63/55/59 61/53/57
f 61/53/57 63/55/59 64/56/60
f 61/53/57 64/56/60 59/51/55
f 59/51/55 64/56/60 65/57/61
f 59/51/55 65/57/61 26/25/26
f 26/25/26 65/57/61 66/58/62
f 26/25/26 66/58/62 24/23/24
f 2/2/2 1/1/1 67/59/63
f 67/59/63 1/1/1 68/60/64
f 67/59/63 68/60/64 69/61/42
f 69/61/42 68/60/64 70/1/65
f 69/61/42 70/1/65 71/59/66
f 71/59/66 70/1/65 72/60/67
f 71/59/66 72/60/67 73/61/68
f 74/62/64 75/63/69 76/64/65
f 76/64/65 75/63/69 77/65/70
f 76/64/65 77/65/70 78/62/3
f 78/62/3 77/65/70 79/63/71
f 78/62/3 79/63/71 80/64/1
f 80/64/1 79/63/71 81/65/72
f 80/64/1 81/65/72 74/62/64
f 74/62/64 81/65/72 75/63/69
f 82/66/71 83/67/10 84/68/72
f 84/68/72 83/67/10 85/69/11
f 84/68/72 85/69/11 86/66/69
f 86/66/69 85/69/11 87/67/73
f 86/66/69 87/67/73 88/68/74
f 88/68/74 87/67/73 89/69/75
f 88/68/74 89/69/75 82/66/71
f 82/66/71 89/69/75 83/67/10
f 46/38/45 90/70/59 47/39/46
f 47/39/46 90/70/59 91/71/58
f 47/39/46 91/71/58 45/37/44
f 45/37/44 91/71/58 92/72/54
f 45/37/44 92/72/54 32/31/32
f 32/31/32 92/72/54 93/73/76
f 32/31/32 93/73/76 30/29/30
f 30/29/30 93/73/76 94/74/27
f 30/29/30 94/74/27 50/42/47
f 50/42/47 94/74/27 95/75/77
f 50/42/47 95/75/77 48/40/16
f 63/55/59 22/21/22 64/56/60
f 64/56/60 22/21/22 21/20/21
f 64/56/60 21/20/21 65/57/61
f 65/57/61 21/20/21 56/48/52
f 65/57/61 56/48/52 66/58/62
f 66/58/62 56/48/52 29/28/29
f 66/58/62 29/28/29 24/23/24
f 24/23/24 29/28/29 15/15/15
f 24/23/24 15/15/15 14/14/14
f 14/14/14 15/15/15 17/16/17
f 14/14/14 17/16/17 12/12/12
f 12/12/12 17/16/17 16/14/16
f 12/12/12 16/14/16 13/13/13
f 13/13/13 16/14/16 25/24/25
f 13/13/13 25/24/25 14/14/14
f 14/14/14 25/24/25 24/23/24
o npc_01-0001-15
v -3.554500 34.700359 28.214643
v -3.554500 29.829090 26.497423
v -2.127314 32.012253 25.534288
v 2.127314 32.012253 25.534288
v 3.554500 34.700359 28.214643
v 2.757430 34.551846 26.542221
v -2.127314 32.012253 25.534288
v -2.757430 34.551846 26.542221
v -3.554500 34.700359 28.214643
v -3.554500 29.829090 26.497423
v -4.943986 31.433044 26.545954
v -6.629681 34.722633 23.720011
v -7.658332 31.158293 21.554823
v 2.127314 32.012253 25.534288
v 3.554500 29.829090 26.497423
v 3.554500 34.700359 28.214643
v 4.943986 31.433044 26.545954
v 6.629681 34.722633 23.720011
v 7.658332 31.158293 21.554823
v -3.209821 24.111290 25.713476
v -3.554500 29.829090 26.497423
v -4.943986 31.433044 26.545954
v 2.127314 32.012253 25.534288
v 0.000000 31.967695 25.832935
v 3.554500 29.829090 26.497423
v 0.000000 29.301865 27.415764
v -7.658332 31.158293 21.554823
v -4.777033 22.507338 22.140917
v 0.000000 14.918259 24.078386
v 7.658332 31.158293 21.554823
v 4.943986 31.433044 26.545954
v 3.209821 24.111290 25.713476
v 0.000000 24.883564 27.124582
v -2.127314 32.012253 25.534288
v 4.777033 22.507338 22.140917
v 1.265617 35.918175 27.553886
v 2.757430 34.551846 26.542221
v 3.554500 34.700359 28.214643
v -1.265617 35.918175 27.553886
v -3.554500 34.700359 28.214643
v -2.757430 34.551846 26.542221
v 6.629681 34.722633 23.720011
v 4.206158 35.584019 26.079319
v 2.127314 35.947880 27.251507
v -2.127314 35.947880 27.251507
v -4.206158 35.584019 26.079319
v -6.629681 34.722633 23.720011
vn -0.0469 0.2034 0.9780
vn -0.0940 0.0079 0.9955
vn 0.6194 0.1176 0.7762
vn -0.6194 0.1176 0.7762
vn 0.0469 0.2033 0.9780
vn -0.8058 -0.4187 0.4187
vn 0.8058 -0.4187 0.4187
vn -0.0469 0.2035 0.9780
vn -0.0941 0.0078 0.9955
vn -0.6544 -0.1498 0.7411
vn -0.8259 0.2202 0.5191
vn -0.8582 -0.1811 0.4803
vn 0.0941 0.0078 0.9955
vn 0.0469 0.2034 0.9780
vn 0.6544 -0.1498 0.7412
vn 0.8259 0.2202 0.5191
vn 0.8582 -0.1811 0.4803
vn -0.5919 -0.2525 0.7655
vn -0.6195 0.1176 0.7762
vn -0.0000 0.4876 0.8730
vn 0.0941 0.0079 0.9955
vn -0.0000 0.2351 0.9720
vn -0.8144 -0.3054 0.4934
vn -0.0000 -0.4091 0.9125
vn 0.6544 -0.1498 0.7411
vn 0.5919 -0.2525 0.7655
vn -0.0000 -0.1720 0.9851
vn 0.8144 -0.3054 0.4934
vn -0.3063 -0.0550 0.9504
vn 0.0470 0.2035 0.9780
vn 0.3063 -0.0550 0.9504
vn -0.0470 0.2035 0.9780
vn 0.8058 -0.4187 0.4188
vn 0.8259 0.2203 0.5191
vn 0.5275 0.7164 0.4566
vn 0.2978 0.7758 0.5564
vn -0.2978 0.7758 0.5564
vn -0.5275 0.7164 0.4566
vn -0.8258 0.2202 0.5191
vt 0.375092 0.448364
vt 0.374908 0.402985
vt 0.389771 0.420044
vt 0.389801 0.420044
vt 0.375122 0.448364
vt 0.393463 0.436066
vt 0.393433 0.436066
vt 0.361572 0.402985
vt 0.358002 0.444550
vt 0.335419 0.402985
vt 0.374939 0.402985
vt 0.361603 0.402985
vt 0.358032 0.444550
vt 0.335449 0.402985
vt 0.378235 0.458038
vt 0.399567 0.419556
vt 0.398438 0.402985
vt 0.363159 0.468719
vt 0.398438 0.519257
vt 0.378265 0.458038
vt 0.398438 0.452759
vt 0.363190 0.468719
vt 0.395264 0.452057
vt 0.395233 0.452057
vt 0.368866 0.450165
vt 0.388824 0.452393
vt 0.388794 0.452393
vt 0.368835 0.450165
s 1
usemtl npc01_06
f 96/76/78 97/77/79 98/78/80
f 99/79/81 100/80/82 101/81/83
f 102/78/80 103/82/84 104/76/85
f 105/77/86 104/76/78 106/83/87
f 106/83/87 104/76/78 107/84/88
f 106/83/87 107/84/88 108/85/89
f 109/79/81 110/86/90 111/80/91
f 111/80/91 110/86/90 112/87/92
f 111/80/91 112/87/92 113/88/93
f 113/88/93 112/87/92 114/89/94
f 115/90/95 116/77/86 117/83/87
f 118/79/96 119/91/97 120/86/98
f 120/86/98 119/91/97 121/92/99
f 117/83/87 122/85/89 115/90/95
f 115/90/95 122/85/89 123/93/100
f 115/90/95 123/93/100 124/94/101
f 125/89/94 126/87/102 127/95/103
f 127/95/103 126/87/102 120/86/98
f 127/95/103 120/86/98 128/96/104
f 128/96/104 120/86/98 121/92/99
f 128/96/104 121/92/99 116/77/86
f 116/77/86 121/92/99 119/91/97
f 116/77/86 119/91/97 129/78/80
f 116/77/86 115/90/95 128/96/104
f 128/96/104 115/90/95 124/94/101
f 128/96/104 124/94/101 127/95/103
f 127/95/103 124/94/101 130/97/105
f 127/95/103 130/97/105 125/89/94
f 131/98/106 132/81/83 133/80/107
f 134/99/108 135/76/109 136/82/110
f 137/88/111 138/100/112 133/80/107
f 133/80/107 138/100/112 139/101/113
f 133/80/107 139/101/113 131/98/106
f 134/99/108 140/102/114 135/76/109
f 135/76/109 140/102/114 141/103/115
f 135/76/109 141/103/115 142/84/116
o npc_01-0001-16
v -4.615464 29.353842 12.446098
v -3.963806 24.846436 9.231914
v 0.000000 22.514761 10.478763
v 7.749887 33.950359 5.666819
v 5.536403 32.361256 7.417634
v 0.000000 32.799374 4.050394
v 7.749887 33.950359 5.666819
v 4.006891 37.685493 -0.671958
v 10.254194 36.512230 5.330840
v -5.148639 30.037008 5.644420
v -6.457342 27.430582 4.001863
v -3.963806 24.846436 9.231914
v -4.615464 29.353842 12.446098
v -5.832611 30.616217 13.592155
v -5.536403 32.361256 7.417634
v -5.148639 30.037008 5.644420
v 0.000000 32.799374 4.050394
v -4.006891 37.685493 -0.671958
v -7.749887 33.950359 5.666819
v -10.254194 36.512230 5.330840
v -9.484052 35.687977 14.506759
v -10.970480 39.720139 12.158650
v 4.066133 29.116222 17.444696
v 5.832611 30.616217 13.592155
v 9.974142 31.648390 14.476895
v 5.536403 32.361256 7.417634
v 7.749887 33.950359 5.666819
v 9.484052 35.687977 14.506759
v 10.970480 39.720139 12.158650
v 4.006891 37.685493 -0.671958
v 7.749887 33.950359 5.666819
v 0.000000 35.465202 0.671952
v 0.000000 32.799374 4.050394
v -7.749887 33.950359 5.666819
v -5.536403 32.361256 7.417634
v -9.484052 35.687977 14.506759
v -6.457342 27.430582 4.001863
v -5.148639 30.037008 5.644420
v 0.000000 31.343933 3.542694
v 5.148639 30.037008 5.644420
v 5.536403 32.361256 7.417634
v 4.615464 29.353842 12.446098
v 9.484052 35.687977 14.506759
v 5.536403 32.361256 7.417634
v 4.615464 29.353842 12.446098
v 0.000000 26.636034 14.058790
v 0.000000 27.861277 18.519825
v -4.066133 29.116222 17.444696
v -9.484052 35.687977 14.506759
v -5.536403 32.361256 7.417634
v -9.974142 31.648390 14.476895
v -5.832611 30.616217 13.592155
v -4.615464 29.353842 12.446098
v 0.000000 26.636034 14.058790
v 0.000000 22.514761 10.478763
v 4.615464 29.353842 12.446098
v 3.963806 24.846436 9.231914
v 5.148639 30.037008 5.644420
v 6.457342 27.430582 4.001863
v 0.000000 31.343933 3.542694
v -7.749887 33.950359 5.666819
v -4.006891 37.685493 -0.671958
v 0.000000 35.465202 0.671952
v -8.073023 24.972672 -11.538963
v -3.328305 13.871230 -18.725149
v 0.016157 11.019757 -18.295841
v -0.102327 19.759821 -22.267845
v 8.073023 24.972672 -11.538963
v 3.333690 13.871230 -18.725149
v 0.000000 22.485058 -10.374241
v 0.016157 11.019757 -18.295841
v -8.073023 24.972672 -11.538963
v -5.708742 34.804317 -3.587496
v -4.006891 37.685493 -0.671958
v 0.000000 38.376083 -6.424640
v 0.000000 39.074100 -1.971071
v 4.006891 37.685493 -0.671958
v -0.102327 19.759821 -22.267845
v 0.000000 29.123644 -17.698551
v 8.073023 24.972672 -11.538963
v 5.708742 34.804317 -3.587496
v 0.000000 22.485058 -10.374241
v 0.000000 32.502346 -2.635559
v -5.708742 34.804317 -3.587496
v 0.000000 38.376083 -6.424640
v 0.000000 35.465202 0.671952
v -5.708742 34.804317 -3.587496
v -10.485775 41.851318 15.077921
v -8.164579 41.598843 23.518423
v -9.995685 43.663193 18.796072
v 10.356520 38.769646 14.570222
v 13.264748 43.343884 13.009793
v 10.485775 41.851318 15.077921
v -1.922661 32.658287 25.511890
v -1.728780 33.363728 25.179646
v -3.484487 33.452835 24.474092
v 0.000000 27.861277 18.519825
v 0.000000 27.705336 23.832003
v -3.506030 27.957809 22.208111
v -10.485775 41.851318 15.077921
v -9.941829 41.413200 19.856268
v -13.232434 43.633488 13.420432
v -2.563548 30.980076 24.597284
v -10.485775 41.851318 15.077921
v -13.232434 43.633488 13.420432
v -11.767549 41.747356 12.979928
v -8.164579 41.598843 23.518423
v -10.485775 41.851318 15.077921
v -8.083795 40.210236 22.663546
v -8.266905 38.806774 22.331301
v -6.888190 39.289448 23.432562
v 0.000000 27.861277 18.519825
v -4.066133 29.116222 17.444696
v -5.180953 29.257309 21.491360
v -7.636789 29.940475 19.370968
v -1.728780 33.363728 25.179646
v 0.000000 32.821651 14.417165
v -3.484487 33.452835 24.474092
v -1.728780 33.103832 25.482025
v -2.391209 37.076588 26.280905
v -2.617405 38.546875 24.903397
v -3.694526 36.014706 25.041523
v -6.688923 38.346382 23.503489
v -8.740839 37.009750 22.753141
v -10.485775 41.851318 15.077921
v -10.356520 38.769646 14.570222
v -9.484052 35.687977 14.506759
v 0.000000 38.665691 27.535219
v -2.391209 37.076588 26.280905
v 0.000000 37.626091 28.322903
v -13.049323 33.586498 11.251510
v -11.525197 31.455320 13.293509
v -9.607921 31.767200 14.223045
v -10.485775 41.851318 15.077921
v -11.767549 41.747356 12.979928
v -13.264748 43.343884 13.009793
v -11.525197 31.455320 13.293509
v -13.049323 33.586498 11.251510
v -9.607921 31.767200 14.223045
v -14.675777 41.086468 11.169383
v -10.356520 38.769646 14.570222
v -13.264748 43.343884 13.009793
v -10.485775 41.851318 15.077921
v -14.675777 41.086468 11.169383
v -13.124722 37.336483 11.714413
v -10.356520 38.769646 14.570222
v -9.484052 35.687977 14.506759
v -9.484052 35.687977 14.506759
v -10.970480 39.720139 12.158650
v -13.124722 37.336483 11.714413
v 8.164579 41.598843 23.518423
v 10.485775 41.851318 15.077921
v 9.995685 43.663193 18.796072
v 7.636789 29.940475 19.370968
v 4.066133 29.116222 17.444696
v 9.974142 31.648390 14.476895
v 13.232434 43.633488 13.420432
v 9.941829 41.413200 19.856268
v 10.485775 41.851318 15.077921
v 11.767549 41.747356 12.979928
v 13.232434 43.633488 13.420432
v 10.485775 41.851318 15.077921
v 8.164579 41.598843 23.518423
v 8.083795 40.210236 22.663546
v 10.485775 41.851318 15.077921
v 8.266905 38.806774 22.331301
v 8.740839 37.009750 22.753141
v 2.617405 38.546875 24.903397
v 1.190219 39.675583 25.243107
v 2.391209 37.076588 26.280905
v 0.000000 39.942913 26.639278
v 1.922661 32.658287 25.511890
v 0.000000 32.480072 26.277172
v 2.563548 30.980076 24.597284
v 0.000000 30.890966 25.291637
v 3.484487 33.452835 24.474092
v 1.728780 33.103832 25.482025
v 0.000000 32.970169 26.083052
v 10.356520 38.769646 14.570222
v 10.485775 41.851318 15.077921
v 10.302664 35.532036 17.926266
v 8.810852 31.915714 21.166580
v 3.484487 33.452835 24.474092
v 0.000000 33.111256 25.836670
v 1.728780 33.363728 25.179646
v 13.264748 43.343884 13.009793
v 11.767549 41.747356 12.979928
v 10.485775 41.851318 15.077921
v 9.607921 31.767200 14.223045
v 13.049323 33.586498 11.251510
v 11.525197 31.455320 13.293509
v 10.356520 38.769646 14.570222
v 14.675777 41.086468 11.169383
v 13.124722 37.336483 11.714413
v 10.970480 39.720139 12.158650
v 9.484052 35.687977 14.506759
v -9.484052 35.687977 14.506759
v -10.302664 35.532036 17.926266
v -8.740839 37.009750 22.753141
v -8.266905 38.806774 22.331301
v -6.688923 38.346382 23.503489
v -6.888190 39.289448 23.432562
v 0.000000 28.930578 25.500690
v -2.563548 30.980076 24.597284
v -3.506030 27.957809 22.208111
v -3.484487 33.452835 24.474092
v -5.180953 29.257309 21.491360
v -8.810852 31.915714 21.166580
v -7.636789 29.940475 19.370968
v -9.974142 31.648390 14.476895
v -4.066133 29.116222 17.444696
v 1.728780 33.363728 25.179646
v 0.000000 33.111256 25.836670
v 6.688923 38.346382 23.503489
v 2.617405 38.546875 24.903397
v 3.694526 36.014706 25.041523
v 2.391209 37.076588 26.280905
v 1.728780 33.311752 26.527288
v 0.000000 35.747383 26.893131
v -0.032314 33.541946 27.225376
v -1.728780 33.311752 26.527288
v 9.607921 31.767200 14.223045
v 11.525197 31.455320 13.293509
v 9.484052 35.687977 14.506759
v 13.049323 33.586498 11.251510
v 13.124722 37.336483 11.714413
v -3.484487 33.452835 24.474092
v -1.728780 33.103832 25.482025
v -1.728780 33.311752 26.527288
v 0.000000 32.970169 26.083052
v 1.728780 33.103832 25.482025
v 3.484487 33.452835 24.474092
v 3.694526 36.014706 25.041523
v 6.688923 38.346382 23.503489
v 6.888190 39.289448 23.432562
v 8.083795 40.210236 22.663546
v 0.000000 28.930578 25.500690
v 3.506030 27.957809 22.208111
v 5.180953 29.257309 21.491360
v 0.000000 27.705336 23.832003
v 0.000000 27.861277 18.519825
v 3.506030 27.957809 22.208111
v 4.066133 29.116222 17.444696
v 5.180953 29.257309 21.491360
v 7.636789 29.940475 19.370968
v 8.810852 31.915714 21.166580
v 9.974142 31.648390 14.476895
v 10.302664 35.532036 17.926266
v 9.484052 35.687977 14.506759
v 10.356520 38.769646 14.570222
v -9.974142 31.648390 14.476895
v -10.302664 35.532036 17.926266
v -8.810852 31.915714 21.166580
v -3.694526 36.014706 25.041523
v 0.000000 39.942913 26.639278
v -1.190219 39.675583 25.243107
v -2.617405 38.546875 24.903397
v -1.190219 39.675583 25.243107
v -3.134423 39.512218 24.746607
v -2.617405 38.546875 24.903397
v -5.353292 47.680500 24.481558
v -5.961866 54.118595 21.513756
v -11.250531 48.883469 17.694813
v 5.353292 47.680500 24.481558
v 5.961866 54.118595 21.513756
v 0.000000 54.296810 24.485291
v 12.295339 41.480030 5.651885
v 11.767549 41.747356 12.979928
v 10.970480 39.720139 12.158650
v 6.796635 43.730022 24.339701
v 8.164579 41.598843 23.518423
v 9.995685 43.663193 18.796072
v -10.038770 49.299309 8.115719
v -9.209386 54.556709 15.059256
v -8.396160 54.445328 8.347171
v -13.232434 43.633488 13.420432
v -9.941829 41.413200 19.856268
v -7.507535 44.234970 23.873066
v -4.006891 37.685493 -0.671958
v -5.708742 34.804317 -3.587496
v 0.000000 35.465202 0.671952
v -8.083795 40.210236 22.663546
v -6.888190 39.289448 23.432562
v -6.457342 42.348843 25.616415
v -5.353292 47.680500 24.481558
v -7.243640 46.432983 22.409697
v -6.796635 43.730022 24.339701
v -9.995685 43.663193 18.796072
v -8.164579 41.598843 23.518423
v -2.148857 40.581524 25.691076
v 0.000000 39.942913 26.639278
v -1.583368 41.843895 26.844599
v -13.124722 37.336483 11.714413
v -14.675777 41.086468 11.169383
v -10.970480 39.720139 12.158650
v -13.264748 43.343884 13.009793
v -11.767549 41.747356 12.979928
v 8.396160 54.445328 8.347171
v 9.209386 54.556709 15.059256
v 10.038770 49.299309 8.115719
v 13.232434 43.633488 13.420432
v 11.250531 48.883469 17.694813
v 9.941829 41.413200 19.856268
v 0.000000 48.445354 26.023321
v 0.000000 39.074100 -1.971071
v 9.015505 41.376072 -0.433041
v 4.006891 37.685493 -0.671958
v 10.254194 36.512230 5.330840
v 4.863202 41.732506 25.116180
v 6.457342 42.348843 25.616415
v 4.755490 42.801811 26.146513
v 3.134423 39.512218 24.746607
v 2.148857 40.581524 25.691076
v 1.583368 41.843895 26.844599
v 7.507535 44.234970 23.873066
v 11.767549 41.747356 12.979928
v 13.264748 43.343884 13.009793
v 10.970480 39.720139 12.158650
v 14.675777 41.086468 11.169383
v 13.124722 37.336483 11.714413
v -7.092843 49.284454 3.385903
v -9.015505 41.376072 -0.433041
v -12.295339 41.480030 5.651885
v -10.254194 36.512230 5.330840
v -10.970480 39.720139 12.158650
v 0.000000 48.445354 26.023321
v -4.620850 44.524578 25.358831
v 0.000000 43.945374 26.702742
v -4.755490 42.801811 26.146513
v -4.863202 41.732506 25.116180
v -5.073241 39.155785 24.541286
v -5.961866 54.118595 21.513756
v -11.250531 48.883469 17.694813
v -13.232434 43.633488 13.420432
v -11.767549 41.747356 12.979928
v 0.000000 45.096352 -1.250587
v 0.000000 45.051800 -1.269251
v 0.000000 54.111168 4.039192
v 0.000000 56.427990 11.225378
v 0.000000 55.997299 19.613617
v 0.000000 54.296810 24.485291
v 7.092843 49.284454 3.385903
v 5.073241 39.155785 24.541286
v 6.888190 39.289448 23.432562
v 8.083795 40.210236 22.663546
v 13.232434 43.633488 13.420432
v 11.250531 48.883469 17.694813
v 5.961866 54.118595 21.513756
v 7.243640 46.432983 22.409697
v 5.353292 47.680500 24.481558
v 4.620850 44.524578 25.358831
v -6.688923 38.346382 23.503489
v 1.190219 39.675583 25.243107
v 2.617405 38.546875 24.903397
v 6.688923 38.346382 23.503489
v -4.006891 37.685493 -0.671958
v 3.506030 27.957809 22.208111
v 0.000000 28.930578 25.500690
v 0.000000 27.705336 23.832003
v -3.506030 27.957809 22.208111
v 6.457342 27.430582 4.001863
v 0.000000 28.967705 -0.104528
v 0.000000 31.343933 3.542694
v -6.457342 27.430582 4.001863
vn -0.7946 -0.5743 0.1967
vn -0.8725 -0.2122 0.4402
vn -0.0000 -0.6456 0.7637
vn 0.4484 -0.7947 -0.4091
vn 0.7723 -0.5044 -0.3861
vn -0.0000 -0.2902 -0.9570
vn 0.4485 -0.7946 -0.4092
vn 0.7072 -0.2908 -0.6444
vn 0.8017 -0.5266 -0.2830
vn -0.9032 0.2434 -0.3535
vn -0.7378 0.6200 -0.2669
vn -0.7947 -0.5743 0.1967
vn -0.5410 -0.8232 -0.1725
vn -0.7723 -0.5044 -0.3862
vn -0.8725 -0.2122 0.4401
vn -0.9032 0.2434 -0.3534
vn -0.0000 -0.2903 -0.9569
vn -0.7072 -0.2908 -0.6444
vn -0.4485 -0.7946 -0.4091
vn -0.8016 -0.5266 -0.2829
vn -0.9487 -0.3137 0.0392
vn -0.0237 -0.0315 -0.9992
vn 0.4084 -0.9111 -0.0550
vn 0.5409 -0.8232 -0.1725
vn 0.7789 -0.5980 -0.1889
vn 0.7723 -0.5044 -0.3862
vn 0.4485 -0.7947 -0.4091
vn 0.9487 -0.3137 0.0392
vn 0.8017 -0.5266 -0.2829
vn 0.0237 -0.0315 -0.9992
vn 0.7073 -0.2907 -0.6444
vn 0.4484 -0.7947 -0.4092
vn -0.0000 -0.9720 -0.2352
vn -0.4485 -0.7947 -0.4091
vn -0.7723 -0.5044 -0.3861
vn -0.9487 -0.3136 0.0392
vn -0.0000 0.6370 -0.7708
vn 0.9032 0.2435 -0.3535
vn 0.7947 -0.5743 0.1967
vn 0.7946 -0.5744 0.1967
vn -0.0000 -0.9327 0.3605
vn -0.0000 -1.0000 -0.0000
vn -0.4084 -0.9111 -0.0549
vn -0.7789 -0.5980 -0.1889
vn -0.5409 -0.8232 -0.1725
vn -0.4085 -0.9111 -0.0550
vn -0.7946 -0.5744 0.1967
vn -0.0000 -0.9327 0.3606
vn 0.7946 -0.5743 0.1967
vn 0.8725 -0.2123 0.4402
vn 0.9032 0.2435 -0.3534
vn 0.7378 0.6201 -0.2669
vn -0.0000 0.6371 -0.7708
vn -0.4484 -0.7947 -0.4092
vn -0.7073 -0.2907 -0.6444
vn -0.0000 -0.9720 -0.2351
vn -0.9936 -0.0625 -0.0939
vn -0.9113 -0.4007 0.0943
vn -0.0000 -0.6112 0.7915
vn -0.0000 0.2902 -0.9570
vn 0.9929 -0.0625 -0.1017
vn 0.9167 -0.3918 0.0784
vn -0.0000 -0.6025 0.7981
vn 0.0001 -0.6112 0.7915
vn -0.9936 -0.0625 -0.0938
vn -0.9654 0.2589 0.0314
vn -0.0000 0.9167 -0.3995
vn -0.0000 0.3537 -0.9353
vn 0.7073 -0.2908 -0.6444
vn -0.0000 0.6668 -0.7453
vn 0.9929 -0.0625 -0.1016
vn 0.9654 0.2590 0.0314
vn -0.0000 -0.6285 0.7778
vn -0.9654 0.2590 0.0314
vn -0.0000 0.9167 -0.3996
vn -0.9437 -0.1573 0.2910
vn -0.8851 -0.0548 0.4621
vn -0.9035 0.1021 0.4163
vn 0.7538 -0.1649 0.6361
vn -0.1724 0.9167 -0.3604
vn 0.9437 -0.1573 0.2910
vn -0.4250 0.1103 0.8985
vn -0.1338 0.8184 0.5588
vn -0.5730 -0.2825 0.7693
vn -0.0000 -0.9591 0.2830
vn -0.5191 -0.7629 0.3854
vn -0.8721 -0.3299 0.3614
vn -0.9530 -0.2756 0.1261
vn -0.4866 -0.2668 0.8319
vn -0.9437 -0.1573 0.2909
vn -0.9530 -0.2756 0.1260
vn -0.8466 -0.3684 -0.3841
vn -0.8851 -0.0549 0.4621
vn -0.8007 -0.2198 0.5573
vn -0.7453 0.1019 0.6589
vn -0.5091 -0.2271 0.8302
vn -0.0001 -1.0000 -0.0000
vn -0.4084 -0.9111 -0.0550
vn -0.5274 -0.7401 0.4173
vn -0.5040 -0.8585 0.0945
vn -0.1338 0.8185 0.5588
vn -0.0000 0.1095 -0.9940
vn -0.5730 -0.2826 0.7693
vn -0.1655 -0.9771 0.1339
vn -0.6382 0.2364 0.7327
vn -0.4251 0.1181 0.8974
vn -0.5885 0.0236 0.8082
vn -0.4566 -0.0000 0.8897
vn -0.7143 0.0393 0.6987
vn -0.7538 -0.1649 0.6361
vn -0.9488 -0.3136 0.0392
vn -0.0000 0.5886 0.8084
vn -0.6382 0.2363 0.7327
vn -0.0000 -0.0472 0.9989
vn -0.7555 -0.5980 -0.2676
vn -0.4533 -0.8912 -0.0156
vn 0.6845 -0.2282 -0.6924
vn 0.1724 0.9167 -0.3604
vn -0.4534 -0.8912 -0.0156
vn -0.9038 0.0550 -0.4244
vn -0.8880 -0.1572 -0.4322
vn -0.0236 -0.0315 -0.9992
vn -0.8880 -0.1571 -0.4322
vn 0.8851 -0.0548 0.4621
vn 0.9035 0.1021 0.4163
vn 0.5040 -0.8585 0.0945
vn 0.7789 -0.5980 -0.1888
vn 0.9530 -0.2756 0.1260
vn 0.8721 -0.3300 0.3615
vn 0.8466 -0.3684 -0.3841
vn 0.9437 -0.1573 0.2909
vn 0.8851 -0.0549 0.4621
vn 0.8007 -0.2198 0.5573
vn 0.9437 -0.1572 0.2910
vn 0.7453 0.1020 0.6589
vn 0.7144 0.0393 0.6987
vn 0.4251 0.1181 0.8974
vn 0.5206 -0.0552 0.8520
vn 0.6381 0.2364 0.7327
vn 0.0001 -0.0707 0.9975
vn 0.4255 0.1103 0.8982
vn -0.0000 0.0550 0.9985
vn 0.4866 -0.2668 0.8319
vn -0.0000 -0.2203 0.9754
vn 0.5731 -0.2826 0.7693
vn 0.1655 -0.9771 0.1339
vn -0.0000 -0.9849 0.1733
vn 0.9437 -0.1572 0.2909
vn 0.9952 -0.0470 0.0862
vn 0.7144 0.0392 0.6986
vn 0.7502 -0.4264 0.5054
vn 0.5730 -0.2826 0.7693
vn -0.0000 0.8944 0.4472
vn 0.1338 0.8185 0.5588
vn 0.8466 -0.3685 -0.3841
vn -0.6845 -0.2282 -0.6924
vn 0.7554 -0.5981 -0.2676
vn 0.4534 -0.8912 -0.0156
vn -0.1723 0.9167 -0.3605
vn 0.9038 0.0550 -0.4244
vn 0.8880 -0.1572 -0.4323
vn 0.0236 -0.0314 -0.9992
vn 0.9487 -0.3136 0.0393
vn -0.9952 -0.0470 0.0862
vn -0.7144 0.0393 0.6987
vn -0.7452 0.1020 0.6589
vn -0.4567 -0.0000 0.8896
vn -0.0000 -0.4250 0.9052
vn -0.5275 -0.7400 0.4173
vn -0.7502 -0.4265 0.5054
vn -0.5041 -0.8585 0.0945
vn -0.7789 -0.5980 -0.1888
vn 0.1338 0.8184 0.5588
vn 0.4566 -0.0000 0.8897
vn 0.5885 0.0236 0.8082
vn 0.6382 0.2363 0.7327
vn 0.4953 -0.4011 0.7706
vn -0.0000 -0.1414 0.9899
vn -0.0000 -0.5419 0.8404
vn -0.4954 -0.4010 0.7706
vn -0.6845 -0.2281 -0.6924
vn 0.7555 -0.5980 -0.2675
vn 0.8880 -0.1571 -0.4322
vn -0.1655 -0.9771 0.1340
vn -0.0000 -0.9849 0.1734
vn 0.1655 -0.9771 0.1340
vn 0.5885 0.0235 0.8082
vn 0.4566 -0.0000 0.8896
vn 0.5091 -0.2271 0.8302
vn 0.8006 -0.2198 0.5574
vn 0.5191 -0.7629 0.3854
vn 0.5275 -0.7400 0.4172
vn 0.5041 -0.8585 0.0945
vn 0.7502 -0.4265 0.5053
vn 0.9952 -0.0471 0.0862
vn 0.9487 -0.3136 0.0392
vn 0.7538 -0.1648 0.6361
vn -0.7502 -0.4264 0.5054
vn -0.7144 0.0392 0.6987
vn -0.5885 0.0235 0.8082
vn -0.0000 -0.0707 0.9975
vn -0.5207 -0.0553 0.8520
vn -0.5207 -0.0552 0.8520
vn -0.1959 -0.2193 0.9558
vn -0.4251 0.1180 0.8974
vn -0.5423 0.2515 0.8016
vn -0.5247 0.6578 0.5404
vn -0.8862 0.2588 0.3843
vn 0.5423 0.2515 0.8016
vn 0.5247 0.6578 0.5404
vn 0.9697 -0.1876 -0.1564
vn 0.0237 -0.0316 -0.9992
vn 0.7240 0.2990 0.6217
vn 0.8851 -0.0548 0.4622
vn 0.9034 0.1022 0.4164
vn -0.8924 0.3523 -0.2819
vn -0.6355 0.7688 0.0706
vn -0.5666 0.7240 -0.3935
vn -0.8721 -0.3300 0.3614
vn -0.7863 0.1573 0.5976
vn -0.5105 -0.1413 0.8482
vn -0.5423 0.2515 0.8017
vn -0.8204 0.2364 0.5206
vn -0.7240 0.2990 0.6217
vn -0.9034 0.1022 0.4164
vn -0.8851 -0.0548 0.4622
vn -0.3621 -0.5668 0.7400
vn -0.2287 -0.2286 0.9463
vn -0.9038 0.0551 -0.4243
vn -0.0235 -0.0315 -0.9992
vn -0.8466 -0.3685 -0.3840
vn 0.5666 0.7240 -0.3935
vn 0.6355 0.7688 0.0706
vn 0.8924 0.3523 -0.2819
vn 0.8862 0.2588 0.3843
vn 0.8721 -0.3300 0.3614
vn -0.0000 0.1962 0.9806
vn -0.0000 0.3537 -0.9354
vn 0.6452 -0.0315 -0.7633
vn 0.2352 -0.4627 0.8547
vn 0.5105 -0.1413 0.8482
vn 0.2910 -0.1573 0.9437
vn 0.1959 -0.2193 0.9558
vn 0.3621 -0.5668 0.7400
vn 0.2287 -0.2286 0.9463
vn 0.7863 0.1573 0.5976
vn 0.8467 -0.3684 -0.3840
vn -0.1723 0.9167 -0.3604
vn 0.0236 -0.0315 -0.9992
vn 0.9038 0.0550 -0.4243
vn 0.8880 -0.1572 -0.4322
vn -0.5160 0.4769 -0.7115
vn -0.6452 -0.0315 -0.7633
vn -0.9697 -0.1876 -0.1564
vn -0.8017 -0.5266 -0.2829
vn -0.0000 0.1961 0.9806
vn -0.3548 0.3075 0.8830
vn -0.0000 0.1885 0.9821
vn -0.2910 -0.1573 0.9437
vn -0.2352 -0.4627 0.8547
vn -0.3067 -0.1731 0.9359
vn -0.5247 0.6578 0.5403
vn -0.0000 -0.9414 -0.3373
vn -0.0000 0.5709 -0.8210
vn -0.0000 0.7378 -0.6750
vn -0.0000 0.9948 -0.1019
vn -0.0000 0.9821 0.1886
vn 0.5160 0.4769 -0.7115
vn 0.3067 -0.1731 0.9359
vn 0.5247 0.6578 0.5403
vn 0.8204 0.2366 0.5206
vn 0.5423 0.2515 0.8017
vn 0.3548 0.3075 0.8830
vn -0.4566 -0.0000 0.8896
vn 0.4250 0.1181 0.8974
vn 0.5190 -0.7629 0.3854
vn -0.0000 -0.9591 0.2831
vn -0.0000 0.8404 -0.5420
vn -0.7378 0.6201 -0.2668
vt 0.409210 0.088348
vt 0.409210 0.116577
vt 0.353424 0.116577
vt 0.498413 0.494324
vt 0.495148 0.538635
vt 0.568878 0.538635
vt 0.537964 0.441132
vt 0.439758 0.441132
vt 0.480957 0.088348
vt 0.480957 0.116577
vt 0.409210 0.061279
vt 0.480957 0.045898
vt 0.538544 0.045898
vt 0.398407 0.538635
vt 0.398407 0.441132
vt 0.381012 0.045898
vt 0.409210 0.032532
vt 0.568878 0.509827
vt 0.538544 0.088348
vt 0.409210 0.009979
vt 0.353424 0.088348
vt 0.353424 0.045898
vt 0.820282 0.507812
vt 0.820251 0.616058
vt 0.926697 0.635864
vt 0.926697 0.565796
vt 0.926697 0.527740
vt 0.820251 0.411987
vt 0.820251 0.383911
vt 0.926697 0.377808
vt 0.926697 0.341675
vt 0.926697 0.465118
vt 0.926697 0.433289
vt 0.926697 0.405273
vt 0.305176 0.242584
vt 0.172333 0.216614
vt 0.209564 0.195953
vt 0.384552 0.460571
vt 0.336426 0.377441
vt 0.384552 0.400696
vt 0.049255 0.410126
vt 0.046570 0.393372
vt 0.090698 0.378204
vt 0.011078 0.538177
vt 0.011078 0.504700
vt 0.104218 0.495728
vt 0.334320 0.088196
vt 0.224304 0.088196
vt 0.334320 0.009979
vt 0.067413 0.442444
vt 0.398407 0.349670
vt 0.398407 0.285004
vt 0.398407 0.351227
vt 0.177856 0.265442
vt 0.174896 0.292664
vt 0.139404 0.284973
vt 0.123993 0.538177
vt 0.135529 0.482483
vt 0.211090 0.485504
vt 0.648834 0.038879
vt 0.567017 0.011047
vt 0.648834 0.069214
vt 0.048035 0.331573
vt 0.071930 0.303009
vt 0.090637 0.334106
vt 0.141449 0.301666
vt 0.224579 0.342438
vt 0.305176 0.333893
vt 0.305176 0.425201
vt 0.011078 0.286835
vt 0.011078 0.310181
vt 0.343964 0.493683
vt 0.368774 0.522064
vt 0.384552 0.524323
vt 0.338593 0.538116
vt 0.344177 0.538116
vt 0.326477 0.522308
vt 0.384552 0.533264
vt 0.384552 0.530090
vt 0.384552 0.535706
vt 0.326050 0.424866
vt 0.336853 0.468109
vt 0.384552 0.495239
vt 0.384552 0.538116
vt 0.355957 0.538116
vt 0.364899 0.523987
vt 0.305176 0.463867
vt 0.042389 0.281586
vt 0.011078 0.263489
vt 0.011078 0.410126
vt 0.011078 0.442444
vt 0.648834 0.011047
vt 0.274384 0.400635
vt 0.247711 0.452240
vt 0.011078 0.481354
vt 0.011078 0.393372
vt 0.046570 0.383575
vt 0.011078 0.349091
vt 0.011078 0.383575
vt 0.064087 0.284058
vt 0.096130 0.088196
vt 0.157135 0.009979
vt 0.246887 0.009979
vt 0.014099 0.009979
vt 0.428436 0.364166
vt 0.141296 0.168427
vt 0.449615 0.303436
vt 0.464905 0.218719
vt 0.505585 0.278595
vt 0.169098 0.088196
vt 0.136749 0.208405
vt 0.095581 0.108398
vt 0.160004 0.148865
vt 0.048035 0.261658
vt 0.032959 0.226471
vt 0.344879 0.517853
vt 0.014099 0.088196
vt 0.568878 0.420502
vt 0.503571 0.379120
vt 0.100220 0.239044
vt 0.100891 0.202881
vt 0.520691 0.331970
vt 0.011078 0.099213
vt 0.095581 0.172180
vt 0.011078 0.190002
vt 0.103912 0.285919
vt 0.479767 0.147675
vt 0.398407 0.220520
vt 0.568878 0.378754
vt 0.568878 0.335144
vt 0.568878 0.300049
vt 0.568878 0.248016
vt 0.568878 0.218719
vt 0.568878 0.147675
vt 0.538544 0.116577
s 1
usemtl npc01_07
f 143/104/117 144/105/118 145/106/119
f 146/107/120 147/108/121 148/109/122
f 149/107/123 150/110/124 151/111/125
f 152/112/126 153/113/127 154/105/118
f 155/104/128 156/114/129 157/115/130
f 154/105/131 155/104/128 158/112/132
f 158/112/132 155/104/128 157/115/130
f 158/112/132 157/115/130 159/116/133
f 160/110/134 161/107/135 162/111/136
f 162/111/136 161/107/135 163/117/137
f 162/111/136 163/117/137 164/118/138
f 165/119/139 166/114/140 167/120/141
f 168/108/142 169/107/143 170/117/144
f 170/117/144 169/107/143 151/111/145
f 170/117/144 151/111/145 171/118/146
f 172/110/147 173/107/148 174/121/149
f 174/121/149 173/107/148 175/109/122
f 174/121/149 175/109/122 176/107/150
f 176/107/150 175/109/122 177/108/151
f 176/107/150 177/108/151 178/117/152
f 179/113/127 180/112/132 181/122/153
f 181/122/153 180/112/132 159/116/122
f 181/122/153 159/116/122 182/112/154
f 182/112/154 159/116/122 183/115/121
f 182/112/154 183/115/121 184/104/155
f 185/123/144 167/120/141 186/115/142
f 186/115/142 167/120/141 166/114/140
f 186/115/142 166/114/140 187/104/156
f 187/104/156 166/114/140 165/119/139
f 187/104/156 165/119/139 188/124/157
f 188/124/157 165/119/139 189/125/158
f 188/124/157 189/125/158 190/119/159
f 191/123/137 192/115/130 193/120/160
f 193/120/160 192/115/130 194/114/161
f 193/120/160 194/114/161 190/119/162
f 190/119/162 194/114/161 195/104/163
f 190/119/162 195/104/163 196/124/164
f 196/124/164 195/104/163 197/106/119
f 196/124/164 197/106/119 198/104/165
f 198/104/165 197/106/119 199/105/166
f 198/104/165 199/105/166 200/112/167
f 200/112/167 199/105/166 201/113/168
f 200/112/167 201/113/168 202/122/169
f 203/107/170 204/110/171 205/121/172
f 206/126/173 207/127/174 208/128/175
f 209/129/176 210/126/177 211/127/178
f 211/127/178 210/126/177 212/130/179
f 211/127/178 212/130/179 213/128/180
f 213/128/180 212/130/179 214/126/181
f 215/131/182 216/132/171 217/133/183
f 217/133/183 216/132/171 218/134/184
f 217/133/183 218/134/184 219/132/185
f 207/127/174 206/126/173 220/129/176
f 220/129/176 206/126/173 221/135/186
f 220/129/176 221/135/186 222/126/187
f 222/126/187 221/135/186 223/131/188
f 222/126/187 223/131/188 224/130/179
f 224/130/179 223/131/188 225/136/189
f 224/130/179 225/136/189 206/126/173
f 206/126/173 225/136/189 226/131/190
f 206/126/173 226/131/190 221/135/186
f 221/135/186 226/131/190 227/133/191
f 221/135/186 227/133/191 223/131/188
f 223/131/188 227/133/191 219/132/147
f 223/131/188 219/132/147 225/136/189
f 225/136/189 219/132/147 228/137/149
f 225/136/189 228/137/149 229/131/190
f 230/138/192 231/139/193 232/140/194
f 233/141/195 234/142/196 235/143/197
f 236/144/198 237/145/199 238/146/200
f 239/147/158 240/148/201 241/149/202
f 242/150/192 243/151/203 244/152/204
f 245/153/205 236/144/198 238/146/200
f 246/154/206 247/155/207 248/156/208
f 249/139/209 250/138/192 251/157/210
f 251/157/210 250/138/192 252/158/211
f 251/157/210 252/158/211 253/159/212
f 254/147/213 241/149/202 255/160/214
f 255/160/214 241/149/202 256/161/215
f 255/160/214 256/161/215 257/162/216
f 258/163/217 259/164/218 260/165/219
f 260/165/219 259/164/218 261/163/220
f 262/166/221 263/167/222 264/168/223
f 264/168/223 263/167/222 265/169/224
f 264/168/223 265/169/224 266/170/225
f 267/138/206 268/171/226 269/172/227
f 270/173/228 271/166/229 272/174/230
f 273/175/231 274/176/232 275/177/233
f 276/178/192 277/179/208 278/180/234
f 279/181/235 280/182/231 281/183/233
f 282/184/236 283/141/226 284/142/234
f 284/142/234 283/141/226 285/143/192
f 286/184/236 287/185/237 288/141/226
f 288/141/226 287/185/237 273/175/231
f 288/141/226 273/175/231 289/186/152
f 289/186/152 273/175/231 275/177/233
f 290/187/152 281/183/233 291/188/238
f 291/188/238 281/183/233 280/182/231
f 291/188/238 280/182/231 292/189/239
f 293/139/240 294/138/197 295/140/241
f 296/162/242 297/160/139 298/190/243
f 299/152/244 300/151/245 301/150/197
f 302/156/246 303/155/244 304/154/247
f 305/139/248 306/157/249 307/138/250
f 307/138/250 306/157/249 308/158/251
f 307/138/250 308/158/251 309/170/252
f 310/167/253 311/191/254 312/166/255
f 312/166/255 311/191/254 313/192/256
f 314/144/257 315/193/258 316/153/259
f 316/153/259 315/193/258 317/194/260
f 318/165/261 319/163/262 259/164/218
f 259/164/218 319/163/262 320/195/263
f 259/164/218 320/195/263 261/163/220
f 321/171/195 322/138/264 323/196/265
f 323/196/265 322/138/264 309/170/266
f 323/196/265 309/170/266 324/197/267
f 324/197/267 309/170/266 325/146/268
f 258/163/217 326/195/269 259/164/218
f 259/164/218 326/195/269 327/163/270
f 259/164/218 327/163/270 318/165/261
f 328/180/196 329/179/271 330/178/197
f 331/183/272 332/182/273 333/181/274
f 234/142/275 334/141/195 335/184/276
f 336/189/277 332/182/273 337/188/278
f 337/188/278 332/182/273 331/183/272
f 337/188/278 331/183/272 338/187/279
f 339/172/152 340/196/280 267/138/192
f 267/138/192 340/196/280 341/170/281
f 267/138/192 341/170/281 342/158/282
f 342/158/282 341/170/281 343/169/283
f 342/158/282 343/169/283 344/159/212
f 345/198/284 346/153/205 347/149/202
f 347/149/202 346/153/205 348/146/219
f 347/149/202 348/146/219 349/161/285
f 349/161/285 348/146/219 350/197/286
f 349/161/285 350/197/286 351/162/287
f 351/162/287 350/197/286 352/190/288
f 351/162/287 352/190/288 353/160/214
f 316/153/259 325/146/268 314/144/257
f 314/144/257 325/146/268 354/145/289
f 314/144/257 354/145/289 315/193/258
f 315/193/258 354/145/289 355/199/269
f 315/193/258 355/199/269 237/145/199
f 356/169/290 357/167/253 358/168/291
f 358/168/291 357/167/253 359/166/292
f 358/168/291 359/166/292 360/200/293
f 360/200/293 359/166/292 361/201/294
f 360/200/293 361/201/294 362/202/295
f 362/202/295 361/201/294 363/200/296
f 364/177/297 365/176/274 366/186/144
f 366/186/144 365/176/274 367/175/298
f 366/186/144 367/175/298 233/141/195
f 233/141/195 367/175/298 368/185/299
f 233/141/195 368/185/299 335/184/276
f 369/146/219 370/145/300 371/200/296
f 371/200/296 370/145/300 372/199/301
f 371/200/296 372/199/301 362/202/295
f 362/202/295 372/199/301 373/145/302
f 362/202/295 373/145/302 360/200/293
f 360/200/293 373/145/302 374/146/268
f 360/200/293 374/146/268 375/168/303
f 375/168/303 374/146/268 309/170/252
f 375/168/303 309/170/252 376/169/304
f 376/169/304 309/170/252 308/158/251
f 376/169/304 308/158/251 377/159/305
f 377/159/305 308/158/251 378/157/306
f 237/145/199 236/144/198 315/193/258
f 315/193/258 236/144/198 245/153/205
f 315/193/258 245/153/205 317/194/260
f 317/194/260 245/153/205 379/198/284
f 317/194/260 379/198/284 316/153/259
f 316/153/259 379/198/284 380/149/307
f 316/153/259 380/149/307 325/146/268
f 325/146/268 380/149/307 381/161/308
f 325/146/268 381/161/308 324/197/267
f 382/148/201 383/147/158 384/149/307
f 384/149/307 383/147/158 385/160/139
f 384/149/307 385/160/139 386/161/308
f 386/161/308 385/160/139 387/162/309
f 386/161/308 387/162/309 388/197/310
f 388/197/310 387/162/309 389/190/243
f 388/197/310 389/190/243 390/196/311
f 390/196/311 389/190/243 391/172/312
f 390/196/311 391/172/312 392/171/313
f 269/172/152 393/190/160 394/196/280
f 394/196/280 393/190/160 395/197/314
f 394/196/280 395/197/314 266/170/315
f 266/170/315 395/197/314 238/146/219
f 266/170/315 238/146/219 396/168/316
f 396/168/316 238/146/219 363/200/296
f 396/168/316 363/200/296 271/166/229
f 271/166/229 363/200/296 361/201/294
f 271/166/229 361/201/294 272/174/230
f 272/174/230 361/201/294 359/166/292
f 272/174/230 359/166/292 270/173/228
f 270/173/228 359/166/292 397/192/317
f 270/173/228 397/192/317 271/166/229
f 271/166/229 397/192/317 398/191/318
f 271/166/229 398/191/318 399/167/222
f 400/191/319 401/203/320 402/167/321
f 403/204/322 404/205/323 405/206/324
f 406/204/325 407/205/326 408/207/228
f 409/208/327 410/156/246 411/118/328
f 412/209/329 413/139/330 414/140/331
f 415/210/332 416/211/333 417/212/334
f 418/152/207 419/151/335 405/206/324
f 405/206/324 419/151/335 420/213/336
f 405/206/324 420/213/336 403/204/322
f 421/132/134 422/131/190 423/137/172
f 424/157/210 425/159/212 426/214/337
f 427/215/338 428/216/339 429/209/340
f 429/209/340 428/216/339 430/140/341
f 429/209/340 430/140/341 431/139/342
f 401/203/320 400/191/319 432/217/343
f 432/217/343 400/191/319 433/192/317
f 432/217/343 433/192/317 434/218/344
f 435/189/239 436/219/345 437/188/346
f 437/188/346 436/219/345 438/180/234
f 437/188/346 438/180/234 439/179/347
f 440/212/348 441/211/349 442/210/350
f 443/152/244 444/206/351 445/151/352
f 404/205/323 403/204/322 408/207/228
f 408/207/228 403/204/322 446/220/353
f 408/207/228 446/220/353 406/204/325
f 447/221/354 448/222/355 449/110/124
f 449/110/124 448/222/355 450/111/145
f 451/223/356 452/214/357 453/224/358
f 454/203/359 451/223/356 455/217/360
f 455/217/360 451/223/356 453/224/358
f 455/217/360 453/224/358 456/218/361
f 407/205/326 406/204/325 444/206/351
f 444/206/351 406/204/325 457/213/362
f 444/206/351 457/213/362 445/151/352
f 458/179/363 459/180/364 460/188/365
f 460/188/365 459/180/364 461/219/366
f 460/188/365 461/219/366 462/189/367
f 417/212/334 463/225/368 415/210/332
f 415/210/332 463/225/368 464/222/369
f 415/210/332 464/222/369 465/208/370
f 465/208/370 464/222/369 466/111/371
f 465/208/370 466/111/371 467/118/138
f 468/226/372 427/215/338 469/227/373
f 469/227/373 427/215/338 429/209/340
f 469/227/373 429/209/340 426/214/337
f 426/214/337 429/209/340 431/139/342
f 426/214/337 431/139/342 424/157/210
f 433/192/317 470/228/374 434/218/344
f 434/218/344 470/228/374 471/224/375
f 434/218/344 471/224/375 432/217/343
f 432/217/343 471/224/375 472/223/376
f 432/217/343 472/223/376 401/203/320
f 401/203/320 472/223/376 473/229/377
f 401/203/320 473/229/377 402/167/321
f 474/230/378 416/211/333 475/231/324
f 475/231/324 416/211/333 415/210/332
f 475/231/324 415/210/332 476/155/207
f 476/155/207 415/210/332 465/208/370
f 476/155/207 465/208/370 477/156/208
f 477/156/208 465/208/370 467/118/138
f 478/232/379 464/222/369 479/233/380
f 479/233/380 464/222/369 463/225/368
f 479/233/380 463/225/368 480/234/381
f 480/234/381 463/225/368 417/212/334
f 480/234/381 417/212/334 481/235/382
f 481/235/382 417/212/334 416/211/333
f 481/235/382 416/211/333 482/236/383
f 482/236/383 416/211/333 474/230/378
f 482/236/383 474/230/378 483/237/228
f 411/118/328 450/111/145 409/208/327
f 409/208/327 450/111/145 448/222/355
f 409/208/327 448/222/355 442/210/350
f 442/210/350 448/222/355 484/225/384
f 442/210/350 484/225/384 440/212/348
f 454/203/359 485/229/385 451/223/356
f 451/223/356 485/229/385 486/159/305
f 451/223/356 486/159/305 452/214/357
f 452/214/357 486/159/305 487/157/306
f 452/214/357 487/157/306 413/139/330
f 410/156/246 409/208/327 488/155/244
f 488/155/244 409/208/327 442/210/350
f 488/155/244 442/210/350 489/231/351
f 489/231/351 442/210/350 441/211/349
f 489/231/351 441/211/349 490/230/386
f 414/140/331 491/216/387 412/209/329
f 412/209/329 491/216/387 492/215/388
f 412/209/329 492/215/388 493/227/389
f 493/227/389 492/215/388 468/226/372
f 493/227/389 468/226/372 470/228/374
f 470/228/374 468/226/372 469/227/373
f 470/228/374 469/227/373 471/224/375
f 471/224/375 469/227/373 426/214/337
f 471/224/375 426/214/337 472/223/376
f 472/223/376 426/214/337 425/159/212
f 472/223/376 425/159/212 473/229/377
f 473/229/377 425/159/212 494/169/390
f 473/229/377 494/169/390 402/167/321
f 413/139/330 412/209/329 452/214/357
f 452/214/357 412/209/329 493/227/389
f 452/214/357 493/227/389 453/224/358
f 453/224/358 493/227/389 470/228/374
f 453/224/358 470/228/374 456/218/361
f 456/218/361 470/228/374 433/192/317
f 456/218/361 433/192/317 455/217/360
f 455/217/360 433/192/317 495/191/254
f 455/217/360 495/191/254 454/203/359
f 454/203/359 495/191/254 496/167/391
f 454/203/359 496/167/391 485/229/385
f 485/229/385 496/167/391 497/169/304
f 485/229/385 497/169/304 486/159/305
f 483/237/228 490/230/386 482/236/383
f 482/236/383 490/230/386 441/211/349
f 482/236/383 441/211/349 481/235/382
f 481/235/382 441/211/349 440/212/348
f 481/235/382 440/212/348 480/234/381
f 480/234/381 440/212/348 484/225/384
f 480/234/381 484/225/384 479/233/380
f 479/233/380 484/225/384 448/222/355
f 479/233/380 448/222/355 478/232/379
f 478/232/379 448/222/355 447/221/354
f 478/232/379 447/221/354 464/222/369
f 464/222/369 447/221/354 498/110/134
f 464/222/369 498/110/134 466/111/371
f 499/149/392 500/198/284 501/148/393
f 501/148/393 500/198/284 502/149/202
f 503/113/168 504/238/394 505/122/169
f 505/122/169 504/238/394 506/113/395
o npc_01-0001-17
v -14.551908 42.445374 -17.455902
v -22.474134 42.705273 -2.818481
v -11.568282 50.279503 -5.140460
v -25.043068 44.806751 10.807273
v -17.530148 50.272076 10.127851
v -17.530148 50.272076 10.127851
v -10.970480 55.373539 -3.830148
v -11.568282 50.279503 -5.140460
v 0.000000 50.272076 -11.766683
v -14.551908 42.445374 -17.455902
v 10.970480 55.373539 -3.830148
v 11.568282 50.279503 -5.140460
v 0.000000 55.373539 -9.866544
v 0.000000 50.272076 -11.766683
v 22.474134 42.705273 -2.818481
v 14.551908 42.445374 -17.455902
v 11.568282 50.279503 -5.140460
v 0.000000 42.341415 -24.839941
v 0.000000 50.272076 -11.766683
v 10.970480 55.373539 -3.830148
v 16.361471 55.373539 10.161449
v 11.568282 50.279503 -5.140460
v 17.530148 50.272076 10.127851
v 22.474134 42.705273 -2.818481
v -4.992457 37.418171 27.516556
v -1.265617 41.071621 28.360231
v -4.981686 41.019642 27.998121
v 12.946997 71.643272 -3.471773
v 14.147987 71.643272 12.815669
v 19.339710 66.103699 8.126918
v -15.451304 66.096268 19.053652
v -9.785646 64.128456 22.174511
v -0.161568 66.088844 28.296768
v -1.362558 38.791927 28.181044
v 0.000000 39.088955 29.054585
v -1.303317 39.653309 28.240772
v -1.265617 37.529556 27.886131
v 1.362558 38.791927 28.181044
v 1.303317 39.653309 28.240772
v 0.000000 39.913208 28.782068
v 1.265617 37.529556 27.886131
v 4.992457 37.418171 27.516556
v 1.265617 41.071621 28.360231
v 4.981686 41.019642 27.998121
v 13.797923 54.556709 15.619217
v 12.758501 56.279476 16.769007
v 17.734800 55.804230 20.210911
v 12.106842 54.786907 18.415297
v 0.000000 42.341415 -24.839941
v 14.551908 42.445374 -17.455902
v 0.000000 59.442829 8.657016
v 22.474134 42.705273 -2.818481
v 25.043068 44.806751 10.807273
v 0.000000 42.341415 -24.839941
v -14.551908 42.445374 -17.455902
v 0.000000 50.272076 -11.766683
v 0.000000 74.517029 8.115717
v 0.199267 71.650703 -9.664959
v -12.941611 71.643272 -3.471773
v 0.000000 55.373539 -9.866544
v -10.970480 55.373539 -3.830148
v -13.566342 44.829033 27.800268
v -25.043068 44.806751 10.807273
v -22.474134 42.705273 -2.818481
v -14.551908 42.445374 -17.455902
v 1.394872 53.561668 26.034521
v -0.236967 55.128494 25.552952
v -0.570874 55.336414 31.615480
v -1.874191 53.561668 26.034521
v 13.566342 44.829033 27.800268
v 0.000000 47.331497 33.205772
v 17.955610 64.128456 10.217444
v 9.785646 64.128456 22.174511
v 7.480607 55.380966 23.275772
v 0.000000 64.128456 26.654211
v 0.000000 55.314137 25.608948
v -7.480607 55.380966 23.275772
v 12.268411 50.687916 -5.528701
v -0.220810 52.143356 -11.139524
v 0.220810 55.470074 -10.579562
v -12.289953 57.163136 -5.110595
v 12.726187 53.591370 -6.461971
v 0.177725 52.135929 -12.412506
v -0.177725 55.477501 -11.818946
v -13.049323 54.838886 -5.763885
v -16.049107 55.217602 11.337370
v -16.049107 57.059177 9.496960
v -21.677065 55.217602 9.243112
v -16.049107 55.217602 7.656550
v 16.625366 54.801762 6.051324
v 16.350700 56.546803 7.813340
v 23.416615 55.484924 8.164249
v 16.625366 54.801762 9.571622
v 17.449364 50.843857 11.102186
v 16.646908 52.306721 12.143716
v 21.095419 51.905731 14.727010
v 16.205290 51.044350 13.584687
v -13.157036 55.128490 -0.970606
v -12.640017 56.524525 -2.265986
v -16.108349 55.833935 -3.818948
v -12.122999 55.128490 -3.561366
v 11.589824 51.252270 -4.210922
v 12.419208 52.997311 -2.631828
v 18.294905 51.935436 -6.573964
v 13.690211 51.252270 -1.388711
v -1.744936 53.561665 -11.333645
v -0.129255 55.180470 -11.281382
v 0.086170 53.561665 -15.727485
v 1.486427 53.561665 -11.229118
v -15.025841 51.593853 1.758278
v -14.465738 53.212658 0.238913
v -18.612656 51.593853 -1.366313
v -13.905635 51.593853 -1.280452
v -9.704862 54.289387 21.790005
v -10.491161 55.737400 20.808203
v -14.384954 55.202747 23.794670
v -11.686765 54.512157 19.942129
v -14.158758 51.913158 16.552488
v -15.025841 53.279488 15.522157
v -19.054274 52.239887 18.176378
v -15.995250 51.928009 14.551556
v 9.726405 52.514641 23.048054
v 8.148422 54.036911 23.398964
v 9.850273 52.470089 27.266438
v 6.554283 52.514641 23.712542
v -0.021542 51.853752 1.500696
v -8.563114 46.952782 1.799342
v -9.279399 51.853752 5.327106
v -11.918346 46.952782 8.686881
v -10.975865 51.853752 15.425097
v -12.386894 46.432983 18.206244
v -5.837997 51.853752 24.298635
v -7.076686 46.544369 24.757805
v -0.161568 51.853756 25.903862
v -14.142602 71.643272 12.815669
v 0.000000 71.643272 25.799334
v 15.451304 66.096268 19.053652
v -17.530148 50.272076 10.127851
v -16.361471 55.373539 10.161449
v -8.073023 51.111179 24.642080
v -7.480607 55.380966 23.275772
v 0.000000 51.460194 26.725140
v 0.000000 55.314137 25.608948
v 8.073023 51.111179 24.642080
v 7.480607 55.380966 23.275772
v 17.530148 50.272076 10.127851
v 16.361471 55.373539 10.161449
v 22.474134 42.705273 -2.818481
v 25.043068 44.806751 10.807273
v 13.566342 44.829033 27.800268
v 0.000000 47.331497 33.205772
v -13.566342 44.829033 27.800268
v -25.043068 44.806751 10.807273
v 0.000000 46.544373 27.061119
v 7.082072 46.544369 24.757805
v 5.837997 51.853752 24.298635
v 12.386894 46.432983 18.206244
v 10.981251 51.853752 15.425097
v 11.918346 46.952782 8.686881
v 9.284785 51.853752 5.327106
v 8.568499 46.952782 1.799342
v 0.005386 46.952782 -1.538034
v -17.955610 64.128456 10.217444
v -19.334326 66.103699 8.126918
v -12.295339 64.128456 -4.453574
v -14.191072 66.111122 -6.305183
v 0.000000 64.128456 -11.509101
v 0.204653 66.118546 -12.953805
v 12.300724 64.128456 -4.453574
v 14.196458 66.111122 -6.305183
v 17.955610 64.128456 10.217444
v -9.785646 64.128456 22.174511
v -17.955610 64.128456 10.217444
v -12.295339 64.128456 -4.453574
v -10.970480 55.373539 -3.830148
v 0.000000 64.128456 -11.509101
v 0.000000 55.373539 -9.866544
v 12.300724 64.128456 -4.453574
v 10.970480 55.373539 -3.830148
v 0.000000 64.128456 26.654211
v 9.785646 64.128456 22.174511
v 12.268411 53.895824 -5.401776
v 18.300289 52.937904 10.545958
v 18.591112 49.603760 10.321972
v 10.458847 54.215130 22.794205
v 10.200338 50.732468 24.223974
v 0.215424 55.432949 25.862799
v -0.220810 52.143360 27.184311
v -9.909515 56.182941 23.145113
v -10.356520 53.546814 24.253839
v -17.670174 56.895809 10.348103
v -17.659403 53.932953 10.269710
v -12.736958 53.828991 -5.110595
v 12.365352 56.851257 -6.465705
v 17.643246 57.311649 10.456362
v 18.036394 53.843842 10.493694
v 10.044155 56.962643 22.208109
v 10.340364 54.007210 23.671478
v -0.161568 55.432949 26.404095
v 0.188496 52.135933 28.080250
v -10.421148 54.333939 25.082584
v -10.275736 50.992374 26.590750
v -18.138721 53.413151 10.333171
v -18.504942 49.767128 10.396633
v -12.968539 50.606232 -5.588430
v 49.736073 23.829111 1.810543
v 55.627926 25.485046 0.653288
v 52.132668 23.049412 1.179652
v 58.686951 22.886047 8.496496
v 60.674236 24.668219 7.630421
v 56.909698 25.537025 8.055992
v 58.385357 19.700417 7.891737
v 58.606167 21.051895 7.768546
v 58.746189 20.301899 9.231914
v 48.061150 23.606340 8.362105
v 47.845722 21.749912 5.334575
v 49.736073 23.591490 9.239380
v 55.951061 21.296944 7.361639
v 56.473465 22.418226 8.929534
v 56.473465 22.418226 8.929534
v 48.061150 25.744946 5.663086
v 48.061150 23.784557 2.702750
v 46.364681 23.702875 5.532428
v 49.736073 26.480091 5.719082
v 57.669071 24.066734 4.528228
v 55.444813 22.128624 6.626221
v 50.990917 20.940510 5.073258
v 51.184799 21.564270 9.493229
v 54.437706 19.796949 9.067658
v 55.687168 20.643480 10.377970
v 58.385357 19.700417 7.891737
v 58.746189 20.301899 9.231914
v 60.857349 22.121199 7.130187
v 59.414005 21.527142 7.294444
v 59.785614 20.784571 4.181052
v 59.026241 22.054367 3.979465
v 59.414005 21.527142 7.294444
v 58.638477 23.368717 4.233315
v 58.686951 22.886047 8.496496
v 60.291859 21.564270 0.895938
v 58.886215 20.962788 0.866073
v 59.731758 23.814260 0.474100
v 58.347656 22.403376 0.705551
v 56.236500 23.175650 0.384506
v 56.909698 26.457813 4.800743
v 60.781952 25.098909 4.136254
v 61.110474 21.207836 4.285579
v 58.886215 20.962788 0.866073
v 54.437706 19.796949 9.067658
v 51.184799 21.564270 9.493229
v 49.245983 21.074173 5.222582
v 49.736073 23.591490 9.239380
v 47.845722 21.749912 5.334575
v 49.736073 23.829111 1.810543
v 52.132668 23.049412 1.179652
v 56.236500 23.175650 0.384506
v 58.347656 22.403376 0.705551
v 58.886215 20.962788 0.866073
v 59.785614 20.784571 4.181052
v 58.606167 21.051895 7.768546
v -16.765392 1.240094 3.759215
v -9.284785 0.000001 13.185251
v -9.241700 4.945526 12.651420
v 0.000000 -0.022276 15.021928
v 0.000000 4.358894 14.103589
v 0.000000 4.358894 14.103589
v 0.000000 -0.022276 15.021928
v 6.802020 4.797011 13.035927
v 9.284785 0.000001 13.185251
v 11.681380 4.945526 8.153054
v 16.765392 1.240094 3.759215
v 15.952165 5.740077 3.591226
v -15.952165 5.740077 3.591226
v -15.661342 6.259875 -9.806810
v -17.023901 1.574250 -10.318243
v 0.000000 7.121258 -16.391970
v 0.000000 2.168307 -17.429768
v 15.661342 6.259875 -9.806810
v 17.023901 1.574250 -10.318243
v 15.952165 5.740077 3.591226
v 16.765392 1.240094 3.759215
vn -0.6676 -0.5890 -0.4554
vn -0.7565 -0.6067 -0.2442
vn -0.6134 0.6213 -0.4875
vn -0.7786 -0.6055 0.1651
vn -0.8253 0.5581 0.0864
vn -0.8253 0.5581 0.0865
vn -0.7556 0.0473 -0.6533
vn -0.6134 0.6212 -0.4876
vn -0.0000 0.6456 -0.7637
vn -0.6676 -0.5889 -0.4555
vn 0.7556 0.0472 -0.6533
vn 0.6134 0.6213 -0.4876
vn -0.0000 0.0785 -0.9969
vn -0.0001 0.6456 -0.7637
vn 0.7564 -0.6068 -0.2442
vn 0.6676 -0.5890 -0.4554
vn -0.0000 -0.6199 -0.7847
vn 0.7557 0.0473 -0.6533
vn 0.9943 0.0313 0.1018
vn 0.6135 0.6213 -0.4875
vn 0.8253 0.5580 0.0864
vn -0.0941 -0.1254 0.9876
vn 0.5127 0.8045 -0.2997
vn 0.5033 0.8415 0.1966
vn 0.9910 0.1337 -0.0000
vn -0.7622 0.0628 0.6443
vn -0.5582 -0.3773 0.7390
vn -0.0000 -0.1491 0.9888
vn -0.5362 -0.0236 0.8438
vn -0.0000 0.1491 0.9888
vn -0.4811 0.1262 0.8675
vn 0.5362 -0.0236 0.8438
vn 0.4811 0.1262 0.8675
vn -0.0000 0.3139 0.9495
vn 0.0941 -0.1254 0.9876
vn 0.7476 -0.3934 -0.5351
vn 0.1018 0.9948 -0.0079
vn 0.5026 0.8247 0.2592
vn -0.2443 -0.2757 0.9297
vn -0.0001 -0.6199 -0.7847
vn 0.6676 -0.5890 -0.4555
vn -0.0000 -0.9989 0.0472
vn 0.7565 -0.6067 -0.2443
vn 0.7785 -0.6055 0.1652
vn -0.0000 -0.6198 -0.7847
vn -0.0000 1.0000 -0.0000
vn -0.0000 0.8404 -0.5420
vn -0.5115 0.8026 -0.3069
vn -0.7556 0.0472 -0.6533
vn -0.2759 -0.6307 0.7254
vn -0.7785 -0.6055 0.1652
vn -0.7565 -0.6067 -0.2443
vn -0.6676 -0.5890 -0.4555
vn 0.8716 -0.2827 0.4005
vn -0.0000 0.9995 -0.0315
vn -0.0157 0.8864 0.4627
vn -0.9017 -0.3058 0.3058
vn 0.2759 -0.6307 0.7253
vn 0.0001 -0.5271 0.8498
vn 0.8547 -0.5018 0.1333
vn 0.5582 -0.3616 0.7468
vn 0.5593 0.0551 0.8271
vn -0.0000 -0.2664 0.9639
vn -0.0000 0.0940 0.9956
vn -0.5593 0.0551 0.8271
vn 0.7251 0.0630 -0.6857
vn -0.0000 0.1018 -0.9948
vn -0.7379 0.1021 -0.6672
vn 0.7397 0.1259 -0.6610
vn -0.0235 0.0785 -0.9966
vn -0.7563 0.0236 -0.6539
vn -0.3143 -0.3928 0.8642
vn -0.3068 0.9518 -0.0000
vn -0.7668 0.6417 -0.0157
vn -0.2433 -0.3925 -0.8870
vn 0.3066 -0.3616 -0.8805
vn 0.1414 0.9899 -0.0000
vn 0.5834 0.8121 0.0157
vn 0.2205 -0.3622 0.9056
vn 0.7066 -0.3925 -0.5888
vn 0.0941 0.9954 -0.0157
vn 0.5199 0.8273 0.2128
vn -0.1657 -0.2761 0.9467
vn -0.6905 -0.3452 0.6356
vn -0.1654 0.9842 -0.0630
vn -0.6679 0.6916 -0.2750
vn -0.0000 -0.3443 -0.9389
vn -0.2738 -0.3598 -0.8919
vn 0.1178 0.9899 -0.0786
vn 0.4808 0.8119 -0.3311
vn 0.7227 -0.3613 0.5892
vn -0.8488 -0.3929 -0.3537
vn 0.0078 0.9413 -0.3373
vn 0.0314 0.5973 -0.8014
vn 0.8800 -0.3928 -0.2671
vn -0.6055 -0.3931 0.6920
vn -0.3140 0.9421 -0.1178
vn -0.7522 0.5956 -0.2821
vn 0.0157 -0.3929 -0.9194
vn 0.2909 -0.4089 0.8650
vn -0.0315 0.9915 0.1259
vn -0.4010 0.7944 0.4562
vn -0.8110 -0.2835 -0.5118
vn 0.2679 -0.3861 0.8827
vn -0.1566 0.9787 0.1331
vn -0.5288 0.7340 0.4261
vn -0.7240 -0.3698 -0.5823
vn 0.9288 -0.3699 -0.0236
vn 0.1025 0.9380 0.3311
vn 0.2356 0.6129 0.7542
vn -0.6728 -0.4067 0.6180
vn -0.0000 0.5363 -0.8440
vn -0.5431 0.4250 -0.7241
vn -0.7730 0.3944 -0.4969
vn -0.9419 0.2669 -0.2041
vn -0.9283 0.3617 0.0865
vn -0.8783 0.3137 0.3607
vn -0.6376 0.2834 0.7164
vn -0.4635 0.1964 0.8641
vn -0.0000 0.1810 0.9835
vn -0.5033 0.8414 0.1966
vn -0.0000 0.8084 0.5887
vn 0.7618 0.0706 0.6440
vn -0.7557 0.0472 -0.6533
vn -0.8253 0.5580 0.0865
vn -0.9943 0.0313 0.1018
vn -0.5274 0.5431 0.6533
vn -0.5593 0.0552 0.8271
vn -0.0000 0.5565 0.8308
vn -0.0000 0.0941 0.9956
vn 0.5274 0.5431 0.6534
vn 0.5593 0.0552 0.8271
vn 0.8253 0.5581 0.0865
vn 0.7565 -0.6067 -0.2442
vn -0.0000 -0.5272 0.8497
vn -0.2758 -0.6307 0.7253
vn -0.7785 -0.6055 0.1651
vn -0.0000 0.2111 0.9775
vn 0.4573 0.1971 0.8672
vn 0.6376 0.2834 0.7164
vn 0.8783 0.3137 0.3607
vn 0.9282 0.3618 0.0865
vn 0.9419 0.2669 -0.2041
vn 0.7730 0.3944 -0.4969
vn 0.5431 0.4251 -0.7241
vn -0.0000 0.5272 -0.8498
vn -0.8546 -0.5018 0.1333
vn -0.9910 0.1337 -0.0000
vn -0.6544 -0.4810 -0.5834
vn -0.7289 -0.1881 -0.6583
vn -0.0000 -0.4877 -0.8730
vn -0.0000 -0.1414 -0.9900
vn 0.6549 -0.4892 -0.5760
vn 0.7315 -0.1966 -0.6529
vn 0.8546 -0.5018 0.1333
vn -0.8547 -0.5018 0.1333
vn -0.6544 -0.4809 -0.5835
vn -0.0000 -0.4876 -0.8731
vn -0.0000 -0.2665 0.9638
vn 0.5581 -0.3616 0.7468
vn 0.9925 0.0866 0.0867
vn 0.6140 0.2283 0.7556
vn 0.6139 0.2283 0.7556
vn 0.0471 0.3764 0.9253
vn 0.0470 0.3764 0.9253
vn -0.5826 0.2992 0.7557
vn -0.5825 0.2992 0.7558
vn -0.9886 0.1176 0.0941
vn -0.9886 0.1177 0.0941
vn -0.7379 0.1020 -0.6672
vn 0.9781 0.1721 0.1174
vn 0.5908 0.3545 0.7247
vn 0.5908 0.3545 0.7248
vn 0.0548 0.4465 0.8931
vn 0.0548 0.4466 0.8931
vn -0.5912 0.2995 0.7488
vn -0.9944 0.0783 0.0705
vn -0.7563 0.0236 -0.6538
vn -0.4557 0.0629 -0.8879
vn -0.0000 0.5746 -0.8185
vn -0.2202 -0.5191 -0.8258
vn -0.0628 -0.5963 0.8003
vn 0.5979 0.5427 0.5899
vn 0.1026 0.5842 0.8051
vn 0.3295 -0.8788 -0.3452
vn 0.7672 0.6029 -0.2192
vn 0.8843 -0.1500 0.4422
vn -0.7147 -0.0236 0.6990
vn -0.5506 -0.8338 -0.0393
vn -0.4239 0.0707 0.9029
vn 0.3610 -0.2354 -0.9024
vn 0.7802 0.2050 0.5911
vn 0.7802 0.2049 0.5910
vn -0.5325 0.8458 0.0313
vn -0.7141 0.0471 -0.6985
vn -0.9997 0.0236 -0.0000
vn -0.2126 0.9763 0.0394
vn -0.0000 -0.9989 -0.0472
vn 0.6456 -0.5669 -0.5117
vn 0.1017 -0.9390 -0.3286
vn -0.2981 -0.4080 0.8630
vn -0.1414 -0.9898 0.0157
vn 0.1961 -0.1726 0.9653
vn 0.3296 -0.8787 -0.3453
vn 0.8843 -0.1500 0.4421
vn 0.7845 -0.3530 0.5099
vn -0.5797 -0.7521 0.3134
vn -0.1731 -0.9838 0.0472
vn -0.9099 -0.4000 0.1098
vn -0.8466 -0.5252 0.0862
vn -0.0628 -0.5964 0.8003
vn 0.5968 -0.6125 -0.5183
vn -0.6305 -0.6384 -0.4414
vn 0.4876 0.1652 -0.8573
vn -0.4934 -0.5952 -0.6343
vn -0.0000 -0.7598 -0.6502
vn 0.1809 0.9832 0.0236
vn 0.7938 0.5895 -0.1493
vn 0.9217 -0.3782 -0.0866
vn -0.6305 -0.6385 -0.4414
vn -0.2981 -0.4079 0.8630
vn -0.4087 -0.9039 -0.1258
vn -0.4240 0.0707 0.9029
vn -0.4558 0.0629 -0.8879
vn 0.7672 0.6028 -0.2192
vn -0.8419 0.2754 0.4642
vn -0.5041 0.1496 0.8506
vn -0.4621 0.0548 0.8851
vn -0.0000 0.0863 0.9963
vn 0.3466 0.1261 0.9295
vn 0.5287 0.2446 0.8128
vn 0.7541 -0.0785 0.6520
vn 0.8187 0.3149 0.4802
vn 0.9221 -0.0236 0.3862
vn -0.9288 0.0236 0.3699
vn -0.8748 0.1813 -0.4492
vn -0.8276 0.3468 -0.4414
vn -0.0000 0.2203 -0.9754
vn 0.8748 0.1813 -0.4493
vn 0.8276 0.3468 -0.4414
vn 0.9221 -0.0237 0.3862
vt 0.279419 0.989990
vt 0.137878 0.989990
vt 0.208649 0.847198
vt 0.023743 0.989990
vt 0.023743 0.847198
vt 0.208649 0.783600
vt 0.431152 0.847198
vt 0.431152 0.783600
vt 0.550812 0.989990
vt 0.023743 0.783600
vt 0.086334 0.634460
vt 0.022095 0.553894
vt 0.086334 0.553894
vt 0.733917 0.035522
vt 0.805847 0.035522
vt 0.778015 0.074097
vt 0.835052 0.074097
vt 0.876892 0.087585
vt 0.929565 0.074097
vt 0.013916 0.590759
vt 0.009979 0.590759
vt 0.013916 0.580505
vt 0.022095 0.634460
vt 0.009979 0.580505
vt 0.448792 0.836670
vt 0.507782 0.836670
vt 0.507782 0.723236
vt 0.556976 0.836670
vt 0.426239 0.935425
vt 0.408020 0.914062
vt 0.351562 0.939697
vt 0.389801 0.892700
vt 0.344513 0.888916
vt 0.777863 0.009094
vt 0.663818 0.035522
vt 0.289551 0.916595
vt 0.276917 0.943970
vt 0.023743 0.647949
vt 0.200684 0.647949
vt 0.241669 0.783600
vt 0.352600 0.647949
vt 0.352600 0.783600
vt 0.673523 0.711060
vt 0.930695 0.711060
vt 0.930695 0.647461
vt 0.673523 0.647461
vt 0.402618 0.662354
vt 0.335846 0.769073
vt 0.311096 0.662354
vt 0.265259 0.769073
vt 0.204010 0.662354
vt 0.179871 0.769073
vt 0.097656 0.662354
vt 0.097656 0.769073
vt 0.023834 0.662354
vt 0.929565 0.035522
vt 0.208649 0.989990
vt 0.431152 0.989990
vt 0.023834 0.769073
vt 0.402618 0.769073
vt 0.778015 0.087585
vt 0.719910 0.087585
vt 0.717621 0.074097
vt 0.663818 0.087585
vt 0.663818 0.074097
vt 0.187012 0.647949
vt 0.187012 0.783600
vt 0.929565 0.087585
vt 0.448120 0.647461
vt 0.448120 0.711060
vt 0.574371 0.776428
vt 0.595856 0.878876
vt 0.574371 0.828766
vt 0.717072 0.929779
vt 0.696014 0.932129
vt 0.696014 0.878876
vt 0.758423 0.982910
vt 0.802521 0.982910
vt 0.785217 0.989990
vt 0.708801 0.748474
vt 0.660461 0.747009
vt 0.758148 0.776428
vt 0.784607 0.872345
vt 0.805817 0.891693
vt 0.717072 0.878876
vt 0.619720 0.748474
vt 0.660461 0.720093
vt 0.660461 0.776428
vt 0.873505 0.909271
vt 0.841217 0.866882
vt 0.860199 0.822662
vt 0.758148 0.805389
vt 0.758148 0.859741
vt 0.738953 0.918762
vt 0.758148 0.989990
vt 0.738037 0.989990
vt 0.696014 0.972198
vt 0.717072 0.989990
vt 0.651306 0.989990
vt 0.872375 0.970032
vt 0.806213 0.989990
vt 0.872375 0.945221
vt 0.806335 0.944977
vt 0.595093 0.972198
vt 0.574371 0.989990
vt 0.595276 0.939819
vt 0.574371 0.922455
vt 0.574371 0.864349
vt 0.651581 0.878876
vt 0.651581 0.937256
vt 0.651581 0.972198
vt 0.575073 0.989990
vt 0.758423 0.861420
vt 0.758423 0.825562
vt 0.853912 0.768250
vt 0.758423 0.776428
vt 0.891571 0.744812
vt 0.933380 0.776428
vt 0.933380 0.841644
vt 0.933380 0.885254
vt 0.933380 0.957062
vt 0.933380 0.989990
vt 0.872375 0.989990
vt 0.371887 0.550446
vt 0.246765 0.550446
vt 0.246765 0.639648
vt 0.110779 0.550446
vt 0.110779 0.639648
vt 0.523865 0.639648
vt 0.523865 0.550446
vt 0.399445 0.639648
vt 0.336365 0.550446
vt 0.280182 0.639648
vt 0.181244 0.550446
vt 0.181244 0.639648
vt 0.371887 0.639648
vt 0.530060 0.639648
vt 0.530060 0.550446
vt 0.321045 0.639648
vt 0.321045 0.550446
vt 0.270203 0.639648
vt 0.270203 0.550446
s 1
usemtl npc01_07
f 507/239/396 508/240/397 509/241/398
f 509/241/398 508/240/397 510/242/399
f 509/241/398 510/242/399 511/243/400
f 512/243/401 513/244/402 514/241/403
f 514/241/403 513/244/402 515/245/404
f 514/241/403 515/245/404 516/239/405
f 517/244/406 518/241/407 519/246/408
f 519/246/408 518/241/407 520/245/409
f 521/240/410 522/239/411 523/241/407
f 523/241/407 522/239/411 524/247/412
f 523/241/407 524/247/412 525/245/404
f 526/244/413 527/248/414 528/241/415
f 528/241/415 527/248/414 529/243/416
f 528/241/415 529/243/416 530/240/410
f 531/249/417 532/250/417 533/251/417
f 534/252/418 535/253/419 536/254/420
f 537/255/421 538/256/422 539/257/423
f 540/258/424 541/259/425 542/260/426
f 532/250/417 531/249/417 543/261/417
f 544/258/427 545/260/428 541/259/425
f 541/259/425 545/260/428 546/262/429
f 541/259/425 546/262/429 542/260/426
f 547/261/430 548/249/430 549/250/430
f 549/250/430 548/249/430 550/251/430
f 551/263/431 552/264/432 553/265/433
f 553/265/433 552/264/432 554/266/434
f 553/265/433 554/266/434 551/263/431
f 555/267/435 556/268/436 557/269/437
f 557/269/437 556/268/436 558/270/438
f 557/269/437 558/270/438 559/271/439
f 560/247/440 561/239/405 562/245/404
f 535/253/419 534/252/418 563/272/441
f 563/272/441 534/252/418 564/273/442
f 563/272/441 564/273/442 565/252/443
f 566/246/408 562/245/404 567/244/444
f 557/269/437 568/274/445 569/271/446
f 569/271/446 570/270/447 557/269/437
f 557/269/437 570/270/447 571/268/448
f 557/269/437 571/268/448 555/267/435
f 572/263/449 573/264/450 574/265/451
f 574/265/451 573/264/450 575/266/452
f 574/265/451 575/266/452 572/263/449
f 559/271/439 576/274/453 557/269/437
f 557/269/437 576/274/453 577/275/454
f 557/269/437 577/275/454 568/274/445
f 578/276/455 579/277/456 580/278/457
f 580/278/457 579/277/456 581/279/458
f 580/278/457 581/279/458 582/280/459
f 582/280/459 581/279/458 583/278/460
f 584/281/461 585/282/462 586/283/462
f 586/283/462 585/282/462 587/284/463
f 588/281/464 589/282/465 590/283/465
f 590/283/465 589/282/465 591/284/466
f 592/263/467 593/264/468 594/265/469
f 594/265/469 593/264/468 595/266/470
f 594/265/469 595/266/470 592/263/467
f 596/263/471 597/264/472 598/265/473
f 598/265/473 597/264/472 599/266/474
f 598/265/473 599/266/474 596/263/471
f 600/263/475 601/264/476 602/265/477
f 602/265/477 601/264/476 603/266/478
f 602/265/477 603/266/478 600/263/475
f 604/263/479 605/264/480 606/265/481
f 606/265/481 605/264/480 607/266/482
f 606/265/481 607/266/482 604/263/479
f 608/263/483 609/264/484 610/265/485
f 610/265/485 609/264/484 611/266/486
f 610/265/485 611/266/486 608/263/483
f 612/263/487 613/264/488 614/265/489
f 614/265/489 613/264/488 615/266/490
f 614/265/489 615/266/490 612/263/487
f 616/263/491 617/264/492 618/265/493
f 618/265/493 617/264/492 619/266/494
f 618/265/493 619/266/494 616/263/491
f 620/263/495 621/264/496 622/265/497
f 622/265/497 621/264/496 623/266/498
f 622/265/497 623/266/498 620/263/495
f 624/263/499 625/264/500 626/265/501
f 626/265/501 625/264/500 627/266/502
f 626/265/501 627/266/502 624/263/499
f 628/263/503 629/264/504 630/265/505
f 630/265/505 629/264/504 631/266/506
f 630/265/505 631/266/506 628/263/503
f 632/285/507 633/286/508 634/287/509
f 634/287/509 633/286/508 635/288/510
f 634/287/509 635/288/510 636/289/511
f 636/289/511 635/288/510 637/290/512
f 636/289/511 637/290/512 638/291/513
f 638/291/513 637/290/512 639/292/514
f 638/291/513 639/292/514 640/293/515
f 565/252/443 641/253/516 563/272/441
f 563/272/441 641/253/516 642/294/517
f 563/272/441 642/294/517 535/253/419
f 535/253/419 642/294/517 643/255/518
f 535/253/419 643/255/518 536/254/420
f 567/244/519 644/243/520 645/248/521
f 645/248/521 644/243/520 646/241/522
f 645/248/521 646/241/522 647/244/523
f 647/244/523 646/241/522 648/245/524
f 647/244/523 648/245/524 649/246/525
f 649/246/525 648/245/524 650/241/526
f 649/246/525 650/241/526 651/244/527
f 651/244/527 650/241/526 652/243/528
f 651/244/527 652/243/528 653/248/414
f 654/240/529 652/243/528 655/242/439
f 655/242/439 652/243/528 650/241/526
f 655/242/439 650/241/526 656/295/453
f 656/295/453 650/241/526 648/245/524
f 656/295/453 648/245/524 657/296/530
f 657/296/530 648/245/524 646/241/522
f 657/296/530 646/241/522 658/295/531
f 658/295/531 646/241/522 644/243/520
f 658/295/531 644/243/520 659/242/532
f 639/292/514 660/297/533 640/293/515
f 640/293/515 660/297/533 661/292/534
f 640/293/515 661/292/534 662/291/535
f 662/291/535 661/292/534 663/290/536
f 662/291/535 663/290/536 664/289/537
f 664/289/537 663/290/536 665/288/538
f 664/289/537 665/288/538 666/287/539
f 666/287/539 665/288/538 667/286/540
f 666/287/539 667/286/540 632/285/507
f 632/285/507 667/286/540 668/298/541
f 632/285/507 668/298/541 633/286/508
f 538/256/422 537/255/421 669/299/542
f 669/299/542 537/255/421 670/254/543
f 669/299/542 670/254/543 671/300/544
f 671/300/544 670/254/543 672/301/545
f 671/300/544 672/301/545 673/302/546
f 673/302/546 672/301/545 674/303/547
f 673/302/546 674/303/547 675/300/548
f 675/300/548 674/303/547 676/301/549
f 675/300/548 676/301/549 677/299/550
f 581/279/458 678/277/422 583/278/460
f 583/278/460 678/277/422 679/276/551
f 583/278/460 679/276/551 645/248/521
f 645/248/521 679/276/551 680/304/552
f 645/248/521 680/304/552 681/305/444
f 681/305/444 680/304/552 682/279/553
f 681/305/444 682/279/553 683/280/408
f 683/280/408 682/279/553 684/304/548
f 683/280/408 684/304/548 685/305/406
f 685/305/406 684/304/548 578/276/455
f 685/305/406 578/276/455 653/248/414
f 653/248/414 578/276/455 580/278/457
f 538/256/422 686/306/554 539/257/423
f 539/257/423 686/306/554 687/256/555
f 539/257/423 687/256/555 643/255/518
f 643/255/518 687/256/555 677/299/550
f 643/255/518 677/299/550 536/254/420
f 536/254/420 677/299/550 676/301/549
f 536/254/420 676/301/549 534/252/418
f 534/252/418 676/301/549 674/303/547
f 534/252/418 674/303/547 564/273/442
f 564/273/442 674/303/547 672/301/545
f 564/273/442 672/301/545 565/252/443
f 565/252/443 672/301/545 670/254/543
f 565/252/443 670/254/543 641/253/516
f 641/253/516 670/254/543 537/255/421
f 641/253/516 537/255/421 642/294/517
f 642/294/517 537/255/421 539/257/423
f 642/294/517 539/257/423 643/255/518
f 586/283/462 688/284/461 584/281/461
f 584/281/461 688/284/461 689/307/556
f 584/281/461 689/307/556 690/308/556
f 690/308/556 689/307/556 691/284/557
f 690/308/556 691/284/557 692/281/558
f 692/281/558 691/284/557 693/283/559
f 692/281/558 693/283/559 694/282/560
f 694/282/560 693/283/559 695/284/561
f 694/282/560 695/284/561 696/281/562
f 696/281/562 695/284/561 697/307/563
f 696/281/562 697/307/563 698/308/564
f 698/308/564 697/307/563 587/284/463
f 698/308/564 587/284/463 699/281/565
f 699/281/565 587/284/463 585/282/462
f 590/283/465 700/284/464 588/281/464
f 588/281/464 700/284/464 701/307/566
f 588/281/464 701/307/566 702/308/566
f 702/308/566 701/307/566 703/284/567
f 702/308/566 703/284/567 704/281/568
f 704/281/568 703/284/567 705/283/569
f 704/281/568 705/283/569 706/282/570
f 706/282/570 705/283/569 707/284/571
f 706/282/570 707/284/571 708/281/571
f 708/281/571 707/284/571 709/307/572
f 708/281/571 709/307/572 710/308/572
f 710/308/572 709/307/572 591/284/466
f 710/308/572 591/284/466 711/281/573
f 711/281/573 591/284/466 589/282/465
f 712/309/574 713/310/575 714/311/576
f 715/312/577 716/313/578 717/314/579
f 718/315/580 719/316/581 720/317/582
f 721/318/583 722/319/584 723/320/585
f 719/316/581 724/321/586 725/322/587
f 717/314/579 726/323/588 715/312/577
f 727/319/589 728/324/590 729/325/591
f 713/310/575 712/309/574 730/326/592
f 731/327/593 732/328/594 733/329/595
f 734/330/596 735/331/597 736/332/598
f 736/332/598 735/331/597 737/333/599
f 736/332/598 737/333/599 738/334/600
f 716/313/578 715/312/577 739/335/601
f 739/335/601 715/312/577 740/336/602
f 739/335/601 740/336/602 741/337/603
f 742/338/604 743/339/602 744/340/605
f 744/340/605 743/339/602 745/341/606
f 744/340/605 745/341/606 731/327/593
f 731/327/593 745/341/606 725/322/587
f 731/327/593 725/322/587 732/328/594
f 732/328/594 725/322/587 724/321/586
f 732/328/594 724/321/586 733/329/595
f 746/342/607 747/343/608 748/344/609
f 748/344/609 747/343/608 749/345/610
f 748/344/609 749/345/610 713/310/575
f 713/310/575 749/345/610 750/346/611
f 713/310/575 750/346/611 714/311/576
f 730/326/592 751/347/612 713/310/575
f 713/310/575 751/347/612 752/348/613
f 713/310/575 752/348/613 748/344/609
f 748/344/609 752/348/613 753/349/614
f 748/344/609 753/349/614 746/342/607
f 730/326/592 717/314/579 751/347/612
f 751/347/612 717/314/579 716/313/578
f 751/347/612 716/313/578 752/348/613
f 752/348/613 716/313/578 739/335/601
f 752/348/613 739/335/601 753/349/614
f 753/349/614 739/335/601 741/337/603
f 753/349/614 741/337/603 746/342/607
f 746/342/607 741/337/603 754/350/615
f 719/316/581 718/315/580 724/321/586
f 724/321/586 718/315/580 755/351/597
f 724/321/586 755/351/597 733/329/595
f 733/329/595 755/351/597 756/352/616
f 733/329/595 756/352/616 757/353/617
f 757/353/617 756/352/616 758/354/618
f 757/353/617 758/354/618 759/355/584
f 759/355/584 760/356/619 757/353/617
f 757/353/617 760/356/619 761/357/576
f 757/353/617 761/357/576 733/329/595
f 733/329/595 761/357/576 762/358/611
f 733/329/595 762/358/611 731/327/593
f 731/327/593 762/358/611 763/359/610
f 731/327/593 763/359/610 744/340/605
f 744/340/605 763/359/610 764/360/615
f 744/340/605 764/360/615 742/338/604
f 742/338/604 764/360/615 765/361/603
f 742/338/604 765/361/603 743/339/602
f 723/320/585 727/319/589 721/318/583
f 721/318/583 727/319/589 729/325/591
f 721/318/583 729/325/591 722/319/584
f 722/319/584 729/325/591 728/324/590
f 722/319/584 728/324/590 712/309/574
f 712/309/574 728/324/590 727/319/589
f 712/309/574 727/319/589 730/326/592
f 730/326/592 727/319/589 723/320/585
f 730/326/592 723/320/585 717/314/579
f 717/314/579 723/320/585 734/330/596
f 717/314/579 734/330/596 726/323/588
f 726/323/588 734/330/596 736/332/598
f 726/323/588 736/332/598 766/336/620
f 766/336/620 736/332/598 738/334/600
f 767/362/621 768/363/622 769/364/623
f 769/364/623 768/363/622 770/365/425
f 769/364/623 770/365/425 771/366/624
f 772/367/624 773/368/425 774/369/625
f 774/369/625 773/368/425 775/370/626
f 774/369/625 775/370/626 776/371/627
f 776/371/627 775/370/626 777/372/628
f 776/371/627 777/372/628 778/373/629
f 769/364/623 779/374/630 767/362/621
f 767/362/621 779/374/630 780/375/631
f 767/362/621 780/375/631 781/376/632
f 781/376/632 780/375/631 782/377/633
f 781/376/632 782/377/633 783/378/633
f 783/378/633 782/377/633 784/366/634
f 783/378/633 784/366/634 785/365/635
f 785/365/635 784/366/634 786/379/636
f 785/365/635 786/379/636 787/380/628
o npc_01-0001-18
v 36.029705 13.269749 5.666820
v 31.543495 13.061829 5.274846
v 33.686966 18.735073 -4.408773
v 30.514845 18.363789 -3.762949
v 30.552544 26.168213 -2.183856
v 19.172758 28.373648 -1.713487
v 20.244493 29.695425 6.532894
v 31.543495 13.061829 5.274846
v 18.057938 12.133615 3.654688
v 19.253542 16.655874 -6.066262
v 16.172976 14.717762 -7.085393
v 13.383231 21.267241 -7.932804
v 14.223386 12.883611 -8.806345
v 0.000000 13.507370 -15.051793
v 0.000000 7.121258 -16.391970
v -14.223386 12.883611 -8.806345
v 15.661342 6.259875 -9.806810
v 0.000000 7.121258 -16.391970
v 14.223386 12.883611 -8.806345
v 12.521534 31.730070 -2.583296
v 19.824415 31.492449 6.741947
v 19.291241 30.059284 -2.000935
v 13.383231 21.267241 -7.932804
v 0.000000 17.962797 -13.412970
v 13.383231 22.329119 -8.922071
v 0.000000 19.024673 -14.909937
v 0.000000 25.692965 -12.632756
v 0.000000 34.076595 -5.510034
v 8.773152 33.631054 -1.160992
v 0.000000 31.054331 -8.619692
v 12.521534 31.730070 -2.583296
v 19.824415 31.492449 6.741947
v 12.521534 31.730070 -2.583296
v 12.505377 32.324127 7.245913
v 8.773152 33.631054 -1.160992
v 7.313653 34.002338 7.925333
v 19.172758 28.373648 -1.713487
v 13.383231 21.267241 -7.932804
v 19.291241 30.059284 -2.000935
v 13.383231 22.329119 -8.922071
v 12.521534 31.730070 -2.583296
v 0.000000 25.692965 -12.632756
v 0.000000 31.054331 -8.619692
v 4.787804 32.947887 7.880537
v 7.313653 34.002338 7.925333
v 5.536403 35.762234 0.981798
v 8.773152 33.631054 -1.160992
v 0.000000 35.866192 -2.587030
v 0.000000 34.076595 -5.510034
v -8.773152 33.631054 -1.160992
v 0.000000 31.054331 -8.619692
v -12.521534 31.730070 -2.583296
v 0.000000 25.692965 -12.632756
v -13.383231 22.329119 -8.922071
v 0.000000 19.024673 -14.909937
v -15.952165 5.740077 3.591226
v -16.296844 10.017286 3.736816
v -15.661342 6.259875 -9.806810
v -14.223386 12.883611 -8.806345
v -13.383231 21.267241 -7.932804
v 0.000000 13.507370 -15.051793
v 0.000000 17.962797 -13.412970
v 13.383231 21.267241 -7.932804
v -16.296844 10.017286 3.736816
v -15.952165 5.740077 3.591226
v -9.575608 11.279659 13.091923
v -9.241700 4.945526 12.651420
v -30.552544 26.168213 -2.183856
v -31.268829 29.019686 6.447032
v -20.244493 29.695425 6.532894
v -28.069778 22.455355 11.277643
v -17.519377 21.400906 12.838072
v -21.709377 15.586572 10.908069
v -14.724247 15.141029 12.311708
v -35.539616 29.881067 6.682217
v -31.268829 29.019686 6.447032
v -33.536167 26.383556 -2.781149
v -30.552544 26.168213 -2.183856
v -30.514845 18.363789 -3.762949
v -19.172758 28.373648 -1.713487
v -19.253542 16.655874 -6.066262
v -13.383231 21.267241 -7.932804
v -16.172976 14.717762 -7.085393
v -14.223386 12.883611 -8.806345
v 0.000000 7.121258 -16.391970
v -14.223386 12.883611 -8.806345
v -16.296844 10.017286 3.736816
v -16.172976 14.717762 -7.085393
v -18.057938 12.133615 3.654688
v -19.253542 16.655874 -6.066262
v -31.543495 13.061829 5.274846
v -30.514845 18.363789 -3.762949
v -33.686966 18.735073 -4.408773
v -33.536167 26.383556 -2.781149
v -37.155296 27.645927 -2.277183
v -35.539616 29.881067 6.682217
v -9.575608 11.279659 13.091923
v -12.311495 12.735098 12.726080
v -16.296844 10.017286 3.736816
v -14.724247 15.141029 12.311708
v -18.057938 12.133615 3.654688
v -21.709377 15.586572 10.908069
v -31.543495 13.061829 5.274846
v -28.069778 22.455355 11.277643
v -32.889896 22.960304 11.983196
v -31.268829 29.019686 6.447032
v -36.573650 23.138521 12.531960
v 0.000000 19.789526 17.306574
v -8.864708 21.051897 15.895467
v 0.000000 13.997469 17.567888
v 2.633561 25.232574 14.689681
v -6.398100 28.425631 13.696681
v 11.681380 4.945526 8.153054
v 5.627958 8.049474 13.461498
v 6.802020 4.797011 13.035927
v -13.453244 15.133604 13.543626
v -16.496111 11.754904 14.148385
v -8.983191 11.472727 14.454498
v -9.990299 7.388585 14.566491
v -13.173192 21.096453 15.186181
v -8.983191 11.472727 14.454498
v -7.992239 14.546972 16.627151
v 0.000000 9.348973 15.010728
v -21.617823 19.039530 14.323839
v -16.496111 11.754904 14.148385
v -16.797705 21.348927 14.405967
v -13.453244 15.133604 13.543626
v -13.383231 22.329119 -8.922071
v -19.291241 30.059284 -2.000935
v -12.521534 31.730070 -2.583296
v -19.824415 31.492449 6.741947
v -12.505377 32.324127 7.245913
v -16.797705 21.348927 14.405967
v -13.173192 21.096453 15.186181
v -14.955828 16.544491 13.931866
v -8.983191 11.472727 14.454498
v 0.000000 8.584125 14.189449
v 0.000000 9.348973 15.010728
v -9.575608 11.279659 13.091923
v -12.311495 12.735098 12.726080
v -14.724247 15.141029 12.311708
v -17.519377 21.400906 12.838072
v -20.244493 29.695425 6.532894
v -19.291241 30.059284 -2.000935
v -19.172758 28.373648 -1.713487
v -13.383231 22.329119 -8.922071
v -13.383231 21.267241 -7.932804
v 0.000000 19.024673 -14.909937
v 0.000000 17.962797 -13.412970
v 0.000000 8.584125 14.189449
v 5.627958 8.049474 13.461498
v 0.000000 9.348973 15.010728
v -7.992239 14.546972 16.627151
v -6.398100 28.425631 13.696681
v -7.313653 34.002338 7.925333
v -8.773152 33.631054 -1.160992
v -5.536403 35.762234 0.981798
v 0.000000 35.866192 -2.587030
v 0.000000 8.584125 14.189449
v 6.802020 4.797011 13.035927
v 5.627958 8.049474 13.461498
v -13.383231 22.329119 -8.922071
v -16.070648 19.410812 -8.922071
v -19.291241 30.059284 -2.000935
v -23.588955 28.121174 -2.000935
v -9.575608 11.279659 13.091923
v -9.241700 4.945526 12.651420
v 0.000000 8.584125 14.189449
v 0.000000 4.358894 14.103589
v 6.802020 4.797011 13.035927
v -8.864708 21.051897 15.895467
v 0.000000 19.789526 17.306574
v -6.398100 28.425631 13.696681
v 17.023901 1.574250 -10.318243
v 22.097141 -11.027184 -9.228181
v 19.695162 -11.086590 -13.192716
v -13.700982 -18.801903 15.092857
v -15.225108 -25.477617 15.876806
v 0.000000 -26.175634 18.699017
v 17.023901 1.574250 -10.318243
v 19.695162 -11.086590 -13.192716
v 0.000000 2.168307 -17.429768
v -13.700982 -18.801903 15.092857
v 0.000000 -26.175634 18.699017
v 0.000000 -19.002398 17.691084
v 15.225108 -25.477617 15.876806
v 13.700982 -18.801903 15.092857
v 25.802439 -17.628641 6.002800
v -19.695162 -11.086590 -13.192716
v -23.685896 -16.923199 -8.604756
v -22.097141 -11.027184 -9.228181
v -25.802439 -17.628641 6.002800
v -23.529713 -11.524706 5.584694
v -13.700982 -18.801903 15.092857
v -12.451521 -13.121233 14.562760
v 0.000000 -19.002398 17.691084
v 0.000000 -13.559350 16.825008
v 13.700982 -18.801903 15.092857
v 12.451521 -13.121233 14.562760
v 25.802439 -17.628641 6.002800
v 23.529713 -11.524706 5.584694
v 23.685896 -16.923199 -8.604756
v 22.097141 -11.027184 -9.228181
v 20.669956 -16.856369 -14.122254
v 19.695162 -11.086590 -13.192716
v 0.000000 -16.499935 -20.390100
v 0.000000 -10.767285 -19.482962
v -20.669956 -16.856369 -14.122254
v 0.000000 -0.022276 15.021928
v 0.000000 -13.559350 16.825008
v 12.451521 -13.121233 14.562760
v 23.685896 -16.923199 -8.604756
v 25.802439 -17.628641 6.002800
v 27.805883 -24.549406 6.267849
v 15.225108 -25.477617 15.876806
v 0.000000 -13.559350 16.825008
v 0.000000 -0.022276 15.021928
v -12.451521 -13.121233 14.562760
v -9.284785 0.000001 13.185251
v -16.765392 1.240094 3.759215
v 27.805883 -24.549406 6.267849
v 25.587013 -23.517233 -7.970131
v 23.685896 -16.923199 -8.604756
v 21.300072 -23.034563 -15.133918
v 20.669956 -16.856369 -14.122254
v 10.825068 -22.967731 -19.609884
v 0.000000 -16.499935 -20.390100
v 0.000000 -23.123671 -21.439096
v -10.825068 -22.967731 -19.609884
v 19.695162 -11.086590 -13.192716
v 0.000000 -10.767285 -19.482962
v 0.000000 2.168307 -17.429768
v -19.695162 -11.086590 -13.192716
v -17.023901 1.574250 -10.318243
v -22.097141 -11.027184 -9.228181
v -23.529713 -11.524706 5.584694
v 14.740404 -23.740002 21.435368
v 10.803526 -23.740002 22.618755
v 15.095854 -28.551863 22.536627
v 12.139156 0.118812 10.090525
v 8.988577 0.096535 14.286510
v 10.157253 -11.539557 19.986929
v 0.000000 0.022278 15.148853
v 10.803526 -23.740002 22.618755
v 14.740404 -23.740002 21.435368
v 10.157253 -11.539557 19.986929
v 13.830236 -11.539557 18.631819
v 12.139156 0.118812 10.090525
v 0.000000 0.022278 15.148853
v -9.877202 -11.539557 18.631819
v 0.000000 -11.539557 21.289776
v -10.787369 -23.740002 21.435368
v 0.000000 -23.740002 23.484831
v 0.000000 -11.539557 21.289776
v 10.157253 -11.539557 19.986929
v 0.000000 -23.740002 23.484831
v 10.803526 -23.740002 22.618755
v 0.000000 -28.551863 24.354637
v 15.095854 -28.551863 22.536627
v 0.000000 -16.499935 -20.390100
v -10.825068 -22.967731 -19.609884
v -20.669956 -16.856369 -14.122254
v -21.300072 -23.034563 -15.133918
v -25.587013 -23.517233 -7.970131
v -12.451521 -13.121233 14.562760
v -16.765392 1.240094 3.759215
v -23.529713 -11.524706 5.584694
v -17.023901 1.574250 -10.318243
v -15.225108 -25.477617 15.876806
v -13.700982 -18.801903 15.092857
v -27.805883 -24.549406 6.267849
v -25.802439 -17.628641 6.002800
v -25.587013 -23.517233 -7.970131
v -23.685896 -16.923199 -8.604756
v -20.669956 -16.856369 -14.122254
v -9.877202 -11.539557 18.631819
v 0.000000 0.022278 15.148853
v -8.358461 0.118812 13.719082
v 32.889896 22.960304 11.983196
v 28.069778 22.455355 11.277643
v 31.543495 13.061829 5.274846
v 21.709377 15.586572 10.908069
v 18.057938 12.133615 3.654688
v 11.681380 4.945526 8.153054
v 15.952165 5.740077 3.591226
v 11.299002 12.735098 12.774611
v 16.296844 10.017286 3.736816
v 14.724247 15.141029 11.501629
v 16.296844 10.017286 3.736816
v 18.057938 12.133615 3.654688
v 21.709377 15.586572 10.908069
v 17.519377 21.400906 12.838072
v 28.069778 22.455355 11.277643
v 20.244493 29.695425 6.532894
v 31.268829 29.019686 6.447032
v 30.552544 26.168213 -2.183856
v 33.536167 26.383556 -2.781149
v 33.686966 18.735073 -4.408773
v 37.203766 18.705370 -4.121325
v 36.029705 13.269749 5.666820
v 18.004082 12.809355 12.912735
v 16.797705 21.348927 14.405967
v 14.147987 15.207861 13.121787
v 16.172976 14.717762 -7.085393
v 18.057938 12.133615 3.654688
v 16.296844 10.017286 3.736816
v 13.173192 21.096453 14.469429
v 2.854371 20.287048 15.787209
v 7.992239 14.546972 15.761077
v 17.519377 21.400906 12.838072
v 14.147987 15.207861 13.121787
v 14.724247 15.141029 11.501629
v 11.374400 13.299452 14.107321
v 11.299002 12.735098 12.774611
v 4.787804 32.947887 7.880537
v 4.146917 28.559292 11.800275
v 7.313653 34.002338 7.925333
v 6.398100 28.425631 13.696681
v 12.505377 32.324127 7.245913
v 16.797705 21.348927 14.405967
v 18.004082 12.809355 12.912735
v 21.386242 19.722694 14.256644
v 15.952165 5.740077 3.591226
v 15.661342 6.259875 -9.806810
v 14.223386 12.883611 -8.806345
v 7.992239 14.546972 15.761077
v 11.374400 13.299452 14.107321
v 13.173192 21.096453 14.469429
v 14.147987 15.207861 13.121787
v 16.797705 21.348927 14.405967
v 17.519377 21.400906 12.838072
v 20.244493 29.695425 6.532894
v 19.172758 28.373648 -1.713487
v 19.291241 30.059284 -2.000935
v 20.244493 29.695425 6.532894
v 19.824415 31.492449 6.741947
v 16.797705 21.348927 14.405967
v 12.505377 32.324127 7.245913
v 13.173192 21.096453 14.469429
v 6.398100 28.425631 13.696681
v 2.854371 20.287048 15.787209
v 1.023265 23.494957 14.551558
v 23.912090 28.121174 -2.000935
v 16.393785 19.410812 -8.922071
v 19.291241 30.059284 -2.000935
v 13.383231 22.329119 -8.922071
v 22.097141 -11.027184 -9.228181
v 17.023901 1.574250 -10.318243
v 23.529713 -11.524706 5.584694
v 16.765392 1.240094 3.759215
v 12.451521 -13.121233 14.562760
v 9.284785 0.000001 13.185251
v 0.000000 -0.022276 15.021928
v 0.000000 9.348973 15.010728
v -8.983191 11.472727 14.454498
v 0.064627 5.472751 15.122721
v -9.990299 7.388585 14.566491
v 12.893141 13.455392 12.151186
v 12.801586 13.529650 13.584690
v 11.681380 4.945526 8.153054
v 11.374400 13.299452 14.107321
v 15.833682 10.150949 14.372370
v 14.147987 15.207861 13.121787
v 18.004082 12.809355 12.912735
v 0.064627 5.472751 15.122721
v 5.789527 5.391068 14.167052
v 0.000000 9.348973 15.010728
v 5.627958 8.049474 13.461498
v 11.126662 14.688061 16.115719
v 12.801586 13.529650 13.584690
v 0.000000 14.509842 -17.007931
v -16.070648 19.410812 -8.922071
v 0.000000 19.024673 -14.909937
v -13.383231 22.329119 -8.922071
v 0.000000 14.509842 -17.007931
v 0.000000 19.024673 -14.909937
v 16.393785 19.410812 -8.922071
v 13.383231 22.329119 -8.922071
v 2.633561 25.232574 14.689681
v 0.000000 19.789526 17.306574
v 4.550837 20.435562 16.235178
v 0.000000 13.997469 17.567888
v 11.126662 14.688061 16.115719
v 5.627958 8.049474 13.461498
v 11.681380 4.945526 8.153054
v -19.172758 28.373648 -1.713487
v -30.552544 26.168213 -2.183856
v -20.244493 29.695425 6.532894
v -24.822258 29.821663 6.749413
v -19.291241 30.059284 -2.000935
v -23.588955 28.121174 -2.000935
v -19.291241 30.059284 -2.000935
v -24.822258 29.821663 6.749413
v -19.824415 31.492449 6.741947
v -21.617823 19.039530 14.323839
v -16.797705 21.348927 14.405967
v -12.521534 31.730070 -2.583296
v -12.505377 32.324127 7.245913
v -8.773152 33.631054 -1.160992
v -6.398100 28.425631 13.696681
v -4.787804 32.947887 7.880537
v -7.313653 34.002338 7.925333
v -3.436017 34.284515 2.041994
v -5.536403 35.762234 0.981798
v 13.383231 21.267241 -7.932804
v 19.172758 28.373648 -1.713487
v 19.253542 16.655874 -6.066262
v 30.514845 18.363789 -3.762949
v 31.543495 13.061829 5.274846
v 19.291241 30.059284 -2.000935
v 24.574520 29.821663 6.741947
v 23.912090 28.121174 -2.000935
v 16.797705 21.348927 14.405967
v 21.386242 19.722694 14.256644
v 19.824415 31.492449 6.741947
v 24.574520 29.821663 6.741947
v 24.574520 29.821663 6.741947
v 19.291241 30.059284 -2.000935
v 19.824415 31.492449 6.741947
v 6.398100 28.425631 13.696681
v 4.146917 28.559292 11.800275
v 1.023265 23.494957 14.551558
v 0.016157 24.415743 12.069057
v -4.787804 32.947887 7.880537
v -6.398100 28.425631 13.696681
v -4.146917 28.559292 11.800275
v 2.633561 25.232574 14.689681
v 2.159628 26.643457 12.117587
v 4.787804 32.947887 7.880537
v 5.536403 35.762234 0.981798
v 3.436017 34.284515 2.041994
v 0.000000 35.866192 -2.587030
v 0.000000 33.980061 -0.492770
v -5.536403 35.762234 0.981798
v -3.436017 34.284515 2.041994
v 0.000000 -22.136049 11.258982
v 0.000000 -25.589006 7.443770
v 9.774875 -25.485046 12.098925
v -7.631404 -18.430620 -14.962197
v 0.000000 -16.655876 -17.123652
v 0.000000 -22.180605 -9.881470
v 7.631404 -18.430620 -14.962197
v 3.527572 -23.732578 -10.027061
v 17.750957 -19.700417 -12.378903
v 13.814080 -24.712772 -10.740079
v 20.998478 -22.381098 -4.793277
v 19.145830 -31.744923 -2.788611
v 21.337770 -23.524658 6.592627
v 18.569571 -30.274632 6.114793
v 9.774875 -25.485046 12.098925
v 10.464233 -30.148394 10.747549
v 0.000000 -25.589006 7.443770
v 3.538343 -30.757301 1.093795
v -21.165432 -16.566765 -4.886605
v -17.131613 -15.408355 -11.692016
v -17.750957 -19.700417 -12.378903
v -7.631404 -18.430620 -14.962197
v -3.527572 -23.732578 -10.027061
v 0.000000 -22.180605 -9.881470
v 0.000000 -25.589006 7.443770
v 3.527572 -23.732578 -10.027061
v 3.538343 -30.757301 1.093795
v 5.767984 -32.056801 -6.327574
v 5.207881 -37.061733 1.627627
v 6.247303 -37.061733 -4.587957
v -5.767984 -32.056801 -6.327574
v -5.207881 -37.061733 1.627627
v -6.247303 -37.061733 -4.587957
v -5.207881 -37.061733 1.627627
v -5.767984 -32.056801 -6.327574
v -3.538343 -30.757301 1.093795
v -3.527572 -23.732578 -10.027061
v 0.000000 -25.589006 7.443770
v 0.000000 -25.589006 7.443770
v 0.000000 -22.136049 11.258982
v -9.774875 -25.485046 12.098925
v -3.538343 -30.757301 1.093795
v 0.000000 -25.589006 7.443770
v -10.464233 -30.148394 10.747549
v -9.774875 -25.485046 12.098925
v -18.569571 -30.274632 6.114793
v -21.337770 -23.524658 6.592627
v -19.145830 -31.744923 -2.788611
v -20.998478 -22.381098 -4.793277
v -13.814080 -24.712772 -10.740079
v 13.178578 -17.264780 13.136722
v 0.000000 -14.264793 14.756880
v 0.000000 -22.136049 11.258982
v -13.178578 -17.264780 13.136722
v -21.795547 -17.576662 6.473168
v -21.337770 -23.524658 6.592627
v -21.165432 -16.566765 -4.886605
v -20.998478 -22.381098 -4.793277
v -17.750957 -19.700417 -12.378903
v -13.814080 -24.712772 -10.740079
v -3.527572 -23.732578 -10.027061
v -12.629246 -32.071651 -7.354172
v -5.767984 -32.056801 -6.327574
v -12.144542 -37.061733 -6.223047
v -6.247303 -37.061733 -4.587957
v -10.464233 -30.148394 10.747549
v -5.207881 -37.061733 1.627627
v -3.538343 -30.757301 1.093795
v -12.629246 -32.071651 -7.354172
v -19.145830 -31.744923 -2.788611
v -13.814080 -24.712772 -10.740079
v -5.207881 -37.061733 1.627627
v -10.464233 -30.148394 10.747549
v -10.615030 -37.061733 5.274850
v -18.569571 -30.274632 6.114793
v -15.354363 -37.061733 3.352312
v -19.145830 -31.744923 -2.788611
v -16.700764 -37.061733 -2.344373
v -12.629246 -32.071651 -7.354172
v -12.144542 -37.061733 -6.223047
v -3.220592 -34.796890 0.922075
v -3.053639 -39.586475 0.970605
v -4.976300 -34.611248 -7.529627
v -3.053639 -39.586475 0.970605
v -7.195170 -39.140930 7.876809
v -7.195170 -34.447880 7.876808
v -12.510763 -39.051823 9.265516
v -7.195170 -39.140930 7.876809
v -12.510763 -39.051823 9.265516
v -17.557076 -39.237465 5.398042
v -5.229423 -39.207764 -7.212314
v -3.053639 -39.586475 0.970605
v -19.215841 -39.267170 -3.117122
v -13.200120 -38.784496 -9.706014
v -10.895081 -40.885975 -6.499295
v -17.998695 -35.665699 -3.882404
v -9.796417 -35.665699 -6.693416
v -7.232869 -45.460213 -4.692482
v -6.613524 -44.888432 3.527767
v -6.080349 -47.227531 8.944471
v -11.056649 -44.777046 6.928607
v -10.986636 -46.425556 9.037799
v -15.392062 -47.442879 7.873077
v -11.056649 -44.777046 6.928607
v -15.526702 -45.994865 3.628561
v -15.392062 -47.442879 7.873077
v -15.149710 -46.106251 -2.624354
v -14.363411 -49.091389 5.849746
v -14.153373 -49.091389 -3.412034
v -10.895081 -40.885975 -6.499295
v -7.232869 -45.460213 -4.692482
v -10.878924 -45.170612 -6.323840
v -7.949155 -49.091389 -4.192249
v -10.803526 -49.091389 -6.260377
v -10.895081 -40.885975 -6.499295
v -6.381943 -41.093895 -5.080724
v -7.232869 -45.460213 -4.692482
v -6.548897 -40.900826 4.050399
v -6.613524 -44.888432 3.527767
v -11.503655 -40.767162 6.293982
v -11.056649 -44.777046 6.928607
v -15.682885 -41.019638 3.677090
v -15.526702 -45.994865 3.628561
v -16.108349 -41.569141 -2.538494
v -15.149710 -46.106251 -2.624354
v -10.895081 -40.885975 -6.499295
v -9.796417 -35.665699 -6.693416
v -6.381943 -41.093895 -5.080724
v -4.146917 -35.665699 1.758285
v -6.548897 -40.900826 4.050399
v -10.851996 -35.665699 7.182456
v -11.503655 -40.767162 6.293982
v -17.180082 -35.665699 4.390109
v -15.682885 -41.019638 3.677090
v -17.998695 -35.665699 -3.882404
v -10.895081 -40.885975 -6.499295
v -10.878924 -45.170612 -6.323840
v -10.803526 -49.091389 -6.260377
v -5.229423 -39.207764 -7.212314
v -13.200120 -38.784496 -9.706014
v -13.130108 -34.284515 -9.706014
v -19.215841 -39.267170 -3.117122
v -19.215841 -34.425606 -3.117122
v -17.557076 -39.237465 5.398042
v -17.557076 -34.091446 5.401774
v -12.510763 -34.329071 9.265516
v -7.195170 -34.447880 7.876808
v -3.220592 -34.796890 0.922075
v -12.510763 -34.329071 9.265516
v -17.557076 -34.091446 5.401774
v -4.976300 -34.611248 -7.529627
v -13.130108 -34.284515 -9.706014
v -19.215841 -34.425606 -3.117122
v 20.998478 -22.381098 -4.793277
v 21.165432 -16.566765 -4.886605
v 21.337770 -23.524658 6.592627
v 21.795547 -17.576662 6.473168
v 9.774875 -25.485046 12.098925
v 13.178578 -17.264780 13.136722
v 0.000000 -22.136049 11.258982
v 21.165432 -16.566765 -4.886605
v 20.998478 -22.381098 -4.793277
v 17.750957 -19.700417 -12.378903
v 21.165432 -16.566765 -4.886605
v 17.131613 -15.408355 -11.692016
v 7.631404 -18.430620 -14.962197
v 5.767984 -32.056801 -6.327574
v 3.527572 -23.732578 -10.027061
v 12.629246 -32.071651 -7.354172
v 13.814080 -24.712772 -10.740079
v 19.145830 -31.744923 -2.788611
v 6.247303 -37.061733 -4.587957
v 5.767984 -32.056801 -6.327574
v 12.144542 -37.061733 -6.223047
v 16.700764 -37.061733 -2.344373
v 15.354363 -37.061733 3.352312
v 18.569571 -30.274632 6.114793
v 10.615030 -37.061733 5.274850
v 10.464233 -30.148394 10.747549
v 5.207881 -37.061733 1.627627
v 3.538343 -30.757301 1.093795
v 6.080349 -47.227531 8.944471
v 6.613524 -44.888432 3.527767
v 7.232869 -45.460213 -4.692482
v 13.200120 -38.784496 -9.706014
v 3.053639 -39.586475 0.970605
v 5.229423 -39.207764 -7.212314
v 12.510763 -39.051823 9.265516
v 12.510763 -34.329071 9.265516
v 7.195170 -34.447880 7.876808
v 9.796417 -35.665699 -6.693416
v 17.998695 -35.665699 -3.882404
v 10.895081 -40.885975 -6.499295
v 6.613524 -44.888432 3.527767
v 6.080349 -47.227531 8.944471
v 11.056649 -44.777046 6.928607
v 14.153373 -49.091389 -3.412034
v 15.149710 -46.106251 -2.624354
v 14.363411 -49.091389 5.849746
v 15.392062 -47.442879 7.873077
v 19.215841 -39.267170 -3.117122
v 17.557076 -39.237465 5.398042
v 7.195170 -39.140930 7.876809
v 12.510763 -39.051823 9.265516
v 15.149710 -46.106251 -2.624354
v 15.526702 -45.994865 3.628561
v 15.392062 -47.442879 7.873077
v 11.056649 -44.777046 6.928607
v 10.986636 -46.425556 9.037799
v 4.976300 -34.611248 -7.529627
v 3.053639 -39.586475 0.970605
v 3.220592 -34.796890 0.922075
v 7.195170 -39.140930 7.876809
v 10.803526 -49.091389 -6.260377
v 7.949155 -49.091389 -4.192249
v 10.878924 -45.170612 -6.323840
v 7.232869 -45.460213 -4.692482
v 10.895081 -40.885975 -6.499295
v 17.557076 -34.091446 5.401774
v 17.557076 -39.237465 5.398042
v 19.215841 -34.425606 -3.117122
v 19.215841 -39.267170 -3.117122
v 13.130108 -34.284515 -9.706014
v 13.200120 -38.784496 -9.706014
v 4.976300 -34.611248 -7.529627
v 5.229423 -39.207764 -7.212314
v 3.053639 -39.586475 0.970605
v 9.796417 -35.665699 -6.693416
v 6.381943 -41.093895 -5.080724
v 4.146917 -35.665699 1.758285
v 6.548897 -40.900826 4.050399
v 10.851996 -35.665699 7.182456
v 11.503655 -40.767162 6.293982
v 17.180082 -35.665699 4.390109
v 15.682885 -41.019638 3.677090
v 17.998695 -35.665699 -3.882404
v 16.108349 -41.569141 -2.538494
v 10.878924 -45.170612 -6.323840
v 9.796417 -35.665699 -6.693416
v 10.895081 -40.885975 -6.499295
v 6.381943 -41.093895 -5.080724
v 7.232869 -45.460213 -4.692482
v 6.548897 -40.900826 4.050399
v 11.503655 -40.767162 6.293982
v 15.682885 -41.019638 3.677090
v 15.526702 -45.994865 3.628561
v 15.149710 -46.106251 -2.624354
v 14.153373 -49.091389 -3.412034
v 10.803526 -49.091389 -6.260377
v 13.130108 -34.284515 -9.706014
v 4.976300 -34.611248 -7.529627
v 19.215841 -34.425606 -3.117122
v 17.557076 -34.091446 5.401774
v 3.220592 -34.796890 0.922075
v 7.195170 -34.447880 7.876808
v 12.510763 -34.329071 9.265516
v -31.543495 13.061829 5.274846
v -32.889896 22.960304 11.983196
v -36.029705 13.269749 5.666820
v -36.573650 23.138521 12.531960
v -37.155296 27.645927 -2.277183
v -33.686966 18.735073 -4.408773
v -37.203766 18.705370 -4.121325
v -31.543495 13.061829 5.274846
v -36.029705 13.269749 5.666820
v -32.092827 19.522200 7.107790
v -41.242970 21.393478 6.114789
v -31.338842 18.994972 1.859075
v -40.935993 22.329119 2.471299
v -37.047585 23.947924 1.030329
v -41.264515 25.455343 2.150254
v -31.667364 26.480091 1.366307
v -41.269897 26.257320 5.312176
v -31.645821 27.289494 5.450300
v -48.400440 24.059311 15.059258
v -40.262791 23.324165 13.080722
v -47.834953 33.631054 9.235645
v -39.815784 30.742451 6.917402
v -48.131161 33.111252 0.082125
v -40.774422 28.900873 -1.776950
v -48.658951 23.546934 -5.043398
v -40.725952 18.675669 -3.833879
v -48.185017 13.730143 -0.634625
v -40.515915 13.477669 6.058793
v -47.630299 13.069255 9.157253
v -40.262791 23.324165 13.080722
v -48.400440 24.059311 15.059258
v -36.573650 23.138521 12.531960
v -35.539616 29.881067 6.682217
v -39.815784 30.742451 6.917402
v -37.155296 27.645927 -2.277183
v -40.774422 28.900873 -1.776950
v -37.203766 18.705370 -4.121325
v -40.725952 18.675669 -3.833879
v -36.029705 13.269749 5.666820
v -40.515915 13.477669 6.058793
v -40.262791 23.324165 13.080722
v -47.834953 33.631054 9.235645
v -48.131161 33.111252 0.082125
v -30.606400 22.054367 4.352774
v -48.658951 23.546934 -5.043398
v -48.185017 13.730143 -0.634625
v -47.630299 13.069255 9.157253
v -48.400440 24.059311 15.059258
v -42.923279 23.650894 -0.455438
v -43.106392 17.925671 5.132988
v -50.043053 23.636044 0.959400
v -42.923279 23.650894 -0.455438
v -50.043053 23.636044 0.959400
v -42.923279 29.160774 5.834806
v -50.043053 28.499886 5.748947
v -50.043053 23.197927 10.120387
v -49.278294 18.579132 5.215117
v -34.026260 24.749901 9.213248
v -41.259129 24.126141 8.018661
v -32.092827 19.522200 7.107790
v -41.242970 21.393478 6.114789
v -50.043053 28.499886 5.748947
v -49.278294 18.579132 5.215117
v -42.923279 23.160797 11.568824
v -31.645821 27.289494 5.450300
v -41.269897 26.257320 5.312176
v -49.461407 25.640985 5.741480
v -41.264515 25.455343 2.150254
v -49.913795 21.846447 3.703217
v -40.935993 22.329119 2.471299
v -48.772049 21.883575 5.588425
v -49.375237 23.636044 8.190383
v 28.069778 22.455355 11.277643
v 32.889896 22.960304 11.983196
v 31.268829 29.019686 6.447032
v 31.645821 27.289494 5.450300
v 41.269897 26.257320 5.312176
v 31.667364 26.480091 1.366307
v 41.264515 25.455343 2.150254
v 37.047585 23.947924 1.030329
v 40.935993 22.329119 2.471299
v 31.338842 18.994972 1.859075
v 41.242970 21.393478 6.114789
v 32.092827 19.522200 7.107790
v 37.203766 18.705370 -4.121325
v 33.536167 26.383556 -2.781149
v 37.155296 27.645927 -2.277183
v 35.539616 29.881067 6.682217
v 36.573650 23.138521 12.531960
v 31.543495 13.061829 5.274846
v 36.029705 13.269749 5.666820
v 40.262791 23.324165 13.080722
v 39.815784 30.742451 6.917402
v 35.539616 29.881067 6.682217
v 40.774422 28.900873 -1.776950
v 37.155296 27.645927 -2.277183
v 40.725952 18.675669 -3.833879
v 37.203766 18.705370 -4.121325
v 40.515915 13.477669 6.058793
v 36.029705 13.269749 5.666820
v 36.573650 23.138521 12.531960
v 48.400440 24.059311 15.059258
v 40.262791 23.324165 13.080722
v 47.630299 13.069255 9.157253
v 40.515915 13.477669 6.058793
v 48.185017 13.730143 -0.634625
v 40.725952 18.675669 -3.833879
v 48.658951 23.546934 -5.043398
v 40.774422 28.900873 -1.776950
v 48.131161 33.111252 0.082125
v 39.815784 30.742451 6.917402
v 47.834953 33.631054 9.235645
v 40.262791 23.324165 13.080722
v 48.400440 24.059311 15.059258
v 42.923279 29.160774 5.834806
v 50.043053 23.636044 0.959400
v 42.923279 23.650894 -0.455438
v 50.043053 28.499886 5.748947
v 50.043053 23.197927 10.120387
v 49.278294 18.579132 5.215117
v 34.026260 24.749901 9.213248
v 32.092827 19.522200 7.107790
v 41.259129 24.126141 8.018661
v 41.242970 21.393478 6.114789
v 50.043053 23.636044 0.959400
v 43.106392 17.925671 5.132988
v 42.923279 23.650894 -0.455438
v 48.400440 24.059311 15.059258
v 47.630299 13.069255 9.157253
v 30.606400 22.054367 4.352774
v 48.185017 13.730143 -0.634625
v 48.658951 23.546934 -5.043398
v 48.131161 33.111252 0.082125
v 47.834953 33.631054 9.235645
v 42.923279 23.160797 11.568824
v 49.278294 18.579132 5.215117
v 50.043053 28.499886 5.748947
v 49.461407 25.640985 5.741480
v 49.375237 23.636044 8.190383
v 48.772049 21.883575 5.588425
v 40.935993 22.329119 2.471299
v 49.913795 21.846447 3.703217
v 41.264515 25.455343 2.150254
v 41.269897 26.257320 5.312176
v 31.645821 27.289494 5.450300
v 6.080349 -47.227531 8.944471
v 8.493101 -46.514664 12.076529
v 10.986636 -46.425556 9.037799
v 14.363411 -49.091389 5.849746
v 15.392062 -47.442879 7.873077
v 12.338423 -48.861191 8.668223
v 12.688488 -46.455257 11.740551
v 8.864708 -49.091389 8.951938
v 5.886467 -49.091389 4.890343
v 7.232869 -45.460213 -4.692482
v 7.949155 -49.091389 -4.192249
v 12.338423 -48.861191 8.668223
v 8.864708 -49.091389 8.951938
v 14.363411 -49.091389 5.849746
v 5.886467 -49.091389 4.890343
v 14.153373 -49.091389 -3.412034
v 7.949155 -49.091389 -4.192249
v 10.803526 -49.091389 -6.260377
v -12.688488 -46.455257 11.740551
v -12.338423 -48.861191 8.668223
v -8.493101 -46.514664 12.076529
v -8.864708 -49.091389 8.951938
v -8.864708 -49.091389 8.951938
v -12.338423 -48.861191 8.668223
v -5.886467 -49.091389 4.890343
v -10.803526 -49.091389 -6.260377
v -7.949155 -49.091389 -4.192249
v -14.153373 -49.091389 -3.412034
v -14.363411 -49.091389 5.849746
v -7.949155 -49.091389 -4.192249
v -7.232869 -45.460213 -4.692482
v -5.886467 -49.091389 4.890343
v -6.080349 -47.227531 8.944471
v -14.363411 -49.091389 5.849746
v -15.392062 -47.442879 7.873077
v -10.986636 -46.425556 9.037799
v 0.000000 -28.551863 24.354637
v 0.000000 -23.740002 23.484831
v -11.142819 -28.551863 22.536627
v -10.787369 -23.740002 21.435368
vn -0.0000 -0.9737 0.2278
vn 0.1098 -0.9802 0.1647
vn -0.0235 -0.4155 -0.9093
vn 0.0313 -0.2350 -0.9715
vn -0.0236 0.7635 -0.6454
vn 0.5746 0.3148 -0.7555
vn 0.6606 0.6920 0.2910
vn 0.1097 -0.9802 0.1647
vn 0.4242 -0.9034 0.0628
vn 0.3924 -0.3925 -0.8319
vn 0.6845 -0.4170 -0.5980
vn 0.5504 -0.0472 -0.8335
vn 0.6651 0.0704 -0.7434
vn -0.0000 0.2111 -0.9775
vn -0.0000 0.2203 -0.9754
vn -0.6651 0.0705 -0.7434
vn 0.8748 0.1813 -0.4492
vn 0.0001 0.2202 -0.9755
vn 0.6651 0.0705 -0.7434
vn 0.2903 0.8240 -0.4865
vn 0.6141 0.7479 0.2519
vn 0.8334 0.3538 -0.4246
vn 0.5505 -0.0472 -0.8335
vn -0.0000 -0.3067 -0.9518
vn 0.5183 0.1100 -0.8481
vn -0.0000 -0.2518 -0.9678
vn -0.0000 0.5029 -0.8644
vn -0.0000 0.7914 -0.6112
vn 0.3700 0.8740 -0.3150
vn 0.0001 0.7303 -0.6831
vn 0.2903 0.8240 -0.4866
vn 0.6141 0.7479 0.2520
vn 0.2904 0.8240 -0.4865
vn 0.2751 0.8333 0.4796
vn 0.3701 0.8740 -0.3149
vn 0.0861 0.9161 0.3915
vn 0.5745 0.3148 -0.7556
vn 0.5504 -0.0472 -0.8336
vn 0.5183 0.1099 -0.8481
vn 0.2904 0.8240 -0.4866
vn -0.0000 0.7303 -0.6832
vn -0.4017 0.7797 0.4804
vn 0.0157 0.9898 0.1414
vn -0.0000 0.9888 -0.1492
vn -0.0000 0.7915 -0.6112
vn -0.3700 0.8740 -0.3150
vn -0.2903 0.8240 -0.4866
vn -0.5183 0.1099 -0.8481
vn -0.9288 0.0236 0.3699
vn -0.8797 -0.4398 0.1806
vn -0.8748 0.1812 -0.4493
vn -0.6651 0.0704 -0.7434
vn -0.5504 -0.0471 -0.8335
vn -0.0000 0.2112 -0.9775
vn -0.0000 -0.3068 -0.9518
vn -0.5261 -0.5733 0.6282
vn -0.4622 0.0549 0.8851
vn 0.0236 0.7635 -0.6454
vn 0.1179 0.9518 0.2832
vn -0.6606 0.6920 0.2909
vn -0.0785 0.1256 0.9890
vn -0.5271 -0.0158 0.8497
vn -0.1967 -0.5743 0.7947
vn -0.5902 -0.5902 0.5508
vn 0.2272 0.9321 0.2820
vn 0.1180 0.9518 0.2832
vn 0.1413 0.6596 -0.7382
vn 0.0237 0.7635 -0.6454
vn -0.0313 -0.2350 -0.9715
vn -0.5745 0.3148 -0.7556
vn -0.3924 -0.3924 -0.8319
vn -0.5504 -0.0471 -0.8336
vn -0.6845 -0.4170 -0.5979
vn -0.0001 0.2202 -0.9754
vn -0.8748 0.1813 -0.4493
vn -0.6652 0.0704 -0.7434
vn -0.8797 -0.4399 0.1806
vn -0.4308 -0.9008 0.0548
vn -0.1098 -0.9802 0.1647
vn -0.0314 -0.2350 -0.9715
vn 0.0235 -0.4154 -0.9093
vn 0.1414 0.6596 -0.7382
vn 0.0865 0.6682 -0.7389
vn 0.2271 0.9321 0.2820
vn -0.5734 -0.6756 0.4635
vn -0.8797 -0.4399 0.1807
vn -0.4308 -0.9008 0.0549
vn -0.1967 -0.5744 0.7946
vn -0.1098 -0.9802 0.1646
vn -0.0785 0.1255 0.9890
vn 0.1413 0.0471 0.9888
vn 0.1413 0.0392 0.9892
vn 0.0313 0.2350 0.9715
vn -0.1338 0.1731 0.9758
vn 0.0313 -0.1643 0.9859
vn 0.0313 0.2351 0.9715
vn 0.1646 0.5880 0.7919
vn -0.0392 0.5882 0.8078
vn 0.7541 -0.0785 0.6520
vn 0.2597 -0.3937 0.8818
vn 0.3466 0.1261 0.9295
vn 0.0866 0.0867 0.9925
vn 0.0314 0.0472 0.9984
vn -0.0392 0.0706 0.9967
vn -0.0393 0.0315 0.9987
vn -0.2673 0.1966 0.9434
vn -0.3937 -0.6693 0.6300
vn -0.2049 -0.2207 0.9536
vn -0.1183 -0.6781 0.7254
vn -0.1571 0.3613 0.9191
vn 0.0315 0.0472 0.9984
vn -0.0157 0.1643 0.9863
vn 0.0867 0.0866 0.9925
vn -0.8334 0.3538 -0.4245
vn -0.6141 0.7479 0.2519
vn -0.2906 0.8327 0.4713
vn -0.5417 0.1648 0.8243
vn -0.5826 -0.4251 0.6928
vn -0.3937 -0.6694 0.6300
vn -0.0471 -0.2899 0.9559
vn -0.5261 -0.5732 0.6282
vn -0.5734 -0.6755 0.4635
vn -0.5271 -0.0157 0.8497
vn -0.6606 0.6920 0.2910
vn -0.5745 0.3149 -0.7555
vn -0.5183 0.1100 -0.8481
vn -0.5504 -0.0472 -0.8336
vn -0.0470 -0.2899 0.9559
vn 0.2598 -0.3937 0.8818
vn -0.1182 -0.6781 0.7254
vn -0.2049 -0.2206 0.9536
vn -0.0862 0.9161 0.3915
vn -0.3701 0.8740 -0.3149
vn -0.0157 0.9898 0.1414
vn -0.0000 0.9888 -0.1491
vn -0.0469 -0.2899 0.9559
vn 0.3465 0.1260 0.9295
vn 0.2598 -0.3936 0.8818
vn -0.3781 0.3466 -0.8585
vn -0.3235 0.3945 -0.8600
vn -0.3690 0.7379 -0.5652
vn -0.3313 0.7414 -0.5837
vn -0.4621 0.0548 0.8851
vn -0.0000 0.0863 0.9963
vn 0.3466 0.1260 0.9295
vn 0.8276 0.3468 -0.4414
vn 0.9094 0.2901 -0.2980
vn 0.5599 0.2287 -0.7964
vn -0.3849 0.1885 0.9035
vn -0.3855 0.1810 0.9048
vn -0.0000 0.1414 0.9899
vn 0.8276 0.3467 -0.4414
vn 0.5598 0.2287 -0.7964
vn 0.3855 0.1810 0.9048
vn 0.3849 0.1886 0.9035
vn 0.8769 0.2896 0.3837
vn -0.5599 0.2287 -0.7964
vn -0.9218 0.2364 -0.3073
vn -0.9094 0.2901 -0.2979
vn -0.8769 0.2897 0.3836
vn -0.8664 0.3938 0.3072
vn -0.3849 0.1886 0.9035
vn -0.4172 0.2204 0.8817
vn -0.0000 0.1337 0.9910
vn 0.3850 0.1885 0.9035
vn 0.4172 0.2204 0.8817
vn 0.8769 0.2897 0.3836
vn 0.8664 0.3938 0.3072
vn 0.9218 0.2364 -0.3073
vn 0.9094 0.2901 -0.2979
vn 0.5642 0.2351 -0.7914
vn -0.0000 0.2351 -0.9720
vn -0.0000 0.1644 -0.9864
vn -0.5642 0.2351 -0.7914
vn -0.0000 0.1491 0.9888
vn 0.0001 0.1337 0.9910
vn 0.9218 0.2364 -0.3072
vn 0.8851 0.2742 0.3760
vn 0.3856 0.1809 0.9048
vn -0.0001 0.1337 0.9910
vn -0.0001 0.1491 0.9888
vn -0.5041 0.1497 0.8506
vn -0.8418 0.2754 0.4642
vn 0.9246 0.2272 -0.3056
vn 0.6529 0.1966 -0.7315
vn 0.2743 0.2351 -0.9325
vn -0.0000 0.1568 -0.9876
vn -0.2743 0.2351 -0.9325
vn -0.8276 0.3468 -0.4414
vn -0.8663 0.3938 0.3072
vn 0.2913 0.2283 0.9290
vn 0.1732 0.1810 0.9681
vn 0.1967 0.1574 0.9677
vn 0.5502 0.4794 0.6837
vn 0.3298 0.4868 0.8088
vn 0.2746 0.3531 0.8944
vn -0.0940 0.4389 0.8936
vn 0.4389 0.3606 0.8230
vn 0.5501 0.4795 0.6838
vn -0.0941 0.4389 0.8936
vn -0.2130 0.3629 0.9072
vn -0.0940 0.3054 0.9476
vn -0.1965 0.2044 0.9590
vn -0.0393 0.1884 0.9813
vn -0.0940 0.4390 0.8936
vn -0.0939 0.3054 0.9476
vn 0.2745 0.3530 0.8944
vn -0.0392 0.1884 0.9813
vn 0.1731 0.1810 0.9681
vn 0.0079 0.1568 0.9876
vn 0.1967 0.1574 0.9678
vn -0.0001 0.2352 -0.9720
vn -0.5642 0.2351 -0.7915
vn -0.6529 0.1967 -0.7315
vn -0.9246 0.2272 -0.3057
vn -0.4172 0.2205 0.8816
vn -0.8419 0.2754 0.4641
vn -0.3850 0.1886 0.9035
vn -0.8851 0.2742 0.3760
vn -0.9246 0.2273 -0.3056
vn -0.5642 0.2350 -0.7915
vn -0.1493 0.4009 0.9039
vn -0.1413 0.0471 0.9888
vn 0.0785 0.1256 0.9890
vn 0.1570 -0.5888 0.7929
vn 0.7541 -0.0786 0.6520
vn 0.9221 -0.0237 0.3862
vn 0.7392 -0.4561 0.4955
vn 0.9196 -0.3694 0.1337
vn 0.5358 -0.6464 0.5432
vn 0.9196 -0.3694 0.1336
vn 0.4242 -0.9034 0.0629
vn 0.5358 -0.6461 0.5437
vn 0.4964 -0.0473 0.8668
vn 0.6606 0.6920 0.2909
vn -0.1180 0.9518 0.2832
vn -0.1414 0.6596 -0.7382
vn -0.0235 -0.4154 -0.9093
vn 0.0787 -0.4173 -0.9054
vn 0.0472 -0.0158 0.9988
vn 0.0392 0.0628 0.9973
vn 0.1102 0.1416 0.9838
vn 0.2276 0.1256 0.9656
vn 0.0314 0.1960 0.9801
vn 0.2591 -0.0157 0.9657
vn 0.5425 -0.4403 0.7155
vn 0.5358 -0.6461 0.5436
vn 0.5279 -0.3703 0.7643
vn 0.7392 -0.4562 0.4954
vn -0.4643 0.6532 0.5981
vn -0.0315 0.5508 0.8340
vn 0.0393 0.0628 0.9973
vn 0.1338 0.3228 0.9369
vn 0.2276 0.1255 0.9656
vn 0.5425 -0.4402 0.7155
vn 0.4651 0.1340 0.8750
vn 0.6606 0.6921 0.2910
vn 0.5745 0.3148 -0.7555
vn 0.8334 0.3538 -0.4245
vn 0.4651 0.1340 0.8751
vn 0.2277 0.1256 0.9656
vn -0.0315 0.5508 0.8341
vn -0.3467 0.4964 0.7959
vn 0.3144 0.7622 -0.5658
vn 0.3073 0.4097 -0.8589
vn 0.3616 0.7468 -0.5582
vn 0.3614 0.3692 -0.8562
vn 0.9095 0.2901 -0.2979
vn 0.8663 0.3938 0.3072
vn 0.8187 0.3149 0.4802
vn 0.5287 0.2446 0.8128
vn 0.0001 0.1491 0.9888
vn 0.1417 0.1024 0.9846
vn 0.0157 0.0315 0.9994
vn 0.9824 -0.1729 0.0707
vn 0.8610 -0.3476 0.3712
vn 0.1411 0.2823 0.9489
vn 0.1891 0.2916 0.9377
vn 0.1102 0.1417 0.9838
vn 0.0472 -0.0157 0.9988
vn 0.0158 0.0315 0.9994
vn 0.2364 0.1418 0.9613
vn 0.1418 0.1024 0.9846
vn 0.3077 0.2603 0.9152
vn 0.3303 -0.3775 0.8651
vn 0.8610 -0.3476 0.3713
vn -0.0000 0.4156 -0.9096
vn -0.3235 0.3945 -0.8601
vn -0.0000 0.3768 -0.9263
vn -0.3780 0.3465 -0.8585
vn 0.3613 0.3692 -0.8562
vn 0.1647 0.5880 0.7919
vn 0.0314 0.2350 0.9715
vn 0.1645 0.1723 0.9712
vn -0.5745 0.3148 -0.7555
vn -0.6607 0.6920 0.2910
vn -0.3446 0.9242 0.1645
vn -0.3689 0.7379 -0.5651
vn -0.3313 0.7414 -0.5836
vn -0.2911 0.7710 0.5664
vn -0.1571 0.3614 0.9191
vn -0.0157 0.1644 0.9863
vn -0.2904 0.8240 -0.4865
vn -0.2907 0.8327 0.4713
vn 0.4017 0.7797 0.4804
vn -0.0861 0.9161 0.3915
vn 0.3950 0.8137 0.4265
vn 0.3924 -0.3924 -0.8319
vn 0.0314 -0.2350 -0.9715
vn 0.3616 0.7468 -0.5581
vn 0.3446 0.9242 0.1644
vn 0.3144 0.7623 -0.5658
vn 0.1339 0.3228 0.9369
vn 0.2834 0.7793 0.5589
vn 0.3447 0.9242 0.1644
vn 0.2833 0.7793 0.5589
vn -0.3467 0.4964 0.7958
vn -0.5418 0.6360 0.5496
vn 0.4017 0.7796 0.4804
vn 0.3225 0.7864 0.5269
vn 0.2517 0.8808 0.4011
vn -0.3950 0.8136 0.4266
vn -0.0000 0.8084 0.5886
vn 0.3950 0.8136 0.4266
vn -0.0000 -0.4250 0.9052
vn -0.0000 -0.9021 0.4315
vn 0.1735 -0.2995 0.9382
vn -0.0157 -0.5179 -0.8553
vn -0.0000 -0.7951 -0.6065
vn -0.0000 -0.8148 -0.5798
vn 0.0157 -0.5179 -0.8553
vn -0.4005 -0.5734 -0.7147
vn 0.5333 -0.2510 -0.8078
vn 0.3526 -0.4310 -0.8306
vn 0.9000 -0.2527 -0.3553
vn 0.8744 -0.3938 -0.2836
vn 0.9242 -0.1802 0.3368
vn 0.6364 -0.4242 0.6442
vn 0.1734 -0.2996 0.9382
vn -0.2435 -0.5105 0.8247
vn -0.9034 -0.4241 0.0629
vn -0.9696 0.0079 -0.2444
vn -0.6048 0.2042 -0.7698
vn -0.5333 -0.2509 -0.8078
vn 0.4005 -0.5734 -0.7147
vn -0.0000 -0.8148 -0.5797
vn -0.0000 -0.9022 0.4314
vn -0.4006 -0.5733 -0.7148
vn -0.9034 -0.4242 0.0628
vn -0.6614 -0.3386 -0.6693
vn -0.9125 -0.3225 0.2517
vn -0.7237 -0.2831 -0.6293
vn 0.6614 -0.3386 -0.6693
vn 0.9125 -0.3225 0.2517
vn 0.7237 -0.2832 -0.6293
vn 0.9034 -0.4242 0.0628
vn -0.0000 -0.9021 0.4314
vn -0.0000 -0.4251 0.9052
vn -0.1734 -0.2995 0.9382
vn 0.9034 -0.4241 0.0628
vn 0.2434 -0.5105 0.8247
vn -0.1734 -0.2996 0.9382
vn -0.6364 -0.4242 0.6442
vn -0.9242 -0.1802 0.3368
vn -0.8743 -0.3938 -0.2836
vn -0.9000 -0.2526 -0.3553
vn -0.3526 -0.4309 -0.8306
vn 0.1649 -0.2906 0.9425
vn -0.0000 -0.4025 0.9154
vn -0.1650 -0.2906 0.9425
vn -0.7727 -0.1577 0.6149
vn -0.9242 -0.1801 0.3368
vn -0.9697 0.0079 -0.2444
vn -0.9000 -0.2526 -0.3552
vn -0.5333 -0.2510 -0.8078
vn -0.3526 -0.4310 -0.8306
vn 0.4005 -0.5733 -0.7147
vn -0.2353 -0.3610 -0.9024
vn 0.6614 -0.3385 -0.6693
vn -0.0783 -0.2822 -0.9562
vn -0.2355 -0.3610 -0.9024
vn -0.8743 -0.3939 -0.2835
vn -0.3527 -0.4310 -0.8306
vn 0.2435 -0.5105 0.8247
vn -0.0942 -0.5809 0.8085
vn -0.6364 -0.4243 0.6442
vn -0.7653 -0.4892 0.4182
vn -0.8743 -0.3939 -0.2836
vn -0.7937 -0.3536 -0.4950
vn -0.2354 -0.3609 -0.9024
vn -0.0784 -0.2821 -0.9562
vn 0.9021 0.3452 0.2589
vn 0.9389 -0.3442 0.0078
vn 0.6432 0.4707 -0.6040
vn 0.9021 0.3451 0.2589
vn 0.4711 -0.7303 0.4947
vn 0.4717 0.3301 0.8176
vn -0.1880 -0.2584 0.9476
vn 0.4712 -0.7302 0.4947
vn -0.1879 -0.2584 0.9476
vn -0.7375 -0.5805 0.3452
vn 0.5772 -0.5614 -0.5931
vn 0.9388 -0.3442 0.0078
vn -0.8458 -0.3446 -0.4072
vn -0.0626 -0.6186 -0.7832
vn -0.1810 -0.1258 -0.9754
vn -0.7254 -0.2365 -0.6465
vn 0.2909 0.1022 -0.9513
vn 0.9034 -0.0628 -0.4242
vn 0.8944 0.2746 0.3530
vn 0.8533 0.3444 0.3914
vn -0.0782 0.6811 0.7280
vn -0.0394 0.9763 0.2126
vn -0.9223 0.0789 0.3783
vn -0.9290 0.1496 0.3385
vn -0.9223 0.0788 0.3784
vn -0.9263 -0.2198 -0.3061
vn -0.5438 -0.8355 0.0788
vn -0.6236 -0.6553 -0.4263
vn -0.1809 -0.1258 -0.9754
vn -0.1178 -0.0786 -0.9899
vn 0.5291 -0.6634 -0.5291
vn -0.0314 -0.5417 -0.8400
vn 0.8091 -0.0864 -0.5813
vn 0.9034 -0.0629 -0.4242
vn 0.8013 -0.1414 0.5813
vn 0.8944 0.2746 0.3531
vn -0.1252 -0.1095 0.9861
vn -0.0783 0.6811 0.7280
vn -0.8507 -0.1732 0.4963
vn -0.9290 0.1495 0.3386
vn -0.8830 -0.2287 -0.4099
vn -0.9263 -0.2198 -0.3062
vn -0.1809 -0.1259 -0.9754
vn 0.9931 -0.0000 0.1173
vn 0.2359 -0.0944 0.9672
vn -0.1252 -0.1096 0.9861
vn -0.6911 -0.2356 0.6832
vn -0.8507 -0.1733 0.4963
vn -0.7253 -0.2366 -0.6465
vn -0.1178 -0.0785 -0.9899
vn -0.6237 -0.6552 -0.4263
vn 0.5772 -0.5614 -0.5930
vn -0.0626 -0.6187 -0.7831
vn -0.4246 0.3538 -0.8334
vn -0.9331 0.3450 -0.1020
vn -0.7374 -0.5806 0.3452
vn -0.6279 0.5809 0.5180
vn -0.1488 0.4856 0.8614
vn 0.4716 0.3302 0.8176
vn -0.6279 0.5808 0.5180
vn -0.4245 0.3538 -0.8334
vn -0.9330 0.3450 -0.1020
vn 0.9000 -0.2526 -0.3553
vn 0.9697 0.0079 -0.2444
vn 0.9242 -0.1801 0.3368
vn 0.7727 -0.1577 0.6149
vn 0.1650 -0.2906 0.9425
vn 0.9696 0.0079 -0.2444
vn 0.5333 -0.2509 -0.8079
vn 0.6048 0.2042 -0.7698
vn -0.6614 -0.3386 -0.6692
vn 0.2353 -0.3610 -0.9024
vn 0.8743 -0.3939 -0.2836
vn -0.7237 -0.2832 -0.6293
vn -0.6614 -0.3385 -0.6693
vn 0.0784 -0.2822 -0.9562
vn 0.7937 -0.3536 -0.4950
vn 0.7653 -0.4892 0.4182
vn 0.6364 -0.4243 0.6442
vn 0.0942 -0.5809 0.8085
vn -0.8533 0.3445 0.3914
vn -0.8944 0.2746 0.3531
vn -0.9034 -0.0628 -0.4242
vn 0.0627 -0.6187 -0.7831
vn -0.9388 -0.3443 0.0079
vn -0.5772 -0.5614 -0.5930
vn 0.1879 -0.2584 0.9476
vn 0.1488 0.4856 0.8614
vn -0.4717 0.3301 0.8176
vn -0.2909 0.1022 -0.9513
vn 0.7253 -0.2365 -0.6465
vn 0.1810 -0.1258 -0.9754
vn -0.8533 0.3444 0.3915
vn 0.0783 0.6810 0.7281
vn 0.6236 -0.6552 -0.4263
vn 0.9263 -0.2198 -0.3061
vn 0.5438 -0.8355 0.0788
vn 0.9223 0.0789 0.3784
vn 0.8458 -0.3446 -0.4073
vn 0.7375 -0.5805 0.3452
vn -0.4712 -0.7302 0.4947
vn 0.9290 0.1496 0.3385
vn 0.9223 0.0788 0.3783
vn 0.0783 0.6811 0.7280
vn 0.0394 0.9763 0.2126
vn -0.8533 0.3444 0.3914
vn -0.6432 0.4706 -0.6040
vn -0.9389 -0.3442 0.0078
vn -0.9022 0.3451 0.2589
vn -0.4711 -0.7303 0.4947
vn 0.0314 -0.5417 -0.8400
vn -0.5291 -0.6634 -0.5291
vn 0.1178 -0.0786 -0.9899
vn 0.1809 -0.1259 -0.9754
vn 0.6279 0.5809 0.5180
vn 0.7374 -0.5806 0.3452
vn 0.9331 0.3449 -0.1019
vn 0.8458 -0.3446 -0.4072
vn 0.4246 0.3538 -0.8334
vn 0.0626 -0.6187 -0.7831
vn -0.8091 -0.0864 -0.5813
vn -0.9931 -0.0000 0.1173
vn -0.8013 -0.1414 0.5813
vn -0.2359 -0.0944 0.9672
vn 0.1252 -0.1096 0.9861
vn 0.6911 -0.2356 0.6832
vn 0.8507 -0.1733 0.4962
vn 0.7254 -0.2365 -0.6465
vn 0.8830 -0.2286 -0.4099
vn 0.1810 -0.1259 -0.9754
vn -0.2909 0.1021 -0.9513
vn -0.9034 -0.0629 -0.4242
vn 0.1252 -0.1095 0.9861
vn 0.8507 -0.1732 0.4963
vn 0.9290 0.1495 0.3385
vn 0.9263 -0.2198 -0.3062
vn 0.6237 -0.6552 -0.4262
vn 0.4245 0.3539 -0.8334
vn -0.6432 0.4707 -0.6039
vn 0.9330 0.3450 -0.1019
vn 0.6279 0.5808 0.5180
vn -0.9021 0.3452 0.2588
vn -0.4717 0.3302 0.8176
vn 0.1487 0.4855 0.8615
vn -0.1097 -0.9802 0.1646
vn -0.0000 -0.9737 0.2277
vn 0.1413 0.0393 0.9892
vn 0.0235 -0.4155 -0.9093
vn -0.0787 -0.4172 -0.9054
vn -0.1097 -0.9802 0.1647
vn -0.1892 -0.7251 0.6621
vn -0.1577 -0.9303 0.3311
vn -0.2746 -0.8632 -0.4237
vn -0.1883 -0.7061 -0.6826
vn -0.2035 -0.0391 -0.9783
vn -0.2206 0.5042 -0.8350
vn -0.1256 0.8555 -0.5023
vn -0.0941 0.9886 0.1177
vn -0.1175 0.9397 0.3211
vn -0.9611 0.0158 0.2757
vn 0.2829 0.0157 0.9590
vn -0.0549 0.6821 0.7292
vn 0.3535 0.9111 0.2121
vn -0.1653 0.9447 -0.2834
vn 0.2045 0.6134 -0.7628
vn -0.5093 0.1567 -0.8462
vn 0.0865 -0.4170 -0.9048
vn -0.4699 -0.7911 -0.3916
vn 0.1879 -0.9708 0.1488
vn -0.2830 -0.6209 0.7310
vn 0.2830 0.0157 0.9590
vn -0.9611 0.0157 0.2757
vn 0.3534 0.9111 0.2121
vn 0.0865 0.6682 -0.7390
vn -0.0787 -0.4173 -0.9054
vn 0.1879 -0.9709 0.1488
vn -0.1654 0.9446 -0.2834
vn -0.9969 -0.0000 0.0785
vn -0.5093 0.1568 -0.8462
vn -0.2830 -0.6210 0.7310
vn -0.9611 0.0158 0.2756
vn -0.1960 0.0392 -0.9798
vn -0.1412 -0.9885 -0.0549
vn -0.4534 0.0078 -0.8913
vn -0.1960 0.0391 -0.9798
vn -0.4535 0.0078 -0.8912
vn -0.1413 0.9892 0.0392
vn -0.8729 0.4876 0.0157
vn -0.4553 -0.0785 0.8869
vn -0.8117 -0.5832 -0.0315
vn -0.1806 0.3063 0.9346
vn -0.1100 0.3143 0.9429
vn -0.1577 -0.9303 0.3312
vn -0.1958 -0.0548 0.9791
vn -0.1565 0.9857 0.0625
vn -0.2205 0.5042 -0.8350
vn -0.2128 -0.3232 -0.9221
vn -0.0235 -0.9953 0.0941
vn -0.0315 -0.2994 0.9536
vn 0.1174 0.9397 0.3211
vn 0.0941 0.9886 0.1177
vn 0.1256 0.8555 -0.5023
vn 0.2206 0.5042 -0.8350
vn 0.2035 -0.0391 -0.9783
vn 0.1883 -0.7061 -0.6826
vn 0.2746 -0.8632 -0.4237
vn 0.1577 -0.9303 0.3311
vn 0.1891 -0.7251 0.6621
vn 0.0788 -0.4173 -0.9053
vn -0.0865 0.6682 -0.7389
vn -0.2272 0.9321 0.2820
vn -0.1413 0.0392 0.9892
vn 0.1098 -0.9802 0.1646
vn -0.0001 -0.9737 0.2277
vn -0.2830 0.0157 0.9590
vn -0.3534 0.9111 0.2121
vn -0.2045 0.6134 -0.7628
vn -0.0865 0.6682 -0.7390
vn -0.0865 -0.4170 -0.9048
vn -0.1878 -0.9709 0.1488
vn -0.1413 0.0393 0.9892
vn 0.9611 0.0158 0.2757
vn 0.2830 -0.6209 0.7310
vn -0.1880 -0.9708 0.1488
vn 0.4699 -0.7911 -0.3916
vn 0.5093 0.1567 -0.8462
vn 0.1653 0.9447 -0.2834
vn -0.3535 0.9111 0.2121
vn 0.0549 0.6822 0.7291
vn 0.1413 0.9892 0.0392
vn 0.4535 0.0078 -0.8912
vn 0.1959 0.0391 -0.9798
vn 0.8729 0.4876 0.0157
vn 0.4553 -0.0785 0.8869
vn 0.8117 -0.5832 -0.0316
vn 0.1806 0.3063 0.9346
vn 0.1892 -0.7251 0.6621
vn 0.1100 0.3143 0.9429
vn 0.1577 -0.9303 0.3312
vn 0.4534 0.0079 -0.8913
vn 0.1412 -0.9885 -0.0549
vn 0.1960 0.0392 -0.9798
vn 0.9611 0.0158 0.2756
vn 0.2830 -0.6210 0.7310
vn 0.9969 -0.0000 0.0785
vn 0.5093 0.1568 -0.8462
vn 0.1654 0.9446 -0.2834
vn 0.0549 0.6821 0.7291
vn 0.1958 -0.0548 0.9791
vn 0.8117 -0.5832 -0.0315
vn 0.1565 0.9857 0.0625
vn 0.0315 -0.2994 0.9536
vn 0.0235 -0.9953 0.0941
vn 0.2128 -0.3232 -0.9221
vn 0.2205 0.5042 -0.8350
vn 0.1175 0.9397 0.3211
vn -0.4329 0.3778 0.8185
vn 0.0394 0.9764 0.2126
vn 0.9223 0.0789 0.3783
vn 0.2737 -0.8679 0.4144
vn 0.5348 0.3461 0.7709
vn -0.2353 -0.8785 0.4157
vn -0.6582 -0.7522 0.0313
vn -0.9034 -0.0628 -0.4241
vn 0.2737 -0.8680 0.4144
vn 0.5439 -0.8355 0.0788
vn -0.6582 -0.7522 0.0314
vn 0.6237 -0.6552 -0.4263
vn -0.5292 -0.6633 -0.5291
vn -0.5348 0.3461 0.7708
vn -0.2737 -0.8679 0.4145
vn 0.4329 0.3778 0.8185
vn 0.2353 -0.8785 0.4157
vn -0.2736 -0.8680 0.4144
vn 0.6582 -0.7522 0.0313
vn 0.5291 -0.6633 -0.5292
vn -0.6236 -0.6552 -0.4263
vn -0.5439 -0.8355 0.0788
vn 0.5291 -0.6634 -0.5292
vn 0.9034 -0.0629 -0.4241
vn 0.8533 0.3445 0.3914
vn -0.9223 0.0789 0.3784
vn -0.0394 0.9764 0.2126
vn 0.0078 0.1568 0.9876
vn -0.1648 0.2040 0.9650
vt 0.007050 0.102417
vt 0.071564 0.102417
vt 0.051178 0.142212
vt 0.087830 0.139008
vt 0.087494 0.214264
vt 0.228394 0.225067
vt 0.216919 0.284729
vt 0.149414 0.066650
vt 0.227325 0.135223
vt 0.288605 0.112946
vt 0.359070 0.164001
vt 0.386383 0.095642
vt 0.476410 0.085388
vt 0.476410 0.009979
vt 0.298981 0.009979
vt 0.909058 0.881927
vt 0.989990 0.976654
vt 0.905731 0.976654
vt 0.821320 0.989990
vt 0.715240 0.989990
vt 0.821320 0.977020
vt 0.715240 0.977020
vt 0.715240 0.892151
vt 0.715240 0.795074
vt 0.917145 0.786102
vt 0.715240 0.831360
vt 0.989990 0.882690
vt 0.989990 0.762238
vt 0.905731 0.989990
vt 0.905731 0.977020
vt 0.989990 0.733734
vt 0.919312 0.762238
vt 0.715240 0.762238
vt 0.535858 0.786102
vt 0.538239 0.881927
vt 0.603943 0.977478
vt 0.715240 0.977478
vt 0.164551 0.009979
vt 0.154785 0.046356
vt 0.476410 0.135590
vt 0.146210 0.497498
vt 0.148193 0.537109
vt 0.336334 0.470062
vt 0.336334 0.537109
vt 0.075623 0.284729
vt 0.125061 0.356140
vt 0.242859 0.351135
vt 0.185150 0.399323
vt 0.268951 0.422516
vt 0.007050 0.284729
vt 0.052551 0.207977
vt 0.007050 0.207916
vt 0.288940 0.449097
vt 0.137207 0.482849
vt 0.050140 0.431458
vt 0.050873 0.352905
vt 0.007050 0.351746
vt 0.758636 0.825317
vt 0.613495 0.870026
vt 0.838348 0.911163
vt 0.736786 0.756958
vt 0.552979 0.756958
vt 0.989990 0.989990
vt 0.921051 0.974243
vt 0.966858 0.989990
vt 0.423859 0.633911
vt 0.423859 0.695526
vt 0.518005 0.633911
vt 0.518005 0.695526
vt 0.587433 0.929016
vt 0.720764 0.978821
vt 0.711609 0.929016
vt 0.838348 0.978821
vt 0.379639 0.695526
vt 0.379639 0.633911
vt 0.515137 0.977478
vt 0.427917 0.977753
vt 0.427917 0.866791
vt 0.565491 0.978821
vt 0.638885 0.978821
vt 0.838348 0.989990
vt 0.720764 0.989990
vt 0.678986 0.989990
vt 0.631378 0.989990
vt 0.559235 0.989990
vt 0.427917 0.989990
vt 0.515137 0.989990
vt 0.603943 0.989990
vt 0.427917 0.761841
vt 0.533203 0.762238
vt 0.542206 0.454681
vt 0.402405 0.567047
vt 0.402405 0.424164
vt 0.348083 0.633911
vt 0.348083 0.695526
vt 0.402405 0.356049
vt 0.542206 0.567047
vt 0.182373 0.544495
vt 0.216919 0.694641
vt 0.180847 0.694641
vt 0.766327 0.289734
vt 0.766327 0.447174
vt 0.989990 0.447174
vt 0.009979 0.544495
vt 0.989990 0.289734
vt 0.558289 0.289734
vt 0.801666 0.008972
vt 0.855499 0.100372
vt 0.855499 0.008972
vt 0.982788 0.100372
vt 0.982788 0.008972
vt 0.791595 0.100372
vt 0.791595 0.008972
vt 0.599060 0.100372
vt 0.599060 0.008972
vt 0.801666 0.100372
vt 0.009979 0.694641
vt 0.153717 0.694641
vt 0.558289 0.447174
vt 0.153717 0.544495
vt 0.336334 0.544495
vt 0.336334 0.694641
vt 0.348267 0.627167
vt 0.395630 0.627167
vt 0.348267 0.695526
vt 0.348267 0.238007
vt 0.395630 0.238007
vt 0.395630 0.429535
vt 0.542206 0.238007
vt 0.348267 0.429535
vt 0.399536 0.450043
vt 0.542206 0.429535
vt 0.399536 0.627167
vt 0.542206 0.627167
vt 0.542206 0.695526
vt 0.399536 0.238007
vt 0.007050 0.141968
vt 0.476837 0.633911
vt 0.817474 0.913605
vt 0.674561 0.792572
vt 0.710449 0.888855
vt 0.849182 0.989990
vt 0.794983 0.976654
vt 0.794983 0.989990
vt 0.762054 0.976654
vt 0.762054 0.989990
vt 0.863434 0.733734
vt 0.989990 0.761505
vt 0.863434 0.761505
vt 0.989990 0.863800
vt 0.476837 0.695526
vt 0.849182 0.976654
vt 0.674561 0.761505
vt 0.943054 0.794250
vt 0.989990 0.794617
vt 0.989990 0.794281
vt 0.823669 0.794281
vt 0.427917 0.733734
vt 0.533203 0.733734
vt 0.674561 0.733734
vt 0.593323 0.733734
vt 0.736786 0.733734
vt 0.919312 0.733734
vt 0.715240 0.733734
vt 0.553253 0.572510
vt 0.553253 0.582275
vt 0.632080 0.602478
vt 0.931580 0.476562
vt 0.989990 0.464722
vt 0.989990 0.559540
vt 0.948883 0.553925
vt 0.862671 0.527924
vt 0.877533 0.584473
vt 0.806976 0.558655
vt 0.806976 0.661804
vt 0.736115 0.575714
vt 0.736115 0.661804
vt 0.622589 0.659790
vt 0.553253 0.649139
vt 0.806976 0.489929
vt 0.858582 0.456879
vt 0.989990 0.578156
vt 0.989990 0.649139
vt 0.948883 0.658447
vt 0.989990 0.711670
vt 0.948883 0.711670
vt 0.661713 0.506531
vt 0.553253 0.469269
vt 0.736115 0.507324
vt 0.879822 0.661804
vt 0.882874 0.711670
vt 0.553253 0.711670
vt 0.635620 0.711670
vt 0.736115 0.711670
vt 0.806976 0.711670
vt 0.335693 0.414276
vt 0.274384 0.414276
vt 0.335693 0.350647
vt 0.274384 0.364868
vt 0.335693 0.364868
vt 0.274384 0.319824
vt 0.924133 0.761169
vt 0.911835 0.761169
vt 0.893036 0.761169
vt 0.815094 0.761169
vt 0.803925 0.761169
vt 0.878021 0.761169
vt 0.838226 0.761169
vt 0.009979 0.802185
vt 0.071136 0.708313
vt 0.009979 0.708313
vt 0.368134 0.864014
vt 0.267242 0.864014
vt 0.267242 0.919922
vt 0.212372 0.864014
vt 0.212372 0.919922
vt 0.158630 0.919922
vt 0.158630 0.864014
vt 0.070587 0.857422
vt 0.106995 0.989990
vt 0.036285 0.989990
vt 0.413940 0.802185
vt 0.413940 0.864014
vt 0.377350 0.989990
vt 0.413940 0.989990
vt 0.368134 0.802185
vt 0.267242 0.802185
vt 0.212372 0.802185
vt 0.157135 0.802185
vt 0.157135 0.864014
vt 0.071136 0.802185
vt 0.413940 0.708313
vt 0.304535 0.708313
vt 0.236603 0.708313
vt 0.157135 0.708313
vt 0.009979 0.864014
vt 0.009979 0.989990
vt 0.274384 0.348236
vt 0.274384 0.272644
vt 0.335693 0.273315
vt 0.274384 0.214447
vt 0.335510 0.214600
vt 0.274384 0.278137
vt 0.335693 0.278137
vt 0.335693 0.319824
vt 0.923523 0.761169
vt 0.940277 0.761169
vt 0.906769 0.761169
vt 0.889862 0.761169
vt 0.826233 0.761169
vt 0.872955 0.761169
vt 0.007050 0.430145
vt 0.564758 0.013275
vt 0.586975 0.128296
vt 0.586975 0.009979
vt 0.550720 0.124817
vt 0.534393 0.077179
vt 0.519714 0.129669
vt 0.509186 0.011749
vt 0.491608 0.129913
vt 0.491608 0.011688
vt 0.713287 0.241180
vt 0.600067 0.115784
vt 0.812073 0.241180
vt 0.812073 0.115784
vt 0.989990 0.241180
vt 0.989990 0.115784
vt 0.600067 0.241180
vt 0.864075 0.115784
vt 0.864075 0.241180
vt 0.734680 0.008972
vt 0.853455 0.008972
vt 0.853455 0.100372
vt 0.734680 0.100372
vt 0.007355 0.532623
vt 0.007355 0.442383
vt 0.111725 0.483765
vt 0.335693 0.259399
vt 0.274384 0.259399
vt 0.274384 0.316589
vt 0.524384 0.040161
vt 0.531067 0.129333
vt 0.335693 0.316589
vt 0.491608 0.223602
vt 0.536316 0.223602
vt 0.586975 0.223602
vt 0.536224 0.223602
vt 0.238251 0.962585
vt 0.174835 0.989990
vt 0.192291 0.962585
vt 0.248871 0.989990
vt 0.301758 0.989990
vt 0.009979 0.009979
vt 0.009979 0.080688
vt 0.047241 0.009979
vt 0.047241 0.072876
vt 0.111511 0.009979
vt 0.111511 0.051300
vt 0.126953 0.031555
s 1
usemtl npc01_08
f 788/381/637 789/382/638 790/383/639
f 790/383/639 789/382/638 791/384/640
f 790/383/639 791/384/640 792/385/641
f 792/385/641 791/384/640 793/386/642
f 792/385/641 793/386/642 794/387/643
f 795/382/644 796/388/645 797/389/646
f 797/389/646 796/388/645 798/390/647
f 797/389/646 798/390/647 799/391/648
f 799/391/648 798/390/647 800/392/649
f 799/391/648 800/392/649 801/393/650
f 801/393/650 800/392/649 802/394/651
f 801/393/650 802/394/651 803/392/652
f 804/395/653 805/394/654 806/392/655
f 807/396/656 808/397/657 809/398/658
f 810/399/659 811/400/660 812/401/661
f 812/401/661 811/400/660 813/402/662
f 812/401/661 813/402/662 814/403/663
f 815/404/664 816/405/665 817/406/666
f 817/406/666 816/405/665 818/396/667
f 819/397/668 820/396/669 821/407/670
f 821/407/670 820/396/669 822/405/671
f 821/407/670 822/405/671 823/408/672
f 824/409/673 825/399/674 826/410/658
f 826/410/658 825/399/674 827/401/675
f 826/410/658 827/401/675 828/396/676
f 828/396/676 827/401/675 829/403/663
f 828/396/676 829/403/663 830/406/677
f 831/411/678 832/408/672 833/412/679
f 833/412/679 832/408/672 834/405/671
f 833/412/679 834/405/671 835/413/680
f 835/413/680 834/405/671 836/404/681
f 835/413/680 836/404/681 837/414/682
f 837/414/682 836/404/681 838/406/677
f 837/414/682 838/406/677 839/415/683
f 839/415/683 838/406/677 840/403/663
f 839/415/683 840/403/663 841/416/684
f 841/416/684 840/403/663 842/417/662
f 843/418/685 844/419/686 845/395/687
f 846/392/688 847/391/689 848/393/690
f 848/393/690 847/391/689 849/420/691
f 848/393/690 849/420/691 850/391/648
f 851/421/686 852/422/685 853/423/692
f 853/423/692 852/422/685 854/424/693
f 855/385/694 856/425/695 857/387/696
f 857/387/696 856/425/695 858/426/697
f 857/387/696 858/426/697 859/427/698
f 859/427/698 858/426/697 860/428/699
f 859/427/698 860/428/699 861/429/700
f 862/430/701 863/425/702 864/431/703
f 864/431/703 863/425/702 865/385/704
f 864/431/703 865/385/704 866/384/705
f 866/384/705 865/385/704 867/386/706
f 866/384/705 867/386/706 868/389/707
f 868/389/707 867/386/706 869/391/708
f 868/389/707 869/391/708 870/390/709
f 870/390/709 869/391/708 871/392/652
f 872/394/710 845/395/711 873/392/712
f 873/392/712 845/395/711 874/419/713
f 873/392/712 874/419/713 875/390/709
f 875/390/709 874/419/713 876/388/714
f 875/390/709 876/388/714 877/389/707
f 877/389/707 876/388/714 878/382/715
f 877/389/707 878/382/715 879/384/716
f 879/384/716 878/382/715 880/383/717
f 879/384/716 880/383/717 881/431/718
f 881/431/718 880/383/717 882/432/719
f 881/431/718 882/432/719 883/430/720
f 884/423/692 885/433/721 886/421/722
f 886/421/722 885/433/721 887/429/700
f 886/421/722 887/429/700 888/434/723
f 888/434/723 887/429/700 889/428/724
f 888/434/723 889/428/724 890/435/725
f 890/435/725 889/428/724 891/426/726
f 890/435/725 891/426/726 892/436/727
f 892/436/727 891/426/726 893/425/702
f 892/436/727 893/425/702 894/437/728
f 894/437/728 893/425/702 883/430/701
f 895/438/729 896/439/730 897/440/731
f 895/438/732 898/441/733 899/442/734
f 900/443/735 901/444/736 902/445/737
f 903/446/738 904/447/739 905/448/740
f 905/448/740 904/447/739 906/449/741
f 907/450/742 908/451/743 909/452/744
f 909/452/744 908/451/743 910/453/745
f 911/454/746 912/449/747 913/455/748
f 913/455/748 912/449/747 914/448/749
f 915/416/684 916/456/750 917/415/683
f 917/415/683 916/456/750 918/457/751
f 917/415/683 918/457/751 919/458/752
f 919/458/752 918/457/751 920/459/753
f 919/458/752 920/459/753 921/450/742
f 921/450/742 920/459/753 922/460/754
f 921/450/742 922/460/754 923/451/755
f 924/461/756 925/453/745 926/462/757
f 926/462/757 925/453/745 923/451/755
f 926/462/757 923/451/755 927/463/758
f 927/463/758 923/451/755 922/460/754
f 927/463/758 922/460/754 928/464/700
f 928/464/700 922/460/754 920/459/753
f 928/464/700 920/459/753 929/465/759
f 929/465/759 920/459/753 918/457/751
f 929/465/759 918/457/751 930/466/760
f 930/466/760 918/457/751 931/456/750
f 930/466/760 931/456/750 932/467/761
f 932/467/761 931/456/750 933/416/762
f 932/467/761 933/416/762 934/468/763
f 934/468/763 933/416/762 935/417/662
f 934/468/763 935/417/662 936/400/660
f 937/461/764 938/444/765 939/453/766
f 939/453/766 938/444/765 897/440/731
f 939/453/766 897/440/731 940/452/767
f 940/452/767 897/440/731 896/439/730
f 940/452/767 896/439/730 921/450/742
f 921/450/742 896/439/730 941/442/734
f 921/450/742 941/442/734 919/458/752
f 919/458/752 941/442/734 942/469/768
f 919/458/752 942/469/768 943/414/769
f 943/414/769 942/469/768 944/470/770
f 943/414/769 944/470/770 945/413/771
f 946/471/772 947/472/773 948/473/774
f 949/448/775 950/449/776 951/474/777
f 951/474/777 950/449/776 952/475/778
f 953/476/757 954/472/779 955/471/764
f 955/471/764 954/472/779 956/477/780
f 955/471/764 956/477/780 957/472/781
f 958/439/730 959/438/729 960/442/734
f 961/478/782 962/479/783 963/480/784
f 964/481/785 965/482/786 966/483/787
f 967/478/788 968/480/789 969/484/651
f 970/481/785 971/483/787 972/485/787
f 972/485/787 971/483/787 973/482/790
f 972/485/787 973/482/790 974/481/791
f 974/481/791 973/482/790 975/486/792
f 976/487/793 977/488/794 978/489/795
f 978/489/795 977/488/794 979/490/796
f 978/489/795 979/490/796 980/491/797
f 980/491/797 979/490/796 981/492/798
f 980/491/797 981/492/798 982/493/799
f 982/493/799 981/492/798 983/494/787
f 982/493/799 983/494/787 984/495/800
f 984/495/800 983/494/787 985/492/801
f 984/495/800 985/492/801 986/493/802
f 986/493/802 985/492/801 987/490/803
f 986/493/802 987/490/803 988/491/804
f 988/491/804 987/490/803 989/488/805
f 988/491/804 989/488/805 990/489/806
f 990/489/806 989/488/805 991/496/807
f 990/489/806 991/496/807 992/487/784
f 992/487/784 991/496/807 993/494/808
f 992/487/784 993/494/808 994/495/809
f 994/495/809 993/494/808 995/496/810
f 994/495/809 995/496/810 976/487/793
f 976/487/793 995/496/810 977/488/794
f 996/484/811 997/497/812 998/498/802
f 999/481/813 1000/486/803 1001/499/814
f 1001/499/814 1000/486/803 1002/482/815
f 1003/497/816 1004/484/817 1005/498/799
f 1005/498/799 1004/484/817 1006/500/818
f 1005/498/799 1006/500/818 1007/501/819
f 1008/499/814 1009/482/820 1010/481/805
f 1010/481/805 1009/482/820 1011/483/821
f 1010/481/805 1011/483/821 1012/485/807
f 1012/485/807 1011/483/821 1013/482/822
f 1012/485/807 1013/482/822 1014/486/808
f 1014/486/808 1013/482/822 1015/499/823
f 1014/486/808 1015/499/823 1016/482/824
f 1017/480/789 1018/497/809 1019/484/651
f 1019/484/651 1018/497/809 1020/480/793
f 1019/484/651 1020/480/793 1021/478/825
f 1021/478/825 1020/480/793 1022/479/795
f 1021/478/825 1022/479/795 1023/502/826
f 1024/503/827 1025/504/828 1026/505/829
f 1027/506/830 1028/507/831 1029/508/832
f 1029/508/832 1028/507/831 1030/509/833
f 1031/504/828 1032/503/827 1033/508/832
f 1033/508/832 1032/503/827 1034/510/834
f 1033/508/832 1034/510/834 1035/506/835
f 1036/509/836 1037/511/837 1038/512/838
f 1038/512/838 1037/511/837 1039/513/839
f 1038/512/838 1039/513/839 1040/514/840
f 1030/509/841 1041/512/842 1042/508/843
f 1042/508/843 1041/512/842 1043/514/844
f 1042/508/843 1043/514/844 1044/504/845
f 1044/504/845 1043/514/844 1045/515/846
f 1044/504/845 1045/515/846 1046/505/847
f 1047/486/848 1048/482/824 1049/485/849
f 1049/485/849 1048/482/824 1050/483/850
f 1049/485/849 1050/483/850 1051/482/851
f 1052/498/852 1053/501/853 1054/502/826
f 1054/502/826 1053/501/853 1055/478/825
f 1056/482/786 1057/481/854 1058/499/855
f 1058/499/855 1057/481/854 1059/486/796
f 1058/499/855 1059/486/796 1060/482/856
f 1060/482/856 1059/486/796 1061/481/794
f 1060/482/856 1061/481/794 1062/485/857
f 1063/511/837 1064/509/836 1065/516/858
f 1066/436/859 1067/426/860 1068/435/638
f 1068/435/638 1067/426/860 1069/428/861
f 1068/435/638 1069/428/861 1070/434/645
f 1071/424/862 1072/422/863 1073/433/864
f 1073/433/864 1072/422/863 1074/421/865
f 1073/433/864 1074/421/865 1075/429/866
f 1076/421/867 1077/434/868 1075/429/869
f 1075/429/869 1077/434/868 1078/428/861
f 1075/429/869 1078/428/861 1079/427/870
f 1079/427/870 1078/428/861 1080/426/860
f 1079/427/870 1080/426/860 1081/387/871
f 1081/387/871 1080/426/860 1082/425/872
f 1081/387/871 1082/425/872 1083/385/641
f 1083/385/641 1082/425/872 1084/431/873
f 1083/385/641 1084/431/873 1085/383/874
f 1085/383/874 1084/431/873 1086/517/875
f 1085/383/874 1086/517/875 1087/381/637
f 1088/454/876 1089/518/877 1090/455/878
f 1091/390/647 1092/388/868 1093/419/867
f 1094/519/879 1095/520/880 1096/521/881
f 1097/522/870 1098/523/882 1099/524/883
f 1099/524/883 1098/523/882 1100/525/884
f 1099/524/883 1100/525/884 1101/526/885
f 1102/411/678 1103/527/886 1104/528/672
f 1104/528/672 1103/527/886 1105/529/887
f 1104/528/672 1105/529/887 1106/530/670
f 1107/518/888 1108/454/876 1109/531/889
f 1110/418/863 1111/395/653 1093/419/867
f 1093/419/867 1111/395/653 1112/392/649
f 1093/419/867 1112/392/649 1091/390/647
f 1113/521/881 1114/525/884 1115/519/890
f 1115/519/890 1114/525/884 1116/523/891
f 1115/519/890 1116/523/891 1117/532/892
f 1117/532/892 1116/523/891 1118/522/870
f 1117/532/892 1118/522/870 1119/443/893
f 1120/409/894 1121/398/895 1122/443/893
f 1122/443/893 1121/398/895 1123/397/668
f 1122/443/893 1123/397/668 1124/532/896
f 1124/532/896 1123/397/668 1125/530/670
f 1124/532/896 1125/530/670 1126/519/897
f 1126/519/897 1125/530/670 1127/529/898
f 1126/519/897 1127/529/898 1128/520/880
f 1128/520/880 1127/529/898 1129/533/899
f 1130/531/900 1131/475/901 1132/518/902
f 1132/518/902 1131/475/901 1133/474/903
f 1134/479/904 1135/478/782 1136/502/905
f 1136/502/905 1135/478/782 1137/501/906
f 1136/502/905 1137/501/906 1138/498/802
f 1138/498/802 1137/501/906 1139/500/907
f 1138/498/802 1139/500/907 1140/484/908
f 1141/448/909 1142/455/740 1143/449/910
f 1143/449/910 1142/455/740 1144/454/741
f 1145/534/911 1146/535/912 1147/443/862
f 1148/446/913 1149/447/914 1150/518/915
f 1150/518/915 1149/447/914 1151/531/916
f 1152/447/917 1153/449/918 1154/446/919
f 1154/446/919 1153/449/918 1155/448/920
f 1156/534/921 1147/443/862 1157/536/922
f 1158/449/923 1159/475/924 1160/448/925
f 1160/448/925 1159/475/924 1161/474/926
f 1162/475/923 1163/474/925 1164/449/901
f 1164/449/901 1163/474/925 1165/448/927
f 1166/441/928 1167/438/929 1168/537/930
f 1168/537/930 1167/438/929 1169/440/731
f 1168/537/930 1169/440/731 1170/534/921
f 1170/534/921 1169/440/731 1171/444/765
f 1170/534/921 1171/444/765 1172/443/735
f 1173/386/931 1174/385/694 1175/387/932
f 1176/475/933 1177/518/934 1178/531/935
f 1179/518/934 1180/475/933 1181/474/936
f 1181/474/936 1180/475/933 1182/449/937
f 1181/474/936 1182/449/937 1183/448/938
f 1184/415/939 1185/458/940 1186/414/769
f 1187/442/734 1188/538/941 1189/469/942
f 1189/469/942 1188/538/941 1190/539/943
f 1189/469/942 1190/539/943 1191/470/770
f 1192/391/659 1193/386/894 1194/389/944
f 1194/389/944 1193/386/894 1195/384/945
f 1194/389/944 1195/384/945 1196/382/638
f 1197/474/946 1198/531/947 1199/475/948
f 1200/474/888 1201/475/949 1202/448/950
f 1202/448/950 1201/475/949 1203/449/951
f 1204/531/947 1205/474/946 1206/518/952
f 1207/529/898 1208/527/886 1209/533/953
f 1209/533/953 1208/527/886 1210/540/954
f 1211/538/955 1212/442/734 1213/541/956
f 1213/541/956 1212/442/734 1214/441/928
f 1213/541/956 1214/441/928 1215/542/957
f 1216/411/678 1217/412/679 1218/543/958
f 1218/543/958 1217/412/679 1219/413/771
f 1218/543/958 1219/413/771 1220/544/959
f 1220/544/959 1219/413/771 1221/470/770
f 1220/544/959 1221/470/770 1222/539/960
f 1223/545/961 1224/546/962 1225/547/963
f 1226/548/964 1227/549/965 1228/550/966
f 1228/550/966 1227/549/965 1229/548/967
f 1228/550/966 1229/548/967 1230/551/968
f 1230/551/968 1229/548/967 1231/552/969
f 1230/551/968 1231/552/969 1232/553/970
f 1232/553/970 1231/552/969 1233/554/971
f 1232/553/970 1233/554/971 1234/555/972
f 1234/555/972 1233/554/971 1235/556/973
f 1234/555/972 1235/556/973 1236/557/974
f 1236/557/974 1235/556/973 1237/547/975
f 1236/557/974 1237/547/975 1238/558/976
f 1238/558/976 1237/547/975 1239/546/962
f 1238/558/976 1239/546/962 1240/559/977
f 1241/560/978 1242/561/979 1243/552/980
f 1243/552/980 1242/561/979 1244/548/964
f 1243/552/980 1244/548/964 1245/551/981
f 1245/551/981 1244/548/964 1246/550/982
f 1245/551/981 1246/550/982 1247/562/983
f 1247/562/983 1246/550/982 1248/551/984
f 1247/562/983 1248/551/984 1249/563/985
f 1249/563/985 1248/551/984 1250/564/986
f 1249/563/985 1250/564/986 1251/565/987
f 1251/565/987 1250/564/986 1252/566/988
f 1253/564/989 1254/565/990 1255/566/991
f 1256/565/990 1257/564/989 1258/563/992
f 1258/563/992 1257/564/989 1259/551/981
f 1258/563/992 1259/551/981 1260/562/993
f 1261/546/962 1262/545/994 1263/547/995
f 1264/559/996 1265/546/993 1266/558/997
f 1266/558/997 1265/546/993 1267/547/998
f 1266/558/997 1267/547/998 1268/557/999
f 1268/557/999 1267/547/998 1269/556/1000
f 1268/557/999 1269/556/1000 1270/555/1001
f 1270/555/1001 1269/556/1000 1271/554/1002
f 1270/555/1001 1271/554/1002 1272/553/1003
f 1273/567/1004 1274/568/1005 1275/545/961
f 1275/545/961 1274/568/1005 1276/567/1006
f 1275/545/961 1276/567/1006 1263/547/998
f 1263/547/998 1276/567/1006 1277/569/1007
f 1263/547/998 1277/569/1007 1278/556/1008
f 1278/556/1008 1277/569/1007 1279/560/1009
f 1278/556/1008 1279/560/1009 1280/554/1010
f 1280/554/1010 1279/560/1009 1281/552/1011
f 1280/554/1010 1281/552/1011 1282/553/1012
f 1282/553/1012 1281/552/1011 1283/551/1013
f 1282/553/1012 1283/551/1013 1284/570/1014
f 1284/570/1014 1283/551/1013 1285/564/1015
f 1284/570/1014 1285/564/1015 1286/571/1016
f 1286/571/1016 1285/564/1015 1287/566/991
f 1288/558/997 1289/572/990 1290/559/992
f 1291/570/1017 1292/555/1018 1293/553/1019
f 1294/572/990 1295/558/1020 1296/573/1021
f 1296/573/1021 1295/558/1020 1297/557/1022
f 1296/573/1021 1297/557/1022 1298/574/1023
f 1298/574/1023 1297/557/1022 1299/555/1024
f 1298/574/1023 1299/555/1024 1300/575/1025
f 1300/575/1025 1299/555/1024 1301/570/1026
f 1300/575/1025 1301/570/1026 1302/571/1027
f 1303/576/1028 1304/577/1029 1305/578/1030
f 1306/577/1029 1303/576/1031 1307/579/1032
f 1307/579/1032 1303/576/1031 1308/580/1033
f 1307/579/1032 1308/580/1033 1309/581/1034
f 1310/582/1035 1311/583/1036 1312/584/1037
f 1313/585/1038 1314/586/1039 1310/582/1035
f 1312/584/1037 1315/587/1040 1310/582/1035
f 1310/582/1035 1315/587/1040 1316/588/1041
f 1310/582/1035 1316/588/1041 1313/585/1038
f 1317/589/1042 1318/590/1043 1319/591/1044
f 1320/592/1045 1321/593/1046 1322/594/1047
f 1322/594/1047 1321/593/1046 1323/595/1048
f 1322/594/1047 1323/595/1048 1324/596/1049
f 1324/596/1049 1323/595/1048 1325/597/1050
f 1326/595/1048 1327/598/1051 1328/597/1052
f 1328/597/1052 1327/598/1051 1329/599/1053
f 1328/597/1052 1329/599/1053 1330/600/1054
f 1330/600/1054 1329/599/1053 1331/601/1055
f 1332/602/1056 1333/592/1045 1334/603/1057
f 1334/603/1057 1333/592/1045 1335/604/1058
f 1334/603/1057 1335/604/1058 1336/605/1059
f 1337/602/1056 1338/606/1060 1339/592/1061
f 1339/592/1061 1338/606/1060 1340/607/1062
f 1339/592/1061 1340/607/1062 1341/593/1063
f 1341/593/1063 1340/607/1062 1342/608/1064
f 1341/593/1063 1342/608/1064 1343/595/1065
f 1343/595/1065 1342/608/1064 1344/609/1066
f 1343/595/1065 1344/609/1066 1345/610/1067
f 1345/610/1067 1344/609/1066 1346/611/1068
f 1345/610/1067 1346/611/1068 1347/599/1069
f 1348/602/1070 1349/612/1044 1350/606/1060
f 1350/606/1060 1349/612/1044 1351/613/1071
f 1350/606/1060 1351/613/1071 1352/607/1062
f 1352/607/1062 1351/613/1071 1353/614/1072
f 1352/607/1062 1353/614/1072 1354/608/1073
f 1354/608/1073 1353/614/1072 1355/615/1074
f 1354/608/1073 1355/615/1074 1356/609/1075
f 1356/609/1075 1355/615/1074 1357/590/1076
f 1356/609/1075 1357/590/1076 1346/611/1068
f 1346/611/1068 1357/590/1076 1358/589/1070
f 1346/611/1068 1358/589/1070 1347/599/1069
f 1347/599/1069 1358/589/1070 1359/616/1077
f 1347/599/1069 1359/616/1077 1331/601/1078
f 1331/601/1078 1359/616/1077 1360/617/1059
f 1304/577/1029 1361/618/1079 1305/578/1030
f 1305/578/1030 1361/618/1079 1362/619/1080
f 1305/578/1030 1362/619/1080 1363/620/1081
f 1363/620/1081 1362/619/1080 1364/621/1040
f 1363/620/1081 1364/621/1040 1365/622/1082
f 1365/622/1082 1364/621/1040 1366/623/1083
f 1365/622/1082 1366/623/1083 1367/624/1084
f 1367/624/1084 1366/623/1083 1309/581/1034
f 1367/624/1084 1309/581/1034 1368/625/1085
f 1368/625/1085 1309/581/1034 1308/580/1033
f 1369/626/1086 1370/627/1028 1371/628/1085
f 1371/628/1085 1370/627/1028 1372/629/1087
f 1370/627/1028 1373/630/1030 1372/629/1087
f 1372/629/1087 1373/630/1030 1374/588/1088
f 1372/629/1087 1374/588/1088 1375/631/1089
f 1376/554/1090 1377/560/1091 1378/556/1092
f 1378/556/1092 1377/560/1091 1379/569/1093
f 1378/556/1092 1379/569/1093 1380/547/975
f 1380/547/975 1379/569/1093 1381/567/1094
f 1380/547/975 1381/567/1094 1382/545/961
f 1383/560/1095 1384/554/1090 1385/552/969
f 1386/560/1095 1385/552/1096 1387/561/1097
f 1387/561/1097 1385/552/1096 1388/548/967
f 1389/564/1098 1390/551/968 1391/570/1099
f 1391/570/1099 1390/551/968 1392/553/970
f 1391/570/1099 1392/553/970 1393/555/1100
f 1394/566/1101 1395/564/1102 1396/571/1103
f 1396/571/1103 1395/564/1102 1391/570/1099
f 1396/571/1103 1391/570/1099 1397/575/1104
f 1397/575/1104 1391/570/1099 1393/555/1100
f 1397/575/1104 1393/555/1100 1398/574/1105
f 1398/574/1105 1393/555/1100 1399/557/1106
f 1398/574/1105 1399/557/1106 1400/573/1107
f 1400/573/1107 1399/557/1106 1401/558/976
f 1400/573/1107 1401/558/976 1402/572/987
f 1402/572/987 1401/558/976 1403/559/985
f 1404/594/1108 1405/593/1109 1406/592/1110
f 1407/588/1111 1408/586/1112 1409/585/1113
f 1410/581/1114 1411/625/1115 1412/580/1116
f 1413/591/1117 1414/590/1118 1415/589/1119
f 1416/593/1109 1417/594/1120 1418/595/1121
f 1419/601/1122 1420/599/1123 1421/600/1124
f 1421/600/1124 1420/599/1123 1422/597/1125
f 1407/588/1111 1423/587/1126 1424/584/1127
f 1408/586/1112 1407/588/1111 1425/582/1128
f 1425/582/1128 1407/588/1111 1424/584/1127
f 1425/582/1128 1424/584/1127 1426/583/1114
f 1427/599/1123 1428/598/1129 1429/597/1130
f 1429/597/1130 1428/598/1129 1430/595/1131
f 1429/597/1130 1430/595/1131 1431/596/1132
f 1431/596/1132 1430/595/1131 1417/594/1133
f 1432/578/1134 1433/577/1135 1434/576/1136
f 1434/576/1136 1433/577/1135 1435/579/1137
f 1434/576/1136 1435/579/1137 1412/580/1116
f 1412/580/1116 1435/579/1137 1410/581/1114
f 1436/605/1138 1437/604/1139 1438/603/1140
f 1438/603/1140 1437/604/1139 1439/592/1110
f 1438/603/1140 1439/592/1110 1440/602/1141
f 1411/625/1115 1410/581/1114 1441/624/1142
f 1441/624/1142 1410/581/1114 1442/623/1143
f 1441/624/1142 1442/623/1143 1443/622/1144
f 1443/622/1144 1442/623/1143 1444/621/1145
f 1443/622/1144 1444/621/1145 1445/620/1146
f 1445/620/1146 1444/621/1145 1446/619/1147
f 1445/620/1146 1446/619/1147 1447/578/1134
f 1447/578/1134 1446/619/1147 1448/618/1113
f 1447/578/1134 1448/618/1113 1449/577/1135
f 1450/612/1117 1451/606/1148 1452/613/1149
f 1452/613/1149 1451/606/1148 1453/607/1150
f 1452/613/1149 1453/607/1150 1454/614/1151
f 1454/614/1151 1453/607/1150 1455/608/1152
f 1454/614/1151 1455/608/1152 1456/615/1153
f 1456/615/1153 1455/608/1152 1457/609/1154
f 1456/615/1153 1457/609/1154 1458/590/1155
f 1458/590/1155 1457/609/1154 1459/611/1156
f 1458/590/1155 1459/611/1156 1415/589/1157
f 1415/589/1157 1459/611/1156 1460/616/1140
f 1461/612/1158 1462/602/1141 1463/606/1148
f 1463/606/1148 1462/602/1141 1464/592/1159
f 1463/606/1148 1464/592/1159 1465/607/1150
f 1465/607/1150 1464/592/1159 1416/593/1109
f 1465/607/1150 1416/593/1109 1466/608/1160
f 1466/608/1160 1416/593/1109 1418/595/1121
f 1466/608/1160 1418/595/1121 1467/609/1161
f 1467/609/1161 1418/595/1121 1468/610/1162
f 1467/609/1161 1468/610/1162 1459/611/1156
f 1459/611/1156 1468/610/1162 1469/599/1163
f 1459/611/1156 1469/599/1163 1460/616/1140
f 1460/616/1140 1469/599/1163 1470/601/1164
f 1460/616/1140 1470/601/1164 1471/617/1138
f 1472/588/1165 1473/630/1166 1474/631/1167
f 1474/631/1167 1473/630/1166 1475/629/1168
f 1473/630/1166 1476/627/1169 1475/629/1168
f 1475/629/1168 1476/627/1169 1477/626/1170
f 1475/629/1168 1477/626/1170 1478/628/1171
f 1479/435/1172 1480/436/727 1481/632/1173
f 1481/632/1173 1480/436/727 1482/437/1174
f 1483/432/719 1484/383/1175 1485/517/1176
f 1485/517/1176 1484/383/1175 1486/382/1177
f 1485/517/1176 1486/382/1177 1487/381/637
f 1488/633/1178 1489/634/1179 1490/635/1180
f 1490/635/1180 1489/634/1179 1491/636/1181
f 1490/635/1180 1491/636/1181 1492/637/1182
f 1492/637/1182 1491/636/1181 1493/638/1183
f 1492/637/1182 1493/638/1183 1494/639/1184
f 1494/639/1184 1493/638/1183 1495/640/1185
f 1494/639/1184 1495/640/1185 1496/641/1186
f 1497/642/1187 1498/643/1188 1499/644/1189
f 1499/644/1189 1498/643/1188 1500/645/1190
f 1499/644/1189 1500/645/1190 1501/646/1191
f 1501/646/1191 1500/645/1190 1502/647/1192
f 1501/646/1191 1502/647/1192 1503/644/1193
f 1503/644/1193 1502/647/1192 1504/645/1194
f 1503/644/1193 1504/645/1194 1505/642/1195
f 1505/642/1195 1504/645/1194 1506/643/1196
f 1505/642/1195 1506/643/1196 1507/648/1197
f 1507/648/1197 1506/643/1196 1508/649/1198
f 1507/648/1197 1508/649/1198 1509/650/1199
f 1510/651/1174 1511/652/720 1512/653/1200
f 1512/653/1200 1511/652/720 1513/491/1201
f 1512/653/1200 1513/491/1201 1514/490/1192
f 1514/490/1192 1513/491/1201 1515/651/1202
f 1514/490/1192 1515/651/1202 1516/654/1194
f 1516/654/1194 1515/651/1202 1517/495/1173
f 1516/654/1194 1517/495/1173 1518/494/1203
f 1518/494/1203 1517/495/1173 1510/651/1174
f 1518/494/1203 1510/651/1174 1519/654/1198
f 1519/654/1198 1510/651/1174 1512/653/1200
f 1520/655/1189 1521/656/1204 1522/657/1205
f 1522/657/1205 1521/656/1204 1523/655/1206
f 1522/657/1205 1523/655/1206 1524/656/1195
f 1524/656/1195 1525/655/1207 1522/657/1205
f 1522/657/1205 1525/655/1207 1526/656/1208
f 1522/657/1205 1526/656/1208 1520/655/1189
f 1527/576/1209 1528/580/1210 1529/577/1211
f 1530/622/1212 1531/621/1213 1532/658/1214
f 1532/658/1214 1531/621/1213 1533/659/1215
f 1532/658/1214 1533/659/1215 1534/660/1216
f 1534/660/1216 1533/659/1215 1535/659/1217
f 1536/661/1218 1537/662/1219 1538/633/1178
f 1538/633/1178 1537/662/1219 1539/634/1220
f 1540/579/1215 1529/577/1211 1541/579/1217
f 1541/579/1217 1529/577/1211 1528/580/1210
f 1541/579/1217 1528/580/1210 1534/660/1216
f 1534/660/1216 1528/580/1210 1542/663/1221
f 1534/660/1216 1542/663/1221 1532/658/1214
f 1536/661/1218 1543/641/1186 1537/662/1219
f 1537/662/1219 1543/641/1186 1544/640/1185
f 1537/662/1219 1544/640/1185 1545/664/1222
f 1545/664/1222 1544/640/1185 1546/638/1223
f 1545/664/1222 1546/638/1223 1547/665/1224
f 1547/665/1224 1546/638/1223 1548/636/1181
f 1547/665/1224 1548/636/1181 1549/666/1225
f 1549/666/1225 1548/636/1181 1539/634/1220
f 1549/666/1225 1539/634/1220 1550/667/1226
f 1550/667/1226 1539/634/1220 1537/662/1219
f 1550/667/1226 1537/662/1219 1545/664/1222
f 1551/426/860 1552/436/859 1553/425/872
f 1554/641/1227 1555/640/1228 1556/639/1229
f 1556/639/1229 1555/640/1228 1557/638/1230
f 1556/639/1229 1557/638/1230 1558/637/1231
f 1558/637/1231 1557/638/1230 1559/636/1232
f 1558/637/1231 1559/636/1232 1560/635/1233
f 1560/635/1233 1559/636/1232 1561/634/1234
f 1560/635/1233 1561/634/1234 1562/633/1235
f 1563/517/1236 1564/431/873 1565/432/1237
f 1565/432/1237 1564/431/873 1553/425/872
f 1565/432/1237 1553/425/872 1566/430/1238
f 1566/430/1238 1553/425/872 1552/436/859
f 1566/430/1238 1552/436/859 1567/437/1239
f 1567/437/1239 1552/436/859 1568/435/1240
f 1567/437/1239 1568/435/1240 1569/632/1241
f 1570/654/1242 1571/653/1243 1572/652/1238
f 1572/652/1238 1571/653/1243 1573/490/1244
f 1572/652/1238 1573/490/1244 1574/491/1245
f 1574/491/1245 1573/490/1244 1575/654/1246
f 1574/491/1245 1575/654/1246 1576/651/875
f 1576/651/875 1575/654/1246 1577/494/1247
f 1576/651/875 1577/494/1247 1578/495/1173
f 1578/495/1173 1577/494/1247 1570/654/1242
f 1578/495/1173 1570/654/1242 1579/651/1248
f 1579/651/1248 1570/654/1242 1572/652/1238
f 1580/650/1249 1581/649/1242 1582/648/1250
f 1582/648/1250 1581/649/1242 1583/643/1251
f 1582/648/1250 1583/643/1251 1584/642/1252
f 1584/642/1252 1583/643/1251 1585/645/1246
f 1584/642/1252 1585/645/1246 1586/644/1253
f 1586/644/1253 1585/645/1246 1587/647/1244
f 1586/644/1253 1587/647/1244 1588/646/1254
f 1588/646/1254 1587/647/1244 1589/645/1255
f 1588/646/1254 1589/645/1255 1590/644/1256
f 1590/644/1256 1589/645/1255 1591/643/1242
f 1590/644/1256 1591/643/1242 1592/642/1249
f 1593/658/1257 1594/621/1258 1595/622/1259
f 1594/621/1258 1593/658/1257 1596/659/1260
f 1596/659/1260 1593/658/1257 1597/660/1261
f 1596/659/1260 1597/660/1261 1598/659/1262
f 1599/661/1263 1600/633/1264 1601/662/1265
f 1601/662/1265 1600/633/1264 1602/634/1266
f 1603/577/1267 1604/580/1268 1605/576/1269
f 1606/656/1270 1607/655/1271 1608/657/1272
f 1608/657/1272 1607/655/1271 1609/656/1252
f 1608/657/1272 1609/656/1252 1610/655/1273
f 1610/655/1273 1611/656/1274 1608/657/1272
f 1608/657/1272 1611/656/1274 1612/655/1275
f 1608/657/1272 1612/655/1275 1606/656/1270
f 1593/658/1257 1613/663/1276 1597/660/1261
f 1597/660/1261 1613/663/1276 1604/580/1268
f 1597/660/1261 1604/580/1268 1614/579/1277
f 1614/579/1277 1604/580/1268 1603/577/1267
f 1614/579/1277 1603/577/1267 1615/579/1260
f 1616/664/1278 1601/662/1265 1617/667/1279
f 1617/667/1279 1601/662/1265 1602/634/1266
f 1617/667/1279 1602/634/1266 1618/666/1280
f 1618/666/1280 1602/634/1266 1619/636/1232
f 1618/666/1280 1619/636/1232 1620/665/1281
f 1620/665/1281 1619/636/1232 1621/638/1282
f 1620/665/1281 1621/638/1282 1616/664/1278
f 1616/664/1278 1621/638/1282 1622/640/1228
f 1616/664/1278 1622/640/1228 1601/662/1265
f 1601/662/1265 1622/640/1228 1623/641/1283
f 1601/662/1265 1623/641/1283 1599/661/1263
f 1624/594/1108 1625/668/1284 1626/596/1285
f 1627/600/1124 1628/597/1286 1629/669/1287
f 1629/669/1287 1628/597/1286 1630/670/1288
f 1629/669/1287 1630/670/1288 1631/671/1289
f 1628/597/1286 1626/596/1285 1630/670/1288
f 1630/670/1288 1626/596/1285 1625/668/1284
f 1630/670/1288 1625/668/1284 1631/671/1289
f 1631/671/1289 1625/668/1284 1624/594/1108
f 1631/671/1289 1624/594/1108 1632/672/1290
f 1632/672/1290 1624/594/1108 1633/592/1291
f 1632/672/1290 1633/592/1291 1634/604/1139
f 1635/673/1292 1636/674/1289 1637/675/1293
f 1637/675/1293 1636/674/1289 1638/676/1294
f 1637/675/1293 1638/676/1294 1639/677/1295
f 1639/677/1295 1638/676/1294 1640/678/1296
f 1639/677/1295 1640/678/1296 1641/679/1138
f 1642/670/1297 1643/669/1298 1644/668/1299
f 1644/668/1299 1643/669/1298 1645/671/1300
f 1646/674/1300 1647/673/1301 1648/676/1302
f 1649/679/1059 1650/678/1303 1651/677/1304
f 1651/677/1304 1650/678/1303 1648/676/1302
f 1651/677/1304 1648/676/1302 1652/675/1305
f 1652/675/1305 1648/676/1302 1647/673/1301
f 1653/604/1306 1654/592/1307 1655/672/1302
f 1655/672/1302 1654/592/1307 1656/594/1308
f 1657/600/1305 1643/669/1298 1658/597/1309
f 1658/597/1309 1643/669/1298 1642/670/1297
f 1658/597/1309 1642/670/1297 1659/596/1310
f 1659/596/1310 1642/670/1297 1644/668/1299
f 1659/596/1310 1644/668/1299 1656/594/1308
f 1656/594/1308 1644/668/1299 1645/671/1300
f 1656/594/1308 1645/671/1300 1655/672/1302
f 1660/515/1311 1661/514/840 1662/505/1312
f 1662/505/1312 1661/514/840 1663/503/839
o npc_01-0001-22
v -8.800080 30.883541 23.966394
v -8.347689 34.433029 24.895931
v -9.370955 38.561729 26.064384
v -6.608139 42.074093 26.101715
v -5.105555 42.786961 26.964058
v -5.859539 43.633492 27.049919
v -3.990734 43.046860 27.318701
v -4.066133 44.034481 27.061119
v -7.125157 43.017159 26.310768
v -7.502149 43.603790 25.325233
v -5.999565 44.346359 26.366764
v -9.844888 38.576576 24.664478
v -10.685042 33.786991 23.999990
v -7.744502 38.249851 25.496956
v 5.843383 43.633492 27.064852
v 4.039205 44.034481 27.083517
v 3.963806 43.046860 27.337366
v 7.119771 43.017159 26.318233
v 7.502149 43.596363 25.328968
v 5.988794 44.338936 26.381697
v 8.810852 30.898394 23.947727
v 9.947214 33.794418 23.992525
v 9.370955 38.569157 26.060652
v 9.850273 38.576576 24.660746
v 6.602753 42.074093 26.105450
v 7.744502 38.257275 25.496956
v 8.353075 34.440456 24.888466
v 5.094783 42.786961 26.978991
vn -0.1724 -0.2665 0.9483
vn 0.1728 -0.2278 0.9583
vn -0.3536 -0.0314 0.9349
vn -0.0548 -0.2898 0.9555
vn -0.2748 -0.3298 0.9031
vn -0.3156 0.0632 0.9468
vn -0.1490 -0.0235 0.9886
vn -0.1103 0.4726 0.8744
vn -0.5117 0.2047 0.8344
vn -0.7779 0.4243 0.4636
vn -0.4785 0.5804 0.6589
vn -0.9201 0.2438 0.3067
vn -0.7468 -0.0787 0.6604
vn 0.2830 -0.2122 0.9353
vn 0.3852 0.1415 0.9119
vn 0.1103 0.4726 0.8743
vn 0.1491 -0.0235 0.9885
vn 0.4624 0.1254 0.8777
vn 0.7390 0.4481 0.5031
vn 0.4187 0.5845 0.6951
vn 0.2993 -0.2756 0.9135
vn 0.8175 -0.1415 0.5582
vn 0.3924 -0.0549 0.9181
vn 0.9337 0.1726 0.3138
vn 0.0548 -0.2898 0.9555
vn -0.2830 -0.2122 0.9354
vn -0.1651 -0.2281 0.9595
vn 0.2742 -0.3368 0.9008
vt 0.371094 0.121094
vt 0.316406 0.066406
vt 0.371094 0.009979
vt 0.310028 0.058594
vt 0.310028 0.035156
vt 0.371094 0.050781
vt 0.310028 0.009979
vt 0.418365 0.009979
vt 0.371094 0.105469
vt 0.418365 0.135773
vt 0.418365 0.058594
vt 0.418365 0.011719
vt 0.418365 0.074219
vt 0.316406 0.009979
s 1
usemtl npc01_03
f 1664/680/1313 1665/681/1314 1666/682/1315
f 1667/683/1316 1668/684/1317 1669/685/1318
f 1669/685/1318 1668/684/1317 1670/686/1319
f 1669/685/1318 1670/686/1319 1671/687/1320
f 1666/682/1315 1672/688/1321 1673/689/1322
f 1673/689/1322 1672/688/1321 1674/690/1323
f 1673/689/1322 1675/691/1324 1666/682/1315
f 1666/682/1315 1675/691/1324 1676/692/1325
f 1666/682/1315 1676/692/1325 1664/680/1313
f 1671/687/1320 1674/690/1323 1669/685/1318
f 1669/685/1318 1674/690/1323 1672/688/1321
f 1669/685/1318 1672/688/1321 1667/683/1316
f 1667/683/1316 1672/688/1321 1666/682/1315
f 1667/683/1316 1666/682/1315 1677/693/1326
f 1677/693/1326 1666/682/1315 1665/681/1314
f 1678/685/1327 1679/687/1328 1680/686/1329
f 1681/688/1330 1682/689/1331 1678/685/1327
f 1678/685/1327 1682/689/1331 1683/690/1332
f 1678/685/1327 1683/690/1332 1679/687/1328
f 1684/680/1333 1685/692/1334 1686/682/1335
f 1686/682/1335 1685/692/1334 1687/691/1336
f 1688/683/1337 1689/693/1338 1686/682/1335
f 1686/682/1335 1689/693/1338 1690/681/1339
f 1686/682/1335 1690/681/1339 1684/680/1333
f 1687/691/1336 1682/689/1331 1686/682/1335
f 1686/682/1335 1682/689/1331 1681/688/1330
f 1686/682/1335 1681/688/1330 1688/683/1337
f 1688/683/1337 1681/688/1330 1678/685/1327
f 1688/683/1337 1678/685/1327 1691/684/1340
f 1691/684/1340 1678/685/1327 1680/686/1329
o npc_01-0001-23
v 27.202696 6.831658 32.175446
v 11.729850 33.504818 27.733074
v 20.201408 6.831659 35.217911
v -16.426098 33.504814 25.250574
v -20.201408 6.831659 35.217911
v -11.729850 33.504818 27.733074
v -43.919617 -9.163331 -17.885202
v -46.084633 -14.235092 -18.650482
v -53.505997 -14.235090 12.296778
v -27.202696 6.831658 32.175446
v -25.166937 -9.148475 38.667278
v -20.201408 6.831659 35.217911
v 7.421365 48.274559 -8.925807
v 14.325712 48.274559 -2.262253
v 23.982103 33.504814 -6.663557
v 28.398300 33.504814 10.232379
v 23.982103 33.504814 -6.663557
v 14.325712 48.274559 -2.262253
v -14.325712 48.274559 -2.262253
v -23.982103 33.504814 -6.663557
v -18.402617 48.274559 9.280441
v -23.982103 33.504814 -6.663557
v -14.325712 48.274559 -2.262253
v -13.555570 33.504814 -18.557159
v 46.084633 -14.235092 -18.650482
v 51.087860 -9.163329 12.169853
v 53.505997 -14.235090 12.296778
v 44.097343 -15.319243 31.186180
v -42.045425 -9.148476 29.580954
v -51.087860 -9.163329 12.169853
v -53.505997 -14.235090 12.296778
v 16.426098 33.504814 25.250574
v 35.685024 6.831658 26.952862
v 22.899597 33.504814 20.722343
v 43.208717 6.831657 11.777877
v 28.398300 33.504814 10.232379
v 37.273781 6.831655 -13.719083
v 23.982103 33.504814 -6.663557
v 14.325712 48.274559 -2.262253
v 18.402617 48.274559 9.280441
v 28.398300 33.504814 10.232379
v 13.830236 49.514652 17.108717
v 22.899597 33.504814 20.722343
v 9.467895 50.227520 22.133448
v 16.426098 33.504814 25.250574
v 42.045425 -9.148476 29.580954
v 32.523674 -9.148475 35.374699
v 33.913162 -16.893494 36.968723
v 25.166937 -9.148475 38.667278
v 26.464869 -17.064283 40.522621
v -37.273781 6.831655 -13.719083
v -23.982103 33.504814 -6.663557
v -21.423941 7.284622 -31.339235
v -13.555570 33.504814 -18.557159
v 0.000000 6.831653 -41.366299
v 0.000000 33.504814 -24.556225
v 21.423941 7.284622 -31.339235
v 13.555570 33.504814 -18.557159
v 37.273781 6.831655 -13.719083
v 23.982103 33.504814 -6.663557
v -14.325712 48.274559 -2.262253
v -7.421365 48.274559 -8.925807
v -13.555570 33.504814 -18.557159
v 0.000000 48.274559 -11.979468
v 0.000000 33.504814 -24.556225
v 7.421365 48.274559 -8.925807
v 13.555570 33.504814 -18.557159
v -23.982103 33.504814 -6.663557
v -28.398300 33.504814 10.232379
v -18.402617 48.274559 9.280441
v -22.899597 33.504814 20.722343
v -13.830236 49.514652 17.108717
v -16.426098 33.504814 25.250574
v -9.467895 50.227520 22.133448
v -27.202696 6.831658 32.175446
v -22.899597 33.504814 20.722343
v -35.685024 6.831658 26.952862
v -28.398300 33.504814 10.232379
v -43.208717 6.831657 11.777877
v -23.982103 33.504814 -6.663557
v -37.273781 6.831655 -13.719083
v -44.097343 -15.319243 31.186180
v -33.913162 -16.893494 36.968723
v -32.523674 -9.148475 35.374699
v -26.464869 -17.064283 40.522621
v -25.166937 -9.148475 38.667278
v -27.628159 -14.235094 -39.626682
v -26.701836 -9.163333 -38.017723
v 0.000000 -14.235095 -51.736801
v 0.000000 -9.163334 -49.437225
v 27.628159 -14.235094 -39.626682
v 26.701836 -9.163333 -38.017723
v 43.919617 -9.163331 -17.885202
v -32.523674 -9.148475 35.374699
v -35.685024 6.831658 26.952862
v -42.045425 -9.148476 29.580954
v -43.208717 6.831657 11.777877
v -51.087860 -9.163329 12.169853
v -37.273781 6.831655 -13.719083
v -43.919617 -9.163331 -17.885202
v -21.423941 7.284622 -31.339235
v -26.701836 -9.163333 -38.017723
v 0.000000 6.831653 -41.366299
v 0.000000 -9.163334 -49.437225
v 21.423941 7.284622 -31.339235
v 26.701836 -9.163333 -38.017723
v 37.273781 6.831655 -13.719083
v 43.919617 -9.163331 -17.885202
v 43.208717 6.831657 11.777877
v 51.087860 -9.163329 12.169853
v 35.685024 6.831658 26.952862
v 42.045425 -9.148476 29.580954
v 27.202696 6.831658 32.175446
v 32.523674 -9.148475 35.374699
v 20.201408 6.831659 35.217911
v 25.166937 -9.148475 38.667278
vn 0.4402 0.3537 0.8253
vn 0.3933 0.3697 0.8418
vn 0.3925 0.3375 0.8556
vn -0.5027 0.4084 0.7619
vn -0.3925 0.3376 0.8556
vn -0.3933 0.3697 0.8418
vn -0.8086 0.4161 -0.4161
vn -0.8163 0.3924 -0.4238
vn -0.8997 0.4225 0.1095
vn -0.4402 0.3537 0.8253
vn -0.3938 0.2836 0.8743
vn -0.3925 0.3375 0.8556
vn 0.4560 0.6053 -0.6525
vn 0.7076 0.5818 -0.4010
vn 0.7452 0.5334 -0.4001
vn 0.8408 0.5344 0.0864
vn 0.7453 0.5334 -0.4001
vn 0.7076 0.5818 -0.4009
vn -0.7076 0.5818 -0.4009
vn -0.7452 0.5335 -0.4001
vn -0.8201 0.5678 0.0709
vn -0.7452 0.5334 -0.4001
vn -0.7076 0.5818 -0.4010
vn -0.4880 0.5510 -0.6769
vn 0.8163 0.3924 -0.4238
vn 0.8982 0.4255 0.1103
vn 0.8997 0.4225 0.1095
vn 0.6672 0.3611 0.6515
vn -0.6687 0.3697 0.6451
vn -0.8982 0.4255 0.1103
vn -0.8086 0.4161 -0.4160
vn 0.5027 0.4084 0.7619
vn 0.6695 0.4175 0.6144
vn 0.6761 0.4717 0.5661
vn 0.8801 0.4636 0.1022
vn 0.8408 0.5343 0.0864
vn 0.7886 0.4652 -0.4021
vn 0.7453 0.5334 -0.4000
vn 0.8201 0.5678 0.0710
vn 0.8408 0.5344 0.0865
vn 0.6940 0.4890 0.5284
vn 0.6761 0.4717 0.5660
vn 0.6135 0.4326 0.6607
vn 0.6687 0.3698 0.6451
vn 0.4330 0.2992 0.8503
vn 0.4321 0.2828 0.8563
vn 0.3939 0.2835 0.8743
vn 0.4003 0.2590 0.8790
vn -0.7885 0.4653 -0.4022
vn -0.5266 0.4716 -0.7073
vn -0.0000 0.4970 -0.8678
vn -0.0000 0.5886 -0.8084
vn 0.5266 0.4716 -0.7073
vn 0.4880 0.5510 -0.6769
vn 0.7885 0.4653 -0.4022
vn -0.4559 0.6053 -0.6525
vn -0.0000 0.6456 -0.7637
vn 0.7452 0.5335 -0.4001
vn -0.7453 0.5334 -0.4001
vn -0.8408 0.5344 0.0864
vn -0.8201 0.5678 0.0710
vn -0.6761 0.4717 0.5660
vn -0.6940 0.4890 0.5284
vn -0.6135 0.4326 0.6607
vn -0.6695 0.4175 0.6144
vn -0.8408 0.5343 0.0864
vn -0.8801 0.4636 0.1022
vn -0.7453 0.5334 -0.4000
vn -0.7886 0.4653 -0.4021
vn -0.6672 0.3611 0.6515
vn -0.4321 0.2828 0.8563
vn -0.4330 0.2992 0.8503
vn -0.4003 0.2590 0.8790
vn -0.5511 0.3700 -0.7479
vn -0.5404 0.4073 -0.7362
vn -0.0000 0.3930 -0.9196
vn -0.0000 0.4250 -0.9052
vn 0.5511 0.3700 -0.7479
vn 0.5404 0.4073 -0.7362
vn 0.8086 0.4161 -0.4161
vn -0.6695 0.4174 0.6144
vn -0.7886 0.4652 -0.4022
vn 0.5266 0.4715 -0.7074
vn 0.7886 0.4652 -0.4022
vn 0.6687 0.3697 0.6451
vn 0.3938 0.2836 0.8743
vt 0.696167 0.330994
vt 0.767426 0.101196
vt 0.767426 0.330994
vt 0.696167 0.101196
vt 0.803986 0.559509
vt 0.803986 0.632904
vt 0.569550 0.632904
vt 0.693268 0.348907
vt 0.585175 0.543060
vt 0.585175 0.348907
vt 0.601105 0.101196
vt 0.601105 0.330994
vt 0.727539 0.330994
vt 0.926086 0.330994
vt 0.926086 0.101196
vt 0.727539 0.101196
vt 0.569550 0.559509
vt 0.691925 0.559509
vt 0.691925 0.632904
vt 0.693268 0.543060
vt 0.796143 0.348907
vt 0.796143 0.543060
s 1
usemtl npc01_07
f 1692/694/1341 1693/695/1342 1694/696/1343
f 1695/697/1344 1696/696/1345 1697/695/1346
f 1698/698/1347 1699/699/1348 1700/700/1349
f 1701/701/1350 1702/702/1351 1703/703/1352
f 1704/695/1353 1705/704/1354 1706/705/1355
f 1707/706/1356 1708/707/1357 1709/708/1358
f 1710/708/1359 1711/707/1360 1712/709/1361
f 1713/705/1362 1714/704/1363 1715/696/1364
f 1716/699/1365 1717/710/1366 1718/700/1367
f 1718/700/1367 1717/710/1366 1719/699/1368
f 1720/698/1369 1721/710/1370 1722/700/1349
f 1722/700/1349 1721/710/1370 1698/698/1371
f 1693/695/1342 1692/694/1341 1723/697/1372
f 1723/697/1372 1692/694/1341 1724/705/1373
f 1723/697/1372 1724/705/1373 1725/704/1374
f 1725/704/1374 1724/705/1373 1726/706/1375
f 1725/704/1374 1726/706/1375 1727/709/1376
f 1727/709/1376 1726/706/1375 1728/707/1377
f 1727/709/1376 1728/707/1377 1729/708/1378
f 1730/708/1354 1731/709/1379 1732/706/1380
f 1732/706/1380 1731/709/1379 1733/704/1381
f 1732/706/1380 1733/704/1381 1734/705/1382
f 1734/705/1382 1733/704/1381 1735/697/1383
f 1734/705/1382 1735/697/1383 1736/694/1372
f 1717/710/1366 1737/698/1384 1719/699/1368
f 1719/699/1368 1737/698/1384 1738/711/1385
f 1719/699/1368 1738/711/1385 1739/712/1386
f 1739/712/1386 1738/711/1385 1740/710/1387
f 1739/712/1386 1740/710/1387 1741/700/1388
f 1742/705/1389 1743/704/1362 1744/696/1390
f 1744/696/1390 1743/704/1362 1745/695/1364
f 1744/696/1390 1745/695/1364 1746/707/1391
f 1746/707/1391 1745/695/1364 1747/708/1392
f 1746/707/1391 1747/708/1392 1748/696/1393
f 1748/696/1393 1747/708/1392 1749/695/1394
f 1748/696/1393 1749/695/1394 1750/705/1395
f 1750/705/1395 1749/695/1394 1751/704/1355
f 1752/704/1363 1753/695/1396 1754/696/1364
f 1754/696/1364 1753/695/1396 1755/708/1397
f 1754/696/1364 1755/708/1397 1756/707/1392
f 1756/707/1392 1755/708/1397 1757/695/1353
f 1756/707/1392 1757/695/1353 1758/696/1394
f 1758/696/1394 1757/695/1353 1706/705/1398
f 1759/707/1399 1760/706/1400 1761/709/1401
f 1761/709/1401 1760/706/1400 1762/705/1402
f 1761/709/1401 1762/705/1402 1763/704/1403
f 1763/704/1403 1762/705/1402 1764/694/1344
f 1763/704/1403 1764/694/1344 1765/697/1404
f 1696/696/1345 1695/697/1344 1766/694/1350
f 1766/694/1350 1695/697/1344 1767/704/1402
f 1766/694/1350 1767/704/1402 1768/705/1405
f 1768/705/1405 1767/704/1402 1769/709/1406
f 1768/705/1405 1769/709/1406 1770/706/1407
f 1770/706/1407 1769/709/1406 1771/708/1408
f 1770/706/1407 1771/708/1408 1772/707/1409
f 1722/700/1349 1773/699/1410 1720/698/1369
f 1720/698/1369 1773/699/1410 1774/712/1411
f 1720/698/1369 1774/712/1411 1775/711/1412
f 1775/711/1412 1774/712/1411 1776/700/1413
f 1775/711/1412 1776/700/1413 1777/710/1351
f 1699/699/1348 1698/698/1347 1778/700/1414
f 1778/700/1414 1698/698/1347 1779/710/1415
f 1778/700/1414 1779/710/1415 1780/699/1416
f 1780/699/1416 1779/710/1415 1781/698/1417
f 1780/699/1416 1781/698/1417 1782/700/1418
f 1782/700/1418 1781/698/1417 1783/710/1419
f 1782/700/1418 1783/710/1419 1716/699/1365
f 1716/699/1365 1783/710/1419 1784/698/1420
f 1716/699/1365 1784/698/1420 1717/710/1366
f 1702/702/1351 1701/701/1350 1785/713/1412
f 1785/713/1412 1701/701/1350 1786/714/1421
f 1785/713/1412 1786/714/1421 1787/715/1369
f 1787/715/1369 1786/714/1421 1788/703/1407
f 1787/715/1369 1788/703/1407 1789/702/1370
f 1789/702/1370 1788/703/1407 1790/714/1422
f 1789/702/1370 1790/714/1422 1791/715/1347
f 1791/715/1347 1790/714/1422 1792/703/1390
f 1791/715/1347 1792/703/1390 1793/702/1415
f 1793/702/1415 1792/703/1390 1794/714/1391
f 1793/702/1415 1794/714/1391 1795/715/1417
f 1795/715/1417 1794/714/1391 1796/703/1423
f 1795/715/1417 1796/703/1423 1797/702/1419
f 1797/702/1419 1796/703/1423 1798/714/1424
f 1797/702/1419 1798/714/1424 1799/715/1420
f 1799/715/1420 1798/714/1424 1800/703/1375
f 1799/715/1420 1800/703/1375 1801/702/1366
f 1801/702/1366 1800/703/1375 1802/714/1373
f 1801/702/1366 1802/714/1373 1803/715/1425
f 1803/715/1425 1802/714/1373 1804/701/1341
f 1803/715/1425 1804/701/1341 1805/713/1385
f 1805/713/1385 1804/701/1341 1806/703/1343
f 1805/713/1385 1806/703/1343 1807/702/1426
