mtllib receptionist_low.mtl
o npc_00-0001-13.004
v 3.390317 39.735939 1.139448
v 0.000000 38.399521 2.650836
v 1.587485 33.580708 5.902133
v 0.000000 45.836555 -7.566398
v 0.000000 41.538174 -9.719220
v -5.375364 42.733242 -6.600308
v 0.000000 41.538174 -9.719220
v 0.000000 45.836555 -7.566398
v 5.375364 42.733242 -6.600308
v 4.845282 45.049484 -5.522321
v 5.148975 42.167831 -3.049571
v 4.508459 43.539589 -2.252113
v 3.390317 39.735939 1.139448
v 4.174397 43.687366 1.453073
v 0.000000 40.416996 2.789524
v 0.000000 41.544601 4.352920
v -4.174397 43.687366 1.453073
v 0.000000 41.538174 -9.719220
v 0.000000 36.170017 -12.275497
v -8.362597 38.756111 -10.289733
v -3.315774 36.382046 2.562579
v 0.000000 38.540874 1.624857
v -6.344420 40.468399 -4.059789
v -3.315774 36.382046 2.562579
v 0.000000 36.465569 2.682356
v 3.315774 36.382046 2.562579
v 6.344420 40.468399 -4.059789
v -6.049010 42.010418 -6.935997
v -8.638682 39.915840 -3.399444
v -7.688951 36.873562 2.458563
v -5.968945 31.023523 6.187390
v 0.000000 36.465569 2.682356
v -5.968945 31.023523 6.187390
v 0.000000 27.290548 9.315758
v 0.000000 36.465569 2.682356
v 5.968945 31.023523 6.187390
v 3.315774 36.382046 2.562579
v 7.688951 36.873562 2.458563
v 6.344420 40.468399 -4.059789
v 8.638682 39.915840 -3.399444
v 6.049010 42.010418 -6.935997
v 8.749116 40.972767 -6.920236
v 9.113547 40.792866 -3.542860
v 5.375364 42.733242 -6.600308
v 5.148975 42.167831 -3.049571
v 0.000000 36.170017 -12.275497
v 0.000000 41.538174 -9.719220
v 8.362597 38.756111 -10.289733
v 9.113547 40.792866 -3.542860
v 7.799385 38.373821 1.845498
v 12.440364 40.969555 -1.935336
v 5.375364 42.733242 -6.600308
v 9.113547 40.792866 -3.542860
v 8.749116 41.197643 -7.317389
v 9.113547 40.792866 -3.542860
v 5.148975 42.167831 -3.049571
v 7.799385 38.373821 1.845498
v 3.390317 39.735939 1.139448
v 5.565862 35.292992 5.151954
v 1.587485 33.580708 5.902133
v 2.368804 29.192373 8.731060
v 0.000000 41.538174 -9.719220
v 12.225018 40.927792 -6.787852
v 12.440364 40.969555 -1.935336
v -4.508459 43.539589 -2.252113
v -5.148975 42.167831 -3.049571
v -3.390317 39.735939 1.139448
v -1.587485 33.580708 5.902133
v 0.000000 38.399521 2.650836
v -3.390317 39.735939 1.139448
v -5.148975 42.167831 -3.049571
v -4.508459 43.539589 -2.252113
v -4.845282 45.049484 -5.522321
v 4.174397 43.687366 1.453073
v 4.508459 43.539589 -2.252113
v 5.455428 47.629154 -5.271737
v 4.845282 45.049484 -5.522321
v 0.000000 48.493328 -7.493903
v 0.000000 45.836555 -7.566398
v -4.845282 45.049484 -5.522321
v -5.375364 42.733242 -6.600308
v -5.148975 42.167831 -3.049571
v -3.390317 40.975979 3.334821
v -3.489707 38.948868 3.330093
v 0.000000 39.845165 2.814740
v 0.000000 39.845165 2.814740
v 3.489707 38.948868 3.330093
v 3.390317 40.975979 3.334821
v -3.771313 42.219234 -0.231676
v -4.362134 45.107311 -1.735183
v -4.522263 45.817280 -5.355265
v 5.079953 47.722321 -4.633456
v 0.000000 49.045887 -6.738997
v 0.000000 51.551670 -6.329236
v -5.077193 47.722321 -4.633456
v -5.629361 49.627357 -3.910070
v -6.526636 47.481377 -1.843929
v 0.000000 48.493328 -7.493903
v -4.845282 45.049484 -5.522321
v -5.455428 47.629154 -5.271737
v -4.508459 43.539589 -2.252113
v -4.174397 43.687366 1.453073
v -3.390317 39.735939 1.139448
v 0.000000 40.416996 2.789524
v 0.000000 38.399521 2.650836
v 3.390317 39.735939 1.139448
v 4.364895 45.107311 -1.735183
v 3.694010 43.677727 1.765121
v 3.412404 43.195847 0.297862
v 0.000000 42.325249 2.652412
v 0.000000 41.846581 1.807674
v -3.691249 43.677727 1.765121
v -3.406882 43.195847 0.297862
v 0.000000 51.551670 -6.329236
v 5.634883 49.627357 -3.910070
v 5.079953 47.722321 -4.633456
v 6.529397 47.481377 -1.843929
v 4.364895 45.107311 -1.735183
v 5.391929 45.968269 -0.674533
v 3.694010 43.677727 1.765121
v -5.389168 45.968269 -0.674533
v -6.526636 47.481377 -1.843929
v -4.362134 45.107311 -1.735183
v -5.077193 47.722321 -4.633456
v -4.522263 45.817280 -5.355265
v 0.000000 49.045887 -6.738997
v 0.000000 46.536892 -7.148757
v 5.079953 47.722321 -4.633456
v 4.527785 45.817280 -5.355265
v 4.364895 45.107311 -1.735183
v 3.776835 42.219234 -0.231676
v 3.412404 43.195847 0.297862
v 0.000000 40.089317 1.282864
v 0.000000 41.846581 1.807674
v -3.771313 42.219234 -0.231676
v -3.406882 43.195847 0.297862
v -3.691249 43.677727 1.765121
v -5.389168 45.968269 -0.674533
v -8.638682 39.915840 -3.399444
v -6.049010 42.010418 -6.935997
v -8.749116 40.972767 -6.920236
v -12.440364 40.969555 -1.935336
v -7.799385 38.373821 1.845498
v -9.113547 40.792866 -3.542860
v -8.749116 41.197643 -7.317389
v -9.113547 40.792866 -3.542860
v -5.375364 42.733242 -6.600308
v -5.148975 42.167831 -3.049571
v -12.440364 40.969555 -1.935336
v -12.225018 40.927792 -6.787852
v -8.362597 38.756111 -10.289733
v 0.000000 41.538174 -9.719220
v -2.368804 29.192373 8.731060
v -1.587485 33.580708 5.902133
v -5.565862 35.292992 5.151954
v -3.390317 39.735939 1.139448
v -7.799385 38.373821 1.845498
v -5.148975 42.167831 -3.049571
v -9.113547 40.792866 -3.542860
v -23.204897 34.538044 -7.262228
v -29.836445 36.019028 -7.538030
v -27.785137 37.930489 -2.382921
v -16.460154 35.280144 -9.322067
v -23.204897 34.538044 -7.262228
v -16.620283 36.876778 -5.590089
v -27.785137 37.930489 -2.382921
v -16.432545 37.127354 0.658767
v -27.779615 33.166290 2.230043
v -16.531937 32.934986 3.396287
v -16.283461 30.091887 2.606709
v -27.655376 27.679266 -2.627201
v -16.283461 30.091887 2.606709
v -27.779615 33.166290 2.230043
v -14.646279 38.287083 0.959783
v -16.432545 37.127354 0.658767
v -16.531937 32.934986 3.396287
v -23.008877 30.782581 -8.357551
v -16.460154 35.280144 -9.322067
v -15.491097 30.265364 -10.053331
v -14.933407 24.669113 -1.763550
v -27.655376 27.679266 -2.627201
v -15.060406 25.844906 -6.069193
v -23.008877 30.782581 -8.357551
v -15.491097 30.265364 -10.053331
v -14.585540 27.659990 2.852565
v -13.213401 24.437811 3.514487
v -11.590024 32.947838 4.852514
v -16.283461 30.091887 2.606709
v -27.655376 27.679266 -2.627201
v -14.933407 24.669113 -1.763550
v -11.093072 37.795563 2.055106
v -14.646279 38.287083 0.959783
v -11.037855 39.771275 -1.899088
v -14.422650 38.232468 -6.114898
v -11.507199 39.999367 -6.426947
v -11.667328 35.456833 -9.979259
v -14.646279 38.287083 0.959783
v -11.590024 32.947838 4.852514
v -16.283461 30.091887 2.606709
v -14.585540 27.659990 2.852565
v -14.933407 24.669113 -1.763550
v -13.213401 24.437811 3.514487
v -13.395616 20.839764 -1.265532
v -16.620283 36.876778 -5.590089
v -14.422650 38.232468 -6.114898
v -16.460154 35.280144 -9.322067
v -11.667328 35.456833 -9.979259
v -15.491097 30.265364 -10.053331
v -13.006337 29.025322 -9.295273
v -15.060406 25.844906 -6.069193
v -12.782709 22.860453 -6.168482
v -13.395616 20.839764 -1.265532
v -14.933407 24.669113 -1.763550
v -15.060406 25.844906 -6.069193
v -13.395616 20.839764 -1.265532
v -12.440364 40.969555 -1.935336
v -12.481777 37.853390 3.402590
v -7.799385 38.373821 1.845498
v -10.897052 34.383842 6.415910
v -5.565862 35.292992 5.151954
v -7.807668 31.299803 7.296896
v -2.368804 29.192373 8.731060
v 14.933407 24.669113 -1.763550
v 13.213401 24.437811 3.514487
v 13.395616 20.839764 -1.265532
v 13.395616 20.839764 -1.265532
v 15.060406 25.844906 -6.069193
v 14.933407 24.669113 -1.763550
v 23.008877 30.782581 -8.357551
v 27.655376 27.679266 -2.627201
v 15.060406 25.844906 -6.069193
v 14.933407 24.669113 -1.763550
v 11.590024 32.947838 4.852514
v 13.213401 24.437811 3.514487
v 14.585540 27.659990 2.852565
v 14.933407 24.669113 -1.763550
v 27.655376 27.679266 -2.627201
v 16.283461 30.091887 2.606709
v 27.779615 33.166290 2.230043
v 11.667328 35.456833 -9.979259
v 11.507199 39.999367 -6.426947
v 14.422650 38.232468 -6.114898
v 11.037855 39.771275 -1.899088
v 14.646279 38.287083 0.959783
v 11.093072 37.795563 2.055106
v 14.933407 24.669113 -1.763550
v 16.283461 30.091887 2.606709
v 16.531937 32.934986 3.396287
v 14.646279 38.287083 0.959783
v 15.060406 25.844906 -6.069193
v 15.491097 30.265364 -10.053331
v 23.008877 30.782581 -8.357551
v 16.460154 35.280144 -9.322067
v 23.204897 34.538044 -7.262228
v 16.620283 36.876778 -5.590089
v 27.785137 37.930489 -2.382921
v 16.432545 37.127354 0.658767
v 16.531937 32.934986 3.396287
v 13.395616 20.839764 -1.265532
v 12.782709 22.860453 -6.168482
v 15.060406 25.844906 -6.069193
v 13.006337 29.025322 -9.295273
v 15.491097 30.265364 -10.053331
v 11.667328 35.456833 -9.979259
v 16.460154 35.280144 -9.322067
v 14.422650 38.232468 -6.114898
v 16.620283 36.876778 -5.590089
v 16.432545 37.127354 0.658767
v 2.368804 29.192373 8.731060
v 7.807668 31.299803 7.296896
v 5.565862 35.292992 5.151954
v 10.897052 34.383842 6.415910
v 7.799385 38.373821 1.845498
v 12.481777 37.853390 3.402590
v 12.440364 40.969555 -1.935336
v 5.455428 -14.318300 23.510828
v 12.277474 2.168467 9.300000
v 4.538828 -0.266640 14.199796
v -15.488336 -24.678751 28.402746
v -22.591990 -9.184658 16.611082
v -28.803888 -20.055901 20.880480
v -20.446814 -27.155621 30.213573
v -34.480183 -21.784248 24.462736
v 18.933870 -16.329351 19.143723
v 19.295542 -0.247365 7.372547
v 12.755101 -0.771009 11.337773
v 34.480183 -21.784248 24.462736
v 28.803888 -20.055901 20.880480
v 20.446814 -27.155621 30.213573
v 0.000000 -17.270628 24.661312
v -18.933870 -16.329351 19.143723
v -24.251257 -38.608337 23.214542
v -39.317184 -35.813423 9.363043
v 0.000000 -17.270628 24.661312
v -29.645947 -37.002068 -37.491554
v -24.958033 -31.675671 -30.788813
v -0.002761 -31.720648 -36.459270
v 24.949751 -31.675671 -30.788813
v 29.645947 -37.002068 -37.491554
v -0.002761 -31.720648 -36.459270
v 0.000000 -37.127357 -44.091858
v -29.645947 -37.002068 -37.491554
v -24.251257 -38.608337 23.214542
v -0.002761 -40.172840 28.944893
v 0.000000 -17.270628 24.661312
v 24.242973 -38.608337 23.214542
v 18.933870 -16.329351 19.143723
v 39.308903 -35.813423 9.363043
v -22.591990 -9.184658 16.611082
v -11.410569 -6.074916 18.612606
v -10.869444 4.067080 10.362226
v 0.000000 4.841303 13.301474
v -32.387463 -38.540871 26.700663
v -7.390780 -40.747887 35.092884
v -22.153013 -12.438964 17.570868
v -5.455428 -14.318300 23.510828
v -12.277474 2.168467 9.300000
v -4.538828 -0.266640 14.199796
v 12.277474 2.168467 9.300000
v 5.455428 -14.318300 23.510828
v 22.153013 -12.438964 17.570868
v 7.390780 -40.747887 35.092884
v 32.387463 -38.540871 26.700663
v -22.591990 -9.184658 16.611082
v -15.488336 -24.678751 28.402746
v -11.410569 -6.074916 18.612606
v 0.000000 -7.244282 20.651957
v 11.410569 -6.074916 18.612606
v 10.869444 4.067080 10.362226
v 47.527935 -37.997952 -18.144529
v 39.949417 -32.526993 -14.899539
v 46.608574 -41.981506 10.775142
v 39.308903 -35.813423 9.363043
v 28.624434 -45.267933 27.203409
v 24.242973 -38.608337 23.214542
v 0.000000 -47.340023 33.561008
v 24.242973 -38.608337 23.214542
v -0.002761 -40.172840 28.944893
v -24.251257 -38.608337 23.214542
v -28.624434 -45.267933 27.203409
v -39.317184 -35.813423 9.363043
v -46.608574 -41.981506 10.775142
v -39.954937 -32.526993 -14.899539
v -47.527935 -37.997952 -18.144529
v -20.446814 -27.155621 30.213573
v 0.000000 -29.481501 34.590137
v 0.000000 -26.252895 31.688713
v 15.488336 -24.678751 28.402746
v 28.803888 -20.055901 20.880480
v 22.591990 -9.184658 16.611082
v -28.803888 -20.055901 20.880480
v -20.446814 -27.155621 30.213573
v -15.488336 -24.678751 28.402746
v 0.000000 -26.252895 31.688713
v 0.000000 -7.244282 20.651957
v 15.488336 -24.678751 28.402746
v 22.591990 -9.184658 16.611082
v 19.295542 -0.247365 7.372547
v 29.444405 -13.579416 9.342553
v 17.426449 2.390132 -0.876258
v 29.571404 -10.922646 -7.522266
v 12.086976 3.055128 -7.719268
v 19.218237 -10.048834 -18.037367
v 6.291964 3.321768 -9.309456
v 0.000000 -9.843232 -22.388714
v -12.755101 -0.771009 11.337773
v -19.295542 -0.247365 7.372547
v -29.444405 -13.579416 9.342553
v -17.426449 2.390132 -0.876258
v -29.571404 -10.922646 -7.522266
v -12.086976 3.055128 -7.719268
v -19.218237 -10.048834 -18.037367
v -6.291964 3.321768 -9.309456
v 0.000000 -9.843232 -22.388714
v 0.000000 4.574660 -9.254295
v 0.000000 -9.843232 -22.388714
v -24.958033 -31.675671 -30.788813
v -19.218237 -10.048834 -18.037367
v -39.954937 -32.526993 -14.899539
v -29.571404 -10.922646 -7.522266
v -29.444405 -13.579416 9.342553
v -18.933870 -16.329351 19.143723
v -12.755101 -0.771009 11.337773
v 0.000000 -1.586995 15.173766
v 29.444405 -13.579416 9.342553
v 39.308903 -35.813423 9.363043
v 29.571404 -10.922646 -7.522266
v 39.949417 -32.526993 -14.899539
v 24.949751 -31.675671 -30.788813
v -0.002761 -31.720648 -36.459270
v -24.958033 -31.675671 -30.788813
v -39.954937 -32.526993 -14.899539
v -24.958033 -31.675671 -30.788813
v -47.527935 -37.997952 -18.144529
v -29.645947 -37.002068 -37.491554
v -21.037634 -0.067462 7.660955
v -22.591990 -9.184658 16.611082
v -10.869444 4.067080 10.362226
v -43.958164 -35.697773 -15.394404
v -43.284515 -39.154469 10.128981
v -31.711058 -10.993322 -7.634162
v -31.578537 -13.691855 9.509609
v -18.641220 2.550759 -0.931418
v -21.037634 -0.067462 7.660955
v -10.140581 -34.274620 -42.005230
v -34.618225 -33.750977 -31.376661
v -7.639256 -10.074535 -24.814182
v -24.284386 -10.048834 -18.012150
v -6.526636 2.692110 -9.968225
v -15.930071 2.518632 -7.689323
v 31.578537 -13.691855 9.509609
v 18.641220 2.550759 -0.931418
v 21.037634 -0.067462 7.660955
v 24.284386 -10.048834 -18.012150
v 6.526636 2.692110 -9.968225
v 15.930071 2.518632 -7.689323
v 21.037634 -0.067462 7.660955
v 14.544128 5.156131 6.242551
v 10.869444 4.067080 10.362226
v 39.949417 -32.526993 -14.899539
v 47.527935 -37.997952 -18.144529
v 24.949751 -31.675671 -30.788813
v 29.645947 -37.002068 -37.491554
v 21.037634 -0.067462 7.660955
v 10.869444 4.067080 10.362226
v 22.591990 -9.184658 16.611082
v 18.641220 2.550759 -0.931418
v 31.578537 -13.691855 9.509609
v 31.711058 -10.993322 -7.634162
v 43.284515 -39.154469 10.128981
v 43.958164 -35.697773 -15.394404
v 6.526636 2.692110 -9.968225
v 24.284386 -10.048834 -18.012150
v 7.639256 -10.074535 -24.814182
v 34.618225 -33.750977 -31.376661
v 10.140581 -34.274620 -42.005230
v -19.168543 2.849523 -30.497253
v -17.246994 16.753407 -20.981342
v 0.000000 8.156644 -12.480377
v 24.819990 9.750065 -23.837061
v 25.557135 5.798637 -25.877985
v 19.168543 2.849523 -30.497253
v 0.000000 3.389231 -13.489018
v 0.000000 6.884479 -7.889476
v 6.291964 3.321768 -9.309456
v 0.000000 2.402981 -14.258108
v 4.414590 2.200591 -17.651245
v 3.186014 -0.212029 -14.767157
v -3.186014 -0.212029 -14.767157
v -24.819990 9.750065 -23.837061
v -25.557135 5.798637 -25.877985
v -24.289907 -0.009640 -23.458818
v 24.289907 -0.009640 -23.458818
v 21.048677 14.276538 -14.790798
v 2.564824 7.909279 -9.478089
v 4.914303 0.999100 -12.968937
v 18.793068 -13.659734 -36.027451
v 0.000000 3.389231 -13.489018
v 19.198912 -3.106531 -28.724249
v 6.291964 3.321768 -9.309456
v 30.043507 -5.483812 -25.643162
v -30.043507 -5.483812 -25.643162
v -6.291964 3.321768 -9.309456
v -19.198912 -3.106531 -28.724249
v -18.793068 -13.659734 -36.027451
v -6.291964 3.321768 -9.309456
v -6.291964 3.321768 -9.309456
v -10.775575 6.881266 -5.738232
v 0.000000 6.884479 -7.889476
v 10.775575 6.881266 -5.738232
v 6.291964 3.321768 -9.309456
v 17.246994 16.753407 -20.981342
v 25.551615 13.858906 -22.404474
v -4.914303 0.999100 -12.968937
v -2.564824 7.909279 -9.478089
v -21.048677 14.276538 -14.790798
v -25.551615 13.858906 -22.404474
v -12.086976 3.055128 -7.719268
v -18.641220 2.550759 -0.931418
v -15.099057 7.295684 0.728113
v -21.037634 -0.067462 7.660955
v -14.544128 5.156131 6.242551
v -10.869444 4.067080 10.362226
v -4.414590 2.200591 -17.651245
v -3.917638 10.415062 -14.738790
v 3.917638 10.415062 -14.738790
v -3.688488 11.092908 -11.263700
v 3.688488 11.092908 -11.263700
v 14.544128 5.156131 6.242551
v 21.037634 -0.067462 7.660955
v 15.099057 7.295684 0.728113
v 18.641220 2.550759 -0.931418
v 12.086976 3.055128 -7.719268
v 12.608776 -36.857498 -7.410368
v 9.872779 -22.436398 -8.355971
v 20.225945 -23.666801 3.219778
v 0.403083 -27.592527 4.059788
v 9.872779 -22.436398 -8.355971
v 5.864033 -37.018127 -7.739753
v 12.608776 -36.857498 -7.410368
v 11.769479 -53.732986 -6.625517
v 18.210529 -37.252644 2.236353
v 15.874855 -56.543961 1.541336
v 13.003577 -55.904667 5.353690
v 10.148864 -62.262287 4.739049
v 6.976653 -56.148819 7.036862
v 4.166114 -63.219624 -0.330956
v 3.268840 -56.206642 0.666654
v -0.403083 -27.592527 4.059788
v -5.864033 -37.018127 -7.739753
v -9.872779 -22.436398 -8.355971
v -12.608776 -36.857498 -7.410368
v -20.225945 -23.666801 3.219778
v 70.362877 36.182865 0.868375
v 53.229076 31.331926 -1.254501
v 70.249680 34.046528 -1.840776
v 70.006729 36.247116 -4.467974
v 70.249680 34.046528 -1.840776
v 53.229076 31.331926 -1.254501
v 52.674149 38.807514 -2.110272
v 53.745354 34.595871 -6.313474
v 50.562103 37.027763 -5.774482
v 50.495842 33.574284 -6.078650
v 48.582577 33.461842 -6.515203
v 53.229076 31.331926 -1.254501
v 70.362877 36.182865 0.868375
v 48.974617 35.222317 2.775340
v 70.111641 38.662949 -1.899088
v 52.674149 38.807514 -2.110272
v 70.006729 36.247116 -4.467974
v 53.745354 34.595871 -6.313474
v 50.495842 33.574284 -6.078650
v 45.449017 30.271788 -1.062229
v 48.582577 33.461842 -6.515203
v 41.829552 33.330128 -7.005341
v 48.648838 36.989216 -6.218915
v 41.909615 36.722572 -6.630252
v 45.148087 38.248531 -4.280430
v 35.200764 38.306358 -2.411289
v 44.333637 38.756111 -0.520084
v 39.137730 34.451305 1.322264
v 45.449017 30.271788 -1.062229
v 41.829552 33.330128 -7.005341
v 45.449017 30.271788 -1.062229
v 35.479610 29.002834 -1.966855
v 35.200764 38.306358 -2.411289
v 41.909615 36.722572 -6.630252
v 29.836445 36.019028 -7.538030
v 41.829552 33.330128 -7.005341
v 27.655376 27.679266 -2.627201
v 41.829552 33.330128 -7.005341
v 29.775705 31.720646 -7.815406
v 29.836445 36.019028 -7.538030
v 23.204897 34.538044 -7.262228
v 27.785137 37.930489 -2.382921
v 39.137730 34.451305 1.322264
v 35.479610 29.002834 -1.966855
v 45.449017 30.271788 -1.062229
v 48.582577 33.461842 -6.515203
v 48.648838 36.989216 -6.218915
v 50.562103 37.027763 -5.774482
v 45.148087 38.248531 -4.280430
v 52.674149 38.807514 -2.110272
v 44.333637 38.756111 -0.520084
v 48.974617 35.222317 2.775340
v 70.111641 38.662949 -1.899088
v 70.362877 36.182865 0.868375
v 78.355522 39.703812 2.572036
v 77.579727 38.891041 -5.653129
v 77.267746 36.863926 -5.364721
v 70.006729 36.247116 -4.467974
v 72.764809 34.852875 -5.090496
v 70.249680 34.046528 -1.840776
v 78.355522 39.703812 2.572036
v 78.234047 40.288494 -1.303358
v 70.111641 38.662949 -1.899088
v 77.579727 38.891041 -5.653129
v 70.006729 36.247116 -4.467974
v 72.764809 34.852875 -5.090496
v 75.774132 35.848763 -0.278956
v 73.416374 32.523781 2.619317
v 70.362877 36.182865 0.868375
v 74.136948 36.346706 4.204776
v 78.355522 39.703812 2.572036
v 68.408195 32.726170 -2.773769
v 72.041473 31.617844 -3.443571
v 71.083458 36.198929 3.112605
v 69.418671 36.153954 -6.518355
v 62.461342 31.739920 -2.401832
v 62.455818 33.571068 -9.612051
v 72.872482 35.887314 -7.243317
v 71.837166 40.815353 -2.474329
v 68.510353 40.127869 -1.946368
v 68.656677 36.468784 2.039346
v 63.248180 36.786823 3.418350
v 62.058258 42.126068 -3.772957
v 62.704296 39.983303 -10.258213
v -16.460154 35.280144 -9.322067
v -23.008877 30.782581 -8.357551
v -23.204897 34.538044 -7.262228
v -29.775705 31.720646 -7.815406
v -29.836445 36.019028 -7.538030
v -41.829552 33.330128 -7.005341
v -41.909615 36.722572 -6.630252
v -48.582577 33.461842 -6.515203
v -48.648838 36.989216 -6.218915
v -50.495842 33.574284 -6.078650
v -50.562103 37.027763 -5.774482
v -53.745354 34.595871 -6.313474
v -52.674149 38.807514 -2.110272
v -70.111641 38.662949 -1.899088
v -70.362877 36.182865 0.868375
v -39.137730 34.451305 1.322264
v -44.333637 38.756111 -0.520084
v -48.974617 35.222317 2.775340
v -53.745354 34.595871 -6.313474
v -70.249680 34.046528 -1.840776
v -70.006729 36.247116 -4.467974
v -44.333637 38.756111 -0.520084
v -39.137730 34.451305 1.322264
v -35.200764 38.306358 -2.411289
v -41.909615 36.722572 -6.630252
v -48.648838 36.989216 -6.218915
v -45.148087 38.248531 -4.280430
v -50.562103 37.027763 -5.774482
v -52.674149 38.807514 -2.110272
v -70.249680 34.046528 -1.840776
v -53.229076 31.331926 -1.254501
v -48.974617 35.222317 2.775340
v -45.449017 30.271788 -1.062229
v -39.137730 34.451305 1.322264
v -35.479610 29.002834 -1.966855
v -53.745354 34.595871 -6.313474
v -70.111641 38.662949 -1.899088
v -53.229076 31.331926 -1.254501
v -50.495842 33.574284 -6.078650
v -45.449017 30.271788 -1.062229
v -48.582577 33.461842 -6.515203
v -41.829552 33.330128 -7.005341
v -29.836445 36.019028 -7.538030
v -41.909615 36.722572 -6.630252
v -35.200764 38.306358 -2.411289
v -45.148087 38.248531 -4.280430
v -44.333637 38.756111 -0.520084
v -52.674149 38.807514 -2.110272
v -70.362877 36.182865 0.868375
v -70.249680 34.046528 -1.840776
v -29.775705 31.720646 -7.815406
v -27.655376 27.679266 -2.627201
v -41.829552 33.330128 -7.005341
v -35.479610 29.002834 -1.966855
v -45.449017 30.271788 -1.062229
v -70.111641 38.662949 -1.899088
v -70.006729 36.247116 -4.467974
v -77.579727 38.891041 -5.653129
v -70.249680 34.046528 -1.840776
v -72.764809 34.852875 -5.090496
v -70.006729 36.247116 -4.467974
v -77.267746 36.863926 -5.364721
v -77.579727 38.891041 -5.653129
v -77.579727 38.891041 -5.653129
v -78.234047 40.288494 -1.303358
v -70.111641 38.662949 -1.899088
v -78.355522 39.703812 2.572036
v -70.362877 36.182865 0.868375
v -78.355522 39.703812 2.572036
v -74.136948 36.346706 4.204776
v -73.416374 32.523781 2.619317
v -70.249680 34.046528 -1.840776
v -75.774132 35.848763 -0.278956
v -72.764809 34.852875 -5.090496
v -71.837166 40.815353 -2.474329
v -68.510353 40.127869 -1.946368
v -69.418671 36.153954 -6.518355
v -72.872482 35.887314 -7.243317
v -62.455818 33.571068 -9.612051
v -62.461342 31.739920 -2.401832
v -72.041473 31.617844 -3.443571
v -68.408195 32.726170 -2.773769
v -68.656677 36.468784 2.039346
v -71.083458 36.198929 3.112605
v -62.704296 39.983303 -10.258213
v -62.058258 42.126068 -3.772957
v -63.248180 36.786823 3.418350
v 10.499491 -92.611176 5.457709
v 10.698272 -97.899017 10.036000
v 15.016232 -97.025208 -0.740715
v 10.165429 -94.657562 3.574384
v 5.507884 -93.777328 -1.888046
v 6.054531 -97.327187 -1.618549
v 6.054531 -97.327187 -1.618549
v 5.507884 -93.777328 -1.888046
v 9.748541 -93.417526 -6.945443
v 5.654209 -84.399918 -1.766694
v 10.698272 -97.899017 10.036000
v 10.499491 -92.611176 5.457709
v 5.557580 -96.912773 -1.003908
v 5.654209 -84.399918 -1.766694
v 8.224555 -80.978561 -7.249612
v 9.748541 -93.417526 -6.945443
v 12.263670 -80.814720 -7.528565
v 14.141044 -94.480873 -1.774573
v 14.494432 -84.435257 -2.067711
v 10.353166 -88.544098 2.677638
v 5.654209 -84.399918 -1.766694
v 5.507884 -93.777328 -1.888046
v 10.353166 -88.544098 2.677638
v 10.165429 -94.657562 3.574384
v 14.141044 -94.480873 -1.774573
v 13.757287 -97.327187 -1.618549
v 9.748541 -93.417526 -6.945443
v 9.555282 -97.725548 -7.969845
v 6.054531 -97.327187 -1.618549
v 10.148864 -62.262287 4.739049
v 4.166114 -63.219624 -0.330956
v 4.400786 -73.917389 -1.823431
v 10.974356 -72.584183 4.174840
v 16.399414 -69.898499 -1.706807
v 16.109526 -59.881794 0.122933
v 12.998055 -68.957222 -9.112451
v 12.376865 -59.827179 -7.530143
v 1.236858 -36.822163 2.534217
v 3.268840 -56.206642 0.666654
v 6.396876 -38.174644 11.408696
v 12.376865 -59.827179 -7.530143
v 7.189238 -60.839130 -7.252765
v 6.405159 -53.732986 -6.675949
v 4.166114 -63.219624 -0.330956
v 3.268840 -56.206642 0.666654
v 3.268840 -56.206642 0.666654
v 6.976653 -56.148819 7.036862
v 6.396876 -38.174644 11.408696
v 13.003577 -55.904667 5.353690
v 13.638571 -37.985104 11.306256
v 18.210529 -37.252644 2.236353
v 4.400786 -73.917389 -1.823431
v 10.974356 -72.584183 4.174840
v 10.148864 -62.262287 4.739049
v 16.109526 -59.881794 0.122933
v 15.874855 -56.543961 1.541336
v 12.376865 -59.827179 -7.530143
v 11.769479 -53.732986 -6.625517
v 6.405159 -53.732986 -6.675949
v 5.864033 -37.018127 -7.739753
v 1.236858 -36.822163 2.534217
v 14.458541 -82.260361 -2.253680
v 19.052586 -89.302254 -6.077065
v 18.373419 -86.960312 -8.233038
v 18.980804 -89.970467 1.219834
v 14.458541 -82.260361 -2.253680
v 17.978619 -88.418808 3.624816
v 8.224555 -80.978561 -7.249612
v 5.654209 -84.399918 -1.766694
v 4.400786 -73.917389 -1.823431
v 4.166114 -63.219624 -0.330956
v 7.189238 -60.839130 -7.252765
v 7.360411 -69.169250 -8.772034
v 12.376865 -59.827179 -7.530143
v 12.998055 -68.957222 -9.112451
v 16.399414 -69.898499 -1.706807
v 12.263670 -80.814720 -7.528565
v 4.400786 -73.917389 -1.823431
v 5.654209 -84.399918 -1.766694
v 10.974356 -72.584183 4.174840
v 10.353166 -88.544098 2.677638
v 14.494432 -84.435257 -2.067711
v -6.976653 -56.148819 7.036862
v -4.166114 -63.216412 -0.332532
v -3.268840 -56.206642 0.666654
v -6.405159 -53.732986 -6.675949
v -1.236858 -36.822163 2.534217
v -3.268840 -56.206642 0.666654
v -4.400786 -73.917389 -1.823431
v -4.166114 -63.216412 -0.332532
v -10.146103 -62.326538 4.726441
v -12.374104 -59.827179 -7.530143
v -12.998055 -68.957222 -9.112451
v -16.109526 -59.881794 0.122933
v -16.399414 -69.898499 -1.706807
v -10.974356 -72.584183 4.174840
v -4.166114 -63.216412 -0.332532
v -6.976653 -56.148819 7.036862
v -13.003577 -55.904667 5.353690
v -15.874855 -56.543961 1.541336
v -4.166114 -63.216412 -0.332532
v -6.405159 -53.732986 -6.675949
v -7.186478 -60.839130 -7.252765
v -11.719784 -53.732986 -6.625517
v -12.374104 -59.827179 -7.530143
v -15.874855 -56.543961 1.541336
v -16.109526 -59.881794 0.122933
v -10.146103 -62.326538 4.726441
v -10.974356 -72.584183 4.174840
v -4.400786 -73.917389 -1.823431
v -1.236858 -36.822163 2.534217
v -6.405159 -53.732986 -6.675949
v -5.864033 -37.018127 -7.739753
v -11.719784 -53.732986 -6.625517
v -12.608776 -36.857498 -7.410368
v -15.874855 -56.543961 1.541336
v -18.210529 -37.252644 2.236353
v -13.003577 -55.904667 5.353690
v -13.638571 -37.985104 11.306256
v -6.976653 -56.148819 7.036862
v -6.396876 -38.174644 11.408696
v -1.236858 -36.822163 2.534217
v -10.499491 -92.611176 5.457709
v -10.698272 -97.899017 10.036000
v -5.557580 -96.912773 -1.003908
v -10.353166 -88.544098 2.677638
v -5.507884 -93.777328 -1.888046
v -5.654209 -84.399918 -1.766694
v -5.963424 -97.327187 -1.618549
v -9.748541 -93.417526 -6.945443
v -5.507884 -93.777328 -1.888046
v -5.654209 -84.399918 -1.766694
v -14.141044 -94.480873 -1.774573
v -12.263670 -80.814720 -7.528565
v -9.748541 -93.417526 -6.945443
v -8.224555 -80.978561 -7.249612
v -5.654209 -84.399918 -1.766694
v -10.698272 -97.899017 10.036000
v -10.499491 -92.611176 5.457709
v -14.588301 -97.272575 -1.010212
v -5.963424 -97.327187 -1.618549
v -9.555282 -97.725548 -7.969845
v -9.748541 -93.417526 -6.945443
v -13.757287 -97.327187 -1.618549
v -14.141044 -94.480873 -1.774573
v -10.165429 -94.657562 3.574384
v -5.963424 -97.327187 -1.618549
v -5.507884 -93.777328 -1.888046
v -10.353166 -88.544098 2.677638
v -14.494432 -84.435257 -2.067711
v -12.263670 -80.814720 -7.528565
v -18.373419 -86.960312 -8.233038
v -19.052586 -89.302254 -6.077065
v -14.458541 -82.260361 -2.253680
v -17.978619 -88.418808 3.624816
v -14.458541 -82.260361 -2.253680
v -18.980804 -89.970467 1.219834
v -4.400786 -73.917389 -1.823431
v -5.654209 -84.399918 -1.766694
v -8.224555 -80.978561 -7.249612
v -12.998055 -68.957222 -9.112451
v -12.374104 -59.827179 -7.530143
v -7.360411 -69.169250 -8.773609
v -7.186478 -60.839130 -7.252765
v -4.166114 -63.216412 -0.332532
v -12.263670 -80.814720 -7.528565
v -16.399414 -69.898499 -1.706807
v -14.494432 -84.435257 -2.067711
v -10.353166 -88.544098 2.677638
v -10.974356 -72.584183 4.174840
v -5.654209 -84.399918 -1.766694
v -4.400786 -73.917389 -1.823431
v 23.008877 30.782581 -8.357551
v 23.204897 34.538044 -7.262228
v 29.775705 31.720646 -7.815406
v 29.830921 37.850178 1.033856
v 32.749134 41.596001 -2.282057
v 25.951937 38.682224 -2.282057
v 29.720490 38.736839 -6.253587
v 29.836445 36.019028 -7.538030
v 27.785137 37.930489 -2.382921
v 35.200764 38.306358 -2.411289
v 27.779615 33.166290 2.230043
v 27.655376 27.679266 -2.627201
v 35.479610 29.002834 -1.966855
v 39.137730 34.451305 1.322264
v 27.655376 27.679266 -2.627201
v 23.008877 30.782581 -8.357551
v 29.775705 31.720646 -7.815406
v 1.452204 47.269352 9.630957
v 0.000000 49.389629 10.545039
v 0.000000 47.773720 10.054901
v -7.371454 56.547173 4.559376
v -7.291390 53.784386 5.558562
v -6.775112 56.078140 7.601063
v 0.000000 52.219879 10.948496
v -1.002186 52.181328 10.319670
v -1.239619 51.082638 11.400809
v -8.014731 49.759071 -0.942454
v -6.526636 47.481377 -1.843929
v -5.389168 45.968269 -0.674533
v 11.192463 42.415199 -16.639454
v 10.858401 45.181198 -16.169806
v 7.948471 44.423038 -14.425168
v 8.727029 41.885128 -14.688360
v -15.065927 58.972645 -5.279617
v -14.560693 58.930882 -7.922576
v -9.345458 49.983948 -5.085769
v 7.291390 53.784386 5.558562
v 8.318424 52.088165 2.059833
v 7.967797 54.423683 2.958155
v -5.640405 55.001942 7.712959
v -5.850229 56.527897 8.627042
v 6.071097 69.300964 2.817890
v 5.665252 68.709862 5.407265
v 9.803758 64.279762 4.245750
v 2.691823 55.178631 8.508842
v 4.138506 54.144192 8.458409
v 5.640405 55.001942 7.712959
v 6.407920 53.906464 6.636549
v 5.615557 52.981251 7.701927
v 6.534918 53.058353 6.669645
v 8.014731 49.759071 -0.942454
v 8.876114 49.746220 -2.592531
v 10.756249 53.077629 -4.479007
v 8.809854 55.760101 -0.858926
v 10.193037 56.842728 -2.572043
v 8.395727 53.630184 -4.085006
v 8.876114 49.746220 -2.592531
v 8.014731 49.759071 -0.942454
v 2.346718 49.955036 9.118755
v 0.000000 43.587776 7.928873
v 3.089385 43.648815 5.687795
v 2.139654 43.905819 7.717689
v 6.383072 45.582767 2.300963
v -8.014731 49.759071 -0.942454
v -8.876114 49.746220 -2.592531
v -8.392967 53.630184 -4.085006
v 5.634883 49.627357 -3.910070
v 8.395727 53.630184 -4.085006
v 6.529397 47.481377 -1.843929
v -10.193037 56.842728 -2.572043
v -8.809854 55.760101 -0.858926
v -8.014731 49.759071 -0.942454
v -8.809854 55.760101 -0.858926
v -10.193037 56.842728 -2.572043
v 5.391929 45.968269 -0.674533
v 8.014731 49.759071 -0.942454
v 8.395727 53.630184 -4.085006
v -10.756249 53.077629 -4.479007
v -10.794901 55.564137 -4.441183
v -7.967797 54.423683 2.958155
v -6.407920 53.906464 6.636549
v -5.615557 52.981251 7.701927
v -6.534918 53.058353 6.669645
v -2.691823 55.178631 8.508842
v -4.138506 54.144192 8.458409
v -2.758083 53.064777 8.292930
v 0.000000 53.459919 10.151038
v 1.002186 52.181328 10.319670
v 1.087773 53.398884 9.503300
v -2.661454 46.565804 8.132177
v -2.139654 43.905819 7.717689
v -5.574145 46.800320 6.444277
v -8.876114 49.746220 -2.592531
v -10.756249 53.077629 -4.479007
v -10.794901 55.564137 -4.441183
v 1.935352 53.498470 8.338634
v 2.092720 52.129929 9.188099
v 2.758083 53.064777 8.292930
v 10.794901 55.564137 -4.441183
v 10.756249 53.077629 -4.479007
v 0.000000 50.469044 11.567865
v 1.239619 51.082638 11.400809
v 0.000000 51.301090 11.829482
v -8.392967 53.630184 -4.085006
v -8.392967 53.630184 -4.085006
v -5.629361 49.627357 -3.910070
v -2.092720 52.129929 9.188099
v -2.346718 49.955036 9.118755
v 8.191425 44.663979 -18.648859
v 8.804332 41.959019 -18.792276
v 6.283682 41.573513 -16.590597
v 5.488558 44.512989 -16.784447
v -11.192463 42.415199 -16.639454
v -8.727029 41.885128 -14.688360
v -7.948471 44.423038 -14.425168
v -6.283682 41.573513 -16.590597
v -5.488558 44.512989 -16.784447
v -8.191425 44.663979 -18.648859
v -10.858401 45.181198 -16.169806
v -8.804332 41.959019 -18.792276
v 8.809854 55.760101 -0.858926
v 10.193037 56.842728 -2.572043
v 10.794901 55.564137 -4.441183
v -10.019104 51.959663 -3.107884
v -12.501103 61.565166 5.708281
v -10.921900 59.798267 3.257596
v -13.737961 63.585854 3.624804
v -17.404362 68.594208 -7.651504
v -15.883137 63.271027 0.893589
v -15.071449 65.924583 1.065374
v -12.501103 61.565166 5.708281
v -17.064777 65.227463 -5.216578
v -1.452204 47.269352 9.630957
v 0.000000 46.671818 9.725517
v 2.661454 46.565804 8.132177
v 5.574145 46.800320 6.444277
v 7.299672 47.063747 1.955817
v 0.000000 42.325249 2.652412
v -3.089385 43.648815 5.687795
v -3.691249 43.677727 1.765121
v -6.383072 45.582767 2.300963
v -7.299672 47.063747 1.955817
v -8.318424 52.088165 2.059833
v -8.809854 55.760101 -0.858926
v 6.714373 50.195976 6.439548
v 5.079953 48.618618 7.769696
v -6.714373 50.195976 6.439548
v -5.079953 48.618618 7.769696
v 10.019104 51.959663 -3.107884
v 9.345458 49.983948 -5.085769
v 15.065927 58.972645 -5.279617
v 14.560693 58.930882 -7.922576
v 17.064777 65.227463 -5.216578
v 17.404362 68.594208 -7.651504
v 15.883137 63.271027 0.893589
v 15.071449 65.924583 1.065374
v 12.501103 61.565166 5.708281
v 12.501103 61.565166 5.708281
v 13.737961 63.585854 3.624804
v 10.921900 59.798267 3.257596
v 11.705980 60.842342 0.449156
v 10.242732 64.565681 1.394759
v -1.935352 53.498470 8.338634
v -1.339009 54.744938 9.340972
v -3.299209 56.781689 9.509604
v 0.000000 56.508621 10.242446
v 0.000000 58.969433 10.477269
v 3.299209 56.781689 9.509604
v 3.716096 61.687241 9.087234
v 5.850229 56.527897 8.627042
v 6.120792 60.980480 7.763391
v 6.775112 56.078140 7.601063
v 7.788342 58.908394 3.895877
v 7.371454 56.547173 4.559376
v 8.809854 55.760101 -0.858926
v 3.694010 43.677727 1.765121
v -7.788342 58.908394 3.895877
v -6.120792 60.980480 7.763391
v -3.716096 61.687241 9.087234
v 0.000000 71.803535 4.237870
v 0.000000 73.483696 1.060645
v -5.665252 68.709862 5.407265
v -6.071097 69.300964 2.817890
v -9.803758 64.279762 4.245750
v -10.242732 64.565681 1.394759
v -11.705980 60.842342 0.449156
v 1.339009 54.744938 9.340972
v 0.000000 55.072617 9.772798
v -1.087773 53.398884 9.503300
v 0.000000 62.146633 9.846869
v 80.820953 35.957989 -4.792631
v 77.579727 38.891041 -5.653129
v 81.867317 37.358658 -5.057400
v 81.552582 33.069912 2.992830
v 76.431213 35.913013 3.377374
v 81.605034 34.014400 3.706758
v 80.820953 35.957989 -4.792631
v 83.316757 33.648170 -4.021965
v 84.697182 34.390266 -4.256789
v 72.764809 34.852875 -5.090496
v 77.267746 36.863926 -5.364721
v 75.774132 35.848763 -0.278956
v 81.480797 32.440254 3.676815
v 81.527733 33.503605 4.636601
v 82.538200 36.282455 2.037770
v 83.562477 37.712036 1.315960
v 78.355522 39.703812 2.572036
v 78.234047 40.288494 -1.303358
v 81.867317 37.358658 -5.057400
v 86.072083 35.222317 0.758055
v 84.697182 34.390266 -4.256789
v 85.149956 34.538044 1.333296
v 83.316757 33.648170 -4.021965
v 81.480797 32.440254 3.676815
v 76.157890 32.244289 3.249718
v 81.527733 33.503605 4.636601
v 81.605034 34.014400 3.706758
v 76.431213 35.913013 3.377374
v 76.591339 33.815224 4.805233
v 85.149956 34.538044 1.333296
v 82.538200 36.282455 2.037770
v 79.004318 37.583534 2.948700
v 77.328484 33.448994 1.858106
v 73.416374 32.523781 2.619317
v 77.579727 38.891041 -5.653129
v 85.149956 34.538044 1.333296
v 74.136948 36.346706 4.204776
v 79.004318 37.583534 2.948700
v -76.157890 32.244289 3.249718
v -81.480797 32.440254 3.676815
v -81.552582 33.069912 2.992830
v -76.431213 35.913013 3.377374
v -81.605034 34.014400 3.706758
v -81.527733 33.503605 4.636601
v -83.562477 37.712036 1.315960
v -86.072083 35.222317 0.758055
v -85.149956 34.538044 1.333296
v -83.316757 33.648170 -4.021965
v -85.149956 34.538044 1.333296
v -81.480797 32.440254 3.676815
v -81.527733 33.503605 4.636601
v -81.605034 34.014400 3.706758
v -75.774132 35.848763 -0.278956
v -77.267746 36.863926 -5.364721
v -72.764809 34.852875 -5.090496
v -83.316757 33.648170 -4.021965
v -84.697182 34.390266 -4.256789
v -80.820953 35.957989 -4.792631
v -81.867317 37.358658 -5.057400
v -78.234047 40.288494 -1.303358
v -77.579727 38.891041 -5.653129
v -81.867317 37.358658 -5.057400
v -76.591339 33.815224 4.805233
v -73.416374 32.523781 2.619317
v -77.328484 33.448994 1.858106
v -82.538200 36.282455 2.037770
v -79.004318 37.583534 2.948700
v -76.431213 35.913013 3.377374
v -78.355522 39.703812 2.572036
v -84.697182 34.390266 -4.256789
v -85.149956 34.538044 1.333296
v -77.579727 38.891041 -5.653129
v -82.538200 36.282455 2.037770
v -79.004318 37.583534 2.948700
v -74.136948 36.346706 4.204776
v 13.765570 -102.961990 -1.172539
v 16.744520 -104.998741 6.417496
v 5.353277 -105.101540 6.606617
v 14.718061 -104.622871 14.770317
v 8.232838 -104.674271 16.387297
v 5.786730 -104.809196 -1.476708
v 6.377550 -104.716034 -9.162879
v 13.125054 -104.912003 -9.129784
v 6.377550 -104.716034 -9.162879
v 5.786730 -104.809196 -1.476708
v 5.957902 -103.141891 -1.394756
v 13.765570 -102.961990 -1.172539
v 13.884286 -104.603600 -1.476708
v 13.125054 -104.912003 -9.129784
v 5.957902 -103.141891 -1.394756
v 13.884286 -104.603600 -1.476708
v 16.744520 -104.998741 6.417496
v 11.297375 -98.589714 18.373062
v 14.718061 -104.622871 14.770317
v 8.232838 -104.674271 16.387297
v 8.232838 -104.674271 16.387297
v 10.698272 -97.899017 10.036000
v 5.353277 -105.101540 6.606617
v 5.557580 -96.912773 -1.003908
v 7.012544 -96.096786 -8.655406
v 15.016232 -97.025208 -0.740715
v 11.924086 -96.292747 -8.617582
v 7.012544 -96.096786 -8.655406
v 6.377550 -104.716034 -9.162879
v -5.957902 -103.141891 -1.394756
v -5.786730 -104.809196 -1.476708
v -6.377550 -104.716034 -9.162879
v -13.125054 -104.912003 -9.129784
v -13.884286 -104.603600 -1.476708
v -13.765570 -102.961990 -1.172539
v -8.232838 -104.674271 16.387297
v -14.718061 -104.622871 14.770317
v -5.353277 -105.101540 6.606617
v -7.012544 -96.096786 -8.655406
v -6.377550 -104.716034 -9.162879
v -11.924086 -96.292747 -8.617582
v -16.744520 -104.998741 6.417496
v -13.765570 -102.961990 -1.172539
v -5.957902 -103.141891 -1.394756
v -13.884286 -104.603600 -1.476708
v -5.786730 -104.809196 -1.476708
v -13.125054 -104.912003 -9.129784
v -6.377550 -104.716034 -9.162879
v -11.297375 -98.589714 18.373062
v -8.232838 -104.674271 16.387297
v -10.698272 -97.899017 10.036000
v -5.353277 -105.101540 6.606617
v -5.557580 -96.912773 -1.003908
v -7.012544 -96.096786 -8.655406
v -14.588301 -97.272575 -1.010212
v -16.744520 -104.998741 6.417496
v -14.718061 -104.622871 14.770317
v -8.232838 -104.674271 16.387297
v -1.236858 -36.822163 2.534217
v -5.864033 -37.018127 -7.739753
v -0.403083 -27.592527 4.059788
v -1.236858 -36.822163 2.534217
v -0.403083 -27.592527 4.059788
v -6.396876 -38.174644 11.408696
v -11.159333 -24.216145 13.041435
v -13.638571 -37.985104 11.306256
v -20.225945 -23.666801 3.219778
v -18.210529 -37.252644 2.236353
v -12.608776 -36.857498 -7.410368
v 20.225945 -23.666801 3.219778
v 18.210529 -37.252644 2.236353
v 12.608776 -36.857498 -7.410368
v 1.236858 -36.822163 2.534217
v 0.403083 -27.592527 4.059788
v 5.864033 -37.018127 -7.739753
v 13.638571 -37.985104 11.306256
v 11.159333 -24.216145 13.041435
v 6.396876 -38.174644 11.408696
v 0.403083 -27.592527 4.059788
v 1.236858 -36.822163 2.534217
v -27.785137 37.930489 -2.382921
v -35.200764 38.306358 -2.411289
v -27.779615 33.166290 2.230043
v -29.830921 37.850178 1.033856
v -25.951937 38.682224 -2.282057
v -32.749134 41.596001 -2.282057
v -29.720490 38.736839 -6.253587
v -29.836445 36.019028 -7.538030
v -39.137730 34.451305 1.322264
v -35.479610 29.002834 -1.966855
v -27.655376 27.679266 -2.627201
v -29.775705 31.720646 -7.815406
v -23.008877 30.782581 -8.357551
v -27.655376 27.679266 -2.627201
vn 0.4575 0.3787 0.8046
vn -0.0000 0.2902 0.9570
vn -0.0157 0.5834 0.8120
vn -0.0000 0.3303 -0.9439
vn -0.0001 0.5565 -0.8308
vn -0.5019 0.7451 -0.4392
vn 0.0001 0.5565 -0.8308
vn -0.0000 0.3304 -0.9439
vn 0.5020 0.7451 -0.4392
vn 0.8594 0.1499 -0.4888
vn 0.6990 0.6125 0.3691
vn 0.9832 -0.0235 0.1809
vn 0.4575 0.3786 0.8046
vn 0.8440 -0.3155 0.4338
vn -0.0000 -0.3468 0.9379
vn -0.0000 -0.8121 0.5835
vn -0.8439 -0.3155 0.4338
vn -0.0000 0.5565 -0.8309
vn -0.0000 0.4315 -0.9021
vn -0.1577 0.6782 -0.7177
vn -0.0548 0.6575 0.7514
vn -0.0000 0.6286 0.7778
vn -0.0941 0.8551 0.5099
vn -0.0548 0.6575 0.7515
vn -0.0000 0.5180 0.8554
vn -0.0000 0.6285 0.7778
vn 0.0548 0.6575 0.7514
vn 0.0942 0.8551 0.5099
vn -0.2838 0.8669 -0.4098
vn -0.0314 0.9191 0.3928
vn 0.0629 0.7550 0.6527
vn -0.0941 0.5099 0.8551
vn -0.0000 0.5420 0.8404
vn 0.0941 0.5099 0.8551
vn 0.0548 0.6575 0.7515
vn -0.0629 0.7550 0.6527
vn 0.0941 0.8551 0.5099
vn 0.0315 0.9191 0.3928
vn 0.2837 0.8669 -0.4099
vn 0.2587 0.9407 -0.2195
vn 0.1574 0.9677 0.1967
vn 0.6989 0.6126 0.3691
vn 0.1577 0.6782 -0.7177
vn 0.0156 0.8147 0.5797
vn -0.1100 0.9505 0.2907
vn 0.5019 0.7451 -0.4392
vn 0.1573 0.9678 0.1967
vn 0.2272 0.9246 -0.3056
vn 0.0157 0.8147 0.5797
vn -0.0392 0.5882 0.8078
vn -0.0158 0.5834 0.8120
vn -0.0079 0.5122 0.8589
vn -0.0000 0.5565 -0.8308
vn 0.1577 0.6783 -0.7177
vn 0.0549 0.9806 -0.1882
vn -0.1099 0.9505 0.2906
vn -0.9832 -0.0236 0.1809
vn -0.6990 0.6125 0.3691
vn -0.4575 0.3786 0.8046
vn 0.0157 0.5834 0.8120
vn -0.4575 0.3787 0.8046
vn -0.8594 0.1498 -0.4889
vn 0.9832 -0.0236 0.1809
vn 0.9325 -0.1489 -0.3291
vn 0.8594 0.1498 -0.4889
vn -0.0000 0.0079 -1.0000
vn -0.8594 0.1498 -0.4888
vn -0.6989 0.6126 0.3691
vn 0.1414 -0.0079 0.9899
vn -0.1414 -0.0079 0.9899
vn -0.8624 -0.1412 0.4861
vn -0.9091 -0.4153 -0.0314
vn -0.9287 -0.1102 -0.3541
vn 0.7776 -0.1414 -0.6126
vn -0.0000 0.1885 -0.9821
vn -0.0000 0.1886 -0.9821
vn -0.7776 -0.1413 -0.6127
vn -0.6742 -0.1175 -0.7291
vn -0.7967 -0.4891 -0.3550
vn -0.9325 -0.1489 -0.3291
vn -0.8440 -0.3155 0.4338
vn 0.9091 -0.4154 -0.0313
vn 0.5655 -0.8247 0.0079
vn 0.7546 -0.4795 0.4480
vn -0.0000 -0.9790 0.2037
vn -0.0000 -0.6992 0.7149
vn -0.5655 -0.8247 0.0079
vn -0.7546 -0.4795 0.4480
vn 0.6742 -0.1176 -0.7291
vn 0.7776 -0.1414 -0.6127
vn 0.7967 -0.4891 -0.3550
vn 0.9091 -0.4154 -0.0314
vn 0.7582 -0.6239 -0.1895
vn 0.5655 -0.8247 0.0078
vn -0.7544 -0.6287 -0.1886
vn -0.9091 -0.4154 -0.0314
vn -0.7776 -0.1414 -0.6126
vn -0.9287 -0.1102 -0.3542
vn -0.0000 0.1961 -0.9806
vn 0.9287 -0.1101 -0.3542
vn 0.9091 -0.4153 -0.0313
vn 0.8624 -0.1411 0.4862
vn 0.7546 -0.4795 0.4481
vn -0.0000 -0.2902 0.9570
vn -0.8624 -0.1411 0.4862
vn -0.7546 -0.4794 0.4480
vn -0.9091 -0.4154 -0.0313
vn -0.5655 -0.8247 0.0078
vn -0.0315 0.9191 0.3928
vn -0.2837 0.8669 -0.4098
vn -0.2587 0.9407 -0.2195
vn 0.1100 0.9505 0.2906
vn -0.0156 0.8147 0.5797
vn -0.1573 0.9678 0.1967
vn -0.2272 0.9246 -0.3056
vn -0.1574 0.9678 0.1967
vn -0.6990 0.6126 0.3691
vn -0.0549 0.9806 -0.1882
vn -0.1577 0.6783 -0.7177
vn -0.0000 0.5566 -0.8308
vn 0.0079 0.5122 0.8589
vn 0.0158 0.5834 0.8120
vn 0.0392 0.5882 0.8078
vn -0.0157 0.8147 0.5797
vn -0.1573 0.9677 0.1967
vn -0.0705 0.5872 -0.8064
vn 0.0394 0.5830 -0.8115
vn 0.0236 0.9997 -0.0000
vn -0.2836 0.5356 -0.7955
vn -0.0704 0.5872 -0.8064
vn -0.3288 0.9083 -0.2584
vn 0.0236 0.9997 0.0001
vn -0.2598 0.8189 0.5118
vn -0.1023 0.0709 0.9922
vn -0.2518 0.2124 0.9442
vn -0.3364 -0.4460 0.8294
vn -0.2275 -0.9730 -0.0392
vn -0.1024 0.0709 0.9922
vn -0.3787 0.8046 0.4574
vn -0.2599 0.8189 0.5118
vn -0.2518 0.2125 0.9442
vn -0.2272 -0.3056 -0.9247
vn -0.2835 0.5355 -0.7955
vn -0.0941 -0.2745 -0.9570
vn -0.7534 -0.6043 0.2590
vn -0.4814 -0.6867 -0.5446
vn -0.2273 -0.3056 -0.9246
vn -0.0942 -0.2745 -0.9570
vn -0.6915 -0.2750 0.6680
vn -0.9107 -0.1021 0.4003
vn -0.3232 0.2443 0.9143
vn -0.2276 -0.9730 -0.0393
vn -0.7535 -0.6043 0.2590
vn -0.3231 0.2444 0.9143
vn -0.0000 0.7303 0.6832
vn -0.3786 0.8046 0.4575
vn -0.1023 0.9602 0.2597
vn -0.4497 0.8441 -0.2919
vn -0.3997 0.7915 -0.4623
vn -0.1961 0.3452 -0.9178
vn -0.3231 0.2443 0.9143
vn -0.3365 -0.4460 0.8294
vn -0.6915 -0.2750 0.6679
vn -0.9106 -0.1021 0.4004
vn -0.9699 -0.2425 0.0235
vn -0.3289 0.9083 -0.2584
vn -0.2835 0.5356 -0.7955
vn -0.3616 -0.2830 -0.8883
vn -0.4815 -0.6867 -0.5446
vn -0.7331 -0.3863 -0.5597
vn -0.9699 -0.2425 0.0234
vn 0.1100 0.9505 0.2907
vn 0.1097 0.7837 0.6113
vn 0.1099 0.6199 0.7769
vn 0.0470 0.4467 0.8934
vn 0.7535 -0.6043 0.2590
vn 0.9106 -0.1021 0.4004
vn 0.9699 -0.2425 0.0235
vn 0.9699 -0.2425 0.0234
vn 0.4814 -0.6867 -0.5446
vn 0.2273 -0.3056 -0.9246
vn 0.2276 -0.9730 -0.0392
vn 0.4815 -0.6867 -0.5446
vn 0.7534 -0.6043 0.2591
vn 0.3231 0.2443 0.9143
vn 0.6915 -0.2750 0.6680
vn 0.2275 -0.9730 -0.0393
vn 0.3364 -0.4460 0.8294
vn 0.1024 0.0709 0.9922
vn 0.1961 0.3452 -0.9178
vn 0.3997 0.7915 -0.4623
vn 0.4497 0.8441 -0.2919
vn 0.1023 0.9602 0.2597
vn 0.3786 0.8046 0.4575
vn 0.3231 0.2444 0.9143
vn 0.3365 -0.4460 0.8294
vn 0.2518 0.2124 0.9442
vn 0.3787 0.8046 0.4575
vn 0.0942 -0.2746 -0.9569
vn 0.2835 0.5356 -0.7955
vn 0.0705 0.5872 -0.8064
vn 0.3288 0.9083 -0.2584
vn -0.0236 0.9997 0.0001
vn 0.2598 0.8189 0.5118
vn 0.7331 -0.3863 -0.5597
vn 0.3616 -0.2830 -0.8883
vn 0.0941 -0.2745 -0.9570
vn 0.3289 0.9083 -0.2584
vn 0.2599 0.8189 0.5118
vn -0.0470 0.4467 0.8934
vn -0.1099 0.6199 0.7769
vn -0.1097 0.7837 0.6113
vn 0.2672 0.5108 0.8172
vn 0.2660 0.5633 0.7823
vn 0.3231 0.5358 0.7801
vn -0.1728 0.5732 0.8010
vn -0.3289 0.5716 0.7517
vn -0.1100 0.7067 0.6989
vn -0.0470 0.7370 0.6742
vn -0.1099 0.7068 0.6989
vn 0.0863 0.8314 0.5490
vn 0.4497 0.3708 0.8126
vn 0.6920 0.6054 0.3932
vn 0.3069 0.5115 0.8026
vn -0.0863 0.8314 0.5490
vn 0.1099 0.7068 0.6989
vn 0.0470 0.7370 0.6742
vn -0.0000 0.3700 0.9290
vn -0.4497 0.3708 0.8126
vn -0.3145 0.4245 0.8490
vn -0.7095 0.5361 0.4573
vn -0.0000 0.3701 0.9290
vn -0.2280 0.8335 -0.5033
vn -0.3534 0.7069 -0.6127
vn -0.0000 0.7378 -0.6750
vn 0.3534 0.7069 -0.6126
vn 0.2280 0.8335 -0.5033
vn -0.0000 0.8185 -0.5745
vn -0.3145 0.4245 0.8491
vn 0.3145 0.4245 0.8491
vn 0.7096 0.5361 0.4573
vn -0.2044 0.5502 0.8096
vn -0.3542 0.6533 0.6691
vn -0.0000 0.5798 0.8148
vn -0.2582 0.4069 0.8762
vn -0.2590 0.4003 0.8790
vn -0.2443 0.4649 0.8510
vn -0.2671 0.5107 0.8172
vn -0.2660 0.5633 0.7823
vn -0.3231 0.5358 0.7801
vn 0.2671 0.5107 0.8172
vn 0.2443 0.4649 0.8510
vn 0.2590 0.4003 0.8790
vn 0.2582 0.4069 0.8762
vn -0.0000 0.5029 0.8643
vn -0.0000 0.5797 0.8148
vn 0.2044 0.5502 0.8096
vn 0.3542 0.6533 0.6691
vn 0.5117 0.8344 -0.2047
vn 0.6988 0.6832 -0.2120
vn 0.5804 0.7608 0.2902
vn 0.7095 0.5362 0.4573
vn 0.3471 0.6390 0.6864
vn 0.3144 0.4246 0.8490
vn -0.0000 0.5602 0.8284
vn 0.3144 0.4245 0.8491
vn -0.0000 0.5601 0.8284
vn -0.3145 0.4246 0.8490
vn -0.3453 0.6356 0.6905
vn -0.7095 0.5362 0.4573
vn -0.5804 0.7608 0.2902
vn -0.6988 0.6831 -0.2120
vn -0.5117 0.8344 -0.2047
vn -0.0471 0.7370 0.6743
vn -0.0000 0.6668 0.7452
vn -0.0000 0.6237 0.7816
vn 0.0471 0.7370 0.6743
vn 0.1727 0.5733 0.8009
vn 0.1100 0.7067 0.6989
vn 0.3289 0.5716 0.7517
vn -0.1099 0.7067 0.6989
vn -0.1727 0.5732 0.8010
vn -0.0000 0.6237 0.7817
vn 0.1728 0.5732 0.8010
vn 0.6920 0.6055 0.3932
vn 0.7719 0.5278 0.3544
vn 0.7314 0.6764 -0.0865
vn 0.7721 0.5988 -0.2127
vn 0.4623 0.6425 -0.6111
vn 0.4153 0.6111 -0.6738
vn 0.2205 0.7639 -0.6065
vn -0.0000 0.6063 -0.7953
vn -0.3069 0.5115 0.8026
vn -0.6920 0.6055 0.3932
vn -0.7719 0.5277 0.3544
vn -0.7314 0.6764 -0.0865
vn -0.7721 0.5988 -0.2127
vn -0.4623 0.6425 -0.6111
vn -0.4153 0.6112 -0.6738
vn -0.2205 0.7639 -0.6065
vn -0.0000 0.6063 -0.7952
vn -0.0000 0.6750 -0.7378
vn -0.3535 0.7069 -0.6127
vn -0.4153 0.6111 -0.6738
vn -0.6989 0.6831 -0.2120
vn -0.7722 0.5988 -0.2127
vn -0.7096 0.5361 0.4572
vn -0.7719 0.5277 0.3545
vn -0.0000 0.5176 0.8556
vn 0.7719 0.5277 0.3545
vn 0.7096 0.5361 0.4572
vn 0.6989 0.6831 -0.2120
vn 0.3535 0.7069 -0.6127
vn -0.0000 0.7378 -0.6751
vn -0.6988 0.6832 -0.2120
vn -0.3535 0.7069 -0.6126
vn -0.2281 0.8335 -0.5032
vn -0.6367 0.7075 0.3066
vn -0.9024 0.4237 0.0785
vn -0.9059 0.4175 0.0709
vn -0.8591 0.5044 0.0867
vn -0.8238 0.5649 0.0471
vn -0.7487 0.6305 -0.2049
vn -0.6367 0.7075 0.3065
vn -0.3148 0.5745 -0.7555
vn -0.3143 0.5658 -0.7623
vn -0.2921 0.6315 -0.7183
vn -0.2443 0.6698 -0.7013
vn -0.2118 0.7217 -0.6590
vn -0.1807 0.6915 -0.6994
vn 0.8238 0.5649 0.0470
vn 0.7487 0.6305 -0.2048
vn 0.6368 0.7075 0.3065
vn 0.2442 0.6698 -0.7013
vn 0.2118 0.7217 -0.6590
vn 0.1807 0.6915 -0.6994
vn 0.6367 0.7075 0.3066
vn 0.4877 0.7394 0.4641
vn 0.3535 0.7069 -0.6126
vn 0.2281 0.8335 -0.5032
vn 0.8238 0.5649 0.0471
vn 0.8591 0.5044 0.0867
vn 0.9059 0.4175 0.0709
vn 0.9024 0.4237 0.0785
vn 0.2443 0.6697 -0.7013
vn 0.2921 0.6315 -0.7183
vn 0.3143 0.5658 -0.7623
vn 0.3148 0.5745 -0.7555
vn 0.1647 0.4783 -0.8626
vn 0.1336 0.4713 -0.8718
vn -0.0000 0.3996 -0.9167
vn 0.8949 0.2826 -0.3454
vn 0.9057 0.3150 -0.2835
vn -0.1647 0.4783 -0.8626
vn -0.0000 0.8462 -0.5328
vn -0.0000 0.7342 -0.6789
vn 0.2205 0.7640 -0.6064
vn -0.0000 0.2902 -0.9570
vn -0.0000 -0.2591 -0.9658
vn -0.0000 -0.7670 -0.6416
vn -0.8949 0.2826 -0.3454
vn -0.9057 0.3150 -0.2835
vn -0.7154 -0.2044 0.6682
vn 0.7154 -0.2044 0.6682
vn 0.7484 -0.2679 0.6067
vn 0.4165 -0.3458 0.8408
vn 0.4487 -0.2755 0.8502
vn -0.4083 0.5261 -0.7460
vn -0.0000 0.9125 -0.4091
vn 0.2205 0.7639 -0.6064
vn 0.2509 0.9565 -0.1490
vn -0.2509 0.9565 -0.1490
vn -0.2205 0.7639 -0.6064
vn 0.4083 0.5261 -0.7460
vn -0.2205 0.7640 -0.6064
vn -0.4339 0.5837 -0.6863
vn -0.0000 0.7342 -0.6790
vn 0.4339 0.5837 -0.6863
vn -0.1336 0.4713 -0.8718
vn 0.8642 0.0157 -0.5028
vn -0.4487 -0.2755 0.8502
vn -0.4165 -0.3458 0.8408
vn -0.7484 -0.2679 0.6067
vn -0.8642 0.0157 -0.5028
vn -0.4623 0.6425 -0.6112
vn -0.6984 0.7141 -0.0471
vn -0.6368 0.7075 0.3066
vn -0.4877 0.7394 0.4641
vn -0.0000 0.7565 -0.6540
vn -0.0000 0.9821 -0.1886
vn -0.0000 0.9821 -0.1885
vn 0.6984 0.7141 -0.0471
vn 0.7487 0.6305 -0.2049
vn 0.4623 0.6425 -0.6112
vn 0.5741 -0.0393 -0.8178
vn -0.0079 0.1095 -0.9940
vn 0.9995 -0.0315 -0.0078
vn -0.9958 0.0470 0.0784
vn -0.0078 0.1096 -0.9939
vn -0.6063 -0.0000 -0.7953
vn 0.5740 -0.0393 -0.8179
vn 0.5269 0.0315 -0.8493
vn 0.9909 -0.1337 -0.0158
vn 0.9910 -0.0944 0.0944
vn 0.5278 -0.2757 0.8034
vn 0.0783 -0.2822 0.9562
vn -0.4245 -0.3145 0.8491
vn -0.9869 -0.1488 0.0626
vn -0.9919 -0.1181 0.0472
vn 0.9958 0.0470 0.0784
vn 0.6063 -0.0000 -0.7953
vn 0.0078 0.1096 -0.9939
vn -0.5740 -0.0393 -0.8179
vn -0.9995 -0.0315 -0.0078
vn 0.0862 0.0549 0.9948
vn 0.1720 -0.9848 -0.0235
vn 0.1575 -0.9844 0.0787
vn 0.1024 -0.0708 -0.9922
vn 0.1575 -0.9844 0.0788
vn 0.1720 -0.9848 -0.0234
vn 0.1182 0.9850 -0.1260
vn 0.1960 -0.0392 -0.9798
vn 0.1573 0.5975 -0.7863
vn 0.1421 -0.5761 -0.8049
vn 0.1416 -0.4801 -0.8657
vn 0.1719 -0.9848 -0.0235
vn 0.0862 0.0548 0.9948
vn 0.0236 0.0314 0.9992
vn 0.0079 0.9989 -0.0472
vn 0.1024 -0.0709 -0.9922
vn 0.1420 -0.5761 -0.8049
vn 0.0866 -0.9918 0.0945
vn 0.1417 -0.4801 -0.8657
vn 0.1177 -0.5178 -0.8474
vn 0.1022 0.5426 -0.8337
vn -0.0000 0.6456 -0.7637
vn -0.0000 0.9290 -0.3700
vn -0.0705 0.9864 0.1488
vn -0.0629 0.8879 0.4558
vn -0.0629 0.0236 0.9977
vn 0.0866 -0.9918 0.0944
vn 0.1177 -0.5178 -0.8473
vn 0.1336 -0.9196 0.3694
vn -0.0704 0.9864 0.1487
vn -0.0394 0.5831 -0.8115
vn 0.1336 -0.9196 0.3695
vn 0.2275 -0.9730 -0.0392
vn 0.0784 -0.2822 -0.9562
vn -0.0394 0.5830 -0.8115
vn 0.0704 0.5872 -0.8064
vn -0.0236 0.9997 -0.0000
vn -0.0628 0.0236 0.9977
vn 0.1023 0.5427 -0.8337
vn 0.1573 0.5976 -0.7862
vn -0.0628 0.8879 0.4557
vn -0.3301 0.9431 -0.0393
vn -0.6989 0.2356 0.6753
vn -0.0392 0.5651 -0.8241
vn 0.1022 -0.6995 -0.7073
vn -0.3209 0.0078 -0.9471
vn 0.0315 -0.8341 -0.5508
vn -0.1808 -0.9586 -0.2200
vn -0.0000 0.6668 0.7453
vn 0.1812 0.9772 -0.1103
vn 0.0315 -0.8340 -0.5508
vn 0.5322 -0.7984 -0.2818
vn -0.1807 -0.9586 -0.2200
vn -0.4011 -0.8964 0.1887
vn -0.6989 0.2355 0.6753
vn -0.2120 0.2278 0.9504
vn -0.0939 -0.9941 -0.0548
vn -0.3137 -0.8783 -0.3607
vn -0.2664 -0.0235 0.9636
vn 0.1260 -0.0000 -0.9920
vn 0.2357 -0.9664 0.1021
vn 0.4237 -0.8788 -0.2197
vn -0.1960 0.0313 -0.9801
vn -0.1962 0.9262 -0.3218
vn 0.0785 0.9818 0.1728
vn 0.0470 -0.2588 0.9648
vn 0.1959 0.3682 0.9089
vn 0.4015 0.9131 -0.0708
vn 0.5681 0.7970 -0.2051
vn -0.2272 -0.3056 -0.9246
vn -0.0783 -0.2821 -0.9562
vn -0.1176 -0.5179 -0.8473
vn -0.1417 -0.4801 -0.8657
vn -0.1022 0.5427 -0.8337
vn -0.1421 -0.5761 -0.8049
vn -0.1573 0.5975 -0.7863
vn -0.1960 -0.0392 -0.9798
vn -0.1182 0.9850 -0.1261
vn -0.0078 0.9989 -0.0472
vn -0.0862 0.0548 0.9948
vn 0.0629 0.0236 0.9977
vn 0.0628 0.8879 0.4557
vn -0.0236 0.0315 0.9992
vn -0.1575 -0.9844 0.0788
vn -0.1024 -0.0708 -0.9922
vn 0.0629 0.8879 0.4557
vn 0.0628 0.0236 0.9977
vn 0.0704 0.9864 0.1487
vn -0.1023 0.5427 -0.8337
vn -0.0000 0.9290 -0.3701
vn -0.1573 0.5976 -0.7862
vn -0.1575 -0.9844 0.0787
vn -0.1719 -0.9848 -0.0235
vn -0.0866 -0.9918 0.0944
vn -0.1336 -0.9196 0.3694
vn -0.1959 -0.0393 -0.9798
vn -0.1024 -0.0709 -0.9922
vn -0.0078 0.9989 -0.0471
vn -0.1719 -0.9848 -0.0234
vn -0.0866 -0.9918 0.0945
vn -0.1417 -0.4800 -0.8657
vn -0.1177 -0.5178 -0.8474
vn 0.0393 0.5830 -0.8115
vn 0.0705 0.9864 0.1487
vn -0.1182 0.9849 -0.1261
vn -0.0236 0.0314 0.9992
vn -0.0862 0.0549 0.9948
vn -0.1576 -0.9844 0.0787
vn -0.0784 -0.2821 -0.9562
vn -0.1177 -0.5178 -0.8473
vn 0.3301 0.9431 -0.0393
vn 0.3209 0.0078 -0.9471
vn 0.0393 0.5651 -0.8241
vn 0.1807 -0.9586 -0.2200
vn -0.0315 -0.8341 -0.5508
vn -0.1022 -0.6995 -0.7073
vn 0.0392 0.5651 -0.8241
vn -0.1812 0.9772 -0.1103
vn 0.3301 0.9431 -0.0392
vn 0.6989 0.2356 0.6753
vn 0.2120 0.2277 0.9504
vn 0.6989 0.2355 0.6753
vn 0.4010 -0.8964 0.1887
vn -0.5322 -0.7983 -0.2818
vn -0.0315 -0.8340 -0.5508
vn 0.1962 0.9263 -0.3218
vn -0.0786 0.9818 0.1728
vn -0.1260 -0.0000 -0.9920
vn 0.1960 0.0313 -0.9801
vn -0.4237 -0.8788 -0.2197
vn -0.2357 -0.9664 0.1021
vn 0.3137 -0.8784 -0.3607
vn 0.0939 -0.9941 -0.0548
vn -0.0471 -0.2588 0.9648
vn 0.2664 -0.0235 0.9636
vn -0.5681 0.7969 -0.2052
vn -0.4015 0.9131 -0.0708
vn -0.1959 0.3682 0.9089
vn 0.0079 0.6540 0.7564
vn -0.0078 0.8211 0.5708
vn 0.9888 0.1491 -0.0078
vn 0.0315 0.0079 0.9995
vn -0.9803 -0.0235 0.1961
vn -0.9801 -0.0314 -0.1960
vn -0.9801 -0.0313 -0.1960
vn -0.9803 -0.0236 0.1961
vn -0.1881 -0.0627 -0.9801
vn -0.9901 -0.0629 0.1258
vn -0.0079 0.8211 0.5708
vn 0.0079 0.6540 0.7565
vn -0.9749 0.1651 0.1494
vn -0.5326 -0.1175 -0.8382
vn -0.1882 -0.0627 -0.9801
vn 0.6417 -0.1096 -0.7591
vn 0.9966 -0.0785 0.0235
vn 0.9899 -0.0785 0.1178
vn 0.2036 -0.0156 0.9789
vn -0.9901 -0.0629 0.1257
vn 0.2036 -0.0157 0.9789
vn 0.9966 -0.0785 0.0236
vn 0.9667 -0.0472 -0.2515
vn -0.0314 0.2276 -0.9732
vn -0.9801 -0.0314 -0.1961
vn 0.0784 -0.2822 0.9562
vn -0.9752 -0.1022 0.1965
vn 0.0156 -0.0864 0.9961
vn 0.9899 -0.0785 0.1179
vn 0.9832 0.0236 0.1809
vn 0.5087 -0.0000 -0.8610
vn 0.4941 0.1960 -0.8470
vn -0.9940 -0.1017 0.0392
vn -0.9919 -0.1181 0.0473
vn -0.5173 -0.1254 0.8465
vn -0.5728 0.0784 -0.8160
vn -0.6454 -0.0236 -0.7634
vn -0.4245 -0.3144 0.8491
vn -0.5173 -0.1255 0.8465
vn 0.5277 -0.2757 0.8034
vn 0.5895 -0.1494 0.7939
vn 0.9909 -0.1337 -0.0157
vn -0.9751 -0.1022 0.1966
vn 0.0157 -0.0863 0.9961
vn 0.0784 -0.2821 0.9562
vn 0.9832 0.0236 0.1810
vn 0.9911 -0.0944 0.0944
vn 0.4941 0.1961 -0.8470
vn 0.5275 0.0339 -0.8489
vn -0.6454 -0.0236 -0.7635
vn -0.6063 -0.0000 -0.7952
vn -0.9919 -0.1180 0.0472
vn -0.9940 -0.1018 0.0391
vn 0.8695 0.4465 0.2115
vn 0.8586 0.5120 0.0236
vn -0.5327 -0.1175 -0.8381
vn -0.9751 -0.1023 0.1966
vn -0.5727 0.0785 -0.8160
vn -0.5742 0.0314 -0.8181
vn 0.9899 -0.0786 0.1178
vn 0.2035 -0.0157 0.9789
vn 0.9899 -0.0786 0.1179
vn 0.4245 -0.3145 0.8491
vn 0.9869 -0.1488 0.0627
vn 0.9919 -0.1181 0.0473
vn 0.6454 -0.0236 -0.7635
vn 0.9940 -0.1017 0.0391
vn 0.9919 -0.1181 0.0472
vn 0.9751 -0.1022 0.1966
vn 0.9869 -0.1488 0.0626
vn -0.0784 -0.2821 0.9562
vn -0.4941 0.1961 -0.8470
vn -0.5087 -0.0000 -0.8609
vn -0.9832 0.0236 0.1809
vn -0.9899 -0.0785 0.1179
vn -0.0157 -0.0863 0.9961
vn -0.0784 -0.2822 0.9562
vn -0.5277 -0.2757 0.8034
vn -0.9911 -0.0944 0.0943
vn 0.5728 0.0785 -0.8160
vn -0.5177 0.0314 -0.8550
vn -0.9911 -0.0944 0.0944
vn -0.9832 0.0236 0.1810
vn 0.9751 -0.1023 0.1966
vn 0.9940 -0.1018 0.0391
vn -0.5177 0.0313 -0.8550
vn -0.5741 -0.0393 -0.8179
vn -0.9909 -0.1337 -0.0157
vn -0.5278 -0.2757 0.8034
vn -0.5895 -0.1494 0.7939
vn 0.5173 -0.1254 0.8465
vn 0.9940 -0.1017 0.0392
vn -0.0394 0.6535 0.7559
vn -0.0000 0.8344 0.5511
vn 0.9749 0.1651 0.1494
vn -0.2036 -0.0079 0.9790
vn 0.9806 -0.0078 0.1961
vn 0.9901 -0.0629 0.1257
vn 0.9805 -0.0157 -0.1961
vn 0.1882 -0.0627 -0.9801
vn 0.9805 -0.0079 0.1961
vn 0.9901 -0.0629 0.1258
vn -0.9966 -0.0785 0.0236
vn -0.6417 -0.1096 -0.7591
vn 0.5326 -0.1175 -0.8382
vn -0.0001 0.8345 0.5510
vn -0.9861 0.1644 -0.0234
vn 0.0235 0.2277 -0.9735
vn 0.1881 -0.0628 -0.9801
vn -0.9667 -0.0472 -0.2515
vn -0.0315 0.0157 0.9994
vn 0.9805 -0.0078 0.1961
vn -0.2037 -0.0078 0.9790
vn -0.9899 -0.0786 0.1178
vn -0.6417 -0.1095 -0.7591
vn -0.8695 0.4465 0.2115
vn -0.8586 0.5120 0.0236
vn 0.5326 -0.1175 -0.8381
vn 0.5742 0.0315 -0.8181
vn 0.5727 0.0785 -0.8160
vn -0.9899 -0.0786 0.1179
vn 0.9901 -0.0628 0.1257
vn 0.0704 0.5871 -0.8064
vn 0.0784 -0.2821 -0.9562
vn -0.3233 0.7571 0.5678
vn -0.3927 0.9110 0.1257
vn -0.3698 0.8653 -0.3383
vn -0.0704 0.9864 0.1488
vn 0.1023 0.0708 0.9922
vn 0.2276 -0.9730 -0.0393
vn 0.4173 -0.2992 0.8581
vn -0.0000 -0.4627 0.8865
vn -0.0000 -0.2830 0.9591
vn -0.9737 -0.0000 0.2277
vn -0.9157 -0.0470 0.3991
vn -0.8290 -0.1816 0.5290
vn -0.5269 0.5348 0.6606
vn -0.6127 0.0864 0.7856
vn -0.9167 -0.3917 0.0783
vn -0.7968 -0.4891 -0.3549
vn 0.9663 0.2514 0.0550
vn 0.8949 -0.3454 0.2826
vn -0.0236 -0.3137 0.9492
vn -0.0000 0.0785 0.9969
vn -0.8892 -0.4564 -0.0315
vn -0.8949 -0.4082 -0.1806
vn -0.8433 -0.5359 0.0394
vn 0.9157 -0.0470 0.3991
vn 0.9805 -0.0785 0.1804
vn 0.9659 0.0628 0.2513
vn -0.4873 -0.2044 0.8490
vn -0.4565 -0.2361 0.8578
vn 0.6532 0.7083 0.2676
vn 0.5121 0.6776 0.5278
vn 0.8385 0.4154 0.3526
vn 0.2743 -0.2900 0.9169
vn 0.2201 -0.0393 0.9747
vn 0.4874 -0.2044 0.8489
vn 0.7261 -0.1105 0.6787
vn 0.5418 0.0235 0.8402
vn 0.7731 0.0631 0.6311
vn 0.9167 -0.3918 0.0783
vn -0.1808 -0.6915 -0.6994
vn 0.9240 -0.3001 -0.2369
vn 0.9623 0.0860 0.2582
vn 0.7709 0.5348 0.3461
vn -0.2659 -0.0625 -0.9620
vn -0.1807 -0.6915 -0.6994
vn 0.5813 -0.1414 0.8013
vn -0.0000 -0.7596 0.6504
vn 0.4157 -0.8863 0.2040
vn 0.5040 -0.5907 0.6301
vn 0.7389 -0.6682 0.0865
vn -0.9167 -0.3918 0.0783
vn 0.1807 -0.6915 -0.6994
vn 0.2587 -0.0627 -0.9639
vn 0.6742 -0.1177 -0.7291
vn -0.2659 -0.0626 -0.9620
vn -0.7708 0.5348 0.3461
vn -0.9623 0.0860 0.2581
vn -0.9623 0.0860 0.2582
vn -0.7708 0.5349 0.3461
vn 0.7582 -0.6239 -0.1896
vn 0.7967 -0.4891 -0.3549
vn 0.9167 -0.3917 0.0783
vn -0.2660 -0.0626 -0.9620
vn -0.9240 -0.3001 -0.2369
vn -0.1571 0.4163 -0.8955
vn -0.9659 0.0629 0.2513
vn -0.7261 -0.1105 0.6787
vn -0.5418 0.0235 0.8402
vn -0.7731 0.0631 0.6311
vn -0.2743 -0.2900 0.9169
vn -0.2201 -0.0393 0.9747
vn -0.1415 0.1180 0.9829
vn -0.0000 0.4409 0.8975
vn 0.5269 0.5348 0.6606
vn 0.6105 0.2505 0.7514
vn -0.4402 -0.3537 0.8253
vn -0.5040 -0.5907 0.6301
vn -0.7249 -0.4019 0.5594
vn 0.1808 -0.6915 -0.6994
vn -0.9240 -0.3000 -0.2370
vn -0.1572 0.4164 -0.8955
vn 0.5431 0.0944 0.8343
vn 0.5747 0.4094 0.7086
vn 0.1415 0.1180 0.9829
vn 0.1571 0.4163 -0.8955
vn -0.0000 -0.5029 0.8644
vn 0.6127 0.0864 0.7856
vn -0.0000 0.2203 0.9754
vn 0.2586 -0.0626 -0.9639
vn 0.2586 -0.0627 -0.9639
vn -0.6742 -0.1176 -0.7291
vn -0.5747 0.4094 0.7086
vn -0.5813 -0.1414 0.8013
vn 0.0786 -0.2986 -0.9511
vn -0.0394 0.2126 -0.9764
vn -0.9888 -0.1491 -0.0078
vn -0.7933 -0.6048 0.0707
vn -0.9663 0.2514 0.0550
vn 0.0236 -0.3137 0.9492
vn 0.9888 -0.1491 -0.0078
vn 0.7933 -0.6048 0.0707
vn -0.0786 -0.2986 -0.9511
vn -0.8949 -0.3454 0.2826
vn 0.0394 0.2126 -0.9764
vn 0.7708 0.5349 0.3461
vn 0.1572 0.4163 -0.8955
vn -0.7802 -0.5910 0.2049
vn 0.7375 0.6747 -0.0313
vn -0.2122 0.9354 0.2830
vn 0.8050 0.5919 0.0395
vn -0.9940 0.0078 0.1095
vn -0.9327 -0.0000 0.3606
vn -0.8510 0.2285 0.4728
vn -0.7696 -0.3377 0.5419
vn -0.9834 -0.1809 0.0157
vn -0.4173 -0.2992 0.8581
vn -0.0000 -0.5271 0.8498
vn 0.4402 -0.3537 0.8253
vn 0.7249 -0.4019 0.5594
vn 0.9319 -0.3524 0.0861
vn -0.0000 -0.9790 0.2036
vn -0.4164 -0.8877 0.1964
vn -0.7390 -0.6682 0.0864
vn -0.9319 -0.3524 0.0861
vn -0.9805 -0.0785 0.1804
vn 0.8358 -0.1183 0.5362
vn 0.5447 -0.2053 0.8131
vn -0.8358 -0.1183 0.5362
vn -0.5447 -0.2053 0.8131
vn 0.7802 -0.5910 0.2049
vn 0.8433 -0.5359 0.0394
vn 0.8892 -0.4564 -0.0315
vn 0.8949 -0.4082 -0.1806
vn 0.9834 -0.1809 0.0157
vn 0.9940 0.0078 0.1096
vn 0.9327 -0.0000 0.3606
vn 0.8510 0.2285 0.4728
vn 0.7696 -0.3377 0.5418
vn -0.7375 0.6747 -0.0313
vn -0.8050 0.5919 0.0395
vn 0.2122 0.9354 0.2830
vn 0.1489 0.9325 0.3291
vn 0.8740 0.4331 0.2205
vn -0.5431 0.0945 0.8343
vn -0.4805 -0.2678 0.8351
vn -0.3295 -0.2511 0.9102
vn -0.0000 -0.2351 0.9720
vn -0.0000 0.0472 0.9989
vn 0.3295 -0.2511 0.9102
vn 0.3450 0.1019 0.9330
vn 0.4565 -0.2361 0.8578
vn 0.7629 0.1101 0.6371
vn 0.8290 -0.1816 0.5290
vn 0.9654 -0.0314 0.2590
vn 0.9737 -0.0000 0.2277
vn -0.9654 -0.0314 0.2590
vn -0.7629 0.1101 0.6371
vn -0.3450 0.1019 0.9330
vn -0.0000 0.8308 0.5565
vn -0.0000 0.9196 0.3930
vn -0.5122 0.6776 0.5278
vn -0.6532 0.7083 0.2676
vn -0.8385 0.4154 0.3526
vn -0.8740 0.4331 0.2205
vn -0.1489 0.9325 0.3291
vn 0.4805 -0.2678 0.8351
vn -0.0000 -0.0158 0.9999
vn -0.6105 0.2505 0.7514
vn -0.0000 0.1885 0.9821
vn -0.2749 -0.7776 -0.5655
vn -0.0393 0.5651 -0.8241
vn 0.5118 0.5668 -0.6456
vn 0.5111 -0.1336 -0.8491
vn 0.6448 0.6133 0.4561
vn 0.7471 0.6527 -0.1258
vn -0.2750 -0.7776 -0.5655
vn 0.5117 0.5669 -0.6456
vn -0.0235 -0.9325 -0.3604
vn 0.6830 -0.2591 -0.6829
vn 0.5322 -0.7983 -0.2818
vn 0.5736 -0.8173 0.0550
vn 0.4155 -0.0157 0.9094
vn -0.0709 -0.4957 0.8656
vn 0.5597 0.7331 0.3863
vn 0.1813 0.9772 -0.1103
vn 0.9499 0.2747 0.1492
vn 0.6830 -0.2591 -0.6830
vn 0.1653 -0.7717 0.6142
vn -0.0235 -0.9325 -0.3605
vn 0.5737 -0.8172 0.0550
vn -0.0079 -0.9980 0.0629
vn 0.4155 -0.0156 0.9095
vn 0.7471 0.6527 -0.1259
vn 0.6448 0.6134 0.4561
vn -0.0707 -0.1256 0.9896
vn 0.1654 -0.7716 0.6142
vn -0.0708 -0.4958 0.8656
vn 0.3466 -0.7088 0.6144
vn 0.3863 -0.3548 -0.8514
vn -0.4010 -0.8964 0.1887
vn -0.0392 0.5650 -0.8241
vn 0.1653 -0.7716 0.6142
vn -0.2120 0.2277 0.9504
vn 0.0078 -0.9980 0.0629
vn -0.5737 -0.8172 0.0550
vn -0.5111 -0.1337 -0.8491
vn -0.6448 0.6134 0.4561
vn -0.7471 0.6527 -0.1259
vn -0.4155 -0.0157 0.9095
vn -0.5597 0.7331 0.3863
vn -0.9499 0.2747 0.1492
vn -0.1653 -0.7716 0.6142
vn 0.0235 -0.9325 -0.3604
vn -0.1654 -0.7716 0.6142
vn -0.5736 -0.8173 0.0551
vn -0.4155 -0.0157 0.9094
vn -0.7471 0.6527 -0.1258
vn -0.6830 -0.2590 -0.6830
vn 0.2749 -0.7776 -0.5655
vn -0.5117 0.5669 -0.6456
vn -0.1813 0.9772 -0.1103
vn 0.0707 -0.1256 0.9896
vn -0.3863 -0.3547 -0.8514
vn 0.0708 -0.4957 0.8656
vn -0.3465 -0.7088 0.6144
vn -0.0001 0.6668 0.7452
vn -0.6830 -0.2591 -0.6829
vn -0.1654 -0.7717 0.6142
vn 0.0708 -0.4958 0.8656
vn 0.8658 -0.4881 -0.1102
vn 0.9205 -0.3856 -0.0629
vn -0.7778 -0.6285 0.0078
vn 0.6296 -0.4958 0.5981
vn -0.3947 -0.5921 0.7026
vn -0.4094 -0.8268 0.3858
vn -0.8263 -0.3069 -0.4722
vn 0.6886 -0.5947 -0.4148
vn -0.8263 -0.3070 -0.4722
vn -0.9667 -0.2436 0.0786
vn 0.8658 -0.4880 -0.1102
vn 0.5900 -0.5978 0.5427
vn 0.6887 -0.5948 -0.4147
vn -0.9667 -0.2437 0.0786
vn 0.5899 -0.5978 0.5428
vn 0.9205 -0.3856 -0.0630
vn 0.1412 0.4708 0.8709
vn 0.6296 -0.4958 0.5982
vn -0.3948 -0.5921 0.7026
vn -0.9749 0.1651 0.1493
vn -0.8436 0.0316 -0.5361
vn 0.9888 0.1491 -0.0079
vn 0.7884 0.0158 -0.6150
vn 0.9667 -0.2436 0.0786
vn 0.4094 -0.8267 0.3858
vn 0.8263 -0.3069 -0.4722
vn -0.6887 -0.5948 -0.4147
vn -0.5900 -0.5977 0.5428
vn -0.8769 -0.4698 -0.1018
vn 0.3947 -0.5921 0.7026
vn -0.6295 -0.4958 0.5982
vn 0.7778 -0.6285 0.0079
vn 0.8436 0.0316 -0.5361
vn -0.7977 0.0313 -0.6022
vn -0.9288 -0.3621 -0.0787
vn 0.9667 -0.2437 0.0786
vn -0.5900 -0.5978 0.5427
vn 0.4095 -0.8267 0.3858
vn -0.6887 -0.5947 -0.4147
vn -0.1412 0.4708 0.8709
vn -0.0000 0.8345 0.5510
vn 0.7778 -0.6285 0.0078
vn 0.8436 0.0315 -0.5361
vn -0.9861 0.1643 -0.0235
vn -0.9288 -0.3621 -0.0788
vn -0.6296 -0.4958 0.5982
vn 0.3948 -0.5920 0.7026
vn 0.6063 -0.0000 -0.7952
vn 0.9958 0.0471 0.0784
vn 0.5173 -0.1254 0.8466
vn -0.0315 0.0236 0.9992
vn -0.5895 -0.1493 0.7939
vn -0.5741 -0.0394 -0.8179
vn 0.5741 -0.0393 -0.8179
vn 0.5895 -0.1493 0.7939
vn 0.0311 0.0250 0.9992
vn -0.5173 -0.1254 0.8466
vn 0.0705 0.9864 0.1488
vn -0.1023 0.0708 0.9922
vn 0.3233 0.7571 0.5678
vn 0.3927 0.9110 0.1257
vn 0.3698 0.8653 -0.3383
vn -0.1337 -0.9196 0.3694
vn -0.2275 -0.9730 -0.0393
vn -0.2273 -0.3056 -0.9247
vn -0.2276 -0.9730 -0.0392
vt 0.855408 0.528381
vt 0.800568 0.528381
vt 0.805908 0.568268
vt 0.994995 0.528381
vt 0.994995 0.544800
vt 0.948425 0.537750
vt 0.957855 0.528381
vt 0.892670 0.528381
vt 0.885223 0.519012
vt 0.839081 0.528381
vt 0.849304 0.503052
vt 0.800568 0.519012
vt 0.800568 0.503052
vt 0.994995 0.538422
vt 0.994995 0.603912
vt 0.909729 0.603912
vt 0.744995 0.661285
vt 0.701019 0.633972
vt 0.783875 0.626038
vt 0.701019 0.661285
vt 0.783875 0.614899
vt 0.840424 0.636536
vt 0.840424 0.657166
vt 0.777252 0.719452
vt 0.701019 0.748260
vt 0.840424 0.614899
vt 0.812592 0.571014
vt 0.878204 0.538422
vt 0.817566 0.538422
vt 0.994995 0.536133
vt 0.898590 0.551544
vt 0.865509 0.571503
vt 0.966675 0.528381
vt 0.848999 0.563660
vt 0.804199 0.603912
vt 0.851715 0.603912
vt 0.804047 0.603912
vt 0.957855 0.503052
vt 0.994995 0.503052
vt 0.533386 0.705200
vt 0.533386 0.725220
vt 0.582520 0.718536
vt 0.090057 0.727112
vt 0.100800 0.733734
vt 0.090057 0.742706
vt 0.104584 0.742706
vt 0.104584 0.753510
vt 0.119080 0.753510
vt 0.119080 0.742706
vt 0.115326 0.737640
vt 0.111572 0.726288
vt 0.100800 0.726715
vt 0.111572 0.720062
vt 0.100800 0.720062
vt 0.117767 0.725250
vt 0.090057 0.753510
vt 0.090057 0.720062
vt 0.329071 0.715942
vt 0.327484 0.736237
vt 0.363007 0.736267
vt 0.331390 0.686218
vt 0.356781 0.686218
vt 0.379883 0.686218
vt 0.403015 0.736237
vt 0.399567 0.686218
vt 0.413483 0.686218
vt 0.427216 0.735718
vt 0.380493 0.670074
vt 0.379883 0.683807
vt 0.399353 0.683807
vt 0.319855 0.707153
vt 0.317474 0.686218
vt 0.295013 0.686218
vt 0.295013 0.735718
vt 0.307098 0.686218
vt 0.422119 0.675171
vt 0.420685 0.653839
vt 0.405518 0.653839
vt 0.427216 0.686218
vt 0.386200 0.653839
vt 0.368011 0.653839
vt 0.349182 0.670074
vt 0.348907 0.653839
vt 0.334198 0.653839
vt 0.414215 0.683807
vt 0.427216 0.683807
vt 0.427216 0.653839
vt 0.353516 0.683807
vt 0.334198 0.683807
vt 0.320984 0.683807
vt 0.310120 0.653839
vt 0.310608 0.683807
vt 0.302307 0.653839
vt 0.295013 0.653839
vt 0.295013 0.683807
vt 0.921967 0.603912
vt 0.882202 0.603912
vt 0.847931 0.603912
vt 0.580841 0.563660
vt 0.443207 0.507599
vt 0.580841 0.507599
vt 0.602142 0.965240
vt 0.692078 0.865906
vt 0.692078 0.965240
vt 0.612549 0.994995
vt 0.692078 0.994995
vt 0.337738 0.535828
vt 0.236176 0.504974
vt 0.337738 0.504974
vt 0.431519 0.533936
vt 0.337738 0.611816
vt 0.236176 0.611816
vt 0.331024 0.643188
vt 0.331024 0.615723
vt 0.431946 0.615723
vt 0.431946 0.643188
vt 0.431519 0.611816
vt 0.602142 0.852509
vt 0.692078 0.815125
vt 0.505798 0.815125
vt 0.443207 0.697662
vt 0.580841 0.697662
vt 0.443207 0.576508
vt 0.505798 0.877625
vt 0.145233 0.643311
vt 0.145233 0.615845
vt 0.261230 0.643311
vt 0.261230 0.615845
vt 0.343475 0.643311
vt 0.347198 0.615845
vt 0.431915 0.643311
vt 0.431915 0.615845
vt 0.505798 0.994995
vt 0.505798 0.965240
vt 0.236176 0.532074
vt 0.143494 0.504974
vt 0.143494 0.533936
vt 0.274506 0.504974
vt 0.274506 0.533936
vt 0.341309 0.504974
vt 0.431519 0.533966
vt 0.431519 0.504974
vt 0.274506 0.611816
vt 0.143494 0.611816
vt 0.179291 0.615723
vt 0.299835 0.615723
vt 0.179291 0.643188
vt 0.299835 0.643188
vt 0.274994 0.991699
vt 0.293060 0.991699
vt 0.293060 0.951935
vt 0.580841 0.576508
vt 0.443207 0.563660
vt 0.274994 0.951935
vt 0.158783 0.951447
vt 0.158783 0.991699
vt 0.228180 0.991699
vt 0.114594 0.975006
vt 0.114594 0.951447
vt 0.441132 0.889648
vt 0.441132 0.822937
vt 0.495056 0.822937
vt 0.228180 0.951447
vt 0.495056 0.905487
vt 0.495056 0.925323
vt 0.435730 0.925323
vt 0.435822 0.994995
vt 0.435822 0.817596
vt 0.466888 0.962738
vt 0.495056 0.817596
vt 0.495056 0.994995
vt 0.114807 0.991699
vt 0.153900 0.951935
vt 0.114807 0.951935
vt 0.114594 0.991699
vt 0.153900 0.991699
vt 0.212494 0.991699
vt 0.212494 0.951935
vt 0.435730 0.905487
vt 0.435730 0.846680
vt 0.495056 0.846680
vt 0.435730 0.817596
vt 0.240906 0.680420
vt 0.250916 0.653839
vt 0.210968 0.653839
vt 0.284027 0.653839
vt 0.264160 0.680939
vt 0.244141 0.739014
vt 0.210968 0.681702
vt 0.210968 0.748260
vt 0.186523 0.746155
vt 0.169983 0.764801
vt 0.163544 0.746979
vt 0.130310 0.766113
vt 0.130310 0.747162
vt 0.405518 0.886505
vt 0.427216 0.851471
vt 0.427216 0.886505
vt 0.334839 0.886505
vt 0.295013 0.886505
vt 0.295013 0.851471
vt 0.369110 0.850098
vt 0.329712 0.852753
vt 0.339264 0.830902
vt 0.323181 0.830627
vt 0.322693 0.828003
vt 0.405518 0.849915
vt 0.362854 0.886505
vt 0.295013 0.814880
vt 0.323853 0.786682
vt 0.339142 0.828278
vt 0.339722 0.787018
vt 0.357544 0.813629
vt 0.372223 0.767273
vt 0.381165 0.810211
vt 0.405518 0.783783
vt 0.427216 0.814880
vt 0.295013 0.768463
vt 0.311249 0.735962
vt 0.427216 0.768463
vt 0.004974 0.967133
vt 0.004974 0.947601
vt 0.048889 0.947601
vt 0.044983 0.873413
vt 0.044983 0.881226
vt 0.004974 0.873413
vt 0.013733 0.881226
vt 0.004974 0.924194
vt 0.044983 0.971039
vt 0.037170 0.994995
vt 0.004974 0.994995
vt 0.025452 0.904663
vt 0.025452 0.925842
vt 0.025452 0.939789
vt 0.336060 0.945099
vt 0.304626 0.945099
vt 0.304626 0.897125
vt 0.336060 0.994995
vt 0.391174 0.931885
vt 0.391174 0.994995
vt 0.304626 0.994995
vt 0.336060 0.897125
vt 0.391174 0.897125
vt 0.391174 0.960815
vt 0.713287 0.503357
vt 0.742737 0.526733
vt 0.663666 0.542297
vt 0.167053 0.886658
vt 0.130310 0.875641
vt 0.149200 0.888550
vt 0.284027 0.888550
vt 0.284027 0.875641
vt 0.246124 0.878754
vt 0.284027 0.834167
vt 0.266296 0.825897
vt 0.248474 0.825073
vt 0.208954 0.878967
vt 0.212250 0.836487
vt 0.167633 0.852844
vt 0.130310 0.834167
vt 0.204681 0.888550
vt 0.256409 0.888550
vt 0.130310 0.799500
vt 0.168945 0.780792
vt 0.211029 0.776489
vt 0.210968 0.759247
vt 0.240021 0.791504
vt 0.244141 0.759064
vt 0.130310 0.680298
vt 0.163544 0.684753
vt 0.263733 0.759308
vt 0.265167 0.739014
vt 0.284027 0.766113
vt 0.284027 0.747162
vt 0.186523 0.684113
vt 0.284027 0.680298
vt 0.582520 0.712250
vt 0.533386 0.705780
vt 0.284027 0.799500
vt 0.264130 0.791809
vt 0.589722 0.638184
vt 0.607086 0.638184
vt 0.589722 0.618683
vt 0.607086 0.618683
vt 0.017242 0.673553
vt 0.004974 0.644806
vt 0.004974 0.665863
vt 0.104889 0.545349
vt 0.100891 0.573853
vt 0.091034 0.555267
vt 0.004974 0.613739
vt 0.010223 0.602478
vt 0.009399 0.631470
vt 0.118408 0.653473
vt 0.901062 0.752533
vt 0.901062 0.614990
vt 0.908875 0.614990
vt 0.908875 0.752533
vt 0.644440 0.715240
vt 0.644440 0.722565
vt 0.592133 0.722565
vt 0.110474 0.618622
vt 0.110779 0.583160
vt 0.069672 0.568298
vt 0.070465 0.550964
vt 0.509644 0.740936
vt 0.519684 0.732513
vt 0.519684 0.759613
vt 0.037231 0.566010
vt 0.053558 0.577057
vt 0.080902 0.573944
vt 0.069214 0.589203
vt 0.084137 0.583557
vt 0.012085 0.747314
vt 0.012085 0.733398
vt 0.040344 0.720306
vt 0.023102 0.728241
vt 0.028931 0.722321
vt 0.020325 0.728241
vt 0.011963 0.724579
vt 0.010986 0.728241
vt 0.029144 0.640503
vt 0.004974 0.709503
vt 0.044830 0.707764
vt 0.029724 0.707123
vt 0.098145 0.701660
vt 0.119080 0.726532
vt 0.055786 0.747314
vt 0.082306 0.729187
vt 0.123993 0.617340
vt 0.019012 0.721710
vt 0.024994 0.721710
vt 0.037109 0.588898
vt 0.004974 0.601501
vt 0.012512 0.587006
vt 0.036774 0.681519
vt 0.069153 0.659454
vt 0.082306 0.720306
vt 0.026886 0.580444
vt 0.030426 0.609741
vt 0.004974 0.637024
vt 0.004974 0.625977
vt 0.893250 0.614990
vt 0.893250 0.752533
vt 0.592133 0.715240
vt 0.519684 0.806641
vt 0.519684 0.785004
vt 0.509644 0.806641
vt 0.695312 0.722565
vt 0.689697 0.672821
vt 0.695312 0.672821
vt 0.695312 0.652771
vt 0.689697 0.715240
vt 0.004974 0.686279
vt 0.099854 0.672913
vt 0.004974 0.717957
vt 0.063019 0.717957
vt 0.120361 0.572266
vt 0.089996 0.626801
vt 0.058563 0.642090
vt 0.509644 0.794495
vt 0.509644 0.778564
vt 0.018219 0.570709
vt 0.040283 0.546234
vt 0.004974 0.550568
vt 0.004974 0.522583
vt 0.039978 0.504028
vt 0.072235 0.506561
vt 0.108887 0.516846
vt 0.519684 0.708740
vt 0.509644 0.708740
vt 0.004974 0.571228
vt 0.004974 0.504028
vt 0.076233 0.881226
vt 0.076233 0.873413
vt 0.072327 0.920288
vt 0.044983 0.912476
vt 0.072327 0.912476
vt 0.095764 0.881226
vt 0.095764 0.873413
vt 0.080139 0.920288
vt 0.080139 0.912476
vt 0.084045 0.939789
vt 0.084045 0.947601
vt 0.084045 0.994995
vt 0.099670 0.947601
vt 0.099670 0.994995
vt 0.107483 0.947601
vt 0.107483 0.994995
vt 0.072327 0.925842
vt 0.044983 0.925842
vt 0.072327 0.931976
vt 0.072327 0.939789
vt 0.044983 0.939789
vt 0.044983 0.931976
vt 0.095764 0.908569
vt 0.076233 0.908569
vt 0.044983 0.908569
vt 0.044983 0.920288
vt 0.099670 0.939789
vt 0.056702 0.939789
vt 0.757874 0.516754
vt 0.779877 0.516754
vt 0.779877 0.501862
vt 0.792450 0.516754
vt 0.792450 0.501862
vt 0.751587 0.501862
vt 0.735870 0.501862
vt 0.735870 0.516754
vt 0.625854 0.604736
vt 0.666931 0.604736
vt 0.666931 0.583832
vt 0.757874 0.501862
vt 0.751587 0.516754
vt 0.742157 0.604736
vt 0.792084 0.573547
vt 0.776733 0.604736
vt 0.792084 0.604736
vt 0.625854 0.541321
vt 0.592621 0.541321
vt 0.592621 0.604736
vt 0.130310 0.653839
vt 0.172729 0.653839
s 1
usemtl npc00_03
f 1/1/1 2/2/2 3/3/3
f 4/4/4 5/5/5 6/6/6
f 7/5/7 8/4/8 9/6/9
f 9/6/9 8/4/8 10/7/10
f 9/6/9 10/7/10 11/8/11
f 11/8/11 10/7/10 12/9/12
f 11/8/11 12/9/12 13/10/13
f 13/10/13 12/9/12 14/11/14
f 13/10/13 14/11/14 15/12/15
f 15/12/15 14/11/14 16/13/16
f 15/12/15 16/13/16 17/11/17
f 18/14/18 19/15/19 20/16/20
f 21/17/21 22/18/22 23/19/23
f 24/17/24 25/20/25 22/18/26
f 22/18/26 25/20/25 26/17/27
f 22/18/26 26/17/27 27/19/28
f 28/21/29 29/22/30 23/19/23
f 23/19/23 29/22/30 30/23/31
f 23/19/23 30/23/31 21/17/21
f 21/17/21 30/23/31 31/24/32
f 21/17/21 31/24/32 32/20/25
f 33/24/32 34/25/33 35/20/25
f 35/20/25 34/25/33 36/24/34
f 35/20/25 36/24/34 37/17/35
f 37/17/35 36/24/34 38/23/36
f 37/17/35 38/23/36 39/19/37
f 39/19/37 38/23/36 40/22/38
f 39/19/37 40/22/38 41/21/39
f 41/21/39 40/22/38 42/26/40
f 43/27/41 44/28/9 45/29/42
f 46/15/19 47/14/18 48/16/43
f 49/30/41 50/31/44 51/15/45
f 52/28/46 53/27/47 54/32/48
f 55/30/41 56/33/42 57/31/49
f 57/31/49 56/33/42 58/1/13
f 57/31/49 58/1/13 59/34/50
f 59/34/50 58/1/13 60/3/51
f 59/34/50 60/3/51 61/35/52
f 62/14/53 52/28/46 48/16/54
f 48/16/54 52/28/46 54/32/48
f 48/16/54 54/32/48 63/36/55
f 63/36/55 54/32/48 53/27/47
f 63/36/55 53/27/47 64/37/56
f 65/9/57 66/8/58 67/10/59
f 68/3/60 69/2/2 70/1/61
f 71/8/58 72/9/57 73/7/62
f 74/11/14 75/9/63 76/38/64
f 76/38/64 75/9/63 77/7/65
f 76/38/64 77/7/65 78/39/66
f 78/39/66 77/7/65 79/4/4
f 78/39/66 79/4/4 80/7/67
f 80/7/67 79/4/4 81/6/6
f 80/7/67 81/6/6 82/8/68
f 83/40/69 84/41/69 85/42/69
f 86/42/70 87/41/70 88/40/70
f 89/43/71 90/44/72 91/45/73
f 92/46/74 93/47/75 94/48/76
f 94/48/76 93/47/75 95/46/77
f 94/48/76 95/46/77 96/49/78
f 96/49/78 95/46/77 97/50/79
f 98/39/66 99/7/67 100/38/80
f 100/38/80 99/7/67 101/9/57
f 100/38/80 101/9/57 102/11/81
f 102/11/81 101/9/57 103/10/59
f 102/11/81 103/10/59 104/12/15
f 104/12/15 103/10/59 105/2/2
f 104/12/15 105/2/2 106/10/13
f 107/44/82 108/51/83 109/52/84
f 109/52/84 108/51/83 110/53/85
f 109/52/84 110/53/85 111/54/86
f 111/54/86 110/53/85 112/51/87
f 111/54/86 112/51/87 113/52/88
f 114/48/75 115/49/89 116/46/90
f 116/46/90 115/49/89 117/50/91
f 116/46/90 117/50/91 118/44/92
f 118/44/92 117/50/91 119/55/93
f 118/44/92 119/55/93 120/51/94
f 121/55/95 122/50/79 123/44/96
f 123/44/96 122/50/79 124/46/97
f 123/44/96 124/46/97 125/45/98
f 125/45/98 124/46/97 126/47/76
f 125/45/98 126/47/76 127/56/99
f 127/56/99 126/47/76 128/46/90
f 127/56/99 128/46/90 129/45/100
f 129/45/100 128/46/90 130/44/101
f 129/45/100 130/44/101 131/43/102
f 131/43/102 130/44/101 132/52/103
f 131/43/102 132/52/103 133/57/104
f 133/57/104 132/52/103 134/54/86
f 133/57/104 134/54/86 135/43/105
f 135/43/105 134/54/86 136/52/106
f 135/43/105 136/52/106 123/44/107
f 123/44/107 136/52/106 137/51/108
f 123/44/107 137/51/108 138/55/95
f 139/22/109 140/21/110 141/26/111
f 142/15/112 143/31/113 144/30/114
f 145/32/115 146/27/116 147/28/6
f 147/28/6 146/27/116 148/29/117
f 149/37/112 146/27/116 150/36/118
f 150/36/118 146/27/116 145/32/115
f 150/36/118 145/32/115 151/16/119
f 151/16/119 145/32/115 147/28/6
f 151/16/119 147/28/6 152/14/120
f 153/35/121 154/3/122 155/34/123
f 155/34/123 154/3/122 156/1/59
f 155/34/123 156/1/59 157/31/124
f 157/31/124 156/1/59 158/33/68
f 157/31/124 158/33/68 159/30/125
f 160/58/126 161/59/127 162/60/128
f 163/61/129 164/58/130 165/62/131
f 165/62/131 164/58/130 166/60/132
f 165/62/131 166/60/132 167/63/133
f 167/63/133 166/60/132 168/64/134
f 167/63/133 168/64/134 169/65/135
f 169/65/135 168/64/134 170/66/136
f 171/67/137 172/66/136 173/64/138
f 174/68/139 175/69/140 176/70/141
f 177/71/142 178/61/143 179/72/144
f 180/73/145 181/74/137 182/75/146
f 182/75/146 181/74/137 183/71/147
f 182/75/146 183/71/147 184/72/148
f 185/76/149 186/77/150 187/78/151
f 188/66/136 189/67/152 190/79/153
f 187/78/154 191/80/155 192/68/156
f 192/68/156 191/80/155 193/81/157
f 192/68/156 193/81/157 194/82/158
f 194/82/158 193/81/157 195/83/159
f 194/82/158 195/83/159 196/84/160
f 197/68/156 176/70/135 198/78/161
f 198/78/161 176/70/135 199/85/162
f 198/78/161 199/85/162 200/76/163
f 200/76/163 199/85/162 201/86/153
f 200/76/163 201/86/153 202/77/164
f 202/77/164 201/86/153 203/87/165
f 175/69/140 174/68/139 204/88/166
f 204/88/166 174/68/139 205/82/158
f 204/88/166 205/82/158 206/89/167
f 206/89/167 205/82/158 207/84/160
f 206/89/167 207/84/160 208/90/144
f 208/90/144 207/84/160 209/91/168
f 208/90/144 209/91/168 210/92/169
f 210/92/169 209/91/168 211/93/170
f 210/92/169 211/93/170 212/94/165
f 213/95/153 214/92/146 215/94/171
f 216/15/172 217/96/173 218/31/124
f 218/31/124 217/96/173 219/97/174
f 218/31/124 219/97/174 220/34/123
f 220/34/123 219/97/174 221/98/175
f 220/34/123 221/98/175 222/35/121
f 223/86/176 224/77/177 225/87/178
f 226/94/179 227/92/180 228/95/176
f 229/71/181 230/74/182 231/75/183
f 231/75/183 230/74/182 232/73/184
f 233/78/185 234/77/177 235/76/186
f 236/79/176 237/67/187 238/66/188
f 238/66/188 237/67/187 239/64/189
f 240/84/190 241/83/191 242/82/192
f 242/82/192 241/83/191 243/81/193
f 242/82/192 243/81/193 244/68/194
f 244/68/194 243/81/193 245/80/155
f 244/68/194 245/80/155 233/78/195
f 234/77/177 246/86/176 235/76/186
f 235/76/186 246/86/176 247/85/196
f 235/76/186 247/85/196 233/78/185
f 233/78/185 247/85/196 248/70/197
f 233/78/185 248/70/197 249/68/198
f 250/75/180 251/72/199 252/71/181
f 252/71/181 251/72/199 253/61/200
f 252/71/181 253/61/200 254/58/201
f 254/58/201 253/61/200 255/62/202
f 254/58/201 255/62/202 256/60/203
f 256/60/203 255/62/202 257/63/204
f 256/60/203 257/63/204 239/64/189
f 239/64/189 257/63/204 258/65/197
f 239/64/189 258/65/197 238/66/188
f 259/94/178 260/93/205 261/92/183
f 261/92/183 260/93/205 262/91/206
f 261/92/183 262/91/206 263/90/207
f 263/90/207 262/91/206 264/84/190
f 263/90/207 264/84/190 265/89/200
f 265/89/200 264/84/190 266/82/192
f 265/89/200 266/82/192 267/88/208
f 267/88/208 266/82/192 249/68/198
f 267/88/208 249/68/198 268/69/209
f 268/69/209 249/68/198 248/70/197
f 269/35/52 270/98/210 271/34/50
f 271/34/50 270/98/210 272/97/211
f 271/34/50 272/97/211 273/31/44
f 273/31/44 272/97/211 274/96/212
f 273/31/44 274/96/212 275/15/45
f 276/99/213 277/100/214 278/101/215
f 279/102/216 280/103/217 281/104/218
f 282/105/219 281/104/220 283/106/221
f 284/107/222 285/108/223 286/109/224
f 287/106/225 288/104/226 289/105/227
f 290/110/228 291/107/229 292/111/230
f 292/111/230 291/107/229 293/112/231
f 294/110/232 284/107/222 286/109/224
f 295/113/233 296/114/234 297/115/235
f 298/114/236 299/113/237 300/115/235
f 300/115/235 299/113/237 301/116/238
f 300/115/235 301/116/238 302/113/233
f 303/111/239 304/117/228 305/110/228
f 305/110/228 304/117/228 306/111/240
f 305/110/228 306/111/240 307/107/222
f 307/107/222 306/111/240 308/112/241
f 309/103/217 310/118/242 311/119/243
f 311/119/243 310/118/242 312/120/244
f 313/121/245 314/122/246 315/123/247
f 315/123/247 314/122/246 316/99/248
f 315/123/247 316/99/248 317/100/249
f 317/100/249 316/99/248 318/101/250
f 319/100/214 320/99/251 321/123/252
f 321/123/252 320/99/251 322/122/253
f 321/123/252 322/122/253 323/121/254
f 324/103/217 325/102/216 326/118/242
f 326/118/242 325/102/216 327/124/255
f 326/118/242 327/124/255 312/120/256
f 312/120/256 327/124/255 328/118/257
f 312/120/256 328/118/257 329/119/258
f 330/125/259 331/126/260 332/127/261
f 332/127/261 331/126/260 333/128/262
f 332/127/261 333/128/262 334/129/263
f 334/129/263 333/128/262 335/130/264
f 334/129/263 335/130/264 336/131/265
f 337/130/266 338/132/232 336/131/267
f 336/131/267 338/132/232 339/130/268
f 336/131/267 339/130/268 340/129/269
f 340/129/269 339/130/268 341/128/270
f 340/129/269 341/128/270 342/127/271
f 342/127/271 341/128/270 343/126/272
f 342/127/271 343/126/272 344/125/273
f 345/105/274 346/133/275 347/134/276
f 347/134/276 346/133/275 289/105/277
f 347/134/276 289/105/277 348/102/278
f 348/102/278 289/105/277 349/104/279
f 348/102/278 349/104/279 350/103/280
f 351/104/281 352/105/274 353/102/282
f 353/102/282 352/105/274 354/134/283
f 353/102/282 354/134/283 355/124/255
f 355/124/255 354/134/283 356/102/284
f 355/124/255 356/102/284 328/118/257
f 328/118/257 356/102/284 357/103/280
f 328/118/257 357/103/280 329/119/258
f 358/108/285 359/135/286 360/136/287
f 360/136/287 359/135/286 361/137/288
f 360/136/287 361/137/288 362/138/289
f 362/138/289 361/137/288 363/139/290
f 362/138/289 363/139/290 364/140/291
f 364/140/291 363/139/290 365/141/292
f 366/109/293 367/108/294 368/135/295
f 368/135/295 367/108/294 369/136/296
f 368/135/295 369/136/296 370/137/297
f 370/137/297 369/136/296 371/138/298
f 370/137/297 371/138/298 372/139/299
f 372/139/299 371/138/298 373/140/300
f 372/139/299 373/140/300 374/141/301
f 374/141/301 373/140/300 375/142/302
f 374/141/301 375/142/302 364/140/291
f 376/141/292 377/143/303 378/139/304
f 378/139/304 377/143/303 379/144/305
f 378/139/304 379/144/305 380/137/306
f 380/137/306 379/144/305 293/112/307
f 380/137/306 293/112/307 381/135/308
f 381/135/308 293/112/307 382/107/229
f 381/135/308 382/107/229 383/109/293
f 383/109/293 382/107/229 294/110/232
f 383/109/293 294/110/232 384/142/309
f 384/142/309 294/110/232 286/109/224
f 285/108/223 284/107/222 385/135/310
f 385/135/310 284/107/222 386/112/311
f 385/135/310 386/112/311 387/137/288
f 387/137/288 386/112/311 388/144/312
f 387/137/288 388/144/312 363/139/290
f 363/139/290 388/144/312 389/143/313
f 363/139/290 389/143/313 365/141/292
f 365/141/292 389/143/313 390/117/314
f 365/141/292 390/117/314 391/143/303
f 392/145/315 393/146/316 394/147/273
f 394/147/273 393/146/316 395/148/317
f 396/149/318 397/150/217 398/151/243
f 399/121/319 400/122/320 401/123/321
f 401/123/321 400/122/320 402/99/322
f 401/123/321 402/99/322 403/100/323
f 403/100/323 402/99/322 404/101/324
f 405/122/325 406/121/326 407/152/327
f 407/152/327 406/121/326 408/153/328
f 407/152/327 408/153/328 409/101/329
f 409/101/329 408/153/328 410/100/330
f 411/99/331 412/100/332 413/101/333
f 414/153/334 415/101/335 416/100/336
f 417/149/337 418/154/338 419/151/258
f 420/145/260 421/147/259 422/146/339
f 422/146/339 421/147/259 423/148/340
f 424/149/337 425/151/258 426/150/280
f 427/100/332 428/99/341 429/123/342
f 429/123/342 428/99/341 430/122/343
f 429/123/342 430/122/343 431/121/344
f 432/101/335 433/153/345 434/152/346
f 434/152/346 433/153/345 435/121/347
f 434/152/346 435/121/347 436/122/348
f 437/155/349 438/156/350 439/157/351
f 440/158/352 441/159/353 442/155/354
f 443/160/355 444/161/356 445/162/357
f 439/157/351 446/163/358 437/155/349
f 447/164/359 448/165/360 449/166/360
f 438/156/350 437/155/349 450/158/361
f 450/158/361 437/155/349 451/159/362
f 450/158/361 451/159/362 452/155/363
f 441/159/353 440/158/352 453/155/364
f 440/158/352 454/156/365 453/155/364
f 453/155/364 454/156/365 455/157/366
f 453/155/364 455/157/366 456/163/367
f 457/167/368 458/168/355 459/169/369
f 459/169/369 458/168/355 460/170/370
f 459/169/369 460/170/370 461/171/371
f 462/171/372 463/170/373 464/169/369
f 464/169/369 463/170/373 458/168/355
f 464/169/369 458/168/355 465/167/374
f 444/161/356 443/160/355 466/162/375
f 467/172/300 468/173/376 469/174/377
f 469/174/377 470/173/378 471/172/291
f 446/163/358 439/157/351 442/155/354
f 442/155/354 439/157/351 472/156/379
f 442/155/354 472/156/379 440/158/352
f 440/158/352 472/156/379 473/175/380
f 440/158/352 473/175/380 454/156/365
f 474/163/381 475/157/382 452/155/363
f 452/155/363 475/157/382 476/156/383
f 452/155/363 476/156/383 450/158/361
f 450/158/361 476/156/383 477/175/384
f 450/158/361 477/175/384 438/156/350
f 467/172/300 478/176/385 468/173/376
f 468/173/376 478/176/385 479/177/323
f 468/173/376 479/177/323 480/178/386
f 480/178/386 479/177/323 481/149/387
f 480/178/386 481/149/387 482/154/388
f 482/154/388 481/149/387 483/151/243
f 449/166/360 484/179/359 447/164/359
f 447/164/359 484/179/359 485/180/389
f 447/164/359 485/180/389 486/181/389
f 486/181/389 485/180/389 487/182/390
f 486/181/389 487/182/390 488/170/391
f 489/154/338 490/149/333 491/178/392
f 491/178/392 490/149/333 492/177/393
f 491/178/392 492/177/393 470/173/378
f 470/173/378 492/177/393 493/176/394
f 470/173/378 493/176/394 471/172/291
f 494/183/395 495/184/396 496/185/397
f 497/186/398 498/184/399 499/187/400
f 499/187/400 498/184/399 500/183/401
f 499/187/400 500/183/401 501/188/402
f 501/188/402 500/183/401 502/189/403
f 501/188/402 502/189/403 503/190/404
f 503/190/404 502/189/403 504/191/405
f 503/190/404 504/191/405 505/192/406
f 505/192/406 504/191/405 506/193/407
f 505/192/406 506/193/407 507/194/408
f 507/194/408 506/193/407 508/195/409
f 509/186/410 510/187/411 511/184/412
f 511/184/412 510/187/411 512/183/413
f 511/184/412 512/183/413 513/185/414
f 514/196/415 515/197/416 516/198/417
f 517/199/418 518/200/419 519/201/420
f 520/202/421 521/203/422 522/204/423
f 522/204/423 521/203/422 523/205/424
f 522/204/423 523/205/424 524/206/425
f 525/197/426 526/196/427 527/207/428
f 527/207/428 526/196/427 528/208/429
f 527/207/428 528/208/429 529/202/421
f 529/202/421 528/208/429 530/199/430
f 529/202/421 530/199/430 531/203/422
f 531/203/422 530/199/430 519/201/420
f 531/203/422 519/201/420 532/205/431
f 532/205/431 519/201/420 533/209/432
f 532/205/431 533/209/432 534/206/433
f 534/206/433 533/209/432 535/210/434
f 534/206/433 535/210/434 536/211/435
f 536/211/435 535/210/434 537/212/436
f 536/211/435 537/212/436 538/213/437
f 538/213/437 537/212/436 539/214/438
f 538/213/437 539/214/438 540/215/439
f 540/215/439 539/214/438 541/216/440
f 540/215/439 541/216/440 527/207/428
f 527/207/428 541/216/440 542/217/441
f 527/207/428 542/217/441 525/197/426
f 543/210/442 544/209/432 545/218/443
f 546/214/444 547/212/436 548/59/445
f 548/59/445 547/212/436 549/210/442
f 545/218/446 550/74/447 551/210/442
f 551/210/442 550/74/447 552/219/448
f 551/210/442 552/219/448 553/59/449
f 553/59/449 552/219/448 554/58/450
f 553/59/449 554/58/450 555/60/451
f 556/216/452 557/220/443 558/217/432
f 559/206/433 560/211/453 561/204/454
f 561/204/454 560/211/453 562/213/437
f 561/204/454 562/213/437 563/202/421
f 563/202/421 562/213/437 564/215/455
f 563/202/421 564/215/455 565/207/428
f 566/221/456 567/222/457 568/223/275
f 569/224/458 570/225/459 571/226/460
f 571/226/460 570/225/459 572/227/461
f 571/226/460 572/227/461 573/228/462
f 574/223/463 575/229/464 576/221/456
f 576/221/456 575/229/464 577/230/458
f 576/221/456 577/230/458 578/231/460
f 579/227/465 580/232/466 573/228/467
f 573/228/467 580/232/466 581/233/468
f 573/228/467 581/233/468 582/222/469
f 582/222/469 581/233/468 583/234/470
f 582/222/469 583/234/470 584/223/275
f 585/235/471 586/236/472 587/237/473
f 588/238/474 589/239/475 590/240/476
f 591/241/477 588/238/474 592/236/478
f 592/236/478 588/238/474 593/235/479
f 592/236/478 593/235/479 587/237/473
f 587/237/473 593/235/479 594/242/480
f 587/237/473 594/242/480 585/235/471
f 591/241/477 586/236/472 588/238/474
f 588/238/474 586/236/472 585/235/471
f 588/238/474 585/235/471 589/239/475
f 589/239/475 585/235/471 594/242/480
f 589/239/475 594/242/480 595/243/481
f 595/243/481 594/242/480 593/235/479
f 595/243/481 593/235/479 596/244/482
f 596/244/482 593/235/479 588/238/474
f 596/244/482 588/238/474 597/240/483
f 598/61/143 599/71/484 600/58/126
f 600/58/126 599/71/484 601/219/485
f 600/58/126 601/219/485 602/59/127
f 602/59/127 601/219/485 603/210/486
f 602/59/127 603/210/486 604/212/436
f 604/212/436 603/210/486 605/206/487
f 604/212/436 605/206/487 606/211/488
f 606/211/488 605/206/487 607/205/489
f 606/211/488 607/205/489 608/204/490
f 608/204/490 607/205/489 609/203/491
f 608/204/490 609/203/491 610/202/492
f 610/202/492 609/203/491 611/208/493
f 610/202/492 611/208/493 612/196/494
f 613/216/495 614/215/496 615/207/497
f 616/203/491 617/200/498 618/199/499
f 619/215/500 620/216/501 621/214/502
f 622/212/436 623/211/503 624/213/504
f 624/213/504 623/211/503 625/204/505
f 624/213/504 625/204/505 626/202/492
f 627/198/506 628/197/507 629/207/497
f 629/207/497 628/197/507 630/217/508
f 629/207/497 630/217/508 631/216/495
f 631/216/495 630/217/508 632/220/509
f 633/203/510 618/199/511 634/208/512
f 617/200/498 616/203/491 635/201/513
f 635/201/513 616/203/491 636/205/489
f 635/201/513 636/205/489 637/209/514
f 637/209/514 636/205/489 638/206/515
f 637/209/514 638/206/515 639/210/516
f 640/59/517 641/212/436 642/214/518
f 642/214/518 641/212/436 643/213/437
f 642/214/518 643/213/437 644/215/500
f 644/215/500 643/213/437 645/202/519
f 644/215/500 645/202/519 615/207/520
f 615/207/520 645/202/519 646/196/521
f 615/207/520 646/196/521 647/198/522
f 648/219/523 649/74/137 650/210/524
f 650/210/524 649/74/137 651/218/509
f 650/210/524 651/218/509 652/209/514
f 653/221/525 654/231/526 655/230/527
f 656/228/528 657/227/529 658/226/526
f 658/226/526 657/227/529 659/225/530
f 658/226/526 659/225/530 660/224/531
f 661/230/531 662/229/532 663/221/533
f 663/221/533 662/229/532 664/223/275
f 663/221/533 664/223/275 665/222/534
f 666/223/275 667/234/535 665/222/536
f 665/222/536 667/234/535 668/233/537
f 665/222/536 668/233/537 669/228/528
f 669/228/528 668/233/537 670/232/538
f 669/228/528 670/232/538 671/227/539
f 672/236/540 673/235/541 674/238/542
f 672/236/540 674/238/542 675/241/543
f 676/240/544 677/239/545 674/238/542
f 678/236/546 679/235/547 680/242/548
f 673/235/541 672/236/540 680/242/548
f 680/242/548 672/236/540 681/237/549
f 680/242/548 681/237/549 678/236/546
f 682/240/550 674/238/542 683/244/551
f 683/244/551 674/238/542 673/235/541
f 683/244/551 673/235/541 684/243/552
f 684/243/552 673/235/541 680/242/548
f 684/243/552 680/242/548 677/239/545
f 677/239/545 680/242/548 679/235/547
f 677/239/545 679/235/547 674/238/542
f 674/238/542 679/235/547 678/236/546
f 674/238/542 678/236/546 675/241/543
f 685/245/553 686/246/554 687/247/555
f 688/248/556 689/249/557 690/250/558
f 691/251/559 692/252/560 693/253/561
f 693/253/561 692/252/560 694/254/562
f 695/246/563 696/245/564 697/247/565
f 698/254/562 699/255/566 700/253/567
f 700/253/567 699/255/566 701/256/568
f 700/253/567 701/256/568 702/257/569
f 702/257/569 701/256/568 703/258/570
f 702/257/569 703/258/570 704/259/571
f 705/260/572 706/249/557 707/259/573
f 707/259/573 706/249/557 708/248/556
f 707/259/573 708/248/556 709/257/574
f 709/257/574 708/248/556 710/261/575
f 709/257/574 710/261/575 711/253/561
f 711/253/561 710/261/575 712/262/576
f 711/253/561 712/262/576 713/251/577
f 714/192/578 715/194/408 716/263/579
f 717/264/580 718/265/581 719/266/582
f 719/266/582 718/265/581 720/267/583
f 719/266/582 720/267/583 721/268/584
f 722/269/585 723/195/586 724/270/587
f 725/268/584 726/271/588 727/272/589
f 727/272/589 726/271/588 728/273/408
f 727/272/589 728/273/408 729/274/409
f 730/195/409 731/193/590 732/270/591
f 732/270/591 731/193/590 733/191/592
f 732/270/591 733/191/592 734/275/593
f 734/275/593 733/191/592 735/189/594
f 736/263/595 737/264/596 738/192/597
f 738/192/597 737/264/596 739/266/598
f 738/192/597 739/266/598 740/190/599
f 740/190/599 739/266/598 741/268/600
f 740/190/599 741/268/600 742/188/601
f 742/188/601 741/268/600 743/272/602
f 742/188/601 743/272/602 744/187/603
f 744/187/603 743/272/602 729/274/604
f 744/187/603 729/274/604 745/276/605
f 746/277/606 747/41/606 748/278/606
f 749/41/607 750/277/607 751/278/607
f 752/255/608 753/254/572 754/279/609
f 755/273/408 756/271/610 757/280/611
f 757/280/611 756/271/610 758/268/600
f 757/280/611 758/268/600 759/267/583
f 760/265/612 761/256/568 759/267/583
f 759/267/583 761/256/568 752/255/608
f 759/267/583 752/255/608 757/280/611
f 757/280/611 752/255/608 754/279/609
f 757/280/611 754/279/609 755/273/408
f 762/263/595 763/260/572 764/264/596
f 764/264/596 763/260/572 765/259/613
f 764/264/596 765/259/613 760/265/612
f 760/265/612 765/259/613 766/258/614
f 760/265/612 766/258/614 761/256/568
f 767/193/615 768/194/616 769/195/617
f 770/272/618 771/276/619 772/274/620
f 773/263/621 774/194/622 775/192/623
f 776/268/624 777/267/625 778/266/626
f 778/266/626 777/267/625 779/265/627
f 778/266/626 779/265/627 780/264/628
f 781/194/622 782/193/615 775/192/629
f 775/192/629 782/193/615 783/191/630
f 775/192/629 783/191/630 784/190/631
f 772/274/620 785/273/622 786/272/618
f 786/272/618 785/273/622 787/271/632
f 786/272/618 787/271/632 788/188/633
f 788/188/633 787/271/632 789/268/624
f 788/188/633 789/268/624 790/190/634
f 790/190/634 789/268/624 791/266/635
f 790/190/634 791/266/635 792/192/623
f 792/192/623 791/266/635 793/264/628
f 792/192/623 793/264/628 794/263/636
f 795/276/637 796/272/618 797/187/411
f 797/187/411 796/272/618 798/188/638
f 797/187/411 798/188/638 799/183/639
f 799/183/639 798/188/638 800/190/634
f 799/183/639 800/190/634 801/189/640
f 801/189/640 800/190/634 802/191/641
f 801/189/640 802/191/641 803/275/642
f 803/275/642 802/191/641 804/193/615
f 803/275/642 804/193/615 805/270/643
f 805/270/643 804/193/615 769/195/620
f 805/270/643 769/195/620 806/269/644
f 807/245/645 808/246/646 809/247/647
f 810/259/648 811/249/649 812/260/650
f 813/251/651 814/253/652 815/252/653
f 815/252/653 814/253/652 816/254/654
f 817/257/655 818/256/656 819/253/652
f 819/253/652 818/256/656 820/255/657
f 819/253/652 820/255/657 821/254/654
f 822/246/658 823/245/645 824/247/659
f 825/251/651 826/262/660 827/253/661
f 827/253/661 826/262/660 828/261/662
f 827/253/661 828/261/662 829/257/655
f 829/257/655 828/261/662 830/248/663
f 831/250/651 832/249/664 830/248/663
f 830/248/663 832/249/664 833/259/665
f 830/248/663 833/259/665 829/257/655
f 829/257/655 833/259/665 834/258/666
f 829/257/655 834/258/666 835/256/667
f 836/278/668 837/41/668 838/277/668
f 839/278/669 840/277/669 841/41/669
f 842/279/621 843/254/650 844/255/670
f 845/267/625 846/268/624 847/280/671
f 847/280/671 846/268/624 848/271/672
f 847/280/671 848/271/672 849/273/622
f 849/273/622 842/279/621 847/280/671
f 847/280/671 842/279/621 844/255/670
f 847/280/671 844/255/670 845/267/625
f 845/267/625 844/255/670 850/256/656
f 845/267/625 850/256/656 851/265/666
f 850/256/656 852/258/673 851/265/666
f 851/265/666 852/258/673 853/259/648
f 851/265/666 853/259/648 854/264/628
f 854/264/628 853/259/648 855/260/674
f 854/264/628 855/260/674 856/263/636
f 857/71/181 858/58/675 859/219/676
f 860/281/677 861/282/678 862/283/678
f 862/283/678 861/282/678 863/284/679
f 864/59/449 865/60/203 866/214/680
f 866/214/680 865/60/203 867/64/681
f 868/67/682 869/220/443 867/64/681
f 867/64/681 869/220/443 870/216/452
f 867/64/681 870/216/452 866/214/680
f 871/74/182 872/71/181 873/219/676
f 874/285/683 875/286/684 876/287/685
f 877/288/686 878/289/687 879/290/688
f 880/291/463 881/292/689 882/293/690
f 883/294/691 884/50/692 885/55/95
f 886/295/693 887/296/694 888/297/695
f 888/297/695 889/298/696 886/295/693
f 890/299/697 891/300/698 892/301/699
f 893/289/700 894/302/701 895/303/702
f 879/290/688 896/304/703 897/305/704
f 898/306/705 899/307/706 900/308/707
f 901/309/708 902/310/709 903/304/710
f 904/311/711 905/312/712 906/313/713
f 907/314/714 908/315/715 909/316/716
f 910/317/717 911/318/718 912/319/719
f 912/319/719 913/320/720 914/321/714
f 875/286/684 874/285/683 915/322/721
f 916/323/722 917/324/723 918/325/724
f 918/325/724 917/324/723 919/326/725
f 920/321/726 921/320/727 922/319/728
f 923/49/729 924/327/730 925/50/91
f 922/319/728 926/318/731 927/317/732
f 928/314/726 929/328/733 930/329/734
f 931/55/735 925/50/736 932/294/737
f 932/294/737 925/50/736 933/330/738
f 921/320/727 934/331/739 922/319/728
f 922/319/728 934/331/739 935/332/740
f 922/319/728 935/332/740 926/318/731
f 878/289/687 877/288/686 936/303/741
f 896/304/703 937/311/742 938/312/743
f 938/312/743 937/311/742 939/313/744
f 940/309/745 941/310/746 942/333/747
f 881/292/689 880/291/463 943/334/748
f 943/334/748 880/291/463 944/292/749
f 943/334/748 944/292/749 945/335/750
f 916/323/722 946/336/751 947/325/752
f 947/325/752 946/336/751 948/337/753
f 949/315/754 928/314/726 950/316/755
f 950/316/755 928/314/726 930/329/734
f 950/316/755 930/329/734 951/338/756
f 952/339/757 953/340/758 954/333/759
f 911/318/718 955/332/760 912/319/719
f 912/319/719 955/332/760 956/331/716
f 912/319/719 956/331/716 913/320/720
f 957/341/761 958/293/762 959/342/763
f 884/50/692 883/294/691 960/330/764
f 961/327/765 962/49/766 884/50/79
f 963/340/767 938/312/743 964/322/768
f 887/296/694 886/295/693 965/343/769
f 965/343/769 886/295/693 966/344/770
f 965/343/769 966/344/770 967/295/771
f 889/298/696 888/297/695 967/295/771
f 967/295/771 888/297/695 968/296/772
f 967/295/771 968/296/772 965/343/769
f 969/295/773 970/298/696 971/297/774
f 971/297/774 970/298/696 972/295/775
f 971/297/774 972/295/775 973/296/776
f 973/296/776 972/295/775 974/343/777
f 971/297/774 975/296/778 969/295/773
f 969/295/773 975/296/778 974/343/777
f 969/295/773 974/343/777 976/344/779
f 976/344/779 974/343/777 972/295/775
f 977/328/717 907/314/714 978/329/780
f 978/329/780 907/314/714 909/316/716
f 978/329/780 909/316/716 979/338/781
f 980/345/782 890/299/697 892/301/699
f 981/346/783 982/347/784 983/348/785
f 984/349/786 985/350/787 986/351/788
f 986/351/788 985/350/787 987/352/789
f 891/300/698 890/299/697 984/349/786
f 984/349/786 890/299/697 988/353/790
f 984/349/786 988/353/790 985/350/787
f 989/285/791 946/336/751 990/354/792
f 990/354/792 946/336/751 916/323/722
f 990/354/792 916/323/722 991/336/793
f 991/336/793 916/323/722 918/325/724
f 991/336/793 918/325/724 992/337/794
f 992/337/794 918/325/724 919/326/725
f 992/337/794 919/326/725 993/355/795
f 994/356/796 995/324/797 996/357/108
f 996/357/108 995/324/797 997/326/798
f 996/357/108 997/326/798 885/55/95
f 885/55/95 997/326/798 998/355/799
f 885/55/95 998/355/799 883/294/691
f 883/294/691 998/355/799 999/302/800
f 883/294/691 999/302/800 1000/358/733
f 894/302/701 893/289/700 993/355/795
f 993/355/795 893/289/700 1001/359/801
f 993/355/795 1001/359/801 992/337/794
f 992/337/794 1001/359/801 1002/360/802
f 992/337/794 1002/360/802 991/336/793
f 896/304/703 879/290/688 937/311/742
f 937/311/742 879/290/688 878/289/687
f 937/311/742 878/289/687 939/313/744
f 939/313/744 878/289/687 1003/359/803
f 939/313/744 1003/359/803 938/312/743
f 938/312/743 1003/359/803 1004/360/804
f 938/312/743 1004/360/804 964/322/768
f 1005/345/805 1006/301/806 1007/299/807
f 1007/299/807 1006/301/806 1008/300/808
f 1007/299/807 1008/300/808 1009/353/809
f 1009/353/809 1008/300/808 1010/349/810
f 1009/353/809 1010/349/810 1011/350/811
f 1011/350/811 1010/349/810 1012/351/812
f 1011/350/811 1012/351/812 1013/352/813
f 1014/346/814 1015/348/815 1016/347/816
f 1016/347/816 1015/348/815 1017/361/817
f 1016/347/816 1017/361/817 900/308/707
f 900/308/707 1017/361/817 1018/362/818
f 900/308/707 1018/362/818 898/306/705
f 942/333/747 1019/339/819 940/309/745
f 940/309/745 1019/339/819 1020/363/820
f 940/309/745 1020/363/820 1021/364/821
f 1021/364/821 1020/363/820 1022/365/822
f 1021/364/821 1022/365/822 1023/366/823
f 1023/366/823 1022/365/822 1024/364/824
f 1023/366/823 1024/364/824 1025/367/825
f 1025/367/825 1024/364/824 1026/305/826
f 1025/367/825 1026/305/826 1027/368/827
f 1027/368/827 1026/305/826 1028/290/828
f 1027/368/827 1028/290/828 1029/369/829
f 1029/369/829 1028/290/828 1030/288/830
f 1029/369/829 1030/288/830 1031/358/717
f 1028/290/828 893/289/700 1030/288/830
f 1030/288/830 893/289/700 895/303/702
f 1030/288/830 895/303/702 1031/358/717
f 1031/358/717 895/303/702 894/302/701
f 1031/358/717 894/302/701 932/294/737
f 932/294/737 894/302/701 993/355/795
f 932/294/737 993/355/795 931/55/735
f 931/55/735 993/355/795 919/326/725
f 931/55/735 919/326/725 1032/357/94
f 1032/357/94 919/326/725 917/324/723
f 1032/357/94 917/324/723 994/356/796
f 994/356/796 917/324/723 916/323/722
f 994/356/796 916/323/722 995/324/797
f 995/324/797 916/323/722 947/325/752
f 995/324/797 947/325/752 997/326/798
f 997/326/798 947/325/752 948/337/753
f 997/326/798 948/337/753 998/355/799
f 989/285/791 964/322/768 946/336/751
f 946/336/751 964/322/768 1004/360/804
f 946/336/751 1004/360/804 948/337/753
f 948/337/753 1004/360/804 1003/359/803
f 948/337/753 1003/359/803 998/355/799
f 998/355/799 1003/359/803 878/289/687
f 998/355/799 878/289/687 999/302/800
f 999/302/800 878/289/687 936/303/741
f 999/302/800 936/303/741 1000/358/733
f 1000/358/733 936/303/741 877/288/686
f 1000/358/733 877/288/686 1033/369/831
f 1033/369/831 877/288/686 879/290/688
f 1033/369/831 879/290/688 1034/368/832
f 1034/368/832 879/290/688 897/305/704
f 1034/368/832 897/305/704 1035/367/833
f 952/339/757 945/335/750 953/340/758
f 953/340/758 945/335/750 944/292/749
f 953/340/758 944/292/749 958/293/762
f 958/293/762 944/292/749 880/291/463
f 958/293/762 880/291/463 959/342/763
f 959/342/763 880/291/463 882/293/690
f 959/342/763 882/293/690 957/341/761
f 957/341/761 882/293/690 875/286/684
f 957/341/761 875/286/684 958/293/762
f 958/293/762 875/286/684 915/322/721
f 958/293/762 915/322/721 953/340/758
f 953/340/758 915/322/721 905/312/712
f 953/340/758 905/312/712 954/333/759
f 899/307/706 898/306/705 1036/370/834
f 1036/370/834 898/306/705 1037/371/835
f 1036/370/834 1037/371/835 1038/307/836
f 1038/307/836 1037/371/835 1039/306/837
f 1038/307/836 1039/306/837 1040/308/838
f 1040/308/838 1039/306/837 1041/362/839
f 1040/308/838 1041/362/839 982/347/784
f 982/347/784 1041/362/839 1042/361/840
f 982/347/784 1042/361/840 983/348/785
f 904/311/711 903/304/710 905/312/712
f 905/312/712 903/304/710 902/310/709
f 905/312/712 902/310/709 954/333/759
f 954/333/759 902/310/709 901/309/708
f 954/333/759 901/309/708 952/339/757
f 952/339/757 901/309/708 1043/363/841
f 952/339/757 1043/363/841 945/335/750
f 945/335/750 1043/363/841 1044/372/842
f 945/335/750 1044/372/842 943/334/748
f 943/334/748 1044/372/842 1045/335/843
f 943/334/748 1045/335/843 881/292/689
f 881/292/689 1045/335/843 963/340/767
f 881/292/689 963/340/767 882/293/690
f 882/293/690 963/340/767 964/322/768
f 882/293/690 964/322/768 875/286/684
f 875/286/684 964/322/768 989/285/791
f 875/286/684 989/285/791 876/287/685
f 876/287/685 989/285/791 990/354/792
f 876/287/685 990/354/792 874/285/683
f 874/285/683 990/354/792 991/336/793
f 874/285/683 991/336/793 915/322/721
f 915/322/721 991/336/793 1002/360/802
f 915/322/721 1002/360/802 905/312/712
f 905/312/712 1002/360/802 1001/359/801
f 905/312/712 1001/359/801 906/313/713
f 906/313/713 1001/359/801 893/289/700
f 906/313/713 893/289/700 904/311/711
f 904/311/711 893/289/700 1028/290/828
f 904/311/711 1028/290/828 903/304/710
f 903/304/710 1028/290/828 1026/305/826
f 903/304/710 1026/305/826 901/309/708
f 901/309/708 1026/305/826 1024/364/824
f 901/309/708 1024/364/824 1043/363/841
f 1043/363/841 1024/364/824 1022/365/822
f 1043/363/841 1022/365/822 1044/372/842
f 1044/372/842 1022/365/822 1020/363/820
f 1044/372/842 1020/363/820 1045/335/843
f 1045/335/843 1020/363/820 1019/339/819
f 1045/335/843 1019/339/819 963/340/767
f 963/340/767 1019/339/819 942/333/747
f 963/340/767 942/333/747 938/312/743
f 938/312/743 942/333/747 941/310/746
f 938/312/743 941/310/746 896/304/703
f 896/304/703 941/310/746 940/309/745
f 896/304/703 940/309/745 897/305/704
f 897/305/704 940/309/745 1021/364/821
f 897/305/704 1021/364/821 1035/367/833
f 1035/367/833 1021/364/821 1023/366/823
f 1035/367/833 1023/366/823 1046/373/844
f 1046/373/844 1023/366/823 1025/367/825
f 1047/374/845 1048/224/846 1049/375/847
f 1050/376/848 1051/377/849 1052/378/850
f 1053/374/851 1049/375/852 1054/379/853
f 1054/379/853 1049/375/852 1055/380/854
f 1056/227/465 1057/225/459 1058/232/855
f 1050/376/848 1052/378/850 1059/381/856
f 1059/381/856 1052/378/850 1060/382/857
f 1061/383/858 1062/384/859 1063/223/463
f 1063/223/463 1062/384/859 1064/229/860
f 1065/385/852 1066/386/861 1067/387/862
f 1067/387/862 1066/386/861 1068/388/863
f 1067/387/862 1068/388/863 1069/389/864
f 1050/376/848 1070/390/865 1071/391/866
f 1071/391/866 1070/390/865 1072/392/867
f 1073/393/868 1074/394/869 1072/392/867
f 1072/392/867 1074/394/869 1075/395/870
f 1072/392/867 1075/395/870 1071/391/866
f 1054/379/864 1076/396/871 1047/374/845
f 1047/374/845 1076/396/871 1077/397/872
f 1047/374/845 1077/397/872 1078/398/873
f 1058/232/855 1079/399/874 1080/233/875
f 1081/230/876 1064/229/860 1065/385/852
f 1065/385/852 1064/229/860 1062/384/859
f 1065/385/852 1062/384/859 1066/386/861
f 1066/386/861 1062/384/859 1061/383/858
f 1066/386/861 1061/383/858 1082/400/877
f 1048/224/846 1047/374/845 1057/225/459
f 1057/225/459 1047/374/845 1078/398/873
f 1057/225/459 1078/398/873 1058/232/855
f 1058/232/855 1078/398/873 1051/377/849
f 1058/232/855 1051/377/849 1079/399/874
f 1051/377/849 1050/376/848 1079/399/874
f 1079/399/874 1050/376/848 1071/391/866
f 1079/399/874 1071/391/866 1080/233/875
f 1080/233/875 1071/391/866 1075/395/870
f 1080/233/875 1075/395/870 1083/234/878
f 1083/234/878 1075/395/870 1074/394/869
f 1083/234/878 1074/394/869 1063/223/463
f 1063/223/463 1074/394/869 1084/401/873
f 1063/223/463 1084/401/873 1061/383/858
f 1085/391/879 1086/390/880 1087/376/881
f 1088/394/882 1089/393/883 1090/392/884
f 1091/384/885 1092/386/886 1093/400/887
f 1094/389/888 1095/388/889 1092/386/886
f 1096/381/890 1097/382/891 1087/376/881
f 1087/376/881 1097/382/891 1098/378/892
f 1099/232/538 1100/225/530 1101/227/539
f 1102/379/888 1103/380/893 1104/374/894
f 1104/374/894 1103/380/893 1105/375/895
f 1106/229/896 1107/230/527 1108/385/895
f 1086/390/880 1085/391/879 1090/392/884
f 1090/392/884 1085/391/879 1109/395/897
f 1090/392/884 1109/395/897 1088/394/882
f 1110/233/537 1111/399/898 1099/232/538
f 1112/397/899 1100/225/530 1113/398/900
f 1113/398/900 1100/225/530 1099/232/538
f 1113/398/900 1099/232/538 1114/377/882
f 1114/377/882 1099/232/538 1111/399/898
f 1115/223/901 1106/229/896 1091/384/885
f 1091/384/885 1106/229/896 1108/385/895
f 1091/384/885 1108/385/895 1092/386/886
f 1092/386/886 1108/385/895 1116/387/902
f 1092/386/886 1116/387/902 1094/389/888
f 1117/396/903 1102/379/888 1112/397/899
f 1112/397/899 1102/379/888 1104/374/894
f 1112/397/899 1104/374/894 1100/225/530
f 1100/225/530 1104/374/894 1105/375/895
f 1100/225/530 1105/375/895 1118/224/531
f 1093/400/887 1119/383/904 1091/384/885
f 1091/384/885 1119/383/904 1120/401/900
f 1091/384/885 1120/401/900 1115/223/901
f 1115/223/901 1120/401/900 1088/394/882
f 1115/223/901 1088/394/882 1121/234/535
f 1121/234/535 1088/394/882 1109/395/897
f 1121/234/535 1109/395/897 1110/233/537
f 1110/233/537 1109/395/897 1085/391/879
f 1110/233/537 1085/391/879 1111/399/898
f 1111/399/898 1085/391/879 1087/376/881
f 1111/399/898 1087/376/881 1114/377/882
f 1114/377/882 1087/376/881 1098/378/892
f 1122/402/905 1123/403/906 1124/404/907
f 1124/404/907 1123/403/906 1125/405/908
f 1124/404/907 1125/405/908 1126/406/909
f 1127/407/910 1128/408/911 1129/409/912
f 1130/410/913 1131/411/910 1132/412/914
f 1133/412/915 1134/411/916 1135/410/917
f 1124/404/907 1136/413/918 1122/402/905
f 1122/402/905 1136/413/918 1127/407/910
f 1122/402/905 1127/407/910 1137/414/919
f 1137/414/919 1127/407/910 1129/409/912
f 1138/415/920 1139/416/921 1140/417/922
f 1140/417/922 1139/416/921 1141/418/923
f 1142/417/909 1143/246/554 1144/415/907
f 1144/415/907 1143/246/554 1145/247/924
f 1144/415/907 1145/247/924 1132/412/914
f 1132/412/914 1145/247/924 1146/419/925
f 1132/412/914 1146/419/925 1130/410/913
f 1142/417/909 1139/416/921 1143/246/554
f 1143/246/554 1139/416/921 1138/415/920
f 1143/246/554 1138/415/920 1147/247/926
f 1147/247/926 1138/415/920 1133/412/915
f 1147/247/926 1133/412/915 1148/419/927
f 1148/419/927 1133/412/915 1135/410/917
f 1148/419/927 1135/410/917 1149/420/925
f 1149/420/925 1135/410/917 1150/421/911
f 1151/412/928 1152/411/929 1153/410/930
f 1154/410/931 1155/411/932 1156/412/933
f 1157/406/934 1158/405/935 1159/404/936
f 1160/420/937 1161/421/930 1162/419/938
f 1158/405/935 1163/403/939 1159/404/936
f 1159/404/936 1163/403/939 1164/402/933
f 1159/404/936 1164/402/933 1165/413/940
f 1165/413/940 1164/402/933 1166/414/941
f 1165/413/940 1166/414/941 1167/407/942
f 1167/407/942 1166/414/941 1168/409/943
f 1167/407/942 1168/409/943 1169/408/930
f 1170/416/944 1171/417/934 1172/246/945
f 1172/246/945 1171/417/934 1173/415/946
f 1172/246/945 1173/415/946 1174/247/647
f 1174/247/647 1173/415/946 1151/412/928
f 1174/247/647 1151/412/928 1175/419/947
f 1175/419/947 1151/412/928 1153/410/930
f 1161/421/930 1154/410/931 1162/419/938
f 1162/419/938 1154/410/931 1156/412/933
f 1162/419/938 1156/412/933 1176/247/948
f 1176/247/948 1156/412/933 1177/415/949
f 1176/247/948 1177/415/949 1172/246/945
f 1172/246/945 1177/415/949 1178/417/950
f 1172/246/945 1178/417/950 1170/416/944
f 1170/416/944 1178/417/950 1179/418/951
f 1180/276/619 1181/187/952 1182/186/953
f 1183/269/644 1184/422/410 1185/270/954
f 1185/270/954 1184/422/410 1186/423/955
f 1185/270/954 1186/423/955 1187/275/956
f 1187/275/956 1186/423/955 1188/185/414
f 1187/275/956 1188/185/414 1189/189/640
f 1189/189/640 1188/185/414 1190/183/957
f 1191/185/397 1192/189/594 1193/183/958
f 1194/276/605 1195/186/398 1196/187/603
f 1192/189/594 1191/185/397 1197/275/959
f 1197/275/959 1191/185/397 1198/423/960
f 1197/275/959 1198/423/960 1199/270/961
f 1199/270/961 1198/423/960 1200/422/398
f 1199/270/961 1200/422/398 1201/269/585
f 1202/60/132 1203/214/962 1204/64/963
f 1205/281/964 1206/283/965 1207/282/965
f 1207/282/965 1206/283/965 1208/284/966
f 1203/214/962 1202/60/132 1209/59/127
f 1203/214/962 1210/216/501 1204/64/963
f 1204/64/963 1210/216/501 1211/220/967
f 1204/64/963 1211/220/967 1212/67/968
f 1213/219/523 1214/71/969 1215/74/970
o npc_00-0001-14.004
v 5.968945 31.023523 6.187390
v 0.000000 27.290548 9.315758
v 4.779021 23.207407 11.519011
v -9.748541 23.024292 9.520638
v -5.187626 17.906712 11.772749
v -4.779021 23.207407 11.519011
v 0.000000 19.789263 11.846820
v 0.000000 24.306097 10.943770
v 0.000000 19.789263 11.846820
v 0.000000 24.306097 10.943770
v 0.000000 27.290548 9.315758
v -4.779021 23.207407 11.519011
v -5.968945 31.023523 6.187390
v -9.748541 23.024292 9.520638
v -8.845745 28.999620 6.781543
v -11.852304 28.659092 5.593235
v -11.590024 32.947838 4.852514
v -13.213401 24.437811 3.514487
v 9.513869 25.215246 -10.997358
v 13.006337 29.025322 -9.295273
v 12.782709 22.860453 -6.168482
v -8.265968 34.644058 -11.523744
v -11.667328 35.456833 -9.979259
v -11.507199 39.999367 -6.426947
v -13.213401 24.437811 3.514487
v -12.630863 23.268444 5.880069
v -11.852304 28.659092 5.593235
v -9.748541 23.024292 9.520638
v 13.395616 20.839764 -1.265532
v 13.163706 17.045752 -2.264719
v 12.782709 22.860453 -6.168482
v 7.929145 17.614370 -7.032131
v 9.513869 25.215246 -10.997358
v 0.000000 17.524420 -7.991918
v 0.000000 24.698027 -11.287343
v -9.513869 25.215246 -10.997358
v -11.667328 35.456833 -9.979259
v -8.265968 34.644058 -11.523744
v -13.006337 29.025322 -9.295273
v -9.513869 25.215246 -10.997358
v -12.782709 22.860453 -6.168482
v -7.929145 17.614370 -7.032131
v -13.163706 17.045752 -2.264719
v -13.171988 12.895146 -0.401882
v -11.780523 15.057187 6.240975
v -12.768905 9.393474 6.206304
v -10.019104 7.141483 10.795626
v -16.471197 3.035854 8.581342
v -12.117346 -0.057825 15.321911
v -13.213401 24.437811 3.514487
v -13.395616 20.839764 -1.265532
v -12.630863 23.268444 5.880069
v -11.780523 15.057187 6.240975
v -8.749116 14.064512 9.993440
v -5.187626 17.906712 11.772749
v 0.000000 8.346186 12.606455
v 0.000000 19.789263 11.846820
v 5.187626 17.906712 11.772749
v 4.779021 23.207407 11.519011
v 9.748541 23.024292 9.520638
v 5.968945 31.023523 6.187390
v 8.845745 28.999620 6.781543
v 11.590024 32.947838 4.852514
v 11.852304 28.659092 5.593235
v 13.213401 24.437811 3.514487
v 12.630863 23.268444 5.880069
v 13.395616 20.839764 -1.265532
v 11.780523 15.057187 6.240975
v 13.163706 17.045752 -2.264719
v 13.171988 12.895146 -0.401882
v 7.929145 17.614370 -7.032131
v 7.832515 12.050247 -4.822573
v 0.000000 17.524420 -7.991918
v 0.000000 11.886406 -7.448196
v -7.832515 12.050247 -4.822573
v 0.000000 6.206631 -16.141434
v -13.401138 5.069392 -8.029740
v 13.171988 12.895146 -0.401882
v 15.422076 7.594451 1.363242
v 13.401138 5.069392 -8.029740
v 13.171988 12.895146 -0.401882
v 7.832515 12.050247 -4.822573
v 0.000000 6.206631 -16.141434
v 0.000000 11.886406 -7.448196
v 12.768905 9.393474 6.206304
v 11.780523 15.057187 6.240975
v 8.749116 14.064512 9.993440
v 9.748541 23.024292 9.520638
v 5.187626 17.906712 11.772749
v 11.780523 15.057187 6.240975
v 12.630863 23.268444 5.880069
v 9.748541 23.024292 9.520638
v 11.852304 28.659092 5.593235
v 8.845745 28.999620 6.781543
v -7.688951 36.873562 2.458563
v -11.590024 32.947838 4.852514
v -5.968945 31.023523 6.187390
v -8.845745 28.999620 6.781543
v 8.749116 40.972767 -6.920236
v 8.265968 34.644058 -11.523744
v 6.049010 42.010418 -6.935997
v 0.000000 39.494999 -10.540318
v 13.006337 29.025322 -9.295273
v 9.513869 25.215246 -10.997358
v 8.265968 34.644058 -11.523744
v 11.590024 32.947838 4.852514
v 7.688951 36.873562 2.458563
v 5.968945 31.023523 6.187390
v 11.093072 37.795563 2.055106
v 11.037855 39.771275 -1.899088
v 8.638682 39.915840 -3.399444
v 8.638682 39.915840 -3.399444
v 11.037855 39.771275 -1.899088
v 8.749116 40.972767 -6.920236
v 11.507199 39.999367 -6.426947
v 8.265968 34.644058 -11.523744
v 11.667328 35.456833 -9.979259
v 13.006337 29.025322 -9.295273
v 8.265968 34.644058 -11.523744
v 0.000000 33.342979 -12.076921
v 0.000000 39.494999 -10.540318
v -8.265968 34.644058 -11.523744
v -6.049010 42.010418 -6.935997
v -8.749116 40.972767 -6.920236
v -11.780523 15.057187 6.240975
v -13.395616 20.839764 -1.265532
v -13.163706 17.045752 -2.264719
v -12.782709 22.860453 -6.168482
v -8.265968 34.644058 -11.523744
v -11.507199 39.999367 -6.426947
v -8.749116 40.972767 -6.920236
v -11.037855 39.771275 -1.899088
v -8.638682 39.915840 -3.399444
v -8.638682 39.915840 -3.399444
v -11.037855 39.771275 -1.899088
v -7.688951 36.873562 2.458563
v -11.093072 37.795563 2.055106
v -11.590024 32.947838 4.852514
v -10.019104 7.141483 10.795626
v -3.591858 -2.011050 19.088560
v 0.000000 4.960167 13.638738
v -10.019104 7.141483 10.795626
v -8.749116 14.064512 9.993440
v -11.780523 15.057187 6.240975
v 10.019104 7.141483 10.795626
v 12.117346 -0.057825 15.321911
v 16.471197 3.035854 8.581342
v -10.019104 7.141483 10.795626
v -12.117346 -0.057825 15.321911
v -9.513869 25.215246 -10.997358
v 0.000000 17.524420 -7.991918
v -7.929145 17.614370 -7.032131
v -7.832515 12.050247 -4.822573
v -13.171988 12.895146 -0.401882
v -13.401138 5.069392 -8.029740
v -15.422076 7.594451 1.363242
v -8.749116 14.064512 9.993440
v 0.000000 8.346186 12.606455
v 10.019104 7.141483 10.795626
v 3.591858 -2.011050 19.088560
v 12.117346 -0.057825 15.321911
v 5.187626 17.906712 11.772749
v 0.000000 8.346186 12.606455
v 8.749116 14.064512 9.993440
v 10.019104 7.141483 10.795626
v 12.768905 9.393474 6.206304
v 16.471197 3.035854 8.581342
v 15.422076 7.594451 1.363242
v 0.000000 39.494999 -10.540318
v 0.000000 42.235298 -8.716881
v 6.049010 42.010418 -6.935997
v 0.000000 42.235298 -8.716881
v 0.000000 39.494999 -10.540318
v -6.049010 42.010418 -6.935997
v -9.513869 25.215246 -10.997358
v -8.265968 34.644058 -11.523744
v 0.000000 33.342979 -12.076921
v 8.265968 34.644058 -11.523744
v 9.513869 25.215246 -10.997358
v 0.000000 24.698027 -11.287343
v -33.453152 41.062717 -2.282057
v -26.658712 38.148941 -2.282057
v -27.779615 36.137890 -7.895783
v -34.695530 26.455288 -2.702849
v -28.439457 27.155622 -2.545248
v -27.779615 33.307640 2.704420
v -34.460857 34.290680 4.018807
v -27.718878 31.608206 -8.196800
v -35.142788 31.743134 -8.790953
v -34.609943 37.300831 -8.746825
v -26.092739 33.278728 3.120485
v -24.924902 38.762539 -2.308849
v -26.092739 36.584435 -8.374887
v -25.965740 31.720646 -8.891817
v -26.771908 26.493837 -2.420744
v 33.453152 41.062717 -2.282057
v 26.658712 38.148941 -2.282057
v 27.779615 33.307640 2.704420
v 35.142788 31.743134 -8.790953
v 27.718878 31.608206 -8.196800
v 27.779615 36.137890 -7.895783
v 34.609943 37.300831 -8.746825
v 28.439457 27.155622 -2.545248
v 34.695530 26.455288 -2.702849
v 34.460857 34.290680 4.018807
v 26.771908 26.493837 -2.420744
v 25.965740 31.720646 -8.891817
v 26.092739 36.584435 -8.374887
v 24.924902 38.762539 -2.308849
v 26.092739 33.278728 3.120485
v 12.597732 57.276421 -8.245658
v 12.202932 60.305847 -2.729644
v 10.792140 54.234142 -0.832134
v 9.345458 49.983948 -5.085769
v -7.473605 64.668480 4.464814
v 0.000000 69.156403 6.195267
v 0.000000 71.019676 1.963696
v 7.473605 64.668480 4.464814
v 0.000000 71.019676 1.963696
v -8.417814 67.489090 -3.218205
v -12.202932 60.305847 -2.729644
v -11.142767 58.824867 1.114231
v -10.792140 54.234142 -0.832134
v -12.501103 61.565166 5.708281
v -15.883137 63.271027 0.893589
v -15.234339 59.040108 -0.737574
v -17.064777 65.227463 -5.216578
v -15.065927 58.972645 -5.279617
v -10.019104 51.959663 -3.107884
v -10.792140 54.234142 -0.832134
v -9.585651 59.220009 7.112502
v 17.064777 65.227463 -5.216578
v 15.883137 63.271027 0.893589
v 15.234339 59.040108 -0.737574
v 12.501103 61.565166 5.708281
v 10.792140 54.234142 -0.832134
v 9.585651 59.220009 7.112502
v 10.019104 51.959663 -3.107884
v 15.065927 58.972645 -5.279617
v 8.417814 67.489090 -3.218205
v 8.224555 66.046661 -11.076160
v 0.000000 74.267555 -3.836000
v 0.000000 76.522766 -17.044489
v -8.224555 66.046661 -11.076160
v 12.501103 61.565166 5.708281
v 10.921900 59.798267 3.257596
v 9.585651 59.220009 7.112502
v 9.803758 64.279762 4.245750
v 7.100891 63.688656 8.573457
v 5.665252 68.709862 5.407265
v 0.000000 66.281174 9.996589
v 0.000000 71.803535 4.237870
v -5.665252 68.709862 5.407265
v -7.100891 63.688656 8.573457
v -9.803758 64.279762 4.245750
v -9.585651 59.220009 7.112502
v -10.921900 59.798267 3.257596
v -12.501103 61.565166 5.708281
v -9.345458 49.983948 -5.085769
v -12.597732 57.276421 -8.245658
v 11.142767 58.824867 1.114231
v -16.471197 3.035854 8.581342
v -12.768905 9.393474 6.206304
v -15.422076 7.594451 1.363242
v -13.171988 12.895146 -0.401882
vn 0.0941 0.5099 0.8551
vn -0.0000 0.5420 0.8404
vn 0.1332 0.3134 0.9402
vn -0.5281 0.1892 0.8278
vn -0.2517 0.0157 0.9677
vn -0.1332 0.3134 0.9402
vn -0.0000 0.1018 0.9948
vn -0.0000 0.3373 0.9414
vn -0.0000 0.1019 0.9948
vn 0.1331 0.3134 0.9402
vn -0.0000 0.5419 0.8404
vn -0.0942 0.5099 0.8551
vn -0.5282 0.1892 0.8278
vn -0.2428 0.3603 0.9007
vn -0.7279 0.2192 0.6497
vn -0.3232 0.2443 0.9142
vn -0.9107 -0.1020 0.4004
vn 0.3064 -0.2750 -0.9113
vn 0.3617 -0.2830 -0.8883
vn 0.7331 -0.3863 -0.5597
vn -0.2517 0.3226 -0.9125
vn -0.1961 0.3452 -0.9178
vn -0.3996 0.7915 -0.4624
vn -0.9263 -0.0000 0.3768
vn -0.7280 0.2191 0.6496
vn -0.5282 0.1892 0.8277
vn 0.9699 -0.2424 0.0234
vn 0.9454 -0.1734 -0.2758
vn 0.4652 -0.4022 -0.7886
vn -0.0000 -0.3468 -0.9379
vn -0.0000 -0.2592 -0.9658
vn -0.3064 -0.2750 -0.9113
vn -0.1961 0.3451 -0.9178
vn -0.2518 0.3225 -0.9125
vn -0.3617 -0.2830 -0.8883
vn -0.7331 -0.3863 -0.5597
vn -0.4653 -0.4022 -0.7885
vn -0.9455 -0.1733 -0.2758
vn -0.9382 0.1734 -0.2995
vn -0.9326 0.0157 0.3605
vn -0.8269 0.4016 0.3938
vn -0.3923 0.4394 0.8081
vn -0.6598 0.5655 0.4949
vn -0.4001 0.5648 0.7217
vn -0.9107 -0.1021 0.4003
vn -0.9699 -0.2425 0.0235
vn -0.5326 0.0313 0.8458
vn -0.2518 0.0157 0.9677
vn 0.2517 0.0157 0.9677
vn 0.5282 0.1892 0.8278
vn 0.2428 0.3603 0.9007
vn 0.3232 0.2443 0.9143
vn 0.7280 0.2191 0.6496
vn 0.9107 -0.1021 0.4004
vn 0.9263 -0.0000 0.3768
vn 0.9699 -0.2424 0.0235
vn 0.9326 0.0157 0.3605
vn 0.9455 -0.1734 -0.2757
vn 0.9382 0.1734 -0.2996
vn 0.4652 -0.4021 -0.7886
vn 0.4153 0.2665 -0.8698
vn -0.0000 -0.3468 -0.9380
vn -0.0000 0.4409 -0.8976
vn -0.4153 0.2665 -0.8698
vn -0.0000 0.7816 -0.6237
vn -0.6312 0.5524 -0.5445
vn 0.9382 0.1735 -0.2995
vn 0.8895 0.4487 0.0866
vn 0.6313 0.5523 -0.5445
vn 0.9382 0.1734 -0.2995
vn 0.6312 0.5524 -0.5445
vn 0.4153 0.2664 -0.8698
vn 0.8269 0.4016 0.3937
vn 0.5326 0.0313 0.8458
vn 0.2518 0.0157 0.9677
vn 0.7279 0.2192 0.6497
vn 0.0629 0.7549 0.6528
vn -0.3231 0.2444 0.9143
vn -0.0941 0.5099 0.8551
vn 0.2587 0.9407 -0.2194
vn 0.2517 0.3225 -0.9125
vn 0.2837 0.8669 -0.4098
vn -0.0000 0.4629 -0.8864
vn 0.3616 -0.2830 -0.8883
vn 0.3064 -0.2749 -0.9113
vn 0.3232 0.2444 0.9142
vn -0.0629 0.7549 0.6528
vn -0.0001 0.7303 0.6832
vn 0.1023 0.9602 0.2598
vn 0.0314 0.9191 0.3928
vn 0.1023 0.9603 0.2597
vn 0.2587 0.9407 -0.2195
vn 0.3997 0.7915 -0.4624
vn 0.1962 0.3452 -0.9178
vn -0.0000 0.0315 -0.9995
vn -0.0000 0.4628 -0.8865
vn -0.2837 0.8669 -0.4098
vn -0.2587 0.9407 -0.2194
vn -0.9699 -0.2424 0.0235
vn -0.9455 -0.1733 -0.2757
vn -0.7331 -0.3863 -0.5598
vn -0.3997 0.7915 -0.4624
vn -0.2587 0.9407 -0.2195
vn -0.1023 0.9603 0.2597
vn -0.0314 0.9191 0.3928
vn -0.1023 0.9602 0.2597
vn 0.0630 0.7550 0.6528
vn 0.0001 0.7303 0.6832
vn -0.3231 0.2443 0.9143
vn -0.1489 0.6033 0.7835
vn -0.0000 0.4783 0.8782
vn -0.3923 0.4393 0.8081
vn -0.5326 0.0314 0.8458
vn 0.3923 0.4394 0.8081
vn 0.4001 0.5648 0.7217
vn 0.6598 0.5655 0.4949
vn -0.4000 0.5648 0.7218
vn -0.4652 -0.4022 -0.7886
vn -0.4153 0.2664 -0.8698
vn -0.9382 0.1735 -0.2996
vn -0.6313 0.5523 -0.5445
vn -0.8895 0.4487 0.0866
vn -0.5325 0.0313 0.8458
vn 0.1489 0.6033 0.7835
vn 0.4000 0.5648 0.7218
vn 0.0001 0.1018 0.9948
vn 0.5325 0.0313 0.8458
vn 0.3923 0.4393 0.8081
vn 0.8268 0.4016 0.3938
vn 0.6598 0.5655 0.4948
vn 0.0001 0.4628 -0.8864
vn -0.0000 0.5510 -0.8345
vn -0.0000 0.5511 -0.8345
vn -0.0001 0.4628 -0.8864
vn -0.3064 -0.2749 -0.9113
vn -0.2517 0.3225 -0.9125
vn -0.0000 -0.2591 -0.9658
vn 0.3377 0.9267 0.1649
vn 0.0393 0.9747 0.2201
vn 0.0235 0.5564 -0.8306
vn 0.0708 -0.9201 0.3853
vn -0.1178 -0.9893 0.0864
vn 0.0393 0.0236 0.9989
vn 0.1886 -0.0000 0.9821
vn -0.1102 -0.3934 -0.9127
vn 0.0945 -0.2600 -0.9610
vn 0.1805 0.4710 -0.8635
vn -0.2989 0.0708 0.9517
vn -0.2913 0.9290 0.2283
vn -0.3855 0.5822 -0.7159
vn -0.3069 -0.3777 -0.8736
vn -0.3221 -0.9428 0.0864
vn -0.3377 0.9267 0.1649
vn -0.0393 0.9747 0.2201
vn -0.0393 0.0236 0.9989
vn -0.0945 -0.2600 -0.9610
vn 0.1102 -0.3934 -0.9127
vn -0.0235 0.5563 -0.8306
vn -0.1805 0.4710 -0.8635
vn 0.1178 -0.9893 0.0864
vn -0.0708 -0.9201 0.3853
vn -0.1886 -0.0000 0.9821
vn 0.3221 -0.9427 0.0864
vn 0.3069 -0.3777 -0.8736
vn 0.3855 0.5822 -0.7159
vn 0.2913 0.9290 0.2283
vn 0.2988 0.0708 0.9517
vn 0.9987 -0.0393 0.0314
vn 0.9654 0.1884 0.1805
vn 0.9613 -0.2364 0.1418
vn 0.9233 -0.3788 0.0631
vn -0.7219 0.6042 0.3374
vn -0.0000 0.9167 0.3996
vn -0.0000 0.9021 0.4315
vn 0.7219 0.6042 0.3374
vn -0.7290 0.6663 0.1568
vn -0.9654 0.1884 0.1805
vn -0.9527 0.0866 0.2913
vn -0.9613 -0.2364 0.1418
vn -0.7696 -0.3378 0.5419
vn -0.9327 -0.0000 0.3606
vn -0.8546 -0.4547 0.2509
vn -0.9834 -0.1809 0.0157
vn -0.8892 -0.4564 -0.0315
vn -0.7802 -0.5911 0.2049
vn -0.6600 -0.5972 0.4557
vn -0.6853 -0.5671 0.4569
vn 0.9834 -0.1809 0.0157
vn 0.9327 -0.0000 0.3605
vn 0.8546 -0.4547 0.2509
vn 0.7696 -0.3378 0.5419
vn 0.6600 -0.5972 0.4557
vn 0.6853 -0.5672 0.4569
vn 0.7802 -0.5910 0.2049
vn 0.8892 -0.4564 -0.0315
vn 0.7290 0.6663 0.1568
vn 0.7766 0.6276 -0.0549
vn -0.0000 0.9864 0.1644
vn -0.7766 0.6276 -0.0549
vn -0.7374 0.6747 -0.0314
vn 0.2123 0.9353 0.2830
vn 0.6054 0.6682 0.4324
vn 0.8385 0.4153 0.3527
vn 0.6379 0.4646 0.6142
vn 0.5121 0.6776 0.5279
vn -0.0000 0.6668 0.7453
vn -0.0000 0.8308 0.5565
vn -0.5121 0.6775 0.5279
vn -0.6379 0.4647 0.6142
vn -0.8385 0.4153 0.3527
vn -0.6054 0.6682 0.4324
vn -0.2123 0.9354 0.2830
vn 0.7374 0.6747 -0.0314
vn -0.9233 -0.3788 0.0631
vn -0.9987 -0.0393 0.0315
vn 0.9527 0.0866 0.2913
vn -0.6598 0.5655 0.4948
vn -0.8268 0.4017 0.3937
vn -0.9382 0.1734 -0.2996
vt 0.777252 0.719452
vt 0.701691 0.749390
vt 0.748566 0.813263
vt 0.807159 0.812042
vt 0.739716 0.858124
vt 0.701691 0.844391
vt 0.701691 0.809235
vt 0.814972 0.751190
vt 0.854034 0.753784
vt 0.889191 0.698334
vt 0.889191 0.753784
vt 0.951691 0.763184
vt 0.912628 0.731293
vt 0.913025 0.753784
vt 0.955597 0.681458
vt 0.912628 0.702942
vt 0.912628 0.667847
vt 0.854034 0.792297
vt 0.900726 0.753784
vt 0.917023 0.817871
vt 0.952698 0.836700
vt 0.994995 0.849030
vt 0.994995 0.770325
vt 0.906281 0.908447
vt 0.837006 0.883423
vt 0.830597 0.945190
vt 0.760162 0.953339
vt 0.799347 0.994995
vt 0.739044 0.994995
vt 0.779022 0.899139
vt 0.701691 0.931335
vt 0.947784 0.917786
vt 0.994995 0.928864
vt 0.994995 0.994995
vt 0.928253 0.994995
vt 0.900726 0.994995
vt 0.846069 0.654785
vt 0.955597 0.629517
vt 0.990753 0.629517
vt 0.994995 0.651733
vt 0.889191 0.656128
vt 0.889191 0.613617
vt 0.846069 0.613617
vt 0.955597 0.613617
vt 0.912628 0.613617
vt 0.994995 0.716919
vt 0.701691 0.994995
vt 0.701691 0.965424
vt 0.994995 0.628815
vt 0.985168 0.628815
vt 0.430634 0.994995
vt 0.402863 0.994995
vt 0.402863 0.961761
vt 0.430634 0.908936
vt 0.402863 0.908936
vt 0.402863 0.955872
vt 0.430634 0.955872
vt 0.402863 0.949585
vt 0.430634 0.949585
vt 0.430634 0.961761
vt 0.393127 0.955872
vt 0.393127 0.994995
vt 0.393127 0.961761
vt 0.393127 0.949585
vt 0.393127 0.908936
vt 0.547058 0.728577
vt 0.552032 0.778809
vt 0.525818 0.775879
vt 0.525818 0.728577
vt 0.627136 0.811035
vt 0.692383 0.811035
vt 0.692383 0.792480
vt 0.690216 0.792480
vt 0.629303 0.767944
vt 0.525818 0.811035
vt 0.686584 0.652771
vt 0.686584 0.680786
vt 0.663086 0.686310
vt 0.686584 0.707733
vt 0.657349 0.707550
vt 0.617950 0.707367
vt 0.631805 0.687408
vt 0.686584 0.611664
vt 0.607208 0.728577
vt 0.690216 0.768219
vt 0.690216 0.728577
vt 0.439056 0.809052
vt 0.439056 0.783783
vt 0.505402 0.809052
vt 0.439056 0.758545
vt 0.505402 0.758698
vt 0.439056 0.731598
vt 0.505402 0.708038
vt 0.439056 0.708038
s 1
usemtl npc00_03_2
f 1216/424/971 1217/425/972 1218/426/973
f 1219/427/974 1220/428/975 1221/426/976
f 1221/426/976 1220/428/975 1222/429/977
f 1221/426/976 1222/429/977 1223/430/978
f 1224/429/979 1218/426/980 1225/430/978
f 1225/430/978 1218/426/980 1226/425/981
f 1225/430/978 1226/425/981 1227/426/976
f 1227/426/976 1226/425/981 1228/424/982
f 1227/426/976 1228/424/982 1229/427/983
f 1229/427/983 1228/424/982 1230/431/984
f 1229/427/983 1230/431/984 1231/432/985
f 1231/432/985 1230/431/984 1232/433/986
f 1231/432/985 1232/433/986 1233/434/987
f 1234/435/988 1235/436/989 1236/437/990
f 1237/438/991 1238/439/992 1239/440/993
f 1240/434/987 1241/441/994 1242/432/995
f 1242/432/995 1241/441/994 1243/427/996
f 1244/442/997 1245/443/998 1246/437/990
f 1246/437/990 1245/443/998 1247/444/999
f 1246/437/990 1247/444/999 1248/435/988
f 1248/435/988 1247/444/999 1249/445/1000
f 1248/435/988 1249/445/1000 1250/446/1001
f 1250/446/1001 1249/445/1000 1251/435/1002
f 1252/439/1003 1253/438/1004 1254/436/1005
f 1254/436/1005 1253/438/1004 1255/435/1002
f 1254/436/1005 1255/435/1002 1256/437/1006
f 1256/437/1006 1255/435/1002 1257/444/1007
f 1256/437/1006 1257/444/1007 1258/443/1008
f 1258/443/1008 1257/444/1007 1259/447/1009
f 1258/443/1008 1259/447/1009 1260/448/1010
f 1260/448/1010 1259/447/1009 1261/449/1011
f 1260/448/1010 1261/449/1011 1262/450/1012
f 1262/450/1012 1261/449/1011 1263/451/1013
f 1262/450/1012 1263/451/1013 1264/452/1014
f 1265/434/1015 1266/442/1016 1267/441/994
f 1267/441/994 1266/442/1016 1268/448/1010
f 1267/441/994 1268/448/1010 1243/427/983
f 1243/427/983 1268/448/1010 1269/453/1017
f 1243/427/983 1269/453/1017 1270/428/1018
f 1270/428/1018 1269/453/1017 1271/454/977
f 1270/428/1018 1271/454/977 1272/429/977
f 1272/429/977 1271/454/977 1273/428/1019
f 1272/429/977 1273/428/1019 1274/426/973
f 1274/426/973 1273/428/1019 1275/427/1020
f 1274/426/973 1275/427/1020 1276/424/971
f 1276/424/971 1275/427/1020 1277/431/1021
f 1276/424/971 1277/431/1021 1278/433/1022
f 1278/433/1022 1277/431/1021 1279/432/1023
f 1278/433/1022 1279/432/1023 1280/434/1024
f 1280/434/1024 1279/432/1023 1281/441/1025
f 1280/434/1024 1281/441/1025 1282/442/1026
f 1282/442/1026 1281/441/1025 1283/448/1027
f 1282/442/1026 1283/448/1027 1284/443/1028
f 1284/443/1028 1283/448/1027 1285/447/1029
f 1284/443/1028 1285/447/1029 1286/444/1030
f 1286/444/1030 1285/447/1029 1287/455/1031
f 1286/444/1030 1287/455/1031 1288/445/1032
f 1288/445/1032 1287/455/1031 1289/456/1033
f 1288/445/1032 1289/456/1033 1290/455/1034
f 1290/455/1034 1289/456/1033 1291/457/1035
f 1290/455/1034 1291/457/1035 1292/458/1036
f 1293/447/1037 1294/459/1038 1295/458/1039
f 1296/447/1040 1295/458/1041 1297/455/1042
f 1297/455/1042 1295/458/1041 1298/457/1035
f 1297/455/1042 1298/457/1035 1299/456/1033
f 1294/459/1038 1293/447/1037 1300/449/1043
f 1300/449/1043 1293/447/1037 1301/448/1027
f 1300/449/1043 1301/448/1027 1302/453/1044
f 1302/453/1044 1301/448/1027 1303/427/1020
f 1302/453/1044 1303/427/1020 1304/428/1045
f 1305/448/1027 1306/441/1025 1307/427/1020
f 1307/427/1020 1306/441/1025 1308/432/1046
f 1307/427/1020 1308/432/1046 1309/431/1021
f 1310/460/1047 1311/433/1048 1312/424/1049
f 1312/424/1049 1311/433/1048 1313/431/984
f 1314/461/1050 1315/438/1051 1316/462/1052
f 1316/462/1052 1315/438/1051 1317/463/1053
f 1318/436/1054 1319/435/1055 1320/438/1051
f 1321/433/1056 1322/460/1057 1323/424/971
f 1321/433/1056 1324/464/1058 1322/460/1057
f 1322/460/1057 1324/464/1058 1325/465/1059
f 1322/460/1057 1325/465/1059 1326/466/1060
f 1327/467/1060 1328/468/1061 1329/461/1062
f 1329/461/1062 1328/468/1061 1330/440/1063
f 1329/461/1062 1330/440/1063 1331/438/1051
f 1331/438/1051 1330/440/1063 1332/439/1064
f 1331/438/1051 1332/439/1064 1333/436/1054
f 1334/438/1051 1335/469/1065 1336/463/1066
f 1336/463/1066 1335/469/1065 1337/438/991
f 1336/463/1066 1337/438/991 1338/462/1067
f 1338/462/1067 1337/438/991 1339/461/1068
f 1340/448/1010 1341/442/1069 1342/443/1070
f 1342/443/1070 1341/442/1069 1343/437/1071
f 1344/438/991 1345/440/1072 1346/461/1073
f 1346/461/1073 1345/440/1072 1347/468/1074
f 1346/461/1073 1347/468/1074 1348/467/1075
f 1349/466/1075 1350/465/1076 1351/460/1077
f 1351/460/1077 1350/465/1076 1352/464/1078
f 1351/460/1077 1352/464/1078 1353/433/1079
f 1354/450/1012 1355/470/1080 1356/471/1081
f 1357/450/1082 1358/453/1083 1359/448/1010
f 1360/450/1084 1361/452/1085 1362/451/1086
f 1355/470/1080 1363/450/1012 1364/452/1087
f 1365/435/1002 1366/445/1000 1367/444/1088
f 1367/444/1088 1366/445/1000 1368/455/1089
f 1367/444/1088 1368/455/1089 1369/447/1090
f 1369/447/1090 1368/455/1089 1370/458/1091
f 1369/447/1090 1370/458/1091 1371/459/1092
f 1372/453/1093 1354/450/1012 1373/454/979
f 1373/454/979 1354/450/1012 1356/471/1081
f 1373/454/979 1356/471/1081 1374/450/1084
f 1374/450/1084 1356/471/1081 1375/470/1094
f 1374/450/1084 1375/470/1094 1376/452/1095
f 1377/428/1045 1378/454/1096 1379/453/1097
f 1379/453/1097 1378/454/1096 1380/450/1098
f 1379/453/1097 1380/450/1098 1381/449/1099
f 1381/449/1099 1380/450/1098 1382/451/1100
f 1381/449/1099 1382/451/1100 1383/459/1038
f 1384/463/1101 1385/472/1102 1386/473/1052
f 1387/472/1103 1388/463/1104 1389/473/1067
f 1390/435/1105 1391/438/1106 1392/469/1065
f 1393/438/1051 1394/435/988 1392/469/1065
f 1392/469/1065 1394/435/988 1395/446/1107
f 1392/469/1065 1395/446/1107 1390/435/1105
f 1396/474/1108 1397/475/1109 1398/476/1110
f 1399/477/1111 1400/478/1112 1401/479/1113
f 1397/475/1109 1396/474/1108 1401/479/1113
f 1401/479/1113 1396/474/1108 1402/480/1114
f 1401/479/1113 1402/480/1114 1399/477/1111
f 1400/478/1112 1399/477/1111 1403/481/1115
f 1403/481/1115 1399/477/1111 1404/482/1116
f 1403/481/1115 1404/482/1116 1398/476/1110
f 1398/476/1110 1404/482/1116 1405/483/1117
f 1398/476/1110 1405/483/1117 1396/474/1108
f 1401/479/1113 1406/484/1118 1397/475/1109
f 1397/475/1109 1406/484/1118 1407/485/1119
f 1397/475/1109 1407/485/1119 1398/476/1110
f 1398/476/1110 1407/485/1119 1408/486/1120
f 1398/476/1110 1408/486/1120 1403/481/1115
f 1403/481/1115 1408/486/1120 1409/487/1121
f 1403/481/1115 1409/487/1121 1400/478/1112
f 1400/478/1112 1409/487/1121 1410/488/1122
f 1400/478/1112 1410/488/1122 1401/479/1113
f 1401/479/1113 1410/488/1122 1406/484/1118
f 1411/474/1123 1412/475/1124 1413/479/1125
f 1414/482/1126 1415/481/1127 1416/476/1128
f 1412/475/1124 1411/474/1123 1416/476/1128
f 1416/476/1128 1411/474/1123 1417/483/1129
f 1416/476/1128 1417/483/1129 1414/482/1126
f 1415/481/1127 1414/482/1126 1418/478/1130
f 1418/478/1130 1414/482/1126 1419/477/1131
f 1418/478/1130 1419/477/1131 1413/479/1125
f 1413/479/1125 1419/477/1131 1420/480/1132
f 1413/479/1125 1420/480/1132 1411/474/1123
f 1418/478/1130 1421/488/1133 1415/481/1127
f 1415/481/1127 1421/488/1133 1422/487/1134
f 1415/481/1127 1422/487/1134 1416/476/1128
f 1416/476/1128 1422/487/1134 1423/486/1135
f 1416/476/1128 1423/486/1135 1412/475/1124
f 1412/475/1124 1423/486/1135 1424/485/1136
f 1412/475/1124 1424/485/1136 1413/479/1125
f 1413/479/1125 1424/485/1136 1425/484/1137
f 1413/479/1125 1425/484/1137 1418/478/1130
f 1418/478/1130 1425/484/1137 1421/488/1133
f 1426/489/1138 1427/490/1139 1428/491/1140
f 1429/492/1141 1426/489/1138 1428/491/1140
f 1430/493/1142 1431/494/1143 1432/495/1144
f 1432/495/1144 1431/494/1143 1433/493/1145
f 1434/496/1144 1435/497/1146 1430/493/1142
f 1430/493/1142 1435/497/1146 1436/490/1147
f 1430/493/1142 1436/490/1147 1437/498/1148
f 1437/498/1148 1436/490/1147 1438/491/1149
f 1439/499/1150 1440/500/1151 1441/501/1152
f 1441/501/1152 1440/500/1151 1442/502/1153
f 1441/501/1152 1442/502/1153 1443/503/1154
f 1443/503/1154 1444/504/1155 1441/501/1152
f 1441/501/1152 1444/504/1155 1445/505/1156
f 1441/501/1152 1445/505/1156 1439/499/1150
f 1439/499/1150 1445/505/1156 1446/506/1157
f 1447/502/1158 1448/500/1159 1449/501/1160
f 1449/501/1160 1448/500/1159 1450/499/1161
f 1449/501/1160 1450/499/1161 1451/505/1162
f 1451/505/1162 1450/499/1161 1452/506/1163
f 1451/505/1162 1453/504/1164 1449/501/1160
f 1449/501/1160 1453/504/1164 1454/503/1165
f 1449/501/1160 1454/503/1165 1447/502/1158
f 1427/490/1139 1426/489/1138 1455/497/1166
f 1455/497/1166 1426/489/1138 1456/507/1167
f 1455/497/1166 1456/507/1167 1457/508/1168
f 1457/508/1168 1456/507/1167 1458/509/1168
f 1457/508/1168 1458/509/1168 1459/507/1169
f 1460/510/1170 1461/511/1171 1462/512/1172
f 1462/512/1172 1461/511/1171 1463/513/1173
f 1462/512/1172 1463/513/1173 1464/514/1174
f 1464/514/1174 1463/513/1173 1465/515/1175
f 1464/514/1174 1465/515/1175 1466/516/1176
f 1465/515/1175 1467/517/1177 1466/516/1176
f 1466/516/1176 1467/517/1177 1468/515/1178
f 1466/516/1176 1468/515/1178 1469/514/1179
f 1469/514/1179 1468/515/1178 1470/513/1180
f 1469/514/1179 1470/513/1180 1471/512/1181
f 1471/512/1181 1470/513/1180 1472/511/1182
f 1471/512/1181 1472/511/1182 1473/510/1183
f 1474/492/1184 1438/491/1149 1475/489/1185
f 1475/489/1185 1438/491/1149 1436/490/1147
f 1475/489/1185 1436/490/1147 1459/507/1169
f 1459/507/1169 1436/490/1147 1435/497/1146
f 1459/507/1169 1435/497/1146 1457/508/1168
f 1457/508/1168 1435/497/1146 1434/496/1144
f 1457/508/1168 1434/496/1144 1455/497/1166
f 1455/497/1166 1434/496/1144 1433/493/1145
f 1455/497/1166 1433/493/1145 1427/490/1139
f 1427/490/1139 1433/493/1145 1476/498/1186
f 1427/490/1139 1476/498/1186 1428/491/1140
f 1477/451/1187 1478/449/1188 1479/459/1092
f 1479/459/1092 1478/449/1188 1480/447/1189
o npc_00-0001-15.004
v -5.444385 62.422913 8.863441
v -3.782357 63.181072 10.169950
v -4.254461 64.896568 8.337056
v 9.712650 59.460949 5.451394
v 8.771202 56.132755 6.118043
v 8.486835 56.286957 3.668933
v 0.000000 52.647148 -12.737267
v 0.000000 56.540749 -15.720644
v 7.655821 53.096905 -10.428422
v -5.607275 67.540497 -10.028118
v -8.050622 64.376137 -13.901936
v -10.899813 60.553215 -10.168383
v -13.853917 49.518131 -16.016932
v -12.213975 55.875751 -14.146215
v -7.274825 58.114895 -18.919931
v 13.853917 49.518131 -16.016932
v 10.858401 45.181198 -16.169806
v 8.191425 44.663979 -18.648859
v -9.596695 55.165779 -7.902088
v -9.983213 57.427410 -2.223746
v -9.362023 63.701508 -5.635795
v -8.804332 41.959019 -18.792276
v -13.028424 38.508747 -17.219423
v -11.192463 42.415199 -16.639454
v 2.034742 66.663467 -12.688413
v 4.353851 67.900299 -6.217341
v 5.607275 67.540497 -10.028118
v 10.899813 60.553215 -10.168383
v 9.362023 63.701508 -5.635795
v 9.596695 55.165779 -7.902088
v -9.958365 38.081478 -20.216982
v -9.916953 35.819847 -17.269854
v 7.045675 47.076599 -12.157299
v 7.948471 44.423038 -14.425168
v 4.353851 67.900299 -6.217341
v 0.000000 65.805717 -12.349572
v 0.000000 69.760361 -4.501072
v -4.353851 67.900299 -6.217341
v -6.283682 41.573513 -16.590597
v -5.847468 37.323318 -16.264362
v -8.727029 41.885128 -14.688360
v -9.099743 37.368294 -13.964973
v -3.061776 59.721165 11.610416
v -4.663066 59.027256 9.170762
v -1.573681 56.258045 10.289726
v 0.000000 66.281174 9.761765
v -4.254461 64.896568 8.337056
v 0.000000 64.771278 11.761713
v 7.655821 53.096905 -10.428422
v 0.000000 56.540749 -15.720644
v 7.045675 47.076599 -12.157299
v 5.847468 37.323318 -16.264362
v 9.958365 38.081478 -20.216982
v 9.916953 35.819847 -17.269854
v 7.274825 58.114895 -18.919931
v 8.147251 49.604870 -22.098732
v 1.294836 48.319851 -16.858519
v 0.000000 48.515816 -7.515967
v 6.510071 51.532394 -9.287395
v 6.333377 48.788883 -4.018814
v 9.596695 55.165779 -7.902088
v -6.333377 48.788883 -4.018814
v -8.042339 54.571461 -0.928270
v 8.804332 41.959019 -18.792276
v 11.192463 42.415199 -16.639454
v 13.028424 38.508747 -17.219423
v 8.727029 41.885128 -14.688360
v 9.099743 37.368294 -13.964973
v 4.353851 67.900299 -6.217341
v -7.741407 61.651905 6.534108
v -10.888770 57.273209 1.628008
v -8.362597 51.950024 1.763544
v -9.983213 57.427410 -2.223746
v -8.042339 54.571461 -0.928270
v -7.045675 47.076599 -12.157299
v -7.655821 53.096905 -10.428422
v 9.362023 63.701508 -5.635795
v 9.983213 57.427410 -2.223746
v 8.042339 54.571461 -0.928270
v 8.406771 59.255348 7.764968
v 7.995405 63.476627 6.012450
v 6.628787 63.579430 8.761002
v 8.042339 54.571461 -0.928270
v 9.983213 57.427410 -2.223746
v 8.362597 51.950024 1.763544
v 10.888770 57.273209 1.628008
v 7.741407 61.651905 6.534108
v -7.655821 53.096905 -10.428422
v -6.510071 51.532394 -9.287395
v 4.254461 64.896568 8.337056
v 3.782357 63.181072 10.169950
v 5.444385 62.422913 8.863441
v 3.061776 59.721165 11.610416
v 4.663066 59.027256 9.170762
v 1.573681 56.258045 10.289726
v -8.191425 44.663979 -18.648859
v -1.294836 48.319851 -16.858519
v -5.488558 44.512989 -16.784447
v -7.045675 47.076599 -12.157299
v -7.948471 44.423038 -14.425168
v -2.034742 66.663467 -12.688413
v -4.353851 67.900299 -6.217341
v 0.000000 65.805717 -12.349572
v -4.353851 67.900299 -6.217341
v -9.362023 63.701508 -5.635795
v -9.596695 55.165779 -7.902088
v -10.858401 45.181198 -16.169806
v -7.948471 44.423038 -14.425168
v -8.147251 49.604870 -22.098732
v -7.655821 53.096905 -10.428422
v -6.626026 63.579430 8.761002
v -7.995405 63.476627 6.012450
v -8.406771 59.255348 7.764968
v -9.712650 59.460949 5.451394
v -8.771202 56.132755 6.118043
v -8.486835 56.286957 3.668933
v 6.283682 41.573513 -16.590597
v 12.213975 55.875751 -14.146215
v 7.655821 53.096905 -10.428422
v 7.948471 44.423038 -14.425168
v 5.488558 44.512989 -16.784447
v 8.050622 64.376137 -13.901936
v -3.782357 63.181072 10.169950
v -3.061776 59.721165 11.610416
v 0.000000 59.457737 12.647428
v -1.573681 56.258045 10.289726
v -0.756471 54.773849 10.169950
v 4.348330 64.928696 8.305536
v 4.657544 61.671181 9.132938
v 5.725991 59.072231 8.836649
v 7.744168 53.283230 4.642904
v -7.744168 53.283230 4.642904
v -5.725991 59.072231 8.836649
v -4.657544 61.671181 9.132938
v -4.348330 64.928696 8.305536
v 1.573681 56.258045 10.289726
v 3.061776 59.721165 11.610416
v 3.782357 63.181072 10.169950
v 4.254461 64.896568 8.337056
v 0.000000 61.912121 -14.500817
vn -0.7393 0.1652 0.6528
vn -0.5804 0.3921 0.7137
vn -0.5743 0.5507 0.6058
vn 0.9526 -0.0551 0.2992
vn 0.8050 -0.3868 0.4499
vn 0.9509 -0.2829 -0.1257
vn -0.0000 -0.7071 -0.7071
vn -0.0000 -0.2518 -0.9678
vn 0.6986 -0.7144 0.0392
vn -0.5099 0.8472 -0.1490
vn -0.6040 0.6432 -0.4706
vn -0.9838 0.1732 0.0472
vn -0.9600 -0.1731 -0.2203
vn -0.9797 0.1019 0.1724
vn -0.1807 0.4398 -0.8797
vn 0.9600 -0.1731 -0.2203
vn 0.8949 -0.3454 0.2826
vn 0.0786 -0.2987 -0.9511
vn -0.9343 -0.3533 -0.0471
vn -0.8962 -0.3852 -0.2201
vn -0.9267 0.3691 0.0706
vn 0.0394 0.2126 -0.9763
vn -0.9981 -0.0471 0.0393
vn -0.9663 0.2514 0.0550
vn -0.1570 0.7929 -0.5888
vn 0.0784 0.9880 -0.1333
vn 0.5099 0.8472 -0.1490
vn 0.9838 0.1732 0.0472
vn 0.9267 0.3691 0.0707
vn 0.9343 -0.3533 -0.0471
vn -0.0235 -0.3372 -0.9411
vn -0.1653 -0.9837 -0.0708
vn -0.0000 -0.4566 0.8897
vn -0.0236 -0.3138 0.9492
vn -0.0000 0.8643 -0.5029
vn -0.0000 0.8944 -0.4472
vn -0.0784 0.9880 -0.1333
vn 0.9888 -0.1491 -0.0078
vn 0.9223 -0.3863 -0.0157
vn -0.0000 0.0785 0.9969
vn -0.1258 -0.4717 0.8727
vn -0.5813 -0.0865 0.8091
vn -0.7468 -0.3223 0.5817
vn -0.5020 -0.4392 0.7451
vn -0.0000 0.7303 0.6832
vn -0.0000 0.4025 0.9154
vn 0.6987 -0.7143 0.0392
vn -0.0000 -0.2517 -0.9678
vn 0.0001 -0.4567 0.8896
vn -0.9223 -0.3863 -0.0157
vn 0.0235 -0.3372 -0.9411
vn 0.1653 -0.9837 -0.0708
vn 0.1807 0.4399 -0.8797
vn -0.0392 -0.0862 -0.9955
vn -0.8001 -0.5334 -0.2745
vn -0.0000 -0.8404 -0.5419
vn 0.4855 -0.7517 -0.4463
vn 0.7165 -0.6693 -0.1968
vn -0.7165 -0.6693 -0.1968
vn -0.7726 -0.5756 -0.2680
vn -0.0394 0.2126 -0.9763
vn 0.9663 0.2514 0.0550
vn 0.9981 -0.0471 0.0393
vn 0.1258 -0.4717 0.8727
vn -0.6606 -0.2910 0.6921
vn -0.8744 -0.4096 0.2600
vn -0.8324 -0.5497 -0.0707
vn -0.8962 -0.3852 -0.2202
vn -0.7726 -0.5755 -0.2681
vn -0.0000 -0.4567 0.8896
vn -0.6986 -0.7144 0.0392
vn 0.8962 -0.3852 -0.2201
vn 0.7726 -0.5755 -0.2681
vn 0.6540 -0.0079 0.7564
vn 0.7700 0.5028 0.3928
vn 0.4804 0.3860 0.7876
vn 0.8962 -0.3852 -0.2202
vn 0.8324 -0.5497 -0.0706
vn 0.8744 -0.4096 0.2600
vn 0.6606 -0.2910 0.6921
vn -0.6987 -0.7144 0.0392
vn -0.4855 -0.7517 -0.4463
vn 0.5743 0.5507 0.6057
vn 0.5804 0.3921 0.7137
vn 0.7393 0.1652 0.6528
vn 0.5813 -0.0864 0.8091
vn 0.7468 -0.3223 0.5817
vn 0.4247 -0.4876 0.7628
vn -0.0786 -0.2988 -0.9511
vn 0.8001 -0.5334 -0.2745
vn 0.7932 -0.6048 0.0707
vn -0.0001 -0.4567 0.8896
vn 0.0235 -0.3138 0.9492
vn 0.1570 0.7929 -0.5888
vn -0.9267 0.3691 0.0707
vn -0.8949 -0.3454 0.2826
vn 0.0236 -0.3138 0.9492
vn 0.0392 -0.0862 -0.9955
vn -0.6987 -0.7143 0.0392
vn -0.4804 0.3859 0.7876
vn -0.7700 0.5028 0.3928
vn -0.6540 -0.0079 0.7564
vn -0.9526 -0.0551 0.2992
vn -0.8050 -0.3868 0.4499
vn -0.9509 -0.2829 -0.1258
vn -0.9888 -0.1491 -0.0078
vn 0.9797 0.1019 0.1724
vn 0.6987 -0.7144 0.0392
vn -0.0235 -0.3137 0.9492
vn -0.7933 -0.6048 0.0707
vn 0.6040 0.6432 -0.4706
vn -0.5813 -0.0864 0.8091
vn -0.0392 -0.2589 0.9651
vn -0.5019 -0.4392 0.7451
vn -0.1254 -0.4468 0.8858
vn 0.2516 0.6604 0.7076
vn 0.2032 0.0625 0.9771
vn 0.3300 -0.2985 0.8956
vn 0.7506 -0.4978 0.4345
vn -0.7506 -0.4978 0.4345
vn -0.3299 -0.2985 0.8956
vn -0.2032 0.0625 0.9771
vn -0.2516 0.6604 0.7076
vn 0.5803 0.3922 0.7137
vn 0.5743 0.5507 0.6058
vn -0.0000 0.3930 -0.9196
vt 0.266541 0.939240
vt 0.266541 0.913025
vt 0.293701 0.913025
vt 0.231384 0.943848
vt 0.196228 0.934723
vt 0.196228 0.943848
vt 0.111908 0.843445
vt 0.111908 0.794434
vt 0.083191 0.819672
vt 0.050446 0.755829
vt 0.050446 0.777771
vt 0.076874 0.785492
vt 0.076874 0.842865
vt 0.076874 0.811340
vt 0.050446 0.811340
vt 0.079437 0.864655
vt 0.051971 0.864655
vt 0.039856 0.808685
vt 0.012024 0.805634
vt 0.028015 0.778351
vt 0.046936 0.806427
vt 0.039185 0.848083
vt 0.026062 0.814575
vt 0.025208 0.772156
vt 0.020538 0.755829
vt 0.101074 0.771545
vt 0.101074 0.798218
vt 0.060028 0.839905
vt 0.045563 0.864380
vt 0.121307 0.842865
vt 0.109100 0.864655
vt 0.036469 0.770630
vt 0.011261 0.806122
vt 0.011261 0.760681
vt 0.004974 0.822906
vt 0.017914 0.856415
vt 0.231384 0.913025
vt 0.231384 0.939240
vt 0.196228 0.939240
vt 0.279724 0.896362
vt 0.243286 0.893707
vt 0.250763 0.910034
vt 0.004974 0.811340
vt 0.025116 0.811340
vt 0.004974 0.842865
vt 0.050446 0.842865
vt 0.022369 0.842865
vt 0.111908 0.864288
vt 0.055023 0.843231
vt 0.031097 0.856995
vt 0.004974 0.819946
vt 0.074646 0.755829
vt 0.266541 0.919098
vt 0.153259 0.895111
vt 0.129822 0.938538
vt 0.106384 0.895111
vt 0.106384 0.916809
vt 0.121307 0.811340
vt 0.231384 0.919098
vt 0.266541 0.907104
vt 0.022369 0.864655
vt 0.004974 0.864655
vt 0.017883 0.772186
vt 0.218964 0.902161
vt 0.205383 0.911621
vt 0.225098 0.925201
vt 0.191071 0.926361
vt 0.185699 0.942078
vt 0.294281 0.895111
vt 0.266541 0.895111
vt 0.231384 0.895111
vt 0.174438 0.943848
vt 0.237061 0.942078
vt 0.263275 0.938904
vt 0.272339 0.926605
vt 0.289093 0.922668
vt 0.025116 0.794281
s 1
usemtl npc00_03_5
f 1481/518/1190 1482/519/1191 1483/520/1192
f 1484/521/1193 1485/522/1194 1486/523/1195
f 1487/524/1196 1488/525/1197 1489/526/1198
f 1490/527/1199 1491/528/1200 1492/529/1201
f 1493/530/1202 1494/531/1203 1495/532/1204
f 1496/530/1205 1497/533/1206 1498/534/1207
f 1499/535/1208 1500/536/1209 1501/537/1210
f 1502/538/1211 1503/539/1212 1504/540/1213
f 1505/541/1214 1506/542/1215 1507/527/1216
f 1508/529/1217 1509/543/1218 1510/544/1219
f 1503/539/1212 1511/545/1220 1512/546/1221
f 1497/533/1206 1513/547/1222 1514/548/1223
f 1515/549/1215 1516/550/1224 1517/551/1225
f 1517/551/1225 1516/550/1224 1518/549/1226
f 1502/538/1211 1519/540/1227 1520/539/1228
f 1520/539/1228 1519/540/1227 1521/552/1229
f 1520/539/1228 1521/552/1229 1522/553/1230
f 1482/519/1191 1481/518/1190 1523/554/1231
f 1523/554/1231 1481/518/1190 1524/555/1232
f 1523/554/1231 1524/555/1232 1525/556/1233
f 1526/557/1234 1527/558/1192 1528/559/1235
f 1529/560/1236 1530/561/1237 1531/562/1238
f 1532/539/1239 1533/545/1240 1534/546/1241
f 1535/532/1242 1536/563/1243 1530/561/1237
f 1530/561/1237 1536/563/1243 1537/564/1244
f 1530/561/1237 1537/564/1244 1531/562/1238
f 1538/565/1245 1539/566/1246 1540/567/1247
f 1540/567/1247 1539/566/1246 1541/535/1219
f 1542/567/1248 1543/568/1249 1500/536/1209
f 1544/538/1250 1545/540/1251 1546/539/1252
f 1546/539/1252 1545/540/1251 1547/552/1229
f 1546/539/1252 1547/552/1229 1548/553/1253
f 1507/527/1216 1549/569/1215 1509/543/1218
f 1550/570/1254 1551/571/1255 1552/572/1256
f 1552/572/1256 1551/571/1255 1553/573/1257
f 1552/572/1256 1553/573/1257 1554/574/1258
f 1494/531/1203 1555/547/1259 1556/575/1260
f 1557/537/1218 1558/536/1261 1541/535/1219
f 1541/535/1219 1558/536/1261 1559/568/1262
f 1541/535/1219 1559/568/1262 1540/567/1247
f 1485/522/1194 1484/521/1193 1560/576/1263
f 1560/576/1263 1484/521/1193 1561/570/1264
f 1560/576/1263 1561/570/1264 1562/577/1265
f 1563/574/1262 1564/573/1266 1565/572/1267
f 1565/572/1267 1564/573/1266 1566/571/1268
f 1565/572/1267 1566/571/1268 1567/570/1269
f 1488/525/1197 1487/524/1196 1568/526/1270
f 1568/526/1270 1487/524/1196 1569/566/1271
f 1568/526/1270 1569/566/1271 1499/535/1208
f 1570/520/1272 1571/519/1273 1572/518/1274
f 1572/518/1274 1571/519/1273 1573/554/1275
f 1572/518/1274 1573/554/1275 1574/555/1276
f 1574/555/1276 1573/554/1275 1575/556/1277
f 1576/534/1278 1577/564/1279 1578/578/1280
f 1578/578/1280 1577/564/1279 1579/562/1281
f 1578/578/1280 1579/562/1281 1580/579/1282
f 1491/528/1200 1490/527/1199 1581/541/1283
f 1581/541/1283 1490/527/1199 1582/542/1226
f 1581/541/1283 1582/542/1226 1583/580/1224
f 1584/569/1226 1490/527/1199 1585/543/1284
f 1585/543/1284 1490/527/1199 1492/529/1201
f 1585/543/1284 1492/529/1201 1586/544/1208
f 1494/531/1203 1493/530/1202 1555/547/1259
f 1555/547/1259 1493/530/1202 1587/533/1285
f 1555/547/1259 1587/533/1285 1588/548/1286
f 1576/534/1278 1589/563/1287 1577/564/1279
f 1577/564/1279 1589/563/1287 1530/561/1237
f 1577/564/1279 1530/561/1237 1579/562/1281
f 1579/562/1281 1530/561/1237 1590/560/1288
f 1591/577/1289 1592/570/1290 1593/576/1291
f 1593/576/1291 1592/570/1290 1594/521/1292
f 1593/576/1291 1594/521/1292 1595/522/1293
f 1595/522/1293 1594/521/1292 1596/523/1294
f 1547/552/1229 1597/540/1295 1532/539/1239
f 1532/539/1239 1597/540/1295 1544/538/1250
f 1532/539/1239 1544/538/1250 1533/545/1240
f 1533/545/1240 1544/538/1250 1546/539/1252
f 1533/545/1240 1546/539/1252 1534/546/1241
f 1534/546/1241 1546/539/1252 1548/553/1253
f 1534/546/1241 1548/553/1253 1532/539/1239
f 1532/539/1239 1548/553/1253 1547/552/1229
f 1497/533/1206 1496/530/1205 1513/547/1222
f 1513/547/1222 1496/530/1205 1598/531/1296
f 1513/547/1222 1598/531/1296 1599/575/1297
f 1599/575/1297 1598/531/1296 1508/529/1217
f 1599/575/1297 1508/529/1217 1510/544/1219
f 1500/536/1209 1499/535/1208 1542/567/1248
f 1542/567/1248 1499/535/1208 1569/566/1271
f 1542/567/1248 1569/566/1271 1538/565/1245
f 1538/565/1245 1569/566/1271 1487/524/1196
f 1538/565/1245 1487/524/1196 1539/566/1246
f 1539/566/1246 1487/524/1196 1489/526/1198
f 1539/566/1246 1489/526/1198 1541/535/1219
f 1600/579/1298 1531/562/1238 1601/578/1299
f 1601/578/1299 1531/562/1238 1537/564/1244
f 1601/578/1299 1537/564/1244 1498/534/1207
f 1498/534/1207 1537/564/1244 1536/563/1243
f 1498/534/1207 1536/563/1243 1496/530/1205
f 1496/530/1205 1536/563/1243 1535/532/1242
f 1496/530/1205 1535/532/1242 1598/531/1296
f 1598/531/1296 1535/532/1242 1602/528/1300
f 1598/531/1296 1602/528/1300 1508/529/1217
f 1527/558/1192 1603/581/1191 1528/559/1235
f 1528/559/1235 1603/581/1191 1604/582/1301
f 1528/559/1235 1604/582/1301 1605/583/1302
f 1605/583/1302 1604/582/1301 1606/584/1303
f 1605/583/1302 1606/584/1303 1607/585/1304
f 1503/539/1212 1502/538/1211 1511/545/1220
f 1511/545/1220 1502/538/1211 1520/539/1228
f 1511/545/1220 1520/539/1228 1512/546/1221
f 1512/546/1221 1520/539/1228 1522/553/1230
f 1512/546/1221 1522/553/1230 1503/539/1212
f 1503/539/1212 1522/553/1230 1521/552/1229
f 1503/539/1212 1521/552/1229 1504/540/1213
f 1561/570/1264 1608/586/1305 1562/577/1265
f 1562/577/1265 1608/586/1305 1609/587/1306
f 1562/577/1265 1609/587/1306 1560/576/1263
f 1560/576/1263 1609/587/1306 1610/588/1307
f 1560/576/1263 1610/588/1307 1485/522/1194
f 1485/522/1194 1610/588/1307 1611/589/1308
f 1485/522/1194 1611/589/1308 1486/523/1195
f 1596/523/1294 1612/589/1309 1595/522/1293
f 1595/522/1293 1612/589/1309 1613/588/1310
f 1595/522/1293 1613/588/1310 1593/576/1291
f 1593/576/1291 1613/588/1310 1614/587/1311
f 1593/576/1291 1614/587/1311 1591/577/1289
f 1591/577/1289 1614/587/1311 1615/586/1312
f 1591/577/1289 1615/586/1312 1592/570/1290
f 1607/585/1304 1616/590/1277 1605/583/1302
f 1605/583/1302 1616/590/1277 1617/591/1275
f 1605/583/1302 1617/591/1275 1528/559/1235
f 1528/559/1235 1617/591/1275 1618/592/1313
f 1528/559/1235 1618/592/1313 1526/557/1234
f 1526/557/1234 1618/592/1313 1619/593/1314
f 1506/542/1215 1505/541/1214 1583/580/1224
f 1583/580/1224 1505/541/1214 1620/594/1315
f 1583/580/1224 1620/594/1315 1581/541/1283
f 1581/541/1283 1620/594/1315 1495/532/1204
f 1581/541/1283 1495/532/1204 1491/528/1200
f 1491/528/1200 1495/532/1204 1494/531/1203
f 1491/528/1200 1494/531/1203 1492/529/1201
f 1492/529/1201 1494/531/1203 1556/575/1260
f 1492/529/1201 1556/575/1260 1586/544/1208
f 1509/543/1218 1508/529/1217 1507/527/1216
f 1507/527/1216 1508/529/1217 1602/528/1300
f 1507/527/1216 1602/528/1300 1505/541/1214
f 1505/541/1214 1602/528/1300 1535/532/1242
f 1505/541/1214 1535/532/1242 1620/594/1315
f 1620/594/1315 1535/532/1242 1530/561/1237
f 1620/594/1315 1530/561/1237 1495/532/1204
f 1495/532/1204 1530/561/1237 1589/563/1287
f 1495/532/1204 1589/563/1287 1493/530/1202
f 1493/530/1202 1589/563/1287 1576/534/1278
f 1493/530/1202 1576/534/1278 1587/533/1285
