mtllib elder_researcher.mtl
o npc_01-0001-0
v -2.073458 37.425594 27.128315
v 0.000000 39.400837 28.169844
v -0.807841 39.237469 27.165644
v -0.500861 40.321625 28.767138
v -2.552777 39.972614 28.098915
v -4.330027 44.012203 27.695742
v -2.552777 39.972614 28.098915
v -0.710900 44.561707 28.509554
v -0.500861 40.321625 28.767138
v 0.000000 45.385960 27.494156
v 0.000000 39.400837 28.169844
v 0.500861 40.321625 28.767138
v 0.807841 39.237469 27.165644
v 2.552777 39.972614 28.098915
v 2.315811 38.829056 26.280903
v 7.092843 39.579052 26.363031
v 6.802020 38.428066 25.463358
v 8.153808 39.541920 23.585617
v 6.791249 38.940437 23.772272
v 6.802020 38.428066 25.463358
v 4.766261 39.861225 24.578617
v 6.791249 38.940437 23.772272
v 4.766261 39.861225 24.578617
v 6.802020 38.428066 25.463358
v 3.662212 40.046867 25.112448
v 2.315811 38.829056 26.280903
v 1.556440 39.720139 25.153513
v 0.807841 39.237469 27.165644
v 2.073458 37.425594 27.128315
v 0.000000 39.400837 28.169844
v 0.000000 37.640942 29.483891
v -2.073458 37.425594 27.128315
v 0.000000 36.096394 28.214643
v -2.084230 33.898384 28.050386
v 0.000000 33.838978 28.677546
v 0.000000 33.623631 27.893597
v 2.084230 33.608780 27.352301
v -2.084230 33.898384 28.050386
v -4.518523 32.739967 23.985060
v -2.084230 33.608780 27.352301
v 0.000000 33.623631 27.893597
v -2.084230 33.898384 28.050386
v -4.518523 32.739967 23.985060
v -2.084230 33.898384 28.050386
v -3.807623 37.321636 25.873999
v -2.073458 37.425594 27.128315
v -1.556440 39.720139 25.153513
v -0.807841 39.237469 27.165644
v -2.315811 38.829056 26.280903
v -2.552777 39.972614 28.098915
v -7.092843 39.586479 26.363031
v -4.330027 44.012203 27.695742
v -7.022830 44.034481 25.552952
v 6.144977 40.484985 4.184784
v 9.726405 33.408283 11.266443
v 6.279617 29.242456 12.207181
v 6.144977 30.564234 8.612222
v 6.279617 29.242456 12.207181
v 0.000000 21.742489 13.480162
v 6.279617 29.242456 12.207181
v 0.000000 27.935534 16.683147
v 0.000000 21.742489 13.480162
v -6.279617 29.242456 12.207181
v -6.144977 30.564234 8.612222
v 0.000000 40.915676 0.836208
v -6.554283 37.351334 3.830141
v -6.144977 40.484985 4.184784
v -6.144977 30.564234 8.612222
v -6.279617 29.242456 12.207181
v 6.279617 29.242456 12.207181
v 6.144977 30.564234 8.612222
v 6.144977 40.484985 4.184784
v 6.554283 37.351334 3.830141
v 0.000000 40.915676 0.836208
v 0.000000 37.551830 -0.466638
v -6.554283 37.351334 3.830141
v 4.410811 38.576576 24.500223
v 5.331750 38.502319 24.100782
v 5.207881 38.940437 23.746140
v -4.410811 38.576576 24.500223
v -4.766261 39.861225 24.578617
v -5.207881 38.940437 23.746140
v 7.819900 32.212742 21.017258
v 6.279617 29.242456 12.207181
v 9.726405 33.408283 11.266443
v 3.845323 29.962753 22.368633
v 0.000000 29.398399 25.317770
v 6.279617 29.242456 12.207181
v 9.726405 33.408283 11.266443
v 6.144977 40.484985 4.184784
v 9.834117 36.668167 10.482495
v 9.683320 41.257259 4.602889
v 12.979311 34.752335 5.804942
v 4.777033 35.049362 18.594486
v 4.518523 32.739967 23.985060
v 2.084230 33.608780 27.352301
v 0.000000 36.096394 28.214643
v 0.000000 33.838978 28.677546
v 2.084230 33.898384 28.050386
v 2.084230 33.608780 27.352301
v 4.518523 32.739967 23.985060
v -7.922227 39.036972 22.469425
v -8.466173 37.054306 23.712543
v -5.331750 38.502319 24.100782
v -4.410811 38.576576 24.500223
v -5.207881 38.940437 23.746140
v -5.331750 38.502319 24.100782
v 2.073458 37.425594 27.128315
v 3.807623 37.321636 25.873999
v 1.556440 39.720139 25.153513
v 9.834117 36.668167 10.482495
v 9.586379 35.502335 17.672415
v -3.845323 29.962753 22.368633
v -3.231364 31.410767 25.045256
v -4.518523 32.739967 23.985060
v -7.922227 39.036972 22.469425
v -10.550402 42.608742 14.943530
v -8.466173 37.054306 23.712543
v -9.586379 35.502335 17.672415
v -7.819900 32.212742 21.017258
v 0.000000 33.816696 14.174515
v 4.777033 35.049362 18.594486
v 2.084230 33.608780 27.352301
v 5.331750 38.502319 24.100782
v 4.410811 38.576576 24.500223
v 3.285220 38.420639 25.157246
v 3.355233 38.621132 24.769005
v 1.723394 39.920631 24.731674
v 0.000000 33.816696 14.174515
v -4.394655 33.786991 19.650949
v -2.084230 33.853828 27.240309
v -12.979311 34.752335 5.804942
v -9.834117 36.668167 10.482495
v -11.099734 42.786957 13.622018
v 2.078844 33.853828 27.240309
v 4.394655 33.786991 19.650949
v 0.000000 33.816696 14.174515
v -4.394655 33.786991 19.650949
v -4.518523 32.739967 23.985060
v -2.084230 33.853828 27.240309
v 2.084230 33.608780 27.352301
v 0.000000 33.623631 27.893597
v 0.000000 33.816696 14.174515
v -2.084230 33.608780 27.352301
v -4.777033 35.049362 18.594486
v -2.084230 33.853828 27.240309
v 0.000000 33.749866 27.957060
v 0.000000 33.816696 14.174515
v 2.078844 33.853828 27.240309
v 4.394655 33.786991 19.650949
v 2.078844 33.853828 27.240309
v 2.342739 33.200367 27.389631
v -2.084230 33.608780 27.352301
v -4.518523 32.739967 23.985060
v -4.777033 35.049362 18.594486
v -4.394655 33.786991 19.650949
v -2.342739 33.200367 27.389631
v 0.000000 33.029575 28.722342
v -2.084230 33.853828 27.240309
v 0.000000 33.749866 27.957060
v -3.807623 37.321636 25.873999
v -1.556440 39.720139 25.153513
v -3.285220 38.420639 25.157246
v -1.723394 39.913204 24.731674
v -3.355233 38.621132 24.769005
v 5.207881 38.940437 23.746140
v 4.766261 39.861225 24.578617
v 4.410811 38.576576 24.500223
v 3.662212 40.046867 25.112448
v 3.355233 38.621132 24.769005
v 1.723394 39.920631 24.731674
v -4.766261 39.861225 24.578617
v -4.410811 38.576576 24.500223
v -3.662212 40.046867 25.112448
v -3.355233 38.621132 24.769005
v -1.723394 39.913204 24.731674
v -12.979311 34.752335 5.804942
v -9.683320 41.257259 4.602889
v -9.834117 36.668167 10.482495
v -6.144977 40.484985 4.184784
v -9.726405 33.408283 11.266443
v -6.279617 29.242456 12.207181
v 0.000000 37.640942 29.483891
v 2.073458 37.425594 27.128315
v 3.807623 37.321636 25.873999
v 8.466173 37.054306 23.712543
v 12.979311 34.752335 5.804942
v 11.099734 42.786957 13.622018
v 9.834117 36.668167 10.482495
v 10.550402 42.608742 14.943530
v 9.586379 35.502335 17.672415
v -6.279617 29.242456 12.207181
v -7.819900 32.212742 21.017258
v -9.726405 33.408283 11.266443
v -9.834117 36.668167 10.482495
v -10.550402 42.608742 14.943530
v -11.099734 42.786957 13.622018
v 1.723394 39.920631 24.731674
v 1.556440 39.720139 25.153513
v 3.285220 38.420639 25.157246
v 5.331750 38.502319 24.100782
v 7.922227 39.036972 22.469425
v 10.550402 42.608742 14.943530
v -4.518523 32.739967 23.985060
v -3.231364 31.410767 25.045256
v 0.000000 33.029575 28.722342
v 0.000000 30.623640 26.971525
v 3.231364 31.410767 25.045256
v 6.279617 29.242456 12.207181
v 3.845323 29.962753 22.368633
v 0.000000 33.029575 28.722342
v -4.410811 38.576576 24.500223
v -3.285220 38.420639 25.157246
v -5.331750 38.502319 24.100782
v -3.807623 37.321636 25.873999
v -8.466173 37.054306 23.712543
v -4.518523 32.739967 23.985060
v -3.845323 29.962753 22.368633
v -6.279617 29.242456 12.207181
v 0.000000 29.398399 25.317770
v 0.000000 27.935534 16.683147
v -8.153808 39.541920 23.585617
v -5.703357 38.970139 23.772272
v -6.802020 38.428066 25.463358
v -4.766261 39.861225 24.578617
v -3.662212 40.046867 25.112448
v -7.022830 44.034481 25.552952
v -8.003011 41.494884 24.377031
v -7.092843 39.586479 26.363031
v -8.003011 41.494884 24.377031
v -8.153808 39.541920 23.585617
v -7.092843 39.586479 26.363031
v -6.802020 38.428066 25.463358
v -2.315811 38.829056 26.280903
v -3.662212 40.046867 25.112448
v -1.556440 39.720139 25.153513
v 7.092843 39.579052 26.363031
v 8.153808 39.541920 23.585617
v 8.003011 41.494884 24.377031
v 0.000000 45.385960 27.494156
v 0.500861 40.321625 28.767138
v 0.710900 44.561707 28.509554
v 2.552777 39.972614 28.098915
v 4.330027 44.012203 27.695742
v 7.092843 39.579052 26.363031
v 7.022830 44.034481 25.552952
v 8.003011 41.494884 24.377031
v 10.550402 42.608742 14.943530
v 11.083577 47.197830 10.699013
v 7.496764 48.185452 20.882866
v -4.448511 45.185467 26.497421
v -4.330027 44.012203 27.695742
v -0.710900 44.561707 28.509554
v -4.766261 39.861225 24.578617
v -5.703357 38.970139 23.772272
v -5.207881 38.940437 23.746140
v -3.662212 40.046867 25.112448
v -1.723394 39.913204 24.731674
v -1.556440 39.720139 25.153513
v 4.766261 39.861225 24.578617
v 5.207881 38.940437 23.746140
v 6.791249 38.940437 23.772272
v -11.099734 42.786957 13.622018
v -10.550402 42.608742 14.943530
v -11.083577 47.197830 10.699013
v -7.496764 48.185452 20.882866
v 11.099734 42.786957 13.622018
v 0.000000 49.091389 24.373299
v -0.840155 45.675564 27.113380
v 12.979311 34.752335 5.804942
v 12.640017 34.165703 15.962662
v 15.241265 30.564234 12.569290
v 13.447858 27.252367 14.264111
v 0.000000 55.432945 10.512360
v 0.000000 53.903248 17.862801
v 7.599090 52.729984 10.971528
v 7.496764 48.185452 20.882866
v 11.083577 47.197830 10.699013
v -9.683320 41.257259 4.602889
v -12.979311 34.752335 5.804942
v -13.593270 40.975082 10.310773
v -15.241265 30.564234 12.569290
v -12.640017 34.165703 15.962662
v -13.447858 27.252367 14.264111
v -13.447858 27.252367 14.264111
v -15.241265 30.564234 12.569290
v -12.640017 34.165703 15.962662
v -12.979311 34.752335 5.804942
v 11.099734 42.786957 13.622018
v 13.593270 40.975082 10.310773
v 12.640017 34.165703 15.962662
v 15.241265 30.564234 12.569290
v 13.447858 27.252367 14.264111
v 4.448511 45.185467 26.497421
v 0.000000 53.903248 17.862801
v 1.556440 39.720139 25.153513
v 1.723394 39.920631 24.731674
v 3.662212 40.046867 25.112448
v 9.683320 41.257259 4.602889
v 6.144977 40.484985 4.184784
v 8.336918 47.242386 6.103588
v 0.000000 46.484962 0.164252
v 0.000000 52.306721 3.356038
v -8.336918 47.242386 6.103588
v -7.599090 52.729984 10.971528
v -11.083577 47.197830 10.699013
v -7.496764 48.185452 20.882866
v 0.000000 40.915676 0.836208
v -6.144977 40.484985 4.184784
v -11.099734 42.786957 13.622018
v 0.000000 45.385960 27.494156
v 0.840155 45.675564 27.113380
v -7.022830 44.034481 25.552952
v -8.003011 41.494884 24.377031
v -8.153808 39.541920 23.585617
v -7.922227 39.036972 22.469425
v -5.331750 38.502319 24.100782
v 12.979311 34.752335 5.804942
v 5.331750 38.502319 24.100782
v 7.922227 39.036972 22.469425
v 8.153808 39.541920 23.585617
v 8.003011 41.494884 24.377031
v 7.022830 44.034481 25.552952
v 4.330027 44.012203 27.695742
v 0.710900 44.561707 28.509554
v -3.231364 31.410767 25.045256
v -3.845323 29.962753 22.368633
v 0.000000 29.398399 25.317770
v 3.845323 29.962753 22.368633
v 3.231364 31.410767 25.045256
v 0.000000 30.623640 26.971525
vn -0.6550 0.3157 0.6865
vn -0.0000 0.1491 0.9888
vn -0.4876 -0.6134 0.6213
vn 0.1894 -0.3551 0.9155
vn -0.2127 -0.4805 0.8508
vn -0.4172 0.2992 0.8582
vn -0.2127 -0.4806 0.8508
vn -0.0000 0.3863 0.9224
vn 0.1894 -0.3551 0.9154
vn -0.0000 0.5180 0.8554
vn -0.0000 0.1492 0.9888
vn -0.1894 -0.3551 0.9154
vn 0.4876 -0.6134 0.6213
vn 0.2127 -0.4806 0.8508
vn -0.0628 -0.9980 0.0078
vn 0.6414 -0.3051 0.7040
vn 0.1490 -0.9881 -0.0392
vn 0.8243 -0.5339 0.1884
vn 0.1491 -0.9109 0.3848
vn 0.1332 -0.8849 0.4464
vn 0.1492 -0.9109 0.3847
vn 0.1331 -0.8849 0.4464
vn 0.1412 -0.9336 0.3294
vn -0.0628 -0.9980 0.0079
vn 0.9414 -0.0079 0.3373
vn 0.4876 -0.6134 0.6212
vn 0.6550 0.3157 0.6865
vn -0.0000 -0.0550 0.9985
vn -0.6550 0.3156 0.6866
vn -0.0000 -0.0236 0.9997
vn -0.4947 -0.2748 0.8245
vn -0.0000 -0.5088 0.8609
vn -0.0000 -0.9888 0.1491
vn -0.0157 -0.9979 0.0629
vn -0.4946 -0.2748 0.8245
vn -0.6142 -0.3307 0.7166
vn 0.0157 -0.9979 0.0629
vn -0.6142 -0.3307 0.7165
vn -0.5439 0.3626 0.7567
vn -0.9413 -0.0078 0.3374
vn 0.0629 -0.9980 0.0079
vn -0.6413 -0.3050 0.7040
vn -0.4173 0.2991 0.8581
vn -0.7247 0.3544 0.5909
vn 0.6848 -0.1338 -0.7163
vn 0.8930 -0.3838 -0.2350
vn 0.6828 -0.7299 0.0314
vn 0.9788 -0.2036 -0.0235
vn 0.6828 -0.7299 0.0313
vn -0.0000 -0.9125 0.4090
vn 0.6828 -0.7300 0.0314
vn -0.0000 -0.8308 0.5565
vn -0.6828 -0.7299 0.0314
vn -0.9788 -0.2036 -0.0235
vn -0.0000 0.1414 -0.9899
vn -0.7929 0.2277 -0.5652
vn -0.6848 -0.1338 -0.7163
vn -0.9788 -0.2035 -0.0235
vn -0.6828 -0.7300 0.0313
vn 0.6828 -0.7299 0.0315
vn 0.9788 -0.2035 -0.0235
vn 0.7925 0.2311 -0.5644
vn -0.0000 0.1415 -0.9899
vn -0.0000 0.3605 -0.9328
vn -0.7929 0.2277 -0.5653
vn 0.4319 0.2592 0.8639
vn 0.3614 0.4635 0.8091
vn 0.3378 0.1100 0.9348
vn -0.4319 0.2592 0.8639
vn -0.0865 -0.8253 0.5580
vn -0.3213 0.1098 0.9406
vn 0.7622 -0.5422 0.3536
vn 0.6829 -0.7299 0.0314
vn 0.8930 -0.3838 -0.2349
vn 0.5422 -0.7386 0.4007
vn 0.0001 -0.9327 0.3605
vn 0.6848 -0.1337 -0.7164
vn 0.8416 -0.5270 -0.1179
vn 0.4783 -0.0000 -0.8782
vn -0.1566 -0.8849 -0.4386
vn -0.9452 -0.3073 0.1103
vn 0.6142 -0.3308 0.7165
vn 0.4947 -0.2748 0.8245
vn 0.6142 -0.3307 0.7165
vn -0.7297 -0.0393 0.6826
vn -0.7310 0.0943 0.6759
vn -0.3223 0.5502 0.7703
vn -0.3214 0.1097 0.9406
vn 0.6550 0.3157 0.6866
vn 0.5439 0.3626 0.7567
vn 0.9414 -0.0078 0.3373
vn 0.8416 -0.5270 -0.1180
vn 0.9793 -0.1645 0.1175
vn -0.5422 -0.7386 0.4007
vn -0.6237 -0.5606 0.5447
vn -0.7297 -0.0392 0.6826
vn -0.9618 0.0078 0.2737
vn -0.7309 0.0943 0.6759
vn -0.9793 -0.1645 0.1176
vn -0.7622 -0.5422 0.3536
vn -0.0000 -0.9992 -0.0393
vn -0.9452 -0.3072 0.1103
vn 0.3613 0.4635 0.8091
vn 0.3850 0.6758 0.6286
vn 0.2276 0.3453 0.9105
vn 0.3841 -0.3292 0.8626
vn -0.0000 0.9821 0.1885
vn 0.3055 0.9164 0.2585
vn -0.3858 0.8267 0.4095
vn 0.1567 -0.8849 -0.4386
vn -0.8416 -0.5270 -0.1180
vn -0.8117 -0.0316 0.5832
vn 0.3833 0.8292 0.4067
vn -0.3054 0.9164 0.2585
vn 0.0001 0.9821 0.1886
vn -0.3859 0.8267 0.4094
vn -0.0000 -0.9992 -0.0394
vn 0.9452 -0.3072 0.1103
vn -0.0000 0.9301 0.3673
vn 0.3833 0.8292 0.4068
vn -0.3055 0.9165 0.2585
vn 0.7069 -0.0236 0.7069
vn -0.6142 -0.3306 0.7165
vn 0.9452 -0.3072 0.1102
vn 0.3054 0.9165 0.2585
vn -0.7069 -0.0236 0.7069
vn -0.0000 0.2351 0.9720
vn -0.3858 0.8267 0.4094
vn -0.0000 0.9301 0.3674
vn -0.5439 0.3627 0.7567
vn -0.9414 -0.0079 0.3373
vn -0.3851 0.6757 0.6286
vn -0.3842 -0.3293 0.8625
vn -0.2276 0.3453 0.9105
vn 0.1332 -0.8849 0.4463
vn 0.1412 -0.9335 0.3295
vn 0.2276 0.3454 0.9104
vn 0.3842 -0.3293 0.8625
vn -0.0774 -0.8232 0.5625
vn -0.1413 -0.9335 0.3295
vn -0.2276 0.3454 0.9104
vn 0.1566 -0.8850 -0.4385
vn -0.4783 -0.0000 -0.8782
vn -0.8417 -0.5270 -0.1180
vn -0.8930 -0.3838 -0.2350
vn -0.6829 -0.7299 0.0314
vn 0.6550 0.3156 0.6866
vn 0.5439 0.3626 0.7568
vn 0.7309 0.0943 0.6759
vn -0.1567 -0.8849 -0.4386
vn 0.8117 -0.0316 0.5832
vn 0.9618 0.0078 0.2737
vn -0.7623 -0.5422 0.3536
vn -0.8930 -0.3838 -0.2349
vn -0.9793 -0.1646 0.1175
vn -0.8118 -0.0315 0.5831
vn 0.9413 -0.0079 0.3373
vn 0.3850 0.6757 0.6286
vn 0.7783 -0.3538 0.5188
vn -0.6237 -0.5605 0.5448
vn 0.0001 0.2352 0.9720
vn -0.0000 -0.7226 0.6913
vn 0.6237 -0.5605 0.5448
vn 0.6238 -0.5605 0.5448
vn -0.0000 0.2352 0.9720
vn -0.3850 0.6757 0.6286
vn -0.5439 0.3626 0.7568
vn -0.6141 -0.3307 0.7165
vn -0.5421 -0.7386 0.4007
vn -0.0000 -0.9328 0.3605
vn -0.0000 -0.8309 0.5565
vn -0.7987 -0.5716 0.1880
vn -0.0549 -0.6981 0.7138
vn -0.0628 -0.9975 0.0314
vn -0.0864 -0.8253 0.5581
vn -0.1411 -0.9335 0.3295
vn -0.7248 0.3545 0.5908
vn -0.9369 0.0866 0.3386
vn -0.6414 -0.3050 0.7039
vn -0.9370 0.0866 0.3386
vn -0.7987 -0.5716 0.1879
vn -0.6414 -0.3051 0.7040
vn -0.1411 -0.9336 0.3295
vn -0.9414 -0.0078 0.3373
vn 0.6414 -0.3050 0.7040
vn 0.8244 -0.5338 0.1884
vn 0.9370 0.0866 0.3386
vn -0.1894 -0.3552 0.9154
vn 0.2127 -0.4805 0.8508
vn 0.4172 0.2991 0.8581
vn 0.7248 0.3544 0.5909
vn 0.9369 0.0866 0.3386
vn 0.9235 0.3835 -0.0000
vn 0.7155 0.5425 0.4403
vn -0.3611 0.6672 0.6515
vn -0.4172 0.2992 0.8581
vn -0.0865 -0.8253 0.5581
vn -0.0549 -0.6982 0.7138
vn -0.3213 0.1097 0.9406
vn -0.1412 -0.9335 0.3295
vn -0.9413 -0.0079 0.3374
vn 0.1492 -0.9109 0.3848
vn -0.8118 -0.0315 0.5832
vn -0.9235 0.3835 -0.0000
vn -0.7155 0.5425 0.4403
vn 0.8117 -0.0315 0.5832
vn -0.0000 0.7227 0.6912
vn -0.1493 0.6992 0.6992
vn -0.9325 -0.2351 -0.2743
vn -0.8818 -0.2598 -0.3936
vn -0.7546 0.0707 -0.6524
vn -0.0000 0.9948 -0.1018
vn -0.0000 0.9125 0.4090
vn 0.6064 0.7875 -0.1102
vn 0.7154 0.5425 0.4402
vn -0.4783 0.0001 -0.8782
vn -0.9569 0.2902 0.0078
vn -0.9505 0.0864 0.2985
vn -0.8367 0.1421 0.5289
vn -0.7546 -0.0707 0.6524
vn 0.7546 0.0707 -0.6524
vn 0.8818 -0.2598 -0.3936
vn 0.9325 -0.2351 -0.2743
vn -0.8117 -0.0315 0.5832
vn 0.9569 0.2902 0.0078
vn 0.8367 0.1421 0.5289
vn 0.9505 0.0864 0.2985
vn 0.7546 -0.0707 0.6524
vn 0.3611 0.6672 0.6515
vn -0.0000 0.9125 0.4091
vn 0.1413 -0.9335 0.3295
vn 0.5806 0.3766 -0.7218
vn -0.0000 0.7378 -0.6750
vn -0.5806 0.3766 -0.7218
vn -0.6064 0.7875 -0.1103
vn -0.7154 0.5425 0.4402
vn -0.0000 0.1414 -0.9900
vn 0.1493 0.6992 0.6992
vn -0.9370 0.0866 0.3385
vn -0.7297 -0.0392 0.6827
vn -0.3222 0.5502 0.7703
vn 0.8243 -0.5338 0.1885
vn 0.7248 0.3545 0.5908
vn 0.4173 0.2992 0.8581
vn -0.6237 -0.5606 0.5448
vn -0.5421 -0.7386 0.4008
vn -0.0000 -0.9327 0.3606
vn 0.5421 -0.7386 0.4008
vn 0.6237 -0.5606 0.5448
vn -0.0000 -0.7227 0.6912
vt 0.052734 0.263672
vt 0.009979 0.199219
vt 0.027344 0.199219
vt 0.027344 0.183594
vt 0.083984 0.185547
vt 0.082031 0.152344
vt 0.027344 0.152344
vt 0.009979 0.136719
vt 0.091797 0.205078
vt 0.144531 0.191406
vt 0.144531 0.214844
vt 0.197266 0.205078
vt 0.162933 0.226196
vt 0.126953 0.220703
vt 0.091797 0.212891
vt 0.052734 0.212891
vt 0.009979 0.246094
vt 0.009979 0.285156
vt 0.064453 0.326172
vt 0.009979 0.316406
vt 0.009979 0.332031
vt 0.064453 0.337891
vt 0.123047 0.365234
vt 0.099609 0.287109
vt 0.160156 0.152344
vt 0.673828 0.474609
vt 0.646484 0.560547
vt 0.669922 0.580078
vt 0.185547 0.494141
vt 0.189453 0.466797
vt 0.009979 0.535156
vt 0.009979 0.480469
vt 0.814453 0.466797
vt 0.728516 0.541016
vt 0.705078 0.564453
vt 0.814453 0.529297
vt 0.119141 0.228516
vt 0.146484 0.236328
vt 0.146484 0.228516
vt 0.152344 0.925781
vt 0.167969 0.847656
vt 0.238281 0.902344
vt 0.189453 0.419922
vt 0.349609 0.400391
vt 0.115234 0.431641
vt 0.009979 0.441406
vt 0.626953 0.533203
vt 0.634766 0.423828
vt 0.566406 0.496094
vt 0.511719 0.597656
vt 0.511719 0.628906
vt 0.542969 0.613281
vt 0.208984 0.228516
vt 0.189453 0.275391
vt 0.388672 0.337891
vt 0.267578 0.345703
vt 0.095642 0.407928
vt 0.316406 0.222656
vt 0.480469 0.511719
vt 0.542969 0.589844
vt 0.542969 0.660156
vt 0.087891 0.236328
vt 0.091797 0.228516
vt 0.076172 0.220703
vt 0.511719 0.316406
vt 0.417969 0.183594
vt 0.480469 0.636719
vt 0.480469 0.613281
vt 0.480469 0.589844
vt 0.480469 0.660156
vt 0.068359 0.357422
vt 0.009979 0.347656
vt 0.105469 0.847656
vt 0.097656 0.925781
vt 0.042969 0.894531
vt 0.009979 0.417969
vt 0.199219 0.167969
vt 0.384766 0.173828
vt 0.215973 0.039948
vt 0.089844 0.136719
vt 0.009979 0.066406
vt 0.027344 0.136719
vt 0.556641 0.201172
vt 0.574219 0.269531
vt 0.630859 0.224609
vt 0.814453 0.287109
vt 0.814453 0.240234
vt 0.708984 0.326172
vt 0.741486 0.230072
vt 0.654297 0.302734
vt 0.574219 0.378906
vt 0.457031 0.441406
vt 0.474609 0.388672
vt 0.423828 0.427734
vt 0.576172 0.341797
vt 0.009979 0.009979
vt 0.689453 0.396484
vt 0.814453 0.408203
vt 0.814453 0.337891
s 1
usemtl npc01_03
f 1/1/1 2/2/2 3/3/3
f 3/3/3 2/2/2 4/4/4
f 3/3/3 4/4/4 5/5/5
f 6/6/6 7/5/7 8/7/8
f 8/7/8 7/5/7 9/4/9
f 8/7/8 9/4/9 10/8/10
f 10/8/10 9/4/9 11/2/11
f 10/8/10 11/2/11 12/4/12
f 12/4/12 11/2/11 13/3/13
f 12/4/12 13/3/13 14/5/14
f 14/5/14 13/3/13 15/9/15
f 14/5/14 15/9/15 16/10/16
f 16/10/16 15/9/15 17/11/17
f 16/10/16 17/11/17 18/12/18
f 18/12/18 17/11/17 19/13/19
f 20/11/17 21/14/20 22/13/21
f 23/14/22 24/11/17 25/15/23
f 25/15/23 24/11/17 26/9/24
f 25/15/23 26/9/24 27/16/25
f 27/16/25 26/9/24 28/3/26
f 27/16/25 28/3/26 29/1/27
f 29/1/27 28/3/26 30/2/2
f 29/1/27 30/2/2 31/17/28
f 31/17/28 30/2/2 32/1/29
f 31/17/28 32/1/29 33/18/30
f 33/18/30 32/1/29 34/19/31
f 33/18/30 34/19/31 35/20/32
f 35/20/32 34/19/31 36/21/33
f 35/20/32 36/21/33 37/22/34
f 38/19/35 39/23/36 40/22/37
f 40/22/37 41/21/33 42/19/31
f 43/23/38 44/19/31 45/24/39
f 45/24/39 44/19/31 46/1/1
f 45/24/39 46/1/1 47/16/40
f 47/16/40 46/1/1 48/3/3
f 47/16/40 48/3/3 49/9/41
f 49/9/41 48/3/3 50/5/7
f 49/9/41 50/5/7 51/10/42
f 51/10/42 50/5/7 52/6/43
f 51/10/42 52/6/43 53/25/44
f 54/26/45 55/27/46 56/28/47
f 57/29/48 58/30/49 59/31/50
f 60/30/51 61/32/52 62/31/50
f 62/31/50 61/32/52 63/30/53
f 62/31/50 63/30/53 64/29/54
f 65/33/55 66/34/56 67/26/57
f 67/26/57 66/34/56 68/35/58
f 67/26/57 68/35/58 69/28/59
f 70/28/60 71/35/61 72/26/45
f 72/26/45 71/35/61 73/34/62
f 72/26/45 73/34/62 74/33/63
f 74/33/63 73/34/62 75/36/64
f 74/33/63 75/36/64 76/34/65
f 77/37/66 78/38/67 79/39/68
f 80/40/69 81/41/70 82/42/71
f 83/43/72 84/30/73 85/44/74
f 86/45/75 87/46/76 88/30/49
f 89/27/46 90/26/77 91/47/78
f 91/47/78 90/26/77 92/48/79
f 91/47/78 92/48/79 93/49/80
f 94/50/81 95/51/82 96/52/34
f 97/18/30 98/20/32 99/19/83
f 99/19/83 98/20/32 100/22/34
f 99/19/83 100/22/34 101/23/84
f 102/53/85 103/54/86 104/38/87
f 105/37/69 106/39/88 107/38/87
f 108/1/89 109/24/90 110/16/91
f 111/55/92 112/56/93 85/44/74
f 85/44/74 112/56/93 83/43/72
f 113/45/94 114/57/95 115/23/38
f 116/53/96 117/58/97 118/54/98
f 118/54/98 117/58/97 119/56/99
f 118/54/98 119/56/99 120/43/100
f 121/59/101 122/60/102 123/61/34
f 124/38/103 125/37/66 126/62/104
f 126/62/104 125/37/66 127/63/105
f 126/62/104 127/63/105 128/64/106
f 129/59/107 130/60/108 131/61/109
f 132/65/110 133/55/111 134/66/112
f 135/67/113 95/51/82 136/68/114
f 136/68/114 95/51/82 94/50/81
f 136/68/114 94/50/81 137/69/115
f 138/68/108 139/51/38 140/67/116
f 141/61/34 142/70/33 143/59/117
f 143/59/117 142/70/33 144/61/37
f 143/59/117 144/61/37 145/60/118
f 146/61/116 147/70/119 148/59/107
f 148/59/107 147/70/119 149/61/120
f 148/59/107 149/61/120 150/60/121
f 151/22/120 152/71/122 101/23/84
f 153/52/37 154/51/123 155/50/124
f 155/50/124 154/51/123 156/68/125
f 155/50/124 156/68/125 137/69/107
f 157/71/126 158/72/127 159/22/128
f 159/22/128 158/72/127 160/21/129
f 161/24/130 162/16/131 163/62/132
f 163/62/132 162/16/131 164/64/133
f 163/62/132 164/64/133 165/63/134
f 166/42/68 167/41/135 168/40/66
f 168/40/66 167/41/135 169/73/136
f 168/40/66 169/73/136 170/74/137
f 170/74/137 169/73/136 171/75/138
f 172/41/139 173/40/69 174/73/140
f 174/73/140 173/40/69 175/74/141
f 174/73/140 175/74/141 176/75/133
f 177/49/142 178/48/143 179/47/144
f 179/47/144 178/48/143 180/26/57
f 179/47/144 180/26/57 181/27/145
f 181/27/145 180/26/57 182/28/146
f 183/17/28 97/18/30 184/1/147
f 184/1/147 97/18/30 99/19/83
f 184/1/147 99/19/83 185/24/148
f 185/24/148 99/19/83 101/23/84
f 185/24/148 101/23/84 186/54/149
f 187/65/150 188/66/151 189/55/92
f 189/55/92 188/66/151 190/58/152
f 189/55/92 190/58/152 191/56/93
f 191/56/93 190/58/152 186/54/149
f 191/56/93 186/54/149 83/43/72
f 83/43/72 186/54/149 101/23/84
f 192/30/146 193/43/153 194/44/154
f 194/44/154 193/43/153 119/56/155
f 194/44/154 119/56/155 195/55/111
f 195/55/111 119/56/155 196/58/97
f 195/55/111 196/58/97 197/66/156
f 198/64/138 199/16/157 200/62/158
f 200/62/158 199/16/157 185/24/148
f 200/62/158 185/24/148 201/38/103
f 201/38/103 185/24/148 186/54/149
f 201/38/103 186/54/149 202/53/159
f 202/53/159 186/54/149 203/58/152
f 159/22/128 204/23/38 157/71/126
f 157/71/126 204/23/38 205/57/160
f 157/71/126 205/57/160 206/72/161
f 206/72/161 205/57/160 207/76/162
f 206/72/161 207/76/162 208/57/163
f 209/30/47 83/43/72 210/45/75
f 210/45/75 83/43/72 101/23/84
f 210/45/75 101/23/84 208/57/164
f 208/57/164 101/23/84 152/71/122
f 208/57/164 152/71/122 211/72/165
f 211/72/165 152/71/122 151/22/120
f 211/72/165 151/22/120 160/21/129
f 165/63/134 212/37/69 213/62/166
f 213/62/166 212/37/69 214/38/87
f 213/62/166 214/38/87 215/24/167
f 215/24/167 214/38/87 216/54/98
f 215/24/167 216/54/98 217/23/168
f 217/23/168 216/54/98 120/43/100
f 217/23/168 120/43/100 218/45/169
f 218/45/169 120/43/100 219/30/53
f 218/45/169 219/30/53 220/46/170
f 220/46/170 219/30/53 221/32/171
f 220/46/170 221/32/171 84/30/47
f 222/12/172 223/13/173 224/11/174
f 224/11/174 223/13/173 225/14/175
f 224/11/174 225/14/175 226/15/176
f 227/25/177 228/77/178 229/10/179
f 230/77/180 231/12/181 232/10/182
f 232/10/182 231/12/181 233/11/174
f 232/10/182 233/11/174 234/9/41
f 234/9/41 233/11/174 235/15/183
f 234/9/41 235/15/183 236/16/184
f 237/10/185 238/12/186 239/77/187
f 240/8/10 241/4/188 242/7/8
f 242/7/8 241/4/188 243/5/189
f 242/7/8 243/5/189 244/6/190
f 244/6/190 243/5/189 245/10/185
f 244/6/190 245/10/185 246/25/191
f 246/25/191 245/10/185 247/77/192
f 248/58/152 249/78/193 250/79/194
f 251/80/195 252/6/196 253/7/8
f 254/14/197 255/13/198 256/39/199
f 257/15/200 258/64/133 259/16/201
f 260/14/22 261/39/68 262/13/202
f 263/66/203 264/58/97 265/78/204
f 265/78/204 264/58/97 266/79/205
f 249/78/193 248/58/152 267/66/206
f 266/79/205 251/80/195 268/81/207
f 268/81/207 251/80/195 269/82/208
f 267/66/206 270/65/150 271/83/209
f 271/83/209 270/65/150 272/84/210
f 271/83/209 272/84/210 273/85/211
f 274/86/212 275/87/213 276/88/214
f 276/88/214 275/87/213 277/89/215
f 276/88/214 277/89/215 278/90/193
f 279/48/216 280/49/110 281/91/217
f 281/91/217 280/49/110 282/92/218
f 281/91/217 282/92/218 283/93/219
f 283/93/219 282/92/218 284/94/220
f 285/85/221 286/84/222 287/83/223
f 287/83/223 286/84/222 288/65/110
f 287/83/223 288/65/110 263/66/224
f 278/90/193 289/95/206 290/91/225
f 290/91/225 289/95/206 291/93/226
f 290/91/225 291/93/226 292/92/227
f 292/92/227 291/93/226 293/94/228
f 294/80/229 250/79/194 268/81/207
f 268/81/207 250/79/194 295/96/230
f 268/81/207 295/96/230 266/79/205
f 296/16/157 297/64/138 298/15/231
f 299/48/79 300/26/45 301/97/232
f 301/97/232 300/26/45 302/98/55
f 301/97/232 302/98/55 303/99/233
f 303/99/233 302/98/55 304/97/234
f 303/99/233 304/97/234 305/88/235
f 305/88/235 304/97/234 306/90/204
f 305/88/235 306/90/204 307/89/236
f 300/26/45 308/33/237 302/98/55
f 302/98/55 308/33/237 309/26/57
f 302/98/55 309/26/57 304/97/234
f 304/97/234 309/26/57 279/48/216
f 304/97/234 279/48/216 306/90/204
f 306/90/204 279/48/216 281/91/217
f 306/90/204 281/91/217 310/95/224
f 310/95/224 281/91/217 283/93/219
f 251/80/195 253/7/8 269/82/208
f 269/82/208 253/7/8 311/8/10
f 269/82/208 311/8/10 268/81/207
f 268/81/207 311/8/10 312/82/238
f 268/81/207 312/82/238 294/80/229
f 252/6/196 251/80/195 313/25/177
f 313/25/177 251/80/195 266/79/205
f 313/25/177 266/79/205 314/77/239
f 314/77/239 266/79/205 264/58/97
f 314/77/239 264/58/97 315/12/172
f 315/12/172 264/58/97 316/53/240
f 315/12/172 316/53/240 255/13/198
f 255/13/198 316/53/240 317/38/241
f 255/13/198 317/38/241 256/39/199
f 292/92/227 318/49/150 290/91/225
f 290/91/225 318/49/150 299/48/79
f 290/91/225 299/48/79 278/90/193
f 278/90/193 299/48/79 301/97/232
f 278/90/193 301/97/232 276/88/214
f 276/88/214 301/97/232 303/99/233
f 276/88/214 303/99/233 274/86/212
f 274/86/212 303/99/233 305/88/235
f 274/86/212 305/88/235 275/87/213
f 275/87/213 305/88/235 307/89/236
f 261/39/68 319/38/103 262/13/202
f 262/13/202 319/38/103 320/53/159
f 262/13/202 320/53/159 321/12/242
f 321/12/242 320/53/159 248/58/152
f 321/12/242 248/58/152 322/77/187
f 322/77/187 248/58/152 250/79/194
f 322/77/187 250/79/194 323/25/243
f 323/25/243 250/79/194 294/80/229
f 323/25/243 294/80/229 324/6/244
f 324/6/244 294/80/229 312/82/238
f 324/6/244 312/82/238 325/7/8
f 325/7/8 312/82/238 311/8/10
f 326/57/245 327/45/246 328/46/247
f 329/45/248 330/57/249 328/46/247
f 328/46/247 330/57/249 331/76/250
f 328/46/247 331/76/250 326/57/245
o npc_01-0001-1
v -52.062653 23.027136 1.597758
v -49.439865 23.851389 2.680352
v -48.998245 21.764765 5.338307
v -52.062653 23.027136 1.597758
v -55.681782 25.685539 1.668686
v -49.439865 23.851389 2.680352
v -49.439865 25.856333 5.674285
v -49.439865 23.673172 8.403169
v -51.039391 21.415754 9.022861
v -48.998245 21.764765 5.338307
v -50.893978 20.725164 5.121789
v -52.062653 23.027136 1.597758
v -55.681782 25.685539 1.668686
v -57.006641 26.747417 4.845540
v -57.006641 25.737520 8.029860
v -49.439865 23.673172 8.403169
v -51.039391 21.415754 9.022861
v -59.080097 23.004858 2.183852
v -56.311897 23.168224 1.392438
v -57.599056 24.096437 3.146987
v -60.248775 23.584064 3.046194
v -60.480354 23.212778 5.147920
v -61.902157 21.386053 4.543161
v -60.081821 23.717726 6.260379
v -59.990265 23.197927 8.373304
v -62.295303 22.321692 7.488563
v -55.741024 20.405859 10.269711
v -58.525379 20.851400 8.533827
v -59.785614 20.027147 9.187116
v -61.902157 21.386053 4.543161
v -63.641708 20.843975 3.378439
v -61.735203 21.601398 2.878205
v -60.243389 21.096451 2.109190
v -60.927361 19.759823 1.650021
v -59.828697 20.769718 0.966867
v -61.735203 21.601398 2.878205
v -60.927361 19.759823 1.650021
v -60.243389 21.096451 2.109190
v -61.002762 21.371201 0.929536
v -59.080097 23.004858 2.183852
v -62.295303 22.321692 7.488563
v -63.749420 21.957832 6.316376
v -62.133736 22.938026 6.006529
v -59.785614 20.027147 9.187116
v -58.525379 20.851400 8.533827
v -58.180702 19.381109 8.657019
v -55.509441 21.111301 7.716281
v -60.248775 23.584064 3.046194
v -61.735203 21.601398 2.878205
v -63.016975 22.269712 3.568826
v -63.641708 20.843975 3.378439
v -61.902157 21.386053 4.543161
v -63.749420 21.957832 6.316376
v -62.295303 22.321692 7.488563
v -62.925423 23.435549 7.025661
v -59.990265 23.197927 8.373304
v -55.859505 21.660805 9.138586
v -54.459248 22.017239 6.279045
v -56.640419 23.235056 8.627154
v -50.893978 20.725164 5.121789
v -51.039391 21.415754 9.022861
v -54.453861 19.485069 8.970598
v -55.741024 20.405859 10.269711
v -58.600780 22.202881 0.780212
v -60.243389 21.096451 2.109190
v -59.828697 20.769718 0.966867
v -62.133736 22.938026 6.006529
v -55.859505 21.660805 9.138586
v -55.509441 21.111301 7.716281
v -59.828697 20.769718 0.966867
v -59.672516 23.376144 0.586092
v -58.600780 22.202881 0.780212
v -55.681782 25.685539 1.668686
v -56.311897 23.168224 1.392438
v -52.062653 23.027136 1.597758
v -57.981434 24.178122 6.002796
v -52.062653 23.027136 1.597758
v -62.133736 22.938026 6.006529
v -60.889664 24.794455 7.660285
v -60.081821 23.717726 6.260379
v -57.006641 25.737520 8.029860
v -57.981434 24.178122 6.002796
v -57.006641 26.747417 4.845540
v -60.480354 23.212778 5.147920
v -61.002762 25.262276 4.166119
v -57.599056 24.096437 3.146987
v -51.039391 21.415754 9.022861
v -56.640419 23.235056 8.627154
vn 0.2837 -0.4098 -0.8669
vn 0.4401 0.2122 -0.8725
vn 0.6134 -0.7706 -0.1730
vn 0.2837 -0.4099 -0.8669
vn -0.1021 0.6754 -0.7304
vn 0.4402 0.2122 -0.8725
vn 0.1960 0.9801 0.0314
vn 0.4337 0.2445 0.8673
vn 0.3778 -0.2282 0.8973
vn -0.1020 -0.9414 -0.3216
vn -0.4337 0.8989 -0.0631
vn -0.1966 0.7710 0.6058
vn 0.4337 0.2444 0.8673
vn 0.3778 -0.2283 0.8973
vn -0.5264 0.3771 0.7620
vn 0.0078 -0.7914 -0.6112
vn -0.7103 -0.6629 -0.2368
vn 0.0783 0.0627 -0.9950
vn -0.2361 -0.0865 0.9679
vn -0.0000 -0.6285 0.7778
vn 0.1102 -0.1417 -0.9838
vn -0.1577 -0.2838 0.9458
vn 0.0789 -0.9457 0.3153
vn -0.0785 -0.0236 0.9966
vn -0.5207 0.7652 -0.3787
vn -0.9102 -0.1726 0.3766
vn 0.0001 -0.6285 0.7778
vn -0.7229 -0.6522 -0.2279
vn 0.2198 -0.4394 -0.8710
vn -0.0235 -0.1885 0.9818
vn -0.3143 -0.9429 0.1100
vn 0.4320 -0.5889 -0.6831
vn 0.2197 -0.4394 -0.8710
vn -0.0236 -0.1885 0.9818
vn -0.9605 0.2440 -0.1339
vn -0.5264 0.3771 0.7621
vn 0.0788 -0.9457 0.3152
vn -0.8914 -0.3865 -0.2366
vn -0.0550 0.1258 -0.9905
vn -0.9101 -0.1727 0.3766
vn -0.2206 -0.8350 -0.5041
vn -0.4635 -0.1571 -0.8720
vn -0.8709 0.4864 -0.0706
vn -0.7230 -0.6522 -0.2279
vn -0.0001 -0.6285 0.7778
vn -0.8914 -0.3866 -0.2366
vn -0.7248 0.5357 0.4332
vn -0.1576 -0.2838 0.9458
vn -0.5976 0.7155 0.3618
vn -0.7000 -0.5428 -0.4641
vn -0.4244 -0.5345 0.7309
vn 0.3779 -0.2282 0.8973
vn 0.1260 -0.9919 0.0158
vn -0.0785 -0.0235 0.9966
vn 0.5178 -0.4943 -0.6982
vn -0.0235 -0.1884 0.9818
vn -0.5976 0.7156 0.3617
vn -0.4636 -0.1571 -0.8720
vn 0.4319 -0.5889 -0.6831
vn -0.4004 0.4004 -0.8242
vn 0.2838 -0.4098 -0.8669
vn -0.6921 -0.7078 -0.1416
vn -0.0551 0.1257 -0.9905
vn -0.3995 0.9165 -0.0235
vn 0.1102 -0.1416 -0.9838
vn -0.1967 0.7709 0.6058
vn -0.6921 -0.7078 -0.1415
vn -0.2361 -0.0866 0.9679
vn -0.6371 0.7708 -0.0000
vn -0.7103 -0.6630 -0.2367
vn -0.4244 -0.5344 0.7309
vt 0.970703 0.435547
vt 0.989990 0.435547
vt 0.989990 0.392578
vt 0.824219 0.605469
vt 0.847656 0.574219
vt 0.822266 0.666016
vt 0.892578 0.666016
vt 0.989990 0.333984
vt 0.970703 0.326172
vt 0.970703 0.392578
vt 0.892578 0.572266
vt 0.943359 0.572266
vt 0.962891 0.666016
vt 0.989990 0.619141
vt 0.861328 0.416016
vt 0.904297 0.435547
vt 0.904297 0.414062
vt 0.861328 0.388672
vt 0.822266 0.388672
vt 0.861328 0.369141
vt 0.822266 0.369141
vt 0.989990 0.568359
vt 0.970703 0.501953
vt 0.989990 0.486328
vt 0.989990 0.501953
vt 0.989990 0.470703
vt 0.978516 0.494141
vt 0.822266 0.416016
vt 0.847656 0.449219
vt 0.871094 0.472656
vt 0.847656 0.488281
vt 0.871094 0.519531
vt 0.841797 0.341797
vt 0.876953 0.357422
vt 0.884766 0.345703
vt 0.912109 0.361328
vt 0.871094 0.503906
vt 0.894531 0.488281
vt 0.894531 0.449219
vt 0.917969 0.472656
vt 0.939453 0.443359
vt 0.958984 0.462891
vt 0.941406 0.478516
vt 0.966797 0.521484
vt 0.912109 0.369141
vt 0.939453 0.384766
vt 0.904297 0.369141
vt 0.931641 0.349609
vt 0.931641 0.322266
vt 0.861328 0.435547
vt 0.822266 0.435547
vt 0.986328 0.583984
vt 0.966797 0.541016
vt 0.824219 0.472656
vt 0.847656 0.519531
vt 0.824219 0.519531
vt 0.824219 0.574219
vt 0.904297 0.390625
vt 0.923828 0.462891
vt 0.941406 0.521484
vt 0.919922 0.521484
vt 0.917969 0.556641
vt 0.917969 0.503906
vt 0.892578 0.517578
vt 0.871094 0.562500
vt 0.966797 0.580078
s 1
usemtl npc01_03
f 332/100/251 333/101/252 334/102/253
f 335/103/254 336/104/255 337/105/256
f 337/105/256 336/104/255 338/106/257
f 339/107/258 340/108/259 341/102/253
f 341/102/253 340/108/259 342/109/260
f 341/102/253 342/109/260 343/100/251
f 344/104/255 345/110/261 338/106/257
f 338/106/257 345/110/261 346/111/262
f 338/106/257 346/111/262 347/112/263
f 347/112/263 346/111/262 348/113/264
f 349/114/265 350/115/266 351/116/267
f 352/114/268 353/117/269 354/118/270
f 355/117/271 356/119/272 357/120/273
f 358/121/274 359/122/275 360/123/276
f 361/124/277 362/125/278 363/126/279
f 364/124/280 365/125/281 366/126/282
f 367/127/283 352/114/268 354/118/270
f 368/128/281 369/129/284 370/130/285
f 370/130/285 369/129/284 371/131/286
f 372/124/287 373/125/288 374/126/289
f 375/132/290 376/133/275 377/134/291
f 377/134/291 376/133/275 378/135/292
f 379/136/268 380/129/283 381/137/293
f 381/137/293 380/129/283 382/138/294
f 381/137/293 382/138/294 383/139/295
f 384/140/296 385/141/273 386/142/297
f 386/142/297 385/141/273 387/143/298
f 378/135/292 388/144/299 389/145/300
f 389/145/300 388/144/299 390/146/301
f 391/109/260 392/108/302 393/147/303
f 393/147/303 392/108/302 394/148/304
f 350/115/266 349/114/265 395/149/305
f 395/149/305 349/114/265 396/127/306
f 395/149/305 396/127/306 397/150/282
f 398/118/289 355/117/271 357/120/273
f 399/151/307 400/152/308 359/122/275
f 401/153/309 402/154/310 403/155/305
f 403/155/305 402/154/310 404/104/255
f 403/155/305 404/104/255 405/156/266
f 405/156/266 404/104/255 406/103/311
f 353/117/269 352/114/268 407/157/312
f 407/157/312 352/114/268 351/116/267
f 407/157/312 351/116/267 391/109/260
f 391/109/260 351/116/267 350/115/266
f 391/109/260 350/115/266 408/100/251
f 409/158/313 410/159/314 411/160/315
f 411/160/315 410/159/314 412/111/316
f 411/160/315 412/111/316 413/161/317
f 413/161/317 412/111/316 414/110/261
f 413/161/317 414/110/261 415/162/318
f 415/162/318 414/110/261 416/163/319
f 383/139/295 415/162/318 381/137/293
f 381/137/293 415/162/318 416/163/319
f 381/137/293 416/163/319 379/136/268
f 379/136/268 416/163/319 414/110/261
f 379/136/268 414/110/261 417/164/320
f 417/164/320 414/110/261 404/104/255
f 417/164/320 404/104/255 371/131/286
f 371/131/286 404/104/255 402/154/310
f 371/131/286 402/154/310 370/130/285
f 370/130/285 402/154/310 401/153/309
f 370/130/285 401/153/309 368/128/281
f 356/119/272 355/117/271 390/146/301
f 390/146/301 355/117/271 407/157/312
f 390/146/301 407/157/312 389/145/300
f 389/145/300 407/157/312 391/109/260
f 389/145/300 391/109/260 378/135/292
f 378/135/292 391/109/260 393/147/303
f 378/135/292 393/147/303 377/134/291
f 377/134/291 393/147/303 394/148/304
f 377/134/291 394/148/304 375/132/290
f 359/122/275 358/121/274 399/151/307
f 399/151/307 358/121/274 418/113/264
f 399/151/307 418/113/264 419/165/321
f 419/165/321 418/113/264 412/111/316
f 419/165/321 412/111/316 387/143/298
f 387/143/298 412/111/316 410/159/314
f 387/143/298 410/159/314 386/142/297
f 386/142/297 410/159/314 409/158/313
f 386/142/297 409/158/313 384/140/296
o npc_01-0001-7
v -49.439865 25.856333 5.674285
v -49.439865 23.851389 2.680352
v -55.778721 24.393467 1.608957
v -52.062653 22.499910 1.612690
v -48.998245 21.764765 5.338307
v -49.439865 23.673172 8.403169
v -50.683941 21.727634 8.963131
v -50.683941 21.727634 8.963131
v -50.775494 20.725164 5.894537
v -48.998245 21.764765 5.338307
v -52.062653 22.499910 1.612690
v -49.439865 23.851389 2.680352
v -50.683941 21.727634 8.963131
v -49.439865 23.673172 8.403169
v -57.006641 26.725140 7.171251
v -49.439865 25.856333 5.674285
v -57.006641 26.903357 3.833875
v -55.778721 24.393467 1.608957
v -68.246399 29.116220 8.642086
v -72.183281 30.096415 10.829673
v -73.168846 32.116207 9.799341
v -54.459248 22.678127 6.398503
v -57.076653 25.002375 5.558559
v -50.775494 20.725164 5.894537
v -67.664757 29.480080 10.157718
v -67.864021 27.111277 9.900135
v -66.490692 29.272160 10.124120
v -55.455585 20.680611 3.643487
v -55.390957 20.910807 5.965466
v -54.636974 20.487541 5.129256
v -72.581810 32.487492 11.314973
v -74.999947 29.465229 13.857204
v -72.894180 27.512266 11.733079
v -46.628578 15.898451 4.808209
v -45.497601 15.846471 4.819409
v -46.838615 15.764788 4.263180
v -45.982304 15.542017 3.557628
v -46.978642 15.348948 4.748481
v -46.332371 14.524694 4.699951
v -68.639549 27.942957 9.993463
v -67.303917 28.759785 7.999996
v -46.628578 15.898451 4.808209
v -51.066319 19.388536 6.249181
v -52.041111 17.843988 6.081192
v -75.786247 28.923151 10.923000
v -72.948036 27.846422 11.669617
v -74.940704 26.999893 12.643952
v -74.784523 29.554338 13.524960
v -75.786247 28.923151 10.923000
v -55.854118 23.643469 9.194583
v -55.509441 22.158327 8.014928
v -58.875446 23.903370 8.074657
v -61.751358 23.636044 5.846007
v -59.694057 24.675644 5.730281
v -62.031410 23.947924 7.499763
v -62.031410 23.947924 7.499763
v -62.796165 22.811789 6.671018
v -61.751358 23.636044 5.846007
v -54.755459 21.772190 2.874472
v -52.062653 22.499910 1.612690
v -55.509441 22.158327 8.014928
v -55.854118 23.643469 9.194583
v -56.640419 24.445446 8.373304
v -57.022797 20.695461 5.424169
v -57.674454 22.856344 4.039194
v -57.189751 21.230112 7.010730
v -55.390957 20.910807 5.965466
v -54.868553 20.108829 6.193183
v -54.636974 20.487541 5.129256
v -55.778721 24.393467 1.608957
v -57.265148 20.777143 3.792811
v -56.570408 21.705359 5.017262
v -60.238003 23.138521 8.907135
v -59.031628 21.891001 8.332240
v -55.816422 22.477633 10.605688
v -55.083981 20.650908 9.538026
v -50.683941 21.727634 8.963131
v -57.189751 21.230112 7.010730
v -57.335163 19.366259 6.764346
v -57.022797 20.695461 5.424169
v -55.455585 20.680611 3.643487
v -54.636974 20.487541 5.129256
v -55.897205 19.886059 5.569758
v -54.868553 20.108829 6.193183
v -55.390957 20.910807 5.965466
v -57.674454 22.856344 4.039194
v -57.022797 20.695461 5.424169
v -58.993931 21.074173 5.916935
v -57.335163 19.366259 6.764346
v -57.189751 21.230112 7.010730
v -61.751358 23.636044 5.846007
v -63.070831 24.705345 6.510496
v -59.694057 24.675644 5.730281
v -60.647308 26.383556 6.734481
v -57.006641 26.725140 7.171251
v -51.712589 18.935568 4.935134
v -68.192543 28.960279 8.817541
v -51.233269 19.247446 6.189451
v -67.707840 29.272160 10.071857
v -52.008797 18.059334 6.017730
v -68.488754 28.084045 9.900135
v -51.712589 18.935568 4.935134
v -68.192543 28.960279 8.817541
v -51.691048 20.235067 6.547827
v -52.994366 18.163294 6.372372
v -51.647961 19.017250 4.729815
v -52.445030 19.759823 4.587958
v -51.066319 19.388536 6.249181
v -51.691048 20.235067 6.547827
v -57.706768 24.683069 6.129721
v -59.990265 24.482574 7.772278
v -58.875446 23.903370 8.074657
v -59.645588 24.037031 4.636488
v -57.906036 23.480104 6.144653
v -57.006641 26.903357 3.833875
v -57.076653 25.002375 5.558559
v -57.706768 24.683069 6.129721
v -56.091087 23.398420 3.400837
v -56.850456 24.267229 3.460566
v -54.755459 21.772190 2.874472
v -52.062653 22.499910 1.612690
v -45.497601 15.846471 4.819409
v -76.141701 28.744934 10.885669
v -74.999947 29.465229 13.857204
v -72.581810 32.487492 11.314973
v -67.664757 29.480080 10.157718
v -66.490692 29.272160 10.124120
v -56.570408 21.705359 5.017262
v -56.091087 23.398420 3.400837
v -56.850456 24.267229 3.460566
v -57.906036 23.480104 6.144653
v -62.796165 22.811789 6.671018
v -62.031410 23.947924 7.499763
v -59.990265 24.482574 7.772278
v -56.640419 24.445446 8.373304
v -50.683941 21.727634 8.963131
v -55.816422 22.477633 10.605688
v -60.238003 23.138521 8.907135
vn 0.2192 0.9630 -0.1566
vn 0.3858 0.2441 -0.8897
vn -0.5195 0.0866 -0.8501
vn 0.2117 -0.6038 -0.7685
vn 0.6455 -0.7557 -0.1103
vn 0.4385 0.2819 0.8534
vn 0.4779 -0.0392 0.8775
vn 0.4778 -0.0392 0.8776
vn -0.2346 -0.9695 -0.0703
vn 0.6455 -0.7558 -0.1102
vn 0.2118 -0.6038 -0.7685
vn 0.4780 -0.0392 0.8775
vn 0.4384 0.2819 0.8534
vn -0.2438 0.8966 0.3697
vn -0.7149 0.6206 -0.3221
vn -0.2511 0.3295 -0.9101
vn 0.4626 -0.8860 0.0314
vn -0.4098 0.2838 -0.8669
vn -0.6273 -0.6587 -0.4156
vn -0.8629 -0.4551 -0.2197
vn -0.2346 -0.9695 -0.0704
vn 0.3309 0.7092 0.6225
vn -0.6440 -0.6518 0.4005
vn 0.1495 0.7557 0.6376
vn 0.4324 -0.6054 -0.6683
vn 0.0550 0.5737 0.8172
vn 0.9730 -0.1883 -0.1333
vn 0.4720 0.4799 0.7395
vn -0.4093 0.7555 0.5115
vn 0.8949 -0.3689 -0.2512
vn 0.4241 0.6597 0.6204
vn 0.0236 0.7635 0.6454
vn -0.3699 0.0236 -0.9288
vn -0.5112 0.4247 -0.7472
vn -0.5336 -0.7533 0.3845
vn -0.6941 -0.5916 0.4102
vn -0.5367 -0.7499 0.3868
vn -0.4095 0.4017 -0.8191
vn 0.7070 0.4634 0.5342
vn -0.3070 -0.8895 0.3385
vn -0.7675 -0.5795 -0.2741
vn 0.4149 -0.9082 0.0548
vn -0.3770 -0.8561 0.3534
vn -0.3144 -0.2908 0.9037
vn -0.7675 -0.5796 -0.2741
vn -0.2902 0.9413 0.1726
vn -0.3376 -0.3141 -0.8873
vn -0.2118 0.8083 -0.5493
vn 0.2131 -0.7103 -0.6709
vn 0.1410 -0.3131 -0.9392
vn 0.0235 -0.5028 0.8641
vn -0.5270 -0.8416 0.1180
vn 0.2132 -0.7103 -0.6709
vn -0.0785 -0.9262 -0.3689
vn -0.3377 -0.3141 -0.8873
vn -0.3453 -0.3295 0.8788
vn 0.6278 -0.4708 -0.6198
vn 0.0315 -0.3302 -0.9434
vn 0.4401 0.1337 0.8880
vn 0.4735 -0.3393 0.8128
vn 0.9730 -0.1883 -0.1334
vn -0.8425 -0.4803 -0.2441
vn -0.6116 0.5018 0.6116
vn -0.9262 0.0785 0.3688
vn -0.4787 -0.7690 -0.4237
vn -0.1179 0.1493 0.9817
vn -0.1095 -0.9776 0.1799
vn 0.4400 0.1336 0.8880
vn 0.1963 -0.9262 0.3218
vn 0.6277 -0.4708 -0.6199
vn 0.4324 -0.6054 -0.6682
vn -0.3852 -0.8490 0.3616
vn 0.0551 0.5736 0.8173
vn 0.0314 -0.3302 -0.9434
vn -0.8917 -0.4459 0.0782
vn 0.1962 -0.9263 0.3218
vn 0.4400 0.1335 0.8880
vn -0.8026 0.3934 -0.4484
vn 0.1409 -0.3131 -0.9392
vn -0.3539 0.8808 0.3145
vn -0.2439 0.8966 0.3697
vn -0.0861 0.2269 -0.9701
vn -0.0860 0.2269 -0.9701
vn 0.5125 0.6150 0.5992
vn 0.5125 0.6150 0.5993
vn -0.4170 -0.8338 0.3618
vn -0.4169 -0.8338 0.3619
vn -0.0860 0.2268 -0.9701
vn 0.7809 0.3786 0.4969
vn -0.2523 -0.9148 0.3154
vn 0.2673 0.3538 -0.8963
vn 0.2111 0.0157 -0.9773
vn 0.7070 0.4635 0.5342
vn 0.7808 0.3786 0.4969
vn -0.4722 -0.5352 -0.7005
vn -0.0945 -0.2599 0.9610
vn -0.2119 0.8083 -0.5493
vn -0.9754 0.1809 -0.1259
vn -0.0865 0.4010 0.9120
vn -0.8630 -0.4550 -0.2197
vn -0.4722 -0.5351 -0.7005
vn -0.7457 -0.4632 0.4789
vn -0.7262 -0.6631 -0.1815
vn -0.5917 0.2761 -0.7574
vn -0.4092 0.7556 0.5116
vn 0.1496 0.7557 0.6376
vn -0.6116 0.5019 0.6116
vn -0.7458 -0.4632 0.4788
vn -0.0865 0.4009 0.9120
vn 0.0236 -0.5027 0.8641
vn -0.0945 -0.2600 0.9610
vn -0.3452 -0.3295 0.8788
vn -0.1179 0.1492 0.9818
vn -0.9261 0.0785 0.3690
vt 0.892578 0.666016
vt 0.822266 0.666016
vt 0.841797 0.576172
vt 0.822266 0.603516
vt 0.989990 0.392578
vt 0.989990 0.333984
vt 0.970703 0.326172
vt 0.970703 0.392578
vt 0.970703 0.430206
vt 0.989990 0.430206
vt 0.989990 0.619141
vt 0.962891 0.666016
vt 0.943359 0.572266
vt 0.892578 0.572266
vt 0.332031 0.662323
vt 0.269531 0.621094
vt 0.225464 0.662323
vt 0.939453 0.384766
vt 0.904297 0.392578
vt 0.355469 0.621094
vt 0.355469 0.662323
vt 0.861328 0.430206
vt 0.822266 0.416016
vt 0.822266 0.430206
vt 0.225464 0.550781
vt 0.269531 0.550781
vt 0.444977 0.621094
vt 0.468414 0.621094
vt 0.444977 0.662323
vt 0.468414 0.662323
vt 0.332031 0.621094
vt 0.378906 0.662323
vt 0.378906 0.621094
vt 0.225464 0.535156
vt 0.269531 0.535156
vt 0.246094 0.496094
vt 0.986328 0.583984
vt 0.966797 0.541016
vt 0.970703 0.501953
vt 0.822266 0.388672
vt 0.861328 0.388672
vt 0.822266 0.369141
vt 0.989990 0.501953
vt 0.989990 0.485168
vt 0.978516 0.493378
vt 0.904297 0.430206
vt 0.912109 0.361328
vt 0.912109 0.369141
vt 0.904297 0.369141
vt 0.861328 0.416016
vt 0.843750 0.517578
vt 0.865234 0.517578
vt 0.850922 0.341797
vt 0.884766 0.345703
vt 0.931641 0.322266
vt 0.931641 0.349609
vt 0.822266 0.517578
vt 0.826172 0.470703
vt 0.843750 0.482422
vt 0.845703 0.446381
vt 0.861328 0.470703
vt 0.869141 0.505859
vt 0.873047 0.466797
vt 0.892578 0.478516
vt 0.892578 0.442474
vt 0.912109 0.466797
vt 0.923828 0.462891
vt 0.941406 0.478516
vt 0.919922 0.521484
vt 0.941406 0.521484
vt 0.989990 0.933594
vt 0.519531 0.933594
vt 0.989990 0.989990
vt 0.519531 0.989990
vt 0.904297 0.388672
vt 0.861328 0.369141
vt 0.876953 0.357422
vt 0.892578 0.517578
vt 0.916016 0.505859
vt 0.916016 0.556641
vt 0.919922 0.556641
vt 0.865234 0.556641
vt 0.869141 0.556641
vt 0.822266 0.576172
vt 0.904297 0.416016
vt 0.904297 0.412109
vt 0.939453 0.446381
vt 0.958984 0.462891
vt 0.966797 0.521484
vt 0.966797 0.580078
vt 0.989990 0.568359
vt 0.989990 0.493927
s 1
usemtl npc01_03
f 420/166/322 421/167/323 422/168/324
f 422/168/324 421/167/323 423/169/325
f 424/170/326 425/171/327 426/172/328
f 427/172/329 428/173/330 429/170/331
f 429/170/331 428/173/330 430/174/332
f 429/170/331 430/174/332 431/175/323
f 432/176/333 433/177/334 434/178/335
f 434/178/335 433/177/334 435/166/322
f 434/178/335 435/166/322 436/179/336
f 436/179/336 435/166/322 437/168/324
f 438/180/337 439/181/338 440/182/339
f 441/183/340 442/184/341 443/173/342
f 444/180/343 445/185/344 446/186/345
f 447/187/346 448/188/347 449/189/348
f 450/182/349 451/190/350 452/191/351
f 453/192/352 454/193/353 455/194/354
f 455/194/354 454/193/353 456/195/355
f 455/194/354 456/195/355 457/192/356
f 457/192/356 456/195/355 458/193/357
f 439/181/338 438/180/337 459/196/358
f 459/196/358 438/180/337 460/186/359
f 459/196/358 460/186/359 445/185/344
f 461/194/352 462/197/360 463/198/361
f 464/199/362 465/200/363 466/201/364
f 466/201/364 465/200/363 467/199/365
f 466/201/364 467/199/365 468/200/366
f 469/202/367 470/203/368 471/204/369
f 472/205/370 473/206/371 474/207/372
f 475/208/372 476/209/373 477/210/374
f 443/173/342 478/211/375 479/174/332
f 443/173/342 480/212/376 441/183/340
f 441/183/340 480/212/376 481/213/367
f 441/183/340 481/213/367 482/214/377
f 483/188/378 484/215/379 485/205/380
f 486/208/347 487/209/381 488/210/382
f 489/168/324 490/216/383 491/217/384
f 492/218/385 493/219/386 494/220/387
f 494/220/387 493/219/386 495/221/388
f 494/220/387 495/221/388 496/172/328
f 497/208/389 498/209/390 499/210/391
f 500/222/392 501/223/382 502/224/393
f 502/224/393 501/223/382 503/225/381
f 502/224/393 503/225/381 504/226/394
f 505/227/395 506/228/391 507/229/396
f 507/229/396 506/228/391 508/230/397
f 507/229/396 508/230/397 509/231/398
f 510/232/370 511/233/399 512/234/400
f 512/234/400 511/233/399 513/235/401
f 512/234/400 513/235/401 514/178/402
f 515/236/403 516/237/404 517/238/405
f 517/238/405 516/237/404 518/239/406
f 517/238/405 518/239/406 519/236/407
f 519/236/407 518/239/406 520/237/408
f 519/236/407 520/237/408 521/238/409
f 521/238/409 520/237/408 522/239/403
f 462/197/360 523/186/410 463/198/361
f 463/198/361 523/186/410 524/185/411
f 463/198/361 524/185/411 525/197/412
f 525/197/412 524/185/411 526/186/413
f 525/197/412 526/186/413 527/198/414
f 527/198/414 526/186/413 528/185/415
f 442/184/341 441/183/340 529/240/416
f 529/240/416 441/183/340 482/214/377
f 529/240/416 482/214/377 473/206/371
f 473/206/371 482/214/377 530/241/417
f 473/206/371 530/241/417 474/207/372
f 492/218/385 531/242/418 493/219/386
f 493/219/386 531/242/418 480/212/376
f 493/219/386 480/212/376 495/221/388
f 495/221/388 480/212/376 443/173/342
f 495/221/388 443/173/342 496/172/328
f 532/243/419 533/244/420 534/179/336
f 534/179/336 533/244/420 535/245/421
f 534/179/336 535/245/421 514/178/402
f 514/178/402 535/245/421 536/246/422
f 514/178/402 536/246/422 512/234/400
f 491/217/384 537/247/423 489/168/324
f 489/168/324 537/247/423 538/248/424
f 489/168/324 538/248/424 534/179/336
f 534/179/336 538/248/424 505/227/395
f 534/179/336 505/227/395 532/243/419
f 532/243/419 505/227/395 507/229/396
f 532/243/419 507/229/396 533/244/420
f 533/244/420 507/229/396 509/231/398
f 504/226/394 491/217/384 502/224/393
f 502/224/393 491/217/384 490/216/383
f 502/224/393 490/216/383 500/222/392
f 500/222/392 490/216/383 489/168/324
f 500/222/392 489/168/324 539/249/375
f 539/249/375 489/168/324 540/169/325
f 527/198/414 453/192/352 525/197/412
f 525/197/412 453/192/352 455/194/354
f 525/197/412 455/194/354 463/198/361
f 463/198/361 455/194/354 457/192/356
f 463/198/361 457/192/356 461/194/352
f 461/194/352 457/192/356 458/193/357
f 461/194/352 458/193/357 541/195/353
f 445/185/344 444/180/343 459/196/358
f 459/196/358 444/180/343 450/182/349
f 459/196/358 450/182/349 439/181/338
f 439/181/338 450/182/349 452/191/351
f 439/181/338 452/191/351 440/182/339
f 440/182/339 452/191/351 542/190/425
f 440/182/339 542/190/425 543/191/426
f 543/191/426 544/181/349 440/182/339
f 440/182/339 544/181/349 545/196/343
f 440/182/339 545/196/343 438/180/337
f 438/180/337 545/196/343 546/185/427
f 438/180/337 546/185/427 460/186/359
f 448/188/347 447/187/346 547/215/428
f 547/215/428 447/187/346 478/211/375
f 547/215/428 478/211/375 548/250/429
f 548/250/429 478/211/375 443/173/342
f 548/250/429 443/173/342 549/251/424
f 549/251/424 443/173/342 442/184/341
f 549/251/424 442/184/341 484/215/379
f 484/215/379 442/184/341 550/206/430
f 484/215/379 550/206/430 485/205/380
f 510/232/370 551/252/373 511/233/399
f 511/233/399 551/252/373 552/253/431
f 511/233/399 552/253/431 513/235/401
f 513/235/401 552/253/431 553/254/432
f 513/235/401 553/254/432 514/178/402
f 514/178/402 553/254/432 554/255/433
f 514/178/402 554/255/433 555/176/328
f 555/176/328 554/255/433 469/202/367
f 555/176/328 469/202/367 556/256/434
f 556/256/434 469/202/367 471/204/369
f 556/256/434 471/204/369 557/257/435
o npc_01-0001-8
v 16.722307 26.524647 -5.099394
v 22.393351 23.613766 -5.132992
v 15.031227 14.138556 -11.766680
v 5.746442 16.923201 14.256645
v 14.185686 21.319223 13.931865
v 12.322267 27.022169 12.095188
v 15.456689 27.861275 11.113387
v 12.473064 33.170658 6.043859
v 15.456689 27.861275 11.113387
v 16.953888 30.534531 6.040127
v 12.473064 33.170658 6.043859
v 16.808477 30.222651 -0.313581
v 13.814080 28.826616 -6.648624
v 16.722307 26.524647 -5.099394
v 22.393351 23.613766 -5.132992
v 16.722307 26.524647 -5.099394
v 22.926525 29.947899 0.757814
v 16.808477 30.222651 -0.313581
v 23.298132 30.623638 5.860939
v 16.953888 30.534531 6.040127
v 22.054056 27.178108 12.617820
v 15.456689 27.861275 11.113387
v 20.486845 20.881105 14.140918
v 14.185686 21.319223 13.931865
v 13.103180 14.725189 13.073257
v 5.746442 16.923201 14.256645
v 6.338858 11.391044 15.708814
v 13.814080 28.826616 -6.648624
v 15.031227 14.138556 -11.766680
v 0.000000 27.074148 -12.240783
v 0.000000 14.821722 -16.978065
v -16.722307 26.524647 -5.099394
v -15.031227 14.138556 -11.766680
v -22.393351 23.613766 -5.132992
v -12.473064 33.170658 6.043859
v -9.645620 31.700369 -4.035465
v -13.814080 28.826616 -6.648624
v 0.000000 27.074148 -12.240783
v -15.031227 14.138556 -11.766680
v 0.000000 14.821722 -16.978065
v -12.473064 33.170658 6.043859
v -15.456689 27.861275 11.113387
v -12.322267 27.022169 12.095188
v -14.185686 21.319223 13.931865
v -5.746442 16.923201 14.256645
v -13.103180 14.725189 13.073257
v -6.338858 11.391044 15.708814
v -15.031227 14.138556 -11.766680
v -16.722307 26.524647 -5.099394
v -13.814080 28.826616 -6.648624
v -16.808477 30.222651 -0.313581
v -12.473064 33.170658 6.043859
v -16.953888 30.534531 6.040127
v -15.456689 27.861275 11.113387
v -22.054056 27.178108 12.617820
v -14.185686 21.319223 13.931865
v -20.486845 20.881105 14.140918
v -13.103180 14.725189 13.073257
v 0.000000 3.995034 17.635086
v 9.467895 -5.806906 15.369105
v 8.191507 3.891074 14.529161
v -7.496764 11.361341 13.439099
v 0.000000 11.153422 14.577690
v -6.635067 16.863796 13.222581
v 0.000000 16.447956 13.995329
v 0.000000 -5.844035 18.000929
v -8.600813 3.891074 14.529161
v -9.467895 -5.806906 15.369105
v -6.635067 16.863796 13.222581
v -5.746442 16.923201 14.256645
v -7.496764 11.361341 13.439099
v -6.338858 11.391044 15.708814
v 7.496764 11.361341 13.439099
v 0.000000 3.995034 17.635086
v 8.191507 3.891074 14.529161
v 7.496764 11.361341 13.439099
v 6.338858 11.391044 15.708814
v 6.635067 16.863796 13.222581
v 5.746442 16.923201 14.256645
v 6.635067 16.863796 13.222581
v 0.000000 16.447956 13.995329
v 7.496764 11.361341 13.439099
v 0.000000 11.153422 14.577690
v 0.000000 3.995034 17.635086
v -7.496764 11.361341 13.439099
v -8.600813 3.891074 14.529161
v -22.054056 27.178108 12.617820
v -16.953888 30.534531 6.040127
v -23.298132 30.623638 5.860939
v -16.808477 30.222651 -0.313581
v -22.926525 29.947899 0.757814
v -16.722307 26.524647 -5.099394
v -22.393351 23.613766 -5.132992
v 0.000000 37.551830 -0.533834
v 0.000000 33.883526 -3.904808
v -6.554283 37.351334 3.759212
v -8.213049 27.267218 11.370970
v -8.713911 27.571672 13.218846
v -5.746442 16.923201 14.256645
v 8.213049 27.267218 11.370970
v 6.144977 30.564234 8.541293
v 5.746442 16.923201 14.256645
v 0.000000 30.497402 -10.784880
v 9.645620 31.700369 -4.035465
v 0.000000 29.621168 -8.418105
v 6.554283 37.351334 3.759212
v -6.635067 16.863796 13.222581
v 0.000000 21.742489 13.409234
v -6.144977 30.564234 8.541293
v -6.635067 16.863796 13.222581
v 0.000000 16.447956 13.995329
v 6.635067 16.863796 13.222581
v 6.144977 30.564234 8.541293
v -9.645620 31.700369 -4.035465
v -9.645620 31.700369 -4.035465
v 0.000000 29.621168 -8.418105
v 0.000000 27.074148 -12.240783
v 9.645620 31.700369 -4.035465
v 13.814080 28.826616 -6.648624
v 12.473064 33.170658 6.043859
v -6.144977 30.564234 8.541293
v -5.746442 16.923201 14.256645
v -6.635067 16.863796 13.222581
v 6.635067 16.863796 13.222581
v 5.746442 16.923201 14.256645
v 6.144977 30.564234 8.541293
v -7.469836 36.913219 1.220715
v 6.850491 33.712734 1.874006
v 8.213049 27.267218 11.370970
v 8.713911 27.571672 13.218846
v 5.746442 16.923201 14.256645
v 12.322267 27.022169 12.095188
v 0.000000 33.883526 -3.904808
v 7.469836 36.913219 1.220715
v 12.473064 33.170658 6.043859
v 6.850491 33.712734 1.874006
v -6.850491 33.712734 1.874006
v -8.213049 27.267218 11.370970
v -6.144977 30.564234 8.541293
v -5.746442 16.923201 14.256645
v 0.000000 36.489952 -5.838546
v -6.850491 33.712734 1.874006
v -12.473064 33.170658 6.043859
v -12.322267 27.022169 12.095188
v 39.664989 24.282082 -5.827345
v 31.952801 24.244951 -5.536165
v 40.467445 28.967705 -0.164258
v 32.582916 28.648399 -0.866077
v 40.316647 18.980122 -0.238918
v 51.125557 19.663286 -0.810080
v 41.808460 18.037056 7.678952
v 41.733063 29.977602 7.249646
v 50.926292 29.843939 7.216048
v 50.996304 24.326635 -6.118526
v 51.125557 19.663286 -0.810080
v 40.316647 18.980122 -0.238918
v 32.173611 18.853886 -1.011667
v 31.952801 24.244951 -5.536165
v 40.316647 18.980122 -0.238918
v 39.664989 24.282082 -5.827345
v 50.996304 24.326635 -6.118526
v 40.467445 28.967705 -0.164258
v 50.867050 28.388500 -0.500235
v 50.926292 29.843939 7.216048
v 43.634178 27.170683 7.234714
v 43.758049 20.769718 7.548294
v 51.981869 24.289509 13.058324
v 43.634178 27.170683 7.234714
v 43.763435 24.044458 0.227716
v 43.758049 20.769718 7.548294
v 51.868771 29.153349 7.499763
v 51.771832 28.158302 -0.757818
v 43.763435 24.044458 0.227716
v 50.926292 29.843939 7.216048
v 41.733063 29.977602 7.249646
v 51.238655 24.059311 13.502562
v 42.481663 24.200399 13.491362
v 51.394840 18.616262 7.805876
v 41.808460 18.037056 7.678952
v 51.125557 19.663286 -0.810080
v 51.852615 23.843964 -5.804947
v 52.100353 20.212790 -0.959404
v 52.100353 18.972696 7.316843
v -31.952801 24.244951 -5.536165
v -40.467445 28.967705 -0.164258
v -32.582916 28.648399 -0.866077
v -40.467445 28.967705 -0.164258
v -50.867050 28.388500 -0.500235
v -41.733063 29.977602 7.249646
v -41.808460 18.037056 7.678952
v -51.394840 18.616262 7.805876
v -40.316647 18.980122 -0.238918
v -51.125557 19.663286 -0.810080
v -40.316647 18.980122 -0.238918
v -51.125557 19.663286 -0.810080
v -39.664989 24.282082 -5.827345
v -32.173611 18.853886 -1.011667
v -40.316647 18.980122 -0.238918
v -50.996304 24.326635 -6.118526
v -50.867050 28.388500 -0.500235
v -51.981869 24.289509 13.058324
v -43.758049 20.769718 7.548294
v -43.634178 27.170683 7.234714
v -51.125557 19.663286 -0.810080
v -50.996304 24.326635 -6.118526
v -39.664989 24.282082 -5.827345
v -43.763435 24.044458 0.227716
v -51.771832 28.158302 -0.757818
v -51.868771 29.153349 7.499763
v -43.634178 27.170683 7.234714
v -43.758049 20.769718 7.548294
v -43.763435 24.044458 0.227716
v -50.867050 28.388500 -0.500235
v -50.926292 29.843939 7.216048
v -41.733063 29.977602 7.249646
v -51.238655 24.059311 13.502562
v -42.481663 24.200399 13.491362
v -51.394840 18.616262 7.805876
v -41.808460 18.037056 7.678952
v -52.100353 18.972696 7.316843
v -52.100353 20.212790 -0.959404
v -51.852615 23.843964 -5.804947
v 0.000000 -19.477642 17.370039
v -9.467895 -5.806906 15.369105
v -10.054927 -19.358831 14.723283
v -9.467895 -5.806906 15.369105
v 0.000000 -19.477642 17.370039
v 0.000000 -5.844035 18.000929
v 10.054927 -19.358831 14.723283
v 9.467895 -5.806906 15.369105
vn 0.4159 0.5728 -0.7063
vn 0.2666 0.1176 -0.9566
vn 0.6903 0.1177 -0.7139
vn -0.5588 0.1338 0.8185
vn 0.0078 0.1415 0.9899
vn 0.1489 0.4233 0.8937
vn 0.1180 0.6449 0.7551
vn 0.3839 0.8930 0.2350
vn 0.1180 0.6450 0.7550
vn 0.1882 0.9407 0.2822
vn 0.3838 0.8930 0.2350
vn 0.2821 0.9169 -0.2821
vn 0.4339 0.6863 -0.5838
vn 0.4160 0.5728 -0.7063
vn 0.4159 0.5729 -0.7063
vn 0.1257 0.8643 -0.4871
vn 0.2821 0.9170 -0.2822
vn 0.0394 0.9922 0.1181
vn 0.1881 0.9407 0.2822
vn -0.0000 0.7226 0.6912
vn 0.1179 0.6449 0.7551
vn 0.1334 -0.3923 0.9101
vn 0.0079 0.1414 0.9899
vn 0.5403 -0.0783 0.8379
vn -0.5588 0.1337 0.8184
vn -0.7778 0.0079 0.6285
vn 0.4338 0.6863 -0.5838
vn -0.0000 0.6112 -0.7914
vn -0.0000 0.0629 -0.9980
vn -0.4159 0.5729 -0.7063
vn -0.6903 0.1176 -0.7139
vn -0.2666 0.1176 -0.9566
vn -0.3839 0.8930 0.2350
vn -0.4790 0.6439 -0.5967
vn -0.4338 0.6863 -0.5838
vn -0.0000 0.6112 -0.7915
vn -0.6903 0.1177 -0.7139
vn -0.3838 0.8930 0.2350
vn -0.1180 0.6449 0.7551
vn -0.1489 0.4233 0.8937
vn -0.0079 0.1414 0.9899
vn 0.5588 0.1338 0.8185
vn -0.5403 -0.0783 0.8378
vn 0.7952 0.0001 0.6063
vn -0.4160 0.5728 -0.7063
vn -0.4339 0.6863 -0.5838
vn -0.2821 0.9169 -0.2821
vn -0.1882 0.9407 0.2822
vn -0.1179 0.6450 0.7551
vn -0.0000 0.7226 0.6913
vn -0.0078 0.1414 0.9899
vn -0.1334 -0.3923 0.9101
vn -0.0000 0.2202 0.9755
vn -0.8169 -0.0628 0.5734
vn -0.7562 -0.0236 0.6539
vn 0.5111 0.1336 0.8491
vn -0.0000 0.2351 0.9720
vn 0.5268 0.0393 0.8491
vn -0.0000 0.0941 0.9956
vn -0.0000 0.0158 0.9999
vn -0.3137 0.1255 0.9412
vn -0.2830 0.0158 0.9590
vn 0.5588 0.1339 0.8184
vn 0.5110 0.1337 0.8491
vn 0.7953 -0.0001 0.6062
vn -0.5019 0.1333 0.8546
vn -0.0000 0.2203 0.9754
vn -0.5018 0.1333 0.8547
vn -0.5267 0.0393 0.8491
vn -0.5587 0.1337 0.8185
vn -0.5268 0.0393 0.8491
vn -0.5018 0.1332 0.8546
vn -0.0000 0.2352 0.9720
vn -0.0000 0.7227 0.6912
vn -0.1881 0.9407 0.2822
vn -0.0394 0.9922 0.1181
vn -0.2821 0.9170 -0.2822
vn -0.1257 0.8643 -0.4871
vn -0.0000 0.6750 -0.7378
vn -0.0000 0.5975 -0.8019
vn -0.7178 0.6547 -0.2367
vn 0.5363 0.5127 0.6705
vn 0.3536 0.5422 0.7623
vn 0.5587 0.1338 0.8185
vn -0.5363 0.5127 0.6705
vn -0.7792 0.3621 0.5116
vn -0.5588 0.1339 0.8185
vn -0.0000 -0.2830 -0.9591
vn 0.4790 0.6438 -0.5967
vn 0.0001 -0.0551 -0.9985
vn 0.7179 0.6547 -0.2367
vn -0.2591 0.3219 0.9107
vn 0.5275 0.0476 0.8482
vn 0.2591 0.3219 0.9107
vn -0.4790 0.6438 -0.5967
vn -0.4789 0.6438 -0.5968
vn -0.0001 -0.0550 -0.9985
vn -0.0000 0.6113 -0.7914
vn 0.4789 0.6439 -0.5967
vn 0.4339 0.6863 -0.5837
vn 0.7792 0.3620 0.5116
vn 0.5588 0.1338 0.8184
vn -0.5588 0.1338 0.8184
vn -0.7792 0.3620 0.5116
vn 0.2746 0.8708 0.4079
vn -0.8139 0.2504 0.5243
vn -0.5363 0.5127 0.6704
vn -0.3536 0.5422 0.7623
vn -0.5587 0.1338 0.8185
vn 0.1490 0.4233 0.8937
vn -0.0000 0.4722 0.8815
vn -0.2745 0.8708 0.4079
vn 0.8669 0.2837 -0.4098
vn -0.8669 0.2837 -0.4098
vn 0.7792 0.3621 0.5116
vn 0.5587 0.1339 0.8185
vn -0.0000 0.9495 -0.3138
vn 0.8139 0.2504 0.5243
vn -0.1490 0.4233 0.8936
vn -0.0236 0.0236 -0.9994
vn -0.0471 0.0471 -0.9978
vn -0.0000 0.9021 -0.4315
vn -0.0158 0.8439 -0.5363
vn 0.0236 -0.8973 -0.4407
vn 0.0235 -0.9093 -0.4154
vn 0.0157 -0.9413 0.3373
vn -0.0234 0.9233 0.3834
vn 0.0235 0.9589 0.2829
vn -0.0000 0.9022 -0.4314
vn -0.0001 0.4090 -0.9125
vn 0.0235 -0.9093 -0.4155
vn 0.0236 -0.8973 -0.4408
vn 0.0158 -0.8055 -0.5923
vn -0.0471 0.0472 -0.9978
vn -0.0000 0.4091 -0.9125
vn 0.0235 0.9233 -0.3834
vn 0.0236 0.9588 0.2829
vn -0.6693 0.6930 0.2678
vn -0.6613 -0.7007 0.2677
vn -0.3862 0.0158 0.9223
vn -0.8245 -0.0235 -0.5654
vn -0.6613 -0.7007 0.2676
vn -0.2283 0.9290 0.2913
vn -0.3841 0.8466 -0.3685
vn -0.8245 -0.0236 -0.5654
vn -0.0235 0.9233 0.3834
vn -0.0000 0.3373 0.9414
vn -0.0469 -0.1017 0.9937
vn 0.0236 -0.8812 0.4721
vn -0.5972 -0.0314 -0.8015
vn -0.3610 -0.8632 -0.3531
vn -0.1891 -0.9377 0.2916
vn 0.0471 0.0471 -0.9978
vn 0.0158 0.8439 -0.5363
vn -0.0235 0.9233 -0.3834
vn 0.0235 0.9233 0.3834
vn -0.0157 -0.9413 0.3373
vn -0.0236 -0.8812 0.4721
vn -0.0236 -0.8973 -0.4407
vn -0.0235 -0.9093 -0.4154
vn -0.0236 -0.8973 -0.4408
vn -0.0235 -0.9093 -0.4155
vn 0.0236 0.0236 -0.9994
vn -0.0158 -0.8055 -0.5924
vn -0.0235 0.9233 -0.3835
vn 0.3862 0.0158 0.9223
vn 0.6613 -0.7007 0.2677
vn 0.6693 0.6930 0.2678
vn -0.0000 0.4090 -0.9125
vn 0.8245 -0.0236 -0.5654
vn 0.3841 0.8466 -0.3685
vn 0.2283 0.9290 0.2913
vn 0.6693 0.6930 0.2677
vn -0.0235 0.9233 -0.3833
vn -0.0236 0.9588 0.2829
vn 0.0469 -0.1017 0.9937
vn 0.1891 -0.9377 0.2916
vn 0.3610 -0.8632 -0.3531
vn 0.5972 -0.0315 -0.8015
vn -0.0000 -0.0393 0.9992
vn -0.2830 0.0157 0.9590
vn -0.2589 -0.0392 0.9651
vn -0.0000 0.0157 0.9999
vn 0.2589 -0.0392 0.9651
vn -0.8168 -0.0628 0.5734
vt 0.667969 0.371094
vt 0.675781 0.429657
vt 0.761719 0.429657
vt 0.832031 0.371094
vt 0.714844 0.371094
vt 0.691406 0.300781
vt 0.621094 0.339844
vt 0.527344 0.214844
vt 0.527344 0.324219
vt 0.597656 0.332031
vt 0.714844 0.285156
vt 0.597656 0.429657
vt 0.527344 0.429657
vt 0.621094 0.429657
vt 0.683594 0.429657
vt 0.777344 0.429657
vt 0.855469 0.429657
vt 0.902344 0.292969
vt 0.902344 0.429657
vt 0.753906 0.222656
vt 0.009979 0.009979
vt 0.152344 0.147339
vt 0.136719 0.009979
vt 0.027344 0.386719
vt 0.152344 0.386719
vt 0.035156 0.292969
vt 0.152344 0.300781
vt 0.009979 0.147339
vt 0.203125 0.125000
vt 0.171875 0.125000
vt 0.203125 0.007812
vt 0.171875 0.007812
vt 0.285156 0.386719
vt 0.152344 0.499542
vt 0.300781 0.499542
vt 0.277344 0.292969
vt 0.011719 0.499542
vt 0.009979 0.586517
vt 0.009979 0.511719
vt 0.152344 0.586517
vt 0.425781 0.433594
vt 0.441406 0.417969
vt 0.492096 0.558594
vt 0.347656 0.535156
vt 0.300781 0.586517
vt 0.492249 0.586517
vt 0.492096 0.027344
vt 0.492096 0.144531
vt 0.521423 0.058594
vt 0.152344 0.222656
vt 0.269531 0.066406
vt 0.902344 0.246094
vt 0.410156 0.175781
vt 0.378906 0.253906
vt 0.492096 0.402344
vt 0.355469 0.074219
vt 0.492096 0.285156
vt 0.152344 0.519531
vt 0.410156 0.027344
vt 0.425781 0.863281
vt 0.425781 0.756317
vt 0.352478 0.871094
vt 0.352478 0.761139
vt 0.009979 0.871094
vt 0.009979 0.989990
vt 0.089844 0.886719
vt 0.261719 0.886719
vt 0.261719 0.989990
vt 0.425781 0.989990
vt 0.493896 0.989990
vt 0.493896 0.871094
vt 0.493896 0.756317
vt 0.352478 0.989990
vt 0.683594 0.074219
vt 0.683594 0.035156
vt 0.542969 0.009979
vt 0.660156 0.105469
vt 0.683594 0.121094
vt 0.683594 0.089844
vt 0.542969 0.066406
vt 0.542969 0.136719
vt 0.683594 0.167969
vt 0.175781 0.989990
vt 0.175781 0.894531
vt 0.089844 0.989990
vt 0.542969 0.195282
vt 0.847656 0.195282
vt 0.695312 0.009979
vt 0.695312 0.195282
vt 0.847656 0.009979
vt 0.989990 0.195282
vt 0.989990 0.009979
s 1
usemtl npc01_01
f 558/258/436 559/259/437 560/260/438
f 561/261/439 562/262/440 563/263/441
f 563/263/441 562/262/440 564/264/442
f 563/263/441 564/264/442 565/265/443
f 566/264/444 567/266/445 568/265/446
f 568/265/446 567/266/445 569/267/447
f 568/265/446 569/267/447 570/268/448
f 570/268/448 569/267/447 571/258/449
f 570/268/448 571/258/449 560/260/438
f 572/259/437 573/258/450 574/269/451
f 574/269/451 573/258/450 575/267/452
f 574/269/451 575/267/452 576/270/453
f 576/270/453 575/267/452 577/266/454
f 576/270/453 577/266/454 578/271/455
f 578/271/455 577/266/454 579/264/456
f 578/271/455 579/264/456 580/272/457
f 580/272/457 579/264/456 581/262/458
f 580/272/457 581/262/458 582/273/459
f 582/273/459 581/262/458 583/261/460
f 582/273/459 583/261/460 584/274/461
f 585/268/462 586/260/438 587/275/463
f 587/275/463 586/260/438 588/276/464
f 589/258/465 590/260/466 591/259/467
f 592/265/468 593/277/469 594/268/470
f 594/268/470 593/277/469 595/275/471
f 594/268/470 595/275/471 596/260/472
f 596/260/472 595/275/471 597/276/464
f 598/265/473 599/264/474 600/263/475
f 600/263/475 599/264/474 601/262/476
f 600/263/475 601/262/476 602/261/477
f 602/261/477 601/262/476 603/273/478
f 602/261/477 603/273/478 604/274/479
f 605/260/472 606/258/480 607/268/481
f 607/268/481 606/258/480 608/267/482
f 607/268/481 608/267/482 609/265/473
f 609/265/473 608/267/482 610/266/483
f 609/265/473 610/266/483 611/264/484
f 611/264/484 610/266/483 612/271/485
f 611/264/484 612/271/485 613/262/486
f 613/262/486 612/271/485 614/272/487
f 613/262/486 614/272/487 615/273/478
f 616/278/488 617/279/489 618/280/490
f 619/281/491 620/282/492 621/283/493
f 621/283/493 620/282/492 622/284/494
f 617/279/489 616/278/488 623/285/495
f 623/285/495 616/278/488 624/280/496
f 623/285/495 624/280/496 625/279/497
f 626/286/493 627/287/498 628/288/499
f 628/288/499 627/287/498 629/289/500
f 630/290/501 631/291/502 632/292/490
f 633/288/503 634/289/461 635/286/504
f 635/286/504 634/289/461 636/287/505
f 637/293/506 638/284/494 639/290/507
f 639/290/507 638/284/494 640/282/508
f 639/290/507 640/282/508 641/291/502
f 641/291/502 640/282/508 642/281/491
f 641/291/502 642/281/491 643/294/496
f 644/271/509 645/266/510 646/270/511
f 646/270/511 645/266/510 647/267/512
f 646/270/511 647/267/512 648/269/513
f 648/269/513 647/267/512 649/258/465
f 648/269/513 649/258/465 650/259/467
f 651/295/514 652/296/515 653/297/516
f 654/298/517 655/299/518 656/300/519
f 657/301/520 658/302/521 659/303/522
f 660/304/523 661/305/524 662/306/525
f 652/296/515 651/295/514 663/297/526
f 664/293/493 665/307/502 666/308/527
f 667/283/528 668/284/494 665/307/502
f 665/307/502 668/284/494 669/293/506
f 665/307/502 669/293/506 670/308/529
f 660/304/523 662/306/525 671/305/530
f 672/277/531 673/309/532 674/275/533
f 674/275/533 673/309/532 675/277/534
f 674/275/533 675/277/534 676/268/535
f 676/268/535 675/277/534 677/265/446
f 678/288/536 679/287/537 680/286/493
f 681/286/506 682/287/538 683/288/539
f 655/299/518 654/298/517 684/310/540
f 685/311/541 686/298/542 687/299/543
f 687/299/543 686/298/542 688/300/544
f 687/299/543 688/300/544 689/312/545
f 690/313/546 685/311/541 691/310/547
f 691/310/547 685/311/541 687/299/543
f 691/310/547 687/299/543 692/314/446
f 692/314/446 687/299/543 689/312/545
f 658/302/521 657/301/520 663/297/526
f 663/297/526 657/301/520 693/315/548
f 663/297/526 693/315/548 652/296/515
f 652/296/515 694/315/549 653/297/516
f 653/297/516 694/315/549 695/301/517
f 653/297/516 695/301/517 696/302/550
f 696/302/550 695/301/517 697/303/551
f 692/314/446 661/305/524 691/310/547
f 691/310/547 661/305/524 698/316/552
f 691/310/547 698/316/552 690/313/546
f 690/313/546 698/316/552 684/310/540
f 690/313/546 684/310/540 699/311/553
f 699/311/553 684/310/540 654/298/517
f 661/305/524 660/304/523 698/316/552
f 698/316/552 660/304/523 671/305/530
f 698/316/552 671/305/530 684/310/540
f 684/310/540 671/305/530 700/314/473
f 684/310/540 700/314/473 655/299/518
f 655/299/518 700/314/473 701/312/554
f 655/299/518 701/312/554 656/300/519
f 702/317/555 703/318/556 704/319/557
f 704/319/557 703/318/556 705/320/558
f 706/321/559 707/322/560 708/323/561
f 709/324/562 710/325/563 704/319/564
f 711/326/565 712/327/566 713/328/567
f 714/329/568 715/318/569 716/328/567
f 716/328/567 715/318/569 717/317/555
f 716/328/567 717/317/555 718/326/570
f 718/326/570 717/317/555 719/319/557
f 718/326/570 719/319/557 720/330/571
f 720/330/571 719/319/557 721/325/572
f 722/331/573 723/332/574 724/333/575
f 725/334/573 726/335/576 727/336/577
f 724/333/575 728/337/578 722/331/573
f 722/331/573 728/337/578 729/338/579
f 722/331/573 729/338/579 730/339/580
f 731/325/563 732/324/581 733/340/582
f 733/340/582 732/324/581 734/341/583
f 733/340/582 734/341/583 735/342/584
f 735/342/584 734/341/583 736/323/561
f 735/342/584 736/323/561 737/322/560
f 729/338/579 738/343/585 730/339/580
f 730/339/580 738/343/585 739/338/586
f 730/339/580 739/338/586 723/332/574
f 723/332/574 739/338/586 740/337/587
f 723/332/574 740/337/587 724/333/575
f 741/318/588 742/319/557 743/320/589
f 744/319/564 745/330/590 746/324/591
f 747/323/592 748/342/593 749/321/594
f 749/321/594 748/342/593 750/322/595
f 751/328/596 752/327/597 753/317/598
f 754/329/599 755/328/596 741/318/588
f 741/318/588 755/328/596 753/317/598
f 741/318/588 753/317/598 742/319/557
f 742/319/557 753/317/598 756/326/570
f 742/319/557 756/326/570 757/330/600
f 758/333/601 759/332/602 760/331/603
f 761/327/597 762/326/604 763/317/598
f 764/339/605 765/338/606 760/331/603
f 760/331/603 765/338/606 766/337/607
f 760/331/603 766/337/607 758/333/601
f 767/334/608 768/336/602 769/335/605
f 770/330/609 771/325/610 772/324/591
f 772/324/591 771/325/610 773/340/582
f 772/324/591 773/340/582 774/341/611
f 774/341/611 773/340/582 775/342/593
f 774/341/611 775/342/593 776/323/592
f 758/333/601 777/337/612 759/332/602
f 759/332/602 777/337/612 778/338/613
f 759/332/602 778/338/613 764/339/605
f 764/339/605 778/338/613 779/343/614
f 764/339/605 779/343/614 765/338/606
f 780/344/615 781/345/616 782/346/617
f 783/345/616 784/344/615 785/347/618
f 785/347/618 784/344/615 786/348/619
f 785/347/618 786/348/619 787/349/620
o npc_01-0001-9
v -20.486845 20.881105 14.140918
v -18.359531 16.046965 3.438169
v -13.103180 14.725189 13.073257
v -9.236314 -31.856306 15.186186
v -9.010119 -19.336554 15.798411
v -17.847898 -17.442999 11.901071
v -8.498486 -5.799480 16.410635
v -17.147770 -5.896015 10.952867
v -7.615247 3.742560 16.059725
v -19.431267 3.155928 5.203918
v -13.103180 14.725189 13.073257
v -18.068708 9.638575 4.319177
v -18.359531 16.046965 3.438169
v -15.031227 14.138556 -11.766680
v -22.393351 23.613766 -5.132992
v -17.847898 -17.442999 11.901071
v -18.122564 -31.774626 11.464302
v -9.236314 -31.856306 15.186186
v -17.847898 -17.442999 11.901071
v -17.147770 -5.896015 10.952867
v -20.879995 -5.762353 1.478302
v -19.431267 3.155928 5.203918
v -16.447641 3.163353 -10.269713
v -18.068708 9.638575 4.319177
v -15.031227 14.138556 -11.766680
v -21.370085 -31.730070 0.164258
v -21.402397 -27.579098 1.030333
v -18.682667 -31.900862 -11.426965
v -18.284134 -17.376167 -10.893136
v 0.000000 -31.878588 -18.012127
v 0.000000 -17.606367 -17.414831
v 18.284134 -17.376167 -10.893136
v 17.718643 -5.754928 -10.295844
v 21.256987 -17.539534 1.220719
v 20.879995 -5.762353 1.478302
v 17.847898 -17.442999 11.901071
v 17.147770 -5.896015 10.952867
v 8.498486 -5.799480 16.410635
v -7.496764 11.361341 13.439099
v -6.338858 11.391044 15.708814
v -8.600813 3.891074 14.529161
v -7.615247 3.742560 16.059725
v -9.467895 -5.806906 15.369105
v -8.498486 -5.799480 16.410635
v -10.054927 -19.358831 14.723283
v -9.010119 -19.336554 15.798411
v -18.122564 -31.774626 11.464302
v -17.847898 -17.442999 11.901071
v -21.256987 -17.539534 1.220719
v -20.879995 -5.762353 1.478302
v -17.718643 -5.754928 -10.295844
v -16.447641 3.163353 -10.269713
v 0.000000 -5.747503 -16.324774
v 0.000000 3.170778 -16.182917
v 17.718643 -5.754928 -10.295844
v 16.447641 3.163353 -10.269713
v 20.879995 -5.762353 1.478302
v 19.431267 3.155928 5.203918
v 17.147770 -5.896015 10.952867
v 7.615247 3.742560 16.059725
v 8.498486 -5.799480 16.410635
v 22.393351 23.613766 -5.132992
v 18.359531 16.046965 3.438169
v 15.031227 14.138556 -11.766680
v 20.486845 20.881105 14.140918
v 13.103180 14.725189 13.073257
v 18.359531 16.046965 3.438169
v 18.068708 9.638575 4.319177
v 16.447641 3.163353 -10.269713
v 0.000000 3.170778 -16.182917
v 0.000000 14.821722 -16.978065
v -16.447641 3.163353 -10.269713
v -15.031227 14.138556 -11.766680
v 6.338858 11.391044 15.708814
v 7.615247 3.742560 16.059725
v 13.103180 14.725189 13.073257
v 19.431267 3.155928 5.203918
v 18.068708 9.638575 4.319177
v 16.447641 3.163353 -10.269713
v 15.031227 14.138556 -11.766680
v 0.000000 14.821722 -16.978065
v 10.054927 -19.358831 14.723283
v 9.010119 -19.336554 15.798411
v 9.467895 -5.806906 15.369105
v 8.498486 -5.799480 16.410635
v 8.191507 3.891074 14.529161
v 7.615247 3.742560 16.059725
v 7.496764 11.361341 13.439099
v 6.338858 11.391044 15.708814
v -7.615247 3.742560 16.059725
v -6.338858 11.391044 15.708814
v -13.103180 14.725189 13.073257
v 0.000000 -17.606367 -17.414831
v 0.000000 -5.747503 -16.324774
v 17.718643 -5.754928 -10.295844
v 8.498486 -5.799480 16.410635
v 9.010119 -19.336554 15.798411
v 17.847898 -17.442999 11.901071
v 0.000000 -5.747503 -16.324774
v 0.000000 -17.606367 -17.414831
v -17.718643 -5.754928 -10.295844
v -18.284134 -17.376167 -10.893136
v -21.256987 -17.539534 1.220719
v -21.402397 -27.579098 1.030333
v -18.122564 -31.774626 11.464302
v 9.010119 -19.336554 15.798411
v 9.236314 -31.856306 15.186186
v 18.122564 -31.774626 11.464302
v 21.256987 -17.539534 1.220719
v 21.402397 -27.579098 1.030333
v 18.284134 -17.376167 -10.893136
v 18.682667 -31.900862 -11.426965
v 0.000000 -31.878588 -18.012127
v 21.402397 -27.579098 1.030333
v 21.370085 -31.730070 0.164258
v 18.682667 -31.900862 -11.426965
v 32.173611 18.853886 -1.011667
v 18.359531 16.046965 3.438169
v 22.393351 23.613766 -5.132992
v 22.926525 29.947899 0.757814
v 23.298132 30.623638 5.860939
v 34.920269 29.502357 6.712081
v 22.054056 27.178108 12.617820
v 32.932980 24.623665 13.726546
v 20.486845 20.881105 14.140918
v 34.931042 17.895967 7.107790
v 18.359531 16.046965 3.438169
v 32.173611 18.853886 -1.011667
v 31.952801 24.244951 -5.536165
v 28.516785 24.222675 -4.838078
v 32.582916 28.648399 -0.866077
v 40.467445 28.967705 -0.164258
v 34.920269 29.502357 6.712081
v 41.733063 29.977602 7.249646
v 32.173611 18.853886 -1.011667
v 22.393351 23.613766 -5.132992
v 22.926525 29.947899 0.757814
v 34.920269 29.502357 6.712081
v 34.920269 29.502357 6.712081
v 40.467445 28.967705 -0.164258
v 32.582916 28.648399 -0.866077
v 32.173611 18.853886 -1.011667
v 40.316647 18.980122 -0.238918
v 34.931042 17.895967 7.107790
v 41.808460 18.037056 7.678952
v 34.931042 17.895967 7.107790
v 34.758701 24.482576 12.718613
v 32.932980 24.623665 13.726546
v 34.920269 29.502357 6.712081
v 42.481663 24.200399 13.491362
v 41.733063 29.977602 7.249646
v 34.920269 29.502357 6.712081
v 34.758701 24.482576 12.718613
v 34.931042 17.895967 7.107790
v 41.808460 18.037056 7.678952
v -32.582916 28.648399 -0.866077
v -28.516785 24.222675 -4.838078
v -31.952801 24.244951 -5.536165
v -22.393351 23.613766 -5.132992
v -18.359531 16.046965 3.438169
v -32.173611 18.853886 -1.011667
v -32.582916 28.648399 -0.866077
v -40.467445 28.967705 -0.164258
v -34.920269 29.502357 6.712081
v -41.733063 29.977602 7.249646
v -32.173611 18.853886 -1.011667
v -18.359531 16.046965 3.438169
v -34.931042 17.895967 7.107790
v -20.486845 20.881105 14.140918
v -32.932980 24.623665 13.726546
v -22.054056 27.178108 12.617820
v -34.920269 29.502357 6.712081
v -23.298132 30.623638 5.860939
v -32.582916 28.648399 -0.866077
v -23.298132 30.623638 5.860939
v -22.926525 29.947899 0.757814
v -32.582916 28.648399 -0.866077
v -22.393351 23.613766 -5.132992
v -28.516785 24.222675 -4.838078
v -32.173611 18.853886 -1.011667
v -31.952801 24.244951 -5.536165
v -40.316647 18.980122 -0.238918
v -34.931042 17.895967 7.107790
v -41.808460 18.037056 7.678952
v -34.931042 17.895967 7.107790
v -40.316647 18.980122 -0.238918
v -32.173611 18.853886 -1.011667
v -34.758701 24.482576 12.718613
v -32.932980 24.623665 13.726546
v -34.920269 29.502357 6.712081
v -32.932980 24.623665 13.726546
v -34.758701 24.482576 12.718613
v -34.931042 17.895967 7.107790
v -42.481663 24.200399 13.491362
v -41.808460 18.037056 7.678952
v -34.931042 17.895967 7.107790
v -34.758701 24.482576 12.718613
v -34.920269 29.502357 6.712081
v -41.733063 29.977602 7.249646
v -21.402397 -27.579098 1.030333
v -21.025406 -31.692942 1.900141
v -18.122564 -31.774626 11.464302
v 18.122564 -31.774626 11.464302
v 21.025406 -31.692942 1.900141
v 21.402397 -27.579098 1.030333
vn -0.1334 -0.3923 0.9101
vn -0.6456 -0.7637 0.0001
vn -0.5403 -0.0783 0.8378
vn -0.3929 -0.0236 0.9193
vn -0.4089 -0.0315 0.9121
vn -0.7070 0.0157 0.7071
vn -0.4931 0.0470 0.8687
vn -0.7485 0.1103 0.6539
vn -0.2425 0.0078 0.9701
vn -0.9335 0.1412 0.3295
vn -0.9936 0.0939 0.0626
vn -0.6456 -0.7637 -0.0000
vn -0.6903 0.1176 -0.7139
vn -0.2666 0.1176 -0.9566
vn -0.7070 0.0157 0.7070
vn -0.8730 -0.0079 0.4876
vn -0.9948 0.0862 0.0548
vn -0.9336 0.1412 0.3294
vn -0.7989 0.0861 -0.5952
vn -0.9747 0.0393 -0.2201
vn -0.9998 0.0079 -0.0158
vn -0.8547 0.0392 -0.5176
vn -0.7444 0.0470 -0.6661
vn -0.0000 0.0393 -0.9992
vn -0.0000 0.0629 -0.9980
vn 0.7444 0.0470 -0.6661
vn 0.7320 0.0787 -0.6768
vn 0.9994 0.0236 0.0236
vn 0.9948 0.0861 0.0548
vn 0.7071 0.0157 0.7070
vn 0.7485 0.1103 0.6539
vn 0.4931 0.0470 0.8687
vn 0.5110 0.1336 0.8491
vn 0.7953 -0.0000 0.6063
vn 0.8237 -0.1412 -0.5491
vn -0.2424 0.0079 0.9701
vn 0.7590 -0.0469 -0.6494
vn 0.7590 -0.0470 -0.6495
vn 0.7226 -0.0000 -0.6912
vn -0.8730 -0.0078 0.4876
vn -0.9994 0.0236 0.0236
vn -0.7320 0.0787 -0.6768
vn -0.7989 0.0862 -0.5953
vn -0.0000 0.0628 -0.9980
vn -0.0000 -0.0157 -0.9999
vn 0.7319 0.0787 -0.6768
vn 0.7989 0.0862 -0.5953
vn 0.9948 0.0862 0.0548
vn 0.9335 0.1412 0.3295
vn 0.1809 0.0157 0.9834
vn 0.2666 0.1176 -0.9566
vn 0.6456 -0.7636 -0.0000
vn 0.6903 0.1177 -0.7139
vn 0.1334 -0.3923 0.9101
vn 0.5403 -0.0783 0.8379
vn 0.6455 -0.7637 -0.0000
vn 0.9936 0.0938 0.0626
vn 0.7989 0.0861 -0.5953
vn -0.0000 -0.0158 -0.9999
vn -0.7777 0.0078 0.6285
vn 0.1810 0.0157 0.9834
vn 0.5403 -0.0783 0.8378
vn 0.9936 0.0939 0.0626
vn 0.7989 0.0862 -0.5952
vn 0.6903 0.1176 -0.7139
vn -0.7226 -0.0000 -0.6912
vn -0.7227 -0.0000 -0.6912
vn -0.8169 -0.0629 0.5734
vn -0.7937 -0.0629 -0.6051
vn -0.7563 -0.0237 0.6538
vn 0.1810 0.0158 0.9834
vn -0.5018 0.1333 0.8547
vn -0.7778 0.0079 0.6285
vn -0.2425 0.0079 0.9701
vn 0.7952 -0.0001 0.6063
vn -0.5402 -0.0783 0.8379
vn 0.4930 0.0469 0.8687
vn 0.4088 -0.0314 0.9121
vn 0.7070 0.0157 0.7070
vn -0.7319 0.0787 -0.6768
vn -0.9998 0.0079 -0.0157
vn 0.4089 -0.0314 0.9121
vn 0.3928 -0.0235 0.9193
vn 0.8730 -0.0079 0.4877
vn 0.9998 0.0079 -0.0157
vn 0.7444 0.0470 -0.6660
vn 0.8547 0.0392 -0.5176
vn 0.9998 0.0079 -0.0158
vn 0.9747 0.0393 -0.2201
vn 0.8548 0.0392 -0.5175
vn 0.0158 -0.8055 -0.5923
vn 0.6456 -0.7637 -0.0000
vn 0.1257 0.8643 -0.4871
vn 0.0394 0.9922 0.1181
vn 0.0550 0.9339 0.3532
vn -0.0000 0.7226 0.6913
vn 0.2756 0.1260 0.9530
vn 0.1333 -0.3923 0.9101
vn 0.0862 -0.9091 0.4075
vn 0.0158 -0.8056 -0.5923
vn -0.0471 0.0471 -0.9978
vn -0.0705 0.0783 -0.9944
vn -0.0158 0.8439 -0.5363
vn -0.0000 0.9021 -0.4314
vn -0.0234 0.9233 0.3834
vn 0.0158 -0.8055 -0.5924
vn 0.1257 0.8642 -0.4871
vn 0.0550 0.9340 0.3531
vn 0.0236 -0.8973 -0.4407
vn 0.0157 -0.9413 0.3373
vn 0.2121 0.0785 0.9741
vn 0.2757 0.1260 0.9530
vn -0.0470 -0.1017 0.9937
vn -0.0235 0.9233 0.3834
vn 0.0549 0.9339 0.3532
vn 0.2121 0.0786 0.9741
vn 0.0158 0.8439 -0.5363
vn 0.0705 0.0783 -0.9944
vn 0.0472 0.0471 -0.9978
vn -0.0158 -0.8055 -0.5923
vn -0.0000 0.9022 -0.4314
vn -0.0550 0.9339 0.3532
vn 0.0235 0.9233 0.3834
vn -0.0158 -0.8056 -0.5923
vn -0.6456 -0.7636 -0.0000
vn -0.0862 -0.9091 0.4075
vn -0.1333 -0.3924 0.9101
vn -0.2756 0.1260 0.9530
vn -0.0549 0.9339 0.3532
vn -0.0394 0.9922 0.1181
vn -0.1257 0.8643 -0.4871
vn -0.0158 -0.8055 -0.5924
vn 0.0471 0.0472 -0.9978
vn -0.0236 -0.8973 -0.4407
vn -0.0157 -0.9413 0.3373
vn -0.0862 -0.9091 0.4076
vn -0.2120 0.0785 0.9741
vn -0.2121 0.0786 0.9741
vn 0.0469 -0.1017 0.9937
vn -0.9567 -0.0235 0.2901
vn 0.8730 -0.0079 0.4876
vn 0.9567 -0.0235 0.2901
vt 0.683594 0.445099
vt 0.707031 0.480469
vt 0.605469 0.445099
vt 0.511719 0.989990
vt 0.511719 0.824219
vt 0.613281 0.816406
vt 0.511719 0.675781
vt 0.621094 0.675781
vt 0.511719 0.574219
vt 0.691406 0.574219
vt 0.699219 0.527344
vt 0.855469 0.445099
vt 0.761719 0.445099
vt 0.613281 0.989990
vt 0.725861 0.675781
vt 0.855469 0.574219
vt 0.733673 0.989990
vt 0.725861 0.941406
vt 0.855469 0.989990
vt 0.855469 0.816406
vt 0.989990 0.989990
vt 0.989990 0.816406
vt 0.855469 0.675781
vt 0.725861 0.816406
vt 0.163849 0.019318
vt 0.195099 0.019318
vt 0.163849 0.136505
vt 0.195099 0.136505
vt 0.989990 0.675781
vt 0.989990 0.574219
vt 0.989990 0.445099
vt 0.511719 0.445099
vt 0.491943 0.738281
vt 0.491943 0.605469
vt 0.417969 0.605469
vt 0.332031 0.605469
vt 0.269531 0.605469
vt 0.261719 0.761719
vt 0.199219 0.605469
vt 0.175781 0.746094
vt 0.121094 0.605469
vt 0.089844 0.761719
vt 0.009979 0.605469
vt 0.009979 0.738281
vt 0.425781 0.738281
vt 0.425781 0.699219
vt 0.336090 0.738281
vt 0.336090 0.839844
vt 0.261719 0.855469
vt 0.009979 0.839844
vt 0.089844 0.855469
vt 0.175781 0.769531
vt 0.175781 0.866089
vt 0.718048 0.989990
s 1
usemtl npc01_01
f 788/350/621 789/351/622 790/352/623
f 791/353/624 792/354/625 793/355/626
f 793/355/626 792/354/625 794/356/627
f 793/355/626 794/356/627 795/357/628
f 795/357/628 794/356/627 796/358/629
f 795/357/628 796/358/629 797/359/630
f 797/359/630 796/358/629 798/352/623
f 797/359/630 798/352/623 799/360/631
f 799/360/631 798/352/623 800/351/632
f 799/360/631 800/351/632 801/361/633
f 801/361/633 800/351/632 802/362/634
f 803/355/635 804/363/636 805/353/624
f 806/355/635 807/357/628 808/364/637
f 808/364/637 807/357/628 809/359/638
f 808/364/637 809/359/638 810/365/639
f 810/365/639 809/359/638 811/360/631
f 810/365/639 811/360/631 812/361/633
f 813/366/640 814/367/641 815/368/642
f 815/368/642 814/367/641 816/369/643
f 815/368/642 816/369/643 817/370/644
f 817/370/644 816/369/643 818/371/645
f 817/370/644 818/371/645 819/369/646
f 819/369/646 818/371/645 820/372/647
f 819/369/646 820/372/647 821/373/648
f 821/373/648 820/372/647 822/364/649
f 821/373/648 822/364/649 823/355/650
f 823/355/650 822/364/649 824/357/651
f 823/355/650 824/357/651 825/356/652
f 826/374/653 827/375/654 828/376/655
f 828/376/655 827/375/654 829/377/656
f 828/376/655 829/377/656 830/374/657
f 830/374/657 829/377/656 831/375/658
f 830/374/657 831/375/658 832/376/659
f 832/376/659 831/375/658 833/377/659
f 834/363/660 835/355/635 836/373/661
f 836/373/661 835/355/635 837/364/637
f 836/373/661 837/364/637 838/372/662
f 838/372/662 837/364/637 839/365/663
f 838/372/662 839/365/663 840/378/664
f 840/378/664 839/365/663 841/379/665
f 840/378/664 841/379/665 842/372/666
f 842/372/666 841/379/665 843/365/667
f 842/372/666 843/365/667 844/364/668
f 844/364/668 843/365/667 845/359/669
f 844/364/668 845/359/669 846/357/651
f 846/357/651 845/359/669 847/358/670
f 846/357/651 847/358/670 848/356/652
f 849/362/671 850/351/672 851/361/673
f 852/350/674 853/352/675 854/351/676
f 854/351/676 853/352/675 855/360/677
f 854/351/676 855/360/677 851/361/673
f 856/365/678 857/379/679 858/380/664
f 858/380/664 857/379/679 859/365/639
f 858/380/664 859/365/639 860/361/633
f 861/381/680 862/358/681 863/352/682
f 863/352/682 862/358/681 864/359/669
f 863/352/682 864/359/669 865/360/683
f 865/360/683 864/359/669 866/365/684
f 865/360/683 866/365/684 867/361/685
f 867/361/685 866/365/684 868/380/664
f 869/376/686 870/377/687 871/374/688
f 871/374/688 870/377/687 872/375/689
f 871/374/688 872/375/689 873/376/690
f 873/376/690 872/375/689 874/377/691
f 873/376/690 874/377/691 875/374/692
f 875/374/692 874/377/691 876/375/693
f 877/358/694 878/381/695 879/352/696
f 880/371/645 881/378/645 882/372/666
f 883/356/697 884/354/698 885/355/699
f 886/378/645 887/371/645 888/372/700
f 888/372/700 887/371/645 889/369/643
f 888/372/700 889/369/643 890/373/661
f 890/373/661 889/369/643 891/367/701
f 890/373/661 891/367/701 892/363/636
f 893/354/702 894/353/703 885/355/699
f 885/355/699 894/353/703 895/363/704
f 885/355/699 895/363/704 896/373/648
f 896/373/648 895/363/704 897/367/705
f 896/373/648 897/367/705 898/369/706
f 898/369/706 897/367/705 899/368/707
f 898/369/706 899/368/707 900/370/644
f 901/367/708 902/366/709 903/368/710
f 904/382/711 905/383/712 906/384/671
f 907/385/713 908/386/714 909/387/715
f 909/387/715 908/386/714 910/388/716
f 909/387/715 910/388/716 911/389/717
f 911/389/717 910/388/716 912/390/718
f 911/389/717 912/390/718 913/391/719
f 913/391/719 912/390/718 914/392/712
f 913/391/719 914/392/712 915/393/720
f 916/394/721 917/395/722 918/396/723
f 919/397/724 920/387/715 921/398/725
f 916/394/721 922/382/726 917/395/722
f 917/395/722 922/382/726 923/384/671
f 917/395/722 923/384/671 918/396/723
f 918/396/723 923/384/671 924/385/727
f 918/396/723 924/385/727 925/387/715
f 926/387/728 927/397/724 928/396/723
f 929/393/711 930/399/729 931/391/719
f 931/391/719 930/399/729 932/400/730
f 933/391/719 934/401/731 935/389/732
f 935/389/732 934/401/731 936/387/715
f 937/402/733 938/398/734 939/387/735
f 939/387/735 940/401/736 937/402/733
f 937/402/733 940/401/736 941/391/719
f 937/402/733 941/391/719 942/400/730
f 943/396/737 944/395/738 945/394/739
f 946/384/634 947/383/632 948/382/740
f 949/396/737 950/397/741 951/387/742
f 951/387/742 950/397/741 952/398/743
f 953/393/744 954/392/745 955/391/746
f 955/391/746 954/392/745 956/390/747
f 955/391/746 956/390/747 957/389/748
f 957/389/748 956/390/747 958/388/716
f 957/389/748 958/388/716 959/387/749
f 959/387/749 958/388/716 960/386/750
f 959/387/749 960/386/750 961/396/737
f 962/386/750 963/385/751 964/396/737
f 964/396/737 963/385/751 965/384/634
f 964/396/737 965/384/634 966/395/738
f 966/395/738 965/384/634 967/382/752
f 966/395/738 967/382/752 968/394/753
f 969/399/754 970/391/746 971/400/755
f 972/391/756 973/399/754 974/393/740
f 975/401/757 976/389/748 977/387/742
f 978/389/748 979/401/758 980/391/746
f 981/402/759 982/400/755 983/391/746
f 983/391/746 984/401/758 981/402/759
f 981/402/759 984/401/758 985/387/742
f 981/402/759 985/387/742 986/398/743
f 987/367/701 988/403/760 989/363/636
f 990/363/761 991/403/762 992/367/705
o npc_01-0001-10
v -4.270786 -13.447967 -11.150719
v 0.000000 -5.754928 -14.084924
v 0.000000 -11.183124 -11.016328
v 4.270786 -13.447967 -11.150719
v 0.000000 -5.754928 -14.084924
v 17.982538 -5.754928 -8.395705
v 4.270786 -13.447967 -11.150719
v 1.432571 -17.665771 -4.968732
v 0.000000 -18.623688 -6.178252
v 0.000000 -5.754928 -14.084924
v -17.982538 -5.754928 -8.395705
v -11.024336 -16.299438 -8.948200
v -18.332603 -8.034621 -1.511898
v -17.524761 -18.371214 -2.258513
v -17.907141 -14.435586 4.729818
v 1.513355 -20.361303 7.006999
v 2.655104 -24.081587 -0.862340
v 7.076686 -26.680586 4.953804
v 4.712405 -29.450377 -0.877273
v 11.611367 -33.549370 3.329913
v 8.794695 -36.980049 -4.192250
v 11.482112 -37.351334 -0.160520
v 4.270786 -13.447967 -11.150719
v -4.270786 -13.447967 -11.150719
v -1.437957 -17.665771 -4.968732
v -11.024336 -16.299438 -8.948200
v -11.417485 -27.074148 -7.929067
v -17.524761 -18.371214 -2.258513
v -18.736523 -24.081587 1.941205
v -17.907141 -14.435586 4.729818
v -11.956045 -21.928129 8.963135
v -11.309773 -13.663310 11.090992
v -1.513355 -20.361303 7.006999
v 0.000000 -19.834080 11.613625
v 0.000000 -18.623688 -6.178252
v 1.513355 -20.361303 7.006999
v 1.432571 -17.665771 -4.968732
v 2.655104 -24.081587 -0.862340
v 13.442473 -36.319160 -3.740547
v 11.611367 -33.549370 3.329913
v 11.482112 -37.351334 -0.160520
v 4.712405 -29.450377 -0.877273
v 2.655104 -24.081587 -0.862340
v 11.417485 -27.074148 -7.929067
v 1.432571 -17.665771 -4.968732
v 11.024336 -16.299438 -8.948200
v 4.270786 -13.447967 -11.150719
v 17.982538 -5.754928 -8.395705
v 11.105120 -35.331539 -8.134386
v 11.417485 -27.074148 -7.929067
v 16.566124 -32.049377 -2.419036
v 18.736523 -24.081587 1.941205
v 11.611367 -33.549370 3.329913
v 11.956045 -29.279585 8.205318
v 7.076686 -26.680586 4.953804
v 11.956045 -21.928129 8.963135
v 1.513355 -20.361303 7.006999
v 11.309773 -13.663310 11.090992
v 0.000000 -19.834080 11.613625
v 0.000000 -10.180651 13.648154
v -11.309773 -13.663310 11.090992
v -9.694091 -5.806906 14.409702
v -19.388182 -5.762352 4.218384
v 11.417485 -27.074148 -7.929067
v 11.105120 -35.331539 -8.134386
v 4.712405 -29.450377 -0.877273
v 17.524761 -18.371214 -2.258513
v 18.736523 -24.081587 1.941205
v 11.417485 -27.074148 -7.929067
v 17.524761 -18.371214 -2.258513
v 17.907141 -14.435586 4.729818
v 11.956045 -21.928129 8.963135
v 11.956045 -29.279585 8.205318
v 11.024336 -16.299438 -8.948200
v 18.332603 -8.034621 -1.511898
v 17.907141 -14.435586 4.729818
v 11.309773 -13.663310 11.090992
v 11.956045 -21.928129 8.963135
v 18.332603 -8.034621 -1.511898
v 11.024336 -16.299438 -8.948200
v 17.982538 -5.754928 -8.395705
v 18.332603 -8.034621 -1.511898
v 19.388182 -5.762352 4.218384
v 11.309773 -13.663310 11.090992
v 9.694091 -5.806906 14.409702
v 0.000000 -10.180651 13.648154
v -2.655104 -24.081587 -0.862340
v -11.417485 -27.074148 -7.929067
v -1.437957 -17.665771 -4.968732
v -16.566124 -32.049377 -2.419036
v -13.442473 -36.319160 -3.740547
v -11.611367 -33.549370 3.329913
v -11.482112 -37.351334 -0.160520
v -11.482112 -37.351334 -0.160520
v -8.794695 -36.980049 -4.192250
v -11.611367 -33.549370 3.329913
v -4.712405 -29.450377 -0.877273
v -7.076686 -26.680586 4.953804
v -2.655104 -24.081587 -0.862340
v -1.513355 -20.361303 7.006999
v -1.437957 -17.665771 -4.968732
v 0.000000 -18.623688 -6.178252
v -1.513355 -20.361303 7.006999
v -11.956045 -21.928129 8.963135
v -7.076686 -26.680586 4.953804
v -11.956045 -29.279585 8.205318
v -11.611367 -33.549370 3.329913
v -18.736523 -24.081587 1.941205
v -16.566124 -32.049377 -2.419036
v -11.417485 -27.074148 -7.929067
v -11.105120 -35.331539 -8.134386
v -4.712405 -29.450377 -0.877273
v -17.907141 -14.435586 4.729818
v -11.309773 -13.663310 11.090992
v -18.332603 -8.034621 -1.511898
v -19.388182 -5.762352 4.218384
v -17.982538 -5.754928 -8.395705
v -18.332603 -8.034621 -1.511898
v -19.388182 -5.762352 4.218384
v -9.694091 -5.806906 14.409702
v 0.000000 -10.180651 13.648154
v 0.000000 -5.844035 17.037792
v 9.694091 -5.806906 14.409702
v 19.388182 -5.762352 4.218384
v 18.332603 -8.034621 -1.511898
v 17.982538 -5.754928 -8.395705
v 42.616302 26.606329 5.424168
v 33.433842 27.512266 0.731682
v 33.433842 28.358797 5.711616
v 33.557713 20.368731 8.291176
v 33.913162 24.133566 10.572090
v 29.265383 25.136038 11.848805
v 33.433842 28.358797 5.711616
v 22.824198 28.782063 3.692018
v 33.433842 27.512266 0.731682
v 28.559870 23.754854 -2.717687
v 36.557495 23.940498 -0.978070
v 21.779390 19.967743 3.441902
v 28.559870 23.754854 -2.717687
v 32.792953 19.848930 1.131122
v 36.557495 23.940498 -0.978070
v 38.393986 24.051884 0.197851
v 33.433842 27.512266 0.731682
v 42.616302 25.574156 1.545495
v 42.616302 26.606329 5.424168
v 49.439865 25.856333 5.674285
v 42.616302 24.252378 8.989264
v 49.439865 23.673172 8.403169
v 42.616302 21.571695 6.301444
v 48.998245 21.764765 5.338307
v 21.714764 23.658321 11.214181
v 21.779390 19.967743 3.441902
v 30.207865 22.277138 8.825007
v 32.792953 19.848930 1.131122
v 22.824198 28.782063 3.692018
v 21.714764 23.658321 11.214181
v 29.265383 25.136038 11.848805
v 33.557713 20.368731 8.291176
v 42.341637 22.492483 1.851607
v 32.792953 19.848930 1.131122
v 38.393986 24.051884 0.197851
v 42.341637 22.492483 1.851607
v 42.616302 25.574156 1.545495
v 49.439865 23.851389 2.680352
v 49.439865 25.856333 5.674285
v 49.439865 25.856333 5.674285
v 57.006641 26.747417 4.845540
v 55.681782 25.685539 1.668686
v 42.616302 21.571695 6.301444
v 42.341637 22.492483 1.851607
v 48.998245 21.764765 5.338307
v 49.439865 23.851389 2.680352
v 52.062653 23.027136 1.597758
v 49.439865 23.851389 2.680352
v 55.681782 25.685539 1.668686
v 49.439865 25.856333 5.674285
v 51.039391 21.415754 9.022861
v 49.439865 23.673172 8.403169
v 48.998245 21.764765 5.338307
v 49.439865 23.851389 2.680352
v 52.062653 23.027136 1.597758
v 48.998245 21.764765 5.338307
v 50.893978 20.725164 5.121789
v 51.039391 21.415754 9.022861
v 57.006641 26.747417 4.845540
v 57.006641 25.737520 8.029860
v 49.439865 23.673172 8.403169
v 51.039391 21.415754 9.022861
v 42.616302 21.571695 6.301444
v 33.557713 20.368731 8.291176
v 42.341637 22.492483 1.851607
v 42.616302 24.252378 8.989264
v 42.616302 26.606329 5.424168
v 33.433842 28.358797 5.711616
v 33.913162 24.133566 10.572090
v -42.616302 25.574156 1.552961
v -49.439865 23.851389 2.680352
v -49.439865 25.856333 5.674285
v -49.439865 23.851389 2.680352
v -42.341637 22.492483 1.851607
v -48.998245 21.764765 5.338307
v -42.616302 21.571695 6.301444
v -48.998245 21.764765 5.338307
v -42.616302 21.571695 6.301444
v -49.439865 23.673172 8.403169
v -42.616302 24.252378 8.992996
v -42.616302 26.606329 5.424168
v -42.616302 25.574156 1.552961
v -33.433842 27.512266 0.731682
v -38.393986 24.051884 0.197851
v -36.557495 23.940498 -0.978070
v -42.341637 22.492483 1.851607
v -32.792953 19.848930 1.131122
v -28.559870 23.754854 -2.717687
v -22.824198 28.782063 3.692018
v -33.433842 28.358797 5.711616
v -29.265383 25.136038 11.848805
v -33.913162 24.133566 10.572090
v -33.557713 20.368731 8.291176
v -21.779390 19.967743 3.441902
v -30.207865 22.277138 8.825007
v -32.792953 19.848930 1.131122
v -30.207865 22.277138 8.825007
v -21.779390 19.967743 3.441902
v -21.714764 23.658321 11.214181
v -22.824198 28.782063 3.692018
v -21.752462 23.554361 -3.594961
v -28.559870 23.754854 -2.717687
v -21.779390 19.967743 3.441902
v -32.792953 19.848930 1.131122
v -42.341637 22.492483 1.851607
v -32.792953 19.848930 1.131122
v -33.557713 20.368731 8.291176
v -30.207865 22.277138 8.825007
v -29.265383 25.136038 11.848805
v -21.714764 23.658321 11.214181
v -22.824198 28.782063 3.692018
v -33.433842 28.358797 5.711616
v -33.433842 27.512266 0.731682
v -42.616302 26.606329 5.424168
v -42.616302 21.571695 6.301444
v -33.557713 20.368731 8.291176
v -42.616302 24.252378 8.992996
v -42.341637 22.492483 1.851607
v -33.913162 24.133566 10.572090
v -33.433842 28.358797 5.711616
v -42.616302 26.606329 5.424168
v 10.938166 -37.700344 -8.701816
v 7.862985 -43.329033 -7.858138
v 8.557728 -39.363705 -3.188050
v 12.241483 -43.366161 -8.507694
v 13.253977 -49.017132 -1.202049
v 7.862985 -43.329033 -7.858138
v 9.177073 -49.017132 -1.534293
v 16.528425 -47.591393 1.004203
v 13.253977 -49.017132 -1.202049
v 12.241483 -43.366161 -8.507694
v 11.293616 -39.631027 -0.955666
v 8.557728 -39.363705 -3.188050
v 7.922227 -45.682983 0.746620
v 7.862985 -43.329033 -7.858138
v 9.177073 -49.017132 -1.534293
v 7.922227 -45.682983 0.746620
v 11.395942 -45.423084 1.836680
v 11.293616 -39.631027 -0.955666
v 15.451304 -46.596348 1.571632
v 13.227048 -39.192913 -4.599156
v 16.528425 -47.591393 1.004203
v 12.672331 -41.093895 -8.167984
v 12.241483 -43.366161 -8.507694
v 11.611367 -33.549370 3.329913
v 13.442473 -36.319160 -3.740547
v 16.566124 -32.049377 -2.419036
v 10.938166 -37.700344 -8.701816
v 8.557728 -39.363705 -3.188050
v 8.794695 -36.980049 -4.192250
v 12.672331 -41.093895 -8.167984
v 10.938166 -37.700344 -8.701816
v 13.227048 -39.192913 -4.599156
v 7.862985 -43.329033 -7.858138
v 8.918564 -44.138435 -11.915999
v 12.241483 -43.366161 -8.507694
v 8.794695 -36.980049 -4.192250
v 8.557728 -39.363705 -3.188050
v 11.482112 -37.351334 -0.160520
v 11.293616 -39.631027 -0.955666
v 13.442473 -36.319160 -3.740547
v 16.566124 -32.049377 -2.419036
v 11.105120 -35.331539 -8.134386
v 8.918564 -44.138435 -11.915999
v 12.241483 -43.366161 -8.507694
v 7.862985 -43.329033 -7.858138
v 13.227048 -39.192913 -4.599156
v 4.712405 -29.450377 -0.877273
v -16.528425 -47.591393 1.004203
v -12.672331 -41.093895 -8.167984
v -12.241483 -43.366161 -8.507694
v -12.241483 -43.366161 -8.507694
v -7.862985 -43.329033 -7.858138
v -13.253977 -49.017132 -1.202049
v -9.177073 -49.017132 -1.534293
v -12.241483 -43.366161 -8.507694
v -13.253977 -49.017132 -1.202049
v -16.528425 -47.591393 1.004203
v -9.177073 -49.017132 -1.534293
v -7.862985 -43.329033 -7.858138
v -7.922227 -45.682983 0.746620
v -8.557728 -39.363705 -3.188050
v -11.293616 -39.631027 -0.955666
v -12.672331 -41.093895 -8.167984
v -13.227048 -39.192913 -4.599156
v -15.451304 -46.596348 1.571632
v -11.293616 -39.631027 -0.955666
v -11.395942 -45.423084 1.836680
v -7.922227 -45.682983 0.746620
v -18.736523 -24.081587 1.941205
v -11.956045 -29.279585 8.205318
v -11.956045 -21.928129 8.963135
v -11.417485 -27.074148 -7.929067
v -2.655104 -24.081587 -0.862340
v -4.712405 -29.450377 -0.877273
v -10.938166 -37.700344 -8.701816
v -8.794695 -36.980049 -4.192250
v -8.557728 -39.363705 -3.188050
v -8.918564 -44.138435 -11.915999
v -7.862985 -43.329033 -7.858138
v -12.241483 -43.366161 -8.507694
v -4.712405 -29.450377 -0.877273
v -11.105120 -35.331539 -8.134386
v -13.442473 -36.319160 -3.740547
v -16.566124 -32.049377 -2.419036
v -13.227048 -39.192913 -4.599156
v -10.938166 -37.700344 -8.701816
v -12.672331 -41.093895 -8.167984
v -12.241483 -43.366161 -8.507694
v -8.918564 -44.138435 -11.915999
v -7.862985 -43.329033 -7.858138
v -8.557728 -39.363705 -3.188050
v -13.227048 -39.192913 -4.599156
v -11.293616 -39.631027 -0.955666
v -11.482112 -37.351334 -0.160520
v -8.557728 -39.363705 -3.188050
v -8.794695 -36.980049 -4.192250
v 55.681782 25.685539 1.668686
v 56.311897 23.168224 1.392438
v 52.062653 23.027136 1.597758
v 56.311897 23.168224 1.392438
v 50.893978 20.725164 5.121789
v 52.062653 23.027136 1.597758
v 60.081821 23.717726 6.260379
v 60.889664 24.794455 7.660285
v 62.133736 22.938026 6.006529
v 62.133736 22.938026 6.006529
v 63.749420 21.957832 6.316376
v 62.295303 22.321692 7.488563
v 55.509441 21.111301 7.716281
v 54.459248 22.017239 6.279045
v 55.859505 21.660805 9.138586
v 56.640419 23.235056 8.627154
v 57.599056 24.096437 3.146987
v 57.981434 24.178122 6.002796
v 60.480354 23.212778 5.147920
v 58.525379 20.851400 8.533827
v 55.509441 21.111301 7.716281
v 55.859505 21.660805 9.138586
v 61.735203 21.601398 2.878205
v 63.641708 20.843975 3.378439
v 61.902157 21.386053 4.543161
v 60.081821 23.717726 6.260379
v 62.133736 22.938026 6.006529
v 62.295303 22.321692 7.488563
v 58.525379 20.851400 8.533827
v 58.180702 19.381109 8.657019
v 59.785614 20.027147 9.187116
v 54.453861 19.485069 8.970598
v 51.039391 21.415754 9.022861
v 55.741024 20.405859 10.269711
v 59.828697 20.769718 0.966867
v 60.927361 19.759823 1.650021
v 60.243389 21.096451 2.109190
v 60.248775 23.584064 3.046194
v 61.735203 21.601398 2.878205
v 61.902157 21.386053 4.543161
v 58.600780 22.202881 0.780212
v 59.672516 23.376144 0.586092
v 59.828697 20.769718 0.966867
v 59.080097 23.004858 2.183852
v 60.243389 21.096451 2.109190
v 61.002762 21.371201 0.929536
v 60.927361 19.759823 1.650021
v 61.902157 21.386053 4.543161
v 63.641708 20.843975 3.378439
v 63.016975 22.269712 3.568826
v 61.735203 21.601398 2.878205
v 60.248775 23.584064 3.046194
v 59.990265 23.197927 8.373304
v 62.295303 22.321692 7.488563
v 62.925423 23.435549 7.025661
v 63.749420 21.957832 6.316376
v 58.600780 22.202881 0.780212
v 59.080097 23.004858 2.183852
v 59.828697 20.769718 0.966867
v 60.243389 21.096451 2.109190
v 57.006641 25.737520 8.029860
v 57.981434 24.178122 6.002796
v 57.006641 26.747417 4.845540
v 60.480354 23.212778 5.147920
v 61.002762 25.262276 4.166119
v 59.990265 23.197927 8.373304
v 57.599056 24.096437 3.146987
v 56.640419 23.235056 8.627154
v 51.039391 21.415754 9.022861
v 55.741024 20.405859 10.269711
v 59.785614 20.027147 9.187116
v -7.922227 -45.682983 0.746620
v -7.884527 -47.101295 7.955204
v -5.908010 -48.185452 3.587497
v -15.559016 -50.012177 1.825482
v -13.253977 -49.017132 -1.202049
v -11.406714 -49.833958 2.747553
v -9.177073 -49.017132 -1.534293
v -7.556005 -50.012177 3.669625
v -9.177073 -49.017132 -1.534293
v -8.546957 -49.098812 8.003735
v -9.952600 -48.527035 4.203456
v -15.952165 -47.420601 5.274851
v -15.451304 -46.596348 1.571632
v -16.528425 -47.591393 1.004203
v -13.006239 -49.306732 7.585630
v -12.381508 -48.801785 8.772750
v -12.176855 -46.878525 7.858144
v -11.401328 -49.187920 7.805881
v -11.395942 -45.423084 1.836680
v -13.528642 -48.608715 3.370978
v -15.208952 -49.603760 5.905742
v -16.194517 -49.217625 6.391043
v -16.668451 -49.536930 4.636494
v -15.208952 -49.603760 5.905742
v -13.528642 -48.608715 3.370978
v -13.006239 -49.306732 7.585630
v -12.381508 -48.801785 8.772750
v -11.401328 -49.187920 7.805881
v -9.952600 -48.527035 4.203456
v -8.546957 -49.098812 8.003735
v -6.828948 -49.158218 7.596829
v -7.647561 -48.653271 9.134859
v -7.647561 -48.653271 9.134859
v -6.828948 -49.158218 7.596829
v -7.556005 -50.012177 3.669625
v -13.253977 -49.017132 -1.202049
v -15.559016 -50.012177 1.825482
v -16.668451 -49.536930 4.636494
v -16.194517 -49.217625 6.391043
v 7.556005 -50.012177 3.669625
v 5.908010 -48.185452 3.587497
v 9.177073 -49.017132 -1.534293
v 7.922227 -45.682983 0.746620
v 15.559016 -50.012177 1.825482
v 13.253977 -49.017132 -1.202049
v 16.528425 -47.591393 1.004203
v 13.528642 -48.608715 3.370978
v 15.208952 -49.603760 5.905742
v 15.952165 -47.420601 5.274851
v 16.194517 -49.217625 6.391043
v 16.668451 -49.536930 4.636494
v 6.828948 -49.158218 7.596829
v 7.647561 -48.653271 9.134859
v 7.884527 -47.101295 7.955204
v 8.546957 -49.098812 8.003735
v 9.952600 -48.527035 4.203456
v 11.401328 -49.187920 7.805881
v 12.176855 -46.878525 7.858144
v 12.381508 -48.801785 8.772750
v 13.006239 -49.306732 7.585630
v 7.556005 -50.012177 3.669625
v 9.177073 -49.017132 -1.534293
v 11.406714 -49.833958 2.747553
v 13.253977 -49.017132 -1.202049
v 15.559016 -50.012177 1.825482
v 11.395942 -45.423084 1.836680
v 15.451304 -46.596348 1.571632
v 13.006239 -49.306732 7.585630
v 13.528642 -48.608715 3.370978
v 15.208952 -49.603760 5.905742
v 16.668451 -49.536930 4.636494
v 16.194517 -49.217625 6.391043
v 7.647561 -48.653271 9.134859
v 6.828948 -49.158218 7.596829
v 8.546957 -49.098812 8.003735
v 9.952600 -48.527035 4.203456
v 11.401328 -49.187920 7.805881
v 12.381508 -48.801785 8.772750
v 28.559870 23.754854 -2.717687
v 21.779390 19.967743 3.441902
v 21.752462 23.554361 -3.594961
v 22.824198 28.782063 3.692018
vn -0.0944 -0.5431 -0.8343
vn -0.0000 -0.3468 -0.9379
vn -0.0000 -0.5180 -0.8554
vn 0.0944 -0.5431 -0.8343
vn 0.6940 -0.2997 -0.6546
vn -0.2047 -0.7558 -0.6220
vn -0.0000 -0.9196 -0.3929
vn -0.0945 -0.5431 -0.8344
vn -0.6940 -0.2997 -0.6546
vn -0.4159 -0.3296 -0.8476
vn -0.9815 -0.1806 -0.0629
vn -0.8966 -0.0472 -0.4404
vn -0.9034 0.0628 0.4242
vn -0.3063 -0.8561 0.4162
vn -0.8791 -0.4553 -0.1413
vn -0.6432 -0.4707 0.6039
vn -0.9189 -0.3848 -0.0864
vn 0.0471 -0.7370 0.6743
vn -0.9875 -0.1568 0.0156
vn -0.1569 -0.3217 0.9337
vn 0.0944 -0.5431 -0.8344
vn -0.0000 -0.9196 -0.3930
vn -0.0944 -0.5432 -0.8343
vn 0.2047 -0.7558 -0.6220
vn -0.1098 -0.1647 -0.9802
vn -0.9618 -0.2050 0.1813
vn -0.2042 -0.2356 0.9502
vn -0.5031 -0.3223 0.8019
vn 0.3063 -0.8561 0.4162
vn -0.0000 -0.8554 0.5180
vn -0.3063 -0.8561 0.4163
vn -0.8791 -0.4552 -0.1412
vn 0.9607 -0.2757 0.0315
vn 0.0470 -0.7369 0.6743
vn -0.1569 -0.3218 0.9337
vn -0.9190 -0.3848 -0.0863
vn -0.8791 -0.4552 -0.1413
vn 0.1098 -0.1646 -0.9802
vn 0.4159 -0.3296 -0.8476
vn -0.0079 -0.1019 -0.9948
vn 0.1097 -0.1647 -0.9802
vn 0.9121 -0.3459 -0.2202
vn 0.9618 -0.2050 0.1813
vn 0.0860 -0.4456 0.8911
vn -0.6432 -0.4706 0.6040
vn 0.2042 -0.2356 0.9502
vn 0.5031 -0.3224 0.8018
vn -0.0000 -0.8554 0.5179
vn -0.0000 -0.3995 0.9167
vn -0.3629 -0.3945 0.8442
vn -0.8974 -0.3621 0.2519
vn 0.1098 -0.1647 -0.9802
vn -0.0078 -0.1019 -0.9948
vn -0.9189 -0.3848 -0.0863
vn 0.8965 -0.0472 -0.4405
vn 0.9618 -0.2049 0.1813
vn 0.8966 -0.0472 -0.4404
vn 0.9034 0.0628 0.4242
vn 0.9618 -0.2050 0.1814
vn 0.0859 -0.4456 0.8911
vn 0.9816 -0.1806 -0.0628
vn 0.9034 0.0629 0.4242
vn 0.5031 -0.3223 0.8019
vn 0.9815 -0.1807 -0.0628
vn 0.9815 -0.1806 -0.0628
vn 0.8974 -0.3622 0.2519
vn 0.5032 -0.3223 0.8018
vn 0.3629 -0.3945 0.8442
vn -0.0000 -0.3996 0.9167
vn 0.8791 -0.4553 -0.1413
vn 0.2047 -0.7558 -0.6219
vn -0.9121 -0.3459 -0.2202
vn -0.9608 -0.2756 0.0315
vn -0.0470 -0.7370 0.6743
vn 0.1569 -0.3216 0.9338
vn 0.1569 -0.3217 0.9337
vn 0.9875 -0.1567 0.0157
vn -0.0471 -0.7369 0.6743
vn 0.9189 -0.3848 -0.0864
vn 0.6432 -0.4707 0.6039
vn 0.8791 -0.4552 -0.1413
vn 0.3063 -0.8561 0.4163
vn 0.2048 -0.7558 -0.6220
vn -0.0000 -0.9195 -0.3930
vn -0.2042 -0.2356 0.9501
vn 0.6432 -0.4706 0.6040
vn -0.0860 -0.4456 0.8911
vn -0.0471 -0.7370 0.6743
vn -0.1098 -0.1646 -0.9802
vn 0.0078 -0.1018 -0.9948
vn 0.9189 -0.3849 -0.0864
vn -0.9815 -0.1806 -0.0628
vn -0.8975 -0.3621 0.2519
vn -0.0000 -0.6151 0.7884
vn 0.8975 -0.3621 0.2519
vn 0.1651 0.9825 0.0864
vn 0.1648 0.8084 -0.5651
vn 0.1419 0.9300 0.3389
vn 0.0079 -0.8782 0.4783
vn 0.2272 0.1410 0.9636
vn -0.0079 0.1260 0.9920
vn 0.1419 0.9301 0.3389
vn -0.0469 0.9937 -0.1017
vn 0.0628 -0.0315 -0.9975
vn 0.3700 -0.0236 -0.9287
vn -0.0000 -0.9956 -0.0940
vn 0.0628 -0.0314 -0.9975
vn 0.0784 -0.9097 -0.4078
vn 0.3699 -0.0236 -0.9288
vn 0.3532 -0.0549 -0.9339
vn 0.2518 0.5744 -0.7789
vn 0.1651 0.9825 0.0865
vn 0.1723 0.9789 0.1097
vn 0.1804 0.2588 0.9489
vn 0.1097 -0.3839 0.9168
vn 0.0940 -0.9397 0.3289
vn 0.1177 -0.9886 -0.0942
vn -0.0782 -0.4301 0.8994
vn -0.0000 -0.9956 -0.0941
vn -0.1413 -0.8791 0.4553
vn -0.0470 0.9937 -0.1018
vn 0.0078 -0.8782 0.4782
vn 0.2039 -0.7449 -0.6352
vn 0.3531 -0.0550 -0.9340
vn 0.2039 -0.7450 -0.6351
vn 0.2900 -0.0393 -0.9562
vn -0.1960 0.9801 0.0313
vn 0.4337 0.8988 -0.0631
vn 0.1021 0.6754 -0.7304
vn 0.0939 -0.9397 0.3289
vn 0.2900 -0.0391 -0.9562
vn -0.2837 -0.4099 -0.8669
vn -0.4402 0.2122 -0.8725
vn -0.1960 0.9801 0.0314
vn -0.3778 -0.2283 0.8973
vn -0.4336 0.2444 0.8673
vn -0.6133 -0.7707 -0.1730
vn -0.4401 0.2122 -0.8725
vn -0.2838 -0.4098 -0.8669
vn -0.6133 -0.7706 -0.1730
vn 0.1020 -0.9414 -0.3216
vn -0.3779 -0.2282 0.8973
vn 0.4337 0.8989 -0.0631
vn 0.1966 0.7710 0.6058
vn -0.4337 0.2444 0.8673
vn -0.3778 -0.2282 0.8973
vn 0.2039 -0.7450 -0.6352
vn -0.2518 0.5744 -0.7789
vn -0.2900 -0.0392 -0.9562
vn -0.1723 0.9789 0.1097
vn -0.2900 -0.0391 -0.9562
vn -0.2038 -0.7450 -0.6352
vn -0.1177 -0.9886 -0.0942
vn -0.0940 -0.9397 0.3289
vn -0.0939 -0.9397 0.3289
vn -0.1097 -0.3839 0.9168
vn -0.1804 0.2588 0.9490
vn -0.1650 0.9825 0.0864
vn -0.2517 0.5744 -0.7789
vn -0.1648 0.8084 -0.5651
vn -0.3532 -0.0549 -0.9339
vn -0.3699 -0.0236 -0.9288
vn -0.2039 -0.7450 -0.6352
vn -0.0784 -0.9097 -0.4078
vn -0.0629 -0.0314 -0.9975
vn 0.0469 0.9937 -0.1017
vn -0.1419 0.9301 0.3389
vn 0.0079 0.1260 0.9920
vn -0.2272 0.1410 0.9636
vn -0.0078 -0.8782 0.4783
vn 0.1412 -0.8791 0.4552
vn 0.0783 -0.4301 0.8994
vn -0.1257 -0.0707 -0.9896
vn -0.0628 -0.0315 -0.9975
vn -0.2039 -0.7449 -0.6352
vn -0.0078 -0.8782 0.4782
vn 0.1413 -0.8791 0.4553
vn 0.0078 0.1260 0.9920
vn 0.0469 0.9937 -0.1018
vn -0.1419 0.9300 0.3389
vn -0.1651 0.9825 0.0864
vn -0.0079 -0.8782 0.4783
vn -0.1804 0.2588 0.9489
vn -0.1419 0.9300 0.3390
vn -0.1651 0.9825 0.0865
vn -0.0629 0.4242 -0.9034
vn -0.8341 -0.4092 -0.3698
vn -0.9384 0.2111 0.2737
vn 0.5492 -0.6433 -0.5334
vn 0.2043 -0.8252 -0.5266
vn -0.5024 -0.7536 -0.4239
vn 0.9717 0.0236 -0.2350
vn 0.2044 -0.8252 -0.5266
vn 0.5492 -0.6433 -0.5335
vn 0.2435 0.2591 0.9346
vn -0.9383 0.2112 0.2737
vn -0.7457 0.5495 0.3768
vn -0.7457 0.5495 0.3767
vn -0.0314 0.6664 0.7449
vn 0.2435 0.2592 0.9346
vn 0.3851 0.7229 0.5737
vn 0.9533 0.2994 0.0394
vn 0.9717 0.0235 -0.2351
vn 0.8435 0.1340 -0.5202
vn 0.5491 -0.6433 -0.5335
vn 0.0470 -0.7370 0.6742
vn 0.9607 -0.2756 0.0315
vn -0.0628 0.4242 -0.9034
vn -0.9875 -0.1567 0.0157
vn 0.8434 0.1340 -0.5203
vn -0.8341 -0.4092 -0.3699
vn 0.2908 -0.2357 -0.9273
vn -0.9875 -0.1568 0.0157
vn -0.0078 -0.1018 -0.9948
vn -0.9717 0.0235 -0.2351
vn -0.8434 0.1340 -0.5203
vn -0.5491 -0.6433 -0.5335
vn -0.5492 -0.6433 -0.5334
vn 0.8341 -0.4092 -0.3698
vn -0.2043 -0.8252 -0.5266
vn 0.5024 -0.7536 -0.4239
vn -0.5492 -0.6433 -0.5335
vn -0.2044 -0.8252 -0.5266
vn -0.9717 0.0236 -0.2351
vn 0.8341 -0.4092 -0.3699
vn 0.7457 0.5495 0.3768
vn 0.9383 0.2112 0.2737
vn -0.2435 0.2591 0.9347
vn -0.8435 0.1340 -0.5202
vn -0.9533 0.2994 0.0394
vn -0.3851 0.7229 0.5737
vn -0.2435 0.2592 0.9346
vn 0.0314 0.6664 0.7449
vn -0.0859 -0.4456 0.8911
vn 0.8791 -0.4552 -0.1412
vn 0.9189 -0.3849 -0.0863
vn 0.0628 0.4242 -0.9034
vn 0.9875 -0.1568 0.0157
vn -0.2908 -0.2357 -0.9273
vn 0.8341 -0.4093 -0.3699
vn -0.9607 -0.2756 0.0315
vn -0.2908 -0.2358 -0.9273
vn 0.9384 0.2111 0.2737
vn 0.1569 -0.3217 0.9338
vn 0.9875 -0.1568 0.0156
vn 0.1021 0.6753 -0.7304
vn -0.0079 -0.7914 -0.6112
vn -0.0078 -0.7914 -0.6112
vn -0.1102 -0.1417 -0.9838
vn 0.3995 0.9164 -0.0235
vn 0.0550 0.1258 -0.9905
vn 0.8914 -0.3865 -0.2367
vn -0.0788 -0.9457 0.3153
vn 0.4635 -0.1571 -0.8720
vn 0.7000 -0.5428 -0.4641
vn 0.5976 0.7156 0.3617
vn 0.4244 -0.5345 0.7309
vn 0.7103 -0.6629 -0.2368
vn 0.6921 -0.7078 -0.1415
vn 0.2361 -0.0866 0.9679
vn 0.5206 0.7652 -0.3787
vn 0.4636 -0.1571 -0.8720
vn 0.5976 0.7155 0.3618
vn -0.2198 -0.4394 -0.8710
vn 0.7229 -0.6523 -0.2279
vn -0.0000 -0.6285 0.7778
vn 0.5207 0.7652 -0.3787
vn 0.2206 -0.8350 -0.5041
vn 0.9102 -0.1727 0.3766
vn -0.1260 -0.9919 0.0158
vn 0.0785 -0.0235 0.9966
vn -0.4319 -0.5890 -0.6831
vn 0.3143 -0.9429 0.1100
vn 0.0235 -0.1885 0.9818
vn -0.0783 0.0627 -0.9950
vn -0.2197 -0.4394 -0.8710
vn -0.5179 -0.4943 -0.6982
vn 0.4004 0.4004 -0.8242
vn -0.4319 -0.5889 -0.6831
vn 0.5264 0.3771 0.7621
vn 0.0236 -0.1886 0.9818
vn 0.9605 0.2440 -0.1339
vn 0.7230 -0.6522 -0.2279
vn 0.8709 0.4864 -0.0706
vn -0.2197 -0.4395 -0.8710
vn -0.0784 0.0627 -0.9950
vn 0.1576 -0.2838 0.9459
vn -0.0787 -0.9458 0.3152
vn 0.7248 0.5357 0.4332
vn 0.8914 -0.3866 -0.2366
vn -0.5178 -0.4943 -0.6983
vn 0.5263 0.3771 0.7621
vn 0.1967 0.7709 0.6058
vn 0.6921 -0.7078 -0.1416
vn 0.2361 -0.0865 0.9679
vn 0.6371 0.7708 -0.0000
vn 0.1576 -0.2837 0.9459
vn 0.7102 -0.6630 -0.2368
vn 0.4244 -0.5344 0.7309
vn 0.0785 -0.0236 0.9966
vn 0.9101 -0.1726 0.3767
vn -0.0000 0.8368 0.5475
vn 0.9935 -0.0313 -0.1095
vn -0.2515 -0.9667 -0.0471
vn -0.0157 -0.9887 0.1491
vn 0.1495 -0.9835 0.1023
vn -0.6274 -0.6431 0.4392
vn 0.0783 0.0783 0.9939
vn -0.2212 0.7978 0.5609
vn -0.3850 0.7230 0.5736
vn -0.6843 -0.6686 0.2911
vn -0.1022 -0.2909 0.9513
vn -0.0867 0.7647 0.6386
vn 0.6378 -0.6143 0.4646
vn 0.0314 0.6665 0.7448
vn -0.2983 0.0942 0.9498
vn 0.4641 -0.6607 0.5900
vn -0.4720 -0.2045 0.8575
vn -0.8625 -0.4939 0.1098
vn -0.6844 -0.6686 0.2910
vn 0.6379 -0.6142 0.4646
vn 0.0783 0.0782 0.9939
vn -0.6274 -0.6430 0.4392
vn 0.7622 -0.5422 0.3536
vn 0.0862 -0.2194 0.9718
vn 0.0862 -0.2195 0.9718
vn 0.7622 -0.5423 0.3536
vn -0.2515 -0.9667 -0.0472
vn -0.8625 -0.4940 0.1098
vn -0.4721 -0.2046 0.8575
vn -0.1494 -0.9835 0.1022
vn -0.9935 -0.0313 -0.1095
vn 0.2515 -0.9667 -0.0471
vn 0.2044 -0.8252 -0.5265
vn 0.2983 0.0942 0.9498
vn -0.4641 -0.6607 0.5900
vn 0.2212 0.7978 0.5609
vn 0.4721 -0.2046 0.8575
vn 0.8625 -0.4940 0.1098
vn -0.7622 -0.5422 0.3536
vn -0.0863 -0.2195 0.9718
vn 0.6274 -0.6431 0.4392
vn -0.0782 0.0783 0.9939
vn -0.6378 -0.6143 0.4646
vn 0.0867 0.7647 0.6386
vn 0.1022 -0.2909 0.9513
vn 0.6843 -0.6686 0.2911
vn -0.1495 -0.9835 0.1023
vn 0.0157 -0.9887 0.1491
vn 0.2515 -0.9667 -0.0472
vn -0.0314 0.6665 0.7448
vn 0.3850 0.7230 0.5736
vn 0.6844 -0.6686 0.2910
vn 0.8625 -0.4939 0.1098
vn 0.4720 -0.2045 0.8575
vn -0.0862 -0.2194 0.9718
vn -0.7622 -0.5422 0.3537
vn -0.0783 0.0782 0.9939
vn -0.6379 -0.6142 0.4646
vn 0.1022 -0.2908 0.9513
vn 0.0629 -0.0314 -0.9975
vn 0.1257 -0.0707 -0.9896
vn -0.0470 0.9937 -0.1017
vt 0.941406 0.722656
vt 0.989990 0.680664
vt 0.989990 0.714844
vt 0.871094 0.680664
vt 0.989990 0.746094
vt 0.989990 0.730469
vt 0.910156 0.738281
vt 0.799713 0.687500
vt 0.863281 0.738281
vt 0.796143 0.713043
vt 0.621094 0.730469
vt 0.566406 0.769531
vt 0.636444 0.776031
vt 0.574219 0.825500
vt 0.699219 0.832031
vt 0.633392 0.842743
vt 0.699219 0.847656
vt 0.915710 0.812134
vt 0.803253 0.766327
vt 0.695312 0.741455
vt 0.680511 0.701172
vt 0.613281 0.707031
vt 0.566406 0.707031
vt 0.566406 0.738281
vt 0.785156 0.847656
vt 0.989990 0.832031
vt 0.989990 0.808594
vt 0.894531 0.847656
vt 0.812500 0.830505
vt 0.698853 0.789764
vt 0.613281 0.691406
vt 0.675781 0.680664
vt 0.730469 0.680664
vt 0.613281 0.680664
vt 0.339844 0.800781
vt 0.449219 0.785156
vt 0.457031 0.808594
vt 0.457031 0.863281
vt 0.457031 0.832031
vt 0.527344 0.839844
vt 0.555573 0.816406
vt 0.535156 0.738281
vt 0.449219 0.738281
vt 0.555573 0.680664
vt 0.457031 0.680664
vt 0.402344 0.738281
vt 0.339844 0.769531
vt 0.257141 0.808594
vt 0.339844 0.839844
vt 0.257141 0.878906
vt 0.339844 0.878906
vt 0.257141 0.914368
vt 0.555573 0.878906
vt 0.555573 0.914368
vt 0.527344 0.878906
vt 0.449219 0.914368
vt 0.339844 0.914368
vt 0.339844 0.714844
vt 0.257141 0.738281
vt 0.892578 0.666016
vt 0.892578 0.572266
vt 0.841797 0.576172
vt 0.339844 0.680664
vt 0.257141 0.680664
vt 0.822266 0.603516
vt 0.822266 0.666016
vt 0.970703 0.326172
vt 0.989990 0.333984
vt 0.989990 0.392578
vt 0.989990 0.431244
vt 0.970703 0.431244
vt 0.970703 0.392578
vt 0.943359 0.572266
vt 0.962891 0.666016
vt 0.989990 0.619141
vt 0.555573 0.777344
vt 0.912109 0.244141
vt 0.830078 0.263672
vt 0.865234 0.240234
vt 0.972656 0.429291
vt 0.933594 0.429291
vt 0.972656 0.378906
vt 0.941406 0.378906
vt 0.984711 0.194580
vt 0.989990 0.216797
vt 0.990234 0.267578
vt 0.910156 0.238281
vt 0.857422 0.205078
vt 0.822266 0.220703
vt 0.910156 0.191406
vt 0.967316 0.194580
vt 0.955078 0.240234
vt 0.958984 0.263672
vt 0.894531 0.914368
vt 0.989990 0.914368
vt 0.989990 0.847656
vt 0.912109 0.322266
vt 0.633392 0.914368
vt 0.699219 0.914368
vt 0.989990 0.410156
vt 0.785156 0.914368
vt 0.822266 0.576172
vt 0.904297 0.431244
vt 0.919922 0.521484
vt 0.941406 0.521484
vt 0.923828 0.462891
vt 0.978516 0.494141
vt 0.989990 0.470703
vt 0.989990 0.501953
vt 0.912109 0.361328
vt 0.939453 0.384766
vt 0.912109 0.369141
vt 0.904297 0.369141
vt 0.904297 0.414062
vt 0.904297 0.390625
vt 0.861328 0.388672
vt 0.970703 0.501953
vt 0.966797 0.541016
vt 0.986328 0.583984
vt 0.822266 0.388672
vt 0.822266 0.369141
vt 0.876953 0.357422
vt 0.884766 0.345703
vt 0.841797 0.341797
vt 0.931641 0.349609
vt 0.931641 0.322266
vt 0.861328 0.416016
vt 0.822266 0.416016
vt 0.822266 0.517578
vt 0.843750 0.517578
vt 0.826172 0.470703
vt 0.865234 0.517578
vt 0.861328 0.470703
vt 0.843750 0.482422
vt 0.845703 0.443359
vt 0.912109 0.466797
vt 0.892578 0.439453
vt 0.892578 0.478516
vt 0.873047 0.466797
vt 0.869141 0.505859
vt 0.966797 0.521484
vt 0.958984 0.462891
vt 0.941406 0.478516
vt 0.939453 0.443359
vt 0.861328 0.431244
vt 0.822266 0.431244
vt 0.917969 0.556641
vt 0.916016 0.505859
vt 0.892578 0.517578
vt 0.861328 0.369141
vt 0.867188 0.556641
vt 0.966797 0.580078
vt 0.989990 0.568359
vt 0.989990 0.486328
vt 0.847656 0.152344
vt 0.829193 0.188354
vt 0.910156 0.441406
vt 0.910156 0.402344
vt 0.910156 0.371094
vt 0.871094 0.144531
vt 0.880859 0.181641
vt 0.980469 0.152344
vt 0.933594 0.128906
vt 0.910156 0.105469
vt 0.910156 0.144531
vt 0.886719 0.128906
vt 0.939453 0.181641
vt 0.957031 0.144531
vt 0.824219 0.425781
vt 0.847656 0.441406
vt 0.847656 0.417969
vt 0.894531 0.417969
vt 0.824219 0.402344
vt 0.847656 0.386719
vt 0.894531 0.386719
vt 0.847656 0.371094
vt 0.824219 0.378906
vt 0.847656 0.121094
vt 0.824219 0.144531
vt 0.822266 0.193359
vt 0.989990 0.193359
vt 0.989990 0.144531
vt 0.980469 0.121094
s 1
usemtl npc01_03
f 993/404/763 994/405/764 995/406/765
f 996/404/766 997/405/764 998/407/767
f 999/404/766 1000/408/768 1001/409/769
f 1002/405/764 993/404/770 1003/407/771
f 1003/407/771 993/404/770 1004/410/772
f 1003/407/771 1004/410/772 1005/411/773
f 1005/411/773 1004/410/772 1006/412/774
f 1005/411/773 1006/412/774 1007/413/775
f 1008/414/776 1009/415/777 1010/416/778
f 1010/416/778 1009/415/777 1011/417/779
f 1010/416/778 1011/417/779 1012/418/780
f 1012/418/780 1011/417/779 1013/419/781
f 1012/418/780 1013/419/781 1014/420/782
f 994/405/764 1015/404/783 995/406/765
f 995/406/765 1015/404/783 1001/409/784
f 995/406/765 1001/409/784 1016/404/785
f 1016/404/785 1001/409/784 1017/408/786
f 1016/404/785 1017/408/786 1018/410/772
f 1018/410/772 1017/408/786 1019/421/787
f 1018/410/772 1019/421/787 1020/412/774
f 1020/412/774 1019/421/787 1021/422/788
f 1020/412/774 1021/422/788 1022/413/775
f 1022/413/775 1021/422/788 1023/423/789
f 1022/413/775 1023/423/789 1024/424/790
f 1024/424/790 1023/423/789 1025/414/791
f 1024/424/790 1025/414/791 1026/425/792
f 1026/425/792 1025/414/791 1027/426/784
f 1026/425/792 1027/426/784 1028/414/793
f 1028/414/793 1027/426/784 1029/427/768
f 1028/414/793 1029/427/768 1030/415/794
f 1031/428/795 1032/418/796 1033/420/797
f 1034/429/798 1035/430/799 1036/421/800
f 1036/421/800 1035/430/799 1037/408/768
f 1036/421/800 1037/408/768 1038/410/801
f 1038/410/801 1037/408/768 1039/404/766
f 1038/410/801 1039/404/766 1040/407/767
f 1041/431/802 1042/421/803 1043/432/804
f 1043/432/804 1042/421/803 1044/422/805
f 1043/432/804 1044/422/805 1045/418/780
f 1045/418/780 1044/422/805 1046/433/806
f 1045/418/780 1046/433/806 1047/416/807
f 1047/416/807 1046/433/806 1048/423/808
f 1047/416/807 1048/423/808 1049/414/776
f 1049/414/776 1048/423/808 1050/424/809
f 1049/414/776 1050/424/809 1051/425/810
f 1051/425/810 1050/424/809 1052/434/811
f 1051/425/810 1052/434/811 1053/424/790
f 1053/424/790 1052/434/811 1054/435/812
f 1053/424/790 1054/435/812 1055/436/813
f 1056/421/814 1057/431/815 1058/429/816
f 1059/412/817 1060/422/818 1061/421/803
f 1062/412/819 1063/413/820 1060/422/821
f 1060/422/821 1063/413/820 1064/423/808
f 1060/422/821 1064/423/808 1065/433/822
f 1061/421/803 1066/410/801 1059/412/817
f 1059/412/817 1066/410/801 1067/411/823
f 1059/412/817 1067/411/823 1068/413/824
f 1068/413/824 1067/411/823 1069/424/825
f 1068/413/824 1069/424/825 1070/423/808
f 1071/411/826 1072/410/801 1073/407/767
f 1074/411/827 1075/436/828 1076/424/829
f 1076/424/829 1075/436/828 1077/435/830
f 1076/424/829 1077/435/830 1078/434/831
f 1079/430/832 1080/421/787 1081/408/833
f 1082/432/834 1083/428/835 1084/418/836
f 1084/418/836 1083/428/835 1085/420/837
f 1086/420/838 1087/419/839 1088/418/840
f 1088/418/840 1087/419/839 1089/417/841
f 1088/418/840 1089/417/841 1090/416/842
f 1090/416/842 1089/417/841 1091/415/843
f 1090/416/842 1091/415/843 1092/414/844
f 1092/414/844 1091/415/843 1093/427/845
f 1092/414/844 1093/427/845 1094/426/846
f 1095/414/791 1096/423/847 1097/416/848
f 1097/416/848 1096/423/847 1098/433/849
f 1097/416/848 1098/433/849 1099/418/850
f 1099/418/850 1098/433/849 1100/422/788
f 1099/418/850 1100/422/788 1101/432/834
f 1101/432/834 1100/422/788 1102/421/851
f 1101/432/834 1102/421/851 1103/431/852
f 1103/431/852 1102/421/851 1104/429/853
f 1105/413/775 1106/424/790 1107/411/854
f 1107/411/854 1106/424/790 1108/436/813
f 1109/407/771 1110/411/854 1111/436/855
f 1112/435/812 1113/434/831 1114/437/856
f 1114/437/856 1113/434/831 1115/435/830
f 1116/436/857 1117/411/827 1118/407/767
f 1119/438/858 1120/439/859 1121/440/860
f 1122/441/861 1123/442/862 1124/443/863
f 1124/443/863 1123/442/862 1125/440/864
f 1124/443/863 1125/440/864 1126/444/865
f 1126/444/865 1125/440/864 1127/439/859
f 1126/444/865 1127/439/859 1128/445/866
f 1128/445/866 1127/439/859 1129/446/867
f 1130/447/868 1131/445/869 1132/448/870
f 1132/448/870 1131/445/869 1133/446/871
f 1132/448/870 1133/446/871 1134/449/872
f 1134/449/872 1133/446/871 1135/439/859
f 1134/449/872 1135/439/859 1136/450/873
f 1136/450/873 1135/439/859 1137/438/874
f 1136/450/873 1137/438/874 1138/451/875
f 1138/451/875 1137/438/874 1139/452/876
f 1138/451/875 1139/452/876 1140/453/877
f 1140/453/877 1139/452/876 1141/454/878
f 1140/453/877 1141/454/878 1142/455/879
f 1143/456/880 1144/457/881 1145/458/882
f 1145/458/882 1144/457/881 1146/459/870
f 1147/444/883 1148/456/880 1149/443/863
f 1149/443/863 1148/456/880 1145/458/882
f 1149/443/863 1145/458/882 1150/441/884
f 1150/441/884 1145/458/882 1146/459/870
f 1150/441/884 1146/459/870 1151/460/885
f 1152/448/870 1153/449/886 1154/461/887
f 1154/461/887 1153/449/886 1155/450/873
f 1154/461/887 1155/450/873 1156/462/888
f 1156/462/888 1155/450/873 1157/451/875
f 1158/463/889 1159/464/890 1160/465/891
f 1161/466/892 1162/461/887 1163/467/879
f 1163/467/879 1162/461/887 1164/462/893
f 1165/468/894 1166/469/895 1167/465/891
f 1167/465/891 1166/469/895 1168/463/896
f 1169/470/897 1170/471/898 1171/472/899
f 1172/473/900 1173/474/901 1174/472/902
f 1174/472/902 1173/474/901 1175/475/903
f 1174/472/902 1175/475/903 1176/470/904
f 1177/464/905 1168/463/896 1178/476/906
f 1178/476/906 1168/463/896 1179/477/907
f 1178/476/906 1179/477/907 1180/478/908
f 1181/454/878 1182/441/861 1183/460/909
f 1182/441/861 1181/454/878 1184/452/876
f 1185/438/874 1186/440/860 1184/452/876
f 1184/452/876 1186/440/860 1187/442/862
f 1184/452/876 1187/442/862 1182/441/861
f 1188/450/910 1189/462/911 1190/451/912
f 1191/462/913 1192/461/914 1193/467/915
f 1193/467/915 1192/461/914 1194/466/916
f 1195/455/915 1196/454/917 1197/453/918
f 1197/453/918 1196/454/917 1198/452/919
f 1197/453/918 1198/452/919 1190/451/912
f 1190/451/912 1198/452/919 1199/438/920
f 1190/451/912 1199/438/920 1200/450/921
f 1200/450/921 1199/438/920 1201/439/922
f 1200/450/921 1201/439/922 1202/449/923
f 1202/449/923 1201/439/922 1203/446/924
f 1189/462/911 1188/450/910 1204/461/925
f 1204/461/925 1188/450/910 1202/449/923
f 1204/461/925 1202/449/923 1205/448/926
f 1205/448/926 1202/449/923 1203/446/924
f 1205/448/926 1203/446/924 1206/445/927
f 1206/445/927 1203/446/924 1201/439/922
f 1206/445/927 1201/439/922 1207/444/928
f 1207/444/928 1201/439/922 1208/440/929
f 1207/444/928 1208/440/929 1209/443/930
f 1209/443/930 1208/440/929 1210/442/931
f 1209/443/930 1210/442/931 1211/441/932
f 1212/457/868 1213/458/933 1214/459/926
f 1215/458/933 1216/457/881 1217/456/934
f 1218/444/928 1219/479/935 1220/445/936
f 1220/445/936 1219/479/935 1221/447/881
f 1220/445/936 1221/447/881 1222/448/926
f 1223/460/937 1224/459/926 1225/441/938
f 1225/441/938 1224/459/926 1226/458/939
f 1225/441/938 1226/458/939 1227/443/940
f 1227/443/940 1226/458/939 1228/456/934
f 1227/443/940 1228/456/934 1229/444/941
f 1230/440/942 1231/439/922 1232/438/943
f 1233/454/916 1234/441/944 1235/452/945
f 1234/441/944 1233/454/916 1236/460/925
f 1234/441/944 1237/442/931 1235/452/945
f 1235/452/945 1237/442/931 1238/440/946
f 1235/452/945 1238/440/946 1239/438/947
f 1240/480/948 1241/481/949 1242/482/950
f 1243/483/951 1244/484/952 1245/485/949
f 1245/485/949 1244/484/952 1246/486/953
f 1247/487/954 1248/488/955 1249/489/956
f 1250/490/957 1251/482/958 1252/491/959
f 1252/491/959 1251/482/958 1253/481/949
f 1252/491/959 1253/481/949 1254/492/953
f 1255/491/960 1256/493/961 1257/490/962
f 1257/490/962 1256/493/961 1258/494/963
f 1257/490/962 1258/494/963 1259/495/964
f 1259/495/964 1258/494/963 1260/487/965
f 1259/495/964 1260/487/965 1261/496/966
f 1261/496/966 1260/487/965 1262/489/967
f 1263/418/968 1264/428/969 1265/432/804
f 1266/497/970 1267/498/958 1268/499/971
f 1269/496/972 1270/480/948 1271/495/964
f 1272/481/973 1270/480/948 1273/500/974
f 1273/500/974 1270/480/948 1269/496/972
f 1273/500/974 1269/496/972 1274/489/967
f 1275/419/975 1276/501/950 1277/420/782
f 1277/420/782 1276/501/950 1278/502/962
f 1277/420/782 1278/502/962 1279/428/969
f 1280/432/804 1279/428/969 1281/431/976
f 1282/503/974 1283/483/967 1284/485/973
f 1278/502/962 1285/504/964 1279/428/969
f 1279/428/969 1285/504/964 1266/497/970
f 1279/428/969 1266/497/970 1281/431/976
f 1281/431/976 1266/497/970 1268/499/971
f 1281/431/976 1268/499/971 1286/429/779
f 1287/487/977 1288/496/978 1289/489/979
f 1290/483/980 1291/485/981 1292/484/982
f 1292/484/982 1291/485/981 1293/486/983
f 1294/489/984 1295/488/985 1296/487/986
f 1297/492/983 1298/481/987 1299/491/988
f 1299/491/988 1298/481/987 1300/482/989
f 1299/491/988 1300/482/989 1301/490/990
f 1302/496/991 1296/487/977 1303/495/992
f 1303/495/992 1296/487/977 1304/494/993
f 1303/495/992 1304/494/993 1305/490/994
f 1305/490/994 1304/494/993 1306/493/995
f 1305/490/994 1306/493/995 1307/491/988
f 1308/422/788 1309/433/996 1310/423/789
f 1311/421/851 1312/430/997 1313/429/998
f 1314/497/999 1315/499/1000 1316/498/989
f 1317/503/1001 1318/485/1002 1319/483/980
f 1320/429/853 1315/499/1000 1321/431/852
f 1315/499/1000 1314/497/999 1321/431/852
f 1321/431/852 1314/497/999 1322/428/1003
f 1321/431/852 1322/428/1003 1323/432/834
f 1324/495/992 1325/480/999 1326/496/978
f 1327/489/979 1326/496/978 1328/500/1004
f 1328/500/1004 1326/496/978 1325/480/999
f 1328/500/1004 1325/480/999 1329/481/987
f 1329/481/987 1325/480/999 1330/482/1005
f 1314/497/999 1331/504/992 1322/428/1003
f 1322/428/1003 1331/504/992 1332/502/994
f 1322/428/1003 1332/502/994 1333/420/1006
f 1333/420/1006 1332/502/994 1334/501/989
f 1333/420/1006 1334/501/989 1335/419/1007
f 1336/465/1008 1337/505/1009 1338/468/901
f 1339/506/1010 1340/475/903 1341/474/901
f 1342/507/1011 1343/508/1012 1344/509/1013
f 1345/510/1013 1346/511/1014 1347/512/1015
f 1348/513/1016 1349/514/1017 1350/515/1018
f 1350/515/1018 1349/514/1017 1351/516/1019
f 1340/475/903 1352/517/1020 1353/518/1021
f 1353/518/1021 1352/517/1020 1354/519/1022
f 1355/520/1023 1356/521/1024 1357/522/1025
f 1358/510/1026 1359/511/1027 1360/512/1028
f 1361/519/1011 1362/523/1013 1363/524/1015
f 1348/513/1016 1364/525/1029 1365/526/1030
f 1365/526/1030 1364/525/1029 1366/527/1031
f 1340/475/903 1367/528/1032 1368/470/908
f 1368/470/908 1367/528/1032 1369/529/1033
f 1370/510/1034 1371/511/1035 1372/512/1036
f 1352/517/1020 1373/530/1037 1354/519/1022
f 1354/519/1022 1373/530/1037 1374/531/1038
f 1354/519/1022 1374/531/1038 1375/523/1028
f 1337/505/1009 1336/465/1008 1376/532/1039
f 1376/532/1039 1336/465/1008 1377/533/1040
f 1376/532/1039 1377/533/1040 1378/534/1041
f 1379/535/1042 1380/536/1043 1381/537/1044
f 1381/537/1044 1380/536/1043 1382/538/1035
f 1383/539/1028 1384/540/1045 1385/541/1046
f 1385/541/1046 1384/540/1045 1386/542/1047
f 1385/541/1046 1386/542/1047 1387/543/1048
f 1388/544/1049 1389/545/1050 1390/546/1051
f 1390/546/1051 1389/545/1050 1391/547/1052
f 1340/475/903 1339/506/1010 1352/517/1020
f 1352/517/1020 1339/506/1010 1392/548/1053
f 1352/517/1020 1392/548/1053 1393/530/1054
f 1393/530/1054 1392/548/1053 1394/549/1041
f 1393/530/1054 1394/549/1041 1395/531/1036
f 1343/508/1012 1342/507/1011 1396/476/1055
f 1396/476/1055 1342/507/1011 1397/550/1056
f 1396/476/1055 1397/550/1056 1398/464/890
f 1398/464/890 1397/550/1056 1399/551/1057
f 1398/464/890 1399/551/1057 1400/552/1058
f 1366/527/1031 1369/529/1033 1365/526/1030
f 1365/526/1030 1369/529/1033 1367/528/1032
f 1365/526/1030 1367/528/1032 1348/513/1016
f 1348/513/1016 1367/528/1032 1340/475/903
f 1348/513/1016 1340/475/903 1349/514/1017
f 1349/514/1017 1340/475/903 1353/518/1021
f 1349/514/1017 1353/518/1021 1351/516/1019
f 1351/516/1019 1353/518/1021 1361/519/1011
f 1351/516/1019 1361/519/1011 1401/553/1059
f 1401/553/1059 1361/519/1011 1363/524/1015
f 1382/538/1035 1378/534/1041 1381/537/1044
f 1381/537/1044 1378/534/1041 1377/533/1040
f 1381/537/1044 1377/533/1040 1379/535/1042
f 1379/535/1042 1377/533/1040 1336/465/1008
f 1379/535/1042 1336/465/1008 1402/554/1060
f 1402/554/1060 1336/465/1008 1398/464/890
f 1402/554/1060 1398/464/890 1387/543/1048
f 1387/543/1048 1398/464/890 1400/552/1058
f 1387/543/1048 1400/552/1058 1385/541/1046
f 1385/541/1046 1400/552/1058 1399/551/1057
f 1385/541/1046 1399/551/1057 1383/539/1028
f 1391/547/1052 1344/509/1013 1390/546/1051
f 1390/546/1051 1344/509/1013 1343/508/1012
f 1390/546/1051 1343/508/1012 1388/544/1049
f 1388/544/1049 1343/508/1012 1396/476/1055
f 1388/544/1049 1396/476/1055 1403/555/1061
f 1403/555/1061 1396/476/1055 1404/478/897
f 1403/555/1061 1404/478/897 1357/522/1025
f 1357/522/1025 1404/478/897 1405/556/1062
f 1357/522/1025 1405/556/1062 1355/520/1023
f 1355/520/1023 1405/556/1062 1406/557/1063
f 1407/491/988 1408/558/1064 1409/559/1065
f 1410/560/1066 1411/484/982 1412/561/1067
f 1412/561/1067 1411/484/982 1413/486/983
f 1412/561/1067 1413/486/983 1414/562/1068
f 1415/492/983 1407/491/988 1409/559/1065
f 1416/563/1069 1408/558/1064 1417/564/1070
f 1418/565/1071 1419/494/1072 1420/487/977
f 1421/566/1073 1422/567/1074 1423/568/1075
f 1423/568/1075 1422/567/1074 1424/569/1076
f 1423/568/1075 1424/569/1076 1417/564/1070
f 1425/493/1077 1419/494/1072 1426/570/1078
f 1426/570/1078 1419/494/1072 1418/565/1071
f 1426/570/1078 1418/565/1071 1427/571/1079
f 1408/558/1064 1407/491/988 1417/564/1070
f 1417/564/1070 1407/491/988 1425/493/1077
f 1417/564/1070 1425/493/1077 1423/568/1075
f 1423/568/1075 1425/493/1077 1426/570/1078
f 1423/568/1075 1426/570/1078 1421/566/1073
f 1428/572/1080 1429/573/1081 1430/574/1079
f 1430/574/1079 1429/573/1081 1410/560/1066
f 1430/574/1079 1410/560/1066 1431/575/1078
f 1431/575/1078 1410/560/1066 1412/561/1067
f 1431/575/1078 1412/561/1067 1432/574/1082
f 1433/576/1074 1432/574/1082 1434/577/1083
f 1434/577/1083 1432/574/1082 1412/561/1067
f 1434/577/1083 1412/561/1067 1435/578/1084
f 1435/578/1084 1412/561/1067 1414/562/1068
f 1435/578/1084 1414/562/1068 1436/577/1085
f 1436/577/1085 1414/562/1068 1437/579/1086
f 1436/577/1085 1437/579/1086 1438/580/1087
f 1416/563/1069 1439/581/1088 1408/558/1064
f 1408/558/1064 1439/581/1088 1440/582/1089
f 1408/558/1064 1440/582/1089 1409/559/1065
f 1409/559/1065 1440/582/1089 1441/583/1068
f 1409/559/1065 1441/583/1068 1415/492/983
f 1442/488/982 1443/584/1090 1420/487/977
f 1420/487/977 1443/584/1090 1444/585/1091
f 1420/487/977 1444/585/1091 1418/565/1071
f 1418/565/1071 1444/585/1091 1445/586/1092
f 1418/565/1071 1445/586/1092 1427/571/1079
f 1446/583/1093 1447/559/1094 1448/492/953
f 1448/492/953 1447/559/1094 1449/491/959
f 1450/584/1095 1451/488/1096 1452/487/965
f 1453/570/1097 1454/571/1098 1455/565/1099
f 1455/565/1099 1454/571/1098 1456/586/1100
f 1455/565/1099 1456/586/1100 1457/585/1101
f 1458/582/1102 1459/581/1103 1460/558/1064
f 1460/558/1064 1459/581/1103 1461/563/1104
f 1460/558/1064 1461/563/1104 1462/564/1105
f 1462/564/1105 1463/569/1106 1464/568/1107
f 1464/568/1107 1463/569/1106 1465/567/1108
f 1464/568/1107 1465/567/1108 1466/566/1109
f 1467/562/1110 1468/486/953 1469/561/1111
f 1469/561/1111 1468/486/953 1470/484/952
f 1469/561/1111 1470/484/952 1471/560/1112
f 1472/493/1113 1453/570/1097 1473/494/1114
f 1473/494/1114 1453/570/1097 1455/565/1099
f 1473/494/1114 1455/565/1099 1452/487/965
f 1452/487/965 1455/565/1099 1457/585/1101
f 1452/487/965 1457/585/1101 1450/584/1095
f 1466/566/1109 1453/570/1097 1464/568/1107
f 1464/568/1107 1453/570/1097 1472/493/1113
f 1464/568/1107 1472/493/1113 1462/564/1105
f 1462/564/1105 1472/493/1113 1449/491/959
f 1462/564/1105 1449/491/959 1460/558/1064
f 1460/558/1064 1449/491/959 1447/559/1094
f 1460/558/1064 1447/559/1094 1458/582/1102
f 1458/582/1102 1447/559/1094 1446/583/1093
f 1474/574/1115 1469/561/1111 1475/575/1097
f 1475/575/1097 1469/561/1111 1471/560/1112
f 1475/575/1097 1471/560/1112 1476/574/1098
f 1476/574/1098 1471/560/1112 1477/573/1116
f 1476/574/1098 1477/573/1116 1478/572/1117
f 1479/580/1118 1480/579/1119 1481/577/1104
f 1481/577/1104 1480/579/1119 1467/562/1110
f 1481/577/1104 1467/562/1110 1482/578/1120
f 1482/578/1120 1467/562/1110 1469/561/1111
f 1482/578/1120 1469/561/1111 1483/577/1121
f 1483/577/1121 1469/561/1111 1474/574/1115
f 1483/577/1121 1474/574/1115 1484/576/1122
f 1485/445/1123 1486/447/881 1487/479/1124
f 1485/445/1123 1487/479/1124 1488/444/1125
o npc_01-0001-14
v -4.523909 61.655693 8.089587
v 0.000000 59.702728 6.137185
v -4.523909 59.702728 6.137185
v 0.000000 61.655693 8.089587
v 4.523909 59.702728 6.137185
v 6.812792 30.430573 17.045258
v 0.000000 28.009790 18.937929
v 0.000000 28.009790 18.299574
v -6.451956 30.430573 17.683615
v -4.523909 53.843842 12.793273
v -4.523909 57.749767 8.089587
v -4.523909 53.843842 8.089588
v -4.523909 61.655693 12.793272
v -4.523909 61.655693 8.089587
v -4.523909 59.702728 6.137185
v -4.523909 59.702728 6.137185
v 0.000000 59.702728 6.137185
v -4.523909 57.749767 8.089587
v 0.000000 57.749767 8.089587
v -4.523909 53.843842 8.089588
v 0.000000 53.843842 8.089588
v 4.523909 53.843842 8.089588
v 4.523909 57.749767 8.089587
v 4.523909 53.843842 12.793273
v 4.523909 53.843842 8.089588
v 4.523909 57.749767 8.089587
v 4.523909 59.702728 6.137185
v 4.523909 59.702728 6.137185
v 4.523909 61.655693 8.089587
v 4.523909 61.655693 12.793272
v -4.523909 61.655693 12.793272
v 0.000000 61.655693 14.749408
v -4.523909 53.843842 12.793273
v 0.000000 53.843842 14.749409
v 4.523909 61.655693 8.089587
v 4.523909 61.655693 12.793272
v 4.523909 53.843842 12.793273
v 13.415545 45.571598 6.308908
v 13.415545 51.920582 7.428832
v 7.599090 36.066692 27.852533
v 7.599090 42.415676 28.968723
v 0.000000 36.066692 27.852533
v 0.000000 42.415676 28.968723
v -7.599090 36.066692 27.852533
v -7.599090 42.415676 28.968723
v -13.415545 45.571598 6.308908
v -13.415545 51.920582 7.428832
v -3.985348 54.341366 11.038724
v -4.367727 54.341366 10.400366
v -7.098229 53.175529 11.468028
v -7.480607 53.175529 10.825938
v -9.543294 49.544353 13.188980
v -9.925672 49.544353 12.546889
v -11.374400 44.591404 14.484360
v -11.762164 44.591404 13.846003
v -9.500209 32.851353 17.000460
v -9.893358 32.851353 16.358370
v -6.812792 30.430573 17.045258
v 4.367727 54.341366 10.400366
v 3.985348 54.341366 11.038724
v 7.480607 53.175529 10.825938
v 7.098229 53.175529 11.468028
v 9.925672 49.544353 12.546889
v 9.543294 49.544353 13.188980
v 11.762164 44.591404 13.846003
v 11.374400 44.591404 14.484360
v 9.893358 32.851353 16.358370
v 9.500209 32.851353 17.000460
v 6.451956 30.430573 17.683615
vn -0.7357 0.6261 -0.2583
vn -0.0000 -0.0000 -1.0000
vn -0.5746 -0.0000 -0.8185
vn -0.0000 0.9263 -0.3768
vn 0.5745 -0.0000 -0.8185
vn 0.5024 -0.8320 0.2355
vn -0.0000 -0.9948 0.1018
vn -0.5023 -0.8320 0.2355
vn -0.9354 -0.0000 0.3537
vn -0.9098 -0.1569 -0.3843
vn -0.7071 -0.0000 -0.7071
vn -0.8721 0.3614 0.3299
vn -0.7357 0.6262 -0.2583
vn -0.5745 -0.0001 -0.8185
vn -0.5745 -0.0000 -0.8185
vn -0.0000 -0.3768 -0.9263
vn 0.7071 -0.0000 -0.7071
vn 0.9098 -0.1568 -0.3843
vn 0.9354 -0.0000 0.3537
vn 0.9098 -0.1569 -0.3843
vn 0.5746 -0.0000 -0.8185
vn 0.5745 0.0001 -0.8185
vn 0.7357 0.6261 -0.2583
vn 0.8721 0.3614 0.3300
vn -0.8721 0.3614 0.3300
vn -0.0000 0.7378 0.6750
vn -0.9354 0.0002 0.3537
vn -0.0000 -0.0000 1.0000
vn 0.9694 -0.0391 0.2424
vn 0.6133 -0.1337 0.7785
vn -0.0000 -0.1721 0.9851
vn -0.6133 -0.1337 0.7784
vn -0.9694 -0.0391 0.2424
vn -0.3152 0.9300 0.1891
vn -0.5095 0.8073 0.2978
vn -0.7315 0.5270 0.4326
vn -0.8381 0.1958 0.5091
vn -0.7929 -0.3768 0.4789
vn 0.3152 0.9300 0.1891
vn 0.5095 0.8073 0.2979
vn 0.5095 0.8073 0.2978
vn 0.7315 0.5270 0.4326
vn 0.8381 0.1958 0.5091
vn 0.7929 -0.3768 0.4789
vn 0.5023 -0.8320 0.2355
vt 0.319702 0.135193
vt 0.382721 0.098816
vt 0.319702 0.098816
vt 0.382721 0.135193
vt 0.354187 0.136536
vt 0.379211 0.136536
vt 0.319702 0.087067
vt 0.367981 0.075592
vt 0.367981 0.087067
vt 0.319702 0.023895
vt 0.367981 0.023895
vt 0.384521 0.047699
vt 0.319702 0.127441
vt 0.382721 0.127441
vt 0.319702 0.118439
vt 0.382721 0.118439
vt 0.396515 0.159485
vt 0.320587 0.159485
vt 0.396515 0.273895
vt 0.320587 0.273895
vt 0.396515 0.381561
vt 0.320587 0.381561
vt 0.379211 0.113373
vt 0.354187 0.113373
vt 0.379211 0.127197
vt 0.354187 0.127197
vt 0.379211 0.136566
vt 0.354187 0.136566
s 1
usemtl npc01_06
f 1489/587/1126 1490/588/1127 1491/589/1128
f 1492/590/1129 1493/589/1130 1490/588/1127
f 1494/591/1131 1495/592/1132 1496/591/1132
f 1496/591/1132 1495/592/1132 1497/592/1133
f 1498/593/1134 1499/594/1135 1500/595/1136
f 1498/593/1134 1501/596/1137 1499/594/1135
f 1499/594/1135 1501/596/1137 1502/597/1138
f 1499/594/1135 1502/597/1138 1503/598/1139
f 1504/587/1140 1505/590/1127 1506/599/1135
f 1506/599/1135 1505/590/1127 1507/600/1141
f 1506/599/1135 1507/600/1141 1508/587/1136
f 1508/587/1136 1507/600/1141 1509/590/1127
f 1510/595/1142 1511/594/1143 1512/593/1144
f 1513/587/1142 1509/590/1127 1514/599/1145
f 1514/599/1145 1509/590/1127 1507/600/1141
f 1514/599/1145 1507/600/1141 1515/587/1146
f 1515/587/1146 1507/600/1141 1505/590/1127
f 1516/598/1147 1517/597/1148 1511/594/1143
f 1511/594/1143 1517/597/1148 1518/596/1149
f 1511/594/1143 1518/596/1149 1512/593/1144
f 1490/588/1127 1489/587/1126 1492/590/1129
f 1492/590/1129 1489/587/1126 1519/601/1150
f 1492/590/1129 1519/601/1150 1520/602/1151
f 1520/602/1151 1519/601/1150 1521/587/1152
f 1520/602/1151 1521/587/1152 1522/590/1153
f 1493/589/1130 1492/590/1129 1523/587/1148
f 1523/587/1148 1492/590/1129 1520/602/1151
f 1523/587/1148 1520/602/1151 1524/601/1149
f 1524/601/1149 1520/602/1151 1522/590/1153
f 1524/601/1149 1522/590/1153 1525/587/1144
f 1526/603/1154 1527/604/1154 1528/605/1155
f 1528/605/1155 1527/604/1154 1529/606/1155
f 1528/605/1155 1529/606/1155 1530/607/1156
f 1530/607/1156 1529/606/1155 1531/608/1156
f 1530/607/1156 1531/608/1156 1532/605/1157
f 1532/605/1157 1531/608/1156 1533/606/1157
f 1532/605/1157 1533/606/1157 1534/603/1158
f 1534/603/1158 1533/606/1157 1535/604/1158
f 1536/609/1159 1537/610/1159 1538/611/1160
f 1538/611/1160 1537/610/1159 1539/612/1160
f 1538/611/1160 1539/612/1160 1540/613/1161
f 1540/613/1161 1539/612/1160 1541/614/1161
f 1540/613/1161 1541/614/1161 1542/592/1162
f 1542/592/1162 1541/614/1161 1543/591/1162
f 1542/592/1162 1543/591/1162 1544/592/1163
f 1544/592/1163 1543/591/1162 1545/591/1163
f 1544/592/1163 1545/591/1163 1497/592/1133
f 1497/592/1133 1545/591/1163 1546/591/1133
f 1497/592/1133 1546/591/1133 1496/591/1132
f 1547/610/1164 1548/609/1164 1549/612/1165
f 1549/612/1165 1548/609/1164 1550/611/1166
f 1549/612/1165 1550/611/1166 1551/614/1167
f 1551/614/1167 1550/611/1166 1552/613/1167
f 1551/614/1167 1552/613/1167 1553/591/1168
f 1553/591/1168 1552/613/1167 1554/592/1168
f 1553/591/1168 1554/592/1168 1555/591/1169
f 1555/591/1169 1554/592/1168 1556/592/1169
f 1555/591/1169 1556/592/1169 1494/591/1131
f 1494/591/1131 1556/592/1169 1557/592/1170
f 1494/591/1131 1557/592/1170 1495/592/1132
o npc_01-0001-19
v -2.590477 35.368675 28.587952
v -1.696466 36.541935 27.400829
v -4.206158 36.192928 26.079319
v -6.188061 34.878574 24.455427
v -6.952817 30.794434 24.869801
v -4.943986 32.041954 27.434427
v -6.538126 23.116245 25.146048
v -3.155965 29.836515 26.448895
v -0.867083 32.665714 28.528223
v 0.000000 34.588974 28.767139
v 2.590477 35.368675 28.587952
v 1.696466 36.541935 27.400829
v 0.000000 36.059265 28.188511
v 0.867083 32.665714 28.528223
v 4.943986 32.041954 27.434427
v 3.155965 29.836515 26.448895
v 6.538126 23.116245 25.146048
v 6.952817 30.794434 24.869801
v 6.188061 34.878574 24.455427
v 4.206158 36.192928 26.079319
vn -0.3534 0.3770 0.8561
vn -0.2348 0.7748 0.5870
vn -0.5667 0.5981 0.5667
vn -0.7643 0.2916 0.5752
vn -0.8085 0.0942 0.5809
vn -0.4859 -0.0862 0.8698
vn -0.3536 -0.1729 0.9193
vn 0.0079 -0.3930 0.9195
vn -0.1578 -0.2525 0.9547
vn -0.0000 0.1414 0.9900
vn 0.3534 0.3770 0.8561
vn 0.2348 0.7748 0.5870
vn -0.0000 0.5708 0.8211
vn 0.1578 -0.2525 0.9547
vn 0.4859 -0.0862 0.8698
vn -0.0079 -0.3930 0.9195
vn 0.3536 -0.1729 0.9193
vn 0.8085 0.0942 0.5809
vn 0.7643 0.2916 0.5752
vn 0.5667 0.5981 0.5667
vt 0.352173 0.031891
vt 0.340973 0.009979
vt 0.400665 0.009979
vt 0.415588 0.027344
vt 0.415588 0.074219
vt 0.378296 0.074219
vt 0.393219 0.119965
vt 0.355896 0.089844
vt 0.296204 0.050781
vt 0.288727 0.035156
vt 0.296204 0.009979
s 1
usemtl npc01_03
f 1558/615/1171 1559/616/1172 1560/617/1173
f 1561/618/1174 1562/619/1175 1563/620/1176
f 1563/620/1176 1562/619/1175 1564/621/1177
f 1563/620/1176 1564/621/1177 1565/622/1178
f 1558/615/1171 1566/623/1179 1567/624/1180
f 1568/615/1181 1569/616/1182 1570/625/1183
f 1560/617/1173 1561/618/1174 1558/615/1171
f 1558/615/1171 1561/618/1174 1563/620/1176
f 1558/615/1171 1563/620/1176 1566/623/1179
f 1566/623/1179 1563/620/1176 1565/622/1178
f 1559/616/1172 1558/615/1171 1570/625/1183
f 1570/625/1183 1558/615/1171 1567/624/1180
f 1570/625/1183 1567/624/1180 1568/615/1181
f 1568/615/1181 1567/624/1180 1571/623/1184
f 1568/615/1181 1571/623/1184 1572/620/1185
f 1572/620/1185 1571/623/1184 1573/622/1186
f 1572/620/1185 1573/622/1186 1574/621/1187
f 1574/621/1187 1575/619/1188 1572/620/1185
f 1572/620/1185 1575/619/1188 1576/618/1189
f 1572/620/1185 1576/618/1189 1568/615/1181
f 1568/615/1181 1576/618/1189 1577/617/1190
f 1568/615/1181 1577/617/1190 1569/616/1182
