mtllib village_hunter.mtl
o npc_00-0001-5
v -10.032908 -53.601273 6.535693
v -21.114937 -41.856216 0.729693
v -16.614761 -47.760872 -0.122924
v -3.862421 -49.010548 5.087345
v -4.928107 -43.979706 11.534776
v -10.032908 -53.601273 6.535693
v 1.907743 -45.740181 -2.758004
v -2.012655 -55.204330 1.932185
v -2.807779 -54.401196 -3.412045
v -2.821583 -61.002972 0.994464
v -3.161167 -60.302635 -3.872237
v -2.012655 -55.204330 1.932185
v -9.293002 -56.800964 7.952520
v -2.821583 -61.002972 0.994464
v -9.422762 -62.519291 6.581398
v -6.579092 -68.613480 5.517595
v -21.114937 -41.856216 0.729693
v -16.164743 -38.505535 11.974481
v -19.198912 -17.868162 -0.124503
v -15.457967 -16.345415 11.605694
v -18.000706 -9.965307 0.190697
v 1.907743 -45.740181 -2.758004
v -3.862421 -49.010548 5.087345
v -2.012655 -55.204330 1.932185
v -10.032908 -53.601273 6.535693
v -9.293002 -56.800964 7.952520
v -15.838964 -59.213585 -0.381389
v -9.422762 -62.519291 6.581398
v -18.674351 -67.964546 -1.575999
v -12.837926 -68.533173 7.273263
v -21.114937 -41.856216 0.729693
v -10.032908 -53.601273 6.535693
v -16.164743 -38.505535 11.974481
v -4.928107 -43.979706 11.534776
v -15.457967 -16.345415 11.605694
v -3.279883 -29.757780 8.978497
v -4.635458 -21.748913 9.268481
v -1.372140 -23.599337 7.030556
v 0.000000 -20.749811 11.717592
v 0.000000 -23.840279 7.536453
v 1.372140 -23.599337 7.030556
v 1.140229 -25.549351 -1.265529
v -0.712298 -32.636219 -1.122113
v -2.658693 -10.113085 -12.313318
v -13.293465 -10.305837 -8.668021
v -11.929608 -3.822927 -6.978546
v 0.000000 -23.840279 7.536453
v 0.000000 -23.098181 -1.443618
v 1.140229 -25.549351 -1.265529
v 2.112046 -28.957857 -10.563953
v 6.833090 -43.658455 -12.026484
v 0.303693 -38.842854 -2.105538
v 0.000000 -21.507973 -7.591609
v 1.294836 -22.513498 -9.355158
v 1.140229 -25.549351 -1.265529
v 2.112046 -28.957857 -10.563953
v -0.712298 -32.636219 -1.122113
v 0.000000 -23.098181 -1.443618
v 0.000000 -23.840279 7.536453
v -1.372140 -23.599337 7.030556
v -1.140229 -25.549351 -1.265529
v 0.712298 -32.636219 -1.122113
v -2.112046 -28.957857 -10.563953
v -0.303693 -38.842854 -2.105538
v -6.833090 -43.658455 -12.026484
v 0.000000 -21.507973 -7.591609
v -1.294836 -22.513498 -9.355158
v -1.775223 -19.300955 -12.024908
v -7.376976 -19.011829 -12.852310
v -18.000706 -9.965307 0.190697
v -16.217199 -3.594835 -0.655618
v -13.293465 -10.305837 -8.668021
v -11.929608 -3.822927 -6.978546
v -4.928107 -43.979706 11.534776
v -0.303693 -38.842854 -2.105538
v -3.279883 -29.757780 8.978497
v 0.712298 -32.636219 -1.122113
v -1.372140 -23.599337 7.030556
v -1.140229 -25.549351 -1.265529
v 0.000000 -23.098181 -1.443618
v -19.198912 -17.868162 -0.124503
v -14.883711 -18.459269 -9.627807
v -13.726918 -25.639301 -9.329942
v -7.376976 -19.011829 -12.852310
v -2.112046 -28.957857 -10.563953
v -1.294836 -22.513498 -9.355158
v -1.140229 -25.549351 -1.265529
v 0.000000 -21.507973 -7.591609
v 0.000000 -23.098181 -1.443618
v 1.140229 -25.549351 -1.265529
v -19.198912 -17.868162 -0.124503
v -18.000706 -9.965307 0.190697
v -14.883711 -18.459269 -9.627807
v -13.293465 -10.305837 -8.668021
v -7.376976 -19.011829 -12.852310
v -2.658693 -10.113085 -12.313318
v -1.775223 -19.300955 -12.024908
v 0.000000 -9.705092 -11.528468
v 0.000000 -21.507973 -7.591609
v 1.775223 -19.300955 -12.024908
v 1.294836 -22.513498 -9.355158
v 7.376976 -19.011829 -12.852310
v 2.112046 -28.957857 -10.563953
v 13.726918 -25.639301 -9.329942
v 6.833090 -43.658455 -12.026484
v 1.372140 -23.599337 7.030556
v -0.712298 -32.636219 -1.122113
v 3.279883 -29.757780 8.978497
v 0.303693 -38.842854 -2.105538
v 4.928107 -43.979706 11.534776
v 0.000000 -20.749811 11.717592
v 4.635458 -21.748913 9.268481
v 6.355464 -13.004371 10.667972
v 15.457967 -16.345415 11.605694
v 0.000000 -20.749811 11.717592
v 1.372140 -23.599337 7.030556
v 4.635458 -21.748913 9.268481
v 3.279883 -29.757780 8.978497
v 15.457967 -16.345415 11.605694
v 16.164743 -38.505535 11.974481
v 10.032908 -53.601273 6.535693
v 21.114937 -41.856216 0.729693
v 16.614761 -47.760872 -0.122924
v 11.576220 0.038551 -5.908439
v 16.106766 -3.594835 -0.655618
v 11.929608 -3.822927 -6.978546
v 13.293465 -10.305837 -8.668021
v 2.658693 -10.113085 -12.313318
v 2.658693 -10.113085 -12.313318
v 1.775223 -19.300955 -12.024908
v 0.000000 -9.705092 -11.528468
v 16.106766 -3.594835 -0.655618
v 18.000706 -9.965307 0.190697
v 13.293465 -10.305837 -8.668021
v 7.376976 -19.011829 -12.852310
v 14.883711 -18.459269 -9.627807
v 13.726918 -25.639301 -9.329942
v 19.198912 -17.868162 -0.124503
v 1.775223 -19.300955 -12.024908
v 2.658693 -10.113085 -12.313318
v 7.376976 -19.011829 -12.852310
v 13.293465 -10.305837 -8.668021
v 14.883711 -18.459269 -9.627807
v 18.000706 -9.965307 0.190697
v 19.198912 -17.868162 -0.124503
v 16.164743 -38.505535 11.974481
v 19.198912 -17.868162 -0.124503
v 15.457967 -16.345415 11.605694
v 18.000706 -9.965307 0.190697
v 0.000000 -6.550373 12.259736
v 0.000000 0.038552 12.269191
v -6.606700 0.038552 11.594661
v 11.576220 0.038551 -5.908439
v 11.929608 -3.822927 -6.978546
v 0.000000 0.038550 -8.170005
v 0.000000 -4.911979 -10.732587
v -11.576220 0.038551 -5.908439
v -11.929608 -3.822927 -6.978546
v 0.000000 0.038552 12.269191
v 0.000000 -6.550373 12.259736
v 6.606700 0.038552 11.594661
v 0.000000 -6.550373 12.259736
v 6.819285 -6.460422 11.722319
v 14.963776 -5.040479 7.805948
v 14.864386 0.038552 6.833553
v 16.106766 -3.594835 -0.655618
v 14.911320 0.038551 -1.479868
v 11.576220 0.038551 -5.908439
v -11.576220 0.038551 -5.908439
v -11.929608 -3.822927 -6.978546
v -14.911320 0.038551 -1.479868
v -16.217199 -3.594835 -0.655618
v -14.864386 0.038552 6.833553
v -15.024515 -5.040479 7.805948
v -6.819285 -6.460422 11.722319
v 0.000000 -6.550373 12.259736
v -6.355464 -13.004371 10.667972
v -4.635458 -21.748913 9.268481
v 0.000000 -20.749811 11.717592
v -13.726918 -25.639301 -9.329942
v -2.112046 -28.957857 -10.563953
v -6.833090 -43.658455 -12.026484
v -13.726918 -25.639301 -9.329942
v -21.114937 -41.856216 0.729693
v -19.198912 -17.868162 -0.124503
v -4.635458 -21.748913 9.268481
v -6.355464 -13.004371 10.667972
v -15.457967 -16.345415 11.605694
v -15.375142 -9.910693 9.694002
v -18.000706 -9.965307 0.190697
v 15.375142 -9.795041 9.694002
v 15.457967 -16.345415 11.605694
v 18.000706 -9.965307 0.190697
v 11.929608 -3.822927 -6.978546
v 2.658693 -10.113085 -12.313318
v 0.000000 -4.911979 -10.732587
v 0.000000 -9.705092 -11.528468
v -2.658693 -10.113085 -12.313318
v -11.929608 -3.822927 -6.978546
v -2.658693 -10.113085 -12.313318
v 6.819285 -6.460422 11.722319
v 0.000000 -6.550373 12.259736
v 0.000000 -13.405939 11.507982
v -6.819285 -6.460422 11.722319
v 6.355464 -13.004371 10.667972
v 14.963776 -5.040479 7.805948
v 16.106766 -3.594835 -0.655618
v -16.217199 -3.594835 -0.655618
v -18.000706 -9.965307 0.190697
v -15.024515 -5.040479 7.805948
v -15.375142 -9.910693 9.694002
v -6.355464 -13.004371 10.667972
v 0.000000 -20.749811 11.717592
v -13.969872 -104.523285 -0.739138
v -12.768905 -98.040375 -0.721803
v -9.298524 -97.780159 -8.311837
v -12.768905 -98.040375 -0.721803
v -9.602216 -94.715393 -6.499433
v -9.298524 -97.780159 -8.311837
v -6.344420 -97.458900 -0.709195
v -5.187626 -104.388359 -0.813210
v -13.969872 -104.523285 -0.739138
v -14.152088 -103.055153 1.044899
v -12.768905 -98.040375 -0.721803
v -12.967686 -98.380905 9.318919
v -9.577369 -94.484085 2.743830
v -6.347181 -98.348778 8.841390
v -6.344420 -97.458900 -0.709195
v -5.419537 -102.945923 1.234019
v -5.187626 -104.388359 -0.813210
v -1.866331 -61.240700 -6.338683
v -1.869092 -56.312656 0.674534
v -3.025885 -59.701889 3.361620
v 1.907743 -45.740181 -2.758004
v -2.807779 -54.401196 -3.412045
v -6.833090 -43.658455 -12.026484
v -18.674351 -67.964546 -1.575999
v -15.838964 -59.213585 -0.381389
v -10.921900 -60.052055 -9.739700
v -10.574034 -54.783489 -8.887082
v -2.807779 -54.401196 -3.412045
v -3.161167 -60.302635 -3.872237
v -10.574034 -54.783489 -8.887082
v -10.872205 -51.779758 -10.920128
v -2.807779 -54.401196 -3.412045
v -11.170376 -48.612194 -9.711333
v -6.833090 -43.658455 -12.026484
v -3.161167 -60.302635 -3.872237
v -10.921900 -60.052055 -9.739700
v -10.574034 -54.783489 -8.887082
v -15.838964 -59.213585 -0.381389
v -17.912357 -53.395668 -0.252157
v -10.032908 -53.601273 6.535693
v -16.614761 -47.760872 -0.122924
v -1.869092 -56.312656 0.674534
v -1.866331 -61.240700 -6.338683
v -1.866331 -58.400810 -6.338684
v -9.958365 -59.878578 -11.058815
v -9.958365 -57.041904 -11.058815
v -18.298876 -61.038307 -0.579964
v -18.442440 -58.041004 -1.098471
v -10.231689 -61.899269 5.307986
v -2.542738 -75.301994 -0.568931
v -3.533881 -66.425743 -2.379761
v -5.640405 -68.382179 -11.016263
v -3.161167 -60.302635 -3.872237
v -1.452204 -68.141235 -1.784032
v -2.821583 -61.002972 0.994464
v -6.579092 -68.613480 5.517595
v -3.161167 -60.302635 -3.872237
v -5.640405 -68.382179 -11.016263
v -10.921900 -60.052055 -9.739700
v -11.614872 -68.510681 -12.163594
v -18.674351 -67.964546 -1.575999
v -6.286442 -86.780411 -1.919566
v -10.201320 -80.740829 3.880128
v -6.286442 -86.780411 -1.919566
v -5.182105 -76.744431 -8.538784
v -2.542738 -75.301994 -0.568931
v -5.477515 -65.934219 -9.118754
v -3.533881 -66.425743 -2.379761
v -12.768905 -98.040375 -0.721803
v -11.217310 -86.822174 -6.419057
v -9.602216 -94.715393 -6.499433
v -6.482462 -86.799683 -5.189775
v -6.344420 -97.458900 -0.709195
v -16.371807 -52.926640 3.363197
v -19.491562 -53.800449 -2.135481
v -17.528601 -56.312656 0.674534
v -19.491562 -59.335659 -2.135480
v -17.824011 -64.196236 3.574382
v -16.794216 -65.934219 -0.939293
v -17.608665 -72.063751 -1.118958
v -12.158758 -65.693283 -9.749156
v -11.935130 -74.983955 -11.180166
v -5.477515 -65.934219 -9.118754
v -5.182105 -76.744431 -8.538784
v -3.025885 -59.701889 3.361620
v -1.869092 -56.312656 0.674534
v -5.400211 -61.019032 7.248047
v -3.923160 -56.312656 10.116374
v -9.698846 -61.606930 9.574229
v -9.698846 -56.312656 13.671839
v -13.997480 -61.019032 7.248047
v -15.474532 -56.312656 10.116374
v -16.371807 -59.701889 3.361620
v -17.528601 -56.312656 0.674534
v -16.371807 -52.926640 3.363197
v -13.997480 -51.609497 7.251198
v -9.698846 -51.021599 9.578956
v -5.400211 -51.609497 7.251198
v -3.025885 -52.926640 3.363197
v -20.698050 -49.710884 -7.753936
v -18.182920 -56.566448 -10.124247
v -20.808483 -68.902611 -14.666288
v -6.344420 -97.458900 -0.709195
v -9.577369 -94.484085 2.743830
v -14.317738 -87.120941 -1.539749
v 9.602216 -94.734665 -6.499433
v 9.298524 -97.780159 -8.311837
v 6.344420 -97.458900 -0.709195
v 9.602216 -94.734665 -6.499433
v 11.217310 -86.822174 -6.419057
v 12.768905 -98.040375 -0.721803
v 14.317738 -87.120941 -1.539749
v 10.201320 -80.740829 3.878552
v 6.286442 -86.780411 -1.919566
v 6.482462 -86.799683 -5.189775
v 6.344420 -97.458900 -0.709195
v 9.602216 -94.734665 -6.499433
v 9.298524 -97.780159 -8.311837
v 9.602216 -94.734665 -6.499433
v 12.768905 -98.040375 -0.721803
v 6.286442 -86.780411 -1.919566
v 6.344420 -97.458900 -0.709195
v 10.201320 -80.740829 3.878552
v 9.577369 -94.484085 2.743830
v 12.768905 -98.040375 -0.721803
v 6.344420 -97.458900 -0.709195
v 6.347181 -98.348778 8.841390
v 9.577369 -94.484085 2.743830
v 12.967686 -98.380905 9.318919
v 12.768905 -98.040375 -0.721803
v 18.674351 -67.964546 -1.575999
v 9.422762 -62.519291 6.581398
v 12.837926 -68.533173 7.273263
v 9.958365 -59.878578 -11.058815
v 18.442440 -58.041004 -1.098471
v 18.298876 -61.038307 -0.579964
v 6.833090 -43.658455 -12.026484
v 2.807779 -54.401196 -3.412045
v -1.907743 -45.740181 -2.758004
v 10.032908 -53.601273 6.535693
v 4.928107 -43.979706 11.534776
v 3.862421 -49.010548 5.087345
v -1.907743 -45.740181 -2.758004
v 2.807779 -54.401196 -3.412045
v 3.862421 -49.010548 5.087345
v 2.012655 -55.204330 1.932185
v 10.032908 -53.601273 6.535693
v 3.161167 -60.302635 -3.872237
v 2.807779 -54.401196 -3.412045
v 10.574034 -54.783489 -8.887082
v 9.293002 -56.800964 7.952520
v 2.821583 -61.002972 0.994464
v 9.422762 -62.519291 6.581398
v 6.579092 -68.613480 5.517595
v 9.293002 -56.800964 7.952520
v 9.422762 -62.519291 6.581398
v 15.838964 -59.213585 -0.381389
v 18.674351 -67.964546 -1.575999
v 15.838964 -59.213585 -0.381389
v 10.921900 -60.052055 -9.739700
v 10.574034 -54.783489 -8.887082
v 17.912357 -53.395668 -0.252157
v 16.614761 -47.760872 -0.122924
v 10.032908 -53.601273 6.535693
v 18.442440 -58.041004 -1.098471
v 9.958365 -59.878578 -11.058815
v 9.958365 -57.041904 -11.058815
v 1.866331 -61.240700 -6.338683
v 1.866331 -58.400810 -6.338684
v 3.025885 -59.701889 3.361620
v 1.869092 -56.312656 0.674534
v 6.833090 -43.658455 -12.026484
v 11.170376 -48.612194 -9.711333
v 2.807779 -54.401196 -3.412045
v 10.872205 -51.779758 -10.920128
v 17.912357 -53.395668 -0.252157
v 2.821583 -61.002972 0.994464
v 2.807779 -54.401196 -3.412045
v 3.161167 -60.302635 -3.872237
v 11.614872 -68.510681 -12.163594
v 10.921900 -60.052055 -9.739700
v 18.674351 -67.964546 -1.575999
v 5.640405 -68.382179 -11.016263
v 3.161167 -60.302635 -3.872237
v 10.574034 -54.783489 -8.887082
v 6.579092 -68.613480 5.517595
v 2.821583 -61.002972 0.994464
v 1.452204 -68.141235 -1.784032
v 3.161167 -60.302635 -3.872237
v 5.640405 -68.382179 -11.016263
v 6.286442 -86.780411 -1.919566
v 10.201320 -80.740829 3.878552
v 2.542738 -75.301994 -0.568931
v 6.482462 -86.799683 -5.189775
v 11.217310 -86.822174 -6.419057
v 9.602216 -94.734665 -6.499433
v 20.698050 -49.710884 -7.753936
v 19.491562 -53.800449 -2.135481
v 18.182920 -56.566448 -10.124247
v 19.491562 -59.335659 -2.135480
v 20.808483 -68.902611 -14.666288
v 3.619467 -66.425743 -2.379761
v 5.477515 -65.934219 -9.118754
v 2.542738 -75.301994 -0.568931
v 5.182105 -76.744431 -8.538784
v 6.286442 -86.780411 -1.919566
v 16.371807 -59.701889 3.361620
v 17.528601 -56.312656 0.674534
v 13.997480 -61.019032 7.248047
v 15.474532 -56.312656 10.116374
v 9.698846 -61.606930 9.574229
v 9.698846 -56.312656 13.671839
v 5.400211 -61.019032 7.248047
v 3.923160 -56.312656 10.116374
v 3.025885 -59.701889 3.361620
v 1.869092 -56.312656 0.674534
v 3.025885 -52.926640 3.363197
v 5.400211 -51.609497 7.251198
v 9.698846 -51.021599 9.578956
v 13.997480 -51.609497 7.251198
v 16.371807 -52.926640 3.363197
v 16.371807 -52.926640 3.363197
v 17.528601 -56.312656 0.674534
v 17.824011 -64.196236 3.574382
v 5.182105 -76.744431 -8.538784
v 5.477515 -65.934219 -9.118754
v 11.935130 -74.983955 -11.180166
v 12.158758 -65.693283 -9.749156
v 17.608665 -72.063751 -1.118958
v 16.794216 -65.934219 -0.939293
v 10.231689 -61.899269 5.307986
v 3.619467 -66.425743 -2.379761
v 14.317738 -87.120941 -1.539749
v 4.047398 -102.184555 11.621461
v 3.641554 -104.465462 10.992636
v 7.158869 -101.044098 17.898685
v 7.059479 -103.781189 18.437679
v 13.177510 -101.191879 16.272249
v 13.751765 -103.781189 17.109106
v 13.969872 -104.523285 -0.739138
v 12.768905 -98.040375 -0.721803
v 14.152088 -103.055153 1.043323
v 12.967686 -98.380905 9.318919
v 15.590488 -104.574684 10.262945
v 9.298524 -97.780159 -8.311837
v 5.187626 -104.388359 -0.813210
v 6.344420 -97.458900 -0.709195
v 12.768905 -98.040375 -0.721803
v 13.969872 -104.523285 -0.739138
v 9.099743 -104.465462 -8.910719
v 5.187626 -104.388359 -0.813210
v 5.419537 -102.945923 1.234019
v 6.344420 -97.458900 -0.709195
v 6.347181 -98.348778 8.841390
v 9.099743 -104.465462 -8.910719
v 13.969872 -104.523285 -0.739138
v 5.187626 -104.388359 -0.813210
v 14.152088 -103.055153 1.043323
v 5.419537 -102.945923 1.234019
v 15.590488 -104.574684 10.262945
v 3.641554 -104.465462 10.992636
v 13.751765 -103.781189 17.109106
v 7.059479 -103.781189 18.437679
v 21.114937 -41.856216 0.729693
v 13.726918 -25.639301 -9.329942
v 19.198912 -17.868162 -0.124503
v 0.303693 -38.842854 -2.105538
v -1.907743 -45.740181 -2.758004
v 4.928107 -43.979706 11.534776
v 3.862421 -49.010548 5.087345
v 16.164743 -38.505535 11.974481
v 12.967686 -44.027897 -9.307878
v 6.833090 -43.658455 -12.026484
v 11.170376 -48.612194 -9.711333
v -1.907743 -45.740181 -2.758004
v 0.303693 -38.842854 -2.105538
v 16.614761 -47.760872 -0.122924
v 17.912357 -53.395668 -0.252157
v 10.872205 -51.779758 -10.920128
v -6.833090 -43.658455 -12.026484
v -0.303693 -38.842854 -2.105538
v 1.907743 -45.740181 -2.758004
v -0.303693 -38.842854 -2.105538
v -4.928107 -43.979706 11.534776
v 1.907743 -45.740181 -2.758004
v -3.862421 -49.010548 5.087345
v -13.726918 -25.639301 -9.329942
v -12.967686 -44.027897 -9.307878
v -21.114937 -41.856216 0.729693
v -16.614761 -47.760872 -0.122924
v -11.170376 -48.612194 -9.711333
v -10.872205 -51.779758 -10.920128
v -17.912357 -53.395668 -0.252157
v -10.574034 -54.783489 -8.887082
v -3.641554 -104.465462 10.992636
v -4.047398 -102.184555 11.621461
v -7.059479 -103.781189 18.437679
v -7.158869 -101.044098 17.898685
v -13.751765 -103.781189 17.109106
v -14.152088 -103.055153 1.044899
v -15.590488 -104.574684 10.262945
v -12.967686 -98.380905 9.318919
v -13.177510 -101.191879 16.273825
v -6.347181 -98.348778 8.841390
v -5.187626 -104.388359 -0.813210
v -9.099743 -104.465462 -8.910719
v -9.298524 -97.780159 -8.311837
v -13.969872 -104.523285 -0.739138
v -9.099743 -104.465462 -8.910719
v -5.187626 -104.388359 -0.813210
v -13.969872 -104.523285 -0.739138
v -5.419537 -102.945923 1.234019
v -14.152088 -103.055153 1.044899
v -3.641554 -104.465462 10.992636
v -15.590488 -104.574684 10.262945
v -7.059479 -103.781189 18.437679
v -13.751765 -103.781189 17.109106
v -5.419537 -102.945923 1.234019
vn -0.3369 -0.2977 0.8932
vn -0.9505 -0.2907 -0.1100
vn -0.9566 -0.2666 -0.1176
vn 0.7249 -0.4019 0.5595
vn 0.5961 -0.1725 0.7842
vn -0.3369 -0.2977 0.8933
vn 0.9945 -0.0940 -0.0470
vn 0.8185 -0.0944 0.5667
vn 0.8231 -0.1960 -0.5330
vn 0.9147 -0.0395 0.4022
vn 0.8425 0.1418 -0.5197
vn 0.8185 -0.0945 0.5667
vn 0.0707 -0.0000 0.9975
vn 0.9147 -0.0394 0.4022
vn -0.2593 0.1178 0.9586
vn 0.7297 0.0393 0.6827
vn -0.6519 -0.1728 0.7383
vn -0.9964 0.0471 -0.0706
vn -0.3455 0.0864 0.9344
vn -0.9810 0.1883 -0.0470
vn 0.7249 -0.4018 0.5595
vn -0.3369 -0.2978 0.8932
vn -0.9790 -0.0000 0.2036
vn -0.2592 0.1179 0.9586
vn -0.9339 0.3532 0.0549
vn -0.7237 0.4720 0.5035
vn 0.5960 -0.1726 0.7842
vn -0.3455 0.0863 0.9344
vn 0.7143 -0.0393 0.6987
vn 0.0940 -0.2507 0.9635
vn 0.6458 -0.5198 0.5592
vn -0.0000 -0.5180 0.8554
vn -0.0000 -0.9263 0.3768
vn -0.6459 -0.5198 0.5592
vn -0.9628 -0.2504 -0.1017
vn -0.9985 -0.0000 0.0550
vn -0.0315 0.1809 -0.9830
vn -0.6201 0.2434 -0.7458
vn -0.4959 0.3306 -0.8030
vn -0.0001 -0.9992 -0.0393
vn -0.9627 -0.2505 -0.1017
vn -0.7292 -0.0549 -0.6821
vn -0.2753 -0.1337 -0.9520
vn -0.9985 -0.0079 -0.0550
vn -0.0000 -0.7526 -0.6585
vn -0.7544 -0.3458 -0.5579
vn -0.9628 -0.2504 -0.1018
vn -0.7291 -0.0549 -0.6822
vn -0.9985 -0.0079 -0.0551
vn -0.0000 -0.9992 -0.0393
vn 0.9628 -0.2505 -0.1017
vn 0.9985 -0.0000 0.0550
vn 0.7292 -0.0549 -0.6821
vn 0.9985 -0.0078 -0.0550
vn 0.2753 -0.1337 -0.9520
vn 0.7544 -0.3458 -0.5580
vn 0.5114 -0.2361 -0.8263
vn -0.0782 -0.0860 -0.9932
vn -0.9810 0.1883 -0.0471
vn -0.9444 0.2440 -0.2204
vn -0.6202 0.2434 -0.7458
vn -0.4960 0.3306 -0.8029
vn 0.5960 -0.1725 0.7842
vn 0.9985 -0.0079 -0.0550
vn 0.7144 -0.0393 0.6987
vn 0.9985 -0.0000 0.0551
vn 0.6458 -0.5199 0.5592
vn 0.9628 -0.2504 -0.1017
vn -0.9964 0.0471 -0.0707
vn -0.7402 0.0630 -0.6694
vn -0.5587 -0.0709 -0.8263
vn 0.7544 -0.3457 -0.5579
vn 0.9628 -0.2505 -0.1018
vn -0.0000 -0.7525 -0.6585
vn -0.0000 -0.9992 -0.0394
vn -0.9627 -0.2505 -0.1018
vn 0.5115 -0.2360 -0.8262
vn -0.0000 -0.0000 -1.0000
vn 0.0001 -0.7526 -0.6585
vn -0.5115 -0.2361 -0.8262
vn -0.7544 -0.3457 -0.5580
vn 0.0782 -0.0860 -0.9932
vn 0.5587 -0.0708 -0.8263
vn -0.2754 -0.1337 -0.9520
vn -0.6458 -0.5198 0.5592
vn -0.9985 -0.0000 0.0551
vn -0.7144 -0.0392 0.6987
vn -0.9985 -0.0078 -0.0550
vn -0.5960 -0.1725 0.7842
vn -0.0940 -0.2507 0.9635
vn 0.1180 -0.0629 0.9910
vn 0.3455 0.0864 0.9344
vn -0.0000 -0.5179 0.8554
vn 0.6519 -0.1728 0.7383
vn 0.3369 -0.2978 0.8932
vn 0.9505 -0.2906 -0.1100
vn 0.9566 -0.2666 -0.1176
vn 0.5420 0.2985 -0.7855
vn 0.9470 0.2348 -0.2192
vn 0.4960 0.3306 -0.8029
vn 0.6226 0.2522 -0.7408
vn 0.0315 0.1809 -0.9830
vn 0.0314 0.1809 -0.9830
vn 0.9806 0.1883 -0.0549
vn 0.7402 0.0630 -0.6694
vn 0.5588 -0.0708 -0.8263
vn 0.9964 0.0471 -0.0706
vn -0.5115 -0.2361 -0.8263
vn 0.9806 0.1883 -0.0550
vn -0.0000 -0.0236 0.9997
vn -0.0000 -0.0000 1.0000
vn -0.2126 0.0394 0.9764
vn 0.5420 0.2985 -0.7856
vn 0.4959 0.3306 -0.8030
vn -0.0000 0.3863 -0.9224
vn -0.0000 0.3210 -0.9471
vn -0.5407 0.3057 -0.7837
vn 0.2126 0.0393 0.9764
vn 0.2128 0.0079 0.9771
vn 0.2126 0.0394 0.9763
vn 0.8258 0.2202 0.5191
vn 0.9060 0.1733 0.3861
vn 0.9470 0.2348 -0.2191
vn 0.9207 0.2597 -0.2912
vn -0.5408 0.3056 -0.7837
vn -0.4960 0.3306 -0.8030
vn -0.9156 0.2763 -0.2921
vn -0.9007 0.1880 0.3917
vn -0.8272 0.2127 0.5200
vn -0.2126 0.0394 0.9763
vn -0.2128 -0.0000 0.9771
vn -0.1180 -0.0629 0.9910
vn 0.0940 -0.2506 0.9635
vn -0.5587 -0.0708 -0.8263
vn -0.9505 -0.2906 -0.1099
vn -0.1179 -0.0629 0.9910
vn -0.5821 0.1731 0.7945
vn -0.9810 0.1884 -0.0470
vn 0.5813 0.1807 0.7934
vn -0.0000 0.3209 -0.9471
vn -0.0314 0.1809 -0.9830
vn -0.4959 0.3307 -0.8030
vn -0.0001 0.3209 -0.9471
vn -0.0000 -0.0785 0.9969
vn -0.2127 -0.0000 0.9771
vn -0.9444 0.2440 -0.2203
vn -0.9810 0.1884 -0.0471
vn -0.8273 0.2127 0.5200
vn -0.8698 -0.4624 -0.1724
vn -0.9685 0.1418 -0.2048
vn 0.0157 0.3304 -0.9437
vn -0.9685 0.1417 -0.2048
vn 0.0706 0.0393 -0.9967
vn 0.0158 0.3303 -0.9438
vn 0.9812 0.1727 -0.0864
vn 0.8962 -0.4403 -0.0550
vn -0.8698 -0.4623 -0.1724
vn -0.9458 -0.3232 0.0315
vn -0.9685 0.1418 -0.2047
vn -0.7003 0.6925 0.1731
vn 0.0236 0.7563 0.6538
vn 0.6528 0.7315 0.1967
vn 0.9812 0.1727 -0.0863
vn 0.9783 -0.2035 0.0391
vn 0.8869 -0.0785 -0.4553
vn 0.9744 -0.0472 0.2200
vn 0.9586 -0.2200 0.1807
vn 0.9945 -0.0939 -0.0469
vn 0.8231 -0.1960 -0.5331
vn 0.2754 -0.1337 -0.9520
vn -0.9340 0.3531 0.0550
vn -0.9790 -0.0000 0.2037
vn -0.2668 0.3376 -0.9027
vn -0.1492 -0.2120 -0.9658
vn 0.8425 0.1417 -0.5197
vn -0.1254 -0.1568 -0.9796
vn -0.3305 -0.1180 -0.9364
vn -0.2669 0.3375 -0.9027
vn -0.1482 -0.2110 -0.9662
vn -0.9791 -0.0000 0.2036
vn -0.9841 -0.1732 -0.0394
vn 0.8869 -0.0785 -0.4552
vn -0.1655 -0.0473 -0.9851
vn -0.7689 -0.0706 -0.6355
vn -0.0000 0.0472 0.9989
vn 0.9634 -0.0705 0.2584
vn 0.9760 0.1417 0.1653
vn 0.5891 0.2906 -0.7540
vn 0.9961 0.0784 0.0392
vn 0.9147 -0.0394 0.4021
vn 0.7297 0.0392 0.6826
vn 0.5890 0.2906 -0.7540
vn -0.3684 0.2822 -0.8858
vn -0.9339 0.3532 0.0550
vn 0.9674 -0.1494 0.2045
vn -0.0079 -0.1414 0.9899
vn 0.7242 -0.2204 -0.6534
vn 0.9634 -0.0705 0.2585
vn 0.6824 0.0471 -0.7295
vn -0.9685 0.1417 -0.2047
vn -0.3466 -0.2441 -0.9057
vn 0.0706 0.0392 -0.9967
vn 0.7805 -0.1498 -0.6070
vn -0.8949 0.1805 0.4082
vn -0.9611 -0.0157 0.2757
vn -0.9094 0.0157 0.4155
vn -0.9787 0.0626 0.1957
vn -0.9513 0.0314 0.3066
vn -0.9819 0.1257 0.1414
vn -0.9859 -0.0313 0.1643
vn -0.6397 0.1264 -0.7582
vn -0.3860 -0.1259 -0.9139
vn 0.9744 -0.0471 0.2200
vn 0.7232 -0.4559 0.5188
vn 0.8121 -0.0000 0.5835
vn -0.0000 -0.6199 0.7847
vn -0.0000 -0.0001 1.0000
vn -0.7231 -0.4559 0.5188
vn -0.8121 -0.0000 0.5835
vn -0.9155 -0.2999 0.2683
vn -0.9095 0.0157 0.4155
vn -0.7232 0.4559 0.5188
vn -0.0000 0.6199 0.7847
vn 0.7232 0.4559 0.5188
vn 0.9155 0.2999 0.2683
vn -0.9775 -0.0000 0.2111
vn -0.9951 -0.0313 -0.0940
vn -0.9970 0.0550 0.0549
vn 0.0237 0.7563 0.6538
vn -0.9788 -0.2036 -0.0234
vn -0.0707 0.0393 -0.9967
vn -0.0158 0.3303 -0.9437
vn -0.9812 0.1727 -0.0864
vn -0.0706 0.0392 -0.9967
vn 0.3465 -0.2442 -0.9057
vn 0.9685 0.1417 -0.2047
vn 0.9788 -0.2036 -0.0234
vn 0.0078 -0.1415 0.9899
vn -0.9674 -0.1494 0.2045
vn -0.7805 -0.1498 -0.6070
vn -0.9812 0.1727 -0.0863
vn -0.0706 0.0393 -0.9967
vn -0.0157 0.3304 -0.9437
vn 0.9685 0.1417 -0.2048
vn 0.0079 -0.1415 0.9899
vn -0.0236 0.7563 0.6538
vn 0.9685 0.1418 -0.2047
vn -0.9812 0.1726 -0.0863
vn -0.6529 0.7315 0.1967
vn 0.7003 0.6925 0.1731
vn 0.9339 0.3532 0.0550
vn 0.2592 0.1179 0.9586
vn 0.7237 0.4720 0.5035
vn 0.1654 -0.0473 -0.9851
vn 0.7689 -0.0706 -0.6355
vn -0.2754 -0.1338 -0.9520
vn -0.8231 -0.1960 -0.5331
vn -0.9945 -0.0940 -0.0469
vn -0.5960 -0.1726 0.7842
vn -0.7249 -0.4019 0.5594
vn -0.9945 -0.0940 -0.0470
vn -0.8231 -0.1959 -0.5331
vn -0.7249 -0.4018 0.5595
vn -0.8185 -0.0944 0.5667
vn 0.3369 -0.2977 0.8932
vn -0.8425 0.1417 -0.5197
vn 0.1492 -0.2121 -0.9658
vn -0.0706 -0.0000 0.9975
vn -0.9147 -0.0394 0.4022
vn 0.2593 0.1179 0.9586
vn -0.7297 0.0393 0.6827
vn 0.9790 -0.0000 0.2037
vn 0.9340 0.3531 0.0550
vn 0.9791 0.0001 0.2036
vn 0.2668 0.3375 -0.9027
vn 0.9841 -0.1733 -0.0394
vn 0.1655 -0.0473 -0.9851
vn -0.8869 -0.0785 -0.4552
vn -0.9586 -0.2200 0.1807
vn -0.9744 -0.0472 0.2200
vn 0.3305 -0.1180 -0.9364
vn -0.8231 -0.1960 -0.5330
vn 0.1254 -0.1567 -0.9797
vn 0.1492 -0.2120 -0.9658
vn 0.9841 -0.1732 -0.0393
vn -0.9147 -0.0395 0.4021
vn 0.3684 0.2822 -0.8858
vn 0.2668 0.3376 -0.9027
vn -0.5890 0.2906 -0.7540
vn -0.8425 0.1418 -0.5197
vn -0.7297 0.0392 0.6826
vn -0.9147 -0.0394 0.4021
vn -0.9961 0.0784 0.0392
vn -0.5891 0.2906 -0.7540
vn 0.0079 -0.1414 0.9899
vn -0.9639 -0.0627 0.2586
vn -0.7804 -0.1498 -0.6070
vn -0.0707 0.0392 -0.9967
vn 0.9775 -0.0001 0.2111
vn 0.9611 -0.0157 0.2757
vn 0.9951 -0.0313 -0.0940
vn 0.9787 0.0626 0.1957
vn 0.9970 0.0550 0.0549
vn -0.9749 0.1494 0.1651
vn -0.6863 0.0473 -0.7257
vn -0.7242 -0.2204 -0.6534
vn 0.9154 -0.2999 0.2683
vn 0.9095 0.0157 0.4155
vn -0.9744 -0.0471 0.2200
vn -0.9155 0.2999 0.2683
vn 0.7231 0.4560 0.5188
vn 0.8949 0.1806 0.4081
vn 0.8949 0.1805 0.4082
vn 0.9094 0.0157 0.4155
vn 0.9513 0.0314 0.3066
vn -0.6863 0.0474 -0.7257
vn 0.3860 -0.1260 -0.9138
vn 0.6397 0.1264 -0.7582
vn 0.9859 -0.0313 0.1643
vn 0.9819 0.1257 0.1414
vn -0.0000 0.0550 0.9985
vn 0.9788 -0.2036 -0.0235
vn -0.9674 -0.1494 0.2044
vn -0.9302 0.3547 0.0946
vn -0.7389 -0.6682 0.0865
vn -0.4477 0.6283 0.6362
vn -0.3866 -0.3709 0.8444
vn 0.6448 0.5820 0.4955
vn 0.6559 -0.2529 0.7112
vn 0.8698 -0.4623 -0.1724
vn 0.9458 -0.3232 0.0315
vn 0.7004 0.6925 0.1731
vn 0.9471 -0.3132 0.0705
vn -0.0158 0.3303 -0.9438
vn -0.8962 -0.4403 -0.0550
vn 0.8698 -0.4623 -0.1723
vn -0.0395 -0.6946 -0.7183
vn -0.9783 -0.2035 0.0392
vn -0.6529 0.7315 0.1966
vn 0.8698 -0.4624 -0.1724
vn -0.9783 -0.2034 0.0392
vn 0.9471 -0.3131 0.0704
vn -0.7390 -0.6682 0.0865
vn -0.3867 -0.3709 0.8443
vn 0.9964 0.0471 -0.0707
vn -0.9985 -0.0078 -0.0551
vn -0.7250 -0.4019 0.5594
vn 0.6520 -0.1728 0.7383
vn 0.6703 -0.1892 -0.7176
vn -0.2753 -0.1338 -0.9520
vn 0.9841 -0.1732 -0.0394
vn 0.9945 -0.0940 -0.0469
vn 0.7250 -0.4019 0.5594
vn -0.5588 -0.0708 -0.8263
vn -0.6703 -0.1892 -0.7176
vn -0.9505 -0.2906 -0.1100
vn 0.2754 -0.1338 -0.9520
vn -0.3305 -0.1181 -0.9364
vn -0.1254 -0.1567 -0.9797
vn -0.9841 -0.1732 -0.0393
vn 0.7389 -0.6682 0.0864
vn 0.9302 0.3547 0.0946
vn 0.3867 -0.3709 0.8443
vn 0.4477 0.6284 0.6362
vn -0.6559 -0.2529 0.7112
vn -0.9458 -0.3232 0.0316
vn -0.9471 -0.3131 0.0705
vn -0.6448 0.5820 0.4955
vn 0.6528 0.7315 0.1966
vn 0.0394 -0.6946 -0.7183
vn 0.0157 0.3303 -0.9438
vn -0.8698 -0.4623 -0.1723
vn 0.8962 -0.4403 -0.0551
vn 0.7390 -0.6682 0.0864
vn 0.3866 -0.3709 0.8444
vn 0.9783 -0.2035 0.0392
vt 0.444397 0.921631
vt 0.424927 0.886810
vt 0.421021 0.910034
vt 0.477478 0.911957
vt 0.479431 0.886810
vt 0.496979 0.915833
vt 0.475525 0.929352
vt 0.496979 0.935150
vt 0.475525 0.964142
vt 0.496979 0.966095
vt 0.452179 0.940948
vt 0.452637 0.962494
vt 0.452637 0.989990
vt 0.438538 0.888763
vt 0.424927 0.821075
vt 0.436615 0.821075
vt 0.427704 0.779297
vt 0.427460 0.958679
vt 0.452118 0.962494
vt 0.427460 0.989990
vt 0.452118 0.989990
vt 0.479431 0.821075
vt 0.473602 0.792084
vt 0.487213 0.794006
vt 0.498047 0.779297
vt 0.498047 0.794922
vt 0.498047 0.822266
vt 0.498047 0.833954
vt 0.400391 0.779297
vt 0.412079 0.779297
vt 0.400421 0.782166
vt 0.498047 0.806641
vt 0.401550 0.821075
vt 0.401550 0.879089
vt 0.385986 0.871368
vt 0.384766 0.791016
vt 0.400391 0.791016
vt 0.392548 0.818329
vt 0.385986 0.836548
vt 0.400391 0.783173
vt 0.408142 0.786011
vt 0.496979 0.892609
vt 0.425049 0.821259
vt 0.415863 0.789856
vt 0.413239 0.821075
vt 0.384766 0.818329
vt 0.384766 0.779297
vt 0.466797 0.779297
vt 0.482422 0.779297
vt 0.447266 0.779297
vt 0.744141 0.923798
vt 0.744141 0.978516
vt 0.693329 0.978516
vt 0.693329 0.989990
vt 0.662079 0.916016
vt 0.611298 0.916016
vt 0.689423 0.927704
vt 0.611298 0.935547
vt 0.689423 0.962891
vt 0.611298 0.970673
vt 0.689423 0.982422
vt 0.611298 0.989990
vt 0.666016 0.989990
vt 0.189423 0.111298
vt 0.154297 0.134766
vt 0.189423 0.134766
vt 0.385986 0.894562
vt 0.385986 0.910034
vt 0.408752 0.946686
vt 0.405457 0.921631
vt 0.385986 0.944824
vt 0.405457 0.913879
vt 0.401550 0.906158
vt 0.428802 0.933228
vt 0.154297 0.111298
vt 0.189423 0.173798
vt 0.154297 0.173798
vt 0.189423 0.259766
vt 0.154297 0.259766
vt 0.689423 0.701172
vt 0.748047 0.787079
vt 0.748047 0.701172
vt 0.496979 0.989990
vt 0.473602 0.989990
vt 0.384949 0.989990
vt 0.408142 0.989990
vt 0.748047 0.849579
vt 0.689423 0.830048
vt 0.505829 0.873047
vt 0.518860 0.775391
vt 0.533173 0.775391
vt 0.518860 0.701172
vt 0.533173 0.701172
vt 0.634766 0.912079
vt 0.564423 0.873047
vt 0.564423 0.912079
vt 0.533173 0.873047
vt 0.529297 0.912079
vt 0.309967 0.099060
vt 0.258667 0.127441
vt 0.309967 0.149994
vt 0.258911 0.157837
vt 0.309967 0.193085
vt 0.634766 0.701172
vt 0.634766 0.779297
vt 0.568329 0.701172
vt 0.576172 0.779297
vt 0.247711 0.079468
vt 0.247711 0.055939
vt 0.219635 0.096375
vt 0.233124 0.055939
vt 0.185577 0.106537
vt 0.185699 0.055939
vt 0.152863 0.095123
vt 0.138275 0.055939
vt 0.115875 0.079468
vt 0.115875 0.055939
vt 0.115875 0.009979
vt 0.149200 0.009979
vt 0.185699 0.009979
vt 0.218536 0.009979
vt 0.247711 0.009979
vt 0.215118 0.099060
vt 0.189423 0.138672
vt 0.220673 0.216797
vt 0.748047 0.912079
vt 0.689423 0.912079
vt 0.634766 0.873047
vt 0.572266 0.982422
vt 0.552704 0.989990
vt 0.544922 0.970673
vt 0.505829 0.970673
vt 0.544922 0.935547
vt 0.505829 0.935547
vt 0.552704 0.916016
vt 0.693329 0.923798
vt 0.969910 0.211334
vt 0.939423 0.185547
vt 0.989990 0.185547
vt 0.939423 0.181641
vt 0.989990 0.181641
vt 0.939423 0.162079
vt 0.989990 0.162079
vt 0.939423 0.142548
vt 0.989990 0.142548
vt 0.413239 0.882965
s 1
usemtl npc00_00
f 1/1/1 2/2/2 3/3/3
f 4/4/4 5/5/5 6/1/6
f 7/6/7 8/7/8 9/8/9
f 9/8/9 8/7/8 10/9/10
f 9/8/9 10/9/10 11/10/11
f 12/7/12 13/11/13 14/9/14
f 14/9/14 13/11/13 15/12/15
f 14/9/14 15/12/15 16/13/16
f 17/2/2 18/14/17 19/15/18
f 19/15/18 18/14/17 20/16/19
f 19/15/18 20/16/19 21/17/20
f 22/6/7 23/4/21 24/7/8
f 24/7/8 23/4/21 25/1/22
f 24/7/8 25/1/22 26/11/13
f 26/11/13 25/1/22 27/18/23
f 26/11/13 27/18/23 28/19/24
f 28/19/24 27/18/23 29/20/25
f 28/19/24 29/20/25 30/21/26
f 31/2/2 32/1/1 33/14/17
f 33/14/17 32/1/1 34/5/27
f 33/14/17 34/5/27 35/16/28
f 35/16/28 34/5/27 36/22/29
f 35/16/28 36/22/29 37/23/30
f 37/23/30 36/22/29 38/24/31
f 37/23/30 38/24/31 39/25/32
f 39/25/32 38/24/31 40/26/33
f 39/25/32 40/26/33 41/24/34
f 41/24/34 40/26/33 42/27/35
f 41/24/34 42/27/35 43/28/36
f 44/29/37 45/30/38 46/31/39
f 47/26/33 48/32/40 49/27/41
f 50/33/42 51/34/43 52/35/44
f 53/36/45 54/37/46 55/38/47
f 55/38/47 54/37/46 56/33/48
f 55/38/47 56/33/48 57/39/36
f 57/39/36 56/33/48 52/35/49
f 58/32/50 59/26/33 60/24/31
f 61/38/51 62/39/52 63/33/53
f 63/33/53 62/39/52 64/35/54
f 63/33/53 64/35/54 65/34/55
f 66/36/45 67/37/56 68/40/57
f 68/40/57 67/37/56 69/41/58
f 70/17/59 71/17/60 72/30/61
f 72/30/61 71/17/60 73/29/62
f 74/5/63 75/42/64 76/22/65
f 76/22/65 75/42/64 77/28/66
f 76/22/65 77/28/66 78/24/67
f 78/24/67 77/28/66 79/27/68
f 78/24/67 79/27/68 80/32/50
f 81/43/69 82/44/70 83/45/71
f 83/45/71 82/44/70 84/41/58
f 83/45/71 84/41/58 85/33/53
f 85/33/53 84/41/58 86/37/72
f 85/33/53 86/37/72 87/38/73
f 87/38/73 86/37/72 88/36/74
f 87/38/73 88/36/74 89/46/75
f 89/46/75 88/36/74 90/38/76
f 91/43/18 92/17/59 93/44/70
f 93/44/70 92/17/59 94/30/61
f 93/44/70 94/30/61 95/41/58
f 95/41/58 94/30/61 96/29/37
f 95/41/58 96/29/37 97/40/77
f 97/40/77 96/29/37 98/47/78
f 97/40/77 98/47/78 99/36/79
f 99/36/79 98/47/78 100/40/80
f 99/36/79 100/40/80 101/37/81
f 101/37/81 100/40/80 102/41/82
f 101/37/81 102/41/82 103/33/42
f 103/33/42 102/41/82 104/45/83
f 103/33/42 104/45/83 105/34/84
f 106/24/85 107/28/86 108/22/87
f 108/22/87 107/28/86 109/42/88
f 108/22/87 109/42/88 110/5/89
f 111/25/32 112/23/90 113/48/91
f 113/48/91 112/23/90 114/16/92
f 115/25/93 116/24/85 117/23/90
f 117/23/90 116/24/85 118/22/87
f 117/23/90 118/22/87 119/16/92
f 119/16/92 118/22/87 110/5/89
f 119/16/92 110/5/89 120/14/94
f 120/14/94 110/5/89 121/1/95
f 120/14/94 121/1/95 122/2/96
f 122/2/96 121/1/95 123/3/97
f 124/31/98 125/17/99 126/29/100
f 126/29/100 125/17/99 127/30/101
f 126/29/100 127/30/101 128/31/102
f 129/29/103 130/40/80 131/47/78
f 132/17/99 133/17/104 134/30/101
f 135/41/82 136/44/105 137/45/106
f 137/45/106 136/44/105 138/15/107
f 139/40/108 140/29/102 141/41/82
f 141/41/82 140/29/102 142/30/101
f 141/41/82 142/30/101 143/44/105
f 143/44/105 142/30/101 144/17/109
f 143/44/105 144/17/109 145/43/107
f 146/14/94 147/15/107 148/16/92
f 148/16/92 147/15/107 149/17/104
f 150/25/110 151/25/111 152/49/112
f 153/29/113 154/31/114 155/47/115
f 155/47/115 154/31/114 156/47/116
f 155/47/115 156/47/116 157/31/117
f 157/31/117 156/47/116 158/29/39
f 159/25/111 160/25/110 161/49/118
f 162/25/110 163/48/119 161/49/120
f 161/49/120 163/48/119 164/50/121
f 161/49/120 164/50/121 165/50/122
f 165/50/122 164/50/121 166/17/123
f 165/50/122 166/17/123 167/17/124
f 167/17/124 166/17/123 168/31/113
f 169/29/125 170/31/126 171/17/127
f 171/17/127 170/31/126 172/17/60
f 171/17/127 172/17/60 173/50/128
f 173/50/128 172/17/60 174/50/129
f 173/50/128 174/50/129 152/49/130
f 152/49/130 174/50/129 175/48/131
f 152/49/130 175/48/131 176/25/110
f 177/48/132 178/23/133 179/25/32
f 180/45/134 181/33/53 182/34/55
f 183/45/134 184/2/135 185/43/18
f 186/23/133 187/48/136 188/16/19
f 188/16/19 187/48/136 189/50/137
f 188/16/19 189/50/137 190/17/138
f 191/50/139 192/16/92 193/17/104
f 194/31/114 195/29/102 196/47/140
f 196/47/140 195/29/102 197/47/78
f 196/47/140 197/47/78 198/29/141
f 199/29/142 196/47/143 200/31/37
f 201/48/119 202/25/110 203/25/144
f 203/25/144 202/25/110 204/48/145
f 192/16/92 191/50/139 205/48/91
f 203/25/144 205/48/91 201/48/119
f 201/48/119 205/48/91 191/50/139
f 201/48/119 191/50/139 206/50/121
f 206/50/121 191/50/139 193/17/104
f 206/50/121 193/17/104 207/17/123
f 208/17/146 209/17/147 210/50/148
f 210/50/148 209/17/147 211/50/137
f 210/50/148 211/50/137 204/48/145
f 204/48/145 211/50/137 212/48/132
f 204/48/145 212/48/132 203/25/144
f 203/25/144 212/48/132 213/25/32
f 203/25/144 213/25/32 205/48/91
f 214/51/149 215/52/150 216/53/151
f 217/52/152 218/54/153 219/53/154
f 219/53/154 218/54/153 220/52/155
f 219/53/154 220/52/155 221/51/156
f 222/55/157 223/56/158 224/57/159
f 224/57/159 223/56/158 225/58/160
f 224/57/159 225/58/160 226/59/161
f 226/59/161 225/58/160 227/60/162
f 226/59/161 227/60/162 228/61/163
f 228/61/163 227/60/162 229/62/164
f 228/61/163 229/62/164 230/63/156
f 231/64/165 232/65/166 233/66/167
f 234/67/168 235/68/169 236/34/170
f 237/20/171 238/18/172 239/69/173
f 240/70/174 241/68/169 242/71/175
f 243/70/174 244/72/176 245/68/9
f 245/68/9 244/72/176 246/73/177
f 245/68/9 246/73/177 247/34/170
f 248/71/175 249/69/178 250/70/179
f 250/70/179 249/69/178 251/18/180
f 250/70/179 251/18/180 252/74/181
f 252/74/181 251/18/180 253/1/22
f 252/74/181 253/1/22 254/3/3
f 255/65/166 256/64/182 257/75/182
f 257/75/182 256/64/182 258/76/183
f 257/75/182 258/76/183 259/77/183
f 259/77/183 258/76/183 260/78/184
f 259/77/183 260/78/184 261/79/184
f 262/80/185 263/81/186 264/82/187
f 265/83/188 266/10/11 267/84/189
f 267/84/189 266/10/11 268/9/190
f 267/84/189 268/9/190 269/13/191
f 270/71/11 271/85/192 272/69/173
f 272/69/173 271/85/192 273/86/193
f 272/69/173 273/86/193 274/20/194
f 275/87/195 263/81/186 276/88/196
f 277/89/195 278/90/197 279/91/198
f 279/91/198 278/90/197 280/92/199
f 279/91/198 280/92/199 281/93/187
f 282/94/200 283/95/201 284/96/202
f 284/96/202 283/95/201 285/97/203
f 284/96/202 285/97/203 286/98/163
f 287/99/204 288/100/205 289/101/206
f 289/101/206 288/100/205 290/102/207
f 289/101/206 290/102/207 291/103/208
f 262/80/185 292/104/209 293/105/210
f 293/105/210 292/104/209 294/106/211
f 293/105/210 294/106/211 295/107/212
f 295/107/212 294/106/211 296/93/199
f 295/107/212 296/93/199 297/91/197
f 298/108/167 299/109/213 300/110/214
f 300/110/214 299/109/213 301/111/215
f 300/110/214 301/111/215 302/112/216
f 302/112/216 301/111/215 303/113/217
f 302/112/216 303/113/217 304/114/218
f 304/114/218 303/113/217 305/115/219
f 304/114/218 305/115/219 306/116/220
f 306/116/220 305/115/219 307/117/221
f 308/118/204 307/117/221 309/119/222
f 309/119/222 307/117/221 305/115/219
f 309/119/222 305/115/219 310/120/223
f 310/120/223 305/115/219 303/113/217
f 310/120/223 303/113/217 311/121/224
f 311/121/224 303/113/217 301/111/215
f 311/121/224 301/111/215 312/122/225
f 312/122/225 301/111/215 299/109/213
f 287/99/204 313/123/226 288/100/205
f 288/100/205 313/123/226 314/124/227
f 288/100/205 314/124/227 290/102/207
f 290/102/207 314/124/227 315/125/228
f 290/102/207 315/125/228 291/103/208
f 316/126/155 275/87/195 317/127/229
f 317/127/229 275/87/195 276/88/196
f 317/127/229 276/88/196 282/94/200
f 282/94/200 276/88/196 318/128/230
f 282/94/200 318/128/230 283/95/201
f 263/81/186 262/80/185 276/88/196
f 276/88/196 262/80/185 293/105/210
f 276/88/196 293/105/210 318/128/230
f 318/128/230 293/105/210 295/107/212
f 318/128/230 295/107/212 283/95/201
f 283/95/201 295/107/212 297/91/197
f 283/95/201 297/91/197 285/97/203
f 285/97/203 297/91/197 277/89/195
f 285/97/203 277/89/195 286/98/163
f 319/54/231 320/53/232 321/52/233
f 322/96/234 323/95/235 324/94/236
f 324/94/236 323/95/235 325/128/237
f 324/94/236 325/128/237 326/88/238
f 327/89/239 328/97/240 329/98/241
f 329/98/241 328/97/240 330/96/242
f 331/53/243 332/54/234 333/52/244
f 334/87/239 335/126/233 336/88/245
f 336/88/245 335/126/233 337/127/246
f 336/88/245 337/127/246 338/94/247
f 339/61/248 340/60/249 341/59/246
f 341/59/246 340/60/249 342/58/250
f 341/59/246 342/58/250 343/57/236
f 344/20/251 345/19/252 346/21/253
f 347/76/254 348/79/255 349/78/255
f 350/34/256 351/68/257 352/67/258
f 353/1/95 354/5/259 355/4/260
f 356/6/261 357/8/262 358/4/263
f 358/4/263 357/8/262 359/7/264
f 358/4/263 359/7/264 360/1/265
f 361/71/266 362/68/257 363/70/267
f 364/11/268 365/9/269 366/12/270
f 366/12/270 365/9/269 367/13/271
f 368/11/268 369/19/270 370/18/272
f 369/19/270 371/20/273 372/18/274
f 372/18/274 371/20/273 373/69/275
f 372/18/274 373/69/275 374/70/267
f 375/74/276 376/3/97 377/1/95
f 378/79/255 379/76/277 380/77/277
f 380/77/277 379/76/277 381/64/278
f 380/77/277 381/64/278 382/75/278
f 382/75/278 381/64/278 383/66/279
f 382/75/278 383/66/279 384/65/280
f 385/34/84 386/73/281 387/68/282
f 387/68/282 386/73/281 388/72/283
f 387/68/282 388/72/283 374/70/284
f 374/70/284 388/72/283 389/74/285
f 374/70/284 389/74/285 370/18/272
f 370/18/272 389/74/285 360/1/265
f 370/18/272 360/1/265 368/11/268
f 368/11/268 360/1/265 359/7/264
f 368/11/268 359/7/264 390/9/286
f 390/9/286 359/7/264 391/8/282
f 390/9/286 391/8/282 392/10/266
f 393/86/287 394/69/288 395/20/251
f 393/86/287 396/85/289 394/69/288
f 394/69/288 396/85/289 397/71/290
f 394/69/288 397/71/290 398/70/267
f 399/13/291 400/9/292 401/84/293
f 401/84/293 400/9/292 402/10/266
f 401/84/293 402/10/266 403/83/294
f 404/87/239 405/88/295 406/81/296
f 407/97/297 408/95/235 409/96/298
f 410/123/299 411/100/300 412/124/301
f 412/124/301 411/100/300 413/102/302
f 412/124/301 413/102/302 414/125/303
f 415/93/304 416/92/305 417/91/296
f 417/91/296 416/92/305 418/90/306
f 417/91/296 418/90/306 419/89/239
f 420/116/307 421/117/308 422/114/214
f 422/114/214 421/117/308 423/115/215
f 422/114/214 423/115/215 424/112/216
f 424/112/216 423/115/215 425/113/217
f 424/112/216 425/113/217 426/110/218
f 426/110/218 425/113/217 427/111/219
f 426/110/218 427/111/219 428/108/279
f 428/108/279 427/111/219 429/109/309
f 430/122/310 429/109/309 431/121/222
f 431/121/222 429/109/309 427/111/219
f 431/121/222 427/111/219 432/120/223
f 432/120/223 427/111/219 425/113/217
f 432/120/223 425/113/217 433/119/311
f 433/119/311 425/113/217 423/115/215
f 433/119/311 423/115/215 434/118/312
f 434/118/312 423/115/215 421/117/308
f 410/123/299 435/99/313 411/100/300
f 411/100/300 435/99/313 436/101/314
f 411/100/300 436/101/314 413/102/302
f 413/102/302 436/101/314 437/103/315
f 413/102/302 437/103/315 414/125/303
f 438/91/306 439/93/316 440/107/317
f 440/107/317 439/93/316 441/106/318
f 440/107/317 441/106/318 442/105/319
f 442/105/319 441/106/318 443/104/320
f 442/105/319 443/104/320 444/80/321
f 445/82/304 406/81/296 444/80/321
f 444/80/321 406/81/296 405/88/295
f 444/80/321 405/88/295 442/105/319
f 442/105/319 405/88/295 446/128/322
f 442/105/319 446/128/322 440/107/317
f 440/107/317 446/128/322 408/95/235
f 440/107/317 408/95/235 438/91/306
f 438/91/306 408/95/235 407/97/297
f 438/91/306 407/97/297 419/89/323
f 447/129/324 448/130/325 449/131/326
f 449/131/326 448/130/325 450/132/327
f 449/131/326 450/132/327 451/133/328
f 451/133/328 450/132/327 452/134/329
f 453/55/330 454/57/236 455/56/331
f 455/56/331 454/57/236 456/58/332
f 455/56/331 456/58/332 457/135/333
f 458/53/334 459/51/335 460/52/233
f 461/52/244 462/51/336 458/53/334
f 458/53/334 462/51/336 463/136/337
f 458/53/334 463/136/337 459/51/335
f 464/63/335 465/62/338 466/61/241
f 466/61/241 465/62/338 467/60/339
f 468/137/337 469/138/340 470/139/335
f 470/139/335 469/138/340 471/140/331
f 470/139/335 471/140/331 472/141/341
f 472/141/341 471/140/331 473/142/342
f 472/141/341 473/142/342 474/143/343
f 474/143/343 473/142/342 475/144/329
f 474/143/343 475/144/329 476/145/344
f 452/134/329 457/135/333 451/133/328
f 451/133/328 457/135/333 456/58/332
f 451/133/328 456/58/332 449/131/326
f 449/131/326 456/58/332 467/60/339
f 449/131/326 467/60/339 447/129/324
f 447/129/324 467/60/339 465/62/338
f 447/129/324 465/62/338 448/130/325
f 477/2/96 478/45/106 479/15/345
f 480/42/346 481/6/261 482/5/259
f 482/5/259 481/6/261 483/4/347
f 484/14/348 477/2/96 479/15/345
f 478/45/106 485/146/349 486/34/256
f 486/34/256 485/146/349 487/73/281
f 488/67/258 489/35/44 486/34/350
f 478/45/106 477/2/96 485/146/349
f 485/146/349 477/2/96 490/3/97
f 485/146/349 490/3/97 487/73/281
f 487/73/281 490/3/97 491/74/351
f 487/73/281 491/74/351 492/72/283
f 493/34/55 494/35/64 495/67/352
f 496/42/64 497/5/27 498/6/7
f 498/6/7 497/5/27 499/4/353
f 500/45/354 501/146/355 502/2/356
f 502/2/356 501/146/355 503/3/3
f 500/45/354 493/34/357 501/146/355
f 501/146/355 493/34/357 504/73/358
f 501/146/355 504/73/358 503/3/3
f 503/3/3 504/73/358 505/72/359
f 503/3/3 505/72/359 506/74/360
f 506/74/360 505/72/359 507/70/174
f 508/130/361 509/129/362 510/132/363
f 510/132/363 509/129/362 511/131/364
f 510/132/363 511/131/364 512/134/365
f 513/56/366 514/135/367 515/58/160
f 515/58/160 514/135/367 516/133/368
f 515/58/160 516/133/368 517/60/369
f 518/51/156 519/136/370 520/53/371
f 520/53/371 519/136/370 521/51/372
f 522/137/370 523/139/373 524/138/149
f 524/138/149 523/139/373 525/141/164
f 524/138/149 525/141/164 526/140/158
f 526/140/158 525/141/164 527/143/374
f 526/140/158 527/143/374 528/142/367
f 528/142/367 527/143/374 529/145/375
f 528/142/367 529/145/375 530/144/365
f 514/135/367 512/134/365 516/133/368
f 516/133/368 512/134/365 511/131/364
f 516/133/368 511/131/364 517/60/369
f 517/60/369 511/131/364 509/129/362
f 517/60/369 509/129/362 531/62/376
f 531/62/376 509/129/362 508/130/361
o npc_00-0001-6
v 0.000000 36.960300 7.476560
v -5.090997 39.437172 1.353784
v -14.005763 42.954906 2.811588
v 0.000000 27.615019 16.056328
v -14.052697 35.196617 6.501013
v -9.952844 19.859938 11.731772
v -19.474997 22.988955 2.595677
v -14.776039 17.071451 5.731925
v -14.005763 42.954906 2.811588
v -14.052697 35.196617 6.501013
v 0.000000 36.960300 7.476560
v 0.000000 27.615019 16.056328
v 14.052697 35.196617 6.501013
v 9.952844 19.859938 11.731772
v 19.474997 22.988955 2.595677
v 14.776039 17.071451 5.731925
v 15.877615 14.279752 -0.267922
v 14.552410 7.131844 -0.230098
v 9.828606 12.821256 -6.549874
v 8.531009 6.119894 -6.482104
v 0.000000 14.491778 -14.001220
v 0.000000 5.763300 -9.753889
v -8.531009 6.119894 -6.482104
v -9.143916 0.038551 -6.188968
v -14.502715 0.038551 -1.479868
v 24.814468 25.469036 -5.281191
v 19.474997 22.988955 2.595677
v 19.474997 22.988955 -5.851705
v 19.080194 44.946682 -6.047130
v 19.508125 31.678881 -12.872804
v 15.441402 33.310852 -13.988614
v 0.000000 36.960300 7.476560
v 14.052697 35.196617 6.501013
v 14.005763 42.954906 2.811588
v 19.287258 42.434475 -5.549113
v 11.330505 42.864956 -6.053434
v 18.966999 41.204071 2.535787
v 14.005763 42.954906 2.811588
v 14.052697 35.196617 6.501013
v 19.474997 22.988955 2.595677
v 24.814468 25.469036 -5.281191
v 24.814468 25.469036 1.703658
v 33.406216 26.021593 -5.954145
v 33.406216 26.021593 2.819469
v 22.481556 33.092400 -7.952518
v 33.406216 26.021593 -5.954145
v 32.691158 35.366882 -11.946113
v 24.814468 25.469036 -5.281191
v 21.669867 32.790421 -8.770465
v 14.751191 32.462742 -12.250282
v 19.474997 22.988955 2.595677
v 24.814468 25.469036 1.703658
v 14.052697 35.196617 6.501013
v 21.413109 33.815224 5.169291
v 18.966999 41.204071 2.535787
v 23.108267 42.938843 2.144938
v 19.287258 42.434475 -5.549113
v 23.075136 42.816769 -4.890343
v 21.669867 32.790421 -8.770465
v 21.669867 32.790421 -8.770465
v 14.751191 32.462742 -12.250282
v 19.287258 42.434475 -5.549113
v 19.080194 44.946682 -6.047130
v 14.626953 37.551411 -10.630150
v 16.029463 45.438202 -6.026642
v 10.979878 42.970970 -6.110170
v 16.040504 45.428562 2.608284
v 13.599919 42.990246 2.876204
v 14.027850 35.511444 10.043870
v 10.493969 20.682348 -12.204576
v 12.779948 24.755854 -12.130505
v 19.474997 22.988955 -5.851705
v 14.751191 32.462742 -12.250282
v 19.474997 22.988955 2.595677
v 15.877615 14.279752 -0.267922
v 19.474997 22.988955 -5.851705
v 9.828606 12.821256 -6.549874
v 10.493969 20.682348 -12.204576
v 0.000000 14.491778 -14.001220
v 0.000000 23.679649 -15.875090
v 11.330505 42.864956 -6.053434
v 19.287258 42.434475 -5.549113
v 14.626953 37.551411 -10.630150
v 14.626953 37.551411 -10.630150
v 19.080194 44.946682 -6.047130
v 15.441402 33.310852 -13.988614
v 19.287258 42.434475 -5.549113
v 14.751191 32.462742 -12.250282
v 14.626953 37.551411 -10.630150
v 0.000000 5.763300 -9.753889
v 0.000000 0.038550 -9.489120
v -9.143916 0.038551 -6.188968
v 14.552410 7.131844 -0.230098
v 10.535382 0.038552 8.633350
v 15.344772 0.038551 4.414387
v 14.552410 7.131844 -0.230098
v 14.776039 17.071451 5.731925
v 9.823084 14.237989 10.448905
v -19.474997 22.988955 -5.851705
v -14.751191 32.462742 -12.250282
v -12.779948 24.755854 -12.130505
v -12.779948 24.755854 -12.130505
v -10.493969 20.682348 -12.204576
v -19.474997 22.988955 -5.851705
v -9.828606 12.821256 -6.549874
v -15.877615 14.279752 -0.267922
v -14.552410 7.131844 -0.230098
v 0.000000 0.038550 -9.489120
v 0.000000 5.763300 -9.753889
v 9.143916 0.038551 -6.188968
v 8.531009 6.119894 -6.482104
v 14.502715 0.038551 -1.479868
v 14.552410 7.131844 -0.230098
v 10.535382 0.038552 8.633350
v 9.693324 9.721155 9.810624
v 0.000000 0.038552 12.269191
v 0.000000 11.070423 12.727807
v -10.535382 0.038552 8.633350
v -9.693324 9.721155 9.810624
v -14.502715 0.038551 -1.479868
v -14.552410 7.131844 -0.230098
v -8.531009 6.119894 -6.482104
v -9.828606 12.821256 -6.549874
v 0.000000 14.491778 -14.001220
v -10.493969 20.682348 -12.204576
v 0.000000 23.679649 -15.875090
v 9.693324 9.721155 9.810624
v 0.000000 11.070423 12.727807
v 0.000000 17.996664 15.771071
v -9.693324 9.721155 9.810624
v -9.823084 14.237989 10.448905
v -14.552410 7.131844 -0.230098
v -14.776039 17.071451 5.731925
v -15.877615 14.279752 -0.267922
v -19.474997 22.988955 2.595677
v -19.474997 22.988955 -5.851705
v -6.830329 43.452850 -1.156790
v -14.005763 42.954906 2.811588
v -5.090997 39.437172 1.353784
v -14.005763 42.954906 2.811588
v -18.966999 41.204071 2.535787
v -14.052697 35.196617 6.501013
v -24.814468 25.469036 1.703658
v -19.474997 22.988955 -5.851705
v -19.474997 22.988955 2.595677
v -16.040504 45.428562 2.608284
v -19.096760 44.933830 2.537363
v -14.027850 35.511444 10.043870
v -19.287258 42.434475 -5.549113
v -14.751191 32.462742 -12.250282
v -21.669867 32.790421 -8.770465
v -14.005763 42.954906 2.811588
v -6.830329 43.452850 -1.156790
v -11.330505 42.864956 -6.053434
v -4.856325 45.251873 -7.533302
v -14.626953 37.551411 -10.630150
v -22.155775 39.318310 -4.455366
v -29.985531 48.608982 -5.558570
v -22.481556 33.092400 -7.952518
v -32.691158 35.366882 -11.946113
v -33.406216 26.021593 2.819469
v -24.814468 25.469036 1.703658
v -21.413109 33.815224 5.169291
v -14.005763 42.954906 2.811588
v -11.330505 42.864956 -6.053434
v -19.287258 42.434475 -5.549113
v -14.626953 37.551411 -10.630150
v -14.751191 32.462742 -12.250282
v -19.474997 22.988955 -5.851705
v -24.814468 25.469036 1.703658
v -24.814468 25.469036 -5.281191
v -33.406216 26.021593 2.819469
v -33.406216 26.021593 -5.954145
v -14.027850 35.511444 10.043870
v -13.599919 42.990246 2.876204
v -16.040504 45.428562 2.608284
v -10.979878 42.970970 -6.110170
v -16.029463 45.438202 -6.026642
v -14.626953 37.551411 -10.630150
v -19.080194 44.946682 -6.047130
v -15.441402 33.310852 -13.988614
v -19.491562 30.994610 8.984797
v -14.027850 35.511444 10.043870
v -17.244232 43.436787 3.730398
v -19.096760 44.933830 2.537363
v -17.349146 43.581352 -5.498682
v -19.080194 44.946682 -6.047130
v -19.508125 31.678881 -12.872804
v -15.441402 33.310852 -13.988614
v -14.751191 32.462742 -12.250282
v -19.474997 22.988955 -5.851705
v -21.669867 32.790421 -8.770465
v -24.814468 25.469036 -5.281191
v -32.691158 35.366882 -11.946113
v -23.748781 26.982145 -5.014847
v -23.748781 26.982145 0.641432
v -32.691158 35.366882 -11.946113
v -29.985531 48.608982 -5.558570
v -21.669867 32.790421 -8.770465
v -23.075136 42.816769 -4.890343
v -19.287258 42.434475 -5.549113
v -23.108267 42.938843 2.144938
v -18.966999 41.204071 2.535787
v -21.413109 33.815224 5.169291
v -14.052697 35.196617 6.501013
v -24.814468 25.469036 1.703658
v -19.474997 22.988955 2.595677
v -18.966999 41.204071 2.535787
v -14.005763 42.954906 2.811588
v -19.287258 42.434475 -5.549113
v 4.246178 48.220264 -6.352876
v 6.104227 45.720905 -1.178854
v 7.236173 46.212425 -1.232438
v 7.236173 46.212425 -1.232438
v 4.856325 45.251873 -7.533302
v 4.246178 48.220264 -6.352876
v 0.000000 45.573128 -9.668788
v 0.000000 48.840282 -8.488360
v -4.856325 45.251873 -7.533302
v -4.246178 48.220264 -6.352876
v -7.236173 46.212425 -1.232438
v -6.104227 45.720905 -1.178854
v 9.952844 19.859938 11.731772
v 9.823084 14.237989 10.448905
v 14.776039 17.071451 5.731925
v 0.000000 19.930616 16.269087
v 0.000000 17.996664 15.771071
v 7.236173 46.212425 -1.232438
v 6.104227 45.720905 -1.178854
v 4.295874 44.477650 0.994456
v 4.295874 44.477650 0.994456
v 0.000000 42.013630 5.523890
v 5.090997 39.437172 1.353784
v 14.626953 37.551411 -10.630150
v 4.856325 45.251873 -7.533302
v 11.330505 42.864956 -6.053434
v 6.830329 43.452850 -1.156790
v 14.005763 42.954906 2.811588
v 5.090997 39.437172 1.353784
v 6.830329 43.452850 -1.156790
v 4.856325 45.251873 -7.533302
v -5.090997 39.437172 1.353784
v 0.000000 38.540874 6.006148
v 0.000000 42.013630 5.523890
v -4.856325 45.251873 -7.533302
v 0.000000 45.573128 -9.668788
v 0.000000 37.959400 -12.716779
v 0.000000 42.322037 3.588558
v -4.295874 44.477650 0.994456
v 14.005763 42.954906 2.811588
v 5.090997 39.437172 1.353784
v 0.000000 36.960300 7.476560
v 0.000000 38.540874 6.006148
v -5.090997 39.437172 1.353784
v 0.000000 27.615019 16.056328
v -9.952844 19.859938 11.731772
v -4.856325 45.251873 -7.533302
v -6.830329 43.452850 -1.156790
v -7.236173 46.212425 -1.232438
v -4.295874 44.477650 0.994456
v -6.104227 45.720905 -1.178854
v -9.823084 14.237989 10.448905
v -14.776039 17.071451 5.731925
v 14.626953 37.551411 -10.630150
v 14.751191 32.462742 -12.250282
v 0.000000 23.679649 -15.875090
v 12.779948 24.755854 -12.130505
v 10.493969 20.682348 -12.204576
v -10.493969 20.682348 -12.204576
v -12.779948 24.755854 -12.130505
v -14.751191 32.462742 -12.250282
v -14.626953 37.551411 -10.630150
v -21.413109 33.815224 5.169291
v -33.792732 35.366882 8.199946
v -33.406216 26.021593 2.819469
v -28.497435 37.557835 10.387439
v -19.491562 30.994610 8.984797
v -17.244232 43.436787 3.730398
v -17.349146 43.581352 -5.498682
v -19.508125 31.678881 -12.872804
v -27.881765 37.535347 -14.385767
v -22.481556 33.092400 -7.952518
v -32.691158 35.366882 -11.946113
v -23.748781 26.982145 -5.014847
v -33.406216 26.021593 -5.954145
v -33.406216 26.021593 2.819469
v -23.748781 26.982145 0.641432
v -22.481556 34.351719 3.517638
v -33.792732 35.366882 8.199946
v -21.413109 33.815224 5.169291
v -23.108267 42.938843 2.144938
v -22.481556 34.351719 3.517638
v -36.528732 35.357243 7.550632
v -23.748781 26.982145 0.641432
v -35.728085 26.969294 3.192982
v -23.748781 26.982145 0.641432
v -35.728085 26.969294 3.192982
v -23.748781 26.982145 -5.014847
v -35.728085 26.969294 -6.177938
v -22.481556 33.092400 -7.952518
v -36.528732 35.357243 -11.191207
v -22.155775 39.318310 -4.455366
v -22.155775 39.318310 1.558665
v -36.528732 35.357243 7.550632
v -22.481556 34.351719 3.517638
v -28.497435 37.557835 10.387439
v -17.244232 43.436787 3.730398
v -22.489838 49.302891 3.727245
v -17.349146 43.581352 -5.498682
v -22.710705 48.005024 -6.880837
v -27.881765 37.535347 -14.385767
v -22.155775 39.318310 1.558665
v -30.068356 49.328590 3.501877
v -22.155775 39.318310 -4.455366
v -29.985531 48.608982 -5.558570
v -22.481556 34.351719 3.517638
v -33.792732 35.366882 8.199946
v -22.155775 39.318310 1.558665
v -30.068356 49.328590 3.501877
v -33.406216 26.021593 2.819469
v -33.792732 35.366882 8.199946
v -22.481556 34.351719 3.517638
v -33.792732 35.366882 8.199946
v -23.108267 42.938843 2.144938
v -23.075136 42.816769 -4.890343
v -29.985531 48.608982 -5.558570
v -35.728085 26.969294 3.192982
v -32.406792 35.337967 -1.818712
v -34.847378 44.580452 3.192981
v -34.847378 44.580452 -6.177939
v -22.155775 39.318310 -4.455366
v -36.528732 35.357243 -11.191207
v -35.728085 26.969294 -6.177938
v -35.728085 26.969294 3.192982
v 33.406216 26.021593 -5.954145
v 22.481556 33.092400 -7.952518
v 23.748781 26.982145 -5.014847
v 17.244232 43.436787 3.730398
v 19.491562 30.994610 8.984797
v 28.497435 37.557835 10.387439
v 27.881765 37.535347 -14.385767
v 19.508125 31.678881 -12.872804
v 17.349146 43.581352 -5.498682
v 22.481556 33.092400 -7.952518
v 32.691158 35.366882 -11.946113
v 22.155775 39.318310 -4.455366
v 22.481556 34.351719 3.517638
v 33.792732 35.366882 8.199946
v 23.748781 26.982145 0.641432
v 33.406216 26.021593 2.819469
v 21.413109 33.815224 5.169291
v 24.814468 25.469036 1.703658
v 33.406216 26.021593 2.819469
v 35.728085 26.969294 -6.177938
v 35.728085 26.969294 3.192982
v 23.748781 26.982145 0.641432
v 23.748781 26.982145 0.641432
v 35.728085 26.969294 3.192982
v 22.481556 34.351719 3.517638
v 23.748781 26.982145 0.641432
v 23.748781 26.982145 -5.014847
v 35.728085 26.969294 -6.177938
v 22.481556 33.092400 -7.952518
v 36.528732 35.357243 -11.191207
v 22.155775 39.318310 -4.455366
v 19.508125 31.678881 -12.872804
v 19.080194 44.946682 -6.047130
v 17.349146 43.581352 -5.498682
v 19.096760 44.933830 2.537363
v 17.244232 43.436787 3.730398
v 14.027850 35.511444 10.043870
v 19.491562 30.994610 8.984797
v 14.027850 35.511444 10.043870
v 19.096760 44.933830 2.537363
v 16.040504 45.428562 2.608284
v 17.349146 43.581352 -5.498682
v 22.710705 48.005024 -6.880837
v 27.881765 37.535347 -14.385767
v 33.406216 26.021593 2.819469
v 33.792732 35.366882 8.199946
v 21.413109 33.815224 5.169291
v 22.489838 49.302891 3.727245
v 17.244232 43.436787 3.730398
v 28.497435 37.557835 10.387439
v 30.068356 49.328590 3.501877
v 22.155775 39.318310 1.558665
v 29.985531 48.608982 -5.558570
v 22.155775 39.318310 -4.455366
v 32.691158 35.366882 -11.946113
v 22.155775 39.318310 1.558665
v 30.068356 49.328590 3.501877
v 22.481556 34.351719 3.517638
v 33.792732 35.366882 8.199946
v 34.847378 44.580452 -6.177939
v 34.847378 44.580452 3.192981
v 32.406792 35.337967 -1.818712
v 36.528732 35.357243 7.550632
v 35.728085 26.969294 3.192982
v 21.413109 33.815224 5.169291
v 23.108267 42.938843 2.144938
v 23.075136 42.816769 -4.890343
v 29.985531 48.608982 -5.558570
v 21.669867 32.790421 -8.770465
v 32.691158 35.366882 -11.946113
v 35.728085 26.969294 3.192982
v 35.728085 26.969294 -6.177938
v 36.528732 35.357243 -11.191207
v 22.155775 39.318310 -4.455366
v 22.155775 39.318310 1.558665
v 22.481556 34.351719 3.517638
v -16.029463 45.438202 -6.026642
v -19.080194 44.946682 -6.047130
v -16.040504 45.428562 2.608284
v -19.096760 44.933830 2.537363
v 16.040504 45.428562 2.608284
v 19.096760 44.933830 2.537363
v 16.029463 45.438202 -6.026642
v 19.080194 44.946682 -6.047130
vn -0.0000 0.7452 0.6669
vn -0.4660 0.4424 0.7662
vn 0.0314 0.8639 0.5026
vn -0.0000 0.3209 0.9471
vn -0.2995 0.2128 0.9301
vn -0.5878 -0.0548 0.8072
vn -0.7460 -0.4083 0.5261
vn -0.8095 -0.2750 0.5187
vn -0.2995 0.2129 0.9301
vn -0.0000 0.7452 0.6668
vn -0.0000 0.3210 0.9471
vn 0.2995 0.2128 0.9300
vn 0.5878 -0.0548 0.8072
vn 0.7460 -0.4083 0.5261
vn 0.8095 -0.2751 0.5187
vn 0.9147 -0.3864 -0.1183
vn 0.9948 -0.0861 -0.0548
vn 0.6373 -0.3540 -0.6845
vn 0.5813 -0.0865 -0.8091
vn 0.0001 -0.3605 -0.9327
vn -0.0000 -0.1645 -0.9864
vn -0.5813 -0.0864 -0.8091
vn -0.4567 -0.0000 -0.8896
vn -0.9085 0.0470 -0.4152
vn 0.1339 -0.7715 -0.6220
vn 0.6266 -0.4935 -0.6032
vn 0.5981 0.4958 -0.6296
vn 0.4495 0.4338 -0.7808
vn 0.1175 0.5327 -0.8381
vn 0.2995 0.2128 0.9301
vn -0.0314 0.8639 0.5026
vn 0.1569 0.8156 -0.5569
vn 0.2278 0.9428 -0.2435
vn 0.0393 0.7221 0.6906
vn 0.2995 0.2129 0.9301
vn 0.1338 -0.7715 -0.6220
vn 0.1808 -0.7071 0.6836
vn 0.9940 -0.1096 -0.0001
vn 0.1889 -0.4486 0.8735
vn 0.1569 -0.3218 -0.9337
vn 0.9940 -0.1095 -0.0001
vn 0.1181 -0.4722 -0.8735
vn 0.0549 0.0471 -0.9974
vn 0.3918 0.0783 -0.9167
vn 0.1808 -0.7072 0.6836
vn -0.0314 -0.0315 0.9990
vn 0.0392 0.7221 0.6907
vn -0.3698 0.7240 0.5823
vn 0.1568 0.8157 -0.5568
vn -0.4141 0.7893 -0.4533
vn 0.0550 0.0472 -0.9974
vn 0.0550 0.0471 -0.9974
vn 0.3918 0.0784 -0.9167
vn 0.5982 0.4958 -0.6296
vn -0.1100 0.5422 -0.8330
vn -0.1261 0.8588 -0.4965
vn -0.5263 0.8170 -0.2357
vn -0.3140 0.8714 0.3768
vn -0.6156 0.6629 0.4262
vn 0.0472 0.5504 0.8335
vn 0.4494 -0.3547 -0.8199
vn 0.4642 -0.1888 -0.8654
vn 0.6266 -0.4934 -0.6032
vn 0.6267 -0.4935 -0.6031
vn 0.6373 -0.3541 -0.6845
vn 0.4494 -0.3548 -0.8199
vn -0.0000 -0.3606 -0.9327
vn 0.0001 -0.0551 -0.9985
vn 0.2279 0.9427 -0.2436
vn 0.2751 0.5187 -0.8095
vn 0.1568 0.8157 -0.5569
vn -0.0001 -0.1644 -0.9864
vn -0.0000 -0.0394 -0.9992
vn -0.4566 -0.0000 -0.8897
vn 0.9948 -0.0862 -0.0549
vn 0.6051 0.0629 0.7937
vn 0.9728 0.1098 0.2039
vn 0.6428 -0.2352 0.7290
vn -0.6267 -0.4935 -0.6031
vn -0.3918 0.0784 -0.9167
vn -0.4642 -0.1888 -0.8654
vn -0.4642 -0.1889 -0.8654
vn -0.4494 -0.3548 -0.8199
vn -0.6266 -0.4935 -0.6032
vn -0.6373 -0.3541 -0.6845
vn -0.9147 -0.3864 -0.1183
vn -0.9891 -0.1334 -0.0628
vn 0.0001 -0.1644 -0.9864
vn 0.4567 -0.0000 -0.8896
vn 0.5813 -0.0864 -0.8091
vn 0.8271 0.0551 -0.5593
vn 0.6050 0.0629 0.7937
vn 0.6311 -0.0631 0.7731
vn -0.0000 -0.0629 0.9980
vn -0.0000 -0.1885 0.9821
vn -0.6663 -0.0392 0.7447
vn -0.6610 -0.1259 0.7397
vn -0.9086 0.0470 -0.4151
vn -0.6373 -0.3540 -0.6845
vn -0.4493 -0.3548 -0.8199
vn -0.0001 -0.0551 -0.9985
vn 0.6428 -0.2352 0.7291
vn -0.0000 -0.1886 0.9821
vn -0.0000 -0.2737 0.9618
vn -0.6428 -0.2351 0.7290
vn -0.9891 -0.1335 -0.0628
vn -0.8095 -0.2751 0.5187
vn -0.6068 0.7330 0.3074
vn -0.4661 0.4424 0.7662
vn -0.0393 0.7221 0.6907
vn -0.1807 -0.7072 0.6836
vn -0.6267 -0.4935 -0.6032
vn -0.7459 -0.4083 0.5262
vn 0.3141 0.8714 0.3768
vn -0.9263 -0.3768 0.0078
vn -0.0472 0.5505 0.8335
vn -0.1568 0.8157 -0.5568
vn -0.0550 0.0472 -0.9974
vn 0.0314 0.8639 0.5027
vn -0.6069 0.7330 0.3074
vn -0.2279 0.9427 -0.2436
vn -0.5888 0.5182 -0.6203
vn -0.2751 0.5187 -0.8095
vn 0.0472 0.8965 -0.4405
vn 0.1412 0.4861 -0.8624
vn -0.1569 -0.3217 -0.9338
vn -0.1181 -0.4721 -0.8736
vn -0.1888 -0.4486 0.8736
vn -0.1807 -0.7071 0.6836
vn 0.0315 -0.0315 0.9990
vn -0.2278 0.9428 -0.2436
vn -0.1569 0.8157 -0.5568
vn -0.1338 -0.7715 -0.6220
vn -0.1888 -0.4486 0.8735
vn -0.9940 -0.1096 -0.0000
vn -0.0472 0.5504 0.8335
vn 0.6156 0.6629 0.4262
vn 0.3140 0.8714 0.3768
vn 0.5263 0.8170 -0.2357
vn 0.1261 0.8588 -0.4965
vn 0.1100 0.5422 -0.8330
vn -0.5982 0.4958 -0.6296
vn -0.1175 0.5327 -0.8381
vn -0.0703 0.3986 0.9144
vn 0.1889 0.1653 0.9680
vn 0.4781 0.2038 -0.8543
vn -0.4496 0.4338 -0.7808
vn -0.1175 0.5326 -0.8381
vn -0.3918 0.0783 -0.9167
vn -0.0549 0.0471 -0.9974
vn -0.1180 -0.4722 -0.8736
vn -0.9940 -0.1095 -0.0000
vn -0.9273 0.2908 -0.2358
vn -0.9776 0.1095 0.1799
vn 0.4142 0.7893 -0.4533
vn -0.1568 0.8157 -0.5569
vn 0.3698 0.7240 0.5823
vn -0.0392 0.7221 0.6907
vn 0.0314 -0.0315 0.9990
vn -0.1569 0.8156 -0.5569
vn 0.6520 0.4242 -0.6284
vn 0.6780 0.5992 0.4257
vn 0.7447 0.5566 0.3684
vn 0.7446 0.5566 0.3685
vn 0.5889 0.5182 -0.6203
vn 0.6520 0.4242 -0.6285
vn -0.0000 0.3768 -0.9263
vn -0.0000 0.2591 -0.9658
vn -0.5889 0.5182 -0.6203
vn -0.6520 0.4242 -0.6284
vn -0.7447 0.5565 0.3684
vn -0.6780 0.5992 0.4258
vn 0.5877 -0.0549 0.8072
vn 0.8095 -0.2750 0.5187
vn -0.0000 -0.1018 0.9948
vn 0.7447 0.5565 0.3684
vn 0.3138 0.5883 0.7452
vn 0.3138 0.5883 0.7453
vn -0.0000 0.5887 0.8084
vn 0.4661 0.4424 0.7662
vn 0.6069 0.7329 0.3073
vn -0.0315 0.8639 0.5026
vn 0.6068 0.7330 0.3074
vn 0.5888 0.5182 -0.6203
vn -0.4661 0.4423 0.7662
vn -0.0000 0.4472 0.8945
vn -0.0000 0.5886 0.8084
vn 0.4661 0.4423 0.7662
vn -0.0000 0.3538 -0.9353
vn -0.0000 0.5565 0.8309
vn -0.3138 0.5884 0.7452
vn -0.0000 0.7453 0.6668
vn -0.0000 0.4473 0.8944
vn -0.5877 -0.0549 0.8072
vn -0.5888 0.5182 -0.6202
vn -0.6068 0.7330 0.3075
vn -0.3138 0.5883 0.7453
vn -0.6780 0.5992 0.4257
vn -0.6428 -0.2352 0.7291
vn 0.3917 0.0784 -0.9167
vn -0.0000 -0.0550 -0.9985
vn 0.4641 -0.1888 -0.8654
vn 0.4493 -0.3547 -0.8199
vn -0.4493 -0.3547 -0.8199
vn -0.4641 -0.1888 -0.8654
vn -0.3917 0.0783 -0.9167
vn 0.0704 0.2896 0.9546
vn 0.3548 0.3075 0.8830
vn -0.4496 0.4339 -0.7808
vn 0.4637 0.3773 -0.8017
vn -0.9273 0.2907 -0.2358
vn -0.9940 -0.1096 0.0001
vn -0.1889 -0.4485 0.8736
vn -0.9776 0.1095 0.1800
vn -0.8170 0.5421 0.1964
vn 0.0705 0.2895 0.9546
vn 0.0314 -0.0314 0.9990
vn 0.3698 0.7239 0.5823
vn -0.4870 0.1728 0.8561
vn -0.8408 -0.4794 0.2515
vn -0.6386 -0.5597 -0.5282
vn -0.1570 -0.3217 -0.9337
vn -0.5282 0.2208 -0.8199
vn 0.0472 0.8966 -0.4404
vn -0.2125 0.6294 0.7474
vn -0.4870 0.1727 0.8562
vn -0.8170 0.5421 0.1963
vn 0.1888 0.1652 0.9680
vn 0.6749 0.6749 0.2983
vn 0.4781 0.2037 -0.8544
vn 0.6224 0.5987 -0.5042
vn -0.2123 0.6294 0.7475
vn 0.4936 0.8696 -0.0078
vn 0.0472 0.8965 -0.4404
vn 0.1411 0.4861 -0.8624
vn -0.8170 0.5421 0.1965
vn 0.0704 0.2895 0.9546
vn -0.2125 0.6295 0.7474
vn 0.4935 0.8697 -0.0078
vn -0.1889 -0.4486 0.8735
vn -0.8171 0.5420 0.1963
vn 0.3699 0.7240 0.5823
vn 0.4936 0.8697 -0.0079
vn -0.9985 0.0550 -0.0000
vn -0.3852 0.8962 0.2201
vn -0.7326 0.6223 -0.2757
vn -0.5282 0.2207 -0.8199
vn -0.6386 -0.5597 -0.5281
vn 0.9940 -0.1095 0.0001
vn 0.1569 -0.3217 -0.9337
vn 0.9273 0.2908 -0.2358
vn -0.1889 0.1653 0.9680
vn 0.0703 0.3986 0.9144
vn -0.3548 0.3075 0.8830
vn -0.4637 0.3773 -0.8017
vn 0.4496 0.4338 -0.7808
vn -0.4781 0.2038 -0.8543
vn 0.1569 -0.3217 -0.9338
vn 0.1181 -0.4722 -0.8736
vn -0.0472 0.8966 -0.4404
vn 0.8171 0.5420 0.1964
vn -0.0704 0.2895 0.9546
vn 0.9776 0.1095 0.1799
vn 0.1889 -0.4485 0.8736
vn -0.0315 -0.0315 0.9990
vn 0.1807 -0.7071 0.6836
vn 0.1888 -0.4486 0.8736
vn 0.6386 -0.5597 -0.5281
vn 0.8408 -0.4794 0.2515
vn 0.8408 -0.4793 0.2515
vn 0.9273 0.2907 -0.2357
vn 0.5283 0.2207 -0.8199
vn 0.4495 0.4338 -0.7809
vn 0.9263 -0.3768 0.0079
vn 0.0472 0.5505 0.8335
vn -0.4780 0.2038 -0.8544
vn -0.6224 0.5987 -0.5042
vn -0.0704 0.2896 0.9546
vn -0.0315 -0.0314 0.9990
vn -0.6749 0.6749 0.2983
vn -0.1888 0.1653 0.9680
vn -0.4936 0.8696 -0.0078
vn 0.2124 0.6295 0.7474
vn -0.1410 0.4860 -0.8625
vn -0.0472 0.8965 -0.4404
vn 0.1180 -0.4721 -0.8736
vn 0.2125 0.6294 0.7474
vn -0.4936 0.8697 -0.0078
vn 0.8170 0.5421 0.1965
vn -0.0705 0.2895 0.9546
vn 0.7326 0.6223 -0.2757
vn 0.3852 0.8962 0.2201
vn 0.9985 0.0550 -0.0000
vn 0.4870 0.1728 0.8561
vn -0.0314 -0.0314 0.9990
vn -0.3699 0.7239 0.5823
vn -0.4935 0.8697 -0.0078
vn -0.4142 0.7893 -0.4533
vn -0.1411 0.4861 -0.8624
vn 0.6386 -0.5597 -0.5282
vn 0.5282 0.2208 -0.8199
vn 0.2125 0.6294 0.7475
vn 0.8171 0.5421 0.1964
vn 0.1261 0.8589 -0.4964
vn 0.3141 0.8714 0.3769
vn -0.9263 -0.3768 0.0079
vn -0.3140 0.8714 0.3769
vn 0.9263 -0.3768 0.0078
vn -0.1261 0.8589 -0.4964
vt 0.159088 0.872131
vt 0.129700 0.825562
vt 0.059906 0.825562
vt 0.159088 0.910858
vt 0.070953 0.872131
vt 0.081970 0.924957
vt 0.037872 0.907349
vt 0.041565 0.933746
vt 0.009979 0.942566
vt 0.009979 0.970734
vt 0.081970 0.942566
vt 0.081970 0.981293
vt 0.159088 0.942566
vt 0.159088 0.981293
vt 0.081970 0.989990
vt 0.009979 0.989990
vt 0.167419 0.939636
vt 0.270721 0.887512
vt 0.167419 0.887512
vt 0.274292 0.887512
vt 0.380798 0.939636
vt 0.380798 0.887512
vt 0.249268 0.883850
vt 0.249268 0.827911
vt 0.331268 0.884033
vt 0.331268 0.828003
vt 0.381134 0.884033
vt 0.270721 0.939636
vt 0.167419 0.989990
vt 0.270721 0.989990
vt 0.274292 0.989990
vt 0.274292 0.939636
vt 0.381134 0.887512
vt 0.381134 0.939636
vt 0.277863 0.887512
vt 0.277863 0.939636
vt 0.249359 0.884033
vt 0.216797 0.853516
vt 0.249359 0.859711
vt 0.249359 0.828003
vt 0.331268 0.859711
vt 0.380798 0.884033
vt 0.081970 0.914368
vt 0.081970 0.900299
vt 0.009979 0.907349
vt 0.081970 0.872131
vt 0.185547 0.884766
vt 0.159088 0.989990
vt 0.041565 0.989990
vt 0.081970 0.960175
vt 0.159088 0.960175
vt 0.159088 0.933746
vt 0.144409 0.886200
vt 0.144409 0.914368
vt 0.081970 0.868591
vt 0.144409 0.825562
vt 0.081970 0.825562
vt 0.381134 0.989990
vt 0.208954 0.861298
vt 0.366882 0.939636
vt 0.366882 0.887512
vt 0.277863 0.989990
vt 0.142578 0.880920
vt 0.113190 0.880920
vt 0.113190 0.870361
vt 0.142578 0.838684
vt 0.157257 0.838684
vt 0.157257 0.880920
vt 0.159088 0.924957
vt 0.127869 0.880920
vt 0.127930 0.880829
vt 0.157074 0.880829
vt 0.127869 0.838684
vt 0.113190 0.838684
vt 0.159088 0.825562
vt 0.142578 0.905579
vt 0.081970 0.850983
vt 0.380798 0.989990
vt 0.195923 0.929199
vt 0.170990 0.929199
vt 0.195923 0.977844
vt 0.170990 0.977844
vt 0.195923 0.890991
vt 0.170990 0.890991
vt 0.195923 0.932678
vt 0.170990 0.932678
vt 0.366882 0.989990
s 1
usemtl npc00_00
f 532/147/377 533/148/378 534/149/379
f 535/150/380 536/151/381 537/152/382
f 537/152/382 536/151/381 538/153/383
f 537/152/382 538/153/383 539/154/384
f 540/149/379 541/151/385 542/147/386
f 542/147/386 541/151/385 543/150/387
f 542/147/386 543/150/387 544/151/388
f 544/151/388 543/150/387 545/152/389
f 544/151/388 545/152/389 546/153/390
f 546/153/390 545/152/389 547/154/391
f 546/153/390 547/154/391 548/155/392
f 548/155/392 547/154/391 549/156/393
f 548/155/392 549/156/393 550/157/394
f 550/157/394 549/156/393 551/158/395
f 550/157/394 551/158/395 552/159/396
f 552/159/396 551/158/395 553/160/397
f 552/159/396 553/160/397 554/158/398
f 554/158/398 553/160/397 555/161/399
f 554/158/398 555/161/399 556/162/400
f 557/163/401 558/164/390 559/165/402
f 560/166/403 561/167/404 562/168/405
f 563/147/386 564/151/406 565/149/407
f 566/169/408 567/170/409 568/171/410
f 568/171/410 567/170/409 569/172/407
f 568/171/410 569/172/407 570/173/411
f 571/164/390 572/163/412 573/174/413
f 573/174/413 572/163/412 574/175/414
f 573/174/413 574/175/414 575/176/415
f 576/166/416 577/175/417 578/177/418
f 578/177/418 577/175/417 579/163/412
f 578/177/418 579/163/412 580/178/419
f 580/178/419 579/163/412 559/165/402
f 580/178/419 559/165/402 581/166/420
f 582/165/390 583/163/421 584/166/406
f 584/166/406 583/163/421 585/178/422
f 584/166/406 585/178/422 586/179/423
f 586/179/423 585/178/422 587/180/424
f 586/179/423 587/180/424 588/181/425
f 588/181/425 587/180/424 589/182/426
f 588/181/425 589/182/426 590/180/427
f 591/180/428 592/179/429 593/166/425
f 594/183/430 595/184/431 596/185/432
f 596/185/432 595/184/431 597/186/433
f 596/185/432 597/186/433 598/187/434
f 598/187/434 597/186/433 599/172/435
f 598/187/434 599/172/435 600/188/436
f 601/189/437 602/190/438 603/191/439
f 603/191/439 602/190/438 604/192/429
f 605/153/390 606/155/392 607/191/440
f 607/191/440 606/155/392 608/157/441
f 607/191/440 608/157/441 609/189/442
f 609/189/442 608/157/441 610/159/443
f 609/189/442 610/159/443 611/150/444
f 612/170/445 613/169/408 614/184/446
f 615/184/431 616/183/430 617/193/405
f 618/183/447 619/193/429 620/184/446
f 621/160/448 622/194/449 623/161/450
f 624/156/451 625/161/452 626/195/453
f 627/156/393 628/154/391 629/157/454
f 630/191/455 631/192/456 632/190/457
f 633/190/458 634/189/459 635/191/460
f 635/191/460 634/189/459 636/157/461
f 635/191/460 636/157/461 637/155/462
f 637/155/462 636/157/461 638/156/463
f 639/194/449 640/160/464 641/161/465
f 641/161/465 640/160/464 642/158/466
f 641/161/465 642/158/466 643/162/467
f 643/162/467 642/158/466 644/156/393
f 643/162/467 644/156/393 626/195/453
f 645/161/468 646/196/469 647/194/470
f 647/194/470 646/196/469 648/197/471
f 647/194/470 648/197/471 649/161/472
f 649/161/472 648/197/471 650/196/473
f 649/161/472 650/196/473 651/162/474
f 651/162/474 650/196/473 652/156/463
f 651/162/474 652/156/463 653/158/398
f 653/158/398 652/156/463 654/157/475
f 653/158/398 654/157/475 655/159/443
f 655/159/443 654/157/475 656/189/476
f 655/159/443 656/189/476 657/150/477
f 625/161/452 624/156/451 658/196/469
f 658/196/469 624/156/451 629/157/478
f 658/196/469 629/157/478 659/197/479
f 659/197/479 629/157/478 660/198/480
f 659/197/479 660/198/480 661/196/473
f 661/196/473 660/198/480 662/157/481
f 661/196/473 662/157/481 663/156/482
f 663/156/482 662/157/481 664/154/483
f 663/156/482 664/154/483 665/155/462
f 665/155/462 664/154/483 666/153/383
f 665/155/462 666/153/383 667/191/460
f 668/199/484 669/189/379 670/200/485
f 671/172/379 672/171/486 673/188/385
f 674/174/487 675/165/488 676/164/489
f 677/187/490 678/171/491 679/188/492
f 680/166/493 681/179/456 682/180/494
f 683/189/495 684/199/496 685/201/497
f 685/201/497 684/199/496 686/202/498
f 685/201/497 686/202/498 687/203/499
f 688/166/500 689/177/501 690/179/502
f 690/179/502 689/177/501 691/204/503
f 692/175/504 693/163/505 694/174/506
f 695/172/495 696/170/507 697/183/508
f 697/183/508 696/170/507 698/205/499
f 697/183/508 698/205/499 699/193/456
f 700/165/488 701/174/505 702/163/509
f 702/163/509 701/174/505 703/176/510
f 702/163/509 703/176/510 704/175/511
f 705/188/512 706/172/513 707/187/514
f 707/187/514 706/172/513 708/186/515
f 707/187/514 708/186/515 709/185/516
f 709/185/516 708/186/515 710/205/517
f 709/185/516 710/205/517 711/183/518
f 711/183/518 710/205/517 712/193/519
f 713/174/520 714/164/492 715/206/521
f 715/206/521 714/164/492 716/207/491
f 715/206/521 716/207/491 717/178/522
f 717/178/522 716/207/491 718/166/518
f 717/178/522 718/166/518 719/167/523
f 719/167/523 718/166/518 720/168/524
f 721/166/525 722/165/460 723/178/526
f 723/178/526 722/165/460 724/163/509
f 723/178/526 724/163/509 725/177/527
f 725/177/527 724/163/509 704/175/528
f 725/177/527 704/175/528 726/165/529
f 726/165/529 704/175/528 727/166/530
f 728/204/527 729/208/501 730/180/526
f 730/180/526 729/208/501 731/182/531
f 730/180/526 731/182/531 732/181/532
f 732/181/532 731/182/531 733/180/533
f 732/181/532 733/180/533 734/179/534
f 734/179/534 733/180/533 735/178/535
f 734/179/534 735/178/535 736/166/381
f 736/166/381 735/178/535 737/163/487
f 736/166/381 737/163/487 738/165/383
f 739/171/534 740/172/495 741/183/536
f 742/209/537 743/210/538 744/211/539
f 745/211/540 746/212/541 747/209/542
f 747/209/542 746/212/541 748/213/543
f 747/209/542 748/213/543 749/214/544
f 749/214/544 748/213/543 750/212/545
f 749/214/544 750/212/545 751/209/546
f 751/209/546 750/212/545 752/211/547
f 751/209/546 752/211/547 753/210/548
f 754/152/549 755/157/478 756/154/550
f 757/215/551 758/198/480 755/157/478
f 759/211/552 760/210/538 761/216/553
f 762/217/554 763/218/555 764/219/556
f 765/203/446 766/202/541 767/201/409
f 767/201/409 766/202/541 768/199/557
f 767/201/409 768/199/557 769/189/558
f 769/189/558 768/199/557 770/200/556
f 761/216/553 764/219/556 759/211/552
f 759/211/552 764/219/556 771/220/559
f 759/211/552 771/220/559 772/212/560
f 773/219/561 774/213/562 775/214/563
f 775/214/563 774/213/562 764/219/564
f 776/202/498 777/221/543 778/147/565
f 778/147/565 777/221/543 766/202/560
f 762/217/554 779/222/566 763/218/555
f 763/218/555 779/222/566 780/217/567
f 763/218/555 780/217/567 773/219/485
f 781/149/407 782/148/556 783/147/568
f 783/147/568 782/148/556 784/221/569
f 783/147/568 784/221/569 785/148/485
f 755/157/478 754/152/549 757/215/551
f 757/215/551 754/152/549 786/150/380
f 757/215/551 786/150/380 787/152/570
f 788/212/571 789/220/572 790/211/547
f 789/220/572 773/219/485 790/211/547
f 790/211/547 773/219/485 791/216/573
f 790/211/547 791/216/573 792/210/574
f 758/198/480 757/215/551 793/157/575
f 793/157/575 757/215/551 787/152/570
f 793/157/575 787/152/570 794/154/384
f 766/202/560 795/223/446 778/147/565
f 778/147/565 795/223/446 796/192/576
f 778/147/565 796/192/576 797/150/577
f 797/150/577 796/192/576 798/190/578
f 797/150/577 798/190/578 799/189/579
f 800/189/580 801/190/581 797/150/577
f 797/150/577 801/190/581 802/192/582
f 797/150/577 802/192/582 778/147/565
f 778/147/565 802/192/582 803/223/499
f 778/147/565 803/223/499 776/202/498
f 804/178/535 805/177/583 806/175/504
f 807/176/584 808/174/520 809/206/521
f 810/178/522 811/167/585 812/224/586
f 813/166/502 814/177/527 815/165/587
f 816/175/588 817/177/589 818/166/590
f 818/166/590 817/177/589 819/165/591
f 820/177/592 821/182/593 822/180/594
f 823/225/591 824/226/595 825/227/530
f 825/227/530 824/226/595 826/228/596
f 827/229/530 828/230/596 829/231/587
f 829/231/587 828/230/596 830/232/597
f 829/231/587 830/232/597 831/227/598
f 831/227/598 830/232/597 832/228/599
f 831/227/598 832/228/599 833/231/600
f 834/229/601 835/226/602 836/225/603
f 837/176/584 838/206/604 839/233/605
f 839/233/605 838/206/604 840/178/606
f 839/233/605 840/178/606 841/177/607
f 841/177/607 840/178/606 842/224/586
f 843/179/608 844/204/609 845/166/610
f 845/166/610 844/204/609 846/177/611
f 847/179/612 848/204/613 849/166/614
f 849/166/614 848/204/613 850/177/615
f 851/177/616 852/175/613 853/165/617
f 854/177/592 855/180/618 844/204/619
f 844/204/619 855/180/618 856/182/531
f 844/204/619 856/182/531 857/208/611
f 858/228/596 835/226/602 859/232/620
f 859/232/620 835/226/602 860/230/621
f 859/232/620 860/230/621 861/232/622
f 835/226/602 834/229/601 860/230/621
f 860/230/621 834/229/601 862/231/600
f 860/230/621 862/231/600 861/232/622
f 861/232/622 862/231/600 863/228/623
f 861/232/622 863/228/623 859/232/620
f 859/232/620 863/228/623 864/232/624
f 859/232/620 864/232/624 865/230/596
f 866/175/625 867/166/626 868/165/627
f 869/206/628 870/174/629 871/176/630
f 872/224/631 873/167/632 874/178/633
f 875/179/634 876/204/635 877/166/636
f 878/165/637 879/175/638 880/166/639
f 880/166/639 879/175/638 881/177/640
f 880/166/639 881/177/640 868/165/627
f 868/165/627 881/177/640 866/175/625
f 882/174/641 883/163/642 884/175/643
f 885/232/644 886/230/645 887/229/639
f 888/227/639 889/228/646 890/225/637
f 891/229/639 892/231/647 893/232/644
f 893/232/644 892/231/647 894/227/626
f 893/232/644 894/227/626 895/228/648
f 895/228/648 894/227/626 896/231/636
f 897/167/649 898/166/430 899/178/633
f 899/178/633 898/166/430 900/207/650
f 899/178/633 900/207/650 901/206/628
f 901/206/628 900/207/650 902/164/651
f 901/206/628 902/164/651 903/174/629
f 904/188/651 905/171/650 906/187/434
f 907/178/652 908/177/653 909/224/631
f 910/175/643 911/177/654 912/178/655
f 908/177/653 907/178/652 913/233/656
f 913/233/656 907/178/652 914/206/657
f 913/233/656 914/206/657 915/176/630
f 916/204/658 917/179/659 918/177/660
f 918/177/660 917/179/659 919/166/661
f 918/177/660 919/166/661 920/204/662
f 921/166/663 922/177/664 923/179/665
f 923/179/665 922/177/664 924/204/666
f 925/232/667 926/230/668 927/232/669
f 927/232/669 926/230/668 928/226/670
f 927/232/669 928/226/670 929/228/646
f 930/182/671 911/177/666 931/180/672
f 931/180/672 911/177/666 916/204/673
f 931/180/672 916/204/673 932/182/674
f 932/182/674 916/204/673 933/208/675
f 932/182/674 933/208/675 934/180/428
f 934/180/428 933/208/675 935/204/635
f 936/230/645 937/232/676 927/232/669
f 927/232/669 937/232/676 938/228/677
f 927/232/669 938/228/677 925/232/667
f 925/232/667 938/228/677 939/231/661
f 925/232/667 939/231/661 926/230/668
f 926/230/668 939/231/661 940/229/678
f 926/230/668 940/229/678 928/226/670
f 928/226/670 940/229/678 941/225/679
f 928/226/670 941/225/679 929/228/646
f 942/185/680 943/183/518 944/187/681
f 944/187/681 943/183/518 945/171/682
f 946/187/683 947/171/684 948/185/685
f 948/185/685 947/171/684 949/183/403
o npc_00-0001-7
v 0.000000 51.587009 -11.426033
v 0.000000 40.506950 -14.347943
v -6.548723 50.966988 -9.632540
v 3.304731 45.113735 5.705131
v 7.197521 39.006691 6.973815
v 9.966648 43.539589 -1.150486
v 0.000000 35.961201 9.435534
v 0.000000 39.013115 6.556174
v -7.197521 39.006691 6.973815
v 0.000000 40.506950 -14.347943
v 0.000000 51.587009 -11.426033
v 6.601179 50.966988 -9.632540
v 11.192463 46.928822 -3.047996
v 8.682855 43.709854 -8.838233
v 7.639256 46.071072 -11.049368
v 0.000000 39.013115 6.556174
v -3.304731 45.113735 5.705131
v -7.197521 39.006691 6.973815
v 5.206952 47.102299 5.675187
v 3.304731 45.113735 5.705131
v 8.691138 45.557068 2.107114
v -5.206952 47.102299 5.675187
v -8.691138 45.557068 2.107114
v -3.304731 45.113735 5.705131
v -9.966648 43.539589 -1.150486
v -7.197521 39.006691 6.973815
v 7.197521 39.006691 6.973815
v 3.304731 45.113735 5.705131
v 0.000000 39.013115 6.556174
v 0.000000 43.648815 6.340261
v -3.304731 45.113735 5.705131
v 8.682855 43.709854 -8.838233
v 0.000000 40.506950 -14.347943
v 7.639256 46.071072 -11.049368
v 11.192463 46.928822 -3.047996
v 9.853453 50.131725 -2.869907
v 8.691138 45.557068 2.107114
v 6.813764 56.203430 7.839040
v 5.206952 47.102299 5.675187
v 0.000000 40.506950 -14.347943
v -7.639256 46.071072 -11.049368
v -6.548723 50.966988 -9.632540
v -11.192463 46.928822 -3.047996
v -9.853453 50.131725 -2.869907
v -8.691138 45.557068 2.107114
v -6.813764 56.203430 7.839040
v -5.206952 47.102299 5.675187
v -9.091460 59.705105 -4.384447
v -9.853453 50.131725 -2.869907
v -6.813764 56.203430 7.839040
v 0.000000 57.340672 -12.576517
v 0.000000 51.587009 -11.426033
v -6.548723 50.966988 -9.632540
v 9.091460 59.705105 -4.384447
v 9.853453 50.131725 -2.869907
v 6.601179 50.966988 -9.632540
v 0.000000 61.112198 -14.961011
v 5.516167 63.781818 -7.712968
v 0.000000 57.340672 -12.576517
v 6.084901 58.493973 -9.487549
v -5.516167 63.781818 -7.712968
v -6.071097 58.490761 -9.484397
v -6.189813 64.716667 -2.956588
v -6.137357 59.097931 8.661714
v -4.963998 61.420601 10.715246
v 0.000000 63.556942 11.883065
v 0.000000 67.164627 -1.867570
v 6.189813 64.716667 -2.956588
v -9.091460 59.705105 -4.384447
v 0.000000 65.895676 -7.553792
v 4.963998 61.420601 10.715246
v 6.137357 59.097931 8.661714
v 6.813764 56.203430 7.839040
v -8.691138 45.557068 2.107114
v -11.192463 46.928822 -3.047996
v -9.966648 43.539589 -1.150486
v -8.682855 43.709854 -8.838233
v 0.000000 39.013115 6.556174
v 0.000000 35.961201 9.435534
v 7.197521 39.006691 6.973815
v 11.239397 41.403248 -5.391513
v 8.682855 43.709854 -8.838233
v 9.966648 43.539589 -1.150486
v 11.192463 46.928822 -3.047996
v 8.691138 45.557068 2.107114
v 10.957791 37.332958 -12.284954
v 0.000000 37.005276 -17.834063
v 0.000000 40.506950 -14.347943
v -7.639256 46.071072 -11.049368
v 0.000000 33.339767 -15.473210
v -10.957791 37.332958 -12.284954
v -11.239397 41.403248 -5.391513
vn -0.0000 0.0236 -0.9997
vn -0.0001 0.2518 -0.9678
vn -0.6368 0.1572 -0.7548
vn 0.4167 -0.0944 0.9041
vn 0.2047 0.5117 0.8344
vn 0.9471 -0.0000 0.3209
vn -0.0000 0.6832 0.7303
vn -0.0000 0.3139 0.9495
vn -0.2047 0.5117 0.8344
vn -0.0000 0.2518 -0.9678
vn 0.6368 0.1573 -0.7548
vn 0.9924 0.0946 -0.0788
vn 0.7905 0.2739 -0.5478
vn 0.7175 0.0630 -0.6937
vn -0.0000 0.3138 0.9495
vn -0.4167 -0.0943 0.9041
vn -0.2046 0.5117 0.8345
vn 0.5736 -0.3851 0.7229
vn 0.4167 -0.0943 0.9041
vn 0.7856 -0.2121 0.5813
vn -0.5736 -0.3851 0.7230
vn -0.7855 -0.2121 0.5813
vn -0.9471 -0.0000 0.3209
vn 0.2046 0.5117 0.8345
vn -0.0000 0.0393 0.9992
vn -0.4166 -0.0943 0.9042
vn 0.7905 0.2740 -0.5478
vn 0.7174 0.0631 -0.6938
vn 0.6369 0.1573 -0.7548
vn 0.9830 0.1809 0.0315
vn 0.9290 -0.0000 0.3701
vn 0.5737 -0.3850 0.7230
vn -0.7174 0.0631 -0.6938
vn -0.6369 0.1573 -0.7548
vn -0.9924 0.0945 -0.0788
vn -0.9832 0.1809 0.0236
vn -0.7856 -0.2121 0.5813
vn -0.9290 -0.0000 0.3700
vn -0.5737 -0.3850 0.7230
vn -0.9560 0.2429 -0.1646
vn -0.0000 -0.0393 -0.9992
vn -0.6369 0.1572 -0.7548
vn 0.9572 0.2432 -0.1569
vn 0.9830 0.1809 0.0314
vn 0.6368 0.1572 -0.7548
vn -0.0001 0.4314 -0.9021
vn 0.6671 0.4945 -0.5572
vn 0.6510 0.1804 -0.7373
vn -0.6671 0.4945 -0.5572
vn -0.6510 0.1804 -0.7373
vn -0.6854 0.7248 0.0709
vn -0.9560 0.2429 -0.1645
vn -0.9294 0.3072 0.2048
vn -0.7316 0.6451 0.2203
vn -0.0000 0.9658 0.2591
vn -0.0000 1.0000 0.0079
vn 0.6854 0.7247 0.0709
vn -0.0000 0.9196 -0.3929
vn 0.7316 0.6451 0.2203
vn 0.9294 0.3072 0.2048
vn 0.9290 -0.0000 0.3700
vn -0.7905 0.2739 -0.5478
vn 0.2046 0.5117 0.8344
vn 0.7970 0.5681 -0.2051
vn 0.9924 0.0945 -0.0788
vn 0.7856 -0.2120 0.5813
vn 0.6435 0.2041 -0.7377
vn -0.0000 0.3138 -0.9495
vn -0.7174 0.0630 -0.6938
vn -0.0000 -0.5419 -0.8404
vn -0.6435 0.2041 -0.7377
vn -0.7970 0.5681 -0.2051
vt 0.317902 0.587891
vt 0.318359 0.632202
vt 0.357605 0.581421
vt 0.484894 0.623047
vt 0.465454 0.697479
vt 0.398987 0.665436
vt 0.509430 0.720367
vt 0.510529 0.692261
vt 0.385223 0.610687
vt 0.348328 0.657196
vt 0.354340 0.610443
vt 0.484894 0.603516
vt 0.408203 0.621674
vt 0.510529 0.633667
vt 0.386536 0.580719
vt 0.484894 0.548798
vt 0.390442 0.519592
vt 0.315247 0.508942
vt 0.390289 0.519806
vt 0.306641 0.486298
vt 0.345123 0.488007
vt 0.315308 0.508911
vt 0.344513 0.516174
vt 0.344391 0.516357
vt 0.392426 0.473816
vt 0.484894 0.525391
vt 0.484894 0.505829
vt 0.495178 0.462891
vt 0.392548 0.462891
vt 0.353516 0.462891
vt 0.375854 0.721466
vt 0.348511 0.721466
vt 0.311310 0.679962
vt 0.311371 0.721466
s 1
usemtl npc00_00
f 950/234/686 951/235/687 952/236/688
f 953/237/689 954/238/690 955/239/691
f 956/240/692 957/241/693 958/238/694
f 959/235/695 960/234/686 961/236/696
f 962/242/697 963/243/698 964/244/699
f 965/241/700 966/237/701 967/238/702
f 968/245/703 969/237/704 970/246/705
f 970/246/705 969/237/704 955/239/691
f 971/245/706 972/246/707 973/237/701
f 973/237/701 972/246/707 974/239/708
f 973/237/701 974/239/708 975/238/694
f 976/238/709 977/237/704 978/241/700
f 978/241/700 977/237/704 979/247/710
f 978/241/700 979/247/710 980/237/711
f 981/243/712 982/235/695 983/244/713
f 983/244/713 982/235/695 961/236/714
f 983/244/713 961/236/714 984/242/697
f 984/242/697 961/236/714 985/248/715
f 984/242/697 985/248/715 986/246/705
f 986/246/705 985/248/715 987/249/716
f 986/246/705 987/249/716 988/245/717
f 989/235/687 990/244/718 991/236/719
f 991/236/719 990/244/718 992/242/720
f 991/236/719 992/242/720 993/248/721
f 993/248/721 992/242/720 994/246/722
f 993/248/721 994/246/722 995/249/723
f 995/249/723 994/246/722 996/245/724
f 997/250/725 998/248/721 999/249/723
f 1000/251/726 1001/234/686 1002/236/727
f 1003/252/728 1004/248/729 1005/236/730
f 1006/253/731 1007/254/732 1008/255/726
f 1008/255/726 1007/254/732 1009/256/733
f 997/250/725 1010/254/734 1011/257/735
f 1012/258/736 997/250/737 1013/259/738
f 1013/259/738 1014/260/739 1012/258/736
f 1012/258/736 1014/260/739 1015/261/740
f 1012/258/736 1015/261/740 1016/262/741
f 1016/262/741 1015/261/740 1017/258/742
f 999/249/723 1013/259/738 1018/252/737
f 998/248/721 997/250/725 1002/236/727
f 1002/236/727 997/250/725 1011/257/735
f 1002/236/727 1011/257/735 1000/251/726
f 1000/251/726 1011/257/735 1010/254/734
f 1000/251/726 1010/254/734 1006/253/731
f 1006/253/731 1010/254/734 1019/263/743
f 1006/253/731 1019/263/743 1007/254/732
f 1015/261/740 1020/260/744 1017/258/742
f 1017/258/742 1020/260/744 1021/259/745
f 1017/258/742 1021/259/745 1003/252/728
f 1003/252/728 1021/259/745 1022/249/746
f 1003/252/728 1022/249/746 1004/248/729
f 1001/234/686 1008/255/726 1005/236/730
f 1005/236/730 1008/255/726 1009/256/733
f 1005/236/730 1009/256/733 1003/252/728
f 1003/252/728 1009/256/733 1007/254/732
f 1003/252/728 1007/254/732 1017/258/742
f 1017/258/742 1007/254/732 1019/263/743
f 1017/258/742 1019/263/743 1016/262/741
f 1016/262/741 1019/263/743 1010/254/734
f 1016/262/741 1010/254/734 1012/258/736
f 1012/258/736 1010/254/734 1018/252/725
f 1023/246/722 1024/242/720 1025/239/708
f 1025/239/708 1024/242/720 1026/243/747
f 1027/241/693 1028/240/692 1029/238/748
f 1030/264/749 1031/243/698 1032/239/691
f 1032/239/691 1031/243/698 1033/242/750
f 1032/239/691 1033/242/750 1034/246/751
f 1030/264/749 1035/265/752 1031/243/698
f 1031/243/698 1035/265/752 1036/266/753
f 1031/243/698 1036/266/753 1037/235/695
f 1037/235/695 1036/266/753 1026/243/747
f 1037/235/695 1026/243/747 1038/244/754
f 1038/244/754 1026/243/747 1024/242/720
f 1035/265/752 1039/267/755 1036/266/753
f 1036/266/753 1039/267/755 1040/265/756
f 1036/266/753 1040/265/756 1026/243/747
f 1026/243/747 1040/265/756 1041/264/757
f 1026/243/747 1041/264/757 1025/239/708
o npc_00-0001-8
v 4.237896 46.405178 0.282101
v 4.295874 44.477650 0.994456
v 6.104227 45.720905 -1.178854
v -6.104227 45.720905 -1.178854
v -5.836425 50.250591 -1.079567
v -3.986659 51.111553 -6.032947
v 4.246178 48.220264 -6.352876
v 3.986659 51.111553 -6.032947
v 5.836425 50.250591 -1.079567
v 4.237896 46.405178 0.282101
v 4.295874 44.477650 0.994456
v 4.237896 46.405178 0.282101
v 0.000000 42.322037 3.588558
v 0.000000 44.304173 3.771375
v -4.237896 46.405178 0.282101
v -3.986659 51.111553 -6.032947
v -4.246178 48.220264 -6.352876
v -6.104227 45.720905 -1.178854
v -5.836425 50.250591 -1.079567
v -6.104227 45.720905 -1.178854
v -4.237896 46.405178 0.282101
v -4.295874 44.477650 0.994456
v 0.000000 42.322037 3.588558
v -9.649151 42.466599 3.098421
v -9.389631 44.349152 -5.382057
v -12.556320 44.291325 -5.382057
v -9.389631 44.349152 -5.382057
v -9.649151 42.466599 3.098421
v -7.625452 42.739666 3.098421
v -10.877726 36.484844 8.327602
v -6.620505 36.324219 11.421298
v 12.556320 44.291325 -5.382057
v 9.389631 44.349152 -5.382057
v 7.625452 42.739666 3.098421
v 6.620505 36.324219 11.421298
v 10.877726 36.484844 8.327602
v 9.649151 42.466599 3.098421
v 12.556320 44.291325 -5.382057
v 11.313940 16.981499 -12.641129
v 13.094684 26.143669 -15.296697
v 16.015657 14.751994 -7.525420
v -19.190628 19.500134 -0.037825
v -17.191776 15.195326 0.204880
v -14.927885 15.966337 6.926537
v 21.065243 17.270630 -5.711440
v 19.878078 13.434852 -6.661770
v 20.582094 15.301339 -6.784698
v 0.000000 18.096251 -16.243876
v 13.826308 35.524296 -12.108442
v 16.156462 27.547552 -12.535538
v 17.409883 20.104092 -8.614440
v 0.000000 25.404787 18.204420
v 0.000000 19.766775 17.594505
v 9.828606 18.330770 14.084747
v 9.027961 42.807129 -9.022626
v 9.389631 44.349152 -5.382057
v 12.556320 44.291325 -5.382057
v 14.927885 15.966337 6.926537
v 17.197298 21.421234 7.073104
v 11.032334 24.392838 14.804979
v 17.409883 20.104092 -8.614440
v 18.966999 19.413395 -0.378242
v 16.015657 14.751994 -7.525420
v 17.238712 15.519793 0.063039
v 12.459690 42.267422 -9.022626
v 12.600493 38.306358 -11.043063
v 8.718746 38.971352 -11.336200
v 0.000000 35.546783 -15.496850
v 0.000000 27.039968 -18.363600
v -13.094684 26.143669 -15.296697
v 0.000000 38.862125 -12.663195
v -13.826308 35.524296 -12.108442
v -8.718746 38.971352 -11.336200
v -12.600493 38.306358 -11.043063
v -17.197298 21.421234 7.073104
v -8.718746 38.971352 -11.336200
v -12.600493 38.306358 -11.043063
v -9.027961 42.807129 -9.022626
v -16.015657 14.751994 -7.525420
v -17.238712 15.519793 0.063039
v -17.409883 20.104092 -8.614440
v -18.966999 19.413395 -0.378242
v -14.287369 27.309824 9.073053
v -17.197298 21.421234 7.073104
v -11.032334 24.392838 14.804979
v -14.927885 15.966337 6.926537
v -9.828606 18.330770 14.084747
v -12.459690 42.267422 -9.022626
v -12.556320 44.291325 -5.382057
v -9.389631 44.349152 -5.382057
v -20.582094 15.301339 -6.784698
v -19.878078 13.434852 -6.661770
v -19.408735 12.763431 -5.547535
v -21.065243 17.270630 -5.711440
v 19.408735 12.763431 -5.547535
v 19.190628 19.500134 -0.037825
v 17.191776 15.195326 0.204880
v 17.197298 21.421234 7.073104
v 14.927885 15.966337 6.926537
v -17.409883 20.104092 -8.614440
v -16.156462 27.547552 -12.535538
v 8.718746 38.971352 -11.336200
v 14.287369 27.309824 9.073053
v 10.877726 36.484844 8.327602
v 10.071560 31.964800 13.332992
v 6.620505 36.324219 11.421298
v 0.000000 31.454006 16.392015
v 0.000000 36.349918 12.814486
v -6.620505 36.324219 11.421298
v -10.877726 36.484844 8.327602
v -10.071560 31.964800 13.332992
v -16.015657 14.751994 -7.525420
v -11.313940 16.981499 -12.641129
v 12.600493 38.306358 -11.043063
v 3.986659 51.111553 -6.032947
v 0.000000 51.410316 -8.168433
v 4.105375 53.591633 -7.538031
v 0.000000 44.708954 6.307165
v 0.000000 44.304173 3.771375
v 4.237896 46.405178 0.282101
v 4.246178 48.220264 -6.352876
v 0.000000 48.840282 -8.488360
v -4.246178 48.220264 -6.352876
v -3.986659 51.111553 -6.032947
v -1.126424 56.100632 10.390590
v 2.644889 62.268711 9.988708
v -0.306454 62.467888 10.355917
v -5.256647 61.372414 8.656985
v -6.628787 57.215382 8.344936
v -2.788453 62.268711 9.457595
v 2.644889 62.268711 9.988708
v 6.545962 57.215382 8.344936
v 5.325669 61.031883 8.656985
v 0.000000 64.099861 7.656222
v -2.788453 62.268711 9.457595
v -4.489133 56.524685 10.505639
v 6.245030 50.247379 0.330957
v 5.836425 50.250591 -1.079567
v 7.164391 53.781174 -2.334066
v 3.986659 51.111553 -6.032947
v 4.105375 53.591633 -7.538031
v -4.237896 46.405178 0.282101
v -6.245030 50.247379 0.330957
v -5.836425 50.250591 -1.079567
v -7.164391 53.781174 -2.334066
v -4.105375 53.591633 -7.538031
v 0.000000 53.578785 -9.292123
vn 0.7778 -0.1964 0.5971
vn 0.3138 0.5884 0.7452
vn 0.6781 0.5992 0.4257
vn -0.6780 0.5992 0.4257
vn -0.9542 -0.2815 -0.1017
vn -0.8010 -0.1728 -0.5732
vn 0.6520 0.4242 -0.6284
vn 0.8010 -0.1728 -0.5732
vn 0.6780 0.5992 0.4257
vn 0.9542 -0.2815 -0.1017
vn 0.3138 0.5883 0.7453
vn 0.7778 -0.1964 0.5970
vn -0.0000 0.5565 0.8308
vn 0.0001 -0.7149 0.6992
vn -0.7778 -0.1964 0.5971
vn -0.8010 -0.1727 -0.5732
vn -0.6520 0.4242 -0.6284
vn -0.6780 0.5992 0.4258
vn -0.9541 -0.2816 -0.1016
vn -0.3138 0.5883 0.7453
vn -0.0783 0.8617 0.5013
vn -0.0392 0.9955 -0.0862
vn -0.0705 0.9713 -0.2271
vn -0.0783 0.8617 0.5014
vn -0.1888 0.8183 0.5429
vn -0.4646 0.6142 0.6378
vn -0.3062 0.6202 0.7222
vn 0.0705 0.9713 -0.2271
vn 0.0392 0.9955 -0.0862
vn 0.1889 0.8183 0.5429
vn 0.3062 0.6202 0.7222
vn 0.4646 0.6142 0.6378
vn 0.1888 0.8183 0.5429
vn 0.0784 0.8617 0.5014
vn 0.4546 -0.3213 -0.8307
vn 0.4406 -0.0393 -0.8969
vn 0.8192 -0.3466 -0.4569
vn -0.8508 -0.3388 0.4018
vn -0.8415 -0.3618 0.4011
vn -0.8050 -0.3236 0.4972
vn 0.9016 -0.3136 0.2979
vn 0.9253 -0.3294 0.1882
vn 0.9253 -0.3293 0.1882
vn -0.0000 -0.2757 -0.9612
vn 0.2905 0.3769 -0.8795
vn 0.6707 -0.0079 -0.7417
vn 0.7870 -0.3069 -0.5352
vn -0.0000 0.0551 0.9985
vn -0.0000 -0.1019 0.9948
vn 0.4555 -0.1806 0.8717
vn 0.0944 0.7233 -0.6840
vn 0.0392 0.9955 -0.0863
vn 0.0705 0.9713 -0.2272
vn 0.8050 -0.3236 0.4973
vn 0.8323 -0.1492 0.5340
vn 0.6232 0.0394 0.7810
vn 0.7870 -0.3069 -0.5351
vn 0.9279 -0.3381 -0.1573
vn 0.8192 -0.3466 -0.4568
vn 0.1022 0.6915 -0.7151
vn 0.1181 0.4566 -0.8818
vn 0.1498 0.4888 -0.8594
vn -0.0000 0.3996 -0.9167
vn -0.0000 0.0394 -0.9992
vn -0.4406 -0.0393 -0.8969
vn -0.0000 0.5655 -0.8247
vn -0.2905 0.3769 -0.8795
vn -0.1498 0.4888 -0.8594
vn -0.1181 0.4566 -0.8818
vn -0.8323 -0.1492 0.5339
vn -0.0944 0.7233 -0.6840
vn -0.8192 -0.3466 -0.4569
vn -0.9279 -0.3381 -0.1573
vn -0.7870 -0.3069 -0.5351
vn -0.9279 -0.3382 -0.1573
vn -0.8139 0.2504 0.5243
vn -0.6232 0.0394 0.7810
vn -0.8050 -0.3236 0.4973
vn -0.4555 -0.1806 0.8717
vn -0.1022 0.6915 -0.7151
vn -0.0705 0.9713 -0.2272
vn -0.0392 0.9955 -0.0863
vn -0.9253 -0.3293 0.1882
vn -0.8745 -0.3309 0.3545
vn -0.9016 -0.3136 0.2979
vn 0.8745 -0.3309 0.3545
vn 0.8508 -0.3387 0.4018
vn 0.8415 -0.3618 0.4011
vn 0.8323 -0.1492 0.5339
vn 0.8050 -0.3236 0.4972
vn -0.7870 -0.3070 -0.5352
vn -0.6707 -0.0079 -0.7417
vn 0.8139 0.2504 0.5243
vn 0.5087 0.3913 0.7669
vn 0.3062 0.6202 0.7223
vn -0.0000 0.4783 0.8782
vn -0.0000 0.5886 0.8084
vn -0.3062 0.6202 0.7223
vn -0.4646 0.6142 0.6379
vn -0.5087 0.3913 0.7669
vn -0.4545 -0.3213 -0.8307
vn 0.8010 -0.1727 -0.5732
vn -0.0000 -0.1961 -0.9806
vn 0.5412 -0.4315 -0.7217
vn -0.0000 -0.9096 0.4156
vn -0.0000 -0.7149 0.6992
vn 0.6520 0.4242 -0.6285
vn -0.0000 0.2591 -0.9659
vn -0.6520 0.4242 -0.6285
vn -0.8010 -0.1728 -0.5733
vn 0.1173 -0.0078 0.9931
vn 0.1330 0.4773 0.8686
vn -0.0947 0.5522 0.8283
vn -0.3137 0.0314 0.9490
vn 0.4708 0.0785 0.8788
vn -0.0550 0.8576 0.5114
vn -0.3142 0.5969 0.7383
vn -0.3444 0.2662 0.9003
vn 0.8912 -0.4534 -0.0156
vn 0.9541 -0.2816 -0.1017
vn 0.8418 -0.3934 -0.3698
vn 0.5413 -0.4314 -0.7217
vn -0.8912 -0.4534 -0.0156
vn -0.9541 -0.2816 -0.1017
vn -0.8418 -0.3934 -0.3698
vn -0.5413 -0.4315 -0.7217
vn -0.0000 -0.4567 -0.8896
vt 0.019318 0.876923
vt 0.015411 0.884766
vt 0.010925 0.878876
vt 0.019318 0.861298
vt 0.011505 0.861298
vt 0.008911 0.870880
vt 0.015411 0.865204
vt 0.031036 0.884766
vt 0.031036 0.876923
vt 0.046539 0.342590
vt 0.105255 0.296570
vt 0.105255 0.342590
vt 0.046539 0.296570
vt 0.009979 0.342590
vt 0.009979 0.296570
vt 0.052704 0.494141
vt 0.048340 0.436279
vt 0.025391 0.498047
vt 0.073944 0.250610
vt 0.073944 0.296570
vt 0.152893 0.296570
vt 0.009979 0.250610
vt 0.019165 0.292755
vt 0.019165 0.254456
vt 0.144318 0.494141
vt 0.027496 0.380951
vt 0.015015 0.424438
vt 0.009979 0.462891
vt 0.309265 0.423798
vt 0.309265 0.474579
vt 0.216797 0.466797
vt 0.128723 0.296570
vt 0.177521 0.476746
vt 0.150391 0.447266
vt 0.215698 0.422485
vt 0.105255 0.254456
vt 0.030884 0.254456
vt 0.105255 0.292755
vt 0.030884 0.292755
vt 0.128723 0.342590
vt 0.152893 0.342590
vt 0.144318 0.384766
vt 0.144318 0.439423
vt 0.144318 0.349579
vt 0.081665 0.349335
vt 0.027496 0.349335
vt 0.152893 0.250610
vt 0.185547 0.373047
vt 0.208954 0.306641
vt 0.209106 0.363556
vt 0.259766 0.306641
vt 0.309265 0.365204
vt 0.309265 0.310547
vt 0.007812 0.861298
vt 0.003479 0.860199
vt 0.007812 0.853180
vt 0.031036 0.873047
vt 0.007812 0.869141
vt 0.003479 0.868469
vt 0.667755 0.318329
vt 0.581818 0.236298
vt 0.648224 0.240204
vt 0.511505 0.236298
vt 0.515411 0.345673
vt 0.613068 0.228516
vt 0.019318 0.853516
vt 0.011505 0.853516
vt 0.003479 0.853210
s 1
usemtl npc00_00
f 1042/268/758 1043/269/759 1044/270/760
f 1045/270/761 1046/271/762 1047/272/763
f 1048/273/764 1049/272/765 1044/270/766
f 1044/270/766 1049/272/765 1050/274/767
f 1044/270/766 1050/274/767 1051/268/758
f 1052/269/768 1053/268/769 1054/275/770
f 1054/275/770 1053/268/769 1055/276/771
f 1054/275/770 1055/276/771 1056/268/772
f 1057/272/773 1058/273/774 1059/270/775
f 1060/271/776 1061/270/761 1062/268/772
f 1062/268/772 1061/270/761 1063/269/777
f 1062/268/772 1063/269/777 1064/275/770
f 1065/277/778 1066/278/779 1067/279/780
f 1068/278/779 1069/277/781 1070/280/782
f 1070/280/782 1069/277/781 1071/281/783
f 1070/280/782 1071/281/783 1072/282/784
f 1073/279/785 1074/278/786 1075/280/787
f 1076/282/788 1077/281/789 1075/280/790
f 1075/280/790 1077/281/789 1078/277/791
f 1075/280/790 1078/277/791 1079/279/785
f 1080/283/792 1081/284/793 1082/285/794
f 1083/286/795 1084/287/796 1085/288/797
f 1086/289/798 1087/290/799 1088/291/800
f 1081/284/793 1080/283/792 1089/292/801
f 1090/293/802 1091/294/803 1081/284/793
f 1081/284/793 1091/294/803 1092/295/804
f 1081/284/793 1092/295/804 1082/285/794
f 1093/296/805 1094/297/806 1095/298/807
f 1096/299/808 1097/278/809 1098/279/810
f 1099/300/811 1100/301/812 1095/298/807
f 1095/298/807 1100/301/812 1101/302/813
f 1095/298/807 1101/302/813 1093/296/805
f 1102/303/814 1103/304/815 1104/305/816
f 1104/305/816 1103/304/815 1105/306/815
f 1098/279/810 1106/307/817 1096/299/808
f 1096/299/808 1106/307/817 1107/308/818
f 1096/299/808 1107/308/818 1108/288/819
f 1109/309/820 1110/310/821 1111/284/822
f 1112/311/823 1113/293/824 1114/312/825
f 1114/312/825 1113/293/824 1115/313/826
f 1085/288/797 1116/314/827 1083/286/795
f 1117/288/825 1118/308/826 1119/299/828
f 1120/305/829 1121/306/830 1122/303/831
f 1122/303/831 1121/306/830 1123/304/832
f 1124/315/833 1125/301/827 1126/302/834
f 1126/302/834 1125/301/827 1127/300/835
f 1126/302/834 1127/300/835 1128/298/836
f 1118/308/826 1129/307/837 1119/299/828
f 1119/299/828 1129/307/837 1130/279/838
f 1119/299/828 1130/279/838 1131/278/839
f 1132/291/840 1133/290/840 1134/282/841
f 1084/287/796 1083/286/795 1134/282/841
f 1134/282/841 1083/286/795 1135/289/842
f 1134/282/841 1135/289/842 1132/291/840
f 1087/290/799 1086/289/798 1136/282/843
f 1136/282/843 1086/289/798 1137/286/844
f 1136/282/843 1137/286/844 1138/287/845
f 1138/287/845 1137/286/844 1139/314/846
f 1138/287/845 1139/314/846 1140/288/847
f 1141/295/848 1142/294/849 1111/284/822
f 1111/284/822 1142/294/849 1113/293/824
f 1111/284/822 1113/293/824 1109/309/820
f 1109/309/820 1113/293/824 1112/311/823
f 1109/309/820 1112/311/823 1143/312/819
f 1144/315/850 1145/316/789 1146/317/851
f 1146/317/851 1145/316/789 1147/318/852
f 1146/317/851 1147/318/852 1148/319/853
f 1148/319/853 1147/318/852 1149/320/854
f 1148/319/853 1149/320/854 1150/318/855
f 1151/316/856 1124/315/833 1152/317/857
f 1152/317/857 1124/315/833 1126/302/834
f 1152/317/857 1126/302/834 1093/296/805
f 1093/296/805 1126/302/834 1128/298/836
f 1093/296/805 1128/298/836 1094/297/806
f 1100/301/812 1144/315/850 1101/302/813
f 1101/302/813 1144/315/850 1146/317/851
f 1101/302/813 1146/317/851 1093/296/805
f 1093/296/805 1146/317/851 1148/319/853
f 1093/296/805 1148/319/853 1152/317/857
f 1152/317/857 1148/319/853 1150/318/855
f 1152/317/857 1150/318/855 1151/316/856
f 1153/285/829 1141/295/848 1154/283/858
f 1154/283/858 1141/295/848 1111/284/822
f 1154/283/858 1111/284/822 1089/292/801
f 1089/292/801 1111/284/822 1110/310/821
f 1089/292/801 1110/310/821 1081/284/793
f 1081/284/793 1110/310/821 1109/309/820
f 1081/284/793 1109/309/820 1090/293/802
f 1090/293/802 1109/309/820 1143/312/819
f 1090/293/802 1143/312/819 1155/313/818
f 1156/321/859 1157/322/860 1158/323/861
f 1159/324/862 1160/276/863 1161/268/758
f 1157/322/860 1156/321/859 1162/325/864
f 1162/325/864 1163/326/865 1157/322/860
f 1157/322/860 1163/326/865 1164/273/866
f 1157/322/860 1164/273/866 1165/272/867
f 1166/327/868 1167/328/869 1168/329/870
f 1169/330/871 1170/331/871 1171/328/871
f 1172/328/872 1173/331/872 1174/330/872
f 1167/328/869 1175/332/873 1168/329/870
f 1168/329/870 1175/332/873 1176/328/874
f 1168/329/870 1176/328/874 1177/327/875
f 1159/324/862 1161/268/758 1178/274/876
f 1178/274/876 1161/268/758 1179/274/877
f 1178/274/876 1179/274/877 1180/333/878
f 1180/333/878 1179/274/877 1181/272/765
f 1180/333/878 1181/272/765 1182/334/879
f 1160/276/863 1159/324/862 1183/268/772
f 1183/268/772 1159/324/862 1184/271/880
f 1183/268/772 1184/271/880 1185/271/881
f 1185/271/881 1184/271/880 1186/333/882
f 1185/271/881 1186/333/882 1165/272/867
f 1165/272/867 1186/333/882 1187/334/883
f 1165/272/867 1187/334/883 1157/322/860
f 1157/322/860 1187/334/883 1188/335/884
f 1157/322/860 1188/335/884 1158/323/861
o npc_00-0001-9
v 79.426727 37.432545 -5.965178
v 72.941505 39.379345 -2.428625
v 80.384743 39.202656 -1.306510
v 80.384743 39.202656 -1.306510
v 72.941505 39.379345 -2.428625
v 80.511742 39.122341 3.878543
v 73.134766 35.771660 2.086626
v 76.947495 34.438457 5.071579
v 74.697403 32.093300 3.416775
v 79.167213 32.183250 2.635077
v 74.697403 32.093300 3.416775
v 73.457787 32.533417 -2.118151
v 73.134766 35.771660 2.086626
v 72.941505 39.379345 -2.428625
v 79.426727 37.432545 -5.965178
v 72.828308 36.054363 -5.782362
v 79.103706 35.328331 -5.665737
v 73.457787 32.533417 -2.118151
v 77.557640 35.594971 -0.400308
v 79.167213 32.183250 2.635077
v 51.583614 41.486774 -2.160704
v 51.398640 34.920338 -9.593139
v 47.185589 34.171814 -8.568737
v 53.759159 28.196486 -2.160703
v 45.818974 30.368164 -2.160703
v 45.818974 30.368164 -2.160703
v 42.969780 33.423290 -7.544333
v 47.185589 34.171814 -8.568737
v 42.218830 38.515171 -5.903714
v 51.583614 41.486774 -2.160704
v 44.319832 39.697388 -2.160704
v 44.190071 37.962616 1.832890
v 52.497456 34.920338 5.255970
v 51.583614 41.486774 -2.160704
v 44.190071 37.962616 1.832890
v 44.941025 32.700470 2.740669
v 52.497456 34.920338 5.255970
v 45.818974 30.368164 -2.160703
v 53.759159 28.196486 -2.160703
v 57.607777 34.920338 -10.923286
v 57.157761 34.078651 5.939957
v 57.751343 43.883331 -2.160704
v 51.398640 34.920338 -9.593139
v 60.537033 34.920338 -7.498630
v 60.525990 29.793119 -2.160703
v 58.413944 27.724241 -2.160703
v 43.709686 29.674255 -5.270159
v 41.937225 28.623755 -4.119677
v 41.567272 31.103836 -10.426844
v 50.658733 31.103836 -9.900459
v 48.121517 29.674255 -5.022727
v 46.075729 28.797232 -7.996646
v 45.846581 30.043697 -3.902188
v 41.567272 39.816254 -10.426845
v 43.709686 41.242622 -5.270160
v 46.075729 42.119644 -7.996647
v 45.846581 40.873180 -3.902189
v 48.121517 41.242622 -5.022728
v 53.759159 28.196486 -2.160703
v 61.809780 41.419312 -2.200105
v 72.941505 39.379345 -2.428625
v 61.674500 35.418282 -8.362280
v 72.828308 36.054363 -5.782362
v 53.759159 28.196486 -2.160703
v 60.525990 29.793119 -2.160703
v 52.497456 34.920338 5.255970
v 59.855103 34.920338 3.268629
v 61.174786 41.056293 -2.160704
v 51.583614 41.486774 -2.160704
v 61.809780 41.419312 -2.200105
v 61.495045 35.418282 3.659478
v 62.372993 35.203041 -9.782260
v 57.607777 34.920338 -10.923286
v 62.447536 42.829617 -2.160704
v 57.751343 43.883331 -2.160704
v 46.304878 30.557705 -12.089529
v 46.445683 35.460045 -14.628472
v 52.130260 35.460045 -11.708137
v 46.304878 40.362385 -12.089530
v 50.658733 39.816254 -9.900460
v 49.755936 42.980606 -3.683124
v 54.540478 40.548714 -11.687649
v 55.785618 35.460045 -13.982310
v 54.540478 30.528791 -11.687648
v 49.755936 28.623755 -3.683123
v 61.674500 35.418282 -8.362280
v 72.828308 36.054363 -5.782362
v 62.107952 30.390652 -2.200104
v 73.457787 32.533417 -2.118151
v 73.134766 35.771660 2.086626
v 62.447536 42.829617 -2.160704
v 57.751343 43.883331 -2.160704
v 61.928497 35.203041 5.066850
v 57.157761 34.078651 5.939957
v 63.140511 29.320875 -2.160703
v 58.413944 27.724241 -2.160703
v 62.372993 35.203041 -9.782260
v 57.607777 34.920338 -10.923286
v 37.105747 30.528791 -12.491410
v 35.844040 35.460045 -14.792376
v 40.369064 35.460045 -12.308594
v 37.105747 40.548714 -12.491411
v 41.937225 42.980606 -4.119678
v -73.134766 35.771660 2.086626
v -76.947495 34.438457 5.071579
v -74.697403 32.093300 3.416775
v -74.697403 32.093300 3.416775
v -73.457787 32.533417 -2.118151
v -73.134766 35.771660 2.086626
v -76.947495 34.438457 5.071579
v -73.134766 35.771660 2.086626
v -80.511742 39.122341 3.878543
v -72.941505 39.379345 -2.428625
v -80.384743 39.202656 -1.306510
v -73.457787 32.533417 -2.118151
v -74.697403 32.093300 3.416775
v -79.167213 32.183250 2.635077
v -79.167213 32.183250 2.635077
v -77.557640 35.594971 -0.400308
v -73.457787 32.533417 -2.118151
v -79.103706 35.328331 -5.665737
v -72.828308 36.054363 -5.782362
v -79.426727 37.432545 -5.965178
v -72.941505 39.379345 -2.428625
v -80.384743 39.202656 -1.306510
v -52.497456 34.920338 5.255970
v -53.759159 28.196486 -2.160703
v -44.941025 32.700470 2.740669
v -45.818974 30.368164 -2.160703
v -32.729809 29.847733 -2.535792
v -45.818974 30.368164 -2.160703
v -42.969780 33.423290 -7.544333
v -44.319832 39.697388 -2.160704
v -44.190071 37.962616 1.832890
v -32.793308 37.888725 4.171680
v -32.428879 41.843365 -2.233201
v -44.319832 39.697388 -2.160704
v -32.450966 38.685436 -7.914695
v -42.218830 38.515171 -5.903714
v -44.941025 32.700470 2.740669
v -45.818974 30.368164 -2.160703
v -32.646984 32.822548 4.378137
v -32.729809 29.847733 -2.535792
v -45.818974 30.368164 -2.160703
v -53.759159 28.196486 -2.160703
v -47.185589 34.171814 -8.568737
v -51.398640 34.920338 -9.593139
v -51.583614 41.486774 -2.160704
v -44.941025 32.700470 2.740669
v -44.190071 37.962616 1.832890
v -52.497456 34.920338 5.255970
v -44.319832 39.697388 -2.160704
v -42.218830 38.515171 -5.903714
v -47.185589 34.171814 -8.568737
v -42.969780 33.423290 -7.544333
v -45.818974 30.368164 -2.160703
v -57.157761 34.078651 5.939957
v -57.607777 34.920338 -10.923286
v -57.751343 43.883331 -2.160704
v -48.121517 29.674255 -5.022727
v -49.755936 28.623755 -3.683123
v -50.658733 31.103836 -9.900459
v -50.658733 39.816254 -9.900460
v -48.121517 41.242622 -5.022728
v -46.075729 42.119644 -7.996647
v -45.846581 40.873180 -3.902189
v -43.709686 41.242622 -5.270160
v -60.525990 29.793119 -2.160703
v -60.537033 34.920338 -7.498630
v -53.759159 28.196486 -2.160703
v -45.846581 30.043697 -3.902188
v -46.075729 28.797232 -7.996646
v -43.709686 29.674255 -5.270159
v -41.567272 31.103836 -10.426844
v -61.674500 35.418282 -8.362280
v -72.828308 36.054363 -5.782362
v -61.809780 41.419312 -2.200105
v -72.941505 39.379345 -2.428625
v -73.134766 35.771660 2.086626
v -61.809780 41.419312 -2.200105
v -62.447536 42.829617 -2.160704
v -57.751343 43.883331 -2.160704
v -62.372993 35.203041 -9.782260
v -57.607777 34.920338 -10.923286
v -58.413944 27.724241 -2.160703
v -46.304878 30.557705 -12.089529
v -46.445683 35.460045 -14.628472
v -40.369064 35.460045 -12.308594
v -46.304878 40.362385 -12.089530
v -41.567272 39.816254 -10.426845
v -54.540478 30.528791 -11.687648
v -55.785618 35.460045 -13.982310
v -52.130260 35.460045 -11.708137
v -54.540478 40.548714 -11.687649
v -49.755936 42.980606 -3.683124
v -72.828308 36.054363 -5.782362
v -61.674500 35.418282 -8.362280
v -73.457787 32.533417 -2.118151
v -62.107952 30.390652 -2.200104
v -61.495045 35.418282 3.659478
v -62.372993 35.203041 -9.782260
v -57.607777 34.920338 -10.923286
v -63.140511 29.320875 -2.160703
v -58.413944 27.724241 -2.160703
v -61.928497 35.203041 5.066850
v -57.157761 34.078651 5.939957
v -62.447536 42.829617 -2.160704
v -57.751343 43.883331 -2.160704
v -60.525990 29.793119 -2.160703
v -53.759159 28.196486 -2.160703
v -59.855103 34.920338 3.268629
v -52.497456 34.920338 5.255970
v -61.174786 41.056293 -2.160704
v -51.583614 41.486774 -2.160704
v -51.398640 34.920338 -9.593139
v -41.937225 42.980606 -4.119678
v -37.105747 40.548714 -12.491411
v -35.844040 35.460045 -14.792376
v -37.105747 30.528791 -12.491410
v -41.937225 28.623755 -4.119677
v 50.782970 28.061560 -2.496392
v 41.683228 26.362123 -5.935233
v 47.831627 26.362123 -5.106255
v 32.428879 41.843365 -2.233201
v 32.793308 37.888725 4.171680
v 44.190071 37.962616 1.832890
v 32.646984 32.822548 4.378137
v 44.941025 32.700470 2.740669
v 32.729809 29.847733 -2.535792
v 45.818974 30.368164 -2.160703
v 44.319832 39.697388 -2.160704
v 42.218830 38.515171 -5.903714
v 32.450966 38.685436 -7.914695
v 42.969780 33.423290 -7.544333
v 31.973337 32.372791 -7.881598
v 45.818974 30.368164 -2.160703
v 32.729809 29.847733 -2.535792
v 38.237694 28.061560 -4.157501
v 46.155796 30.165773 2.231620
v 40.747299 30.165773 1.345905
v 45.109436 35.460045 5.856428
v 40.785954 35.460045 5.238634
v 46.155796 40.754314 2.231619
v 40.747299 40.754314 1.345904
v 50.782970 43.051281 -2.496393
v 38.237694 43.051281 -4.157502
v 47.831627 45.255089 -5.106256
v 41.683228 45.255089 -5.935235
v -80.511742 39.122341 3.878543
v -81.182625 35.745960 4.269392
v -76.947495 34.438457 5.071579
v -79.089905 30.907871 4.067664
v -74.697403 32.093300 3.416775
v -87.935654 32.825760 3.129942
v -86.488968 33.008873 -4.282005
v -85.025719 35.209465 3.864359
v -74.697403 32.093300 3.416775
v -79.089905 30.907871 4.067664
v -79.167213 32.183250 2.635077
v -84.200226 31.752769 3.479815
v -84.249924 33.262665 4.590898
v -84.274773 32.649071 2.699693
v -84.329987 33.985489 3.525518
v -79.658638 34.252129 4.214232
v -84.329987 33.985489 3.525518
v -79.542686 33.047424 5.689372
v -84.249924 33.262665 4.590898
v -89.376816 33.914810 2.535787
v -87.935654 32.825760 3.129942
v -86.607681 37.255856 3.115757
v -85.025719 35.209465 3.864359
v -87.935654 33.786308 -4.521557
v -87.935654 32.825760 3.129942
v -86.488968 33.008873 -4.282005
v -79.103706 35.328331 -5.665737
v -83.736404 35.431129 -5.074736
v -84.832458 36.889626 -5.347385
v -87.935654 33.786308 -4.521557
v -89.376816 33.914810 2.535787
v -84.274773 32.649071 2.699693
v -84.329987 33.985489 3.525518
v -79.658638 34.252129 4.214232
v -81.182625 35.745960 4.269392
v -84.200226 31.752769 3.479815
v -80.384743 39.202656 -1.306510
v -79.426727 37.432545 -5.965178
v -81.182625 35.745960 4.269392
v -77.557640 35.594971 -0.400308
v -79.658638 34.252129 4.214232
v -84.274773 32.649071 2.699693
v -84.200226 31.752769 3.479815
v 79.542686 33.047424 5.689372
v 74.697403 32.093300 3.416775
v 79.089905 30.907871 4.067664
v 86.488968 33.008873 -4.282005
v 87.935654 32.825760 3.129942
v 83.736404 35.431129 -5.074736
v 85.025719 35.209465 3.864359
v 81.182625 35.745960 4.269392
v 76.947495 34.438457 5.071579
v 79.658638 34.252129 4.214232
v 81.182625 35.745960 4.269392
v 84.274773 32.649071 2.699693
v 84.329987 33.985489 3.525518
v 84.200226 31.752769 3.479815
v 84.249924 33.262665 4.590898
v 84.200226 31.752769 3.479815
v 84.249924 33.262665 4.590898
v 84.329987 33.985489 3.525518
v 84.200226 31.752769 3.479815
v 79.089905 30.907871 4.067664
v 79.167213 32.183250 2.635077
v 74.697403 32.093300 3.416775
v 81.182625 35.745960 4.269392
v 85.025719 35.209465 3.864359
v 86.607681 37.255856 3.115757
v 87.935654 32.825760 3.129942
v 89.376816 33.914810 2.535787
v 87.935654 32.825760 3.129942
v 87.935654 33.786308 -4.521557
v 86.488968 33.008873 -4.282005
v 87.935654 33.786308 -4.521557
v 84.832458 36.889626 -5.347385
v 89.376816 33.914810 2.535787
v 79.658638 34.252129 4.214232
v 84.329987 33.985489 3.525518
v 84.274773 32.649071 2.699693
v 79.103706 35.328331 -5.665737
v 77.557640 35.594971 -0.400308
v 79.658638 34.252129 4.214232
v 84.274773 32.649071 2.699693
v 79.426727 37.432545 -5.965178
v 80.384743 39.202656 -1.306510
v 80.511742 39.122341 3.878543
v -32.646984 32.822548 4.378137
v -32.793308 37.888725 4.171680
v -44.941025 32.700470 2.740669
v -44.190071 37.962616 1.832890
v -42.218830 38.515171 -5.903714
v -32.450966 38.685436 -7.914695
v -42.969780 33.423290 -7.544333
v -31.973337 32.372791 -7.881598
v -32.729809 29.847733 -2.535792
v -40.747299 30.165773 1.345905
v -40.785954 35.460045 5.238634
v -45.109436 35.460045 5.856428
v -40.747299 40.754314 1.345904
v -46.155796 40.754314 2.231619
v -38.237694 43.051281 -4.157502
v -50.782970 43.051281 -2.496393
v -41.683228 45.255089 -5.935235
v -47.831627 45.255089 -5.106256
v -46.155796 30.165773 2.231620
v -50.782970 28.061560 -2.496392
v -38.237694 28.061560 -4.157501
v -47.831627 26.362123 -5.106255
v -41.683228 26.362123 -5.935233
vn 0.0315 0.5508 -0.8341
vn -0.0548 0.9933 -0.1017
vn 0.1810 0.9681 -0.1732
vn 0.1810 0.9681 -0.1731
vn -0.0471 0.7219 0.6904
vn -0.5033 0.1966 0.8415
vn -0.1336 0.1336 0.9820
vn -0.5817 -0.7468 0.3223
vn 0.3314 -0.5050 -0.7970
vn 0.0783 -0.9707 -0.2270
vn -0.5033 0.1967 0.8414
vn -0.0548 0.9933 -0.1016
vn 0.0078 -0.0472 -0.9989
vn 0.1100 -0.7699 -0.6286
vn 0.0783 -0.9707 -0.2271
vn 0.6552 -0.6789 -0.3315
vn 0.3315 -0.5050 -0.7969
vn -0.0314 0.9830 -0.1809
vn -0.0158 -0.0079 -0.9998
vn -0.1889 -0.1653 -0.9680
vn -0.0000 -0.9876 -0.1568
vn -0.0394 -0.9922 -0.1181
vn 0.0078 -0.2902 -0.9569
vn 0.0157 0.6062 -0.7951
vn -0.0315 0.9830 -0.1809
vn 0.0628 0.9980 -0.0000
vn -0.0315 0.5361 0.8436
vn -0.0629 0.0235 0.9977
vn -0.0707 -0.4555 0.8874
vn -0.0628 0.0236 0.9977
vn -0.0394 -0.9922 -0.1182
vn -0.7613 -0.0785 -0.6436
vn -0.7787 -0.0865 0.6214
vn -0.4936 0.8697 0.0078
vn -0.0157 -0.0079 -0.9998
vn 0.1810 -0.0000 -0.9835
vn 0.2278 -0.9737 -0.0000
vn -0.2902 -0.9568 -0.0157
vn -0.0550 -0.9974 -0.0471
vn 0.2830 -0.8883 -0.3616
vn -0.0000 -0.8284 -0.5602
vn 0.0235 -0.8306 -0.5564
vn 0.0628 -0.9969 -0.0471
vn -0.0000 -0.9989 -0.0472
vn -0.0157 -0.9568 0.2902
vn 0.0552 0.8044 -0.5915
vn 0.0157 0.9974 -0.0707
vn -0.0000 0.9989 -0.0472
vn -0.0157 0.9568 0.2902
vn -0.0000 0.9975 -0.0707
vn 0.1491 0.9888 -0.0078
vn -0.0547 0.9933 -0.1016
vn 0.2036 -0.0157 -0.9789
vn 0.2277 -0.9737 -0.0001
vn 0.1962 -0.0000 0.9806
vn 0.1337 0.9910 -0.0000
vn -0.0314 0.9830 -0.1808
vn 0.1490 0.9888 -0.0079
vn 0.1719 -0.0234 0.9848
vn -0.0547 0.9933 -0.1017
vn 0.2589 -0.0393 -0.9651
vn -0.7613 -0.0784 -0.6436
vn 0.1490 0.9883 0.0314
vn -0.4935 0.8697 0.0079
vn 0.0392 -0.7446 -0.6663
vn 0.0551 -0.0000 -0.9985
vn -0.0315 -0.0000 -0.9995
vn 0.0392 0.7446 -0.6663
vn -0.0236 0.8081 -0.5885
vn -0.4011 0.7944 -0.4562
vn -0.4496 0.5522 -0.7021
vn -0.4877 -0.0000 -0.8730
vn -0.4257 -0.5992 -0.6780
vn -0.2753 -0.8808 -0.3853
vn 0.2037 -0.0156 -0.9789
vn 0.1886 -0.9820 -0.0078
vn -0.5033 0.1966 0.8414
vn 0.1491 0.9883 0.0313
vn -0.4936 0.8697 0.0079
vn 0.2275 -0.0471 0.9726
vn 0.3139 -0.9495 -0.0000
vn 0.2589 -0.0392 -0.9651
vn 0.4004 -0.6280 -0.6673
vn 0.4629 -0.0000 -0.8864
vn 0.0707 -0.0000 -0.9975
vn 0.4251 0.5825 -0.6928
vn 0.4108 0.8058 -0.4266
vn 0.5033 0.1966 0.8415
vn 0.1335 0.1335 0.9820
vn 0.5817 -0.7468 0.3223
vn -0.0783 -0.9707 -0.2271
vn 0.0471 0.7218 0.6905
vn 0.0547 0.9933 -0.1017
vn -0.1810 0.9681 -0.1731
vn -0.0783 -0.9707 -0.2270
vn 0.5818 -0.7468 0.3223
vn -0.3314 -0.5050 -0.7970
vn -0.6552 -0.6789 -0.3315
vn -0.1100 -0.7699 -0.6286
vn -0.0078 -0.0472 -0.9989
vn -0.0315 0.5508 -0.8341
vn -0.1810 0.9681 -0.1732
vn 0.0158 0.1809 0.9834
vn 0.0707 -0.4555 0.8874
vn 0.0393 -0.9922 -0.1181
vn -0.0550 -0.9980 -0.0314
vn 0.0394 -0.9922 -0.1181
vn -0.0079 -0.2902 -0.9569
vn -0.0629 0.9980 -0.0000
vn 0.0316 0.5361 0.8436
vn -0.1575 0.5514 0.8192
vn -0.1576 0.5514 0.8192
vn -0.1414 0.9898 0.0157
vn -0.1341 0.4495 -0.8832
vn -0.0157 0.6062 -0.7952
vn 0.0707 -0.4554 0.8875
vn -0.1175 -0.4935 0.8618
vn 0.1889 -0.1653 -0.9680
vn 0.0158 -0.0079 -0.9998
vn 0.0471 0.9810 -0.1883
vn 0.0315 0.5361 0.8435
vn 0.0157 0.1810 0.9834
vn -0.0628 0.9980 -0.0000
vn -0.0157 0.6062 -0.7951
vn -0.0078 -0.2902 -0.9569
vn 0.7787 -0.0865 0.6214
vn 0.7613 -0.0785 -0.6436
vn 0.4936 0.8697 0.0078
vn -0.0628 -0.9969 -0.0471
vn 0.2753 -0.8808 -0.3853
vn -0.0235 -0.8306 -0.5564
vn 0.0235 0.8082 -0.5885
vn 0.0157 0.9568 0.2902
vn -0.0157 0.9974 -0.0707
vn -0.2277 -0.9737 -0.0000
vn -0.1810 -0.0000 -0.9835
vn 0.0158 -0.9568 0.2902
vn 0.0550 -0.9974 -0.0471
vn -0.2037 -0.0157 -0.9789
vn -0.0079 -0.0472 -0.9989
vn -0.1491 0.9888 -0.0078
vn 0.0548 0.9933 -0.1017
vn 0.5034 0.1966 0.8414
vn -0.1491 0.9888 -0.0079
vn -0.1491 0.9883 0.0314
vn -0.2589 -0.0393 -0.9651
vn 0.2902 -0.9568 -0.0157
vn -0.0392 -0.7447 -0.6663
vn -0.0551 -0.0000 -0.9985
vn -0.0707 -0.0000 -0.9975
vn -0.0392 0.7447 -0.6663
vn -0.0552 0.8044 -0.5915
vn 0.4257 -0.5992 -0.6780
vn 0.4877 -0.0000 -0.8730
vn 0.0315 -0.0000 -0.9995
vn 0.4496 0.5522 -0.7021
vn 0.4011 0.7944 -0.4562
vn -0.2036 -0.0156 -0.9789
vn -0.1886 -0.9820 -0.0079
vn -0.1720 -0.0234 0.9848
vn -0.2589 -0.0392 -0.9651
vn -0.3139 -0.9495 -0.0000
vn -0.2275 -0.0470 0.9727
vn 0.7787 -0.0866 0.6214
vn -0.1490 0.9883 0.0313
vn 0.4935 0.8697 0.0078
vn -0.2278 -0.9737 -0.0000
vn -0.0001 -0.9876 -0.1568
vn -0.2514 -0.0550 0.9663
vn 0.0157 0.1809 0.9834
vn -0.1496 0.9372 0.3150
vn 0.0157 -0.0079 -0.9998
vn -0.4108 0.8058 -0.4266
vn -0.4251 0.5825 -0.6928
vn -0.4628 -0.0000 -0.8864
vn -0.4004 -0.6280 -0.6673
vn -0.2830 -0.8883 -0.3616
vn -0.0628 -0.8713 0.4867
vn -0.0785 -0.7928 0.6044
vn 0.1414 0.9898 0.0157
vn 0.1576 0.5514 0.8192
vn 0.1175 -0.4935 0.8617
vn 0.0550 -0.9980 -0.0314
vn 0.0629 0.9980 -0.0000
vn 0.0158 0.6062 -0.7951
vn 0.1341 0.4495 -0.8832
vn 0.0079 -0.2903 -0.9569
vn 0.0551 -0.5114 -0.8576
vn 0.0550 -0.9980 -0.0315
vn -0.0864 -0.7856 0.6127
vn -0.1491 -0.0000 0.9888
vn -0.0865 0.7787 0.6214
vn -0.0708 0.8263 0.5587
vn -0.0866 0.7084 0.7005
vn -0.2901 -0.5488 0.7840
vn 0.1335 0.1336 0.9820
vn 0.0626 -0.9929 0.1016
vn -0.3293 -0.7450 0.5802
vn 0.0393 -0.7372 -0.6745
vn 0.0940 -0.5720 0.8149
vn 0.0625 -0.9928 0.1017
vn -0.6696 -0.7406 0.0552
vn -0.6818 0.0627 0.7289
vn -0.3622 0.1417 -0.9213
vn -0.6274 0.7685 -0.1255
vn -0.7397 0.6611 -0.1259
vn -0.0865 0.1650 0.9825
vn -0.6818 0.0627 0.7288
vn -0.9499 0.2433 0.1962
vn -0.3293 -0.7449 0.5803
vn -0.4493 0.5911 0.6699
vn 0.0941 -0.5720 0.8149
vn -0.9499 0.2433 0.1963
vn -0.6818 -0.5094 -0.5251
vn -0.1100 -0.7700 -0.6285
vn 0.1653 -0.7717 -0.6142
vn -0.3924 0.3924 -0.8319
vn -0.9499 0.2434 0.1963
vn -0.3623 0.1417 -0.9212
vn -0.6273 0.7686 -0.1255
vn -0.7397 0.6610 -0.1259
vn -0.6697 -0.7406 0.0551
vn -0.1811 0.9681 -0.1732
vn -0.6818 -0.5094 -0.5250
vn -0.6552 -0.6789 -0.3316
vn 0.0865 0.1650 0.9825
vn -0.0625 -0.9929 0.1016
vn -0.0392 -0.7372 -0.6745
vn 0.3293 -0.7449 0.5802
vn -0.1653 -0.7716 -0.6142
vn -0.0940 -0.5720 0.8149
vn 0.2900 -0.5488 0.7840
vn -0.1336 0.1335 0.9820
vn 0.7397 0.6610 -0.1259
vn 0.2901 -0.5488 0.7840
vn 0.3622 0.1417 -0.9213
vn 0.6274 0.7685 -0.1254
vn 0.6697 -0.7406 0.0551
vn 0.6818 0.0627 0.7289
vn 0.6697 -0.7406 0.0552
vn 0.6818 0.0627 0.7288
vn 0.6274 0.7685 -0.1255
vn -0.0625 -0.9928 0.1017
vn -0.5816 -0.7469 0.3223
vn -0.0940 -0.5720 0.8148
vn 0.4493 0.5911 0.6699
vn 0.9499 0.2434 0.1962
vn 0.9499 0.2433 0.1963
vn 0.3293 -0.7449 0.5803
vn 0.6818 -0.5094 -0.5250
vn -0.0393 -0.7372 -0.6745
vn 0.6818 -0.5094 -0.5251
vn 0.3924 0.3924 -0.8319
vn 0.7397 0.6611 -0.1259
vn 0.3623 0.1417 -0.9212
vn 0.1100 -0.7700 -0.6285
vn 0.3622 0.1418 -0.9213
vn 0.1811 0.9681 -0.1732
vn -0.0471 0.7218 0.6905
vn -0.1335 0.1336 0.9820
vn -0.1175 -0.4936 0.8617
vn 0.0708 -0.4555 0.8874
vn 0.0315 0.5361 0.8436
vn -0.0158 0.6062 -0.7952
vn -0.1340 0.4494 -0.8832
vn -0.0551 -0.5114 -0.8576
vn -0.0550 -0.9980 -0.0315
vn 0.0864 -0.7856 0.6127
vn 0.1491 -0.0000 0.9888
vn 0.0865 0.7787 0.6214
vn 0.0708 0.8263 0.5587
vn 0.0708 0.8263 0.5588
vn 0.0866 0.7083 0.7005
vn 0.0866 0.7084 0.7005
vn 0.0628 -0.8713 0.4867
vn 0.0785 -0.7928 0.6044
vt 0.401337 0.159058
vt 0.467133 0.119110
vt 0.467133 0.159058
vt 0.405212 0.159058
vt 0.405212 0.115143
vt 0.463287 0.159058
vt 0.471008 0.119110
vt 0.486511 0.135101
vt 0.494263 0.119110
vt 0.323914 0.147095
vt 0.316193 0.135101
vt 0.370392 0.111145
vt 0.316193 0.111145
vt 0.401337 0.111145
vt 0.393616 0.155060
vt 0.354889 0.151062
vt 0.410187 0.340485
vt 0.366333 0.340485
vt 0.354370 0.295380
vt 0.318481 0.340485
vt 0.318481 0.246796
vt 0.342407 0.246796
vt 0.388275 0.246796
vt 0.410187 0.246796
vt 0.436127 0.246796
vt 0.462036 0.340485
vt 0.479980 0.246796
vt 0.497925 0.246796
vt 0.497925 0.340485
vt 0.492096 0.009979
vt 0.404480 0.009979
vt 0.217743 0.217529
vt 0.217743 0.300842
vt 0.194000 0.300842
vt 0.009979 0.131012
vt 0.009979 0.100433
vt 0.040833 0.131012
vt 0.040833 0.215118
vt 0.009979 0.215118
vt 0.021515 0.176910
vt 0.009979 0.176910
vt 0.118164 0.131012
vt 0.152954 0.131012
vt 0.137482 0.176910
vt 0.152954 0.176910
vt 0.152954 0.215118
vt 0.194000 0.217529
vt 0.370392 0.043243
vt 0.351013 0.115143
vt 0.316193 0.043243
vt 0.316223 0.107147
vt 0.316681 0.217529
vt 0.316681 0.300842
vt 0.288971 0.217529
vt 0.288971 0.300842
vt 0.253357 0.300842
vt 0.253357 0.217529
vt 0.343292 0.043243
vt 0.405243 0.043243
vt 0.316193 0.039246
vt 0.316193 0.009979
vt 0.370392 0.039246
vt 0.370392 0.009979
vt 0.040833 0.176910
vt 0.079498 0.176910
vt 0.079498 0.215118
vt 0.118164 0.176910
vt 0.118164 0.215118
vt 0.152954 0.245575
vt 0.118164 0.245575
vt 0.079498 0.245575
vt 0.040833 0.245575
vt 0.009979 0.245575
vt 0.494263 0.043243
vt 0.494263 0.107147
vt 0.447784 0.043243
vt 0.447784 0.107147
vt 0.405243 0.107147
vt 0.343292 0.039246
vt 0.343292 0.009979
vt 0.405243 0.039246
vt 0.405243 0.009979
vt 0.447784 0.039246
vt 0.447784 0.009979
vt 0.494263 0.039246
vt 0.494263 0.009979
vt 0.040833 0.100433
vt 0.079498 0.100433
vt 0.079498 0.131012
vt 0.118164 0.100433
vt 0.152954 0.100433
vt 0.318481 0.231262
vt 0.342407 0.231262
vt 0.410187 0.231262
vt 0.436127 0.231262
vt 0.436127 0.340485
vt 0.388275 0.340485
vt 0.388275 0.231262
vt 0.479980 0.231262
vt 0.497925 0.231262
vt 0.458069 0.340485
vt 0.087891 0.099579
vt 0.111298 0.025391
vt 0.111298 0.068329
vt 0.342407 0.340485
vt 0.091125 0.009979
vt 0.048798 0.099579
vt 0.048157 0.009979
vt 0.009979 0.085815
vt 0.009979 0.013977
vt 0.471008 0.167053
vt 0.494263 0.155060
vt 0.334381 0.223999
vt 0.370392 0.223999
vt 0.334381 0.195007
vt 0.316193 0.151062
vt 0.494232 0.218964
vt 0.494232 0.199005
vt 0.471008 0.218964
vt 0.471008 0.199005
vt 0.478760 0.167053
vt 0.478760 0.199005
vt 0.490356 0.163055
vt 0.490356 0.199005
vt 0.463287 0.223999
vt 0.471008 0.223999
vt 0.463287 0.195007
vt 0.471008 0.195007
vt 0.401337 0.223999
vt 0.401337 0.195007
vt 0.370392 0.191010
vt 0.401337 0.218964
vt 0.463287 0.218964
vt 0.482635 0.222961
vt 0.467133 0.222961
vt 0.468842 0.196747
vt 0.467133 0.167053
vt 0.494263 0.199005
vt 0.432312 0.159058
vt 0.334381 0.183014
vt 0.334381 0.159058
vt 0.323914 0.191010
vt 0.316193 0.183014
s 1
usemtl npc00_00
f 1189/336/885 1190/337/886 1191/338/887
f 1192/339/888 1193/340/886 1194/341/889
f 1194/341/889 1193/340/886 1195/342/890
f 1194/341/889 1195/342/890 1196/343/891
f 1196/343/891 1195/342/890 1197/344/892
f 1198/345/893 1199/346/892 1200/347/894
f 1200/347/894 1199/346/892 1201/348/895
f 1202/337/896 1203/336/885 1204/349/897
f 1204/349/897 1203/336/885 1205/350/898
f 1204/349/897 1205/350/898 1206/347/899
f 1206/347/899 1205/350/898 1207/351/900
f 1206/347/899 1207/351/900 1208/345/901
f 1209/352/902 1210/353/903 1211/354/904
f 1211/354/904 1210/353/903 1212/355/905
f 1211/354/904 1212/355/905 1213/356/906
f 1214/356/906 1215/357/907 1216/354/904
f 1216/354/904 1215/357/907 1217/358/908
f 1216/354/904 1217/358/908 1218/352/909
f 1218/352/909 1217/358/908 1219/359/910
f 1218/352/909 1219/359/910 1220/360/911
f 1221/361/912 1222/352/909 1223/360/911
f 1220/360/911 1224/362/913 1225/361/914
f 1225/361/914 1224/362/913 1226/363/915
f 1225/361/914 1226/363/915 1227/364/905
f 1228/365/916 1229/366/917 1230/365/918
f 1231/367/919 1232/368/920 1233/369/921
f 1229/366/917 1228/365/916 1234/366/922
f 1235/370/923 1236/371/924 1237/372/925
f 1238/373/926 1239/374/927 1240/375/928
f 1240/375/928 1239/374/927 1241/376/929
f 1242/377/930 1243/378/931 1244/379/932
f 1244/379/932 1243/378/931 1245/380/933
f 1244/379/932 1245/380/933 1246/381/934
f 1247/382/905 1231/367/919 1233/369/921
f 1248/383/935 1249/384/936 1250/385/937
f 1250/385/937 1249/384/936 1251/386/897
f 1252/387/905 1253/388/938 1254/389/914
f 1254/389/914 1253/388/938 1255/390/939
f 1254/389/914 1255/390/939 1256/391/940
f 1232/368/920 1231/367/919 1256/391/940
f 1256/391/940 1231/367/919 1257/392/941
f 1256/391/940 1257/392/941 1254/389/914
f 1258/393/942 1259/394/943 1249/384/944
f 1260/395/945 1261/396/946 1262/397/947
f 1262/397/947 1261/396/946 1263/398/948
f 1240/375/928 1264/399/949 1238/373/926
f 1238/373/926 1264/399/949 1265/400/950
f 1238/373/926 1265/400/950 1266/401/951
f 1266/401/951 1265/400/950 1267/402/952
f 1266/401/951 1267/402/952 1268/403/953
f 1269/404/954 1270/405/955 1268/403/953
f 1268/403/953 1270/405/955 1271/406/956
f 1268/403/953 1271/406/956 1266/401/951
f 1266/401/951 1271/406/956 1272/407/957
f 1266/401/951 1272/407/957 1238/373/926
f 1238/373/926 1272/407/957 1273/408/958
f 1238/373/926 1273/408/958 1239/374/927
f 1274/409/959 1275/410/897 1276/411/960
f 1276/411/960 1275/410/897 1277/412/894
f 1276/411/960 1277/412/894 1259/394/943
f 1259/394/943 1277/412/894 1278/413/961
f 1259/394/943 1278/413/961 1249/384/944
f 1279/414/962 1280/415/963 1281/416/964
f 1281/416/964 1280/415/963 1282/417/917
f 1281/416/964 1282/417/917 1283/418/965
f 1283/418/965 1282/417/917 1284/419/922
f 1283/418/965 1284/419/922 1285/420/966
f 1285/420/966 1284/419/922 1286/421/916
f 1236/371/924 1287/422/967 1237/372/925
f 1237/372/925 1287/422/967 1288/423/968
f 1237/372/925 1288/423/968 1289/424/969
f 1289/424/969 1288/423/968 1290/425/970
f 1289/424/969 1290/425/970 1242/377/930
f 1242/377/930 1290/425/970 1291/426/971
f 1242/377/930 1291/426/971 1243/378/931
f 1241/376/929 1235/370/923 1240/375/928
f 1240/375/928 1235/370/923 1237/372/925
f 1240/375/928 1237/372/925 1264/399/949
f 1264/399/949 1237/372/925 1289/424/969
f 1264/399/949 1289/424/969 1265/400/950
f 1265/400/950 1289/424/969 1242/377/930
f 1265/400/950 1242/377/930 1267/402/952
f 1267/402/952 1242/377/930 1244/379/932
f 1267/402/952 1244/379/932 1268/403/953
f 1268/403/953 1244/379/932 1246/381/934
f 1268/403/953 1246/381/934 1269/404/954
f 1292/342/972 1293/343/973 1294/344/974
f 1295/346/974 1296/347/975 1297/348/972
f 1298/343/973 1299/342/972 1300/341/976
f 1300/341/976 1299/342/972 1301/340/977
f 1300/341/976 1301/340/977 1302/339/978
f 1303/347/979 1304/346/980 1305/345/981
f 1306/345/981 1307/351/982 1308/347/979
f 1308/347/979 1307/351/982 1309/350/983
f 1308/347/979 1309/350/983 1310/349/984
f 1310/349/984 1309/350/983 1311/336/985
f 1310/349/984 1311/336/985 1312/337/977
f 1312/337/977 1311/336/985 1313/338/986
f 1314/361/987 1315/364/905 1316/362/988
f 1316/362/988 1315/364/905 1317/363/989
f 1318/355/990 1319/427/991 1320/428/992
f 1321/429/993 1322/430/994 1323/431/995
f 1323/431/996 1324/352/997 1325/429/993
f 1325/429/993 1324/352/997 1326/432/998
f 1325/429/993 1326/432/998 1327/433/999
f 1328/434/1000 1329/435/991 1330/436/1001
f 1330/436/1001 1329/435/991 1331/364/990
f 1332/356/991 1333/355/905 1334/354/1002
f 1334/354/1002 1333/355/905 1335/353/1003
f 1334/354/1002 1335/353/1003 1336/352/1004
f 1337/362/988 1338/360/1005 1339/361/1006
f 1339/361/1006 1338/360/1005 1340/359/1007
f 1339/361/1006 1340/359/1007 1336/352/1004
f 1336/352/1004 1340/359/1007 1341/358/1008
f 1336/352/1004 1341/358/1008 1342/354/1002
f 1342/354/1002 1341/358/1008 1343/357/1009
f 1342/354/1002 1343/357/1009 1344/356/991
f 1345/365/1010 1346/366/1011 1347/365/1012
f 1348/374/1013 1349/408/1014 1350/373/1015
f 1351/403/1016 1352/381/934 1353/379/932
f 1353/379/932 1352/381/934 1354/380/1017
f 1353/379/932 1354/380/1017 1355/378/1018
f 1356/369/1019 1357/368/1020 1358/382/905
f 1359/376/1021 1360/375/928 1361/370/1022
f 1361/370/1022 1360/375/928 1362/372/925
f 1363/385/1023 1364/386/1024 1365/383/1025
f 1365/383/1025 1364/386/1024 1366/384/1026
f 1366/384/977 1367/413/1027 1368/393/1028
f 1369/397/1029 1370/398/1012 1371/395/1030
f 1371/395/1030 1370/398/1012 1372/396/1011
f 1346/366/1011 1345/365/1010 1373/366/1031
f 1360/375/928 1374/399/1032 1362/372/925
f 1362/372/925 1374/399/1032 1375/400/1033
f 1362/372/925 1375/400/1033 1376/424/1034
f 1376/424/1034 1375/400/1033 1377/402/1035
f 1376/424/1034 1377/402/1035 1378/377/1036
f 1349/408/1014 1379/407/1037 1350/373/1015
f 1350/373/1015 1379/407/1037 1380/406/1038
f 1350/373/1015 1380/406/1038 1381/401/1039
f 1381/401/1039 1380/406/1038 1382/405/1040
f 1381/401/1039 1382/405/1040 1351/403/1016
f 1351/403/1016 1382/405/1040 1383/404/1041
f 1351/403/1016 1383/404/1041 1352/381/934
f 1384/410/984 1385/409/1042 1386/412/979
f 1386/412/979 1385/409/1042 1387/411/1043
f 1386/412/979 1387/411/1043 1367/413/1027
f 1367/413/1027 1387/411/1043 1388/394/1044
f 1367/413/1027 1388/394/1044 1368/393/1028
f 1389/420/1045 1390/421/1011 1391/418/1046
f 1391/418/1046 1390/421/1011 1392/419/1031
f 1391/418/1046 1392/419/1031 1393/416/1047
f 1393/416/1047 1392/419/1031 1394/417/1048
f 1393/416/1047 1394/417/1048 1395/414/1049
f 1395/414/1049 1394/417/1048 1396/415/1050
f 1397/388/1051 1398/387/1052 1399/390/1053
f 1399/390/1053 1398/387/1052 1400/389/1054
f 1399/390/1053 1400/389/1054 1401/391/1055
f 1401/391/1055 1400/389/1054 1402/392/1004
f 1401/391/1055 1402/392/1004 1357/368/1020
f 1357/368/1020 1402/392/1004 1403/367/1056
f 1357/368/1020 1403/367/1056 1358/382/905
f 1404/426/1057 1405/425/1058 1378/377/1036
f 1378/377/1036 1405/425/1058 1406/423/1059
f 1378/377/1036 1406/423/1059 1376/424/1034
f 1376/424/1034 1406/423/1059 1407/422/1060
f 1376/424/1034 1407/422/1060 1362/372/925
f 1362/372/925 1407/422/1060 1408/371/1061
f 1362/372/925 1408/371/1061 1361/370/1022
f 1359/376/1021 1348/374/1013 1360/375/928
f 1360/375/928 1348/374/1013 1350/373/1015
f 1360/375/928 1350/373/1015 1374/399/1032
f 1374/399/1032 1350/373/1015 1381/401/1039
f 1374/399/1032 1381/401/1039 1375/400/1033
f 1375/400/1033 1381/401/1039 1351/403/1016
f 1375/400/1033 1351/403/1016 1377/402/1035
f 1377/402/1035 1351/403/1016 1353/379/932
f 1377/402/1035 1353/379/932 1378/377/1036
f 1378/377/1036 1353/379/932 1355/378/1018
f 1378/377/1036 1355/378/1018 1404/426/1057
f 1409/437/1062 1410/438/1063 1411/439/1063
f 1412/352/1064 1413/431/1065 1414/430/911
f 1414/430/911 1413/431/1065 1415/436/1066
f 1414/430/911 1415/436/1066 1416/434/913
f 1416/434/913 1415/436/1066 1417/364/1067
f 1416/434/913 1417/364/1067 1418/435/906
f 1414/430/911 1419/429/1068 1412/352/1064
f 1412/352/1064 1419/429/1068 1420/433/1069
f 1412/352/1064 1420/433/1069 1421/432/1070
f 1421/432/1070 1420/433/1069 1422/428/1071
f 1421/432/1070 1422/428/1071 1423/440/1072
f 1423/440/1072 1422/428/1071 1424/427/915
f 1423/440/1072 1424/427/915 1425/355/1073
f 1410/438/1063 1409/437/1062 1426/441/1062
f 1426/441/1062 1409/437/1062 1427/442/1074
f 1426/441/1062 1427/442/1074 1428/443/1074
f 1428/443/1074 1427/442/1074 1429/444/1075
f 1428/443/1074 1429/444/1075 1430/445/1075
f 1430/445/1075 1429/444/1075 1431/442/1076
f 1430/445/1075 1431/442/1076 1432/443/1076
f 1432/443/1076 1431/442/1076 1433/437/1077
f 1432/443/1076 1433/437/1077 1434/441/1077
f 1434/441/1077 1433/437/1077 1435/439/1078
f 1434/441/1077 1435/439/1078 1436/438/1078
f 1437/341/976 1438/446/1079 1439/343/1080
f 1440/447/1081 1441/344/974 1439/343/973
f 1442/448/1082 1443/449/1083 1444/450/1084
f 1445/346/980 1446/451/1085 1447/345/981
f 1448/452/1086 1449/453/1087 1450/454/1088
f 1450/454/1088 1449/453/1087 1451/455/1089
f 1452/456/1090 1453/457/1089 1454/458/1091
f 1454/458/1091 1453/457/1089 1455/459/1092
f 1456/460/1093 1457/461/1094 1458/462/1095
f 1458/462/1095 1457/461/1094 1459/463/1096
f 1458/462/1095 1459/463/1096 1438/446/1079
f 1456/460/1097 1460/464/1098 1461/462/1094
f 1461/462/1094 1460/464/1098 1462/465/1083
f 1463/350/1099 1464/466/1100 1465/465/1101
f 1466/467/1098 1467/468/1102 1465/465/1101
f 1465/465/1101 1467/468/1102 1458/462/1095
f 1468/469/1103 1469/470/1104 1470/471/1105
f 1471/472/1079 1452/456/1090 1439/343/973
f 1439/343/973 1452/456/1090 1454/458/1091
f 1439/343/973 1454/458/1091 1440/447/1081
f 1440/447/1081 1454/458/1091 1455/459/1092
f 1440/447/1081 1455/459/1092 1472/473/1106
f 1438/446/1079 1437/341/976 1458/462/1095
f 1458/462/1095 1437/341/976 1473/474/1107
f 1458/462/1095 1473/474/1107 1465/465/1101
f 1465/465/1101 1473/474/1107 1474/336/985
f 1465/465/1101 1474/336/985 1463/350/1099
f 1460/464/1108 1465/465/1101 1443/449/1083
f 1443/449/1083 1465/465/1101 1464/466/1100
f 1443/449/1083 1464/466/1100 1444/450/1084
f 1444/450/1084 1464/466/1100 1463/350/1099
f 1444/450/1084 1463/350/1099 1475/475/1079
f 1475/475/1079 1463/350/1099 1476/351/1109
f 1475/475/1079 1476/351/1109 1477/476/1090
f 1477/476/1090 1476/351/1109 1447/345/981
f 1477/476/1090 1447/345/981 1478/477/1103
f 1478/477/1103 1447/345/981 1446/451/1085
f 1478/477/1103 1446/451/1085 1479/478/1106
f 1480/458/1110 1481/344/892 1482/447/1111
f 1483/449/1112 1484/448/1113 1485/466/1114
f 1485/466/1114 1484/448/1113 1486/450/1115
f 1485/466/1114 1486/450/1115 1487/475/1116
f 1481/344/892 1480/458/1110 1488/343/1117
f 1488/343/1117 1480/458/1110 1489/456/1118
f 1488/343/1117 1489/456/1118 1490/472/1119
f 1491/454/1120 1492/455/1121 1493/452/1122
f 1493/452/1122 1492/455/1121 1494/453/1123
f 1482/447/1111 1495/473/1124 1480/458/1110
f 1480/458/1110 1495/473/1124 1496/459/1125
f 1480/458/1110 1496/459/1125 1489/456/1118
f 1489/456/1118 1496/459/1125 1497/457/1126
f 1498/478/1122 1499/451/1127 1500/345/893
f 1500/345/893 1499/451/1127 1501/346/1128
f 1502/446/1119 1503/463/1129 1504/462/1130
f 1504/462/1130 1503/463/1129 1505/461/1113
f 1504/462/1130 1505/461/1113 1506/460/1131
f 1506/460/1132 1507/462/1133 1508/464/1134
f 1508/464/1134 1507/462/1133 1509/465/1135
f 1510/467/1136 1511/465/1137 1512/468/1132
f 1512/468/1132 1511/465/1137 1504/462/1130
f 1513/471/1138 1514/470/1126 1515/469/1139
f 1508/464/1134 1483/449/1112 1511/465/1137
f 1511/465/1137 1483/449/1112 1485/466/1114
f 1511/465/1137 1485/466/1114 1516/350/1140
f 1516/350/1140 1485/466/1114 1487/475/1116
f 1516/350/1140 1487/475/1116 1517/351/900
f 1517/351/900 1487/475/1116 1518/476/1138
f 1517/351/900 1518/476/1138 1500/345/893
f 1500/345/893 1518/476/1138 1519/477/1141
f 1500/345/893 1519/477/1141 1498/478/1122
f 1516/350/1140 1520/336/885 1511/465/1137
f 1511/465/1137 1520/336/885 1521/474/1142
f 1511/465/1137 1521/474/1142 1504/462/1130
f 1504/462/1130 1521/474/1142 1522/341/1143
f 1504/462/1130 1522/341/1143 1502/446/1119
f 1502/446/1119 1522/341/1143 1488/343/1144
f 1523/436/1145 1524/431/995 1525/434/1146
f 1525/434/1146 1524/431/995 1526/430/1147
f 1527/433/1148 1528/432/1149 1529/428/992
f 1529/428/992 1528/432/1149 1530/440/1150
f 1529/428/992 1530/440/1150 1531/355/1151
f 1532/443/1152 1533/445/1153 1534/444/1153
f 1534/444/1153 1533/445/1153 1535/443/1154
f 1534/444/1153 1535/443/1154 1536/442/1154
f 1536/442/1154 1535/443/1154 1537/441/1155
f 1536/442/1154 1537/441/1155 1538/437/1156
f 1538/437/1156 1537/441/1155 1539/438/1157
f 1538/437/1156 1539/438/1157 1540/439/1158
f 1534/444/1153 1541/442/1152 1532/443/1152
f 1532/443/1152 1541/442/1152 1542/437/1159
f 1532/443/1152 1542/437/1159 1543/441/1159
f 1543/441/1159 1542/437/1159 1544/439/1160
f 1543/441/1159 1544/439/1160 1545/438/1160
o npc_00-0001-10
v 15.466250 -32.941410 15.008289
v 27.119774 -34.714733 4.226845
v 29.913748 -30.358526 4.975447
v 27.677464 -30.744032 -10.926435
v 30.236767 -26.487413 -12.489830
v 12.285757 -29.603580 -21.856022
v 13.641332 -25.446550 -25.368935
v 0.011043 -27.942698 -27.591101
v 0.013804 -24.476362 -26.317690
v -12.592211 -22.269346 -22.593592
v -10.482926 -0.877025 -9.177071
v -13.928459 -3.951428 -10.335434
v -16.518131 -0.510794 -1.118963
v 0.002761 -5.030843 -14.934214
v 0.002761 -0.664997 -11.104524
v 13.638571 -3.951428 -10.333858
v 10.538143 -0.877025 -9.177071
v 21.887974 -5.140068 1.727300
v 16.366285 -0.510794 -1.115811
v -17.020605 -1.487406 6.252008
v -21.821712 -5.140068 1.720996
v -11.156572 -2.409406 10.876003
v -13.942264 -7.337446 14.187189
v -0.038652 -3.887175 14.180884
v 14.069262 -7.337446 14.193493
v 0.033130 -6.913391 15.667057
v 2.722192 -20.097664 18.450281
v -0.038652 -6.913391 15.667057
v 2.078916 -20.859037 18.083073
v 4.166114 -5.776150 17.977476
v 7.029110 -21.119253 22.174377
v 0.008283 -3.887175 14.180884
v -5.808816 -3.177204 12.264463
v -4.229613 -5.776150 17.963293
v 16.225483 -29.693529 12.934267
v 19.861513 -18.327555 7.619980
v 12.086976 -25.806356 -21.974222
v -0.643277 -28.196487 -24.606148
v 0.002761 -20.589188 -17.443211
v -11.957217 -25.806356 -22.015198
v -16.879803 -16.917250 -12.040669
v -22.594749 -17.254566 -1.594915
v -21.821712 -5.140068 1.720996
v -19.698624 -18.327555 7.612101
v 27.696791 -27.325888 4.237877
v 16.418741 -25.809565 14.538639
v 16.932259 -28.954643 17.605543
v 9.900388 -20.431768 18.855314
v 7.007023 -6.473272 15.221047
v -11.957217 -25.806356 -22.015198
v -27.486965 -26.631977 -11.074578
v -22.594749 -17.254566 -1.594915
v -27.208120 -30.281425 4.137012
v -19.698624 -18.327555 7.612101
v -16.189590 -29.693529 12.877531
v -16.385611 -25.809565 14.481903
v -27.691269 -27.325888 4.141740
v -29.908226 -30.358526 4.869854
v -28.315220 -23.387310 -11.337771
v -30.126333 -26.493837 -12.595422
v -12.592211 -22.269346 -22.593592
v -13.489485 -25.446550 -25.416214
v 0.011043 -27.942698 -27.591101
v 0.011043 -31.521469 -25.252310
v 12.285757 -29.603580 -21.856022
v -16.189590 -29.693529 12.877531
v -2.675258 -20.097664 18.440825
v 11.211789 -2.409406 10.874427
v 21.887974 -5.140068 1.727300
v 16.965387 -1.487406 6.264616
v 16.225483 -29.693529 12.934267
v 27.210880 -30.281425 4.231574
v 22.644445 -17.254566 -1.593339
v 17.015083 -16.917250 -12.031213
v 13.638571 -3.951428 -10.333858
v 0.002761 -10.080959 -16.729282
v 0.002761 -5.030843 -14.934214
v -13.928459 -3.951428 -10.335434
v 0.002761 -0.664997 -11.104524
v 5.781208 -3.177204 12.283375
v -4.229613 -5.776150 17.963293
v -2.134133 -20.859037 18.075191
v -7.078805 -21.119253 22.149162
v -5.449907 -27.145983 19.783581
v -16.907410 -28.954643 17.547230
v -15.441402 -32.941410 14.954705
v -27.117012 -34.714733 4.132284
v 0.013804 -24.476362 -26.317690
v 12.721970 -22.269346 -22.549463
v 13.641332 -25.446550 -25.368935
v 28.406326 -23.380884 -11.238482
v 30.236767 -26.487413 -12.489830
v 27.696791 -27.325888 4.237877
v 29.913748 -30.358526 4.975447
v 16.932259 -28.954643 17.605543
v 15.466250 -32.941410 15.008289
v 5.400211 -27.145983 19.802492
v 0.011043 -31.521469 -25.252310
v -12.147715 -29.603580 -21.898573
v -13.489485 -25.446550 -25.416214
v -27.580833 -30.750458 -11.022570
v -30.126333 -26.493837 -12.595422
v -27.117012 -34.714733 4.132284
v -29.908226 -30.358526 4.869854
v -16.907410 -28.954643 17.547230
v -16.385611 -25.809565 14.481903
v -7.078805 -21.119253 22.149162
v -9.870018 -20.431768 18.820642
v -7.037392 -6.473272 15.197407
v -17.020605 -1.487406 6.252008
v -21.821712 -5.140068 1.720996
v -16.879803 -16.917250 -12.040669
v 0.002761 -10.080959 -16.729282
v 0.002761 -20.589188 -17.443211
v 17.015083 -16.917250 -12.031213
v 12.086976 -25.806356 -21.974222
v 22.644445 -17.254566 -1.593339
v 27.580833 -26.628765 -10.978442
v 27.210880 -30.281425 4.231574
v -0.027608 1.567722 16.399897
v 6.904872 -3.819712 15.492119
v 6.904872 1.567722 15.492119
v 11.109637 0.928426 10.759379
v 11.211789 -2.409406 10.874427
v 16.965387 -1.487406 6.264616
v -16.225483 3.186842 -1.021251
v -16.518131 -0.510794 -1.118963
v -17.020605 -1.487406 6.252008
v 11.109637 0.928426 10.759379
v 8.831941 6.746340 17.198931
v 0.002761 1.885763 14.793949
v 11.559655 8.580700 -12.778241
v 10.836314 9.714728 -11.933503
v 20.300488 9.432025 -1.462533
v -0.027608 -3.819712 16.399897
v -6.957328 1.567722 15.466903
v -6.957328 -3.790799 15.466903
v 6.904872 -3.819712 15.492119
v 8.290815 -2.643921 14.973614
v 8.290815 0.417632 14.973614
v -8.343271 0.417632 14.945246
v -6.957328 -3.790799 15.466903
v -8.343271 -2.643921 14.945246
v -0.027608 1.567722 16.399897
v -17.743946 6.971217 -0.966091
v -13.677223 8.946932 10.250329
v 0.000000 -1.403881 0.425521
v -8.884397 6.717427 17.198931
v 0.002761 1.885763 14.793949
v 8.831941 6.746340 17.198931
v 13.619245 8.946932 10.250329
v 17.741184 7.449886 -0.966091
v 10.096408 8.661014 -11.129741
v 0.000000 6.351196 -15.381800
v -10.085364 7.761502 -11.129741
v 11.084790 6.026729 -11.498525
v 19.632364 5.666925 -1.687900
v 16.065353 6.614626 10.858666
v -17.255278 8.346186 12.098982
v -8.437140 5.679777 16.492882
v -10.215124 6.746340 20.748093
v -4.635458 0.363018 13.933451
v -0.044174 2.576460 14.793949
v 10.057756 6.746340 20.782764
v -0.044174 2.576460 14.793949
v 4.511220 0.337318 13.949211
v 16.366285 -0.510794 -1.115811
v 16.705870 2.056027 6.255160
v -11.156572 -2.409406 10.876003
v -16.810781 2.056027 6.244128
v -17.743946 6.971217 -0.966091
v -16.810781 2.056027 6.244128
v -13.677223 8.946932 10.250329
v -11.106877 0.928426 10.760955
v -8.884397 6.717427 17.198931
v 11.559655 8.580700 -12.778241
v 11.084790 6.026729 -11.498525
v 0.002761 5.769724 -17.293491
v 0.013804 3.864688 -16.250177
v -11.562416 7.681188 -12.819217
v -11.087551 5.127217 -11.536349
v -20.626268 6.971217 -1.535028
v -19.682058 5.185044 -1.755668
v -16.167503 6.614626 10.801930
v 18.889696 9.117196 -0.929843
v 15.380663 10.935496 11.673461
v 17.144842 8.346186 12.158870
v 6.178769 8.995121 19.386425
v 2.131372 5.679777 19.518808
v 8.293576 5.679777 16.521250
v -0.038652 -3.887175 14.180884
v 0.002761 1.885763 14.793949
v -11.106877 0.928426 10.760955
v -2.288740 5.679777 19.510929
v -6.435528 8.995121 19.364361
v -15.485576 10.935496 11.618300
v -18.942154 8.635314 -0.994460
v -10.839075 8.815216 -11.971327
v 0.000000 6.576074 -16.390442
v 10.836314 9.714728 -11.933503
v -10.482926 -0.877025 -9.177071
v -10.104690 2.194166 -10.158922
v 0.002761 -0.664997 -11.104524
v 0.005522 2.435106 -12.354295
v 10.538143 -0.877025 -9.177071
v 10.115733 2.194166 -10.160498
v 16.046026 3.215755 -1.018099
v 13.619245 8.946932 10.250329
v 16.705870 2.056027 6.255160
v 17.741184 7.449886 -0.966091
v 16.046026 3.215755 -1.018099
v 10.096408 8.661014 -11.129741
v 10.115733 2.194166 -10.160498
v 0.000000 6.351196 -15.381800
v 0.005522 2.435106 -12.354295
v -10.085364 7.761502 -11.129741
v -10.104690 2.194166 -10.158922
v -16.225483 3.186842 -1.021251
vn 0.3309 -0.5198 0.7876
vn 0.7575 -0.5839 0.2920
vn 0.9166 0.0157 0.3995
vn 0.6857 -0.6068 -0.4020
vn 0.9066 -0.0000 -0.4220
vn 0.3535 -0.6127 -0.7069
vn 0.4155 -0.0157 -0.9095
vn -0.0000 -0.0472 -0.9989
vn -0.0000 0.5328 -0.8463
vn -0.2995 0.5912 -0.7489
vn -0.5263 0.2357 -0.8170
vn -0.4323 0.4558 -0.7780
vn -0.8660 0.4173 -0.2755
vn -0.0000 0.5088 -0.8609
vn -0.0000 0.3068 -0.9518
vn 0.4322 0.4559 -0.7780
vn 0.5320 0.2347 -0.8136
vn 0.9168 0.3840 0.1097
vn 0.8641 0.4164 -0.2828
vn -0.8578 0.2203 0.4643
vn -0.9196 0.3773 0.1100
vn -0.5014 0.2429 0.8304
vn -0.4637 0.3223 0.8253
vn -0.0000 0.3538 0.9353
vn 0.4638 0.3223 0.8253
vn -0.0000 0.3373 0.9414
vn 0.2357 0.1021 0.9664
vn -0.0000 0.2758 0.9612
vn -0.6112 -0.0156 0.7914
vn 0.0550 0.5965 0.8007
vn 0.0705 0.0783 0.9944
vn -0.0000 0.7342 0.6789
vn -0.3384 0.8185 0.4643
vn -0.0628 0.5963 0.8003
vn 0.6051 0.0628 0.7937
vn 0.8381 0.1488 0.5248
vn 0.9168 0.3839 0.1097
vn 0.3848 0.6205 -0.6833
vn -0.0000 0.6832 -0.7303
vn -0.0000 0.5272 -0.8497
vn -0.3848 0.6205 -0.6833
vn -0.6054 0.2752 -0.7469
vn -0.9311 0.3364 -0.1408
vn -0.9196 0.3772 0.1101
vn -0.8381 0.1488 0.5248
vn -0.4637 0.3222 0.8253
vn 0.7297 0.5807 0.3610
vn 0.6387 0.5441 0.5441
vn 0.5884 0.0235 0.8082
vn 0.6931 0.4017 0.5986
vn 0.6624 0.4889 0.5677
vn -0.3849 0.6205 -0.6833
vn -0.7435 0.6261 -0.2348
vn -0.9311 0.3365 -0.1408
vn -0.8408 0.3457 0.4165
vn -0.6051 0.0629 0.7937
vn -0.6387 0.5441 0.5441
vn -0.7318 0.5823 0.3541
vn -0.9166 0.0156 0.3995
vn -0.7336 0.6310 -0.2524
vn -0.9052 -0.0000 -0.4250
vn -0.2995 0.5912 -0.7488
vn -0.4155 -0.0157 -0.9095
vn -0.0000 -0.6332 -0.7740
vn 0.3535 -0.6126 -0.7069
vn -0.6050 0.0628 0.7937
vn -0.2431 0.1019 0.9646
vn 0.5037 0.2519 0.8264
vn 0.8578 0.2361 0.4565
vn 0.6051 0.0629 0.7937
vn 0.8431 0.3388 0.4176
vn 0.9336 0.3295 -0.1412
vn 0.6054 0.2751 -0.7469
vn 0.4323 0.4558 -0.7781
vn -0.0000 0.2037 -0.9790
vn -0.0000 0.5087 -0.8609
vn -0.4322 0.4558 -0.7781
vn 0.3384 0.8185 0.4643
vn -0.0000 0.7342 0.6790
vn 0.6062 -0.0157 0.7951
vn -0.0705 0.0783 0.9944
vn 0.2900 -0.3214 0.9014
vn -0.5885 0.0235 0.8081
vn -0.3308 -0.5198 0.7876
vn -0.7575 -0.5839 0.2920
vn 0.0001 0.5328 -0.8462
vn 0.3067 0.5898 -0.7471
vn 0.4156 -0.0157 -0.9094
vn 0.7336 0.6310 -0.2524
vn 0.7298 0.5807 0.3610
vn 0.9166 0.0156 0.3995
vn 0.5885 0.0235 0.8082
vn 0.3308 -0.5198 0.7876
vn -0.2921 -0.3237 0.9000
vn -0.0000 -0.6333 -0.7739
vn -0.3534 -0.6127 -0.7069
vn -0.4155 -0.0156 -0.9094
vn -0.6835 -0.6049 -0.4085
vn -0.5885 0.0235 0.8082
vn -0.0704 0.0782 0.9944
vn -0.7004 0.4013 0.5902
vn -0.6693 0.4803 0.5669
vn -0.9195 0.3773 0.1100
vn -0.6053 0.2751 -0.7469
vn -0.0000 0.2036 -0.9791
vn -0.0000 0.5271 -0.8498
vn 0.6054 0.2752 -0.7469
vn 0.9335 0.3295 -0.1412
vn 0.7485 0.6225 -0.2285
vn -0.0000 0.4472 0.8944
vn 0.2351 -0.0000 0.9720
vn 0.2129 0.4495 0.8675
vn 0.5599 -0.2286 0.7964
vn 0.5037 0.2518 0.8264
vn 0.8579 0.2361 0.4565
vn -0.9270 -0.1256 -0.3535
vn -0.8660 0.4172 -0.2755
vn 0.5599 -0.2287 0.7964
vn 0.0392 0.6663 0.7446
vn -0.0000 0.0941 0.9956
vn 0.5180 0.3217 -0.7926
vn 0.1812 0.8582 -0.4803
vn 0.8955 0.4164 -0.1571
vn -0.0000 -0.0000 1.0000
vn -0.2129 0.4495 0.8675
vn -0.2425 -0.0000 0.9701
vn 0.2352 -0.0000 0.9720
vn 0.3468 -0.0000 0.9379
vn -0.2130 0.4495 0.8675
vn -0.3537 -0.0000 0.9354
vn 0.2129 0.4496 0.8675
vn -0.2130 0.4496 0.8675
vn -0.7872 0.5983 -0.1496
vn -0.5990 0.6462 0.4729
vn -0.0079 0.9992 0.0394
vn -0.0393 0.6619 0.7486
vn 0.0001 0.0942 0.9956
vn 0.0391 0.6663 0.7446
vn 0.5894 0.6444 0.4873
vn 0.7927 0.5965 -0.1255
vn 0.2671 0.8406 -0.4713
vn -0.0314 0.7223 -0.6909
vn -0.2986 0.8252 -0.4794
vn 0.6043 -0.3532 -0.7142
vn 0.9221 -0.3231 -0.2128
vn 0.6999 -0.6684 0.2517
vn -0.8367 0.1420 0.5289
vn -0.6668 -0.7452 0.0078
vn -0.3620 -0.5116 0.7792
vn -0.4726 -0.8034 0.3623
vn 0.0707 -0.7546 0.6524
vn 0.3530 -0.5099 0.7845
vn -0.0708 -0.7546 0.6524
vn 0.4712 -0.8011 0.3691
vn 0.8641 0.4163 -0.2828
vn 0.9286 -0.0315 0.3698
vn -0.5014 0.2428 0.8304
vn -0.9286 -0.0315 0.3698
vn -0.9286 -0.0315 0.3699
vn -0.5989 0.6463 0.4729
vn -0.5588 -0.2361 0.7950
vn -0.0001 0.0941 0.9956
vn 0.5179 0.3217 -0.7926
vn -0.0000 0.1491 -0.9888
vn 0.0158 -0.4969 -0.8676
vn -0.5732 0.1728 -0.8010
vn -0.5572 -0.4238 -0.7141
vn -0.9690 0.1260 -0.2127
vn -0.8302 -0.5247 -0.1880
vn -0.6043 -0.7534 0.2590
vn 0.4249 0.9047 -0.0315
vn 0.5745 0.6846 0.4486
vn 0.8096 0.2593 0.5266
vn 0.2358 0.5818 0.7784
vn -0.0946 -0.3548 0.9302
vn 0.6668 -0.7452 0.0078
vn -0.0000 0.3537 0.9354
vn -0.0000 0.0940 0.9956
vn 0.0946 -0.3547 0.9302
vn -0.2436 0.5894 0.7702
vn -0.6808 0.5869 0.4383
vn -0.7061 0.6905 -0.1569
vn -0.3766 0.7218 -0.5806
vn -0.0157 0.6991 -0.7148
vn 0.1811 0.8582 -0.4803
vn -0.5263 0.2356 -0.8170
vn -0.5642 -0.2351 -0.7915
vn -0.0001 0.3068 -0.9518
vn -0.0000 -0.3468 -0.9379
vn 0.5715 -0.2192 -0.7908
vn 0.9287 -0.1101 -0.3542
vn 0.5894 0.6444 0.4872
vn 0.9285 -0.0315 0.3699
vn 0.7927 0.5966 -0.1256
vn 0.9287 -0.1102 -0.3542
vn 0.2671 0.8405 -0.4714
vn -0.0000 -0.3469 -0.9379
vn -0.9269 -0.1258 -0.3535
vt 0.052704 0.504791
vt 0.052704 0.576172
vt 0.025391 0.576172
vt 0.052704 0.642548
vt 0.025391 0.642548
vt 0.052704 0.740204
vt 0.025391 0.740204
vt 0.025391 0.784607
vt 0.009979 0.784607
vt 0.009979 0.736298
vt 0.108429 0.570221
vt 0.143921 0.570190
vt 0.108459 0.630615
vt 0.146606 0.504791
vt 0.108368 0.504791
vt 0.135773 0.611389
vt 0.108490 0.663574
vt 0.108521 0.696503
vt 0.146759 0.707458
vt 0.108551 0.751801
vt 0.119476 0.751770
vt 0.261047 0.752136
vt 0.052704 0.751923
vt 0.052704 0.591797
vt 0.025391 0.736298
vt 0.052704 0.779297
vt 0.009979 0.779297
vt 0.296112 0.723816
vt 0.201355 0.666229
vt 0.296021 0.570068
vt 0.295959 0.504791
vt 0.236725 0.504791
vt 0.193085 0.570160
vt 0.199951 0.625061
vt 0.009979 0.576172
vt 0.009979 0.504791
vt 0.025391 0.504791
vt 0.009979 0.748047
vt 0.296051 0.616730
vt 0.296082 0.663422
vt 0.009979 0.642548
vt 0.052704 0.784607
vt 0.191650 0.504791
vt 0.052704 0.568329
vt 0.309937 0.088104
vt 0.253845 0.019318
vt 0.309845 0.019318
vt 0.037079 0.794922
vt 0.009979 0.794922
vt 0.009979 0.822266
vt 0.037628 0.845367
vt 0.009979 0.845367
vt 0.104614 0.696503
vt 0.051544 0.751831
vt 0.104645 0.751801
vt 0.025391 0.645630
vt 0.009979 0.645630
vt 0.253784 0.088104
vt 0.309937 0.019257
vt 0.253754 0.019257
vt 0.257538 0.019318
vt 0.267548 0.009979
vt 0.298798 0.009979
vt 0.257477 0.019257
vt 0.309937 0.091217
vt 0.163116 0.688232
vt 0.193817 0.707214
vt 0.223175 0.638763
vt 0.253265 0.704651
vt 0.286011 0.674408
vt 0.294189 0.635956
vt 0.277771 0.589294
vt 0.223114 0.556396
vt 0.171234 0.575653
vt 0.146698 0.616852
vt 0.146729 0.658051
vt 0.052704 0.645630
vt 0.052704 0.630829
vt 0.025391 0.630829
vt 0.052704 0.689423
vt 0.025391 0.689423
vt 0.037079 0.822266
vt 0.051453 0.630646
vt 0.104584 0.663574
vt 0.051483 0.696564
vt 0.025391 0.705048
vt 0.052704 0.705048
vt 0.009979 0.630829
vt 0.009979 0.689423
vt 0.009979 0.720673
vt 0.009979 0.705048
vt 0.104553 0.630615
vt 0.051392 0.570251
vt 0.104523 0.570221
vt 0.051361 0.504791
vt 0.104462 0.504791
s 1
usemtl npc00_00
f 1546/479/1161 1547/480/1162 1548/481/1163
f 1548/481/1163 1547/480/1162 1549/482/1164
f 1548/481/1163 1549/482/1164 1550/483/1165
f 1550/483/1165 1549/482/1164 1551/484/1166
f 1550/483/1165 1551/484/1166 1552/485/1167
f 1552/485/1167 1551/484/1166 1553/486/1168
f 1552/485/1167 1553/486/1168 1554/487/1169
f 1554/487/1169 1553/486/1168 1555/488/1170
f 1556/489/1171 1557/490/1172 1558/491/1173
f 1559/492/1174 1560/493/1175 1561/490/1176
f 1561/490/1176 1560/493/1175 1562/489/1177
f 1561/490/1176 1562/489/1177 1563/494/1178
f 1563/494/1178 1562/489/1177 1564/491/1179
f 1565/495/1180 1566/494/1181 1567/496/1182
f 1567/496/1182 1566/494/1181 1568/497/1183
f 1567/496/1182 1568/497/1183 1569/498/1184
f 1570/497/1185 1571/499/1186 1572/500/1187
f 1573/501/1188 1574/502/1189 1575/503/1190
f 1575/503/1190 1574/502/1189 1576/481/1191
f 1577/504/1192 1578/505/1193 1579/503/1194
f 1572/500/1187 1580/506/1195 1570/497/1185
f 1570/497/1185 1580/506/1195 1581/507/1196
f 1570/497/1185 1581/507/1196 1563/494/1197
f 1582/508/1198 1583/509/1199 1584/510/1200
f 1584/510/1200 1583/509/1199 1585/508/1201
f 1584/510/1200 1585/508/1201 1586/511/1202
f 1586/511/1202 1585/508/1201 1587/512/1203
f 1586/511/1202 1587/512/1203 1588/494/1204
f 1588/494/1204 1587/512/1203 1589/507/1205
f 1588/494/1204 1589/507/1205 1568/497/1206
f 1590/513/1207 1591/514/1208 1592/515/1209
f 1592/515/1209 1591/514/1208 1593/513/1210
f 1592/515/1209 1593/513/1210 1576/481/1191
f 1576/481/1191 1593/513/1210 1594/516/1211
f 1576/481/1191 1594/516/1211 1575/503/1190
f 1595/508/1212 1596/517/1213 1597/512/1214
f 1597/512/1214 1596/517/1213 1598/518/1215
f 1597/512/1214 1598/518/1215 1599/507/1205
f 1599/507/1205 1598/518/1215 1600/506/1216
f 1599/507/1205 1600/506/1216 1568/497/1183
f 1601/514/1217 1602/513/1218 1603/481/1219
f 1603/481/1219 1602/513/1218 1604/519/1220
f 1603/481/1219 1604/519/1220 1605/483/1221
f 1605/483/1221 1604/519/1220 1606/488/1222
f 1605/483/1221 1606/488/1222 1607/485/1223
f 1607/485/1223 1606/488/1222 1608/486/1168
f 1607/485/1223 1608/486/1168 1609/520/1224
f 1609/520/1224 1608/486/1168 1610/484/1225
f 1611/506/1226 1612/500/1227 1568/497/1183
f 1568/497/1183 1612/500/1227 1571/499/1186
f 1568/497/1183 1571/499/1186 1569/498/1184
f 1569/498/1184 1571/499/1186 1570/497/1185
f 1569/498/1184 1570/497/1185 1613/496/1228
f 1613/496/1228 1570/497/1185 1614/494/1178
f 1613/496/1228 1614/494/1178 1615/495/1229
f 1615/495/1229 1614/494/1178 1564/491/1179
f 1616/506/1230 1617/518/1231 1581/507/1196
f 1581/507/1196 1617/518/1231 1618/512/1232
f 1581/507/1196 1618/512/1232 1563/494/1197
f 1563/494/1197 1618/512/1232 1619/511/1233
f 1563/494/1197 1619/511/1233 1620/490/1234
f 1620/490/1234 1619/511/1233 1621/521/1235
f 1620/490/1234 1621/521/1235 1622/492/1236
f 1622/492/1236 1621/521/1235 1623/490/1237
f 1622/492/1236 1623/490/1237 1624/493/1175
f 1624/493/1175 1623/490/1237 1556/489/1171
f 1594/516/1211 1625/505/1238 1575/503/1190
f 1575/503/1190 1625/505/1238 1577/504/1239
f 1575/503/1190 1577/504/1239 1573/501/1188
f 1573/501/1188 1577/504/1239 1626/503/1194
f 1573/501/1188 1626/503/1194 1627/502/1240
f 1627/502/1240 1626/503/1194 1628/481/1241
f 1627/502/1240 1628/481/1241 1629/522/1242
f 1629/522/1242 1628/481/1241 1630/515/1243
f 1629/522/1242 1630/515/1243 1631/479/1244
f 1631/479/1244 1630/515/1243 1632/480/1245
f 1633/487/1246 1634/488/1247 1635/485/1248
f 1635/485/1248 1634/488/1247 1636/519/1249
f 1635/485/1248 1636/519/1249 1637/483/1165
f 1637/483/1165 1636/519/1249 1638/513/1250
f 1637/483/1165 1638/513/1250 1639/481/1251
f 1639/481/1251 1638/513/1250 1640/515/1252
f 1639/481/1251 1640/515/1252 1641/479/1253
f 1641/479/1253 1640/515/1252 1576/481/1191
f 1641/479/1253 1576/481/1191 1642/522/1254
f 1642/522/1254 1576/481/1191 1574/502/1189
f 1643/520/1255 1644/484/1256 1645/485/1257
f 1645/485/1257 1644/484/1256 1646/482/1258
f 1645/485/1257 1646/482/1258 1647/483/1221
f 1647/483/1221 1646/482/1258 1648/480/1245
f 1647/483/1221 1648/480/1245 1649/481/1219
f 1649/481/1219 1648/480/1245 1650/515/1259
f 1649/481/1219 1650/515/1259 1651/514/1217
f 1651/514/1217 1650/515/1259 1652/481/1260
f 1651/514/1217 1652/481/1260 1653/513/1261
f 1653/513/1261 1652/481/1260 1579/503/1194
f 1653/513/1261 1579/503/1194 1654/516/1262
f 1654/516/1262 1579/503/1194 1578/505/1193
f 1655/495/1180 1558/491/1173 1656/494/1263
f 1656/494/1263 1558/491/1173 1557/490/1172
f 1656/494/1263 1557/490/1172 1657/511/1264
f 1657/511/1264 1557/490/1172 1658/521/1265
f 1657/511/1264 1658/521/1265 1659/510/1266
f 1659/510/1266 1658/521/1265 1660/511/1267
f 1659/510/1266 1660/511/1267 1661/508/1198
f 1661/508/1198 1660/511/1267 1662/512/1268
f 1661/508/1198 1662/512/1268 1663/517/1269
f 1663/517/1269 1662/512/1268 1664/518/1231
f 1665/523/1270 1666/524/1271 1667/525/1272
f 1668/526/1273 1669/527/1274 1670/528/1275
f 1671/529/1276 1672/530/1277 1673/528/1180
f 1674/531/1278 1675/532/1279 1676/533/1280
f 1677/534/1281 1678/535/1282 1679/481/1283
f 1666/524/1271 1665/523/1270 1680/536/1284
f 1680/536/1284 1665/523/1270 1681/537/1285
f 1680/536/1284 1681/537/1285 1682/538/1286
f 1683/539/1287 1684/540/1288 1667/525/1272
f 1667/525/1272 1684/540/1288 1685/541/1288
f 1681/537/1289 1686/541/1290 1687/542/1286
f 1687/542/1286 1686/541/1290 1688/540/1290
f 1667/525/1291 1681/537/1292 1689/543/1270
f 1690/544/1293 1691/545/1294 1692/546/1295
f 1691/545/1294 1693/547/1296 1692/546/1295
f 1692/546/1295 1693/547/1296 1694/548/1297
f 1692/546/1295 1694/548/1297 1695/549/1298
f 1695/549/1298 1696/550/1299 1692/546/1295
f 1692/546/1295 1696/550/1299 1697/551/1300
f 1692/546/1295 1697/551/1300 1698/552/1301
f 1698/552/1301 1699/553/1302 1692/546/1295
f 1692/546/1295 1699/553/1302 1700/554/1303
f 1692/546/1295 1700/554/1303 1690/544/1293
f 1701/555/1304 1677/534/1281 1702/480/1305
f 1702/480/1305 1677/534/1281 1679/481/1283
f 1702/480/1305 1679/481/1283 1703/556/1306
f 1704/557/1307 1705/558/1308 1706/559/1309
f 1706/559/1309 1705/558/1308 1707/520/1310
f 1706/559/1309 1707/520/1310 1708/487/1311
f 1709/559/1312 1710/487/1313 1711/520/1314
f 1712/530/1315 1713/560/1316 1670/528/1275
f 1670/528/1275 1713/560/1316 1668/526/1273
f 1714/527/1317 1715/560/1318 1673/528/1180
f 1673/528/1180 1715/560/1318 1671/529/1276
f 1716/561/1293 1717/562/1319 1718/563/1320
f 1718/563/1320 1717/562/1319 1719/531/1321
f 1718/563/1320 1719/531/1321 1720/532/1296
f 1720/532/1296 1719/531/1321 1676/533/1322
f 1721/486/1323 1722/520/1304 1723/564/1324
f 1723/564/1324 1722/520/1304 1724/565/1325
f 1723/564/1324 1724/565/1325 1725/557/1326
f 1725/557/1326 1724/565/1325 1726/556/1327
f 1725/557/1326 1726/556/1327 1727/481/1328
f 1727/481/1328 1726/556/1327 1728/480/1329
f 1727/481/1328 1728/480/1329 1704/557/1307
f 1704/557/1307 1728/480/1329 1729/556/1330
f 1704/557/1307 1729/556/1330 1705/558/1308
f 1730/513/1331 1731/566/1332 1732/557/1333
f 1732/557/1333 1731/566/1332 1733/567/1334
f 1732/557/1333 1733/567/1334 1709/559/1312
f 1709/559/1312 1733/567/1334 1734/568/1335
f 1709/559/1312 1734/568/1335 1710/487/1313
f 1711/520/1314 1735/558/1336 1709/559/1312
f 1709/559/1312 1735/558/1336 1703/556/1306
f 1709/559/1312 1703/556/1306 1732/557/1333
f 1732/557/1333 1703/556/1306 1679/481/1283
f 1732/557/1333 1679/481/1283 1730/513/1331
f 1730/513/1331 1679/481/1283 1678/535/1282
f 1669/527/1274 1668/526/1273 1736/530/1337
f 1736/530/1337 1668/526/1273 1737/529/1338
f 1736/530/1337 1737/529/1338 1714/527/1317
f 1714/527/1317 1737/529/1338 1738/526/1321
f 1714/527/1317 1738/526/1321 1715/560/1318
f 1708/487/1311 1739/568/1339 1706/559/1309
f 1706/559/1309 1739/568/1339 1740/567/1340
f 1706/559/1309 1740/567/1340 1704/557/1307
f 1704/557/1307 1740/567/1340 1741/566/1341
f 1704/557/1307 1741/566/1341 1727/481/1328
f 1727/481/1328 1741/566/1341 1742/513/1342
f 1727/481/1328 1742/513/1342 1725/557/1326
f 1725/557/1326 1742/513/1342 1743/566/1343
f 1725/557/1326 1743/566/1343 1723/564/1324
f 1723/564/1324 1743/566/1343 1744/569/1344
f 1723/564/1324 1744/569/1344 1721/486/1323
f 1721/486/1323 1744/569/1344 1745/487/1345
f 1672/530/1277 1671/529/1276 1746/527/1346
f 1746/527/1346 1671/529/1276 1747/526/1347
f 1746/527/1346 1747/526/1347 1748/530/1348
f 1748/530/1348 1747/526/1347 1749/529/1349
f 1748/530/1348 1749/529/1349 1750/527/1177
f 1750/527/1177 1749/529/1349 1751/526/1350
f 1750/527/1177 1751/526/1350 1712/530/1315
f 1712/530/1315 1751/526/1350 1752/529/1351
f 1712/530/1315 1752/529/1351 1713/560/1316
f 1675/532/1279 1674/531/1278 1753/563/1352
f 1753/563/1352 1674/531/1278 1754/562/1353
f 1753/563/1352 1754/562/1353 1755/561/1354
f 1755/561/1354 1754/562/1353 1756/570/1355
f 1755/561/1354 1756/570/1355 1757/571/1356
f 1757/571/1356 1756/570/1355 1758/572/1350
f 1757/571/1356 1758/572/1350 1759/573/1302
f 1759/573/1302 1758/572/1350 1760/574/1357
f 1759/573/1302 1760/574/1357 1761/571/1303
f 1761/571/1303 1760/574/1357 1762/572/1347
f 1761/571/1303 1762/572/1347 1716/561/1293
f 1716/561/1293 1762/572/1347 1763/570/1358
f 1716/561/1293 1763/570/1358 1717/562/1319
o npc_00-0001-0.002
v 2.153459 47.275776 7.151903
v 3.644314 45.904018 5.917892
v 4.290352 47.866882 5.227601
v 3.415164 63.685444 2.822618
v 3.564250 62.079170 6.573508
v 5.576905 60.864830 4.252054
v -3.909355 45.647018 4.058207
v -3.644314 45.904018 5.917892
v -4.290352 47.866882 5.227601
v 1.054643 48.968784 8.365425
v 0.000000 49.171177 9.036803
v 0.000000 48.872410 8.524602
v -7.164391 53.781174 -2.334066
v -7.824233 56.197006 -1.186735
v -6.755786 55.175419 0.330957
v 3.484185 55.191483 8.433193
v 4.456003 55.798653 8.209401
v 2.523412 56.023529 8.521450
v -2.153459 47.275776 7.151903
v 0.000000 47.805843 8.505691
v -1.140229 48.323067 8.199945
v 0.000000 47.349663 7.985609
v 4.276548 46.405178 0.282101
v 7.164391 53.781174 -2.334066
v 6.286442 50.247379 0.330957
v 1.200967 49.399265 8.956428
v 0.000000 49.617718 9.298420
v 0.000000 48.361614 8.679050
v 1.140229 48.323067 8.199945
v 2.796735 48.978424 7.476559
v 2.034742 45.470325 7.208639
v 0.000000 45.396439 8.002944
v 0.000000 50.912373 10.459934
v 0.000000 50.575058 9.087235
v 1.049121 51.548458 10.250326
v 1.733810 51.545246 8.442649
v 0.000000 62.458252 7.821703
v 6.286442 50.247379 0.330957
v 7.164391 53.781174 -2.334066
v 7.186478 50.260227 -1.263959
v 8.437140 53.164368 -3.081092
v 6.286442 50.247379 0.330957
v 3.771313 52.952339 8.324450
v 5.532732 54.124916 6.449004
v 4.464285 54.430107 7.684591
v 5.433342 54.973026 6.537261
v -6.286442 50.247379 0.330957
v -7.164391 53.781174 -2.334066
v -4.276548 46.405178 0.282101
v -6.479702 53.026226 4.401775
v -6.755786 55.175419 0.330957
v -5.670774 52.223091 6.335532
v -5.452667 50.266651 4.275695
v -5.350516 47.754444 0.436549
v -2.095481 44.538689 5.935228
v 0.000000 44.304173 3.771375
v 0.000000 43.998981 5.880068
v -5.325669 59.483437 6.973814
v -5.328429 56.987293 7.619975
v -2.719432 56.765625 9.407165
v -4.456003 55.798653 8.209401
v -1.733810 51.545246 8.442649
v -1.049121 51.548458 10.250326
v -0.864144 52.464031 10.207774
v 0.000000 52.737099 10.735735
v 0.000000 54.211655 10.381134
v 0.916600 54.083153 9.944581
v -2.796735 48.978424 7.476559
v -1.054643 48.968784 8.365425
v -1.200967 49.399265 8.956428
v -6.286442 50.247379 0.330957
v -8.437140 53.164368 -3.081092
v -7.186478 50.260227 -1.263959
v -6.286442 50.247379 0.330957
v 3.116993 50.440128 7.660951
v 4.721044 50.157425 6.144836
v 5.670774 52.223091 6.335532
v 6.755786 55.175419 0.330957
v 7.824233 56.197006 -1.186735
v 8.588987 55.557709 -2.860451
v 7.824233 56.197006 -1.186735
v 6.755786 55.175419 0.330957
v 6.267117 58.375111 3.895878
v 5.325669 59.483437 6.973814
v 2.716671 60.019932 9.106146
v 0.000000 62.458252 7.821703
v 0.000000 59.962105 9.722364
v 0.000000 51.606281 10.875999
v 0.864144 52.464031 10.207774
v 1.976765 52.872025 8.412705
v 1.396987 54.744938 8.274017
v 2.437825 54.404408 8.163697
v 0.659842 55.021217 9.353580
v 1.154033 55.666939 9.613620
v 0.000000 55.300709 9.791709
v 0.000000 56.100632 10.311790
v -1.154033 55.666939 9.613620
v -2.523412 56.023529 8.521450
v -3.484185 55.191483 8.433193
v -3.564250 62.079170 6.573508
v -2.716671 60.019932 9.106146
v 0.000000 57.337460 9.914637
v 2.719432 56.765625 9.407165
v -6.267117 58.375111 3.895878
v -6.164965 55.230030 5.129889
v -5.532732 54.124916 6.449004
v -3.771313 52.952339 8.324450
v -8.588987 55.557709 -2.860451
v -7.824233 56.197006 -1.186735
v -6.755786 55.175419 0.330957
v -5.433342 54.973026 6.537261
v -4.464285 54.430107 7.684591
v -2.437825 54.404408 8.163697
v -1.396987 54.744938 8.274017
v -0.659842 55.021217 9.353580
v -2.034742 45.470325 7.208639
v 0.000000 44.159611 7.041583
v 2.095481 44.538689 5.935228
v 3.909355 45.647018 4.058207
v 5.350516 47.754444 0.436549
v -3.116993 50.440128 7.660951
v -4.721044 50.157425 6.144836
v -0.916600 54.083153 9.944581
v -1.976765 52.872025 8.412705
v 5.452667 50.266651 4.275695
v 6.479702 53.026226 4.401775
v 6.755786 55.175419 0.330957
v 6.164965 55.230030 5.129889
v 5.328429 56.987293 7.619975
v 0.000000 64.218727 3.549156
v -3.415164 63.685444 2.822618
v -5.576905 60.864830 4.252054
vn 0.5187 -0.2750 0.8095
vn 0.7719 -0.3544 0.5277
vn 0.8534 -0.2819 0.4384
vn 0.4790 0.8167 0.3220
vn 0.5407 0.6975 0.4702
vn 0.8187 0.5038 0.2755
vn -0.7301 -0.6830 0.0235
vn -0.7719 -0.3544 0.5277
vn -0.8534 -0.2819 0.4384
vn 0.2991 -0.5825 0.7557
vn -0.0000 -0.7526 0.6585
vn -0.0000 -0.4970 0.8678
vn 0.6284 0.0236 -0.7776
vn -0.7863 0.4168 0.4560
vn -0.9826 0.1101 0.1493
vn 0.1728 -0.2592 0.9503
vn 0.4947 -0.2748 0.8245
vn 0.2361 -0.4565 0.8578
vn -0.5187 -0.2750 0.8095
vn -0.0000 -0.5180 0.8554
vn -0.4026 -0.2368 0.8842
vn -0.0000 -0.4156 0.9095
vn 0.6684 -0.6213 -0.4089
vn -0.6283 0.0237 -0.7776
vn 0.9545 -0.2973 0.0235
vn 0.3778 -0.3070 0.8735
vn -0.0000 -0.1568 0.9876
vn -0.0000 -0.1414 0.9900
vn 0.4026 -0.2368 0.8842
vn 0.5668 -0.3778 0.7321
vn 0.4965 -0.4256 0.7566
vn -0.0000 -0.3209 0.9471
vn -0.0000 -0.7953 0.6063
vn -0.0000 -0.4876 0.8730
vn 0.7071 -0.4242 0.5657
vn 0.5820 -0.1337 0.8022
vn -0.0000 0.7708 0.6370
vn -0.6284 0.0236 -0.7776
vn -0.5270 -0.4326 -0.7315
vn 0.9572 -0.2432 -0.1569
vn 0.4089 -0.0315 0.9121
vn 0.8308 0.0079 0.5565
vn 0.5665 -0.1495 0.8104
vn 0.8287 -0.1173 0.5472
vn -0.9545 -0.2973 0.0235
vn 0.6284 0.0235 -0.7775
vn -0.6684 -0.6213 -0.4089
vn -0.9656 -0.1099 0.2355
vn -0.9826 0.1100 0.1493
vn -0.8094 -0.2436 0.5343
vn -0.9033 -0.3533 0.2434
vn -0.9097 -0.4078 -0.0784
vn -0.4399 -0.8797 0.1807
vn -0.0000 -0.9835 -0.1810
vn -0.0000 -1.0000 -0.0000
vn -0.7937 0.2908 0.5344
vn -0.8246 -0.0157 0.5655
vn -0.4411 -0.1654 0.8821
vn -0.4947 -0.2748 0.8245
vn -0.5820 -0.1337 0.8022
vn -0.7071 -0.4242 0.5657
vn -0.7613 0.0785 0.6436
vn -0.0000 0.1644 0.9864
vn -0.0000 0.3768 0.9263
vn 0.7366 0.3056 0.6034
vn -0.5668 -0.3778 0.7321
vn -0.2991 -0.5825 0.7557
vn -0.3777 -0.3070 0.8736
vn -0.9572 -0.2432 -0.1569
vn 0.5270 -0.4326 -0.7315
vn 0.5589 -0.2361 0.7949
vn 0.7544 -0.3458 0.5580
vn 0.8094 -0.2436 0.5343
vn 0.9826 0.1101 0.1494
vn 0.7863 0.4168 0.4561
vn -0.2828 0.4163 -0.8641
vn 0.9826 0.1101 0.1493
vn 0.9728 0.0941 0.2118
vn 0.7937 0.2908 0.5344
vn 0.3785 0.3627 0.8516
vn -0.0000 0.7708 0.6371
vn -0.0000 0.3537 0.9354
vn -0.0000 -0.2036 0.9791
vn 0.7613 0.0785 0.6436
vn 0.5340 0.0942 0.8402
vn 0.6108 -0.1175 0.7831
vn 0.0938 -0.0703 0.9931
vn 0.6524 -0.0707 0.7546
vn 0.4489 -0.5828 0.6773
vn -0.0000 -0.2425 0.9702
vn -0.0000 -0.2202 0.9754
vn -0.4489 -0.5828 0.6773
vn -0.2361 -0.4565 0.8578
vn -0.1728 -0.2592 0.9503
vn -0.5407 0.6975 0.4702
vn -0.3785 0.3627 0.8516
vn -0.0000 0.1568 0.9876
vn 0.4411 -0.1654 0.8821
vn -0.9728 0.0941 0.2118
vn -0.9518 0.0079 0.3068
vn -0.8308 0.0078 0.5565
vn -0.4089 -0.0315 0.9121
vn 0.2828 0.4163 -0.8641
vn -0.7863 0.4168 0.4561
vn -0.9826 0.1101 0.1494
vn -0.8287 -0.1173 0.5472
vn -0.5665 -0.1495 0.8104
vn -0.0938 -0.0703 0.9931
vn -0.6108 -0.1174 0.7831
vn -0.6524 -0.0707 0.7546
vn -0.4965 -0.4256 0.7566
vn -0.0000 -0.8462 0.5328
vn 0.4399 -0.8797 0.1807
vn 0.7301 -0.6830 0.0235
vn 0.9097 -0.4078 -0.0784
vn -0.5589 -0.2361 0.7949
vn -0.7544 -0.3458 0.5580
vn -0.7366 0.3056 0.6034
vn -0.5340 0.0942 0.8402
vn 0.9033 -0.3533 0.2434
vn 0.9656 -0.1099 0.2355
vn 0.9826 0.1100 0.1494
vn 0.9518 0.0079 0.3068
vn 0.8248 -0.0152 0.5652
vn -0.0000 0.9235 0.3835
vn -0.4790 0.8167 0.3220
vn -0.8187 0.5038 0.2755
vt 0.810547 0.919922
vt 0.849579 0.951172
vt 0.873047 0.896454
vt 0.869141 0.504517
vt 0.861298 0.512329
vt 0.935547 0.541016
vt 0.865204 0.955048
vt 0.783173 0.880829
vt 0.754913 0.876923
vt 0.754913 0.880829
vt 0.986298 0.919922
vt 0.990204 0.833954
vt 0.982422 0.841797
vt 0.845673 0.705048
vt 0.873047 0.685547
vt 0.818329 0.681641
vt 0.754913 0.912079
vt 0.783173 0.900391
vt 0.754913 0.923798
vt 0.884766 0.970673
vt 0.935547 0.830048
vt 0.958954 0.826172
vt 0.787079 0.873047
vt 0.754913 0.865204
vt 0.754913 0.896454
vt 0.822266 0.884766
vt 0.810547 0.962891
vt 0.754822 0.962769
vt 0.754913 0.818329
vt 0.754913 0.837891
vt 0.779297 0.810547
vt 0.794800 0.818268
vt 0.756134 0.506714
vt 0.955048 0.987671
vt 0.962891 0.987671
vt 0.993622 0.923798
vt 0.931641 0.987671
vt 0.853516 0.767548
vt 0.912079 0.732422
vt 0.873047 0.728516
vt 0.904297 0.708954
vt 0.947266 0.763672
vt 0.998047 0.708954
vt 0.912079 0.787079
vt 0.919922 0.833954
vt 0.908173 0.900391
vt 0.810547 0.982422
vt 0.818329 0.987549
vt 0.754913 0.987549
vt 0.904297 0.595673
vt 0.904297 0.662079
vt 0.818329 0.669922
vt 0.775391 0.783173
vt 0.754913 0.779297
vt 0.754913 0.755829
vt 0.771362 0.759674
vt 0.841797 0.833954
vt 0.884766 0.837891
vt 0.939423 0.861298
vt 0.982422 0.822266
vt 0.993622 0.837891
vt 0.986298 0.623047
vt 0.830048 0.583954
vt 0.754913 0.504517
vt 0.754913 0.583954
vt 0.754913 0.802704
vt 0.806641 0.767548
vt 0.787079 0.720673
vt 0.814423 0.728516
vt 0.771454 0.712891
vt 0.783173 0.697266
vt 0.754913 0.705048
vt 0.754913 0.689423
vt 0.754913 0.654297
vt 0.943329 0.705048
vt 0.754913 0.986298
s 1
usemtl npc00_02
f 1764/575/1359 1765/576/1360 1766/577/1361
f 1767/578/1362 1768/579/1363 1769/580/1364
f 1770/581/1365 1771/576/1366 1772/577/1367
f 1773/582/1368 1774/583/1369 1775/584/1370
f 1776/585/1371 1777/586/1372 1778/587/1373
f 1779/588/1374 1780/589/1375 1781/590/1376
f 1782/575/1377 1783/591/1378 1784/592/1379
f 1783/591/1378 1785/593/1380 1764/575/1359
f 1786/594/1381 1787/595/1382 1788/596/1383
f 1789/597/1384 1790/598/1385 1774/583/1369
f 1775/584/1370 1791/599/1386 1773/582/1368
f 1773/582/1368 1791/599/1386 1792/592/1387
f 1773/582/1368 1792/592/1387 1793/600/1388
f 1765/576/1360 1764/575/1359 1794/601/1389
f 1794/601/1389 1764/575/1359 1785/593/1380
f 1794/601/1389 1785/593/1380 1795/602/1390
f 1796/603/1391 1797/604/1392 1798/605/1393
f 1798/605/1393 1797/604/1392 1799/606/1394
f 1768/579/1363 1767/578/1362 1800/607/1395
f 1801/608/1383 1802/585/1396 1803/609/1397
f 1803/609/1397 1802/585/1396 1804/610/1398
f 1803/609/1397 1804/610/1398 1805/611/1383
f 1806/612/1399 1807/613/1400 1808/614/1401
f 1808/614/1401 1807/613/1400 1809/615/1402
f 1808/614/1401 1809/615/1402 1780/589/1375
f 1810/596/1403 1811/595/1404 1812/594/1405
f 1813/616/1406 1814/617/1407 1810/596/1403
f 1815/618/1408 1813/616/1406 1816/619/1409
f 1816/619/1409 1813/616/1406 1810/596/1403
f 1816/619/1409 1810/596/1403 1817/620/1410
f 1817/620/1410 1810/596/1403 1812/594/1405
f 1771/576/1366 1770/581/1365 1818/621/1411
f 1818/621/1411 1770/581/1365 1819/622/1412
f 1818/621/1411 1819/622/1412 1820/623/1413
f 1821/624/1414 1822/625/1415 1823/626/1416
f 1823/626/1416 1822/625/1415 1824/589/1417
f 1825/606/1418 1826/605/1419 1827/627/1420
f 1827/627/1420 1826/605/1419 1828/628/1421
f 1827/627/1420 1828/628/1421 1829/629/1422
f 1829/629/1422 1828/628/1421 1830/630/1423
f 1782/575/1377 1784/592/1379 1831/600/1424
f 1831/600/1424 1784/592/1379 1832/582/1425
f 1831/600/1424 1832/582/1425 1833/597/1426
f 1834/611/1403 1835/610/1427 1836/609/1428
f 1836/609/1428 1835/610/1427 1776/585/1371
f 1836/609/1428 1776/585/1371 1837/608/1403
f 1774/583/1369 1773/582/1368 1789/597/1384
f 1789/597/1384 1773/582/1368 1793/600/1388
f 1789/597/1384 1793/600/1388 1838/631/1429
f 1838/631/1429 1793/600/1388 1839/632/1430
f 1838/631/1429 1839/632/1430 1840/618/1431
f 1841/633/1432 1805/611/1383 1842/634/1433
f 1842/634/1433 1805/611/1383 1804/610/1398
f 1842/634/1433 1804/610/1398 1843/635/1434
f 1843/635/1434 1804/610/1398 1802/585/1396
f 1843/635/1434 1802/585/1396 1844/586/1433
f 1844/586/1433 1802/585/1396 1845/587/1435
f 1846/636/1436 1769/580/1364 1847/624/1437
f 1847/624/1437 1769/580/1364 1768/579/1363
f 1847/624/1437 1768/579/1363 1848/637/1438
f 1848/637/1438 1768/579/1363 1849/638/1439
f 1848/637/1438 1849/638/1439 1850/639/1440
f 1826/605/1419 1851/640/1441 1828/628/1421
f 1828/628/1421 1851/640/1441 1852/627/1442
f 1828/628/1421 1852/627/1442 1830/630/1423
f 1830/630/1423 1852/627/1442 1853/641/1443
f 1830/630/1423 1853/641/1443 1854/642/1444
f 1854/642/1444 1853/641/1443 1855/643/1445
f 1854/642/1444 1855/643/1445 1781/590/1376
f 1781/590/1376 1855/643/1445 1779/588/1374
f 1856/644/1446 1857/645/1447 1858/646/1448
f 1858/646/1448 1857/645/1447 1859/647/1449
f 1858/646/1448 1859/647/1449 1860/645/1450
f 1860/645/1450 1859/647/1449 1823/626/1416
f 1860/645/1450 1823/626/1416 1861/590/1451
f 1861/590/1451 1823/626/1416 1824/589/1417
f 1861/590/1451 1824/589/1417 1862/588/1452
f 1863/579/1453 1821/624/1414 1864/637/1454
f 1864/637/1454 1821/624/1414 1823/626/1416
f 1864/637/1454 1823/626/1416 1865/648/1455
f 1865/648/1455 1823/626/1416 1859/647/1449
f 1865/648/1455 1859/647/1449 1866/626/1456
f 1866/626/1456 1859/647/1449 1857/645/1447
f 1867/636/1457 1814/617/1407 1868/649/1458
f 1868/649/1458 1814/617/1407 1813/616/1406
f 1868/649/1458 1813/616/1406 1869/613/1459
f 1869/613/1459 1813/616/1406 1815/618/1408
f 1869/613/1459 1815/618/1408 1870/612/1460
f 1777/586/1372 1776/585/1371 1871/635/1461
f 1871/635/1461 1776/585/1371 1835/610/1427
f 1871/635/1461 1835/610/1427 1872/634/1462
f 1872/634/1462 1835/610/1427 1834/611/1403
f 1872/634/1462 1834/611/1403 1873/633/1463
f 1822/625/1415 1874/615/1464 1824/589/1417
f 1824/589/1417 1874/615/1464 1875/614/1465
f 1824/589/1417 1875/614/1465 1862/588/1452
f 1862/588/1452 1875/614/1465 1876/643/1466
f 1862/588/1452 1876/643/1466 1861/590/1451
f 1861/590/1451 1876/643/1466 1877/642/1467
f 1861/590/1451 1877/642/1467 1860/645/1450
f 1860/645/1450 1877/642/1467 1878/644/1468
f 1860/645/1450 1878/644/1468 1858/646/1448
f 1831/600/1424 1772/577/1367 1782/575/1377
f 1782/575/1377 1772/577/1367 1771/576/1366
f 1782/575/1377 1771/576/1366 1879/601/1469
f 1879/601/1469 1771/576/1366 1818/621/1411
f 1879/601/1469 1818/621/1411 1880/650/1470
f 1880/650/1470 1818/621/1411 1820/623/1413
f 1880/650/1470 1820/623/1413 1881/621/1471
f 1881/621/1471 1820/623/1413 1819/622/1412
f 1881/621/1471 1819/622/1412 1882/581/1472
f 1882/581/1472 1819/622/1412 1786/594/1381
f 1882/581/1472 1786/594/1381 1883/620/1473
f 1883/620/1473 1786/594/1381 1788/596/1383
f 1780/589/1375 1779/588/1374 1808/614/1401
f 1808/614/1401 1779/588/1374 1855/643/1445
f 1808/614/1401 1855/643/1445 1806/612/1399
f 1806/612/1399 1855/643/1445 1853/641/1443
f 1806/612/1399 1853/641/1443 1799/606/1394
f 1799/606/1394 1853/641/1443 1852/627/1442
f 1799/606/1394 1852/627/1442 1798/605/1393
f 1798/605/1393 1852/627/1442 1851/640/1441
f 1798/605/1393 1851/640/1441 1796/603/1391
f 1796/603/1391 1851/640/1441 1826/605/1419
f 1796/603/1391 1826/605/1419 1797/604/1392
f 1797/604/1392 1826/605/1419 1825/606/1418
f 1797/604/1392 1825/606/1418 1833/597/1426
f 1833/597/1426 1825/606/1418 1884/631/1474
f 1833/597/1426 1884/631/1474 1831/600/1424
f 1831/600/1424 1884/631/1474 1885/632/1475
f 1831/600/1424 1885/632/1475 1772/577/1367
f 1829/629/1422 1886/630/1476 1827/627/1420
f 1827/627/1420 1886/630/1476 1887/641/1477
f 1827/627/1420 1887/641/1477 1825/606/1418
f 1825/606/1418 1887/641/1477 1870/612/1460
f 1825/606/1418 1870/612/1460 1884/631/1474
f 1884/631/1474 1870/612/1460 1815/618/1408
f 1884/631/1474 1815/618/1408 1885/632/1475
f 1885/632/1475 1815/618/1408 1816/619/1409
f 1885/632/1475 1816/619/1409 1772/577/1367
f 1772/577/1367 1816/619/1409 1817/620/1410
f 1772/577/1367 1817/620/1410 1770/581/1365
f 1770/581/1365 1817/620/1410 1812/594/1405
f 1770/581/1365 1812/594/1405 1819/622/1412
f 1783/591/1378 1782/575/1377 1785/593/1380
f 1785/593/1380 1782/575/1377 1879/601/1469
f 1785/593/1380 1879/601/1469 1795/602/1390
f 1795/602/1390 1879/601/1469 1880/650/1470
f 1795/602/1390 1880/650/1470 1794/601/1389
f 1794/601/1389 1880/650/1470 1881/621/1471
f 1794/601/1389 1881/621/1471 1765/576/1360
f 1765/576/1360 1881/621/1471 1882/581/1472
f 1765/576/1360 1882/581/1472 1766/577/1361
f 1766/577/1361 1882/581/1472 1883/620/1473
f 1766/577/1361 1883/620/1473 1888/619/1478
f 1888/619/1478 1883/620/1473 1788/596/1383
f 1888/619/1478 1788/596/1383 1889/616/1479
f 1889/616/1479 1788/596/1383 1890/617/1480
f 1889/616/1479 1890/617/1480 1891/649/1481
f 1891/649/1481 1890/617/1480 1846/636/1436
f 1891/649/1481 1846/636/1436 1892/625/1482
f 1892/625/1482 1846/636/1436 1847/624/1437
f 1892/625/1482 1847/624/1437 1866/626/1456
f 1866/626/1456 1847/624/1437 1848/637/1438
f 1866/626/1456 1848/637/1438 1865/648/1455
f 1865/648/1455 1848/637/1438 1850/639/1440
f 1865/648/1455 1850/639/1440 1864/637/1454
f 1864/637/1454 1850/639/1440 1849/638/1439
f 1864/637/1454 1849/638/1439 1863/579/1453
f 1767/578/1362 1893/638/1483 1800/607/1395
f 1800/607/1395 1893/638/1483 1894/578/1484
f 1800/607/1395 1894/578/1484 1863/579/1453
f 1863/579/1453 1894/578/1484 1895/580/1485
f 1863/579/1453 1895/580/1485 1821/624/1414
f 1821/624/1414 1895/580/1485 1867/636/1457
f 1821/624/1414 1867/636/1457 1822/625/1415
f 1822/625/1415 1867/636/1457 1868/649/1458
f 1822/625/1415 1868/649/1458 1874/615/1464
f 1874/615/1464 1868/649/1458 1869/613/1459
f 1874/615/1464 1869/613/1459 1875/614/1465
f 1875/614/1465 1869/613/1459 1870/612/1460
f 1875/614/1465 1870/612/1460 1876/643/1466
f 1876/643/1466 1870/612/1460 1887/641/1477
f 1876/643/1466 1887/641/1477 1877/642/1467
f 1877/642/1467 1887/641/1477 1886/630/1476
f 1877/642/1467 1886/630/1476 1878/644/1468
f 1878/644/1468 1886/630/1476 1829/629/1422
f 1878/644/1468 1829/629/1422 1858/646/1448
f 1858/646/1448 1829/629/1422 1830/630/1423
f 1858/646/1448 1830/630/1423 1856/644/1446
f 1856/644/1446 1830/630/1423 1854/642/1444
f 1856/644/1446 1854/642/1444 1857/645/1447
f 1857/645/1447 1854/642/1444 1781/590/1376
f 1857/645/1447 1781/590/1376 1866/626/1456
f 1866/626/1456 1781/590/1376 1780/589/1375
f 1866/626/1456 1780/589/1375 1892/625/1482
f 1892/625/1482 1780/589/1375 1809/615/1402
f 1892/625/1482 1809/615/1402 1891/649/1481
f 1891/649/1481 1809/615/1402 1807/613/1400
f 1891/649/1481 1807/613/1400 1889/616/1479
f 1889/616/1479 1807/613/1400 1840/618/1431
f 1889/616/1479 1840/618/1431 1888/619/1478
f 1888/619/1478 1840/618/1431 1839/632/1430
f 1888/619/1478 1839/632/1430 1766/577/1361
f 1766/577/1361 1839/632/1430 1793/600/1388
f 1766/577/1361 1793/600/1388 1764/575/1359
f 1764/575/1359 1793/600/1388 1792/592/1387
f 1764/575/1359 1792/592/1387 1783/591/1378
f 1783/591/1378 1792/592/1387 1791/599/1386
f 1783/591/1378 1791/599/1386 1784/592/1379
f 1784/592/1379 1791/599/1386 1775/584/1370
f 1784/592/1379 1775/584/1370 1832/582/1425
f 1832/582/1425 1775/584/1370 1774/583/1369
f 1832/582/1425 1774/583/1369 1833/597/1426
f 1833/597/1426 1774/583/1369 1790/598/1385
f 1833/597/1426 1790/598/1385 1797/604/1392
f 1797/604/1392 1790/598/1385 1789/597/1384
f 1797/604/1392 1789/597/1384 1799/606/1394
f 1799/606/1394 1789/597/1384 1838/631/1429
f 1799/606/1394 1838/631/1429 1806/612/1399
f 1806/612/1399 1838/631/1429 1840/618/1431
f 1806/612/1399 1840/618/1431 1807/613/1400
