mtllib body_27.mtl
o editpl_m-0000-60
v -41.992508 31.826929 -1.899437
v -34.626209 31.026836 -5.676636
v -34.626209 33.102577 -2.459852
v -49.304623 38.414028 -6.329708
v -51.466560 38.886372 -6.813160
v -49.472595 39.561146 -5.394935
v -61.991779 40.027061 -0.738257
v -69.805092 39.095230 -0.411722
v -69.805092 37.588230 1.882245
v -47.126431 38.121624 -6.635321
v -45.552391 40.081688 -4.321926
v -43.729103 38.960274 -5.653473
v -43.282085 40.210217 -3.658395
v -41.913940 37.520752 3.322887
v -41.607803 39.853546 0.980350
v -43.807671 38.529701 2.590611
v -50.363918 39.467960 2.883521
v -53.111042 33.198975 -6.908056
v -49.916901 31.949032 -3.781685
v -55.833782 31.997229 -4.232259
v -48.911789 31.602003 -1.634173
v -55.831074 31.585938 -2.280519
v -50.556271 36.203331 2.899960
v -55.351543 35.923782 2.143025
v -55.408440 34.738106 2.198320
v -34.626209 31.026836 -5.676636
v -41.992508 31.826929 -1.899437
v -40.673130 33.247169 -7.139694
v -41.913940 37.520752 3.322887
v -34.626209 37.562523 4.333876
v -41.607803 39.853546 0.980350
v -39.895592 40.039913 -0.221927
v -40.673130 39.786072 -4.241974
v -49.304623 38.414028 -6.329708
v -50.992451 36.319008 -7.482669
v -55.297359 38.410812 2.361961
v -55.351543 35.923782 2.143025
v -50.363918 39.467960 2.883521
v -50.556271 36.203331 2.899960
v -45.319401 36.068378 2.924618
v -34.626209 33.102577 -2.459852
v -34.626209 31.881554 0.626916
v -41.992508 31.826929 -1.899437
v -43.872688 32.745911 1.756713
v -48.911789 31.602003 -1.634173
v -48.467484 32.572395 1.125311
v -55.833782 31.997229 0.042590
v -55.579117 32.951553 1.308380
v -62.528198 34.375011 0.455802
v -40.673130 37.549671 -7.139695
v -40.673130 35.400028 -7.880191
v -43.582806 35.891651 -7.144178
v -40.673130 33.247169 -7.139694
v -43.582806 33.353207 -6.684638
v -41.992508 31.826929 -1.899437
v -45.920841 31.769091 -6.275908
v -47.470497 32.241432 -3.826518
v -47.562611 32.279991 -5.092310
v -43.582806 37.928829 -6.684638
v -47.126431 38.121624 -6.635321
v -47.126431 36.039459 -7.490141
v -49.632435 36.203331 -7.741208
v -47.126431 33.349995 -7.224877
v -50.594200 33.497803 -7.597740
v -55.408440 34.738106 2.198320
v -49.922321 33.963718 2.267811
v -44.587917 33.947655 2.092214
v -41.913940 33.918736 3.322887
v -34.626209 33.674530 4.333877
v -34.626209 37.562523 4.333876
v -47.562611 32.279991 -5.092310
v -50.594200 33.497803 -7.597740
v -43.582806 35.891651 -7.144178
v -40.673130 37.549671 -7.139695
v -40.673130 39.786072 -4.241974
v -43.282085 40.210217 -3.658395
v -49.954830 40.875351 1.954726
v -54.999352 40.171658 1.639399
v -55.297359 38.410812 2.361961
v -54.999352 40.171658 1.639399
v -62.311466 38.616459 0.683704
v -62.392738 36.649971 1.162672
v -62.528198 34.375011 0.455802
v -49.922321 33.963718 2.267811
v -44.587917 33.947655 2.092214
v -43.872688 32.745911 1.756713
v -41.913940 33.918736 3.322887
v -34.626209 31.881554 0.626916
v -34.626209 33.674530 4.333877
v -48.911789 31.602003 -1.634173
v -49.916901 31.949032 -3.781685
v -53.111042 33.198975 -6.908056
v -45.552391 40.081688 -4.321926
v -49.296497 41.206314 -4.025280
v -49.621597 41.440880 -0.195028
v -49.954830 40.875351 1.954726
v -54.254322 41.199886 0.215197
v -61.991779 40.027061 -0.738257
v -62.311466 38.616459 0.683704
v -69.805092 37.588230 1.882245
v -62.392738 36.649971 1.162672
v -69.805092 35.194382 1.882245
v -62.796410 33.308224 -2.051123
v -69.805092 33.600624 -1.208259
v -74.659973 31.756239 -1.582615
v -69.805092 34.885914 -5.742393
v -74.659973 31.756239 -1.582615
v -69.805092 33.600624 -1.208259
v -74.703316 33.436752 3.791394
v -69.805092 35.194382 1.882245
v -74.703316 39.053455 3.791394
v -71.972450 37.790661 1.793326
v -71.972450 34.368584 1.793326
v -69.805092 35.345402 1.439891
v -71.986000 34.818436 -4.497523
v -69.805092 35.075493 -5.205141
v -71.931816 33.639183 -1.052837
v -69.805092 33.954079 -1.253839
v -71.972450 34.368584 1.793326
v -69.805092 35.345402 1.439891
v -69.805092 35.345402 1.439891
v -69.805092 37.430782 1.439891
v -71.972450 37.790661 1.793326
v -69.805092 38.741776 -0.558924
v -71.972450 39.034180 -0.166633
v -69.805092 38.761055 -2.928360
v -71.972450 39.034180 -3.112176
v -69.805092 37.430782 -5.205141
v -71.972450 37.790661 -4.753820
v -69.805092 35.075493 -5.205141
v -71.986000 34.818436 -4.497523
v -74.659973 31.756239 -1.582615
v -74.716866 33.693810 -7.017150
v -69.805092 34.885914 -5.742393
v -74.703316 38.568260 -7.437836
v -69.805092 37.588230 -5.742393
v -74.700607 40.608654 -4.173230
v -69.805092 39.114510 -3.130110
v -74.700607 40.608654 0.660540
v -69.805092 39.095230 -0.411722
v -69.805092 37.588230 1.882245
v -55.833782 31.997229 0.042590
v -55.831074 31.585938 -2.280519
v -48.911789 31.602003 -1.634173
v -55.833782 31.997229 -4.232259
v -55.833782 33.182907 -6.962604
v -53.111042 33.198975 -6.908056
v -55.519516 36.277237 -7.692638
v -50.992451 36.319008 -7.482669
v -55.031860 38.783546 -6.962604
v -51.466560 38.886372 -6.813160
v -49.296497 41.206314 -4.025280
v -49.472595 39.561146 -5.394935
v -49.621597 41.440880 -0.195028
v -49.296497 41.206314 -4.025280
v -54.254322 41.199886 0.215197
v -54.148663 41.129196 -3.197360
v -61.991779 40.027061 -0.738257
v -61.991779 40.001354 -3.541081
v -69.805092 39.095230 -0.411722
v -69.805092 35.194382 1.882245
v -69.805092 33.600624 -1.208259
v -62.796410 33.308224 -2.051123
v -62.186844 36.492523 -6.600202
v -61.948433 38.327271 -6.050248
v -55.031860 38.783546 -6.962604
v -62.796410 33.308224 -2.051123
v -55.831074 31.585938 -2.280519
v -55.833782 31.997229 0.042590
v -61.991779 40.001354 -3.541081
v -54.148663 41.129196 -3.197360
v -49.296497 41.206314 -4.025280
v -55.519516 36.277237 -7.692638
v -55.833782 33.182907 -6.962604
v -62.425251 34.657776 -6.050247
v -55.833782 31.997229 -4.232259
v -62.796410 33.308224 -2.051123
v -55.831074 31.585938 -2.280519
v -69.805092 33.600624 -1.208259
v -69.805092 34.885914 -5.742393
v -69.805092 37.588230 -5.742393
v -69.805092 39.114510 -3.130110
v -69.805092 39.095230 -0.411722
v 74.703316 39.053455 3.791394
v 69.805092 35.194382 1.882245
v 74.703316 33.436752 3.791394
v 69.805092 33.600624 -1.208259
v 74.659973 31.756239 -1.582615
v 69.805092 35.345402 1.439891
v 71.972450 34.368584 1.793326
v 71.972450 37.790661 1.793326
v 71.972450 34.368584 1.793326
v 69.805092 35.345402 1.439891
v 71.931816 33.639183 -1.052837
v 69.805092 33.954079 -1.253839
v 71.986000 34.818436 -4.497523
v 69.805092 35.075493 -5.205141
v 71.986000 34.818436 -4.497523
v 69.805092 35.075493 -5.205141
v 71.972450 37.790661 -4.753820
v 69.805092 37.430782 -5.205141
v 71.972450 39.034180 -3.112176
v 69.805092 38.761055 -2.928360
v 71.972450 39.034180 -0.166633
v 69.805092 38.741776 -0.558924
v 71.972450 37.790661 1.793326
v 69.805092 37.430782 1.439891
v 69.805092 35.345402 1.439891
v 74.659973 31.756239 -1.582615
v 69.805092 33.600624 -1.208259
v 74.716866 33.693810 -7.017150
v 69.805092 34.885914 -5.742393
v 74.703316 38.568260 -7.437836
v 69.805092 37.588230 -5.742393
v 74.700607 40.608654 -4.173230
v 69.805092 39.114510 -3.130110
v 74.700607 40.608654 0.660540
v 69.805092 39.095230 -0.411722
v 74.703316 39.053455 3.791394
v 69.805092 37.588230 1.882245
v 69.805092 35.194382 1.882245
v 45.319401 36.068378 2.924618
v 43.807671 38.529701 2.590611
v 41.913940 37.520752 3.322887
v 43.872688 32.745911 1.756713
v 41.913940 33.918736 3.322887
v 34.626209 31.881554 0.626916
v 43.582806 35.891651 -7.144178
v 40.673130 35.400028 -7.880191
v 40.673130 37.549671 -7.139695
v 55.031860 38.783546 -6.962604
v 51.466560 38.886372 -6.813160
v 49.296497 41.206314 -4.025280
v 34.626209 33.674530 4.333877
v 69.805092 37.588230 1.882245
v 69.805092 39.095230 -0.411722
v 61.991779 40.027061 -0.738257
v 41.992508 31.826929 -1.899437
v 47.470497 32.241432 -3.826518
v 48.911789 31.602003 -1.634173
v 62.796410 33.308224 -2.051123
v 62.528198 34.375011 0.455802
v 55.833782 31.997229 0.042590
v 50.556271 36.203331 2.899960
v 40.673130 33.247169 -7.139694
v 41.992508 31.826929 -1.899437
v 34.626209 31.026836 -5.676636
v 34.626209 33.102577 -2.459852
v 40.673130 39.786072 -4.241974
v 39.895592 40.039913 -0.221927
v 41.607803 39.853546 0.980350
v 34.626209 37.562523 4.333876
v 48.911789 31.602003 -1.634173
v 55.831074 31.585938 -2.280519
v 55.833782 31.997229 0.042590
v 53.111042 33.198975 -6.908056
v 50.594200 33.497803 -7.597740
v 50.992451 36.319008 -7.482669
v 47.126431 36.039459 -7.490141
v 43.582806 37.928829 -6.684638
v 47.126431 38.121624 -6.635321
v 43.729103 38.960274 -5.653473
v 45.552391 40.081688 -4.321926
v 43.282085 40.210217 -3.658395
v 55.833782 31.997229 -4.232259
v 49.916901 31.949032 -3.781685
v 53.111042 33.198975 -6.908056
v 47.562611 32.279991 -5.092310
v 50.594200 33.497803 -7.597740
v 62.528198 34.375011 0.455802
v 62.392738 36.649971 1.162672
v 55.351543 35.923782 2.143025
v 55.297359 38.410812 2.361961
v 50.363918 39.467960 2.883521
v 69.805092 39.095230 -0.411722
v 61.991779 40.001354 -3.541081
v 61.991779 40.027061 -0.738257
v 54.148663 41.129196 -3.197360
v 54.254322 41.199886 0.215197
v 49.296497 41.206314 -4.025280
v 49.621597 41.440880 -0.195028
v 44.587917 33.947655 2.092214
v 49.922321 33.963718 2.267811
v 55.408440 34.738106 2.198320
v 48.467484 32.572395 1.125311
v 55.579117 32.951553 1.308380
v 40.673130 35.400028 -7.880191
v 43.582806 35.891651 -7.144178
v 40.673130 33.247169 -7.139694
v 43.582806 33.353207 -6.684638
v 45.920841 31.769091 -6.275908
v 51.466560 38.886372 -6.813160
v 55.031860 38.783546 -6.962604
v 50.992451 36.319008 -7.482669
v 55.519516 36.277237 -7.692638
v 55.833782 33.182907 -6.962604
v 55.833782 31.997229 -4.232259
v 49.632435 36.203331 -7.741208
v 49.304623 38.414028 -6.329708
v 51.466560 38.886372 -6.813160
v 49.472595 39.561146 -5.394935
v 49.296497 41.206314 -4.025280
v 62.311466 38.616459 0.683704
v 54.999352 40.171658 1.639399
v 50.363918 39.467960 2.883521
v 49.954830 40.875351 1.954726
v 41.607803 39.853546 0.980350
v 40.673130 39.786072 -4.241974
v 40.673130 37.549671 -7.139695
v 43.582806 35.891651 -7.144178
v 47.126431 33.349995 -7.224877
v 34.626209 37.562523 4.333876
v 41.607803 39.853546 0.980350
v 48.911789 31.602003 -1.634173
v 41.992508 31.826929 -1.899437
v 34.626209 33.102577 -2.459852
v 62.796410 33.308224 -2.051123
v 69.805092 33.600624 -1.208259
v 62.528198 34.375011 0.455802
v 69.805092 35.194382 1.882245
v 62.392738 36.649971 1.162672
v 69.805092 37.588230 1.882245
v 62.311466 38.616459 0.683704
v 54.999352 40.171658 1.639399
v 54.254322 41.199886 0.215197
v 49.954830 40.875351 1.954726
v 43.282085 40.210217 -3.658395
v 49.296497 41.206314 -4.025280
v 45.552391 40.081688 -4.321926
v 49.472595 39.561146 -5.394935
v 47.126431 38.121624 -6.635321
v 49.304623 38.414028 -6.329708
v 47.126431 36.039459 -7.490141
v 49.632435 36.203331 -7.741208
v 47.126431 33.349995 -7.224877
v 45.920841 31.769091 -6.275908
v 47.470497 32.241432 -3.826518
v 49.916901 31.949032 -3.781685
v 48.911789 31.602003 -1.634173
v 55.833782 31.997229 -4.232259
v 55.831074 31.585938 -2.280519
v 55.833782 33.182907 -6.962604
v 62.425251 34.657776 -6.050247
v 55.833782 31.997229 -4.232259
v 69.805092 34.885914 -5.742393
v 69.805092 33.600624 -1.208259
v 62.796410 33.308224 -2.051123
v 55.031860 38.783546 -6.962604
v 61.948433 38.327271 -6.050248
v 62.186844 36.492523 -6.600202
v 55.833782 31.997229 0.042590
v 55.831074 31.585938 -2.280519
v 62.796410 33.308224 -2.051123
v 55.519516 36.277237 -7.692638
v 49.296497 41.206314 -4.025280
v 54.148663 41.129196 -3.197360
v 61.991779 40.001354 -3.541081
v 55.831074 31.585938 -2.280519
v 69.805092 37.588230 -5.742393
v 69.805092 39.114510 -3.130110
v 69.805092 39.095230 -0.411722
v -74.684357 33.398193 2.784888
v -77.954353 34.677055 4.978728
v -77.507332 32.771614 3.414049
v -73.516693 35.612099 -5.994953
v -71.972450 37.790661 -4.753820
v -71.986000 34.818436 -4.497523
v -88.260124 33.619904 -3.961766
v -84.784233 36.919880 -4.479590
v -86.845924 32.868011 -3.730874
v -77.789093 35.882011 3.555272
v -83.061180 32.996540 3.162235
v -83.112656 33.960506 3.881060
v -82.985329 32.353897 3.841459
v -79.769508 39.686462 2.750516
v -80.435974 37.565739 3.127862
v -78.008537 36.723873 3.341567
v -75.423965 37.221924 4.383193
v -71.972450 37.790661 1.793326
v -76.491386 38.452583 3.566481
v -71.972450 39.034180 -0.166633
v -87.712868 35.184742 1.454088
v -85.128296 37.694267 2.013756
v -85.098495 38.176247 -2.132570
v -87.477165 33.019032 -1.611009
v -86.845924 32.868011 -3.730874
v -83.705971 35.509277 -4.215821
v -86.845924 32.868011 -3.730874
v -87.477165 33.019032 -1.611009
v -88.682762 33.738792 -2.013762
v -86.764648 34.493900 2.027953
v -84.074425 36.254745 2.736319
v -71.972450 34.368584 1.793326
v -82.985329 32.353897 3.841459
v -83.034088 33.439964 4.808362
v -83.112656 33.960506 3.881060
v -77.789093 35.882011 3.555272
v -80.435974 37.565739 3.127862
v -77.111794 35.817745 -0.963170
v -78.008537 36.723873 3.341567
v -75.063644 34.011917 -4.715712
v -78.647903 36.842762 -6.047259
v -79.718040 39.843910 -4.481084
v -79.094925 37.022701 -4.128396
v -83.705971 35.509277 -4.215821
v -71.972450 39.034180 -3.112176
v -78.967590 38.873516 -6.336433
v -80.975105 35.901291 -6.227339
v -78.647903 36.842762 -6.047259
v -79.094925 37.022701 -4.128396
v -80.975105 35.901291 -6.227339
v -81.422119 36.084442 -4.868145
v -84.112350 32.061493 -6.227338
v -84.559364 32.241432 -5.328433
v -79.718040 39.843910 -4.481084
v -81.422119 36.084442 -4.868145
v -82.893211 37.861355 -5.220833
v -84.112350 32.061493 -6.227338
v -85.280014 33.054379 -6.516512
v -82.142761 36.894173 -6.516513
v -86.764648 34.493900 2.027953
v -78.710213 33.844830 2.028701
v -71.931816 33.639183 -1.052837
v -75.063644 34.011917 -4.715712
v -71.986000 34.818436 -4.497523
v -77.507332 32.771614 3.414049
v -74.684357 33.398193 2.784888
v -71.972450 34.368584 1.793326
v -86.764648 34.493900 2.027953
v -84.074425 36.254745 2.736319
v -80.465775 40.811089 -2.146020
v -84.112350 32.061493 -6.227338
v -84.559364 32.241432 -5.328433
v -85.553642 33.462456 -5.681120
v -84.559364 32.241432 -5.328433
v 71.972450 37.790661 -4.753820
v 73.516693 35.612099 -5.994953
v 71.986000 34.818436 -4.497523
v 81.422119 36.084442 -4.868145
v 84.112350 32.061493 -6.227338
v 84.559364 32.241432 -5.328433
v 82.893211 37.861355 -5.220833
v 84.559364 32.241432 -5.328433
v 85.553642 33.462456 -5.681120
v 80.465775 40.811089 -2.146020
v 71.972450 39.034180 -3.112176
v 71.972450 39.034180 -0.166633
v 85.128296 37.694267 2.013756
v 84.074425 36.254745 2.736319
v 86.764648 34.493900 2.027953
v 87.712868 35.184742 1.454088
v 83.034088 33.439964 4.808362
v 83.112656 33.960506 3.881060
v 77.789093 35.882011 3.555272
v 86.764648 34.493900 2.027953
v 87.477165 33.019032 -1.611009
v 83.705971 35.509277 -4.215821
v 86.845924 32.868011 -3.730874
v 87.477165 33.019032 -1.611009
v 85.098495 38.176247 -2.132570
v 88.682762 33.738792 -2.013762
v 88.260124 33.619904 -3.961766
v 78.967590 38.873516 -6.336433
v 79.094925 37.022701 -4.128396
v 79.718040 39.843910 -4.481084
v 83.705971 35.509277 -4.215821
v 84.784233 36.919880 -4.479590
v 86.845924 32.868011 -3.730874
v 80.975105 35.901291 -6.227339
v 79.094925 37.022701 -4.128396
v 78.647903 36.842762 -6.047259
v 81.422119 36.084442 -4.868145
v 79.718040 39.843910 -4.481084
v 78.008537 36.723873 3.341567
v 75.423965 37.221924 4.383193
v 77.954353 34.677055 4.978728
v 80.435974 37.565739 3.127862
v 78.008537 36.723873 3.341567
v 77.111794 35.817745 -0.963170
v 77.789093 35.882011 3.555272
v 75.063644 34.011917 -4.715712
v 84.074425 36.254745 2.736319
v 86.764648 34.493900 2.027953
v 84.559364 32.241432 -5.328433
v 84.112350 32.061493 -6.227338
v 85.280014 33.054379 -6.516512
v 82.142761 36.894173 -6.516513
v 71.972450 34.368584 1.793326
v 71.931816 33.639183 -1.052837
v 74.684357 33.398193 2.784888
v 78.710213 33.844830 2.028701
v 77.507332 32.771614 3.414049
v 83.061180 32.996540 3.162235
v 82.985329 32.353897 3.841459
v 84.112350 32.061493 -6.227338
v 80.975105 35.901291 -6.227339
v 78.647903 36.842762 -6.047259
v 75.063644 34.011917 -4.715712
v 71.986000 34.818436 -4.497523
v 83.112656 33.960506 3.881060
v 80.435974 37.565739 3.127862
v 79.769508 39.686462 2.750516
v 76.491386 38.452583 3.566481
v 74.684357 33.398193 2.784888
v 77.507332 32.771614 3.414049
v 82.985329 32.353897 3.841459
v 86.845924 32.868011 -3.730874
v 71.972450 37.790661 1.793326
v 71.972450 34.368584 1.793326
v -40.673130 37.549671 -7.139695
v -34.626209 37.257267 -8.093896
v -40.673130 35.400028 -7.880191
v -40.022926 31.467049 -7.889904
v -34.152100 29.712631 -5.304521
v -40.058144 30.583412 -2.777421
v -40.031052 31.322453 1.522833
v -34.154812 32.912998 4.844975
v -39.984997 33.581345 4.673862
v -40.673130 39.786072 -4.241974
v -34.626209 31.026836 -5.676636
v -40.673130 33.247169 -7.139694
v -34.626209 32.572395 -8.093896
v -34.626209 34.914833 -8.833644
v -34.154812 32.912998 4.844975
v -34.152100 30.576986 0.913849
v -34.154812 36.023392 -2.092220
v -34.152100 30.053232 -2.481521
v -34.152100 29.712631 -5.304521
v -34.154812 38.336910 -8.312084
v -34.152100 40.705051 -5.182725
v -34.152100 41.575832 -2.146020
v -40.022926 35.281139 -9.064535
v -40.022926 31.467049 -7.889904
v -40.003960 35.930210 -1.730566
v -40.058144 30.583412 -2.777421
v -40.022926 38.523277 -7.806963
v -34.154812 38.336910 -8.312084
v -40.022926 35.281139 -9.064535
v -34.154812 34.808796 -9.569655
v -34.154812 38.336910 -8.312084
v -40.022926 38.523277 -7.806963
v -40.022926 40.698624 -4.502007
v -34.154812 31.354586 -8.395025
v -40.022926 35.281139 -9.064535
v -34.154812 34.808796 -9.569655
v -39.984997 37.556095 4.673861
v -40.022926 41.013519 0.587312
v -40.031052 31.322453 1.522833
v -39.984997 33.581345 4.673862
v -34.152100 29.712631 -5.304521
v -34.152100 30.053232 -2.481521
v -40.022926 40.698624 -4.502007
v -40.022926 38.523277 -7.806963
v -34.152100 40.621510 1.375630
v -34.154812 37.790661 4.844975
v -34.154812 31.354586 -8.395025
v -34.154812 34.808796 -9.569655
v -34.152100 30.576986 0.913849
v -40.058144 30.583412 -2.777421
v -34.152100 30.053232 -2.481521
v -40.022926 41.013519 0.587312
v -39.984997 37.556095 4.673861
v -34.154812 37.790661 4.844975
v -39.984997 33.581345 4.673862
v -34.154812 32.912998 4.844975
v -34.626209 37.562523 4.333876
v -34.626209 39.500095 0.339982
v -39.895592 40.039913 -0.221927
v -34.626209 40.309826 -2.157976
v -34.626209 39.406910 -4.656681
v -34.152100 40.621510 1.375630
v -34.152100 41.575832 -2.146020
v -34.152100 40.705051 -5.182725
v 40.673130 35.400028 -7.880191
v 34.626209 34.914833 -8.833644
v 34.626209 37.257267 -8.093896
v 34.154812 32.912998 4.844975
v 34.152100 35.814533 -2.314145
v 34.152100 30.576986 0.913849
v 34.152100 41.575832 -2.146020
v 34.152100 40.705051 -5.182725
v 34.154812 37.790661 4.844975
v 34.152100 40.621510 1.375630
v 34.154812 31.354586 -8.395025
v 34.152100 29.712631 -5.304521
v 34.152100 30.053232 -2.481521
v 34.154812 38.336910 -8.312084
v 34.154812 34.808796 -9.569655
v 40.673130 39.786072 -4.241974
v 40.673130 37.549671 -7.139695
v 34.626209 32.572395 -8.093896
v 40.673130 33.247169 -7.139694
v 34.626209 31.026836 -5.676636
v 40.022926 35.281139 -9.064535
v 40.003960 35.930210 -1.730566
v 40.022926 31.467049 -7.889904
v 40.058144 30.583412 -2.777421
v 40.022926 38.523277 -7.806963
v 40.022926 35.281139 -9.064535
v 34.154812 38.336910 -8.312084
v 34.154812 34.808796 -9.569655
v 40.022926 40.698624 -4.502007
v 40.022926 38.523277 -7.806963
v 34.154812 38.336910 -8.312084
v 40.022926 41.013519 0.587312
v 39.984997 37.556095 4.673861
v 39.984997 33.581345 4.673862
v 40.031052 31.322453 1.522833
v 40.022926 38.523277 -7.806963
v 40.022926 40.698624 -4.502007
v 34.152100 30.053232 -2.481521
v 40.058144 30.583412 -2.777421
v 34.152100 30.576986 0.913849
v 40.031052 31.322453 1.522833
v 34.154812 32.912998 4.844975
v 39.984997 33.581345 4.673862
v 34.154812 32.912998 4.844975
v 39.984997 33.581345 4.673862
v 34.154812 37.790661 4.844975
v 39.984997 37.556095 4.673861
v 40.022926 41.013519 0.587312
v 34.626209 39.406910 -4.656681
v 34.626209 40.309826 -2.157976
v 39.895592 40.039913 -0.221927
v 34.626209 39.500095 0.339982
v 34.626209 37.562523 4.333876
v 34.152100 40.705051 -5.182725
v 34.152100 41.575832 -2.146020
v 34.152100 40.621510 1.375630
v 34.154812 34.808796 -9.569655
v 40.022926 35.281139 -9.064535
v 34.154812 31.354586 -8.395025
v 40.022926 31.467049 -7.889904
v 34.152100 29.712631 -5.304521
v 40.058144 30.583412 -2.777421
v 34.152100 30.053232 -2.481521
vn 0.0314 -0.9980 -0.0551
vn -0.0941 -0.9886 -0.1177
vn 0.1726 -0.9805 0.0941
vn 0.1105 0.5367 -0.8365
vn 0.1572 0.5424 -0.8253
vn 0.1650 0.6445 -0.7466
vn -0.1330 0.9234 0.3600
vn 0.1333 0.9567 0.2588
vn 0.1729 0.4716 0.8647
vn 0.0157 0.6199 -0.7845
vn 0.0943 0.7384 -0.6677
vn 0.0314 0.7774 -0.6282
vn 0.1655 0.9612 -0.2207
vn -0.1024 0.3544 0.9295
vn 0.0785 0.8869 0.4552
vn 0.0078 0.3768 0.9263
vn -0.0314 0.3138 0.9490
vn -0.0315 -0.6786 -0.7338
vn 0.0392 -0.9730 -0.2275
vn -0.1019 -0.9491 -0.2981
vn 0.0236 -0.9992 0.0314
vn -0.1173 -0.9930 -0.0157
vn -0.0392 -0.1017 0.9940
vn -0.1565 -0.0548 0.9862
vn -0.1415 -0.2123 0.9669
vn -0.0942 -0.9886 -0.1177
vn 0.0314 -0.9980 -0.0550
vn -0.2117 -0.6508 -0.7292
vn -0.1024 0.3545 0.9294
vn -0.0079 0.7149 0.6992
vn 0.0784 0.8869 0.4552
vn 0.0078 0.9790 0.2036
vn -0.0000 0.9379 -0.3468
vn 0.1572 0.5423 -0.8253
vn 0.1105 0.5366 -0.8366
vn -0.0314 0.1259 -0.9915
vn -0.1645 0.1723 0.9712
vn -0.0314 0.3137 0.9490
vn -0.0391 -0.1017 0.9940
vn -0.1497 -0.0867 0.9849
vn 0.1725 -0.9805 0.0941
vn -0.0000 -0.9720 0.2352
vn 0.0314 -0.9980 -0.0549
vn -0.0940 -0.8149 0.5719
vn 0.0236 -0.9992 0.0315
vn -0.0157 -0.7525 0.6584
vn -0.1257 -0.9110 0.3927
vn -0.1100 -0.6285 0.7700
vn -0.1488 -0.5485 0.8228
vn -0.0707 0.5497 -0.8324
vn -0.1886 -0.0000 -0.9821
vn -0.0935 0.0146 -0.9955
vn 0.1110 -0.4974 -0.8604
vn -0.0078 -0.9095 -0.4156
vn -0.0314 -0.9964 -0.0785
vn -0.1174 -0.9781 -0.1721
vn 0.0315 0.7774 -0.6282
vn -0.0000 0.4628 -0.8864
vn 0.0157 0.6198 -0.7846
vn 0.0786 0.1178 -0.9899
vn 0.0314 0.1414 -0.9895
vn 0.1099 -0.2356 -0.9656
vn -0.1184 -0.4815 -0.8684
vn -0.0157 -0.4565 0.8896
vn -0.0391 -0.1018 0.9940
vn -0.1413 -0.4238 0.8947
vn -0.1962 -0.4788 0.8557
vn -0.1334 -0.5260 0.8400
vn -0.1184 -0.4816 -0.8684
vn -0.0940 0.0157 -0.9954
vn 0.1654 0.9612 -0.2206
vn 0.0551 0.8664 0.4963
vn -0.1889 0.6455 0.7400
vn -0.1645 0.1724 0.9712
vn -0.1021 0.4791 0.8718
vn -0.0237 -0.0315 0.9992
vn -0.1489 -0.5485 0.8228
vn -0.0157 -0.4566 0.8895
vn -0.0940 -0.8148 0.5720
vn -0.1963 -0.4789 0.8557
vn -0.1335 -0.5259 0.8400
vn 0.0392 -0.9730 -0.2276
vn -0.0316 -0.6786 -0.7338
vn -0.0315 0.1259 -0.9915
vn 0.0785 0.8788 -0.4708
vn 0.1655 0.9612 -0.2206
vn 0.1021 0.9895 0.1021
vn 0.0551 0.8665 0.4962
vn -0.1023 0.9751 0.1966
vn -0.0236 -0.0315 0.9992
vn 0.2590 -0.4002 0.8791
vn -0.1885 -0.9818 0.0236
vn 0.1732 -0.9838 0.0472
vn 0.3700 -0.9289 0.0157
vn 0.1413 -0.4396 -0.8870
vn 0.3700 -0.9289 0.0158
vn 0.4311 -0.5095 0.7447
vn 0.2590 -0.4003 0.8790
vn 0.4247 0.4483 0.7865
vn 0.3223 0.5031 0.8019
vn 0.4417 -0.4812 0.7572
vn 0.2441 -0.3465 0.9057
vn 0.2280 -0.6685 -0.7079
vn -0.1724 -0.4152 -0.8932
vn 0.0392 -0.9955 -0.0862
vn 0.1961 -0.9803 0.0235
vn 0.2122 0.4558 0.8644
vn 0.1883 0.9102 0.3688
vn 0.1963 0.9499 0.2434
vn 0.1340 0.9771 -0.1655
vn 0.1575 0.9217 -0.3545
vn -0.0157 0.6198 -0.7846
vn 0.1341 0.3393 -0.9311
vn -0.1724 -0.4153 -0.8932
vn 0.2281 -0.6686 -0.7078
vn 0.3536 -0.5737 -0.7388
vn 0.3444 0.2662 -0.9003
vn 0.1335 0.5260 -0.8400
vn 0.3313 0.8835 -0.3313
vn 0.1022 0.9583 -0.2670
vn 0.3154 0.9383 0.1420
vn 0.1730 0.4716 0.8647
vn -0.1256 -0.9111 0.3926
vn -0.1173 -0.9930 -0.0156
vn -0.1260 -0.5594 -0.8193
vn -0.0316 -0.6786 -0.7339
vn -0.0393 -0.0157 -0.9991
vn -0.0709 0.5909 -0.8037
vn 0.1651 0.6444 -0.7466
vn 0.0785 0.8788 -0.4707
vn -0.1022 0.9751 0.1966
vn -0.1017 0.9704 -0.2191
vn -0.1331 0.9234 0.3600
vn -0.1257 0.9509 -0.2829
vn 0.2590 -0.4002 0.8790
vn 0.1732 -0.9838 0.0473
vn -0.1886 -0.9818 0.0236
vn -0.1260 0.0157 -0.9919
vn -0.1175 0.6578 -0.7440
vn -0.0709 0.5909 -0.8036
vn -0.1257 -0.9111 0.3926
vn 0.0784 0.8788 -0.4708
vn -0.0394 -0.0157 -0.9991
vn -0.1261 -0.5594 -0.8193
vn -0.1804 -0.7373 -0.6510
vn -0.1020 -0.9491 -0.2981
vn -0.1885 -0.9818 0.0235
vn 0.1731 -0.9838 0.0472
vn 0.1334 0.5260 -0.8400
vn 0.1021 0.9583 -0.2670
vn -0.4247 0.4483 0.7865
vn -0.2590 -0.4003 0.8790
vn -0.4311 -0.5095 0.7447
vn -0.1732 -0.9838 0.0472
vn -0.3700 -0.9289 0.0158
vn -0.2442 -0.3465 0.9057
vn -0.4417 -0.4812 0.7572
vn -0.3223 0.5031 0.8019
vn -0.4417 -0.4811 0.7572
vn -0.0392 -0.9955 -0.0862
vn -0.1960 -0.9803 0.0235
vn -0.2280 -0.6685 -0.7079
vn 0.1725 -0.4153 -0.8932
vn -0.2281 -0.6685 -0.7078
vn 0.1724 -0.4153 -0.8932
vn -0.1341 0.3393 -0.9311
vn -0.1575 0.9217 -0.3545
vn -0.1340 0.9771 -0.1655
vn -0.1963 0.9499 0.2434
vn -0.1883 0.9102 0.3688
vn -0.3223 0.5032 0.8018
vn -0.2122 0.4558 0.8644
vn -0.3700 -0.9289 0.0157
vn -0.3537 -0.5737 -0.7388
vn -0.1413 -0.4396 -0.8870
vn -0.3445 0.2662 -0.9003
vn -0.1335 0.5260 -0.8400
vn -0.3313 0.8835 -0.3313
vn -0.1022 0.9583 -0.2671
vn -0.3154 0.9383 0.1420
vn -0.1333 0.9567 0.2588
vn -0.1730 0.4717 0.8647
vn -0.2590 -0.4002 0.8790
vn 0.1497 -0.0867 0.9849
vn -0.0078 0.3768 0.9263
vn 0.1024 0.3544 0.9295
vn 0.0940 -0.8149 0.5720
vn 0.1962 -0.4789 0.8557
vn -0.0000 -0.9720 0.2351
vn 0.1018 0.0236 -0.9945
vn 0.1886 -0.0000 -0.9821
vn 0.0707 0.5496 -0.8324
vn 0.0709 0.5909 -0.8036
vn -0.1572 0.5424 -0.8253
vn -0.0784 0.8787 -0.4708
vn 0.1335 -0.5259 0.8400
vn -0.1730 0.4716 0.8647
vn 0.1330 0.9234 0.3600
vn -0.0314 -0.9980 -0.0551
vn 0.0314 -0.9964 -0.0785
vn -0.0236 -0.9992 0.0314
vn 0.1885 -0.9818 0.0236
vn 0.1489 -0.5485 0.8228
vn 0.1257 -0.9110 0.3927
vn 0.0391 -0.1018 0.9940
vn 0.2117 -0.6508 -0.7292
vn -0.0314 -0.9980 -0.0550
vn 0.0942 -0.9886 -0.1177
vn -0.1726 -0.9805 0.0941
vn -0.0000 0.9380 -0.3468
vn -0.0078 0.9790 0.2036
vn -0.0785 0.8869 0.4552
vn 0.0079 0.7149 0.6992
vn -0.0236 -0.9992 0.0315
vn 0.1173 -0.9930 -0.0156
vn 0.1256 -0.9111 0.3926
vn 0.0316 -0.6787 -0.7338
vn 0.1184 -0.4815 -0.8684
vn 0.0315 0.1259 -0.9915
vn -0.0860 0.0782 -0.9932
vn 0.0079 0.5029 -0.8643
vn -0.0235 0.6111 -0.7912
vn -0.0314 0.7774 -0.6282
vn -0.0942 0.7385 -0.6677
vn -0.1654 0.9612 -0.2206
vn 0.1019 -0.9491 -0.2981
vn -0.0392 -0.9730 -0.2276
vn 0.0316 -0.6786 -0.7338
vn 0.1174 -0.9781 -0.1721
vn 0.1184 -0.4816 -0.8684
vn 0.0237 -0.0315 0.9992
vn 0.1565 -0.0548 0.9862
vn 0.1645 0.1723 0.9712
vn 0.0314 0.3137 0.9490
vn -0.1333 0.9567 0.2587
vn 0.1257 0.9509 -0.2829
vn 0.1017 0.9704 -0.2191
vn 0.1022 0.9751 0.1966
vn -0.0784 0.8788 -0.4707
vn -0.1021 0.9895 0.1021
vn 0.1413 -0.4238 0.8947
vn 0.0157 -0.4566 0.8895
vn 0.1415 -0.2123 0.9669
vn 0.0157 -0.7525 0.6584
vn 0.1100 -0.6285 0.7700
vn 0.1018 0.0234 -0.9945
vn -0.1110 -0.4974 -0.8604
vn 0.0078 -0.9095 -0.4156
vn -0.1572 0.5423 -0.8253
vn 0.0393 -0.0157 -0.9991
vn 0.0316 -0.6786 -0.7339
vn 0.1260 -0.5594 -0.8193
vn -0.0314 0.1414 -0.9895
vn -0.1105 0.5366 -0.8365
vn -0.1573 0.5423 -0.8253
vn -0.1651 0.6444 -0.7466
vn -0.0785 0.8788 -0.4708
vn 0.1021 0.4791 0.8718
vn 0.1889 0.6455 0.7400
vn 0.0314 0.3138 0.9490
vn -0.0552 0.8664 0.4963
vn 0.0707 0.5497 -0.8324
vn 0.1018 0.0235 -0.9945
vn -0.1099 -0.2355 -0.9656
vn -0.0785 0.8869 0.4553
vn -0.0314 -0.9980 -0.0549
vn -0.1731 -0.9838 0.0472
vn 0.1488 -0.5485 0.8228
vn 0.0236 -0.0315 0.9992
vn -0.1729 0.4716 0.8647
vn -0.0551 0.8665 0.4962
vn -0.1655 0.9612 -0.2206
vn -0.0943 0.7384 -0.6677
vn -0.1650 0.6445 -0.7466
vn -0.1105 0.5367 -0.8365
vn 0.0079 -0.9095 -0.4155
vn -0.0392 -0.9730 -0.2275
vn 0.1019 -0.9491 -0.2980
vn 0.1173 -0.9930 -0.0157
vn 0.1261 -0.5594 -0.8193
vn 0.1804 -0.7373 -0.6510
vn 0.1020 -0.9491 -0.2981
vn 0.1885 -0.9818 0.0235
vn 0.1175 0.6578 -0.7440
vn 0.1260 0.0157 -0.9919
vn 0.1257 -0.9111 0.3926
vn 0.0394 -0.0157 -0.9991
vn -0.0784 0.8788 -0.4708
vn -0.1334 0.5260 -0.8400
vn -0.1021 0.9583 -0.2670
vn 0.3388 -0.8351 0.4333
vn 0.0315 -0.0000 0.9995
vn 0.1333 -0.9873 0.0861
vn 0.2361 -0.2597 -0.9364
vn 0.1342 0.3393 -0.9311
vn 0.2281 -0.6685 -0.7079
vn -0.7783 -0.2358 -0.5819
vn -0.2352 0.2117 -0.9486
vn 0.0865 -0.7390 -0.6682
vn -0.7000 0.7000 0.1416
vn -0.4876 -0.1180 -0.8651
vn -0.8953 0.4398 -0.0706
vn -0.7699 -0.6364 0.0472
vn -0.0868 0.6471 0.7575
vn -0.1414 -0.6679 0.7307
vn -0.5202 -0.1340 0.8435
vn 0.0864 0.2120 0.9734
vn 0.0548 0.6190 0.7835
vn 0.1962 0.9499 0.2434
vn -0.8713 0.0628 0.4867
vn -0.4569 0.5672 0.6853
vn -0.6378 0.7402 -0.2126
vn -0.0789 -0.9703 0.2288
vn 0.0865 -0.7390 -0.6681
vn 0.4082 -0.7772 -0.4789
vn 0.0865 -0.7389 -0.6683
vn -0.9915 -0.1181 0.0551
vn -0.3373 -0.3765 0.8628
vn 0.2586 -0.6427 0.7212
vn 0.4417 -0.4811 0.7572
vn -0.7699 -0.6364 0.0471
vn -0.4173 0.0787 0.9053
vn -0.8953 0.4398 -0.0707
vn -0.7000 0.7000 0.1415
vn -0.1414 -0.6678 0.7308
vn -0.6682 -0.7390 -0.0865
vn -0.5203 -0.1340 0.8434
vn -0.1417 -0.9213 -0.3622
vn -0.1727 -0.7775 -0.6047
vn -0.1645 0.6736 -0.7206
vn -0.0548 -0.9948 0.0862
vn 0.1576 0.9217 -0.3545
vn 0.0783 0.3918 -0.9167
vn 0.4476 -0.6991 -0.5576
vn -0.1728 -0.7775 -0.6047
vn 0.4477 -0.6990 -0.5577
vn 0.2129 -0.4495 0.8675
vn 0.3691 -0.8011 -0.4712
vn -0.1813 -0.4493 0.8748
vn -0.0547 -0.9948 0.0861
vn -0.2736 0.0235 0.9616
vn 0.2130 -0.4495 0.8675
vn -0.7388 0.5737 0.3537
vn -0.6451 0.0393 -0.7631
vn -0.1573 0.2910 -0.9437
vn -0.4013 -0.5508 -0.7318
vn 0.2281 -0.6685 -0.7078
vn 0.1332 -0.9873 0.0862
vn -0.3373 -0.3766 0.8628
vn 0.2586 -0.6427 0.7211
vn -0.1413 0.9892 -0.0393
vn -0.9660 -0.0863 0.2435
vn -0.1812 -0.4492 0.8748
vn -0.1342 0.3393 -0.9311
vn -0.2361 -0.2597 -0.9364
vn -0.2281 -0.6685 -0.7079
vn -0.2129 -0.4495 0.8675
vn -0.3691 -0.8011 -0.4712
vn 0.1812 -0.4492 0.8748
vn 0.7388 0.5737 0.3537
vn 0.1813 -0.4492 0.8748
vn 0.9660 -0.0863 0.2435
vn 0.1413 0.9892 -0.0393
vn -0.1576 0.9217 -0.3545
vn 0.4569 0.5672 0.6853
vn -0.2587 -0.6427 0.7212
vn 0.3373 -0.3765 0.8628
vn 0.8713 0.0628 0.4867
vn 0.4173 0.0787 0.9053
vn 0.8953 0.4398 -0.0707
vn 0.7000 0.7000 0.1415
vn 0.3373 -0.3765 0.8629
vn 0.0789 -0.9703 0.2288
vn -0.4082 -0.7772 -0.4789
vn -0.0865 -0.7390 -0.6681
vn 0.6378 0.7402 -0.2126
vn 0.9915 -0.1181 0.0551
vn 0.7783 -0.2358 -0.5819
vn -0.0783 0.3918 -0.9167
vn 0.0547 -0.9948 0.0862
vn 0.1645 0.6736 -0.7206
vn 0.2364 0.2109 -0.9485
vn -0.0865 -0.7390 -0.6682
vn -0.4477 -0.6990 -0.5577
vn 0.0548 -0.9948 0.0862
vn 0.1728 -0.7775 -0.6047
vn -0.2130 -0.4496 0.8675
vn 0.2736 0.0235 0.9616
vn 0.0548 -0.9948 0.0861
vn 0.5202 -0.1340 0.8435
vn -0.0864 0.2120 0.9734
vn -0.0315 -0.0000 0.9995
vn 0.1414 -0.6678 0.7308
vn 0.5202 -0.1341 0.8434
vn 0.6682 -0.7390 -0.0865
vn 0.7000 0.7000 0.1416
vn 0.1418 -0.9213 -0.3622
vn -0.2587 -0.6427 0.7211
vn 0.3373 -0.3766 0.8628
vn 0.1812 -0.4493 0.8748
vn -0.3691 -0.8011 -0.4713
vn 0.6451 0.0393 -0.7631
vn 0.1573 0.2910 -0.9437
vn -0.4417 -0.4811 0.7573
vn -0.3388 -0.8351 0.4334
vn 0.4013 -0.5508 -0.7318
vn -0.1332 -0.9873 0.0862
vn 0.4876 -0.1180 -0.8651
vn 0.7699 -0.6364 0.0472
vn -0.4477 -0.6990 -0.5576
vn 0.1418 -0.9212 -0.3622
vn 0.8953 0.4398 -0.0706
vn 0.1415 -0.6679 0.7307
vn 0.0868 0.6471 0.7575
vn -0.0548 0.6190 0.7835
vn -0.3388 -0.8351 0.4333
vn -0.1333 -0.9873 0.0861
vn 0.7699 -0.6364 0.0471
vn -0.0865 -0.7389 -0.6682
vn -0.3223 0.5031 0.8018
vn -0.0784 0.5956 -0.7994
vn -0.6668 -0.5962 -0.4471
vn 0.4948 -0.8561 -0.1492
vn -0.5411 -0.8392 0.0549
vn -0.6144 -0.7089 0.3465
vn 0.5592 -0.5198 0.6458
vn -0.6225 -0.2285 0.7485
vn -0.2117 -0.6507 -0.7292
vn -0.1814 -0.5048 -0.8439
vn -0.1491 -0.0000 -0.9888
vn 0.5592 -0.5198 0.6459
vn 0.5105 -0.8247 0.2435
vn 1.0000 -0.0001 -0.0000
vn 0.6759 -0.7310 0.0943
vn 0.4256 0.5517 -0.7173
vn 0.6924 0.6453 -0.3226
vn 0.5419 0.8403 -0.0157
vn -0.5271 0.0157 -0.8496
vn -1.0000 -0.0000 -0.0000
vn -0.5412 -0.8391 0.0549
vn -0.7407 0.4254 -0.5200
vn 0.4257 0.5517 -0.7172
vn -0.5271 0.0158 -0.8496
vn 0.6992 -0.0000 -0.7149
vn -0.5018 0.7998 -0.3293
vn 0.5275 -0.4566 -0.7164
vn -0.7538 0.2749 0.5968
vn -0.4947 0.8008 0.3376
vn -0.6143 -0.7089 0.3466
vn -0.6224 -0.2285 0.7485
vn 0.4948 -0.8561 -0.1493
vn 0.6759 -0.7309 0.0944
vn -0.5411 -0.8391 0.0549
vn -0.5019 0.7998 -0.3293
vn -0.7406 0.4255 -0.5200
vn 0.7166 0.6222 0.3151
vn 0.4546 0.3762 0.8073
vn 0.6992 -0.0001 -0.7149
vn 0.5106 -0.8246 0.2435
vn 0.6759 -0.7309 0.0943
vn -0.4946 0.8008 0.3376
vn -0.7539 0.2749 0.5968
vn 0.4546 0.3763 0.8073
vn -0.0078 0.7149 0.6991
vn 0.0550 0.9276 0.3695
vn 0.0079 0.9997 -0.0236
vn 0.0235 0.9019 -0.4313
vn 0.7167 0.6222 0.3150
vn 0.6925 0.6453 -0.3226
vn 0.1491 -0.0000 -0.9888
vn 0.0784 0.5956 -0.7994
vn -0.5592 -0.5198 0.6458
vn -0.5105 -0.8247 0.2435
vn -0.5419 0.8403 -0.0156
vn -0.6924 0.6453 -0.3226
vn -0.4546 0.3762 0.8073
vn -0.7167 0.6222 0.3150
vn -0.5275 -0.4566 -0.7164
vn -0.4948 -0.8561 -0.1492
vn -0.6759 -0.7310 0.0944
vn -0.4257 0.5518 -0.7172
vn -0.6992 -0.0000 -0.7150
vn 0.1814 -0.5048 -0.8439
vn 0.2117 -0.6507 -0.7292
vn 0.5271 0.0157 -0.8496
vn 1.0000 -0.0000 -0.0000
vn 0.6668 -0.5962 -0.4472
vn 0.5412 -0.8391 0.0549
vn 0.7407 0.4255 -0.5200
vn 0.5271 0.0157 -0.8497
vn -0.4256 0.5518 -0.7172
vn -0.6992 -0.0000 -0.7149
vn 0.5018 0.7998 -0.3293
vn -0.4256 0.5517 -0.7172
vn 0.4947 0.8009 0.3376
vn 0.7538 0.2749 0.5968
vn 0.6224 -0.2285 0.7486
vn 0.6143 -0.7089 0.3466
vn 0.7406 0.4255 -0.5200
vn 0.5019 0.7998 -0.3293
vn -0.6759 -0.7309 0.0944
vn 0.5411 -0.8391 0.0549
vn -0.5106 -0.8247 0.2435
vn 0.6144 -0.7089 0.3465
vn 0.6225 -0.2285 0.7485
vn 0.6225 -0.2286 0.7485
vn 0.7539 0.2748 0.5968
vn 0.4946 0.8008 0.3376
vn -0.0235 0.9019 -0.4313
vn -0.0079 0.9997 -0.0236
vn -0.0550 0.9276 0.3695
vn 0.0078 0.7149 0.6991
vn -0.6925 0.6453 -0.3226
vn -0.5419 0.8403 -0.0157
vn -0.7167 0.6221 0.3150
vn 0.5271 0.0158 -0.8497
vn 0.6668 -0.5962 -0.4471
vn -0.6759 -0.7309 0.0943
vt 0.009979 0.128876
vt 0.035126 0.009979
vt 0.009979 0.009979
vt 0.207001 0.308594
vt 0.218597 0.343079
vt 0.237732 0.290375
vt 0.351288 0.530640
vt 0.347626 0.688904
vt 0.422729 0.688904
vt 0.199219 0.214844
vt 0.297760 0.199799
vt 0.230469 0.199219
vt 0.330505 0.199493
vt 0.433594 0.131866
vt 0.363251 0.199219
vt 0.425751 0.183929
vt 0.433594 0.246094
vt 0.105469 0.300751
vt 0.066376 0.277344
vt 0.066376 0.386719
vt 0.009979 0.253876
vt 0.009979 0.386719
vt 0.464844 0.246094
vt 0.449219 0.378876
vt 0.472626 0.378876
vt 0.113251 0.113251
vt 0.433594 0.009979
vt 0.366699 0.103271
vt 0.263153 0.111542
vt 0.152344 0.316376
vt 0.425751 0.371094
vt 0.464844 0.183929
vt 0.602844 0.009979
vt 0.542908 0.009979
vt 0.602844 0.128876
vt 0.542908 0.199219
vt 0.602844 0.253876
vt 0.550751 0.246094
vt 0.550751 0.386719
vt 0.496094 0.378876
vt 0.488251 0.540253
vt 0.199219 0.113251
vt 0.152344 0.113251
vt 0.152344 0.175751
vt 0.113251 0.175751
vt 0.105469 0.214844
vt 0.066376 0.230469
vt 0.105469 0.261719
vt 0.199219 0.175751
vt 0.152344 0.214844
vt 0.152344 0.300751
vt 0.121094 0.214844
vt 0.121094 0.292969
vt 0.496094 0.246094
vt 0.496094 0.183929
vt 0.496979 0.131866
vt 0.496979 0.009979
vt 0.382812 0.302704
vt 0.386719 0.363251
vt 0.386719 0.540253
vt 0.425751 0.540253
vt 0.302856 0.274536
vt 0.355469 0.269501
vt 0.355469 0.355469
vt 0.478699 0.688904
vt 0.569580 0.548065
vt 0.009979 0.688843
vt 0.009979 0.804016
vt 0.135529 0.688843
vt 0.603394 0.804016
vt 0.602844 0.688904
vt 0.519897 0.804016
vt 0.408173 0.804016
vt 0.894501 0.042969
vt 0.972626 0.042969
vt 0.949219 0.009979
vt 0.941376 0.449219
vt 0.989990 0.449219
vt 0.941376 0.535126
vt 0.989990 0.535126
vt 0.941376 0.645325
vt 0.989990 0.660950
vt 0.894501 0.009979
vt 0.847626 0.009979
vt 0.832001 0.042969
vt 0.769501 0.009979
vt 0.753876 0.042969
vt 0.707001 0.009979
vt 0.691376 0.058594
vt 0.660126 0.009979
vt 0.618256 0.027344
vt 0.112000 0.804016
vt 0.196350 0.804016
vt 0.196808 0.688904
vt 0.244629 0.804016
vt 0.266968 0.688904
vt 0.355164 0.804016
vt 0.602844 0.386719
vt 0.105469 0.394501
vt 0.152344 0.394501
vt 0.214844 0.386719
vt 0.300751 0.363251
vt 0.284302 0.535980
vt 0.167969 0.548065
vt 0.214844 0.548065
vt 0.128876 0.548065
vt 0.009979 0.548065
vt 0.989990 0.105469
vt 0.964844 0.167969
vt 0.989990 0.167969
vt 0.652344 0.082001
vt 0.730469 0.386719
vt 0.730469 0.300751
vt 0.707001 0.371094
vt 0.792969 0.622498
vt 0.717194 0.636719
vt 0.693756 0.619202
vt 0.693756 0.665649
vt 0.878876 0.207001
vt 0.917969 0.205353
vt 0.918457 0.159546
vt 0.925751 0.121094
vt 0.894501 0.144501
vt 0.888672 0.399719
vt 0.878876 0.308594
vt 0.769501 0.300751
vt 0.624603 0.529175
vt 0.623444 0.484406
vt 0.675751 0.484406
vt 0.730469 0.410126
vt 0.768219 0.420563
vt 0.777344 0.394501
vt 0.917969 0.363251
vt 0.917969 0.292969
vt 0.989990 0.285126
vt 0.964844 0.261719
vt 0.933594 0.285126
vt 0.933594 0.175751
vt 0.753876 0.601349
vt 0.832001 0.527344
vt 0.777344 0.601349
vt 0.618256 0.097626
vt 0.618256 0.186279
vt 0.707001 0.214844
vt 0.707001 0.261719
vt 0.707001 0.277344
vt 0.660126 0.186279
vt 0.618256 0.261719
vt 0.731476 0.445862
vt 0.751495 0.484406
vt 0.699127 0.445862
vt 0.714844 0.478973
vt 0.639771 0.445862
vt 0.639771 0.478973
vt 0.699219 0.261719
vt 0.664307 0.261719
vt 0.618256 0.348755
vt 0.636871 0.348755
vt 0.636871 0.261719
vt 0.888672 0.415344
vt 0.808594 0.636719
vt 0.871094 0.445862
vt 0.816376 0.665649
vt 0.894501 0.660950
vt 0.624207 0.601349
vt 0.675751 0.601349
vt 0.769501 0.207001
vt 0.636871 0.371094
vt 0.664307 0.371094
vt 0.664307 0.348755
vt 0.699219 0.348755
vt 0.199219 0.009979
vt 0.134247 0.989990
vt 0.048889 0.850983
vt 0.009979 0.989990
vt 0.120117 0.989990
vt 0.009979 0.850983
vt 0.113251 0.009979
vt 0.152344 0.009979
vt 0.765320 0.833252
vt 0.654297 0.833252
vt 0.741516 0.964752
vt 0.507416 0.833252
vt 0.552887 0.833252
vt 0.780212 0.833252
vt 0.863556 0.833252
vt 0.916626 0.833252
vt 0.657959 0.989990
vt 0.602295 0.989990
vt 0.743256 0.863892
vt 0.509064 0.989990
vt 0.102448 0.989990
vt 0.102448 0.850983
vt 0.212128 0.989990
vt 0.212128 0.850983
vt 0.381256 0.850983
vt 0.381256 0.989990
vt 0.326843 0.989990
vt 0.134247 0.850983
vt 0.209808 0.989990
vt 0.209808 0.850983
vt 0.882660 0.989990
vt 0.962982 0.989990
vt 0.675232 0.989990
vt 0.053741 0.850983
vt 0.867035 0.989990
vt 0.781860 0.989990
vt 0.977234 0.833252
vt 0.866211 0.833252
vt 0.613495 0.833252
vt 0.696869 0.833252
vt 0.120117 0.850983
vt 0.057037 0.989990
vt 0.057037 0.850983
vt 0.205566 0.989990
vt 0.318298 0.989990
vt 0.318298 0.850983
vt 0.451660 0.989990
vt 0.451660 0.850983
vt 0.363251 0.009979
vt 0.308594 0.009979
vt 0.261719 0.009979
vt 0.205566 0.850983
vt 0.276855 0.850983
vt 0.326843 0.850983
vt 0.601013 0.989990
s 1
usemtl m_body19
f 1/1/1 2/2/2 3/3/3
f 4/4/4 5/5/5 6/6/6
f 7/7/7 8/8/8 9/9/9
f 10/10/10 11/11/11 12/12/12
f 12/12/12 11/11/11 13/13/13
f 14/14/14 15/15/15 16/16/16
f 16/16/16 15/15/15 17/17/17
f 18/18/18 19/19/19 20/20/20
f 20/20/20 19/19/19 21/21/21
f 20/20/20 21/21/21 22/22/22
f 23/23/23 24/24/24 25/25/25
f 26/2/26 27/1/27 28/26/28
f 29/14/29 30/27/30 31/15/31
f 31/15/31 30/27/30 32/28/32
f 31/15/31 32/28/32 33/29/33
f 5/5/34 34/4/35 35/30/36
f 36/31/37 37/24/24 38/17/38
f 38/17/38 37/24/24 39/23/39
f 38/17/38 39/23/39 16/16/16
f 16/16/16 39/23/39 40/32/40
f 16/16/16 40/32/40 14/14/14
f 41/33/41 42/34/42 43/35/43
f 43/35/43 42/34/42 44/36/44
f 43/35/43 44/36/44 45/37/45
f 45/37/45 44/36/44 46/38/46
f 45/37/45 46/38/46 47/39/47
f 47/39/47 46/38/46 48/40/48
f 47/39/47 48/40/48 49/41/49
f 50/42/50 51/43/51 52/44/52
f 52/44/52 51/43/51 53/26/28
f 52/44/52 53/26/28 54/45/53
f 54/45/53 53/26/28 55/1/1
f 54/45/53 55/1/1 56/46/54
f 56/46/54 55/1/1 57/47/55
f 56/46/54 57/47/55 58/48/56
f 12/12/57 59/49/58 60/10/59
f 60/10/59 59/49/58 61/50/60
f 60/10/59 61/50/60 62/51/61
f 62/51/61 61/50/60 63/52/62
f 62/51/61 63/52/62 64/53/63
f 65/25/25 66/54/64 23/23/65
f 23/23/65 66/54/64 67/55/66
f 23/23/65 67/55/66 40/32/40
f 40/32/40 67/55/66 68/56/67
f 40/32/40 68/56/67 14/14/14
f 14/14/14 68/56/67 69/57/68
f 14/14/14 69/57/68 70/27/30
f 71/48/56 72/53/69 56/46/54
f 56/46/54 72/53/69 63/52/62
f 56/46/54 63/52/62 54/45/53
f 54/45/53 63/52/62 61/50/60
f 54/45/53 61/50/60 73/44/70
f 73/44/70 61/50/60 59/49/58
f 73/44/70 59/49/58 74/42/50
f 74/42/50 59/49/58 12/12/57
f 74/42/50 12/12/57 75/29/33
f 75/29/33 12/12/57 76/13/71
f 75/29/33 76/13/71 15/15/15
f 15/15/15 76/13/71 77/58/72
f 15/15/15 77/58/72 17/17/17
f 17/17/17 77/58/72 78/59/73
f 17/17/17 78/59/73 79/31/74
f 80/59/73 81/60/75 79/31/37
f 79/31/37 81/60/75 82/61/76
f 79/31/37 82/61/76 24/24/24
f 24/24/24 82/61/76 83/41/77
f 24/24/24 83/41/77 25/25/25
f 25/25/25 83/41/77 48/40/48
f 25/25/25 48/40/48 84/54/78
f 84/54/78 48/40/48 46/38/46
f 84/54/78 46/38/46 85/55/66
f 85/55/66 46/38/46 86/36/79
f 85/55/66 86/36/79 87/56/80
f 87/56/80 86/36/79 88/34/42
f 87/56/80 88/34/42 89/57/81
f 55/1/1 90/21/21 57/47/55
f 57/47/55 90/21/21 91/19/82
f 57/47/55 91/19/82 58/48/56
f 58/48/56 91/19/82 92/18/83
f 58/48/56 92/18/83 64/53/63
f 64/53/63 92/18/83 35/30/84
f 64/53/63 35/30/84 62/51/61
f 62/51/61 35/30/84 4/4/4
f 62/51/61 4/4/4 60/10/59
f 60/10/59 4/4/4 6/6/6
f 60/10/59 6/6/6 93/11/11
f 93/11/11 6/6/6 94/62/85
f 93/11/11 94/62/85 13/13/86
f 13/13/86 94/62/85 95/63/87
f 13/13/86 95/63/87 96/58/88
f 96/58/88 95/63/87 97/64/89
f 96/58/88 97/64/89 78/59/73
f 78/59/73 97/64/89 98/7/7
f 78/59/73 98/7/7 99/60/75
f 99/60/75 98/7/7 100/9/9
f 99/60/75 100/9/9 101/61/90
f 101/61/90 100/9/9 102/65/91
f 101/61/90 102/65/91 49/41/49
f 49/41/49 102/65/91 103/66/92
f 49/41/49 103/66/92 47/39/47
f 104/67/93 105/68/94 106/69/95
f 107/70/96 108/71/93 109/72/97
f 109/72/97 108/71/93 110/65/98
f 109/72/97 110/65/98 111/73/99
f 112/74/100 113/75/101 114/76/102
f 115/77/103 116/78/104 117/79/105
f 117/79/105 116/78/104 118/80/106
f 117/79/105 118/80/106 119/81/101
f 119/81/101 118/80/106 120/82/102
f 121/76/102 122/83/107 123/74/100
f 123/74/100 122/83/107 124/84/108
f 123/74/100 124/84/108 125/85/109
f 125/85/109 124/84/108 126/86/110
f 125/85/109 126/86/110 127/87/111
f 127/87/111 126/86/110 128/88/112
f 127/87/111 128/88/112 129/89/113
f 129/89/113 128/88/112 130/90/114
f 129/89/113 130/90/114 131/91/115
f 132/68/94 133/92/116 134/69/95
f 134/69/95 133/92/116 135/93/117
f 134/69/95 135/93/117 136/94/118
f 136/94/118 135/93/117 137/95/119
f 136/94/118 137/95/119 138/96/120
f 138/96/120 137/95/119 139/97/121
f 138/96/120 139/97/121 140/8/8
f 140/8/8 139/97/121 111/73/99
f 140/8/8 111/73/99 141/9/122
f 141/9/122 111/73/99 110/65/98
f 142/39/123 143/98/124 144/37/45
f 145/20/20 146/99/125 147/18/126
f 147/18/126 146/99/125 148/100/127
f 147/18/126 148/100/127 149/30/84
f 149/30/84 148/100/127 150/101/128
f 149/30/84 150/101/128 151/5/5
f 151/5/5 150/101/128 152/62/85
f 151/5/5 152/62/85 153/6/129
f 154/63/87 155/62/130 156/64/131
f 156/64/131 155/62/130 157/102/132
f 156/64/131 157/102/132 158/7/133
f 158/7/133 157/102/132 159/103/134
f 158/7/133 159/103/134 160/8/8
f 161/65/135 162/71/136 163/66/137
f 164/104/138 165/105/139 166/101/140
f 167/66/92 168/98/124 169/39/141
f 165/105/139 170/103/134 166/101/140
f 166/101/140 170/103/134 171/102/132
f 166/101/140 171/102/132 172/62/142
f 166/101/140 173/100/143 164/104/138
f 164/104/138 173/100/143 174/99/144
f 164/104/138 174/99/144 175/106/145
f 175/106/145 174/99/144 176/20/146
f 175/106/145 176/20/146 177/107/147
f 177/107/147 176/20/146 178/22/22
f 177/107/147 179/67/148 175/106/145
f 175/106/145 179/67/148 180/69/95
f 175/106/145 180/69/95 164/104/138
f 164/104/138 180/69/95 181/94/149
f 164/104/138 181/94/149 165/105/139
f 165/105/139 181/94/149 182/96/150
f 165/105/139 182/96/150 170/103/134
f 170/103/134 182/96/150 183/8/8
f 184/73/151 185/65/152 186/72/153
f 186/72/153 185/65/152 187/71/154
f 186/72/153 187/71/154 188/70/155
f 189/76/156 190/75/157 191/74/158
f 192/81/159 193/82/156 194/79/160
f 194/79/160 193/82/156 195/80/161
f 194/79/160 195/80/161 196/77/162
f 196/77/162 195/80/161 197/78/163
f 198/91/164 199/90/165 200/89/166
f 200/89/166 199/90/165 201/88/59
f 200/89/166 201/88/59 202/87/167
f 202/87/167 201/88/59 203/86/168
f 202/87/167 203/86/168 204/85/169
f 204/85/169 203/86/168 205/84/170
f 204/85/169 205/84/170 206/74/171
f 206/74/171 205/84/170 207/83/172
f 206/74/171 207/83/172 208/76/156
f 209/68/173 210/67/154 211/92/174
f 211/92/174 210/67/154 212/69/175
f 211/92/174 212/69/175 213/93/176
f 213/93/176 212/69/175 214/94/177
f 213/93/176 214/94/177 215/95/178
f 215/95/178 214/94/177 216/96/179
f 215/95/178 216/96/179 217/97/180
f 217/97/180 216/96/179 218/8/181
f 217/97/180 218/8/181 219/73/151
f 219/73/151 218/8/181 220/9/182
f 219/73/151 220/9/182 221/65/183
f 222/32/184 223/16/185 224/14/186
f 225/36/187 226/56/188 227/34/189
f 228/44/190 229/43/191 230/42/192
f 231/101/193 232/5/194 233/62/195
f 226/56/188 234/57/196 227/34/189
f 235/9/197 236/8/181 237/7/198
f 238/1/199 239/47/200 240/21/201
f 241/66/202 242/41/203 243/39/204
f 223/16/185 222/32/184 244/23/205
f 245/26/206 246/1/207 247/2/208
f 247/2/208 246/1/207 248/3/209
f 249/29/210 250/28/211 251/15/212
f 251/15/212 250/28/211 252/27/213
f 253/37/214 254/98/215 255/39/216
f 256/18/217 257/53/218 258/30/219
f 259/50/220 260/49/221 261/10/222
f 261/10/222 260/49/221 262/12/223
f 261/10/222 262/12/223 263/11/224
f 263/11/224 262/12/223 264/13/225
f 265/20/226 266/19/227 267/18/228
f 267/18/228 266/19/227 268/48/229
f 267/18/228 268/48/229 269/53/230
f 270/41/203 271/61/231 272/24/232
f 272/24/232 271/61/231 273/31/233
f 272/24/232 273/31/233 274/17/234
f 275/8/235 276/103/236 277/7/198
f 277/7/198 276/103/236 278/102/237
f 277/7/198 278/102/237 279/64/238
f 279/64/238 278/102/237 280/62/239
f 279/64/238 280/62/239 281/63/240
f 224/14/186 226/56/188 222/32/184
f 222/32/184 226/56/188 282/55/241
f 222/32/184 282/55/241 244/23/205
f 244/23/205 282/55/241 283/54/242
f 244/23/205 283/54/242 284/25/243
f 226/56/188 225/36/187 282/55/241
f 282/55/241 225/36/187 285/38/244
f 282/55/241 285/38/244 283/54/242
f 283/54/242 285/38/244 286/40/245
f 283/54/242 286/40/245 284/25/243
f 287/43/191 288/44/246 289/26/206
f 289/26/206 288/44/246 290/45/247
f 289/26/206 290/45/247 238/1/199
f 238/1/199 290/45/247 291/46/248
f 238/1/199 291/46/248 239/47/200
f 292/5/249 293/101/193 294/30/219
f 294/30/219 293/101/193 295/100/250
f 294/30/219 295/100/250 256/18/251
f 256/18/251 295/100/250 296/99/252
f 256/18/251 296/99/252 297/20/226
f 257/53/218 298/51/253 258/30/219
f 258/30/219 298/51/253 299/4/254
f 258/30/219 299/4/254 300/5/255
f 300/5/255 299/4/254 301/6/256
f 300/5/255 301/6/256 302/62/257
f 271/61/231 303/60/258 273/31/233
f 273/31/233 303/60/258 304/59/259
f 273/31/233 304/59/259 305/17/260
f 305/17/260 304/59/259 306/58/261
f 305/17/260 306/58/261 307/15/212
f 307/15/212 306/58/261 264/13/225
f 307/15/212 264/13/225 308/29/33
f 308/29/33 264/13/225 262/12/223
f 308/29/33 262/12/223 309/42/262
f 309/42/262 262/12/223 260/49/221
f 309/42/262 260/49/221 310/44/263
f 310/44/263 260/49/221 259/50/220
f 310/44/263 259/50/220 290/45/247
f 290/45/247 259/50/220 311/52/264
f 290/45/247 311/52/264 291/46/248
f 234/57/196 226/56/188 312/27/213
f 312/27/213 226/56/188 224/14/186
f 312/27/213 224/14/186 313/15/265
f 313/15/265 224/14/186 223/16/185
f 313/15/265 223/16/185 274/17/234
f 274/17/234 223/16/185 244/23/205
f 274/17/234 244/23/205 272/24/232
f 272/24/232 244/23/205 284/25/243
f 272/24/232 284/25/243 270/41/203
f 270/41/203 284/25/243 286/40/245
f 270/41/203 286/40/245 255/39/204
f 255/39/204 286/40/245 285/38/244
f 255/39/204 285/38/244 314/37/214
f 314/37/214 285/38/244 225/36/187
f 314/37/214 225/36/187 315/35/266
f 315/35/266 225/36/187 227/34/189
f 315/35/266 227/34/189 316/33/209
f 317/66/202 318/71/267 319/41/268
f 319/41/268 318/71/267 320/65/152
f 319/41/268 320/65/152 321/61/269
f 321/61/269 320/65/152 322/9/270
f 321/61/269 322/9/270 323/60/258
f 323/60/258 322/9/270 237/7/198
f 323/60/258 237/7/198 324/59/259
f 324/59/259 237/7/198 325/64/238
f 324/59/259 325/64/238 326/58/271
f 326/58/271 325/64/238 281/63/240
f 326/58/271 281/63/240 327/13/272
f 327/13/272 281/63/240 328/62/257
f 327/13/272 328/62/257 329/11/273
f 329/11/273 328/62/257 330/6/274
f 329/11/273 330/6/274 331/10/222
f 331/10/222 330/6/274 332/4/275
f 331/10/222 332/4/275 333/50/220
f 333/50/220 332/4/275 334/51/253
f 333/50/220 334/51/253 335/52/264
f 335/52/264 334/51/253 269/53/230
f 335/52/264 269/53/230 336/46/276
f 336/46/276 269/53/230 268/48/229
f 336/46/276 268/48/229 337/47/200
f 337/47/200 268/48/229 338/19/277
f 337/47/200 338/19/277 339/21/201
f 339/21/201 338/19/277 340/20/278
f 339/21/201 340/20/278 341/22/279
f 342/99/280 343/106/281 344/20/282
f 345/69/175 346/67/267 347/107/283
f 348/101/193 349/105/284 350/104/285
f 351/39/286 352/98/215 353/66/202
f 343/106/281 342/99/280 350/104/285
f 350/104/285 342/99/280 354/100/287
f 350/104/285 354/100/287 348/101/193
f 355/62/288 356/102/237 348/101/193
f 348/101/193 356/102/237 357/103/236
f 348/101/193 357/103/236 349/105/284
f 358/22/279 344/20/282 347/107/283
f 347/107/283 344/20/282 343/106/281
f 347/107/283 343/106/281 345/69/175
f 345/69/175 343/106/281 350/104/285
f 345/69/175 350/104/285 359/94/289
f 359/94/289 350/104/285 349/105/284
f 359/94/289 349/105/284 360/96/290
f 360/96/290 349/105/284 357/103/236
f 360/96/290 357/103/236 361/8/181
f 362/108/291 363/109/292 364/110/293
f 365/111/294 366/89/295 367/91/296
f 368/112/297 369/113/298 370/114/299
f 371/115/300 372/116/301 373/117/302
f 372/116/301 374/118/303 373/117/302
f 375/119/304 376/120/305 377/121/306
f 378/122/307 379/74/100 380/123/308
f 380/123/308 379/74/100 381/85/309
f 382/124/310 383/125/311 384/126/312
f 385/127/313 386/128/314 387/129/315
f 388/130/316 389/131/313 368/112/297
f 368/112/297 389/131/313 390/132/317
f 382/124/310 391/133/318 383/125/311
f 383/125/311 391/133/318 392/134/319
f 383/125/311 392/134/319 376/120/305
f 363/109/292 362/108/291 378/122/307
f 378/122/307 362/108/291 393/75/320
f 378/122/307 393/75/320 379/74/100
f 394/135/321 395/136/322 396/137/323
f 396/137/323 395/136/322 397/138/324
f 398/139/325 399/140/326 400/141/327
f 400/141/327 399/140/326 371/115/300
f 367/91/296 401/142/328 365/111/294
f 365/111/294 401/142/328 402/143/329
f 403/144/330 404/145/331 405/146/315
f 406/87/332 366/89/295 407/147/333
f 366/89/295 365/111/294 407/147/333
f 407/147/333 365/111/294 402/143/329
f 407/147/333 402/143/329 408/148/334
f 409/149/335 410/150/331 411/151/336
f 411/151/336 410/150/331 412/152/337
f 411/151/336 412/152/337 413/153/338
f 413/153/338 412/152/337 414/154/339
f 404/145/340 415/144/341 416/155/342
f 416/155/342 415/144/341 417/156/343
f 418/157/338 419/158/344 420/159/345
f 420/159/345 419/158/344 417/156/343
f 420/159/345 417/156/343 403/144/330
f 369/113/298 368/112/297 384/126/312
f 384/126/312 368/112/297 390/132/317
f 384/126/312 390/132/317 382/124/310
f 382/124/310 390/132/317 389/131/313
f 382/124/310 389/131/313 421/160/318
f 372/116/301 371/115/300 422/161/346
f 422/161/346 371/115/300 399/140/326
f 422/161/346 399/140/326 423/79/105
f 423/79/105 399/140/326 424/162/328
f 423/79/105 424/162/328 425/77/347
f 374/118/303 372/116/301 426/163/348
f 426/163/348 372/116/301 422/161/346
f 426/163/348 422/161/346 427/164/291
f 427/164/291 422/161/346 423/79/105
f 427/164/291 423/79/105 428/81/320
f 429/165/349 385/127/313 430/166/350
f 430/166/350 385/127/313 387/129/315
f 430/166/350 387/129/315 398/139/325
f 398/139/325 387/129/315 410/150/331
f 398/139/325 410/150/331 399/140/326
f 399/140/326 410/150/331 409/149/335
f 399/140/326 409/149/335 424/162/328
f 376/120/305 375/119/304 383/125/311
f 383/125/311 375/119/304 431/167/351
f 383/125/311 431/167/351 384/126/312
f 384/126/312 431/167/351 403/144/330
f 384/126/312 403/144/330 369/113/298
f 369/113/298 403/144/330 405/146/315
f 369/113/298 405/146/315 370/114/299
f 432/168/338 433/169/339 419/158/344
f 419/158/344 433/169/339 434/170/352
f 419/158/344 434/170/352 417/156/343
f 417/156/343 434/170/352 435/171/353
f 417/156/343 435/171/353 416/155/342
f 394/135/321 364/110/293 395/136/322
f 395/136/322 364/110/293 363/109/292
f 395/136/322 363/109/292 397/138/324
f 397/138/324 363/109/292 378/122/307
f 397/138/324 378/122/307 377/121/306
f 377/121/306 378/122/307 380/123/308
f 377/121/306 380/123/308 375/119/304
f 375/119/304 380/123/308 381/85/309
f 375/119/304 381/85/309 431/167/351
f 431/167/351 381/85/309 406/87/332
f 431/167/351 406/87/332 403/144/330
f 403/144/330 406/87/332 407/147/333
f 403/144/330 407/147/333 420/159/345
f 420/159/345 407/147/333 408/148/334
f 420/159/345 408/148/334 418/157/338
f 436/89/354 437/111/355 438/91/356
f 439/152/357 440/153/358 441/154/359
f 442/156/360 443/171/361 444/170/362
f 445/167/363 446/87/364 447/85/169
f 448/125/365 449/134/366 450/133/367
f 450/133/367 451/124/368 448/125/365
f 452/136/369 453/137/370 454/138/371
f 451/124/368 455/160/372 456/131/373
f 457/129/374 458/128/375 459/127/373
f 460/126/376 461/132/377 462/112/378
f 437/111/355 436/89/354 463/147/379
f 464/145/380 465/144/381 466/146/374
f 466/146/374 465/144/381 467/113/382
f 466/146/374 467/113/382 468/114/383
f 440/153/358 439/152/357 469/151/384
f 469/151/384 439/152/357 470/150/385
f 469/151/384 470/150/385 471/149/386
f 443/171/361 442/156/360 472/155/387
f 472/155/387 442/156/360 473/144/388
f 472/155/387 473/144/388 464/145/389
f 474/121/390 475/122/391 454/138/371
f 454/138/371 475/122/391 476/109/392
f 454/138/371 476/109/392 452/136/369
f 477/139/393 478/141/394 479/140/395
f 479/140/395 478/141/394 480/115/396
f 481/162/397 471/149/386 479/140/395
f 479/140/395 471/149/386 470/150/385
f 479/140/395 470/150/385 477/139/393
f 477/139/393 470/150/385 457/129/374
f 477/139/393 457/129/374 482/166/398
f 482/166/398 457/129/374 459/127/373
f 482/166/398 459/127/373 483/165/399
f 446/87/364 445/167/363 465/144/381
f 465/144/381 445/167/363 460/126/376
f 465/144/381 460/126/376 467/113/382
f 467/113/382 460/126/376 462/112/378
f 467/113/382 462/112/378 468/114/383
f 484/169/400 485/168/401 444/170/362
f 444/170/362 485/168/401 486/158/402
f 444/170/362 486/158/402 442/156/360
f 442/156/360 486/158/402 487/159/403
f 442/156/360 487/159/403 465/144/381
f 465/144/381 487/159/403 463/147/379
f 465/144/381 463/147/379 446/87/364
f 446/87/364 463/147/379 436/89/354
f 488/81/404 489/79/160 490/164/405
f 490/164/405 489/79/160 491/161/406
f 490/164/405 491/161/406 492/163/407
f 492/163/407 491/161/406 493/116/408
f 492/163/407 493/116/408 494/118/409
f 486/158/402 495/157/358 487/159/403
f 487/159/403 495/157/358 496/148/410
f 487/159/403 496/148/410 463/147/379
f 463/147/379 496/148/410 497/143/386
f 463/147/379 497/143/386 437/111/355
f 437/111/355 497/143/386 498/142/411
f 437/111/355 498/142/411 438/91/356
f 499/77/164 481/162/397 489/79/160
f 489/79/160 481/162/397 479/140/395
f 489/79/160 479/140/395 491/161/406
f 491/161/406 479/140/395 480/115/396
f 491/161/406 480/115/396 493/116/408
f 493/116/408 480/115/396 500/117/412
f 493/116/408 500/117/412 494/118/409
f 449/134/366 448/125/365 501/120/413
f 501/120/413 448/125/365 502/119/414
f 501/120/413 502/119/414 474/121/390
f 474/121/390 502/119/414 503/123/415
f 474/121/390 503/123/415 475/122/391
f 475/122/391 504/108/416 476/109/392
f 476/109/392 504/108/416 505/110/417
f 476/109/392 505/110/417 452/136/369
f 452/136/369 505/110/417 506/135/418
f 452/136/369 506/135/418 453/137/370
f 507/130/419 462/112/378 456/131/373
f 456/131/373 462/112/378 461/132/377
f 456/131/373 461/132/377 451/124/368
f 451/124/368 461/132/377 460/126/376
f 451/124/368 460/126/376 448/125/365
f 448/125/365 460/126/376 445/167/363
f 448/125/365 445/167/363 502/119/414
f 502/119/414 445/167/363 447/85/169
f 502/119/414 447/85/169 503/123/415
f 503/123/415 447/85/169 508/74/420
f 503/123/415 508/74/420 475/122/391
f 475/122/391 508/74/420 509/75/159
f 475/122/391 509/75/159 504/108/416
f 510/42/50 511/172/421 512/43/51
f 513/173/422 514/174/423 515/175/424
f 516/176/425 517/177/426 518/175/427
f 511/172/421 510/42/50 519/29/33
f 520/2/2 521/26/428 522/178/429
f 522/178/429 521/26/428 512/43/51
f 522/178/429 512/43/51 523/179/430
f 523/179/430 512/43/51 511/172/421
f 524/180/431 525/181/432 526/182/433
f 526/182/433 525/181/432 527/183/434
f 526/182/433 527/183/434 528/184/423
f 529/185/435 530/186/436 526/182/433
f 526/182/433 530/186/436 531/187/437
f 532/188/438 533/189/422 534/190/439
f 534/190/439 533/189/422 535/191/440
f 536/192/441 537/193/442 538/194/443
f 538/194/443 537/193/442 539/195/444
f 540/196/435 541/197/441 542/198/445
f 514/174/423 513/173/422 543/199/446
f 543/199/446 513/173/422 544/200/438
f 543/199/446 544/200/438 545/201/444
f 534/190/439 546/202/447 547/203/448
f 535/191/440 548/204/449 534/190/439
f 534/190/439 548/204/449 549/204/450
f 534/190/439 549/204/450 546/202/447
f 550/205/451 551/177/452 515/175/453
f 547/203/448 552/206/454 534/190/439
f 534/190/439 552/206/454 553/207/455
f 534/190/439 553/207/455 532/188/438
f 531/187/437 554/208/456 526/182/433
f 526/182/433 554/208/456 555/209/457
f 526/182/433 555/209/457 524/180/431
f 528/184/423 556/210/446 526/182/433
f 526/182/433 556/210/446 557/211/458
f 526/182/433 557/211/458 529/185/435
f 517/177/426 516/176/425 558/212/459
f 558/212/459 516/176/425 559/213/453
f 558/212/459 559/213/453 560/214/460
f 561/215/461 562/216/462 563/217/463
f 563/217/463 562/216/462 564/218/427
f 563/217/463 564/218/427 565/219/426
f 566/27/464 567/220/465 568/28/32
f 568/28/32 567/220/465 569/221/466
f 568/28/32 569/221/466 519/29/33
f 519/29/33 569/221/466 570/222/467
f 519/29/33 570/222/467 511/172/421
f 563/217/463 571/223/468 561/215/461
f 561/215/461 571/223/468 572/224/437
f 561/215/461 572/224/437 542/198/445
f 542/198/445 572/224/437 573/225/469
f 542/198/445 573/225/469 540/196/435
f 574/43/191 575/179/470 576/172/471
f 577/180/472 578/182/439 579/181/473
f 580/187/474 581/186/475 578/182/439
f 577/180/472 582/209/476 578/182/439
f 578/182/439 582/209/476 583/208/477
f 578/182/439 583/208/477 580/187/474
f 584/210/478 585/184/479 578/182/439
f 578/182/439 585/184/479 586/183/480
f 578/182/439 586/183/480 579/181/473
f 581/186/475 587/185/481 578/182/439
f 578/182/439 587/185/481 588/211/482
f 578/182/439 588/211/482 584/210/478
f 589/29/33 590/42/262 576/172/471
f 576/172/471 590/42/262 574/43/191
f 575/179/470 574/43/191 591/178/483
f 591/178/483 574/43/191 592/26/484
f 591/178/483 592/26/484 593/2/208
f 594/207/485 595/190/486 596/226/487
f 596/226/487 595/190/486 597/191/488
f 598/192/489 599/194/490 600/193/491
f 600/193/491 599/194/490 601/195/492
f 602/198/493 603/197/489 604/196/494
f 605/203/495 606/202/496 595/190/486
f 606/202/496 607/204/497 595/190/486
f 595/190/486 607/204/497 608/226/498
f 595/190/486 608/226/498 597/191/488
f 594/207/485 609/203/499 595/190/486
f 595/190/486 609/203/499 610/206/500
f 595/190/486 610/206/500 605/203/495
f 611/214/501 612/213/502 613/212/503
f 613/212/503 612/213/502 614/176/504
f 613/212/503 614/176/504 615/177/472
f 615/177/472 614/176/504 616/175/505
f 617/219/472 618/218/506 619/217/476
f 619/217/476 618/218/506 620/216/507
f 619/217/476 620/216/507 621/215/508
f 576/172/471 622/222/509 589/29/33
f 589/29/33 622/222/509 623/221/510
f 589/29/33 623/221/510 624/28/211
f 624/28/211 623/221/510 625/220/511
f 624/28/211 625/220/511 626/27/512
f 604/196/494 627/225/513 602/198/493
f 602/198/493 627/225/513 628/224/514
f 602/198/493 628/224/514 621/215/508
f 621/215/508 628/224/514 629/223/515
f 621/215/508 629/223/515 619/217/476
f 630/201/492 631/200/516 632/199/478
f 632/199/478 631/200/516 633/173/517
f 632/199/478 633/173/517 634/174/479
f 634/174/479 633/173/517 635/175/502
f 634/174/479 635/175/502 636/177/518
o editpl_m-0000-61
v -4.237180 46.405300 0.283193
v -5.838313 50.251522 -1.079738
v -5.743492 45.197132 -1.179864
v -5.838313 50.251522 -1.079738
v -3.987934 51.112667 -6.033810
v -5.743492 45.197132 -1.179864
v -4.245307 47.697014 -6.353620
v -6.401826 42.093163 -2.379900
v -5.009300 43.731903 -7.632861
v -10.487290 42.009617 -5.430055
v 4.315746 46.405300 0.283193
v 0.000000 44.303856 3.771219
v 0.000000 42.343792 3.921410
v -4.237180 46.405300 0.283193
v -2.782342 42.935024 1.951737
v -5.743492 45.197132 -1.179864
v -3.202267 39.050243 1.633421
v -6.401826 42.093163 -2.379900
v -10.137804 41.158115 -1.489961
v -13.871074 40.223068 -0.600021
v -14.979134 40.685772 -6.436561
v 5.743492 45.197132 -1.179864
v 2.782342 42.935024 1.951737
v 3.202267 39.050243 1.633421
v 1.156826 37.899914 3.840710
v 1.148698 37.077328 5.651973
v 0.000000 37.642853 4.117929
v 0.000000 36.752792 5.173005
v -1.156826 37.899914 3.840710
v -1.148698 37.077328 5.651973
v -3.110155 37.186577 5.329174
v -1.416909 28.636204 11.289753
v -9.831665 29.288486 10.340036
v -7.488213 24.224455 11.944318
v 3.987934 51.112667 -6.033810
v 5.838313 50.251522 -1.079738
v 5.743492 45.197132 -1.179864
v 4.315746 46.405300 0.283193
v 2.782342 42.935024 1.951737
v 0.000000 42.343792 3.921410
v 0.000000 38.015587 3.266098
v -2.782342 42.935024 1.951737
v -1.156826 37.899914 3.840710
v -3.202267 39.050243 1.633421
v -3.110155 37.186577 5.329174
v -8.647748 37.498260 4.416817
v -9.831665 29.288486 10.340036
v -14.369566 29.738337 8.629648
v -12.410818 25.024546 10.686746
v -18.904757 30.188187 6.919260
v -15.380095 23.980249 9.299157
v -19.194639 28.411278 5.341130
v -17.268402 25.998150 2.410531
v -15.995082 26.460854 -10.499945
v -10.644424 27.518002 -12.749825
v -9.474052 20.365379 -11.158993
v -10.644424 27.518002 -12.749825
v -15.995082 26.460854 -10.499945
v -12.771141 34.998375 -11.661126
v -17.268402 25.998150 2.410531
v -14.540245 19.912315 4.075340
v -13.998406 21.432167 7.056002
v -12.161572 38.571472 3.230979
v -17.081469 34.342880 5.765552
v -18.904757 30.188187 6.919260
v -10.137804 41.158115 -1.489961
v -13.871074 40.223068 -0.600021
v -10.861159 39.827843 0.516326
v -15.675397 39.644688 2.045140
v -12.161572 38.571472 3.230979
v -17.268402 25.998150 2.410531
v -15.380095 23.980249 9.299157
v -16.046556 17.904053 -0.940004
v -18.335827 25.451902 -1.612504
v -18.988743 23.131960 -7.460999
v -14.369566 29.738337 8.629648
v -8.647748 37.498260 4.416817
v -10.861159 39.827843 0.516326
v -3.202267 39.050243 1.633421
v -10.137804 41.158115 -1.489961
v -18.335827 25.451902 -1.612504
v -19.847555 27.643318 -4.980227
v -19.579346 28.077103 -9.016712
v -15.995082 26.460854 -10.499945
v -17.257566 31.987591 -11.014033
v -12.771141 34.998375 -11.661126
v -16.087194 37.691051 -9.633917
v -11.565550 39.191624 -9.480737
v -14.979134 40.685772 -6.436561
v -10.487290 42.009617 -5.430055
v -7.043905 38.230873 -12.587680
v -5.009300 44.194607 -7.939968
v 0.000000 44.451664 -9.364172
v 5.009300 44.194607 -7.939968
v 7.043905 38.230873 -12.587680
v 0.000000 44.451664 -9.364172
v 0.000000 39.541866 -12.710971
v -7.043905 38.230873 -12.587680
v -1.760976 34.689907 -13.770530
v -2.064406 28.138151 -14.567813
v -2.064406 28.138151 -14.567813
v -7.125181 28.446621 -14.109767
v -7.043905 38.230873 -12.587680
v -10.487290 42.009617 -5.430055
v -5.009300 44.194607 -7.939968
v -11.565550 39.191624 -9.480737
v -7.043905 38.230873 -12.587680
v -12.771141 34.998375 -11.661126
v -7.125181 28.446621 -14.109767
v -10.644424 27.518002 -12.749825
v -6.786531 20.824867 -12.991925
v -9.474052 20.365379 -11.158993
v 9.474052 20.365379 -11.158993
v 10.644424 27.518002 -12.749825
v 15.995082 26.460854 -10.499945
v 12.771141 34.998375 -11.661126
v 7.125181 28.446621 -14.109767
v 2.064406 28.138151 -14.567813
v 7.043905 38.230873 -12.587680
v 1.760976 34.689907 -13.770530
v 0.000000 39.541866 -12.710971
v 9.474052 20.365379 -11.158993
v 6.786531 20.824867 -12.991925
v 10.644424 27.518002 -12.749825
v 7.125181 28.446621 -14.109767
v 7.043905 38.230873 -12.587680
v 11.565550 39.191624 -9.480737
v 5.009300 44.194607 -7.939968
v 10.487290 42.009617 -5.430055
v 12.161572 38.571472 3.230979
v 8.647748 37.498260 4.416817
v 14.369566 29.738337 8.629648
v 8.647748 37.498260 4.416817
v 12.161572 38.571472 3.230979
v 10.861159 39.827843 0.516326
v 15.675397 39.644688 2.045140
v 13.871074 40.223068 -0.600021
v 15.380095 23.980249 9.299157
v 13.884620 21.432167 7.056002
v 17.268402 25.998150 2.410531
v 10.487290 42.009617 -5.430055
v 14.979134 40.685772 -6.436561
v 11.565550 39.191624 -9.480737
v 16.087194 37.691051 -9.633917
v 12.771141 34.998375 -11.661126
v 17.257566 31.987591 -11.014033
v 15.995082 26.460854 -10.499945
v 19.579346 28.077103 -9.016712
v 18.988743 23.131960 -7.460999
v 14.540245 19.912315 4.075340
v 17.268402 25.998150 2.410531
v 16.046556 17.904053 -0.940004
v 18.335827 25.451902 -1.612504
v 19.847555 27.643318 -4.980227
v 19.579346 28.077103 -9.016712
v 19.194639 28.411278 5.341130
v 18.904757 30.188187 6.919260
v 12.410818 25.024546 10.686746
v 14.369566 29.738337 8.629648
v 9.831665 29.288486 10.340036
v 8.647748 37.498260 4.416817
v 6.401826 42.093163 -2.379900
v 3.202267 39.050243 1.633421
v 10.137804 41.158115 -1.489961
v 10.137804 41.158115 -1.489961
v 10.487290 42.009617 -5.430055
v 6.401826 42.093163 -2.379900
v 5.009300 43.731903 -7.632861
v 4.245307 47.697014 -6.353620
v 3.069517 37.186577 5.335899
v 1.148698 37.077328 5.651973
v 1.416909 28.636204 11.289753
v 1.148698 37.077328 5.651973
v 3.069517 37.186577 5.335899
v 3.202267 39.050243 1.633421
v 2.879873 21.775982 12.379200
v 5.575521 20.995169 12.183429
v 7.488213 24.224455 11.944318
v 14.979134 40.685772 -6.436561
v 10.487290 42.009617 -5.430055
v 13.871074 40.223068 -0.600021
v 10.137804 41.158115 -1.489961
v 10.861159 39.827843 0.516326
v 8.647748 37.498260 4.416817
v 3.069517 37.186577 5.335899
v 9.831665 29.288486 10.340036
v 1.416909 28.636204 11.289753
v 2.216121 24.253374 12.841730
v 2.879873 21.775982 12.379200
v -1.156826 37.899914 3.840710
v 0.000000 37.642853 4.117929
v 0.000000 38.015587 3.266098
v 1.156826 37.899914 3.840710
v 2.782342 42.935024 1.951737
v 4.245307 47.697014 -6.353620
v 5.009300 43.731903 -7.632861
v 0.000000 48.317165 -8.488429
v 0.000000 43.988960 -9.057063
v -5.009300 43.731903 -7.632861
v -5.009300 43.731903 -7.632861
v -4.245307 47.697014 -6.353620
v 0.000000 48.317165 -8.488429
v 0.000000 51.411495 -8.168619
v 4.245307 47.697014 -6.353620
v 3.987934 51.112667 -6.033810
v 3.202267 39.050243 1.633421
v 6.401826 42.093163 -2.379900
v 5.743492 45.197132 -1.179864
v 4.245307 47.697014 -6.353620
v 3.987934 51.112667 -6.033810
v 4.670651 46.369953 -7.285403
v 4.982208 45.010765 -7.773338
v 0.000000 46.710556 -9.660070
v 6.670036 42.992863 -1.874779
v 4.982208 45.010765 -7.773338
v 4.670651 46.369953 -7.285403
v 4.982208 45.010765 -7.773338
v 0.000000 45.148933 -9.873029
v 0.000000 46.710556 -9.660070
v -4.995754 44.952927 -7.794261
v -4.673360 46.369953 -7.285403
v -6.613143 43.253136 -1.797816
v -6.320550 44.554485 -1.417480
v -3.608647 41.283432 2.281261
v -3.679086 42.748657 2.713902
v 0.000000 40.380516 4.230760
v 0.000000 41.903584 4.528901
v 3.619483 41.196674 2.255109
v 3.679086 42.748657 2.713902
v 6.320550 44.554485 -1.417480
v -17.336132 17.904053 -0.940004
v -18.988743 23.131960 -7.460999
v -17.997175 18.546698 -5.831310
v -15.995082 26.460854 -10.499945
v -14.185340 19.484957 -9.806524
v -9.474052 20.365379 -11.158993
v -14.185340 19.484957 -9.806524
v -13.984860 11.432631 -5.167778
v -17.997175 18.546698 -5.831310
v -16.027592 10.944222 -1.298670
v -17.336132 17.904053 -0.940004
v -15.228380 11.095243 4.431017
v -15.783765 19.105797 4.977234
v -12.616717 10.741790 8.888934
v -11.993602 20.127600 9.254324
v -12.616717 10.741790 8.888934
v -7.788933 9.797104 12.657167
v -11.993602 20.127600 9.254324
v 0.000000 21.586401 -13.494805
v -0.002709 12.991041 -10.419244
v -2.132136 21.586401 -13.804901
v -3.064099 12.991041 -10.837687
v -6.786531 20.824867 -12.991925
v -5.686598 12.994254 -9.856587
v -9.474052 20.365379 -11.158993
v -7.826862 12.856086 -8.340476
v -14.185340 19.484957 -9.806524
v -10.779883 12.431941 -8.049808
v -13.984860 11.432631 -5.167778
v -2.901547 8.862057 14.321227
v -2.259468 18.916220 13.732418
v -7.788933 9.797104 12.657167
v -7.233548 19.523516 12.433747
v -7.488213 24.224455 12.331378
v -12.410818 25.024546 11.216525
v -9.831665 29.494131 11.212042
v -13.762706 29.487705 10.227205
v -8.647748 37.498260 5.142369
v -11.102277 38.246941 3.755527
v -10.503546 40.380516 0.703879
v 14.185340 19.484957 -9.806524
v 10.782593 12.431941 -8.049808
v 7.818734 12.856086 -8.340476
v 6.786531 20.824867 -12.991925
v 9.474052 20.365379 -11.158993
v 5.678471 12.994254 -9.856587
v 17.997175 18.546698 -5.831310
v 18.988743 23.131960 -7.460999
v 17.336132 17.904053 -0.940004
v 7.488213 24.224455 12.331378
v 2.291978 28.845062 12.161759
v 2.124008 24.253374 13.408870
v 2.259468 18.916220 13.732418
v 2.906965 8.862057 14.321227
v 7.233548 19.523516 12.433747
v 7.794351 9.938486 12.657167
v 12.616717 10.320859 8.888934
v 2.124008 24.253374 13.408870
v 2.259468 18.916220 13.732418
v 7.488213 24.224455 12.331378
v 7.233548 19.523516 12.433747
v 11.993602 20.127600 9.254324
v 12.616717 10.320859 8.888934
v 15.228380 10.745003 4.431017
v 18.988743 23.131960 -7.460999
v 17.997175 18.546698 -5.831310
v 15.995082 26.460854 -10.499945
v 14.185340 19.484957 -9.806524
v 9.474052 20.365379 -11.158993
v 5.678471 12.994254 -9.856587
v 10.782593 12.431941 -8.049808
v 14.185340 19.484957 -9.806524
v 13.984860 11.153081 -5.167778
v 17.997175 18.546698 -5.831310
v 16.027592 10.873531 -1.298670
v 17.336132 17.904053 -0.940004
v 15.228380 10.745003 4.431017
v 15.783765 19.105797 4.977234
v 11.993602 20.127600 9.254324
v -15.301528 11.840710 -1.311373
v -14.204305 4.694512 -1.228431
v -14.361438 3.913700 4.415326
v 0.000000 18.350693 13.169013
v 5.055356 18.916218 12.613081
v 0.000000 21.753489 12.355289
v -0.002709 12.991041 -10.419244
v 0.000000 21.586401 -13.494805
v 2.132136 21.586401 -13.804901
v 1.297704 5.600639 -8.930780
v 2.920511 13.781493 -10.493219
v 5.426516 13.383054 -9.556951
v -0.002709 12.991041 -10.419244
v 3.055971 12.991041 -10.837687
v 6.786531 20.824867 -12.991925
v 5.678471 12.994254 -9.856587
v 0.000000 21.753489 12.355289
v -5.055356 18.916218 12.613081
v 0.000000 18.350693 13.169013
v -4.792564 14.571947 11.922650
v 0.000000 15.410597 12.631763
v -14.204305 4.694512 -1.228431
v -15.301528 11.840710 -1.311373
v -11.649535 5.073671 -5.241753
v -13.350909 12.046356 -5.004884
v -7.163109 5.652050 -7.072443
v 4.792564 14.571947 11.922650
v 0.000000 12.316267 12.924672
v 4.871131 12.229510 12.305974
v 4.578538 7.367911 11.819533
v 0.000000 7.387190 12.229757
v 0.000000 3.370667 11.123872
v -4.578538 7.367911 11.819533
v -4.800692 3.663070 11.174683
v -7.493631 3.528115 10.128574
v -13.757288 11.766806 4.158281
v -11.698300 8.977733 7.365353
v -11.297339 12.309841 8.417439
v -10.018600 11.503323 8.776851
v -8.032761 12.036717 10.438670
v 7.163109 5.652050 -7.072443
v 13.350909 12.046356 -5.004884
v 11.649535 5.073671 -5.241753
v 15.301528 11.840710 -1.311373
v 14.361438 3.913700 4.415326
v 11.698300 10.005963 7.364604
v 10.573985 3.627725 8.278456
v 9.536363 11.503323 8.776851
v 7.493631 3.528115 10.128574
v 4.681487 5.600639 -8.037851
v 7.469248 13.402333 -8.109585
v 10.292228 13.530862 -7.756150
v 0.000000 0.038558 -8.170109
v 1.297704 5.600639 -8.930780
v 2.134845 0.038558 -8.805247
v 4.248016 0.038558 -8.220920
v 6.962629 0.038558 -6.937195
v -10.292228 13.530862 -7.756150
v -7.469248 13.402333 -8.109585
v -4.681487 5.600639 -8.037851
v -5.426516 13.383054 -9.556951
v -1.297704 5.600639 -8.930780
v -2.920511 13.781493 -10.493219
v 0.000000 5.600639 -8.043829
v 0.000000 13.781493 -9.476999
v 5.055356 18.916218 12.613081
v 0.000000 18.350693 13.169013
v 4.792564 14.571947 11.922650
v 0.000000 12.316267 12.924672
v -4.871131 12.229510 12.305974
v -14.204305 4.694512 -1.228431
v -15.344875 -0.266697 4.414579
v -14.361438 3.913700 4.415326
v -12.930983 -0.530180 7.029103
v -10.573985 3.627725 8.278456
v -10.536056 -0.684415 8.634133
v -7.052032 -0.758319 10.107652
v 0.000000 -0.938259 12.270108
v 5.060775 -0.912553 11.595368
v 4.795274 3.663070 11.174683
v 7.052032 -0.758319 10.107652
v 7.493631 3.528115 10.128574
v 10.536056 -0.684415 8.634133
v 12.930983 -0.530180 7.029103
v 14.361438 3.913700 4.415326
v 15.344875 -0.266697 4.414579
v 14.204305 4.694512 -1.228431
v 0.000000 0.038558 -8.170109
v -2.134845 0.038558 -8.805247
v -4.248016 0.038558 -8.220920
v -6.962629 0.038558 -6.937195
v -11.576386 0.038559 -5.909020
v -14.204305 4.694512 -1.228431
v 8.032761 12.036717 10.438670
v -4.871131 12.229510 12.305974
v -10.573985 3.627725 8.278456
v -15.301528 11.840710 -1.311373
v -5.060775 -0.912553 11.595368
v 0.000000 -0.938259 12.270108
v 4.795274 3.663070 11.174683
v 11.297339 12.309841 8.417439
v 13.757288 11.766806 4.158281
v 14.204305 4.694512 -1.228431
v 11.576386 0.038559 -5.909020
v 18.211203 39.949944 1.850862
v 15.675397 39.644688 2.045140
v 17.081469 34.342880 5.765552
v 16.956846 40.676132 -1.670041
v 13.871074 40.223068 -0.600021
v 15.675397 39.644688 2.045140
v 25.401403 33.247169 4.076086
v 18.904757 30.188187 6.919260
v 19.194639 28.411278 5.341130
v 8.647748 37.498260 5.142369
v 9.831665 29.494131 11.212042
v 13.884620 29.616234 10.134550
v 12.410818 25.024546 11.216525
v 14.632357 26.415869 10.316872
v 15.380095 23.980249 9.299157
v 8.647748 37.498260 5.142369
v 3.730560 37.221924 5.952356
v 9.831665 29.494131 11.212042
v 15.675397 39.644688 2.045140
v 12.161572 38.571472 3.230979
v 17.081469 34.342880 5.765552
v 14.369566 29.738337 8.629648
v 18.904757 30.188187 6.919260
v 17.268402 25.998150 2.410531
v 18.335827 25.451902 -1.612504
v 20.524855 29.339897 0.191286
v 19.847555 27.643318 -4.980227
v 18.904757 30.188187 6.919260
v 22.375235 33.934799 5.287330
v 17.081469 34.342880 5.765552
v 18.211203 39.949944 1.850862
v 25.344511 30.419538 -1.708148
v 26.669308 31.627708 2.524109
v 20.524855 29.339897 0.191286
v 18.211203 39.949944 1.850862
v 16.956846 40.676132 -1.670041
v 18.330406 41.106705 -1.782871
v 17.682911 40.653641 -6.326719
v 18.677183 40.660065 -6.116750
v 19.053762 37.829220 -9.004757
v 22.020330 37.948109 -8.375598
v 21.557058 32.386028 -9.893950
v 35.333309 33.709873 4.333877
v 35.333309 37.530392 4.333876
v 25.401403 33.247169 4.076086
v 27.893864 37.215496 3.548547
v 24.799963 36.733513 3.866863
v 27.771950 40.194149 1.070764
v 23.049824 40.807873 1.801546
v 35.333309 31.949032 0.626916
v 35.333309 33.709873 4.333877
v 26.669308 31.627708 2.524109
v 25.401403 33.247169 4.076086
v 19.194639 28.411278 5.341130
v 17.268402 25.998150 2.410531
v 3.730560 37.221924 5.952356
v 2.291978 28.845062 12.161759
v 7.488213 24.224455 12.331378
v 12.410818 25.024546 11.216525
v 11.993602 20.127600 9.254324
v 15.380095 23.980249 9.299157
v 15.783765 19.105797 4.977234
v 17.268402 21.827393 4.499013
v 17.336132 17.904053 -0.940004
v 18.335827 21.865952 -1.612504
v 18.988743 23.131960 -7.460999
v 14.979134 40.685772 -6.436561
v 17.682911 40.653641 -6.326719
v 16.087194 37.691051 -9.633917
v 19.053762 37.829220 -9.004757
v 17.257566 31.987591 -11.014033
v 21.557058 32.386028 -9.893950
v 19.579346 28.077103 -9.016712
v 25.566666 30.021099 -7.370585
v 19.847555 27.643318 -4.980227
v 25.344511 30.419538 -1.708148
v 20.524855 29.339897 0.191286
v 18.904757 30.188187 6.919260
v 25.401403 33.247169 4.076086
v 22.375235 33.934799 5.287330
v 24.799963 36.733513 3.866863
v 23.049824 40.807873 1.801546
v 18.330406 41.106705 -1.782871
v 22.881853 41.627247 -2.079518
v 18.677183 40.660065 -6.116750
v 23.141935 40.817513 -5.696812
v 22.020330 37.948109 -8.375598
v 24.358364 37.478981 -8.194023
v 21.557058 32.386028 -9.893950
v 27.360151 32.761974 -8.763405
v 25.566666 30.021099 -7.370585
v 35.333309 32.627022 -8.093896
v 35.333309 31.107168 -5.676636
v 3.730560 37.221924 5.952356
v 8.647748 37.498260 5.142369
v 4.592084 39.786072 1.933804
v 13.884620 29.616234 10.134550
v 11.107696 38.095917 4.151554
v 10.454780 40.345173 0.772623
v 10.137804 41.604752 -1.489961
v 6.401826 42.543011 -2.379900
v 10.487290 42.009617 -5.430055
v 5.009300 44.194607 -7.939968
v -20.524855 29.339897 0.191286
v -18.335827 25.451902 -1.612504
v -17.268402 25.998150 2.410531
v -18.904757 30.188187 6.919260
v -25.401403 33.247169 4.076086
v -19.194639 28.411278 5.341130
v -13.762706 29.487705 10.227205
v -14.572755 26.351604 10.363199
v -12.410818 25.024546 11.216525
v -15.380095 23.980249 9.299157
v -11.993602 20.127600 9.254324
v -35.333309 31.107168 -5.676636
v -25.566666 30.021099 -7.370585
v -25.344511 30.419538 -1.708148
v -27.360151 32.761974 -8.763405
v -35.333309 32.627022 -8.093896
v -35.333309 34.927685 -8.833644
v -18.335827 25.451902 -1.612504
v -20.524855 29.339897 0.191286
v -19.847555 27.643318 -4.980227
v -25.401403 33.247169 4.076086
v -18.904757 30.188187 6.919260
v -22.375235 33.934799 5.287330
v -17.081469 34.342880 5.765552
v -18.211203 39.949944 1.850862
v -35.333309 31.107168 -5.676636
v -35.333309 32.627022 -8.093896
v -25.566666 30.021099 -7.370585
v -27.360151 32.761974 -8.763405
v -21.557058 32.386028 -9.893950
v -17.081469 34.342880 5.765552
v -12.161572 38.571472 3.230979
v -15.675397 39.644688 2.045140
v -11.993602 20.127600 9.254324
v -15.380095 23.980249 9.299157
v -15.783765 19.105797 4.977234
v -17.268402 21.827393 4.499013
v -17.336132 17.904053 -0.940004
v -18.335827 21.865952 -1.612504
v -18.988743 23.131960 -7.460999
v -17.268402 25.998150 2.410531
v -20.524855 29.339897 0.191286
v -26.669308 31.627708 2.524109
v -35.333309 33.709873 4.333877
v -35.333309 31.949032 0.626916
v -22.020330 37.948109 -8.375598
v -23.141935 40.817513 -5.696812
v -18.677183 40.660065 -6.116750
v -22.881853 41.627247 -2.079518
v -18.330406 41.106705 -1.782871
v -23.049824 40.807873 1.801546
v -18.211203 39.949944 1.850862
v -24.799963 36.733513 3.866863
v -27.893864 37.215496 3.548547
v -35.333309 37.530392 4.333876
v -35.333309 33.709873 4.333877
v -20.524855 29.339897 0.191286
v -25.344511 30.419538 -1.708148
v -19.847555 27.643318 -4.980227
v -25.566666 30.021099 -7.370585
v -19.579346 28.077103 -9.016712
v -21.557058 32.386028 -9.893950
v -17.257566 31.987591 -11.014033
v -19.053762 37.829220 -9.004757
v -16.087194 37.691051 -9.633917
v -17.682911 40.653641 -6.326719
v -14.979134 40.685772 -6.436561
v -16.956846 40.676132 -1.670041
v -13.871074 40.223068 -0.600021
v -15.675397 39.644688 2.045140
v -16.956846 40.676132 -1.670041
v -18.330406 41.106705 -1.782871
v -17.682911 40.653641 -6.326719
v -18.677183 40.660065 -6.116750
v -19.053762 37.829220 -9.004757
v -22.020330 37.948109 -8.375598
v -21.557058 32.386028 -9.893950
v -24.358364 37.478981 -8.194023
v -27.360151 32.761974 -8.763405
v -29.763206 37.315105 -8.819447
v -5.009300 44.194607 -7.939968
v -10.487290 42.009617 -5.430055
v -6.401826 42.543011 -2.379900
v -10.137804 41.604752 -1.489961
v -4.719416 39.773216 1.961451
v -2.259468 18.916220 13.732418
v -7.488213 24.224455 12.331378
v -7.233548 19.523516 12.433747
v -5.575521 20.995169 12.183429
v -2.879873 21.775982 12.379200
v -7.488213 24.224455 11.944318
v -2.216121 24.253374 12.841730
v -1.416909 28.636204 11.289753
v -10.503546 40.380516 0.703879
v -8.647748 37.498260 5.142369
v -3.809127 37.228348 5.939653
v -9.831665 29.494131 11.212042
v -2.291978 28.845062 12.161759
v -7.488213 24.224455 12.331378
v -2.310943 24.253374 13.408870
v -2.259468 18.916220 13.732418
v 1.416909 28.636204 11.289753
v 0.000000 23.774603 12.237228
v 2.216121 24.253374 12.841730
v 0.000000 39.541866 -12.710971
v 0.000000 33.992638 -13.594933
v -1.760976 34.689907 -13.770530
v -2.064406 28.138151 -14.567813
v 0.000000 27.546921 -14.324966
v 1.760976 34.689907 -13.770530
v 0.000000 21.586401 -13.494805
v 2.064406 28.138151 -14.567813
v 2.132136 21.586401 -13.804901
v 7.125181 28.446621 -14.109767
v 6.786531 20.824867 -12.991925
v 0.000000 29.211369 10.510402
v 1.148698 37.077328 5.651973
v 0.000000 36.752792 5.173005
v 5.575521 20.995169 12.183429
v 2.879873 21.775982 12.379200
v 5.055356 18.916218 12.613081
v 0.000000 21.753489 12.355289
v -2.132136 21.586401 -13.804901
v -7.125181 28.446621 -14.109767
v -6.786531 20.824867 -12.991925
v -1.148698 37.077328 5.651973
v -1.416909 28.636204 11.289753
v -2.216121 24.253374 12.841730
v -2.879873 21.775982 12.379200
v -5.575521 20.995169 12.183429
v -5.055356 18.916218 12.613081
v -26.669308 31.627708 2.524109
v -25.344511 30.419538 -1.708148
v -20.524855 29.339897 0.191286
v -23.141935 40.817513 -5.696812
v -22.020330 37.948109 -8.375598
v -24.358364 37.478981 -8.194023
v -25.344511 30.419538 -1.708148
v -26.669308 31.627708 2.524109
v -35.333309 31.949032 0.626916
v -23.049824 40.807873 1.801546
v -27.771950 40.194149 1.070764
v -24.799963 36.733513 3.866863
v -27.893864 37.215496 3.548547
v -25.344511 30.419538 -1.708148
v -35.330601 33.147560 -2.459852
v -35.333309 31.107168 -5.676636
v -35.333309 31.949032 0.626916
v -35.330601 33.147560 -2.459852
v -25.344511 30.419538 -1.708148
v -35.333309 37.530392 4.333876
v -27.893864 37.215496 3.548547
v -35.330601 39.432617 0.339982
v -27.771950 40.194149 1.070764
v -35.333309 40.226280 -2.157976
v -35.333309 34.927685 -8.833644
v -35.333309 37.228348 -8.093896
v -29.763206 37.315105 -8.819447
v -35.333309 39.339432 -4.656681
v -27.357443 40.078472 -5.208130
v -28.397774 40.939617 -1.879263
v -23.049824 40.807873 1.801546
v -22.881853 41.627247 -2.079518
v -23.141935 40.817513 -5.696812
v -24.358364 37.478981 -8.194023
v 26.669308 31.627708 2.524109
v 25.344511 30.419538 -1.708148
v 35.333309 31.949032 0.626916
v 24.358364 37.478981 -8.194023
v 29.763206 37.315105 -8.819447
v 27.360151 32.761974 -8.763405
v 35.333309 34.927685 -8.833644
v 35.333309 32.627022 -8.093896
v 25.344511 30.419538 -1.708148
v 25.566666 30.021099 -7.370585
v 35.333309 31.107168 -5.676636
v 29.763206 37.315105 -8.819447
v 35.333309 37.228348 -8.093896
v 35.333309 34.927685 -8.833644
v 24.358364 37.478981 -8.194023
v 27.357443 40.078472 -5.208130
v 35.333309 39.339432 -4.656681
v 35.333309 40.226280 -2.157976
v 23.141935 40.817513 -5.696812
v 22.881853 41.627247 -2.079518
v 28.397774 40.939617 -1.879263
v 23.049824 40.807873 1.801546
v 27.771950 40.194149 1.070764
v 25.344511 30.419538 -1.708148
v 35.330601 33.147560 -2.459852
v 35.333309 31.949032 0.626916
v 35.333309 31.107168 -5.676636
v 35.330601 33.147560 -2.459852
v 25.344511 30.419538 -1.708148
v 35.330601 39.432617 0.339982
v 27.893864 37.215496 3.548547
v 35.333309 37.530392 4.333876
v -4.245307 47.697014 -6.353620
v -3.987934 51.112667 -6.033810
v 0.000000 51.411495 -8.168619
v 0.000000 51.411495 -8.168619
v -3.987934 51.112667 -6.033810
v -4.107138 53.590057 -7.539459
v 0.000000 53.577206 -9.293186
v 4.107138 53.590057 -7.539459
v 3.987934 51.112667 -6.033810
v 0.000000 44.708721 6.307285
v 4.315746 46.405300 0.283193
v 6.325968 50.248310 0.331015
v 5.838313 50.251522 -1.079738
v 7.163109 53.779636 -2.334321
v 3.987934 51.112667 -6.033810
v 4.107138 53.590057 -7.539459
v -4.107138 53.590057 -7.539459
v -3.987934 51.112667 -6.033810
v -7.163109 53.779636 -2.334321
v -5.838313 50.251522 -1.079738
v -6.244692 50.248310 0.331015
v -4.237180 46.405300 0.283193
v 0.000000 44.303856 3.771219
v 14.502316 0.038559 -1.479497
v 14.204305 4.694512 -1.228431
v 15.344875 -0.266697 4.414579
v 11.576386 0.038559 -5.909020
v -11.576386 0.038559 -5.909020
v -14.502316 0.038559 -1.479497
v -14.204305 4.694512 -1.228431
v -15.344875 -0.266697 4.414579
vn -0.7935 -0.2435 0.5578
vn -0.9483 -0.2979 -0.1097
vn -0.9452 0.0473 0.3230
vn -0.9483 -0.2978 -0.1097
vn -0.8023 -0.1887 -0.5663
vn -0.7892 0.2131 -0.5760
vn -0.6765 0.6765 0.2910
vn -0.6210 0.5502 -0.5581
vn -0.2590 0.9656 0.0236
vn 0.7954 -0.2519 0.5513
vn -0.0000 -0.6456 0.7637
vn -0.0001 0.0394 0.9992
vn -0.5427 0.1022 0.8337
vn -0.9452 0.0472 0.3230
vn -0.3472 0.6390 0.6864
vn -0.6765 0.6765 0.2911
vn -0.1018 0.8929 0.4386
vn -0.2591 0.9656 0.0236
vn -0.0471 0.9648 0.2588
vn -0.1020 0.9491 -0.2980
vn 0.9484 0.0470 0.3135
vn 0.5432 0.0944 0.8343
vn 0.3471 0.6391 0.6864
vn -0.0000 0.7378 0.6750
vn -0.1731 0.7004 0.6925
vn -0.0000 0.8896 0.4567
vn 0.1731 0.7004 0.6925
vn -0.0549 0.7215 0.6902
vn 0.0708 0.4175 0.9059
vn -0.1571 0.4635 0.8720
vn -0.1258 0.1810 0.9754
vn 0.8023 -0.1888 -0.5663
vn 0.9425 -0.3063 -0.1335
vn 0.9484 0.0470 0.3136
vn 0.7954 -0.2520 0.5513
vn 0.5431 0.0944 0.8343
vn -0.0000 0.0393 0.9992
vn -0.0000 0.5122 0.8589
vn -0.0549 0.7216 0.6902
vn -0.0551 0.7480 0.6614
vn -0.2205 0.4331 0.8740
vn -0.3609 0.2040 0.9100
vn -0.4308 0.0548 0.9008
vn -0.8241 -0.3846 0.4159
vn -0.7414 -0.6151 0.2682
vn -0.8543 -0.4782 0.2037
vn -0.3865 -0.2051 -0.8992
vn -0.3860 -0.1261 -0.9138
vn -0.3844 -0.3060 -0.8710
vn -0.3860 -0.1260 -0.9138
vn -0.2834 0.2047 -0.9369
vn -0.8544 -0.4781 0.2038
vn -0.8892 -0.2990 0.3462
vn -0.8831 -0.4258 0.1972
vn -0.0236 0.7147 0.6990
vn -0.0783 0.5014 0.8617
vn -0.4308 0.0549 0.9008
vn -0.0471 0.9648 0.2589
vn 0.0236 0.8728 0.4875
vn 0.0314 0.8550 0.5177
vn -0.8543 -0.4781 0.2037
vn -0.8831 -0.4258 0.1971
vn -0.9188 -0.2670 0.2906
vn -0.8977 -0.3858 0.2126
vn -0.9369 -0.2992 -0.1810
vn -0.3471 0.6391 0.6863
vn -0.7170 -0.6934 0.0709
vn -0.9369 -0.2992 -0.1811
vn -0.5518 -0.4256 -0.7172
vn -0.2590 0.0314 -0.9654
vn -0.1732 0.5590 -0.8109
vn -0.2910 0.6843 -0.6686
vn -0.1020 0.9491 -0.2981
vn -0.2045 0.3932 -0.8964
vn -0.3629 0.8204 -0.4418
vn -0.0000 0.6151 -0.7885
vn 0.3629 0.8204 -0.4418
vn 0.2044 0.3932 -0.8964
vn -0.0000 0.6150 -0.7885
vn -0.0000 0.3210 -0.9471
vn -0.2044 0.3932 -0.8965
vn 0.0470 0.1490 -0.9877
vn 0.0079 -0.0000 -1.0000
vn 0.0078 -0.0000 -1.0000
vn -0.2111 -0.0078 -0.9774
vn -0.2591 0.9656 0.0235
vn -0.2911 0.6843 -0.6686
vn -0.2112 -0.0078 -0.9774
vn -0.3229 -0.2756 -0.9054
vn -0.3845 -0.3060 -0.8709
vn 0.3844 -0.3060 -0.8710
vn 0.3860 -0.1260 -0.9139
vn 0.3865 -0.2050 -0.8992
vn 0.2835 0.2047 -0.9369
vn 0.2111 -0.0078 -0.9774
vn -0.0078 -0.0000 -1.0000
vn 0.2044 0.3931 -0.8965
vn -0.0470 0.1490 -0.9877
vn -0.0000 0.3209 -0.9471
vn 0.3845 -0.3060 -0.8709
vn 0.3229 -0.2756 -0.9054
vn 0.3860 -0.1261 -0.9138
vn 0.2112 -0.0078 -0.9774
vn 0.2834 0.2047 -0.9369
vn 0.2045 0.3932 -0.8964
vn 0.2911 0.6843 -0.6686
vn 0.2591 0.9656 0.0235
vn 0.0236 0.7147 0.6990
vn 0.0551 0.7480 0.6614
vn 0.2205 0.4331 0.8740
vn 0.0235 0.7147 0.6990
vn -0.0236 0.8728 0.4875
vn -0.0314 0.8550 0.5177
vn 0.0470 0.9648 0.2588
vn 0.8190 -0.3937 0.4174
vn 0.8773 -0.4308 0.2115
vn 0.8508 -0.4806 0.2126
vn 0.2591 0.9656 0.0236
vn 0.1020 0.9491 -0.2981
vn 0.2910 0.6843 -0.6686
vn 0.1732 0.5590 -0.8109
vn 0.2590 0.0314 -0.9654
vn 0.3865 -0.2051 -0.8992
vn 0.5517 -0.4256 -0.7173
vn 0.9369 -0.2991 -0.1810
vn 0.8863 -0.2902 0.3608
vn 0.8508 -0.4805 0.2127
vn 0.9188 -0.2670 0.2906
vn 0.8977 -0.3859 0.2126
vn 0.9369 -0.2992 -0.1810
vn 0.7170 -0.6934 0.0709
vn 0.5517 -0.4257 -0.7172
vn 0.7414 -0.6151 0.2682
vn 0.4309 0.0548 0.9008
vn 0.3609 0.2040 0.9100
vn 0.1571 0.4635 0.8720
vn 0.6765 0.6765 0.2910
vn 0.1018 0.8929 0.4387
vn 0.1019 0.8929 0.4386
vn 0.2590 0.9656 0.0236
vn 0.6210 0.5503 -0.5581
vn 0.7892 0.2130 -0.5761
vn 0.0549 0.7215 0.6902
vn -0.0709 0.4175 0.9059
vn 0.0549 0.7216 0.6901
vn -0.0000 -0.0000 1.0000
vn 0.1258 0.0472 0.9909
vn 0.1258 0.1809 0.9754
vn 0.0471 0.9648 0.2589
vn 0.1018 0.8929 0.4386
vn 0.1571 0.4635 0.8721
vn -0.0708 0.4175 0.9059
vn 0.1259 0.1809 0.9754
vn -0.0548 0.0784 0.9954
vn -0.0000 0.8897 0.4566
vn 0.5431 0.0944 0.8344
vn 0.7891 0.2131 -0.5761
vn -0.0000 0.2036 -0.9790
vn -0.0000 0.1260 -0.9920
vn -0.6210 0.5503 -0.5581
vn -0.6210 0.5502 -0.5582
vn -0.7891 0.2131 -0.5761
vn -0.0000 -0.2036 -0.9791
vn 0.9484 0.0471 0.3135
vn 0.7575 0.2920 -0.5839
vn 0.7575 0.2919 -0.5839
vn -0.0000 0.2758 -0.9612
vn 0.9751 0.1022 0.1966
vn -0.0000 0.2757 -0.9612
vn -0.7575 0.2920 -0.5839
vn -0.9774 0.0946 0.1892
vn -0.6825 -0.1569 0.7139
vn -0.6825 -0.1569 0.7138
vn -0.0000 -0.2444 0.9697
vn 0.6833 -0.1492 0.7147
vn 0.6833 -0.1493 0.7147
vn -0.9634 -0.2115 0.1645
vn -0.9369 -0.2991 -0.1810
vn -0.8193 -0.3466 -0.4568
vn -0.3935 -0.3305 -0.8578
vn -0.3935 -0.3306 -0.8578
vn -0.6384 -0.4414 -0.6305
vn -0.8192 -0.3466 -0.4569
vn -0.9517 -0.2989 -0.0708
vn -0.9356 -0.1022 0.3381
vn -0.8327 -0.2906 0.4714
vn -0.7032 -0.0000 0.7110
vn -0.5573 -0.2198 0.8007
vn -0.4406 0.0393 0.8968
vn -0.0000 -0.1961 -0.9806
vn -0.0000 -0.3373 -0.9414
vn 0.0079 -0.2278 -0.9737
vn -0.1017 -0.3519 -0.9305
vn -0.3228 -0.2756 -0.9055
vn -0.4394 -0.3923 -0.8081
vn -0.2600 -0.3545 -0.8982
vn -0.3935 -0.3306 -0.8579
vn -0.2994 -0.3625 -0.8826
vn -0.6384 -0.4414 -0.6306
vn -0.2753 0.0551 0.9598
vn -0.2442 0.0394 0.9689
vn -0.4405 0.0393 0.8969
vn -0.4250 0.0157 0.9051
vn -0.2591 0.0235 0.9656
vn -0.3216 -0.1020 0.9414
vn -0.1492 0.3848 0.9109
vn -0.2515 0.3851 0.8880
vn -0.1105 0.7336 0.6705
vn -0.1499 0.7337 0.6627
vn -0.0313 0.8458 0.5326
vn 0.3945 -0.3235 -0.8601
vn 0.2902 -0.3608 -0.8864
vn 0.2599 -0.3545 -0.8982
vn 0.3228 -0.2756 -0.9054
vn 0.4394 -0.3923 -0.8081
vn 0.8269 -0.3386 -0.4489
vn 0.9634 -0.2115 0.1645
vn 0.2591 0.0236 0.9656
vn 0.1177 0.3375 0.9339
vn 0.1891 0.1576 0.9692
vn 0.2424 0.0391 0.9694
vn 0.2753 0.0551 0.9598
vn 0.4250 0.0158 0.9051
vn 0.4406 0.0393 0.8968
vn 0.7071 -0.0000 0.7071
vn 0.2591 0.0235 0.9656
vn 0.4250 0.0157 0.9051
vn 0.5573 -0.2198 0.8007
vn 0.9363 -0.0944 0.3383
vn 0.8269 -0.3387 -0.4489
vn 0.3845 -0.3060 -0.8710
vn 0.2600 -0.3546 -0.8981
vn 0.2902 -0.3608 -0.8863
vn 0.3946 -0.3235 -0.8600
vn 0.6374 -0.4328 -0.6374
vn 0.9546 -0.2895 -0.0704
vn 0.8327 -0.2906 0.4713
vn 0.5574 -0.2198 0.8006
vn -0.9736 -0.1021 -0.2041
vn -0.9492 0.0235 -0.3138
vn -0.8948 0.0785 0.4395
vn -0.0000 -0.0314 0.9995
vn 0.0783 0.0783 0.9939
vn -0.0000 0.1173 0.9931
vn -0.0079 -0.2277 -0.9737
vn -0.1022 -0.0943 -0.9903
vn -0.2042 -0.1571 -0.9662
vn 0.3758 -0.2192 -0.9004
vn -0.0078 -0.2277 -0.9737
vn 0.1024 -0.3545 -0.9295
vn 0.3228 -0.2756 -0.9055
vn 0.4393 -0.3923 -0.8081
vn -0.0783 0.0782 0.9939
vn -0.0000 -0.0315 0.9995
vn -0.1337 -0.0157 0.9909
vn -0.0000 -0.0393 0.9992
vn -0.9736 -0.1021 -0.2042
vn -0.6280 -0.0392 -0.7772
vn -0.6287 -0.1886 -0.7544
vn -0.3684 -0.0940 -0.9249
vn 0.1337 -0.0157 0.9909
vn 0.2517 -0.0236 0.9675
vn 0.2509 -0.1490 0.9565
vn -0.0000 -0.1885 0.9821
vn -0.0000 -0.0550 0.9985
vn -0.2509 -0.1490 0.9565
vn -0.2425 0.0156 0.9700
vn -0.4563 -0.0393 0.8890
vn -0.8892 0.0315 0.4564
vn -0.7063 -0.0471 0.7063
vn -0.6129 -0.2593 0.7464
vn -0.5423 -0.1572 0.8253
vn -0.5263 -0.1728 0.8326
vn 0.3684 -0.0940 -0.9249
vn 0.6287 -0.1886 -0.7544
vn 0.6280 -0.0392 -0.7772
vn 0.9736 -0.1021 -0.2041
vn 0.8942 0.0862 0.4392
vn 0.6854 -0.0709 0.7247
vn 0.5968 0.0471 0.8010
vn 0.5429 -0.2203 0.8104
vn 0.4779 -0.0392 0.8775
vn 0.3455 -0.0864 -0.9344
vn 0.3609 -0.1648 -0.9179
vn 0.3529 -0.2196 -0.9095
vn -0.0000 -0.0236 -0.9997
vn -0.1021 -0.0943 -0.9903
vn 0.0785 -0.0079 -0.9969
vn 0.3537 -0.0079 -0.9353
vn 0.3373 0.0157 -0.9413
vn -0.3529 -0.2196 -0.9095
vn -0.3609 -0.1648 -0.9179
vn -0.3455 -0.0864 -0.9344
vn -0.3758 -0.2192 -0.9004
vn 0.1022 -0.0943 -0.9903
vn 0.2042 -0.1571 -0.9662
vn -0.0000 -0.0707 -0.9975
vn -0.0000 -0.1722 -0.9851
vn 0.0783 0.0782 0.9939
vn 0.1337 -0.0158 0.9909
vn -0.0000 0.0394 0.9992
vn -0.2517 -0.0235 0.9675
vn -0.9492 0.0236 -0.3138
vn -0.9665 0.1651 0.1965
vn -0.6603 0.1337 0.7390
vn -0.6108 0.0391 0.7908
vn -0.4875 0.0236 0.8728
vn -0.4472 -0.0000 0.8944
vn -0.0000 0.1733 0.9849
vn 0.3681 0.1018 0.9242
vn 0.2425 0.0156 0.9700
vn 0.4472 -0.0000 0.8944
vn 0.4875 0.0236 0.8728
vn 0.6603 0.1337 0.7390
vn 0.8942 0.0863 0.4393
vn 0.9665 0.1650 0.1965
vn 0.9492 0.0235 -0.3137
vn -0.0785 -0.0079 -0.9969
vn -0.3537 -0.0079 -0.9353
vn -0.3373 0.0157 -0.9413
vn -0.6759 0.0943 -0.7310
vn 0.5499 -0.2356 0.8013
vn -0.2517 -0.0236 0.9675
vn -0.8948 0.0785 0.4396
vn -0.3681 0.1018 0.9242
vn -0.0000 0.1734 0.9849
vn 0.5804 -0.3921 0.7137
vn 0.8894 0.0236 0.4565
vn 0.9492 0.0235 -0.3138
vn 0.6759 0.0943 -0.7310
vn -0.0785 0.7541 0.6520
vn 0.0783 0.5014 0.8617
vn -0.1414 0.9819 0.1257
vn 0.2442 -0.3465 0.9057
vn 0.4308 0.0549 0.9008
vn 0.7414 -0.6152 0.2682
vn 0.0865 0.7314 0.6764
vn 0.1492 0.3848 0.9109
vn 0.2350 0.3838 0.8930
vn 0.3289 -0.0939 0.9397
vn 0.3927 -0.0392 0.9188
vn 0.5823 -0.3698 0.7240
vn 0.0627 0.6899 0.7212
vn 0.0783 0.5013 0.8617
vn 0.8508 -0.4806 0.2127
vn 0.5578 -0.7934 0.2435
vn 0.7171 -0.6934 0.0709
vn 0.1654 0.3072 0.9372
vn 0.2435 -0.9583 0.1493
vn 0.1021 -0.8718 0.4791
vn 0.5577 -0.7935 0.2435
vn -0.0785 0.7542 0.6520
vn -0.1574 0.9837 0.0866
vn -0.0000 0.9196 -0.3930
vn 0.0314 0.8940 -0.4470
vn 0.1650 0.5028 -0.8485
vn 0.1331 0.5168 -0.8457
vn 0.2276 -0.0314 -0.9732
vn 0.0392 -0.5882 0.8078
vn -0.0787 0.4172 0.9054
vn 0.0315 0.5361 0.8436
vn 0.0629 0.4400 0.8958
vn 0.1255 0.8157 0.5647
vn 0.0235 0.8694 0.4935
vn 0.1494 -0.9826 0.1101
vn 0.5578 -0.7935 0.2435
vn 0.7414 -0.6152 0.2681
vn 0.0627 0.6898 0.7213
vn 0.1492 0.3847 0.9109
vn 0.2590 0.0235 0.9656
vn 0.3289 -0.0940 0.9397
vn 0.5823 -0.3699 0.7240
vn 0.8327 -0.2907 0.4713
vn 0.8874 -0.3299 0.3220
vn 0.9691 -0.2206 0.1103
vn -0.0000 0.9195 -0.3930
vn 0.5517 -0.4257 -0.7173
vn 0.2676 -0.8263 -0.4957
vn 0.2436 -0.9583 0.1493
vn 0.4308 0.0548 0.9008
vn 0.1654 0.3071 0.9372
vn -0.0786 0.7541 0.6520
vn -0.0000 0.9997 -0.0236
vn 0.1262 0.8443 -0.5208
vn 0.0866 0.4487 -0.8895
vn 0.0628 -0.1806 -0.9815
vn 0.2675 -0.8262 -0.4958
vn 0.1100 -0.5658 -0.8172
vn 0.1960 -0.9803 0.0235
vn 0.0394 0.8433 0.5359
vn 0.2350 0.3839 0.8930
vn 0.0943 0.7309 0.6759
vn 0.0157 0.8497 0.5271
vn 0.1024 0.9135 0.3937
vn 0.1887 0.9355 0.2987
vn -0.5578 -0.7934 0.2435
vn -0.8977 -0.3859 0.2126
vn -0.8543 -0.4781 0.2038
vn -0.2441 -0.3465 0.9057
vn -0.7413 -0.6152 0.2682
vn -0.2515 0.3850 0.8880
vn -0.3925 -0.0471 0.9185
vn -0.3217 -0.1020 0.9413
vn -0.5806 -0.3766 0.7219
vn -0.1961 -0.9803 0.0235
vn -0.2675 -0.8262 -0.4958
vn -0.2435 -0.9584 0.1493
vn -0.0628 -0.1806 -0.9815
vn -0.1100 -0.5657 -0.8172
vn -0.0629 -0.0000 -0.9980
vn -0.5578 -0.7935 0.2435
vn -0.7171 -0.6934 0.0709
vn -0.1654 0.3071 0.9372
vn 0.0786 0.7541 0.6520
vn -0.1960 -0.9803 0.0235
vn -0.1100 -0.5658 -0.8172
vn -0.2676 -0.8262 -0.4958
vn -0.2276 -0.0314 -0.9732
vn -0.0236 0.7147 0.6991
vn 0.0313 0.8550 0.5177
vn -0.5806 -0.3766 0.7218
vn -0.8327 -0.2907 0.4713
vn -0.8874 -0.3299 0.3220
vn -0.9691 -0.2206 0.1103
vn -0.8543 -0.4782 0.2038
vn -0.1021 -0.8718 0.4791
vn -0.0392 -0.5882 0.8078
vn -0.1494 -0.9826 0.1101
vn -0.1331 0.5169 -0.8457
vn -0.1262 0.8443 -0.5208
vn -0.0312 0.8939 -0.4472
vn 0.1574 0.9837 0.0866
vn -0.0235 0.8694 0.4935
vn 0.0785 0.7541 0.6520
vn -0.0628 0.4400 0.8958
vn -0.0315 0.5361 0.8436
vn 0.0787 0.4172 0.9054
vn -0.5577 -0.7935 0.2435
vn -0.2436 -0.9583 0.1493
vn -0.2676 -0.8263 -0.4957
vn -0.5517 -0.4257 -0.7173
vn -0.1650 0.5028 -0.8485
vn 0.1414 0.9819 0.1257
vn -0.0470 0.9648 0.2588
vn -0.0314 0.8940 -0.4470
vn -0.1331 0.5168 -0.8457
vn -0.2276 -0.0314 -0.9733
vn -0.0866 0.4486 -0.8895
vn -0.0628 -0.1805 -0.9816
vn -0.0236 0.5120 -0.8586
vn -0.1887 0.9355 0.2988
vn -0.1024 0.9135 0.3937
vn -0.0394 0.8433 0.5360
vn -0.2591 0.0236 0.9656
vn -0.4249 0.0157 0.9051
vn -0.1258 0.0472 0.9909
vn -0.1259 0.1809 0.9754
vn 0.0548 0.0784 0.9954
vn -0.0313 0.8458 0.5325
vn -0.1104 0.7336 0.6705
vn -0.0627 0.6899 0.7212
vn -0.1177 0.3375 0.9339
vn -0.1967 0.1574 0.9678
vn -0.0710 0.4175 0.9059
vn -0.0000 0.0940 0.9956
vn -0.0549 0.0784 0.9954
vn -0.0000 0.1337 -0.9910
vn 0.0470 0.1489 -0.9877
vn -0.0000 0.0236 -0.9997
vn -0.0470 0.1489 -0.9877
vn -0.0079 -0.0000 -1.0000
vn 0.2111 -0.0079 -0.9774
vn 0.3228 -0.2755 -0.9055
vn -0.0000 0.4783 0.8782
vn -0.1731 0.7003 0.6925
vn 0.0079 -0.2277 -0.9737
vn -0.2111 -0.0079 -0.9774
vn 0.1731 0.7003 0.6925
vn 0.0710 0.4175 0.9059
vn 0.0549 0.0784 0.9954
vn -0.0783 0.0783 0.9939
vn -0.2435 -0.9583 0.1493
vn -0.1263 0.8443 -0.5208
vn -0.0866 0.4487 -0.8895
vn -0.1021 -0.8718 0.4790
vn -0.1255 0.8157 0.5647
vn -0.0629 0.4401 0.8958
vn -0.0315 0.5361 0.8435
vn -0.2674 -0.9597 0.0866
vn -0.1493 -0.9826 0.1100
vn -0.2674 -0.9597 0.0865
vn -0.2435 -0.9583 0.1492
vn -0.0316 0.5361 0.8435
vn -0.0551 0.8576 0.5114
vn -0.1096 0.9939 -0.0078
vn -0.1104 0.6151 -0.7807
vn -0.0236 0.5121 -0.8586
vn -0.1018 0.8769 -0.4697
vn -0.1102 0.8658 -0.4880
vn -0.1337 0.9910 -0.0000
vn -0.0235 0.8695 0.4934
vn 0.1021 -0.8718 0.4790
vn 0.2435 -0.9584 0.1493
vn 0.1493 -0.9826 0.1101
vn 0.0236 0.5120 -0.8586
vn 0.0628 -0.1806 -0.9816
vn 0.0629 -0.0001 -0.9980
vn 0.1100 -0.5657 -0.8172
vn 0.1961 -0.9803 0.0235
vn 0.0236 0.5121 -0.8586
vn 0.1104 0.6151 -0.7807
vn 0.0629 -0.0000 -0.9980
vn 0.1102 0.8658 -0.4880
vn 0.1018 0.8769 -0.4697
vn 0.1096 0.9939 -0.0078
vn 0.1263 0.8443 -0.5208
vn 0.1337 0.9910 -0.0000
vn 0.0235 0.8695 0.4934
vn 0.2435 -0.9583 0.1492
vn 0.2674 -0.9597 0.0865
vn 0.1493 -0.9826 0.1100
vn 0.2675 -0.9597 0.0866
vn 0.0551 0.8576 0.5114
vn 0.0316 0.5361 0.8435
vn -0.7891 0.2130 -0.5761
vn -0.8023 -0.1888 -0.5663
vn -0.0000 -0.2037 -0.9790
vn -0.5413 -0.4315 -0.7217
vn -0.0000 -0.4567 -0.8896
vn 0.5413 -0.4315 -0.7217
vn -0.0000 -0.9096 0.4155
vn 0.7954 -0.2520 0.5512
vn 0.8887 -0.4561 -0.0472
vn 0.9425 -0.3063 -0.1336
vn 0.8319 -0.4002 -0.3845
vn 0.5413 -0.4314 -0.7217
vn -0.8418 -0.3933 -0.3697
vn -0.9483 -0.2978 -0.1098
vn -0.8912 -0.4534 -0.0156
vn -0.7935 -0.2436 0.5577
vn 0.9324 0.0782 -0.3527
vn 0.9492 0.0236 -0.3138
vn 0.9665 0.1650 0.1964
vn 0.6759 0.0943 -0.7309
vn -0.6759 0.0943 -0.7309
vn -0.9324 0.0782 -0.3527
vn -0.9665 0.1650 0.1964
vt 0.052063 0.308594
vt 0.109192 0.230469
vt 0.113617 0.341705
vt 0.152344 0.246094
vt 0.152344 0.303467
vt 0.160126 0.397125
vt 0.162170 0.354156
vt 0.243500 0.364563
vt 0.009979 0.316376
vt 0.009979 0.389404
vt 0.071106 0.373779
vt 0.097992 0.440338
vt 0.223694 0.401123
vt 0.296631 0.405151
vt 0.298035 0.365631
vt 0.041901 0.503876
vt 0.041901 0.535126
vt 0.009979 0.503876
vt 0.009979 0.535126
vt 0.076965 0.519196
vt 0.042969 0.621094
vt 0.229340 0.601837
vt 0.150116 0.685699
vt 0.009979 0.433594
vt 0.176056 0.474091
vt 0.302032 0.592957
vt 0.269592 0.648438
vt 0.374725 0.584106
vt 0.296478 0.681458
vt 0.397522 0.589844
vt 0.416565 0.628876
vt 0.552246 0.668671
vt 0.656219 0.643097
vt 0.671356 0.722290
vt 0.607544 0.553192
vt 0.386719 0.681427
vt 0.335205 0.682434
vt 0.251862 0.450378
vt 0.374146 0.528656
vt 0.192627 0.422729
vt 0.327667 0.426666
vt 0.447235 0.680389
vt 0.441589 0.610229
vt 0.478119 0.679962
vt 0.473694 0.589844
vt 0.490051 0.589844
vt 0.529175 0.668671
vt 0.537659 0.589844
vt 0.592590 0.553192
vt 0.538910 0.537659
vt 0.601379 0.496094
vt 0.542206 0.464600
vt 0.601532 0.454224
vt 0.723022 0.499634
vt 0.737915 0.398895
vt 0.849396 0.397797
vt 0.849396 0.477844
vt 0.812378 0.557068
vt 0.807465 0.639557
vt 0.721710 0.635651
vt 0.629547 0.399353
vt 0.619873 0.481079
vt 0.727234 0.722870
vt 0.251770 0.450287
vt 0.327515 0.426514
vt 0.076263 0.519501
vt 0.071411 0.718597
vt 0.120117 0.722626
vt 0.058319 0.688660
vt 0.766174 0.355469
vt 0.737915 0.386627
vt 0.793671 0.347626
vt 0.793854 0.386719
vt 0.793671 0.300751
vt 0.766174 0.308594
vt 0.594757 0.341675
vt 0.594879 0.382141
vt 0.694092 0.341675
vt 0.526978 0.382172
vt 0.694000 0.382141
vt 0.526825 0.382172
vt 0.526062 0.341675
vt 0.458435 0.382050
vt 0.457947 0.341675
vt 0.368683 0.382233
vt 0.368683 0.341675
vt 0.458466 0.382050
vt 0.445892 0.746796
vt 0.507538 0.689911
vt 0.507507 0.744293
vt 0.581940 0.737030
vt 0.562256 0.845367
vt 0.445709 0.845367
vt 0.383850 0.845367
vt 0.359833 0.745697
vt 0.271423 0.845367
vt 0.262543 0.741364
vt 0.987854 0.016724
vt 0.888763 0.016724
vt 0.978973 0.108734
vt 0.849396 0.718109
vt 0.849396 0.845367
vt 0.806335 0.717529
vt 0.810150 0.845367
vt 0.756714 0.845367
vt 0.711029 0.845367
vt 0.625671 0.845367
vt 0.799591 0.016724
vt 0.799591 0.104431
vt 0.877716 0.105560
vt 0.883636 0.163849
vt 0.961243 0.177063
vt 0.932678 0.246857
vt 0.989990 0.242645
vt 0.934875 0.354370
vt 0.989990 0.376251
vt 0.989990 0.423187
vt 0.173676 0.686249
vt 0.088593 0.621094
vt 0.090240 0.688660
vt 0.090088 0.745667
vt 0.090179 0.845367
vt 0.167755 0.744537
vt 0.178802 0.845367
vt 0.456451 0.858734
vt 0.454651 0.917969
vt 0.390808 0.932434
vt 0.009979 0.785736
vt 0.071594 0.762146
vt 0.009979 0.716980
vt 0.814087 0.925751
vt 0.809998 0.858063
vt 0.737488 0.858063
vt 0.071594 0.803772
vt 0.009979 0.813995
vt 0.566376 0.917969
vt 0.553284 0.858368
vt 0.684204 0.925751
vt 0.009979 0.876129
vt 0.076660 0.873627
vt 0.085052 0.907043
vt 0.009979 0.908600
vt 0.009979 0.941040
vt 0.095795 0.940430
vt 0.163666 0.937561
vt 0.393219 0.858948
vt 0.288879 0.898560
vt 0.272034 0.858429
vt 0.197327 0.879700
vt 0.189301 0.858276
vt 0.235596 0.918549
vt 0.745209 0.923309
vt 0.683228 0.858063
vt 0.631042 0.858154
vt 0.849121 0.989990
vt 0.804565 0.989990
vt 0.756653 0.989990
vt 0.690002 0.989990
vt 0.849121 0.925751
vt 0.849121 0.858002
vt 0.402344 0.989990
vt 0.300598 0.989990
vt 0.252991 0.989990
vt 0.157227 0.989990
vt 0.009979 0.989990
vt 0.082642 0.989990
vt 0.566223 0.989990
vt 0.518616 0.121094
vt 0.518616 0.031982
vt 0.594269 0.056396
vt 0.471008 0.066376
vt 0.465057 0.025482
vt 0.680695 0.189667
vt 0.666901 0.046661
vt 0.710480 0.046326
vt 0.936218 0.666870
vt 0.933990 0.774384
vt 0.989990 0.778564
vt 0.962555 0.844177
vt 0.989990 0.822174
vt 0.989990 0.865784
vt 0.224915 0.495728
vt 0.156708 0.505280
vt 0.222717 0.603241
vt 0.118713 0.011719
vt 0.175842 0.042969
vt 0.090149 0.082001
vt 0.223450 0.066376
vt 0.613708 0.151917
vt 0.756653 0.191376
vt 0.718567 0.191376
vt 0.756653 0.121094
vt 0.471008 0.121094
vt 0.423401 0.066376
vt 0.423401 0.121094
vt 0.375793 0.058594
vt 0.375793 0.121094
vt 0.299622 0.089844
vt 0.684052 0.331390
vt 0.637390 0.331390
vt 0.637115 0.248993
vt 0.591919 0.188049
vt 0.518616 0.255005
vt 0.518616 0.169159
vt 0.709045 0.331390
vt 0.756653 0.043884
vt 0.251282 0.673035
vt 0.284271 0.691223
vt 0.380402 0.691742
vt 0.444214 0.691437
vt 0.408752 0.010223
vt 0.357178 0.011719
vt 0.309143 0.011719
vt 0.261536 0.042969
vt 0.242493 0.144501
vt 0.185364 0.144501
vt 0.471008 0.182037
vt 0.423401 0.157135
vt 0.375793 0.159729
vt 0.299622 0.199219
vt 0.252014 0.331390
vt 0.213928 0.331390
vt 0.871948 0.676422
vt 0.877106 0.613861
vt 0.989990 0.646637
vt 0.989990 0.598785
vt 0.989990 0.575104
vt 0.887573 0.576141
vt 0.989990 0.522797
vt 0.887665 0.522369
vt 0.989990 0.199036
vt 0.989990 0.155426
vt 0.318665 0.331390
vt 0.375793 0.242126
vt 0.886353 0.491394
vt 0.989990 0.490997
vt 0.886261 0.445099
vt 0.989990 0.446136
vt 0.877075 0.407196
vt 0.857361 0.345428
vt 0.799591 0.229004
vt 0.799591 0.161407
vt 0.009979 0.684540
vt 0.849396 0.558594
vt 0.849396 0.644501
vt 0.009979 0.613251
vt 0.185364 0.331390
vt 0.756653 0.331390
vt 0.518616 0.331390
vt 0.471008 0.331390
vt 0.375793 0.331390
vt 0.423401 0.331390
vt 0.423401 0.235260
vt 0.471008 0.257599
vt 0.766174 0.261719
vt 0.793671 0.261719
vt 0.009979 0.292969
vt 0.042542 0.285126
vt 0.109192 0.191376
vt 0.152344 0.191376
vt 0.454651 0.989990
s 1
usemtl m_body51
f 637/227/519 638/228/520 639/229/521
f 640/228/522 641/230/523 642/229/521
f 642/229/521 641/230/523 643/231/524
f 642/229/521 643/231/524 644/232/525
f 644/232/525 643/231/524 645/233/526
f 644/232/525 645/233/526 646/234/527
f 647/227/528 648/235/529 649/236/530
f 649/236/530 648/235/529 650/227/519
f 649/236/530 650/227/519 651/237/531
f 651/237/531 650/227/519 652/229/532
f 651/237/531 652/229/532 653/238/533
f 653/238/533 652/229/532 654/232/534
f 653/238/533 654/232/534 655/239/535
f 655/239/535 654/232/534 646/234/536
f 655/239/535 646/234/536 656/240/537
f 656/240/537 646/234/536 657/241/538
f 658/229/539 659/237/540 660/238/541
f 660/238/541 659/237/540 661/242/542
f 660/238/541 661/242/542 662/243/543
f 662/243/543 661/242/542 663/244/544
f 662/243/543 663/244/544 664/245/542
f 664/245/542 663/244/544 665/242/542
f 664/245/542 665/242/542 666/243/545
f 666/243/545 665/242/542 667/246/546
f 666/243/545 667/246/546 668/247/547
f 668/247/547 667/246/546 669/248/548
f 668/247/547 669/248/548 670/249/549
f 671/230/550 672/228/551 673/229/552
f 673/229/552 672/228/551 674/227/553
f 673/229/552 674/227/553 675/237/554
f 675/237/554 674/227/553 676/236/555
f 675/237/554 676/236/555 677/250/556
f 677/250/556 676/236/555 678/237/531
f 677/250/556 678/237/531 679/242/542
f 679/242/542 678/237/531 680/238/533
f 679/242/542 680/238/533 681/246/557
f 681/246/557 680/238/533 682/251/558
f 681/246/557 682/251/558 683/248/548
f 683/248/548 682/251/558 684/252/559
f 683/248/548 684/252/559 685/253/560
f 685/253/560 684/252/559 686/254/561
f 685/253/560 686/254/561 687/255/562
f 687/255/562 686/254/561 688/256/563
f 687/255/562 688/256/563 689/257/564
f 690/258/565 691/259/566 692/260/567
f 693/259/568 694/258/565 695/261/569
f 696/257/570 697/262/571 698/263/572
f 699/264/573 700/265/574 701/254/575
f 702/239/535 703/240/576 704/266/577
f 704/266/577 703/240/576 705/267/578
f 704/266/577 705/267/578 706/264/573
f 707/257/579 698/263/580 708/255/562
f 697/262/571 696/257/570 709/268/581
f 709/268/581 696/257/570 710/269/582
f 709/268/581 710/269/582 711/270/583
f 701/254/561 712/252/559 706/264/573
f 706/264/573 712/252/559 713/251/558
f 706/264/573 713/251/558 714/266/577
f 714/266/577 713/251/558 715/238/584
f 714/266/577 715/238/584 716/239/535
f 717/269/582 718/271/585 711/270/586
f 711/270/586 718/271/585 719/272/587
f 711/270/586 719/272/587 720/273/565
f 720/273/565 719/272/587 721/274/588
f 720/273/565 721/274/588 722/275/569
f 722/275/569 721/274/588 723/276/589
f 722/275/569 723/276/589 724/277/590
f 724/277/590 723/276/589 725/278/591
f 724/277/590 725/278/591 726/279/527
f 727/280/592 728/281/593 729/282/594
f 730/281/595 731/280/596 732/282/597
f 732/282/597 731/280/596 733/283/598
f 732/282/597 733/283/598 734/280/599
f 734/280/599 733/283/598 735/284/600
f 734/280/599 735/284/600 736/285/601
f 737/285/602 738/286/603 739/280/599
f 740/287/604 741/281/593 742/288/605
f 742/288/605 741/281/593 743/280/592
f 742/288/605 743/280/592 744/261/569
f 744/261/569 743/280/592 745/286/606
f 744/261/569 745/286/606 746/259/566
f 746/259/566 745/286/606 747/289/607
f 746/259/566 747/289/607 748/260/608
f 749/260/609 750/259/610 751/258/611
f 751/258/611 750/259/610 752/261/612
f 753/286/613 754/285/614 755/280/615
f 755/280/615 754/285/614 756/284/616
f 755/280/615 756/284/616 757/283/617
f 758/260/618 759/289/619 760/259/620
f 760/259/620 759/289/619 761/286/621
f 760/259/620 761/286/621 752/261/622
f 752/261/622 761/286/621 762/280/623
f 752/261/622 762/280/623 763/288/624
f 763/288/624 762/280/623 764/281/595
f 763/288/624 764/281/595 765/287/625
f 766/264/626 767/251/627 768/252/628
f 769/251/627 770/290/629 771/266/630
f 771/266/630 770/290/629 772/291/631
f 771/266/630 772/291/631 773/240/632
f 774/255/633 775/263/634 776/257/635
f 777/279/636 778/278/637 779/277/638
f 779/277/638 778/278/637 780/276/639
f 779/277/638 780/276/639 781/275/622
f 781/275/622 780/276/639 782/274/640
f 781/275/622 782/274/640 783/273/641
f 783/273/641 782/274/640 784/272/642
f 783/273/641 784/272/642 785/270/643
f 775/263/634 786/262/644 787/257/645
f 787/257/645 786/262/644 788/268/646
f 787/257/645 788/268/646 789/269/647
f 789/269/647 788/268/646 785/270/648
f 789/269/647 785/270/648 790/271/649
f 790/271/649 785/270/648 791/272/650
f 776/257/635 792/256/651 774/255/633
f 774/255/633 792/256/651 793/254/652
f 774/255/633 793/254/652 794/253/653
f 794/253/653 793/254/652 795/252/628
f 794/253/653 795/252/628 796/248/654
f 796/248/654 795/252/628 797/251/627
f 798/232/655 799/238/541 800/239/656
f 801/239/657 802/234/658 803/232/655
f 803/232/655 802/234/658 804/233/659
f 803/232/655 804/233/659 805/231/660
f 806/292/661 807/243/543 808/247/662
f 809/243/543 810/292/663 811/238/541
f 812/293/664 813/294/665 814/249/666
f 815/241/637 816/234/636 817/240/667
f 817/240/667 816/234/636 818/239/668
f 817/240/667 818/239/668 819/266/630
f 819/266/630 818/239/668 811/238/541
f 819/266/630 811/238/541 820/251/627
f 820/251/627 811/238/541 821/292/661
f 820/251/627 821/292/661 822/248/669
f 822/248/669 821/292/661 823/247/670
f 822/248/669 823/247/670 814/249/671
f 814/249/671 823/247/670 824/295/672
f 814/249/671 824/295/672 825/293/664
f 826/242/542 827/244/673 828/250/556
f 828/250/556 827/244/673 829/242/542
f 828/250/556 829/242/542 830/237/674
f 831/296/675 832/297/659 833/298/676
f 833/298/676 832/297/659 834/299/677
f 833/298/676 834/299/677 835/297/678
f 836/297/679 837/296/680 838/298/676
f 838/298/676 837/296/680 839/300/681
f 838/298/676 839/300/681 840/296/675
f 840/296/675 839/300/681 841/301/550
f 842/238/541 843/232/655 844/229/682
f 844/229/682 843/232/655 845/231/660
f 844/229/682 845/231/660 846/230/550
f 847/302/683 848/303/684 849/304/685
f 850/305/686 851/303/683 852/302/683
f 853/303/684 854/306/687 855/304/687
f 855/304/687 854/306/687 856/303/688
f 855/304/687 856/303/688 857/302/688
f 857/302/688 856/303/688 858/307/689
f 857/302/688 858/307/689 859/308/689
f 859/308/689 858/307/689 860/309/690
f 859/308/689 860/309/690 861/310/691
f 861/310/691 860/309/690 862/311/692
f 861/310/691 862/311/692 863/312/692
f 863/312/692 862/311/692 864/313/693
f 863/312/692 864/313/693 865/310/694
f 865/310/694 864/313/693 850/305/686
f 865/310/694 850/305/686 866/308/686
f 866/308/686 850/305/686 852/302/683
f 867/314/695 868/315/696 869/316/697
f 869/316/697 868/315/696 870/258/565
f 869/316/697 870/258/565 871/317/698
f 871/317/698 870/258/565 872/260/567
f 873/317/699 874/318/700 875/316/701
f 875/316/701 874/318/700 876/319/702
f 875/316/701 876/319/702 877/314/695
f 877/314/695 876/319/702 878/320/703
f 877/314/695 878/320/703 879/321/704
f 879/321/704 878/320/703 880/322/705
f 879/321/704 880/322/705 881/323/706
f 882/324/705 883/325/707 884/326/706
f 885/327/708 886/328/709 887/329/710
f 887/329/710 886/328/709 888/330/711
f 887/329/710 888/330/711 889/289/712
f 889/289/712 888/330/711 890/331/713
f 889/289/712 890/331/713 891/260/608
f 891/260/608 890/331/713 892/332/714
f 891/260/608 892/332/714 893/317/715
f 893/317/715 892/332/714 894/333/716
f 893/317/715 894/333/716 895/318/717
f 896/334/718 897/335/719 898/325/720
f 898/325/720 897/335/719 899/336/721
f 898/325/720 899/336/721 884/326/706
f 884/326/706 899/336/721 900/337/722
f 884/326/706 900/337/722 901/338/723
f 901/338/723 900/337/722 902/339/724
f 901/338/723 902/339/724 903/340/725
f 903/340/725 902/339/724 904/341/726
f 903/340/725 904/341/726 905/342/727
f 905/342/727 904/341/726 906/343/728
f 907/317/729 908/333/730 909/332/731
f 910/289/732 911/260/618 912/331/733
f 913/316/734 914/315/648 915/314/735
f 916/344/736 917/345/737 918/346/738
f 919/347/739 920/348/740 921/349/741
f 921/349/741 920/348/740 922/350/742
f 921/349/741 922/350/742 923/322/743
f 924/346/738 925/347/739 926/344/744
f 926/344/744 925/347/739 927/349/745
f 926/344/744 927/349/745 928/323/746
f 928/323/746 927/349/745 929/322/743
f 928/323/746 929/322/743 930/320/747
f 931/315/648 932/316/748 933/258/641
f 933/258/641 932/316/748 934/317/729
f 933/258/641 934/317/729 935/260/749
f 935/260/749 934/317/729 909/332/750
f 935/260/749 909/332/750 936/331/733
f 937/333/751 938/317/752 939/318/753
f 939/318/753 938/317/752 940/316/748
f 939/318/753 940/316/748 941/319/754
f 941/319/754 940/316/748 942/314/735
f 941/319/754 942/314/735 943/320/747
f 943/320/747 942/314/735 944/321/755
f 943/320/747 944/321/755 945/323/756
f 946/351/757 947/352/758 948/353/759
f 949/354/760 950/355/761 951/356/762
f 952/328/709 953/327/708 954/329/763
f 955/357/764 956/358/765 957/359/766
f 958/328/709 954/329/767 959/330/768
f 959/330/768 954/329/767 960/289/769
f 959/330/768 960/289/769 961/331/770
f 962/356/762 963/355/771 964/354/772
f 964/354/772 963/355/771 965/360/773
f 964/354/772 965/360/773 966/361/774
f 967/352/758 968/351/775 969/362/776
f 969/362/776 968/351/775 970/363/777
f 969/362/776 970/363/777 971/364/778
f 972/360/779 973/365/555 974/366/780
f 975/367/781 976/368/782 977/369/783
f 977/369/783 976/368/782 978/367/784
f 977/369/783 978/367/784 979/370/785
f 979/370/785 978/367/784 980/371/786
f 981/372/787 982/373/788 983/374/789
f 983/374/789 982/373/788 984/375/790
f 983/374/789 984/375/790 985/376/791
f 986/364/792 987/363/793 988/362/794
f 988/362/794 987/363/793 989/351/795
f 990/353/796 991/373/797 992/377/798
f 992/377/798 991/373/797 993/375/799
f 992/377/798 993/375/799 994/371/800
f 955/357/764 957/359/766 995/378/801
f 995/378/801 957/359/766 996/379/802
f 995/378/801 996/379/802 986/364/792
f 986/364/792 996/379/802 997/380/803
f 986/364/792 997/380/803 987/363/793
f 998/381/804 999/357/805 1000/382/806
f 1000/382/806 999/357/805 995/378/801
f 1000/382/806 995/378/801 1001/383/807
f 1001/383/807 995/378/801 986/364/792
f 1001/383/807 986/364/792 1002/384/808
f 1002/384/808 986/364/792 988/362/794
f 970/363/777 1003/380/809 971/364/778
f 971/364/778 1003/380/809 1004/379/810
f 971/364/778 1004/379/810 1005/378/811
f 1005/378/811 1004/379/810 1006/359/812
f 1005/378/811 1006/359/812 1007/357/813
f 1007/357/813 1006/359/812 1008/358/814
f 1007/357/813 1008/358/814 1009/385/815
f 1009/385/815 1008/358/814 1010/386/816
f 1009/385/815 1010/386/816 956/358/765
f 1011/355/817 1012/354/772 1013/360/818
f 1013/360/818 1012/354/772 966/361/774
f 1013/360/818 966/361/774 1014/365/819
f 1014/365/819 966/361/774 965/360/773
f 1014/365/819 965/360/773 1015/366/820
f 1016/352/821 1017/387/822 1018/353/759
f 1018/353/759 1017/387/822 1019/388/823
f 1018/353/759 1019/388/823 1020/377/824
f 1020/377/824 1019/388/823 1021/389/825
f 1020/377/824 1021/389/825 980/371/786
f 980/371/786 1021/389/825 1022/390/826
f 980/371/786 1022/390/826 979/370/785
f 1023/391/827 1024/392/828 1025/370/829
f 1025/370/829 1024/392/828 1026/390/830
f 1025/370/829 1026/390/830 1027/371/800
f 1027/371/800 1026/390/830 1028/389/831
f 1027/371/800 1028/389/831 992/377/798
f 992/377/798 1028/389/831 1029/388/832
f 992/377/798 1029/388/832 1030/353/833
f 1030/353/833 1029/388/832 1031/387/834
f 1030/353/833 1031/387/834 1032/352/835
f 956/358/765 955/357/764 1009/385/815
f 1009/385/815 955/357/764 1033/381/804
f 1009/385/815 1033/381/804 1007/357/813
f 1007/357/813 1033/381/804 1034/382/836
f 1007/357/813 1034/382/836 1005/378/811
f 1005/378/811 1034/382/836 1035/383/837
f 1005/378/811 1035/383/837 971/364/778
f 971/364/778 1035/383/837 1036/384/838
f 971/364/778 1036/384/838 969/362/776
f 969/362/776 1036/384/838 1037/393/839
f 969/362/776 1037/393/839 1038/352/821
f 1039/376/840 974/366/780 975/367/781
f 975/367/781 974/366/780 973/365/555
f 975/367/781 973/365/555 976/368/782
f 976/368/782 973/365/555 1040/366/841
f 976/368/782 1040/366/841 978/367/784
f 978/367/784 1040/366/841 985/376/791
f 978/367/784 985/376/791 980/371/786
f 980/371/786 985/376/791 984/375/790
f 980/371/786 984/375/790 1041/377/824
f 1041/377/824 984/375/790 982/373/788
f 1041/377/824 982/373/788 948/353/842
f 948/353/842 982/373/788 981/372/787
f 948/353/842 981/372/787 1042/351/757
f 1022/390/826 1043/392/843 979/370/785
f 979/370/785 1043/392/843 1044/391/844
f 979/370/785 1044/391/844 977/369/783
f 977/369/783 1044/391/844 1045/370/829
f 977/369/783 1045/370/829 975/367/781
f 975/367/781 1045/370/829 994/371/800
f 975/367/781 994/371/800 1039/376/840
f 1039/376/840 994/371/800 993/375/799
f 1039/376/840 993/375/799 1046/374/845
f 1046/374/845 993/375/799 991/373/797
f 1046/374/845 991/373/797 1047/372/846
f 1047/372/846 991/373/797 990/353/796
f 1047/372/846 990/353/796 989/351/795
f 989/351/795 990/353/796 1048/352/847
f 989/351/795 1048/352/847 988/362/794
f 988/362/794 1048/352/847 1049/393/848
f 988/362/794 1049/393/848 1002/384/808
f 1050/394/849 1051/395/631 1052/396/850
f 1053/397/851 1054/398/632 1055/395/631
f 1056/399/852 1057/400/853 1058/401/854
f 1059/402/855 1060/403/856 1061/404/857
f 1061/404/857 1060/403/856 1062/405/858
f 1061/404/857 1062/405/858 1063/406/859
f 1063/406/859 1062/405/858 1064/407/860
f 1065/408/855 1066/409/861 1067/410/856
f 1068/267/631 1069/264/626 1070/265/862
f 1070/265/862 1069/264/626 1071/252/628
f 1070/265/862 1071/252/628 1072/254/853
f 1073/411/863 1074/412/647 1075/413/864
f 1075/413/864 1074/412/647 1076/414/865
f 1077/400/853 1078/415/866 1079/396/862
f 1079/396/862 1078/415/866 1080/394/849
f 1081/416/867 1082/417/868 1083/418/869
f 1055/395/631 1084/394/870 1085/397/851
f 1085/397/851 1084/394/870 1086/419/871
f 1085/397/851 1086/419/871 1087/420/872
f 1087/420/872 1086/419/871 1088/421/873
f 1087/420/872 1088/421/873 1089/422/874
f 1089/422/874 1088/421/873 1090/423/875
f 1089/422/874 1090/423/875 1091/424/876
f 1092/425/877 1093/426/878 1094/399/852
f 1094/399/852 1093/426/878 1095/427/879
f 1094/399/852 1095/427/879 1096/428/880
f 1096/428/880 1095/427/879 1097/429/881
f 1096/428/880 1097/429/881 1098/430/882
f 1099/431/883 1100/425/877 1101/417/868
f 1101/417/868 1100/425/877 1102/399/852
f 1101/417/868 1102/399/852 1083/418/884
f 1083/418/884 1102/399/852 1103/401/885
f 1083/418/884 1103/401/885 1104/432/863
f 1105/409/886 1106/345/737 1067/410/887
f 1067/410/887 1106/345/737 1107/344/888
f 1067/410/887 1107/344/888 1108/433/889
f 1108/433/889 1107/344/888 1109/323/746
f 1108/433/889 1109/323/746 1110/434/890
f 1110/434/890 1109/323/746 1111/321/891
f 1110/434/890 1111/321/891 1112/435/892
f 1112/435/892 1111/321/891 1113/314/735
f 1112/435/892 1113/314/735 1114/436/893
f 1114/436/893 1113/314/735 1115/315/643
f 1054/398/632 1053/397/851 1116/437/637
f 1116/437/637 1053/397/851 1117/420/894
f 1116/437/637 1117/420/894 1118/438/639
f 1118/438/639 1117/420/894 1119/422/874
f 1118/438/639 1119/422/874 1120/439/640
f 1120/439/640 1119/422/874 1121/424/876
f 1120/439/640 1121/424/876 1122/440/895
f 1122/440/895 1121/424/876 1123/441/896
f 1122/440/895 1123/441/896 1124/414/649
f 1124/414/649 1123/441/896 1125/442/897
f 1124/414/649 1125/442/897 1126/413/869
f 1127/400/898 1128/399/852 1129/415/899
f 1129/415/899 1128/399/852 1130/428/880
f 1129/415/899 1130/428/880 1080/394/900
f 1080/394/900 1130/428/880 1131/430/882
f 1080/394/900 1131/430/882 1132/419/871
f 1132/419/871 1131/430/882 1133/443/901
f 1132/419/871 1133/443/901 1134/421/873
f 1134/421/873 1133/443/901 1135/444/902
f 1134/421/873 1135/444/902 1136/423/875
f 1136/423/875 1135/444/902 1137/445/903
f 1136/423/875 1137/445/903 1138/424/876
f 1138/424/876 1137/445/903 1139/446/904
f 1138/424/876 1139/446/904 1140/441/905
f 1140/441/905 1139/446/904 1141/447/906
f 1140/441/905 1141/447/906 1142/448/907
f 1143/449/861 1144/402/855 1145/450/908
f 1146/404/909 1147/451/910 1144/402/855
f 1144/402/855 1147/451/910 1148/452/911
f 1144/402/855 1148/452/911 1145/450/908
f 1145/450/908 1148/452/911 1149/453/912
f 1145/450/908 1149/453/912 1150/454/913
f 1150/454/913 1149/453/912 1151/455/658
f 1150/454/913 1151/455/658 1152/456/595
f 1153/413/914 1154/412/915 1155/411/916
f 1156/400/561 1157/399/917 1158/401/918
f 1159/340/919 1160/457/920 1161/338/921
f 1161/338/921 1160/457/920 1162/458/922
f 1161/338/921 1162/458/922 1163/326/706
f 1164/448/923 1165/441/924 1166/442/925
f 1167/446/926 1168/447/927 1169/459/928
f 1170/412/915 1171/413/929 1172/414/930
f 1173/399/917 1174/400/575 1175/415/931
f 1175/415/931 1174/400/575 1176/396/574
f 1175/415/931 1176/396/574 1177/394/932
f 1178/448/933 1179/447/934 1180/441/935
f 1180/441/935 1179/447/934 1181/446/926
f 1180/441/935 1181/446/926 1182/424/936
f 1183/265/574 1184/264/937 1185/291/938
f 1186/323/706 1187/434/939 1188/321/940
f 1188/321/940 1187/434/939 1189/435/941
f 1188/321/940 1189/435/941 1190/314/695
f 1190/314/695 1189/435/941 1191/436/942
f 1190/314/695 1191/436/942 1192/315/696
f 1193/432/943 1158/401/918 1194/418/929
f 1194/418/929 1158/401/918 1157/399/917
f 1194/418/929 1157/399/917 1195/417/944
f 1195/417/944 1157/399/917 1196/425/945
f 1195/417/944 1196/425/945 1197/431/946
f 1198/423/947 1199/444/948 1200/421/949
f 1200/421/949 1199/444/948 1201/443/901
f 1200/421/949 1201/443/901 1202/419/950
f 1202/419/950 1201/443/901 1203/430/951
f 1202/419/950 1203/430/951 1204/394/952
f 1204/394/952 1203/430/951 1205/428/953
f 1204/394/952 1205/428/953 1175/415/931
f 1175/415/931 1205/428/953 1206/427/954
f 1175/415/931 1206/427/954 1173/399/917
f 1173/399/917 1206/427/954 1207/426/955
f 1173/399/917 1207/426/955 1208/425/945
f 1209/413/956 1210/442/957 1211/414/585
f 1211/414/585 1210/442/957 1212/441/958
f 1211/414/585 1212/441/958 1213/440/959
f 1213/440/959 1212/441/958 1214/424/936
f 1213/440/959 1214/424/936 1215/439/588
f 1215/439/588 1214/424/936 1216/422/960
f 1215/439/588 1216/422/960 1217/438/589
f 1217/438/589 1216/422/960 1218/420/894
f 1217/438/589 1218/420/894 1219/437/591
f 1219/437/591 1218/420/894 1220/397/961
f 1219/437/591 1220/397/961 1221/398/962
f 1221/398/962 1220/397/961 1222/395/578
f 1176/396/574 1222/395/578 1177/394/932
f 1177/394/932 1222/395/578 1223/397/961
f 1177/394/932 1223/397/961 1224/419/950
f 1224/419/950 1223/397/961 1225/420/894
f 1224/419/950 1225/420/894 1226/421/963
f 1226/421/963 1225/420/894 1227/422/960
f 1226/421/963 1227/422/960 1228/423/964
f 1228/423/964 1227/422/960 1229/424/965
f 1228/423/964 1229/424/965 1230/445/966
f 1230/445/966 1229/424/965 1231/446/967
f 1230/445/966 1231/446/967 1232/460/968
f 1232/460/968 1231/446/967 1169/459/928
f 1233/461/593 1234/462/536 1235/463/969
f 1235/463/969 1234/462/536 1236/464/970
f 1235/463/969 1236/464/970 1237/465/971
f 1238/335/719 1239/337/972 1240/336/973
f 1241/294/974 1242/293/664 1243/249/975
f 1243/249/975 1242/293/664 1244/295/976
f 1243/249/975 1244/295/976 1245/247/547
f 1236/464/970 1246/343/977 1237/465/971
f 1237/465/971 1246/343/977 1247/341/978
f 1237/465/971 1247/341/978 1248/466/979
f 1248/466/979 1247/341/978 1249/339/724
f 1248/466/979 1249/339/724 1250/467/980
f 1250/467/980 1249/339/724 1251/337/972
f 1250/467/980 1251/337/972 1252/468/981
f 1252/468/981 1251/337/972 1253/335/719
f 1254/247/982 1255/469/983 1256/295/984
f 1257/283/617 1258/470/985 1259/284/986
f 1260/285/601 1259/284/986 1261/471/987
f 1261/471/987 1259/284/986 1258/470/985
f 1261/471/987 1258/470/985 1262/284/988
f 1262/284/988 1258/470/985 1257/283/617
f 1263/327/708 1264/285/989 1265/329/767
f 1265/329/767 1264/285/989 1266/286/990
f 1265/329/767 1266/286/990 1267/289/991
f 1255/469/983 1254/247/982 1268/472/992
f 1268/472/992 1254/247/982 1269/243/993
f 1268/472/992 1269/243/993 1270/245/542
f 1271/294/665 1272/293/664 1273/355/761
f 1273/355/761 1272/293/664 1274/356/762
f 1262/284/988 1264/285/989 1261/471/987
f 1261/471/987 1264/285/989 1263/327/708
f 1261/471/987 1263/327/708 1260/285/601
f 1260/285/601 1263/327/708 1275/329/994
f 1260/285/601 1275/329/994 1276/286/995
f 1276/286/995 1275/329/994 1277/289/712
f 1270/245/542 1278/243/996 1268/472/992
f 1268/472/992 1278/243/996 1279/247/997
f 1268/472/992 1279/247/997 1255/469/983
f 1255/469/983 1279/247/997 1280/295/998
f 1255/469/983 1280/295/998 1281/293/664
f 1282/294/974 1283/355/999 1281/293/664
f 1281/293/664 1283/355/999 1274/356/762
f 1281/293/664 1274/356/762 1255/469/983
f 1255/469/983 1274/356/762 1272/293/664
f 1255/469/983 1272/293/664 1256/295/984
f 1284/417/944 1285/416/1000 1286/418/956
f 1287/444/1001 1288/423/964 1289/445/1002
f 1290/416/925 1291/417/1003 1292/431/946
f 1293/430/951 1294/429/1004 1295/428/1005
f 1295/428/1005 1294/429/1004 1296/427/1006
f 1297/442/1000 1298/473/1007 1299/448/923
f 1300/431/1008 1301/474/1009 1302/416/1010
f 1303/426/955 1304/427/1011 1305/475/1012
f 1305/475/1012 1304/427/1011 1306/429/1004
f 1305/475/1012 1306/429/1004 1307/476/1013
f 1308/459/928 1309/477/1014 1310/460/1015
f 1310/460/1015 1309/477/1014 1311/478/1016
f 1310/460/1015 1311/478/1016 1312/479/1017
f 1312/479/1017 1311/478/1016 1307/476/1013
f 1312/479/1017 1307/476/1013 1313/480/1018
f 1313/480/1018 1307/476/1013 1306/429/1004
f 1313/480/1018 1306/429/1004 1314/430/1019
f 1314/430/1019 1315/443/901 1313/480/1018
f 1313/480/1018 1315/443/901 1316/444/1001
f 1313/480/1018 1316/444/1001 1312/479/1017
f 1312/479/1017 1316/444/1001 1317/445/1002
f 1312/479/1017 1317/445/1002 1310/460/1015
f 1318/417/1020 1319/416/1021 1320/431/1022
f 1321/445/903 1322/460/1023 1323/446/1024
f 1323/446/1024 1322/460/1023 1324/459/1025
f 1323/446/1024 1324/459/1025 1325/447/1026
f 1326/442/1021 1327/441/905 1328/448/1027
f 1329/460/1028 1330/477/1029 1331/459/1030
f 1329/460/1028 1332/445/903 1333/479/1031
f 1330/477/1029 1329/460/1028 1334/478/1032
f 1334/478/1032 1329/460/1028 1333/479/1031
f 1334/478/1032 1333/479/1031 1335/476/1033
f 1336/444/1034 1337/443/901 1338/480/1035
f 1338/480/1035 1337/443/901 1339/430/1036
f 1338/480/1035 1339/430/1036 1340/429/881
f 1341/416/1037 1342/474/1038 1343/431/1039
f 1344/448/1027 1345/473/1040 1346/442/897
f 1332/445/903 1336/444/1034 1333/479/1031
f 1333/479/1031 1336/444/1034 1338/480/1035
f 1333/479/1031 1338/480/1035 1335/476/1033
f 1335/476/1033 1338/480/1035 1340/429/881
f 1335/476/1033 1340/429/881 1347/475/1041
f 1347/475/1041 1340/429/881 1348/427/1042
f 1347/475/1041 1348/427/1042 1349/426/878
f 1350/296/1043 1351/301/1044 1352/300/681
f 1353/300/1045 1354/301/523 1355/481/1046
f 1355/481/1046 1356/482/1047 1353/300/1045
f 1353/300/1045 1356/482/1047 1357/481/1048
f 1353/300/1045 1357/481/1048 1358/301/550
f 1359/483/1049 1360/227/1050 1361/484/1051
f 1361/484/1051 1360/227/1050 1362/228/1052
f 1361/484/1051 1362/228/1052 1363/485/1053
f 1363/485/1053 1362/228/1052 1364/230/550
f 1363/485/1053 1364/230/550 1365/486/1054
f 1366/486/1046 1367/230/1044 1368/485/1055
f 1368/485/1055 1367/230/1044 1369/228/1056
f 1368/485/1055 1369/228/1056 1370/484/1057
f 1370/484/1057 1369/228/1056 1371/227/1058
f 1370/484/1057 1371/227/1058 1359/483/1049
f 1359/483/1049 1371/227/1058 1372/235/529
f 1359/483/1049 1372/235/529 1360/227/1050
f 1373/487/1059 1374/352/1060 1375/387/1061
f 1374/352/1060 1373/487/1059 1376/393/1062
f 1377/393/1063 1378/487/1064 1379/352/821
f 1379/352/821 1378/487/1064 1380/387/1065
o editpl_m-0000-62
v 10.988491 -4.122558 9.707142
v 9.308791 -12.454434 11.126862
v 13.367164 -11.885695 9.796809
v 14.502316 0.038559 -1.479497
v 16.214527 -3.598805 -1.951740
v 11.931291 -3.386733 -6.971567
v -12.546278 -10.304793 -10.186856
v -17.463465 -16.827625 -7.757642
v -18.438774 -12.213443 -3.420027
v -17.924028 -8.184067 -3.107689
v -12.546278 -10.304793 -10.186856
v 17.398445 -7.313284 5.196919
v 13.367164 -11.885695 9.796809
v 19.690422 -21.409676 7.133716
v 7.377136 -19.414268 -13.795183
v 0.000000 -19.047960 -14.116488
v 2.381382 -9.999537 -12.864895
v -4.743799 -13.514796 12.486803
v -4.960534 -23.321541 12.477090
v 0.000000 -23.392227 13.561307
v 17.398445 -7.313284 5.196919
v 16.531502 -3.881568 4.650702
v 13.367164 -11.885695 9.796809
v 13.147719 -4.045442 7.743446
v 5.223326 -4.382829 11.713429
v 10.988491 -4.122558 9.707142
v 8.769661 -0.755105 9.259557
v 9.308791 -12.454434 11.126862
v 10.988491 -4.122558 9.707142
v 4.743799 -13.514796 12.486803
v 5.223326 -4.382829 11.713429
v 0.000000 -13.405546 12.837250
v 0.000000 -4.405321 12.250680
v -5.223326 -4.382829 11.713429
v -17.924028 -8.184067 -3.107689
v -16.214527 -3.598805 -1.951740
v -12.546278 -10.304793 -10.186856
v -11.931291 -3.386733 -6.971567
v -8.035470 -10.295153 -12.384432
v -7.482794 -3.312829 -8.752194
v -2.381382 -9.999537 -12.864895
v -2.392218 -3.248565 -9.962691
v 0.000000 -9.703921 -12.207341
v 0.000000 -3.277484 -9.159429
v 2.392218 -3.248565 -9.962691
v 17.281948 -22.402559 -8.408470
v 13.667884 -22.929527 -11.294983
v 13.342781 -18.080780 -11.537831
v 7.377136 -19.414268 -13.795183
v 8.035470 -10.295153 -12.384432
v 2.381382 -9.999537 -12.864895
v 7.482794 -3.312829 -8.752194
v 2.392218 -3.248565 -9.962691
v 4.248016 0.038558 -8.220920
v 7.482794 -3.312829 -8.752194
v 6.962629 0.038558 -6.937195
v 11.576386 0.038559 -5.909020
v 14.502316 0.038559 -1.479497
v -5.223326 -4.382829 11.713429
v -4.743799 -13.514796 12.486803
v 0.000000 -13.405546 12.837250
v 0.000000 -23.392227 13.561307
v 4.743799 -13.514796 12.486803
v 4.860294 -23.321541 12.477090
v 9.642022 -22.935953 12.263385
v 14.824710 -22.743160 11.436212
v 19.690422 -21.409676 7.133716
v 16.531502 -3.881568 4.650702
v 15.344875 -0.266697 4.414579
v 13.147719 -4.045442 7.743446
v 12.930983 -0.530180 7.029103
v 10.988491 -4.122558 9.707142
v 10.536056 -0.684415 8.634133
v 8.769661 -0.755105 9.259557
v -13.342781 -18.080780 -11.537831
v -8.035470 -10.295153 -12.384432
v -7.377136 -19.414268 -13.795183
v -2.381382 -9.999537 -12.864895
v 0.000000 -19.047960 -14.116488
v 0.000000 -9.703921 -12.207341
v 2.381382 -9.999537 -12.864895
v 7.482794 -3.312829 -8.752194
v -9.308791 -12.454434 11.126862
v -4.960534 -23.321541 12.477090
v -4.743799 -13.514796 12.486803
v -16.531502 -3.881568 4.650702
v -13.367164 -11.885695 9.796809
v -13.147719 -4.045442 7.743446
v -10.988491 -4.122558 9.707142
v -9.308791 -12.454434 11.126862
v -9.606802 -22.935953 12.263385
v -5.223326 -4.382829 11.713429
v -7.052032 -0.758319 10.107652
v -10.988491 -4.122558 9.707142
v -16.531502 -3.881568 4.650702
v -17.398445 -7.313284 5.196919
v -13.367164 -11.885695 9.796809
v -19.655203 -21.409676 7.133716
v -14.792200 -22.743160 11.436212
v -12.546278 -10.304793 -9.508380
v -17.924028 -8.184067 -2.429960
v -16.214527 -3.598805 -1.951740
v -17.718128 -7.583196 4.894294
v -16.531502 -3.881568 4.650702
v -13.367164 -11.885695 8.468251
v -14.792200 -22.743160 11.436212
v -13.367164 -11.885695 9.796809
v -10.988491 -4.122558 9.707142
v -5.223326 -4.382829 11.713429
v -7.482794 -3.312829 -8.752194
v -4.248016 0.038558 -8.220920
v -2.392218 -3.248565 -9.962691
v -2.134845 0.038558 -8.805247
v 0.000000 -3.277484 -9.159429
v 0.000000 0.038558 -8.170109
v 2.392218 -3.248565 -9.962691
v 2.134845 0.038558 -8.805247
v 4.248016 0.038558 -8.220920
v 8.769661 -0.755105 9.259557
v 7.052032 -0.758319 10.107652
v 5.223326 -4.382829 11.713429
v 5.060775 -0.912553 11.595368
v 0.000000 -4.405321 12.250680
v 0.000000 -0.938259 12.270108
v -5.060775 -0.912553 11.595368
v -7.052032 -0.758319 10.107652
v -8.769661 -0.755105 9.259557
v -10.536056 -0.684415 8.634133
v -13.147719 -4.045442 7.743446
v -12.930983 -0.530180 7.029103
v -16.531502 -3.881568 4.650702
v -15.344875 -0.266697 4.414579
v -16.214527 -3.598805 -1.951740
v -14.502316 0.038559 -1.479497
v -11.931291 -3.386733 -6.971567
v -11.576386 0.038559 -5.909020
v -7.482794 -3.312829 -8.752194
v -6.962629 0.038558 -6.937195
v -4.248016 0.038558 -8.220920
v -7.052032 -0.758319 10.107652
v -6.320550 5.240759 8.717822
v -9.847921 4.620608 6.297575
v 3.158920 4.771630 10.041149
v 5.060775 -0.912553 11.595368
v 7.052032 -0.758319 10.107652
v -2.134845 0.038558 -8.805247
v -1.167663 5.600639 -8.009457
v 0.000000 0.038558 -8.170109
v -8.769661 -0.755105 9.259557
v 8.769661 -0.755105 9.259557
v 9.847921 4.620608 6.297575
v 6.320550 5.240759 8.717822
v -3.158920 4.771630 10.041149
v -5.060775 -0.912553 11.595368
v 0.000000 -0.938259 12.270108
v 0.000000 4.771630 9.748239
v -3.158920 4.771630 10.041149
v -13.212740 5.600640 -0.889192
v -15.344875 -0.266697 4.414579
v -12.708830 5.600640 2.820756
v -12.930983 -0.530180 7.029103
v -10.536056 -0.684415 8.634133
v 8.769661 -0.755105 9.259557
v 10.536056 -0.684415 8.634133
v 9.847921 4.620608 6.297575
v 12.930983 -0.530180 7.029103
v 12.708830 5.600640 2.820756
v 15.344875 -0.266697 4.414579
v 13.212740 5.600640 -0.889192
v -1.167663 5.600639 -8.009457
v -4.212797 5.600639 -7.205448
v -4.248016 0.038558 -8.220920
v -6.548122 5.600639 -5.737906
v -6.962629 0.038558 -6.937195
v -9.636603 5.600639 -4.773993
v -11.576386 0.038559 -5.909020
v -13.212740 5.600640 -0.889192
v -14.502316 0.038559 -1.479497
v -15.344875 -0.266697 4.414579
v 0.000000 5.600639 -7.210679
v 1.167663 5.600639 -8.009457
v 2.134845 0.038558 -8.805247
v 4.212797 5.600639 -7.205448
v 4.248016 0.038558 -8.220920
v 6.548122 5.600639 -5.737906
v 6.962629 0.038558 -6.937195
v 9.636603 5.600639 -4.773993
v 11.576386 0.038559 -5.909020
v 14.502316 0.038559 -1.479497
v 11.931291 -3.386733 -6.971567
v 16.214527 -3.598805 -1.951740
v 12.546278 -10.304793 -10.186856
v 17.924028 -8.184067 -3.107689
v 18.473995 -12.181311 -3.392380
v 12.546278 -10.304793 -9.508380
v 16.214527 -3.598805 -1.951740
v 17.924028 -8.184067 -2.429960
v 16.531502 -3.881568 4.650702
v 17.718128 -7.583196 4.894294
v 13.367164 -11.885695 8.468251
v 20.348757 -22.029825 -5.680368
v 17.281948 -22.402559 -8.408470
v 17.463465 -16.827625 -7.757642
v 13.342781 -18.080780 -11.537831
v 12.546278 -10.304793 -10.186856
v 8.035470 -10.295153 -12.384432
v 11.931291 -3.386733 -6.971567
v 7.482794 -3.312829 -8.752194
v -7.377136 -19.414268 -13.117455
v -13.667884 -22.929527 -9.668284
v -13.342781 -18.080780 -10.859355
v 0.587895 -26.088121 -5.095295
v 0.235700 -24.520069 -5.153578
v 0.842559 -22.560007 -10.631453
v 1.205591 -18.582045 -13.417838
v 7.377136 -19.414268 -13.117455
v 5.201653 -23.514334 -11.818785
v 0.000000 -18.414955 -11.928627
v 0.842559 -22.560007 -10.631453
v 0.000000 -22.489317 -8.318057
v 0.000000 -23.260489 0.000002
v 13.445730 -27.158121 -8.008708
v 12.706120 -31.052544 -8.232126
v 4.995754 -30.560921 -9.578618
v -13.667884 -22.929527 -9.668284
v -7.377136 -19.414268 -13.117455
v -5.201653 -23.514334 -11.818785
v -1.205591 -18.582045 -13.417838
v -0.842559 -22.560007 -10.631453
v 0.000000 -18.414955 -11.928627
v 0.000000 -22.489317 -8.318057
v 4.342838 -20.474628 9.570402
v 0.000000 -20.750965 11.717914
v 0.000000 -23.311899 8.228394
v -4.342838 -20.474628 9.570402
v -1.170372 -22.952019 5.153582
v -4.635431 -21.750277 9.269273
v -0.829013 -24.324064 4.850958
v -0.558094 -30.217106 -4.069361
v -0.587895 -26.088121 -5.095295
v -0.829013 -24.324064 4.850958
v -0.235700 -24.520069 -5.153578
v -1.170372 -22.952019 5.153582
v 0.000000 -23.260489 0.000002
v 0.000000 -23.311899 8.228394
v 1.170372 -22.952019 5.153582
v 4.342838 -20.474628 9.570402
v 4.635431 -21.750277 9.269273
v 10.324739 -16.319937 9.291688
v 0.000000 -18.414955 -11.928627
v 1.205591 -18.582045 -13.417838
v 5.174561 -26.949263 -9.509126
v 0.558094 -30.217106 -4.069361
v 4.995754 -30.560921 -9.578618
v 13.667884 -22.929527 -11.294983
v 7.558652 -23.514336 -13.881114
v 7.377136 -19.414268 -13.795183
v 0.000000 -23.607517 -14.463198
v 0.000000 -19.047960 -14.116488
v -7.558652 -23.514336 -13.881114
v -7.377136 -19.414268 -13.795183
v -13.667884 -22.929527 -11.294983
v -13.342781 -18.080780 -11.537831
v -17.281948 -22.402559 -8.408470
v -17.463465 -16.827625 -7.757642
v -20.454416 -21.971989 -5.703533
v -18.438774 -12.213443 -3.420027
v -15.382804 -14.697261 -6.148129
v -12.546278 -10.304793 -9.508380
v -13.342781 -18.080780 -10.859355
v -13.445730 -27.158121 -8.008708
v -13.667884 -22.929527 -9.668284
v -5.201653 -23.514334 -11.818785
v -10.324739 -16.319937 9.291688
v -4.635431 -21.750277 9.269273
v -4.342838 -20.474628 9.570402
v -0.587895 -26.088121 -5.095295
v -0.558094 -30.217106 -4.069361
v -5.174561 -26.949263 -9.509126
v -4.995754 -30.560921 -9.578618
v -13.667884 -22.929527 -9.668284
v -13.445730 -27.158121 -8.008708
v -16.962263 -22.402559 -5.849240
v -17.029993 -24.507217 -4.896534
v -19.533291 -22.029825 -0.609730
v -19.116074 -21.409676 5.253708
v -18.677183 -11.904974 -1.439893
v -19.533291 -22.029825 -0.609730
v -15.382804 -14.697261 -6.148129
v -16.962263 -22.402559 -5.849240
v -13.342781 -18.080780 -10.859355
v -13.667884 -22.929527 -9.668284
v -0.558094 -30.557707 4.612595
v -4.383476 -24.089499 9.202770
v -3.757652 -30.856537 9.361181
v -9.606802 -23.475775 10.935574
v -8.544798 -31.238911 11.050646
v -14.792200 -22.829918 10.107654
v -14.209723 -31.251762 10.337798
v -19.116074 -21.409676 5.253708
v -4.995754 -30.560921 -9.578618
v -13.445730 -27.158121 -8.008708
v -5.174561 -26.949263 -9.509126
v -0.587895 -26.088121 -5.095295
v -0.842559 -22.560007 -10.631453
v -0.235700 -24.520069 -5.153578
v 0.000000 -22.489317 -8.318057
v 0.000000 -23.260489 0.000002
v -17.924028 -8.184067 -2.429960
v -18.677183 -11.904974 -1.439893
v -17.718128 -7.583196 4.894294
v -19.116074 -21.409676 5.253708
v -13.367164 -11.885695 8.468251
v -14.792200 -22.829918 10.107654
v -9.606802 -23.475775 10.935574
v -4.383476 -24.089499 9.202770
v -0.829013 -24.324064 4.850958
v -0.558094 -30.557707 4.612595
v -0.558094 -30.217106 -4.069361
v 18.473995 -12.181311 -3.392380
v 17.463465 -16.827625 -7.757642
v 12.546278 -10.304793 -10.186856
v 0.235700 -24.520069 -5.153578
v 1.170372 -22.952019 5.153582
v 0.000000 -23.260489 0.000002
v 3.757652 -30.856537 9.361181
v 4.383476 -24.089499 9.202770
v 0.558094 -30.557707 4.612595
v 20.348757 -22.029825 -5.680368
v 4.635431 -21.750277 9.269273
v 1.170372 -22.952019 5.153582
v 0.829013 -24.324064 4.850958
v 0.235700 -24.520069 -5.153578
v 0.587895 -26.088121 -5.095295
v 0.558094 -30.217106 -4.069361
v 13.667884 -22.929527 -9.668284
v 16.962263 -22.402559 -5.849240
v 13.445730 -27.158121 -8.008708
v 17.029993 -24.507217 -4.896534
v 12.706120 -31.052544 -8.232126
v 4.995754 -30.560921 -9.578618
v 5.174561 -26.949263 -9.509126
v 13.445730 -27.158121 -8.008708
v 5.201653 -23.514334 -11.818785
v 13.667884 -22.929527 -9.668284
v 7.377136 -19.414268 -13.117455
v 13.342781 -18.080780 -10.859355
v 4.383476 -24.089499 9.202770
v 3.757652 -30.856537 9.361181
v 9.642022 -23.475775 10.935574
v 8.544798 -31.238911 11.050646
v 14.824710 -22.829918 10.107654
v 14.209723 -31.251762 10.337798
v 19.148584 -21.409676 5.253708
v 13.667884 -22.929527 -9.668284
v 13.342781 -18.080780 -10.859355
v 16.962263 -22.402559 -5.849240
v 15.382804 -14.697261 -6.148129
v 19.563091 -22.029825 -0.609730
v 18.677183 -11.904974 -1.439893
v 13.342781 -18.080780 -10.859355
v 12.546278 -10.304793 -9.508380
v 15.382804 -14.697261 -6.148129
v 17.924028 -8.184067 -2.429960
v 17.718128 -7.583196 4.894294
v 13.367164 -11.885695 8.468251
v 14.824710 -22.829918 10.107654
v 10.324739 -16.319937 9.291688
v 9.642022 -23.475775 10.935574
v 4.383476 -24.089499 9.202770
v 0.558094 -30.557707 4.612595
v -6.450591 -93.270088 -4.886068
v -5.862696 -99.580856 -6.513514
v -9.818119 -95.792465 -7.757636
v -13.058316 -93.919159 -5.267898
v -9.674532 -92.788109 -7.400465
v -9.818119 -95.792465 -7.757636
v -9.818119 -95.792465 -7.757636
v -9.674532 -92.788109 -7.400465
v -6.450591 -93.270088 -4.886068
v -12.169700 -95.895294 3.181672
v -13.047479 -94.208351 -1.016960
v -13.608282 -99.163132 -3.183152
v -13.058316 -93.919159 -5.267898
v -12.665482 -99.529442 -6.349125
v -9.818119 -95.792465 -7.757636
v -5.862696 -99.580856 -6.513514
v -5.705563 -97.167725 -0.771125
v -6.439754 -92.791321 -1.037135
v -7.848535 -95.898506 3.384916
v -7.905428 -93.045166 2.245405
v -12.169700 -95.895294 3.181672
v -12.118225 -93.045166 1.631937
v -13.047479 -94.208351 -1.016960
v -12.077587 -50.858822 7.309315
v -11.963801 -54.875343 6.938694
v -6.862389 -50.858822 7.712814
v -13.174811 -41.714001 9.488209
v -18.192238 -34.535671 5.541389
v -16.864733 -42.208839 5.053455
v -7.694111 -62.882687 -8.186543
v -4.499971 -75.321053 -6.583754
v -7.398809 -72.503059 -10.688236
v -2.048151 -41.183823 4.113452
v -0.931963 -33.793419 -3.878071
v -0.931963 -33.857681 4.487808
v -12.446038 -62.464966 -7.716541
v -12.817197 -69.672218 -10.266057
v -11.121242 -62.972656 3.938604
v -6.951792 -63.531754 4.342103
v -7.233548 -61.716286 5.349357
v -0.931963 -33.857681 4.487808
v -0.931963 -33.793419 -3.878071
v -0.558094 -30.217106 -4.069361
v -0.558094 -30.217106 -4.069361
v -0.931963 -33.793419 -3.878071
v -4.995754 -30.560921 -9.578618
v -14.830129 -51.025909 3.567235
v -17.384899 -31.020411 -4.618567
v -17.103142 -34.609577 -4.561032
v -18.390011 -34.593510 0.470005
v -6.605015 -55.193455 7.342193
v -4.605630 -57.853996 2.838695
v -1.939783 -52.388313 1.514620
v -2.411183 -58.872589 -0.264512
v -11.188972 -61.157188 4.946605
v -13.115209 -58.326340 3.215294
v -15.068538 -51.302246 -0.044082
v -18.192238 -34.535671 5.541389
v -13.174811 -41.714001 9.488209
v -13.949640 -34.362160 10.125587
v -7.526141 -41.534061 9.890961
v -8.290134 -34.307533 10.760726
v -8.290134 -34.307533 10.760726
v -3.833510 -33.989426 8.979352
v -3.757652 -30.856537 9.361181
v -12.546278 -34.522820 -8.079692
v -16.255165 -42.677967 -4.389170
v -17.103142 -34.609577 -4.561032
v -17.032703 -42.652264 0.524552
v -18.390011 -34.593510 0.470005
v -4.499971 -75.321053 -6.583754
v -7.694111 -62.882687 -8.186543
v -4.426823 -63.412865 -4.057402
v -7.612835 -59.367424 -7.460246
v -2.411183 -59.071808 -4.208342
v -6.507484 -53.519367 -6.689861
v -1.939783 -53.802132 -3.543316
v -5.713690 -41.553341 -7.954906
v -2.048151 -41.823250 -3.303459
v -0.931963 -33.793419 -3.878071
v -2.048151 -41.183823 4.113452
v -2.048151 -41.823250 -3.303459
v -1.939783 -53.802132 -3.543316
v -2.411183 -59.071808 -4.208342
v -0.931963 -33.793419 -3.878071
v -5.177270 -34.027985 -9.172876
v -12.546278 -34.522820 -8.079692
v -12.706120 -31.052544 -8.232126
v -17.103142 -34.609577 -4.561032
v -17.384899 -31.020411 -4.618567
v -12.817197 -69.672218 -10.266057
v -17.355097 -69.309120 -6.207903
v -12.446038 -62.464966 -7.716541
v -15.353003 -62.802357 -4.800140
v -12.104679 -59.367424 -6.897589
v -14.919532 -61.465656 -4.546832
v -11.500529 -53.519367 -6.127204
v -14.575464 -52.250145 -4.215814
v -12.064041 -42.061031 -7.623141
v -17.355097 -69.309120 -6.207903
v -17.249439 -70.112427 0.127780
v -15.336748 -64.302925 0.619451
v -14.851802 -59.573071 0.195029
v -8.544798 -31.238911 11.050646
v -8.290134 -34.307533 10.760726
v -14.209723 -31.251762 10.337798
v -13.949640 -34.362160 10.125587
v -18.636545 -31.116808 5.703537
v -18.192238 -34.535671 5.541389
v -4.426823 -63.412865 -4.057402
v -2.411183 -59.071808 -4.208342
v -4.426823 -64.672447 0.094902
v -2.411183 -58.872589 -0.264512
v -6.951792 -63.531754 4.342103
v -4.605630 -57.853996 2.838695
v -7.233548 -61.716286 5.349357
v -6.605015 -55.193455 7.342193
v -7.398809 -72.503059 -10.688236
v -12.446038 -62.464966 -7.716541
v -7.694111 -62.882687 -8.186543
v -16.255165 -42.677967 -4.389170
v -15.068538 -51.302246 -0.044082
v -17.032703 -42.652264 0.524552
v -16.864733 -42.208839 5.053455
v -13.174811 -41.714001 9.488209
v -6.862389 -50.858822 7.712814
v -4.063791 -41.408745 7.833117
v -3.833510 -33.989426 8.979352
v -2.048151 -41.183823 4.113452
v -4.063791 -41.408745 7.833117
v -7.233548 -61.716286 5.349357
v -11.121242 -62.972656 3.938604
v -14.851802 -59.573071 0.195029
v -14.575464 -52.250145 -4.215814
v -16.255165 -42.677967 -4.389170
v -12.064041 -42.061031 -7.623141
v -12.546278 -34.522820 -8.079692
v -5.713690 -41.553341 -7.954906
v -5.177270 -34.027985 -9.172876
v -2.048151 -41.823250 -3.303459
v -0.931963 -33.793419 -3.878071
v -4.061082 -76.063309 -0.115813
v -4.426823 -64.672447 0.094902
v -8.631492 -73.405975 3.761513
v -5.946681 -81.037369 -0.148691
v -5.946681 -81.175537 -4.799391
v -4.499971 -75.321053 -6.583754
v -7.821443 -76.979073 -9.960444
v -4.499971 -75.321053 -6.583754
v -5.946681 -81.175537 -4.799391
v -6.439754 -92.791321 -1.037135
v -6.450591 -93.270088 -4.886068
v -6.567087 -85.397705 -4.415319
v -6.951792 -63.531754 4.342103
v -11.121242 -62.972656 3.938604
v -11.868979 -66.108757 3.891529
v -17.249439 -70.112427 0.127780
v -12.684447 -71.413780 3.701735
v -7.469248 -66.815666 3.954296
v -14.851802 -59.573071 0.195029
v -15.336748 -64.302925 0.619451
v -4.426823 -63.412865 -4.057402
v -12.454165 -77.984810 3.098729
v -9.113729 -79.180130 3.110685
v -6.567087 -85.397705 -4.415319
v -6.450591 -93.270088 -4.886068
v -8.449976 -83.858574 -8.089402
v -9.674532 -92.788109 -7.400465
v -11.218773 -84.465874 -7.833107
v -13.058316 -93.919159 -5.267898
v -13.651629 -86.972183 -4.995909
v -13.047479 -94.208351 -1.016960
v -13.651629 -87.637321 -1.132032
v -12.118225 -93.045166 1.631937
v -11.868979 -87.058945 1.467548
v -7.905428 -93.045166 2.245405
v -9.045999 -86.506264 1.794083
v -6.567087 -86.371315 -0.678469
v -16.558594 -76.670609 -0.412460
v -16.707600 -75.526703 -6.194452
v -12.324124 -75.709854 -9.901413
v -7.398809 -72.503059 -10.688236
v -12.817197 -69.672218 -10.266057
v -17.355097 -69.309120 -6.207903
v 13.058316 -93.919159 -5.267898
v 12.665482 -99.529442 -6.349125
v 9.818119 -95.792465 -7.757636
v 9.818119 -95.792465 -7.757636
v 9.674532 -92.788109 -7.400465
v 13.058316 -93.919159 -5.267898
v 6.450591 -93.270088 -4.886068
v 9.674532 -92.788109 -7.400465
v 9.818119 -95.792465 -7.757636
v 12.665482 -99.529442 -6.349125
v 13.608282 -99.163132 -3.183152
v 13.047479 -93.388985 -1.016960
v 12.169700 -95.895294 3.181672
v 13.047479 -93.388985 -1.016960
v 12.118225 -93.045166 1.631937
v 12.169700 -95.895294 3.181672
v 7.905428 -93.045166 2.245405
v 7.848535 -95.898506 3.384916
v 6.439754 -92.791321 -1.037135
v 5.705563 -97.167725 -0.771125
v 6.450591 -93.270088 -4.886068
v 5.862696 -99.580856 -6.513514
v 14.827419 -51.025909 3.567235
v 13.112499 -58.326340 3.215294
v 15.068538 -51.302246 -0.044082
v 4.602921 -57.853996 2.838695
v 6.602306 -55.193455 7.342193
v 1.939783 -52.388313 1.514620
v 12.546278 -34.522820 -8.079692
v 17.384899 -31.020411 -4.618567
v 17.103142 -34.609577 -4.561032
v 5.713690 -41.553341 -7.954906
v 1.939783 -53.802132 -3.543316
v 2.048151 -41.823250 -3.303459
v 6.507484 -53.519367 -6.689861
v 2.408474 -59.071808 -4.208342
v 4.063791 -41.408745 7.833117
v 8.290134 -34.307533 10.760726
v 3.833510 -33.989426 8.979352
v 1.939783 -52.388313 1.514620
v 4.063791 -41.408745 7.833117
v 2.048151 -41.183823 4.113452
v 11.961092 -54.875343 6.938694
v 11.188972 -61.157188 4.946605
v 4.426823 -64.672447 0.094902
v 6.951792 -63.531754 4.342103
v 2.408474 -58.872589 -0.264512
v 4.602921 -57.853996 2.838695
v 1.939783 -52.388313 1.514620
v 12.077587 -50.858822 7.309315
v 6.859679 -50.858822 7.712814
v 17.384899 -31.020411 -4.618567
v 18.842445 -31.010771 0.452070
v 17.103142 -34.609577 -4.561032
v 18.390011 -34.593510 0.470005
v 6.602306 -55.193455 7.342193
v 7.233548 -61.716286 5.349357
v 6.951792 -63.531754 4.342103
v 11.121242 -62.972656 3.938604
v 16.864733 -42.208839 5.053455
v 18.192238 -34.535671 5.541389
v 13.174811 -41.714001 9.488209
v 13.949640 -34.362160 10.125587
v 7.526141 -41.534061 9.890961
v 8.290134 -34.307533 10.760726
v 3.833510 -33.989426 8.979352
v 8.290134 -34.307533 10.760726
v 8.544798 -31.238911 11.050646
v 13.949640 -34.362160 10.125587
v 14.209723 -31.251762 10.337798
v 18.192238 -34.535671 5.541389
v 0.558094 -30.217106 -4.069361
v 0.931963 -33.793419 -3.878071
v 0.558094 -30.557707 4.612595
v 0.931963 -33.857681 4.487808
v 18.390011 -34.593510 0.470005
v 17.032703 -42.652264 0.524552
v 17.103142 -34.609577 -4.561032
v 16.255165 -42.677967 -4.389170
v 12.546278 -34.522820 -8.079692
v 12.706120 -31.052544 -8.232126
v 5.177270 -34.027985 -9.172876
v 4.995754 -30.560921 -9.578618
v 0.931963 -33.793419 -3.878071
v 0.558094 -30.217106 -4.069361
v 12.064041 -42.061031 -7.623141
v 11.500529 -53.519367 -6.127204
v 14.572755 -52.250145 -4.215814
v 14.916823 -61.465656 -4.546832
v 14.851802 -59.573071 0.195029
v 15.336748 -64.302925 0.619451
v 4.426823 -63.412865 -4.057402
v 4.426823 -64.672447 0.094902
v 2.408474 -59.071808 -4.208342
v 2.408474 -58.872589 -0.264512
v 1.939783 -53.802132 -3.543316
v 2.048151 -41.823250 -3.303459
v 2.048151 -41.183823 4.113452
v 0.931963 -33.793419 -3.878071
v 0.931963 -33.857681 4.487808
v 17.357807 -69.309120 -6.207903
v 12.819907 -69.672218 -10.266057
v 12.446038 -62.464966 -7.716541
v 7.401518 -72.503059 -10.688236
v 7.694111 -62.882687 -8.186543
v 4.502681 -75.321053 -6.583754
v 4.426823 -63.412865 -4.057402
v 17.252148 -70.112427 0.127780
v 17.357807 -69.309120 -6.207903
v 15.353003 -62.802357 -4.800140
v 12.446038 -62.464966 -7.716541
v 12.104679 -59.367424 -6.897589
v 7.694111 -62.882687 -8.186543
v 7.612835 -59.367424 -7.460246
v 2.408474 -59.071808 -4.208342
v 7.612835 -59.367424 -7.460246
v 12.104679 -59.367424 -6.897589
v 15.353003 -62.802357 -4.800140
v 17.252148 -70.112427 0.127780
v 4.063791 -41.408745 7.833117
v 6.859679 -50.858822 7.712814
v 13.174811 -41.714001 9.488209
v 16.864733 -42.208839 5.053455
v 17.032703 -42.652264 0.524552
v 4.063791 -41.408745 7.833117
v 7.233548 -61.716286 5.349357
v 5.177270 -34.027985 -9.172876
v 0.931963 -33.793419 -3.878071
v 4.063791 -76.063309 -0.115813
v 4.426823 -64.672447 0.094902
v 4.426823 -63.412865 -4.057402
v 6.951792 -63.531754 4.342103
v 7.469248 -66.815666 3.954296
v 11.868979 -66.108757 3.891529
v 6.569796 -85.397705 -4.415319
v 6.450591 -93.270088 -4.886068
v 6.439754 -92.791321 -1.037135
v 8.634202 -73.405975 3.761513
v 12.687156 -71.413780 3.701735
v 17.252148 -70.112427 0.127780
v 15.336748 -64.302925 0.619451
v 14.851802 -59.573071 0.195029
v 11.121242 -62.972656 3.938604
v 4.502681 -75.321053 -6.583754
v 5.949390 -81.037369 -0.148691
v 9.119147 -79.180130 3.110685
v 12.459584 -77.984810 3.098729
v 5.949390 -81.175537 -4.799391
v 6.569796 -86.371315 -0.677723
v 9.048708 -86.506264 1.794083
v 11.871689 -87.058945 1.467548
v 16.564013 -76.670609 -0.412460
v 13.654338 -87.637321 -1.132032
v 16.710308 -75.526703 -6.194452
v 13.654338 -86.972183 -4.995909
v 12.326833 -75.709854 -9.901413
v 11.221482 -84.465874 -7.833107
v 7.826862 -76.979073 -9.960444
v 8.452686 -83.858574 -8.089402
v 5.949390 -81.175537 -4.799391
v 6.569796 -85.397705 -4.415319
v 17.357807 -69.309120 -6.207903
v 12.819907 -69.672218 -10.266057
v 7.401518 -72.503059 -10.688236
v 4.502681 -75.321053 -6.583754
v 7.905428 -93.045166 2.245405
v 12.118225 -93.045166 1.631937
v 13.047479 -93.388985 -1.016960
v 13.058316 -93.919159 -5.267898
v 9.674532 -92.788109 -7.400465
v 6.450591 -93.270088 -4.886068
v -5.090576 -102.437401 13.560566
v -7.713076 -99.259529 11.460876
v -8.030051 -102.225334 20.466377
v -13.846691 -102.765152 17.875017
v -12.535441 -100.393799 10.672559
v -14.133866 -104.930862 -1.356944
v -13.608282 -99.163132 -3.183152
v -12.497512 -105.290741 -6.618871
v -12.665482 -99.529442 -6.349125
v -7.965031 -104.927650 20.612085
v -14.066136 -104.924438 18.022219
v -5.410261 -104.840889 13.848246
v -15.854204 -105.142937 11.125374
v -16.555885 -103.080048 10.300443
v -5.735364 -99.609772 -0.648579
v -7.195620 -104.889091 -1.530300
v -6.781113 -105.085098 -6.560588
v -5.862696 -99.580856 -6.513514
v -9.799155 -99.715805 -8.389785
v -9.818119 -95.792465 -7.757636
v -7.778096 -103.555603 1.873290
v -15.426151 -104.400681 1.940540
v -15.854204 -105.142937 11.125374
v -14.066136 -104.924438 18.022219
v -7.965031 -104.927650 20.612085
v -9.853339 -104.969421 -8.152168
v -9.799155 -99.715805 -8.389785
v -9.818119 -95.792465 -7.757636
v -7.195620 -104.889091 -1.530300
v -12.497512 -105.290741 -6.618871
v -6.781113 -105.085098 -6.560588
v -9.853339 -104.969421 -8.152168
v -5.410261 -104.840889 13.848246
v -15.854204 -105.142937 11.125374
v -7.778096 -103.555603 1.873290
v -15.426151 -104.400681 1.940540
v -14.133866 -104.930862 -1.356944
v -5.410261 -104.840889 13.848246
v -12.169700 -95.895294 3.181672
v -7.848535 -95.898506 3.384916
v -5.705563 -97.167725 -0.771125
v -9.853339 -104.969421 -8.152168
v 7.195620 -104.889091 -1.530300
v 5.735364 -99.609772 -0.648579
v 6.781113 -105.085098 -6.560588
v 14.066136 -104.924438 18.022219
v 13.846691 -102.765152 17.875017
v 7.965031 -104.927650 20.612085
v 9.799155 -99.715805 -8.389785
v 9.853339 -104.969421 -8.152168
v 8.030051 -102.225334 20.466377
v 7.713076 -99.259529 11.460876
v 5.090576 -102.437401 13.560566
v 7.778096 -103.555603 1.873290
v 9.853339 -104.969421 -8.152168
v 12.497512 -105.290741 -6.618871
v 6.781113 -105.085098 -6.560588
v 7.195620 -104.889091 -1.530300
v 15.854204 -105.142937 11.125374
v 14.066136 -104.924438 18.022219
v 5.410261 -104.840889 13.848246
v 7.965031 -104.927650 20.612085
v 13.608282 -99.163132 -3.183152
v 14.133866 -104.930862 -1.356944
v 12.497512 -105.290741 -6.618871
v 16.555885 -103.080048 10.300443
v 12.535441 -100.393799 10.672559
v 12.665482 -99.529442 -6.349125
v 9.799155 -99.715805 -8.389785
v 9.818119 -95.792465 -7.757636
v 9.818119 -95.792465 -7.757636
v 5.862696 -99.580856 -6.513514
v 7.778096 -103.555603 1.873290
v 15.854204 -105.142937 11.125374
v 15.426151 -104.400681 1.940540
v 9.853339 -104.969421 -8.152168
v 14.133866 -104.930862 -1.356944
v 15.426151 -104.400681 1.940540
v 7.778096 -103.555603 1.873290
v 15.854204 -105.142937 11.125374
v 5.410261 -104.840889 13.848246
v 5.410261 -104.840889 13.848246
v 5.705563 -97.167725 -0.771125
v 7.848535 -95.898506 3.384916
v 12.169700 -95.895294 3.181672
v -19.332809 -23.421148 6.780281
v -18.931849 -24.067005 8.736504
v -19.636238 -23.928839 8.659541
v -19.275915 -24.234095 -6.427589
v -21.115459 -24.076647 -5.371019
v -21.250919 -24.182682 -6.073406
v -0.558094 -30.557707 4.612595
v -0.931963 -33.857681 4.487808
v -0.558094 -30.217106 -4.069361
v -17.032703 -42.652264 0.524552
v -16.864733 -42.208839 5.053455
v -18.390011 -34.593510 0.470005
v -18.192238 -34.535671 5.541389
v -18.842445 -31.010771 0.452070
v -17.384899 -31.020411 -4.618567
v -18.390011 -34.593510 0.470005
v -3.757652 -30.856537 9.361181
v -3.833510 -33.989426 8.979352
v -0.558094 -30.557707 4.612595
v -0.931963 -33.857681 4.487808
v -4.995754 -30.560921 -9.578618
v -12.706120 -31.052544 -8.232126
v -13.445730 -27.158121 -8.008708
v -17.029993 -24.507217 -4.896534
v -13.445730 -27.158121 -8.008708
v -12.706120 -31.052544 -8.232126
v -18.636545 -31.116808 5.703537
v -18.192238 -34.535671 5.541389
v -18.390011 -34.593510 0.470005
v -2.048151 -41.183823 4.113452
v -0.931963 -33.857681 4.487808
v -4.063791 -41.408745 7.833117
v -3.833510 -33.989426 8.979352
v -14.209723 -31.251762 10.337798
v -19.116074 -21.409676 5.253708
v -18.636545 -31.116808 5.703537
v -19.533291 -22.029825 -0.609730
v -18.842445 -31.010771 0.452070
v -17.384899 -31.020411 -4.618567
v -18.625710 -23.559319 6.857245
v -18.915592 -21.551056 6.320739
v -18.211203 -21.686010 6.397704
v -18.807226 -20.188652 7.739711
v -18.100126 -20.323606 7.816676
v -19.110655 -20.696341 9.618972
v -18.406265 -20.834509 9.695935
v -19.525162 -22.566433 10.078512
v -18.820770 -22.704601 10.155476
v -19.636238 -23.928839 8.659541
v -18.931849 -24.067005 8.736504
v -19.143166 -24.128057 -5.724454
v -18.289768 -22.572861 -6.859482
v -18.157019 -22.466824 -6.156348
v -19.278625 -20.860214 -6.937193
v -19.145876 -20.754177 -6.234807
v -21.253628 -20.808804 -6.583012
v -21.120876 -20.702766 -5.880623
v -22.239775 -22.470037 -6.151117
v -22.104315 -22.364000 -5.448730
v -21.250919 -24.182682 -6.073406
v -21.115459 -24.076647 -5.371019
v 18.636545 -31.116808 5.703537
v 19.148584 -21.409676 5.253708
v 14.209723 -31.251762 10.337798
v 18.362919 -23.646074 7.536468
v 20.435452 -23.809950 7.820412
v 20.088675 -23.938477 8.440605
v 19.143166 -24.128057 -5.724454
v 21.250919 -24.182682 -6.073406
v 21.115459 -24.076647 -5.371019
v 4.063791 -41.408745 7.833117
v 3.833510 -33.989426 8.979352
v 2.048151 -41.183823 4.113452
v 0.931963 -33.857681 4.487808
v 16.864733 -42.208839 5.053455
v 17.032703 -42.652264 0.524552
v 18.192238 -34.535671 5.541389
v 18.390011 -34.593510 0.470005
v 14.209723 -31.251762 10.337798
v 18.192238 -34.535671 5.541389
v 18.636545 -31.116808 5.703537
v 18.390011 -34.593510 0.470005
v 18.842445 -31.010771 0.452070
v 8.544798 -31.238911 11.050646
v 3.757652 -30.856537 9.361181
v 3.833510 -33.989426 8.979352
v 0.558094 -30.557707 4.612595
v 0.931963 -33.857681 4.487808
v 19.563091 -22.029825 -0.609730
v 17.029993 -24.507217 -4.896534
v 16.962263 -22.402559 -5.849240
v 18.842445 -31.010771 0.452070
v 17.384899 -31.020411 -4.618567
v 12.706120 -31.052544 -8.232126
v 18.712404 -23.517546 6.915528
v 17.579962 -21.840246 7.469965
v 17.926737 -21.711718 6.849771
v 18.522760 -20.323606 8.308347
v 18.869537 -20.198292 7.688153
v 20.248516 -20.619223 9.213231
v 20.595295 -20.490694 8.592291
v 21.031473 -22.425053 9.279734
v 21.378250 -22.296522 8.658792
v 20.088675 -23.938477 8.440605
v 20.435452 -23.809950 7.820412
v 19.275915 -24.234095 -6.427589
v 18.157019 -22.466824 -6.156348
v 18.289768 -22.572861 -6.859482
v 19.145876 -20.754177 -6.234807
v 19.281334 -20.860214 -6.937193
v 21.120876 -20.702766 -5.880623
v 21.253628 -20.808804 -6.583012
v 22.104315 -22.364000 -5.448730
v 22.239775 -22.470037 -6.151117
v 21.115459 -24.076647 -5.371019
v 21.250919 -24.182682 -6.073406
vn 0.4179 0.2129 0.8832
vn 0.2269 0.0861 0.9701
vn 0.5198 0.1811 0.8349
vn 0.8736 0.3070 -0.3777
vn 0.8157 0.3765 -0.4392
vn 0.5580 0.3929 -0.7309
vn -0.6383 0.2994 -0.7092
vn -0.7165 0.1969 -0.6692
vn -0.7874 0.2599 -0.5590
vn -0.7253 0.2759 -0.6307
vn -0.7874 0.2598 -0.5591
vn 0.6294 0.2125 0.7474
vn 0.5198 0.1812 0.8348
vn 0.6230 0.1971 0.7570
vn 0.2122 0.0708 -0.9747
vn -0.0000 0.1182 -0.9930
vn -0.0235 0.2590 -0.9656
vn -0.1884 0.0471 0.9810
vn -0.1732 0.0393 0.9841
vn -0.0000 0.0315 0.9995
vn 0.6294 0.2125 0.7475
vn 0.8144 0.3054 0.4934
vn 0.5198 0.1811 0.8348
vn 0.6357 0.2276 0.7377
vn 0.4180 0.2129 0.8832
vn 0.2599 0.0946 0.9610
vn 0.3318 0.3476 0.8770
vn 0.1883 0.0471 0.9810
vn 0.2599 0.0945 0.9610
vn -0.0000 0.0707 0.9975
vn -0.2361 0.0865 0.9679
vn -0.8157 0.3765 -0.4392
vn -0.6382 0.2995 -0.7092
vn -0.5580 0.3930 -0.7309
vn -0.2901 0.2979 -0.9094
vn -0.2674 0.4246 -0.8650
vn 0.0235 0.2591 -0.9656
vn 0.0235 0.3767 -0.9260
vn -0.0000 0.3374 -0.9414
vn -0.0000 0.3606 -0.9327
vn -0.0236 0.3767 -0.9260
vn 0.6497 0.0391 -0.7592
vn 0.4567 -0.0000 -0.8896
vn 0.5099 0.0941 -0.8551
vn 0.2122 0.0707 -0.9747
vn 0.2900 0.2979 -0.9095
vn -0.0235 0.2591 -0.9656
vn 0.2673 0.4247 -0.8650
vn -0.0235 0.3767 -0.9260
vn 0.3446 0.2898 -0.8929
vn 0.2674 0.4246 -0.8650
vn 0.3135 0.3214 -0.8935
vn 0.5903 0.3227 -0.7399
vn 0.8735 0.3069 -0.3778
vn -0.2360 0.0865 0.9679
vn -0.1883 0.0471 0.9810
vn 0.1884 0.0471 0.9810
vn 0.1809 0.0315 0.9830
vn 0.1259 0.1260 0.9840
vn 0.4247 0.1730 0.8887
vn 0.6229 0.1971 0.7570
vn 0.8896 0.3700 0.2677
vn 0.6356 0.2276 0.7377
vn 0.6060 0.3620 0.7083
vn 0.4246 0.3538 0.8334
vn -0.5099 0.0942 -0.8551
vn -0.2901 0.2979 -0.9095
vn -0.2122 0.0707 -0.9747
vn 0.0236 0.2590 -0.9656
vn -0.0000 0.3373 -0.9414
vn -0.0236 0.2591 -0.9656
vn 0.2673 0.4246 -0.8650
vn -0.2269 0.0861 0.9701
vn -0.8144 0.3054 0.4934
vn -0.5198 0.1811 0.8348
vn -0.6357 0.2276 0.7377
vn -0.4180 0.2129 0.8832
vn -0.1732 0.0394 0.9841
vn -0.2268 0.0861 0.9701
vn -0.1259 0.1259 0.9840
vn -0.2361 0.0866 0.9679
vn -0.4713 0.2671 0.8406
vn -0.6294 0.2125 0.7475
vn -0.5198 0.1812 0.8348
vn -0.6229 0.1972 0.7570
vn -0.4247 0.1730 0.8886
vn -0.7934 0.1807 -0.5813
vn -0.9035 0.1886 -0.3850
vn -0.8992 0.2051 0.3865
vn -0.8145 0.3054 0.4933
vn -0.4723 0.1653 0.8658
vn -0.4246 0.1730 0.8887
vn -0.1260 0.1260 0.9840
vn -0.5198 0.1811 0.8349
vn -0.4179 0.2129 0.8832
vn -0.2673 0.4246 -0.8650
vn -0.3446 0.2898 -0.8929
vn -0.0393 0.2201 -0.9747
vn -0.0000 0.3605 -0.9328
vn -0.0000 0.1886 -0.9821
vn 0.0393 0.2201 -0.9747
vn 0.4713 0.2671 0.8406
vn 0.3546 0.1970 0.9140
vn -0.0156 0.2111 0.9773
vn -0.3614 0.1964 0.9115
vn -0.4714 0.2671 0.8405
vn -0.3318 0.3476 0.8769
vn -0.4246 0.3538 0.8334
vn -0.6060 0.3620 0.7083
vn -0.8144 0.3057 0.4932
vn -0.8896 0.3700 0.2677
vn -0.8735 0.3070 -0.3778
vn -0.5580 0.3929 -0.7309
vn -0.5903 0.3227 -0.7399
vn -0.3135 0.3214 -0.8935
vn -0.4713 0.2671 0.8405
vn -0.4640 0.2517 0.8493
vn -0.4805 0.3859 0.7876
vn 0.2350 0.3447 0.9088
vn 0.4713 0.2671 0.8405
vn 0.2047 0.1417 -0.9685
vn -0.0000 0.1885 -0.9821
vn -0.3318 0.3477 0.8769
vn 0.3318 0.3476 0.8769
vn 0.4804 0.3859 0.7876
vn 0.4640 0.2517 0.8493
vn -0.2351 0.3447 0.9088
vn -0.3614 0.1965 0.9115
vn -0.0157 0.2111 0.9773
vn -0.0000 0.3996 0.9167
vn -0.2350 0.3448 0.9088
vn -0.8895 0.3385 -0.3070
vn -0.7423 0.4659 0.4817
vn 0.4804 0.3859 0.7875
vn 0.7423 0.4659 0.4817
vn 0.8895 0.3385 -0.3070
vn -0.0394 0.2201 -0.9747
vn -0.3467 0.1733 -0.9218
vn -0.4099 0.1970 -0.8906
vn -0.3135 0.3213 -0.8936
vn -0.4089 0.2910 -0.8650
vn -0.8736 0.3069 -0.3777
vn -0.0000 0.1644 -0.9864
vn -0.2047 0.1417 -0.9685
vn 0.3467 0.1733 -0.9218
vn 0.4099 0.1970 -0.8906
vn 0.3135 0.3213 -0.8936
vn 0.4089 0.2909 -0.8650
vn 0.8736 0.3069 -0.3777
vn 0.6383 0.2994 -0.7092
vn 0.7253 0.2760 -0.6307
vn 0.7874 0.2598 -0.5591
vn 0.7934 0.1807 -0.5813
vn 0.9035 0.1886 -0.3849
vn 0.8144 0.3054 0.4933
vn 0.8992 0.2051 0.3865
vn 0.4723 0.1653 0.8658
vn 0.7609 0.1647 -0.6276
vn 0.6496 0.0391 -0.7592
vn 0.7214 0.1882 -0.6665
vn 0.5099 0.0941 -0.8550
vn 0.6382 0.2994 -0.7092
vn 0.2901 0.2979 -0.9094
vn 0.5580 0.3930 -0.7309
vn -0.2123 -0.3066 -0.9278
vn -0.4968 -0.2839 -0.8201
vn -0.7491 -0.0000 -0.6624
vn -0.8698 -0.3370 -0.3605
vn -0.9513 -0.3066 -0.0315
vn -0.7331 -0.4809 -0.4809
vn -0.3858 -0.4094 -0.8268
vn 0.2123 -0.3067 -0.9278
vn -0.1022 -0.5187 -0.8488
vn -0.8402 -0.3062 -0.4475
vn -0.7332 -0.4808 -0.4809
vn -0.9248 -0.3213 -0.2038
vn -0.9513 -0.3066 -0.0314
vn -0.0000 -0.9969 0.0784
vn 0.4480 -0.2279 -0.8645
vn 0.4625 -0.0392 -0.8858
vn -0.2351 -0.0235 -0.9717
vn -0.2123 -0.3067 -0.9278
vn 0.1021 -0.5187 -0.8488
vn 0.3858 -0.4094 -0.8267
vn 0.7331 -0.4809 -0.4809
vn 0.8402 -0.3062 -0.4476
vn 0.9248 -0.3213 -0.2038
vn 0.1415 -0.5345 0.8332
vn -0.0000 -0.4315 0.9021
vn -0.0000 -0.9701 0.2426
vn -0.1415 -0.5346 0.8332
vn 0.5742 -0.7000 0.4247
vn 0.4782 -0.0235 0.8779
vn 0.9515 0.0236 0.3067
vn 0.9404 -0.0470 -0.3369
vn 0.8698 -0.3370 -0.3604
vn 0.9513 -0.3066 -0.0314
vn -0.0000 -0.9969 0.0785
vn -0.0000 -0.9701 0.2425
vn -0.5741 -0.7000 0.4247
vn -0.4782 -0.0236 0.8780
vn 0.0627 0.0861 0.9943
vn -0.8402 -0.3062 -0.4476
vn -0.3858 -0.4095 -0.8267
vn -0.4243 -0.2436 -0.8721
vn -0.9403 -0.0470 -0.3370
vn -0.2350 -0.0235 -0.9717
vn 0.4566 -0.0000 -0.8897
vn 0.2276 0.0392 -0.9730
vn -0.0000 0.0472 -0.9989
vn -0.2276 0.0392 -0.9730
vn -0.4567 -0.0000 -0.8896
vn -0.5099 0.0941 -0.8551
vn -0.6451 0.0393 -0.7631
vn -0.7165 0.1968 -0.6692
vn -0.7484 0.1812 -0.6381
vn -0.7874 0.2598 -0.5590
vn -0.8402 0.0942 -0.5340
vn -0.7492 0.0001 -0.6624
vn -0.4479 -0.2279 -0.8645
vn 0.1022 -0.5187 -0.8488
vn -0.0626 0.0861 0.9943
vn 0.4781 -0.0235 0.8780
vn -0.1415 -0.5345 0.8332
vn 0.8698 -0.3369 -0.3605
vn 0.9403 -0.0470 -0.3370
vn 0.4243 -0.2436 -0.8721
vn 0.2350 -0.0235 -0.9717
vn -0.4480 -0.2279 -0.8645
vn -0.8319 -0.0785 -0.5494
vn -0.8179 -0.1023 -0.5662
vn -0.9657 -0.0157 -0.2591
vn -0.8802 0.0550 0.4715
vn -0.9735 0.0864 -0.2120
vn -0.7492 -0.0000 -0.6624
vn 0.9327 -0.0078 0.3606
vn 0.6280 0.0393 0.7772
vn 0.5602 -0.0000 0.8284
vn 0.1496 0.0945 0.9842
vn 0.0551 -0.0157 0.9984
vn -0.3383 0.0944 0.9363
vn -0.5173 -0.0470 0.8545
vn -0.8801 0.0550 0.4715
vn 0.4243 -0.2436 -0.8722
vn 0.8698 -0.3370 -0.3605
vn 0.9513 -0.3066 -0.0315
vn 0.9248 -0.3214 -0.2038
vn -0.9035 0.1885 -0.3849
vn 0.9327 -0.0078 0.3605
vn 0.7874 0.2599 -0.5590
vn 0.6383 0.2995 -0.7092
vn -0.5602 -0.0000 0.8284
vn -0.6281 0.0393 0.7772
vn -0.9327 -0.0078 0.3606
vn -0.4782 -0.0235 0.8780
vn -0.9515 0.0236 0.3067
vn -0.8698 -0.3369 -0.3604
vn -0.9404 -0.0470 -0.3369
vn 0.4968 -0.2839 -0.8201
vn 0.8319 -0.0785 -0.5494
vn 0.8179 -0.1023 -0.5662
vn 0.4625 -0.0392 -0.8857
vn 0.4479 -0.2279 -0.8645
vn -0.1021 -0.5187 -0.8488
vn 0.7491 -0.0000 -0.6624
vn -0.6280 0.0393 0.7772
vn -0.5601 -0.0000 0.8284
vn -0.1496 0.0945 0.9842
vn -0.0551 -0.0157 0.9984
vn 0.3383 0.0944 0.9363
vn 0.5174 -0.0470 0.8545
vn 0.8801 0.0550 0.4715
vn 0.7492 -0.0000 -0.6624
vn 0.8319 -0.0784 -0.5494
vn 0.8402 0.0942 -0.5340
vn 0.9657 -0.0157 -0.2591
vn 0.9735 0.0864 -0.2120
vn 0.9035 0.1885 -0.3849
vn 0.8992 0.2050 0.3865
vn 0.3384 0.0944 0.9363
vn 0.0626 0.0861 0.9943
vn -0.6281 0.0392 0.7772
vn -0.9327 -0.0078 0.3605
vn 0.8820 0.0787 -0.4646
vn 0.8453 0.0469 -0.5322
vn -0.0235 0.1643 -0.9861
vn -0.8404 0.0079 -0.5420
vn 0.0158 -0.0315 -0.9994
vn -0.0234 0.1644 -0.9861
vn -0.0235 0.1644 -0.9861
vn 0.0157 -0.0315 -0.9994
vn 0.8820 0.0788 -0.4646
vn -0.6210 0.5503 0.5581
vn -0.9910 -0.0000 0.1337
vn -0.9830 0.0943 -0.1573
vn -0.8404 0.0079 -0.5419
vn -0.7700 0.0471 -0.6363
vn 0.9781 0.1721 0.1174
vn 0.9534 0.1025 0.2836
vn 0.4706 0.6432 0.6040
vn 0.2674 0.2595 0.9280
vn -0.6210 0.5503 0.5582
vn -0.6913 0.1493 0.7070
vn -0.5330 -0.1960 0.8231
vn -0.4558 -0.2122 0.8644
vn 0.2669 -0.1648 0.9495
vn -0.3609 -0.2040 0.9100
vn -0.9136 -0.1497 0.3781
vn -0.8817 -0.2204 0.4172
vn 0.4150 0.2115 -0.8849
vn 0.9179 -0.1255 -0.3766
vn 0.2752 0.0629 -0.9593
vn 0.9635 -0.0940 0.2506
vn 0.9370 -0.1339 -0.3228
vn 0.9537 -0.1251 0.2736
vn -0.3684 0.3057 -0.8779
vn -0.4237 0.0784 -0.9024
vn -0.4945 -0.2512 0.8321
vn 0.4881 -0.2283 0.8424
vn 0.2111 -0.3832 0.8992
vn 0.9370 -0.1338 -0.3228
vn 0.9369 -0.1339 -0.3229
vn -0.9205 -0.2203 0.3226
vn -0.8305 -0.0313 -0.5562
vn -0.8344 -0.0944 -0.5431
vn -0.9866 -0.1331 -0.0940
vn 0.5174 -0.2038 0.8311
vn 0.8020 -0.2123 0.5583
vn 0.9196 -0.1100 0.3772
vn 0.9286 -0.1967 0.3147
vn -0.5368 -0.3710 0.7578
vn -0.8755 -0.2129 0.4338
vn -0.9873 -0.1489 0.0548
vn -0.3609 -0.2039 0.9100
vn -0.4405 -0.1259 0.8889
vn 0.2042 -0.1571 0.9662
vn 0.1495 -0.1023 0.9835
vn 0.6501 -0.1097 0.7519
vn 0.5601 -0.0000 0.8284
vn -0.3782 -0.0866 -0.9217
vn -0.8891 -0.1495 -0.4327
vn -0.8343 -0.0945 -0.5431
vn -0.9801 -0.1960 -0.0314
vn 0.9178 -0.1255 -0.3766
vn 0.4150 0.2114 -0.8849
vn 0.9131 -0.0709 -0.4015
vn 0.2679 0.0630 -0.9614
vn 0.8503 -0.1968 -0.4881
vn 0.2443 -0.0236 -0.9694
vn 0.9091 -0.0314 -0.4154
vn 0.4386 -0.1018 -0.8929
vn 0.9644 -0.0549 -0.2587
vn 0.9091 -0.0313 -0.4153
vn 0.9369 -0.1338 -0.3229
vn 0.3698 -0.1259 -0.9206
vn 0.2351 -0.0235 -0.9717
vn -0.3781 -0.0867 -0.9217
vn -0.4625 -0.0392 -0.8858
vn -0.8343 -0.0945 -0.5432
vn -0.8304 -0.0313 -0.5563
vn -0.4238 0.0785 -0.9024
vn -0.9187 0.1178 -0.3769
vn -0.8956 0.3300 -0.2985
vn -0.4400 0.2436 -0.8643
vn -0.9075 0.1815 -0.3788
vn -0.3697 0.0393 -0.9283
vn -0.8660 -0.0630 -0.4961
vn -0.3444 -0.1174 -0.9315
vn -0.8622 0.0705 0.5016
vn -0.9086 0.2115 0.3603
vn -0.9262 0.0157 0.3767
vn 0.0550 -0.0157 0.9984
vn -0.5174 -0.0471 0.8545
vn -0.4405 -0.1258 0.8889
vn -0.9439 -0.0708 0.3225
vn -0.9136 -0.1496 0.3781
vn 0.9140 -0.1970 0.3546
vn 0.9286 -0.1968 0.3148
vn 0.5175 -0.2038 0.8311
vn -0.3684 0.3057 -0.8780
vn 0.4151 0.2114 -0.8849
vn 0.2668 -0.1648 0.9496
vn 0.7070 -0.1492 0.6913
vn 0.9635 -0.0940 0.2507
vn 0.2111 -0.3831 0.8992
vn -0.9262 0.0157 0.3768
vn -0.8661 -0.0630 -0.4960
vn -0.8890 -0.1495 -0.4328
vn 0.3698 -0.1259 -0.9205
vn 0.9644 -0.0549 -0.2588
vn 0.9369 -0.1339 -0.3228
vn 0.9421 -0.1178 0.3141
vn 0.4000 -0.1098 0.9099
vn 0.8891 -0.2203 0.4013
vn 0.9404 -0.2116 -0.2664
vn 0.9179 -0.1255 -0.3765
vn 0.4096 -0.2600 -0.8744
vn 0.9403 -0.2116 -0.2665
vn 0.9534 0.1024 0.2837
vn 0.9780 -0.0469 -0.2034
vn -0.4945 -0.2511 0.8321
vn -0.4020 0.0473 0.9144
vn -0.8622 0.0705 0.5017
vn -0.2829 -0.0314 0.9586
vn 0.3539 -0.1180 0.9278
vn -0.9085 0.2115 0.3603
vn 0.9131 -0.0708 -0.4015
vn -0.3295 -0.1412 0.9335
vn 0.4168 -0.1494 0.8966
vn 0.9780 -0.0469 -0.2035
vn 0.8820 0.0787 -0.4647
vn 0.5895 -0.1494 -0.7939
vn -0.3536 -0.1729 -0.9193
vn -0.8404 0.0078 -0.5419
vn -0.8990 -0.1735 -0.4022
vn -0.9583 -0.1492 0.2435
vn -0.6913 0.1492 0.7070
vn -0.4708 -0.0785 0.8788
vn 0.3925 -0.0471 0.9185
vn 0.9183 -0.0942 0.3846
vn -0.9142 -0.1813 0.3625
vn -0.8891 -0.1888 -0.4170
vn -0.3693 -0.1807 -0.9116
vn -0.9187 0.1177 -0.3769
vn 0.8404 0.0079 -0.5419
vn 0.7699 0.0472 -0.6364
vn 0.0235 0.1643 -0.9861
vn 0.0234 0.1643 -0.9861
vn -0.0158 -0.0315 -0.9994
vn 0.8404 0.0079 -0.5420
vn -0.8820 0.0787 -0.4646
vn -0.0157 -0.0315 -0.9994
vn 0.7699 0.0471 -0.6364
vn 0.9837 0.0866 -0.1574
vn 0.9900 -0.0000 0.1414
vn 0.6210 0.5503 0.5581
vn 0.9899 -0.0000 0.1415
vn 0.6913 0.1493 0.7070
vn -0.2674 0.2595 0.9280
vn -0.4706 0.6432 0.6040
vn -0.9534 0.1025 0.2836
vn -0.9781 0.1721 0.1174
vn -0.8820 0.0788 -0.4646
vn -0.8453 0.0470 -0.5322
vn 0.9205 -0.2203 0.3226
vn 0.8755 -0.2129 0.4338
vn 0.9873 -0.1489 0.0548
vn -0.8020 -0.2123 0.5583
vn -0.5174 -0.2038 0.8311
vn -0.9195 -0.1101 0.3773
vn 0.3781 -0.0866 -0.9217
vn 0.8304 -0.0314 -0.5563
vn 0.8343 -0.0944 -0.5431
vn -0.4386 -0.1018 -0.8929
vn -0.9091 -0.0313 -0.4154
vn -0.9644 -0.0549 -0.2588
vn -0.2443 -0.0236 -0.9694
vn -0.8503 -0.1968 -0.4881
vn -0.7070 -0.1492 0.6913
vn -0.1495 -0.1023 0.9835
vn -0.6501 -0.1097 0.7519
vn -0.9195 -0.1100 0.3773
vn -0.7070 -0.1492 0.6912
vn -0.9635 -0.0940 0.2507
vn 0.4558 -0.2122 0.8644
vn 0.5368 -0.3710 0.7578
vn -0.9140 -0.1970 0.3546
vn -0.4881 -0.2283 0.8424
vn -0.9285 -0.1967 0.3148
vn 0.5330 -0.1960 0.8231
vn -0.2669 -0.1648 0.9495
vn 0.8305 -0.0314 -0.5562
vn 0.9805 -0.0784 -0.1804
vn 0.8343 -0.0945 -0.5431
vn 0.9866 -0.1331 -0.0940
vn -0.5175 -0.2039 0.8311
vn -0.2112 -0.3831 0.8992
vn 0.4945 -0.2512 0.8321
vn 0.8817 -0.2204 0.4172
vn 0.9136 -0.1496 0.3781
vn 0.3609 -0.2040 0.9100
vn 0.4405 -0.1259 0.8889
vn -0.2042 -0.1571 0.9662
vn -0.6500 -0.1096 0.7519
vn -0.0550 -0.0157 0.9984
vn 0.4405 -0.1258 0.8889
vn 0.5173 -0.0470 0.8545
vn -0.9370 -0.1338 -0.3228
vn -0.9327 -0.0079 0.3605
vn -0.9537 -0.1251 0.2735
vn 0.9801 -0.1960 -0.0314
vn 0.8890 -0.1495 -0.4327
vn -0.3698 -0.1259 -0.9205
vn -0.9369 -0.1339 -0.3228
vn 0.3444 -0.1174 -0.9315
vn 0.3697 0.0393 -0.9283
vn 0.8660 -0.0630 -0.4960
vn 0.9075 0.1815 -0.3788
vn 0.9262 0.0157 0.3767
vn 0.9086 0.2115 0.3602
vn -0.9131 -0.0709 -0.4015
vn -0.9141 -0.1970 0.3546
vn -0.9286 -0.1967 0.3147
vn -0.9196 -0.1100 0.3772
vn -0.9644 -0.0549 -0.2587
vn -0.9635 -0.0940 0.2506
vn -0.9370 -0.1339 -0.3228
vn -0.9537 -0.1251 0.2736
vn 0.9187 0.1178 -0.3769
vn 0.4237 0.0785 -0.9024
vn 0.3684 0.3057 -0.8780
vn -0.2752 0.0629 -0.9593
vn -0.4150 0.2115 -0.8849
vn -0.9179 -0.1255 -0.3766
vn -0.9131 -0.0708 -0.4015
vn 0.8622 0.0705 0.5016
vn 0.8955 0.3299 -0.2986
vn 0.3685 0.3057 -0.8779
vn 0.4400 0.2436 -0.8643
vn -0.4151 0.2114 -0.8849
vn -0.2680 0.0630 -0.9614
vn -0.8503 -0.1968 -0.4882
vn -0.2679 0.0631 -0.9614
vn 0.8956 0.3300 -0.2985
vn 0.8622 0.0706 0.5016
vn -0.7070 -0.1493 0.6913
vn -0.2668 -0.1648 0.9496
vn -0.2111 -0.3831 0.8992
vn 0.4946 -0.2512 0.8320
vn -0.9369 -0.1338 -0.3229
vn -0.9421 -0.1178 0.3140
vn -0.9132 -0.0709 -0.4014
vn -0.3539 -0.1180 0.9278
vn 0.4020 0.0473 0.9144
vn -0.9780 -0.0470 -0.2034
vn -0.9534 0.1024 0.2837
vn -0.4000 -0.1098 0.9099
vn 0.2829 -0.0314 0.9586
vn 0.8622 0.0705 0.5017
vn 0.9086 0.2115 0.3603
vn 0.9262 0.0157 0.3768
vn 0.4945 -0.2511 0.8321
vn -0.9179 -0.1255 -0.3765
vn -0.8891 -0.2203 0.4013
vn -0.4168 -0.1494 0.8966
vn 0.3295 -0.1412 0.9335
vn -0.9404 -0.2116 -0.2664
vn -0.9183 -0.0942 0.3846
vn -0.3925 -0.0471 0.9185
vn 0.4708 -0.0785 0.8788
vn 0.9142 -0.1813 0.3625
vn 0.9572 -0.1569 0.2432
vn 0.8891 -0.1888 -0.4170
vn 0.8977 -0.1811 -0.4016
vn 0.3693 -0.1807 -0.9115
vn 0.3536 -0.1729 -0.9193
vn -0.4096 -0.2600 -0.8744
vn -0.5895 -0.1493 -0.7939
vn -0.9403 -0.2116 -0.2665
vn -0.9780 -0.0469 -0.2035
vn 0.9187 0.1177 -0.3769
vn 0.4237 0.0784 -0.9024
vn -0.9178 -0.1256 -0.3766
vn 0.6913 0.1492 0.7070
vn 0.9899 -0.0000 0.1414
vn 0.8404 0.0078 -0.5419
vn 0.9819 0.1257 0.1414
vn 0.4330 0.8503 0.2992
vn 0.3471 0.6390 0.6864
vn -0.5588 0.5903 0.5824
vn -0.3379 0.8722 0.3536
vn -0.6709 -0.7262 -0.1500
vn -0.9830 0.0944 -0.1573
vn -0.6078 -0.6315 -0.4814
vn -0.7699 0.0471 -0.6364
vn 0.3616 -0.3066 0.8805
vn -0.6668 -0.5962 0.4472
vn 0.5237 -0.8519 0.0078
vn -0.4250 -0.9052 -0.0000
vn -0.9468 0.2895 0.1408
vn 0.9936 -0.0939 0.0626
vn 0.4004 -0.8951 0.1963
vn 0.6823 -0.5960 -0.4235
vn -0.0629 0.0236 -0.9977
vn 0.6111 -0.7914 0.0156
vn -0.6454 -0.7635 -0.0236
vn -0.6668 -0.5962 0.4471
vn -0.0000 -0.4877 -0.8730
vn -0.0628 0.0236 -0.9977
vn -0.6078 -0.6314 -0.4815
vn -0.0001 -0.4876 -0.8730
vn 0.6112 -0.7914 0.0157
vn -0.6455 -0.7634 -0.0236
vn -0.6710 -0.7262 -0.1499
vn 0.5236 -0.8519 0.0078
vn -0.4004 -0.8951 0.1963
vn -0.9936 -0.0939 0.0626
vn -0.6823 -0.5960 -0.4235
vn 0.6668 -0.5962 0.4471
vn 0.5588 0.5903 0.5824
vn -0.3616 -0.3066 0.8805
vn 0.0629 0.0236 -0.9977
vn -0.3471 0.6390 0.6864
vn -0.4330 0.8503 0.2992
vn -0.9819 0.1257 0.1414
vn -0.6112 -0.7913 0.0157
vn -0.0000 -0.4876 -0.8731
vn 0.6078 -0.6314 -0.4815
vn -0.6823 -0.5960 -0.4234
vn 0.4250 -0.9052 -0.0000
vn -0.5237 -0.8519 0.0078
vn -0.3617 -0.3066 0.8804
vn 0.6709 -0.7262 -0.1500
vn 0.6078 -0.6315 -0.4815
vn 0.9468 0.2895 0.1408
vn 0.3379 0.8722 0.3536
vn 0.0628 0.0236 -0.9977
vn -0.8453 0.0469 -0.5322
vn -0.6112 -0.7914 0.0156
vn 0.6454 -0.7635 -0.0236
vn -0.0001 -0.4877 -0.8730
vn 0.6710 -0.7262 -0.1500
vn 0.6455 -0.7634 -0.0236
vn -0.6111 -0.7914 0.0157
vn -0.5236 -0.8519 0.0078
vn -0.0549 -0.6902 -0.7216
vn -0.2045 -0.9519 0.2281
vn -0.2046 -0.9519 0.2281
vn 0.4874 -0.8726 0.0315
vn -0.4857 -0.8461 0.2193
vn -0.4857 -0.8461 0.2194
vn 0.9327 -0.0079 0.3605
vn 0.9537 -0.1251 0.2735
vn -0.9866 -0.1331 -0.0939
vn -0.9136 -0.1497 0.3780
vn -0.9810 -0.0707 -0.1806
vn 0.9327 -0.0079 0.3606
vn -0.8179 -0.1022 -0.5662
vn -0.4625 -0.0392 -0.8857
vn -0.9810 -0.0707 -0.1804
vn -0.9136 -0.1496 0.3780
vn 0.9537 -0.1251 0.2737
vn 0.7070 -0.1493 0.6912
vn -0.5174 -0.0470 0.8544
vn -0.9810 -0.0706 -0.1805
vn -0.8304 -0.0313 -0.5562
vn 0.1487 0.2582 -0.9546
vn 0.2045 0.9519 -0.2281
vn 0.0549 0.6902 0.7216
vn -0.1487 -0.2582 0.9546
vn 0.9832 -0.0237 -0.1809
vn 0.9832 -0.0236 -0.1809
vn 0.4860 0.8460 -0.2195
vn 0.4857 0.8461 -0.2194
vn -0.4874 0.8726 -0.0315
vn -0.9832 0.0236 0.1810
vn -0.9832 0.0236 0.1809
vn -0.4858 -0.8461 0.2194
vn -0.4858 -0.8461 0.2193
vn 0.9434 -0.0786 0.3223
vn 0.8802 0.0550 0.4715
vn 0.5174 -0.0470 0.8544
vn -0.4787 -0.7690 -0.4237
vn 0.3928 -0.9191 0.0314
vn -0.4874 -0.8726 0.0314
vn 0.4857 -0.8461 0.2193
vn 0.4857 -0.8461 0.2194
vn 0.9136 -0.1497 0.3780
vn 0.9866 -0.1331 -0.0939
vn 0.9136 -0.1496 0.3780
vn -0.9537 -0.1250 0.2736
vn 0.8179 -0.1022 -0.5662
vn 0.8319 -0.0785 -0.5493
vn 0.8304 -0.0313 -0.5562
vn -0.4786 -0.7690 -0.4238
vn -0.8781 0.1490 -0.4547
vn -0.3928 0.9191 -0.0315
vn 0.4787 0.7690 0.4237
vn 0.4786 0.7690 0.4238
vn 0.8781 -0.1490 0.4547
vn 0.8781 -0.1490 0.4548
vn -0.9832 -0.0237 -0.1809
vn -0.9832 -0.0236 -0.1809
vn -0.4858 0.8461 -0.2194
vn -0.4857 0.8461 -0.2194
vn 0.4874 0.8726 -0.0315
vn 0.4874 0.8726 -0.0314
vn 0.9832 0.0236 0.1810
vn 0.9832 0.0236 0.1809
vn 0.4858 -0.8461 0.2193
vt 0.398895 0.009979
vt 0.424622 0.105988
vt 0.365662 0.104675
vt 0.989990 0.324982
vt 0.928284 0.337921
vt 0.928345 0.218414
vt 0.180756 0.090912
vt 0.229767 0.154907
vt 0.269684 0.109711
vt 0.269684 0.066193
vt 0.276794 0.051361
vt 0.276794 0.227325
vt 0.085358 0.184082
vt 0.009979 0.173218
vt 0.036682 0.084167
vt 0.512054 0.110229
vt 0.500793 0.227325
vt 0.552673 0.227325
vt 0.276794 0.009979
vt 0.355438 0.009979
vt 0.928986 0.638824
vt 0.929077 0.519196
vt 0.989990 0.556915
vt 0.501831 0.110229
vt 0.481140 0.009979
vt 0.552673 0.101959
vt 0.552673 0.009979
vt 0.455109 0.009979
vt 0.269684 0.009979
vt 0.186432 0.009979
vt 0.109711 0.087158
vt 0.111938 0.009979
vt 0.047211 0.009979
vt 0.009979 0.079376
vt 0.009979 0.009979
vt 0.217255 0.227325
vt 0.172089 0.227325
vt 0.172180 0.170959
vt 0.928589 0.050751
vt 0.989990 0.084503
vt 0.928284 0.134766
vt 0.989990 0.136230
vt 0.989990 0.220886
vt 0.499054 0.227325
vt 0.433350 0.227325
vt 0.371765 0.227325
vt 0.928192 0.403992
vt 0.989990 0.392273
vt 0.928802 0.478210
vt 0.989990 0.464813
vt 0.989990 0.518402
vt 0.712585 0.623169
vt 0.800537 0.741669
vt 0.789734 0.627411
vt 0.573547 0.527130
vt 0.653625 0.621857
vt 0.643402 0.526581
vt 0.686859 0.526337
vt 0.721313 0.741669
vt 0.989990 0.588715
vt 0.573486 0.574402
vt 0.574432 0.741669
vt 0.659698 0.741669
vt 0.836060 0.009979
vt 0.860870 0.078217
vt 0.917145 0.073578
vt 0.871094 0.187103
vt 0.917145 0.179047
vt 0.808594 0.261078
vt 0.769104 0.526398
vt 0.989990 0.050354
vt 0.928650 0.009979
vt 0.989990 0.009979
vt 0.989990 0.631104
vt 0.928955 0.730469
vt 0.989990 0.730469
vt 0.763245 0.342529
vt 0.827728 0.342133
vt 0.819824 0.360779
vt 0.827728 0.325409
vt 0.763245 0.333344
vt 0.763245 0.495575
vt 0.833557 0.497864
vt 0.763245 0.508301
vt 0.763245 0.350525
vt 0.763245 0.308167
vt 0.833557 0.308167
vt 0.838348 0.408936
vt 0.763245 0.388306
vt 0.826874 0.384186
vt 0.763245 0.369995
vt 0.763245 0.358551
vt 0.835999 0.481415
vt 0.763245 0.481812
vt 0.835999 0.466705
vt 0.763245 0.465790
vt 0.838196 0.437012
vt 0.763245 0.439240
vt 0.763245 0.408936
vt 0.833557 0.508301
vt 0.269684 0.227325
vt 0.735809 0.476196
vt 0.667419 0.506683
vt 0.736542 0.506683
vt 0.660126 0.427887
vt 0.683594 0.427887
vt 0.683594 0.439972
vt 0.735809 0.442993
vt 0.676239 0.461090
vt 0.737793 0.422852
vt 0.714844 0.422852
vt 0.683594 0.422852
vt 0.617096 0.506683
vt 0.574219 0.506683
vt 0.574219 0.461090
vt 0.729706 0.366638
vt 0.730469 0.405518
vt 0.714844 0.405518
vt 0.699219 0.378601
vt 0.699219 0.347229
vt 0.652344 0.378601
vt 0.574219 0.405518
vt 0.652344 0.405518
vt 0.675751 0.405518
vt 0.691376 0.405518
vt 0.749634 0.286682
vt 0.620544 0.461090
vt 0.574219 0.421875
vt 0.086121 0.227325
vt 0.009979 0.227325
vt 0.787750 0.040649
vt 0.736542 0.009979
vt 0.667419 0.011078
vt 0.617096 0.011078
vt 0.682770 0.047668
vt 0.653442 0.056488
vt 0.680359 0.112427
vt 0.688171 0.191559
vt 0.815918 0.101379
vt 0.574219 0.374115
vt 0.652344 0.347229
vt 0.574219 0.333771
vt 0.667969 0.297882
vt 0.574219 0.297882
vt 0.667969 0.269928
vt 0.574219 0.272430
vt 0.574219 0.026703
vt 0.960266 0.867584
vt 0.957458 0.810974
vt 0.989990 0.836975
vt 0.942108 0.919556
vt 0.989990 0.894073
vt 0.989990 0.931366
vt 0.989990 0.867584
vt 0.819061 0.947815
vt 0.914520 0.944855
vt 0.916687 0.970184
vt 0.965668 0.966248
vt 0.910431 0.809204
vt 0.902130 0.815613
vt 0.819061 0.823212
vt 0.853271 0.823212
vt 0.853271 0.947815
vt 0.211487 0.422668
vt 0.203125 0.499695
vt 0.150391 0.422668
vt 0.211975 0.336304
vt 0.277344 0.243744
vt 0.277344 0.326691
vt 0.500488 0.589020
vt 0.552673 0.685883
vt 0.504669 0.693634
vt 0.058594 0.319611
vt 0.009979 0.243744
vt 0.064423 0.243744
vt 0.417969 0.588104
vt 0.427063 0.666534
vt 0.192932 0.585815
vt 0.141815 0.592377
vt 0.146942 0.564026
vt 0.848877 0.259552
vt 0.848907 0.314972
vt 0.916382 0.314972
vt 0.916382 0.259460
vt 0.848907 0.259460
vt 0.916382 0.335754
vt 0.257812 0.450165
vt 0.916382 0.585632
vt 0.848938 0.585632
vt 0.848877 0.522095
vt 0.132812 0.499695
vt 0.117188 0.542114
vt 0.070312 0.436035
vt 0.082001 0.538574
vt 0.193268 0.557465
vt 0.218750 0.542114
vt 0.316376 0.425415
vt 0.219971 0.243744
vt 0.143982 0.336304
vt 0.156097 0.243744
vt 0.848846 0.427216
vt 0.848846 0.357330
vt 0.916382 0.355042
vt 0.425751 0.243744
vt 0.381042 0.304565
vt 0.379425 0.243744
vt 0.332001 0.319611
vt 0.337891 0.243744
vt 0.552673 0.595154
vt 0.498535 0.547852
vt 0.552673 0.538574
vt 0.496094 0.432495
vt 0.552673 0.432495
vt 0.496094 0.298401
vt 0.552673 0.312531
vt 0.009979 0.312531
vt 0.009979 0.432495
vt 0.009979 0.538574
vt 0.848938 0.335754
vt 0.848938 0.457733
vt 0.916382 0.457733
vt 0.848938 0.397552
vt 0.916382 0.397552
vt 0.363342 0.644897
vt 0.363892 0.594025
vt 0.416107 0.547852
vt 0.363892 0.550446
vt 0.417969 0.432495
vt 0.371094 0.425415
vt 0.425751 0.298401
vt 0.289062 0.676178
vt 0.289062 0.605774
vt 0.289062 0.563324
vt 0.916382 0.434021
vt 0.916382 0.539276
vt 0.848846 0.536499
vt 0.916382 0.617737
vt 0.848877 0.617737
vt 0.009979 0.595154
vt 0.105469 0.602234
vt 0.099609 0.327698
vt 0.109863 0.243744
vt 0.496094 0.243744
vt 0.552673 0.243744
vt 0.106903 0.705902
vt 0.149536 0.687866
vt 0.104431 0.771912
vt 0.009979 0.767700
vt 0.009979 0.685883
vt 0.511719 0.725830
vt 0.552673 0.764832
vt 0.106903 0.989990
vt 0.009979 0.989990
vt 0.009979 0.844513
vt 0.187500 0.619934
vt 0.196045 0.682037
vt 0.148438 0.626984
vt 0.207672 0.723969
vt 0.161163 0.746368
vt 0.552673 0.848816
vt 0.552673 0.989990
vt 0.511719 0.819427
vt 0.486725 0.989990
vt 0.449219 0.836365
vt 0.401459 0.989990
vt 0.395325 0.874695
vt 0.301971 0.989990
vt 0.309387 0.887970
vt 0.215424 0.989990
vt 0.214844 0.889557
vt 0.168915 0.989990
vt 0.167969 0.885376
vt 0.105469 0.870575
vt 0.289062 0.709442
vt 0.363251 0.692993
vt 0.425751 0.706390
vt 0.916382 0.522095
vt 0.916382 0.259552
vt 0.715393 0.804108
vt 0.740570 0.823212
vt 0.640137 0.827332
vt 0.647675 0.962372
vt 0.741791 0.948151
vt 0.880310 0.989990
vt 0.955231 0.989990
vt 0.615936 0.983185
vt 0.610199 0.823181
vt 0.580658 0.984528
vt 0.582458 0.822144
vt 0.750916 0.979462
vt 0.909271 0.802551
vt 0.914917 0.790039
vt 0.957916 0.790039
vt 0.989990 0.809692
vt 0.825470 0.790039
vt 0.824951 0.989990
vt 0.716400 0.989990
vt 0.989990 0.989990
vt 0.989990 0.967010
vt 0.886047 0.977936
vt 0.964874 0.989990
vt 0.970337 0.977936
vt 0.986969 0.986542
vt 0.737640 0.977936
vt 0.737640 0.989990
vt 0.832458 0.977936
vt 0.825806 0.989990
vt 0.867554 0.989990
vt 0.707397 0.790039
vt 0.989990 0.790039
vt 0.825470 0.786987
vt 0.927124 0.429626
vt 0.895111 0.346405
vt 0.927124 0.346405
vt 0.895111 0.429626
vt 0.916382 0.262451
vt 0.848877 0.262451
vt 0.574219 0.194031
vt 0.574219 0.123932
vt 0.574219 0.056854
vt 0.927124 0.382996
vt 0.895111 0.382996
vt 0.927124 0.341492
vt 0.895111 0.341492
vt 0.927124 0.477814
vt 0.895111 0.477814
vt 0.927124 0.589386
vt 0.895111 0.589386
vt 0.927124 0.652924
vt 0.895111 0.652924
s 1
usemtl m_body142
f 1381/488/1066 1382/489/1067 1383/490/1068
f 1384/491/1069 1385/492/1070 1386/493/1071
f 1387/494/1072 1388/495/1073 1389/496/1074
f 1390/497/1075 1391/494/1072 1389/496/1076
f 1392/498/1077 1393/490/1078 1394/499/1079
f 1395/500/1080 1396/501/1081 1397/502/1082
f 1398/503/1083 1399/504/1084 1400/505/1085
f 1401/498/1086 1402/506/1087 1403/490/1088
f 1403/490/1088 1402/506/1087 1404/507/1089
f 1403/490/1088 1404/507/1089 1381/488/1090
f 1405/508/1091 1406/509/1066 1407/510/1092
f 1408/489/1067 1409/488/1066 1410/511/1093
f 1410/511/1093 1409/488/1066 1411/512/1094
f 1410/511/1093 1411/512/1094 1412/513/1095
f 1412/513/1095 1411/512/1094 1413/514/1085
f 1412/513/1095 1413/514/1085 1414/515/1096
f 1415/497/1075 1416/516/1097 1417/494/1098
f 1417/494/1098 1416/516/1097 1418/517/1099
f 1417/494/1098 1418/517/1099 1419/518/1100
f 1419/518/1100 1418/517/1099 1420/519/1101
f 1419/518/1100 1420/519/1101 1421/502/1102
f 1421/502/1102 1420/519/1101 1422/520/1103
f 1421/502/1102 1422/520/1103 1423/521/1104
f 1423/521/1104 1422/520/1103 1424/522/1105
f 1423/521/1104 1424/522/1105 1425/520/1106
f 1426/523/1107 1427/524/1108 1428/525/1109
f 1428/525/1109 1427/524/1108 1429/500/1110
f 1428/525/1109 1429/500/1110 1430/518/1111
f 1430/518/1111 1429/500/1110 1431/502/1112
f 1430/518/1111 1431/502/1112 1432/519/1113
f 1433/526/1114 1434/527/1115 1435/528/1116
f 1435/528/1116 1434/527/1115 1436/529/1117
f 1435/528/1116 1436/529/1117 1386/493/1071
f 1386/493/1071 1436/529/1117 1437/530/1118
f 1386/493/1071 1437/530/1118 1438/491/1119
f 1439/515/1120 1440/503/1121 1441/513/1095
f 1441/513/1095 1440/503/1121 1442/505/1085
f 1441/513/1095 1442/505/1085 1443/511/1122
f 1443/511/1122 1442/505/1085 1444/531/1123
f 1443/511/1122 1444/531/1123 1382/489/1067
f 1382/489/1067 1444/531/1123 1445/532/1124
f 1382/489/1067 1445/532/1124 1383/490/1068
f 1383/490/1068 1445/532/1124 1446/533/1125
f 1383/490/1068 1446/533/1125 1447/499/1126
f 1385/492/1070 1384/491/1069 1448/534/1087
f 1448/534/1087 1384/491/1069 1449/535/1127
f 1448/534/1087 1449/535/1127 1450/536/1128
f 1450/536/1128 1449/535/1127 1451/537/1129
f 1450/536/1128 1451/537/1129 1452/509/1090
f 1452/509/1090 1451/537/1129 1453/538/1130
f 1452/509/1090 1453/538/1130 1454/510/1092
f 1388/495/1073 1387/494/1072 1455/525/1131
f 1455/525/1131 1387/494/1072 1456/518/1132
f 1455/525/1131 1456/518/1132 1457/500/1133
f 1457/500/1133 1456/518/1132 1458/502/1134
f 1457/500/1133 1458/502/1134 1459/501/1081
f 1459/501/1081 1458/502/1134 1460/521/1135
f 1459/501/1081 1460/521/1135 1461/502/1136
f 1461/502/1136 1460/521/1135 1425/520/1114
f 1461/502/1136 1425/520/1114 1462/519/1137
f 1463/539/1138 1464/540/1084 1465/541/1083
f 1466/542/1139 1467/543/1140 1468/544/1141
f 1468/544/1141 1467/543/1140 1469/545/1142
f 1464/540/1143 1470/539/1144 1471/546/1145
f 1472/508/1146 1473/547/1147 1474/509/1142
f 1475/542/1139 1476/548/1148 1477/543/1149
f 1477/543/1149 1476/548/1148 1478/549/1150
f 1477/543/1149 1478/549/1150 1479/550/1151
f 1480/551/1152 1481/552/1153 1482/553/1097
f 1482/553/1097 1481/552/1153 1483/554/1154
f 1482/553/1097 1483/554/1154 1484/555/1155
f 1484/555/1155 1483/554/1154 1485/556/1156
f 1486/550/1157 1471/546/1158 1487/543/1159
f 1487/543/1159 1471/546/1158 1463/539/1138
f 1487/543/1159 1463/539/1138 1488/545/1160
f 1488/545/1160 1463/539/1138 1465/541/1083
f 1488/545/1160 1465/541/1083 1489/557/1096
f 1490/528/1161 1491/527/1162 1492/526/1103
f 1492/526/1103 1491/527/1162 1493/558/1163
f 1492/526/1103 1493/558/1163 1494/559/1164
f 1494/559/1164 1493/558/1163 1495/560/1165
f 1494/559/1164 1495/560/1165 1496/526/1106
f 1496/526/1106 1495/560/1165 1497/558/1166
f 1496/526/1106 1497/558/1166 1498/527/1115
f 1499/510/1092 1500/547/1167 1501/508/1094
f 1501/508/1094 1500/547/1167 1502/561/1168
f 1501/508/1094 1502/561/1168 1503/562/1085
f 1503/562/1085 1502/561/1168 1504/563/1169
f 1503/562/1085 1504/563/1169 1472/508/1096
f 1472/508/1096 1504/563/1169 1505/561/1170
f 1472/508/1096 1505/561/1170 1506/547/1171
f 1473/547/1147 1507/510/1172 1474/509/1142
f 1474/509/1142 1507/510/1172 1508/538/1173
f 1474/509/1142 1508/538/1173 1509/536/1141
f 1509/536/1141 1508/538/1173 1510/537/1174
f 1509/536/1141 1510/537/1174 1511/534/1175
f 1511/534/1175 1510/537/1174 1512/535/1176
f 1511/534/1175 1512/535/1176 1513/492/1097
f 1513/492/1097 1512/535/1176 1514/491/1177
f 1513/492/1097 1514/491/1177 1515/493/1178
f 1515/493/1178 1514/491/1177 1516/530/1179
f 1515/493/1178 1516/530/1179 1517/528/1101
f 1517/528/1101 1516/530/1179 1518/529/1180
f 1517/528/1101 1518/529/1180 1519/527/1162
f 1520/564/1181 1521/565/1182 1522/566/1183
f 1523/567/1184 1524/568/1168 1525/564/1185
f 1526/569/1163 1527/570/1186 1528/571/1187
f 1520/564/1181 1522/566/1183 1529/572/1188
f 1530/572/1189 1531/566/1190 1525/564/1185
f 1525/564/1185 1531/566/1190 1532/565/1191
f 1525/564/1185 1532/565/1191 1523/567/1184
f 1521/565/1182 1520/564/1181 1533/567/1192
f 1533/567/1192 1520/564/1181 1534/568/1193
f 1533/567/1192 1534/568/1193 1535/573/1194
f 1524/568/1168 1523/567/1184 1535/573/1169
f 1535/573/1169 1523/567/1184 1536/574/1195
f 1535/573/1169 1536/574/1195 1537/567/1196
f 1538/575/1197 1539/576/1176 1540/577/1198
f 1540/577/1198 1539/576/1176 1541/578/1174
f 1540/577/1198 1541/578/1174 1522/566/1183
f 1522/566/1183 1541/578/1174 1542/579/1173
f 1522/566/1183 1542/579/1173 1529/572/1188
f 1543/572/1092 1544/579/1130 1545/566/1199
f 1545/566/1199 1544/579/1130 1546/578/1129
f 1545/566/1199 1546/578/1129 1547/577/1200
f 1547/577/1200 1546/578/1129 1548/576/1127
f 1547/577/1200 1548/576/1127 1549/575/1201
f 1550/570/1186 1526/569/1202 1551/580/1203
f 1551/580/1203 1526/569/1202 1552/581/1162
f 1551/580/1203 1552/581/1162 1553/582/1204
f 1553/582/1204 1552/581/1162 1554/583/1205
f 1553/582/1204 1554/583/1205 1555/584/1206
f 1555/584/1206 1554/583/1205 1556/585/1179
f 1555/584/1206 1556/585/1179 1557/575/1197
f 1557/575/1197 1556/585/1179 1558/586/1207
f 1557/575/1197 1558/586/1207 1559/576/1176
f 1527/570/1186 1560/587/1208 1528/571/1187
f 1528/571/1187 1560/587/1208 1561/570/1209
f 1528/571/1187 1561/570/1209 1562/569/1166
f 1562/569/1166 1561/570/1209 1563/580/1210
f 1562/569/1166 1563/580/1210 1564/581/1115
f 1564/581/1115 1563/580/1210 1565/582/1211
f 1564/581/1115 1565/582/1211 1566/583/1212
f 1566/583/1212 1565/582/1211 1567/584/1213
f 1566/583/1212 1567/584/1213 1568/585/1118
f 1568/585/1118 1567/584/1213 1549/575/1201
f 1568/585/1118 1549/575/1201 1569/586/1214
f 1569/586/1214 1549/575/1201 1548/576/1127
f 1570/517/1071 1571/516/1070 1572/494/1215
f 1572/494/1215 1571/516/1070 1573/497/1216
f 1572/494/1215 1573/497/1216 1574/496/1217
f 1575/551/1218 1576/553/1070 1577/552/1219
f 1577/552/1219 1576/553/1070 1578/555/1220
f 1577/552/1219 1578/555/1220 1579/554/1221
f 1579/554/1221 1578/555/1220 1580/556/1222
f 1581/588/1223 1582/523/1224 1583/495/1225
f 1583/495/1225 1582/523/1224 1584/525/1226
f 1583/495/1225 1584/525/1226 1585/494/1227
f 1585/494/1227 1584/525/1226 1586/518/1228
f 1585/494/1227 1586/518/1228 1587/517/1229
f 1587/517/1229 1586/518/1228 1588/519/1116
f 1589/589/1230 1590/590/1231 1591/591/1232
f 1592/592/1233 1593/593/1234 1594/594/1235
f 1595/595/1236 1596/589/1237 1597/596/1238
f 1598/597/1239 1599/594/1240 1600/598/1241
f 1600/598/1241 1599/594/1240 1593/593/1242
f 1600/598/1241 1593/593/1242 1601/599/1243
f 1602/600/1244 1603/601/1245 1604/602/1246
f 1605/590/1231 1606/589/1247 1607/596/1248
f 1607/596/1248 1606/589/1247 1608/595/1249
f 1607/596/1248 1608/595/1249 1609/594/1250
f 1609/594/1250 1608/595/1249 1610/597/1251
f 1609/594/1250 1610/597/1251 1611/598/1252
f 1612/603/1253 1613/604/1254 1614/605/1255
f 1614/605/1255 1613/604/1254 1615/603/1256
f 1614/605/1255 1615/603/1256 1616/606/1257
f 1616/606/1257 1615/603/1256 1617/607/1258
f 1616/606/1257 1617/607/1258 1618/608/1259
f 1619/609/1260 1620/610/1261 1621/608/1259
f 1621/608/1259 1620/610/1261 1622/611/1262
f 1621/608/1259 1622/611/1262 1623/606/1257
f 1623/606/1257 1622/611/1262 1624/612/1263
f 1623/606/1257 1624/612/1263 1625/605/1264
f 1625/605/1264 1624/612/1263 1626/606/1265
f 1625/605/1264 1626/606/1265 1627/603/1253
f 1627/603/1253 1626/606/1265 1628/607/1266
f 1627/603/1253 1628/607/1266 1629/613/1267
f 1630/597/1268 1631/595/1269 1594/594/1235
f 1594/594/1235 1631/595/1269 1597/596/1238
f 1594/594/1235 1597/596/1238 1592/592/1233
f 1592/592/1233 1597/596/1238 1632/614/1270
f 1592/592/1233 1632/614/1270 1633/615/1271
f 1633/615/1271 1632/614/1270 1634/602/1272
f 1635/524/1273 1636/616/1274 1637/500/1110
f 1637/500/1110 1636/616/1274 1638/617/1275
f 1637/500/1110 1638/617/1275 1639/501/1081
f 1639/501/1081 1638/617/1275 1640/616/1276
f 1639/501/1081 1640/616/1276 1641/500/1133
f 1641/500/1133 1640/616/1276 1642/524/1277
f 1641/500/1133 1642/524/1277 1643/525/1278
f 1643/525/1278 1642/524/1277 1644/523/1279
f 1643/525/1278 1644/523/1279 1645/495/1280
f 1645/495/1280 1644/523/1279 1646/588/1281
f 1645/495/1280 1646/588/1281 1647/496/1282
f 1648/618/1283 1649/551/1152 1650/619/1284
f 1651/600/1285 1652/590/1231 1653/596/1286
f 1654/613/1287 1655/607/1288 1656/603/1289
f 1657/592/1290 1658/615/1291 1659/614/1292
f 1659/614/1292 1658/615/1291 1660/602/1293
f 1661/620/1231 1662/621/1294 1663/622/1295
f 1663/622/1295 1662/621/1294 1664/623/1296
f 1663/622/1295 1664/623/1296 1665/624/1297
f 1666/625/1298 1667/626/1299 1668/624/1297
f 1668/624/1297 1667/626/1299 1669/618/1283
f 1668/624/1297 1669/618/1283 1670/622/1295
f 1670/622/1295 1669/618/1283 1671/619/1300
f 1670/622/1295 1671/619/1300 1672/620/1231
f 1673/627/1301 1674/628/1302 1675/629/1303
f 1675/629/1303 1674/628/1302 1676/630/1304
f 1675/629/1303 1676/630/1304 1677/631/1305
f 1677/631/1305 1676/630/1304 1678/632/1306
f 1677/631/1305 1678/632/1306 1679/633/1307
f 1679/633/1307 1678/632/1306 1680/625/1308
f 1681/602/1293 1682/600/1285 1683/614/1309
f 1683/614/1309 1682/600/1285 1653/596/1286
f 1683/614/1309 1653/596/1286 1684/592/1310
f 1684/592/1310 1653/596/1286 1685/594/1250
f 1684/592/1310 1685/594/1250 1686/593/1311
f 1686/593/1311 1685/594/1250 1687/598/1312
f 1686/593/1311 1687/598/1312 1688/599/1243
f 1649/551/1152 1648/618/1283 1689/552/1313
f 1689/552/1313 1648/618/1283 1690/626/1299
f 1689/552/1313 1690/626/1299 1691/554/1154
f 1691/554/1154 1690/626/1299 1692/625/1308
f 1691/554/1154 1692/625/1308 1693/556/1156
f 1693/556/1156 1692/625/1308 1694/632/1306
f 1693/556/1156 1694/632/1306 1654/613/1287
f 1654/613/1287 1694/632/1306 1695/630/1304
f 1654/613/1287 1695/630/1304 1655/607/1288
f 1655/607/1288 1695/630/1304 1696/628/1302
f 1655/607/1288 1696/628/1302 1697/608/1259
f 1697/608/1259 1696/628/1302 1698/627/1314
f 1697/608/1259 1698/627/1314 1699/609/1260
f 1700/496/1315 1701/495/1225 1702/494/1316
f 1703/611/1234 1704/606/1265 1705/612/1263
f 1706/629/1317 1707/628/1318 1708/627/1319
f 1701/495/1225 1700/496/1315 1709/588/1223
f 1710/607/1320 1711/606/1265 1712/608/1321
f 1711/606/1265 1713/611/1242 1712/608/1321
f 1712/608/1321 1713/611/1242 1714/610/1322
f 1712/608/1321 1714/610/1322 1715/609/1323
f 1716/620/1324 1717/622/1325 1718/621/1244
f 1718/621/1244 1717/622/1325 1719/623/1326
f 1718/621/1244 1719/623/1326 1720/634/1327
f 1721/602/1246 1722/614/1270 1723/600/1328
f 1723/600/1328 1722/614/1270 1724/596/1329
f 1723/600/1328 1724/596/1329 1725/590/1324
f 1725/590/1324 1724/596/1329 1726/589/1237
f 1725/590/1324 1726/589/1237 1727/591/1330
f 1728/628/1331 1729/629/1332 1730/630/1333
f 1730/630/1333 1729/629/1332 1731/631/1334
f 1730/630/1333 1731/631/1334 1732/632/1335
f 1732/632/1335 1731/631/1334 1733/633/1336
f 1732/632/1335 1733/633/1336 1734/625/1337
f 1735/620/1324 1736/619/1338 1737/622/1339
f 1737/622/1339 1736/619/1338 1738/618/1340
f 1737/622/1339 1738/618/1340 1739/624/1341
f 1739/624/1341 1738/618/1340 1740/626/1342
f 1739/624/1341 1740/626/1342 1734/625/1337
f 1741/619/1338 1742/551/1218 1743/618/1340
f 1743/618/1340 1742/551/1218 1744/552/1343
f 1743/618/1340 1744/552/1343 1740/626/1342
f 1740/626/1342 1744/552/1343 1745/554/1344
f 1740/626/1342 1745/554/1344 1734/625/1337
f 1734/625/1337 1745/554/1344 1746/556/1222
f 1734/625/1337 1746/556/1222 1747/632/1345
f 1747/632/1345 1746/556/1222 1748/613/1346
f 1747/632/1345 1748/613/1346 1749/630/1333
f 1749/630/1333 1748/613/1346 1710/607/1320
f 1749/630/1333 1710/607/1320 1750/628/1347
f 1750/628/1347 1710/607/1320 1712/608/1321
f 1750/628/1347 1712/608/1321 1751/627/1348
f 1751/627/1348 1712/608/1321 1715/609/1323
f 1752/635/1349 1753/636/1350 1754/637/1351
f 1755/638/1352 1756/639/1353 1757/640/1354
f 1758/637/1355 1759/641/1356 1760/635/1357
f 1761/642/1358 1762/643/1359 1763/644/1360
f 1763/644/1360 1762/643/1359 1764/638/1361
f 1763/644/1360 1764/638/1361 1765/645/1362
f 1765/645/1362 1764/638/1361 1766/640/1355
f 1767/636/1350 1760/635/1357 1768/646/1363
f 1768/646/1363 1760/635/1357 1769/647/1364
f 1768/646/1363 1769/647/1364 1770/648/1365
f 1770/648/1365 1769/647/1364 1771/649/1366
f 1770/648/1365 1771/649/1366 1772/642/1367
f 1772/642/1367 1771/649/1366 1773/650/1368
f 1772/642/1367 1773/650/1368 1774/643/1359
f 1775/651/1369 1776/652/1370 1777/653/1371
f 1778/654/1372 1779/655/1373 1780/656/1374
f 1781/657/1375 1782/658/1376 1783/659/1377
f 1784/660/1378 1785/661/1379 1786/662/1380
f 1787/663/1381 1783/659/1377 1788/664/1382
f 1789/665/1383 1790/666/1384 1791/667/1385
f 1792/668/1380 1793/669/1386 1794/670/1260
f 1795/671/1291 1796/672/1387 1797/673/1293
f 1776/652/1370 1775/651/1369 1798/674/1388
f 1799/675/1389 1800/676/1390 1801/677/1391
f 1802/678/1392 1803/679/1393 1804/680/1394
f 1804/680/1394 1803/679/1393 1805/681/1395
f 1806/682/1396 1776/652/1370 1807/683/1397
f 1807/683/1397 1776/652/1370 1798/674/1388
f 1807/683/1397 1798/674/1388 1808/684/1398
f 1809/655/1373 1810/654/1399 1811/685/1400
f 1811/685/1400 1810/654/1399 1812/686/1401
f 1811/685/1400 1812/686/1401 1813/687/1402
f 1814/688/1402 1815/689/1403 1816/690/1404
f 1817/691/1405 1818/692/1406 1819/693/1407
f 1819/693/1407 1818/692/1406 1820/694/1408
f 1819/693/1407 1820/694/1408 1821/695/1391
f 1822/658/1409 1823/657/1410 1824/696/1411
f 1824/696/1411 1823/657/1410 1825/697/1412
f 1824/696/1411 1825/697/1412 1826/698/1413
f 1826/698/1413 1825/697/1412 1827/699/1414
f 1826/698/1413 1827/699/1414 1828/700/1415
f 1828/700/1415 1827/699/1414 1829/701/1416
f 1828/700/1415 1829/701/1416 1830/702/1417
f 1831/661/1379 1832/660/1378 1833/703/1417
f 1833/703/1417 1832/660/1378 1804/680/1394
f 1833/703/1417 1804/680/1394 1834/704/1418
f 1834/704/1418 1804/680/1394 1805/681/1395
f 1834/704/1418 1805/681/1395 1835/705/1413
f 1836/672/1419 1837/706/1420 1797/673/1421
f 1797/673/1421 1837/706/1420 1838/707/1422
f 1797/673/1421 1838/707/1422 1839/708/1423
f 1839/708/1423 1838/707/1422 1840/709/1424
f 1839/708/1423 1840/709/1424 1841/710/1425
f 1842/664/1426 1843/711/1427 1844/663/1381
f 1844/663/1381 1843/711/1427 1845/712/1428
f 1844/663/1381 1845/712/1428 1846/713/1429
f 1846/713/1429 1845/712/1428 1847/714/1430
f 1846/713/1429 1847/714/1430 1848/715/1431
f 1848/715/1431 1847/714/1430 1849/716/1432
f 1848/715/1431 1849/716/1432 1850/717/1433
f 1851/711/1427 1852/718/1434 1845/712/1428
f 1845/712/1428 1852/718/1434 1853/719/1435
f 1845/712/1428 1853/719/1435 1847/714/1430
f 1847/714/1430 1853/719/1435 1854/720/1436
f 1847/714/1430 1854/720/1436 1849/716/1432
f 1816/690/1404 1855/721/1437 1856/688/1402
f 1856/688/1402 1855/721/1437 1857/722/1438
f 1856/688/1402 1857/722/1438 1858/723/1439
f 1858/723/1439 1857/722/1438 1859/724/1440
f 1858/723/1439 1859/724/1440 1860/725/1441
f 1861/726/1411 1862/705/1413 1863/727/1442
f 1863/727/1442 1862/705/1413 1864/681/1443
f 1863/727/1442 1864/681/1443 1865/666/1384
f 1865/666/1384 1864/681/1443 1866/679/1393
f 1865/666/1384 1866/679/1393 1867/667/1385
f 1867/667/1385 1866/679/1393 1868/678/1444
f 1869/659/1377 1870/663/1445 1871/657/1446
f 1871/657/1446 1870/663/1445 1846/713/1429
f 1871/657/1446 1846/713/1429 1825/697/1412
f 1825/697/1412 1846/713/1429 1848/715/1431
f 1825/697/1412 1848/715/1431 1827/699/1414
f 1827/699/1414 1848/715/1431 1850/717/1433
f 1827/699/1414 1850/717/1433 1829/701/1416
f 1872/692/1406 1873/684/1398 1874/694/1408
f 1874/694/1408 1873/684/1398 1798/674/1388
f 1874/694/1408 1798/674/1388 1875/656/1374
f 1875/656/1374 1798/674/1388 1775/651/1369
f 1875/656/1374 1775/651/1369 1876/654/1372
f 1876/654/1372 1775/651/1369 1877/653/1447
f 1876/654/1372 1877/653/1447 1812/686/1401
f 1812/686/1401 1877/653/1447 1878/728/1448
f 1812/686/1401 1878/728/1448 1813/687/1402
f 1813/687/1402 1878/728/1448 1879/729/1403
f 1880/660/1449 1881/728/1448 1804/680/1394
f 1804/680/1394 1881/728/1448 1777/653/1371
f 1804/680/1394 1777/653/1371 1802/678/1392
f 1802/678/1392 1777/653/1371 1776/652/1370
f 1802/678/1392 1776/652/1370 1882/667/1450
f 1882/667/1450 1776/652/1370 1806/682/1396
f 1882/667/1450 1806/682/1396 1883/665/1383
f 1883/665/1383 1806/682/1396 1807/683/1397
f 1883/665/1383 1807/683/1397 1884/720/1451
f 1884/720/1451 1807/683/1397 1808/684/1398
f 1884/720/1451 1808/684/1398 1885/716/1452
f 1885/716/1452 1808/684/1398 1886/692/1453
f 1885/716/1452 1886/692/1453 1887/717/1433
f 1887/717/1433 1886/692/1453 1888/691/1422
f 1887/717/1433 1888/691/1422 1889/701/1416
f 1889/701/1416 1888/691/1422 1890/730/1454
f 1889/701/1416 1890/730/1454 1891/702/1455
f 1891/702/1455 1890/730/1454 1892/731/1456
f 1893/732/1457 1894/727/1442 1895/733/1458
f 1896/734/1459 1897/735/1460 1898/736/1461
f 1899/737/1462 1900/658/1409 1901/738/1463
f 1902/739/1464 1903/740/1349 1904/741/1465
f 1905/666/1384 1906/665/1466 1907/742/1467
f 1908/718/1468 1909/743/1469 1907/742/1467
f 1907/742/1467 1909/743/1469 1910/744/1470
f 1907/742/1467 1910/744/1470 1905/666/1384
f 1906/665/1466 1911/720/1451 1907/742/1467
f 1907/742/1467 1911/720/1451 1912/719/1471
f 1907/742/1467 1912/719/1471 1908/718/1468
f 1894/727/1442 1893/732/1457 1913/726/1472
f 1914/745/1473 1915/746/1474 1895/733/1458
f 1895/733/1458 1915/746/1474 1896/734/1459
f 1895/733/1458 1896/734/1459 1893/732/1457
f 1893/732/1457 1896/734/1459 1898/736/1461
f 1893/732/1457 1898/736/1461 1913/726/1472
f 1916/747/1475 1917/748/1476 1918/749/1477
f 1918/749/1477 1917/748/1476 1919/750/1356
f 1918/749/1477 1919/750/1356 1920/751/1478
f 1920/751/1478 1919/750/1356 1921/752/1479
f 1920/751/1478 1921/752/1479 1922/753/1480
f 1922/753/1480 1921/752/1479 1923/754/1359
f 1922/753/1480 1923/754/1359 1924/755/1481
f 1924/755/1481 1923/754/1359 1925/756/1482
f 1924/755/1481 1925/756/1482 1926/757/1483
f 1926/757/1483 1925/756/1482 1927/758/1366
f 1926/757/1483 1927/758/1366 1928/759/1484
f 1928/759/1484 1927/758/1366 1902/739/1464
f 1928/759/1484 1902/739/1464 1929/760/1485
f 1929/760/1485 1902/739/1464 1904/741/1465
f 1929/760/1485 1904/741/1465 1897/735/1460
f 1897/735/1460 1896/734/1459 1929/760/1485
f 1929/760/1485 1896/734/1459 1915/746/1474
f 1929/760/1485 1915/746/1474 1928/759/1484
f 1928/759/1484 1915/746/1474 1914/745/1473
f 1928/759/1484 1914/745/1473 1926/757/1483
f 1926/757/1483 1914/745/1473 1930/761/1486
f 1926/757/1483 1930/761/1486 1924/755/1481
f 1924/755/1481 1930/761/1486 1931/762/1487
f 1924/755/1481 1931/762/1487 1922/753/1480
f 1922/753/1480 1931/762/1487 1932/763/1488
f 1922/753/1480 1932/763/1488 1920/751/1478
f 1920/751/1478 1932/763/1488 1899/737/1462
f 1920/751/1478 1899/737/1462 1918/749/1477
f 1918/749/1477 1899/737/1462 1901/738/1463
f 1918/749/1477 1901/738/1463 1916/747/1475
f 1900/658/1409 1899/737/1462 1933/659/1377
f 1933/659/1377 1899/737/1462 1932/763/1488
f 1933/659/1377 1932/763/1488 1934/664/1382
f 1934/664/1382 1932/763/1488 1931/762/1487
f 1934/664/1382 1931/762/1487 1935/711/1489
f 1935/711/1489 1931/762/1487 1930/761/1486
f 1935/711/1489 1930/761/1486 1908/718/1468
f 1908/718/1468 1930/761/1486 1914/745/1473
f 1908/718/1468 1914/745/1473 1909/743/1469
f 1909/743/1469 1914/745/1473 1895/733/1458
f 1909/743/1469 1895/733/1458 1910/744/1470
f 1910/744/1470 1895/733/1458 1894/727/1442
f 1910/744/1470 1894/727/1442 1905/666/1384
f 1936/638/1490 1937/645/1491 1938/640/1492
f 1939/640/1493 1940/639/1494 1941/638/1495
f 1942/635/1496 1943/641/1497 1944/637/1492
f 1945/645/1498 1941/638/1490 1946/644/1499
f 1946/644/1499 1941/638/1490 1947/643/1500
f 1946/644/1499 1947/643/1500 1948/642/1501
f 1949/643/1502 1950/650/1503 1951/642/1501
f 1951/642/1501 1950/650/1503 1952/649/1504
f 1951/642/1501 1952/649/1504 1953/648/1505
f 1953/648/1505 1952/649/1504 1954/647/1506
f 1953/648/1505 1954/647/1506 1955/646/1507
f 1955/646/1507 1954/647/1506 1956/635/1508
f 1955/646/1507 1956/635/1508 1957/636/1509
f 1957/636/1509 1956/635/1508 1944/637/1492
f 1958/674/1510 1959/683/1511 1960/684/1512
f 1961/679/1513 1962/678/1514 1963/680/1515
f 1964/707/1516 1965/710/1517 1966/709/1518
f 1967/701/1519 1968/700/1520 1969/702/1521
f 1970/699/1522 1971/698/1523 1968/700/1520
f 1972/728/1524 1973/687/1525 1974/729/1526
f 1975/680/1527 1976/728/1528 1977/660/1529
f 1959/683/1511 1978/652/1530 1979/682/1531
f 1980/727/1532 1981/666/1533 1982/681/1534
f 1982/681/1534 1981/666/1533 1983/679/1513
f 1982/681/1534 1983/679/1513 1984/680/1527
f 1959/683/1511 1958/674/1510 1978/652/1530
f 1978/652/1530 1958/674/1510 1985/651/1535
f 1978/652/1530 1985/651/1535 1986/653/1536
f 1987/675/1537 1988/764/1538 1989/676/1539
f 1989/676/1539 1988/764/1538 1990/677/1540
f 1991/678/1541 1961/679/1513 1992/667/1542
f 1992/667/1542 1961/679/1513 1993/666/1533
f 1992/667/1542 1993/666/1533 1994/665/1543
f 1995/656/1544 1996/655/1545 1997/654/1546
f 1997/654/1546 1996/655/1545 1998/685/1547
f 1997/654/1546 1998/685/1547 1999/686/1548
f 1999/686/1548 1998/685/1547 2000/687/1525
f 2001/689/1549 2002/688/1525 2003/721/1550
f 2003/721/1550 2002/688/1525 2004/723/1551
f 2003/721/1550 2004/723/1551 2005/722/1552
f 2005/722/1552 2004/723/1551 2006/725/1545
f 2007/670/1323 2008/669/1553 2009/765/1554
f 2009/765/1554 2008/669/1553 2010/668/1555
f 2011/695/1540 2012/694/1556 2013/693/1539
f 2013/693/1539 2012/694/1556 2014/692/1557
f 2013/693/1539 2014/692/1557 2015/691/1516
f 1965/710/1517 1964/707/1516 2016/708/1245
f 2016/708/1245 1964/707/1516 2017/706/1558
f 2016/708/1245 2017/706/1558 2018/673/1246
f 2018/673/1246 2017/706/1558 2019/672/1559
f 2018/673/1246 2019/672/1559 2020/671/1271
f 1968/700/1520 1967/701/1519 1970/699/1522
f 1970/699/1522 1967/701/1519 2021/717/1560
f 1970/699/1522 2021/717/1560 2022/715/1561
f 2022/715/1561 2021/717/1560 2023/716/1562
f 2022/715/1561 2023/716/1562 2024/714/1563
f 2024/714/1563 2023/716/1562 2025/720/1564
f 2024/714/1563 2025/720/1564 2026/719/1565
f 2027/726/1566 2028/727/1567 2029/705/1523
f 2029/705/1523 2028/727/1567 2030/681/1568
f 2029/705/1523 2030/681/1568 2031/704/1520
f 2031/704/1520 2030/681/1568 1984/680/1569
f 2031/704/1520 1984/680/1569 2032/703/1570
f 2032/703/1570 1984/680/1569 2033/660/1571
f 2032/703/1570 2033/660/1571 2034/661/1572
f 2034/661/1572 2033/660/1571 2035/662/1573
f 2036/711/1574 2037/664/1575 2038/663/1576
f 2038/663/1576 2037/664/1575 2039/659/1577
f 2038/663/1576 2039/659/1577 2040/657/1578
f 2040/657/1578 2039/659/1577 2041/658/1579
f 2040/657/1578 2041/658/1579 2042/696/1580
f 2043/718/1581 2044/711/1574 2045/712/1582
f 2045/712/1582 2044/711/1574 2046/663/1583
f 2045/712/1582 2046/663/1583 2047/713/1584
f 2047/713/1584 2046/663/1583 2048/657/1585
f 2047/713/1584 2048/657/1585 2049/697/1586
f 2049/697/1586 2048/657/1585 2042/696/1580
f 2049/697/1586 2042/696/1580 2050/698/1587
f 1971/698/1523 1970/699/1522 2051/697/1588
f 2051/697/1588 1970/699/1522 2022/715/1561
f 2051/697/1588 2022/715/1561 2052/713/1584
f 2052/713/1584 2022/715/1561 2024/714/1563
f 2052/713/1584 2024/714/1563 2053/712/1589
f 2053/712/1589 2024/714/1563 2026/719/1565
f 2053/712/1589 2026/719/1565 2054/718/1590
f 2000/687/1525 2055/728/1591 1999/686/1548
f 1999/686/1548 2055/728/1591 2056/653/1592
f 1999/686/1548 2056/653/1592 2057/654/1546
f 2057/654/1546 2056/653/1592 1985/651/1535
f 2057/654/1546 1985/651/1535 2058/656/1544
f 2058/656/1544 1985/651/1535 1958/674/1510
f 2058/656/1544 1958/674/1510 2059/694/1556
f 2059/694/1556 1958/674/1510 1960/684/1512
f 2059/694/1556 1960/684/1512 2014/692/1557
f 2060/728/1591 1963/680/1515 1986/653/1536
f 1986/653/1536 1963/680/1515 1962/678/1514
f 1986/653/1536 1962/678/1514 1978/652/1530
f 1978/652/1530 1962/678/1514 2061/667/1593
f 1978/652/1530 2061/667/1593 1979/682/1531
f 1979/682/1531 2061/667/1593 1994/665/1594
f 1979/682/1531 1994/665/1594 1959/683/1511
f 1959/683/1511 1994/665/1594 2025/720/1564
f 1959/683/1511 2025/720/1564 1960/684/1512
f 1960/684/1512 2025/720/1564 2023/716/1562
f 1960/684/1512 2023/716/1562 2014/692/1557
f 2014/692/1557 2023/716/1562 2021/717/1560
f 2014/692/1557 2021/717/1560 2015/691/1516
f 2015/691/1516 2021/717/1560 1967/701/1519
f 2015/691/1516 1967/701/1519 2062/730/1558
f 2062/730/1558 1967/701/1519 1969/702/1521
f 2062/730/1558 1969/702/1521 2063/731/1595
f 2064/732/1596 2065/727/1532 2066/726/1597
f 2067/666/1533 2068/744/1598 2069/742/1599
f 2070/741/1600 2071/740/1496 2072/739/1601
f 2065/727/1532 2064/732/1596 2073/733/1602
f 2068/744/1598 2074/743/1603 2069/742/1599
f 2069/742/1599 2074/743/1603 2075/718/1604
f 2069/742/1599 2075/718/1604 2076/719/1605
f 2076/719/1605 2077/720/1606 2069/742/1599
f 2069/742/1599 2077/720/1606 2078/665/1607
f 2069/742/1599 2078/665/1607 2067/666/1533
f 2066/726/1597 2079/736/1608 2064/732/1596
f 2064/732/1596 2079/736/1608 2080/734/1609
f 2064/732/1596 2080/734/1609 2073/733/1602
f 2073/733/1602 2080/734/1609 2081/746/1610
f 2073/733/1602 2081/746/1610 2082/745/1611
f 2079/736/1608 2083/735/1612 2080/734/1609
f 2080/734/1609 2083/735/1612 2084/760/1613
f 2080/734/1609 2084/760/1613 2081/746/1610
f 2081/746/1610 2084/760/1613 2085/759/1614
f 2081/746/1610 2085/759/1614 2082/745/1611
f 2082/745/1611 2085/759/1614 2086/757/1615
f 2082/745/1611 2086/757/1615 2087/761/1616
f 2087/761/1616 2086/757/1615 2088/755/1617
f 2087/761/1616 2088/755/1617 2089/762/1618
f 2089/762/1618 2088/755/1617 2090/753/1619
f 2089/762/1618 2090/753/1619 2091/763/1620
f 2091/763/1620 2090/753/1619 2092/751/1621
f 2091/763/1620 2092/751/1621 2093/737/1622
f 2093/737/1622 2092/751/1621 2094/749/1623
f 2093/737/1622 2094/749/1623 2095/738/1624
f 2095/738/1624 2094/749/1623 2096/747/1625
f 2067/666/1533 2065/727/1532 2068/744/1598
f 2068/744/1598 2065/727/1532 2073/733/1602
f 2068/744/1598 2073/733/1602 2074/743/1603
f 2074/743/1603 2073/733/1602 2082/745/1611
f 2074/743/1603 2082/745/1611 2075/718/1604
f 2075/718/1604 2082/745/1611 2087/761/1616
f 2075/718/1604 2087/761/1616 2097/711/1626
f 2097/711/1626 2087/761/1616 2089/762/1618
f 2097/711/1626 2089/762/1618 2098/664/1627
f 2098/664/1627 2089/762/1618 2091/763/1620
f 2098/664/1627 2091/763/1620 2099/659/1577
f 2099/659/1577 2091/763/1620 2093/737/1622
f 2099/659/1577 2093/737/1622 2100/658/1628
f 2100/658/1628 2093/737/1622 2095/738/1624
f 2083/735/1612 2070/741/1600 2084/760/1613
f 2084/760/1613 2070/741/1600 2072/739/1601
f 2084/760/1613 2072/739/1601 2085/759/1614
f 2085/759/1614 2072/739/1601 2101/758/1504
f 2085/759/1614 2101/758/1504 2086/757/1615
f 2086/757/1615 2101/758/1504 2102/756/1629
f 2086/757/1615 2102/756/1629 2088/755/1617
f 2088/755/1617 2102/756/1629 2103/754/1630
f 2088/755/1617 2103/754/1630 2090/753/1619
f 2090/753/1619 2103/754/1630 2104/752/1631
f 2090/753/1619 2104/752/1631 2092/751/1621
f 2092/751/1621 2104/752/1631 2105/750/1497
f 2092/751/1621 2105/750/1497 2094/749/1623
f 2094/749/1623 2105/750/1497 2106/748/1496
f 2094/749/1623 2106/748/1496 2096/747/1625
f 2107/766/1632 2108/767/1633 2109/768/1634
f 2110/769/1635 2108/767/1633 2111/770/1636
f 2112/771/1637 2113/644/1638 2114/772/1639
f 2114/772/1639 2113/644/1638 2115/645/1640
f 2116/773/1641 2117/774/1642 2118/775/1643
f 2118/775/1643 2117/774/1642 2119/776/1644
f 2110/769/1635 2111/770/1636 2120/777/1645
f 2121/778/1646 2122/779/1647 2123/780/1648
f 2124/636/1350 2125/781/1649 2126/637/1351
f 2108/767/1633 2107/766/1632 2121/778/1646
f 2121/778/1646 2107/766/1632 2127/782/1650
f 2121/778/1646 2127/782/1650 2122/779/1647
f 2128/783/1651 2129/784/1644 2120/777/1645
f 2120/777/1645 2129/784/1644 2130/773/1652
f 2120/777/1645 2130/773/1652 2110/769/1635
f 2110/769/1635 2130/773/1652 2131/774/1641
f 2132/785/1653 2114/772/1639 2133/786/1654
f 2133/786/1654 2114/772/1639 2115/645/1640
f 2133/786/1654 2115/645/1640 2134/640/1355
f 2135/787/1647 2136/788/1655 2137/789/1648
f 2137/789/1648 2136/788/1655 2138/790/1656
f 2139/791/1643 2140/792/1644 2141/793/1657
f 2141/793/1657 2140/792/1644 2142/794/1658
f 2141/793/1657 2142/794/1658 2135/787/1647
f 2135/787/1647 2142/794/1658 2143/795/1659
f 2135/787/1647 2143/795/1659 2136/788/1655
f 2108/767/1633 2110/769/1635 2109/768/1634
f 2109/768/1634 2110/769/1635 2131/774/1641
f 2109/768/1634 2131/774/1641 2107/766/1632
f 2107/766/1632 2131/774/1641 2144/796/1660
f 2107/766/1632 2144/796/1660 2127/782/1650
f 2112/771/1637 2128/783/1651 2113/644/1638
f 2113/644/1638 2128/783/1651 2120/777/1645
f 2113/644/1638 2120/777/1645 2145/642/1358
f 2145/642/1358 2120/777/1645 2111/770/1636
f 2145/642/1358 2111/770/1636 2146/648/1365
f 2146/648/1365 2111/770/1636 2108/767/1633
f 2146/648/1365 2108/767/1633 2147/646/1363
f 2147/646/1363 2108/767/1633 2121/778/1646
f 2147/646/1363 2121/778/1646 2124/636/1350
f 2124/636/1350 2121/778/1646 2123/780/1648
f 2124/636/1350 2123/780/1648 2125/781/1649
f 2125/781/1649 2123/780/1648 2148/797/1653
f 2149/779/1661 2150/778/1662 2151/780/1663
f 2152/773/1664 2153/769/1665 2154/774/1666
f 2151/780/1663 2155/781/1667 2156/797/1653
f 2157/768/1668 2158/767/1669 2159/766/1670
f 2159/766/1670 2158/767/1669 2150/778/1662
f 2159/766/1670 2150/778/1662 2160/798/1671
f 2161/790/1672 2162/788/1673 2163/789/1674
f 2163/789/1674 2162/788/1673 2164/787/1661
f 2165/776/1675 2166/774/1664 2167/775/1676
f 2167/775/1676 2166/774/1664 2168/773/1677
f 2169/644/1499 2170/771/1678 2171/772/1679
f 2172/777/1680 2173/770/1681 2153/769/1665
f 2174/645/1498 2175/786/1682 2176/640/1492
f 2177/637/1492 2155/781/1667 2178/636/1683
f 2150/778/1662 2149/779/1661 2179/782/1684
f 2153/769/1665 2152/773/1664 2172/777/1680
f 2172/777/1680 2152/773/1664 2180/784/1675
f 2172/777/1680 2180/784/1675 2181/783/1685
f 2182/785/1686 2175/786/1682 2171/772/1679
f 2171/772/1679 2175/786/1682 2174/645/1498
f 2171/772/1679 2174/645/1498 2169/644/1499
f 2162/788/1673 2183/795/1687 2164/787/1661
f 2164/787/1661 2183/795/1687 2184/794/1688
f 2164/787/1661 2184/794/1688 2185/793/1684
f 2185/793/1684 2184/794/1688 2186/792/1675
f 2185/793/1684 2186/792/1675 2187/791/1676
f 2179/782/1689 2188/796/1690 2159/766/1670
f 2159/766/1670 2188/796/1690 2154/774/1666
f 2159/766/1670 2154/774/1666 2157/768/1668
f 2157/768/1668 2154/774/1666 2153/769/1665
f 2157/768/1668 2153/769/1665 2158/767/1669
f 2158/767/1669 2153/769/1665 2173/770/1681
f 2155/781/1667 2151/780/1663 2178/636/1683
f 2178/636/1683 2151/780/1663 2150/778/1662
f 2178/636/1683 2150/778/1662 2189/646/1507
f 2189/646/1507 2150/778/1662 2158/767/1669
f 2189/646/1507 2158/767/1669 2190/648/1505
f 2190/648/1505 2158/767/1669 2173/770/1681
f 2190/648/1505 2173/770/1681 2191/642/1501
f 2191/642/1501 2173/770/1681 2172/777/1680
f 2191/642/1501 2172/777/1680 2169/644/1499
f 2169/644/1499 2172/777/1680 2181/783/1685
f 2169/644/1499 2181/783/1685 2170/771/1678
f 2192/799/1691 2193/800/1692 2194/801/1693
f 2195/802/1694 2196/801/1695 2197/800/1696
f 2198/765/1697 2199/668/1698 2200/670/1260
f 2201/694/1408 2202/656/1374 2203/695/1699
f 2203/695/1699 2202/656/1374 2204/655/1700
f 2205/764/1701 2206/675/1389 2207/677/1391
f 2208/690/1303 2209/689/1403 2210/803/1702
f 2210/803/1702 2209/689/1403 2211/804/1380
f 2212/602/1421 2213/601/1423 2214/600/1294
f 2215/623/1703 2216/621/1294 2217/634/1704
f 2218/724/1440 2205/764/1705 2219/725/1706
f 2219/725/1706 2205/764/1705 2220/677/1391
f 2221/660/1449 2222/662/1707 2223/728/1708
f 2223/728/1708 2222/662/1707 2224/729/1403
f 2225/633/1709 2226/625/1298 2227/805/1440
f 2227/805/1440 2226/625/1298 2228/624/1297
f 2227/805/1440 2228/624/1297 2229/806/1710
f 2229/806/1710 2228/624/1297 2215/623/1703
f 2229/806/1710 2215/623/1703 2230/807/1711
f 2230/807/1711 2215/623/1703 2217/634/1704
f 2193/800/1692 2192/799/1691 2231/802/1691
f 2231/802/1691 2192/799/1691 2232/808/1712
f 2231/802/1691 2232/808/1712 2233/809/1712
f 2233/809/1712 2232/808/1712 2234/810/1713
f 2233/809/1712 2234/810/1713 2235/811/1713
f 2235/811/1713 2234/810/1713 2236/812/1714
f 2235/811/1713 2236/812/1714 2237/813/1714
f 2237/813/1714 2236/812/1714 2238/814/1715
f 2237/813/1714 2238/814/1715 2239/815/1715
f 2239/815/1715 2238/814/1715 2240/816/1692
f 2239/815/1715 2240/816/1692 2241/817/1693
f 2196/801/1695 2195/802/1694 2242/799/1694
f 2242/799/1694 2195/802/1694 2243/809/1716
f 2242/799/1694 2243/809/1716 2244/808/1717
f 2244/808/1717 2243/809/1716 2245/811/1718
f 2244/808/1717 2245/811/1718 2246/810/1719
f 2246/810/1719 2245/811/1718 2247/813/1720
f 2246/810/1719 2247/813/1720 2248/812/1720
f 2248/812/1720 2247/813/1720 2249/815/1721
f 2248/812/1720 2249/815/1721 2250/814/1722
f 2250/814/1722 2249/815/1721 2251/817/1723
f 2250/814/1722 2251/817/1723 2252/816/1724
f 2253/805/1725 2254/625/1726 2255/633/1727
f 2256/802/1728 2257/801/1729 2258/800/1729
f 2259/799/1730 2260/800/1731 2261/801/1732
f 2262/728/1528 2263/729/1526 2264/660/1529
f 2264/660/1529 2263/729/1526 2265/662/1573
f 2266/656/1544 2267/694/1556 2268/655/1733
f 2268/655/1733 2267/694/1556 2269/695/1734
f 2270/722/1727 2271/725/1735 2272/724/1725
f 2272/724/1725 2271/725/1735 2273/677/1734
f 2272/724/1725 2273/677/1734 2274/764/1538
f 2275/721/1334 2276/690/1317 2277/689/1526
f 2277/689/1526 2276/690/1317 2278/803/1319
f 2277/689/1526 2278/803/1319 2279/804/1736
f 2280/624/1341 2281/623/1737 2282/622/1738
f 2254/625/1726 2253/805/1725 2280/624/1341
f 2280/624/1341 2253/805/1725 2283/806/1538
f 2280/624/1341 2283/806/1538 2281/623/1737
f 2281/623/1737 2283/806/1538 2284/807/1739
f 2281/623/1737 2284/807/1739 2285/634/1245
f 2257/801/1729 2256/802/1728 2286/799/1740
f 2286/799/1740 2256/802/1728 2287/809/1741
f 2286/799/1740 2287/809/1741 2288/808/1741
f 2288/808/1741 2287/809/1741 2289/811/1742
f 2288/808/1741 2289/811/1742 2290/810/1742
f 2290/810/1742 2289/811/1742 2291/813/1743
f 2290/810/1742 2291/813/1743 2292/812/1744
f 2292/812/1744 2291/813/1743 2293/815/1745
f 2292/812/1744 2293/815/1745 2294/814/1746
f 2294/814/1746 2293/815/1745 2295/817/1729
f 2294/814/1746 2295/817/1729 2296/816/1729
f 2260/800/1731 2259/799/1730 2297/802/1730
f 2297/802/1730 2259/799/1730 2298/808/1747
f 2297/802/1730 2298/808/1747 2299/809/1748
f 2299/809/1748 2298/808/1747 2300/810/1749
f 2299/809/1748 2300/810/1749 2301/811/1750
f 2301/811/1750 2300/810/1749 2302/812/1751
f 2301/811/1750 2302/812/1751 2303/813/1752
f 2303/813/1752 2302/812/1751 2304/814/1753
f 2303/813/1752 2304/814/1753 2305/815/1754
f 2305/815/1754 2304/814/1753 2306/816/1755
f 2305/815/1754 2306/816/1755 2307/817/1732
