mtllib body_18.mtl
o editpl_m-0000-54
v 10.988491 -4.122558 9.707142
v 9.308791 -12.454434 11.126862
v 13.367164 -11.885695 9.796809
v 14.502316 0.038559 -1.479497
v 16.214527 -3.598805 -1.951740
v 11.931291 -3.386733 -6.971567
v -12.546278 -10.304793 -10.186856
v -17.463465 -16.827625 -7.757642
v -18.438774 -12.213443 -3.420027
v -17.924028 -8.184067 -3.107689
v -12.546278 -10.304793 -10.186856
v 17.398445 -7.313284 5.196919
v 13.367164 -11.885695 9.796809
v 19.690422 -21.409676 7.133716
v 7.377136 -19.414268 -13.795183
v 0.000000 -19.047960 -14.116488
v 2.381382 -9.999537 -12.864895
v -4.743799 -13.514796 12.486803
v -4.960534 -23.321541 12.477090
v 0.000000 -23.392227 13.561307
v 17.398445 -7.313284 5.196919
v 16.531502 -3.881568 4.650702
v 13.367164 -11.885695 9.796809
v 13.147719 -4.045442 7.743446
v 5.223326 -4.382829 11.713429
v 10.988491 -4.122558 9.707142
v 8.769661 -0.755105 9.259557
v 9.308791 -12.454434 11.126862
v 10.988491 -4.122558 9.707142
v 4.743799 -13.514796 12.486803
v 5.223326 -4.382829 11.713429
v 0.000000 -13.405546 12.837250
v 0.000000 -4.405321 12.250680
v -5.223326 -4.382829 11.713429
v -17.924028 -8.184067 -3.107689
v -16.214527 -3.598805 -1.951740
v -12.546278 -10.304793 -10.186856
v -11.931291 -3.386733 -6.971567
v -8.035470 -10.295153 -12.384432
v -7.482794 -3.312829 -8.752194
v -2.381382 -9.999537 -12.864895
v -2.392218 -3.248565 -9.962691
v 0.000000 -9.703921 -12.207341
v 0.000000 -3.277484 -9.159429
v 2.392218 -3.248565 -9.962691
v 17.281948 -22.402559 -8.408470
v 13.667884 -22.929527 -11.294983
v 13.342781 -18.080780 -11.537831
v 7.377136 -19.414268 -13.795183
v 8.035470 -10.295153 -12.384432
v 2.381382 -9.999537 -12.864895
v 7.482794 -3.312829 -8.752194
v 2.392218 -3.248565 -9.962691
v 4.248016 0.038558 -8.220920
v 7.482794 -3.312829 -8.752194
v 6.962629 0.038558 -6.937195
v 11.576386 0.038559 -5.909020
v 14.502316 0.038559 -1.479497
v -5.223326 -4.382829 11.713429
v -4.743799 -13.514796 12.486803
v 0.000000 -13.405546 12.837250
v 0.000000 -23.392227 13.561307
v 4.743799 -13.514796 12.486803
v 4.860294 -23.321541 12.477090
v 9.642022 -22.935953 12.263385
v 14.824710 -22.743160 11.436212
v 19.690422 -21.409676 7.133716
v 16.531502 -3.881568 4.650702
v 15.344875 -0.266697 4.414579
v 13.147719 -4.045442 7.743446
v 12.930983 -0.530180 7.029103
v 10.988491 -4.122558 9.707142
v 10.536056 -0.684415 8.634133
v 8.769661 -0.755105 9.259557
v -13.342781 -18.080780 -11.537831
v -8.035470 -10.295153 -12.384432
v -7.377136 -19.414268 -13.795183
v -2.381382 -9.999537 -12.864895
v 0.000000 -19.047960 -14.116488
v 0.000000 -9.703921 -12.207341
v 2.381382 -9.999537 -12.864895
v 7.482794 -3.312829 -8.752194
v -9.308791 -12.454434 11.126862
v -4.960534 -23.321541 12.477090
v -4.743799 -13.514796 12.486803
v -16.531502 -3.881568 4.650702
v -13.367164 -11.885695 9.796809
v -13.147719 -4.045442 7.743446
v -10.988491 -4.122558 9.707142
v -9.308791 -12.454434 11.126862
v -9.606802 -22.935953 12.263385
v -5.223326 -4.382829 11.713429
v -7.052032 -0.758319 10.107652
v -10.988491 -4.122558 9.707142
v -16.531502 -3.881568 4.650702
v -17.398445 -7.313284 5.196919
v -13.367164 -11.885695 9.796809
v -19.655203 -21.409676 7.133716
v -14.792200 -22.743160 11.436212
v -12.546278 -10.304793 -9.508380
v -17.924028 -8.184067 -2.429960
v -16.214527 -3.598805 -1.951740
v -17.718128 -7.583196 4.894294
v -16.531502 -3.881568 4.650702
v -13.367164 -11.885695 8.468251
v -14.792200 -22.743160 11.436212
v -13.367164 -11.885695 9.796809
v -10.988491 -4.122558 9.707142
v -5.223326 -4.382829 11.713429
v -7.482794 -3.312829 -8.752194
v -4.248016 0.038558 -8.220920
v -2.392218 -3.248565 -9.962691
v -2.134845 0.038558 -8.805247
v 0.000000 -3.277484 -9.159429
v 0.000000 0.038558 -8.170109
v 2.392218 -3.248565 -9.962691
v 2.134845 0.038558 -8.805247
v 4.248016 0.038558 -8.220920
v 8.769661 -0.755105 9.259557
v 7.052032 -0.758319 10.107652
v 5.223326 -4.382829 11.713429
v 5.060775 -0.912553 11.595368
v 0.000000 -4.405321 12.250680
v 0.000000 -0.938259 12.270108
v -5.060775 -0.912553 11.595368
v -7.052032 -0.758319 10.107652
v -8.769661 -0.755105 9.259557
v -10.536056 -0.684415 8.634133
v -13.147719 -4.045442 7.743446
v -12.930983 -0.530180 7.029103
v -16.531502 -3.881568 4.650702
v -15.344875 -0.266697 4.414579
v -16.214527 -3.598805 -1.951740
v -14.502316 0.038559 -1.479497
v -11.931291 -3.386733 -6.971567
v -11.576386 0.038559 -5.909020
v -7.482794 -3.312829 -8.752194
v -6.962629 0.038558 -6.937195
v -4.248016 0.038558 -8.220920
v -7.052032 -0.758319 10.107652
v -6.320550 5.240759 8.717822
v -9.847921 4.620608 6.297575
v 3.158920 4.771630 10.041149
v 5.060775 -0.912553 11.595368
v 7.052032 -0.758319 10.107652
v -2.134845 0.038558 -8.805247
v -1.167663 5.600639 -8.009457
v 0.000000 0.038558 -8.170109
v -8.769661 -0.755105 9.259557
v 8.769661 -0.755105 9.259557
v 9.847921 4.620608 6.297575
v 6.320550 5.240759 8.717822
v -3.158920 4.771630 10.041149
v -5.060775 -0.912553 11.595368
v 0.000000 -0.938259 12.270108
v 0.000000 4.771630 9.748239
v -3.158920 4.771630 10.041149
v -13.212740 5.600640 -0.889192
v -15.344875 -0.266697 4.414579
v -12.708830 5.600640 2.820756
v -12.930983 -0.530180 7.029103
v -10.536056 -0.684415 8.634133
v 8.769661 -0.755105 9.259557
v 10.536056 -0.684415 8.634133
v 9.847921 4.620608 6.297575
v 12.930983 -0.530180 7.029103
v 12.708830 5.600640 2.820756
v 15.344875 -0.266697 4.414579
v 13.212740 5.600640 -0.889192
v -1.167663 5.600639 -8.009457
v -4.212797 5.600639 -7.205448
v -4.248016 0.038558 -8.220920
v -6.548122 5.600639 -5.737906
v -6.962629 0.038558 -6.937195
v -9.636603 5.600639 -4.773993
v -11.576386 0.038559 -5.909020
v -13.212740 5.600640 -0.889192
v -14.502316 0.038559 -1.479497
v -15.344875 -0.266697 4.414579
v 0.000000 5.600639 -7.210679
v 1.167663 5.600639 -8.009457
v 2.134845 0.038558 -8.805247
v 4.212797 5.600639 -7.205448
v 4.248016 0.038558 -8.220920
v 6.548122 5.600639 -5.737906
v 6.962629 0.038558 -6.937195
v 9.636603 5.600639 -4.773993
v 11.576386 0.038559 -5.909020
v 14.502316 0.038559 -1.479497
v 11.931291 -3.386733 -6.971567
v 16.214527 -3.598805 -1.951740
v 12.546278 -10.304793 -10.186856
v 17.924028 -8.184067 -3.107689
v 18.473995 -12.181311 -3.392380
v 12.546278 -10.304793 -9.508380
v 16.214527 -3.598805 -1.951740
v 17.924028 -8.184067 -2.429960
v 16.531502 -3.881568 4.650702
v 17.718128 -7.583196 4.894294
v 13.367164 -11.885695 8.468251
v 20.348757 -22.029825 -5.680368
v 17.281948 -22.402559 -8.408470
v 17.463465 -16.827625 -7.757642
v 13.342781 -18.080780 -11.537831
v 12.546278 -10.304793 -10.186856
v 8.035470 -10.295153 -12.384432
v 11.931291 -3.386733 -6.971567
v 7.482794 -3.312829 -8.752194
v -7.377136 -19.414268 -13.117455
v -13.667884 -22.929527 -9.668284
v -13.342781 -18.080780 -10.859355
v 0.587895 -26.088121 -5.095295
v 0.235700 -24.520069 -5.153578
v 0.842559 -22.560007 -10.631453
v 1.205591 -18.582045 -13.417838
v 7.377136 -19.414268 -13.117455
v 5.201653 -23.514334 -11.818785
v 0.000000 -18.414955 -11.928627
v 0.842559 -22.560007 -10.631453
v 0.000000 -22.489317 -8.318057
v 0.000000 -23.260489 0.000002
v 13.445730 -27.158121 -8.008708
v 12.706120 -31.052544 -8.232126
v 4.995754 -30.560921 -9.578618
v -13.667884 -22.929527 -9.668284
v -7.377136 -19.414268 -13.117455
v -5.201653 -23.514334 -11.818785
v -1.205591 -18.582045 -13.417838
v -0.842559 -22.560007 -10.631453
v 0.000000 -18.414955 -11.928627
v 0.000000 -22.489317 -8.318057
v 4.342838 -20.474628 9.570402
v 0.000000 -20.750965 11.717914
v 0.000000 -23.311899 8.228394
v -4.342838 -20.474628 9.570402
v -1.170372 -22.952019 5.153582
v -4.635431 -21.750277 9.269273
v -0.829013 -24.324064 4.850958
v -0.558094 -30.217106 -4.069361
v -0.587895 -26.088121 -5.095295
v -0.829013 -24.324064 4.850958
v -0.235700 -24.520069 -5.153578
v -1.170372 -22.952019 5.153582
v 0.000000 -23.260489 0.000002
v 0.000000 -23.311899 8.228394
v 1.170372 -22.952019 5.153582
v 4.342838 -20.474628 9.570402
v 4.635431 -21.750277 9.269273
v 10.324739 -16.319937 9.291688
v 0.000000 -18.414955 -11.928627
v 1.205591 -18.582045 -13.417838
v 5.174561 -26.949263 -9.509126
v 0.558094 -30.217106 -4.069361
v 4.995754 -30.560921 -9.578618
v 13.667884 -22.929527 -11.294983
v 7.558652 -23.514336 -13.881114
v 7.377136 -19.414268 -13.795183
v 0.000000 -23.607517 -14.463198
v 0.000000 -19.047960 -14.116488
v -7.558652 -23.514336 -13.881114
v -7.377136 -19.414268 -13.795183
v -13.667884 -22.929527 -11.294983
v -13.342781 -18.080780 -11.537831
v -17.281948 -22.402559 -8.408470
v -17.463465 -16.827625 -7.757642
v -20.454416 -21.971989 -5.703533
v -18.438774 -12.213443 -3.420027
v -15.382804 -14.697261 -6.148129
v -12.546278 -10.304793 -9.508380
v -13.342781 -18.080780 -10.859355
v -13.445730 -27.158121 -8.008708
v -13.667884 -22.929527 -9.668284
v -5.201653 -23.514334 -11.818785
v -10.324739 -16.319937 9.291688
v -4.635431 -21.750277 9.269273
v -4.342838 -20.474628 9.570402
v -0.587895 -26.088121 -5.095295
v -0.558094 -30.217106 -4.069361
v -5.174561 -26.949263 -9.509126
v -4.995754 -30.560921 -9.578618
v -13.667884 -22.929527 -9.668284
v -13.445730 -27.158121 -8.008708
v -16.962263 -22.402559 -5.849240
v -17.029993 -24.507217 -4.896534
v -19.533291 -22.029825 -0.609730
v -19.116074 -21.409676 5.253708
v -18.677183 -11.904974 -1.439893
v -19.533291 -22.029825 -0.609730
v -15.382804 -14.697261 -6.148129
v -16.962263 -22.402559 -5.849240
v -13.342781 -18.080780 -10.859355
v -13.667884 -22.929527 -9.668284
v -0.558094 -30.557707 4.612595
v -4.383476 -24.089499 9.202770
v -3.757652 -30.856537 9.361181
v -9.606802 -23.475775 10.935574
v -8.544798 -31.238911 11.050646
v -14.792200 -22.829918 10.107654
v -14.209723 -31.251762 10.337798
v -19.116074 -21.409676 5.253708
v -4.995754 -30.560921 -9.578618
v -13.445730 -27.158121 -8.008708
v -5.174561 -26.949263 -9.509126
v -0.587895 -26.088121 -5.095295
v -0.842559 -22.560007 -10.631453
v -0.235700 -24.520069 -5.153578
v 0.000000 -22.489317 -8.318057
v 0.000000 -23.260489 0.000002
v -17.924028 -8.184067 -2.429960
v -18.677183 -11.904974 -1.439893
v -17.718128 -7.583196 4.894294
v -19.116074 -21.409676 5.253708
v -13.367164 -11.885695 8.468251
v -14.792200 -22.829918 10.107654
v -9.606802 -23.475775 10.935574
v -4.383476 -24.089499 9.202770
v -0.829013 -24.324064 4.850958
v -0.558094 -30.557707 4.612595
v -0.558094 -30.217106 -4.069361
v 18.473995 -12.181311 -3.392380
v 17.463465 -16.827625 -7.757642
v 12.546278 -10.304793 -10.186856
v 0.235700 -24.520069 -5.153578
v 1.170372 -22.952019 5.153582
v 0.000000 -23.260489 0.000002
v 3.757652 -30.856537 9.361181
v 4.383476 -24.089499 9.202770
v 0.558094 -30.557707 4.612595
v 20.348757 -22.029825 -5.680368
v 4.635431 -21.750277 9.269273
v 1.170372 -22.952019 5.153582
v 0.829013 -24.324064 4.850958
v 0.235700 -24.520069 -5.153578
v 0.587895 -26.088121 -5.095295
v 0.558094 -30.217106 -4.069361
v 13.667884 -22.929527 -9.668284
v 16.962263 -22.402559 -5.849240
v 13.445730 -27.158121 -8.008708
v 17.029993 -24.507217 -4.896534
v 12.706120 -31.052544 -8.232126
v 4.995754 -30.560921 -9.578618
v 5.174561 -26.949263 -9.509126
v 13.445730 -27.158121 -8.008708
v 5.201653 -23.514334 -11.818785
v 13.667884 -22.929527 -9.668284
v 7.377136 -19.414268 -13.117455
v 13.342781 -18.080780 -10.859355
v 4.383476 -24.089499 9.202770
v 3.757652 -30.856537 9.361181
v 9.642022 -23.475775 10.935574
v 8.544798 -31.238911 11.050646
v 14.824710 -22.829918 10.107654
v 14.209723 -31.251762 10.337798
v 19.148584 -21.409676 5.253708
v 13.667884 -22.929527 -9.668284
v 13.342781 -18.080780 -10.859355
v 16.962263 -22.402559 -5.849240
v 15.382804 -14.697261 -6.148129
v 19.563091 -22.029825 -0.609730
v 18.677183 -11.904974 -1.439893
v 13.342781 -18.080780 -10.859355
v 12.546278 -10.304793 -9.508380
v 15.382804 -14.697261 -6.148129
v 17.924028 -8.184067 -2.429960
v 17.718128 -7.583196 4.894294
v 13.367164 -11.885695 8.468251
v 14.824710 -22.829918 10.107654
v 10.324739 -16.319937 9.291688
v 9.642022 -23.475775 10.935574
v 4.383476 -24.089499 9.202770
v 0.558094 -30.557707 4.612595
v -6.450591 -93.270088 -4.886068
v -5.862696 -99.580856 -6.513514
v -9.818119 -95.792465 -7.757636
v -13.058316 -93.919159 -5.267898
v -9.674532 -92.788109 -7.400465
v -9.818119 -95.792465 -7.757636
v -9.818119 -95.792465 -7.757636
v -9.674532 -92.788109 -7.400465
v -6.450591 -93.270088 -4.886068
v -12.169700 -95.895294 3.181672
v -13.047479 -94.208351 -1.016960
v -13.608282 -99.163132 -3.183152
v -13.058316 -93.919159 -5.267898
v -12.665482 -99.529442 -6.349125
v -9.818119 -95.792465 -7.757636
v -5.862696 -99.580856 -6.513514
v -5.705563 -97.167725 -0.771125
v -6.439754 -92.791321 -1.037135
v -7.848535 -95.898506 3.384916
v -7.905428 -93.045166 2.245405
v -12.169700 -95.895294 3.181672
v -12.118225 -93.045166 1.631937
v -13.047479 -94.208351 -1.016960
v -12.077587 -50.858822 7.309315
v -11.963801 -54.875343 6.938694
v -6.862389 -50.858822 7.712814
v -13.174811 -41.714001 9.488209
v -18.192238 -34.535671 5.541389
v -16.864733 -42.208839 5.053455
v -7.694111 -62.882687 -8.186543
v -4.499971 -75.321053 -6.583754
v -7.398809 -72.503059 -10.688236
v -2.048151 -41.183823 4.113452
v -0.931963 -33.793419 -3.878071
v -0.931963 -33.857681 4.487808
v -12.446038 -62.464966 -7.716541
v -12.817197 -69.672218 -10.266057
v -11.121242 -62.972656 3.938604
v -6.951792 -63.531754 4.342103
v -7.233548 -61.716286 5.349357
v -0.931963 -33.857681 4.487808
v -0.931963 -33.793419 -3.878071
v -0.558094 -30.217106 -4.069361
v -0.558094 -30.217106 -4.069361
v -0.931963 -33.793419 -3.878071
v -4.995754 -30.560921 -9.578618
v -14.830129 -51.025909 3.567235
v -17.384899 -31.020411 -4.618567
v -17.103142 -34.609577 -4.561032
v -18.390011 -34.593510 0.470005
v -6.605015 -55.193455 7.342193
v -4.605630 -57.853996 2.838695
v -1.939783 -52.388313 1.514620
v -2.411183 -58.872589 -0.264512
v -11.188972 -61.157188 4.946605
v -13.115209 -58.326340 3.215294
v -15.068538 -51.302246 -0.044082
v -18.192238 -34.535671 5.541389
v -13.174811 -41.714001 9.488209
v -13.949640 -34.362160 10.125587
v -7.526141 -41.534061 9.890961
v -8.290134 -34.307533 10.760726
v -8.290134 -34.307533 10.760726
v -3.833510 -33.989426 8.979352
v -3.757652 -30.856537 9.361181
v -12.546278 -34.522820 -8.079692
v -16.255165 -42.677967 -4.389170
v -17.103142 -34.609577 -4.561032
v -17.032703 -42.652264 0.524552
v -18.390011 -34.593510 0.470005
v -4.499971 -75.321053 -6.583754
v -7.694111 -62.882687 -8.186543
v -4.426823 -63.412865 -4.057402
v -7.612835 -59.367424 -7.460246
v -2.411183 -59.071808 -4.208342
v -6.507484 -53.519367 -6.689861
v -1.939783 -53.802132 -3.543316
v -5.713690 -41.553341 -7.954906
v -2.048151 -41.823250 -3.303459
v -0.931963 -33.793419 -3.878071
v -2.048151 -41.183823 4.113452
v -2.048151 -41.823250 -3.303459
v -1.939783 -53.802132 -3.543316
v -2.411183 -59.071808 -4.208342
v -0.931963 -33.793419 -3.878071
v -5.177270 -34.027985 -9.172876
v -12.546278 -34.522820 -8.079692
v -12.706120 -31.052544 -8.232126
v -17.103142 -34.609577 -4.561032
v -17.384899 -31.020411 -4.618567
v -12.817197 -69.672218 -10.266057
v -17.355097 -69.309120 -6.207903
v -12.446038 -62.464966 -7.716541
v -15.353003 -62.802357 -4.800140
v -12.104679 -59.367424 -6.897589
v -14.919532 -61.465656 -4.546832
v -11.500529 -53.519367 -6.127204
v -14.575464 -52.250145 -4.215814
v -12.064041 -42.061031 -7.623141
v -17.355097 -69.309120 -6.207903
v -17.249439 -70.112427 0.127780
v -15.336748 -64.302925 0.619451
v -14.851802 -59.573071 0.195029
v -8.544798 -31.238911 11.050646
v -8.290134 -34.307533 10.760726
v -14.209723 -31.251762 10.337798
v -13.949640 -34.362160 10.125587
v -18.636545 -31.116808 5.703537
v -18.192238 -34.535671 5.541389
v -4.426823 -63.412865 -4.057402
v -2.411183 -59.071808 -4.208342
v -4.426823 -64.672447 0.094902
v -2.411183 -58.872589 -0.264512
v -6.951792 -63.531754 4.342103
v -4.605630 -57.853996 2.838695
v -7.233548 -61.716286 5.349357
v -6.605015 -55.193455 7.342193
v -7.398809 -72.503059 -10.688236
v -12.446038 -62.464966 -7.716541
v -7.694111 -62.882687 -8.186543
v -16.255165 -42.677967 -4.389170
v -15.068538 -51.302246 -0.044082
v -17.032703 -42.652264 0.524552
v -16.864733 -42.208839 5.053455
v -13.174811 -41.714001 9.488209
v -6.862389 -50.858822 7.712814
v -4.063791 -41.408745 7.833117
v -3.833510 -33.989426 8.979352
v -2.048151 -41.183823 4.113452
v -4.063791 -41.408745 7.833117
v -7.233548 -61.716286 5.349357
v -11.121242 -62.972656 3.938604
v -14.851802 -59.573071 0.195029
v -14.575464 -52.250145 -4.215814
v -16.255165 -42.677967 -4.389170
v -12.064041 -42.061031 -7.623141
v -12.546278 -34.522820 -8.079692
v -5.713690 -41.553341 -7.954906
v -5.177270 -34.027985 -9.172876
v -2.048151 -41.823250 -3.303459
v -0.931963 -33.793419 -3.878071
v -4.061082 -76.063309 -0.115813
v -4.426823 -64.672447 0.094902
v -8.631492 -73.405975 3.761513
v -5.946681 -81.037369 -0.148691
v -5.946681 -81.175537 -4.799391
v -4.499971 -75.321053 -6.583754
v -7.821443 -76.979073 -9.960444
v -4.499971 -75.321053 -6.583754
v -5.946681 -81.175537 -4.799391
v -6.439754 -92.791321 -1.037135
v -6.450591 -93.270088 -4.886068
v -6.567087 -85.397705 -4.415319
v -6.951792 -63.531754 4.342103
v -11.121242 -62.972656 3.938604
v -11.868979 -66.108757 3.891529
v -17.249439 -70.112427 0.127780
v -12.684447 -71.413780 3.701735
v -7.469248 -66.815666 3.954296
v -14.851802 -59.573071 0.195029
v -15.336748 -64.302925 0.619451
v -4.426823 -63.412865 -4.057402
v -12.454165 -77.984810 3.098729
v -9.113729 -79.180130 3.110685
v -6.567087 -85.397705 -4.415319
v -6.450591 -93.270088 -4.886068
v -8.449976 -83.858574 -8.089402
v -9.674532 -92.788109 -7.400465
v -11.218773 -84.465874 -7.833107
v -13.058316 -93.919159 -5.267898
v -13.651629 -86.972183 -4.995909
v -13.047479 -94.208351 -1.016960
v -13.651629 -87.637321 -1.132032
v -12.118225 -93.045166 1.631937
v -11.868979 -87.058945 1.467548
v -7.905428 -93.045166 2.245405
v -9.045999 -86.506264 1.794083
v -6.567087 -86.371315 -0.678469
v -16.558594 -76.670609 -0.412460
v -16.707600 -75.526703 -6.194452
v -12.324124 -75.709854 -9.901413
v -7.398809 -72.503059 -10.688236
v -12.817197 -69.672218 -10.266057
v -17.355097 -69.309120 -6.207903
v 13.058316 -93.919159 -5.267898
v 12.665482 -99.529442 -6.349125
v 9.818119 -95.792465 -7.757636
v 9.818119 -95.792465 -7.757636
v 9.674532 -92.788109 -7.400465
v 13.058316 -93.919159 -5.267898
v 6.450591 -93.270088 -4.886068
v 9.674532 -92.788109 -7.400465
v 9.818119 -95.792465 -7.757636
v 12.665482 -99.529442 -6.349125
v 13.608282 -99.163132 -3.183152
v 13.047479 -93.388985 -1.016960
v 12.169700 -95.895294 3.181672
v 13.047479 -93.388985 -1.016960
v 12.118225 -93.045166 1.631937
v 12.169700 -95.895294 3.181672
v 7.905428 -93.045166 2.245405
v 7.848535 -95.898506 3.384916
v 6.439754 -92.791321 -1.037135
v 5.705563 -97.167725 -0.771125
v 6.450591 -93.270088 -4.886068
v 5.862696 -99.580856 -6.513514
v 14.827419 -51.025909 3.567235
v 13.112499 -58.326340 3.215294
v 15.068538 -51.302246 -0.044082
v 4.602921 -57.853996 2.838695
v 6.602306 -55.193455 7.342193
v 1.939783 -52.388313 1.514620
v 12.546278 -34.522820 -8.079692
v 17.384899 -31.020411 -4.618567
v 17.103142 -34.609577 -4.561032
v 5.713690 -41.553341 -7.954906
v 1.939783 -53.802132 -3.543316
v 2.048151 -41.823250 -3.303459
v 6.507484 -53.519367 -6.689861
v 2.408474 -59.071808 -4.208342
v 4.063791 -41.408745 7.833117
v 8.290134 -34.307533 10.760726
v 3.833510 -33.989426 8.979352
v 1.939783 -52.388313 1.514620
v 4.063791 -41.408745 7.833117
v 2.048151 -41.183823 4.113452
v 11.961092 -54.875343 6.938694
v 11.188972 -61.157188 4.946605
v 4.426823 -64.672447 0.094902
v 6.951792 -63.531754 4.342103
v 2.408474 -58.872589 -0.264512
v 4.602921 -57.853996 2.838695
v 1.939783 -52.388313 1.514620
v 12.077587 -50.858822 7.309315
v 6.859679 -50.858822 7.712814
v 17.384899 -31.020411 -4.618567
v 18.842445 -31.010771 0.452070
v 17.103142 -34.609577 -4.561032
v 18.390011 -34.593510 0.470005
v 6.602306 -55.193455 7.342193
v 7.233548 -61.716286 5.349357
v 6.951792 -63.531754 4.342103
v 11.121242 -62.972656 3.938604
v 16.864733 -42.208839 5.053455
v 18.192238 -34.535671 5.541389
v 13.174811 -41.714001 9.488209
v 13.949640 -34.362160 10.125587
v 7.526141 -41.534061 9.890961
v 8.290134 -34.307533 10.760726
v 3.833510 -33.989426 8.979352
v 8.290134 -34.307533 10.760726
v 8.544798 -31.238911 11.050646
v 13.949640 -34.362160 10.125587
v 14.209723 -31.251762 10.337798
v 18.192238 -34.535671 5.541389
v 0.558094 -30.217106 -4.069361
v 0.931963 -33.793419 -3.878071
v 0.558094 -30.557707 4.612595
v 0.931963 -33.857681 4.487808
v 18.390011 -34.593510 0.470005
v 17.032703 -42.652264 0.524552
v 17.103142 -34.609577 -4.561032
v 16.255165 -42.677967 -4.389170
v 12.546278 -34.522820 -8.079692
v 12.706120 -31.052544 -8.232126
v 5.177270 -34.027985 -9.172876
v 4.995754 -30.560921 -9.578618
v 0.931963 -33.793419 -3.878071
v 0.558094 -30.217106 -4.069361
v 12.064041 -42.061031 -7.623141
v 11.500529 -53.519367 -6.127204
v 14.572755 -52.250145 -4.215814
v 14.916823 -61.465656 -4.546832
v 14.851802 -59.573071 0.195029
v 15.336748 -64.302925 0.619451
v 4.426823 -63.412865 -4.057402
v 4.426823 -64.672447 0.094902
v 2.408474 -59.071808 -4.208342
v 2.408474 -58.872589 -0.264512
v 1.939783 -53.802132 -3.543316
v 2.048151 -41.823250 -3.303459
v 2.048151 -41.183823 4.113452
v 0.931963 -33.793419 -3.878071
v 0.931963 -33.857681 4.487808
v 17.357807 -69.309120 -6.207903
v 12.819907 -69.672218 -10.266057
v 12.446038 -62.464966 -7.716541
v 7.401518 -72.503059 -10.688236
v 7.694111 -62.882687 -8.186543
v 4.502681 -75.321053 -6.583754
v 4.426823 -63.412865 -4.057402
v 17.252148 -70.112427 0.127780
v 17.357807 -69.309120 -6.207903
v 15.353003 -62.802357 -4.800140
v 12.446038 -62.464966 -7.716541
v 12.104679 -59.367424 -6.897589
v 7.694111 -62.882687 -8.186543
v 7.612835 -59.367424 -7.460246
v 2.408474 -59.071808 -4.208342
v 7.612835 -59.367424 -7.460246
v 12.104679 -59.367424 -6.897589
v 15.353003 -62.802357 -4.800140
v 17.252148 -70.112427 0.127780
v 4.063791 -41.408745 7.833117
v 6.859679 -50.858822 7.712814
v 13.174811 -41.714001 9.488209
v 16.864733 -42.208839 5.053455
v 17.032703 -42.652264 0.524552
v 4.063791 -41.408745 7.833117
v 7.233548 -61.716286 5.349357
v 5.177270 -34.027985 -9.172876
v 0.931963 -33.793419 -3.878071
v 4.063791 -76.063309 -0.115813
v 4.426823 -64.672447 0.094902
v 4.426823 -63.412865 -4.057402
v 6.951792 -63.531754 4.342103
v 7.469248 -66.815666 3.954296
v 11.868979 -66.108757 3.891529
v 6.569796 -85.397705 -4.415319
v 6.450591 -93.270088 -4.886068
v 6.439754 -92.791321 -1.037135
v 8.634202 -73.405975 3.761513
v 12.687156 -71.413780 3.701735
v 17.252148 -70.112427 0.127780
v 15.336748 -64.302925 0.619451
v 14.851802 -59.573071 0.195029
v 11.121242 -62.972656 3.938604
v 4.502681 -75.321053 -6.583754
v 5.949390 -81.037369 -0.148691
v 9.119147 -79.180130 3.110685
v 12.459584 -77.984810 3.098729
v 5.949390 -81.175537 -4.799391
v 6.569796 -86.371315 -0.677723
v 9.048708 -86.506264 1.794083
v 11.871689 -87.058945 1.467548
v 16.564013 -76.670609 -0.412460
v 13.654338 -87.637321 -1.132032
v 16.710308 -75.526703 -6.194452
v 13.654338 -86.972183 -4.995909
v 12.326833 -75.709854 -9.901413
v 11.221482 -84.465874 -7.833107
v 7.826862 -76.979073 -9.960444
v 8.452686 -83.858574 -8.089402
v 5.949390 -81.175537 -4.799391
v 6.569796 -85.397705 -4.415319
v 17.357807 -69.309120 -6.207903
v 12.819907 -69.672218 -10.266057
v 7.401518 -72.503059 -10.688236
v 4.502681 -75.321053 -6.583754
v 7.905428 -93.045166 2.245405
v 12.118225 -93.045166 1.631937
v 13.047479 -93.388985 -1.016960
v 13.058316 -93.919159 -5.267898
v 9.674532 -92.788109 -7.400465
v 6.450591 -93.270088 -4.886068
v -5.090576 -102.437401 13.560566
v -7.713076 -99.259529 11.460876
v -8.030051 -102.225334 20.466377
v -13.846691 -102.765152 17.875017
v -12.535441 -100.393799 10.672559
v -14.133866 -104.930862 -1.356944
v -13.608282 -99.163132 -3.183152
v -12.497512 -105.290741 -6.618871
v -12.665482 -99.529442 -6.349125
v -7.965031 -104.927650 20.612085
v -14.066136 -104.924438 18.022219
v -5.410261 -104.840889 13.848246
v -15.854204 -105.142937 11.125374
v -16.555885 -103.080048 10.300443
v -5.735364 -99.609772 -0.648579
v -7.195620 -104.889091 -1.530300
v -6.781113 -105.085098 -6.560588
v -5.862696 -99.580856 -6.513514
v -9.799155 -99.715805 -8.389785
v -9.818119 -95.792465 -7.757636
v -7.778096 -103.555603 1.873290
v -15.426151 -104.400681 1.940540
v -15.854204 -105.142937 11.125374
v -14.066136 -104.924438 18.022219
v -7.965031 -104.927650 20.612085
v -9.853339 -104.969421 -8.152168
v -9.799155 -99.715805 -8.389785
v -9.818119 -95.792465 -7.757636
v -7.195620 -104.889091 -1.530300
v -12.497512 -105.290741 -6.618871
v -6.781113 -105.085098 -6.560588
v -9.853339 -104.969421 -8.152168
v -5.410261 -104.840889 13.848246
v -15.854204 -105.142937 11.125374
v -7.778096 -103.555603 1.873290
v -15.426151 -104.400681 1.940540
v -14.133866 -104.930862 -1.356944
v -5.410261 -104.840889 13.848246
v -12.169700 -95.895294 3.181672
v -7.848535 -95.898506 3.384916
v -5.705563 -97.167725 -0.771125
v -9.853339 -104.969421 -8.152168
v 7.195620 -104.889091 -1.530300
v 5.735364 -99.609772 -0.648579
v 6.781113 -105.085098 -6.560588
v 14.066136 -104.924438 18.022219
v 13.846691 -102.765152 17.875017
v 7.965031 -104.927650 20.612085
v 9.799155 -99.715805 -8.389785
v 9.853339 -104.969421 -8.152168
v 8.030051 -102.225334 20.466377
v 7.713076 -99.259529 11.460876
v 5.090576 -102.437401 13.560566
v 7.778096 -103.555603 1.873290
v 9.853339 -104.969421 -8.152168
v 12.497512 -105.290741 -6.618871
v 6.781113 -105.085098 -6.560588
v 7.195620 -104.889091 -1.530300
v 15.854204 -105.142937 11.125374
v 14.066136 -104.924438 18.022219
v 5.410261 -104.840889 13.848246
v 7.965031 -104.927650 20.612085
v 13.608282 -99.163132 -3.183152
v 14.133866 -104.930862 -1.356944
v 12.497512 -105.290741 -6.618871
v 16.555885 -103.080048 10.300443
v 12.535441 -100.393799 10.672559
v 12.665482 -99.529442 -6.349125
v 9.799155 -99.715805 -8.389785
v 9.818119 -95.792465 -7.757636
v 9.818119 -95.792465 -7.757636
v 5.862696 -99.580856 -6.513514
v 7.778096 -103.555603 1.873290
v 15.854204 -105.142937 11.125374
v 15.426151 -104.400681 1.940540
v 9.853339 -104.969421 -8.152168
v 14.133866 -104.930862 -1.356944
v 15.426151 -104.400681 1.940540
v 7.778096 -103.555603 1.873290
v 15.854204 -105.142937 11.125374
v 5.410261 -104.840889 13.848246
v 5.410261 -104.840889 13.848246
v 5.705563 -97.167725 -0.771125
v 7.848535 -95.898506 3.384916
v 12.169700 -95.895294 3.181672
v -19.332809 -23.421148 6.780281
v -18.931849 -24.067005 8.736504
v -19.636238 -23.928839 8.659541
v -19.275915 -24.234095 -6.427589
v -21.115459 -24.076647 -5.371019
v -21.250919 -24.182682 -6.073406
v -0.558094 -30.557707 4.612595
v -0.931963 -33.857681 4.487808
v -0.558094 -30.217106 -4.069361
v -17.032703 -42.652264 0.524552
v -16.864733 -42.208839 5.053455
v -18.390011 -34.593510 0.470005
v -18.192238 -34.535671 5.541389
v -18.842445 -31.010771 0.452070
v -17.384899 -31.020411 -4.618567
v -18.390011 -34.593510 0.470005
v -3.757652 -30.856537 9.361181
v -3.833510 -33.989426 8.979352
v -0.558094 -30.557707 4.612595
v -0.931963 -33.857681 4.487808
v -4.995754 -30.560921 -9.578618
v -12.706120 -31.052544 -8.232126
v -13.445730 -27.158121 -8.008708
v -17.029993 -24.507217 -4.896534
v -13.445730 -27.158121 -8.008708
v -12.706120 -31.052544 -8.232126
v -18.636545 -31.116808 5.703537
v -18.192238 -34.535671 5.541389
v -18.390011 -34.593510 0.470005
v -2.048151 -41.183823 4.113452
v -0.931963 -33.857681 4.487808
v -4.063791 -41.408745 7.833117
v -3.833510 -33.989426 8.979352
v -14.209723 -31.251762 10.337798
v -19.116074 -21.409676 5.253708
v -18.636545 -31.116808 5.703537
v -19.533291 -22.029825 -0.609730
v -18.842445 -31.010771 0.452070
v -17.384899 -31.020411 -4.618567
v -18.625710 -23.559319 6.857245
v -18.915592 -21.551056 6.320739
v -18.211203 -21.686010 6.397704
v -18.807226 -20.188652 7.739711
v -18.100126 -20.323606 7.816676
v -19.110655 -20.696341 9.618972
v -18.406265 -20.834509 9.695935
v -19.525162 -22.566433 10.078512
v -18.820770 -22.704601 10.155476
v -19.636238 -23.928839 8.659541
v -18.931849 -24.067005 8.736504
v -19.143166 -24.128057 -5.724454
v -18.289768 -22.572861 -6.859482
v -18.157019 -22.466824 -6.156348
v -19.278625 -20.860214 -6.937193
v -19.145876 -20.754177 -6.234807
v -21.253628 -20.808804 -6.583012
v -21.120876 -20.702766 -5.880623
v -22.239775 -22.470037 -6.151117
v -22.104315 -22.364000 -5.448730
v -21.250919 -24.182682 -6.073406
v -21.115459 -24.076647 -5.371019
v 18.636545 -31.116808 5.703537
v 19.148584 -21.409676 5.253708
v 14.209723 -31.251762 10.337798
v 18.362919 -23.646074 7.536468
v 20.435452 -23.809950 7.820412
v 20.088675 -23.938477 8.440605
v 19.143166 -24.128057 -5.724454
v 21.250919 -24.182682 -6.073406
v 21.115459 -24.076647 -5.371019
v 4.063791 -41.408745 7.833117
v 3.833510 -33.989426 8.979352
v 2.048151 -41.183823 4.113452
v 0.931963 -33.857681 4.487808
v 16.864733 -42.208839 5.053455
v 17.032703 -42.652264 0.524552
v 18.192238 -34.535671 5.541389
v 18.390011 -34.593510 0.470005
v 14.209723 -31.251762 10.337798
v 18.192238 -34.535671 5.541389
v 18.636545 -31.116808 5.703537
v 18.390011 -34.593510 0.470005
v 18.842445 -31.010771 0.452070
v 8.544798 -31.238911 11.050646
v 3.757652 -30.856537 9.361181
v 3.833510 -33.989426 8.979352
v 0.558094 -30.557707 4.612595
v 0.931963 -33.857681 4.487808
v 19.563091 -22.029825 -0.609730
v 17.029993 -24.507217 -4.896534
v 16.962263 -22.402559 -5.849240
v 18.842445 -31.010771 0.452070
v 17.384899 -31.020411 -4.618567
v 12.706120 -31.052544 -8.232126
v 18.712404 -23.517546 6.915528
v 17.579962 -21.840246 7.469965
v 17.926737 -21.711718 6.849771
v 18.522760 -20.323606 8.308347
v 18.869537 -20.198292 7.688153
v 20.248516 -20.619223 9.213231
v 20.595295 -20.490694 8.592291
v 21.031473 -22.425053 9.279734
v 21.378250 -22.296522 8.658792
v 20.088675 -23.938477 8.440605
v 20.435452 -23.809950 7.820412
v 19.275915 -24.234095 -6.427589
v 18.157019 -22.466824 -6.156348
v 18.289768 -22.572861 -6.859482
v 19.145876 -20.754177 -6.234807
v 19.281334 -20.860214 -6.937193
v 21.120876 -20.702766 -5.880623
v 21.253628 -20.808804 -6.583012
v 22.104315 -22.364000 -5.448730
v 22.239775 -22.470037 -6.151117
v 21.115459 -24.076647 -5.371019
v 21.250919 -24.182682 -6.073406
vn 0.4179 0.2129 0.8832
vn 0.2269 0.0861 0.9701
vn 0.5198 0.1811 0.8349
vn 0.8736 0.3070 -0.3777
vn 0.8157 0.3765 -0.4392
vn 0.5580 0.3929 -0.7309
vn -0.6383 0.2994 -0.7092
vn -0.7165 0.1969 -0.6692
vn -0.7874 0.2599 -0.5590
vn -0.7253 0.2759 -0.6307
vn -0.7874 0.2598 -0.5591
vn 0.6294 0.2125 0.7474
vn 0.5198 0.1812 0.8348
vn 0.6230 0.1971 0.7570
vn 0.2122 0.0708 -0.9747
vn -0.0000 0.1182 -0.9930
vn -0.0235 0.2590 -0.9656
vn -0.1884 0.0471 0.9810
vn -0.1732 0.0393 0.9841
vn -0.0000 0.0315 0.9995
vn 0.6294 0.2125 0.7475
vn 0.8144 0.3054 0.4934
vn 0.5198 0.1811 0.8348
vn 0.6357 0.2276 0.7377
vn 0.4180 0.2129 0.8832
vn 0.2599 0.0946 0.9610
vn 0.3318 0.3476 0.8770
vn 0.1883 0.0471 0.9810
vn 0.2599 0.0945 0.9610
vn -0.0000 0.0707 0.9975
vn -0.2361 0.0865 0.9679
vn -0.8157 0.3765 -0.4392
vn -0.6382 0.2995 -0.7092
vn -0.5580 0.3930 -0.7309
vn -0.2901 0.2979 -0.9094
vn -0.2674 0.4246 -0.8650
vn 0.0235 0.2591 -0.9656
vn 0.0235 0.3767 -0.9260
vn -0.0000 0.3374 -0.9414
vn -0.0000 0.3606 -0.9327
vn -0.0236 0.3767 -0.9260
vn 0.6497 0.0391 -0.7592
vn 0.4567 -0.0000 -0.8896
vn 0.5099 0.0941 -0.8551
vn 0.2122 0.0707 -0.9747
vn 0.2900 0.2979 -0.9095
vn -0.0235 0.2591 -0.9656
vn 0.2673 0.4247 -0.8650
vn -0.0235 0.3767 -0.9260
vn 0.3446 0.2898 -0.8929
vn 0.2674 0.4246 -0.8650
vn 0.3135 0.3214 -0.8935
vn 0.5903 0.3227 -0.7399
vn 0.8735 0.3069 -0.3778
vn -0.2360 0.0865 0.9679
vn -0.1883 0.0471 0.9810
vn 0.1884 0.0471 0.9810
vn 0.1809 0.0315 0.9830
vn 0.1259 0.1260 0.9840
vn 0.4247 0.1730 0.8887
vn 0.6229 0.1971 0.7570
vn 0.8896 0.3700 0.2677
vn 0.6356 0.2276 0.7377
vn 0.6060 0.3620 0.7083
vn 0.4246 0.3538 0.8334
vn -0.5099 0.0942 -0.8551
vn -0.2901 0.2979 -0.9095
vn -0.2122 0.0707 -0.9747
vn 0.0236 0.2590 -0.9656
vn -0.0000 0.3373 -0.9414
vn -0.0236 0.2591 -0.9656
vn 0.2673 0.4246 -0.8650
vn -0.2269 0.0861 0.9701
vn -0.8144 0.3054 0.4934
vn -0.5198 0.1811 0.8348
vn -0.6357 0.2276 0.7377
vn -0.4180 0.2129 0.8832
vn -0.1732 0.0394 0.9841
vn -0.2268 0.0861 0.9701
vn -0.1259 0.1259 0.9840
vn -0.2361 0.0866 0.9679
vn -0.4713 0.2671 0.8406
vn -0.6294 0.2125 0.7475
vn -0.5198 0.1812 0.8348
vn -0.6229 0.1972 0.7570
vn -0.4247 0.1730 0.8886
vn -0.7934 0.1807 -0.5813
vn -0.9035 0.1886 -0.3850
vn -0.8992 0.2051 0.3865
vn -0.8145 0.3054 0.4933
vn -0.4723 0.1653 0.8658
vn -0.4246 0.1730 0.8887
vn -0.1260 0.1260 0.9840
vn -0.5198 0.1811 0.8349
vn -0.4179 0.2129 0.8832
vn -0.2673 0.4246 -0.8650
vn -0.3446 0.2898 -0.8929
vn -0.0393 0.2201 -0.9747
vn -0.0000 0.3605 -0.9328
vn -0.0000 0.1886 -0.9821
vn 0.0393 0.2201 -0.9747
vn 0.4713 0.2671 0.8406
vn 0.3546 0.1970 0.9140
vn -0.0156 0.2111 0.9773
vn -0.3614 0.1964 0.9115
vn -0.4714 0.2671 0.8405
vn -0.3318 0.3476 0.8769
vn -0.4246 0.3538 0.8334
vn -0.6060 0.3620 0.7083
vn -0.8144 0.3057 0.4932
vn -0.8896 0.3700 0.2677
vn -0.8735 0.3070 -0.3778
vn -0.5580 0.3929 -0.7309
vn -0.5903 0.3227 -0.7399
vn -0.3135 0.3214 -0.8935
vn -0.4713 0.2671 0.8405
vn -0.4640 0.2517 0.8493
vn -0.4805 0.3859 0.7876
vn 0.2350 0.3447 0.9088
vn 0.4713 0.2671 0.8405
vn 0.2047 0.1417 -0.9685
vn -0.0000 0.1885 -0.9821
vn -0.3318 0.3477 0.8769
vn 0.3318 0.3476 0.8769
vn 0.4804 0.3859 0.7876
vn 0.4640 0.2517 0.8493
vn -0.2351 0.3447 0.9088
vn -0.3614 0.1965 0.9115
vn -0.0157 0.2111 0.9773
vn -0.0000 0.3996 0.9167
vn -0.2350 0.3448 0.9088
vn -0.8895 0.3385 -0.3070
vn -0.7423 0.4659 0.4817
vn 0.4804 0.3859 0.7875
vn 0.7423 0.4659 0.4817
vn 0.8895 0.3385 -0.3070
vn -0.0394 0.2201 -0.9747
vn -0.3467 0.1733 -0.9218
vn -0.4099 0.1970 -0.8906
vn -0.3135 0.3213 -0.8936
vn -0.4089 0.2910 -0.8650
vn -0.8736 0.3069 -0.3777
vn -0.0000 0.1644 -0.9864
vn -0.2047 0.1417 -0.9685
vn 0.3467 0.1733 -0.9218
vn 0.4099 0.1970 -0.8906
vn 0.3135 0.3213 -0.8936
vn 0.4089 0.2909 -0.8650
vn 0.8736 0.3069 -0.3777
vn 0.6383 0.2994 -0.7092
vn 0.7253 0.2760 -0.6307
vn 0.7874 0.2598 -0.5591
vn 0.7934 0.1807 -0.5813
vn 0.9035 0.1886 -0.3849
vn 0.8144 0.3054 0.4933
vn 0.8992 0.2051 0.3865
vn 0.4723 0.1653 0.8658
vn 0.7609 0.1647 -0.6276
vn 0.6496 0.0391 -0.7592
vn 0.7214 0.1882 -0.6665
vn 0.5099 0.0941 -0.8550
vn 0.6382 0.2994 -0.7092
vn 0.2901 0.2979 -0.9094
vn 0.5580 0.3930 -0.7309
vn -0.2123 -0.3066 -0.9278
vn -0.4968 -0.2839 -0.8201
vn -0.7491 -0.0000 -0.6624
vn -0.8698 -0.3370 -0.3605
vn -0.9513 -0.3066 -0.0315
vn -0.7331 -0.4809 -0.4809
vn -0.3858 -0.4094 -0.8268
vn 0.2123 -0.3067 -0.9278
vn -0.1022 -0.5187 -0.8488
vn -0.8402 -0.3062 -0.4475
vn -0.7332 -0.4808 -0.4809
vn -0.9248 -0.3213 -0.2038
vn -0.9513 -0.3066 -0.0314
vn -0.0000 -0.9969 0.0784
vn 0.4480 -0.2279 -0.8645
vn 0.4625 -0.0392 -0.8858
vn -0.2351 -0.0235 -0.9717
vn -0.2123 -0.3067 -0.9278
vn 0.1021 -0.5187 -0.8488
vn 0.3858 -0.4094 -0.8267
vn 0.7331 -0.4809 -0.4809
vn 0.8402 -0.3062 -0.4476
vn 0.9248 -0.3213 -0.2038
vn 0.1415 -0.5345 0.8332
vn -0.0000 -0.4315 0.9021
vn -0.0000 -0.9701 0.2426
vn -0.1415 -0.5346 0.8332
vn 0.5742 -0.7000 0.4247
vn 0.4782 -0.0235 0.8779
vn 0.9515 0.0236 0.3067
vn 0.9404 -0.0470 -0.3369
vn 0.8698 -0.3370 -0.3604
vn 0.9513 -0.3066 -0.0314
vn -0.0000 -0.9969 0.0785
vn -0.0000 -0.9701 0.2425
vn -0.5741 -0.7000 0.4247
vn -0.4782 -0.0236 0.8780
vn 0.0627 0.0861 0.9943
vn -0.8402 -0.3062 -0.4476
vn -0.3858 -0.4095 -0.8267
vn -0.4243 -0.2436 -0.8721
vn -0.9403 -0.0470 -0.3370
vn -0.2350 -0.0235 -0.9717
vn 0.4566 -0.0000 -0.8897
vn 0.2276 0.0392 -0.9730
vn -0.0000 0.0472 -0.9989
vn -0.2276 0.0392 -0.9730
vn -0.4567 -0.0000 -0.8896
vn -0.5099 0.0941 -0.8551
vn -0.6451 0.0393 -0.7631
vn -0.7165 0.1968 -0.6692
vn -0.7484 0.1812 -0.6381
vn -0.7874 0.2598 -0.5590
vn -0.8402 0.0942 -0.5340
vn -0.7492 0.0001 -0.6624
vn -0.4479 -0.2279 -0.8645
vn 0.1022 -0.5187 -0.8488
vn -0.0626 0.0861 0.9943
vn 0.4781 -0.0235 0.8780
vn -0.1415 -0.5345 0.8332
vn 0.8698 -0.3369 -0.3605
vn 0.9403 -0.0470 -0.3370
vn 0.4243 -0.2436 -0.8721
vn 0.2350 -0.0235 -0.9717
vn -0.4480 -0.2279 -0.8645
vn -0.8319 -0.0785 -0.5494
vn -0.8179 -0.1023 -0.5662
vn -0.9657 -0.0157 -0.2591
vn -0.8802 0.0550 0.4715
vn -0.9735 0.0864 -0.2120
vn -0.7492 -0.0000 -0.6624
vn 0.9327 -0.0078 0.3606
vn 0.6280 0.0393 0.7772
vn 0.5602 -0.0000 0.8284
vn 0.1496 0.0945 0.9842
vn 0.0551 -0.0157 0.9984
vn -0.3383 0.0944 0.9363
vn -0.5173 -0.0470 0.8545
vn -0.8801 0.0550 0.4715
vn 0.4243 -0.2436 -0.8722
vn 0.8698 -0.3370 -0.3605
vn 0.9513 -0.3066 -0.0315
vn 0.9248 -0.3214 -0.2038
vn -0.9035 0.1885 -0.3849
vn 0.9327 -0.0078 0.3605
vn 0.7874 0.2599 -0.5590
vn 0.6383 0.2995 -0.7092
vn -0.5602 -0.0000 0.8284
vn -0.6281 0.0393 0.7772
vn -0.9327 -0.0078 0.3606
vn -0.4782 -0.0235 0.8780
vn -0.9515 0.0236 0.3067
vn -0.8698 -0.3369 -0.3604
vn -0.9404 -0.0470 -0.3369
vn 0.4968 -0.2839 -0.8201
vn 0.8319 -0.0785 -0.5494
vn 0.8179 -0.1023 -0.5662
vn 0.4625 -0.0392 -0.8857
vn 0.4479 -0.2279 -0.8645
vn -0.1021 -0.5187 -0.8488
vn 0.7491 -0.0000 -0.6624
vn -0.6280 0.0393 0.7772
vn -0.5601 -0.0000 0.8284
vn -0.1496 0.0945 0.9842
vn -0.0551 -0.0157 0.9984
vn 0.3383 0.0944 0.9363
vn 0.5174 -0.0470 0.8545
vn 0.8801 0.0550 0.4715
vn 0.7492 -0.0000 -0.6624
vn 0.8319 -0.0784 -0.5494
vn 0.8402 0.0942 -0.5340
vn 0.9657 -0.0157 -0.2591
vn 0.9735 0.0864 -0.2120
vn 0.9035 0.1885 -0.3849
vn 0.8992 0.2050 0.3865
vn 0.3384 0.0944 0.9363
vn 0.0626 0.0861 0.9943
vn -0.6281 0.0392 0.7772
vn -0.9327 -0.0078 0.3605
vn 0.8820 0.0787 -0.4646
vn 0.8453 0.0469 -0.5322
vn -0.0235 0.1643 -0.9861
vn -0.8404 0.0079 -0.5420
vn 0.0158 -0.0315 -0.9994
vn -0.0234 0.1644 -0.9861
vn -0.0235 0.1644 -0.9861
vn 0.0157 -0.0315 -0.9994
vn 0.8820 0.0788 -0.4646
vn -0.6210 0.5503 0.5581
vn -0.9910 -0.0000 0.1337
vn -0.9830 0.0943 -0.1573
vn -0.8404 0.0079 -0.5419
vn -0.7700 0.0471 -0.6363
vn 0.9781 0.1721 0.1174
vn 0.9534 0.1025 0.2836
vn 0.4706 0.6432 0.6040
vn 0.2674 0.2595 0.9280
vn -0.6210 0.5503 0.5582
vn -0.6913 0.1493 0.7070
vn -0.5330 -0.1960 0.8231
vn -0.4558 -0.2122 0.8644
vn 0.2669 -0.1648 0.9495
vn -0.3609 -0.2040 0.9100
vn -0.9136 -0.1497 0.3781
vn -0.8817 -0.2204 0.4172
vn 0.4150 0.2115 -0.8849
vn 0.9179 -0.1255 -0.3766
vn 0.2752 0.0629 -0.9593
vn 0.9635 -0.0940 0.2506
vn 0.9370 -0.1339 -0.3228
vn 0.9537 -0.1251 0.2736
vn -0.3684 0.3057 -0.8779
vn -0.4237 0.0784 -0.9024
vn -0.4945 -0.2512 0.8321
vn 0.4881 -0.2283 0.8424
vn 0.2111 -0.3832 0.8992
vn 0.9370 -0.1338 -0.3228
vn 0.9369 -0.1339 -0.3229
vn -0.9205 -0.2203 0.3226
vn -0.8305 -0.0313 -0.5562
vn -0.8344 -0.0944 -0.5431
vn -0.9866 -0.1331 -0.0940
vn 0.5174 -0.2038 0.8311
vn 0.8020 -0.2123 0.5583
vn 0.9196 -0.1100 0.3772
vn 0.9286 -0.1967 0.3147
vn -0.5368 -0.3710 0.7578
vn -0.8755 -0.2129 0.4338
vn -0.9873 -0.1489 0.0548
vn -0.3609 -0.2039 0.9100
vn -0.4405 -0.1259 0.8889
vn 0.2042 -0.1571 0.9662
vn 0.1495 -0.1023 0.9835
vn 0.6501 -0.1097 0.7519
vn 0.5601 -0.0000 0.8284
vn -0.3782 -0.0866 -0.9217
vn -0.8891 -0.1495 -0.4327
vn -0.8343 -0.0945 -0.5431
vn -0.9801 -0.1960 -0.0314
vn 0.9178 -0.1255 -0.3766
vn 0.4150 0.2114 -0.8849
vn 0.9131 -0.0709 -0.4015
vn 0.2679 0.0630 -0.9614
vn 0.8503 -0.1968 -0.4881
vn 0.2443 -0.0236 -0.9694
vn 0.9091 -0.0314 -0.4154
vn 0.4386 -0.1018 -0.8929
vn 0.9644 -0.0549 -0.2587
vn 0.9091 -0.0313 -0.4153
vn 0.9369 -0.1338 -0.3229
vn 0.3698 -0.1259 -0.9206
vn 0.2351 -0.0235 -0.9717
vn -0.3781 -0.0867 -0.9217
vn -0.4625 -0.0392 -0.8858
vn -0.8343 -0.0945 -0.5432
vn -0.8304 -0.0313 -0.5563
vn -0.4238 0.0785 -0.9024
vn -0.9187 0.1178 -0.3769
vn -0.8956 0.3300 -0.2985
vn -0.4400 0.2436 -0.8643
vn -0.9075 0.1815 -0.3788
vn -0.3697 0.0393 -0.9283
vn -0.8660 -0.0630 -0.4961
vn -0.3444 -0.1174 -0.9315
vn -0.8622 0.0705 0.5016
vn -0.9086 0.2115 0.3603
vn -0.9262 0.0157 0.3767
vn 0.0550 -0.0157 0.9984
vn -0.5174 -0.0471 0.8545
vn -0.4405 -0.1258 0.8889
vn -0.9439 -0.0708 0.3225
vn -0.9136 -0.1496 0.3781
vn 0.9140 -0.1970 0.3546
vn 0.9286 -0.1968 0.3148
vn 0.5175 -0.2038 0.8311
vn -0.3684 0.3057 -0.8780
vn 0.4151 0.2114 -0.8849
vn 0.2668 -0.1648 0.9496
vn 0.7070 -0.1492 0.6913
vn 0.9635 -0.0940 0.2507
vn 0.2111 -0.3831 0.8992
vn -0.9262 0.0157 0.3768
vn -0.8661 -0.0630 -0.4960
vn -0.8890 -0.1495 -0.4328
vn 0.3698 -0.1259 -0.9205
vn 0.9644 -0.0549 -0.2588
vn 0.9369 -0.1339 -0.3228
vn 0.9421 -0.1178 0.3141
vn 0.4000 -0.1098 0.9099
vn 0.8891 -0.2203 0.4013
vn 0.9404 -0.2116 -0.2664
vn 0.9179 -0.1255 -0.3765
vn 0.4096 -0.2600 -0.8744
vn 0.9403 -0.2116 -0.2665
vn 0.9534 0.1024 0.2837
vn 0.9780 -0.0469 -0.2034
vn -0.4945 -0.2511 0.8321
vn -0.4020 0.0473 0.9144
vn -0.8622 0.0705 0.5017
vn -0.2829 -0.0314 0.9586
vn 0.3539 -0.1180 0.9278
vn -0.9085 0.2115 0.3603
vn 0.9131 -0.0708 -0.4015
vn -0.3295 -0.1412 0.9335
vn 0.4168 -0.1494 0.8966
vn 0.9780 -0.0469 -0.2035
vn 0.8820 0.0787 -0.4647
vn 0.5895 -0.1494 -0.7939
vn -0.3536 -0.1729 -0.9193
vn -0.8404 0.0078 -0.5419
vn -0.8990 -0.1735 -0.4022
vn -0.9583 -0.1492 0.2435
vn -0.6913 0.1492 0.7070
vn -0.4708 -0.0785 0.8788
vn 0.3925 -0.0471 0.9185
vn 0.9183 -0.0942 0.3846
vn -0.9142 -0.1813 0.3625
vn -0.8891 -0.1888 -0.4170
vn -0.3693 -0.1807 -0.9116
vn -0.9187 0.1177 -0.3769
vn 0.8404 0.0079 -0.5419
vn 0.7699 0.0472 -0.6364
vn 0.0235 0.1643 -0.9861
vn 0.0234 0.1643 -0.9861
vn -0.0158 -0.0315 -0.9994
vn 0.8404 0.0079 -0.5420
vn -0.8820 0.0787 -0.4646
vn -0.0157 -0.0315 -0.9994
vn 0.7699 0.0471 -0.6364
vn 0.9837 0.0866 -0.1574
vn 0.9900 -0.0000 0.1414
vn 0.6210 0.5503 0.5581
vn 0.9899 -0.0000 0.1415
vn 0.6913 0.1493 0.7070
vn -0.2674 0.2595 0.9280
vn -0.4706 0.6432 0.6040
vn -0.9534 0.1025 0.2836
vn -0.9781 0.1721 0.1174
vn -0.8820 0.0788 -0.4646
vn -0.8453 0.0470 -0.5322
vn 0.9205 -0.2203 0.3226
vn 0.8755 -0.2129 0.4338
vn 0.9873 -0.1489 0.0548
vn -0.8020 -0.2123 0.5583
vn -0.5174 -0.2038 0.8311
vn -0.9195 -0.1101 0.3773
vn 0.3781 -0.0866 -0.9217
vn 0.8304 -0.0314 -0.5563
vn 0.8343 -0.0944 -0.5431
vn -0.4386 -0.1018 -0.8929
vn -0.9091 -0.0313 -0.4154
vn -0.9644 -0.0549 -0.2588
vn -0.2443 -0.0236 -0.9694
vn -0.8503 -0.1968 -0.4881
vn -0.7070 -0.1492 0.6913
vn -0.1495 -0.1023 0.9835
vn -0.6501 -0.1097 0.7519
vn -0.9195 -0.1100 0.3773
vn -0.7070 -0.1492 0.6912
vn -0.9635 -0.0940 0.2507
vn 0.4558 -0.2122 0.8644
vn 0.5368 -0.3710 0.7578
vn -0.9140 -0.1970 0.3546
vn -0.4881 -0.2283 0.8424
vn -0.9285 -0.1967 0.3148
vn 0.5330 -0.1960 0.8231
vn -0.2669 -0.1648 0.9495
vn 0.8305 -0.0314 -0.5562
vn 0.9805 -0.0784 -0.1804
vn 0.8343 -0.0945 -0.5431
vn 0.9866 -0.1331 -0.0940
vn -0.5175 -0.2039 0.8311
vn -0.2112 -0.3831 0.8992
vn 0.4945 -0.2512 0.8321
vn 0.8817 -0.2204 0.4172
vn 0.9136 -0.1496 0.3781
vn 0.3609 -0.2040 0.9100
vn 0.4405 -0.1259 0.8889
vn -0.2042 -0.1571 0.9662
vn -0.6500 -0.1096 0.7519
vn -0.0550 -0.0157 0.9984
vn 0.4405 -0.1258 0.8889
vn 0.5173 -0.0470 0.8545
vn -0.9370 -0.1338 -0.3228
vn -0.9327 -0.0079 0.3605
vn -0.9537 -0.1251 0.2735
vn 0.9801 -0.1960 -0.0314
vn 0.8890 -0.1495 -0.4327
vn -0.3698 -0.1259 -0.9205
vn -0.9369 -0.1339 -0.3228
vn 0.3444 -0.1174 -0.9315
vn 0.3697 0.0393 -0.9283
vn 0.8660 -0.0630 -0.4960
vn 0.9075 0.1815 -0.3788
vn 0.9262 0.0157 0.3767
vn 0.9086 0.2115 0.3602
vn -0.9131 -0.0709 -0.4015
vn -0.9141 -0.1970 0.3546
vn -0.9286 -0.1967 0.3147
vn -0.9196 -0.1100 0.3772
vn -0.9644 -0.0549 -0.2587
vn -0.9635 -0.0940 0.2506
vn -0.9370 -0.1339 -0.3228
vn -0.9537 -0.1251 0.2736
vn 0.9187 0.1178 -0.3769
vn 0.4237 0.0785 -0.9024
vn 0.3684 0.3057 -0.8780
vn -0.2752 0.0629 -0.9593
vn -0.4150 0.2115 -0.8849
vn -0.9179 -0.1255 -0.3766
vn -0.9131 -0.0708 -0.4015
vn 0.8622 0.0705 0.5016
vn 0.8955 0.3299 -0.2986
vn 0.3685 0.3057 -0.8779
vn 0.4400 0.2436 -0.8643
vn -0.4151 0.2114 -0.8849
vn -0.2680 0.0630 -0.9614
vn -0.8503 -0.1968 -0.4882
vn -0.2679 0.0631 -0.9614
vn 0.8956 0.3300 -0.2985
vn 0.8622 0.0706 0.5016
vn -0.7070 -0.1493 0.6913
vn -0.2668 -0.1648 0.9496
vn -0.2111 -0.3831 0.8992
vn 0.4946 -0.2512 0.8320
vn -0.9369 -0.1338 -0.3229
vn -0.9421 -0.1178 0.3140
vn -0.9132 -0.0709 -0.4014
vn -0.3539 -0.1180 0.9278
vn 0.4020 0.0473 0.9144
vn -0.9780 -0.0470 -0.2034
vn -0.9534 0.1024 0.2837
vn -0.4000 -0.1098 0.9099
vn 0.2829 -0.0314 0.9586
vn 0.8622 0.0705 0.5017
vn 0.9086 0.2115 0.3603
vn 0.9262 0.0157 0.3768
vn 0.4945 -0.2511 0.8321
vn -0.9179 -0.1255 -0.3765
vn -0.8891 -0.2203 0.4013
vn -0.4168 -0.1494 0.8966
vn 0.3295 -0.1412 0.9335
vn -0.9404 -0.2116 -0.2664
vn -0.9183 -0.0942 0.3846
vn -0.3925 -0.0471 0.9185
vn 0.4708 -0.0785 0.8788
vn 0.9142 -0.1813 0.3625
vn 0.9572 -0.1569 0.2432
vn 0.8891 -0.1888 -0.4170
vn 0.8977 -0.1811 -0.4016
vn 0.3693 -0.1807 -0.9115
vn 0.3536 -0.1729 -0.9193
vn -0.4096 -0.2600 -0.8744
vn -0.5895 -0.1493 -0.7939
vn -0.9403 -0.2116 -0.2665
vn -0.9780 -0.0469 -0.2035
vn 0.9187 0.1177 -0.3769
vn 0.4237 0.0784 -0.9024
vn -0.9178 -0.1256 -0.3766
vn 0.6913 0.1492 0.7070
vn 0.9899 -0.0000 0.1414
vn 0.8404 0.0078 -0.5419
vn 0.9819 0.1257 0.1414
vn 0.4330 0.8503 0.2992
vn 0.3471 0.6390 0.6864
vn -0.5588 0.5903 0.5824
vn -0.3379 0.8722 0.3536
vn -0.6709 -0.7262 -0.1500
vn -0.9830 0.0944 -0.1573
vn -0.6078 -0.6315 -0.4814
vn -0.7699 0.0471 -0.6364
vn 0.3616 -0.3066 0.8805
vn -0.6668 -0.5962 0.4472
vn 0.5237 -0.8519 0.0078
vn -0.4250 -0.9052 -0.0000
vn -0.9468 0.2895 0.1408
vn 0.9936 -0.0939 0.0626
vn 0.4004 -0.8951 0.1963
vn 0.6823 -0.5960 -0.4235
vn -0.0629 0.0236 -0.9977
vn 0.6111 -0.7914 0.0156
vn -0.6454 -0.7635 -0.0236
vn -0.6668 -0.5962 0.4471
vn -0.0000 -0.4877 -0.8730
vn -0.0628 0.0236 -0.9977
vn -0.6078 -0.6314 -0.4815
vn -0.0001 -0.4876 -0.8730
vn 0.6112 -0.7914 0.0157
vn -0.6455 -0.7634 -0.0236
vn -0.6710 -0.7262 -0.1499
vn 0.5236 -0.8519 0.0078
vn -0.4004 -0.8951 0.1963
vn -0.9936 -0.0939 0.0626
vn -0.6823 -0.5960 -0.4235
vn 0.6668 -0.5962 0.4471
vn 0.5588 0.5903 0.5824
vn -0.3616 -0.3066 0.8805
vn 0.0629 0.0236 -0.9977
vn -0.3471 0.6390 0.6864
vn -0.4330 0.8503 0.2992
vn -0.9819 0.1257 0.1414
vn -0.6112 -0.7913 0.0157
vn -0.0000 -0.4876 -0.8731
vn 0.6078 -0.6314 -0.4815
vn -0.6823 -0.5960 -0.4234
vn 0.4250 -0.9052 -0.0000
vn -0.5237 -0.8519 0.0078
vn -0.3617 -0.3066 0.8804
vn 0.6709 -0.7262 -0.1500
vn 0.6078 -0.6315 -0.4815
vn 0.9468 0.2895 0.1408
vn 0.3379 0.8722 0.3536
vn 0.0628 0.0236 -0.9977
vn -0.8453 0.0469 -0.5322
vn -0.6112 -0.7914 0.0156
vn 0.6454 -0.7635 -0.0236
vn -0.0001 -0.4877 -0.8730
vn 0.6710 -0.7262 -0.1500
vn 0.6455 -0.7634 -0.0236
vn -0.6111 -0.7914 0.0157
vn -0.5236 -0.8519 0.0078
vn -0.0549 -0.6902 -0.7216
vn -0.2045 -0.9519 0.2281
vn -0.2046 -0.9519 0.2281
vn 0.4874 -0.8726 0.0315
vn -0.4857 -0.8461 0.2193
vn -0.4857 -0.8461 0.2194
vn 0.9327 -0.0079 0.3605
vn 0.9537 -0.1251 0.2735
vn -0.9866 -0.1331 -0.0939
vn -0.9136 -0.1497 0.3780
vn -0.9810 -0.0707 -0.1806
vn 0.9327 -0.0079 0.3606
vn -0.8179 -0.1022 -0.5662
vn -0.4625 -0.0392 -0.8857
vn -0.9810 -0.0707 -0.1804
vn -0.9136 -0.1496 0.3780
vn 0.9537 -0.1251 0.2737
vn 0.7070 -0.1493 0.6912
vn -0.5174 -0.0470 0.8544
vn -0.9810 -0.0706 -0.1805
vn -0.8304 -0.0313 -0.5562
vn 0.1487 0.2582 -0.9546
vn 0.2045 0.9519 -0.2281
vn 0.0549 0.6902 0.7216
vn -0.1487 -0.2582 0.9546
vn 0.9832 -0.0237 -0.1809
vn 0.9832 -0.0236 -0.1809
vn 0.4860 0.8460 -0.2195
vn 0.4857 0.8461 -0.2194
vn -0.4874 0.8726 -0.0315
vn -0.9832 0.0236 0.1810
vn -0.9832 0.0236 0.1809
vn -0.4858 -0.8461 0.2194
vn -0.4858 -0.8461 0.2193
vn 0.9434 -0.0786 0.3223
vn 0.8802 0.0550 0.4715
vn 0.5174 -0.0470 0.8544
vn -0.4787 -0.7690 -0.4237
vn 0.3928 -0.9191 0.0314
vn -0.4874 -0.8726 0.0314
vn 0.4857 -0.8461 0.2193
vn 0.4857 -0.8461 0.2194
vn 0.9136 -0.1497 0.3780
vn 0.9866 -0.1331 -0.0939
vn 0.9136 -0.1496 0.3780
vn -0.9537 -0.1250 0.2736
vn 0.8179 -0.1022 -0.5662
vn 0.8319 -0.0785 -0.5493
vn 0.8304 -0.0313 -0.5562
vn -0.4786 -0.7690 -0.4238
vn -0.8781 0.1490 -0.4547
vn -0.3928 0.9191 -0.0315
vn 0.4787 0.7690 0.4237
vn 0.4786 0.7690 0.4238
vn 0.8781 -0.1490 0.4547
vn 0.8781 -0.1490 0.4548
vn -0.9832 -0.0237 -0.1809
vn -0.9832 -0.0236 -0.1809
vn -0.4858 0.8461 -0.2194
vn -0.4857 0.8461 -0.2194
vn 0.4874 0.8726 -0.0315
vn 0.4874 0.8726 -0.0314
vn 0.9832 0.0236 0.1810
vn 0.9832 0.0236 0.1809
vn 0.4858 -0.8461 0.2193
vt 0.398895 0.009979
vt 0.424622 0.105988
vt 0.365662 0.104675
vt 0.989990 0.324982
vt 0.928284 0.337921
vt 0.928345 0.218414
vt 0.180756 0.090912
vt 0.229767 0.154907
vt 0.269684 0.109711
vt 0.269684 0.066193
vt 0.276794 0.051361
vt 0.276794 0.227325
vt 0.085358 0.184082
vt 0.009979 0.173218
vt 0.036682 0.084167
vt 0.512054 0.110229
vt 0.500793 0.227325
vt 0.552673 0.227325
vt 0.276794 0.009979
vt 0.355438 0.009979
vt 0.928986 0.638824
vt 0.929077 0.519196
vt 0.989990 0.556915
vt 0.501831 0.110229
vt 0.481140 0.009979
vt 0.552673 0.101959
vt 0.552673 0.009979
vt 0.455109 0.009979
vt 0.269684 0.009979
vt 0.186432 0.009979
vt 0.109711 0.087158
vt 0.111938 0.009979
vt 0.047211 0.009979
vt 0.009979 0.079376
vt 0.009979 0.009979
vt 0.217255 0.227325
vt 0.172089 0.227325
vt 0.172180 0.170959
vt 0.928589 0.050751
vt 0.989990 0.084503
vt 0.928284 0.134766
vt 0.989990 0.136230
vt 0.989990 0.220886
vt 0.499054 0.227325
vt 0.433350 0.227325
vt 0.371765 0.227325
vt 0.928192 0.403992
vt 0.989990 0.392273
vt 0.928802 0.478210
vt 0.989990 0.464813
vt 0.989990 0.518402
vt 0.712585 0.623169
vt 0.800537 0.741669
vt 0.789734 0.627411
vt 0.573547 0.527130
vt 0.653625 0.621857
vt 0.643402 0.526581
vt 0.686859 0.526337
vt 0.721313 0.741669
vt 0.989990 0.588715
vt 0.573486 0.574402
vt 0.574432 0.741669
vt 0.659698 0.741669
vt 0.836060 0.009979
vt 0.860870 0.078217
vt 0.917145 0.073578
vt 0.871094 0.187103
vt 0.917145 0.179047
vt 0.808594 0.261078
vt 0.769104 0.526398
vt 0.989990 0.050354
vt 0.928650 0.009979
vt 0.989990 0.009979
vt 0.989990 0.631104
vt 0.928955 0.730469
vt 0.989990 0.730469
vt 0.763245 0.342529
vt 0.827728 0.342133
vt 0.819824 0.360779
vt 0.827728 0.325409
vt 0.763245 0.333344
vt 0.763245 0.495575
vt 0.833557 0.497864
vt 0.763245 0.508301
vt 0.763245 0.350525
vt 0.763245 0.308167
vt 0.833557 0.308167
vt 0.838348 0.408936
vt 0.763245 0.388306
vt 0.826874 0.384186
vt 0.763245 0.369995
vt 0.763245 0.358551
vt 0.835999 0.481415
vt 0.763245 0.481812
vt 0.835999 0.466705
vt 0.763245 0.465790
vt 0.838196 0.437012
vt 0.763245 0.439240
vt 0.763245 0.408936
vt 0.833557 0.508301
vt 0.269684 0.227325
vt 0.735809 0.476196
vt 0.667419 0.506683
vt 0.736542 0.506683
vt 0.660126 0.427887
vt 0.683594 0.427887
vt 0.683594 0.439972
vt 0.735809 0.442993
vt 0.676239 0.461090
vt 0.737793 0.422852
vt 0.714844 0.422852
vt 0.683594 0.422852
vt 0.617096 0.506683
vt 0.574219 0.506683
vt 0.574219 0.461090
vt 0.729706 0.366638
vt 0.730469 0.405518
vt 0.714844 0.405518
vt 0.699219 0.378601
vt 0.699219 0.347229
vt 0.652344 0.378601
vt 0.574219 0.405518
vt 0.652344 0.405518
vt 0.675751 0.405518
vt 0.691376 0.405518
vt 0.749634 0.286682
vt 0.620544 0.461090
vt 0.574219 0.421875
vt 0.086121 0.227325
vt 0.009979 0.227325
vt 0.787750 0.040649
vt 0.736542 0.009979
vt 0.667419 0.011078
vt 0.617096 0.011078
vt 0.682770 0.047668
vt 0.653442 0.056488
vt 0.680359 0.112427
vt 0.688171 0.191559
vt 0.815918 0.101379
vt 0.574219 0.374115
vt 0.652344 0.347229
vt 0.574219 0.333771
vt 0.667969 0.297882
vt 0.574219 0.297882
vt 0.667969 0.269928
vt 0.574219 0.272430
vt 0.574219 0.026703
vt 0.960266 0.867584
vt 0.957458 0.810974
vt 0.989990 0.836975
vt 0.942108 0.919556
vt 0.989990 0.894073
vt 0.989990 0.931366
vt 0.989990 0.867584
vt 0.819061 0.947815
vt 0.914520 0.944855
vt 0.916687 0.970184
vt 0.965668 0.966248
vt 0.910431 0.809204
vt 0.902130 0.815613
vt 0.819061 0.823212
vt 0.853271 0.823212
vt 0.853271 0.947815
vt 0.211487 0.422668
vt 0.203125 0.499695
vt 0.150391 0.422668
vt 0.211975 0.336304
vt 0.277344 0.243744
vt 0.277344 0.326691
vt 0.500488 0.589020
vt 0.552673 0.685883
vt 0.504669 0.693634
vt 0.058594 0.319611
vt 0.009979 0.243744
vt 0.064423 0.243744
vt 0.417969 0.588104
vt 0.427063 0.666534
vt 0.192932 0.585815
vt 0.141815 0.592377
vt 0.146942 0.564026
vt 0.848877 0.259552
vt 0.848907 0.314972
vt 0.916382 0.314972
vt 0.916382 0.259460
vt 0.848907 0.259460
vt 0.916382 0.335754
vt 0.257812 0.450165
vt 0.916382 0.585632
vt 0.848938 0.585632
vt 0.848877 0.522095
vt 0.132812 0.499695
vt 0.117188 0.542114
vt 0.070312 0.436035
vt 0.082001 0.538574
vt 0.193268 0.557465
vt 0.218750 0.542114
vt 0.316376 0.425415
vt 0.219971 0.243744
vt 0.143982 0.336304
vt 0.156097 0.243744
vt 0.848846 0.427216
vt 0.848846 0.357330
vt 0.916382 0.355042
vt 0.425751 0.243744
vt 0.381042 0.304565
vt 0.379425 0.243744
vt 0.332001 0.319611
vt 0.337891 0.243744
vt 0.552673 0.595154
vt 0.498535 0.547852
vt 0.552673 0.538574
vt 0.496094 0.432495
vt 0.552673 0.432495
vt 0.496094 0.298401
vt 0.552673 0.312531
vt 0.009979 0.312531
vt 0.009979 0.432495
vt 0.009979 0.538574
vt 0.848938 0.335754
vt 0.848938 0.457733
vt 0.916382 0.457733
vt 0.848938 0.397552
vt 0.916382 0.397552
vt 0.363342 0.644897
vt 0.363892 0.594025
vt 0.416107 0.547852
vt 0.363892 0.550446
vt 0.417969 0.432495
vt 0.371094 0.425415
vt 0.425751 0.298401
vt 0.289062 0.676178
vt 0.289062 0.605774
vt 0.289062 0.563324
vt 0.916382 0.434021
vt 0.916382 0.539276
vt 0.848846 0.536499
vt 0.916382 0.617737
vt 0.848877 0.617737
vt 0.009979 0.595154
vt 0.105469 0.602234
vt 0.099609 0.327698
vt 0.109863 0.243744
vt 0.496094 0.243744
vt 0.552673 0.243744
vt 0.106903 0.705902
vt 0.149536 0.687866
vt 0.104431 0.771912
vt 0.009979 0.767700
vt 0.009979 0.685883
vt 0.511719 0.725830
vt 0.552673 0.764832
vt 0.106903 0.989990
vt 0.009979 0.989990
vt 0.009979 0.844513
vt 0.187500 0.619934
vt 0.196045 0.682037
vt 0.148438 0.626984
vt 0.207672 0.723969
vt 0.161163 0.746368
vt 0.552673 0.848816
vt 0.552673 0.989990
vt 0.511719 0.819427
vt 0.486725 0.989990
vt 0.449219 0.836365
vt 0.401459 0.989990
vt 0.395325 0.874695
vt 0.301971 0.989990
vt 0.309387 0.887970
vt 0.215424 0.989990
vt 0.214844 0.889557
vt 0.168915 0.989990
vt 0.167969 0.885376
vt 0.105469 0.870575
vt 0.289062 0.709442
vt 0.363251 0.692993
vt 0.425751 0.706390
vt 0.916382 0.522095
vt 0.916382 0.259552
vt 0.715393 0.804108
vt 0.740570 0.823212
vt 0.640137 0.827332
vt 0.647675 0.962372
vt 0.741791 0.948151
vt 0.880310 0.989990
vt 0.955231 0.989990
vt 0.615936 0.983185
vt 0.610199 0.823181
vt 0.580658 0.984528
vt 0.582458 0.822144
vt 0.750916 0.979462
vt 0.909271 0.802551
vt 0.914917 0.790039
vt 0.957916 0.790039
vt 0.989990 0.809692
vt 0.825470 0.790039
vt 0.824951 0.989990
vt 0.716400 0.989990
vt 0.989990 0.989990
vt 0.989990 0.967010
vt 0.886047 0.977936
vt 0.964874 0.989990
vt 0.970337 0.977936
vt 0.986969 0.986542
vt 0.737640 0.977936
vt 0.737640 0.989990
vt 0.832458 0.977936
vt 0.825806 0.989990
vt 0.867554 0.989990
vt 0.707397 0.790039
vt 0.989990 0.790039
vt 0.825470 0.786987
vt 0.927124 0.429626
vt 0.895111 0.346405
vt 0.927124 0.346405
vt 0.895111 0.429626
vt 0.916382 0.262451
vt 0.848877 0.262451
vt 0.574219 0.194031
vt 0.574219 0.123932
vt 0.574219 0.056854
vt 0.927124 0.382996
vt 0.895111 0.382996
vt 0.927124 0.341492
vt 0.895111 0.341492
vt 0.927124 0.477814
vt 0.895111 0.477814
vt 0.927124 0.589386
vt 0.895111 0.589386
vt 0.927124 0.652924
vt 0.895111 0.652924
s 1
usemtl m_body141
f 1/1/1 2/2/2 3/3/3
f 4/4/4 5/5/5 6/6/6
f 7/7/7 8/8/8 9/9/9
f 10/10/10 11/7/7 9/9/11
f 12/11/12 13/3/13 14/12/14
f 15/13/15 16/14/16 17/15/17
f 18/16/18 19/17/19 20/18/20
f 21/11/21 22/19/22 23/3/23
f 23/3/23 22/19/22 24/20/24
f 23/3/23 24/20/24 1/1/25
f 25/21/26 26/22/1 27/23/27
f 28/2/2 29/1/1 30/24/28
f 30/24/28 29/1/1 31/25/29
f 30/24/28 31/25/29 32/26/30
f 32/26/30 31/25/29 33/27/20
f 32/26/30 33/27/20 34/28/31
f 35/10/10 36/29/32 37/7/33
f 37/7/33 36/29/32 38/30/34
f 37/7/33 38/30/34 39/31/35
f 39/31/35 38/30/34 40/32/36
f 39/31/35 40/32/36 41/15/37
f 41/15/37 40/32/36 42/33/38
f 41/15/37 42/33/38 43/34/39
f 43/34/39 42/33/38 44/35/40
f 43/34/39 44/35/40 45/33/41
f 46/36/42 47/37/43 48/38/44
f 48/38/44 47/37/43 49/13/45
f 48/38/44 49/13/45 50/31/46
f 50/31/46 49/13/45 51/15/47
f 50/31/46 51/15/47 52/32/48
f 53/39/49 54/40/50 55/41/51
f 55/41/51 54/40/50 56/42/52
f 55/41/51 56/42/52 6/6/6
f 6/6/6 56/42/52 57/43/53
f 6/6/6 57/43/53 58/4/54
f 59/28/55 60/16/56 61/26/30
f 61/26/30 60/16/56 62/18/20
f 61/26/30 62/18/20 63/24/57
f 63/24/57 62/18/20 64/44/58
f 63/24/57 64/44/58 2/2/2
f 2/2/2 64/44/58 65/45/59
f 2/2/2 65/45/59 3/3/3
f 3/3/3 65/45/59 66/46/60
f 3/3/3 66/46/60 67/12/61
f 5/5/5 4/4/4 68/47/22
f 68/47/22 4/4/4 69/48/62
f 68/47/22 69/48/62 70/49/63
f 70/49/63 69/48/62 71/50/64
f 70/49/63 71/50/64 72/22/25
f 72/22/25 71/50/64 73/51/65
f 72/22/25 73/51/65 74/23/27
f 8/8/8 7/7/7 75/38/66
f 75/38/66 7/7/7 76/31/67
f 75/38/66 76/31/67 77/13/68
f 77/13/68 76/31/67 78/15/69
f 77/13/68 78/15/69 79/14/16
f 79/14/16 78/15/69 80/34/70
f 79/14/16 80/34/70 81/15/71
f 81/15/71 80/34/70 45/33/49
f 81/15/71 45/33/49 82/32/72
f 83/52/73 84/53/19 85/54/18
f 86/55/74 87/56/75 88/57/76
f 88/57/76 87/56/75 89/58/77
f 84/53/78 90/52/79 91/59/80
f 92/21/81 93/60/82 94/22/77
f 95/55/74 96/61/83 97/56/84
f 97/56/84 96/61/83 98/62/85
f 97/56/84 98/62/85 99/63/86
f 100/64/87 101/65/88 102/66/32
f 102/66/32 101/65/88 103/67/89
f 102/66/32 103/67/89 104/68/90
f 104/68/90 103/67/89 105/69/91
f 106/63/92 91/59/93 107/56/94
f 107/56/94 91/59/93 83/52/73
f 107/56/94 83/52/73 108/58/95
f 108/58/95 83/52/73 85/54/18
f 108/58/95 85/54/18 109/70/31
f 110/41/96 111/40/97 112/39/38
f 112/39/38 111/40/97 113/71/98
f 112/39/38 113/71/98 114/72/99
f 114/72/99 113/71/98 115/73/100
f 114/72/99 115/73/100 116/39/41
f 116/39/41 115/73/100 117/71/101
f 116/39/41 117/71/101 118/40/50
f 119/23/27 120/60/102 121/21/29
f 121/21/29 120/60/102 122/74/103
f 121/21/29 122/74/103 123/75/20
f 123/75/20 122/74/103 124/76/104
f 123/75/20 124/76/104 92/21/31
f 92/21/31 124/76/104 125/74/105
f 92/21/31 125/74/105 126/60/106
f 93/60/82 127/23/107 94/22/77
f 94/22/77 127/23/107 128/51/108
f 94/22/77 128/51/108 129/49/76
f 129/49/76 128/51/108 130/50/109
f 129/49/76 130/50/109 131/47/110
f 131/47/110 130/50/109 132/48/111
f 131/47/110 132/48/111 133/5/32
f 133/5/32 132/48/111 134/4/112
f 133/5/32 134/4/112 135/6/113
f 135/6/113 134/4/112 136/43/114
f 135/6/113 136/43/114 137/41/36
f 137/41/36 136/43/114 138/42/115
f 137/41/36 138/42/115 139/40/97
f 140/77/116 141/78/117 142/79/118
f 143/80/119 144/81/103 145/77/120
f 146/82/98 147/83/121 148/84/122
f 140/77/116 142/79/118 149/85/123
f 150/85/124 151/79/125 145/77/120
f 145/77/120 151/79/125 152/78/126
f 145/77/120 152/78/126 143/80/119
f 141/78/117 140/77/116 153/80/127
f 153/80/127 140/77/116 154/81/128
f 153/80/127 154/81/128 155/86/129
f 144/81/103 143/80/119 155/86/104
f 155/86/104 143/80/119 156/87/130
f 155/86/104 156/87/130 157/80/131
f 158/88/132 159/89/111 160/90/133
f 160/90/133 159/89/111 161/91/109
f 160/90/133 161/91/109 142/79/118
f 142/79/118 161/91/109 162/92/108
f 142/79/118 162/92/108 149/85/123
f 163/85/27 164/92/65 165/79/134
f 165/79/134 164/92/65 166/91/64
f 165/79/134 166/91/64 167/90/135
f 167/90/135 166/91/64 168/89/62
f 167/90/135 168/89/62 169/88/136
f 170/83/121 146/82/137 171/93/138
f 171/93/138 146/82/137 172/94/97
f 171/93/138 172/94/97 173/95/139
f 173/95/139 172/94/97 174/96/140
f 173/95/139 174/96/140 175/97/141
f 175/97/141 174/96/140 176/98/114
f 175/97/141 176/98/114 177/88/132
f 177/88/132 176/98/114 178/99/142
f 177/88/132 178/99/142 179/89/111
f 147/83/121 180/100/143 148/84/122
f 148/84/122 180/100/143 181/83/144
f 148/84/122 181/83/144 182/82/101
f 182/82/101 181/83/144 183/93/145
f 182/82/101 183/93/145 184/94/50
f 184/94/50 183/93/145 185/95/146
f 184/94/50 185/95/146 186/96/147
f 186/96/147 185/95/146 187/97/148
f 186/96/147 187/97/148 188/98/53
f 188/98/53 187/97/148 169/88/136
f 188/98/53 169/88/136 189/99/149
f 189/99/149 169/88/136 168/89/62
f 190/30/6 191/29/5 192/7/150
f 192/7/150 191/29/5 193/10/151
f 192/7/150 193/10/151 194/9/152
f 195/64/153 196/66/5 197/65/154
f 197/65/154 196/66/5 198/68/155
f 197/65/154 198/68/155 199/67/156
f 199/67/156 198/68/155 200/69/157
f 201/101/158 202/36/159 203/8/160
f 203/8/160 202/36/159 204/38/161
f 203/8/160 204/38/161 205/7/162
f 205/7/162 204/38/161 206/31/163
f 205/7/162 206/31/163 207/30/164
f 207/30/164 206/31/163 208/32/51
f 209/102/165 210/103/166 211/104/167
f 212/105/168 213/106/169 214/107/170
f 215/108/171 216/102/172 217/109/173
f 218/110/174 219/107/175 220/111/176
f 220/111/176 219/107/175 213/106/177
f 220/111/176 213/106/177 221/112/178
f 222/113/179 223/114/180 224/115/181
f 225/103/166 226/102/182 227/109/183
f 227/109/183 226/102/182 228/108/184
f 227/109/183 228/108/184 229/107/185
f 229/107/185 228/108/184 230/110/186
f 229/107/185 230/110/186 231/111/187
f 232/116/188 233/117/189 234/118/190
f 234/118/190 233/117/189 235/116/191
f 234/118/190 235/116/191 236/119/192
f 236/119/192 235/116/191 237/120/193
f 236/119/192 237/120/193 238/121/194
f 239/122/195 240/123/196 241/121/194
f 241/121/194 240/123/196 242/124/197
f 241/121/194 242/124/197 243/119/192
f 243/119/192 242/124/197 244/125/198
f 243/119/192 244/125/198 245/118/199
f 245/118/199 244/125/198 246/119/200
f 245/118/199 246/119/200 247/116/188
f 247/116/188 246/119/200 248/120/201
f 247/116/188 248/120/201 249/126/202
f 250/110/203 251/108/204 214/107/170
f 214/107/170 251/108/204 217/109/173
f 214/107/170 217/109/173 212/105/168
f 212/105/168 217/109/173 252/127/205
f 212/105/168 252/127/205 253/128/206
f 253/128/206 252/127/205 254/115/207
f 255/37/208 256/129/209 257/13/45
f 257/13/45 256/129/209 258/130/210
f 257/13/45 258/130/210 259/14/16
f 259/14/16 258/130/210 260/129/211
f 259/14/16 260/129/211 261/13/68
f 261/13/68 260/129/211 262/37/212
f 261/13/68 262/37/212 263/38/213
f 263/38/213 262/37/212 264/36/214
f 263/38/213 264/36/214 265/8/215
f 265/8/215 264/36/214 266/101/216
f 265/8/215 266/101/216 267/9/217
f 268/131/218 269/64/87 270/132/219
f 271/113/220 272/103/166 273/109/221
f 274/126/222 275/120/223 276/116/224
f 277/105/225 278/128/226 279/127/227
f 279/127/227 278/128/226 280/115/228
f 281/133/166 282/134/229 283/135/230
f 283/135/230 282/134/229 284/136/231
f 283/135/230 284/136/231 285/137/232
f 286/138/233 287/139/234 288/137/232
f 288/137/232 287/139/234 289/131/218
f 288/137/232 289/131/218 290/135/230
f 290/135/230 289/131/218 291/132/235
f 290/135/230 291/132/235 292/133/166
f 293/140/236 294/141/237 295/142/238
f 295/142/238 294/141/237 296/143/239
f 295/142/238 296/143/239 297/144/240
f 297/144/240 296/143/239 298/145/241
f 297/144/240 298/145/241 299/146/242
f 299/146/242 298/145/241 300/138/243
f 301/115/228 302/113/220 303/127/244
f 303/127/244 302/113/220 273/109/221
f 303/127/244 273/109/221 304/105/245
f 304/105/245 273/109/221 305/107/185
f 304/105/245 305/107/185 306/106/246
f 306/106/246 305/107/185 307/111/247
f 306/106/246 307/111/247 308/112/178
f 269/64/87 268/131/218 309/65/248
f 309/65/248 268/131/218 310/139/234
f 309/65/248 310/139/234 311/67/89
f 311/67/89 310/139/234 312/138/243
f 311/67/89 312/138/243 313/69/91
f 313/69/91 312/138/243 314/145/241
f 313/69/91 314/145/241 274/126/222
f 274/126/222 314/145/241 315/143/239
f 274/126/222 315/143/239 275/120/223
f 275/120/223 315/143/239 316/141/237
f 275/120/223 316/141/237 317/121/194
f 317/121/194 316/141/237 318/140/249
f 317/121/194 318/140/249 319/122/195
f 320/9/250 321/8/160 322/7/251
f 323/124/169 324/119/200 325/125/198
f 326/142/252 327/141/253 328/140/254
f 321/8/160 320/9/250 329/101/158
f 330/120/255 331/119/200 332/121/256
f 331/119/200 333/124/177 332/121/256
f 332/121/256 333/124/177 334/123/257
f 332/121/256 334/123/257 335/122/258
f 336/133/259 337/135/260 338/134/179
f 338/134/179 337/135/260 339/136/261
f 338/134/179 339/136/261 340/147/262
f 341/115/181 342/127/205 343/113/263
f 343/113/263 342/127/205 344/109/264
f 343/113/263 344/109/264 345/103/259
f 345/103/259 344/109/264 346/102/172
f 345/103/259 346/102/172 347/104/265
f 348/141/266 349/142/267 350/143/268
f 350/143/268 349/142/267 351/144/269
f 350/143/268 351/144/269 352/145/270
f 352/145/270 351/144/269 353/146/271
f 352/145/270 353/146/271 354/138/272
f 355/133/259 356/132/273 357/135/274
f 357/135/274 356/132/273 358/131/275
f 357/135/274 358/131/275 359/137/276
f 359/137/276 358/131/275 360/139/277
f 359/137/276 360/139/277 354/138/272
f 361/132/273 362/64/153 363/131/275
f 363/131/275 362/64/153 364/65/278
f 363/131/275 364/65/278 360/139/277
f 360/139/277 364/65/278 365/67/279
f 360/139/277 365/67/279 354/138/272
f 354/138/272 365/67/279 366/69/157
f 354/138/272 366/69/157 367/145/280
f 367/145/280 366/69/157 368/126/281
f 367/145/280 368/126/281 369/143/268
f 369/143/268 368/126/281 330/120/255
f 369/143/268 330/120/255 370/141/282
f 370/141/282 330/120/255 332/121/256
f 370/141/282 332/121/256 371/140/283
f 371/140/283 332/121/256 335/122/258
f 372/148/284 373/149/285 374/150/286
f 375/151/287 376/152/288 377/153/289
f 378/150/290 379/154/291 380/148/292
f 381/155/293 382/156/294 383/157/295
f 383/157/295 382/156/294 384/151/296
f 383/157/295 384/151/296 385/158/297
f 385/158/297 384/151/296 386/153/290
f 387/149/285 380/148/292 388/159/298
f 388/159/298 380/148/292 389/160/299
f 388/159/298 389/160/299 390/161/300
f 390/161/300 389/160/299 391/162/301
f 390/161/300 391/162/301 392/155/302
f 392/155/302 391/162/301 393/163/303
f 392/155/302 393/163/303 394/156/294
f 395/164/304 396/165/305 397/166/306
f 398/167/307 399/168/308 400/169/309
f 401/170/310 402/171/311 403/172/312
f 404/173/313 405/174/314 406/175/315
f 407/176/316 403/172/312 408/177/317
f 409/178/318 410/179/319 411/180/320
f 412/181/315 413/182/321 414/183/195
f 415/184/226 416/185/322 417/186/228
f 396/165/305 395/164/304 418/187/323
f 419/188/324 420/189/325 421/190/326
f 422/191/327 423/192/328 424/193/329
f 424/193/329 423/192/328 425/194/330
f 426/195/331 396/165/305 427/196/332
f 427/196/332 396/165/305 418/187/323
f 427/196/332 418/187/323 428/197/333
f 429/168/308 430/167/334 431/198/335
f 431/198/335 430/167/334 432/199/336
f 431/198/335 432/199/336 433/200/337
f 434/201/337 435/202/338 436/203/339
f 437/204/340 438/205/341 439/206/342
f 439/206/342 438/205/341 440/207/343
f 439/206/342 440/207/343 441/208/326
f 442/171/344 443/170/345 444/209/346
f 444/209/346 443/170/345 445/210/347
f 444/209/346 445/210/347 446/211/348
f 446/211/348 445/210/347 447/212/349
f 446/211/348 447/212/349 448/213/350
f 448/213/350 447/212/349 449/214/351
f 448/213/350 449/214/351 450/215/352
f 451/174/314 452/173/313 453/216/352
f 453/216/352 452/173/313 424/193/329
f 453/216/352 424/193/329 454/217/353
f 454/217/353 424/193/329 425/194/330
f 454/217/353 425/194/330 455/218/348
f 456/185/354 457/219/355 417/186/356
f 417/186/356 457/219/355 458/220/357
f 417/186/356 458/220/357 459/221/358
f 459/221/358 458/220/357 460/222/359
f 459/221/358 460/222/359 461/223/360
f 462/177/361 463/224/362 464/176/316
f 464/176/316 463/224/362 465/225/363
f 464/176/316 465/225/363 466/226/364
f 466/226/364 465/225/363 467/227/365
f 466/226/364 467/227/365 468/228/366
f 468/228/366 467/227/365 469/229/367
f 468/228/366 469/229/367 470/230/368
f 471/224/362 472/231/369 465/225/363
f 465/225/363 472/231/369 473/232/370
f 465/225/363 473/232/370 467/227/365
f 467/227/365 473/232/370 474/233/371
f 467/227/365 474/233/371 469/229/367
f 436/203/339 475/234/372 476/201/337
f 476/201/337 475/234/372 477/235/373
f 476/201/337 477/235/373 478/236/374
f 478/236/374 477/235/373 479/237/375
f 478/236/374 479/237/375 480/238/376
f 481/239/346 482/218/348 483/240/377
f 483/240/377 482/218/348 484/194/378
f 483/240/377 484/194/378 485/179/319
f 485/179/319 484/194/378 486/192/328
f 485/179/319 486/192/328 487/180/320
f 487/180/320 486/192/328 488/191/379
f 489/172/312 490/176/380 491/170/381
f 491/170/381 490/176/380 466/226/364
f 491/170/381 466/226/364 445/210/347
f 445/210/347 466/226/364 468/228/366
f 445/210/347 468/228/366 447/212/349
f 447/212/349 468/228/366 470/230/368
f 447/212/349 470/230/368 449/214/351
f 492/205/341 493/197/333 494/207/343
f 494/207/343 493/197/333 418/187/323
f 494/207/343 418/187/323 495/169/309
f 495/169/309 418/187/323 395/164/304
f 495/169/309 395/164/304 496/167/307
f 496/167/307 395/164/304 497/166/382
f 496/167/307 497/166/382 432/199/336
f 432/199/336 497/166/382 498/241/383
f 432/199/336 498/241/383 433/200/337
f 433/200/337 498/241/383 499/242/338
f 500/173/384 501/241/383 424/193/329
f 424/193/329 501/241/383 397/166/306
f 424/193/329 397/166/306 422/191/327
f 422/191/327 397/166/306 396/165/305
f 422/191/327 396/165/305 502/180/385
f 502/180/385 396/165/305 426/195/331
f 502/180/385 426/195/331 503/178/318
f 503/178/318 426/195/331 427/196/332
f 503/178/318 427/196/332 504/233/386
f 504/233/386 427/196/332 428/197/333
f 504/233/386 428/197/333 505/229/387
f 505/229/387 428/197/333 506/205/388
f 505/229/387 506/205/388 507/230/368
f 507/230/368 506/205/388 508/204/357
f 507/230/368 508/204/357 509/214/351
f 509/214/351 508/204/357 510/243/389
f 509/214/351 510/243/389 511/215/390
f 511/215/390 510/243/389 512/244/391
f 513/245/392 514/240/377 515/246/393
f 516/247/394 517/248/395 518/249/396
f 519/250/397 520/171/344 521/251/398
f 522/252/399 523/253/284 524/254/400
f 525/179/319 526/178/401 527/255/402
f 528/231/403 529/256/404 527/255/402
f 527/255/402 529/256/404 530/257/405
f 527/255/402 530/257/405 525/179/319
f 526/178/401 531/233/386 527/255/402
f 527/255/402 531/233/386 532/232/406
f 527/255/402 532/232/406 528/231/403
f 514/240/377 513/245/392 533/239/407
f 534/258/408 535/259/409 515/246/393
f 515/246/393 535/259/409 516/247/394
f 515/246/393 516/247/394 513/245/392
f 513/245/392 516/247/394 518/249/396
f 513/245/392 518/249/396 533/239/407
f 536/260/410 537/261/411 538/262/412
f 538/262/412 537/261/411 539/263/291
f 538/262/412 539/263/291 540/264/413
f 540/264/413 539/263/291 541/265/414
f 540/264/413 541/265/414 542/266/415
f 542/266/415 541/265/414 543/267/294
f 542/266/415 543/267/294 544/268/416
f 544/268/416 543/267/294 545/269/417
f 544/268/416 545/269/417 546/270/418
f 546/270/418 545/269/417 547/271/301
f 546/270/418 547/271/301 548/272/419
f 548/272/419 547/271/301 522/252/399
f 548/272/419 522/252/399 549/273/420
f 549/273/420 522/252/399 524/254/400
f 549/273/420 524/254/400 517/248/395
f 517/248/395 516/247/394 549/273/420
f 549/273/420 516/247/394 535/259/409
f 549/273/420 535/259/409 548/272/419
f 548/272/419 535/259/409 534/258/408
f 548/272/419 534/258/408 546/270/418
f 546/270/418 534/258/408 550/274/421
f 546/270/418 550/274/421 544/268/416
f 544/268/416 550/274/421 551/275/422
f 544/268/416 551/275/422 542/266/415
f 542/266/415 551/275/422 552/276/423
f 542/266/415 552/276/423 540/264/413
f 540/264/413 552/276/423 519/250/397
f 540/264/413 519/250/397 538/262/412
f 538/262/412 519/250/397 521/251/398
f 538/262/412 521/251/398 536/260/410
f 520/171/344 519/250/397 553/172/312
f 553/172/312 519/250/397 552/276/423
f 553/172/312 552/276/423 554/177/317
f 554/177/317 552/276/423 551/275/422
f 554/177/317 551/275/422 555/224/424
f 555/224/424 551/275/422 550/274/421
f 555/224/424 550/274/421 528/231/403
f 528/231/403 550/274/421 534/258/408
f 528/231/403 534/258/408 529/256/404
f 529/256/404 534/258/408 515/246/393
f 529/256/404 515/246/393 530/257/405
f 530/257/405 515/246/393 514/240/377
f 530/257/405 514/240/377 525/179/319
f 556/151/425 557/158/426 558/153/427
f 559/153/428 560/152/429 561/151/430
f 562/148/431 563/154/432 564/150/427
f 565/158/433 561/151/425 566/157/434
f 566/157/434 561/151/425 567/156/435
f 566/157/434 567/156/435 568/155/436
f 569/156/437 570/163/438 571/155/436
f 571/155/436 570/163/438 572/162/439
f 571/155/436 572/162/439 573/161/440
f 573/161/440 572/162/439 574/160/441
f 573/161/440 574/160/441 575/159/442
f 575/159/442 574/160/441 576/148/443
f 575/159/442 576/148/443 577/149/444
f 577/149/444 576/148/443 564/150/427
f 578/187/445 579/196/446 580/197/447
f 581/192/448 582/191/449 583/193/450
f 584/220/451 585/223/452 586/222/453
f 587/214/454 588/213/455 589/215/456
f 590/212/457 591/211/458 588/213/455
f 592/241/459 593/200/460 594/242/461
f 595/193/462 596/241/463 597/173/464
f 579/196/446 598/165/465 599/195/466
f 600/240/467 601/179/468 602/194/469
f 602/194/469 601/179/468 603/192/448
f 602/194/469 603/192/448 604/193/462
f 579/196/446 578/187/445 598/165/465
f 598/165/465 578/187/445 605/164/470
f 598/165/465 605/164/470 606/166/471
f 607/188/472 608/277/473 609/189/474
f 609/189/474 608/277/473 610/190/475
f 611/191/476 581/192/448 612/180/477
f 612/180/477 581/192/448 613/179/468
f 612/180/477 613/179/468 614/178/478
f 615/169/479 616/168/480 617/167/481
f 617/167/481 616/168/480 618/198/482
f 617/167/481 618/198/482 619/199/483
f 619/199/483 618/198/482 620/200/460
f 621/202/484 622/201/460 623/234/485
f 623/234/485 622/201/460 624/236/486
f 623/234/485 624/236/486 625/235/487
f 625/235/487 624/236/486 626/238/480
f 627/183/258 628/182/488 629/278/489
f 629/278/489 628/182/488 630/181/490
f 631/208/475 632/207/491 633/206/474
f 633/206/474 632/207/491 634/205/492
f 633/206/474 634/205/492 635/204/451
f 585/223/452 584/220/451 636/221/180
f 636/221/180 584/220/451 637/219/493
f 636/221/180 637/219/493 638/186/181
f 638/186/181 637/219/493 639/185/494
f 638/186/181 639/185/494 640/184/206
f 588/213/455 587/214/454 590/212/457
f 590/212/457 587/214/454 641/230/495
f 590/212/457 641/230/495 642/228/496
f 642/228/496 641/230/495 643/229/497
f 642/228/496 643/229/497 644/227/498
f 644/227/498 643/229/497 645/233/499
f 644/227/498 645/233/499 646/232/500
f 647/239/501 648/240/502 649/218/458
f 649/218/458 648/240/502 650/194/503
f 649/218/458 650/194/503 651/217/455
f 651/217/455 650/194/503 604/193/504
f 651/217/455 604/193/504 652/216/505
f 652/216/505 604/193/504 653/173/506
f 652/216/505 653/173/506 654/174/507
f 654/174/507 653/173/506 655/175/508
f 656/224/509 657/177/510 658/176/511
f 658/176/511 657/177/510 659/172/512
f 658/176/511 659/172/512 660/170/513
f 660/170/513 659/172/512 661/171/514
f 660/170/513 661/171/514 662/209/515
f 663/231/516 664/224/509 665/225/517
f 665/225/517 664/224/509 666/176/518
f 665/225/517 666/176/518 667/226/519
f 667/226/519 666/176/518 668/170/520
f 667/226/519 668/170/520 669/210/521
f 669/210/521 668/170/520 662/209/515
f 669/210/521 662/209/515 670/211/522
f 591/211/458 590/212/457 671/210/523
f 671/210/523 590/212/457 642/228/496
f 671/210/523 642/228/496 672/226/519
f 672/226/519 642/228/496 644/227/498
f 672/226/519 644/227/498 673/225/524
f 673/225/524 644/227/498 646/232/500
f 673/225/524 646/232/500 674/231/525
f 620/200/460 675/241/526 619/199/483
f 619/199/483 675/241/526 676/166/527
f 619/199/483 676/166/527 677/167/481
f 677/167/481 676/166/527 605/164/470
f 677/167/481 605/164/470 678/169/479
f 678/169/479 605/164/470 578/187/445
f 678/169/479 578/187/445 679/207/491
f 679/207/491 578/187/445 580/197/447
f 679/207/491 580/197/447 634/205/492
f 680/241/526 583/193/450 606/166/471
f 606/166/471 583/193/450 582/191/449
f 606/166/471 582/191/449 598/165/465
f 598/165/465 582/191/449 681/180/528
f 598/165/465 681/180/528 599/195/466
f 599/195/466 681/180/528 614/178/529
f 599/195/466 614/178/529 579/196/446
f 579/196/446 614/178/529 645/233/499
f 579/196/446 645/233/499 580/197/447
f 580/197/447 645/233/499 643/229/497
f 580/197/447 643/229/497 634/205/492
f 634/205/492 643/229/497 641/230/495
f 634/205/492 641/230/495 635/204/451
f 635/204/451 641/230/495 587/214/454
f 635/204/451 587/214/454 682/243/493
f 682/243/493 587/214/454 589/215/456
f 682/243/493 589/215/456 683/244/530
f 684/245/531 685/240/467 686/239/532
f 687/179/468 688/257/533 689/255/534
f 690/254/535 691/253/431 692/252/536
f 685/240/467 684/245/531 693/246/537
f 688/257/533 694/256/538 689/255/534
f 689/255/534 694/256/538 695/231/539
f 689/255/534 695/231/539 696/232/540
f 696/232/540 697/233/541 689/255/534
f 689/255/534 697/233/541 698/178/542
f 689/255/534 698/178/542 687/179/468
f 686/239/532 699/249/543 684/245/531
f 684/245/531 699/249/543 700/247/544
f 684/245/531 700/247/544 693/246/537
f 693/246/537 700/247/544 701/259/545
f 693/246/537 701/259/545 702/258/546
f 699/249/543 703/248/547 700/247/544
f 700/247/544 703/248/547 704/273/548
f 700/247/544 704/273/548 701/259/545
f 701/259/545 704/273/548 705/272/549
f 701/259/545 705/272/549 702/258/546
f 702/258/546 705/272/549 706/270/550
f 702/258/546 706/270/550 707/274/551
f 707/274/551 706/270/550 708/268/552
f 707/274/551 708/268/552 709/275/553
f 709/275/553 708/268/552 710/266/554
f 709/275/553 710/266/554 711/276/555
f 711/276/555 710/266/554 712/264/556
f 711/276/555 712/264/556 713/250/557
f 713/250/557 712/264/556 714/262/558
f 713/250/557 714/262/558 715/251/559
f 715/251/559 714/262/558 716/260/560
f 687/179/468 685/240/467 688/257/533
f 688/257/533 685/240/467 693/246/537
f 688/257/533 693/246/537 694/256/538
f 694/256/538 693/246/537 702/258/546
f 694/256/538 702/258/546 695/231/539
f 695/231/539 702/258/546 707/274/551
f 695/231/539 707/274/551 717/224/561
f 717/224/561 707/274/551 709/275/553
f 717/224/561 709/275/553 718/177/562
f 718/177/562 709/275/553 711/276/555
f 718/177/562 711/276/555 719/172/512
f 719/172/512 711/276/555 713/250/557
f 719/172/512 713/250/557 720/171/563
f 720/171/563 713/250/557 715/251/559
f 703/248/547 690/254/535 704/273/548
f 704/273/548 690/254/535 692/252/536
f 704/273/548 692/252/536 705/272/549
f 705/272/549 692/252/536 721/271/439
f 705/272/549 721/271/439 706/270/550
f 706/270/550 721/271/439 722/269/564
f 706/270/550 722/269/564 708/268/552
f 708/268/552 722/269/564 723/267/565
f 708/268/552 723/267/565 710/266/554
f 710/266/554 723/267/565 724/265/566
f 710/266/554 724/265/566 712/264/556
f 712/264/556 724/265/566 725/263/432
f 712/264/556 725/263/432 714/262/558
f 714/262/558 725/263/432 726/261/431
f 714/262/558 726/261/431 716/260/560
f 727/279/567 728/280/568 729/281/569
f 730/282/570 728/280/568 731/283/571
f 732/284/572 733/157/573 734/285/574
f 734/285/574 733/157/573 735/158/575
f 736/286/576 737/287/577 738/288/578
f 738/288/578 737/287/577 739/289/579
f 730/282/570 731/283/571 740/290/580
f 741/291/581 742/292/582 743/293/583
f 744/149/285 745/294/584 746/150/286
f 728/280/568 727/279/567 741/291/581
f 741/291/581 727/279/567 747/295/585
f 741/291/581 747/295/585 742/292/582
f 748/296/586 749/297/579 740/290/580
f 740/290/580 749/297/579 750/286/587
f 740/290/580 750/286/587 730/282/570
f 730/282/570 750/286/587 751/287/576
f 752/298/588 734/285/574 753/299/589
f 753/299/589 734/285/574 735/158/575
f 753/299/589 735/158/575 754/153/290
f 755/300/582 756/301/590 757/302/583
f 757/302/583 756/301/590 758/303/591
f 759/304/578 760/305/579 761/306/592
f 761/306/592 760/305/579 762/307/593
f 761/306/592 762/307/593 755/300/582
f 755/300/582 762/307/593 763/308/594
f 755/300/582 763/308/594 756/301/590
f 728/280/568 730/282/570 729/281/569
f 729/281/569 730/282/570 751/287/576
f 729/281/569 751/287/576 727/279/567
f 727/279/567 751/287/576 764/309/595
f 727/279/567 764/309/595 747/295/585
f 732/284/572 748/296/586 733/157/573
f 733/157/573 748/296/586 740/290/580
f 733/157/573 740/290/580 765/155/293
f 765/155/293 740/290/580 731/283/571
f 765/155/293 731/283/571 766/161/300
f 766/161/300 731/283/571 728/280/568
f 766/161/300 728/280/568 767/159/298
f 767/159/298 728/280/568 741/291/581
f 767/159/298 741/291/581 744/149/285
f 744/149/285 741/291/581 743/293/583
f 744/149/285 743/293/583 745/294/584
f 745/294/584 743/293/583 768/310/588
f 769/292/596 770/291/597 771/293/598
f 772/286/599 773/282/600 774/287/601
f 771/293/598 775/294/602 776/310/588
f 777/281/603 778/280/604 779/279/605
f 779/279/605 778/280/604 770/291/597
f 779/279/605 770/291/597 780/311/606
f 781/303/607 782/301/608 783/302/609
f 783/302/609 782/301/608 784/300/596
f 785/289/610 786/287/599 787/288/611
f 787/288/611 786/287/599 788/286/612
f 789/157/434 790/284/613 791/285/614
f 792/290/615 793/283/616 773/282/600
f 794/158/433 795/299/617 796/153/427
f 797/150/427 775/294/602 798/149/618
f 770/291/597 769/292/596 799/295/619
f 773/282/600 772/286/599 792/290/615
f 792/290/615 772/286/599 800/297/610
f 792/290/615 800/297/610 801/296/620
f 802/298/621 795/299/617 791/285/614
f 791/285/614 795/299/617 794/158/433
f 791/285/614 794/158/433 789/157/434
f 782/301/608 803/308/622 784/300/596
f 784/300/596 803/308/622 804/307/623
f 784/300/596 804/307/623 805/306/619
f 805/306/619 804/307/623 806/305/610
f 805/306/619 806/305/610 807/304/611
f 799/295/624 808/309/625 779/279/605
f 779/279/605 808/309/625 774/287/601
f 779/279/605 774/287/601 777/281/603
f 777/281/603 774/287/601 773/282/600
f 777/281/603 773/282/600 778/280/604
f 778/280/604 773/282/600 793/283/616
f 775/294/602 771/293/598 798/149/618
f 798/149/618 771/293/598 770/291/597
f 798/149/618 770/291/597 809/159/442
f 809/159/442 770/291/597 778/280/604
f 809/159/442 778/280/604 810/161/440
f 810/161/440 778/280/604 793/283/616
f 810/161/440 793/283/616 811/155/436
f 811/155/436 793/283/616 792/290/615
f 811/155/436 792/290/615 789/157/434
f 789/157/434 792/290/615 801/296/620
f 789/157/434 801/296/620 790/284/613
f 812/312/626 813/313/627 814/314/628
f 815/315/629 816/314/630 817/313/631
f 818/278/632 819/181/633 820/183/195
f 821/207/343 822/169/309 823/208/634
f 823/208/634 822/169/309 824/168/635
f 825/277/636 826/188/324 827/190/326
f 828/203/238 829/202/338 830/316/637
f 830/316/637 829/202/338 831/317/315
f 832/115/356 833/114/358 834/113/229
f 835/136/638 836/134/229 837/147/639
f 838/237/375 825/277/640 839/238/641
f 839/238/641 825/277/640 840/190/326
f 841/173/384 842/175/642 843/241/643
f 843/241/643 842/175/642 844/242/338
f 845/146/644 846/138/233 847/318/375
f 847/318/375 846/138/233 848/137/232
f 847/318/375 848/137/232 849/319/645
f 849/319/645 848/137/232 835/136/638
f 849/319/645 835/136/638 850/320/646
f 850/320/646 835/136/638 837/147/639
f 813/313/627 812/312/626 851/315/626
f 851/315/626 812/312/626 852/321/647
f 851/315/626 852/321/647 853/322/647
f 853/322/647 852/321/647 854/323/648
f 853/322/647 854/323/648 855/324/648
f 855/324/648 854/323/648 856/325/649
f 855/324/648 856/325/649 857/326/649
f 857/326/649 856/325/649 858/327/650
f 857/326/649 858/327/650 859/328/650
f 859/328/650 858/327/650 860/329/627
f 859/328/650 860/329/627 861/330/628
f 816/314/630 815/315/629 862/312/629
f 862/312/629 815/315/629 863/322/651
f 862/312/629 863/322/651 864/321/652
f 864/321/652 863/322/651 865/324/653
f 864/321/652 865/324/653 866/323/654
f 866/323/654 865/324/653 867/326/655
f 866/323/654 867/326/655 868/325/655
f 868/325/655 867/326/655 869/328/656
f 868/325/655 869/328/656 870/327/657
f 870/327/657 869/328/656 871/330/658
f 870/327/657 871/330/658 872/329/659
f 873/318/660 874/138/661 875/146/662
f 876/315/663 877/314/664 878/313/664
f 879/312/665 880/313/666 881/314/667
f 882/241/463 883/242/461 884/173/464
f 884/173/464 883/242/461 885/175/508
f 886/169/479 887/207/491 888/168/668
f 888/168/668 887/207/491 889/208/669
f 890/235/662 891/238/670 892/237/660
f 892/237/660 891/238/670 893/190/669
f 892/237/660 893/190/669 894/277/473
f 895/234/269 896/203/252 897/202/461
f 897/202/461 896/203/252 898/316/254
f 897/202/461 898/316/254 899/317/671
f 900/137/276 901/136/672 902/135/673
f 874/138/661 873/318/660 900/137/276
f 900/137/276 873/318/660 903/319/473
f 900/137/276 903/319/473 901/136/672
f 901/136/672 903/319/473 904/320/674
f 901/136/672 904/320/674 905/147/180
f 877/314/664 876/315/663 906/312/675
f 906/312/675 876/315/663 907/322/676
f 906/312/675 907/322/676 908/321/676
f 908/321/676 907/322/676 909/324/677
f 908/321/676 909/324/677 910/323/677
f 910/323/677 909/324/677 911/326/678
f 910/323/677 911/326/678 912/325/679
f 912/325/679 911/326/678 913/328/680
f 912/325/679 913/328/680 914/327/681
f 914/327/681 913/328/680 915/330/664
f 914/327/681 915/330/664 916/329/664
f 880/313/666 879/312/665 917/315/665
f 917/315/665 879/312/665 918/321/682
f 917/315/665 918/321/682 919/322/683
f 919/322/683 918/321/682 920/323/684
f 919/322/683 920/323/684 921/324/685
f 921/324/685 920/323/684 922/325/686
f 921/324/685 922/325/686 923/326/687
f 923/326/687 922/325/686 924/327/688
f 923/326/687 924/327/688 925/328/689
f 925/328/689 924/327/688 926/329/690
f 925/328/689 926/329/690 927/330/667
o editpl_m-0000-56
v -41.992508 31.826929 -1.899437
v -34.626209 31.026836 -5.676636
v -34.626209 33.102577 -2.459852
v -49.304623 38.414028 -6.329708
v -51.466560 38.886372 -6.813160
v -49.472595 39.561146 -5.394935
v -61.991779 40.027061 -0.738257
v -69.805092 39.095230 -0.411722
v -69.805092 37.588230 1.882245
v -47.126431 38.121624 -6.635321
v -45.552391 40.081688 -4.321926
v -43.729103 38.960274 -5.653473
v -43.282085 40.210217 -3.658395
v -41.913940 37.520752 3.322887
v -41.607803 39.853546 0.980350
v -43.807671 38.529701 2.590611
v -50.363918 39.467960 2.883521
v -53.111042 33.198975 -6.908056
v -49.916901 31.949032 -3.781685
v -55.833782 31.997229 -4.232259
v -48.911789 31.602003 -1.634173
v -55.831074 31.585938 -2.280519
v -50.556271 36.203331 2.899960
v -55.351543 35.923782 2.143025
v -55.408440 34.738106 2.198320
v -34.626209 31.026836 -5.676636
v -41.992508 31.826929 -1.899437
v -40.673130 33.247169 -7.139694
v -41.913940 37.520752 3.322887
v -34.626209 37.562523 4.333876
v -41.607803 39.853546 0.980350
v -39.895592 40.039913 -0.221927
v -40.673130 39.786072 -4.241974
v -49.304623 38.414028 -6.329708
v -50.992451 36.319008 -7.482669
v -55.297359 38.410812 2.361961
v -55.351543 35.923782 2.143025
v -50.363918 39.467960 2.883521
v -50.556271 36.203331 2.899960
v -45.319401 36.068378 2.924618
v -34.626209 33.102577 -2.459852
v -34.626209 31.881554 0.626916
v -41.992508 31.826929 -1.899437
v -43.872688 32.745911 1.756713
v -48.911789 31.602003 -1.634173
v -48.467484 32.572395 1.125311
v -55.833782 31.997229 0.042590
v -55.579117 32.951553 1.308380
v -62.528198 34.375011 0.455802
v -40.673130 37.549671 -7.139695
v -40.673130 35.400028 -7.880191
v -43.582806 35.891651 -7.144178
v -40.673130 33.247169 -7.139694
v -43.582806 33.353207 -6.684638
v -41.992508 31.826929 -1.899437
v -45.920841 31.769091 -6.275908
v -47.470497 32.241432 -3.826518
v -47.562611 32.279991 -5.092310
v -43.582806 37.928829 -6.684638
v -47.126431 38.121624 -6.635321
v -47.126431 36.039459 -7.490141
v -49.632435 36.203331 -7.741208
v -47.126431 33.349995 -7.224877
v -50.594200 33.497803 -7.597740
v -55.408440 34.738106 2.198320
v -49.922321 33.963718 2.267811
v -44.587917 33.947655 2.092214
v -41.913940 33.918736 3.322887
v -34.626209 33.674530 4.333877
v -34.626209 37.562523 4.333876
v -47.562611 32.279991 -5.092310
v -50.594200 33.497803 -7.597740
v -43.582806 35.891651 -7.144178
v -40.673130 37.549671 -7.139695
v -40.673130 39.786072 -4.241974
v -43.282085 40.210217 -3.658395
v -49.954830 40.875351 1.954726
v -54.999352 40.171658 1.639399
v -55.297359 38.410812 2.361961
v -54.999352 40.171658 1.639399
v -62.311466 38.616459 0.683704
v -62.392738 36.649971 1.162672
v -62.528198 34.375011 0.455802
v -49.922321 33.963718 2.267811
v -44.587917 33.947655 2.092214
v -43.872688 32.745911 1.756713
v -41.913940 33.918736 3.322887
v -34.626209 31.881554 0.626916
v -34.626209 33.674530 4.333877
v -48.911789 31.602003 -1.634173
v -49.916901 31.949032 -3.781685
v -53.111042 33.198975 -6.908056
v -45.552391 40.081688 -4.321926
v -49.296497 41.206314 -4.025280
v -49.621597 41.440880 -0.195028
v -49.954830 40.875351 1.954726
v -54.254322 41.199886 0.215197
v -61.991779 40.027061 -0.738257
v -62.311466 38.616459 0.683704
v -69.805092 37.588230 1.882245
v -62.392738 36.649971 1.162672
v -69.805092 35.194382 1.882245
v -62.796410 33.308224 -2.051123
v -69.805092 33.600624 -1.208259
v -74.659973 31.756239 -1.582615
v -69.805092 34.885914 -5.742393
v -74.659973 31.756239 -1.582615
v -69.805092 33.600624 -1.208259
v -74.703316 33.436752 3.791394
v -69.805092 35.194382 1.882245
v -74.703316 39.053455 3.791394
v -71.972450 37.790661 1.793326
v -71.972450 34.368584 1.793326
v -69.805092 35.345402 1.439891
v -71.986000 34.818436 -4.497523
v -69.805092 35.075493 -5.205141
v -71.931816 33.639183 -1.052837
v -69.805092 33.954079 -1.253839
v -71.972450 34.368584 1.793326
v -69.805092 35.345402 1.439891
v -69.805092 35.345402 1.439891
v -69.805092 37.430782 1.439891
v -71.972450 37.790661 1.793326
v -69.805092 38.741776 -0.558924
v -71.972450 39.034180 -0.166633
v -69.805092 38.761055 -2.928360
v -71.972450 39.034180 -3.112176
v -69.805092 37.430782 -5.205141
v -71.972450 37.790661 -4.753820
v -69.805092 35.075493 -5.205141
v -71.986000 34.818436 -4.497523
v -74.659973 31.756239 -1.582615
v -74.716866 33.693810 -7.017150
v -69.805092 34.885914 -5.742393
v -74.703316 38.568260 -7.437836
v -69.805092 37.588230 -5.742393
v -74.700607 40.608654 -4.173230
v -69.805092 39.114510 -3.130110
v -74.700607 40.608654 0.660540
v -69.805092 39.095230 -0.411722
v -69.805092 37.588230 1.882245
v -55.833782 31.997229 0.042590
v -55.831074 31.585938 -2.280519
v -48.911789 31.602003 -1.634173
v -55.833782 31.997229 -4.232259
v -55.833782 33.182907 -6.962604
v -53.111042 33.198975 -6.908056
v -55.519516 36.277237 -7.692638
v -50.992451 36.319008 -7.482669
v -55.031860 38.783546 -6.962604
v -51.466560 38.886372 -6.813160
v -49.296497 41.206314 -4.025280
v -49.472595 39.561146 -5.394935
v -49.621597 41.440880 -0.195028
v -49.296497 41.206314 -4.025280
v -54.254322 41.199886 0.215197
v -54.148663 41.129196 -3.197360
v -61.991779 40.027061 -0.738257
v -61.991779 40.001354 -3.541081
v -69.805092 39.095230 -0.411722
v -69.805092 35.194382 1.882245
v -69.805092 33.600624 -1.208259
v -62.796410 33.308224 -2.051123
v -62.186844 36.492523 -6.600202
v -61.948433 38.327271 -6.050248
v -55.031860 38.783546 -6.962604
v -62.796410 33.308224 -2.051123
v -55.831074 31.585938 -2.280519
v -55.833782 31.997229 0.042590
v -61.991779 40.001354 -3.541081
v -54.148663 41.129196 -3.197360
v -49.296497 41.206314 -4.025280
v -55.519516 36.277237 -7.692638
v -55.833782 33.182907 -6.962604
v -62.425251 34.657776 -6.050247
v -55.833782 31.997229 -4.232259
v -62.796410 33.308224 -2.051123
v -55.831074 31.585938 -2.280519
v -69.805092 33.600624 -1.208259
v -69.805092 34.885914 -5.742393
v -69.805092 37.588230 -5.742393
v -69.805092 39.114510 -3.130110
v -69.805092 39.095230 -0.411722
v 74.703316 39.053455 3.791394
v 69.805092 35.194382 1.882245
v 74.703316 33.436752 3.791394
v 69.805092 33.600624 -1.208259
v 74.659973 31.756239 -1.582615
v 69.805092 35.345402 1.439891
v 71.972450 34.368584 1.793326
v 71.972450 37.790661 1.793326
v 71.972450 34.368584 1.793326
v 69.805092 35.345402 1.439891
v 71.931816 33.639183 -1.052837
v 69.805092 33.954079 -1.253839
v 71.986000 34.818436 -4.497523
v 69.805092 35.075493 -5.205141
v 71.986000 34.818436 -4.497523
v 69.805092 35.075493 -5.205141
v 71.972450 37.790661 -4.753820
v 69.805092 37.430782 -5.205141
v 71.972450 39.034180 -3.112176
v 69.805092 38.761055 -2.928360
v 71.972450 39.034180 -0.166633
v 69.805092 38.741776 -0.558924
v 71.972450 37.790661 1.793326
v 69.805092 37.430782 1.439891
v 69.805092 35.345402 1.439891
v 74.659973 31.756239 -1.582615
v 69.805092 33.600624 -1.208259
v 74.716866 33.693810 -7.017150
v 69.805092 34.885914 -5.742393
v 74.703316 38.568260 -7.437836
v 69.805092 37.588230 -5.742393
v 74.700607 40.608654 -4.173230
v 69.805092 39.114510 -3.130110
v 74.700607 40.608654 0.660540
v 69.805092 39.095230 -0.411722
v 74.703316 39.053455 3.791394
v 69.805092 37.588230 1.882245
v 69.805092 35.194382 1.882245
v 45.319401 36.068378 2.924618
v 43.807671 38.529701 2.590611
v 41.913940 37.520752 3.322887
v 43.872688 32.745911 1.756713
v 41.913940 33.918736 3.322887
v 34.626209 31.881554 0.626916
v 43.582806 35.891651 -7.144178
v 40.673130 35.400028 -7.880191
v 40.673130 37.549671 -7.139695
v 55.031860 38.783546 -6.962604
v 51.466560 38.886372 -6.813160
v 49.296497 41.206314 -4.025280
v 34.626209 33.674530 4.333877
v 69.805092 37.588230 1.882245
v 69.805092 39.095230 -0.411722
v 61.991779 40.027061 -0.738257
v 41.992508 31.826929 -1.899437
v 47.470497 32.241432 -3.826518
v 48.911789 31.602003 -1.634173
v 62.796410 33.308224 -2.051123
v 62.528198 34.375011 0.455802
v 55.833782 31.997229 0.042590
v 50.556271 36.203331 2.899960
v 40.673130 33.247169 -7.139694
v 41.992508 31.826929 -1.899437
v 34.626209 31.026836 -5.676636
v 34.626209 33.102577 -2.459852
v 40.673130 39.786072 -4.241974
v 39.895592 40.039913 -0.221927
v 41.607803 39.853546 0.980350
v 34.626209 37.562523 4.333876
v 48.911789 31.602003 -1.634173
v 55.831074 31.585938 -2.280519
v 55.833782 31.997229 0.042590
v 53.111042 33.198975 -6.908056
v 50.594200 33.497803 -7.597740
v 50.992451 36.319008 -7.482669
v 47.126431 36.039459 -7.490141
v 43.582806 37.928829 -6.684638
v 47.126431 38.121624 -6.635321
v 43.729103 38.960274 -5.653473
v 45.552391 40.081688 -4.321926
v 43.282085 40.210217 -3.658395
v 55.833782 31.997229 -4.232259
v 49.916901 31.949032 -3.781685
v 53.111042 33.198975 -6.908056
v 47.562611 32.279991 -5.092310
v 50.594200 33.497803 -7.597740
v 62.528198 34.375011 0.455802
v 62.392738 36.649971 1.162672
v 55.351543 35.923782 2.143025
v 55.297359 38.410812 2.361961
v 50.363918 39.467960 2.883521
v 69.805092 39.095230 -0.411722
v 61.991779 40.001354 -3.541081
v 61.991779 40.027061 -0.738257
v 54.148663 41.129196 -3.197360
v 54.254322 41.199886 0.215197
v 49.296497 41.206314 -4.025280
v 49.621597 41.440880 -0.195028
v 44.587917 33.947655 2.092214
v 49.922321 33.963718 2.267811
v 55.408440 34.738106 2.198320
v 48.467484 32.572395 1.125311
v 55.579117 32.951553 1.308380
v 40.673130 35.400028 -7.880191
v 43.582806 35.891651 -7.144178
v 40.673130 33.247169 -7.139694
v 43.582806 33.353207 -6.684638
v 45.920841 31.769091 -6.275908
v 51.466560 38.886372 -6.813160
v 55.031860 38.783546 -6.962604
v 50.992451 36.319008 -7.482669
v 55.519516 36.277237 -7.692638
v 55.833782 33.182907 -6.962604
v 55.833782 31.997229 -4.232259
v 49.632435 36.203331 -7.741208
v 49.304623 38.414028 -6.329708
v 51.466560 38.886372 -6.813160
v 49.472595 39.561146 -5.394935
v 49.296497 41.206314 -4.025280
v 62.311466 38.616459 0.683704
v 54.999352 40.171658 1.639399
v 50.363918 39.467960 2.883521
v 49.954830 40.875351 1.954726
v 41.607803 39.853546 0.980350
v 40.673130 39.786072 -4.241974
v 40.673130 37.549671 -7.139695
v 43.582806 35.891651 -7.144178
v 47.126431 33.349995 -7.224877
v 34.626209 37.562523 4.333876
v 41.607803 39.853546 0.980350
v 48.911789 31.602003 -1.634173
v 41.992508 31.826929 -1.899437
v 34.626209 33.102577 -2.459852
v 62.796410 33.308224 -2.051123
v 69.805092 33.600624 -1.208259
v 62.528198 34.375011 0.455802
v 69.805092 35.194382 1.882245
v 62.392738 36.649971 1.162672
v 69.805092 37.588230 1.882245
v 62.311466 38.616459 0.683704
v 54.999352 40.171658 1.639399
v 54.254322 41.199886 0.215197
v 49.954830 40.875351 1.954726
v 43.282085 40.210217 -3.658395
v 49.296497 41.206314 -4.025280
v 45.552391 40.081688 -4.321926
v 49.472595 39.561146 -5.394935
v 47.126431 38.121624 -6.635321
v 49.304623 38.414028 -6.329708
v 47.126431 36.039459 -7.490141
v 49.632435 36.203331 -7.741208
v 47.126431 33.349995 -7.224877
v 45.920841 31.769091 -6.275908
v 47.470497 32.241432 -3.826518
v 49.916901 31.949032 -3.781685
v 48.911789 31.602003 -1.634173
v 55.833782 31.997229 -4.232259
v 55.831074 31.585938 -2.280519
v 55.833782 33.182907 -6.962604
v 62.425251 34.657776 -6.050247
v 55.833782 31.997229 -4.232259
v 69.805092 34.885914 -5.742393
v 69.805092 33.600624 -1.208259
v 62.796410 33.308224 -2.051123
v 55.031860 38.783546 -6.962604
v 61.948433 38.327271 -6.050248
v 62.186844 36.492523 -6.600202
v 55.833782 31.997229 0.042590
v 55.831074 31.585938 -2.280519
v 62.796410 33.308224 -2.051123
v 55.519516 36.277237 -7.692638
v 49.296497 41.206314 -4.025280
v 54.148663 41.129196 -3.197360
v 61.991779 40.001354 -3.541081
v 55.831074 31.585938 -2.280519
v 69.805092 37.588230 -5.742393
v 69.805092 39.114510 -3.130110
v 69.805092 39.095230 -0.411722
v -74.684357 33.398193 2.784888
v -77.954353 34.677055 4.978728
v -77.507332 32.771614 3.414049
v -73.516693 35.612099 -5.994953
v -71.972450 37.790661 -4.753820
v -71.986000 34.818436 -4.497523
v -88.260124 33.619904 -3.961766
v -84.784233 36.919880 -4.479590
v -86.845924 32.868011 -3.730874
v -77.789093 35.882011 3.555272
v -83.061180 32.996540 3.162235
v -83.112656 33.960506 3.881060
v -82.985329 32.353897 3.841459
v -79.769508 39.686462 2.750516
v -80.435974 37.565739 3.127862
v -78.008537 36.723873 3.341567
v -75.423965 37.221924 4.383193
v -71.972450 37.790661 1.793326
v -76.491386 38.452583 3.566481
v -71.972450 39.034180 -0.166633
v -87.712868 35.184742 1.454088
v -85.128296 37.694267 2.013756
v -85.098495 38.176247 -2.132570
v -87.477165 33.019032 -1.611009
v -86.845924 32.868011 -3.730874
v -83.705971 35.509277 -4.215821
v -86.845924 32.868011 -3.730874
v -87.477165 33.019032 -1.611009
v -88.682762 33.738792 -2.013762
v -86.764648 34.493900 2.027953
v -84.074425 36.254745 2.736319
v -71.972450 34.368584 1.793326
v -82.985329 32.353897 3.841459
v -83.034088 33.439964 4.808362
v -83.112656 33.960506 3.881060
v -77.789093 35.882011 3.555272
v -80.435974 37.565739 3.127862
v -77.111794 35.817745 -0.963170
v -78.008537 36.723873 3.341567
v -75.063644 34.011917 -4.715712
v -78.647903 36.842762 -6.047259
v -79.718040 39.843910 -4.481084
v -79.094925 37.022701 -4.128396
v -83.705971 35.509277 -4.215821
v -71.972450 39.034180 -3.112176
v -78.967590 38.873516 -6.336433
v -80.975105 35.901291 -6.227339
v -78.647903 36.842762 -6.047259
v -79.094925 37.022701 -4.128396
v -80.975105 35.901291 -6.227339
v -81.422119 36.084442 -4.868145
v -84.112350 32.061493 -6.227338
v -84.559364 32.241432 -5.328433
v -79.718040 39.843910 -4.481084
v -81.422119 36.084442 -4.868145
v -82.893211 37.861355 -5.220833
v -84.112350 32.061493 -6.227338
v -85.280014 33.054379 -6.516512
v -82.142761 36.894173 -6.516513
v -86.764648 34.493900 2.027953
v -78.710213 33.844830 2.028701
v -71.931816 33.639183 -1.052837
v -75.063644 34.011917 -4.715712
v -71.986000 34.818436 -4.497523
v -77.507332 32.771614 3.414049
v -74.684357 33.398193 2.784888
v -71.972450 34.368584 1.793326
v -86.764648 34.493900 2.027953
v -84.074425 36.254745 2.736319
v -80.465775 40.811089 -2.146020
v -84.112350 32.061493 -6.227338
v -84.559364 32.241432 -5.328433
v -85.553642 33.462456 -5.681120
v -84.559364 32.241432 -5.328433
v 71.972450 37.790661 -4.753820
v 73.516693 35.612099 -5.994953
v 71.986000 34.818436 -4.497523
v 81.422119 36.084442 -4.868145
v 84.112350 32.061493 -6.227338
v 84.559364 32.241432 -5.328433
v 82.893211 37.861355 -5.220833
v 84.559364 32.241432 -5.328433
v 85.553642 33.462456 -5.681120
v 80.465775 40.811089 -2.146020
v 71.972450 39.034180 -3.112176
v 71.972450 39.034180 -0.166633
v 85.128296 37.694267 2.013756
v 84.074425 36.254745 2.736319
v 86.764648 34.493900 2.027953
v 87.712868 35.184742 1.454088
v 83.034088 33.439964 4.808362
v 83.112656 33.960506 3.881060
v 77.789093 35.882011 3.555272
v 86.764648 34.493900 2.027953
v 87.477165 33.019032 -1.611009
v 83.705971 35.509277 -4.215821
v 86.845924 32.868011 -3.730874
v 87.477165 33.019032 -1.611009
v 85.098495 38.176247 -2.132570
v 88.682762 33.738792 -2.013762
v 88.260124 33.619904 -3.961766
v 78.967590 38.873516 -6.336433
v 79.094925 37.022701 -4.128396
v 79.718040 39.843910 -4.481084
v 83.705971 35.509277 -4.215821
v 84.784233 36.919880 -4.479590
v 86.845924 32.868011 -3.730874
v 80.975105 35.901291 -6.227339
v 79.094925 37.022701 -4.128396
v 78.647903 36.842762 -6.047259
v 81.422119 36.084442 -4.868145
v 79.718040 39.843910 -4.481084
v 78.008537 36.723873 3.341567
v 75.423965 37.221924 4.383193
v 77.954353 34.677055 4.978728
v 80.435974 37.565739 3.127862
v 78.008537 36.723873 3.341567
v 77.111794 35.817745 -0.963170
v 77.789093 35.882011 3.555272
v 75.063644 34.011917 -4.715712
v 84.074425 36.254745 2.736319
v 86.764648 34.493900 2.027953
v 84.559364 32.241432 -5.328433
v 84.112350 32.061493 -6.227338
v 85.280014 33.054379 -6.516512
v 82.142761 36.894173 -6.516513
v 71.972450 34.368584 1.793326
v 71.931816 33.639183 -1.052837
v 74.684357 33.398193 2.784888
v 78.710213 33.844830 2.028701
v 77.507332 32.771614 3.414049
v 83.061180 32.996540 3.162235
v 82.985329 32.353897 3.841459
v 84.112350 32.061493 -6.227338
v 80.975105 35.901291 -6.227339
v 78.647903 36.842762 -6.047259
v 75.063644 34.011917 -4.715712
v 71.986000 34.818436 -4.497523
v 83.112656 33.960506 3.881060
v 80.435974 37.565739 3.127862
v 79.769508 39.686462 2.750516
v 76.491386 38.452583 3.566481
v 74.684357 33.398193 2.784888
v 77.507332 32.771614 3.414049
v 82.985329 32.353897 3.841459
v 86.845924 32.868011 -3.730874
v 71.972450 37.790661 1.793326
v 71.972450 34.368584 1.793326
v -40.673130 37.549671 -7.139695
v -34.626209 37.257267 -8.093896
v -40.673130 35.400028 -7.880191
v -40.022926 31.467049 -7.889904
v -34.152100 29.712631 -5.304521
v -40.058144 30.583412 -2.777421
v -40.031052 31.322453 1.522833
v -34.154812 32.912998 4.844975
v -39.984997 33.581345 4.673862
v -40.673130 39.786072 -4.241974
v -34.626209 31.026836 -5.676636
v -40.673130 33.247169 -7.139694
v -34.626209 32.572395 -8.093896
v -34.626209 34.914833 -8.833644
v -34.154812 32.912998 4.844975
v -34.152100 30.576986 0.913849
v -34.154812 36.023392 -2.092220
v -34.152100 30.053232 -2.481521
v -34.152100 29.712631 -5.304521
v -34.154812 38.336910 -8.312084
v -34.152100 40.705051 -5.182725
v -34.152100 41.575832 -2.146020
v -40.022926 35.281139 -9.064535
v -40.022926 31.467049 -7.889904
v -40.003960 35.930210 -1.730566
v -40.058144 30.583412 -2.777421
v -40.022926 38.523277 -7.806963
v -34.154812 38.336910 -8.312084
v -40.022926 35.281139 -9.064535
v -34.154812 34.808796 -9.569655
v -34.154812 38.336910 -8.312084
v -40.022926 38.523277 -7.806963
v -40.022926 40.698624 -4.502007
v -34.154812 31.354586 -8.395025
v -40.022926 35.281139 -9.064535
v -34.154812 34.808796 -9.569655
v -39.984997 37.556095 4.673861
v -40.022926 41.013519 0.587312
v -40.031052 31.322453 1.522833
v -39.984997 33.581345 4.673862
v -34.152100 29.712631 -5.304521
v -34.152100 30.053232 -2.481521
v -40.022926 40.698624 -4.502007
v -40.022926 38.523277 -7.806963
v -34.152100 40.621510 1.375630
v -34.154812 37.790661 4.844975
v -34.154812 31.354586 -8.395025
v -34.154812 34.808796 -9.569655
v -34.152100 30.576986 0.913849
v -40.058144 30.583412 -2.777421
v -34.152100 30.053232 -2.481521
v -40.022926 41.013519 0.587312
v -39.984997 37.556095 4.673861
v -34.154812 37.790661 4.844975
v -39.984997 33.581345 4.673862
v -34.154812 32.912998 4.844975
v -34.626209 37.562523 4.333876
v -34.626209 39.500095 0.339982
v -39.895592 40.039913 -0.221927
v -34.626209 40.309826 -2.157976
v -34.626209 39.406910 -4.656681
v -34.152100 40.621510 1.375630
v -34.152100 41.575832 -2.146020
v -34.152100 40.705051 -5.182725
v 40.673130 35.400028 -7.880191
v 34.626209 34.914833 -8.833644
v 34.626209 37.257267 -8.093896
v 34.154812 32.912998 4.844975
v 34.152100 35.814533 -2.314145
v 34.152100 30.576986 0.913849
v 34.152100 41.575832 -2.146020
v 34.152100 40.705051 -5.182725
v 34.154812 37.790661 4.844975
v 34.152100 40.621510 1.375630
v 34.154812 31.354586 -8.395025
v 34.152100 29.712631 -5.304521
v 34.152100 30.053232 -2.481521
v 34.154812 38.336910 -8.312084
v 34.154812 34.808796 -9.569655
v 40.673130 39.786072 -4.241974
v 40.673130 37.549671 -7.139695
v 34.626209 32.572395 -8.093896
v 40.673130 33.247169 -7.139694
v 34.626209 31.026836 -5.676636
v 40.022926 35.281139 -9.064535
v 40.003960 35.930210 -1.730566
v 40.022926 31.467049 -7.889904
v 40.058144 30.583412 -2.777421
v 40.022926 38.523277 -7.806963
v 40.022926 35.281139 -9.064535
v 34.154812 38.336910 -8.312084
v 34.154812 34.808796 -9.569655
v 40.022926 40.698624 -4.502007
v 40.022926 38.523277 -7.806963
v 34.154812 38.336910 -8.312084
v 40.022926 41.013519 0.587312
v 39.984997 37.556095 4.673861
v 39.984997 33.581345 4.673862
v 40.031052 31.322453 1.522833
v 40.022926 38.523277 -7.806963
v 40.022926 40.698624 -4.502007
v 34.152100 30.053232 -2.481521
v 40.058144 30.583412 -2.777421
v 34.152100 30.576986 0.913849
v 40.031052 31.322453 1.522833
v 34.154812 32.912998 4.844975
v 39.984997 33.581345 4.673862
v 34.154812 32.912998 4.844975
v 39.984997 33.581345 4.673862
v 34.154812 37.790661 4.844975
v 39.984997 37.556095 4.673861
v 40.022926 41.013519 0.587312
v 34.626209 39.406910 -4.656681
v 34.626209 40.309826 -2.157976
v 39.895592 40.039913 -0.221927
v 34.626209 39.500095 0.339982
v 34.626209 37.562523 4.333876
v 34.152100 40.705051 -5.182725
v 34.152100 41.575832 -2.146020
v 34.152100 40.621510 1.375630
v 34.154812 34.808796 -9.569655
v 40.022926 35.281139 -9.064535
v 34.154812 31.354586 -8.395025
v 40.022926 31.467049 -7.889904
v 34.152100 29.712631 -5.304521
v 40.058144 30.583412 -2.777421
v 34.152100 30.053232 -2.481521
vn 0.0314 -0.9980 -0.0551
vn -0.0941 -0.9886 -0.1177
vn 0.1726 -0.9805 0.0941
vn 0.1105 0.5367 -0.8365
vn 0.1572 0.5424 -0.8253
vn 0.1650 0.6445 -0.7466
vn -0.1330 0.9234 0.3600
vn 0.1333 0.9567 0.2588
vn 0.1729 0.4716 0.8647
vn 0.0157 0.6199 -0.7845
vn 0.0943 0.7384 -0.6677
vn 0.0314 0.7774 -0.6282
vn 0.1655 0.9612 -0.2207
vn -0.1024 0.3544 0.9295
vn 0.0785 0.8869 0.4552
vn 0.0078 0.3768 0.9263
vn -0.0314 0.3138 0.9490
vn -0.0315 -0.6786 -0.7338
vn 0.0392 -0.9730 -0.2275
vn -0.1019 -0.9491 -0.2981
vn 0.0236 -0.9992 0.0314
vn -0.1173 -0.9930 -0.0157
vn -0.0392 -0.1017 0.9940
vn -0.1565 -0.0548 0.9862
vn -0.1415 -0.2123 0.9669
vn -0.0942 -0.9886 -0.1177
vn 0.0314 -0.9980 -0.0550
vn -0.2117 -0.6508 -0.7292
vn -0.1024 0.3545 0.9294
vn -0.0079 0.7149 0.6992
vn 0.0784 0.8869 0.4552
vn 0.0078 0.9790 0.2036
vn -0.0000 0.9379 -0.3468
vn 0.1572 0.5423 -0.8253
vn 0.1105 0.5366 -0.8366
vn -0.0314 0.1259 -0.9915
vn -0.1645 0.1723 0.9712
vn -0.0314 0.3137 0.9490
vn -0.0391 -0.1017 0.9940
vn -0.1497 -0.0867 0.9849
vn 0.1725 -0.9805 0.0941
vn -0.0000 -0.9720 0.2352
vn 0.0314 -0.9980 -0.0549
vn -0.0940 -0.8149 0.5719
vn 0.0236 -0.9992 0.0315
vn -0.0157 -0.7525 0.6584
vn -0.1257 -0.9110 0.3927
vn -0.1100 -0.6285 0.7700
vn -0.1488 -0.5485 0.8228
vn -0.0707 0.5497 -0.8324
vn -0.1886 -0.0000 -0.9821
vn -0.0935 0.0146 -0.9955
vn 0.1110 -0.4974 -0.8604
vn -0.0078 -0.9095 -0.4156
vn -0.0314 -0.9964 -0.0785
vn -0.1174 -0.9781 -0.1721
vn 0.0315 0.7774 -0.6282
vn -0.0000 0.4628 -0.8864
vn 0.0157 0.6198 -0.7846
vn 0.0786 0.1178 -0.9899
vn 0.0314 0.1414 -0.9895
vn 0.1099 -0.2356 -0.9656
vn -0.1184 -0.4815 -0.8684
vn -0.0157 -0.4565 0.8896
vn -0.0391 -0.1018 0.9940
vn -0.1413 -0.4238 0.8947
vn -0.1962 -0.4788 0.8557
vn -0.1334 -0.5260 0.8400
vn -0.1184 -0.4816 -0.8684
vn -0.0940 0.0157 -0.9954
vn 0.1654 0.9612 -0.2206
vn 0.0551 0.8664 0.4963
vn -0.1889 0.6455 0.7400
vn -0.1645 0.1724 0.9712
vn -0.1021 0.4791 0.8718
vn -0.0237 -0.0315 0.9992
vn -0.1489 -0.5485 0.8228
vn -0.0157 -0.4566 0.8895
vn -0.0940 -0.8148 0.5720
vn -0.1963 -0.4789 0.8557
vn -0.1335 -0.5259 0.8400
vn 0.0392 -0.9730 -0.2276
vn -0.0316 -0.6786 -0.7338
vn -0.0315 0.1259 -0.9915
vn 0.0785 0.8788 -0.4708
vn 0.1655 0.9612 -0.2206
vn 0.1021 0.9895 0.1021
vn 0.0551 0.8665 0.4962
vn -0.1023 0.9751 0.1966
vn -0.0236 -0.0315 0.9992
vn 0.2590 -0.4002 0.8791
vn -0.1885 -0.9818 0.0236
vn 0.1732 -0.9838 0.0472
vn 0.3700 -0.9289 0.0157
vn 0.1413 -0.4396 -0.8870
vn 0.3700 -0.9289 0.0158
vn 0.4311 -0.5095 0.7447
vn 0.2590 -0.4003 0.8790
vn 0.4247 0.4483 0.7865
vn 0.3223 0.5031 0.8019
vn 0.4417 -0.4812 0.7572
vn 0.2441 -0.3465 0.9057
vn 0.2280 -0.6685 -0.7079
vn -0.1724 -0.4152 -0.8932
vn 0.0392 -0.9955 -0.0862
vn 0.1961 -0.9803 0.0235
vn 0.2122 0.4558 0.8644
vn 0.1883 0.9102 0.3688
vn 0.1963 0.9499 0.2434
vn 0.1340 0.9771 -0.1655
vn 0.1575 0.9217 -0.3545
vn -0.0157 0.6198 -0.7846
vn 0.1341 0.3393 -0.9311
vn -0.1724 -0.4153 -0.8932
vn 0.2281 -0.6686 -0.7078
vn 0.3536 -0.5737 -0.7388
vn 0.3444 0.2662 -0.9003
vn 0.1335 0.5260 -0.8400
vn 0.3313 0.8835 -0.3313
vn 0.1022 0.9583 -0.2670
vn 0.3154 0.9383 0.1420
vn 0.1730 0.4716 0.8647
vn -0.1256 -0.9111 0.3926
vn -0.1173 -0.9930 -0.0156
vn -0.1260 -0.5594 -0.8193
vn -0.0316 -0.6786 -0.7339
vn -0.0393 -0.0157 -0.9991
vn -0.0709 0.5909 -0.8037
vn 0.1651 0.6444 -0.7466
vn 0.0785 0.8788 -0.4707
vn -0.1022 0.9751 0.1966
vn -0.1017 0.9704 -0.2191
vn -0.1331 0.9234 0.3600
vn -0.1257 0.9509 -0.2829
vn 0.2590 -0.4002 0.8790
vn 0.1732 -0.9838 0.0473
vn -0.1886 -0.9818 0.0236
vn -0.1260 0.0157 -0.9919
vn -0.1175 0.6578 -0.7440
vn -0.0709 0.5909 -0.8036
vn -0.1257 -0.9111 0.3926
vn 0.0784 0.8788 -0.4708
vn -0.0394 -0.0157 -0.9991
vn -0.1261 -0.5594 -0.8193
vn -0.1804 -0.7373 -0.6510
vn -0.1020 -0.9491 -0.2981
vn -0.1885 -0.9818 0.0235
vn 0.1731 -0.9838 0.0472
vn 0.1334 0.5260 -0.8400
vn 0.1021 0.9583 -0.2670
vn -0.4247 0.4483 0.7865
vn -0.2590 -0.4003 0.8790
vn -0.4311 -0.5095 0.7447
vn -0.1732 -0.9838 0.0472
vn -0.3700 -0.9289 0.0158
vn -0.2442 -0.3465 0.9057
vn -0.4417 -0.4812 0.7572
vn -0.3223 0.5031 0.8019
vn -0.4417 -0.4811 0.7572
vn -0.0392 -0.9955 -0.0862
vn -0.1960 -0.9803 0.0235
vn -0.2280 -0.6685 -0.7079
vn 0.1725 -0.4153 -0.8932
vn -0.2281 -0.6685 -0.7078
vn 0.1724 -0.4153 -0.8932
vn -0.1341 0.3393 -0.9311
vn -0.1575 0.9217 -0.3545
vn -0.1340 0.9771 -0.1655
vn -0.1963 0.9499 0.2434
vn -0.1883 0.9102 0.3688
vn -0.3223 0.5032 0.8018
vn -0.2122 0.4558 0.8644
vn -0.3700 -0.9289 0.0157
vn -0.3537 -0.5737 -0.7388
vn -0.1413 -0.4396 -0.8870
vn -0.3445 0.2662 -0.9003
vn -0.1335 0.5260 -0.8400
vn -0.3313 0.8835 -0.3313
vn -0.1022 0.9583 -0.2671
vn -0.3154 0.9383 0.1420
vn -0.1333 0.9567 0.2588
vn -0.1730 0.4717 0.8647
vn -0.2590 -0.4002 0.8790
vn 0.1497 -0.0867 0.9849
vn -0.0078 0.3768 0.9263
vn 0.1024 0.3544 0.9295
vn 0.0940 -0.8149 0.5720
vn 0.1962 -0.4789 0.8557
vn -0.0000 -0.9720 0.2351
vn 0.1018 0.0236 -0.9945
vn 0.1886 -0.0000 -0.9821
vn 0.0707 0.5496 -0.8324
vn 0.0709 0.5909 -0.8036
vn -0.1572 0.5424 -0.8253
vn -0.0784 0.8787 -0.4708
vn 0.1335 -0.5259 0.8400
vn -0.1730 0.4716 0.8647
vn 0.1330 0.9234 0.3600
vn -0.0314 -0.9980 -0.0551
vn 0.0314 -0.9964 -0.0785
vn -0.0236 -0.9992 0.0314
vn 0.1885 -0.9818 0.0236
vn 0.1489 -0.5485 0.8228
vn 0.1257 -0.9110 0.3927
vn 0.0391 -0.1018 0.9940
vn 0.2117 -0.6508 -0.7292
vn -0.0314 -0.9980 -0.0550
vn 0.0942 -0.9886 -0.1177
vn -0.1726 -0.9805 0.0941
vn -0.0000 0.9380 -0.3468
vn -0.0078 0.9790 0.2036
vn -0.0785 0.8869 0.4552
vn 0.0079 0.7149 0.6992
vn -0.0236 -0.9992 0.0315
vn 0.1173 -0.9930 -0.0156
vn 0.1256 -0.9111 0.3926
vn 0.0316 -0.6787 -0.7338
vn 0.1184 -0.4815 -0.8684
vn 0.0315 0.1259 -0.9915
vn -0.0860 0.0782 -0.9932
vn 0.0079 0.5029 -0.8643
vn -0.0235 0.6111 -0.7912
vn -0.0314 0.7774 -0.6282
vn -0.0942 0.7385 -0.6677
vn -0.1654 0.9612 -0.2206
vn 0.1019 -0.9491 -0.2981
vn -0.0392 -0.9730 -0.2276
vn 0.0316 -0.6786 -0.7338
vn 0.1174 -0.9781 -0.1721
vn 0.1184 -0.4816 -0.8684
vn 0.0237 -0.0315 0.9992
vn 0.1565 -0.0548 0.9862
vn 0.1645 0.1723 0.9712
vn 0.0314 0.3137 0.9490
vn -0.1333 0.9567 0.2587
vn 0.1257 0.9509 -0.2829
vn 0.1017 0.9704 -0.2191
vn 0.1022 0.9751 0.1966
vn -0.0784 0.8788 -0.4707
vn -0.1021 0.9895 0.1021
vn 0.1413 -0.4238 0.8947
vn 0.0157 -0.4566 0.8895
vn 0.1415 -0.2123 0.9669
vn 0.0157 -0.7525 0.6584
vn 0.1100 -0.6285 0.7700
vn 0.1018 0.0234 -0.9945
vn -0.1110 -0.4974 -0.8604
vn 0.0078 -0.9095 -0.4156
vn -0.1572 0.5423 -0.8253
vn 0.0393 -0.0157 -0.9991
vn 0.0316 -0.6786 -0.7339
vn 0.1260 -0.5594 -0.8193
vn -0.0314 0.1414 -0.9895
vn -0.1105 0.5366 -0.8365
vn -0.1573 0.5423 -0.8253
vn -0.1651 0.6444 -0.7466
vn -0.0785 0.8788 -0.4708
vn 0.1021 0.4791 0.8718
vn 0.1889 0.6455 0.7400
vn 0.0314 0.3138 0.9490
vn -0.0552 0.8664 0.4963
vn 0.0707 0.5497 -0.8324
vn 0.1018 0.0235 -0.9945
vn -0.1099 -0.2355 -0.9656
vn -0.0785 0.8869 0.4553
vn -0.0314 -0.9980 -0.0549
vn -0.1731 -0.9838 0.0472
vn 0.1488 -0.5485 0.8228
vn 0.0236 -0.0315 0.9992
vn -0.1729 0.4716 0.8647
vn -0.0551 0.8665 0.4962
vn -0.1655 0.9612 -0.2206
vn -0.0943 0.7384 -0.6677
vn -0.1650 0.6445 -0.7466
vn -0.1105 0.5367 -0.8365
vn 0.0079 -0.9095 -0.4155
vn -0.0392 -0.9730 -0.2275
vn 0.1019 -0.9491 -0.2980
vn 0.1173 -0.9930 -0.0157
vn 0.1261 -0.5594 -0.8193
vn 0.1804 -0.7373 -0.6510
vn 0.1020 -0.9491 -0.2981
vn 0.1885 -0.9818 0.0235
vn 0.1175 0.6578 -0.7440
vn 0.1260 0.0157 -0.9919
vn 0.1257 -0.9111 0.3926
vn 0.0394 -0.0157 -0.9991
vn -0.0784 0.8788 -0.4708
vn -0.1334 0.5260 -0.8400
vn -0.1021 0.9583 -0.2670
vn 0.3388 -0.8351 0.4333
vn 0.0315 -0.0000 0.9995
vn 0.1333 -0.9873 0.0861
vn 0.2361 -0.2597 -0.9364
vn 0.1342 0.3393 -0.9311
vn 0.2281 -0.6685 -0.7079
vn -0.7783 -0.2358 -0.5819
vn -0.2352 0.2117 -0.9486
vn 0.0865 -0.7390 -0.6682
vn -0.7000 0.7000 0.1416
vn -0.4876 -0.1180 -0.8651
vn -0.8953 0.4398 -0.0706
vn -0.7699 -0.6364 0.0472
vn -0.0868 0.6471 0.7575
vn -0.1414 -0.6679 0.7307
vn -0.5202 -0.1340 0.8435
vn 0.0864 0.2120 0.9734
vn 0.0548 0.6190 0.7835
vn 0.1962 0.9499 0.2434
vn -0.8713 0.0628 0.4867
vn -0.4569 0.5672 0.6853
vn -0.6378 0.7402 -0.2126
vn -0.0789 -0.9703 0.2288
vn 0.0865 -0.7390 -0.6681
vn 0.4082 -0.7772 -0.4789
vn 0.0865 -0.7389 -0.6683
vn -0.9915 -0.1181 0.0551
vn -0.3373 -0.3765 0.8628
vn 0.2586 -0.6427 0.7212
vn 0.4417 -0.4811 0.7572
vn -0.7699 -0.6364 0.0471
vn -0.4173 0.0787 0.9053
vn -0.8953 0.4398 -0.0707
vn -0.7000 0.7000 0.1415
vn -0.1414 -0.6678 0.7308
vn -0.6682 -0.7390 -0.0865
vn -0.5203 -0.1340 0.8434
vn -0.1417 -0.9213 -0.3622
vn -0.1727 -0.7775 -0.6047
vn -0.1645 0.6736 -0.7206
vn -0.0548 -0.9948 0.0862
vn 0.1576 0.9217 -0.3545
vn 0.0783 0.3918 -0.9167
vn 0.4476 -0.6991 -0.5576
vn -0.1728 -0.7775 -0.6047
vn 0.4477 -0.6990 -0.5577
vn 0.2129 -0.4495 0.8675
vn 0.3691 -0.8011 -0.4712
vn -0.1813 -0.4493 0.8748
vn -0.0547 -0.9948 0.0861
vn -0.2736 0.0235 0.9616
vn 0.2130 -0.4495 0.8675
vn -0.7388 0.5737 0.3537
vn -0.6451 0.0393 -0.7631
vn -0.1573 0.2910 -0.9437
vn -0.4013 -0.5508 -0.7318
vn 0.2281 -0.6685 -0.7078
vn 0.1332 -0.9873 0.0862
vn -0.3373 -0.3766 0.8628
vn 0.2586 -0.6427 0.7211
vn -0.1413 0.9892 -0.0393
vn -0.9660 -0.0863 0.2435
vn -0.1812 -0.4492 0.8748
vn -0.1342 0.3393 -0.9311
vn -0.2361 -0.2597 -0.9364
vn -0.2281 -0.6685 -0.7079
vn -0.2129 -0.4495 0.8675
vn -0.3691 -0.8011 -0.4712
vn 0.1812 -0.4492 0.8748
vn 0.7388 0.5737 0.3537
vn 0.1813 -0.4492 0.8748
vn 0.9660 -0.0863 0.2435
vn 0.1413 0.9892 -0.0393
vn -0.1576 0.9217 -0.3545
vn 0.4569 0.5672 0.6853
vn -0.2587 -0.6427 0.7212
vn 0.3373 -0.3765 0.8628
vn 0.8713 0.0628 0.4867
vn 0.4173 0.0787 0.9053
vn 0.8953 0.4398 -0.0707
vn 0.7000 0.7000 0.1415
vn 0.3373 -0.3765 0.8629
vn 0.0789 -0.9703 0.2288
vn -0.4082 -0.7772 -0.4789
vn -0.0865 -0.7390 -0.6681
vn 0.6378 0.7402 -0.2126
vn 0.9915 -0.1181 0.0551
vn 0.7783 -0.2358 -0.5819
vn -0.0783 0.3918 -0.9167
vn 0.0547 -0.9948 0.0862
vn 0.1645 0.6736 -0.7206
vn 0.2364 0.2109 -0.9485
vn -0.0865 -0.7390 -0.6682
vn -0.4477 -0.6990 -0.5577
vn 0.0548 -0.9948 0.0862
vn 0.1728 -0.7775 -0.6047
vn -0.2130 -0.4496 0.8675
vn 0.2736 0.0235 0.9616
vn 0.0548 -0.9948 0.0861
vn 0.5202 -0.1340 0.8435
vn -0.0864 0.2120 0.9734
vn -0.0315 -0.0000 0.9995
vn 0.1414 -0.6678 0.7308
vn 0.5202 -0.1341 0.8434
vn 0.6682 -0.7390 -0.0865
vn 0.7000 0.7000 0.1416
vn 0.1418 -0.9213 -0.3622
vn -0.2587 -0.6427 0.7211
vn 0.3373 -0.3766 0.8628
vn 0.1812 -0.4493 0.8748
vn -0.3691 -0.8011 -0.4713
vn 0.6451 0.0393 -0.7631
vn 0.1573 0.2910 -0.9437
vn -0.4417 -0.4811 0.7573
vn -0.3388 -0.8351 0.4334
vn 0.4013 -0.5508 -0.7318
vn -0.1332 -0.9873 0.0862
vn 0.4876 -0.1180 -0.8651
vn 0.7699 -0.6364 0.0472
vn -0.4477 -0.6990 -0.5576
vn 0.1418 -0.9212 -0.3622
vn 0.8953 0.4398 -0.0706
vn 0.1415 -0.6679 0.7307
vn 0.0868 0.6471 0.7575
vn -0.0548 0.6190 0.7835
vn -0.3388 -0.8351 0.4333
vn -0.1333 -0.9873 0.0861
vn 0.7699 -0.6364 0.0471
vn -0.0865 -0.7389 -0.6682
vn -0.3223 0.5031 0.8018
vn -0.0784 0.5956 -0.7994
vn -0.6668 -0.5962 -0.4471
vn 0.4948 -0.8561 -0.1492
vn -0.5411 -0.8392 0.0549
vn -0.6144 -0.7089 0.3465
vn 0.5592 -0.5198 0.6458
vn -0.6225 -0.2285 0.7485
vn -0.2117 -0.6507 -0.7292
vn -0.1814 -0.5048 -0.8439
vn -0.1491 -0.0000 -0.9888
vn 0.5592 -0.5198 0.6459
vn 0.5105 -0.8247 0.2435
vn 1.0000 -0.0001 -0.0000
vn 0.6759 -0.7310 0.0943
vn 0.4256 0.5517 -0.7173
vn 0.6924 0.6453 -0.3226
vn 0.5419 0.8403 -0.0157
vn -0.5271 0.0157 -0.8496
vn -1.0000 -0.0000 -0.0000
vn -0.5412 -0.8391 0.0549
vn -0.7407 0.4254 -0.5200
vn 0.4257 0.5517 -0.7172
vn -0.5271 0.0158 -0.8496
vn 0.6992 -0.0000 -0.7149
vn -0.5018 0.7998 -0.3293
vn 0.5275 -0.4566 -0.7164
vn -0.7538 0.2749 0.5968
vn -0.4947 0.8008 0.3376
vn -0.6143 -0.7089 0.3466
vn -0.6224 -0.2285 0.7485
vn 0.4948 -0.8561 -0.1493
vn 0.6759 -0.7309 0.0944
vn -0.5411 -0.8391 0.0549
vn -0.5019 0.7998 -0.3293
vn -0.7406 0.4255 -0.5200
vn 0.7166 0.6222 0.3151
vn 0.4546 0.3762 0.8073
vn 0.6992 -0.0001 -0.7149
vn 0.5106 -0.8246 0.2435
vn 0.6759 -0.7309 0.0943
vn -0.4946 0.8008 0.3376
vn -0.7539 0.2749 0.5968
vn 0.4546 0.3763 0.8073
vn -0.0078 0.7149 0.6991
vn 0.0550 0.9276 0.3695
vn 0.0079 0.9997 -0.0236
vn 0.0235 0.9019 -0.4313
vn 0.7167 0.6222 0.3150
vn 0.6925 0.6453 -0.3226
vn 0.1491 -0.0000 -0.9888
vn 0.0784 0.5956 -0.7994
vn -0.5592 -0.5198 0.6458
vn -0.5105 -0.8247 0.2435
vn -0.5419 0.8403 -0.0156
vn -0.6924 0.6453 -0.3226
vn -0.4546 0.3762 0.8073
vn -0.7167 0.6222 0.3150
vn -0.5275 -0.4566 -0.7164
vn -0.4948 -0.8561 -0.1492
vn -0.6759 -0.7310 0.0944
vn -0.4257 0.5518 -0.7172
vn -0.6992 -0.0000 -0.7150
vn 0.1814 -0.5048 -0.8439
vn 0.2117 -0.6507 -0.7292
vn 0.5271 0.0157 -0.8496
vn 1.0000 -0.0000 -0.0000
vn 0.6668 -0.5962 -0.4472
vn 0.5412 -0.8391 0.0549
vn 0.7407 0.4255 -0.5200
vn 0.5271 0.0157 -0.8497
vn -0.4256 0.5518 -0.7172
vn -0.6992 -0.0000 -0.7149
vn 0.5018 0.7998 -0.3293
vn -0.4256 0.5517 -0.7172
vn 0.4947 0.8009 0.3376
vn 0.7538 0.2749 0.5968
vn 0.6224 -0.2285 0.7486
vn 0.6143 -0.7089 0.3466
vn 0.7406 0.4255 -0.5200
vn 0.5019 0.7998 -0.3293
vn -0.6759 -0.7309 0.0944
vn 0.5411 -0.8391 0.0549
vn -0.5106 -0.8247 0.2435
vn 0.6144 -0.7089 0.3465
vn 0.6225 -0.2285 0.7485
vn 0.6225 -0.2286 0.7485
vn 0.7539 0.2748 0.5968
vn 0.4946 0.8008 0.3376
vn -0.0235 0.9019 -0.4313
vn -0.0079 0.9997 -0.0236
vn -0.0550 0.9276 0.3695
vn 0.0078 0.7149 0.6991
vn -0.6925 0.6453 -0.3226
vn -0.5419 0.8403 -0.0157
vn -0.7167 0.6221 0.3150
vn 0.5271 0.0158 -0.8497
vn 0.6668 -0.5962 -0.4471
vn -0.6759 -0.7309 0.0943
vt 0.009979 0.128876
vt 0.035126 0.009979
vt 0.009979 0.009979
vt 0.207001 0.308594
vt 0.218597 0.343079
vt 0.237732 0.290375
vt 0.351288 0.530640
vt 0.347626 0.688904
vt 0.422729 0.688904
vt 0.199219 0.214844
vt 0.297760 0.199799
vt 0.230469 0.199219
vt 0.330505 0.199493
vt 0.433594 0.131866
vt 0.363251 0.199219
vt 0.425751 0.183929
vt 0.433594 0.246094
vt 0.105469 0.300751
vt 0.066376 0.277344
vt 0.066376 0.386719
vt 0.009979 0.253876
vt 0.009979 0.386719
vt 0.464844 0.246094
vt 0.449219 0.378876
vt 0.472626 0.378876
vt 0.113251 0.113251
vt 0.433594 0.009979
vt 0.366699 0.103271
vt 0.263153 0.111542
vt 0.152344 0.316376
vt 0.425751 0.371094
vt 0.464844 0.183929
vt 0.602844 0.009979
vt 0.542908 0.009979
vt 0.602844 0.128876
vt 0.542908 0.199219
vt 0.602844 0.253876
vt 0.550751 0.246094
vt 0.550751 0.386719
vt 0.496094 0.378876
vt 0.488251 0.540253
vt 0.199219 0.113251
vt 0.152344 0.113251
vt 0.152344 0.175751
vt 0.113251 0.175751
vt 0.105469 0.214844
vt 0.066376 0.230469
vt 0.105469 0.261719
vt 0.199219 0.175751
vt 0.152344 0.214844
vt 0.152344 0.300751
vt 0.121094 0.214844
vt 0.121094 0.292969
vt 0.496094 0.246094
vt 0.496094 0.183929
vt 0.496979 0.131866
vt 0.496979 0.009979
vt 0.382812 0.302704
vt 0.386719 0.363251
vt 0.386719 0.540253
vt 0.425751 0.540253
vt 0.302856 0.274536
vt 0.355469 0.269501
vt 0.355469 0.355469
vt 0.478699 0.688904
vt 0.569580 0.548065
vt 0.009979 0.688843
vt 0.009979 0.804016
vt 0.135529 0.688843
vt 0.603394 0.804016
vt 0.602844 0.688904
vt 0.519897 0.804016
vt 0.408173 0.804016
vt 0.894501 0.042969
vt 0.972626 0.042969
vt 0.949219 0.009979
vt 0.941376 0.449219
vt 0.989990 0.449219
vt 0.941376 0.535126
vt 0.989990 0.535126
vt 0.941376 0.645325
vt 0.989990 0.660950
vt 0.894501 0.009979
vt 0.847626 0.009979
vt 0.832001 0.042969
vt 0.769501 0.009979
vt 0.753876 0.042969
vt 0.707001 0.009979
vt 0.691376 0.058594
vt 0.660126 0.009979
vt 0.618256 0.027344
vt 0.112000 0.804016
vt 0.196350 0.804016
vt 0.196808 0.688904
vt 0.244629 0.804016
vt 0.266968 0.688904
vt 0.355164 0.804016
vt 0.602844 0.386719
vt 0.105469 0.394501
vt 0.152344 0.394501
vt 0.214844 0.386719
vt 0.300751 0.363251
vt 0.284302 0.535980
vt 0.167969 0.548065
vt 0.214844 0.548065
vt 0.128876 0.548065
vt 0.009979 0.548065
vt 0.989990 0.105469
vt 0.964844 0.167969
vt 0.989990 0.167969
vt 0.652344 0.082001
vt 0.730469 0.386719
vt 0.730469 0.300751
vt 0.707001 0.371094
vt 0.792969 0.622498
vt 0.717194 0.636719
vt 0.693756 0.619202
vt 0.693756 0.665649
vt 0.878876 0.207001
vt 0.917969 0.205353
vt 0.918457 0.159546
vt 0.925751 0.121094
vt 0.894501 0.144501
vt 0.888672 0.399719
vt 0.878876 0.308594
vt 0.769501 0.300751
vt 0.624603 0.529175
vt 0.623444 0.484406
vt 0.675751 0.484406
vt 0.730469 0.410126
vt 0.768219 0.420563
vt 0.777344 0.394501
vt 0.917969 0.363251
vt 0.917969 0.292969
vt 0.989990 0.285126
vt 0.964844 0.261719
vt 0.933594 0.285126
vt 0.933594 0.175751
vt 0.753876 0.601349
vt 0.832001 0.527344
vt 0.777344 0.601349
vt 0.618256 0.097626
vt 0.618256 0.186279
vt 0.707001 0.214844
vt 0.707001 0.261719
vt 0.707001 0.277344
vt 0.660126 0.186279
vt 0.618256 0.261719
vt 0.731476 0.445862
vt 0.751495 0.484406
vt 0.699127 0.445862
vt 0.714844 0.478973
vt 0.639771 0.445862
vt 0.639771 0.478973
vt 0.699219 0.261719
vt 0.664307 0.261719
vt 0.618256 0.348755
vt 0.636871 0.348755
vt 0.636871 0.261719
vt 0.888672 0.415344
vt 0.808594 0.636719
vt 0.871094 0.445862
vt 0.816376 0.665649
vt 0.894501 0.660950
vt 0.624207 0.601349
vt 0.675751 0.601349
vt 0.769501 0.207001
vt 0.636871 0.371094
vt 0.664307 0.371094
vt 0.664307 0.348755
vt 0.699219 0.348755
vt 0.199219 0.009979
vt 0.134247 0.989990
vt 0.048889 0.850983
vt 0.009979 0.989990
vt 0.120117 0.989990
vt 0.009979 0.850983
vt 0.113251 0.009979
vt 0.152344 0.009979
vt 0.765320 0.833252
vt 0.654297 0.833252
vt 0.741516 0.964752
vt 0.507416 0.833252
vt 0.552887 0.833252
vt 0.780212 0.833252
vt 0.863556 0.833252
vt 0.916626 0.833252
vt 0.657959 0.989990
vt 0.602295 0.989990
vt 0.743256 0.863892
vt 0.509064 0.989990
vt 0.102448 0.989990
vt 0.102448 0.850983
vt 0.212128 0.989990
vt 0.212128 0.850983
vt 0.381256 0.850983
vt 0.381256 0.989990
vt 0.326843 0.989990
vt 0.134247 0.850983
vt 0.209808 0.989990
vt 0.209808 0.850983
vt 0.882660 0.989990
vt 0.962982 0.989990
vt 0.675232 0.989990
vt 0.053741 0.850983
vt 0.867035 0.989990
vt 0.781860 0.989990
vt 0.977234 0.833252
vt 0.866211 0.833252
vt 0.613495 0.833252
vt 0.696869 0.833252
vt 0.120117 0.850983
vt 0.057037 0.989990
vt 0.057037 0.850983
vt 0.205566 0.989990
vt 0.318298 0.989990
vt 0.318298 0.850983
vt 0.451660 0.989990
vt 0.451660 0.850983
vt 0.363251 0.009979
vt 0.308594 0.009979
vt 0.261719 0.009979
vt 0.205566 0.850983
vt 0.276855 0.850983
vt 0.326843 0.850983
vt 0.601013 0.989990
s 1
usemtl m_body18
f 928/331/691 929/332/692 930/333/693
f 931/334/694 932/335/695 933/336/696
f 934/337/697 935/338/698 936/339/699
f 937/340/700 938/341/701 939/342/702
f 939/342/702 938/341/701 940/343/703
f 941/344/704 942/345/705 943/346/706
f 943/346/706 942/345/705 944/347/707
f 945/348/708 946/349/709 947/350/710
f 947/350/710 946/349/709 948/351/711
f 947/350/710 948/351/711 949/352/712
f 950/353/713 951/354/714 952/355/715
f 953/332/716 954/331/717 955/356/718
f 956/344/719 957/357/720 958/345/721
f 958/345/721 957/357/720 959/358/722
f 958/345/721 959/358/722 960/359/723
f 932/335/724 961/334/725 962/360/726
f 963/361/727 964/354/714 965/347/728
f 965/347/728 964/354/714 966/353/729
f 965/347/728 966/353/729 943/346/706
f 943/346/706 966/353/729 967/362/730
f 943/346/706 967/362/730 941/344/704
f 968/363/731 969/364/732 970/365/733
f 970/365/733 969/364/732 971/366/734
f 970/365/733 971/366/734 972/367/735
f 972/367/735 971/366/734 973/368/736
f 972/367/735 973/368/736 974/369/737
f 974/369/737 973/368/736 975/370/738
f 974/369/737 975/370/738 976/371/739
f 977/372/740 978/373/741 979/374/742
f 979/374/742 978/373/741 980/356/718
f 979/374/742 980/356/718 981/375/743
f 981/375/743 980/356/718 982/331/691
f 981/375/743 982/331/691 983/376/744
f 983/376/744 982/331/691 984/377/745
f 983/376/744 984/377/745 985/378/746
f 939/342/747 986/379/748 987/340/749
f 987/340/749 986/379/748 988/380/750
f 987/340/749 988/380/750 989/381/751
f 989/381/751 988/380/750 990/382/752
f 989/381/751 990/382/752 991/383/753
f 992/355/715 993/384/754 950/353/755
f 950/353/755 993/384/754 994/385/756
f 950/353/755 994/385/756 967/362/730
f 967/362/730 994/385/756 995/386/757
f 967/362/730 995/386/757 941/344/704
f 941/344/704 995/386/757 996/387/758
f 941/344/704 996/387/758 997/357/720
f 998/378/746 999/383/759 983/376/744
f 983/376/744 999/383/759 990/382/752
f 983/376/744 990/382/752 981/375/743
f 981/375/743 990/382/752 988/380/750
f 981/375/743 988/380/750 1000/374/760
f 1000/374/760 988/380/750 986/379/748
f 1000/374/760 986/379/748 1001/372/740
f 1001/372/740 986/379/748 939/342/747
f 1001/372/740 939/342/747 1002/359/723
f 1002/359/723 939/342/747 1003/343/761
f 1002/359/723 1003/343/761 942/345/705
f 942/345/705 1003/343/761 1004/388/762
f 942/345/705 1004/388/762 944/347/707
f 944/347/707 1004/388/762 1005/389/763
f 944/347/707 1005/389/763 1006/361/764
f 1007/389/763 1008/390/765 1006/361/727
f 1006/361/727 1008/390/765 1009/391/766
f 1006/361/727 1009/391/766 951/354/714
f 951/354/714 1009/391/766 1010/371/767
f 951/354/714 1010/371/767 952/355/715
f 952/355/715 1010/371/767 975/370/738
f 952/355/715 975/370/738 1011/384/768
f 1011/384/768 975/370/738 973/368/736
f 1011/384/768 973/368/736 1012/385/756
f 1012/385/756 973/368/736 1013/366/769
f 1012/385/756 1013/366/769 1014/386/770
f 1014/386/770 1013/366/769 1015/364/732
f 1014/386/770 1015/364/732 1016/387/771
f 982/331/691 1017/351/711 984/377/745
f 984/377/745 1017/351/711 1018/349/772
f 984/377/745 1018/349/772 985/378/746
f 985/378/746 1018/349/772 1019/348/773
f 985/378/746 1019/348/773 991/383/753
f 991/383/753 1019/348/773 962/360/774
f 991/383/753 962/360/774 989/381/751
f 989/381/751 962/360/774 931/334/694
f 989/381/751 931/334/694 987/340/749
f 987/340/749 931/334/694 933/336/696
f 987/340/749 933/336/696 1020/341/701
f 1020/341/701 933/336/696 1021/392/775
f 1020/341/701 1021/392/775 940/343/776
f 940/343/776 1021/392/775 1022/393/777
f 940/343/776 1022/393/777 1023/388/778
f 1023/388/778 1022/393/777 1024/394/779
f 1023/388/778 1024/394/779 1005/389/763
f 1005/389/763 1024/394/779 1025/337/697
f 1005/389/763 1025/337/697 1026/390/765
f 1026/390/765 1025/337/697 1027/339/699
f 1026/390/765 1027/339/699 1028/391/780
f 1028/391/780 1027/339/699 1029/395/781
f 1028/391/780 1029/395/781 976/371/739
f 976/371/739 1029/395/781 1030/396/782
f 976/371/739 1030/396/782 974/369/737
f 1031/397/783 1032/398/784 1033/399/785
f 1034/400/786 1035/401/783 1036/402/787
f 1036/402/787 1035/401/783 1037/395/788
f 1036/402/787 1037/395/788 1038/403/789
f 1039/404/790 1040/405/791 1041/406/792
f 1042/407/793 1043/408/794 1044/409/795
f 1044/409/795 1043/408/794 1045/410/796
f 1044/409/795 1045/410/796 1046/411/791
f 1046/411/791 1045/410/796 1047/412/792
f 1048/406/792 1049/413/797 1050/404/790
f 1050/404/790 1049/413/797 1051/414/798
f 1050/404/790 1051/414/798 1052/415/799
f 1052/415/799 1051/414/798 1053/416/800
f 1052/415/799 1053/416/800 1054/417/801
f 1054/417/801 1053/416/800 1055/418/802
f 1054/417/801 1055/418/802 1056/419/803
f 1056/419/803 1055/418/802 1057/420/804
f 1056/419/803 1057/420/804 1058/421/805
f 1059/398/784 1060/422/806 1061/399/785
f 1061/399/785 1060/422/806 1062/423/807
f 1061/399/785 1062/423/807 1063/424/808
f 1063/424/808 1062/423/807 1064/425/809
f 1063/424/808 1064/425/809 1065/426/810
f 1065/426/810 1064/425/809 1066/427/811
f 1065/426/810 1066/427/811 1067/338/698
f 1067/338/698 1066/427/811 1038/403/789
f 1067/338/698 1038/403/789 1068/339/812
f 1068/339/812 1038/403/789 1037/395/788
f 1069/369/813 1070/428/814 1071/367/735
f 1072/350/710 1073/429/815 1074/348/816
f 1074/348/816 1073/429/815 1075/430/817
f 1074/348/816 1075/430/817 1076/360/774
f 1076/360/774 1075/430/817 1077/431/818
f 1076/360/774 1077/431/818 1078/335/695
f 1078/335/695 1077/431/818 1079/392/775
f 1078/335/695 1079/392/775 1080/336/819
f 1081/393/777 1082/392/820 1083/394/821
f 1083/394/821 1082/392/820 1084/432/822
f 1083/394/821 1084/432/822 1085/337/823
f 1085/337/823 1084/432/822 1086/433/824
f 1085/337/823 1086/433/824 1087/338/698
f 1088/395/825 1089/401/826 1090/396/827
f 1091/434/828 1092/435/829 1093/431/830
f 1094/396/782 1095/428/814 1096/369/831
f 1092/435/829 1097/433/824 1093/431/830
f 1093/431/830 1097/433/824 1098/432/822
f 1093/431/830 1098/432/822 1099/392/832
f 1093/431/830 1100/430/833 1091/434/828
f 1091/434/828 1100/430/833 1101/429/834
f 1091/434/828 1101/429/834 1102/436/835
f 1102/436/835 1101/429/834 1103/350/836
f 1102/436/835 1103/350/836 1104/437/837
f 1104/437/837 1103/350/836 1105/352/712
f 1104/437/837 1106/397/838 1102/436/835
f 1102/436/835 1106/397/838 1107/399/785
f 1102/436/835 1107/399/785 1091/434/828
f 1091/434/828 1107/399/785 1108/424/839
f 1091/434/828 1108/424/839 1092/435/829
f 1092/435/829 1108/424/839 1109/426/840
f 1092/435/829 1109/426/840 1097/433/824
f 1097/433/824 1109/426/840 1110/338/698
f 1111/403/841 1112/395/842 1113/402/843
f 1113/402/843 1112/395/842 1114/401/844
f 1113/402/843 1114/401/844 1115/400/845
f 1116/406/846 1117/405/847 1118/404/848
f 1119/411/849 1120/412/846 1121/409/850
f 1121/409/850 1120/412/846 1122/410/851
f 1121/409/850 1122/410/851 1123/407/852
f 1123/407/852 1122/410/851 1124/408/853
f 1125/421/854 1126/420/855 1127/419/856
f 1127/419/856 1126/420/855 1128/418/749
f 1127/419/856 1128/418/749 1129/417/857
f 1129/417/857 1128/418/749 1130/416/858
f 1129/417/857 1130/416/858 1131/415/859
f 1131/415/859 1130/416/858 1132/414/860
f 1131/415/859 1132/414/860 1133/404/861
f 1133/404/861 1132/414/860 1134/413/862
f 1133/404/861 1134/413/862 1135/406/846
f 1136/398/863 1137/397/844 1138/422/864
f 1138/422/864 1137/397/844 1139/399/865
f 1138/422/864 1139/399/865 1140/423/866
f 1140/423/866 1139/399/865 1141/424/867
f 1140/423/866 1141/424/867 1142/425/868
f 1142/425/868 1141/424/867 1143/426/869
f 1142/425/868 1143/426/869 1144/427/870
f 1144/427/870 1143/426/869 1145/338/871
f 1144/427/870 1145/338/871 1146/403/841
f 1146/403/841 1145/338/871 1147/339/872
f 1146/403/841 1147/339/872 1148/395/873
f 1149/362/874 1150/346/875 1151/344/876
f 1152/366/877 1153/386/878 1154/364/879
f 1155/374/880 1156/373/881 1157/372/882
f 1158/431/883 1159/335/884 1160/392/885
f 1153/386/878 1161/387/886 1154/364/879
f 1162/339/887 1163/338/871 1164/337/888
f 1165/331/889 1166/377/890 1167/351/891
f 1168/396/892 1169/371/893 1170/369/894
f 1150/346/875 1149/362/874 1171/353/895
f 1172/356/896 1173/331/897 1174/332/898
f 1174/332/898 1173/331/897 1175/333/899
f 1176/359/900 1177/358/901 1178/345/902
f 1178/345/902 1177/358/901 1179/357/903
f 1180/367/904 1181/428/905 1182/369/906
f 1183/348/907 1184/383/908 1185/360/909
f 1186/380/910 1187/379/911 1188/340/912
f 1188/340/912 1187/379/911 1189/342/913
f 1188/340/912 1189/342/913 1190/341/914
f 1190/341/914 1189/342/913 1191/343/915
f 1192/350/916 1193/349/917 1194/348/918
f 1194/348/918 1193/349/917 1195/378/919
f 1194/348/918 1195/378/919 1196/383/920
f 1197/371/893 1198/391/921 1199/354/922
f 1199/354/922 1198/391/921 1200/361/923
f 1199/354/922 1200/361/923 1201/347/924
f 1202/338/925 1203/433/926 1204/337/888
f 1204/337/888 1203/433/926 1205/432/927
f 1204/337/888 1205/432/927 1206/394/928
f 1206/394/928 1205/432/927 1207/392/929
f 1206/394/928 1207/392/929 1208/393/930
f 1151/344/876 1153/386/878 1149/362/874
f 1149/362/874 1153/386/878 1209/385/931
f 1149/362/874 1209/385/931 1171/353/895
f 1171/353/895 1209/385/931 1210/384/932
f 1171/353/895 1210/384/932 1211/355/933
f 1153/386/878 1152/366/877 1209/385/931
f 1209/385/931 1152/366/877 1212/368/934
f 1209/385/931 1212/368/934 1210/384/932
f 1210/384/932 1212/368/934 1213/370/935
f 1210/384/932 1213/370/935 1211/355/933
f 1214/373/881 1215/374/936 1216/356/896
f 1216/356/896 1215/374/936 1217/375/937
f 1216/356/896 1217/375/937 1165/331/889
f 1165/331/889 1217/375/937 1218/376/938
f 1165/331/889 1218/376/938 1166/377/890
f 1219/335/939 1220/431/883 1221/360/909
f 1221/360/909 1220/431/883 1222/430/940
f 1221/360/909 1222/430/940 1183/348/941
f 1183/348/941 1222/430/940 1223/429/942
f 1183/348/941 1223/429/942 1224/350/916
f 1184/383/908 1225/381/943 1185/360/909
f 1185/360/909 1225/381/943 1226/334/944
f 1185/360/909 1226/334/944 1227/335/945
f 1227/335/945 1226/334/944 1228/336/946
f 1227/335/945 1228/336/946 1229/392/947
f 1198/391/921 1230/390/948 1200/361/923
f 1200/361/923 1230/390/948 1231/389/949
f 1200/361/923 1231/389/949 1232/347/950
f 1232/347/950 1231/389/949 1233/388/951
f 1232/347/950 1233/388/951 1234/345/902
f 1234/345/902 1233/388/951 1191/343/915
f 1234/345/902 1191/343/915 1235/359/723
f 1235/359/723 1191/343/915 1189/342/913
f 1235/359/723 1189/342/913 1236/372/952
f 1236/372/952 1189/342/913 1187/379/911
f 1236/372/952 1187/379/911 1237/374/953
f 1237/374/953 1187/379/911 1186/380/910
f 1237/374/953 1186/380/910 1217/375/937
f 1217/375/937 1186/380/910 1238/382/954
f 1217/375/937 1238/382/954 1218/376/938
f 1161/387/886 1153/386/878 1239/357/903
f 1239/357/903 1153/386/878 1151/344/876
f 1239/357/903 1151/344/876 1240/345/955
f 1240/345/955 1151/344/876 1150/346/875
f 1240/345/955 1150/346/875 1201/347/924
f 1201/347/924 1150/346/875 1171/353/895
f 1201/347/924 1171/353/895 1199/354/922
f 1199/354/922 1171/353/895 1211/355/933
f 1199/354/922 1211/355/933 1197/371/893
f 1197/371/893 1211/355/933 1213/370/935
f 1197/371/893 1213/370/935 1182/369/894
f 1182/369/894 1213/370/935 1212/368/934
f 1182/369/894 1212/368/934 1241/367/904
f 1241/367/904 1212/368/934 1152/366/877
f 1241/367/904 1152/366/877 1242/365/956
f 1242/365/956 1152/366/877 1154/364/879
f 1242/365/956 1154/364/879 1243/363/899
f 1244/396/892 1245/401/957 1246/371/958
f 1246/371/958 1245/401/957 1247/395/842
f 1246/371/958 1247/395/842 1248/391/959
f 1248/391/959 1247/395/842 1249/339/960
f 1248/391/959 1249/339/960 1250/390/948
f 1250/390/948 1249/339/960 1164/337/888
f 1250/390/948 1164/337/888 1251/389/949
f 1251/389/949 1164/337/888 1252/394/928
f 1251/389/949 1252/394/928 1253/388/961
f 1253/388/961 1252/394/928 1208/393/930
f 1253/388/961 1208/393/930 1254/343/962
f 1254/343/962 1208/393/930 1255/392/947
f 1254/343/962 1255/392/947 1256/341/963
f 1256/341/963 1255/392/947 1257/336/964
f 1256/341/963 1257/336/964 1258/340/912
f 1258/340/912 1257/336/964 1259/334/965
f 1258/340/912 1259/334/965 1260/380/910
f 1260/380/910 1259/334/965 1261/381/943
f 1260/380/910 1261/381/943 1262/382/954
f 1262/382/954 1261/381/943 1196/383/920
f 1262/382/954 1196/383/920 1263/376/966
f 1263/376/966 1196/383/920 1195/378/919
f 1263/376/966 1195/378/919 1264/377/890
f 1264/377/890 1195/378/919 1265/349/967
f 1264/377/890 1265/349/967 1266/351/891
f 1266/351/891 1265/349/967 1267/350/968
f 1266/351/891 1267/350/968 1268/352/969
f 1269/429/970 1270/436/971 1271/350/972
f 1272/399/865 1273/397/957 1274/437/973
f 1275/431/883 1276/435/974 1277/434/975
f 1278/369/976 1279/428/905 1280/396/892
f 1270/436/971 1269/429/970 1277/434/975
f 1277/434/975 1269/429/970 1281/430/977
f 1277/434/975 1281/430/977 1275/431/883
f 1282/392/978 1283/432/927 1275/431/883
f 1275/431/883 1283/432/927 1284/433/926
f 1275/431/883 1284/433/926 1276/435/974
f 1285/352/969 1271/350/972 1274/437/973
f 1274/437/973 1271/350/972 1270/436/971
f 1274/437/973 1270/436/971 1272/399/865
f 1272/399/865 1270/436/971 1277/434/975
f 1272/399/865 1277/434/975 1286/424/979
f 1286/424/979 1277/434/975 1276/435/974
f 1286/424/979 1276/435/974 1287/426/980
f 1287/426/980 1276/435/974 1284/433/926
f 1287/426/980 1284/433/926 1288/338/871
f 1289/438/981 1290/439/982 1291/440/983
f 1292/441/984 1293/419/985 1294/421/986
f 1295/442/987 1296/443/988 1297/444/989
f 1298/445/990 1299/446/991 1300/447/992
f 1299/446/991 1301/448/993 1300/447/992
f 1302/449/994 1303/450/995 1304/451/996
f 1305/452/997 1306/404/790 1307/453/998
f 1307/453/998 1306/404/790 1308/415/999
f 1309/454/1000 1310/455/1001 1311/456/1002
f 1312/457/1003 1313/458/1004 1314/459/1005
f 1315/460/1006 1316/461/1003 1295/442/987
f 1295/442/987 1316/461/1003 1317/462/1007
f 1309/454/1000 1318/463/1008 1310/455/1001
f 1310/455/1001 1318/463/1008 1319/464/1009
f 1310/455/1001 1319/464/1009 1303/450/995
f 1290/439/982 1289/438/981 1305/452/997
f 1305/452/997 1289/438/981 1320/405/1010
f 1305/452/997 1320/405/1010 1306/404/790
f 1321/465/1011 1322/466/1012 1323/467/1013
f 1323/467/1013 1322/466/1012 1324/468/1014
f 1325/469/1015 1326/470/1016 1327/471/1017
f 1327/471/1017 1326/470/1016 1298/445/990
f 1294/421/986 1328/472/1018 1292/441/984
f 1292/441/984 1328/472/1018 1329/473/1019
f 1330/474/1020 1331/475/1021 1332/476/1005
f 1333/417/1022 1293/419/985 1334/477/1023
f 1293/419/985 1292/441/984 1334/477/1023
f 1334/477/1023 1292/441/984 1329/473/1019
f 1334/477/1023 1329/473/1019 1335/478/1024
f 1336/479/1025 1337/480/1021 1338/481/1026
f 1338/481/1026 1337/480/1021 1339/482/1027
f 1338/481/1026 1339/482/1027 1340/483/1028
f 1340/483/1028 1339/482/1027 1341/484/1029
f 1331/475/1030 1342/474/1031 1343/485/1032
f 1343/485/1032 1342/474/1031 1344/486/1033
f 1345/487/1028 1346/488/1034 1347/489/1035
f 1347/489/1035 1346/488/1034 1344/486/1033
f 1347/489/1035 1344/486/1033 1330/474/1020
f 1296/443/988 1295/442/987 1311/456/1002
f 1311/456/1002 1295/442/987 1317/462/1007
f 1311/456/1002 1317/462/1007 1309/454/1000
f 1309/454/1000 1317/462/1007 1316/461/1003
f 1309/454/1000 1316/461/1003 1348/490/1008
f 1299/446/991 1298/445/990 1349/491/1036
f 1349/491/1036 1298/445/990 1326/470/1016
f 1349/491/1036 1326/470/1016 1350/409/795
f 1350/409/795 1326/470/1016 1351/492/1018
f 1350/409/795 1351/492/1018 1352/407/1037
f 1301/448/993 1299/446/991 1353/493/1038
f 1353/493/1038 1299/446/991 1349/491/1036
f 1353/493/1038 1349/491/1036 1354/494/981
f 1354/494/981 1349/491/1036 1350/409/795
f 1354/494/981 1350/409/795 1355/411/1010
f 1356/495/1039 1312/457/1003 1357/496/1040
f 1357/496/1040 1312/457/1003 1314/459/1005
f 1357/496/1040 1314/459/1005 1325/469/1015
f 1325/469/1015 1314/459/1005 1337/480/1021
f 1325/469/1015 1337/480/1021 1326/470/1016
f 1326/470/1016 1337/480/1021 1336/479/1025
f 1326/470/1016 1336/479/1025 1351/492/1018
f 1303/450/995 1302/449/994 1310/455/1001
f 1310/455/1001 1302/449/994 1358/497/1041
f 1310/455/1001 1358/497/1041 1311/456/1002
f 1311/456/1002 1358/497/1041 1330/474/1020
f 1311/456/1002 1330/474/1020 1296/443/988
f 1296/443/988 1330/474/1020 1332/476/1005
f 1296/443/988 1332/476/1005 1297/444/989
f 1359/498/1028 1360/499/1029 1346/488/1034
f 1346/488/1034 1360/499/1029 1361/500/1042
f 1346/488/1034 1361/500/1042 1344/486/1033
f 1344/486/1033 1361/500/1042 1362/501/1043
f 1344/486/1033 1362/501/1043 1343/485/1032
f 1321/465/1011 1291/440/983 1322/466/1012
f 1322/466/1012 1291/440/983 1290/439/982
f 1322/466/1012 1290/439/982 1324/468/1014
f 1324/468/1014 1290/439/982 1305/452/997
f 1324/468/1014 1305/452/997 1304/451/996
f 1304/451/996 1305/452/997 1307/453/998
f 1304/451/996 1307/453/998 1302/449/994
f 1302/449/994 1307/453/998 1308/415/999
f 1302/449/994 1308/415/999 1358/497/1041
f 1358/497/1041 1308/415/999 1333/417/1022
f 1358/497/1041 1333/417/1022 1330/474/1020
f 1330/474/1020 1333/417/1022 1334/477/1023
f 1330/474/1020 1334/477/1023 1347/489/1035
f 1347/489/1035 1334/477/1023 1335/478/1024
f 1347/489/1035 1335/478/1024 1345/487/1028
f 1363/419/1044 1364/441/1045 1365/421/1046
f 1366/482/1047 1367/483/1048 1368/484/1049
f 1369/486/1050 1370/501/1051 1371/500/1052
f 1372/497/1053 1373/417/1054 1374/415/859
f 1375/455/1055 1376/464/1056 1377/463/1057
f 1377/463/1057 1378/454/1058 1375/455/1055
f 1379/466/1059 1380/467/1060 1381/468/1061
f 1378/454/1058 1382/490/1062 1383/461/1063
f 1384/459/1064 1385/458/1065 1386/457/1063
f 1387/456/1066 1388/462/1067 1389/442/1068
f 1364/441/1045 1363/419/1044 1390/477/1069
f 1391/475/1070 1392/474/1071 1393/476/1064
f 1393/476/1064 1392/474/1071 1394/443/1072
f 1393/476/1064 1394/443/1072 1395/444/1073
f 1367/483/1048 1366/482/1047 1396/481/1074
f 1396/481/1074 1366/482/1047 1397/480/1075
f 1396/481/1074 1397/480/1075 1398/479/1076
f 1370/501/1051 1369/486/1050 1399/485/1077
f 1399/485/1077 1369/486/1050 1400/474/1078
f 1399/485/1077 1400/474/1078 1391/475/1079
f 1401/451/1080 1402/452/1081 1381/468/1061
f 1381/468/1061 1402/452/1081 1403/439/1082
f 1381/468/1061 1403/439/1082 1379/466/1059
f 1404/469/1083 1405/471/1084 1406/470/1085
f 1406/470/1085 1405/471/1084 1407/445/1086
f 1408/492/1087 1398/479/1076 1406/470/1085
f 1406/470/1085 1398/479/1076 1397/480/1075
f 1406/470/1085 1397/480/1075 1404/469/1083
f 1404/469/1083 1397/480/1075 1384/459/1064
f 1404/469/1083 1384/459/1064 1409/496/1088
f 1409/496/1088 1384/459/1064 1386/457/1063
f 1409/496/1088 1386/457/1063 1410/495/1089
f 1373/417/1054 1372/497/1053 1392/474/1071
f 1392/474/1071 1372/497/1053 1387/456/1066
f 1392/474/1071 1387/456/1066 1394/443/1072
f 1394/443/1072 1387/456/1066 1389/442/1068
f 1394/443/1072 1389/442/1068 1395/444/1073
f 1411/499/1090 1412/498/1091 1371/500/1052
f 1371/500/1052 1412/498/1091 1413/488/1092
f 1371/500/1052 1413/488/1092 1369/486/1050
f 1369/486/1050 1413/488/1092 1414/489/1093
f 1369/486/1050 1414/489/1093 1392/474/1071
f 1392/474/1071 1414/489/1093 1390/477/1069
f 1392/474/1071 1390/477/1069 1373/417/1054
f 1373/417/1054 1390/477/1069 1363/419/1044
f 1415/411/1094 1416/409/850 1417/494/1095
f 1417/494/1095 1416/409/850 1418/491/1096
f 1417/494/1095 1418/491/1096 1419/493/1097
f 1419/493/1097 1418/491/1096 1420/446/1098
f 1419/493/1097 1420/446/1098 1421/448/1099
f 1413/488/1092 1422/487/1048 1414/489/1093
f 1414/489/1093 1422/487/1048 1423/478/1100
f 1414/489/1093 1423/478/1100 1390/477/1069
f 1390/477/1069 1423/478/1100 1424/473/1076
f 1390/477/1069 1424/473/1076 1364/441/1045
f 1364/441/1045 1424/473/1076 1425/472/1101
f 1364/441/1045 1425/472/1101 1365/421/1046
f 1426/407/854 1408/492/1087 1416/409/850
f 1416/409/850 1408/492/1087 1406/470/1085
f 1416/409/850 1406/470/1085 1418/491/1096
f 1418/491/1096 1406/470/1085 1407/445/1086
f 1418/491/1096 1407/445/1086 1420/446/1098
f 1420/446/1098 1407/445/1086 1427/447/1102
f 1420/446/1098 1427/447/1102 1421/448/1099
f 1376/464/1056 1375/455/1055 1428/450/1103
f 1428/450/1103 1375/455/1055 1429/449/1104
f 1428/450/1103 1429/449/1104 1401/451/1080
f 1401/451/1080 1429/449/1104 1430/453/1105
f 1401/451/1080 1430/453/1105 1402/452/1081
f 1402/452/1081 1431/438/1106 1403/439/1082
f 1403/439/1082 1431/438/1106 1432/440/1107
f 1403/439/1082 1432/440/1107 1379/466/1059
f 1379/466/1059 1432/440/1107 1433/465/1108
f 1379/466/1059 1433/465/1108 1380/467/1060
f 1434/460/1109 1389/442/1068 1383/461/1063
f 1383/461/1063 1389/442/1068 1388/462/1067
f 1383/461/1063 1388/462/1067 1378/454/1058
f 1378/454/1058 1388/462/1067 1387/456/1066
f 1378/454/1058 1387/456/1066 1375/455/1055
f 1375/455/1055 1387/456/1066 1372/497/1053
f 1375/455/1055 1372/497/1053 1429/449/1104
f 1429/449/1104 1372/497/1053 1374/415/859
f 1429/449/1104 1374/415/859 1430/453/1105
f 1430/453/1105 1374/415/859 1435/404/1110
f 1430/453/1105 1435/404/1110 1402/452/1081
f 1402/452/1081 1435/404/1110 1436/405/849
f 1402/452/1081 1436/405/849 1431/438/1106
f 1437/372/740 1438/502/1111 1439/373/741
f 1440/503/1112 1441/504/1113 1442/505/1114
f 1443/506/1115 1444/507/1116 1445/505/1117
f 1438/502/1111 1437/372/740 1446/359/723
f 1447/332/692 1448/356/1118 1449/508/1119
f 1449/508/1119 1448/356/1118 1439/373/741
f 1449/508/1119 1439/373/741 1450/509/1120
f 1450/509/1120 1439/373/741 1438/502/1111
f 1451/510/1121 1452/511/1122 1453/512/1123
f 1453/512/1123 1452/511/1122 1454/513/1124
f 1453/512/1123 1454/513/1124 1455/514/1113
f 1456/515/1125 1457/516/1126 1453/512/1123
f 1453/512/1123 1457/516/1126 1458/517/1127
f 1459/518/1128 1460/519/1112 1461/520/1129
f 1461/520/1129 1460/519/1112 1462/521/1130
f 1463/522/1131 1464/523/1132 1465/524/1133
f 1465/524/1133 1464/523/1132 1466/525/1134
f 1467/526/1125 1468/527/1131 1469/528/1135
f 1441/504/1113 1440/503/1112 1470/529/1136
f 1470/529/1136 1440/503/1112 1471/530/1128
f 1470/529/1136 1471/530/1128 1472/531/1134
f 1461/520/1129 1473/532/1137 1474/533/1138
f 1462/521/1130 1475/534/1139 1461/520/1129
f 1461/520/1129 1475/534/1139 1476/534/1140
f 1461/520/1129 1476/534/1140 1473/532/1137
f 1477/535/1141 1478/507/1142 1442/505/1143
f 1474/533/1138 1479/536/1144 1461/520/1129
f 1461/520/1129 1479/536/1144 1480/537/1145
f 1461/520/1129 1480/537/1145 1459/518/1128
f 1458/517/1127 1481/538/1146 1453/512/1123
f 1453/512/1123 1481/538/1146 1482/539/1147
f 1453/512/1123 1482/539/1147 1451/510/1121
f 1455/514/1113 1483/540/1136 1453/512/1123
f 1453/512/1123 1483/540/1136 1484/541/1148
f 1453/512/1123 1484/541/1148 1456/515/1125
f 1444/507/1116 1443/506/1115 1485/542/1149
f 1485/542/1149 1443/506/1115 1486/543/1143
f 1485/542/1149 1486/543/1143 1487/544/1150
f 1488/545/1151 1489/546/1152 1490/547/1153
f 1490/547/1153 1489/546/1152 1491/548/1117
f 1490/547/1153 1491/548/1117 1492/549/1116
f 1493/357/1154 1494/550/1155 1495/358/722
f 1495/358/722 1494/550/1155 1496/551/1156
f 1495/358/722 1496/551/1156 1446/359/723
f 1446/359/723 1496/551/1156 1497/552/1157
f 1446/359/723 1497/552/1157 1438/502/1111
f 1490/547/1153 1498/553/1158 1488/545/1151
f 1488/545/1151 1498/553/1158 1499/554/1127
f 1488/545/1151 1499/554/1127 1469/528/1135
f 1469/528/1135 1499/554/1127 1500/555/1159
f 1469/528/1135 1500/555/1159 1467/526/1125
f 1501/373/881 1502/509/1160 1503/502/1161
f 1504/510/1162 1505/512/1129 1506/511/1163
f 1507/517/1164 1508/516/1165 1505/512/1129
f 1504/510/1162 1509/539/1166 1505/512/1129
f 1505/512/1129 1509/539/1166 1510/538/1167
f 1505/512/1129 1510/538/1167 1507/517/1164
f 1511/540/1168 1512/514/1169 1505/512/1129
f 1505/512/1129 1512/514/1169 1513/513/1170
f 1505/512/1129 1513/513/1170 1506/511/1163
f 1508/516/1165 1514/515/1171 1505/512/1129
f 1505/512/1129 1514/515/1171 1515/541/1172
f 1505/512/1129 1515/541/1172 1511/540/1168
f 1516/359/723 1517/372/952 1503/502/1161
f 1503/502/1161 1517/372/952 1501/373/881
f 1502/509/1160 1501/373/881 1518/508/1173
f 1518/508/1173 1501/373/881 1519/356/1174
f 1518/508/1173 1519/356/1174 1520/332/898
f 1521/537/1175 1522/520/1176 1523/556/1177
f 1523/556/1177 1522/520/1176 1524/521/1178
f 1525/522/1179 1526/524/1180 1527/523/1181
f 1527/523/1181 1526/524/1180 1528/525/1182
f 1529/528/1183 1530/527/1179 1531/526/1184
f 1532/533/1185 1533/532/1186 1522/520/1176
f 1533/532/1186 1534/534/1187 1522/520/1176
f 1522/520/1176 1534/534/1187 1535/556/1188
f 1522/520/1176 1535/556/1188 1524/521/1178
f 1521/537/1175 1536/533/1189 1522/520/1176
f 1522/520/1176 1536/533/1189 1537/536/1190
f 1522/520/1176 1537/536/1190 1532/533/1185
f 1538/544/1191 1539/543/1192 1540/542/1193
f 1540/542/1193 1539/543/1192 1541/506/1194
f 1540/542/1193 1541/506/1194 1542/507/1162
f 1542/507/1162 1541/506/1194 1543/505/1195
f 1544/549/1162 1545/548/1196 1546/547/1166
f 1546/547/1166 1545/548/1196 1547/546/1197
f 1546/547/1166 1547/546/1197 1548/545/1198
f 1503/502/1161 1549/552/1199 1516/359/723
f 1516/359/723 1549/552/1199 1550/551/1200
f 1516/359/723 1550/551/1200 1551/358/901
f 1551/358/901 1550/551/1200 1552/550/1201
f 1551/358/901 1552/550/1201 1553/357/1202
f 1531/526/1184 1554/555/1203 1529/528/1183
f 1529/528/1183 1554/555/1203 1555/554/1204
f 1529/528/1183 1555/554/1204 1548/545/1198
f 1548/545/1198 1555/554/1204 1556/553/1205
f 1548/545/1198 1556/553/1205 1546/547/1166
f 1557/531/1182 1558/530/1206 1559/529/1168
f 1559/529/1168 1558/530/1206 1560/503/1207
f 1559/529/1168 1560/503/1207 1561/504/1169
f 1561/504/1169 1560/503/1207 1562/505/1192
f 1561/504/1169 1562/505/1192 1563/507/1208
o editpl_m-0000-57
v -4.237180 46.405300 0.283193
v -5.838313 50.251522 -1.079738
v -5.743492 45.197132 -1.179864
v -5.838313 50.251522 -1.079738
v -3.987934 51.112667 -6.033810
v -5.743492 45.197132 -1.179864
v -4.245307 47.697014 -6.353620
v -6.401826 42.093163 -2.379900
v -5.009300 43.731903 -7.632861
v -10.487290 42.009617 -5.430055
v 4.315746 46.405300 0.283193
v 0.000000 44.303856 3.771219
v 0.000000 42.343792 3.921410
v -4.237180 46.405300 0.283193
v -2.782342 42.935024 1.951737
v -5.743492 45.197132 -1.179864
v -3.202267 39.050243 1.633421
v -6.401826 42.093163 -2.379900
v -10.137804 41.158115 -1.489961
v -13.871074 40.223068 -0.600021
v -14.979134 40.685772 -6.436561
v 5.743492 45.197132 -1.179864
v 2.782342 42.935024 1.951737
v 3.202267 39.050243 1.633421
v 1.156826 37.899914 3.840710
v 1.148698 37.077328 5.651973
v 0.000000 37.642853 4.117929
v 0.000000 36.752792 5.173005
v -1.156826 37.899914 3.840710
v -1.148698 37.077328 5.651973
v -3.110155 37.186577 5.329174
v -1.416909 28.636204 11.289753
v -9.831665 29.288486 10.340036
v -7.488213 24.224455 11.944318
v 3.987934 51.112667 -6.033810
v 5.838313 50.251522 -1.079738
v 5.743492 45.197132 -1.179864
v 4.315746 46.405300 0.283193
v 2.782342 42.935024 1.951737
v 0.000000 42.343792 3.921410
v 0.000000 38.015587 3.266098
v -2.782342 42.935024 1.951737
v -1.156826 37.899914 3.840710
v -3.202267 39.050243 1.633421
v -3.110155 37.186577 5.329174
v -8.647748 37.498260 4.416817
v -9.831665 29.288486 10.340036
v -14.369566 29.738337 8.629648
v -12.410818 25.024546 10.686746
v -18.904757 30.188187 6.919260
v -15.380095 23.980249 9.299157
v -19.194639 28.411278 5.341130
v -17.268402 25.998150 2.410531
v -15.995082 26.460854 -10.499945
v -10.644424 27.518002 -12.749825
v -9.474052 20.365379 -11.158993
v -10.644424 27.518002 -12.749825
v -15.995082 26.460854 -10.499945
v -12.771141 34.998375 -11.661126
v -17.268402 25.998150 2.410531
v -14.540245 19.912315 4.075340
v -13.998406 21.432167 7.056002
v -12.161572 38.571472 3.230979
v -17.081469 34.342880 5.765552
v -18.904757 30.188187 6.919260
v -10.137804 41.158115 -1.489961
v -13.871074 40.223068 -0.600021
v -10.861159 39.827843 0.516326
v -15.675397 39.644688 2.045140
v -12.161572 38.571472 3.230979
v -17.268402 25.998150 2.410531
v -15.380095 23.980249 9.299157
v -16.046556 17.904053 -0.940004
v -18.335827 25.451902 -1.612504
v -18.988743 23.131960 -7.460999
v -14.369566 29.738337 8.629648
v -8.647748 37.498260 4.416817
v -10.861159 39.827843 0.516326
v -3.202267 39.050243 1.633421
v -10.137804 41.158115 -1.489961
v -18.335827 25.451902 -1.612504
v -19.847555 27.643318 -4.980227
v -19.579346 28.077103 -9.016712
v -15.995082 26.460854 -10.499945
v -17.257566 31.987591 -11.014033
v -12.771141 34.998375 -11.661126
v -16.087194 37.691051 -9.633917
v -11.565550 39.191624 -9.480737
v -14.979134 40.685772 -6.436561
v -10.487290 42.009617 -5.430055
v -7.043905 38.230873 -12.587680
v -5.009300 44.194607 -7.939968
v 0.000000 44.451664 -9.364172
v 5.009300 44.194607 -7.939968
v 7.043905 38.230873 -12.587680
v 0.000000 44.451664 -9.364172
v 0.000000 39.541866 -12.710971
v -7.043905 38.230873 -12.587680
v -1.760976 34.689907 -13.770530
v -2.064406 28.138151 -14.567813
v -2.064406 28.138151 -14.567813
v -7.125181 28.446621 -14.109767
v -7.043905 38.230873 -12.587680
v -10.487290 42.009617 -5.430055
v -5.009300 44.194607 -7.939968
v -11.565550 39.191624 -9.480737
v -7.043905 38.230873 -12.587680
v -12.771141 34.998375 -11.661126
v -7.125181 28.446621 -14.109767
v -10.644424 27.518002 -12.749825
v -6.786531 20.824867 -12.991925
v -9.474052 20.365379 -11.158993
v 9.474052 20.365379 -11.158993
v 10.644424 27.518002 -12.749825
v 15.995082 26.460854 -10.499945
v 12.771141 34.998375 -11.661126
v 7.125181 28.446621 -14.109767
v 2.064406 28.138151 -14.567813
v 7.043905 38.230873 -12.587680
v 1.760976 34.689907 -13.770530
v 0.000000 39.541866 -12.710971
v 9.474052 20.365379 -11.158993
v 6.786531 20.824867 -12.991925
v 10.644424 27.518002 -12.749825
v 7.125181 28.446621 -14.109767
v 7.043905 38.230873 -12.587680
v 11.565550 39.191624 -9.480737
v 5.009300 44.194607 -7.939968
v 10.487290 42.009617 -5.430055
v 12.161572 38.571472 3.230979
v 8.647748 37.498260 4.416817
v 14.369566 29.738337 8.629648
v 8.647748 37.498260 4.416817
v 12.161572 38.571472 3.230979
v 10.861159 39.827843 0.516326
v 15.675397 39.644688 2.045140
v 13.871074 40.223068 -0.600021
v 15.380095 23.980249 9.299157
v 13.884620 21.432167 7.056002
v 17.268402 25.998150 2.410531
v 10.487290 42.009617 -5.430055
v 14.979134 40.685772 -6.436561
v 11.565550 39.191624 -9.480737
v 16.087194 37.691051 -9.633917
v 12.771141 34.998375 -11.661126
v 17.257566 31.987591 -11.014033
v 15.995082 26.460854 -10.499945
v 19.579346 28.077103 -9.016712
v 18.988743 23.131960 -7.460999
v 14.540245 19.912315 4.075340
v 17.268402 25.998150 2.410531
v 16.046556 17.904053 -0.940004
v 18.335827 25.451902 -1.612504
v 19.847555 27.643318 -4.980227
v 19.579346 28.077103 -9.016712
v 19.194639 28.411278 5.341130
v 18.904757 30.188187 6.919260
v 12.410818 25.024546 10.686746
v 14.369566 29.738337 8.629648
v 9.831665 29.288486 10.340036
v 8.647748 37.498260 4.416817
v 6.401826 42.093163 -2.379900
v 3.202267 39.050243 1.633421
v 10.137804 41.158115 -1.489961
v 10.137804 41.158115 -1.489961
v 10.487290 42.009617 -5.430055
v 6.401826 42.093163 -2.379900
v 5.009300 43.731903 -7.632861
v 4.245307 47.697014 -6.353620
v 3.069517 37.186577 5.335899
v 1.148698 37.077328 5.651973
v 1.416909 28.636204 11.289753
v 1.148698 37.077328 5.651973
v 3.069517 37.186577 5.335899
v 3.202267 39.050243 1.633421
v 2.879873 21.775982 12.379200
v 5.575521 20.995169 12.183429
v 7.488213 24.224455 11.944318
v 14.979134 40.685772 -6.436561
v 10.487290 42.009617 -5.430055
v 13.871074 40.223068 -0.600021
v 10.137804 41.158115 -1.489961
v 10.861159 39.827843 0.516326
v 8.647748 37.498260 4.416817
v 3.069517 37.186577 5.335899
v 9.831665 29.288486 10.340036
v 1.416909 28.636204 11.289753
v 2.216121 24.253374 12.841730
v 2.879873 21.775982 12.379200
v -1.156826 37.899914 3.840710
v 0.000000 37.642853 4.117929
v 0.000000 38.015587 3.266098
v 1.156826 37.899914 3.840710
v 2.782342 42.935024 1.951737
v 4.245307 47.697014 -6.353620
v 5.009300 43.731903 -7.632861
v 0.000000 48.317165 -8.488429
v 0.000000 43.988960 -9.057063
v -5.009300 43.731903 -7.632861
v -5.009300 43.731903 -7.632861
v -4.245307 47.697014 -6.353620
v 0.000000 48.317165 -8.488429
v 0.000000 51.411495 -8.168619
v 4.245307 47.697014 -6.353620
v 3.987934 51.112667 -6.033810
v 3.202267 39.050243 1.633421
v 6.401826 42.093163 -2.379900
v 5.743492 45.197132 -1.179864
v 4.245307 47.697014 -6.353620
v 3.987934 51.112667 -6.033810
v 4.670651 46.369953 -7.285403
v 4.982208 45.010765 -7.773338
v 0.000000 46.710556 -9.660070
v 6.670036 42.992863 -1.874779
v 4.982208 45.010765 -7.773338
v 4.670651 46.369953 -7.285403
v 4.982208 45.010765 -7.773338
v 0.000000 45.148933 -9.873029
v 0.000000 46.710556 -9.660070
v -4.995754 44.952927 -7.794261
v -4.673360 46.369953 -7.285403
v -6.613143 43.253136 -1.797816
v -6.320550 44.554485 -1.417480
v -3.608647 41.283432 2.281261
v -3.679086 42.748657 2.713902
v 0.000000 40.380516 4.230760
v 0.000000 41.903584 4.528901
v 3.619483 41.196674 2.255109
v 3.679086 42.748657 2.713902
v 6.320550 44.554485 -1.417480
v -17.336132 17.904053 -0.940004
v -18.988743 23.131960 -7.460999
v -17.997175 18.546698 -5.831310
v -15.995082 26.460854 -10.499945
v -14.185340 19.484957 -9.806524
v -9.474052 20.365379 -11.158993
v -14.185340 19.484957 -9.806524
v -13.984860 11.432631 -5.167778
v -17.997175 18.546698 -5.831310
v -16.027592 10.944222 -1.298670
v -17.336132 17.904053 -0.940004
v -15.228380 11.095243 4.431017
v -15.783765 19.105797 4.977234
v -12.616717 10.741790 8.888934
v -11.993602 20.127600 9.254324
v -12.616717 10.741790 8.888934
v -7.788933 9.797104 12.657167
v -11.993602 20.127600 9.254324
v 0.000000 21.586401 -13.494805
v -0.002709 12.991041 -10.419244
v -2.132136 21.586401 -13.804901
v -3.064099 12.991041 -10.837687
v -6.786531 20.824867 -12.991925
v -5.686598 12.994254 -9.856587
v -9.474052 20.365379 -11.158993
v -7.826862 12.856086 -8.340476
v -14.185340 19.484957 -9.806524
v -10.779883 12.431941 -8.049808
v -13.984860 11.432631 -5.167778
v -2.901547 8.862057 14.321227
v -2.259468 18.916220 13.732418
v -7.788933 9.797104 12.657167
v -7.233548 19.523516 12.433747
v -7.488213 24.224455 12.331378
v -12.410818 25.024546 11.216525
v -9.831665 29.494131 11.212042
v -13.762706 29.487705 10.227205
v -8.647748 37.498260 5.142369
v -11.102277 38.246941 3.755527
v -10.503546 40.380516 0.703879
v 14.185340 19.484957 -9.806524
v 10.782593 12.431941 -8.049808
v 7.818734 12.856086 -8.340476
v 6.786531 20.824867 -12.991925
v 9.474052 20.365379 -11.158993
v 5.678471 12.994254 -9.856587
v 17.997175 18.546698 -5.831310
v 18.988743 23.131960 -7.460999
v 17.336132 17.904053 -0.940004
v 7.488213 24.224455 12.331378
v 2.291978 28.845062 12.161759
v 2.124008 24.253374 13.408870
v 2.259468 18.916220 13.732418
v 2.906965 8.862057 14.321227
v 7.233548 19.523516 12.433747
v 7.794351 9.938486 12.657167
v 12.616717 10.320859 8.888934
v 2.124008 24.253374 13.408870
v 2.259468 18.916220 13.732418
v 7.488213 24.224455 12.331378
v 7.233548 19.523516 12.433747
v 11.993602 20.127600 9.254324
v 12.616717 10.320859 8.888934
v 15.228380 10.745003 4.431017
v 18.988743 23.131960 -7.460999
v 17.997175 18.546698 -5.831310
v 15.995082 26.460854 -10.499945
v 14.185340 19.484957 -9.806524
v 9.474052 20.365379 -11.158993
v 5.678471 12.994254 -9.856587
v 10.782593 12.431941 -8.049808
v 14.185340 19.484957 -9.806524
v 13.984860 11.153081 -5.167778
v 17.997175 18.546698 -5.831310
v 16.027592 10.873531 -1.298670
v 17.336132 17.904053 -0.940004
v 15.228380 10.745003 4.431017
v 15.783765 19.105797 4.977234
v 11.993602 20.127600 9.254324
v -15.301528 11.840710 -1.311373
v -14.204305 4.694512 -1.228431
v -14.361438 3.913700 4.415326
v 0.000000 18.350693 13.169013
v 5.055356 18.916218 12.613081
v 0.000000 21.753489 12.355289
v -0.002709 12.991041 -10.419244
v 0.000000 21.586401 -13.494805
v 2.132136 21.586401 -13.804901
v 1.297704 5.600639 -8.930780
v 2.920511 13.781493 -10.493219
v 5.426516 13.383054 -9.556951
v -0.002709 12.991041 -10.419244
v 3.055971 12.991041 -10.837687
v 6.786531 20.824867 -12.991925
v 5.678471 12.994254 -9.856587
v 0.000000 21.753489 12.355289
v -5.055356 18.916218 12.613081
v 0.000000 18.350693 13.169013
v -4.792564 14.571947 11.922650
v 0.000000 15.410597 12.631763
v -14.204305 4.694512 -1.228431
v -15.301528 11.840710 -1.311373
v -11.649535 5.073671 -5.241753
v -13.350909 12.046356 -5.004884
v -7.163109 5.652050 -7.072443
v 4.792564 14.571947 11.922650
v 0.000000 12.316267 12.924672
v 4.871131 12.229510 12.305974
v 4.578538 7.367911 11.819533
v 0.000000 7.387190 12.229757
v 0.000000 3.370667 11.123872
v -4.578538 7.367911 11.819533
v -4.800692 3.663070 11.174683
v -7.493631 3.528115 10.128574
v -13.757288 11.766806 4.158281
v -11.698300 8.977733 7.365353
v -11.297339 12.309841 8.417439
v -10.018600 11.503323 8.776851
v -8.032761 12.036717 10.438670
v 7.163109 5.652050 -7.072443
v 13.350909 12.046356 -5.004884
v 11.649535 5.073671 -5.241753
v 15.301528 11.840710 -1.311373
v 14.361438 3.913700 4.415326
v 11.698300 10.005963 7.364604
v 10.573985 3.627725 8.278456
v 9.536363 11.503323 8.776851
v 7.493631 3.528115 10.128574
v 4.681487 5.600639 -8.037851
v 7.469248 13.402333 -8.109585
v 10.292228 13.530862 -7.756150
v 0.000000 0.038558 -8.170109
v 1.297704 5.600639 -8.930780
v 2.134845 0.038558 -8.805247
v 4.248016 0.038558 -8.220920
v 6.962629 0.038558 -6.937195
v -10.292228 13.530862 -7.756150
v -7.469248 13.402333 -8.109585
v -4.681487 5.600639 -8.037851
v -5.426516 13.383054 -9.556951
v -1.297704 5.600639 -8.930780
v -2.920511 13.781493 -10.493219
v 0.000000 5.600639 -8.043829
v 0.000000 13.781493 -9.476999
v 5.055356 18.916218 12.613081
v 0.000000 18.350693 13.169013
v 4.792564 14.571947 11.922650
v 0.000000 12.316267 12.924672
v -4.871131 12.229510 12.305974
v -14.204305 4.694512 -1.228431
v -15.344875 -0.266697 4.414579
v -14.361438 3.913700 4.415326
v -12.930983 -0.530180 7.029103
v -10.573985 3.627725 8.278456
v -10.536056 -0.684415 8.634133
v -7.052032 -0.758319 10.107652
v 0.000000 -0.938259 12.270108
v 5.060775 -0.912553 11.595368
v 4.795274 3.663070 11.174683
v 7.052032 -0.758319 10.107652
v 7.493631 3.528115 10.128574
v 10.536056 -0.684415 8.634133
v 12.930983 -0.530180 7.029103
v 14.361438 3.913700 4.415326
v 15.344875 -0.266697 4.414579
v 14.204305 4.694512 -1.228431
v 0.000000 0.038558 -8.170109
v -2.134845 0.038558 -8.805247
v -4.248016 0.038558 -8.220920
v -6.962629 0.038558 -6.937195
v -11.576386 0.038559 -5.909020
v -14.204305 4.694512 -1.228431
v 8.032761 12.036717 10.438670
v -4.871131 12.229510 12.305974
v -10.573985 3.627725 8.278456
v -15.301528 11.840710 -1.311373
v -5.060775 -0.912553 11.595368
v 0.000000 -0.938259 12.270108
v 4.795274 3.663070 11.174683
v 11.297339 12.309841 8.417439
v 13.757288 11.766806 4.158281
v 14.204305 4.694512 -1.228431
v 11.576386 0.038559 -5.909020
v 18.211203 39.949944 1.850862
v 15.675397 39.644688 2.045140
v 17.081469 34.342880 5.765552
v 16.956846 40.676132 -1.670041
v 13.871074 40.223068 -0.600021
v 15.675397 39.644688 2.045140
v 25.401403 33.247169 4.076086
v 18.904757 30.188187 6.919260
v 19.194639 28.411278 5.341130
v 8.647748 37.498260 5.142369
v 9.831665 29.494131 11.212042
v 13.884620 29.616234 10.134550
v 12.410818 25.024546 11.216525
v 14.632357 26.415869 10.316872
v 15.380095 23.980249 9.299157
v 8.647748 37.498260 5.142369
v 3.730560 37.221924 5.952356
v 9.831665 29.494131 11.212042
v 15.675397 39.644688 2.045140
v 12.161572 38.571472 3.230979
v 17.081469 34.342880 5.765552
v 14.369566 29.738337 8.629648
v 18.904757 30.188187 6.919260
v 17.268402 25.998150 2.410531
v 18.335827 25.451902 -1.612504
v 20.524855 29.339897 0.191286
v 19.847555 27.643318 -4.980227
v 18.904757 30.188187 6.919260
v 22.375235 33.934799 5.287330
v 17.081469 34.342880 5.765552
v 18.211203 39.949944 1.850862
v 25.344511 30.419538 -1.708148
v 26.669308 31.627708 2.524109
v 20.524855 29.339897 0.191286
v 18.211203 39.949944 1.850862
v 16.956846 40.676132 -1.670041
v 18.330406 41.106705 -1.782871
v 17.682911 40.653641 -6.326719
v 18.677183 40.660065 -6.116750
v 19.053762 37.829220 -9.004757
v 22.020330 37.948109 -8.375598
v 21.557058 32.386028 -9.893950
v 35.333309 33.709873 4.333877
v 35.333309 37.530392 4.333876
v 25.401403 33.247169 4.076086
v 27.893864 37.215496 3.548547
v 24.799963 36.733513 3.866863
v 27.771950 40.194149 1.070764
v 23.049824 40.807873 1.801546
v 35.333309 31.949032 0.626916
v 35.333309 33.709873 4.333877
v 26.669308 31.627708 2.524109
v 25.401403 33.247169 4.076086
v 19.194639 28.411278 5.341130
v 17.268402 25.998150 2.410531
v 3.730560 37.221924 5.952356
v 2.291978 28.845062 12.161759
v 7.488213 24.224455 12.331378
v 12.410818 25.024546 11.216525
v 11.993602 20.127600 9.254324
v 15.380095 23.980249 9.299157
v 15.783765 19.105797 4.977234
v 17.268402 21.827393 4.499013
v 17.336132 17.904053 -0.940004
v 18.335827 21.865952 -1.612504
v 18.988743 23.131960 -7.460999
v 14.979134 40.685772 -6.436561
v 17.682911 40.653641 -6.326719
v 16.087194 37.691051 -9.633917
v 19.053762 37.829220 -9.004757
v 17.257566 31.987591 -11.014033
v 21.557058 32.386028 -9.893950
v 19.579346 28.077103 -9.016712
v 25.566666 30.021099 -7.370585
v 19.847555 27.643318 -4.980227
v 25.344511 30.419538 -1.708148
v 20.524855 29.339897 0.191286
v 18.904757 30.188187 6.919260
v 25.401403 33.247169 4.076086
v 22.375235 33.934799 5.287330
v 24.799963 36.733513 3.866863
v 23.049824 40.807873 1.801546
v 18.330406 41.106705 -1.782871
v 22.881853 41.627247 -2.079518
v 18.677183 40.660065 -6.116750
v 23.141935 40.817513 -5.696812
v 22.020330 37.948109 -8.375598
v 24.358364 37.478981 -8.194023
v 21.557058 32.386028 -9.893950
v 27.360151 32.761974 -8.763405
v 25.566666 30.021099 -7.370585
v 35.333309 32.627022 -8.093896
v 35.333309 31.107168 -5.676636
v 3.730560 37.221924 5.952356
v 8.647748 37.498260 5.142369
v 4.592084 39.786072 1.933804
v 13.884620 29.616234 10.134550
v 11.107696 38.095917 4.151554
v 10.454780 40.345173 0.772623
v 10.137804 41.604752 -1.489961
v 6.401826 42.543011 -2.379900
v 10.487290 42.009617 -5.430055
v 5.009300 44.194607 -7.939968
v -20.524855 29.339897 0.191286
v -18.335827 25.451902 -1.612504
v -17.268402 25.998150 2.410531
v -18.904757 30.188187 6.919260
v -25.401403 33.247169 4.076086
v -19.194639 28.411278 5.341130
v -13.762706 29.487705 10.227205
v -14.572755 26.351604 10.363199
v -12.410818 25.024546 11.216525
v -15.380095 23.980249 9.299157
v -11.993602 20.127600 9.254324
v -35.333309 31.107168 -5.676636
v -25.566666 30.021099 -7.370585
v -25.344511 30.419538 -1.708148
v -27.360151 32.761974 -8.763405
v -35.333309 32.627022 -8.093896
v -35.333309 34.927685 -8.833644
v -18.335827 25.451902 -1.612504
v -20.524855 29.339897 0.191286
v -19.847555 27.643318 -4.980227
v -25.401403 33.247169 4.076086
v -18.904757 30.188187 6.919260
v -22.375235 33.934799 5.287330
v -17.081469 34.342880 5.765552
v -18.211203 39.949944 1.850862
v -35.333309 31.107168 -5.676636
v -35.333309 32.627022 -8.093896
v -25.566666 30.021099 -7.370585
v -27.360151 32.761974 -8.763405
v -21.557058 32.386028 -9.893950
v -17.081469 34.342880 5.765552
v -12.161572 38.571472 3.230979
v -15.675397 39.644688 2.045140
v -11.993602 20.127600 9.254324
v -15.380095 23.980249 9.299157
v -15.783765 19.105797 4.977234
v -17.268402 21.827393 4.499013
v -17.336132 17.904053 -0.940004
v -18.335827 21.865952 -1.612504
v -18.988743 23.131960 -7.460999
v -17.268402 25.998150 2.410531
v -20.524855 29.339897 0.191286
v -26.669308 31.627708 2.524109
v -35.333309 33.709873 4.333877
v -35.333309 31.949032 0.626916
v -22.020330 37.948109 -8.375598
v -23.141935 40.817513 -5.696812
v -18.677183 40.660065 -6.116750
v -22.881853 41.627247 -2.079518
v -18.330406 41.106705 -1.782871
v -23.049824 40.807873 1.801546
v -18.211203 39.949944 1.850862
v -24.799963 36.733513 3.866863
v -27.893864 37.215496 3.548547
v -35.333309 37.530392 4.333876
v -35.333309 33.709873 4.333877
v -20.524855 29.339897 0.191286
v -25.344511 30.419538 -1.708148
v -19.847555 27.643318 -4.980227
v -25.566666 30.021099 -7.370585
v -19.579346 28.077103 -9.016712
v -21.557058 32.386028 -9.893950
v -17.257566 31.987591 -11.014033
v -19.053762 37.829220 -9.004757
v -16.087194 37.691051 -9.633917
v -17.682911 40.653641 -6.326719
v -14.979134 40.685772 -6.436561
v -16.956846 40.676132 -1.670041
v -13.871074 40.223068 -0.600021
v -15.675397 39.644688 2.045140
v -16.956846 40.676132 -1.670041
v -18.330406 41.106705 -1.782871
v -17.682911 40.653641 -6.326719
v -18.677183 40.660065 -6.116750
v -19.053762 37.829220 -9.004757
v -22.020330 37.948109 -8.375598
v -21.557058 32.386028 -9.893950
v -24.358364 37.478981 -8.194023
v -27.360151 32.761974 -8.763405
v -29.763206 37.315105 -8.819447
v -5.009300 44.194607 -7.939968
v -10.487290 42.009617 -5.430055
v -6.401826 42.543011 -2.379900
v -10.137804 41.604752 -1.489961
v -4.719416 39.773216 1.961451
v -2.259468 18.916220 13.732418
v -7.488213 24.224455 12.331378
v -7.233548 19.523516 12.433747
v -5.575521 20.995169 12.183429
v -2.879873 21.775982 12.379200
v -7.488213 24.224455 11.944318
v -2.216121 24.253374 12.841730
v -1.416909 28.636204 11.289753
v -10.503546 40.380516 0.703879
v -8.647748 37.498260 5.142369
v -3.809127 37.228348 5.939653
v -9.831665 29.494131 11.212042
v -2.291978 28.845062 12.161759
v -7.488213 24.224455 12.331378
v -2.310943 24.253374 13.408870
v -2.259468 18.916220 13.732418
v 1.416909 28.636204 11.289753
v 0.000000 23.774603 12.237228
v 2.216121 24.253374 12.841730
v 0.000000 39.541866 -12.710971
v 0.000000 33.992638 -13.594933
v -1.760976 34.689907 -13.770530
v -2.064406 28.138151 -14.567813
v 0.000000 27.546921 -14.324966
v 1.760976 34.689907 -13.770530
v 0.000000 21.586401 -13.494805
v 2.064406 28.138151 -14.567813
v 2.132136 21.586401 -13.804901
v 7.125181 28.446621 -14.109767
v 6.786531 20.824867 -12.991925
v 0.000000 29.211369 10.510402
v 1.148698 37.077328 5.651973
v 0.000000 36.752792 5.173005
v 5.575521 20.995169 12.183429
v 2.879873 21.775982 12.379200
v 5.055356 18.916218 12.613081
v 0.000000 21.753489 12.355289
v -2.132136 21.586401 -13.804901
v -7.125181 28.446621 -14.109767
v -6.786531 20.824867 -12.991925
v -1.148698 37.077328 5.651973
v -1.416909 28.636204 11.289753
v -2.216121 24.253374 12.841730
v -2.879873 21.775982 12.379200
v -5.575521 20.995169 12.183429
v -5.055356 18.916218 12.613081
v -26.669308 31.627708 2.524109
v -25.344511 30.419538 -1.708148
v -20.524855 29.339897 0.191286
v -23.141935 40.817513 -5.696812
v -22.020330 37.948109 -8.375598
v -24.358364 37.478981 -8.194023
v -25.344511 30.419538 -1.708148
v -26.669308 31.627708 2.524109
v -35.333309 31.949032 0.626916
v -23.049824 40.807873 1.801546
v -27.771950 40.194149 1.070764
v -24.799963 36.733513 3.866863
v -27.893864 37.215496 3.548547
v -25.344511 30.419538 -1.708148
v -35.330601 33.147560 -2.459852
v -35.333309 31.107168 -5.676636
v -35.333309 31.949032 0.626916
v -35.330601 33.147560 -2.459852
v -25.344511 30.419538 -1.708148
v -35.333309 37.530392 4.333876
v -27.893864 37.215496 3.548547
v -35.330601 39.432617 0.339982
v -27.771950 40.194149 1.070764
v -35.333309 40.226280 -2.157976
v -35.333309 34.927685 -8.833644
v -35.333309 37.228348 -8.093896
v -29.763206 37.315105 -8.819447
v -35.333309 39.339432 -4.656681
v -27.357443 40.078472 -5.208130
v -28.397774 40.939617 -1.879263
v -23.049824 40.807873 1.801546
v -22.881853 41.627247 -2.079518
v -23.141935 40.817513 -5.696812
v -24.358364 37.478981 -8.194023
v 26.669308 31.627708 2.524109
v 25.344511 30.419538 -1.708148
v 35.333309 31.949032 0.626916
v 24.358364 37.478981 -8.194023
v 29.763206 37.315105 -8.819447
v 27.360151 32.761974 -8.763405
v 35.333309 34.927685 -8.833644
v 35.333309 32.627022 -8.093896
v 25.344511 30.419538 -1.708148
v 25.566666 30.021099 -7.370585
v 35.333309 31.107168 -5.676636
v 29.763206 37.315105 -8.819447
v 35.333309 37.228348 -8.093896
v 35.333309 34.927685 -8.833644
v 24.358364 37.478981 -8.194023
v 27.357443 40.078472 -5.208130
v 35.333309 39.339432 -4.656681
v 35.333309 40.226280 -2.157976
v 23.141935 40.817513 -5.696812
v 22.881853 41.627247 -2.079518
v 28.397774 40.939617 -1.879263
v 23.049824 40.807873 1.801546
v 27.771950 40.194149 1.070764
v 25.344511 30.419538 -1.708148
v 35.330601 33.147560 -2.459852
v 35.333309 31.949032 0.626916
v 35.333309 31.107168 -5.676636
v 35.330601 33.147560 -2.459852
v 25.344511 30.419538 -1.708148
v 35.330601 39.432617 0.339982
v 27.893864 37.215496 3.548547
v 35.333309 37.530392 4.333876
v -4.245307 47.697014 -6.353620
v -3.987934 51.112667 -6.033810
v 0.000000 51.411495 -8.168619
v 0.000000 51.411495 -8.168619
v -3.987934 51.112667 -6.033810
v -4.107138 53.590057 -7.539459
v 0.000000 53.577206 -9.293186
v 4.107138 53.590057 -7.539459
v 3.987934 51.112667 -6.033810
v 0.000000 44.708721 6.307285
v 4.315746 46.405300 0.283193
v 6.325968 50.248310 0.331015
v 5.838313 50.251522 -1.079738
v 7.163109 53.779636 -2.334321
v 3.987934 51.112667 -6.033810
v 4.107138 53.590057 -7.539459
v -4.107138 53.590057 -7.539459
v -3.987934 51.112667 -6.033810
v -7.163109 53.779636 -2.334321
v -5.838313 50.251522 -1.079738
v -6.244692 50.248310 0.331015
v -4.237180 46.405300 0.283193
v 0.000000 44.303856 3.771219
v 14.502316 0.038559 -1.479497
v 14.204305 4.694512 -1.228431
v 15.344875 -0.266697 4.414579
v 11.576386 0.038559 -5.909020
v -11.576386 0.038559 -5.909020
v -14.502316 0.038559 -1.479497
v -14.204305 4.694512 -1.228431
v -15.344875 -0.266697 4.414579
vn -0.7935 -0.2435 0.5578
vn -0.9483 -0.2979 -0.1097
vn -0.9452 0.0473 0.3230
vn -0.9483 -0.2978 -0.1097
vn -0.8023 -0.1887 -0.5663
vn -0.7892 0.2131 -0.5760
vn -0.6765 0.6765 0.2910
vn -0.6210 0.5502 -0.5581
vn -0.2590 0.9656 0.0236
vn 0.7954 -0.2519 0.5513
vn -0.0000 -0.6456 0.7637
vn -0.0001 0.0394 0.9992
vn -0.5427 0.1022 0.8337
vn -0.9452 0.0472 0.3230
vn -0.3472 0.6390 0.6864
vn -0.6765 0.6765 0.2911
vn -0.1018 0.8929 0.4386
vn -0.2591 0.9656 0.0236
vn -0.0471 0.9648 0.2588
vn -0.1020 0.9491 -0.2980
vn 0.9484 0.0470 0.3135
vn 0.5432 0.0944 0.8343
vn 0.3471 0.6391 0.6864
vn -0.0000 0.7378 0.6750
vn -0.1731 0.7004 0.6925
vn -0.0000 0.8896 0.4567
vn 0.1731 0.7004 0.6925
vn -0.0549 0.7215 0.6902
vn 0.0708 0.4175 0.9059
vn -0.1571 0.4635 0.8720
vn -0.1258 0.1810 0.9754
vn 0.8023 -0.1888 -0.5663
vn 0.9425 -0.3063 -0.1335
vn 0.9484 0.0470 0.3136
vn 0.7954 -0.2520 0.5513
vn 0.5431 0.0944 0.8343
vn -0.0000 0.0393 0.9992
vn -0.0000 0.5122 0.8589
vn -0.0549 0.7216 0.6902
vn -0.0551 0.7480 0.6614
vn -0.2205 0.4331 0.8740
vn -0.3609 0.2040 0.9100
vn -0.4308 0.0548 0.9008
vn -0.8241 -0.3846 0.4159
vn -0.7414 -0.6151 0.2682
vn -0.8543 -0.4782 0.2037
vn -0.3865 -0.2051 -0.8992
vn -0.3860 -0.1261 -0.9138
vn -0.3844 -0.3060 -0.8710
vn -0.3860 -0.1260 -0.9138
vn -0.2834 0.2047 -0.9369
vn -0.8544 -0.4781 0.2038
vn -0.8892 -0.2990 0.3462
vn -0.8831 -0.4258 0.1972
vn -0.0236 0.7147 0.6990
vn -0.0783 0.5014 0.8617
vn -0.4308 0.0549 0.9008
vn -0.0471 0.9648 0.2589
vn 0.0236 0.8728 0.4875
vn 0.0314 0.8550 0.5177
vn -0.8543 -0.4781 0.2037
vn -0.8831 -0.4258 0.1971
vn -0.9188 -0.2670 0.2906
vn -0.8977 -0.3858 0.2126
vn -0.9369 -0.2992 -0.1810
vn -0.3471 0.6391 0.6863
vn -0.7170 -0.6934 0.0709
vn -0.9369 -0.2992 -0.1811
vn -0.5518 -0.4256 -0.7172
vn -0.2590 0.0314 -0.9654
vn -0.1732 0.5590 -0.8109
vn -0.2910 0.6843 -0.6686
vn -0.1020 0.9491 -0.2981
vn -0.2045 0.3932 -0.8964
vn -0.3629 0.8204 -0.4418
vn -0.0000 0.6151 -0.7885
vn 0.3629 0.8204 -0.4418
vn 0.2044 0.3932 -0.8964
vn -0.0000 0.6150 -0.7885
vn -0.0000 0.3210 -0.9471
vn -0.2044 0.3932 -0.8965
vn 0.0470 0.1490 -0.9877
vn 0.0079 -0.0000 -1.0000
vn 0.0078 -0.0000 -1.0000
vn -0.2111 -0.0078 -0.9774
vn -0.2591 0.9656 0.0235
vn -0.2911 0.6843 -0.6686
vn -0.2112 -0.0078 -0.9774
vn -0.3229 -0.2756 -0.9054
vn -0.3845 -0.3060 -0.8709
vn 0.3844 -0.3060 -0.8710
vn 0.3860 -0.1260 -0.9139
vn 0.3865 -0.2050 -0.8992
vn 0.2835 0.2047 -0.9369
vn 0.2111 -0.0078 -0.9774
vn -0.0078 -0.0000 -1.0000
vn 0.2044 0.3931 -0.8965
vn -0.0470 0.1490 -0.9877
vn -0.0000 0.3209 -0.9471
vn 0.3845 -0.3060 -0.8709
vn 0.3229 -0.2756 -0.9054
vn 0.3860 -0.1261 -0.9138
vn 0.2112 -0.0078 -0.9774
vn 0.2834 0.2047 -0.9369
vn 0.2045 0.3932 -0.8964
vn 0.2911 0.6843 -0.6686
vn 0.2591 0.9656 0.0235
vn 0.0236 0.7147 0.6990
vn 0.0551 0.7480 0.6614
vn 0.2205 0.4331 0.8740
vn 0.0235 0.7147 0.6990
vn -0.0236 0.8728 0.4875
vn -0.0314 0.8550 0.5177
vn 0.0470 0.9648 0.2588
vn 0.8190 -0.3937 0.4174
vn 0.8773 -0.4308 0.2115
vn 0.8508 -0.4806 0.2126
vn 0.2591 0.9656 0.0236
vn 0.1020 0.9491 -0.2981
vn 0.2910 0.6843 -0.6686
vn 0.1732 0.5590 -0.8109
vn 0.2590 0.0314 -0.9654
vn 0.3865 -0.2051 -0.8992
vn 0.5517 -0.4256 -0.7173
vn 0.9369 -0.2991 -0.1810
vn 0.8863 -0.2902 0.3608
vn 0.8508 -0.4805 0.2127
vn 0.9188 -0.2670 0.2906
vn 0.8977 -0.3859 0.2126
vn 0.9369 -0.2992 -0.1810
vn 0.7170 -0.6934 0.0709
vn 0.5517 -0.4257 -0.7172
vn 0.7414 -0.6151 0.2682
vn 0.4309 0.0548 0.9008
vn 0.3609 0.2040 0.9100
vn 0.1571 0.4635 0.8720
vn 0.6765 0.6765 0.2910
vn 0.1018 0.8929 0.4387
vn 0.1019 0.8929 0.4386
vn 0.2590 0.9656 0.0236
vn 0.6210 0.5503 -0.5581
vn 0.7892 0.2130 -0.5761
vn 0.0549 0.7215 0.6902
vn -0.0709 0.4175 0.9059
vn 0.0549 0.7216 0.6901
vn -0.0000 -0.0000 1.0000
vn 0.1258 0.0472 0.9909
vn 0.1258 0.1809 0.9754
vn 0.0471 0.9648 0.2589
vn 0.1018 0.8929 0.4386
vn 0.1571 0.4635 0.8721
vn -0.0708 0.4175 0.9059
vn 0.1259 0.1809 0.9754
vn -0.0548 0.0784 0.9954
vn -0.0000 0.8897 0.4566
vn 0.5431 0.0944 0.8344
vn 0.7891 0.2131 -0.5761
vn -0.0000 0.2036 -0.9790
vn -0.0000 0.1260 -0.9920
vn -0.6210 0.5503 -0.5581
vn -0.6210 0.5502 -0.5582
vn -0.7891 0.2131 -0.5761
vn -0.0000 -0.2036 -0.9791
vn 0.9484 0.0471 0.3135
vn 0.7575 0.2920 -0.5839
vn 0.7575 0.2919 -0.5839
vn -0.0000 0.2758 -0.9612
vn 0.9751 0.1022 0.1966
vn -0.0000 0.2757 -0.9612
vn -0.7575 0.2920 -0.5839
vn -0.9774 0.0946 0.1892
vn -0.6825 -0.1569 0.7139
vn -0.6825 -0.1569 0.7138
vn -0.0000 -0.2444 0.9697
vn 0.6833 -0.1492 0.7147
vn 0.6833 -0.1493 0.7147
vn -0.9634 -0.2115 0.1645
vn -0.9369 -0.2991 -0.1810
vn -0.8193 -0.3466 -0.4568
vn -0.3935 -0.3305 -0.8578
vn -0.3935 -0.3306 -0.8578
vn -0.6384 -0.4414 -0.6305
vn -0.8192 -0.3466 -0.4569
vn -0.9517 -0.2989 -0.0708
vn -0.9356 -0.1022 0.3381
vn -0.8327 -0.2906 0.4714
vn -0.7032 -0.0000 0.7110
vn -0.5573 -0.2198 0.8007
vn -0.4406 0.0393 0.8968
vn -0.0000 -0.1961 -0.9806
vn -0.0000 -0.3373 -0.9414
vn 0.0079 -0.2278 -0.9737
vn -0.1017 -0.3519 -0.9305
vn -0.3228 -0.2756 -0.9055
vn -0.4394 -0.3923 -0.8081
vn -0.2600 -0.3545 -0.8982
vn -0.3935 -0.3306 -0.8579
vn -0.2994 -0.3625 -0.8826
vn -0.6384 -0.4414 -0.6306
vn -0.2753 0.0551 0.9598
vn -0.2442 0.0394 0.9689
vn -0.4405 0.0393 0.8969
vn -0.4250 0.0157 0.9051
vn -0.2591 0.0235 0.9656
vn -0.3216 -0.1020 0.9414
vn -0.1492 0.3848 0.9109
vn -0.2515 0.3851 0.8880
vn -0.1105 0.7336 0.6705
vn -0.1499 0.7337 0.6627
vn -0.0313 0.8458 0.5326
vn 0.3945 -0.3235 -0.8601
vn 0.2902 -0.3608 -0.8864
vn 0.2599 -0.3545 -0.8982
vn 0.3228 -0.2756 -0.9054
vn 0.4394 -0.3923 -0.8081
vn 0.8269 -0.3386 -0.4489
vn 0.9634 -0.2115 0.1645
vn 0.2591 0.0236 0.9656
vn 0.1177 0.3375 0.9339
vn 0.1891 0.1576 0.9692
vn 0.2424 0.0391 0.9694
vn 0.2753 0.0551 0.9598
vn 0.4250 0.0158 0.9051
vn 0.4406 0.0393 0.8968
vn 0.7071 -0.0000 0.7071
vn 0.2591 0.0235 0.9656
vn 0.4250 0.0157 0.9051
vn 0.5573 -0.2198 0.8007
vn 0.9363 -0.0944 0.3383
vn 0.8269 -0.3387 -0.4489
vn 0.3845 -0.3060 -0.8710
vn 0.2600 -0.3546 -0.8981
vn 0.2902 -0.3608 -0.8863
vn 0.3946 -0.3235 -0.8600
vn 0.6374 -0.4328 -0.6374
vn 0.9546 -0.2895 -0.0704
vn 0.8327 -0.2906 0.4713
vn 0.5574 -0.2198 0.8006
vn -0.9736 -0.1021 -0.2041
vn -0.9492 0.0235 -0.3138
vn -0.8948 0.0785 0.4395
vn -0.0000 -0.0314 0.9995
vn 0.0783 0.0783 0.9939
vn -0.0000 0.1173 0.9931
vn -0.0079 -0.2277 -0.9737
vn -0.1022 -0.0943 -0.9903
vn -0.2042 -0.1571 -0.9662
vn 0.3758 -0.2192 -0.9004
vn -0.0078 -0.2277 -0.9737
vn 0.1024 -0.3545 -0.9295
vn 0.3228 -0.2756 -0.9055
vn 0.4393 -0.3923 -0.8081
vn -0.0783 0.0782 0.9939
vn -0.0000 -0.0315 0.9995
vn -0.1337 -0.0157 0.9909
vn -0.0000 -0.0393 0.9992
vn -0.9736 -0.1021 -0.2042
vn -0.6280 -0.0392 -0.7772
vn -0.6287 -0.1886 -0.7544
vn -0.3684 -0.0940 -0.9249
vn 0.1337 -0.0157 0.9909
vn 0.2517 -0.0236 0.9675
vn 0.2509 -0.1490 0.9565
vn -0.0000 -0.1885 0.9821
vn -0.0000 -0.0550 0.9985
vn -0.2509 -0.1490 0.9565
vn -0.2425 0.0156 0.9700
vn -0.4563 -0.0393 0.8890
vn -0.8892 0.0315 0.4564
vn -0.7063 -0.0471 0.7063
vn -0.6129 -0.2593 0.7464
vn -0.5423 -0.1572 0.8253
vn -0.5263 -0.1728 0.8326
vn 0.3684 -0.0940 -0.9249
vn 0.6287 -0.1886 -0.7544
vn 0.6280 -0.0392 -0.7772
vn 0.9736 -0.1021 -0.2041
vn 0.8942 0.0862 0.4392
vn 0.6854 -0.0709 0.7247
vn 0.5968 0.0471 0.8010
vn 0.5429 -0.2203 0.8104
vn 0.4779 -0.0392 0.8775
vn 0.3455 -0.0864 -0.9344
vn 0.3609 -0.1648 -0.9179
vn 0.3529 -0.2196 -0.9095
vn -0.0000 -0.0236 -0.9997
vn -0.1021 -0.0943 -0.9903
vn 0.0785 -0.0079 -0.9969
vn 0.3537 -0.0079 -0.9353
vn 0.3373 0.0157 -0.9413
vn -0.3529 -0.2196 -0.9095
vn -0.3609 -0.1648 -0.9179
vn -0.3455 -0.0864 -0.9344
vn -0.3758 -0.2192 -0.9004
vn 0.1022 -0.0943 -0.9903
vn 0.2042 -0.1571 -0.9662
vn -0.0000 -0.0707 -0.9975
vn -0.0000 -0.1722 -0.9851
vn 0.0783 0.0782 0.9939
vn 0.1337 -0.0158 0.9909
vn -0.0000 0.0394 0.9992
vn -0.2517 -0.0235 0.9675
vn -0.9492 0.0236 -0.3138
vn -0.9665 0.1651 0.1965
vn -0.6603 0.1337 0.7390
vn -0.6108 0.0391 0.7908
vn -0.4875 0.0236 0.8728
vn -0.4472 -0.0000 0.8944
vn -0.0000 0.1733 0.9849
vn 0.3681 0.1018 0.9242
vn 0.2425 0.0156 0.9700
vn 0.4472 -0.0000 0.8944
vn 0.4875 0.0236 0.8728
vn 0.6603 0.1337 0.7390
vn 0.8942 0.0863 0.4393
vn 0.9665 0.1650 0.1965
vn 0.9492 0.0235 -0.3137
vn -0.0785 -0.0079 -0.9969
vn -0.3537 -0.0079 -0.9353
vn -0.3373 0.0157 -0.9413
vn -0.6759 0.0943 -0.7310
vn 0.5499 -0.2356 0.8013
vn -0.2517 -0.0236 0.9675
vn -0.8948 0.0785 0.4396
vn -0.3681 0.1018 0.9242
vn -0.0000 0.1734 0.9849
vn 0.5804 -0.3921 0.7137
vn 0.8894 0.0236 0.4565
vn 0.9492 0.0235 -0.3138
vn 0.6759 0.0943 -0.7310
vn -0.0785 0.7541 0.6520
vn 0.0783 0.5014 0.8617
vn -0.1414 0.9819 0.1257
vn 0.2442 -0.3465 0.9057
vn 0.4308 0.0549 0.9008
vn 0.7414 -0.6152 0.2682
vn 0.0865 0.7314 0.6764
vn 0.1492 0.3848 0.9109
vn 0.2350 0.3838 0.8930
vn 0.3289 -0.0939 0.9397
vn 0.3927 -0.0392 0.9188
vn 0.5823 -0.3698 0.7240
vn 0.0627 0.6899 0.7212
vn 0.0783 0.5013 0.8617
vn 0.8508 -0.4806 0.2127
vn 0.5578 -0.7934 0.2435
vn 0.7171 -0.6934 0.0709
vn 0.1654 0.3072 0.9372
vn 0.2435 -0.9583 0.1493
vn 0.1021 -0.8718 0.4791
vn 0.5577 -0.7935 0.2435
vn -0.0785 0.7542 0.6520
vn -0.1574 0.9837 0.0866
vn -0.0000 0.9196 -0.3930
vn 0.0314 0.8940 -0.4470
vn 0.1650 0.5028 -0.8485
vn 0.1331 0.5168 -0.8457
vn 0.2276 -0.0314 -0.9732
vn 0.0392 -0.5882 0.8078
vn -0.0787 0.4172 0.9054
vn 0.0315 0.5361 0.8436
vn 0.0629 0.4400 0.8958
vn 0.1255 0.8157 0.5647
vn 0.0235 0.8694 0.4935
vn 0.1494 -0.9826 0.1101
vn 0.5578 -0.7935 0.2435
vn 0.7414 -0.6152 0.2681
vn 0.0627 0.6898 0.7213
vn 0.1492 0.3847 0.9109
vn 0.2590 0.0235 0.9656
vn 0.3289 -0.0940 0.9397
vn 0.5823 -0.3699 0.7240
vn 0.8327 -0.2907 0.4713
vn 0.8874 -0.3299 0.3220
vn 0.9691 -0.2206 0.1103
vn -0.0000 0.9195 -0.3930
vn 0.5517 -0.4257 -0.7173
vn 0.2676 -0.8263 -0.4957
vn 0.2436 -0.9583 0.1493
vn 0.4308 0.0548 0.9008
vn 0.1654 0.3071 0.9372
vn -0.0786 0.7541 0.6520
vn -0.0000 0.9997 -0.0236
vn 0.1262 0.8443 -0.5208
vn 0.0866 0.4487 -0.8895
vn 0.0628 -0.1806 -0.9815
vn 0.2675 -0.8262 -0.4958
vn 0.1100 -0.5658 -0.8172
vn 0.1960 -0.9803 0.0235
vn 0.0394 0.8433 0.5359
vn 0.2350 0.3839 0.8930
vn 0.0943 0.7309 0.6759
vn 0.0157 0.8497 0.5271
vn 0.1024 0.9135 0.3937
vn 0.1887 0.9355 0.2987
vn -0.5578 -0.7934 0.2435
vn -0.8977 -0.3859 0.2126
vn -0.8543 -0.4781 0.2038
vn -0.2441 -0.3465 0.9057
vn -0.7413 -0.6152 0.2682
vn -0.2515 0.3850 0.8880
vn -0.3925 -0.0471 0.9185
vn -0.3217 -0.1020 0.9413
vn -0.5806 -0.3766 0.7219
vn -0.1961 -0.9803 0.0235
vn -0.2675 -0.8262 -0.4958
vn -0.2435 -0.9584 0.1493
vn -0.0628 -0.1806 -0.9815
vn -0.1100 -0.5657 -0.8172
vn -0.0629 -0.0000 -0.9980
vn -0.5578 -0.7935 0.2435
vn -0.7171 -0.6934 0.0709
vn -0.1654 0.3071 0.9372
vn 0.0786 0.7541 0.6520
vn -0.1960 -0.9803 0.0235
vn -0.1100 -0.5658 -0.8172
vn -0.2676 -0.8262 -0.4958
vn -0.2276 -0.0314 -0.9732
vn -0.0236 0.7147 0.6991
vn 0.0313 0.8550 0.5177
vn -0.5806 -0.3766 0.7218
vn -0.8327 -0.2907 0.4713
vn -0.8874 -0.3299 0.3220
vn -0.9691 -0.2206 0.1103
vn -0.8543 -0.4782 0.2038
vn -0.1021 -0.8718 0.4791
vn -0.0392 -0.5882 0.8078
vn -0.1494 -0.9826 0.1101
vn -0.1331 0.5169 -0.8457
vn -0.1262 0.8443 -0.5208
vn -0.0312 0.8939 -0.4472
vn 0.1574 0.9837 0.0866
vn -0.0235 0.8694 0.4935
vn 0.0785 0.7541 0.6520
vn -0.0628 0.4400 0.8958
vn -0.0315 0.5361 0.8436
vn 0.0787 0.4172 0.9054
vn -0.5577 -0.7935 0.2435
vn -0.2436 -0.9583 0.1493
vn -0.2676 -0.8263 -0.4957
vn -0.5517 -0.4257 -0.7173
vn -0.1650 0.5028 -0.8485
vn 0.1414 0.9819 0.1257
vn -0.0470 0.9648 0.2588
vn -0.0314 0.8940 -0.4470
vn -0.1331 0.5168 -0.8457
vn -0.2276 -0.0314 -0.9733
vn -0.0866 0.4486 -0.8895
vn -0.0628 -0.1805 -0.9816
vn -0.0236 0.5120 -0.8586
vn -0.1887 0.9355 0.2988
vn -0.1024 0.9135 0.3937
vn -0.0394 0.8433 0.5360
vn -0.2591 0.0236 0.9656
vn -0.4249 0.0157 0.9051
vn -0.1258 0.0472 0.9909
vn -0.1259 0.1809 0.9754
vn 0.0548 0.0784 0.9954
vn -0.0313 0.8458 0.5325
vn -0.1104 0.7336 0.6705
vn -0.0627 0.6899 0.7212
vn -0.1177 0.3375 0.9339
vn -0.1967 0.1574 0.9678
vn -0.0710 0.4175 0.9059
vn -0.0000 0.0940 0.9956
vn -0.0549 0.0784 0.9954
vn -0.0000 0.1337 -0.9910
vn 0.0470 0.1489 -0.9877
vn -0.0000 0.0236 -0.9997
vn -0.0470 0.1489 -0.9877
vn -0.0079 -0.0000 -1.0000
vn 0.2111 -0.0079 -0.9774
vn 0.3228 -0.2755 -0.9055
vn -0.0000 0.4783 0.8782
vn -0.1731 0.7003 0.6925
vn 0.0079 -0.2277 -0.9737
vn -0.2111 -0.0079 -0.9774
vn 0.1731 0.7003 0.6925
vn 0.0710 0.4175 0.9059
vn 0.0549 0.0784 0.9954
vn -0.0783 0.0783 0.9939
vn -0.2435 -0.9583 0.1493
vn -0.1263 0.8443 -0.5208
vn -0.0866 0.4487 -0.8895
vn -0.1021 -0.8718 0.4790
vn -0.1255 0.8157 0.5647
vn -0.0629 0.4401 0.8958
vn -0.0315 0.5361 0.8435
vn -0.2674 -0.9597 0.0866
vn -0.1493 -0.9826 0.1100
vn -0.2674 -0.9597 0.0865
vn -0.2435 -0.9583 0.1492
vn -0.0316 0.5361 0.8435
vn -0.0551 0.8576 0.5114
vn -0.1096 0.9939 -0.0078
vn -0.1104 0.6151 -0.7807
vn -0.0236 0.5121 -0.8586
vn -0.1018 0.8769 -0.4697
vn -0.1102 0.8658 -0.4880
vn -0.1337 0.9910 -0.0000
vn -0.0235 0.8695 0.4934
vn 0.1021 -0.8718 0.4790
vn 0.2435 -0.9584 0.1493
vn 0.1493 -0.9826 0.1101
vn 0.0236 0.5120 -0.8586
vn 0.0628 -0.1806 -0.9816
vn 0.0629 -0.0001 -0.9980
vn 0.1100 -0.5657 -0.8172
vn 0.1961 -0.9803 0.0235
vn 0.0236 0.5121 -0.8586
vn 0.1104 0.6151 -0.7807
vn 0.0629 -0.0000 -0.9980
vn 0.1102 0.8658 -0.4880
vn 0.1018 0.8769 -0.4697
vn 0.1096 0.9939 -0.0078
vn 0.1263 0.8443 -0.5208
vn 0.1337 0.9910 -0.0000
vn 0.0235 0.8695 0.4934
vn 0.2435 -0.9583 0.1492
vn 0.2674 -0.9597 0.0865
vn 0.1493 -0.9826 0.1100
vn 0.2675 -0.9597 0.0866
vn 0.0551 0.8576 0.5114
vn 0.0316 0.5361 0.8435
vn -0.7891 0.2130 -0.5761
vn -0.8023 -0.1888 -0.5663
vn -0.0000 -0.2037 -0.9790
vn -0.5413 -0.4315 -0.7217
vn -0.0000 -0.4567 -0.8896
vn 0.5413 -0.4315 -0.7217
vn -0.0000 -0.9096 0.4155
vn 0.7954 -0.2520 0.5512
vn 0.8887 -0.4561 -0.0472
vn 0.9425 -0.3063 -0.1336
vn 0.8319 -0.4002 -0.3845
vn 0.5413 -0.4314 -0.7217
vn -0.8418 -0.3933 -0.3697
vn -0.9483 -0.2978 -0.1098
vn -0.8912 -0.4534 -0.0156
vn -0.7935 -0.2436 0.5577
vn 0.9324 0.0782 -0.3527
vn 0.9492 0.0236 -0.3138
vn 0.9665 0.1650 0.1964
vn 0.6759 0.0943 -0.7309
vn -0.6759 0.0943 -0.7309
vn -0.9324 0.0782 -0.3527
vn -0.9665 0.1650 0.1964
vt 0.052063 0.308594
vt 0.109192 0.230469
vt 0.113617 0.341705
vt 0.152344 0.246094
vt 0.152344 0.303467
vt 0.160126 0.397125
vt 0.162170 0.354156
vt 0.243500 0.364563
vt 0.009979 0.316376
vt 0.009979 0.389404
vt 0.071106 0.373779
vt 0.097992 0.440338
vt 0.223694 0.401123
vt 0.296631 0.405151
vt 0.298035 0.365631
vt 0.041901 0.503876
vt 0.041901 0.535126
vt 0.009979 0.503876
vt 0.009979 0.535126
vt 0.076965 0.519196
vt 0.042969 0.621094
vt 0.229340 0.601837
vt 0.150116 0.685699
vt 0.009979 0.433594
vt 0.176056 0.474091
vt 0.302032 0.592957
vt 0.269592 0.648438
vt 0.374725 0.584106
vt 0.296478 0.681458
vt 0.397522 0.589844
vt 0.416565 0.628876
vt 0.552246 0.668671
vt 0.656219 0.643097
vt 0.671356 0.722290
vt 0.607544 0.553192
vt 0.386719 0.681427
vt 0.335205 0.682434
vt 0.251862 0.450378
vt 0.374146 0.528656
vt 0.192627 0.422729
vt 0.327667 0.426666
vt 0.447235 0.680389
vt 0.441589 0.610229
vt 0.478119 0.679962
vt 0.473694 0.589844
vt 0.490051 0.589844
vt 0.529175 0.668671
vt 0.537659 0.589844
vt 0.592590 0.553192
vt 0.538910 0.537659
vt 0.601379 0.496094
vt 0.542206 0.464600
vt 0.601532 0.454224
vt 0.723022 0.499634
vt 0.737915 0.398895
vt 0.849396 0.397797
vt 0.849396 0.477844
vt 0.812378 0.557068
vt 0.807465 0.639557
vt 0.721710 0.635651
vt 0.629547 0.399353
vt 0.619873 0.481079
vt 0.727234 0.722870
vt 0.251770 0.450287
vt 0.327515 0.426514
vt 0.076263 0.519501
vt 0.071411 0.718597
vt 0.120117 0.722626
vt 0.058319 0.688660
vt 0.766174 0.355469
vt 0.737915 0.386627
vt 0.793671 0.347626
vt 0.793854 0.386719
vt 0.793671 0.300751
vt 0.766174 0.308594
vt 0.594757 0.341675
vt 0.594879 0.382141
vt 0.694092 0.341675
vt 0.526978 0.382172
vt 0.694000 0.382141
vt 0.526825 0.382172
vt 0.526062 0.341675
vt 0.458435 0.382050
vt 0.457947 0.341675
vt 0.368683 0.382233
vt 0.368683 0.341675
vt 0.458466 0.382050
vt 0.445892 0.746796
vt 0.507538 0.689911
vt 0.507507 0.744293
vt 0.581940 0.737030
vt 0.562256 0.845367
vt 0.445709 0.845367
vt 0.383850 0.845367
vt 0.359833 0.745697
vt 0.271423 0.845367
vt 0.262543 0.741364
vt 0.987854 0.016724
vt 0.888763 0.016724
vt 0.978973 0.108734
vt 0.849396 0.718109
vt 0.849396 0.845367
vt 0.806335 0.717529
vt 0.810150 0.845367
vt 0.756714 0.845367
vt 0.711029 0.845367
vt 0.625671 0.845367
vt 0.799591 0.016724
vt 0.799591 0.104431
vt 0.877716 0.105560
vt 0.883636 0.163849
vt 0.961243 0.177063
vt 0.932678 0.246857
vt 0.989990 0.242645
vt 0.934875 0.354370
vt 0.989990 0.376251
vt 0.989990 0.423187
vt 0.173676 0.686249
vt 0.088593 0.621094
vt 0.090240 0.688660
vt 0.090088 0.745667
vt 0.090179 0.845367
vt 0.167755 0.744537
vt 0.178802 0.845367
vt 0.456451 0.858734
vt 0.454651 0.917969
vt 0.390808 0.932434
vt 0.009979 0.785736
vt 0.071594 0.762146
vt 0.009979 0.716980
vt 0.814087 0.925751
vt 0.809998 0.858063
vt 0.737488 0.858063
vt 0.071594 0.803772
vt 0.009979 0.813995
vt 0.566376 0.917969
vt 0.553284 0.858368
vt 0.684204 0.925751
vt 0.009979 0.876129
vt 0.076660 0.873627
vt 0.085052 0.907043
vt 0.009979 0.908600
vt 0.009979 0.941040
vt 0.095795 0.940430
vt 0.163666 0.937561
vt 0.393219 0.858948
vt 0.288879 0.898560
vt 0.272034 0.858429
vt 0.197327 0.879700
vt 0.189301 0.858276
vt 0.235596 0.918549
vt 0.745209 0.923309
vt 0.683228 0.858063
vt 0.631042 0.858154
vt 0.849121 0.989990
vt 0.804565 0.989990
vt 0.756653 0.989990
vt 0.690002 0.989990
vt 0.849121 0.925751
vt 0.849121 0.858002
vt 0.402344 0.989990
vt 0.300598 0.989990
vt 0.252991 0.989990
vt 0.157227 0.989990
vt 0.009979 0.989990
vt 0.082642 0.989990
vt 0.566223 0.989990
vt 0.518616 0.121094
vt 0.518616 0.031982
vt 0.594269 0.056396
vt 0.471008 0.066376
vt 0.465057 0.025482
vt 0.680695 0.189667
vt 0.666901 0.046661
vt 0.710480 0.046326
vt 0.936218 0.666870
vt 0.933990 0.774384
vt 0.989990 0.778564
vt 0.962555 0.844177
vt 0.989990 0.822174
vt 0.989990 0.865784
vt 0.224915 0.495728
vt 0.156708 0.505280
vt 0.222717 0.603241
vt 0.118713 0.011719
vt 0.175842 0.042969
vt 0.090149 0.082001
vt 0.223450 0.066376
vt 0.613708 0.151917
vt 0.756653 0.191376
vt 0.718567 0.191376
vt 0.756653 0.121094
vt 0.471008 0.121094
vt 0.423401 0.066376
vt 0.423401 0.121094
vt 0.375793 0.058594
vt 0.375793 0.121094
vt 0.299622 0.089844
vt 0.684052 0.331390
vt 0.637390 0.331390
vt 0.637115 0.248993
vt 0.591919 0.188049
vt 0.518616 0.255005
vt 0.518616 0.169159
vt 0.709045 0.331390
vt 0.756653 0.043884
vt 0.251282 0.673035
vt 0.284271 0.691223
vt 0.380402 0.691742
vt 0.444214 0.691437
vt 0.408752 0.010223
vt 0.357178 0.011719
vt 0.309143 0.011719
vt 0.261536 0.042969
vt 0.242493 0.144501
vt 0.185364 0.144501
vt 0.471008 0.182037
vt 0.423401 0.157135
vt 0.375793 0.159729
vt 0.299622 0.199219
vt 0.252014 0.331390
vt 0.213928 0.331390
vt 0.871948 0.676422
vt 0.877106 0.613861
vt 0.989990 0.646637
vt 0.989990 0.598785
vt 0.989990 0.575104
vt 0.887573 0.576141
vt 0.989990 0.522797
vt 0.887665 0.522369
vt 0.989990 0.199036
vt 0.989990 0.155426
vt 0.318665 0.331390
vt 0.375793 0.242126
vt 0.886353 0.491394
vt 0.989990 0.490997
vt 0.886261 0.445099
vt 0.989990 0.446136
vt 0.877075 0.407196
vt 0.857361 0.345428
vt 0.799591 0.229004
vt 0.799591 0.161407
vt 0.009979 0.684540
vt 0.849396 0.558594
vt 0.849396 0.644501
vt 0.009979 0.613251
vt 0.185364 0.331390
vt 0.756653 0.331390
vt 0.518616 0.331390
vt 0.471008 0.331390
vt 0.375793 0.331390
vt 0.423401 0.331390
vt 0.423401 0.235260
vt 0.471008 0.257599
vt 0.766174 0.261719
vt 0.793671 0.261719
vt 0.009979 0.292969
vt 0.042542 0.285126
vt 0.109192 0.191376
vt 0.152344 0.191376
vt 0.454651 0.989990
s 1
usemtl m_body50
f 1564/557/1209 1565/558/1210 1566/559/1211
f 1567/558/1212 1568/560/1213 1569/559/1211
f 1569/559/1211 1568/560/1213 1570/561/1214
f 1569/559/1211 1570/561/1214 1571/562/1215
f 1571/562/1215 1570/561/1214 1572/563/1216
f 1571/562/1215 1572/563/1216 1573/564/1217
f 1574/557/1218 1575/565/1219 1576/566/1220
f 1576/566/1220 1575/565/1219 1577/557/1209
f 1576/566/1220 1577/557/1209 1578/567/1221
f 1578/567/1221 1577/557/1209 1579/559/1222
f 1578/567/1221 1579/559/1222 1580/568/1223
f 1580/568/1223 1579/559/1222 1581/562/1224
f 1580/568/1223 1581/562/1224 1582/569/1225
f 1582/569/1225 1581/562/1224 1573/564/1226
f 1582/569/1225 1573/564/1226 1583/570/1227
f 1583/570/1227 1573/564/1226 1584/571/1228
f 1585/559/1229 1586/567/1230 1587/568/1231
f 1587/568/1231 1586/567/1230 1588/572/1232
f 1587/568/1231 1588/572/1232 1589/573/1233
f 1589/573/1233 1588/572/1232 1590/574/1234
f 1589/573/1233 1590/574/1234 1591/575/1232
f 1591/575/1232 1590/574/1234 1592/572/1232
f 1591/575/1232 1592/572/1232 1593/573/1235
f 1593/573/1235 1592/572/1232 1594/576/1236
f 1593/573/1235 1594/576/1236 1595/577/1237
f 1595/577/1237 1594/576/1236 1596/578/1238
f 1595/577/1237 1596/578/1238 1597/579/1239
f 1598/560/1240 1599/558/1241 1600/559/1242
f 1600/559/1242 1599/558/1241 1601/557/1243
f 1600/559/1242 1601/557/1243 1602/567/1244
f 1602/567/1244 1601/557/1243 1603/566/1245
f 1602/567/1244 1603/566/1245 1604/580/1246
f 1604/580/1246 1603/566/1245 1605/567/1221
f 1604/580/1246 1605/567/1221 1606/572/1232
f 1606/572/1232 1605/567/1221 1607/568/1223
f 1606/572/1232 1607/568/1223 1608/576/1247
f 1608/576/1247 1607/568/1223 1609/581/1248
f 1608/576/1247 1609/581/1248 1610/578/1238
f 1610/578/1238 1609/581/1248 1611/582/1249
f 1610/578/1238 1611/582/1249 1612/583/1250
f 1612/583/1250 1611/582/1249 1613/584/1251
f 1612/583/1250 1613/584/1251 1614/585/1252
f 1614/585/1252 1613/584/1251 1615/586/1253
f 1614/585/1252 1615/586/1253 1616/587/1254
f 1617/588/1255 1618/589/1256 1619/590/1257
f 1620/589/1258 1621/588/1255 1622/591/1259
f 1623/587/1260 1624/592/1261 1625/593/1262
f 1626/594/1263 1627/595/1264 1628/584/1265
f 1629/569/1225 1630/570/1266 1631/596/1267
f 1631/596/1267 1630/570/1266 1632/597/1268
f 1631/596/1267 1632/597/1268 1633/594/1263
f 1634/587/1269 1625/593/1270 1635/585/1252
f 1624/592/1261 1623/587/1260 1636/598/1271
f 1636/598/1271 1623/587/1260 1637/599/1272
f 1636/598/1271 1637/599/1272 1638/600/1273
f 1628/584/1251 1639/582/1249 1633/594/1263
f 1633/594/1263 1639/582/1249 1640/581/1248
f 1633/594/1263 1640/581/1248 1641/596/1267
f 1641/596/1267 1640/581/1248 1642/568/1274
f 1641/596/1267 1642/568/1274 1643/569/1225
f 1644/599/1272 1645/601/1275 1638/600/1276
f 1638/600/1276 1645/601/1275 1646/602/1277
f 1638/600/1276 1646/602/1277 1647/603/1255
f 1647/603/1255 1646/602/1277 1648/604/1278
f 1647/603/1255 1648/604/1278 1649/605/1259
f 1649/605/1259 1648/604/1278 1650/606/1279
f 1649/605/1259 1650/606/1279 1651/607/1280
f 1651/607/1280 1650/606/1279 1652/608/1281
f 1651/607/1280 1652/608/1281 1653/609/1217
f 1654/610/1282 1655/611/1283 1656/612/1284
f 1657/611/1285 1658/610/1286 1659/612/1287
f 1659/612/1287 1658/610/1286 1660/613/1288
f 1659/612/1287 1660/613/1288 1661/610/1289
f 1661/610/1289 1660/613/1288 1662/614/1290
f 1661/610/1289 1662/614/1290 1663/615/1291
f 1664/615/1292 1665/616/1293 1666/610/1289
f 1667/617/1294 1668/611/1283 1669/618/1295
f 1669/618/1295 1668/611/1283 1670/610/1282
f 1669/618/1295 1670/610/1282 1671/591/1259
f 1671/591/1259 1670/610/1282 1672/616/1296
f 1671/591/1259 1672/616/1296 1673/589/1256
f 1673/589/1256 1672/616/1296 1674/619/1297
f 1673/589/1256 1674/619/1297 1675/590/1298
f 1676/590/1299 1677/589/1300 1678/588/1301
f 1678/588/1301 1677/589/1300 1679/591/1302
f 1680/616/1303 1681/615/1304 1682/610/1305
f 1682/610/1305 1681/615/1304 1683/614/1306
f 1682/610/1305 1683/614/1306 1684/613/1307
f 1685/590/1308 1686/619/1309 1687/589/1310
f 1687/589/1310 1686/619/1309 1688/616/1311
f 1687/589/1310 1688/616/1311 1679/591/1312
f 1679/591/1312 1688/616/1311 1689/610/1313
f 1679/591/1312 1689/610/1313 1690/618/1314
f 1690/618/1314 1689/610/1313 1691/611/1285
f 1690/618/1314 1691/611/1285 1692/617/1315
f 1693/594/1316 1694/581/1317 1695/582/1318
f 1696/581/1317 1697/620/1319 1698/596/1320
f 1698/596/1320 1697/620/1319 1699/621/1321
f 1698/596/1320 1699/621/1321 1700/570/1322
f 1701/585/1323 1702/593/1324 1703/587/1325
f 1704/609/1326 1705/608/1327 1706/607/1328
f 1706/607/1328 1705/608/1327 1707/606/1329
f 1706/607/1328 1707/606/1329 1708/605/1312
f 1708/605/1312 1707/606/1329 1709/604/1330
f 1708/605/1312 1709/604/1330 1710/603/1331
f 1710/603/1331 1709/604/1330 1711/602/1332
f 1710/603/1331 1711/602/1332 1712/600/1333
f 1702/593/1324 1713/592/1334 1714/587/1335
f 1714/587/1335 1713/592/1334 1715/598/1336
f 1714/587/1335 1715/598/1336 1716/599/1337
f 1716/599/1337 1715/598/1336 1712/600/1338
f 1716/599/1337 1712/600/1338 1717/601/1339
f 1717/601/1339 1712/600/1338 1718/602/1340
f 1703/587/1325 1719/586/1341 1701/585/1323
f 1701/585/1323 1719/586/1341 1720/584/1342
f 1701/585/1323 1720/584/1342 1721/583/1343
f 1721/583/1343 1720/584/1342 1722/582/1318
f 1721/583/1343 1722/582/1318 1723/578/1344
f 1723/578/1344 1722/582/1318 1724/581/1317
f 1725/562/1345 1726/568/1231 1727/569/1346
f 1728/569/1347 1729/564/1348 1730/562/1345
f 1730/562/1345 1729/564/1348 1731/563/1349
f 1730/562/1345 1731/563/1349 1732/561/1350
f 1733/622/1351 1734/573/1233 1735/577/1352
f 1736/573/1233 1737/622/1353 1738/568/1231
f 1739/623/1354 1740/624/1355 1741/579/1356
f 1742/571/1327 1743/564/1326 1744/570/1357
f 1744/570/1357 1743/564/1326 1745/569/1358
f 1744/570/1357 1745/569/1358 1746/596/1320
f 1746/596/1320 1745/569/1358 1738/568/1231
f 1746/596/1320 1738/568/1231 1747/581/1317
f 1747/581/1317 1738/568/1231 1748/622/1351
f 1747/581/1317 1748/622/1351 1749/578/1359
f 1749/578/1359 1748/622/1351 1750/577/1360
f 1749/578/1359 1750/577/1360 1741/579/1361
f 1741/579/1361 1750/577/1360 1751/625/1362
f 1741/579/1361 1751/625/1362 1752/623/1354
f 1753/572/1232 1754/574/1363 1755/580/1246
f 1755/580/1246 1754/574/1363 1756/572/1232
f 1755/580/1246 1756/572/1232 1757/567/1364
f 1758/626/1365 1759/627/1349 1760/628/1366
f 1760/628/1366 1759/627/1349 1761/629/1367
f 1760/628/1366 1761/629/1367 1762/627/1368
f 1763/627/1369 1764/626/1370 1765/628/1366
f 1765/628/1366 1764/626/1370 1766/630/1371
f 1765/628/1366 1766/630/1371 1767/626/1365
f 1767/626/1365 1766/630/1371 1768/631/1240
f 1769/568/1231 1770/562/1345 1771/559/1372
f 1771/559/1372 1770/562/1345 1772/561/1350
f 1771/559/1372 1772/561/1350 1773/560/1240
f 1774/632/1373 1775/633/1374 1776/634/1375
f 1777/635/1376 1778/633/1373 1779/632/1373
f 1780/633/1374 1781/636/1377 1782/634/1377
f 1782/634/1377 1781/636/1377 1783/633/1378
f 1782/634/1377 1783/633/1378 1784/632/1378
f 1784/632/1378 1783/633/1378 1785/637/1379
f 1784/632/1378 1785/637/1379 1786/638/1379
f 1786/638/1379 1785/637/1379 1787/639/1380
f 1786/638/1379 1787/639/1380 1788/640/1381
f 1788/640/1381 1787/639/1380 1789/641/1382
f 1788/640/1381 1789/641/1382 1790/642/1382
f 1790/642/1382 1789/641/1382 1791/643/1383
f 1790/642/1382 1791/643/1383 1792/640/1384
f 1792/640/1384 1791/643/1383 1777/635/1376
f 1792/640/1384 1777/635/1376 1793/638/1376
f 1793/638/1376 1777/635/1376 1779/632/1373
f 1794/644/1385 1795/645/1386 1796/646/1387
f 1796/646/1387 1795/645/1386 1797/588/1255
f 1796/646/1387 1797/588/1255 1798/647/1388
f 1798/647/1388 1797/588/1255 1799/590/1257
f 1800/647/1389 1801/648/1390 1802/646/1391
f 1802/646/1391 1801/648/1390 1803/649/1392
f 1802/646/1391 1803/649/1392 1804/644/1385
f 1804/644/1385 1803/649/1392 1805/650/1393
f 1804/644/1385 1805/650/1393 1806/651/1394
f 1806/651/1394 1805/650/1393 1807/652/1395
f 1806/651/1394 1807/652/1395 1808/653/1396
f 1809/654/1395 1810/655/1397 1811/656/1396
f 1812/657/1398 1813/658/1399 1814/659/1400
f 1814/659/1400 1813/658/1399 1815/660/1401
f 1814/659/1400 1815/660/1401 1816/619/1402
f 1816/619/1402 1815/660/1401 1817/661/1403
f 1816/619/1402 1817/661/1403 1818/590/1298
f 1818/590/1298 1817/661/1403 1819/662/1404
f 1818/590/1298 1819/662/1404 1820/647/1405
f 1820/647/1405 1819/662/1404 1821/663/1406
f 1820/647/1405 1821/663/1406 1822/648/1407
f 1823/664/1408 1824/665/1409 1825/655/1410
f 1825/655/1410 1824/665/1409 1826/666/1411
f 1825/655/1410 1826/666/1411 1811/656/1396
f 1811/656/1396 1826/666/1411 1827/667/1412
f 1811/656/1396 1827/667/1412 1828/668/1413
f 1828/668/1413 1827/667/1412 1829/669/1414
f 1828/668/1413 1829/669/1414 1830/670/1415
f 1830/670/1415 1829/669/1414 1831/671/1416
f 1830/670/1415 1831/671/1416 1832/672/1417
f 1832/672/1417 1831/671/1416 1833/673/1418
f 1834/647/1419 1835/663/1420 1836/662/1421
f 1837/619/1422 1838/590/1308 1839/661/1423
f 1840/646/1424 1841/645/1338 1842/644/1425
f 1843/674/1426 1844/675/1427 1845/676/1428
f 1846/677/1429 1847/678/1430 1848/679/1431
f 1848/679/1431 1847/678/1430 1849/680/1432
f 1848/679/1431 1849/680/1432 1850/652/1433
f 1851/676/1428 1852/677/1429 1853/674/1434
f 1853/674/1434 1852/677/1429 1854/679/1435
f 1853/674/1434 1854/679/1435 1855/653/1436
f 1855/653/1436 1854/679/1435 1856/652/1433
f 1855/653/1436 1856/652/1433 1857/650/1437
f 1858/645/1338 1859/646/1438 1860/588/1331
f 1860/588/1331 1859/646/1438 1861/647/1419
f 1860/588/1331 1861/647/1419 1862/590/1439
f 1862/590/1439 1861/647/1419 1836/662/1440
f 1862/590/1439 1836/662/1440 1863/661/1423
f 1864/663/1441 1865/647/1442 1866/648/1443
f 1866/648/1443 1865/647/1442 1867/646/1438
f 1866/648/1443 1867/646/1438 1868/649/1444
f 1868/649/1444 1867/646/1438 1869/644/1425
f 1868/649/1444 1869/644/1425 1870/650/1437
f 1870/650/1437 1869/644/1425 1871/651/1445
f 1870/650/1437 1871/651/1445 1872/653/1446
f 1873/681/1447 1874/682/1448 1875/683/1449
f 1876/684/1450 1877/685/1451 1878/686/1452
f 1879/658/1399 1880/657/1398 1881/659/1453
f 1882/687/1454 1883/688/1455 1884/689/1456
f 1885/658/1399 1881/659/1457 1886/660/1458
f 1886/660/1458 1881/659/1457 1887/619/1459
f 1886/660/1458 1887/619/1459 1888/661/1460
f 1889/686/1452 1890/685/1461 1891/684/1462
f 1891/684/1462 1890/685/1461 1892/690/1463
f 1891/684/1462 1892/690/1463 1893/691/1464
f 1894/682/1448 1895/681/1465 1896/692/1466
f 1896/692/1466 1895/681/1465 1897/693/1467
f 1896/692/1466 1897/693/1467 1898/694/1468
f 1899/690/1469 1900/695/1245 1901/696/1470
f 1902/697/1471 1903/698/1472 1904/699/1473
f 1904/699/1473 1903/698/1472 1905/697/1474
f 1904/699/1473 1905/697/1474 1906/700/1475
f 1906/700/1475 1905/697/1474 1907/701/1476
f 1908/702/1477 1909/703/1478 1910/704/1479
f 1910/704/1479 1909/703/1478 1911/705/1480
f 1910/704/1479 1911/705/1480 1912/706/1481
f 1913/694/1482 1914/693/1483 1915/692/1484
f 1915/692/1484 1914/693/1483 1916/681/1485
f 1917/683/1486 1918/703/1487 1919/707/1488
f 1919/707/1488 1918/703/1487 1920/705/1489
f 1919/707/1488 1920/705/1489 1921/701/1490
f 1882/687/1454 1884/689/1456 1922/708/1491
f 1922/708/1491 1884/689/1456 1923/709/1492
f 1922/708/1491 1923/709/1492 1913/694/1482
f 1913/694/1482 1923/709/1492 1924/710/1493
f 1913/694/1482 1924/710/1493 1914/693/1483
f 1925/711/1494 1926/687/1495 1927/712/1496
f 1927/712/1496 1926/687/1495 1922/708/1491
f 1927/712/1496 1922/708/1491 1928/713/1497
f 1928/713/1497 1922/708/1491 1913/694/1482
f 1928/713/1497 1913/694/1482 1929/714/1498
f 1929/714/1498 1913/694/1482 1915/692/1484
f 1897/693/1467 1930/710/1499 1898/694/1468
f 1898/694/1468 1930/710/1499 1931/709/1500
f 1898/694/1468 1931/709/1500 1932/708/1501
f 1932/708/1501 1931/709/1500 1933/689/1502
f 1932/708/1501 1933/689/1502 1934/687/1503
f 1934/687/1503 1933/689/1502 1935/688/1504
f 1934/687/1503 1935/688/1504 1936/715/1505
f 1936/715/1505 1935/688/1504 1937/716/1506
f 1936/715/1505 1937/716/1506 1883/688/1455
f 1938/685/1507 1939/684/1462 1940/690/1508
f 1940/690/1508 1939/684/1462 1893/691/1464
f 1940/690/1508 1893/691/1464 1941/695/1509
f 1941/695/1509 1893/691/1464 1892/690/1463
f 1941/695/1509 1892/690/1463 1942/696/1510
f 1943/682/1511 1944/717/1512 1945/683/1449
f 1945/683/1449 1944/717/1512 1946/718/1513
f 1945/683/1449 1946/718/1513 1947/707/1514
f 1947/707/1514 1946/718/1513 1948/719/1515
f 1947/707/1514 1948/719/1515 1907/701/1476
f 1907/701/1476 1948/719/1515 1949/720/1516
f 1907/701/1476 1949/720/1516 1906/700/1475
f 1950/721/1517 1951/722/1518 1952/700/1519
f 1952/700/1519 1951/722/1518 1953/720/1520
f 1952/700/1519 1953/720/1520 1954/701/1490
f 1954/701/1490 1953/720/1520 1955/719/1521
f 1954/701/1490 1955/719/1521 1919/707/1488
f 1919/707/1488 1955/719/1521 1956/718/1522
f 1919/707/1488 1956/718/1522 1957/683/1523
f 1957/683/1523 1956/718/1522 1958/717/1524
f 1957/683/1523 1958/717/1524 1959/682/1525
f 1883/688/1455 1882/687/1454 1936/715/1505
f 1936/715/1505 1882/687/1454 1960/711/1494
f 1936/715/1505 1960/711/1494 1934/687/1503
f 1934/687/1503 1960/711/1494 1961/712/1526
f 1934/687/1503 1961/712/1526 1932/708/1501
f 1932/708/1501 1961/712/1526 1962/713/1527
f 1932/708/1501 1962/713/1527 1898/694/1468
f 1898/694/1468 1962/713/1527 1963/714/1528
f 1898/694/1468 1963/714/1528 1896/692/1466
f 1896/692/1466 1963/714/1528 1964/723/1529
f 1896/692/1466 1964/723/1529 1965/682/1511
f 1966/706/1530 1901/696/1470 1902/697/1471
f 1902/697/1471 1901/696/1470 1900/695/1245
f 1902/697/1471 1900/695/1245 1903/698/1472
f 1903/698/1472 1900/695/1245 1967/696/1531
f 1903/698/1472 1967/696/1531 1905/697/1474
f 1905/697/1474 1967/696/1531 1912/706/1481
f 1905/697/1474 1912/706/1481 1907/701/1476
f 1907/701/1476 1912/706/1481 1911/705/1480
f 1907/701/1476 1911/705/1480 1968/707/1514
f 1968/707/1514 1911/705/1480 1909/703/1478
f 1968/707/1514 1909/703/1478 1875/683/1532
f 1875/683/1532 1909/703/1478 1908/702/1477
f 1875/683/1532 1908/702/1477 1969/681/1447
f 1949/720/1516 1970/722/1533 1906/700/1475
f 1906/700/1475 1970/722/1533 1971/721/1534
f 1906/700/1475 1971/721/1534 1904/699/1473
f 1904/699/1473 1971/721/1534 1972/700/1519
f 1904/699/1473 1972/700/1519 1902/697/1471
f 1902/697/1471 1972/700/1519 1921/701/1490
f 1902/697/1471 1921/701/1490 1966/706/1530
f 1966/706/1530 1921/701/1490 1920/705/1489
f 1966/706/1530 1920/705/1489 1973/704/1535
f 1973/704/1535 1920/705/1489 1918/703/1487
f 1973/704/1535 1918/703/1487 1974/702/1536
f 1974/702/1536 1918/703/1487 1917/683/1486
f 1974/702/1536 1917/683/1486 1916/681/1485
f 1916/681/1485 1917/683/1486 1975/682/1537
f 1916/681/1485 1975/682/1537 1915/692/1484
f 1915/692/1484 1975/682/1537 1976/723/1538
f 1915/692/1484 1976/723/1538 1929/714/1498
f 1977/724/1539 1978/725/1321 1979/726/1540
f 1980/727/1541 1981/728/1322 1982/725/1321
f 1983/729/1542 1984/730/1543 1985/731/1544
f 1986/732/1545 1987/733/1546 1988/734/1547
f 1988/734/1547 1987/733/1546 1989/735/1548
f 1988/734/1547 1989/735/1548 1990/736/1549
f 1990/736/1549 1989/735/1548 1991/737/1550
f 1992/738/1545 1993/739/1551 1994/740/1546
f 1995/597/1321 1996/594/1316 1997/595/1552
f 1997/595/1552 1996/594/1316 1998/582/1318
f 1997/595/1552 1998/582/1318 1999/584/1543
f 2000/741/1553 2001/742/1337 2002/743/1554
f 2002/743/1554 2001/742/1337 2003/744/1555
f 2004/730/1543 2005/745/1556 2006/726/1552
f 2006/726/1552 2005/745/1556 2007/724/1539
f 2008/746/1557 2009/747/1558 2010/748/1559
f 1982/725/1321 2011/724/1560 2012/727/1541
f 2012/727/1541 2011/724/1560 2013/749/1561
f 2012/727/1541 2013/749/1561 2014/750/1562
f 2014/750/1562 2013/749/1561 2015/751/1563
f 2014/750/1562 2015/751/1563 2016/752/1564
f 2016/752/1564 2015/751/1563 2017/753/1565
f 2016/752/1564 2017/753/1565 2018/754/1566
f 2019/755/1567 2020/756/1568 2021/729/1542
f 2021/729/1542 2020/756/1568 2022/757/1569
f 2021/729/1542 2022/757/1569 2023/758/1570
f 2023/758/1570 2022/757/1569 2024/759/1571
f 2023/758/1570 2024/759/1571 2025/760/1572
f 2026/761/1573 2027/755/1567 2028/747/1558
f 2028/747/1558 2027/755/1567 2029/729/1542
f 2028/747/1558 2029/729/1542 2010/748/1574
f 2010/748/1574 2029/729/1542 2030/731/1575
f 2010/748/1574 2030/731/1575 2031/762/1553
f 2032/739/1576 2033/675/1427 1994/740/1577
f 1994/740/1577 2033/675/1427 2034/674/1578
f 1994/740/1577 2034/674/1578 2035/763/1579
f 2035/763/1579 2034/674/1578 2036/653/1436
f 2035/763/1579 2036/653/1436 2037/764/1580
f 2037/764/1580 2036/653/1436 2038/651/1581
f 2037/764/1580 2038/651/1581 2039/765/1582
f 2039/765/1582 2038/651/1581 2040/644/1425
f 2039/765/1582 2040/644/1425 2041/766/1583
f 2041/766/1583 2040/644/1425 2042/645/1333
f 1981/728/1322 1980/727/1541 2043/767/1327
f 2043/767/1327 1980/727/1541 2044/750/1584
f 2043/767/1327 2044/750/1584 2045/768/1329
f 2045/768/1329 2044/750/1584 2046/752/1564
f 2045/768/1329 2046/752/1564 2047/769/1330
f 2047/769/1330 2046/752/1564 2048/754/1566
f 2047/769/1330 2048/754/1566 2049/770/1585
f 2049/770/1585 2048/754/1566 2050/771/1586
f 2049/770/1585 2050/771/1586 2051/744/1339
f 2051/744/1339 2050/771/1586 2052/772/1587
f 2051/744/1339 2052/772/1587 2053/743/1559
f 2054/730/1588 2055/729/1542 2056/745/1589
f 2056/745/1589 2055/729/1542 2057/758/1570
f 2056/745/1589 2057/758/1570 2007/724/1590
f 2007/724/1590 2057/758/1570 2058/760/1572
f 2007/724/1590 2058/760/1572 2059/749/1561
f 2059/749/1561 2058/760/1572 2060/773/1591
f 2059/749/1561 2060/773/1591 2061/751/1563
f 2061/751/1563 2060/773/1591 2062/774/1592
f 2061/751/1563 2062/774/1592 2063/753/1565
f 2063/753/1565 2062/774/1592 2064/775/1593
f 2063/753/1565 2064/775/1593 2065/754/1566
f 2065/754/1566 2064/775/1593 2066/776/1594
f 2065/754/1566 2066/776/1594 2067/771/1595
f 2067/771/1595 2066/776/1594 2068/777/1596
f 2067/771/1595 2068/777/1596 2069/778/1597
f 2070/779/1551 2071/732/1545 2072/780/1598
f 2073/734/1599 2074/781/1600 2071/732/1545
f 2071/732/1545 2074/781/1600 2075/782/1601
f 2071/732/1545 2075/782/1601 2072/780/1598
f 2072/780/1598 2075/782/1601 2076/783/1602
f 2072/780/1598 2076/783/1602 2077/784/1603
f 2077/784/1603 2076/783/1602 2078/785/1348
f 2077/784/1603 2078/785/1348 2079/786/1285
f 2080/743/1604 2081/742/1605 2082/741/1606
f 2083/730/1251 2084/729/1607 2085/731/1608
f 2086/670/1609 2087/787/1610 2088/668/1611
f 2088/668/1611 2087/787/1610 2089/788/1612
f 2088/668/1611 2089/788/1612 2090/656/1396
f 2091/778/1613 2092/771/1614 2093/772/1615
f 2094/776/1616 2095/777/1617 2096/789/1618
f 2097/742/1605 2098/743/1619 2099/744/1620
f 2100/729/1607 2101/730/1265 2102/745/1621
f 2102/745/1621 2101/730/1265 2103/726/1264
f 2102/745/1621 2103/726/1264 2104/724/1622
f 2105/778/1623 2106/777/1624 2107/771/1625
f 2107/771/1625 2106/777/1624 2108/776/1616
f 2107/771/1625 2108/776/1616 2109/754/1626
f 2110/595/1264 2111/594/1627 2112/621/1628
f 2113/653/1396 2114/764/1629 2115/651/1630
f 2115/651/1630 2114/764/1629 2116/765/1631
f 2115/651/1630 2116/765/1631 2117/644/1385
f 2117/644/1385 2116/765/1631 2118/766/1632
f 2117/644/1385 2118/766/1632 2119/645/1386
f 2120/762/1633 2085/731/1608 2121/748/1619
f 2121/748/1619 2085/731/1608 2084/729/1607
f 2121/748/1619 2084/729/1607 2122/747/1634
f 2122/747/1634 2084/729/1607 2123/755/1635
f 2122/747/1634 2123/755/1635 2124/761/1636
f 2125/753/1637 2126/774/1638 2127/751/1639
f 2127/751/1639 2126/774/1638 2128/773/1591
f 2127/751/1639 2128/773/1591 2129/749/1640
f 2129/749/1640 2128/773/1591 2130/760/1641
f 2129/749/1640 2130/760/1641 2131/724/1642
f 2131/724/1642 2130/760/1641 2132/758/1643
f 2131/724/1642 2132/758/1643 2102/745/1621
f 2102/745/1621 2132/758/1643 2133/757/1644
f 2102/745/1621 2133/757/1644 2100/729/1607
f 2100/729/1607 2133/757/1644 2134/756/1645
f 2100/729/1607 2134/756/1645 2135/755/1635
f 2136/743/1646 2137/772/1647 2138/744/1275
f 2138/744/1275 2137/772/1647 2139/771/1648
f 2138/744/1275 2139/771/1648 2140/770/1649
f 2140/770/1649 2139/771/1648 2141/754/1626
f 2140/770/1649 2141/754/1626 2142/769/1278
f 2142/769/1278 2141/754/1626 2143/752/1650
f 2142/769/1278 2143/752/1650 2144/768/1279
f 2144/768/1279 2143/752/1650 2145/750/1584
f 2144/768/1279 2145/750/1584 2146/767/1281
f 2146/767/1281 2145/750/1584 2147/727/1651
f 2146/767/1281 2147/727/1651 2148/728/1652
f 2148/728/1652 2147/727/1651 2149/725/1268
f 2103/726/1264 2149/725/1268 2104/724/1622
f 2104/724/1622 2149/725/1268 2150/727/1651
f 2104/724/1622 2150/727/1651 2151/749/1640
f 2151/749/1640 2150/727/1651 2152/750/1584
f 2151/749/1640 2152/750/1584 2153/751/1653
f 2153/751/1653 2152/750/1584 2154/752/1650
f 2153/751/1653 2154/752/1650 2155/753/1654
f 2155/753/1654 2154/752/1650 2156/754/1655
f 2155/753/1654 2156/754/1655 2157/775/1656
f 2157/775/1656 2156/754/1655 2158/776/1657
f 2157/775/1656 2158/776/1657 2159/790/1658
f 2159/790/1658 2158/776/1657 2096/789/1618
f 2160/791/1283 2161/792/1226 2162/793/1659
f 2162/793/1659 2161/792/1226 2163/794/1660
f 2162/793/1659 2163/794/1660 2164/795/1661
f 2165/665/1409 2166/667/1662 2167/666/1663
f 2168/624/1664 2169/623/1354 2170/579/1665
f 2170/579/1665 2169/623/1354 2171/625/1666
f 2170/579/1665 2171/625/1666 2172/577/1237
f 2163/794/1660 2173/673/1667 2164/795/1661
f 2164/795/1661 2173/673/1667 2174/671/1668
f 2164/795/1661 2174/671/1668 2175/796/1669
f 2175/796/1669 2174/671/1668 2176/669/1414
f 2175/796/1669 2176/669/1414 2177/797/1670
f 2177/797/1670 2176/669/1414 2178/667/1662
f 2177/797/1670 2178/667/1662 2179/798/1671
f 2179/798/1671 2178/667/1662 2180/665/1409
f 2181/577/1672 2182/799/1673 2183/625/1674
f 2184/613/1307 2185/800/1675 2186/614/1676
f 2187/615/1291 2186/614/1676 2188/801/1677
f 2188/801/1677 2186/614/1676 2185/800/1675
f 2188/801/1677 2185/800/1675 2189/614/1678
f 2189/614/1678 2185/800/1675 2184/613/1307
f 2190/657/1398 2191/615/1679 2192/659/1457
f 2192/659/1457 2191/615/1679 2193/616/1680
f 2192/659/1457 2193/616/1680 2194/619/1681
f 2182/799/1673 2181/577/1672 2195/802/1682
f 2195/802/1682 2181/577/1672 2196/573/1683
f 2195/802/1682 2196/573/1683 2197/575/1232
f 2198/624/1355 2199/623/1354 2200/685/1451
f 2200/685/1451 2199/623/1354 2201/686/1452
f 2189/614/1678 2191/615/1679 2188/801/1677
f 2188/801/1677 2191/615/1679 2190/657/1398
f 2188/801/1677 2190/657/1398 2187/615/1291
f 2187/615/1291 2190/657/1398 2202/659/1684
f 2187/615/1291 2202/659/1684 2203/616/1685
f 2203/616/1685 2202/659/1684 2204/619/1402
f 2197/575/1232 2205/573/1686 2195/802/1682
f 2195/802/1682 2205/573/1686 2206/577/1687
f 2195/802/1682 2206/577/1687 2182/799/1673
f 2182/799/1673 2206/577/1687 2207/625/1688
f 2182/799/1673 2207/625/1688 2208/623/1354
f 2209/624/1664 2210/685/1689 2208/623/1354
f 2208/623/1354 2210/685/1689 2201/686/1452
f 2208/623/1354 2201/686/1452 2182/799/1673
f 2182/799/1673 2201/686/1452 2199/623/1354
f 2182/799/1673 2199/623/1354 2183/625/1674
f 2211/747/1634 2212/746/1690 2213/748/1646
f 2214/774/1691 2215/753/1654 2216/775/1692
f 2217/746/1615 2218/747/1693 2219/761/1636
f 2220/760/1641 2221/759/1694 2222/758/1695
f 2222/758/1695 2221/759/1694 2223/757/1696
f 2224/772/1690 2225/803/1697 2226/778/1613
f 2227/761/1698 2228/804/1699 2229/746/1700
f 2230/756/1645 2231/757/1701 2232/805/1702
f 2232/805/1702 2231/757/1701 2233/759/1694
f 2232/805/1702 2233/759/1694 2234/806/1703
f 2235/789/1618 2236/807/1704 2237/790/1705
f 2237/790/1705 2236/807/1704 2238/808/1706
f 2237/790/1705 2238/808/1706 2239/809/1707
f 2239/809/1707 2238/808/1706 2234/806/1703
f 2239/809/1707 2234/806/1703 2240/810/1708
f 2240/810/1708 2234/806/1703 2233/759/1694
f 2240/810/1708 2233/759/1694 2241/760/1709
f 2241/760/1709 2242/773/1591 2240/810/1708
f 2240/810/1708 2242/773/1591 2243/774/1691
f 2240/810/1708 2243/774/1691 2239/809/1707
f 2239/809/1707 2243/774/1691 2244/775/1692
f 2239/809/1707 2244/775/1692 2237/790/1705
f 2245/747/1710 2246/746/1711 2247/761/1712
f 2248/775/1593 2249/790/1713 2250/776/1714
f 2250/776/1714 2249/790/1713 2251/789/1715
f 2250/776/1714 2251/789/1715 2252/777/1716
f 2253/772/1711 2254/771/1595 2255/778/1717
f 2256/790/1718 2257/807/1719 2258/789/1720
f 2256/790/1718 2259/775/1593 2260/809/1721
f 2257/807/1719 2256/790/1718 2261/808/1722
f 2261/808/1722 2256/790/1718 2260/809/1721
f 2261/808/1722 2260/809/1721 2262/806/1723
f 2263/774/1724 2264/773/1591 2265/810/1725
f 2265/810/1725 2264/773/1591 2266/760/1726
f 2265/810/1725 2266/760/1726 2267/759/1571
f 2268/746/1727 2269/804/1728 2270/761/1729
f 2271/778/1717 2272/803/1730 2273/772/1587
f 2259/775/1593 2263/774/1724 2260/809/1721
f 2260/809/1721 2263/774/1724 2265/810/1725
f 2260/809/1721 2265/810/1725 2262/806/1723
f 2262/806/1723 2265/810/1725 2267/759/1571
f 2262/806/1723 2267/759/1571 2274/805/1731
f 2274/805/1731 2267/759/1571 2275/757/1732
f 2274/805/1731 2275/757/1732 2276/756/1568
f 2277/626/1733 2278/631/1734 2279/630/1371
f 2280/630/1735 2281/631/1213 2282/811/1736
f 2282/811/1736 2283/812/1737 2280/630/1735
f 2280/630/1735 2283/812/1737 2284/811/1738
f 2280/630/1735 2284/811/1738 2285/631/1240
f 2286/813/1739 2287/557/1740 2288/814/1741
f 2288/814/1741 2287/557/1740 2289/558/1742
f 2288/814/1741 2289/558/1742 2290/815/1743
f 2290/815/1743 2289/558/1742 2291/560/1240
f 2290/815/1743 2291/560/1240 2292/816/1744
f 2293/816/1736 2294/560/1734 2295/815/1745
f 2295/815/1745 2294/560/1734 2296/558/1746
f 2295/815/1745 2296/558/1746 2297/814/1747
f 2297/814/1747 2296/558/1746 2298/557/1748
f 2297/814/1747 2298/557/1748 2286/813/1739
f 2286/813/1739 2298/557/1748 2299/565/1219
f 2286/813/1739 2299/565/1219 2287/557/1740
f 2300/817/1749 2301/682/1750 2302/717/1751
f 2301/682/1750 2300/817/1749 2303/723/1752
f 2304/723/1753 2305/817/1754 2306/682/1511
f 2306/682/1511 2305/817/1754 2307/717/1755
