mtllib body_07.mtl
o editpl_m-0000-96
v -41.607803 39.853546 0.980350
v -39.895592 40.039913 -0.221927
v -40.673130 39.786072 -4.241974
v -44.587917 33.947655 2.092214
v -48.911789 31.602003 -1.634173
v -41.992508 31.826929 -1.899437
v -57.917152 37.835648 -7.538711
v -52.016525 33.520294 -7.115783
v -57.841293 33.857681 -7.593257
v -41.992508 31.826929 -1.899437
v -35.853474 31.026836 -5.676636
v -35.853474 33.102577 -2.459852
v -41.913940 37.520752 3.322887
v -41.607803 39.853546 0.980350
v -43.807671 38.529701 2.590611
v -40.673130 37.549671 -7.139695
v -40.673130 35.400028 -7.880191
v -43.582806 35.891651 -7.144178
v -40.673130 33.247169 -7.139694
v -49.304623 38.414028 -6.329708
v -52.076130 36.319008 -7.482669
v -50.648384 38.883156 -6.364827
v -49.632435 36.203331 -7.741208
v -47.126431 33.349995 -7.224877
v -49.857300 33.497803 -7.597740
v -45.920841 32.517773 -6.275908
v -47.470497 32.241432 -3.826518
v -39.895592 40.039913 -0.221927
v -41.607803 39.853546 0.980350
v -35.853474 39.120934 2.958990
v -35.853474 33.137920 4.791923
v -48.911789 31.602003 -1.634173
v -44.587917 33.947655 2.092214
v -50.556271 36.203331 2.899960
v -46.860931 32.241432 -7.931748
v -47.408188 31.087889 -1.318846
v -50.995159 31.370651 -1.359196
v -48.193855 34.876274 4.517692
v -51.577637 34.995163 4.126896
v -48.009628 40.554031 2.764713
v -51.420506 40.733971 2.388114
v -47.527393 41.900368 -3.340826
v -50.873245 41.993553 -3.733117
v -50.399139 32.296059 -8.306106
v -50.409973 37.803516 -8.878477
v -47.009937 37.533604 -8.676728
v -50.873245 41.993553 -3.733117
v -47.527393 41.900368 -3.340826
v -52.016525 33.520294 -7.115783
v -57.917152 37.835648 -7.538711
v -52.076130 36.319008 -7.482669
v -55.549316 40.737183 -5.343377
v -49.296497 41.206314 -4.025280
v -43.582806 35.891651 -7.144178
v -43.582806 37.928829 -6.684638
v -40.673130 37.549671 -7.139695
v -43.729103 38.960274 -5.653473
v -40.673130 39.786072 -4.241974
v -43.282085 40.210217 -3.658395
v -48.911789 31.602003 -1.634173
v -50.556271 36.203331 2.899960
v -55.110428 35.245792 3.442442
v -50.363918 39.467960 2.473297
v -55.508678 40.447994 2.039909
v -49.621597 40.769318 -0.195028
v -55.874420 42.109226 -2.793113
v -49.296497 41.206314 -4.025280
v -49.632435 36.203331 -7.741208
v -49.857300 33.497803 -7.597740
v -52.016525 33.520294 -7.115783
v -48.911789 31.602003 -1.634173
v -57.841293 33.857681 -7.593257
v -50.363918 39.467960 2.473297
v -50.556271 36.203331 2.899960
v -45.319401 36.068378 2.924618
v -44.587917 33.947655 2.092214
v -41.913940 33.918736 3.322887
v -35.853474 31.881554 0.626916
v -35.853474 33.102577 -2.459852
v -35.853474 31.026836 -5.676636
v -41.992508 31.826929 -1.899437
v -40.673130 33.247169 -7.139694
v -43.582806 33.353207 -6.684638
v -43.582806 35.891651 -7.144178
v -47.126431 36.039459 -7.490141
v -43.582806 37.928829 -6.684638
v -47.126431 38.121624 -6.635321
v -43.729103 38.960274 -5.653473
v -45.552391 40.081688 -4.321926
v -35.853474 31.881554 0.626916
v -41.913940 33.918736 3.322887
v -45.319401 36.068378 2.924618
v -50.363918 39.467960 2.473297
v -49.621597 40.769318 -0.195028
v -49.296497 41.206314 -4.025280
v -49.304623 38.414028 -6.329708
v -41.992508 31.826929 -1.899437
v -48.911789 31.602003 -1.634173
v -72.351738 34.709187 -1.052837
v -77.111794 35.817745 -0.963170
v -75.063644 34.805580 -4.715712
v -73.348724 38.436520 3.544811
v -79.406479 40.762890 2.784141
v -76.708122 37.813156 5.385962
v -69.848442 34.474621 2.099687
v -72.273170 34.317173 3.635225
v -69.870117 33.324287 -0.574615
v -72.218987 33.250385 0.703133
v -69.870117 33.324287 -0.574615
v -72.218987 33.250385 0.703133
v -72.674133 34.484261 -5.637782
v -74.551605 32.235008 2.296207
v -76.708122 37.813156 5.385962
v -74.565147 33.243958 5.273880
v -73.348724 38.436520 3.544811
v -70.181671 38.462227 3.555272
v -72.522415 41.386253 -2.368692
v -73.348724 38.436520 3.544811
v -75.063644 34.805580 -4.715712
v -72.698517 34.873058 -4.497523
v -72.351738 34.709187 -1.052837
v -72.698517 34.873058 -4.497523
v -75.063644 34.805580 -4.715712
v -73.893272 38.414028 -4.753820
v -78.647903 36.842762 -6.047259
v -78.967590 38.629311 -6.173539
v -78.008537 36.723873 3.341567
v -73.893272 38.414028 1.793326
v -79.769508 39.686462 2.750516
v -79.731583 40.451206 -2.317881
v -78.008537 36.723873 3.341567
v -77.789093 35.882011 3.555272
v -73.893272 38.414028 1.793326
v -77.954353 34.677055 4.978728
v -72.573891 34.439274 1.793326
v -77.507332 32.771614 3.414049
v -77.111794 35.817745 -0.963170
v -78.710213 33.844830 2.028701
v -72.573891 34.439274 1.793326
v -77.507332 32.771614 3.414049
v -78.967590 38.629311 -6.173539
v -79.718040 39.618984 -4.481084
v -73.893272 38.414028 -4.753820
v -79.731583 40.451206 -2.317881
v -73.893272 39.072735 -2.285751
v -73.893272 38.414028 1.793326
v -74.551605 32.235008 2.296207
v -75.610901 33.697021 -5.730436
v -72.674133 34.484261 -5.637782
v -78.146706 35.727776 -7.733735
v -73.830956 38.597179 -7.348917
v -80.097321 39.252678 -6.920012
v -74.681648 40.554031 -2.242412
v -80.744820 41.575832 -1.944271
v -79.406479 40.762890 2.784141
v -74.551605 32.235008 2.296207
v -72.218987 33.250385 0.703133
v -74.565147 33.243958 5.273880
v -72.273170 34.317173 3.635225
v -73.348724 38.436520 3.544811
v -69.848442 34.474621 2.099687
v -70.181671 38.462227 3.555272
v -74.681648 40.554031 -2.242412
v -72.522415 41.386253 -2.368692
v -73.830956 38.597179 -7.348917
v -71.113632 38.436520 -6.318500
v -72.674133 34.484261 -5.637782
v -70.200638 34.599937 -5.737161
v -69.870117 33.324287 -0.574615
v -70.200638 34.599937 -5.737161
v -67.970970 33.115429 -1.067780
v -69.870117 33.324287 -0.574615
v -67.109444 34.464981 -6.126463
v -65.112770 32.864799 -1.027431
v -55.549316 40.737183 -5.343377
v -66.797890 38.526489 -6.535941
v -64.641373 41.283432 -3.080793
v -67.632324 41.399109 -2.361220
v -63.275936 38.047722 1.847873
v -66.402351 38.507210 2.503933
v -69.358078 40.785381 -2.382142
v -68.385475 38.552197 2.208034
v -61.823811 33.378914 -1.015476
v -57.841293 33.857681 -7.593257
v -54.704048 31.820501 -0.963169
v -48.911789 31.602003 -1.634173
v -61.823811 33.378914 -1.015476
v -65.112770 32.864799 -1.027431
v -67.970970 33.115429 -1.067780
v -69.870117 33.324287 -0.574615
v -69.848442 34.474621 2.099687
v -70.181671 38.462227 3.555272
v -72.522415 41.386253 -2.368692
v -71.113632 38.436520 -6.318500
v -49.296497 41.206314 -4.025280
v -55.874420 42.109226 -2.793113
v -55.508678 40.447994 2.039909
v -55.110428 35.245792 3.442442
v -57.917152 37.835648 -7.538711
v -54.704048 31.820501 -0.963169
v -48.911789 31.602003 -1.634173
v 41.992508 31.826929 -1.899437
v 35.853474 31.881554 0.626916
v 35.853474 33.102577 -2.459852
v 47.408188 31.087889 -1.318846
v 50.995159 31.370651 -1.359196
v 51.577637 34.995163 4.126896
v 49.621597 40.769318 -0.195028
v 55.874420 42.109226 -2.793113
v 49.296497 41.206314 -4.025280
v 47.527393 41.900368 -3.340826
v 50.873245 41.993553 -3.733117
v 47.009937 37.533604 -8.676728
v 50.409973 37.803516 -8.878477
v 50.399139 32.296059 -8.306106
v 35.853474 31.881554 0.626916
v 41.992508 31.826929 -1.899437
v 41.913940 33.918736 3.322887
v 46.860931 32.241432 -7.931748
v 40.673130 37.549671 -7.139695
v 43.582806 35.891651 -7.144178
v 40.673130 35.400028 -7.880191
v 40.673130 33.247169 -7.139694
v 52.076130 36.319008 -7.482669
v 52.016525 33.520294 -7.115783
v 49.857300 33.497803 -7.597740
v 48.911789 31.602003 -1.634173
v 40.673130 39.786072 -4.241974
v 39.895592 40.039913 -0.221927
v 41.607803 39.853546 0.980350
v 35.853474 39.120934 2.958990
v 44.587917 33.947655 2.092214
v 45.319401 36.068378 2.924618
v 41.913940 37.520752 3.322887
v 43.807671 38.529701 2.590611
v 47.470497 32.241432 -3.826518
v 45.920841 32.517773 -6.275908
v 49.857300 33.497803 -7.597740
v 47.126431 33.349995 -7.224877
v 49.632435 36.203331 -7.741208
v 50.873245 41.993553 -3.733117
v 47.527393 41.900368 -3.340826
v 51.420506 40.733971 2.388114
v 48.009628 40.554031 2.764713
v 48.193855 34.876274 4.517692
v 50.648384 38.883156 -6.364827
v 55.549316 40.737183 -5.343377
v 52.076130 36.319008 -7.482669
v 57.917152 37.835648 -7.538711
v 57.841293 33.857681 -7.593257
v 41.607803 39.853546 0.980350
v 43.282085 40.210217 -3.658395
v 40.673130 39.786072 -4.241974
v 43.729103 38.960274 -5.653473
v 40.673130 37.549671 -7.139695
v 43.582806 37.928829 -6.684638
v 43.582806 35.891651 -7.144178
v 55.874420 42.109226 -2.793113
v 49.621597 40.769318 -0.195028
v 55.508678 40.447994 2.039909
v 50.363918 39.467960 2.473297
v 55.110428 35.245792 3.442442
v 50.556271 36.203331 2.899960
v 48.911789 31.602003 -1.634173
v 49.632435 36.203331 -7.741208
v 49.304623 38.414028 -6.329708
v 50.648384 38.883156 -6.364827
v 55.549316 40.737183 -5.343377
v 43.282085 40.210217 -3.658395
v 45.552391 40.081688 -4.321926
v 43.729103 38.960274 -5.653473
v 47.126431 38.121624 -6.635321
v 47.126431 36.039459 -7.490141
v 43.582806 33.353207 -6.684638
v 40.673130 33.247169 -7.139694
v 41.992508 31.826929 -1.899437
v 35.853474 31.026836 -5.676636
v 35.853474 33.102577 -2.459852
v 48.911789 31.602003 -1.634173
v 41.992508 31.826929 -1.899437
v 43.582806 33.353207 -6.684638
v 47.126431 36.039459 -7.490141
v 47.126431 38.121624 -6.635321
v 49.304623 38.414028 -6.329708
v 45.552391 40.081688 -4.321926
v 49.296497 41.206314 -4.025280
v 43.282085 40.210217 -3.658395
v 49.621597 40.769318 -0.195028
v 41.607803 39.853546 0.980350
v 50.363918 39.467960 2.473297
v 48.911789 31.602003 -1.634173
v 50.556271 36.203331 2.899960
v 35.853474 39.120934 2.958990
v 35.853474 33.137920 4.791923
v 72.273170 34.317173 3.635225
v 69.870117 33.324287 -0.574615
v 72.218987 33.250385 0.703133
v 75.063644 34.805580 -4.715712
v 73.893272 38.414028 -4.753820
v 78.647903 36.842762 -6.047259
v 73.893272 38.414028 1.793326
v 79.769508 39.686462 2.750516
v 73.893272 39.072735 -2.285751
v 77.954353 34.677055 4.978728
v 72.573891 34.439274 1.793326
v 77.507332 32.771614 3.414049
v 69.870117 33.324287 -0.574615
v 72.273170 34.317173 3.635225
v 69.848442 34.474621 2.099687
v 69.870117 33.324287 -0.574615
v 72.674133 34.484261 -5.637782
v 72.218987 33.250385 0.703133
v 74.551605 32.235008 2.296207
v 73.348724 38.436520 3.544811
v 74.565147 33.243958 5.273880
v 76.708122 37.813156 5.385962
v 73.348724 38.436520 3.544811
v 72.522415 41.386253 -2.368692
v 70.181671 38.462227 3.555272
v 72.351738 34.709187 -1.052837
v 72.698517 34.873058 -4.497523
v 75.063644 34.805580 -4.715712
v 73.893272 38.414028 -4.753820
v 75.063644 34.805580 -4.715712
v 72.698517 34.873058 -4.497523
v 79.769508 39.686462 2.750516
v 73.893272 38.414028 1.793326
v 78.008537 36.723873 3.341567
v 72.573891 34.439274 1.793326
v 77.954353 34.677055 4.978728
v 73.893272 38.414028 1.793326
v 77.789093 35.882011 3.555272
v 78.008537 36.723873 3.341567
v 77.507332 32.771614 3.414049
v 72.573891 34.439274 1.793326
v 78.710213 33.844830 2.028701
v 72.351738 34.709187 -1.052837
v 77.111794 35.817745 -0.963170
v 75.063644 34.805580 -4.715712
v 79.406479 40.762890 2.784141
v 80.744820 41.575832 -1.944271
v 74.681648 40.554031 -2.242412
v 80.097321 39.252678 -6.920012
v 73.830956 38.597179 -7.348917
v 78.146706 35.727776 -7.733735
v 72.674133 34.484261 -5.637782
v 75.610901 33.697021 -5.730436
v 74.551605 32.235008 2.296207
v 70.181671 38.462227 3.555272
v 69.848442 34.474621 2.099687
v 73.348724 38.436520 3.544811
v 72.273170 34.317173 3.635225
v 74.551605 32.235008 2.296207
v 69.870117 33.324287 -0.574615
v 70.200638 34.599937 -5.737161
v 72.674133 34.484261 -5.637782
v 71.113632 38.436520 -6.318500
v 73.830956 38.597179 -7.348917
v 72.522415 41.386253 -2.368692
v 74.681648 40.554031 -2.242412
v 79.406479 40.762890 2.784141
v 79.769508 39.686462 2.750516
v 79.731583 40.451206 -2.317881
v 73.893272 39.072735 -2.285751
v 79.718040 39.618984 -4.481084
v 73.893272 38.414028 -4.753820
v 78.967590 38.629311 -6.173539
v 78.647903 36.842762 -6.047259
v 57.841293 33.857681 -7.593257
v 54.704048 31.820501 -0.963169
v 48.911789 31.602003 -1.634173
v 69.358078 40.785381 -2.382142
v 72.522415 41.386253 -2.368692
v 71.113632 38.436520 -6.318500
v 65.112770 32.864799 -1.027431
v 67.109444 34.464981 -6.126463
v 67.970970 33.115429 -1.067780
v 63.275936 38.047722 1.847873
v 67.632324 41.399109 -2.361220
v 64.641373 41.283432 -3.080793
v 66.797890 38.526489 -6.535941
v 55.549316 40.737183 -5.343377
v 68.385475 38.552197 2.208034
v 66.402351 38.507210 2.503933
v 61.823811 33.378914 -1.015476
v 67.970970 33.115429 -1.067780
v 65.112770 32.864799 -1.027431
v 61.823811 33.378914 -1.015476
v 70.181671 38.462227 3.555272
v 69.848442 34.474621 2.099687
v 69.870117 33.324287 -0.574615
v 55.110428 35.245792 3.442442
v 55.508678 40.447994 2.039909
v 55.874420 42.109226 -2.793113
v 49.296497 41.206314 -4.025280
v 57.917152 37.835648 -7.538711
v 48.911789 31.602003 -1.634173
v 54.704048 31.820501 -0.963169
v 70.200638 34.599937 -5.737161
v 69.870117 33.324287 -0.574615
v -83.034088 33.439964 4.808362
v -82.985329 32.353897 3.841459
v -77.507332 32.771614 3.414049
v -83.061180 32.996540 3.162235
v -83.112656 33.960506 3.881060
v -77.789093 35.882011 3.555272
v -80.975105 35.901291 -6.227339
v -78.967590 38.629311 -6.173539
v -78.647903 36.842762 -6.047259
v -87.477165 33.019032 -1.611009
v -88.260124 33.619904 -3.961766
v -86.845924 32.868011 -3.730874
v -77.111794 35.817745 -0.963170
v -78.008537 36.723873 3.341567
v -80.435974 37.565739 3.127862
v -85.280014 33.054379 -6.516512
v -84.112350 32.061493 -6.227338
v -84.559364 32.241432 -5.328433
v -87.477165 33.019032 -1.611009
v -86.845924 32.868011 -3.730874
v -83.705971 35.509277 -4.215821
v -86.764648 34.493900 2.027953
v -87.712868 35.184742 1.454088
v -86.764648 34.493900 2.027953
v -85.128296 37.694267 2.013756
v -84.074425 36.254745 2.736319
v -80.435974 37.565739 3.127862
v -83.112656 33.960506 3.881060
v -77.954353 34.677055 4.978728
v -77.789093 35.882011 3.555272
v -88.682762 33.738792 -2.013762
v -85.098495 38.831745 -2.132570
v -84.784233 36.919880 -4.479590
v -86.845924 32.868011 -3.730874
v -82.985329 32.353897 3.841459
v -79.718040 39.618984 -4.481084
v -79.094925 37.022701 -4.128396
v -83.705971 35.509277 -4.215821
v -79.718040 39.618984 -4.481084
v -81.422119 36.084442 -4.868145
v -82.893211 37.861355 -5.220833
v -84.559364 32.241432 -5.328433
v -85.553642 33.462456 -5.681120
v -82.142761 36.894173 -6.516513
v -84.112350 32.061493 -6.227338
v -79.769508 39.686462 2.750516
v -78.008537 36.723873 3.341567
v -86.764648 34.493900 2.027953
v -84.074425 36.254745 2.736319
v -79.094925 37.022701 -4.128396
v -78.710213 33.844830 2.028701
v -77.507332 32.771614 3.414049
v -79.731583 40.451206 -2.317881
v -75.063644 34.805580 -4.715712
v -78.647903 36.842762 -6.047259
v -80.975105 35.901291 -6.227339
v -81.422119 36.084442 -4.868145
v -84.112350 32.061493 -6.227338
v -84.559364 32.241432 -5.328433
v -40.673130 37.549671 -7.139695
v -35.853474 37.257267 -8.093896
v -40.673130 35.400028 -7.880191
v -34.154812 36.042671 -2.057848
v -34.152100 29.821880 -2.672063
v -34.154812 31.078249 -7.771095
v -34.154812 37.887058 5.610876
v -34.154812 32.800533 5.286582
v -34.152100 30.506296 1.587094
v -40.022926 41.248085 0.904134
v -39.984997 37.642853 5.421829
v -34.154812 37.887058 5.610876
v -34.154812 32.800533 5.286582
v -34.152100 29.821880 -2.672063
v -40.058144 30.371342 -2.442666
v -34.154812 31.078249 -7.771095
v -40.022926 31.428490 -7.212923
v -40.022926 35.271500 -9.765428
v -34.152100 40.926762 -5.474888
v -34.152100 41.534061 -1.779135
v -34.152100 41.254513 1.775393
v -39.984997 37.642853 5.421829
v -40.022926 41.248085 0.904134
v -40.003960 35.946274 -1.658085
v -40.022926 40.917126 -4.721689
v -40.022926 38.651806 -8.375598
v -34.154812 34.779877 -10.323602
v -34.154812 38.459011 -8.933772
v -40.058144 30.371342 -2.442666
v -40.031052 31.142513 1.938288
v -39.984997 33.501015 5.421830
v -40.022926 35.271500 -9.765428
v -40.022926 31.428490 -7.212923
v -40.673130 39.786072 -4.241974
v -35.853474 31.026836 -5.676636
v -40.673130 33.247169 -7.139694
v -35.853474 32.572395 -8.093896
v -35.853474 34.914833 -8.833644
v -39.984997 33.501015 5.421830
v -40.031052 31.142513 1.938288
v -34.152100 30.506296 1.587094
v -40.058144 30.371342 -2.442666
v -34.152100 29.821880 -2.672063
v -34.152100 41.254513 1.775393
v -34.152100 41.534061 -1.779135
v -40.022926 40.917126 -4.721689
v -34.152100 40.926762 -5.474888
v -40.022926 38.651806 -8.375598
v -34.154812 38.459011 -8.933772
v -34.154812 34.779877 -10.323602
v -35.853474 39.120934 2.958990
v -35.853474 39.500095 0.339982
v -39.895592 40.039913 -0.221927
v -35.853474 39.956371 -2.157976
v -35.853474 39.406910 -4.656681
v 82.893211 37.861355 -5.220833
v 84.559364 32.241432 -5.328433
v 85.553642 33.462456 -5.681120
v 81.422119 36.084442 -4.868145
v 84.112350 32.061493 -6.227338
v 84.559364 32.241432 -5.328433
v 83.705971 35.509277 -4.215821
v 86.845924 32.868011 -3.730874
v 87.477165 33.019032 -1.611009
v 87.712868 35.184742 1.454088
v 86.764648 34.493900 2.027953
v 87.477165 33.019032 -1.611009
v 80.435974 37.565739 3.127862
v 84.074425 36.254745 2.736319
v 85.128296 37.694267 2.013756
v 86.764648 34.493900 2.027953
v 83.112656 33.960506 3.881060
v 83.034088 33.439964 4.808362
v 82.985329 32.353897 3.841459
v 77.507332 32.771614 3.414049
v 77.789093 35.882011 3.555272
v 77.954353 34.677055 4.978728
v 86.845924 32.868011 -3.730874
v 84.784233 36.919880 -4.479590
v 88.260124 33.619904 -3.961766
v 85.098495 38.831745 -2.132570
v 88.682762 33.738792 -2.013762
v 82.985329 32.353897 3.841459
v 83.061180 32.996540 3.162235
v 83.112656 33.960506 3.881060
v 77.789093 35.882011 3.555272
v 83.705971 35.509277 -4.215821
v 79.094925 37.022701 -4.128396
v 79.718040 39.618984 -4.481084
v 81.422119 36.084442 -4.868145
v 79.718040 39.618984 -4.481084
v 85.280014 33.054379 -6.516512
v 84.112350 32.061493 -6.227338
v 82.142761 36.894173 -6.516513
v 80.975105 35.901291 -6.227339
v 78.967590 38.629311 -6.173539
v 78.647903 36.842762 -6.047259
v 78.008537 36.723873 3.341567
v 79.769508 39.686462 2.750516
v 86.845924 32.868011 -3.730874
v 77.111794 35.817745 -0.963170
v 79.094925 37.022701 -4.128396
v 80.435974 37.565739 3.127862
v 84.074425 36.254745 2.736319
v 86.764648 34.493900 2.027953
v 77.507332 32.771614 3.414049
v 78.710213 33.844830 2.028701
v 78.008537 36.723873 3.341567
v 79.731583 40.451206 -2.317881
v 80.975105 35.901291 -6.227339
v 78.647903 36.842762 -6.047259
v 75.063644 34.805580 -4.715712
v 84.559364 32.241432 -5.328433
v 84.112350 32.061493 -6.227338
v 39.984997 37.642853 5.421829
v 34.154812 37.887058 5.610876
v 34.154812 32.800533 5.286582
v 40.673130 35.400028 -7.880191
v 35.853474 34.914833 -8.833644
v 35.853474 37.257267 -8.093896
v 34.154812 31.078249 -7.771095
v 34.152100 29.821880 -2.672063
v 34.154812 36.042671 -2.057848
v 34.152100 30.506296 1.587094
v 34.154812 32.800533 5.286582
v 34.154812 37.887058 5.610876
v 40.022926 41.248085 0.904134
v 40.058144 30.371342 -2.442666
v 34.152100 29.821880 -2.672063
v 40.022926 31.428490 -7.212923
v 34.154812 31.078249 -7.771095
v 40.022926 35.271500 -9.765428
v 34.152100 41.254513 1.775393
v 34.152100 41.534061 -1.779135
v 34.152100 40.926762 -5.474888
v 40.022926 38.651806 -8.375598
v 40.022926 40.917126 -4.721689
v 40.003960 35.946274 -1.658085
v 40.022926 41.248085 0.904134
v 39.984997 37.642853 5.421829
v 34.154812 38.459011 -8.933772
v 34.154812 34.779877 -10.323602
v 39.984997 33.501015 5.421830
v 40.031052 31.142513 1.938288
v 40.058144 30.371342 -2.442666
v 40.022926 31.428490 -7.212923
v 40.022926 35.271500 -9.765428
v 40.673130 39.786072 -4.241974
v 40.673130 37.549671 -7.139695
v 35.853474 32.572395 -8.093896
v 40.673130 33.247169 -7.139694
v 35.853474 31.026836 -5.676636
v 34.152100 29.821880 -2.672063
v 40.058144 30.371342 -2.442666
v 34.152100 30.506296 1.587094
v 40.031052 31.142513 1.938288
v 39.984997 33.501015 5.421830
v 34.154812 34.779877 -10.323602
v 34.154812 38.459011 -8.933772
v 40.022926 38.651806 -8.375598
v 34.152100 40.926762 -5.474888
v 40.022926 40.917126 -4.721689
v 34.152100 41.534061 -1.779135
v 34.152100 41.254513 1.775393
v 35.853474 39.406910 -4.656681
v 35.853474 39.956371 -2.157976
v 39.895592 40.039913 -0.221927
v 35.853474 39.500095 0.339982
v 35.853474 39.120934 2.958990
vn 0.0315 0.9286 0.3698
vn 0.0235 0.9960 0.0862
vn 0.0078 0.9414 -0.3373
vn -0.1492 -0.7070 0.6913
vn -0.0000 -0.9910 0.1337
vn -0.0000 -1.0000 -0.0000
vn 0.0079 0.2202 -0.9754
vn -0.0629 -0.5112 -0.8572
vn -0.1022 -0.7073 -0.6995
vn -0.1174 -0.9861 -0.1174
vn 0.2045 -0.9750 0.0865
vn -0.1024 0.3937 0.9135
vn -0.0079 0.4722 0.8815
vn -0.0863 0.5490 -0.8314
vn -0.2111 -0.0000 -0.9775
vn -0.0941 0.0157 -0.9954
vn -0.2352 -0.6428 -0.7291
vn 0.0630 0.5823 -0.8105
vn -0.0236 0.2202 -0.9752
vn 0.1099 0.5183 -0.8481
vn 0.0158 0.2202 -0.9753
vn 0.1097 -0.3447 -0.9323
vn -0.0629 -0.6527 -0.7550
vn 0.0470 -0.8934 -0.4467
vn -0.0471 -0.9726 -0.2275
vn 0.0235 0.9960 0.0863
vn 0.0315 0.9285 0.3699
vn -0.0235 0.8145 0.5796
vn -0.1890 -0.5041 0.8427
vn -0.1493 -0.7070 0.6913
vn 0.0235 -0.3208 0.9469
vn 0.0237 -0.6950 -0.7186
vn -0.0630 -0.9768 0.2048
vn -0.1100 -0.3378 0.9348
vn -0.1099 -0.1021 0.9887
vn -0.0552 0.5915 0.8044
vn -0.0157 0.8553 0.5179
vn 0.0392 0.9967 -0.0706
vn 0.0710 0.9228 -0.3786
vn 0.0237 -0.6950 -0.7187
vn 0.0945 0.3779 -0.9210
vn 0.0942 0.5339 -0.8403
vn -0.0629 -0.5111 -0.8572
vn 0.0079 0.2203 -0.9754
vn -0.0000 0.7071 -0.7071
vn 0.1492 0.8561 -0.4948
vn -0.0000 0.4628 -0.8864
vn -0.0863 0.5490 -0.8313
vn 0.0314 0.7774 -0.6282
vn 0.0079 0.9414 -0.3373
vn 0.1257 0.9509 -0.2829
vn 0.0235 -0.3208 0.9468
vn -0.0471 -0.3533 0.9343
vn 0.0472 0.4871 0.8721
vn -0.0470 0.7444 0.6661
vn 0.1103 0.9614 0.2522
vn 0.0158 0.9994 -0.0315
vn 0.0157 0.2202 -0.9753
vn -0.0630 -0.5112 -0.8572
vn -0.1022 -0.7073 -0.6994
vn 0.0471 0.4871 0.8721
vn -0.1258 -0.0472 0.9909
vn -0.2205 -0.6065 0.7639
vn -0.0000 -1.0000 0.0001
vn -0.0625 -0.9929 0.1016
vn 0.2044 -0.9751 0.0865
vn -0.0001 -1.0000 -0.0000
vn -0.2352 -0.6428 -0.7290
vn 0.0627 -0.5644 -0.8231
vn -0.0940 0.0157 -0.9954
vn 0.0943 0.1022 -0.9903
vn 0.0156 0.6024 -0.7980
vn 0.0786 0.7468 -0.6604
vn -0.0626 -0.9928 0.1017
vn -0.2205 -0.6064 0.7639
vn -0.1258 -0.0471 0.9909
vn 0.0472 0.4872 0.8720
vn 0.0629 0.5823 -0.8105
vn -0.0000 -1.0000 -0.0001
vn -0.0709 -0.9850 -0.1575
vn -0.6156 -0.7814 -0.1026
vn -0.0786 -0.8414 -0.5347
vn 0.2605 0.5447 0.7972
vn 0.2351 0.9088 0.3447
vn 0.3445 0.4933 0.7987
vn 0.4247 -0.4876 0.7628
vn 0.5195 -0.5509 0.6532
vn 0.0549 -0.9954 0.0784
vn 0.3214 -0.9406 0.1098
vn 0.0548 -0.9954 0.0783
vn 0.3214 -0.9406 0.1097
vn 0.1803 -0.7446 -0.6427
vn 0.3697 -0.9283 -0.0394
vn 0.6290 -0.3695 0.6840
vn 0.2605 0.5446 0.7972
vn 0.2676 0.5667 0.7793
vn -0.0157 0.9988 -0.0472
vn -0.0787 -0.8414 -0.5347
vn 0.0788 -0.7009 -0.7089
vn -0.0709 -0.9850 -0.1576
vn 0.0787 -0.7010 -0.7088
vn 0.2426 0.3991 -0.8843
vn 0.0078 -0.7149 -0.6992
vn 0.0788 0.3388 -0.9376
vn -0.2824 -0.1412 0.9489
vn 0.2202 0.5663 0.7943
vn -0.0861 0.7200 0.6886
vn -0.0313 0.9951 -0.0940
vn -0.2823 -0.1412 0.9489
vn -0.5590 0.8109 0.1732
vn 0.2202 0.5662 0.7943
vn 0.1652 0.1494 0.9749
vn 0.4229 -0.8381 0.3447
vn 0.1651 -0.9831 0.0786
vn -0.0709 -0.9849 -0.1576
vn -0.3223 -0.5817 -0.7468
vn 0.4229 -0.8381 0.3446
vn 0.1652 -0.9831 0.0787
vn 0.0788 0.3387 -0.9376
vn -0.1021 0.6754 -0.7304
vn 0.2426 0.3990 -0.8843
vn 0.2197 0.9730 -0.0706
vn 0.2278 -0.8090 -0.5420
vn 0.1418 -0.2364 -0.9613
vn 0.1099 0.4787 -0.8711
vn 0.0550 0.7625 -0.6446
vn -0.0000 0.9980 -0.0629
vn 0.1576 0.9773 -0.1419
vn 0.2350 0.9088 0.3447
vn 0.3698 -0.9283 -0.0393
vn 0.6290 -0.3696 0.6840
vn 0.2677 0.5667 0.7792
vn 0.2604 0.5446 0.7972
vn -0.0000 0.9980 -0.0628
vn 0.0785 0.3058 -0.9488
vn 0.1802 -0.7446 -0.6428
vn -0.0867 -0.7647 -0.6386
vn 0.0784 -0.9724 0.2196
vn 0.0548 -0.9954 0.0784
vn -0.0711 -0.7248 -0.6853
vn -0.0078 -0.8781 0.4783
vn -0.0000 0.7072 -0.7071
vn -0.1177 0.5178 -0.8474
vn -0.0862 0.9955 -0.0392
vn -0.0627 0.9950 0.0783
vn -0.0470 0.3763 0.9253
vn -0.0078 0.2352 0.9719
vn -0.0079 0.9998 0.0157
vn 0.3300 0.0471 0.9428
vn -0.0781 -0.9068 0.4143
vn -0.1099 -0.9728 0.2040
vn -0.0782 -0.9068 0.4143
vn -0.0078 -0.8782 0.4783
vn 0.0785 -0.9724 0.2196
vn 0.0784 0.3058 -0.9488
vn 0.0157 0.9994 -0.0315
vn -0.0471 -0.3534 0.9343
vn 0.0078 0.2203 -0.9754
vn -0.1098 -0.9728 0.2040
vn 0.0625 -0.9929 0.1016
vn -0.2044 -0.9751 0.0865
vn 0.0630 -0.9768 0.2048
vn 0.1099 -0.1020 0.9887
vn -0.1103 0.9614 0.2521
vn -0.0158 0.9994 -0.0314
vn -0.1493 0.8561 -0.4948
vn -0.0392 0.9967 -0.0706
vn -0.0710 0.9228 -0.3786
vn -0.0942 0.5339 -0.8403
vn -0.0945 0.3779 -0.9210
vn -0.0237 -0.6950 -0.7187
vn 0.0626 -0.9928 0.1017
vn 0.2205 -0.6064 0.7640
vn -0.0237 -0.6950 -0.7186
vn 0.0863 0.5490 -0.8314
vn 0.0941 0.0157 -0.9954
vn 0.2111 -0.0000 -0.9775
vn 0.2352 -0.6428 -0.7291
vn 0.0236 0.2202 -0.9752
vn 0.0629 -0.5112 -0.8572
vn 0.0629 -0.6527 -0.7550
vn -0.0078 0.9414 -0.3373
vn -0.0235 0.9960 0.0863
vn -0.0314 0.9286 0.3698
vn 0.0235 0.8146 0.5796
vn 0.1493 -0.7070 0.6913
vn 0.1258 -0.0472 0.9909
vn 0.1024 0.3937 0.9135
vn 0.0079 0.4722 0.8815
vn 0.0471 -0.9726 -0.2275
vn -0.0470 -0.8934 -0.4467
vn -0.1097 -0.3447 -0.9323
vn -0.0158 0.2202 -0.9753
vn 0.0157 0.8553 0.5179
vn 0.0552 0.5915 0.8044
vn 0.1100 -0.3378 0.9348
vn -0.1099 0.5183 -0.8481
vn -0.0079 0.2203 -0.9754
vn 0.1022 -0.7073 -0.6994
vn -0.0315 0.9286 0.3698
vn -0.1257 0.9509 -0.2829
vn -0.0079 0.9414 -0.3373
vn -0.0314 0.7774 -0.6282
vn 0.0863 0.5490 -0.8313
vn 0.0940 0.0157 -0.9954
vn -0.0157 0.9994 -0.0314
vn -0.1103 0.9614 0.2522
vn 0.0470 0.7444 0.6661
vn -0.0472 0.4871 0.8721
vn 0.0471 -0.3533 0.9343
vn -0.0235 -0.3208 0.9468
vn -0.0157 0.2202 -0.9753
vn -0.0630 0.5823 -0.8105
vn -0.1100 0.5183 -0.8481
vn -0.0786 0.7468 -0.6603
vn -0.0156 0.6024 -0.7980
vn -0.0943 0.1022 -0.9903
vn -0.0627 -0.5644 -0.8231
vn 0.2352 -0.6428 -0.7290
vn 0.1174 -0.9861 -0.1174
vn -0.2045 -0.9750 0.0865
vn -0.0157 0.6025 -0.7980
vn -0.0629 0.5823 -0.8105
vn -0.0786 0.7468 -0.6604
vn -0.1492 0.8561 -0.4948
vn -0.0315 0.9285 0.3699
vn -0.0471 0.4871 0.8721
vn 0.1891 -0.5040 0.8427
vn -0.5194 -0.5509 0.6533
vn -0.0549 -0.9954 0.0784
vn -0.3213 -0.9406 0.1098
vn 0.0787 -0.8414 -0.5347
vn -0.2426 0.3991 -0.8842
vn -0.0078 -0.7149 -0.6992
vn -0.2202 0.5662 0.7943
vn 0.0861 0.7200 0.6887
vn -0.2197 0.9730 -0.0706
vn -0.1651 0.1494 0.9749
vn -0.4230 -0.8381 0.3446
vn -0.1651 -0.9831 0.0786
vn -0.5194 -0.5509 0.6532
vn -0.4246 -0.4876 0.7629
vn -0.0548 -0.9954 0.0783
vn -0.1803 -0.7446 -0.6427
vn -0.3214 -0.9406 0.1097
vn -0.3697 -0.9283 -0.0394
vn -0.2605 0.5447 0.7972
vn -0.6290 -0.3695 0.6840
vn -0.3445 0.4933 0.7987
vn -0.2605 0.5446 0.7972
vn 0.0158 0.9988 -0.0472
vn -0.2676 0.5667 0.7792
vn 0.0709 -0.9850 -0.1576
vn -0.0788 -0.7009 -0.7089
vn 0.0786 -0.8414 -0.5347
vn -0.2426 0.3991 -0.8843
vn -0.0788 -0.7010 -0.7088
vn 0.0861 0.7200 0.6886
vn 0.2823 -0.1412 0.9489
vn -0.4229 -0.8380 0.3447
vn 0.5590 0.8109 0.1732
vn 0.2824 -0.1412 0.9489
vn -0.1652 -0.9831 0.0787
vn 0.3223 -0.5817 -0.7468
vn 0.6156 -0.7814 -0.1026
vn -0.2350 0.9088 0.3447
vn -0.1576 0.9773 -0.1419
vn -0.0550 0.7625 -0.6446
vn -0.1099 0.4787 -0.8711
vn -0.1418 -0.2364 -0.9613
vn -0.2278 -0.8090 -0.5420
vn -0.4247 -0.4876 0.7628
vn -0.6290 -0.3696 0.6840
vn -0.3214 -0.9406 0.1098
vn -0.3698 -0.9283 -0.0393
vn -0.0548 -0.9954 0.0784
vn 0.0867 -0.7647 -0.6386
vn -0.1803 -0.7446 -0.6428
vn -0.0785 0.3058 -0.9488
vn -0.2351 0.9088 0.3447
vn 0.0861 0.7199 0.6887
vn 0.0313 0.9951 -0.0940
vn 0.1021 0.6754 -0.7304
vn -0.2426 0.3990 -0.8843
vn -0.0788 0.3388 -0.9375
vn 0.1098 -0.9728 0.2040
vn 0.0079 0.9998 0.0157
vn 0.0157 0.9988 -0.0472
vn -0.0784 0.3058 -0.9488
vn 0.0078 -0.8781 0.4783
vn 0.0709 -0.7247 -0.6854
vn -0.0784 -0.9724 0.2196
vn 0.0471 0.3763 0.9253
vn 0.0627 0.9950 0.0783
vn 0.0862 0.9955 -0.0392
vn 0.1177 0.5178 -0.8474
vn -0.3300 0.0471 0.9428
vn 0.0078 0.2352 0.9719
vn 0.0782 -0.9068 0.4143
vn 0.0079 -0.8782 0.4783
vn -0.2677 0.5667 0.7792
vn 0.0471 -0.3534 0.9343
vn 0.0471 0.7444 0.6661
vn -0.0157 0.9994 -0.0315
vn -0.0078 0.2203 -0.9754
vn -0.4173 0.0787 0.9053
vn -0.7699 -0.6364 0.0471
vn 0.1652 -0.9831 0.0786
vn -0.4876 -0.1180 -0.8651
vn -0.8953 0.4398 -0.0706
vn -0.5589 0.8109 0.1732
vn 0.4569 -0.6853 -0.5671
vn 0.0079 -0.7149 -0.6992
vn -0.0789 -0.9703 0.2288
vn -0.7554 -0.2675 -0.5981
vn 0.0865 -0.7389 -0.6683
vn -0.6156 -0.7813 -0.1026
vn -0.1414 -0.6678 0.7308
vn -0.6451 0.0393 -0.7631
vn 0.3691 -0.8011 -0.4712
vn -0.1813 -0.4493 0.8748
vn 0.0865 -0.7390 -0.6681
vn 0.4082 -0.7772 -0.4789
vn -0.3373 -0.3765 0.8628
vn -0.8582 0.0394 0.5118
vn -0.4253 0.4726 0.7718
vn 0.2586 -0.6427 0.7212
vn -0.1414 -0.6679 0.7307
vn -0.8953 0.4398 -0.0707
vn 0.1651 0.1494 0.9749
vn -0.9869 -0.1488 0.0626
vn -0.5800 0.7994 -0.1568
vn -0.2037 0.1724 -0.9637
vn 0.0865 -0.7390 -0.6682
vn -0.7699 -0.6364 0.0472
vn -0.0549 -0.9948 0.0862
vn -0.0547 -0.9948 0.0862
vn -0.2757 0.0237 0.9610
vn 0.2130 -0.4495 0.8675
vn -0.7297 0.5807 0.3609
vn -0.1812 -0.4492 0.8748
vn -0.9660 -0.0863 0.2435
vn -0.1335 0.3063 -0.9425
vn -0.0861 0.7200 0.6887
vn -0.3373 -0.3766 0.8628
vn 0.2586 -0.6427 0.7211
vn -0.0548 -0.9948 0.0862
vn -0.3259 -0.5828 -0.7444
vn -0.0314 0.9951 -0.0940
vn 0.4569 -0.6853 -0.5672
vn 0.2129 -0.4495 0.8675
vn -0.1021 0.6754 -0.7303
vn -0.0945 0.5986 -0.7955
vn 1.0000 -0.0001 -0.0000
vn 0.6829 -0.7301 -0.0236
vn 0.5120 -0.6381 -0.5751
vn 0.5576 0.4476 0.6990
vn 0.4649 -0.4333 0.7721
vn 0.5095 -0.8231 0.2508
vn -0.5127 0.8046 0.2997
vn -0.6048 0.2042 0.7698
vn 0.5577 0.4477 0.6990
vn 0.6830 -0.7300 -0.0236
vn -0.6149 -0.7883 0.0237
vn 0.5121 -0.6381 -0.5750
vn -0.7676 -0.5247 -0.3681
vn -0.5581 -0.0865 -0.8253
vn 0.5407 0.7601 -0.3605
vn 0.5324 0.8456 -0.0391
vn 0.7068 0.6519 0.2749
vn -0.5127 0.8045 0.2998
vn -1.0000 -0.0000 -0.0000
vn -0.5961 0.7766 -0.2039
vn -0.6058 0.5665 -0.5586
vn 0.7166 -0.0788 -0.6930
vn 0.5350 0.4484 -0.7160
vn -0.6060 -0.7162 0.3463
vn -0.7625 -0.2987 0.5739
vn -0.5581 -0.0864 -0.8253
vn -0.7675 -0.5248 -0.3682
vn -0.2280 -0.5033 -0.8335
vn -0.1886 -0.0000 -0.9821
vn -0.7626 -0.2987 0.5739
vn 0.7068 0.6518 0.2748
vn 0.5324 0.8456 -0.0392
vn -0.5962 0.7765 -0.2039
vn 0.5407 0.7601 -0.3604
vn 0.5350 0.4485 -0.7160
vn -0.0234 0.8146 0.5796
vn 0.1021 0.9823 0.1572
vn 0.0472 0.9984 -0.0314
vn 0.0392 0.9256 -0.3765
vn 0.7297 0.5807 0.3609
vn 0.1813 -0.4492 0.8748
vn 0.9660 -0.0863 0.2435
vn -0.2129 -0.4495 0.8675
vn -0.3691 -0.8011 -0.4712
vn 0.1812 -0.4492 0.8748
vn -0.4082 -0.7772 -0.4789
vn -0.0865 -0.7390 -0.6681
vn 0.0789 -0.9703 0.2288
vn 0.8582 0.0394 0.5118
vn 0.3373 -0.3765 0.8629
vn 0.1415 -0.6679 0.7307
vn -0.2587 -0.6427 0.7212
vn 0.4253 0.4726 0.7718
vn 0.3373 -0.3765 0.8628
vn 0.8953 0.4398 -0.0707
vn 0.4173 0.0787 0.9053
vn 0.7699 -0.6364 0.0471
vn -0.0865 -0.7390 -0.6682
vn 0.2037 0.1724 -0.9637
vn 0.7554 -0.2675 -0.5981
vn 0.5800 0.7994 -0.1568
vn 0.9869 -0.1488 0.0627
vn 0.7699 -0.6364 0.0472
vn 0.4876 -0.1180 -0.8651
vn 0.8953 0.4398 -0.0706
vn 0.5589 0.8109 0.1732
vn 0.0548 -0.9948 0.0862
vn -0.2130 -0.4495 0.8675
vn 0.2757 0.0237 0.9610
vn 0.0548 -0.9948 0.0861
vn 0.6451 0.0393 -0.7631
vn 0.1335 0.3063 -0.9425
vn -0.4569 -0.6853 -0.5671
vn -0.0788 0.3388 -0.9376
vn -0.0079 -0.7149 -0.6992
vn 0.2823 -0.1411 0.9489
vn -0.0865 -0.7389 -0.6682
vn 0.6156 -0.7813 -0.1026
vn 0.1414 -0.6678 0.7308
vn -0.2587 -0.6427 0.7211
vn 0.3373 -0.3766 0.8628
vn 0.3223 -0.5818 -0.7468
vn 0.0314 0.9951 -0.0940
vn -0.4569 -0.6853 -0.5672
vn 0.1812 -0.4493 0.8748
vn -0.3691 -0.8011 -0.4713
vn 0.1021 0.6754 -0.7303
vn 0.6048 0.2042 0.7697
vn -0.5577 0.4477 0.6990
vn -0.4649 -0.4333 0.7721
vn 0.1886 -0.0000 -0.9821
vn 0.0945 0.5986 -0.7955
vn -0.5120 -0.6380 -0.5751
vn -0.6829 -0.7301 -0.0235
vn -1.0000 -0.0001 -0.0000
vn -0.5095 -0.8231 0.2508
vn -0.4649 -0.4334 0.7721
vn -0.5576 0.4476 0.6991
vn 0.5127 0.8046 0.2997
vn 0.6149 -0.7883 0.0236
vn -0.6830 -0.7301 -0.0235
vn 0.7676 -0.5247 -0.3681
vn -0.5121 -0.6381 -0.5750
vn 0.5581 -0.0864 -0.8253
vn -0.7068 0.6519 0.2749
vn -0.5324 0.8456 -0.0392
vn -0.5407 0.7601 -0.3605
vn 0.6058 0.5665 -0.5586
vn 0.5961 0.7765 -0.2040
vn 1.0000 -0.0000 -0.0000
vn 0.5127 0.8045 0.2997
vn 0.6048 0.2042 0.7698
vn -0.5350 0.4485 -0.7160
vn -0.7166 -0.0788 -0.6930
vn 0.7625 -0.2987 0.5739
vn 0.6060 -0.7162 0.3463
vn 0.6149 -0.7883 0.0237
vn 0.7675 -0.5248 -0.3681
vn 0.5581 -0.0865 -0.8253
vn 0.2280 -0.5033 -0.8335
vn -0.6830 -0.7300 -0.0235
vn 0.7626 -0.2987 0.5738
vn -0.7166 -0.0787 -0.6930
vn -0.5350 0.4485 -0.7159
vn -0.5407 0.7601 -0.3604
vn 0.5962 0.7765 -0.2039
vn -0.7068 0.6518 0.2749
vn -0.0391 0.9256 -0.3765
vn -0.0472 0.9984 -0.0314
vn -0.1021 0.9823 0.1572
vt 0.380035 0.141846
vt 0.362732 0.103271
vt 0.278748 0.111542
vt 0.497375 0.183929
vt 0.603638 0.247894
vt 0.603638 0.128876
vt 0.392609 0.419556
vt 0.474609 0.330383
vt 0.473633 0.420502
vt 0.009979 0.128876
vt 0.035126 0.009979
vt 0.009979 0.009979
vt 0.443359 0.131866
vt 0.418182 0.176941
vt 0.220276 0.113251
vt 0.167908 0.113251
vt 0.167908 0.175751
vt 0.113251 0.113251
vt 0.367218 0.301025
vt 0.426666 0.330383
vt 0.356720 0.330383
vt 0.167908 0.249756
vt 0.121094 0.231628
vt 0.115265 0.268188
vt 0.095673 0.196655
vt 0.043182 0.215057
vt 0.444763 0.009979
vt 0.496979 0.009979
vt 0.464020 0.274567
vt 0.792084 0.725677
vt 0.684875 0.725677
vt 0.684875 0.771790
vt 0.580170 0.725677
vt 0.580170 0.771790
vt 0.471222 0.725677
vt 0.471222 0.771790
vt 0.367859 0.725677
vt 0.367859 0.771790
vt 0.792084 0.771790
vt 0.895020 0.771790
vt 0.895020 0.725677
vt 0.989990 0.771790
vt 0.989990 0.725677
vt 0.324768 0.388245
vt 0.281128 0.330383
vt 0.221375 0.175751
vt 0.250427 0.175720
vt 0.288116 0.175720
vt 0.009979 0.330383
vt 0.101562 0.330383
vt 0.101501 0.388245
vt 0.187531 0.330383
vt 0.187164 0.388245
vt 0.229828 0.330383
vt 0.281067 0.388245
vt 0.426849 0.301025
vt 0.474823 0.301025
vt 0.600891 0.330383
vt 0.409271 0.277313
vt 0.464020 0.192322
vt 0.496979 0.131866
vt 0.542908 0.009979
vt 0.603638 0.009979
vt 0.113251 0.175751
vt 0.167908 0.231628
vt 0.221375 0.231628
vt 0.268127 0.216583
vt 0.348328 0.267700
vt 0.287964 0.262787
vt 0.221619 0.264191
vt 0.009979 0.247894
vt 0.941376 0.535126
vt 0.832001 0.527344
vt 0.871094 0.430542
vt 0.167938 0.604553
vt 0.231903 0.711060
vt 0.165131 0.711060
vt 0.082794 0.573853
vt 0.082977 0.604004
vt 0.009979 0.571625
vt 0.009979 0.605499
vt 0.600891 0.571625
vt 0.600891 0.604553
vt 0.488617 0.604156
vt 0.600891 0.711060
vt 0.082855 0.711060
vt 0.155670 0.578674
vt 0.299133 0.578583
vt 0.941376 0.426392
vt 0.618011 0.027344
vt 0.618011 0.097626
vt 0.691376 0.058594
vt 0.618011 0.207001
vt 0.651398 0.207001
vt 0.917969 0.175751
vt 0.894501 0.042969
vt 0.878876 0.207001
vt 0.758423 0.212494
vt 0.933594 0.175751
vt 0.964844 0.167969
vt 0.972626 0.042969
vt 0.989990 0.167969
vt 0.808594 0.636719
vt 0.941376 0.636719
vt 0.816376 0.660126
vt 0.707001 0.214844
vt 0.767944 0.052704
vt 0.500671 0.711060
vt 0.441437 0.711060
vt 0.396759 0.604950
vt 0.389252 0.711060
vt 0.299133 0.605499
vt 0.301544 0.711060
vt 0.009979 0.711060
vt 0.396759 0.569611
vt 0.481842 0.562622
vt 0.600891 0.543579
vt 0.474823 0.533875
vt 0.600891 0.511719
vt 0.392303 0.524750
vt 0.284790 0.490784
vt 0.269531 0.532135
vt 0.136566 0.490784
vt 0.156006 0.532135
vt 0.291901 0.550995
vt 0.159180 0.550995
vt 0.600891 0.472626
vt 0.600891 0.388245
vt 0.009979 0.472626
vt 0.009979 0.511719
vt 0.009979 0.543579
vt 0.009979 0.388245
vt 0.964844 0.261719
vt 0.989990 0.285126
vt 0.707001 0.636719
vt 0.683594 0.617218
vt 0.781097 0.613373
vt 0.618011 0.261719
vt 0.778290 0.418884
vt 0.730469 0.386719
vt 0.730469 0.410126
vt 0.777344 0.605560
vt 0.753876 0.607544
vt 0.644501 0.355469
vt 0.644501 0.371094
vt 0.675751 0.371094
vt 0.617249 0.531128
vt 0.617065 0.480560
vt 0.675751 0.480560
vt 0.888672 0.415344
vt 0.888672 0.399719
vt 0.917969 0.363251
vt 0.878876 0.308594
vt 0.917969 0.292969
vt 0.917969 0.214844
vt 0.933594 0.285126
vt 0.778381 0.396210
vt 0.775085 0.300751
vt 0.730469 0.300751
vt 0.707001 0.371094
vt 0.683594 0.660126
vt 0.707001 0.261719
vt 0.707001 0.277344
vt 0.699219 0.261719
vt 0.675751 0.261719
vt 0.699219 0.355469
vt 0.675751 0.355469
vt 0.644501 0.261719
vt 0.618011 0.355469
vt 0.621094 0.607544
vt 0.675751 0.607544
vt 0.761719 0.478577
vt 0.785126 0.429626
vt 0.714844 0.429626
vt 0.714844 0.464844
vt 0.660126 0.429626
vt 0.660126 0.464844
vt 0.220276 0.009979
vt 0.089844 0.792969
vt 0.066376 0.851837
vt 0.009979 0.851959
vt 0.175751 0.800751
vt 0.175751 0.851837
vt 0.113251 0.851837
vt 0.494324 0.989990
vt 0.583893 0.989990
vt 0.581482 0.869019
vt 0.665009 0.869019
vt 0.009979 0.869019
vt 0.009979 0.989990
vt 0.113251 0.869019
vt 0.113251 0.989990
vt 0.199219 0.989990
vt 0.058594 0.725769
vt 0.113251 0.725769
vt 0.175751 0.725769
vt 0.352325 0.725769
vt 0.300751 0.725769
vt 0.269501 0.800751
vt 0.238251 0.725769
vt 0.183594 0.725769
vt 0.009979 0.769501
vt 0.009979 0.725769
vt 0.269501 0.851837
vt 0.352325 0.851837
vt 0.352325 0.800751
vt 0.183594 0.800751
vt 0.183594 0.851837
vt 0.113251 0.009979
vt 0.167908 0.009979
vt 0.665009 0.989990
vt 0.770782 0.989990
vt 0.770782 0.869019
vt 0.882843 0.989990
vt 0.882843 0.869019
vt 0.506439 0.869019
vt 0.441528 0.869019
vt 0.383209 0.989990
vt 0.371094 0.869019
vt 0.285126 0.989990
vt 0.285126 0.869019
vt 0.199219 0.869019
vt 0.369080 0.009979
vt 0.324158 0.009979
vt 0.277283 0.009979
s 1
usemtl m_body31
f 1/1/1 2/2/2 3/3/3
f 4/4/4 5/5/5 6/6/6
f 7/7/7 8/8/8 9/9/9
f 10/10/6 11/11/10 12/12/11
f 13/13/12 14/1/1 15/14/13
f 16/15/14 17/16/15 18/17/16
f 18/17/16 17/16/15 19/18/17
f 20/19/18 21/20/19 22/21/20
f 23/22/21 24/23/22 25/24/23
f 25/24/23 24/23/22 26/25/24
f 25/24/23 26/25/24 27/26/25
f 28/2/26 29/1/27 30/27/28
f 30/27/28 29/1/27 13/13/12
f 30/27/28 13/13/12 31/28/29
f 32/5/5 33/4/30 34/29/31
f 35/30/32 36/31/33 37/32/33
f 37/32/33 36/31/33 38/33/34
f 37/32/33 38/33/34 39/34/35
f 39/34/35 38/33/34 40/35/36
f 39/34/35 40/35/36 41/36/37
f 41/36/37 40/35/36 42/37/38
f 41/36/37 42/37/38 43/38/39
f 37/32/33 44/39/40 35/30/32
f 35/30/32 44/39/40 45/40/41
f 35/30/32 45/40/41 46/41/42
f 46/41/42 45/40/41 47/42/39
f 46/41/42 47/42/39 48/43/38
f 49/8/43 50/7/44 51/20/19
f 51/20/19 50/7/44 52/44/45
f 51/20/19 52/44/45 22/21/20
f 22/21/20 52/44/45 53/45/46
f 22/21/20 53/45/46 20/19/18
f 54/17/16 55/46/47 56/15/48
f 56/15/48 55/46/47 57/47/49
f 56/15/48 57/47/49 58/3/50
f 58/3/50 57/47/49 59/48/51
f 58/3/50 59/48/51 14/1/1
f 60/49/5 61/50/52 62/51/53
f 62/51/53 61/50/52 63/52/54
f 62/51/53 63/52/54 64/53/55
f 64/53/55 63/52/54 65/54/56
f 64/53/55 65/54/56 66/55/57
f 66/55/57 65/54/56 67/45/46
f 20/19/18 68/56/58 21/20/19
f 21/20/19 68/56/58 69/57/23
f 21/20/19 69/57/23 70/8/59
f 70/8/59 69/57/23 71/58/5
f 70/8/59 71/58/5 72/9/60
f 73/59/61 74/29/31 75/60/62
f 75/60/62 74/29/31 76/4/30
f 75/60/62 76/4/30 77/61/63
f 77/61/63 76/4/30 6/6/64
f 77/61/63 6/6/64 78/62/65
f 78/62/65 6/6/64 79/63/66
f 80/11/10 81/10/67 82/18/68
f 82/18/68 81/10/67 83/64/69
f 82/18/68 83/64/69 84/17/70
f 84/17/70 83/64/69 85/65/71
f 84/17/70 85/65/71 86/46/47
f 86/46/47 85/65/71 87/66/72
f 86/46/47 87/66/72 88/47/49
f 88/47/49 87/66/72 89/67/73
f 88/47/49 89/67/73 59/48/51
f 90/62/74 31/28/29 91/61/75
f 91/61/75 31/28/29 13/13/12
f 91/61/75 13/13/12 92/60/76
f 92/60/76 13/13/12 15/14/13
f 92/60/76 15/14/13 93/59/77
f 93/59/77 15/14/13 14/1/1
f 93/59/77 14/1/1 94/68/56
f 94/68/56 14/1/1 59/48/51
f 94/68/56 59/48/51 95/69/46
f 95/69/46 59/48/51 89/67/73
f 95/69/46 89/67/73 96/70/78
f 96/70/78 89/67/73 87/66/72
f 96/70/78 87/66/72 23/22/21
f 23/22/21 87/66/72 85/65/71
f 23/22/21 85/65/71 24/23/22
f 24/23/22 85/65/71 83/64/69
f 24/23/22 83/64/69 26/25/24
f 26/25/24 83/64/69 97/10/79
f 26/25/24 97/10/79 27/26/25
f 27/26/25 97/10/79 98/71/5
f 27/26/25 98/71/5 25/24/23
f 99/72/80 100/73/81 101/74/82
f 102/75/83 103/76/84 104/77/85
f 105/78/86 106/79/87 107/80/88
f 107/80/88 106/79/87 108/81/89
f 109/82/90 110/83/91 111/84/92
f 111/84/92 110/83/91 112/85/93
f 113/77/85 114/86/94 115/75/95
f 116/87/96 117/88/97 118/75/95
f 119/74/98 120/89/99 121/72/100
f 122/90/101 123/91/82 124/92/102
f 124/92/102 123/91/82 125/93/103
f 124/92/102 125/93/103 126/94/104
f 127/95/105 128/96/106 129/97/107
f 129/97/107 128/96/106 130/98/108
f 131/95/109 132/99/110 133/96/111
f 133/96/111 132/99/110 134/100/112
f 133/96/111 134/100/112 135/101/113
f 135/101/113 134/100/112 136/102/114
f 137/73/81 121/72/115 138/103/116
f 138/103/116 121/72/115 139/104/117
f 138/103/116 139/104/117 140/105/118
f 141/94/119 142/106/120 143/92/121
f 143/92/121 142/106/120 144/98/108
f 143/92/121 144/98/108 145/107/122
f 145/107/122 144/98/108 146/96/111
f 147/85/93 148/108/123 149/84/92
f 149/84/92 148/108/123 150/109/124
f 149/84/92 150/109/124 151/110/125
f 151/110/125 150/109/124 152/111/126
f 151/110/125 152/111/126 153/112/127
f 153/112/127 152/111/126 154/113/128
f 153/112/127 154/113/128 155/76/129
f 156/114/130 157/81/89 158/86/131
f 158/86/131 157/81/89 159/79/87
f 158/86/131 159/79/87 160/75/95
f 160/75/95 159/79/87 161/78/86
f 160/75/95 161/78/86 162/87/132
f 155/76/129 115/75/133 163/112/134
f 163/112/134 115/75/133 164/88/97
f 163/112/134 164/88/97 165/110/125
f 165/110/125 164/88/97 166/115/135
f 165/110/125 166/115/135 167/84/136
f 167/84/136 166/115/135 168/116/137
f 167/84/136 168/116/137 169/82/88
f 170/116/137 171/117/138 172/82/139
f 171/117/138 173/118/140 174/119/141
f 175/44/142 176/120/143 177/121/144
f 177/121/144 176/120/143 178/122/145
f 177/121/144 178/122/145 179/123/146
f 180/124/147 181/125/148 182/126/149
f 183/127/150 184/9/60 185/128/151
f 185/128/151 184/9/60 186/58/5
f 187/129/152 180/124/147 188/130/153
f 188/130/153 180/124/147 182/126/149
f 188/130/153 182/126/149 189/131/154
f 190/80/88 189/131/154 191/78/86
f 191/78/86 189/131/154 182/126/149
f 191/78/86 182/126/149 192/87/132
f 192/87/132 182/126/149 181/125/148
f 192/87/132 181/125/148 193/88/97
f 193/88/97 181/125/148 194/115/155
f 195/45/46 175/44/142 196/55/156
f 196/55/156 175/44/142 177/121/144
f 196/55/156 177/121/144 197/53/55
f 197/53/55 177/121/144 179/123/146
f 197/53/55 179/123/146 198/51/157
f 175/44/142 199/7/158 176/120/143
f 176/120/143 199/7/158 184/9/60
f 176/120/143 184/9/60 173/118/140
f 173/118/140 184/9/60 183/127/150
f 173/118/140 183/127/150 174/119/141
f 171/117/138 170/116/137 173/118/140
f 173/118/140 170/116/137 194/115/155
f 173/118/140 194/115/155 176/120/143
f 176/120/143 194/115/155 181/125/148
f 176/120/143 181/125/148 178/122/145
f 178/122/145 181/125/148 180/124/147
f 178/122/145 180/124/147 179/123/146
f 179/123/146 180/124/147 187/129/152
f 179/123/146 187/129/152 198/51/157
f 198/51/157 187/129/152 200/132/159
f 198/51/157 200/132/159 201/49/5
f 202/6/6 203/62/160 204/63/161
f 205/31/162 206/32/162 207/34/163
f 208/54/164 209/55/165 210/45/166
f 211/43/167 212/42/168 213/41/169
f 213/41/169 212/42/168 214/40/170
f 213/41/169 214/40/170 215/39/171
f 216/62/172 217/6/6 218/61/173
f 206/32/162 205/31/162 215/39/171
f 215/39/171 205/31/162 219/30/174
f 215/39/171 219/30/174 213/41/169
f 220/15/175 221/17/176 222/16/177
f 222/16/177 221/17/176 223/18/178
f 224/20/179 225/8/180 226/57/181
f 226/57/181 225/8/180 227/58/5
f 228/3/182 229/2/183 230/1/184
f 230/1/184 229/2/183 231/27/185
f 217/6/6 232/4/186 218/61/173
f 218/61/173 232/4/186 233/60/187
f 218/61/173 233/60/187 234/13/188
f 234/13/188 233/60/187 235/14/189
f 236/26/190 237/25/191 238/24/181
f 238/24/181 237/25/191 239/23/192
f 238/24/181 239/23/192 240/22/193
f 241/38/168 242/37/167 243/36/194
f 243/36/194 242/37/167 244/35/195
f 243/36/194 244/35/195 207/34/163
f 207/34/163 244/35/195 245/33/196
f 207/34/163 245/33/196 205/31/162
f 246/21/197 247/44/45 248/20/179
f 248/20/179 247/44/45 249/7/198
f 248/20/179 249/7/198 225/8/180
f 225/8/180 249/7/198 250/9/199
f 225/8/180 250/9/199 227/58/5
f 251/1/200 252/48/201 253/3/202
f 253/3/202 252/48/201 254/47/203
f 253/3/202 254/47/203 255/15/204
f 255/15/204 254/47/203 256/46/47
f 255/15/204 256/46/47 257/17/205
f 258/55/206 259/54/207 260/53/208
f 260/53/208 259/54/207 261/52/209
f 260/53/208 261/52/209 262/51/210
f 262/51/210 261/52/209 263/50/211
f 262/51/210 263/50/211 264/49/5
f 226/57/181 265/56/212 224/20/179
f 224/20/179 265/56/212 266/19/213
f 224/20/179 266/19/213 267/21/214
f 267/21/214 266/19/213 210/45/166
f 267/21/214 210/45/166 268/44/45
f 269/48/201 270/67/215 271/47/203
f 271/47/203 270/67/215 272/66/216
f 271/47/203 272/66/216 256/46/47
f 256/46/47 272/66/216 273/65/217
f 256/46/47 273/65/217 257/17/205
f 257/17/205 273/65/217 274/64/218
f 257/17/205 274/64/218 275/18/219
f 275/18/219 274/64/218 276/10/6
f 275/18/219 276/10/6 277/11/220
f 277/11/220 276/10/6 278/12/221
f 238/24/181 279/71/5 236/26/190
f 236/26/190 279/71/5 280/10/79
f 236/26/190 280/10/79 237/25/191
f 237/25/191 280/10/79 281/64/218
f 237/25/191 281/64/218 239/23/192
f 239/23/192 281/64/218 282/65/217
f 239/23/192 282/65/217 240/22/193
f 240/22/193 282/65/217 283/66/222
f 240/22/193 283/66/222 284/70/223
f 284/70/223 283/66/222 285/67/224
f 284/70/223 285/67/224 286/69/225
f 286/69/225 285/67/224 287/48/201
f 286/69/225 287/48/201 288/68/207
f 288/68/207 287/48/201 289/1/226
f 288/68/207 289/1/226 290/59/227
f 217/6/6 291/5/5 232/4/186
f 232/4/186 291/5/5 292/29/211
f 232/4/186 292/29/211 233/60/187
f 233/60/187 292/29/211 290/59/227
f 233/60/187 290/59/227 235/14/189
f 235/14/189 290/59/227 289/1/226
f 235/14/189 289/1/226 234/13/188
f 234/13/188 289/1/226 293/27/185
f 234/13/188 293/27/185 218/61/173
f 218/61/173 293/27/185 294/28/228
f 218/61/173 294/28/228 216/62/172
f 295/79/229 296/80/230 297/81/231
f 298/91/232 299/92/233 300/93/234
f 301/96/235 302/97/236 303/107/237
f 304/100/238 305/101/239 306/102/240
f 307/80/230 308/79/241 309/78/242
f 310/82/243 311/84/244 312/83/245
f 312/83/245 311/84/244 313/85/246
f 314/75/247 315/86/248 316/77/249
f 317/75/250 318/88/251 319/87/252
f 320/72/253 321/89/254 322/74/255
f 323/92/256 324/91/232 325/90/257
f 326/97/258 327/96/235 328/95/259
f 329/101/260 330/100/238 331/96/235
f 331/96/235 330/100/238 332/99/261
f 331/96/235 332/99/261 333/95/262
f 334/105/263 335/104/239 336/103/264
f 336/103/264 335/104/239 337/72/253
f 336/103/264 337/72/253 338/73/265
f 338/73/265 337/72/253 339/74/255
f 340/76/266 341/113/267 342/112/127
f 342/112/127 341/113/267 343/111/268
f 342/112/127 343/111/268 344/110/269
f 344/110/269 343/111/268 345/109/270
f 344/110/269 345/109/270 346/84/244
f 346/84/244 345/109/270 347/108/271
f 346/84/244 347/108/271 348/85/246
f 349/87/252 350/78/272 351/75/250
f 351/75/250 350/78/272 352/79/241
f 351/75/250 352/79/241 315/86/273
f 315/86/273 352/79/241 297/81/274
f 315/86/273 297/81/274 353/114/275
f 354/82/276 355/116/277 356/84/278
f 356/84/278 355/116/277 357/115/279
f 356/84/278 357/115/279 358/110/269
f 358/110/269 357/115/279 359/88/251
f 358/110/269 359/88/251 360/112/134
f 360/112/134 359/88/251 314/75/247
f 360/112/134 314/75/247 361/76/280
f 361/76/280 314/75/247 316/77/249
f 362/97/281 363/98/282 364/107/237
f 364/107/237 363/98/282 365/106/283
f 364/107/237 365/106/283 366/92/284
f 366/92/284 365/106/283 367/94/285
f 366/92/284 367/94/285 368/93/234
f 369/9/199 370/128/286 371/58/5
f 372/125/287 373/88/288 374/115/289
f 375/119/290 376/118/291 377/117/292
f 378/123/293 379/122/294 380/121/295
f 380/121/295 379/122/294 381/120/296
f 380/121/295 381/120/296 382/44/142
f 383/126/297 372/125/287 384/124/298
f 370/128/286 369/9/199 385/127/299
f 386/131/292 383/126/297 387/130/300
f 387/130/300 383/126/297 384/124/298
f 387/130/300 384/124/298 388/129/299
f 373/88/288 372/125/287 389/87/301
f 389/87/301 372/125/287 383/126/297
f 389/87/301 383/126/297 390/78/272
f 390/78/272 383/126/297 386/131/292
f 390/78/272 386/131/292 391/80/276
f 392/51/302 378/123/293 393/53/303
f 393/53/303 378/123/293 380/121/295
f 393/53/303 380/121/295 394/55/304
f 394/55/304 380/121/295 382/44/142
f 394/55/304 382/44/142 395/45/225
f 375/119/290 385/127/299 376/118/291
f 376/118/291 385/127/299 369/9/199
f 376/118/291 369/9/199 381/120/296
f 381/120/296 369/9/199 396/7/305
f 381/120/296 396/7/305 382/44/142
f 397/49/5 398/132/286 392/51/302
f 392/51/302 398/132/286 388/129/299
f 392/51/302 388/129/299 378/123/293
f 378/123/293 388/129/299 384/124/298
f 378/123/293 384/124/298 379/122/294
f 379/122/294 384/124/298 372/125/287
f 379/122/294 372/125/287 381/120/296
f 381/120/296 372/125/287 374/115/289
f 381/120/296 374/115/289 376/118/291
f 376/118/291 374/115/289 399/116/277
f 376/118/291 399/116/277 377/117/292
f 377/117/292 399/116/277 400/82/230
f 401/133/306 402/134/307 403/102/308
f 404/135/309 405/136/310 406/137/311
f 407/138/312 408/94/104 409/93/313
f 410/139/314 411/140/315 412/141/316
f 413/73/317 414/142/109 415/143/318
f 416/144/319 417/145/320 418/146/321
f 419/147/314 420/148/322 421/149/323
f 410/139/314 422/150/324 423/151/325
f 423/151/325 424/152/324 425/153/326
f 425/153/326 424/152/324 426/154/327
f 425/153/326 426/154/327 427/155/328
f 402/134/307 401/133/306 428/156/329
f 403/102/308 429/100/330 401/133/306
f 401/133/306 429/100/330 430/99/110
f 401/133/306 430/99/110 428/156/329
f 431/157/331 432/158/332 411/140/315
f 411/140/315 432/158/332 433/159/333
f 411/140/315 433/159/333 434/160/334
f 405/136/310 404/135/309 435/161/335
f 436/106/120 437/162/336 438/163/323
f 437/162/337 439/106/338 440/164/339
f 440/164/339 439/106/338 441/165/340
f 440/164/339 441/165/340 442/166/341
f 442/166/341 441/165/340 443/167/342
f 408/94/104 407/138/312 444/168/343
f 444/168/343 407/138/312 445/169/320
f 444/168/343 445/169/320 416/144/319
f 411/140/315 410/139/314 431/157/331
f 431/157/331 410/139/314 423/151/325
f 431/157/331 423/151/325 432/158/332
f 432/158/332 423/151/325 425/153/326
f 432/158/332 425/153/326 446/97/344
f 446/97/344 425/153/326 427/155/328
f 446/97/344 427/155/328 447/95/109
f 448/170/345 419/147/314 449/171/346
f 449/171/346 419/147/314 421/149/323
f 449/171/346 421/149/323 415/143/318
f 415/143/318 421/149/323 450/172/347
f 415/143/318 450/172/347 413/73/317
f 414/142/109 413/73/317 406/137/311
f 406/137/311 413/73/317 451/103/348
f 406/137/311 451/103/348 404/135/309
f 404/135/309 451/103/348 452/105/118
f 404/135/309 452/105/118 435/161/335
f 446/97/344 453/98/349 432/158/332
f 432/158/332 453/98/349 436/106/120
f 432/158/332 436/106/120 433/159/333
f 433/159/333 436/106/120 438/163/323
f 433/159/333 438/163/323 434/160/334
f 454/74/82 413/73/317 455/173/103
f 455/173/103 413/73/317 450/172/347
f 455/173/103 450/172/347 456/174/350
f 456/174/350 450/172/347 457/175/351
f 456/174/350 457/175/351 458/176/320
f 458/176/320 457/175/351 459/177/321
f 418/146/321 443/167/342 416/144/319
f 416/144/319 443/167/342 441/165/340
f 416/144/319 441/165/340 444/168/343
f 444/168/343 441/165/340 436/106/352
f 444/168/343 436/106/352 408/94/104
f 460/15/48 461/178/353 462/16/15
f 463/179/354 464/180/355 465/181/356
f 466/182/357 467/183/358 463/179/354
f 463/179/354 467/183/358 468/184/359
f 463/179/354 468/184/359 464/180/355
f 469/185/360 470/186/361 471/187/362
f 471/187/362 470/186/361 472/188/358
f 473/189/363 474/190/364 475/191/365
f 475/191/365 474/190/364 476/192/366
f 475/191/365 476/192/366 477/193/367
f 478/194/368 479/195/369 463/179/354
f 463/179/354 479/195/369 480/196/370
f 463/179/354 480/196/370 466/182/357
f 481/197/361 482/198/371 483/199/372
f 483/199/372 482/198/371 484/200/373
f 483/199/372 484/200/373 485/201/374
f 465/181/356 486/202/375 463/179/354
f 463/179/354 486/202/375 487/203/376
f 463/179/354 487/203/376 478/194/368
f 488/204/364 489/205/377 483/199/372
f 483/199/372 489/205/377 490/206/378
f 483/199/372 490/206/378 481/197/361
f 485/201/374 491/207/379 483/199/372
f 483/199/372 491/207/379 492/208/380
f 483/199/372 492/208/380 488/204/364
f 461/178/353 460/15/48 493/3/3
f 494/11/10 495/18/17 496/209/381
f 496/209/381 495/18/17 462/16/15
f 496/209/381 462/16/15 497/210/382
f 497/210/382 462/16/15 461/178/353
f 470/186/361 498/211/383 472/188/358
f 472/188/358 498/211/383 499/212/377
f 472/188/358 499/212/377 500/213/359
f 500/213/359 499/212/377 501/214/364
f 500/213/359 501/214/364 502/215/363
f 471/187/362 503/216/384 469/185/360
f 469/185/360 503/216/384 504/217/385
f 469/185/360 504/217/385 505/218/386
f 505/218/386 504/217/385 506/219/387
f 505/218/386 506/219/387 507/220/374
f 507/220/374 506/219/387 508/221/388
f 507/220/374 508/221/388 477/193/367
f 477/193/367 508/221/388 509/222/375
f 477/193/367 509/222/375 475/191/365
f 510/27/389 511/223/390 512/2/26
f 512/2/26 511/223/390 513/224/391
f 512/2/26 513/224/391 493/3/3
f 493/3/3 513/224/391 514/225/392
f 493/3/3 514/225/392 461/178/353
f 515/165/393 516/166/394 517/167/395
f 518/175/396 519/176/397 520/177/398
f 521/149/399 522/148/400 523/147/401
f 524/151/402 525/150/403 526/139/401
f 527/155/404 528/154/405 529/153/406
f 529/153/406 528/154/405 530/152/407
f 529/153/406 530/152/407 524/151/402
f 531/156/408 532/133/409 533/134/410
f 533/134/410 532/133/409 534/102/240
f 531/156/408 535/99/261 532/133/409
f 532/133/409 535/99/261 536/100/238
f 532/133/409 536/100/238 534/102/240
f 537/160/411 538/159/412 539/140/413
f 539/140/413 538/159/412 540/158/414
f 539/140/413 540/158/414 541/157/415
f 542/161/416 543/135/417 544/136/418
f 544/136/418 543/135/417 545/137/419
f 546/163/399 547/162/420 548/106/283
f 516/166/394 515/165/393 549/164/421
f 549/164/421 515/165/393 550/106/422
f 549/164/421 550/106/422 547/162/423
f 551/144/424 552/169/397 553/168/425
f 553/168/425 552/169/397 554/138/426
f 553/168/425 554/138/426 555/94/427
f 555/94/427 554/138/426 556/93/428
f 557/95/429 527/155/404 558/97/236
f 558/97/236 527/155/404 529/153/406
f 558/97/236 529/153/406 540/158/414
f 540/158/414 529/153/406 524/151/402
f 540/158/414 524/151/402 541/157/415
f 541/157/415 524/151/402 526/139/401
f 541/157/415 526/139/401 539/140/413
f 539/140/413 526/139/401 559/141/430
f 560/73/431 561/172/420 562/143/432
f 562/143/432 561/172/420 521/149/399
f 562/143/432 521/149/399 563/171/433
f 563/171/433 521/149/399 523/147/401
f 563/171/433 523/147/401 564/170/434
f 542/161/416 565/105/263 543/135/417
f 543/135/417 565/105/263 566/103/435
f 543/135/417 566/103/435 545/137/419
f 545/137/419 566/103/435 560/73/431
f 545/137/419 560/73/431 567/142/262
f 567/142/262 560/73/431 562/143/432
f 537/160/411 546/163/399 538/159/412
f 538/159/412 546/163/399 548/106/283
f 538/159/412 548/106/283 540/158/414
f 540/158/414 548/106/283 568/98/436
f 540/158/414 568/98/436 558/97/236
f 519/176/397 518/175/396 569/174/437
f 569/174/437 518/175/396 561/172/420
f 569/174/437 561/172/420 570/173/428
f 570/173/428 561/172/420 560/73/431
f 570/173/428 560/73/431 571/74/255
f 572/146/438 573/145/439 517/167/395
f 517/167/395 573/145/439 551/144/424
f 517/167/395 551/144/424 515/165/393
f 515/165/393 551/144/424 553/168/425
f 515/165/393 553/168/425 548/106/440
f 548/106/440 553/168/425 555/94/427
f 574/186/441 575/187/442 576/188/443
f 577/16/177 578/210/444 579/178/445
f 580/181/446 581/180/447 582/179/448
f 581/180/447 583/184/449 582/179/448
f 582/179/448 583/184/449 584/183/450
f 582/179/448 584/183/450 585/182/451
f 575/187/442 574/186/441 586/185/452
f 587/190/453 588/189/454 589/192/455
f 589/192/455 588/189/454 590/191/456
f 589/192/455 590/191/456 591/193/457
f 585/182/451 592/196/458 582/179/448
f 582/179/448 592/196/458 593/195/459
f 582/179/448 593/195/459 594/194/460
f 595/201/461 596/200/462 597/199/463
f 597/199/463 596/200/462 598/198/464
f 597/199/463 598/198/464 599/197/465
f 594/194/460 600/203/466 582/179/448
f 582/179/448 600/203/466 601/202/467
f 582/179/448 601/202/467 580/181/446
f 599/197/465 602/206/468 597/199/463
f 597/199/463 602/206/468 603/205/469
f 597/199/463 603/205/469 604/204/470
f 604/204/470 605/208/471 597/199/463
f 597/199/463 605/208/471 606/207/472
f 597/199/463 606/207/472 595/201/461
f 607/3/182 608/15/204 579/178/445
f 579/178/445 608/15/204 577/16/177
f 578/210/444 577/16/177 609/209/473
f 609/209/473 577/16/177 610/18/178
f 609/209/473 610/18/178 611/11/220
f 612/215/474 613/214/470 614/213/449
f 614/213/449 613/214/470 615/212/469
f 614/213/449 615/212/469 576/188/443
f 576/188/443 615/212/469 616/211/475
f 576/188/443 616/211/475 574/186/441
f 590/191/456 617/222/476 591/193/457
f 591/193/457 617/222/476 618/221/477
f 591/193/457 618/221/477 619/220/461
f 619/220/461 618/221/477 620/219/478
f 619/220/461 620/219/478 621/218/479
f 621/218/479 620/219/478 622/217/459
f 621/218/479 622/217/459 586/185/452
f 586/185/452 622/217/459 623/216/480
f 586/185/452 623/216/480 575/187/442
f 579/178/445 624/225/481 607/3/182
f 607/3/182 624/225/481 625/224/482
f 607/3/182 625/224/482 626/2/183
f 626/2/183 625/224/482 627/223/483
f 626/2/183 627/223/483 628/27/185
o editpl_m-0000-97
v 13.350909 39.355499 2.361214
v 8.712768 37.495045 4.610348
v 11.188972 35.091560 6.202675
v 8.712768 37.495045 4.610348
v 13.350909 39.355499 2.361214
v 9.677241 38.565048 3.145048
v 14.141993 40.695412 -1.609516
v 3.202267 39.050243 1.633421
v -7.041195 38.263004 -13.110734
v 0.000000 35.191170 -14.845779
v -6.756730 35.943062 -14.006652
v 7.325661 31.219629 9.614484
v 0.896743 37.061260 5.897809
v 2.874455 29.696566 11.714921
v 7.041195 38.263004 -13.110734
v 0.000000 39.625408 -12.595152
v 0.000000 44.811546 -9.558449
v 0.896743 37.061260 5.897809
v 7.325661 31.219629 9.614484
v 1.487348 37.093395 5.800670
v 8.021924 41.800758 -2.172920
v 6.079432 44.075718 -8.536250
v 5.245000 44.981846 -8.168619
v 0.000000 44.631603 -10.505177
v 0.000000 45.505600 -10.035176
v -6.079432 44.075718 -8.536250
v -5.245000 44.981846 -8.168619
v -8.021924 41.800758 -2.172920
v -6.905736 42.401630 -2.219995
v -6.258238 39.374779 2.305920
v -5.245000 40.287334 2.187859
v -1.048458 37.138378 6.612899
v 11.002037 37.051620 -12.047439
v 6.756730 35.943062 -14.006652
v 7.041195 38.263004 -13.110734
v 0.000000 35.191170 -14.845779
v 0.000000 39.625408 -12.595152
v -7.041195 38.263004 -13.110734
v 0.000000 44.811546 -9.558449
v -5.009300 44.194607 -7.939968
v -4.410568 46.935482 -6.698088
v -6.401826 42.093163 -2.379900
v -5.897916 44.477371 -1.457830
v -3.202267 39.050243 1.633421
v -2.885292 41.983913 1.874026
v -1.156826 37.899914 3.840710
v 0.000000 38.015587 3.266098
v 0.000000 37.642853 4.117929
v 1.156826 37.899914 3.840710
v 0.896743 37.061260 5.897809
v 9.677241 38.565048 3.145048
v 8.712768 37.495045 4.610348
v 7.325661 31.219629 9.614484
v 11.188972 35.091560 6.202675
v 5.009300 44.194607 -7.939968
v 10.628168 41.832890 -5.651232
v 11.752484 39.262318 -9.873028
v 1.156826 37.899914 3.840710
v 9.677241 38.565048 3.145048
v 3.202267 39.050243 1.633421
v 0.000000 38.015587 3.266098
v 1.156826 37.899914 3.840710
v 2.885292 41.983913 1.874026
v 6.401826 42.093163 -2.379900
v 14.141993 40.695412 -1.609516
v 10.628168 41.832890 -5.651232
v 14.505025 40.846432 -6.358850
v 13.375291 38.632526 -9.577876
v 11.002037 37.051620 -12.047439
v 5.245000 44.981846 -8.168619
v 6.905736 42.401630 -2.219995
v 8.021924 41.800758 -2.172920
v 5.285638 40.287334 2.187859
v 6.304295 39.374779 2.423980
v 1.874762 35.926994 7.282408
v 0.000000 47.439957 -8.566140
v 4.410568 46.935482 -6.698088
v 5.009300 44.194607 -7.939968
v 5.897916 44.477371 -1.457830
v 10.628168 41.832890 -5.651232
v 5.009300 44.194607 -7.939968
v 6.401826 42.093163 -2.379900
v 5.897916 44.477371 -1.457830
v 2.885292 41.983913 1.874026
v -4.410568 46.935482 -6.698088
v 0.000000 47.439957 -8.566140
v 0.000000 44.811546 -9.558449
v 5.009300 44.194607 -7.939968
v 7.041195 38.263004 -13.110734
v 11.752484 39.262318 -9.873028
v 11.002037 37.051620 -12.047439
v 0.170679 36.434685 8.628901
v -1.048458 37.138378 6.612899
v -1.620098 35.926994 7.282408
v 0.170679 36.434685 8.628901
v 1.874762 35.926994 7.282408
v 1.276030 37.157658 6.627843
v -1.048458 37.138378 6.612899
v 0.170679 36.434685 8.628901
v 1.276030 37.157658 6.627843
v 1.874762 35.926994 7.282408
v 0.170679 36.434685 8.628901
v 1.574042 34.693119 8.229137
v 0.455145 34.969456 9.231159
v 0.658334 32.151463 10.269796
v -1.620098 35.926994 7.282408
v -1.349179 35.040146 8.339725
v 0.170679 36.434685 8.628901
v -0.344068 34.741318 8.826913
v 0.455145 34.969456 9.231159
v -0.083985 32.022934 10.078507
v 0.658334 32.151463 10.269796
v 5.285638 40.287334 2.187859
v 1.276030 37.157658 6.627843
v 1.874762 35.926994 7.282408
v -9.474052 20.365379 -11.158993
v -6.786531 20.824867 -12.991925
v -5.426516 13.383054 -9.556951
v -2.920511 13.781493 -10.493219
v -1.297704 5.600639 -8.930780
v 0.000000 5.600639 -8.043829
v 0.000000 0.038558 -8.170109
v 1.297704 5.600639 -8.930780
v 2.134845 0.038558 -8.805247
v 4.681487 5.600639 -8.037851
v 4.248016 0.038558 -8.220920
v 7.163109 5.652050 -7.072443
v 6.962629 0.038558 -6.937195
v 11.649535 5.073671 -5.241753
v 11.576386 0.038559 -5.909020
v 14.204305 4.694512 -1.228431
v 14.502316 0.038559 -1.479497
v 15.344875 -0.266697 4.414579
v 8.292843 19.648830 10.771929
v 10.053819 22.261177 10.912406
v 5.786839 23.077335 12.444209
v 13.619119 23.475775 9.299157
v 12.410818 25.024546 10.686746
v 10.053819 22.261177 10.912406
v 7.488213 24.224455 12.331378
v 5.786839 23.077335 12.444209
v 2.216121 24.253374 12.841730
v 12.137190 22.094090 9.612243
v 10.731118 19.950872 9.612243
v 13.960477 22.319016 6.484378
v 14.540245 19.912315 4.075340
v 18.904757 30.188187 6.919260
v 12.115516 34.542099 5.833549
v 9.831665 29.288486 10.340036
v 7.634509 31.258188 9.153449
v 9.831665 29.288486 10.340036
v 1.387107 29.545544 10.683010
v 1.416909 28.636204 11.289753
v 18.988743 24.105564 -7.460999
v 14.185340 19.484957 -9.806524
v 15.995082 25.827850 -10.499945
v 9.474052 20.365379 -11.158993
v 10.644424 27.518002 -12.749825
v 6.786531 20.824867 -12.991925
v 7.125181 28.446621 -14.109767
v 17.997175 17.843002 -5.831310
v 17.336132 17.904053 -0.940004
v 15.301528 10.169836 -1.310626
v 13.757288 10.095932 4.159028
v 14.361438 3.913700 4.415326
v 11.698300 8.338303 7.365353
v 10.573985 3.627725 8.278456
v -2.132136 21.586401 -13.804901
v 0.000000 21.586401 -12.877600
v 0.000000 13.781493 -9.476999
v 2.132136 21.586401 -13.804901
v 2.920511 13.781493 -10.493219
v 6.786531 20.824867 -12.991925
v 5.426516 13.383054 -9.556951
v 9.474052 20.365379 -11.158993
v 7.469248 12.762903 -8.109585
v 14.185340 19.484957 -9.806524
v 10.292228 11.863202 -7.755403
v 17.268402 25.998150 2.410531
v 19.194639 28.411278 5.341130
v 13.619119 23.475775 9.299157
v 12.410818 25.024546 10.686746
v 7.488213 24.224455 12.331378
v 1.416909 28.636204 11.289753
v 2.216121 24.253374 12.841730
v 8.292843 19.648830 10.771929
v 10.731118 19.950872 9.612243
v 10.053819 22.261177 10.912406
v 12.137190 22.094090 9.612243
v 13.619119 23.475775 9.299157
v 13.960477 22.319016 6.484378
v 17.268402 25.998150 2.410531
v 14.540245 19.912315 4.075340
v 17.336132 17.904053 -0.940004
v 14.304545 15.259574 3.753288
v 13.757288 10.095932 4.159028
v 11.405707 10.642181 8.418185
v 11.698300 8.338303 7.365353
v 9.536363 9.835663 8.777598
v 10.573985 3.627725 8.278456
v 7.493631 3.528115 10.128574
v 10.536056 -0.684415 8.634133
v 7.052032 -0.758319 10.107652
v -6.786531 20.824867 -12.991925
v -2.132136 21.586401 -13.804901
v -2.920511 13.781493 -10.493219
v 0.000000 13.781493 -9.476999
v 0.000000 5.600639 -8.043829
v 2.920511 13.781493 -10.493219
v 1.297704 5.600639 -8.930780
v 5.426516 13.383054 -9.556951
v 4.681487 5.600639 -8.037851
v 7.163109 5.652050 -7.072443
v 13.350909 10.378696 -5.004137
v 17.997175 17.843002 -5.831310
v 18.988743 24.105564 -7.460999
v 17.336132 17.904053 -0.940004
v 18.335827 25.451902 -1.612504
v 17.268402 25.998150 2.410531
v 11.272957 34.998375 -11.661126
v 11.568259 38.201954 -10.244396
v 15.881296 37.691051 -9.633917
v 13.350909 39.355499 2.361214
v 17.371353 40.807873 -1.732807
v 14.141993 40.695412 -1.609516
v 19.053762 37.829220 -9.004757
v 15.881296 37.691051 -9.633917
v 15.038737 39.705742 -6.340916
v 17.081469 34.342880 5.765552
v 12.115516 34.542099 5.833549
v 18.904757 30.188187 6.919260
v 7.084543 33.263237 -13.361053
v 2.064406 28.138151 -14.567813
v 1.760976 34.689907 -13.770530
v 25.401403 33.247169 4.076086
v 19.194639 28.411278 5.341130
v 7.043905 38.230873 -12.587680
v 1.760976 34.689907 -13.770530
v 0.000000 39.541866 -12.093019
v 16.466482 37.697479 -10.032186
v 14.505025 40.846432 -6.358850
v 17.869844 40.801449 -6.468691
v 14.141993 40.695412 -1.609516
v 17.371353 40.807873 -1.732807
v 17.268402 25.998150 2.410531
v 18.335827 25.451902 -1.612504
v 20.524855 29.339897 0.191286
v 19.847555 27.643318 -4.980227
v 11.272957 34.998375 -11.661126
v 17.257566 31.987591 -11.014033
v 11.272957 34.998375 -11.661126
v 7.043905 38.230873 -12.587680
v 7.084543 33.263237 -13.361053
v 1.760976 34.689907 -13.770530
v 18.904757 30.188187 6.919260
v 22.375235 33.934799 5.287330
v 17.081469 34.342880 5.765552
v 18.211203 39.949944 1.850862
v 25.344511 30.419538 -1.708148
v 26.669308 31.627708 2.524109
v 20.524855 29.339897 0.191286
v 16.390623 39.230183 2.678035
v 11.188972 35.091560 6.202675
v 14.003824 34.313961 7.890646
v 7.325661 31.219629 9.614484
v 9.251898 29.240288 11.348783
v 2.874455 29.696566 11.714921
v 3.513825 27.312359 13.869158
v 14.505025 40.846432 -6.358850
v 13.375291 38.632526 -9.577876
v 12.849708 34.471409 -12.959048
v 11.002037 37.051620 -12.047439
v 7.084543 33.086510 -14.899580
v 6.756730 35.943062 -14.006652
v 35.333309 33.709873 4.333877
v 35.333309 37.530392 4.333876
v 25.401403 33.247169 4.076086
v 27.893864 37.215496 3.548547
v 24.799963 36.733513 3.866863
v 27.771950 40.194149 1.070764
v 23.049824 40.807873 1.801546
v 35.333309 31.949032 0.626916
v 35.333309 33.709873 4.333877
v 26.669308 31.627708 2.524109
v 25.401403 33.247169 4.076086
v 19.194639 28.411278 5.341130
v 17.268402 25.998150 2.410531
v 15.881296 37.691051 -9.633917
v 19.053762 37.829220 -9.004757
v 17.257566 31.987591 -11.014033
v 21.557058 32.386028 -9.893950
v 19.579346 28.077103 -9.016712
v 25.566666 30.021099 -7.370585
v 25.344511 30.419538 -1.708148
v 12.115516 34.542099 5.833549
v 13.028514 38.475079 2.030942
v 18.211203 39.949944 1.850862
v 14.651322 40.158806 -1.684238
v 18.330406 41.106705 -1.782871
v 15.038737 39.705742 -6.340916
v 18.677183 40.660065 -6.116750
v 19.053762 37.829220 -9.004757
v 22.020330 37.948109 -8.375598
v 21.557058 32.386028 -9.893950
v 2.064406 28.138151 -14.567813
v 7.084543 33.263237 -13.361053
v 7.125181 28.446621 -14.109767
v 10.644424 27.518002 -12.749825
v 15.995082 25.827850 -10.499945
v 19.579346 28.077103 -9.016712
v 18.988743 24.105564 -7.460999
v 19.847555 27.643318 -4.980227
v 18.335827 25.451902 -1.612504
v 25.401403 33.247169 4.076086
v 24.799963 36.733513 3.866863
v 23.049824 40.807873 1.801546
v 18.330406 41.106705 -1.782871
v 22.881853 41.627247 -2.079518
v 18.677183 40.660065 -6.116750
v 23.141935 40.817513 -5.696812
v 24.358364 37.478981 -8.194023
v 27.360151 32.761974 -8.763405
v 25.566666 30.021099 -7.370585
v 35.333309 32.627022 -8.093896
v 35.333309 31.107168 -5.676636
v 15.301528 10.169836 -1.310626
v 13.350909 10.378696 -5.004137
v 17.997175 17.843002 -5.831310
v -5.786839 23.077335 12.444209
v -10.053819 22.261177 10.912406
v -8.292843 19.648830 10.771929
v -10.053819 22.261177 10.912406
v -10.731118 19.950872 9.612243
v -8.292843 19.648830 10.771929
v -18.904757 30.188187 6.919260
v -19.194639 28.411278 5.341130
v -13.619119 23.475775 9.299157
v -17.268402 25.998150 2.410531
v -18.988743 24.105564 -7.460999
v -17.336132 17.904053 -0.940004
v -18.335827 25.451902 -1.612504
v 0.000000 39.541866 -12.093019
v -1.760976 34.689907 -13.770530
v -7.043905 38.230873 -12.587680
v -7.634509 31.258188 9.153449
v -12.115516 34.542099 5.833549
v -9.831665 29.288486 10.340036
v -18.904757 30.188187 6.919260
v -12.410818 25.024546 10.686746
v -10.053819 22.261177 10.912406
v -5.786839 23.077335 12.444209
v -7.488213 24.224455 12.331378
v -2.216121 24.253374 12.841730
v -1.416909 28.636204 11.289753
v -12.137190 22.094090 9.612243
v -13.960477 22.319016 6.484378
v -10.731118 19.950872 9.612243
v -14.540245 19.912315 4.075340
v -17.257566 31.987591 -11.014033
v -15.881296 37.691051 -9.633917
v -11.272957 34.998375 -11.661126
v -11.568259 38.201954 -10.244396
v -7.043905 38.230873 -12.587680
v -1.387107 29.545544 10.683010
v -7.634509 31.258188 9.153449
v -1.416909 28.636204 11.289753
v -9.831665 29.288486 10.340036
v -7.488213 24.224455 12.331378
v -10.053819 22.261177 10.912406
v -1.760976 34.689907 -13.770530
v -2.064406 28.138151 -14.567813
v -7.125181 28.446621 -14.109767
v -11.272957 34.998375 -11.661126
v -10.644424 27.518002 -12.749825
v -17.257566 31.987591 -11.014033
v -15.995082 25.827850 -10.499945
v -19.579346 28.077103 -9.016712
v -18.988743 24.105564 -7.460999
v -19.847555 27.643318 -4.980227
v -18.335827 25.451902 -1.612504
v -10.731118 19.950872 9.612243
v -10.053819 22.261177 10.912406
v -12.137190 22.094090 9.612243
v -13.960477 22.319016 6.484378
v -14.540245 19.912315 4.075340
v -17.336132 17.904053 -0.940004
v -14.304545 15.259574 3.753288
v -13.757288 10.095932 4.159028
v -11.405707 10.642181 8.418185
v -11.698300 8.338303 7.365353
v -10.018600 9.835663 8.777598
v -13.350909 39.355499 2.361214
v -11.188972 35.091560 6.202675
v -8.712768 37.495045 4.610348
v -7.325661 31.219629 9.614484
v -11.002037 37.051620 -12.047439
v -13.375291 38.632526 -9.577876
v -11.752484 39.262318 -9.873028
v -14.505025 40.846432 -6.358850
v -10.628168 41.832890 -5.651232
v -14.141993 40.695412 -1.609516
v -14.141993 40.695412 -1.609516
v -13.350909 39.355499 2.361214
v -9.677241 38.565048 3.145048
v -0.896743 37.061260 5.897809
v -2.874455 29.696566 11.714921
v -6.756730 35.943062 -14.006652
v -11.002037 37.051620 -12.047439
v -7.041195 38.263004 -13.110734
v -11.752484 39.262318 -9.873028
v -5.009300 44.194607 -7.939968
v -10.628168 41.832890 -5.651232
v -6.401826 42.093163 -2.379900
v -14.141993 40.695412 -1.609516
v -3.202267 39.050243 1.633421
v -9.677241 38.565048 3.145048
v -1.156826 37.899914 3.840710
v -0.896743 37.061260 5.897809
v 0.000000 36.720661 5.397918
v -18.904757 30.188187 6.919260
v -25.401403 33.247169 4.076086
v -19.194639 28.411278 5.341130
v -7.325661 31.219629 9.614484
v -3.513825 27.312359 13.869158
v -2.874455 29.696566 11.714921
v -16.466482 37.697479 -10.032186
v -17.869844 40.801449 -6.468691
v -14.505025 40.846432 -6.358850
v -17.371353 40.807873 -1.732807
v -14.141993 40.695412 -1.609516
v -17.268402 25.998150 2.410531
v -20.524855 29.339897 0.191286
v -18.335827 25.451902 -1.612504
v -19.847555 27.643318 -4.980227
v -35.333309 31.107168 -5.676636
v -25.566666 30.021099 -7.370585
v -25.344511 30.419538 -1.708148
v -23.049824 40.807873 1.801546
v -27.771950 40.194149 1.070764
v -24.799963 36.733513 3.866863
v -27.893864 37.215496 3.548547
v -35.333309 32.627022 -8.093896
v -35.333309 34.927685 -8.833644
v -27.360151 32.761974 -8.763405
v -29.763206 37.315105 -8.819447
v -24.358364 37.478981 -8.194023
v -25.401403 33.247169 4.076086
v -18.904757 30.188187 6.919260
v -22.375235 33.934799 5.287330
v -17.081469 34.342880 5.765552
v -18.211203 39.949944 1.850862
v -14.505025 40.846432 -6.358850
v -13.375291 38.632526 -9.577876
v -11.002037 37.051620 -12.047439
v -12.849708 34.471409 -12.959048
v -6.756730 35.943062 -14.006652
v -7.084543 33.086510 -14.899580
v -3.513825 27.312359 13.869158
v -7.325661 31.219629 9.614484
v -9.251898 29.240288 11.348783
v -11.188972 35.091560 6.202675
v -14.003824 34.313961 7.890646
v -13.350909 39.355499 2.361214
v -16.390623 39.230183 2.678035
v -14.141993 40.695412 -1.609516
v -17.371353 40.807873 -1.732807
v -20.524855 29.339897 0.191286
v -25.344511 30.419538 -1.708148
v -19.847555 27.643318 -4.980227
v -25.566666 30.021099 -7.370585
v -19.579346 28.077103 -9.016712
v -21.557058 32.386028 -9.893950
v -17.257566 31.987591 -11.014033
v -19.053762 37.829220 -9.004757
v -15.881296 37.691051 -9.633917
v -15.038737 39.705742 -6.340916
v -17.268402 25.998150 2.410531
v -20.524855 29.339897 0.191286
v -26.669308 31.627708 2.524109
v -35.333309 33.709873 4.333877
v -35.333309 31.949032 0.626916
v -12.115516 34.542099 5.833549
v -17.081469 34.342880 5.765552
v -13.028514 38.475079 2.030942
v -18.211203 39.949944 1.850862
v -14.651322 40.158806 -1.684238
v -18.330406 41.106705 -1.782871
v -15.038737 39.705742 -6.340916
v -18.677183 40.660065 -6.116750
v -19.053762 37.829220 -9.004757
v -22.020330 37.948109 -8.375598
v -21.557058 32.386028 -9.893950
v -35.333309 31.107168 -5.676636
v -35.333309 32.627022 -8.093896
v -25.566666 30.021099 -7.370585
v -27.360151 32.761974 -8.763405
v -21.557058 32.386028 -9.893950
v -24.358364 37.478981 -8.194023
v -22.020330 37.948109 -8.375598
v -23.141935 40.817513 -5.696812
v -18.677183 40.660065 -6.116750
v -22.881853 41.627247 -2.079518
v -18.330406 41.106705 -1.782871
v -23.049824 40.807873 1.801546
v -18.211203 39.949944 1.850862
v -24.799963 36.733513 3.866863
v -22.375235 33.934799 5.287330
v -27.893864 37.215496 3.548547
v -25.401403 33.247169 4.076086
v -35.333309 37.530392 4.333876
v -35.333309 33.709873 4.333877
v -14.361438 3.913700 4.415326
v -15.344875 -0.266697 4.414579
v -12.930983 -0.530180 7.029103
v -4.681487 5.600639 -8.037851
v -7.163109 5.652050 -7.072443
v -7.469248 12.762903 -8.109585
v -14.361438 3.913700 4.415326
v -10.573985 3.627725 8.278456
v -10.536056 -0.684415 8.634133
v -7.493631 3.528115 10.128574
v -15.301528 10.169836 -1.310626
v -17.997175 17.843002 -5.831310
v -13.350909 10.378696 -5.004137
v -14.185340 19.484957 -9.806524
v -10.292228 11.863202 -7.755403
v -1.297704 5.600639 -8.930780
v -4.681487 5.600639 -8.037851
v -5.426516 13.383054 -9.556951
v -7.469248 12.762903 -8.109585
v -9.474052 20.365379 -11.158993
v -15.344875 -0.266697 4.414579
v -14.361438 3.913700 4.415326
v -14.204305 4.694512 -1.228431
v -15.301528 10.169836 -1.310626
v -11.649535 5.073671 -5.241753
v -7.163109 5.652050 -7.072443
v -7.469248 12.762903 -8.109585
v -7.125181 28.446621 -14.109767
v -6.786531 20.824867 -12.991925
v -10.644424 27.518002 -12.749825
v -9.474052 20.365379 -11.158993
v -15.995082 25.827850 -10.499945
v -14.185340 19.484957 -9.806524
v -18.988743 24.105564 -7.460999
v -17.997175 17.843002 -5.831310
v -17.336132 17.904053 -0.940004
v -15.301528 10.169836 -1.310626
v -13.757288 10.095932 4.159028
v -14.361438 3.913700 4.415326
v -11.698300 8.338303 7.365353
v -10.573985 3.627725 8.278456
v -10.018600 9.835663 8.777598
v -7.493631 3.528115 10.128574
v -8.032761 12.036717 10.438670
v -4.578538 7.367911 11.819533
v -4.871131 12.229510 12.305974
v 0.000000 7.387190 12.229757
v 0.000000 12.316267 12.924672
v 4.578538 7.367911 11.819533
v 4.871131 12.229510 12.305974
v 8.032761 12.036717 10.438670
v 6.206764 14.571947 11.922650
v 8.347027 15.953631 11.428737
v 5.055356 18.916218 12.613081
v -1.620098 35.926994 7.282408
v -1.048458 37.138378 6.612899
v -6.258238 39.374779 2.305920
v 2.885292 41.983913 1.874026
v 0.000000 41.482651 3.790647
v 0.000000 38.015587 3.266098
v -2.885292 41.983913 1.874026
v 0.000000 36.720661 5.397918
v 0.000000 37.642853 4.117929
v -1.156826 37.899914 3.840710
v 0.000000 37.642853 4.117929
v 0.000000 36.720661 5.397918
v 0.896743 37.061260 5.897809
v 10.573985 3.627725 8.278456
v 12.930983 -0.530180 7.029103
v 14.361438 3.913700 4.415326
v -6.206764 14.571947 11.922650
v -4.871131 12.229510 12.305974
v 0.000000 12.316267 12.924672
v -5.055356 18.916218 12.613081
v -8.347027 15.953631 11.428737
v -2.134845 0.038558 -8.805247
v -1.297704 5.600639 -8.930780
v 0.000000 0.038558 -8.170109
v 0.000000 15.410597 12.631763
v 12.930983 -0.530180 7.029103
v 10.536056 -0.684415 8.634133
v 14.304545 15.259574 3.753288
v 11.449054 15.667654 8.691669
v 11.405707 10.642181 8.418185
v 8.347027 15.953631 11.428737
v 8.032761 12.036717 10.438670
v -10.018600 9.835663 8.777598
v -8.032761 12.036717 10.438670
v -11.405707 10.642181 8.418185
v 0.000000 -0.938259 12.270108
v 5.060775 -0.912553 11.595368
v 4.795274 3.663070 11.174683
v 7.052032 -0.758319 10.107652
v 7.493631 3.528115 10.128574
v 6.206764 14.571947 11.922650
v 5.055356 18.916218 12.613081
v 0.000000 18.350693 13.169013
v 0.000000 21.753489 12.355289
v -7.052032 -0.758319 10.107652
v -5.060775 -0.912553 11.595368
v -4.800692 3.663070 11.174683
v 0.000000 -0.938259 12.270108
v 0.000000 3.370667 11.123872
v 4.795274 3.663070 11.174683
v 4.578538 7.367911 11.819533
v 8.032761 12.036717 10.438670
v 9.536363 9.835663 8.777598
v 11.405707 10.642181 8.418185
v 0.000000 7.387190 12.229757
v -4.578538 7.367911 11.819533
v -4.800692 3.663070 11.174683
v -7.493631 3.528115 10.128574
v -7.052032 -0.758319 10.107652
v -10.536056 -0.684415 8.634133
v -11.449054 15.667654 8.691669
v -14.304545 15.259574 3.753288
v -5.055356 18.916218 12.613081
v -6.206764 14.571947 11.922650
v 0.000000 18.350693 13.169013
v 0.000000 15.410597 12.631763
v 6.206764 14.571947 11.922650
v 0.000000 12.316267 12.924672
v 4.871131 12.229510 12.305974
v 7.163109 5.652050 -7.072443
v 13.350909 10.378696 -5.004137
v 11.649535 5.073671 -5.241753
v 15.301528 10.169836 -1.310626
v 14.204305 4.694512 -1.228431
v 15.344875 -0.266697 4.414579
v -1.297704 5.600639 -8.930780
v -2.134845 0.038558 -8.805247
v -4.681487 5.600639 -8.037851
v -4.248016 0.038558 -8.220920
v -7.163109 5.652050 -7.072443
v -6.962629 0.038558 -6.937195
v -11.649535 5.073671 -5.241753
v -11.576386 0.038559 -5.909020
v -14.204305 4.694512 -1.228431
v -14.502316 0.038559 -1.479497
v -15.344875 -0.266697 4.414579
v 0.000000 32.334618 -15.854527
v 6.756730 35.943062 -14.006652
v 7.084543 33.086510 -14.899580
v -1.760976 34.689907 -13.770530
v 0.000000 27.546921 -13.707762
v -2.064406 28.138151 -14.567813
v 0.000000 29.465214 11.844190
v 3.513825 27.312359 13.869158
v 2.874455 29.696566 11.714921
v -0.896743 37.061260 5.897809
v -2.874455 29.696566 11.714921
v 0.000000 29.465214 11.844190
v 0.000000 33.992638 -12.977729
v 1.760976 34.689907 -13.770530
v 0.000000 21.753489 12.355289
v 5.055356 18.916218 12.613081
v 2.879873 21.775982 12.379200
v 5.575521 20.995169 12.183429
v -11.449054 15.667654 8.691669
v -14.540245 19.912315 4.075340
v -14.304545 15.259574 3.753288
v -8.347027 15.953631 11.428737
v -8.292843 19.648830 10.771929
v -10.731118 19.950872 9.612243
v 0.000000 35.191170 -14.845779
v -7.084543 33.086510 -14.899580
v -6.756730 35.943062 -14.006652
v 2.874455 29.696566 11.714921
v 0.896743 37.061260 5.897809
v 0.000000 36.720661 5.397918
v 0.000000 21.586401 -12.877600
v 2.064406 28.138151 -14.567813
v 2.132136 21.586401 -13.804901
v 7.125181 28.446621 -14.109767
v 6.786531 20.824867 -12.991925
v 0.000000 39.541866 -12.093019
v 8.292843 19.648830 10.771929
v 8.347027 15.953631 11.428737
v 11.449054 15.667654 8.691669
v -5.575521 20.995169 12.183429
v -5.055356 18.916218 12.613081
v -2.879873 21.775982 12.379200
v 0.000000 23.774603 12.237228
v 0.000000 27.064941 14.153102
v -2.874455 29.696566 11.714921
v -3.513825 27.312359 13.869158
v 14.304545 15.259574 3.753288
v 14.540245 19.912315 4.075340
v 10.731118 19.950872 9.612243
v -6.786531 20.824867 -12.991925
v -7.125181 28.446621 -14.109767
v -2.132136 21.586401 -13.804901
v -5.786839 23.077335 12.444209
v -2.216121 24.253374 12.841730
v -1.416909 28.636204 11.289753
v 0.000000 29.073200 10.510402
v -1.387107 29.545544 10.683010
v 1.387107 29.545544 10.683010
v 1.416909 28.636204 11.289753
v 2.216121 24.253374 12.841730
v 5.786839 23.077335 12.444209
v -2.782342 42.935024 1.951737
v -4.315746 46.405300 0.283193
v -5.743492 45.197132 -1.179864
v 4.315746 46.405300 0.283193
v 2.782342 42.935024 1.951737
v 5.743492 45.197132 -1.179864
v 0.000000 51.411495 -8.168619
v 0.000000 48.317165 -8.295646
v -4.245307 47.697014 -6.353620
v -4.315746 46.405300 0.283193
v -2.782342 42.935024 1.951737
v 0.000000 42.343792 3.921410
v -4.315746 46.405300 0.283193
v -5.838313 50.251522 -1.079738
v -5.743492 45.197132 -1.179864
v -3.987934 51.112667 -6.033810
v 0.000000 51.411495 -8.168619
v 2.782342 42.935024 1.951737
v 4.315746 46.405300 0.283193
v 0.000000 42.343792 3.921410
v 0.000000 44.303856 3.771219
v 5.897916 44.477371 -1.457830
v 4.410568 46.935482 -6.698088
v 4.245307 47.697014 -6.353620
v 0.000000 47.439957 -8.566140
v 0.000000 48.317165 -8.295646
v -4.410568 46.935482 -6.698088
v -4.245307 47.697014 -6.353620
v -5.743492 45.197132 -1.179864
v 0.000000 48.317165 -8.295646
v 0.000000 51.411495 -8.168619
v 4.245307 47.697014 -6.353620
v 3.987934 51.112667 -6.033810
v 5.743492 45.197132 -1.179864
v 5.838313 50.251522 -1.079738
v 4.315746 46.405300 0.283193
v 5.743492 45.197132 -1.179864
v 2.782342 42.935024 1.951737
v 2.885292 41.983913 1.874026
v 0.000000 42.343792 3.921410
v 0.000000 41.482651 3.790647
v -2.782342 42.935024 1.951737
v -2.885292 41.983913 1.874026
v -5.897916 44.477371 -1.457830
v -6.325968 50.248310 0.331015
v -4.315746 46.405300 0.283193
v 0.000000 44.708721 6.307285
v -5.838313 50.251522 -1.079738
v -7.163109 53.779636 -2.334321
v -3.987934 51.112667 -6.033810
v -4.107138 53.590057 -7.539459
v 0.000000 51.411495 -8.168619
v 0.000000 53.577206 -9.293186
v 4.107138 53.590057 -7.539459
v 3.987934 51.112667 -6.033810
v 7.163109 53.779636 -2.334321
v 5.838313 50.251522 -1.079738
v 6.325968 50.248310 0.331015
v 4.315746 46.405300 0.283193
v 0.000000 44.303856 3.771219
v -26.669308 31.627708 2.524109
v -25.344511 30.419538 -1.708148
v -20.524855 29.339897 0.191286
v -25.344511 30.419538 -1.708148
v -26.669308 31.627708 2.524109
v -35.333309 31.949032 0.626916
v -25.344511 30.419538 -1.708148
v -35.330601 33.147560 -2.459852
v -35.333309 31.107168 -5.676636
v -35.333309 31.949032 0.626916
v -35.330601 33.147560 -2.459852
v -25.344511 30.419538 -1.708148
v -35.333309 37.530392 4.333876
v -27.893864 37.215496 3.548547
v -35.330601 39.432617 0.339982
v -27.771950 40.194149 1.070764
v -35.333309 40.226280 -2.157976
v -35.333309 34.927685 -8.833644
v -35.333309 37.228348 -8.093896
v -29.763206 37.315105 -8.819447
v -35.333309 39.339432 -4.656681
v -27.357443 40.078472 -5.208130
v -28.397774 40.939617 -1.879263
v -23.049824 40.807873 1.801546
v -22.881853 41.627247 -2.079518
v -23.141935 40.817513 -5.696812
v -24.358364 37.478981 -8.194023
v 26.669308 31.627708 2.524109
v 25.344511 30.419538 -1.708148
v 35.333309 31.949032 0.626916
v 24.358364 37.478981 -8.194023
v 29.763206 37.315105 -8.819447
v 27.360151 32.761974 -8.763405
v 35.333309 34.927685 -8.833644
v 35.333309 32.627022 -8.093896
v 25.344511 30.419538 -1.708148
v 25.566666 30.021099 -7.370585
v 35.333309 31.107168 -5.676636
v 35.333309 39.339432 -4.656681
v 27.357443 40.078472 -5.208130
v 35.333309 40.226280 -2.157976
v 29.763206 37.315105 -8.819447
v 24.358364 37.478981 -8.194023
v 23.141935 40.817513 -5.696812
v 22.881853 41.627247 -2.079518
v 28.397774 40.939617 -1.879263
v 23.049824 40.807873 1.801546
v 27.771950 40.194149 1.070764
v 35.333309 37.228348 -8.093896
v 35.333309 34.927685 -8.833644
v 25.344511 30.419538 -1.708148
v 35.330601 33.147560 -2.459852
v 35.333309 31.949032 0.626916
v 35.333309 31.107168 -5.676636
v 35.330601 33.147560 -2.459852
v 25.344511 30.419538 -1.708148
v 35.330601 39.432617 0.339982
v 27.893864 37.215496 3.548547
v 35.333309 37.530392 4.333876
vn -0.0393 0.8397 0.5416
vn 0.0549 0.6981 0.7139
vn -0.0078 0.6668 0.7452
vn 0.0549 0.6982 0.7138
vn -0.0392 0.8398 0.5415
vn -0.0392 0.8937 0.4469
vn 0.0391 0.9631 0.2663
vn 0.3695 0.6290 0.6840
vn -0.2127 0.5200 -0.8273
vn -0.0000 0.3768 -0.9263
vn -0.1809 0.3462 -0.9205
vn 0.0551 0.6446 0.7625
vn -0.0864 0.7463 0.6599
vn 0.0473 0.6533 0.7556
vn 0.2127 0.5200 -0.8273
vn -0.0000 0.4783 -0.8782
vn -0.0000 0.5510 -0.8345
vn -0.0864 0.7463 0.6600
vn 0.0550 0.6446 0.7625
vn 0.0705 0.7053 0.7054
vn 0.5668 0.7792 0.2676
vn 0.5951 0.6735 -0.4385
vn 0.5822 0.7868 -0.2046
vn -0.5424 0.7467 -0.3851
vn -0.5423 0.7467 -0.3851
vn -0.5506 0.7631 0.3383
vn -0.5507 0.7631 0.3383
vn -0.4178 0.6385 0.6464
vn -0.3452 0.7374 0.5806
vn 0.3062 0.5024 -0.8086
vn 0.1810 0.3462 -0.9206
vn -0.0001 0.5511 -0.8345
vn -0.5169 0.7206 -0.4621
vn -0.7556 0.3542 -0.5510
vn -0.5597 0.7332 0.3863
vn -0.9499 0.1335 0.2826
vn -0.3695 0.6290 0.6840
vn -0.5647 0.0549 0.8235
vn 0.0157 0.8018 0.5974
vn -0.0000 0.5420 0.8404
vn -0.0000 0.9052 0.4250
vn -0.0157 0.8018 0.5974
vn -0.0864 0.7464 0.6599
vn 0.0705 0.7054 0.7053
vn 0.5169 0.7206 -0.4621
vn 0.2750 0.9582 -0.0786
vn 0.3463 0.7162 -0.6059
vn -0.0000 0.5419 0.8404
vn -0.0158 0.8018 0.5974
vn 0.5647 0.0549 0.8235
vn 0.5597 0.7332 0.3863
vn 0.0392 0.9631 0.2662
vn 0.2749 0.9583 -0.0785
vn 0.1570 0.9028 -0.4003
vn 0.3463 0.7161 -0.6060
vn 0.2751 0.6759 -0.6837
vn 0.5823 0.7868 -0.2046
vn 0.4485 0.8026 0.3934
vn 0.5667 0.7792 0.2676
vn 0.4026 0.6551 0.6393
vn 0.4026 0.6551 0.6394
vn 0.5447 0.5132 0.6632
vn -0.0000 0.4091 -0.9125
vn 0.7556 0.3542 -0.5510
vn 0.5170 0.7206 -0.4621
vn 0.9499 0.1335 0.2826
vn -0.7556 0.3541 -0.5510
vn -0.0000 0.4090 -0.9125
vn 0.2127 0.5200 -0.8272
vn -0.0157 0.6062 0.7951
vn -0.5282 0.5597 0.6385
vn -0.0158 0.6062 0.7951
vn 0.5448 0.5132 0.6632
vn 0.3378 0.7463 0.5735
vn -0.3452 0.7375 0.5805
vn -0.0157 0.6062 0.7952
vn -0.0158 0.6062 0.7952
vn 0.6631 0.3473 0.6631
vn 0.0157 0.3767 0.9262
vn 0.2201 0.3460 0.9121
vn -0.5013 0.3838 0.7755
vn -0.4568 0.2600 0.8507
vn 0.0157 0.3768 0.9262
vn -0.3919 0.3213 0.8621
vn 0.2202 0.3460 0.9120
vn -0.3546 -0.3309 -0.8745
vn -0.2987 -0.3066 -0.9038
vn -0.3707 -0.3313 -0.8677
vn 0.0941 -0.2983 -0.9498
vn 0.1022 -0.0943 -0.9903
vn -0.0000 -0.0707 -0.9975
vn -0.0000 -0.0236 -0.9997
vn -0.1022 -0.0943 -0.9903
vn 0.0785 -0.0079 -0.9969
vn 0.3386 -0.0866 -0.9370
vn 0.3537 -0.0079 -0.9353
vn 0.3610 -0.1099 -0.9261
vn 0.3373 0.0157 -0.9413
vn 0.6225 -0.0630 -0.7801
vn 0.6759 0.0943 -0.7310
vn 0.9494 0.0079 -0.3139
vn 0.9324 0.0782 -0.3527
vn 0.9665 0.1650 0.1964
vn 0.4616 -0.0705 0.8843
vn 0.4014 -0.2990 0.8657
vn 0.1887 -0.1729 0.9667
vn 0.6858 -0.4651 0.5597
vn 0.4244 -0.0551 0.9038
vn 0.1958 0.0548 0.9791
vn 0.1886 -0.1729 0.9667
vn -0.0550 0.0314 0.9980
vn 0.6301 -0.4647 0.6222
vn 0.6518 -0.2749 0.7068
vn 0.7947 -0.4485 0.4092
vn 0.8405 -0.1572 0.5185
vn 0.4086 0.0471 0.9115
vn 0.1096 0.5478 0.8294
vn 0.1807 0.4398 0.8797
vn 0.0864 0.5813 0.8091
vn 0.1807 0.4399 0.8797
vn -0.1102 0.5513 0.8270
vn -0.1256 0.3927 0.9110
vn 0.9167 -0.2664 -0.2977
vn 0.4018 -0.3387 -0.8508
vn 0.4259 -0.2287 -0.8754
vn 0.3546 -0.3309 -0.8745
vn 0.3453 -0.0942 -0.9338
vn 0.2987 -0.3065 -0.9038
vn 0.2278 -0.0001 -0.9737
vn 0.8656 -0.3541 -0.3541
vn 0.9372 -0.1497 0.3150
vn 0.9639 -0.2351 -0.1253
vn 0.8969 -0.0393 0.4405
vn 0.8948 0.0785 0.4396
vn 0.6850 -0.0787 0.7243
vn 0.5969 0.0471 0.8010
vn 0.1256 -0.2591 -0.9577
vn -0.0000 -0.2203 -0.9754
vn -0.0001 -0.3304 -0.9438
vn -0.1256 -0.2591 -0.9577
vn -0.0942 -0.2983 -0.9498
vn 0.2986 -0.3066 -0.9038
vn 0.3707 -0.3313 -0.8676
vn 0.3545 -0.3309 -0.8745
vn 0.2755 -0.2755 -0.9210
vn 0.4018 -0.3388 -0.8508
vn 0.2835 -0.3151 -0.9057
vn 0.8474 -0.4394 0.2981
vn 0.7017 -0.6465 0.2996
vn 0.4244 -0.0550 0.9038
vn 0.1958 0.0549 0.9791
vn -0.1256 0.3927 0.9111
vn -0.0550 0.0315 0.9980
vn 0.4617 -0.0705 0.8843
vn 0.4014 -0.2991 0.8657
vn 0.7947 -0.4485 0.4091
vn 0.8474 -0.4393 0.2982
vn 0.8405 -0.1571 0.5185
vn 0.9372 -0.1496 0.3151
vn 0.8630 -0.0549 0.5021
vn 0.8968 -0.0393 0.4406
vn 0.6539 -0.1891 0.7326
vn 0.6849 -0.0787 0.7243
vn 0.5035 -0.1573 0.8496
vn 0.5968 0.0471 0.8010
vn 0.4719 -0.0393 0.8808
vn 0.4875 0.0236 0.8728
vn 0.4472 -0.0000 0.8944
vn -0.2986 -0.3065 -0.9038
vn 0.1255 -0.2591 -0.9577
vn 0.0943 -0.2983 -0.9498
vn -0.0000 -0.3303 -0.9439
vn 0.3707 -0.3312 -0.8677
vn 0.3386 -0.0867 -0.9369
vn 0.6126 -0.3535 -0.7069
vn 0.9372 -0.1496 0.3150
vn 0.9217 -0.3387 0.1891
vn 0.8474 -0.4393 0.2981
vn 0.2897 0.2192 -0.9317
vn 0.3066 0.3616 -0.8805
vn 0.1729 0.4716 -0.8647
vn -0.0078 0.9851 0.1720
vn 0.0391 0.9631 0.2662
vn 0.1098 0.5331 -0.8389
vn -0.1496 0.9136 -0.3781
vn 0.0235 0.4934 0.8695
vn 0.1095 0.5477 0.8295
vn 0.4086 0.0472 0.9115
vn 0.2122 0.1415 -0.9669
vn -0.1960 -0.0235 -0.9803
vn -0.1888 0.1653 -0.9680
vn 0.2442 -0.3465 0.9057
vn 0.7017 -0.6464 0.2996
vn 0.2203 0.2440 -0.9444
vn -0.0000 0.2425 -0.9701
vn 0.1176 0.7215 -0.6823
vn -0.0078 0.9414 -0.3373
vn -0.0078 0.9851 0.1719
vn 0.8474 -0.4394 0.2982
vn 0.9217 -0.3388 0.1891
vn 0.5578 -0.7935 0.2435
vn 0.7057 -0.7058 0.0627
vn 0.2897 0.2193 -0.9317
vn 0.2756 0.0394 -0.9605
vn 0.2204 0.2440 -0.9444
vn 0.1654 0.3071 0.9372
vn 0.0235 0.4935 0.8694
vn -0.1175 0.7440 0.6578
vn 0.2435 -0.9583 0.1493
vn 0.1021 -0.8718 0.4791
vn 0.5577 -0.7935 0.2435
vn -0.0629 0.8572 0.5112
vn -0.0079 0.6668 0.7452
vn -0.1184 0.7022 0.7021
vn -0.0157 0.6911 0.7226
vn 0.0472 0.6533 0.7556
vn 0.0235 0.6830 0.7301
vn 0.1570 0.9028 -0.4004
vn 0.2750 0.6759 -0.6837
vn 0.2289 0.4974 -0.8368
vn 0.1652 0.3541 -0.9205
vn 0.1810 0.3462 -0.9205
vn 0.0392 -0.5882 0.8078
vn -0.0787 0.4172 0.9054
vn 0.0315 0.5361 0.8436
vn 0.0629 0.4400 0.8958
vn 0.1255 0.8157 0.5647
vn 0.0235 0.8694 0.4935
vn 0.1494 -0.9826 0.1101
vn 0.2276 -0.0314 -0.9732
vn 0.5680 -0.4419 -0.6943
vn 0.2676 -0.8263 -0.4957
vn 0.2436 -0.9583 0.1493
vn 0.1095 0.5478 0.8294
vn -0.1179 0.7622 0.6365
vn -0.2432 0.9572 0.1569
vn -0.1881 0.9796 0.0705
vn -0.1496 0.9136 -0.3780
vn -0.0629 0.8879 -0.4557
vn 0.1331 0.5168 -0.8457
vn 0.2277 -0.0000 -0.9737
vn 0.3453 -0.0941 -0.9338
vn 0.2755 0.0394 -0.9605
vn 0.5681 -0.4418 -0.6943
vn 0.7057 -0.7057 0.0627
vn -0.0000 0.9997 -0.0236
vn 0.1262 0.8443 -0.5208
vn 0.0866 0.4487 -0.8895
vn 0.0628 -0.1806 -0.9815
vn 0.2675 -0.8262 -0.4958
vn 0.1100 -0.5658 -0.8172
vn 0.1960 -0.9803 0.0235
vn 0.9639 -0.2350 -0.1254
vn 0.6127 -0.3535 -0.7069
vn -0.1886 -0.1729 0.9667
vn -0.4014 -0.2991 0.8657
vn -0.4617 -0.0705 0.8843
vn -0.6518 -0.2749 0.7068
vn -0.4617 -0.0705 0.8842
vn -0.4086 0.0472 0.9115
vn -0.7017 -0.6465 0.2996
vn -0.6858 -0.4651 0.5597
vn -0.8474 -0.4394 0.2982
vn -0.9167 -0.2664 -0.2977
vn -0.9372 -0.1496 0.3150
vn -0.9217 -0.3387 0.1891
vn -0.8474 -0.4393 0.2981
vn 0.2432 0.1569 -0.9572
vn -0.1958 0.2194 -0.9558
vn -0.0864 0.5813 0.8091
vn -0.1096 0.5477 0.8294
vn -0.1807 0.4399 0.8797
vn -0.4244 -0.0550 0.9038
vn -0.6859 -0.4651 0.5597
vn -0.4013 -0.2991 0.8657
vn -0.1958 0.0548 0.9791
vn 0.0550 0.0315 0.9980
vn 0.1256 0.3927 0.9111
vn -0.6301 -0.4647 0.6222
vn -0.7947 -0.4485 0.4092
vn -0.6519 -0.2749 0.7068
vn -0.8405 -0.1572 0.5185
vn -0.2756 0.0394 -0.9605
vn -0.1729 0.4716 -0.8647
vn -0.2913 0.2283 -0.9290
vn -0.3066 0.3616 -0.8805
vn -0.1959 0.2194 -0.9558
vn 0.1102 0.5513 0.8270
vn 0.1256 0.3927 0.9110
vn -0.1806 0.4398 0.8797
vn -0.4014 -0.2990 0.8657
vn 0.1414 -0.0000 -0.9900
vn -0.1959 0.2193 -0.9558
vn -0.2277 -0.0000 -0.9737
vn -0.3453 -0.0941 -0.9338
vn -0.4259 -0.2287 -0.8754
vn -0.5681 -0.4418 -0.6943
vn -0.7057 -0.7057 0.0627
vn -0.9217 -0.3388 0.1891
vn -0.6300 -0.4647 0.6222
vn -0.7947 -0.4485 0.4091
vn -0.8405 -0.1571 0.5185
vn -0.9372 -0.1496 0.3151
vn -0.8630 -0.0549 0.5021
vn -0.8968 -0.0393 0.4406
vn -0.6693 -0.1654 0.7244
vn -0.7127 -0.0783 0.6971
vn -0.5197 -0.1418 0.8425
vn 0.0549 0.8235 0.5647
vn 0.0392 0.6663 0.7447
vn -0.0549 0.6982 0.7138
vn -0.0786 0.6520 0.7541
vn -0.3062 0.5025 -0.8086
vn -0.2751 0.6759 -0.6837
vn -0.3463 0.7162 -0.6060
vn -0.1338 0.9286 -0.3462
vn -0.2749 0.9583 -0.0786
vn -0.0315 0.9608 0.2756
vn -0.0314 0.9608 0.2756
vn 0.0392 0.8937 0.4469
vn 0.0864 0.7463 0.6599
vn -0.0394 0.6619 0.7486
vn -0.1810 0.3462 -0.9205
vn -0.3062 0.5024 -0.8086
vn -0.2128 0.5200 -0.8272
vn -0.2749 0.9583 -0.0785
vn -0.0315 0.9607 0.2757
vn 0.0392 0.8938 0.4468
vn 0.0864 0.7464 0.6599
vn -0.0000 0.8019 0.5975
vn -0.2441 -0.3465 0.9057
vn -0.7016 -0.6465 0.2996
vn -0.0789 0.6519 0.7542
vn -0.0631 0.6857 0.7251
vn -0.1176 0.7215 -0.6823
vn -0.0000 0.9379 -0.3468
vn 0.0078 0.9931 0.1173
vn -0.5578 -0.7934 0.2435
vn -0.9217 -0.3388 0.1890
vn -0.1961 -0.9803 0.0235
vn -0.2675 -0.8262 -0.4958
vn -0.2435 -0.9584 0.1493
vn -0.0235 0.8694 0.4935
vn -0.1255 0.8157 0.5647
vn -0.0629 0.4401 0.8958
vn -0.0315 0.5361 0.8435
vn -0.1100 -0.5657 -0.8172
vn -0.0629 -0.0001 -0.9980
vn -0.0628 -0.1806 -0.9816
vn -0.0236 0.5120 -0.8586
vn -0.0866 0.4487 -0.8895
vn -0.2442 -0.3465 0.9057
vn -0.1654 0.3071 0.9372
vn -0.0235 0.4935 0.8694
vn 0.1174 0.7439 0.6578
vn -0.1338 0.9285 -0.3463
vn -0.2750 0.6759 -0.6837
vn -0.1177 0.7215 -0.6823
vn -0.3061 0.5024 -0.8086
vn -0.2289 0.4973 -0.8368
vn -0.1652 0.3540 -0.9205
vn -0.0785 0.6520 0.7541
vn 0.0473 0.6863 0.7258
vn 0.1569 0.7139 0.6825
vn 0.0549 0.8235 0.5646
vn 0.0157 0.8943 0.4472
vn -0.0315 0.9607 0.2756
vn -0.5577 -0.7935 0.2435
vn -0.2436 -0.9583 0.1493
vn -0.2676 -0.8263 -0.4957
vn -0.5680 -0.4419 -0.6943
vn -0.2276 -0.0314 -0.9732
vn -0.1098 0.5331 -0.8389
vn -0.1729 0.4717 -0.8647
vn 0.1496 0.9136 -0.3781
vn -0.8469 -0.4399 0.2988
vn -0.5578 -0.7935 0.2435
vn -0.1021 -0.8718 0.4791
vn -0.0392 -0.5882 0.8078
vn -0.1494 -0.9826 0.1101
vn -0.4086 0.0471 0.9115
vn -0.1095 0.5477 0.8294
vn -0.0235 0.4935 0.8695
vn 0.1179 0.7622 0.6365
vn 0.1175 0.7440 0.6578
vn 0.2432 0.9572 0.1569
vn 0.1881 0.9796 0.0705
vn 0.1496 0.9136 -0.3780
vn 0.0629 0.8879 -0.4557
vn -0.1097 0.5331 -0.8389
vn -0.1331 0.5168 -0.8457
vn -0.1960 -0.9803 0.0235
vn -0.1100 -0.5658 -0.8172
vn -0.2676 -0.8262 -0.4958
vn -0.0628 -0.1806 -0.9815
vn -0.1262 0.8443 -0.5208
vn -0.0628 0.4400 0.8958
vn -0.0315 0.5361 0.8436
vn 0.0787 0.4172 0.9054
vn -0.8948 0.0785 0.4396
vn -0.9665 0.1650 0.1964
vn -0.6604 0.1337 0.7389
vn -0.3386 -0.0866 -0.9369
vn -0.3610 -0.1099 -0.9261
vn -0.2755 -0.2755 -0.9210
vn -0.6604 0.1336 0.7390
vn -0.6108 0.0391 0.7908
vn -0.4875 0.0236 0.8728
vn -0.4563 -0.0393 0.8890
vn -0.9639 -0.2351 -0.1254
vn -0.8656 -0.3541 -0.3541
vn -0.6127 -0.3535 -0.7069
vn -0.4018 -0.3388 -0.8508
vn -0.2835 -0.3151 -0.9057
vn -0.3707 -0.3313 -0.8676
vn -0.8948 0.0785 0.4395
vn -0.9494 0.0078 -0.3139
vn -0.6225 -0.0631 -0.7801
vn -0.3545 -0.3309 -0.8745
vn -0.2278 -0.0000 -0.9737
vn -0.2987 -0.3065 -0.9038
vn -0.3453 -0.0942 -0.9338
vn -0.4018 -0.3387 -0.8508
vn -0.9167 -0.2664 -0.2978
vn -0.8656 -0.3541 -0.3540
vn -0.9372 -0.1497 0.3150
vn -0.9639 -0.2351 -0.1253
vn -0.8969 -0.0393 0.4405
vn -0.6108 0.0391 0.7909
vn -0.5197 -0.1417 0.8425
vn -0.4630 -0.1647 0.8709
vn -0.2509 -0.1489 0.9565
vn -0.3131 -0.0704 0.9471
vn -0.0000 -0.1886 0.9821
vn -0.0000 0.0157 0.9999
vn 0.2509 -0.1490 0.9565
vn 0.3131 -0.0704 0.9471
vn 0.4703 -0.1881 0.8622
vn 0.2287 -0.0867 0.9696
vn 0.4869 -0.0550 0.8717
vn 0.2197 0.0706 0.9730
vn -0.5281 0.5597 0.6386
vn 0.5647 0.0548 0.8235
vn -0.0000 -0.1096 0.9940
vn -0.5647 0.0548 0.8235
vn -0.0000 0.9052 0.4251
vn 0.6604 0.1337 0.7390
vn 0.8948 0.0785 0.4395
vn -0.2286 -0.0867 0.9696
vn -0.0000 0.0158 0.9999
vn -0.2197 0.0706 0.9730
vn -0.4869 -0.0550 0.8717
vn -0.0785 -0.0078 -0.9969
vn -0.0000 -0.0393 0.9992
vn 0.6603 0.1336 0.7390
vn 0.7377 -0.0157 0.6749
vn 0.4703 -0.1882 0.8622
vn -0.4629 -0.1648 0.8709
vn -0.0000 0.1733 0.9849
vn 0.3681 0.1018 0.9242
vn 0.2425 0.0156 0.9700
vn 0.4718 -0.0393 0.8808
vn 0.2286 -0.0867 0.9697
vn -0.0000 -0.0236 0.9997
vn -0.0000 0.1173 0.9931
vn -0.4473 -0.0000 0.8944
vn -0.3681 0.1018 0.9242
vn -0.2425 0.0157 0.9700
vn -0.0000 0.1734 0.9849
vn -0.0000 -0.0550 0.9985
vn 0.2509 -0.1489 0.9565
vn 0.4718 -0.0394 0.8808
vn 0.5035 -0.1574 0.8496
vn 0.6538 -0.1891 0.7326
vn -0.2509 -0.1490 0.9565
vn -0.2425 0.0156 0.9700
vn -0.4562 -0.0393 0.8890
vn -0.4472 -0.0000 0.8944
vn -0.7377 -0.0157 0.6749
vn -0.2286 -0.0867 0.9697
vn -0.0000 -0.0237 0.9997
vn -0.0000 -0.0394 0.9992
vn 0.3610 -0.1098 -0.9261
vn 0.6225 -0.0631 -0.7801
vn 0.9639 -0.2351 -0.1254
vn 0.9494 0.0078 -0.3139
vn 0.9665 0.1650 0.1965
vn -0.3386 -0.0866 -0.9370
vn -0.3537 -0.0079 -0.9353
vn -0.3373 0.0157 -0.9413
vn -0.6225 -0.0630 -0.7801
vn -0.6759 0.0943 -0.7310
vn -0.9494 0.0079 -0.3139
vn -0.9324 0.0782 -0.3527
vn -0.0000 0.3209 -0.9471
vn 0.1809 0.3462 -0.9206
vn 0.1652 0.3540 -0.9205
vn 0.2433 0.1569 -0.9572
vn -0.0000 0.0157 -0.9999
vn 0.1415 -0.0000 -0.9899
vn -0.0000 0.6585 0.7526
vn -0.0000 0.1337 -0.9910
vn -0.1889 0.1653 -0.9680
vn -0.0000 -0.0313 0.9995
vn 0.2664 -0.0078 0.9638
vn -0.4869 -0.0549 0.8717
vn -0.4617 -0.0704 0.8842
vn -0.6518 -0.2748 0.7068
vn -0.1809 0.3462 -0.9206
vn -0.0000 -0.2202 -0.9754
vn -0.1961 -0.0235 -0.9803
vn -0.1256 -0.2590 -0.9577
vn 0.2986 -0.3065 -0.9038
vn -0.0000 0.2425 -0.9702
vn 0.4617 -0.0704 0.8842
vn 0.4869 -0.0549 0.8717
vn -0.2664 -0.0078 0.9638
vn -0.0000 0.0940 0.9956
vn -0.0000 0.6832 0.7303
vn -0.0630 0.6857 0.7251
vn 0.6518 -0.2748 0.7068
vn 0.1256 -0.2590 -0.9577
vn 0.0550 0.0314 0.9980
vn 0.1257 0.3927 0.9110
vn -0.0000 0.4314 0.9021
vn 0.1103 0.5513 0.8270
vn -0.1103 0.5513 0.8270
vn -0.1257 0.3927 0.9110
vn -0.6540 0.0158 0.7564
vn -0.7954 -0.2520 0.5513
vn -0.9663 0.0550 0.2514
vn 0.7954 -0.2520 0.5513
vn 0.6540 0.0158 0.7564
vn 0.9663 0.0550 0.2514
vn -0.0000 0.2202 -0.9755
vn -0.7214 0.1882 -0.6665
vn -0.6539 0.0158 0.7564
vn -0.0000 0.0550 0.9985
vn -0.9425 -0.3063 -0.1335
vn -0.8023 -0.1887 -0.5663
vn 0.6539 0.0158 0.7564
vn 0.7954 -0.2520 0.5512
vn -0.0000 -0.6456 0.7637
vn 0.7214 0.1882 -0.6665
vn -0.0000 0.2203 -0.9754
vn 0.8023 -0.1887 -0.5663
vn 0.9425 -0.3063 -0.1335
vn 0.6540 0.0157 0.7564
vn -0.8887 -0.4561 -0.0472
vn -0.7954 -0.2520 0.5512
vn -0.0000 -0.9096 0.4155
vn -0.9425 -0.3064 -0.1336
vn -0.8319 -0.4002 -0.3845
vn -0.8022 -0.1888 -0.5663
vn -0.5413 -0.4315 -0.7217
vn -0.0000 -0.4567 -0.8896
vn 0.5413 -0.4315 -0.7217
vn 0.8023 -0.1888 -0.5663
vn 0.8319 -0.4002 -0.3845
vn 0.9425 -0.3063 -0.1336
vn 0.8887 -0.4561 -0.0472
vn -0.0000 -0.6455 0.7637
vn -0.2435 -0.9583 0.1493
vn -0.1021 -0.8718 0.4790
vn -0.2674 -0.9597 0.0866
vn -0.1493 -0.9826 0.1100
vn -0.2674 -0.9597 0.0865
vn -0.2435 -0.9583 0.1492
vn -0.0316 0.5361 0.8435
vn -0.0551 0.8576 0.5114
vn -0.1096 0.9939 -0.0078
vn -0.0629 -0.0000 -0.9980
vn -0.1104 0.6151 -0.7807
vn -0.0236 0.5121 -0.8586
vn -0.1018 0.8769 -0.4697
vn -0.1102 0.8658 -0.4880
vn -0.1337 0.9910 -0.0000
vn -0.0235 0.8695 0.4934
vn -0.1263 0.8443 -0.5208
vn 0.1021 -0.8718 0.4790
vn 0.2435 -0.9584 0.1493
vn 0.1493 -0.9826 0.1101
vn 0.0236 0.5120 -0.8586
vn 0.0628 -0.1806 -0.9816
vn 0.0629 -0.0001 -0.9980
vn 0.1100 -0.5657 -0.8172
vn 0.1961 -0.9803 0.0235
vn 0.1018 0.8769 -0.4697
vn 0.1102 0.8659 -0.4880
vn 0.1096 0.9939 -0.0078
vn 0.0236 0.5121 -0.8586
vn 0.1263 0.8443 -0.5208
vn 0.1337 0.9910 -0.0000
vn 0.0235 0.8695 0.4934
vn 0.1104 0.6151 -0.7807
vn 0.0629 -0.0000 -0.9980
vn 0.2435 -0.9583 0.1492
vn 0.2674 -0.9597 0.0865
vn 0.1493 -0.9826 0.1100
vn 0.2675 -0.9597 0.0866
vn 0.0551 0.8576 0.5114
vn 0.0316 0.5361 0.8435
vt 0.319763 0.454132
vt 0.240082 0.475342
vt 0.319763 0.491333
vt 0.242340 0.451111
vt 0.319763 0.387543
vt 0.085846 0.445190
vt 0.200989 0.198547
vt 0.083862 0.148834
vt 0.200623 0.155914
vt 0.239532 0.554749
vt 0.020874 0.502594
vt 0.036957 0.581329
vt 0.083862 0.227417
vt 0.083862 0.320343
vt 0.037445 0.500519
vt 0.930786 0.074219
vt 0.930786 0.042969
vt 0.989990 0.042969
vt 0.930786 0.009979
vt 0.989990 0.009979
vt 0.989990 0.074219
vt 0.930786 0.105469
vt 0.989990 0.105469
vt 0.989990 0.488251
vt 0.275391 0.191986
vt 0.175751 0.320343
vt 0.128754 0.355560
vt 0.175659 0.387939
vt 0.126160 0.374237
vt 0.064545 0.412689
vt 0.020874 0.471344
vt 0.009979 0.476410
vt 0.009979 0.489105
vt 0.254120 0.321228
vt 0.291138 0.242035
vt 0.319763 0.297791
vt 0.319763 0.235016
vt 0.930786 0.286194
vt 0.083862 0.355560
vt 0.939911 0.663086
vt 0.881775 0.602936
vt 0.881622 0.663971
vt 0.989990 0.648285
vt 0.961700 0.602997
vt 0.989990 0.722778
vt 0.945862 0.722778
vt 0.948730 0.815094
vt 0.881622 0.722778
vt 0.914185 0.722778
vt 0.920013 0.814301
vt 0.989990 0.286194
vt 0.671356 0.722290
vt 0.720795 0.722870
vt 0.737488 0.837921
vt 0.819214 0.841858
vt 0.823303 0.925751
vt 0.849457 0.925751
vt 0.849457 0.989990
vt 0.813782 0.989990
vt 0.754974 0.923309
vt 0.756653 0.989990
vt 0.707001 0.925751
vt 0.690002 0.989990
vt 0.566376 0.917969
vt 0.566223 0.989990
vt 0.454651 0.917969
vt 0.454651 0.989990
vt 0.402344 0.989990
vt 0.188782 0.746735
vt 0.251129 0.699219
vt 0.163544 0.701050
vt 0.322632 0.665009
vt 0.284332 0.653229
vt 0.203888 0.660767
vt 0.058319 0.688660
vt 0.292999 0.702454
vt 0.282104 0.736969
vt 0.367310 0.707001
vt 0.386719 0.738251
vt 0.374725 0.584106
vt 0.355469 0.535126
vt 0.243591 0.601837
vt 0.223694 0.595520
vt 0.042847 0.617554
vt 0.042969 0.626801
vt 0.478119 0.674469
vt 0.583740 0.728058
vt 0.552246 0.668671
vt 0.639130 0.647369
vt 0.715271 0.635651
vt 0.507507 0.752686
vt 0.454834 0.755157
vt 0.456451 0.869629
vt 0.393219 0.873077
vt 0.390808 0.932434
vt 0.288879 0.898560
vt 0.235596 0.918549
vt 0.815399 0.717529
vt 0.849457 0.718109
vt 0.849457 0.832031
vt 0.683228 0.834106
vt 0.631042 0.835846
vt 0.416565 0.628876
vt 0.397522 0.589844
vt 0.383667 0.796875
vt 0.235779 0.864624
vt 0.197327 0.869720
vt 0.163666 0.937561
vt 0.252991 0.989990
vt 0.157227 0.989990
vt 0.553284 0.854248
vt 0.449219 0.613251
vt 0.628906 0.553192
vt 0.627106 0.515991
vt 0.537659 0.519501
vt 0.786377 0.362732
vt 0.835510 0.422028
vt 0.835510 0.362732
vt 0.533722 0.058594
vt 0.533722 0.011719
vt 0.581329 0.066376
vt 0.747894 0.076477
vt 0.762238 0.019501
vt 0.803345 0.046661
vt 0.715942 0.575012
vt 0.816528 0.639557
vt 0.821442 0.557068
vt 0.838623 0.189667
vt 0.866974 0.066376
vt 0.716614 0.512482
vt 0.849457 0.510834
vt 0.559906 0.480469
vt 0.472565 0.429047
vt 0.470062 0.480469
vt 0.367981 0.429047
vt 0.367981 0.480469
vt 0.276642 0.011719
vt 0.333771 0.042969
vt 0.248077 0.082001
vt 0.381378 0.066376
vt 0.537659 0.589844
vt 0.771637 0.151917
vt 0.676544 0.121094
vt 0.914581 0.191376
vt 0.876495 0.191376
vt 0.914581 0.121094
vt 0.786377 0.422028
vt 0.655884 0.362732
vt 0.655884 0.422028
vt 0.543915 0.362732
vt 0.543915 0.422028
vt 0.426392 0.362732
vt 0.426392 0.422028
vt 0.470062 0.429047
vt 0.559906 0.429047
vt 0.636017 0.480469
vt 0.636017 0.429047
vt 0.737610 0.480469
vt 0.736115 0.429047
vt 0.841949 0.347626
vt 0.795288 0.347626
vt 0.795044 0.248993
vt 0.749847 0.188049
vt 0.676544 0.255005
vt 0.676544 0.169159
vt 0.866974 0.347626
vt 0.914581 0.019501
vt 0.467072 0.011719
vt 0.457550 0.089844
vt 0.419464 0.042969
vt 0.400421 0.144501
vt 0.343292 0.144501
vt 0.676544 0.066376
vt 0.628937 0.066376
vt 0.628937 0.121094
vt 0.581329 0.121094
vt 0.533722 0.121094
vt 0.490051 0.589844
vt 0.473694 0.589844
vt 0.628937 0.182037
vt 0.581329 0.157135
vt 0.533722 0.159729
vt 0.457550 0.199219
vt 0.409943 0.347626
vt 0.371857 0.347626
vt 0.009979 0.502594
vt 0.476593 0.347626
vt 0.533722 0.242126
vt 0.300598 0.989990
vt 0.189301 0.850861
vt 0.085052 0.907043
vt 0.074280 0.873627
vt 0.009979 0.908600
vt 0.009979 0.876129
vt 0.088287 0.803772
vt 0.192566 0.795410
vt 0.085938 0.750580
vt 0.930786 0.488251
vt 0.009979 0.412689
vt 0.009979 0.813995
vt 0.284698 0.796722
vt 0.009979 0.989990
vt 0.082642 0.989990
vt 0.095795 0.940430
vt 0.009979 0.771576
vt 0.009979 0.716980
vt 0.009979 0.941040
vt 0.835510 0.480469
vt 0.849457 0.644501
vt 0.367981 0.362732
vt 0.009979 0.581329
vt 0.849457 0.558594
vt 0.071411 0.718597
vt 0.121033 0.722626
vt 0.835510 0.429047
vt 0.009979 0.684540
vt 0.367981 0.422028
vt 0.009979 0.618988
vt 0.073364 0.128021
vt 0.054321 0.072601
vt 0.117859 0.128021
vt 0.225342 0.058441
vt 0.225342 0.128021
vt 0.169342 0.128021
vt 0.009979 0.128021
vt 0.111450 0.042877
vt 0.169342 0.058441
vt 0.009979 0.075592
vt 0.009979 0.260742
vt 0.009979 0.208252
vt 0.053589 0.208374
vt 0.009979 0.151154
vt 0.053589 0.151154
vt 0.053589 0.260742
vt 0.053589 0.321106
vt 0.009979 0.321106
vt 0.053589 0.380829
vt 0.009979 0.380829
vt 0.044800 0.049164
vt 0.009979 0.052155
vt 0.111450 0.009979
vt 0.169342 0.009979
vt 0.225342 0.009979
vt 0.343292 0.347626
vt 0.914581 0.347626
vt 0.676544 0.347626
vt 0.628937 0.347626
vt 0.533722 0.347626
vt 0.581329 0.347626
vt 0.581329 0.235260
vt 0.628937 0.257599
s 1
usemtl m_body63
f 629/226/484 630/227/485 631/228/486
f 632/227/487 633/226/488 634/229/489
f 634/229/489 633/226/488 635/230/490
f 634/229/489 635/230/490 636/231/491
f 637/232/492 638/233/493 639/234/494
f 640/235/495 641/236/496 642/237/497
f 643/232/498 644/238/499 645/239/500
f 646/236/501 647/235/502 648/240/503
f 649/241/504 650/242/505 651/243/506
f 651/243/506 650/242/505 652/244/500
f 651/243/506 652/244/500 653/245/500
f 653/245/500 652/244/500 654/242/507
f 653/245/500 654/242/507 655/243/508
f 655/243/508 654/242/507 656/241/509
f 655/243/508 656/241/509 657/246/510
f 657/246/510 656/241/509 658/247/511
f 657/246/510 658/247/511 659/248/511
f 659/248/511 658/247/511 660/249/512
f 661/250/513 662/234/514 663/232/498
f 663/232/498 662/234/514 664/233/493
f 663/232/498 664/233/493 665/238/499
f 665/238/499 664/233/493 666/232/492
f 665/238/499 666/232/492 667/239/515
f 667/239/515 666/232/492 668/251/516
f 667/239/515 668/251/516 669/252/517
f 669/252/517 668/251/516 670/253/518
f 669/252/517 670/253/518 671/254/519
f 671/254/519 670/253/518 672/231/520
f 671/254/519 672/231/520 673/255/521
f 673/255/521 672/231/520 674/256/522
f 673/255/521 674/256/522 675/257/523
f 675/257/523 674/256/522 676/258/524
f 675/257/523 676/258/524 677/256/525
f 677/256/525 676/258/524 678/236/526
f 677/256/525 678/236/526 679/229/489
f 679/229/489 678/236/526 648/240/527
f 679/229/489 648/240/527 680/227/487
f 680/227/487 648/240/527 681/235/502
f 680/227/487 681/235/502 682/228/486
f 683/251/528 684/259/529 685/260/530
f 686/256/525 687/229/489 688/231/491
f 689/257/531 690/256/532 691/255/533
f 691/255/533 690/256/532 688/231/491
f 691/255/533 688/231/491 692/253/534
f 692/253/534 688/231/491 693/230/535
f 692/253/534 693/230/535 694/259/536
f 694/259/536 693/230/535 695/261/537
f 694/259/536 695/261/537 685/260/538
f 685/260/538 695/261/537 696/262/539
f 685/260/538 696/262/539 697/250/513
f 698/243/540 699/246/541 700/241/542
f 700/241/542 699/246/541 701/248/543
f 700/241/542 701/248/543 702/247/544
f 702/247/544 701/248/543 703/263/545
f 704/264/546 705/252/547 706/251/548
f 706/251/548 705/252/547 707/254/549
f 708/259/536 709/251/528 710/253/534
f 710/253/534 709/251/528 711/254/549
f 710/253/534 711/254/549 712/255/533
f 713/252/550 714/264/551 715/239/500
f 715/239/500 714/264/551 716/251/528
f 715/239/500 716/251/528 717/232/552
f 717/232/552 716/251/528 718/260/538
f 717/232/552 718/260/538 719/250/513
f 720/265/553 721/266/512 722/267/554
f 723/265/555 724/268/556 725/269/557
f 726/266/558 727/265/559 728/269/557
f 729/268/556 730/265/560 731/270/561
f 731/270/561 730/265/560 732/271/562
f 731/270/561 732/271/562 733/272/563
f 734/267/554 735/273/564 736/265/559
f 736/265/559 735/273/564 737/274/565
f 736/265/559 737/274/565 738/271/566
f 738/271/566 737/274/565 739/275/567
f 738/271/566 739/275/567 740/272/568
f 741/248/544 742/276/557 743/263/556
f 744/277/569 745/278/570 746/279/571
f 746/279/571 745/278/570 747/280/572
f 746/279/571 747/280/572 748/281/573
f 748/281/573 747/280/572 749/282/574
f 748/281/573 749/282/574 750/283/575
f 750/283/575 749/282/574 751/281/576
f 750/283/575 751/281/576 752/284/577
f 752/284/577 751/281/576 753/285/578
f 752/284/577 753/285/578 754/286/579
f 754/286/579 753/285/578 755/287/580
f 754/286/579 755/287/580 756/288/581
f 756/288/581 755/287/580 757/289/582
f 756/288/581 757/289/582 758/290/583
f 758/290/583 757/289/582 759/291/584
f 758/290/583 759/291/584 760/292/585
f 760/292/585 759/291/584 761/293/586
f 762/294/587 763/295/588 764/296/589
f 765/297/590 766/298/591 767/295/588
f 767/295/588 766/298/591 768/299/592
f 767/295/588 768/299/592 769/296/593
f 769/296/593 768/299/592 770/300/594
f 771/301/595 772/302/596 773/303/597
f 773/303/597 772/302/596 774/304/598
f 775/305/599 776/306/600 777/307/601
f 776/306/600 778/308/602 779/307/603
f 779/307/603 778/308/602 780/309/604
f 779/307/603 780/309/604 781/310/605
f 782/311/606 783/312/607 784/313/608
f 784/313/608 783/312/607 785/277/609
f 784/313/608 785/277/609 786/314/610
f 786/314/610 785/277/609 787/278/611
f 786/314/610 787/278/611 788/315/612
f 789/316/613 790/317/614 791/318/615
f 791/318/615 790/317/614 792/319/616
f 791/318/615 792/319/616 793/320/617
f 793/320/617 792/319/616 794/321/618
f 793/320/617 794/321/618 795/322/619
f 796/323/620 797/324/621 798/325/622
f 798/325/622 797/324/621 799/323/623
f 798/325/622 799/323/623 800/280/624
f 800/280/624 799/323/623 801/278/625
f 800/280/624 801/278/625 802/279/626
f 802/279/626 801/278/625 803/277/627
f 802/279/626 803/277/627 804/326/628
f 804/326/628 803/277/627 805/312/629
f 804/326/628 805/312/629 806/327/630
f 807/328/631 808/329/632 809/297/590
f 809/297/590 808/329/632 775/305/599
f 809/297/590 775/305/599 810/298/633
f 810/298/633 775/305/599 777/307/601
f 810/298/633 777/307/601 811/299/634
f 811/299/634 777/307/601 812/310/635
f 811/299/634 812/310/635 813/300/636
f 814/294/637 815/302/596 816/295/638
f 816/295/638 815/302/596 817/301/595
f 816/295/638 817/301/595 818/297/590
f 818/297/590 817/301/595 819/303/639
f 818/297/590 819/303/639 820/328/640
f 820/328/640 819/303/639 821/304/641
f 820/328/640 821/304/641 822/317/642
f 822/317/642 821/304/641 823/330/643
f 822/317/642 823/330/643 824/319/644
f 824/319/644 823/330/643 825/331/645
f 824/319/644 825/331/645 826/321/646
f 826/321/646 825/331/645 827/332/647
f 826/321/646 827/332/647 828/322/648
f 828/322/648 827/332/647 829/333/649
f 828/322/648 829/333/649 830/334/650
f 830/334/650 829/333/649 831/335/651
f 832/278/652 833/323/653 834/280/654
f 834/280/654 833/323/653 835/325/655
f 834/280/654 835/325/655 836/282/574
f 836/282/574 835/325/655 837/280/624
f 836/282/574 837/280/624 838/281/576
f 838/281/576 837/280/624 839/279/656
f 838/281/576 839/279/656 840/285/657
f 840/285/657 839/279/656 804/326/628
f 840/285/657 804/326/628 841/287/580
f 841/287/580 804/326/628 806/327/630
f 841/287/580 806/327/630 842/336/658
f 842/336/658 806/327/630 805/312/629
f 842/336/658 805/312/629 843/316/613
f 843/316/613 805/312/629 844/311/606
f 843/316/613 844/311/606 845/317/659
f 845/317/659 844/311/606 846/337/660
f 845/317/659 846/337/660 847/328/661
f 848/338/662 849/339/663 850/340/664
f 851/341/488 852/342/665 853/343/666
f 854/344/667 855/345/664 856/346/668
f 857/347/669 858/348/670 859/349/671
f 860/350/672 861/351/673 862/352/674
f 863/353/675 859/349/671 864/354/676
f 865/355/677 866/352/674 867/356/678
f 868/357/679 869/358/537 870/359/680
f 870/359/680 869/358/537 871/360/535
f 870/359/680 871/360/535 872/361/681
f 873/362/682 874/363/683 875/364/684
f 875/364/684 874/363/683 876/365/685
f 877/338/686 850/340/664 878/366/687
f 849/339/663 879/338/662 880/355/688
f 880/355/688 879/338/662 881/350/672
f 880/355/688 881/350/672 882/352/674
f 883/349/671 884/367/689 885/347/690
f 885/347/690 884/367/689 886/368/691
f 887/369/692 888/370/693 889/371/694
f 852/342/665 851/341/488 890/372/695
f 890/372/695 851/341/488 891/373/696
f 890/372/695 891/373/696 892/374/697
f 892/374/697 891/373/696 893/375/502
f 892/374/697 893/375/502 894/376/698
f 894/376/698 893/375/502 895/377/699
f 894/376/698 895/377/699 896/378/700
f 897/379/701 868/357/679 898/380/702
f 898/380/702 868/357/679 899/381/703
f 898/380/702 899/381/703 900/382/513
f 900/382/513 899/381/703 901/383/704
f 900/382/513 901/383/704 902/384/705
f 903/385/706 904/386/707 905/353/675
f 905/353/675 904/386/707 906/387/708
f 905/353/675 906/387/708 907/388/709
f 907/388/709 906/387/708 908/389/710
f 907/388/709 908/389/710 909/390/711
f 910/391/712 911/385/706 912/370/693
f 912/370/693 911/385/706 913/353/675
f 912/370/693 913/353/675 889/371/684
f 889/371/684 913/353/675 914/354/632
f 889/371/684 914/354/632 915/392/631
f 916/345/664 917/344/667 918/393/687
f 918/393/687 917/344/667 919/394/713
f 918/393/687 919/394/713 920/395/714
f 920/395/714 919/394/713 921/396/715
f 920/395/714 921/396/715 876/365/685
f 876/365/685 921/396/715 922/397/716
f 876/365/685 922/397/716 875/364/684
f 923/348/717 885/347/690 924/398/718
f 924/398/718 885/347/690 925/368/691
f 924/398/718 925/368/691 926/399/719
f 926/399/719 925/368/691 927/400/720
f 926/399/719 927/400/720 928/346/721
f 928/346/721 927/400/720 929/401/722
f 928/346/721 929/401/722 930/344/667
f 930/344/667 929/401/722 931/402/723
f 930/344/667 931/402/723 932/394/713
f 933/351/673 934/350/672 935/315/724
f 935/315/724 934/350/672 848/338/662
f 935/315/724 848/338/662 936/314/725
f 936/314/725 848/338/662 878/366/726
f 936/314/725 878/366/726 937/313/608
f 937/313/608 878/366/726 938/403/727
f 937/313/608 938/403/727 939/311/606
f 939/311/606 938/403/727 940/404/728
f 939/311/606 940/404/728 941/337/683
f 883/349/671 942/353/675 884/367/689
f 884/367/689 942/353/675 943/388/709
f 884/367/689 943/388/709 886/368/691
f 886/368/691 943/388/709 944/390/711
f 886/368/691 944/390/711 945/400/720
f 945/400/720 944/390/711 946/405/729
f 945/400/720 946/405/729 947/401/722
f 947/401/722 946/405/729 948/406/730
f 947/401/722 948/406/730 931/402/723
f 931/402/723 948/406/730 949/407/731
f 931/402/723 949/407/731 932/394/713
f 932/394/713 949/407/731 950/408/732
f 932/394/713 950/408/732 951/396/733
f 951/396/733 950/408/732 952/409/734
f 951/396/733 952/409/734 953/410/735
f 954/318/736 955/336/737 956/316/613
f 957/296/738 958/295/739 959/294/740
f 960/295/739 961/302/741 962/294/742
f 963/305/743 964/329/744 965/297/745
f 965/297/745 964/329/744 966/328/746
f 967/311/747 968/317/748 969/337/749
f 969/337/749 968/317/748 966/328/750
f 970/356/678 971/352/751 972/355/752
f 973/308/753 974/306/754 975/307/755
f 975/307/755 974/306/754 976/305/743
f 975/307/755 976/305/743 977/298/756
f 977/298/756 976/305/743 965/297/757
f 978/295/758 979/296/738 980/299/759
f 980/299/759 979/296/738 981/300/760
f 980/299/759 981/300/760 982/310/761
f 983/301/762 984/303/763 985/302/764
f 985/302/764 984/303/763 986/304/765
f 987/366/766 988/340/767 989/338/768
f 989/338/768 988/340/767 990/339/769
f 989/338/768 990/339/769 991/355/770
f 992/309/771 993/308/753 994/310/772
f 994/310/772 993/308/753 995/307/773
f 994/310/772 995/307/773 996/299/759
f 996/299/759 995/307/773 977/298/756
f 996/299/759 977/298/756 997/295/774
f 997/295/774 977/298/756 965/297/757
f 998/352/751 999/351/775 991/355/776
f 991/355/776 999/351/775 1000/315/777
f 991/355/776 1000/315/777 1001/338/768
f 1001/338/768 1000/315/777 1002/314/778
f 1001/338/768 1002/314/778 1003/366/766
f 1003/366/766 1002/314/778 1004/313/779
f 1003/366/766 1004/313/779 1005/403/780
f 1005/403/780 1004/313/779 1006/311/747
f 1005/403/780 1006/311/747 1007/404/781
f 1007/404/781 1006/311/747 1008/337/782
f 1009/302/741 1010/295/739 1011/301/783
f 1011/301/783 1010/295/739 965/297/745
f 1011/301/783 965/297/745 1012/303/784
f 1012/303/784 965/297/745 966/328/746
f 1012/303/784 966/328/746 1013/304/785
f 1013/304/785 966/328/746 1014/317/786
f 1013/304/785 1014/317/786 1015/330/787
f 1015/330/787 1014/317/786 1016/319/788
f 1015/330/787 1016/319/788 1017/331/789
f 1017/331/789 1016/319/788 1018/321/790
f 1017/331/789 1018/321/790 1019/332/791
f 1020/226/792 1021/228/793 1022/227/794
f 1022/227/794 1021/228/793 1023/235/795
f 1024/250/796 1025/262/797 1026/260/798
f 1026/260/798 1025/262/797 1027/261/799
f 1026/260/798 1027/261/799 1028/259/800
f 1028/259/800 1027/261/799 1029/230/801
f 1030/230/802 1031/226/792 1032/229/803
f 1032/229/803 1031/226/792 1022/227/794
f 1032/229/803 1022/227/794 1033/236/804
f 1033/236/804 1022/227/794 1023/235/795
f 1033/236/804 1023/235/795 1034/237/805
f 1035/234/806 1036/250/807 1037/232/808
f 1037/232/808 1036/250/807 1038/260/798
f 1037/232/808 1038/260/798 1039/251/516
f 1039/251/516 1038/260/798 1040/259/809
f 1039/251/516 1040/259/809 1041/253/518
f 1041/253/518 1040/259/809 1042/230/810
f 1041/253/518 1042/230/810 1043/231/520
f 1043/231/520 1042/230/810 1044/229/811
f 1043/231/520 1044/229/811 1045/256/522
f 1045/256/522 1044/229/811 1046/236/812
f 1045/256/522 1046/236/812 1047/411/813
f 1048/349/743 1049/353/814 1050/354/815
f 1051/375/816 1052/378/817 1053/377/805
f 1054/357/818 1055/359/819 1056/358/799
f 1056/358/799 1055/359/819 1057/361/820
f 1056/358/799 1057/361/820 1058/360/801
f 1059/362/746 1060/364/821 1061/363/822
f 1061/363/822 1060/364/821 1062/365/781
f 1063/410/823 1064/396/824 1065/397/825
f 1066/390/826 1067/389/827 1068/388/828
f 1068/388/828 1067/389/827 1069/387/829
f 1070/409/830 1071/412/831 1072/408/832
f 1072/408/832 1071/412/831 1073/413/833
f 1072/408/832 1073/413/833 1074/407/834
f 1075/353/835 1076/349/743 1077/367/836
f 1077/367/836 1076/349/743 1078/347/837
f 1077/367/836 1078/347/837 1079/368/838
f 1080/379/839 1081/380/840 1054/357/841
f 1054/357/841 1081/380/840 1082/382/842
f 1054/357/841 1082/382/842 1083/381/843
f 1083/381/843 1082/382/842 1084/384/806
f 1083/381/843 1084/384/806 1085/383/844
f 1086/378/817 1087/375/845 1088/376/846
f 1088/376/846 1087/375/845 1089/373/793
f 1088/376/846 1089/373/793 1090/374/847
f 1090/374/847 1089/373/793 1091/341/848
f 1090/374/847 1091/341/848 1092/372/849
f 1092/372/849 1091/341/848 1093/343/850
f 1092/372/849 1093/343/850 1094/342/820
f 1095/364/851 1096/397/852 1097/365/781
f 1097/365/781 1096/397/852 1098/396/853
f 1097/365/781 1098/396/853 1099/395/854
f 1099/395/854 1098/396/853 1100/394/855
f 1099/395/854 1100/394/855 1101/393/766
f 1101/393/766 1100/394/855 1102/344/856
f 1101/393/766 1102/344/856 1103/345/857
f 1103/345/857 1102/344/856 1104/346/858
f 1105/392/859 1050/354/815 1106/371/860
f 1106/371/860 1050/354/815 1049/353/814
f 1106/371/860 1049/353/814 1107/370/861
f 1107/370/861 1049/353/814 1108/385/862
f 1107/370/861 1108/385/862 1109/391/863
f 1048/349/864 1110/348/865 1111/347/866
f 1111/347/866 1110/348/865 1112/398/867
f 1111/347/866 1112/398/867 1113/368/868
f 1113/368/868 1112/398/867 1114/399/869
f 1113/368/868 1114/399/869 1115/400/870
f 1115/400/870 1114/399/869 1116/346/871
f 1115/400/870 1116/346/871 1117/401/872
f 1117/401/872 1116/346/871 1118/344/873
f 1117/401/872 1118/344/873 1119/402/874
f 1119/402/874 1118/344/873 1120/394/855
f 1121/410/875 1122/409/876 1123/396/877
f 1123/396/877 1122/409/876 1124/408/878
f 1123/396/877 1124/408/878 1125/394/855
f 1125/394/855 1124/408/878 1126/407/834
f 1125/394/855 1126/407/834 1127/402/874
f 1127/402/874 1126/407/834 1128/406/879
f 1127/402/874 1128/406/879 1129/401/872
f 1129/401/872 1128/406/879 1130/405/729
f 1129/401/872 1130/405/729 1131/400/870
f 1131/400/870 1130/405/729 1132/390/826
f 1131/400/870 1132/390/826 1133/368/868
f 1133/368/868 1132/390/826 1134/388/880
f 1133/368/868 1134/388/880 1135/367/836
f 1135/367/836 1134/388/880 1136/387/881
f 1135/367/836 1136/387/881 1137/353/835
f 1137/353/835 1136/387/881 1138/386/882
f 1137/353/835 1138/386/882 1139/385/862
f 1140/320/883 1141/293/884 1142/414/885
f 1143/285/886 1144/287/887 1145/326/888
f 1146/320/883 1142/414/889 1147/322/890
f 1147/322/890 1142/414/889 1148/334/891
f 1147/322/890 1148/334/891 1149/333/892
f 1150/318/893 1151/316/894 1152/336/895
f 1152/336/895 1151/316/894 1153/312/896
f 1152/336/895 1153/312/896 1154/327/897
f 1155/281/573 1156/285/886 1157/279/898
f 1157/279/898 1156/285/886 1158/326/888
f 1157/279/898 1158/326/888 1159/277/569
f 1160/293/884 1161/320/899 1162/291/900
f 1162/291/900 1161/320/899 1163/318/893
f 1162/291/900 1163/318/893 1164/289/901
f 1164/289/901 1163/318/893 1152/336/895
f 1164/289/901 1152/336/895 1165/287/887
f 1165/287/887 1152/336/895 1154/327/897
f 1165/287/887 1154/327/897 1166/326/888
f 1166/326/888 1154/327/897 1153/312/896
f 1166/326/888 1153/312/896 1159/277/902
f 1167/315/903 1168/278/904 1169/314/905
f 1169/314/905 1168/278/904 1170/277/569
f 1169/314/905 1170/277/569 1171/313/779
f 1171/313/779 1170/277/569 1172/312/906
f 1171/313/779 1172/312/906 1173/311/907
f 1173/311/907 1172/312/906 1174/316/908
f 1173/311/907 1174/316/908 1175/317/909
f 1175/317/909 1174/316/908 1176/318/910
f 1175/317/909 1176/318/910 1177/319/911
f 1177/319/911 1176/318/910 1178/320/883
f 1177/319/911 1178/320/883 1179/321/790
f 1179/321/790 1178/320/883 1180/322/912
f 1179/321/790 1180/322/912 1181/332/913
f 1181/332/913 1180/322/912 1182/333/892
f 1181/332/913 1182/333/892 1183/415/914
f 1183/415/914 1182/333/892 1184/416/915
f 1183/415/914 1184/416/915 1185/417/916
f 1185/417/916 1184/416/915 1186/418/917
f 1185/417/916 1186/418/917 1187/419/918
f 1187/419/918 1186/418/917 1188/416/919
f 1187/419/918 1188/416/919 1189/417/920
f 1189/417/920 1188/416/919 1190/415/921
f 1189/417/920 1190/415/921 1191/420/922
f 1191/420/922 1190/415/921 1192/421/923
f 1191/420/922 1192/421/923 1193/422/924
f 1194/423/925 1195/249/512 1196/247/511
f 1197/255/926 1198/424/927 1199/257/523
f 1199/257/523 1198/424/927 1200/255/928
f 1201/411/813 1202/258/929 1203/256/522
f 1204/258/929 1205/411/813 1206/236/526
f 1207/322/619 1208/414/930 1209/320/931
f 1210/420/932 1211/417/916 1212/419/933
f 1210/420/932 1213/422/934 1214/421/935
f 1215/284/936 1216/281/573 1217/283/575
f 1212/419/933 1218/425/937 1210/420/932
f 1219/414/938 1207/322/648 1220/334/650
f 1221/330/643 1222/426/939 1223/331/645
f 1223/331/645 1222/426/939 1224/421/923
f 1223/331/645 1224/421/923 1225/415/940
f 1226/332/791 1227/415/941 1228/331/789
f 1229/427/942 1230/428/943 1231/429/944
f 1231/429/944 1230/428/943 1232/335/651
f 1231/429/944 1232/335/651 1233/333/945
f 1234/420/946 1235/422/924 1236/430/947
f 1236/430/947 1235/422/924 1237/431/948
f 1236/430/947 1237/431/948 1213/422/934
f 1238/335/949 1239/428/950 1240/429/951
f 1240/429/951 1239/428/950 1241/427/952
f 1240/429/951 1241/427/952 1242/432/953
f 1242/432/953 1241/427/952 1243/429/944
f 1242/432/953 1243/429/944 1244/416/954
f 1244/416/954 1243/429/944 1233/333/955
f 1244/416/954 1233/333/955 1245/415/921
f 1245/415/921 1233/333/955 1246/332/956
f 1245/415/921 1246/332/956 1247/331/957
f 1244/416/954 1248/418/917 1242/432/953
f 1242/432/953 1248/418/917 1249/416/958
f 1242/432/953 1249/416/958 1250/429/959
f 1250/429/959 1249/416/958 1251/333/960
f 1250/429/959 1251/333/960 1252/335/961
f 1252/335/961 1251/333/960 1253/334/891
f 1211/417/916 1210/420/932 1227/415/941
f 1227/415/941 1210/420/932 1214/421/935
f 1227/415/941 1214/421/935 1228/331/789
f 1228/331/789 1214/421/935 1254/426/962
f 1228/331/789 1254/426/962 1255/330/787
f 1256/422/934 1257/420/963 1258/430/964
f 1258/430/964 1257/420/963 1259/425/965
f 1258/430/964 1259/425/965 1260/420/946
f 1260/420/946 1259/425/965 1261/419/933
f 1260/420/946 1261/419/933 1262/417/920
f 1263/287/966 1264/336/737 1265/289/967
f 1265/289/967 1264/336/737 1266/318/968
f 1265/289/967 1266/318/968 1267/291/969
f 1267/291/969 1266/318/968 1209/320/931
f 1267/291/969 1209/320/931 1268/293/970
f 1268/293/970 1209/320/931 1208/414/930
f 1269/281/573 1270/284/936 1271/285/971
f 1271/285/971 1270/284/936 1272/286/972
f 1271/285/971 1272/286/972 1273/287/887
f 1273/287/887 1272/286/972 1274/288/973
f 1273/287/887 1274/288/973 1275/289/974
f 1275/289/974 1274/288/973 1276/290/975
f 1275/289/974 1276/290/975 1277/291/976
f 1277/291/976 1276/290/975 1278/292/977
f 1277/291/976 1278/292/977 1279/293/884
f 1280/433/978 1281/384/979 1282/383/980
f 1283/352/981 1284/434/982 1285/351/983
f 1286/435/984 1287/378/700 1288/377/699
f 1289/236/804 1290/237/805 1291/436/984
f 1284/434/982 1292/437/985 1293/352/986
f 1294/431/948 1295/422/924 1296/438/987
f 1296/438/987 1295/422/924 1297/439/988
f 1298/426/962 1299/304/785 1300/330/787
f 1301/421/989 1302/294/990 1298/426/962
f 1298/426/962 1302/294/990 1303/302/991
f 1298/426/962 1303/302/991 1299/304/785
f 1281/384/979 1280/433/978 1304/440/493
f 1304/440/493 1280/433/978 1305/383/844
f 1304/440/493 1305/383/844 1306/384/992
f 1307/237/699 1308/236/496 1291/436/984
f 1291/436/984 1308/236/496 1309/411/813
f 1291/436/984 1309/411/813 1289/236/804
f 1310/324/993 1311/351/994 1312/323/995
f 1312/323/995 1311/351/994 1313/315/724
f 1312/323/995 1313/315/724 1314/278/996
f 1284/434/982 1283/352/981 1292/437/985
f 1292/437/985 1283/352/981 1315/356/997
f 1292/437/985 1315/356/997 1293/352/986
f 1316/294/998 1317/421/999 1318/426/939
f 1319/439/1000 1320/422/934 1321/438/987
f 1321/438/987 1320/422/934 1294/431/948
f 1321/438/987 1294/431/948 1322/441/1001
f 1322/441/1001 1294/431/948 1296/438/987
f 1287/378/700 1286/435/984 1323/442/1002
f 1323/442/1002 1286/435/984 1324/377/805
f 1323/442/1002 1324/377/805 1325/378/1003
f 1326/330/643 1327/304/641 1318/426/939
f 1318/426/939 1327/304/641 1328/302/1004
f 1318/426/939 1328/302/1004 1316/294/998
f 1329/278/652 1330/315/777 1331/323/1005
f 1331/323/1005 1330/315/777 1285/351/983
f 1331/323/1005 1285/351/983 1310/324/993
f 1310/324/993 1285/351/983 1284/434/982
f 1310/324/993 1284/434/982 1311/351/994
f 1311/351/994 1284/434/982 1293/352/986
f 1301/421/989 1320/422/934 1302/294/990
f 1302/294/990 1320/422/934 1319/439/1000
f 1302/294/990 1319/439/1000 1332/296/738
f 1332/296/738 1319/439/1000 1321/438/987
f 1332/296/738 1321/438/987 1333/300/1006
f 1333/300/1006 1321/438/987 1322/441/1001
f 1333/300/1006 1322/441/1001 1334/310/1007
f 1334/310/1007 1322/441/1001 1335/443/1008
f 1334/310/1007 1335/443/1008 1336/309/1009
f 1337/309/1010 1335/443/1008 1338/310/1011
f 1338/310/1011 1335/443/1008 1322/441/1001
f 1338/310/1011 1322/441/1001 1339/300/594
f 1339/300/594 1322/441/1001 1296/438/987
f 1339/300/594 1296/438/987 1340/296/593
f 1340/296/593 1296/438/987 1297/439/988
f 1340/296/593 1297/439/988 1316/294/998
f 1316/294/998 1297/439/988 1295/422/924
f 1316/294/998 1295/422/924 1317/421/999
f 1341/444/1012 1342/445/1013 1343/446/1014
f 1344/445/1015 1345/444/1016 1346/446/1017
f 1347/447/621 1348/448/1018 1349/449/1019
f 1350/445/1013 1351/444/1020 1352/450/1021
f 1353/445/1013 1354/451/1022 1355/446/1014
f 1355/446/1014 1354/451/1022 1356/452/1023
f 1355/446/1014 1356/452/1023 1349/449/1019
f 1349/449/1019 1356/452/1023 1357/447/993
f 1358/444/1024 1359/445/1025 1360/450/1021
f 1360/450/1021 1359/445/1025 1361/453/1026
f 1360/450/1021 1361/453/1026 1342/445/1013
f 1362/454/549 1363/455/547 1364/456/1027
f 1364/456/1027 1363/455/547 1365/457/551
f 1364/456/1027 1365/457/551 1366/458/1028
f 1366/458/1028 1365/457/551 1367/455/517
f 1366/458/1028 1367/455/517 1368/456/1019
f 1368/456/1019 1367/455/517 1369/459/1014
f 1370/448/1028 1371/447/621 1372/449/1027
f 1372/449/1027 1371/447/621 1373/452/1029
f 1372/449/1027 1373/452/1029 1374/446/1017
f 1374/446/1017 1373/452/1029 1375/451/1030
f 1374/446/1017 1375/451/1030 1376/445/1015
f 1364/456/1027 1377/459/1017 1362/454/549
f 1362/454/549 1377/459/1017 1378/460/1031
f 1362/454/549 1378/460/1031 1379/461/533
f 1379/461/533 1378/460/1031 1380/462/1021
f 1379/461/533 1380/462/1021 1381/463/927
f 1381/463/927 1380/462/1021 1382/460/1020
f 1381/463/927 1382/460/1020 1383/461/521
f 1383/461/521 1382/460/1020 1369/459/1014
f 1383/461/521 1369/459/1014 1384/454/519
f 1384/454/519 1369/459/1014 1367/455/517
f 1385/464/1032 1386/445/1033 1387/465/1034
f 1386/445/1033 1385/464/1032 1388/451/1035
f 1388/451/1035 1385/464/1032 1389/466/1036
f 1388/451/1035 1389/466/1036 1390/452/1037
f 1390/452/1037 1389/466/1036 1391/467/1038
f 1390/452/1037 1391/467/1038 1392/447/621
f 1391/467/1038 1393/468/1039 1392/447/621
f 1392/447/621 1393/468/1039 1394/467/1040
f 1392/447/621 1394/467/1040 1395/452/1041
f 1395/452/1041 1394/467/1040 1396/466/1042
f 1395/452/1041 1396/466/1042 1397/451/1043
f 1397/451/1043 1396/466/1042 1398/464/1044
f 1397/451/1043 1398/464/1044 1399/445/1025
f 1399/445/1025 1398/464/1044 1387/465/1034
f 1399/445/1025 1387/465/1034 1400/453/1045
f 1400/453/1045 1387/465/1034 1386/445/1033
f 1401/370/861 1402/369/1046 1403/371/851
f 1404/369/825 1405/370/1047 1406/391/863
f 1407/397/1046 1408/469/1048 1409/410/823
f 1410/391/1049 1411/470/1050 1412/369/1051
f 1413/386/882 1414/387/1052 1415/471/1053
f 1415/471/1053 1414/387/1052 1416/389/827
f 1415/471/1053 1416/389/827 1417/472/1054
f 1418/412/1055 1419/473/1056 1420/413/1057
f 1420/413/1057 1419/473/1056 1421/474/1058
f 1420/413/1057 1421/474/1058 1422/475/1059
f 1422/475/1059 1421/474/1058 1417/472/1054
f 1422/475/1059 1417/472/1054 1423/476/1060
f 1423/476/1060 1417/472/1054 1416/389/827
f 1423/476/1060 1416/389/827 1424/390/1061
f 1424/390/1061 1425/405/729 1423/476/1060
f 1423/476/1060 1425/405/729 1426/406/1062
f 1423/476/1060 1426/406/1062 1422/475/1059
f 1422/475/1059 1426/406/1062 1427/407/834
f 1422/475/1059 1427/407/834 1420/413/1057
f 1428/370/1063 1429/369/1064 1430/391/1065
f 1431/407/731 1432/413/1066 1433/408/1067
f 1433/408/1067 1432/413/1066 1434/412/1068
f 1433/408/1067 1434/412/1068 1435/409/1069
f 1436/397/1064 1437/396/733 1438/410/1070
f 1439/474/1071 1440/475/1072 1441/472/1073
f 1442/413/1074 1443/407/731 1440/475/1072
f 1444/406/1075 1445/405/729 1446/476/1076
f 1446/476/1076 1445/405/729 1447/390/1077
f 1446/476/1076 1447/390/1077 1448/389/710
f 1440/475/1072 1439/474/1071 1442/413/1074
f 1442/413/1074 1439/474/1071 1449/473/1078
f 1442/413/1074 1449/473/1078 1450/412/1079
f 1451/369/1080 1452/470/1081 1453/391/1082
f 1454/410/1070 1455/469/1083 1456/397/716
f 1443/407/731 1444/406/1075 1440/475/1072
f 1440/475/1072 1444/406/1075 1446/476/1076
f 1440/475/1072 1446/476/1076 1441/472/1073
f 1441/472/1073 1446/476/1076 1448/389/710
f 1441/472/1073 1448/389/710 1457/471/1084
f 1457/471/1084 1448/389/710 1458/387/1085
f 1457/471/1084 1458/387/1085 1459/386/707
o editpl_m-0000-98
v -11.394870 -3.740186 -7.654527
v -14.502316 0.038559 -1.479497
v -11.576386 0.038559 -5.909020
v 15.371967 -4.591689 7.487897
v 12.930983 -0.530180 7.029103
v 10.536056 -0.684415 8.634133
v -15.371967 -4.591689 7.487897
v -10.536056 -0.684415 8.634133
v -12.930983 -0.530180 7.029103
v -15.344875 -0.266697 4.414579
v -15.371967 -4.591689 7.487897
v -11.394870 -3.740186 -7.654527
v -16.555885 -4.077574 -0.511846
v -7.052032 -0.758319 10.107652
v -10.536056 -0.684415 8.634133
v -8.905121 -5.195773 11.213538
v 15.371967 -4.591689 7.487897
v 10.536056 -0.684415 8.634133
v 8.905121 -5.195773 11.213538
v -0.804631 -23.302259 1.253838
v -2.083370 -19.645618 -11.313664
v 0.000000 -18.610962 -9.395550
v -2.649592 -15.201737 -13.212352
v 0.000000 -14.822578 -11.247162
v 3.844346 -9.385812 -12.366499
v 11.552004 -8.608213 -9.991832
v 6.060467 -14.957533 -13.706265
v 12.930983 -0.530180 7.029103
v 15.371967 -4.591689 7.487897
v 15.344875 -0.266697 4.414579
v 16.555885 -4.077574 -0.511846
v 14.502316 0.038559 -1.479497
v 11.394870 -3.740186 -7.654527
v 11.576386 0.038559 -5.909020
v -6.962629 0.038558 -6.937195
v -11.394870 -3.740186 -7.654527
v -4.248016 0.038558 -8.220920
v 0.000000 -3.627725 -10.515634
v -2.134845 0.038558 -8.805247
v 0.000000 0.038558 -8.170109
v 2.134845 0.038558 -8.805247
v 0.000000 -3.627725 -10.515634
v 4.248016 0.038558 -8.220920
v 11.394870 -3.740186 -7.654527
v 6.962629 0.038558 -6.937195
v 0.000000 -3.627725 -10.515634
v -3.844346 -9.385812 -12.366499
v -11.552004 -8.608213 -9.991832
v -17.208801 -8.588933 -0.936266
v -16.187435 -9.816381 9.767668
v -2.649592 -15.201737 -13.212352
v 0.000000 -10.137705 -11.872586
v 2.649592 -15.201737 -13.212352
v 0.000000 -18.610962 -9.395550
v 2.083370 -19.645618 -11.313664
v 0.804631 -23.302259 1.253838
v 0.000000 -10.137705 -11.872586
v 3.844346 -9.385812 -12.366499
v 2.649592 -15.201737 -13.212352
v 2.083370 -19.645618 -11.313664
v 6.152580 -20.683487 -11.271820
v 0.804631 -23.302259 1.253838
v 0.999693 -23.784243 1.362932
v -8.160093 -13.958220 11.856896
v 0.000000 -10.973140 12.409092
v 0.000000 -16.560926 13.594931
v 8.160093 -13.958220 11.856896
v 0.000000 -19.205404 13.234025
v 3.922913 -19.221474 7.991524
v 16.555885 -4.077574 -0.511846
v 11.552004 -8.608213 -9.991832
v 3.844346 -9.385812 -12.366499
v 0.000000 -3.627725 -10.515634
v 0.000000 -10.137705 -11.872586
v -3.844346 -9.385812 -12.366499
v -2.649592 -15.201737 -13.212352
v -6.060467 -14.957533 -13.706265
v -2.083370 -19.645618 -11.313664
v -6.152580 -20.683487 -11.271820
v -0.804631 -23.302259 1.253838
v -0.999693 -23.784243 1.362932
v 1.246229 -28.064251 0.692675
v 5.786839 -22.862049 -9.243863
v 6.022539 -30.168907 -9.395549
v 14.900568 -22.588926 -9.480732
v 14.881603 -35.091560 -8.922557
v 19.267790 -22.640337 1.002025
v 19.395121 -34.349304 0.999784
v 1.246229 -28.064251 0.692675
v 0.999693 -23.784243 1.362932
v 5.786839 -22.862049 -9.243863
v 6.152580 -20.683487 -11.271820
v 14.900568 -22.588926 -9.480732
v 6.060467 -14.957533 -13.706265
v 12.595043 -14.221706 -11.368212
v 11.552004 -8.608213 -9.991832
v 17.208801 -8.588933 -0.936266
v 16.555885 -4.077574 -0.511846
v 16.187435 -9.816381 9.767668
v 15.371967 -4.591689 7.487897
v 8.160093 -13.958220 11.856896
v 8.905121 -5.195773 11.213538
v 0.000000 -10.973140 12.409092
v 0.000000 -5.542801 13.231034
v -8.905121 -5.195773 11.213538
v -5.060775 -0.912553 11.595368
v -7.052032 -0.758319 10.107652
v 0.000000 4.771630 9.748239
v 0.000000 -0.938259 12.270108
v 3.158920 4.771630 10.041149
v -3.158920 4.771630 10.041149
v -5.060775 -0.912553 11.595368
v -2.134845 0.038558 -8.805247
v -1.167663 5.600639 -8.009457
v 0.000000 0.038558 -8.170109
v 5.060775 -0.912553 11.595368
v 7.052032 -0.758319 10.107652
v 6.320550 5.240759 8.717822
v 9.847921 4.620608 6.297575
v -7.052032 -0.758319 10.107652
v -6.320550 5.240759 8.717822
v -9.847921 4.620608 6.297575
v -13.212740 5.600640 -0.889192
v -15.344875 -0.266697 4.414579
v -12.708830 5.600640 2.820756
v -12.930983 -0.530180 7.029103
v -10.536056 -0.684415 8.634133
v 10.536056 -0.684415 8.634133
v 12.930983 -0.530180 7.029103
v 12.708830 5.600640 2.820756
v 15.344875 -0.266697 4.414579
v 13.212740 5.600640 -0.889192
v -1.167663 5.600639 -8.009457
v -4.212797 5.600639 -7.205448
v -4.248016 0.038558 -8.220920
v -6.548122 5.600639 -5.737906
v -6.962629 0.038558 -6.937195
v -9.636603 5.600639 -4.773993
v -11.576386 0.038559 -5.909020
v -13.212740 5.600640 -0.889192
v -14.502316 0.038559 -1.479497
v -15.344875 -0.266697 4.414579
v 14.502316 0.038559 -1.479497
v 11.576386 0.038559 -5.909020
v 9.636603 5.600639 -4.773993
v 6.962629 0.038558 -6.937195
v 6.548122 5.600639 -5.737906
v 4.248016 0.038558 -8.220920
v 4.212797 5.600639 -7.205448
v 2.134845 0.038558 -8.805247
v 1.167663 5.600639 -8.009457
v 0.000000 5.600639 -7.210679
v -8.160093 -13.958220 11.856896
v 0.000000 -19.205404 13.234025
v 0.000000 -16.560926 13.594931
v -8.160093 -13.958220 11.856896
v -8.734442 -15.889364 11.511680
v -4.386185 -19.905888 7.821906
v 0.000000 -19.205404 13.234025
v -8.160093 -13.958220 11.856896
v -3.922913 -19.221474 7.991524
v -4.386185 -19.905888 7.821906
v -0.999693 -23.784243 1.362932
v -8.734442 -15.889364 11.511680
v -8.160093 -13.958220 11.856896
v -16.187435 -9.816381 9.767668
v -15.371967 -4.591689 7.487897
v -16.555885 -4.077574 -0.511846
v -15.344875 -0.266697 4.414579
v -14.502316 0.038559 -1.479497
v 0.000000 -3.749827 -10.693473
v 0.000000 -1.706220 -10.630706
v 11.538458 -3.920128 -8.543719
v -9.850630 -3.348173 11.773206
v -9.877722 -5.658477 11.874828
v 0.000000 -3.695200 13.534405
v -11.538458 -3.920128 -8.543719
v 10.536056 -0.684415 8.634133
v 7.052032 -0.758319 10.107652
v 8.905121 -5.195773 11.213538
v 5.060775 -0.912553 11.595368
v 0.000000 -5.542801 13.231034
v 0.000000 -0.938259 12.270108
v -5.060775 -0.912553 11.595368
v -16.038429 -5.215054 8.219426
v -15.881296 -2.866190 8.120045
v -17.346970 -4.218956 -0.549207
v -16.772621 -2.133577 -0.179333
v -11.486983 -1.802617 -8.166373
v 0.000000 -5.986225 13.615852
v 9.877722 -5.658477 11.874828
v 9.850630 -3.348173 11.773206
v 16.038429 -5.215054 8.219426
v 15.881296 -2.866190 8.120045
v 17.346970 -4.578836 -0.558921
v 16.772621 -2.133577 -0.188300
v 11.486983 -1.802617 -8.166373
v -19.267790 -22.640337 1.002025
v -19.395121 -34.349304 0.999784
v -14.337055 -35.769547 10.371424
v -19.267790 -22.640337 1.002025
v -15.271727 -24.250160 10.532822
v -0.999693 -23.784243 1.362932
v -0.804631 -23.302259 1.253838
v -3.922913 -19.221474 7.991524
v -14.900568 -22.588926 -9.480732
v -19.267790 -22.640337 1.002025
v -12.595043 -14.221706 -11.368212
v -19.395121 -34.349304 0.999784
v -19.267790 -22.640337 1.002025
v -14.881603 -35.091560 -8.922557
v -14.900568 -22.588926 -9.480732
v -6.022539 -30.168907 -9.395549
v -5.786839 -22.862049 -9.243863
v -1.246229 -28.064251 0.692675
v -12.595043 -14.221706 -11.368212
v -6.060467 -14.957533 -13.706265
v -6.152580 -20.683487 -11.271820
v -5.786839 -22.862049 -9.243863
v -0.999693 -23.784243 1.362932
v -1.246229 -28.064251 0.692675
v -3.844346 -9.385812 -12.366499
v -6.060467 -14.957533 -13.706265
v -11.552004 -8.608213 -9.991832
v -17.208801 -8.588933 -0.936266
v -16.187435 -9.816381 9.767668
v -8.734442 -15.889364 11.511680
v -6.648362 -25.728239 11.155257
v -4.386185 -19.905888 7.821906
v -1.246229 -28.064251 0.692675
v -0.999693 -23.784243 1.362932
v 14.900568 -22.588926 -9.480732
v 12.595043 -14.221706 -11.368212
v 19.267790 -22.640337 1.002025
v 17.208801 -8.588933 -0.936266
v 16.187435 -9.816381 9.767668
v 15.271727 -24.250160 10.532822
v 8.734442 -15.889364 11.511680
v 6.648362 -25.728239 11.155257
v 4.386185 -19.905888 7.821906
v 1.246229 -28.064251 0.692675
v 0.999693 -23.784243 1.362932
v 0.804631 -23.302259 1.253838
v 0.999693 -23.784243 1.362932
v 3.922913 -19.221474 7.991524
v 4.386185 -19.905888 7.821906
v 8.160093 -13.958220 11.856896
v 8.734442 -15.889364 11.511680
v 15.271727 -24.250160 10.532822
v 14.337055 -35.769547 10.371424
v 19.395121 -34.349304 0.999784
v 0.000000 -22.945593 6.822873
v 0.804631 -23.302259 1.253838
v 3.922913 -19.221474 7.991524
v 0.000000 -19.205404 13.234025
v -3.922913 -19.221474 7.991524
v -0.804631 -23.302259 1.253838
v 0.804631 -23.302259 1.253838
v 0.000000 -22.945593 6.822873
v 0.000000 -18.610962 -9.395550
v -0.804631 -23.302259 1.253838
v -5.686598 -55.415165 9.042119
v -5.675762 -49.644226 8.843359
v -12.028822 -49.383953 8.580337
v -6.298876 -53.734653 -7.964620
v -12.771141 -53.737865 -7.515540
v -13.491787 -51.051617 -7.616415
v -16.339149 -55.656158 0.203248
v -2.684811 -56.131714 0.814474
v -1.809742 -52.015579 0.671008
v -5.686598 -55.415165 9.042119
v -2.394928 -49.220081 0.662789
v -5.675762 -49.644226 8.843359
v -11.684754 -55.167747 8.426410
v -16.780748 -49.220081 0.013454
v -16.964973 -51.864559 0.410975
v -13.264214 -49.152603 -6.544901
v -3.462350 -69.659363 -0.576102
v -7.515304 -64.196892 5.256701
v -7.623672 -73.110359 5.869423
v -13.361745 -64.762421 5.475637
v -12.846998 -60.459919 -7.608942
v -13.941513 -68.043114 -10.263069
v -16.658834 -60.919411 -0.107595
v -17.856298 -67.551491 -0.968393
v -13.361745 -64.762421 5.475637
v -13.900875 -72.454865 5.869422
v -7.623672 -73.110359 5.869423
v -2.245922 -58.496643 0.000751
v -2.684811 -56.131714 0.814474
v -6.130906 -58.117481 8.223914
v -5.686598 -55.415165 9.042119
v -11.684754 -55.167747 8.426410
v -12.028822 -49.383953 8.580337
v -16.780748 -49.220081 0.013454
v -2.684811 -56.131714 0.814474
v -2.245922 -58.496643 0.000751
v -6.298876 -53.734653 -7.964620
v -6.409953 -56.819344 -7.396732
v -12.771141 -53.737865 -7.515540
v -12.887636 -56.244175 -8.684940
v -17.132944 -58.368114 -0.059026
v -12.351216 -58.213879 7.334721
v -13.272342 -59.781929 6.378278
v -6.236565 -60.193222 7.180794
v -3.714305 -63.615299 0.023916
v -2.245922 -58.496643 0.000751
v -6.236565 -60.193222 7.180794
v -6.130906 -58.117481 8.223914
v -12.351216 -58.213879 7.334721
v -11.684754 -55.167747 8.426410
v -16.339149 -55.656158 0.203248
v -16.964973 -51.864559 0.410975
v -13.491787 -51.051617 -7.616415
v -13.264214 -49.152603 -6.544901
v -6.298876 -53.734653 -7.964620
v -6.572505 -50.993778 -7.256254
v -2.684811 -56.131714 0.814474
v -4.955116 -49.175095 -6.858733
v -1.809742 -52.015579 0.671008
v -2.394928 -49.220081 0.662789
v -3.462350 -69.659363 -0.576102
v -3.714305 -63.615299 0.023916
v -7.515304 -64.196892 5.256701
v -6.236565 -60.193222 7.180794
v -13.272342 -59.781929 6.378278
v -16.658834 -60.919411 -0.107595
v -17.132944 -58.368114 -0.059026
v -12.846998 -60.459919 -7.608942
v -12.887636 -56.244175 -8.684940
v -6.897608 -60.533821 -7.608942
v -6.409953 -56.819344 -7.396732
v -3.714305 -63.615299 0.023916
v -2.245922 -58.496643 0.000751
v -6.027957 -92.225800 -9.455321
v -3.725142 -92.630661 0.272742
v -3.004496 -100.882210 -1.132031
v -13.667884 -97.820007 -2.463579
v -14.740725 -99.224190 2.128838
v -11.939418 -94.060547 3.348302
v -11.939418 -93.504654 -5.252953
v -7.696820 -93.594627 -4.852443
v -7.271477 -99.079590 -7.219637
v -8.642329 -94.060547 3.579941
v -6.136325 -99.098869 1.980142
v -5.981901 -93.623543 -0.433381
v -7.271477 -99.079590 -7.219637
v -7.696820 -93.594627 -4.852443
v -15.702489 -100.477341 6.234068
v -11.939418 -94.060547 3.348302
v -14.740725 -99.224190 2.128838
v -7.271477 -99.079590 -7.219637
v -12.250976 -99.079590 -7.367586
v -11.939418 -93.504654 -5.252953
v -13.667884 -97.820007 -2.463579
v -13.061025 -93.504654 -1.002016
v -11.939418 -94.060547 3.348302
v -3.004496 -100.882210 -1.132031
v -3.725142 -92.630661 0.272742
v -7.065578 -96.563644 11.100716
v -3.725142 -92.630661 0.272742
v -5.410261 -85.889328 -9.997805
v -4.367221 -88.803719 0.223426
v -3.725142 -92.630661 0.272742
v -6.027957 -92.225800 -9.455321
v -5.410261 -85.889328 -9.997805
v -10.018600 -95.021294 -12.194632
v -14.589010 -89.224648 -9.628677
v -10.140514 -102.620560 -11.200829
v -15.884005 -102.263893 -9.376863
v -14.916823 -94.555382 -10.053845
v -18.812643 -93.408257 -1.599792
v -15.702489 -100.477341 6.234068
v -12.218465 -96.374062 7.373579
v -11.939418 -94.060547 3.348302
v -8.558344 -96.274452 7.664995
v -8.642329 -94.060547 3.579941
v -5.740782 -99.744728 6.648029
v -6.136325 -99.098869 1.980142
v -19.565800 -100.936829 -1.132031
v -18.812643 -93.408257 -1.599792
v -15.483044 -96.721092 10.313146
v -13.944222 -90.117928 7.395247
v -6.149871 -90.477806 7.050780
v -3.725142 -92.630661 0.272742
v -4.367221 -88.803719 0.223426
v -3.004496 -100.882210 -1.132031
v -4.472879 -102.231758 -9.067513
v -6.027957 -92.225800 -9.455321
v -10.018600 -95.021294 -12.194632
v -14.589010 -89.224648 -9.628677
v -17.160034 -87.524857 -1.203018
v -13.944222 -90.117928 7.395247
v -13.196485 -87.463806 5.833558
v -6.987012 -87.817261 6.323734
v -17.021868 -78.826675 -0.588804
v -13.743742 -84.427315 6.541174
v -13.508042 -81.021301 5.122950
v -6.897608 -60.533821 -7.608942
v -13.941513 -68.043114 -10.263069
v -12.846998 -60.459919 -7.608942
v -13.196485 -87.463806 5.833558
v -6.987012 -87.817261 6.323734
v -7.103507 -85.388069 6.745914
v -13.900875 -72.454865 5.869422
v -17.856298 -67.551491 -0.968393
v -17.783150 -72.670151 -0.595529
v -4.757345 -79.572144 -0.588804
v -7.707657 -82.239113 5.328436
v -3.738688 -84.128487 -0.338485
v -4.367221 -88.803719 0.223426
v -18.113672 -82.862480 -0.822684
v -6.821751 -69.617592 -10.263068
v -6.957210 -80.121605 -8.576591
v -14.337055 -81.124123 -8.576591
v -5.410261 -85.889328 -9.997805
v -14.589010 -89.224648 -9.628677
v -3.714305 -63.615299 0.023916
v -3.462350 -69.659363 -0.576102
v -4.757345 -79.572144 -0.588804
v -3.738688 -84.128487 -0.338485
v -4.367221 -88.803719 0.223426
v -17.160034 -87.524857 -1.203018
v -7.623672 -73.110359 5.869423
v -3.462350 -69.659363 -0.576102
v 6.298876 -53.734653 -7.964620
v 2.245922 -58.496643 0.000751
v 2.684811 -56.131714 0.814474
v 2.684811 -56.131714 0.814474
v 6.572505 -50.993778 -7.256254
v 6.897608 -60.533821 -7.608942
v 12.887636 -56.244175 -8.684940
v 12.846998 -60.459919 -7.608942
v 7.623672 -73.110359 5.869423
v 7.515304 -64.196892 5.256701
v 3.462350 -69.659363 -0.576102
v 3.714305 -63.615299 0.023916
v 6.409953 -56.819344 -7.396732
v 12.771141 -53.737865 -7.515540
v 12.887636 -56.244175 -8.684940
v 6.572505 -50.993778 -7.256254
v 4.955116 -49.175095 -6.858733
v 1.809742 -52.015579 0.671008
v 2.394928 -49.220081 0.662789
v 13.264214 -49.152603 -6.544901
v 16.964973 -51.864559 0.410975
v 13.491787 -51.051617 -7.616415
v 16.339149 -55.656158 0.203248
v 12.028822 -49.383953 8.580337
v 11.684754 -55.167747 8.426410
v 16.780748 -49.220081 0.013454
v 5.675762 -49.644226 8.843359
v 2.394928 -49.220081 0.662789
v 5.686598 -55.415165 9.042119
v 12.887636 -56.244175 -8.684940
v 6.897608 -60.533821 -7.608942
v 6.409953 -56.819344 -7.396732
v 3.714305 -63.615299 0.023916
v 2.394928 -49.220081 0.662789
v 1.809742 -52.015579 0.671008
v 5.686598 -55.415165 9.042119
v 2.684811 -56.131714 0.814474
v 6.130906 -58.117481 8.223914
v 2.245922 -58.496643 0.000751
v 6.236565 -60.193222 7.180794
v 13.361745 -64.762421 5.475637
v 13.272342 -59.781929 6.378278
v 6.236565 -60.193222 7.180794
v 12.351216 -58.213879 7.334721
v 11.684754 -55.167747 8.426410
v 12.028822 -49.383953 8.580337
v 5.675762 -49.644226 8.843359
v 3.714305 -63.615299 0.023916
v 7.515304 -64.196892 5.256701
v 13.361745 -64.762421 5.475637
v 7.623672 -73.110359 5.869423
v 13.900875 -72.454865 5.869422
v 13.900875 -72.454865 5.869422
v 17.856298 -67.551491 -0.968393
v 13.361745 -64.762421 5.475637
v 16.658834 -60.919411 -0.107595
v 13.272342 -59.781929 6.378278
v 17.132944 -58.368114 -0.059026
v 12.351216 -58.213879 7.334721
v 16.339149 -55.656158 0.203248
v 11.684754 -55.167747 8.426410
v 16.964973 -51.864559 0.410975
v 16.780748 -49.220081 0.013454
v 13.264214 -49.152603 -6.544901
v 6.572505 -50.993778 -7.256254
v 13.264214 -49.152603 -6.544901
v 17.132944 -58.368114 -0.059026
v 12.846998 -60.459919 -7.608942
v 16.658834 -60.919411 -0.107595
v 13.941513 -68.043114 -10.263069
v 17.856298 -67.551491 -0.968393
v 14.916823 -94.555382 -10.053845
v 15.884005 -102.263893 -9.376863
v 10.140514 -102.620560 -11.200829
v 6.149871 -90.477806 7.050780
v 6.987012 -87.817261 6.323734
v 4.367221 -88.803719 0.223426
v 14.740725 -99.224190 2.128838
v 11.939418 -94.060547 3.348302
v 15.702489 -100.477341 6.234068
v 7.696820 -93.594627 -4.852443
v 7.271477 -99.079590 -7.219637
v 5.981901 -93.623543 -0.433381
v 6.136325 -99.098869 1.980142
v 8.642329 -94.060547 3.579941
v 11.939418 -94.060547 3.348302
v 14.740725 -99.224190 2.128838
v 13.667884 -97.820007 -2.463579
v 4.367221 -88.803719 0.223426
v 5.410261 -85.889328 -9.997805
v 3.725142 -92.630661 0.272742
v 15.884005 -102.263893 -9.376863
v 14.916823 -94.555382 -10.053845
v 18.812643 -93.408257 -1.599792
v 14.589010 -89.224648 -9.628677
v 10.018600 -95.021294 -12.194632
v 5.410261 -85.889328 -9.997805
v 6.027957 -92.225800 -9.455321
v 3.725142 -92.630661 0.272742
v 3.004496 -100.882210 -1.132031
v 7.065578 -96.563644 11.100716
v 3.725142 -92.630661 0.272742
v 3.004496 -100.882210 -1.132031
v 6.136325 -99.098869 1.980142
v 5.740782 -99.744728 6.648029
v 8.642329 -94.060547 3.579941
v 8.558344 -96.274452 7.664995
v 11.939418 -94.060547 3.348302
v 12.218465 -96.374062 7.373579
v 15.702489 -100.477341 6.234068
v 7.271477 -99.079590 -7.219637
v 7.696820 -93.594627 -4.852443
v 12.250976 -99.079590 -7.367586
v 11.939418 -93.504654 -5.252953
v 13.667884 -97.820007 -2.463579
v 13.061025 -93.504654 -1.002016
v 11.939418 -94.060547 3.348302
v 4.367221 -88.803719 0.223426
v 3.725142 -92.630661 0.272742
v 6.149871 -90.477806 7.050780
v 7.065578 -96.563644 11.100716
v 13.944222 -90.117928 7.395247
v 15.483044 -96.721092 10.313146
v 18.812643 -93.408257 -1.599792
v 19.565800 -100.936829 -1.132031
v 6.987012 -87.817261 6.323734
v 6.149871 -90.477806 7.050780
v 13.196485 -87.463806 5.833558
v 13.944222 -90.117928 7.395247
v 17.160034 -87.524857 -1.203018
v 18.812643 -93.408257 -1.599792
v 14.589010 -89.224648 -9.628677
v 10.018600 -95.021294 -12.194632
v 4.472879 -102.231758 -9.067513
v 17.783150 -72.670151 -0.595529
v 17.856298 -67.551491 -0.968393
v 13.900875 -72.454865 5.869422
v 3.714305 -63.615299 0.023916
v 6.821751 -69.617592 -10.263068
v 3.462350 -69.659363 -0.576102
v 14.337055 -81.124123 -8.576591
v 14.589010 -89.224648 -9.628677
v 5.410261 -85.889328 -9.997805
v 4.367221 -88.803719 0.223426
v 3.738688 -84.128487 -0.338485
v 13.941513 -68.043114 -10.263069
v 6.897608 -60.533821 -7.608942
v 3.738688 -84.128487 -0.338485
v 4.367221 -88.803719 0.223426
v 7.103507 -85.388069 6.745914
v 6.987012 -87.817261 6.323734
v 13.196485 -87.463806 5.833558
v 3.462350 -69.659363 -0.576102
v 4.757345 -79.572144 -0.588804
v 7.623672 -73.110359 5.869423
v 7.707657 -82.239113 5.328436
v 13.508042 -81.021301 5.122950
v 17.021868 -78.826675 -0.588804
v 17.160034 -87.524857 -1.203018
v 18.113672 -82.862480 -0.822684
v 13.743742 -84.427315 6.541174
v 4.757345 -79.572144 -0.588804
v 6.957210 -80.121605 -8.576591
v 12.846998 -60.459919 -7.608942
v -6.426208 -35.959129 10.947531
v -15.271727 -24.250160 10.532822
v -14.337055 -35.769547 10.371424
v -13.846691 -43.015354 -7.431852
v -5.797675 -42.989651 -7.432599
v -4.955116 -49.175095 -6.858733
v -2.394928 -49.220081 0.662789
v -13.264214 -49.152603 -6.544901
v -6.572505 -50.993778 -7.256254
v -19.395121 -34.349304 0.999784
v -14.881603 -35.091560 -8.922557
v -6.648362 -25.728239 11.155257
v -1.373561 -34.722038 0.960929
v -1.246229 -28.064251 0.692675
v -5.889788 -34.940536 -9.170634
v -6.022539 -30.168907 -9.395549
v -16.780748 -49.220081 0.013454
v -17.604343 -43.269199 0.880229
v -12.028822 -49.383953 8.580337
v -13.193775 -43.934338 9.388829
v -5.675762 -49.644226 8.843359
v -6.244692 -43.934338 9.695189
v -2.394928 -49.220081 0.662789
v -2.040023 -43.269199 0.880229
v -2.040023 -43.269199 0.880229
v -1.373561 -34.722038 0.960929
v -1.246229 -28.064251 0.692675
v 4.955116 -49.175095 -6.858733
v 5.797675 -42.989651 -7.432599
v 13.846691 -43.015354 -7.431852
v 5.889788 -34.940536 -9.170634
v 1.246229 -28.064251 0.692675
v 1.373561 -34.722038 0.960929
v 6.648362 -25.728239 11.155257
v 6.426208 -35.959129 10.947531
v 15.271727 -24.250160 10.532822
v 14.337055 -35.769547 10.371424
v 2.394928 -49.220081 0.662789
v 2.040023 -43.269199 0.880229
v 1.373561 -34.722038 0.960929
v 2.040023 -43.269199 0.880229
v 2.394928 -49.220081 0.662789
v 6.244692 -43.934338 9.695189
v 5.675762 -49.644226 8.843359
v 13.193775 -43.934338 9.388829
v 12.028822 -49.383953 8.580337
v 17.604343 -43.269199 0.880229
v 16.780748 -49.220081 0.013454
v 13.264214 -49.152603 -6.544901
v 19.395121 -34.349304 0.999784
v 14.881603 -35.091560 -8.922557
v 6.022539 -30.168907 -9.395549
v 1.246229 -28.064251 0.692675
v 6.572505 -50.993778 -7.256254
v -14.058008 -103.619865 21.405634
v -13.938804 -102.614128 21.190435
v -16.867443 -104.256088 10.113638
v -5.740782 -99.744728 6.648029
v -7.829571 -102.919388 2.072798
v -6.136325 -99.098869 1.980142
v -13.023096 -100.946472 19.716169
v -15.502009 -103.346748 14.225592
v -13.521588 -102.614128 20.143579
v -5.245000 -100.467705 13.783984
v -8.707350 -98.636169 11.686537
v -7.829571 -102.919388 2.072798
v -7.648055 -104.301071 -1.213478
v -6.136325 -99.098869 1.980142
v -6.954501 -104.301071 -7.022370
v -7.271477 -99.079590 -7.219637
v -7.780805 -103.619865 22.453985
v -5.179979 -104.211098 13.414110
v -15.477626 -102.919388 2.072798
v -14.740725 -99.224190 2.128838
v -13.938804 -101.438095 -1.765674
v -13.667884 -97.820007 -2.463579
v -12.250976 -99.079590 -7.367586
v -15.702489 -100.477341 6.234068
v -15.477626 -102.919388 2.072798
v -14.740725 -99.224190 2.128838
v -16.520666 -101.711220 10.422239
v -12.641100 -99.860405 15.243306
v -12.418946 -98.636169 11.439954
v -7.780805 -103.619865 22.453985
v -14.058008 -103.619865 21.405634
v -5.179979 -104.211098 13.414110
v -16.867443 -104.256088 10.113638
v -7.829571 -102.919388 2.072798
v -15.477626 -102.919388 2.072798
v -7.648055 -104.301071 -1.213478
v -14.155539 -104.301071 -1.213478
v -6.954501 -104.301071 -7.022370
v -12.668192 -104.301071 -7.319764
v -7.271477 -99.079590 -7.219637
v -6.954501 -104.301071 -7.022370
v -12.668192 -104.301071 -7.319764
v -14.155539 -104.301071 -1.213478
v -6.220310 -103.006142 16.094391
v -7.810607 -102.482391 22.294827
v -8.233241 -102.482391 21.247223
v -8.244078 -100.146378 20.662897
v -8.837391 -99.490883 15.802975
v -8.558344 -96.274452 7.664995
v -12.218465 -96.374062 7.373579
v -13.938804 -102.614128 21.190435
v 14.155539 -104.301071 -1.213478
v 6.954501 -104.301071 -7.022370
v 12.668192 -104.301071 -7.319764
v 8.707350 -98.636169 11.686537
v 8.558344 -96.274452 7.664995
v 5.740782 -99.744728 6.648029
v 14.740725 -99.224190 2.128838
v 15.477626 -102.919388 2.072798
v 13.938804 -101.438095 -1.765674
v 14.155539 -104.301071 -1.213478
v 12.668192 -104.301071 -7.319764
v 7.780805 -103.619865 22.453985
v 14.058008 -103.619865 21.405634
v 7.810607 -102.482391 22.294827
v 7.271477 -99.079590 -7.219637
v 6.954501 -104.301071 -7.022370
v 6.136325 -99.098869 1.980142
v 7.648055 -104.301071 -1.213478
v 7.829571 -102.919388 2.072798
v 14.740725 -99.224190 2.128838
v 15.702489 -100.477341 6.234068
v 15.477626 -102.919388 2.072798
v 16.867443 -104.256088 10.113638
v 13.023096 -100.946472 19.716169
v 12.641100 -99.860405 15.243306
v 8.244078 -100.146378 20.662897
v 8.837391 -99.490883 15.802975
v 5.245000 -100.467705 13.783984
v 6.136325 -99.098869 1.980142
v 7.829571 -102.919388 2.072798
v 6.954501 -104.301071 -7.022370
v 7.271477 -99.079590 -7.219637
v 12.250976 -99.079590 -7.367586
v 13.667884 -97.820007 -2.463579
v 7.648055 -104.301071 -1.213478
v 15.477626 -102.919388 2.072798
v 7.829571 -102.919388 2.072798
v 16.867443 -104.256088 10.113638
v 5.179979 -104.211098 13.414110
v 14.058008 -103.619865 21.405634
v 7.780805 -103.619865 22.453985
v 13.521588 -102.614128 20.143579
v 8.233241 -102.482391 21.247223
v 6.220310 -103.006142 16.094391
v 5.179979 -104.211098 13.414110
v 12.218465 -96.374062 7.373579
v 12.418946 -98.636169 11.439954
v 16.520666 -101.711220 10.422239
v 15.502009 -103.346748 14.225592
v 13.938804 -102.614128 21.190435
vn -0.4789 0.3768 -0.7929
vn -0.8788 0.2825 -0.3845
vn -0.5745 0.3148 -0.7555
vn 0.6530 0.3069 0.6924
vn 0.5753 0.4335 0.6936
vn 0.4329 0.3778 0.8185
vn -0.6530 0.3069 0.6924
vn -0.4329 0.3777 0.8185
vn -0.5753 0.4335 0.6936
vn -0.8973 0.3779 0.2283
vn -0.5754 0.4335 0.6936
vn -0.9499 0.2433 -0.1963
vn -0.4477 0.3456 0.8247
vn -0.4328 0.3778 0.8185
vn -0.3446 0.1645 0.9242
vn 0.6530 0.3068 0.6924
vn 0.3447 0.1645 0.9242
vn 0.6210 -0.7781 -0.0944
vn 0.3995 -0.5953 -0.6971
vn -0.0000 -0.6832 -0.7303
vn 0.4157 -0.1177 -0.9019
vn -0.0001 -0.2902 -0.9570
vn 0.0314 0.2901 -0.9565
vn 0.5658 0.3143 -0.7623
vn 0.0946 -0.0709 -0.9930
vn 0.5754 0.4335 0.6936
vn 0.6531 0.3068 0.6923
vn 0.8973 0.3778 0.2283
vn 0.9499 0.2434 -0.1963
vn 0.8788 0.2825 -0.3845
vn 0.4789 0.3768 -0.7929
vn 0.5745 0.3148 -0.7555
vn -0.5745 0.3148 -0.7556
vn -0.2977 0.3369 -0.8932
vn -0.4788 0.3768 -0.7929
vn -0.3454 0.2826 -0.8949
vn -0.0000 0.3835 -0.9235
vn -0.0471 0.2589 -0.9648
vn -0.0000 0.2758 -0.9612
vn 0.0471 0.2589 -0.9648
vn 0.3454 0.2826 -0.8949
vn 0.4788 0.3768 -0.7929
vn 0.2977 0.3369 -0.8932
vn 0.5745 0.3148 -0.7556
vn -0.0000 0.3209 -0.9471
vn -0.0314 0.2901 -0.9565
vn -0.5658 0.3144 -0.7623
vn -0.9515 0.1651 -0.2595
vn -0.7637 0.1418 0.6298
vn 0.4157 -0.1176 -0.9019
vn -0.0000 0.0940 -0.9956
vn -0.4157 -0.1176 -0.9019
vn -0.0000 -0.6831 -0.7303
vn -0.3995 -0.5953 -0.6972
vn -0.6210 -0.7781 -0.0944
vn -0.0000 0.0941 -0.9956
vn 0.0313 0.2901 -0.9565
vn -0.4156 -0.1176 -0.9019
vn 0.0945 -0.0709 -0.9930
vn -0.3702 -0.5909 -0.7168
vn -0.6210 -0.7781 -0.0943
vn -0.9511 -0.2987 0.0786
vn -0.1338 -0.1180 0.9839
vn -0.0000 0.0394 0.9992
vn -0.0000 0.0315 0.9995
vn 0.1338 -0.1181 0.9839
vn -0.0000 -0.6624 0.7491
vn 0.0157 -0.7491 0.6623
vn 0.5658 0.3144 -0.7623
vn -0.0313 0.2901 -0.9565
vn 0.4156 -0.1176 -0.9019
vn -0.0945 -0.0709 -0.9930
vn 0.3702 -0.5909 -0.7168
vn 0.6209 -0.7782 -0.0943
vn 0.9511 -0.2987 0.0786
vn -0.9987 -0.0393 0.0315
vn -0.6578 -0.2193 -0.7206
vn -0.5327 -0.0235 -0.8460
vn 0.3856 -0.1809 -0.9048
vn 0.5577 -0.0942 -0.8247
vn 0.9990 0.0314 -0.0315
vn 0.9918 -0.1259 0.0236
vn -0.9987 -0.0394 0.0315
vn -0.6579 -0.2193 -0.7205
vn -0.3702 -0.5908 -0.7168
vn 0.3855 -0.1810 -0.9048
vn 0.7078 0.1416 -0.6921
vn 0.9515 0.1651 -0.2595
vn 0.9499 0.2433 -0.1963
vn 0.7637 0.1417 0.6298
vn 0.6531 0.3068 0.6924
vn 0.1338 -0.1180 0.9839
vn 0.3446 0.1645 0.9242
vn -0.0000 0.0393 0.9992
vn -0.0000 0.0550 0.9985
vn -0.3150 0.2835 0.9057
vn -0.0000 0.3996 0.9167
vn -0.0000 0.3068 0.9518
vn 0.2350 0.3447 0.9088
vn -0.2350 0.3447 0.9088
vn -0.3151 0.2836 0.9057
vn -0.0470 0.2588 -0.9648
vn 0.2047 0.1417 -0.9685
vn -0.0000 0.2757 -0.9612
vn 0.3151 0.2836 0.9057
vn 0.4477 0.3456 0.8247
vn 0.4640 0.2517 0.8493
vn 0.5102 0.3846 0.7692
vn -0.4640 0.2517 0.8493
vn -0.5102 0.3846 0.7693
vn -0.8895 0.3385 -0.3070
vn -0.8973 0.3778 0.2283
vn -0.7423 0.4659 0.4817
vn -0.4329 0.3778 0.8185
vn 0.7423 0.4659 0.4817
vn 0.8895 0.3385 -0.3070
vn -0.0471 0.2588 -0.9648
vn -0.3467 0.1733 -0.9218
vn -0.4099 0.1970 -0.8906
vn -0.4089 0.2910 -0.8650
vn 0.4089 0.2909 -0.8650
vn 0.4099 0.1970 -0.8906
vn 0.3467 0.1733 -0.9218
vn 0.0471 0.2588 -0.9648
vn -0.2047 0.1417 -0.9685
vn -0.0000 0.1644 -0.9864
vn -0.1339 -0.1181 0.9839
vn -0.1338 -0.1181 0.9839
vn 0.1258 -0.0550 0.9905
vn 0.6604 -0.2280 0.7155
vn -0.0000 -0.6624 0.7492
vn -0.1338 -0.1181 0.9840
vn -0.0157 -0.7490 0.6624
vn 0.6604 -0.2280 0.7154
vn 0.9511 -0.2987 0.0785
vn -0.7637 0.1417 0.6299
vn -0.6530 0.3068 0.6924
vn -0.9499 0.2434 -0.1962
vn -0.8973 0.3778 0.2282
vn -0.8789 0.2825 -0.3845
vn -0.0000 0.0236 -0.9997
vn -0.0000 0.1018 -0.9948
vn 0.5424 0.1572 -0.8253
vn -0.4020 0.0473 0.9144
vn -0.2828 0.0393 0.9584
vn -0.5416 0.1648 -0.8243
vn 0.4328 0.3778 0.8185
vn 0.3150 0.2835 0.9057
vn -0.0000 0.0551 0.9985
vn -0.0000 0.3067 0.9518
vn -0.3150 0.2835 0.9058
vn -0.7289 0.0627 0.6818
vn -0.8991 0.1407 0.4144
vn -0.9711 0.2193 -0.0940
vn -0.9112 0.2357 -0.3378
vn -0.5569 0.1569 -0.8157
vn 0.2828 0.0393 0.9584
vn 0.4020 0.0473 0.9144
vn 0.7288 0.0627 0.6818
vn 0.9039 0.1258 0.4088
vn 0.9759 0.1968 -0.0945
vn 0.9164 0.2036 -0.3446
vn 0.5569 0.1569 -0.8157
vn -0.9990 0.0314 -0.0315
vn -0.9918 -0.1259 0.0236
vn -0.5572 -0.1020 0.8241
vn -0.9990 0.0315 -0.0314
vn -0.4312 -0.0314 0.9017
vn -0.3855 -0.1810 -0.9048
vn -0.9990 0.0315 -0.0315
vn -0.7078 0.1416 -0.6921
vn -0.9918 -0.1260 0.0236
vn -0.5577 -0.0942 -0.8247
vn -0.3856 -0.1809 -0.9048
vn 0.5327 -0.0235 -0.8460
vn 0.6578 -0.2192 -0.7205
vn 0.9987 -0.0393 0.0315
vn -0.0946 -0.0710 -0.9930
vn 0.3702 -0.5908 -0.7169
vn 0.6579 -0.2193 -0.7205
vn 0.9987 -0.0394 0.0315
vn -0.0946 -0.0709 -0.9930
vn -0.5658 0.3143 -0.7623
vn -0.7637 0.1417 0.6298
vn 0.6199 -0.0000 0.7847
vn 0.3855 -0.1809 -0.9048
vn 0.9990 0.0315 -0.0314
vn 0.4312 -0.0313 0.9017
vn -0.1258 -0.0550 0.9905
vn -0.6199 -0.0000 0.7847
vn -0.6604 -0.2280 0.7154
vn -0.6209 -0.7782 -0.0943
vn 0.0158 -0.7490 0.6623
vn -0.6604 -0.2281 0.7155
vn -0.1258 -0.0551 0.9905
vn 0.4313 -0.0314 0.9017
vn 0.5572 -0.1021 0.8241
vn -0.0000 -0.9720 0.2351
vn -0.6210 -0.7781 -0.0942
vn 0.0158 -0.7490 0.6624
vn -0.0158 -0.7491 0.6623
vn 0.6210 -0.7781 -0.0943
vn -0.6210 -0.7782 -0.0943
vn 0.0001 -0.9720 0.2352
vn -0.0001 -0.6831 -0.7303
vn 0.6210 -0.7782 -0.0943
vn 0.5953 -0.0862 0.7989
vn 0.4179 -0.0552 0.9068
vn -0.5356 -0.1260 0.8350
vn 0.4646 0.1417 -0.8741
vn -0.4154 0.0313 -0.9091
vn -0.6385 0.0867 -0.7647
vn -0.9997 0.0236 -0.0079
vn 0.9918 -0.0944 -0.0866
vn 0.9999 -0.0000 0.0158
vn 0.5952 -0.0861 0.7989
vn 0.9943 0.0627 0.0861
vn -0.5976 -0.1100 0.7942
vn -0.9903 -0.0393 0.1336
vn -0.5351 0.1338 -0.8341
vn 0.9903 -0.0393 0.1336
vn 0.5663 -0.1887 0.8023
vn 0.5029 -0.0078 0.8643
vn -0.4242 -0.0628 0.9034
vn -0.6284 0.0157 -0.7777
vn -0.6667 0.1098 -0.7372
vn -0.9987 0.0315 0.0393
vn -0.9805 0.0785 0.1804
vn -0.4936 -0.0078 0.8697
vn 0.9948 -0.1018 -0.0078
vn 0.9918 -0.0945 -0.0866
vn 0.4783 -0.3058 0.8232
vn 0.5952 -0.0862 0.7989
vn -0.5976 -0.1101 0.7942
vn -0.5357 -0.1260 0.8350
vn 0.5599 -0.0316 -0.8280
vn -0.4154 0.0314 -0.9091
vn -0.4875 0.1180 -0.8651
vn -0.9997 0.0237 -0.0079
vn -0.9984 0.0315 0.0472
vn -0.5568 -0.1569 0.8157
vn -0.6369 -0.1572 0.7548
vn 0.3618 -0.4169 0.8338
vn 0.9898 -0.1414 -0.0157
vn 0.3619 -0.4169 0.8338
vn 0.4783 -0.3058 0.8233
vn -0.5569 -0.1569 0.8157
vn -0.9997 0.0236 -0.0078
vn 0.4646 0.1418 -0.8741
vn 0.4619 0.0626 -0.8847
vn 0.5826 -0.0551 -0.8109
vn 0.9999 -0.0000 0.0157
vn 0.9943 0.0626 0.0861
vn 0.9898 -0.1414 -0.0158
vn 0.5663 -0.1888 0.8023
vn -0.4242 -0.0629 0.9034
vn -0.6368 -0.1572 0.7548
vn -0.9987 0.0314 0.0394
vn -0.9984 0.0314 0.0471
vn -0.6284 0.0156 -0.7777
vn -0.4876 0.1179 -0.8651
vn 0.4078 0.0784 -0.9097
vn 0.8185 -0.0078 -0.5745
vn 0.9955 0.0706 0.0627
vn 0.9940 0.1018 -0.0392
vn -0.9749 0.1651 -0.1494
vn -0.9458 0.2838 -0.1576
vn -0.6992 0.6599 0.2750
vn -0.7366 0.3056 -0.6034
vn 0.5667 0.3463 -0.7477
vn 0.7574 0.1342 -0.6390
vn 0.7023 0.6076 0.3709
vn 0.9950 -0.0705 0.0706
vn 0.9907 0.1337 0.0236
vn 0.7574 0.1341 -0.6391
vn 0.5667 0.3462 -0.7477
vn -0.8973 0.4408 0.0236
vn 0.7574 0.1341 -0.6390
vn -0.6992 0.1493 -0.6992
vn -0.9910 0.1337 -0.0000
vn 0.9940 0.1018 -0.0391
vn 0.9955 0.0705 0.0628
vn 0.5836 0.3312 0.7414
vn 0.7389 0.1336 -0.6604
vn 0.9747 0.0708 0.2122
vn 0.9955 0.0705 0.0627
vn 0.8185 -0.0079 -0.5745
vn 0.0629 0.0079 -0.9980
vn -0.6427 0.1803 -0.7446
vn 0.0706 -0.0627 -0.9955
vn -0.7633 0.0314 -0.6453
vn -0.6236 0.0158 -0.7815
vn -0.9798 0.1803 -0.0863
vn -0.3697 0.8181 0.4405
vn 0.3140 0.8243 0.4710
vn 0.7023 0.6077 0.3709
vn 0.9543 0.2973 0.0313
vn 0.9950 -0.0705 0.0705
vn -0.7633 0.0315 -0.6452
vn -0.9936 0.0939 -0.0626
vn -0.9798 0.1803 -0.0862
vn -0.7324 0.3387 0.5907
vn -0.4809 0.4809 0.7331
vn 0.5836 0.3313 0.7414
vn 0.5721 0.3762 0.7288
vn 0.9955 0.0706 0.0628
vn 0.9746 0.0708 0.2123
vn 0.7536 0.0864 -0.6516
vn 0.8184 -0.0079 -0.5745
vn 0.0629 0.0078 -0.9980
vn -0.9913 0.1259 0.0393
vn -0.4559 0.0550 0.8883
vn 0.5173 0.1255 0.8465
vn -0.9586 0.1179 0.2593
vn -0.5812 0.0864 0.8091
vn -0.4790 0.1570 0.8637
vn -0.6666 0.1098 -0.7372
vn -0.6285 0.0157 -0.7777
vn -0.4560 0.0550 0.8883
vn 0.5173 0.1254 0.8465
vn 0.4477 0.1099 0.8874
vn -0.4936 -0.0079 0.8696
vn -0.9805 0.0784 0.1804
vn -0.9850 -0.0709 0.1576
vn 0.9890 0.0785 0.1256
vn 0.5035 0.1574 0.8496
vn 0.9682 0.1181 0.2205
vn 0.9747 0.0707 0.2122
vn -0.9943 -0.0313 0.1017
vn 0.6941 0.0552 -0.7178
vn 0.5886 0.0079 -0.8084
vn -0.5600 0.0237 -0.8282
vn 0.7389 0.1337 -0.6604
vn 0.9890 0.0785 0.1255
vn 0.9682 0.1181 0.2204
vn -0.9913 0.1258 0.0393
vn 0.5029 -0.0079 0.8643
vn -0.4646 0.1417 -0.8741
vn -0.9948 -0.1018 -0.0078
vn -0.9918 -0.0944 -0.0866
vn -0.4619 0.0626 -0.8847
vn -0.4078 0.0784 -0.9097
vn 0.4876 0.1179 -0.8651
vn 0.6285 0.0157 -0.7777
vn -0.5029 -0.0078 0.8643
vn -0.5663 -0.1887 0.8023
vn -0.9898 -0.1415 -0.0157
vn -0.5599 -0.0316 -0.8280
vn 0.4154 0.0314 -0.9091
vn 0.4876 0.1180 -0.8651
vn -0.5826 -0.0552 -0.8109
vn -0.9999 -0.0000 0.0157
vn -0.9943 0.0626 0.0861
vn 0.5351 0.1338 -0.8341
vn 0.9990 0.0315 -0.0315
vn 0.6385 0.0867 -0.7647
vn 0.9997 0.0236 -0.0079
vn 0.5357 -0.1260 0.8350
vn 0.5976 -0.1101 0.7942
vn -0.4179 -0.0552 0.9068
vn -0.5953 -0.0862 0.7989
vn -0.9898 -0.1414 -0.0157
vn -0.9948 -0.1019 -0.0078
vn -0.9999 -0.0000 0.0158
vn -0.5952 -0.0862 0.7989
vn -0.9918 -0.0945 -0.0866
vn -0.4783 -0.3058 0.8233
vn -0.3619 -0.4169 0.8338
vn 0.4242 -0.0628 0.9034
vn 0.6369 -0.1573 0.7547
vn 0.5568 -0.1569 0.8157
vn -0.5663 -0.1888 0.8023
vn -0.5029 -0.0079 0.8643
vn 0.4936 -0.0078 0.8697
vn 0.4936 -0.0079 0.8696
vn 0.9805 0.0784 0.1804
vn 0.4242 -0.0629 0.9034
vn 0.9987 0.0315 0.0393
vn 0.6369 -0.1573 0.7548
vn 0.9984 0.0315 0.0472
vn 0.5569 -0.1569 0.8157
vn 0.5977 -0.1101 0.7942
vn 0.9903 -0.0393 0.1335
vn 0.5351 0.1337 -0.8341
vn 0.9984 0.0314 0.0472
vn 0.6667 0.1098 -0.7372
vn 0.6236 0.0158 -0.7816
vn 0.7633 0.0315 -0.6452
vn -0.0706 -0.0627 -0.9955
vn -0.5721 0.3761 0.7289
vn -0.5173 0.1254 0.8466
vn -0.9746 0.0708 0.2123
vn 0.9458 0.2838 -0.1576
vn 0.6992 0.6600 0.2749
vn 0.8973 0.4408 0.0236
vn -0.5667 0.3463 -0.7477
vn -0.7574 0.1341 -0.6391
vn -0.9907 0.1337 0.0236
vn -0.9950 -0.0705 0.0706
vn -0.7023 0.6076 0.3709
vn 0.6992 0.6599 0.2750
vn 0.9749 0.1651 -0.1494
vn -0.9747 0.0708 0.2122
vn -0.7389 0.1337 -0.6604
vn -0.9955 0.0706 0.0627
vn 0.6237 0.0158 -0.7815
vn 0.9798 0.1803 -0.0863
vn 0.6427 0.1803 -0.7446
vn -0.0629 0.0079 -0.9980
vn -0.7390 0.1336 -0.6604
vn -0.8185 -0.0079 -0.5745
vn -0.9940 0.1018 -0.0392
vn -0.5836 0.3313 0.7414
vn -0.9955 0.0705 0.0628
vn -0.9940 0.1018 -0.0391
vn -0.9950 -0.0705 0.0705
vn -0.9543 0.2973 0.0313
vn -0.7023 0.6077 0.3709
vn -0.3140 0.8243 0.4710
vn 0.3697 0.8181 0.4405
vn 0.8973 0.4408 0.0237
vn -0.7574 0.1341 -0.6390
vn -0.5667 0.3463 -0.7476
vn 0.6992 0.1493 -0.6992
vn 0.7365 0.3056 -0.6034
vn 0.9910 0.1337 -0.0000
vn -0.9746 0.0708 0.2122
vn -0.5721 0.3762 0.7288
vn 0.4809 0.4809 0.7331
vn 0.7324 0.3387 0.5907
vn 0.9798 0.1803 -0.0862
vn 0.9936 0.0939 -0.0626
vn -0.5174 0.1254 0.8465
vn -0.5722 0.3761 0.7288
vn 0.4559 0.0550 0.8883
vn 0.9913 0.1259 0.0393
vn -0.0629 0.0078 -0.9980
vn -0.7536 0.0864 -0.6516
vn 0.9850 -0.0709 0.1576
vn 0.4936 -0.0078 0.8696
vn -0.6941 0.0552 -0.7178
vn 0.5600 0.0237 -0.8282
vn -0.9747 0.0707 0.2122
vn -0.9682 0.1181 0.2204
vn 0.6662 0.1128 -0.7372
vn -0.9682 0.1181 0.2205
vn -0.9746 0.0707 0.2123
vn -0.4477 0.1099 0.8874
vn -0.5173 0.1254 0.8465
vn -0.9890 0.0785 0.1256
vn -0.5035 0.1574 0.8496
vn 0.4790 0.1570 0.8637
vn 0.9586 0.1179 0.2593
vn 0.9913 0.1258 0.0393
vn 0.9943 -0.0313 0.1017
vn 0.5812 0.0864 0.8091
vn -0.9890 0.0785 0.1255
vn -0.5886 0.0079 -0.8084
vn 0.4962 -0.0551 0.8664
vn -0.4642 -0.1888 -0.8654
vn 0.6607 -0.0708 -0.7473
vn -0.5577 -0.0943 -0.8247
vn 0.9996 -0.0236 0.0158
vn 0.5326 -0.1175 -0.8381
vn -0.9835 -0.1810 0.0078
vn -0.5356 -0.1261 0.8350
vn -0.5274 -0.1968 0.8265
vn 0.5187 -0.1022 0.8488
vn 0.9943 0.0626 0.0862
vn 0.9980 -0.0629 0.0079
vn 0.9996 -0.0236 0.0157
vn 0.9987 -0.0393 0.0314
vn -0.5826 -0.0551 -0.8109
vn -0.6607 -0.0708 -0.7473
vn 0.4642 -0.1888 -0.8654
vn -0.5326 -0.1175 -0.8381
vn -0.9996 -0.0236 0.0158
vn -0.4962 -0.0551 0.8664
vn 0.5572 -0.1020 0.8241
vn -0.9980 -0.0629 0.0079
vn -0.9996 -0.0236 0.0157
vn -0.9980 -0.0628 0.0079
vn -0.9943 0.0626 0.0862
vn -0.5187 -0.1022 0.8488
vn 0.5274 -0.1968 0.8265
vn 0.5356 -0.1261 0.8350
vn 0.9835 -0.1810 0.0078
vn 0.9918 -0.1260 0.0236
vn 0.5577 -0.0943 -0.8247
vn -0.9987 -0.0393 0.0314
vn -0.4948 -0.6598 0.5655
vn -0.4261 0.8286 0.3630
vn -0.8609 -0.5087 -0.0000
vn 0.9543 0.2972 0.0313
vn 0.5745 -0.8185 -0.0078
vn -0.6031 0.5640 0.5640
vn -0.8724 0.4323 0.2279
vn -0.4077 0.8389 0.3606
vn 0.8020 0.5583 0.2123
vn 0.2591 0.9106 0.3219
vn 0.5745 -0.8185 -0.0079
vn 0.4412 -0.8589 0.2600
vn 0.9950 -0.0706 0.0705
vn 0.6138 -0.7240 -0.3148
vn 0.7316 -0.2203 0.6451
vn 0.7869 -0.6138 0.0629
vn -0.8562 -0.5106 -0.0786
vn -0.9459 0.2837 -0.1576
vn -0.9598 0.0551 -0.2753
vn -0.6991 0.1492 -0.6992
vn -0.8609 -0.5088 -0.0000
vn -0.8562 -0.5106 -0.0785
vn -0.8485 0.5028 0.1650
vn -0.3377 0.9188 0.2042
vn -0.3845 0.8788 0.2825
vn -0.4948 -0.6597 0.5656
vn 0.7870 -0.6138 0.0629
vn 0.4413 -0.8589 0.2600
vn -0.5500 -0.8328 -0.0629
vn -0.7318 -0.3541 -0.5823
vn 0.9186 0.2591 0.2984
vn 0.3388 0.8351 0.4333
vn 0.1734 0.7566 0.6304
vn 0.3846 0.7692 0.5102
vn 0.0783 0.9790 0.1880
vn -0.4262 0.8286 0.3630
vn 0.5500 -0.8328 -0.0629
vn -0.6138 -0.7240 -0.3148
vn 0.7318 -0.3541 -0.5823
vn -0.2591 0.9107 0.3218
vn -0.9543 0.2972 0.0313
vn 0.9459 0.2837 -0.1577
vn 0.8562 -0.5106 -0.0785
vn 0.9598 0.0551 -0.2753
vn -0.7316 -0.2203 0.6451
vn 0.4949 -0.6598 0.5655
vn -0.3388 0.8351 0.4334
vn -0.9950 -0.0706 0.0705
vn -0.4412 -0.8589 0.2601
vn -0.5745 -0.8185 -0.0079
vn 0.9459 0.2837 -0.1576
vn 0.8609 -0.5087 -0.0000
vn 0.6031 0.5640 0.5640
vn 0.3377 0.9188 0.2042
vn -0.3846 0.7692 0.5102
vn -0.0783 0.9790 0.1880
vn -0.8020 0.5583 0.2123
vn -0.6139 -0.7239 -0.3148
vn 0.6992 0.1492 -0.6992
vn -0.4413 -0.8589 0.2600
vn 0.8562 -0.5106 -0.0786
vn -0.7870 -0.6138 0.0630
vn 0.4949 -0.6597 0.5655
vn 0.4077 0.8389 0.3606
vn -0.1734 0.7566 0.6305
vn -0.9186 0.2591 0.2984
vn -0.7869 -0.6138 0.0630
vn 0.3845 0.8788 0.2825
vn 0.8485 0.5028 0.1650
vn 0.8725 0.4322 0.2279
vn 0.4262 0.8286 0.3630
vt 0.234100 0.094696
vt 0.352417 0.009979
vt 0.254944 0.009979
vt 0.498596 0.094696
vt 0.483765 0.009979
vt 0.519012 0.009979
vt 0.392120 0.009979
vt 0.372009 0.094696
vt 0.606445 0.009979
vt 0.587128 0.094696
vt 0.030304 0.238037
vt 0.030243 0.214600
vt 0.009979 0.206787
vt 0.029785 0.184814
vt 0.009979 0.179535
vt 0.054718 0.139740
vt 0.235199 0.141266
vt 0.099945 0.191162
vt 0.147400 0.009979
vt 0.091431 0.009979
vt 0.009979 0.094696
vt 0.042877 0.009979
vt 0.009979 0.009979
vt 0.378998 0.148163
vt 0.499908 0.158386
vt 0.009979 0.135406
vt 0.099945 0.237518
vt 0.009979 0.261475
vt 0.603912 0.200958
vt 0.724426 0.132416
vt 0.724426 0.211273
vt 0.724426 0.229279
vt 0.667877 0.242584
vt 0.009979 0.359222
vt 0.099945 0.260956
vt 0.121735 0.347168
vt 0.235291 0.257050
vt 0.244507 0.404358
vt 0.382233 0.274963
vt 0.383148 0.413391
vt 0.234100 0.193024
vt 0.724426 0.094696
vt 0.661896 0.009979
vt 0.009979 0.925751
vt 0.009979 0.989990
vt 0.062714 0.931580
vt 0.089844 0.989990
vt 0.667969 0.989990
vt 0.675751 0.925751
vt 0.708160 0.989990
vt 0.121094 0.989990
vt 0.119751 0.931580
vt 0.183350 0.939514
vt 0.347626 0.917969
vt 0.277344 0.989990
vt 0.263184 0.932434
vt 0.214844 0.989990
vt 0.175751 0.989990
vt 0.619690 0.923309
vt 0.621094 0.989990
vt 0.569519 0.923309
vt 0.566376 0.989990
vt 0.457214 0.918121
vt 0.464844 0.989990
vt 0.347626 0.989990
vt 0.708282 0.925751
vt 0.592804 0.219727
vt 0.653656 0.257843
vt 0.724426 0.312500
vt 0.946350 0.584656
vt 0.989990 0.584595
vt 0.946350 0.532440
vt 0.989990 0.134552
vt 0.946350 0.134552
vt 0.989990 0.009979
vt 0.724823 0.009979
vt 0.946350 0.253906
vt 0.989990 0.253906
vt 0.946350 0.385345
vt 0.989990 0.385345
vt 0.989990 0.532440
vt 0.946350 0.009979
vt 0.509583 0.427490
vt 0.501678 0.291962
vt 0.724426 0.288086
vt 0.603668 0.306274
vt 0.724426 0.337891
vt 0.724426 0.263367
vt 0.009979 0.238037
vt 0.604309 0.605927
vt 0.604309 0.549988
vt 0.512360 0.550446
vt 0.135254 0.586975
vt 0.255402 0.588379
vt 0.257812 0.566559
vt 0.384399 0.607819
vt 0.724426 0.611053
vt 0.724426 0.566650
vt 0.724426 0.538635
vt 0.510498 0.602173
vt 0.377533 0.551483
vt 0.382935 0.576202
vt 0.243805 0.545990
vt 0.724426 0.722321
vt 0.585815 0.683289
vt 0.592926 0.740662
vt 0.476898 0.690033
vt 0.252930 0.652985
vt 0.250031 0.700958
vt 0.380890 0.658417
vt 0.378448 0.701355
vt 0.479034 0.738708
vt 0.724426 0.630585
vt 0.597992 0.635895
vt 0.009979 0.611053
vt 0.009979 0.630585
vt 0.135254 0.614014
vt 0.253571 0.613129
vt 0.382935 0.628693
vt 0.494843 0.639679
vt 0.480194 0.650879
vt 0.591370 0.652496
vt 0.724426 0.674408
vt 0.135254 0.558655
vt 0.103882 0.541901
vt 0.009979 0.566650
vt 0.009979 0.538635
vt 0.153107 0.655853
vt 0.138214 0.614014
vt 0.009979 0.677521
vt 0.109436 0.866913
vt 0.009979 0.870911
vt 0.009979 0.898560
vt 0.918884 0.652161
vt 0.931000 0.677948
vt 0.901550 0.671936
vt 0.901550 0.625183
vt 0.901550 0.605988
vt 0.935272 0.605988
vt 0.834442 0.671936
vt 0.798767 0.665222
vt 0.834442 0.647400
vt 0.798889 0.605988
vt 0.834442 0.605988
vt 0.961761 0.746094
vt 0.901550 0.681580
vt 0.961761 0.681580
vt 0.935272 0.625183
vt 0.901550 0.652161
vt 0.724426 0.898560
vt 0.724426 0.866913
vt 0.605713 0.898560
vt 0.113037 0.818115
vt 0.009979 0.841431
vt 0.184937 0.866913
vt 0.272552 0.832275
vt 0.175781 0.898560
vt 0.269897 0.898560
vt 0.274109 0.866913
vt 0.375427 0.866913
vt 0.901550 0.746094
vt 0.834442 0.746094
vt 0.834442 0.681580
vt 0.774292 0.746094
vt 0.774536 0.681580
vt 0.371368 0.898560
vt 0.480042 0.898560
vt 0.479797 0.857666
vt 0.593384 0.857666
vt 0.724426 0.841431
vt 0.106506 0.898560
vt 0.380798 0.828918
vt 0.481445 0.843994
vt 0.593384 0.843994
vt 0.376190 0.776031
vt 0.479034 0.814941
vt 0.479034 0.783203
vt 0.593384 0.814941
vt 0.376190 0.740936
vt 0.724426 0.787811
vt 0.593384 0.783203
vt 0.724426 0.807434
vt 0.366974 0.800323
vt 0.149048 0.713531
vt 0.143951 0.783630
vt 0.263397 0.790131
vt 0.009979 0.720612
vt 0.009979 0.778198
vt 0.009979 0.807434
vt 0.610168 0.428802
vt 0.246216 0.489807
vt 0.108673 0.488800
vt 0.724426 0.409515
vt 0.115356 0.398926
vt 0.383240 0.500183
vt 0.514709 0.513519
vt 0.613159 0.514801
vt 0.724426 0.492737
vt 0.009979 0.492737
vt 0.009979 0.409515
vt 0.989075 0.989990
vt 0.977814 0.981232
vt 0.989075 0.803497
vt 0.744904 0.681580
vt 0.926514 0.951935
vt 0.973755 0.873322
vt 0.964539 0.962769
vt 0.773956 0.826141
vt 0.834442 0.803497
vt 0.744904 0.675110
vt 0.744904 0.648712
vt 0.744904 0.605988
vt 0.744904 0.989990
vt 0.744904 0.826141
vt 0.989075 0.677948
vt 0.963928 0.652161
vt 0.989075 0.681580
vt 0.961914 0.803497
vt 0.901550 0.873322
vt 0.901550 0.803497
vt 0.852386 0.581848
vt 0.929596 0.581848
vt 0.852386 0.535675
vt 0.929596 0.519104
vt 0.852386 0.445129
vt 0.929596 0.445129
vt 0.852386 0.418457
vt 0.929596 0.418457
vt 0.852386 0.351776
vt 0.929596 0.351776
vt 0.989075 0.605988
vt 0.989075 0.625183
vt 0.989075 0.652161
vt 0.771759 0.875702
vt 0.752533 0.981232
vt 0.771820 0.962769
vt 0.783936 0.951935
vt 0.829712 0.873322
s 1
usemtl m_body154
f 1460/477/1086 1461/478/1087 1462/479/1088
f 1463/480/1089 1464/481/1090 1465/482/1091
f 1466/480/1092 1467/482/1093 1468/481/1094
f 1469/483/1095 1470/480/1092 1468/481/1096
f 1461/478/1087 1471/477/1086 1472/484/1097
f 1473/485/1098 1474/482/1099 1475/486/1100
f 1476/480/1101 1477/482/1091 1478/486/1102
f 1479/487/1103 1480/488/1104 1481/489/1105
f 1481/489/1105 1480/488/1104 1482/490/1106
f 1481/489/1105 1482/490/1106 1483/491/1107
f 1484/492/1108 1485/493/1109 1486/494/1110
f 1487/481/1111 1488/480/1112 1489/483/1113
f 1489/483/1113 1488/480/1112 1490/484/1114
f 1489/483/1113 1490/484/1114 1491/478/1115
f 1491/478/1115 1490/484/1114 1492/477/1116
f 1491/478/1115 1492/477/1116 1493/479/1117
f 1462/479/1118 1494/495/1119 1495/477/1120
f 1495/477/1120 1494/495/1119 1496/496/1121
f 1495/477/1120 1496/496/1121 1497/497/1122
f 1497/497/1122 1496/496/1121 1498/498/1123
f 1497/497/1122 1498/498/1123 1499/499/1124
f 1499/499/1124 1500/498/1125 1501/497/1122
f 1501/497/1122 1500/498/1125 1502/496/1126
f 1501/497/1122 1502/496/1126 1503/477/1127
f 1503/477/1127 1502/496/1126 1504/495/1128
f 1503/477/1127 1504/495/1128 1493/479/1129
f 1505/497/1130 1506/492/1131 1460/477/1086
f 1460/477/1086 1506/492/1131 1507/493/1132
f 1460/477/1086 1507/493/1132 1472/484/1097
f 1472/484/1097 1507/493/1132 1508/500/1133
f 1472/484/1097 1508/500/1133 1509/501/1134
f 1510/490/1135 1511/502/1136 1483/491/1107
f 1483/491/1107 1511/502/1136 1512/490/1137
f 1483/491/1107 1512/490/1137 1513/489/1138
f 1513/489/1138 1512/490/1137 1514/488/1139
f 1513/489/1138 1514/488/1139 1515/487/1140
f 1516/502/1141 1517/492/1142 1518/490/1143
f 1518/490/1143 1517/492/1142 1486/494/1144
f 1518/490/1143 1486/494/1144 1519/488/1139
f 1519/488/1139 1486/494/1144 1520/503/1145
f 1519/488/1139 1520/503/1145 1521/487/1146
f 1521/487/1146 1520/503/1145 1522/504/1147
f 1467/482/1093 1466/480/1092 1475/486/1100
f 1475/486/1100 1466/480/1092 1523/505/1148
f 1475/486/1100 1523/505/1148 1524/506/1149
f 1524/506/1149 1523/505/1148 1525/507/1150
f 1524/506/1149 1525/507/1150 1526/505/1151
f 1526/505/1151 1525/507/1150 1527/508/1152
f 1526/505/1151 1527/508/1152 1528/509/1153
f 1529/484/1114 1530/493/1154 1492/477/1116
f 1492/477/1116 1530/493/1154 1531/492/1108
f 1492/477/1116 1531/492/1108 1532/497/1130
f 1532/497/1130 1531/492/1108 1533/502/1141
f 1532/497/1130 1533/502/1141 1534/492/1155
f 1534/492/1155 1533/502/1141 1535/490/1156
f 1534/492/1155 1535/490/1156 1536/494/1157
f 1536/494/1157 1535/490/1156 1537/488/1104
f 1536/494/1157 1537/488/1104 1538/503/1158
f 1538/503/1158 1537/488/1104 1539/487/1159
f 1538/503/1158 1539/487/1159 1540/504/1160
f 1541/510/1161 1542/511/1162 1543/512/1163
f 1543/512/1163 1542/511/1162 1544/513/1164
f 1543/512/1163 1544/513/1164 1545/514/1165
f 1545/514/1165 1544/513/1164 1546/515/1166
f 1545/514/1165 1546/515/1166 1547/516/1167
f 1548/510/1168 1549/504/1147 1550/511/1169
f 1550/511/1169 1549/504/1147 1551/503/1170
f 1550/511/1169 1551/503/1170 1552/513/1171
f 1552/513/1171 1551/503/1170 1553/494/1110
f 1552/513/1171 1553/494/1110 1554/517/1172
f 1554/517/1172 1553/494/1110 1555/493/1109
f 1554/517/1172 1555/493/1109 1556/500/1173
f 1556/500/1173 1555/493/1109 1557/484/1174
f 1556/500/1173 1557/484/1174 1558/501/1175
f 1558/501/1175 1557/484/1174 1559/480/1176
f 1558/501/1175 1559/480/1176 1560/505/1177
f 1560/505/1177 1559/480/1176 1561/486/1178
f 1560/505/1177 1561/486/1178 1562/506/1179
f 1562/506/1179 1561/486/1178 1563/518/1180
f 1562/506/1179 1563/518/1180 1564/486/1100
f 1564/486/1100 1563/518/1180 1565/519/1181
f 1564/486/1100 1565/519/1181 1566/485/1098
f 1567/520/1182 1568/521/1183 1569/522/1184
f 1570/522/1185 1571/523/1186 1568/521/1183
f 1572/524/1187 1573/525/1188 1574/526/1189
f 1568/521/1183 1567/520/1182 1570/522/1185
f 1568/521/1183 1575/523/1190 1569/522/1184
f 1569/522/1184 1575/523/1190 1576/527/1191
f 1569/522/1184 1576/527/1191 1577/528/1192
f 1577/528/1192 1576/527/1191 1578/529/1193
f 1571/523/1186 1570/522/1185 1579/527/1098
f 1579/527/1098 1570/522/1185 1580/528/1194
f 1579/527/1098 1580/528/1194 1581/529/1195
f 1582/530/1196 1583/531/1197 1584/532/1198
f 1584/532/1198 1583/531/1197 1585/533/1096
f 1584/532/1198 1585/533/1096 1581/529/1195
f 1581/529/1195 1585/533/1096 1586/534/1199
f 1581/529/1195 1586/534/1199 1579/527/1098
f 1576/527/1191 1587/534/1091 1578/529/1193
f 1578/529/1193 1587/534/1091 1588/533/1111
f 1578/529/1193 1588/533/1111 1589/532/1200
f 1589/532/1200 1588/533/1111 1590/531/1113
f 1589/532/1200 1590/531/1113 1591/530/1201
f 1592/525/1188 1572/524/1202 1593/535/1203
f 1593/535/1203 1572/524/1202 1594/536/1121
f 1593/535/1203 1594/536/1121 1595/537/1204
f 1595/537/1204 1594/536/1121 1596/538/1119
f 1595/537/1204 1596/538/1119 1597/539/1205
f 1597/539/1205 1596/538/1119 1598/540/1088
f 1597/539/1205 1598/540/1088 1599/530/1196
f 1599/530/1196 1598/540/1088 1600/541/1087
f 1599/530/1196 1600/541/1087 1601/531/1197
f 1590/531/1113 1602/541/1115 1591/530/1201
f 1591/530/1201 1602/541/1115 1603/540/1117
f 1591/530/1201 1603/540/1117 1604/539/1206
f 1604/539/1206 1603/540/1117 1605/538/1128
f 1604/539/1206 1605/538/1128 1606/537/1207
f 1606/537/1207 1605/538/1128 1607/536/1126
f 1606/537/1207 1607/536/1126 1608/535/1208
f 1608/535/1208 1607/536/1126 1609/524/1209
f 1608/535/1208 1609/524/1209 1610/525/1210
f 1610/525/1210 1609/524/1209 1574/526/1189
f 1610/525/1210 1574/526/1189 1611/542/1211
f 1611/542/1211 1574/526/1189 1573/525/1188
f 1612/505/1212 1613/508/1152 1614/507/1150
f 1615/505/1213 1616/543/1214 1617/544/1215
f 1618/508/1216 1619/505/1217 1620/509/1218
f 1620/509/1218 1619/505/1217 1621/544/1219
f 1620/509/1218 1621/544/1219 1622/545/1220
f 1623/543/1214 1624/505/1148 1625/501/1221
f 1625/501/1221 1624/505/1148 1626/480/1222
f 1625/501/1221 1626/480/1222 1627/484/1223
f 1627/484/1223 1626/480/1222 1628/483/1224
f 1627/484/1223 1628/483/1224 1629/478/1225
f 1630/546/1226 1631/547/1227 1632/548/1228
f 1633/549/1229 1634/550/1230 1635/551/1179
f 1631/547/1227 1630/546/1226 1636/548/1231
f 1637/482/1232 1638/485/1191 1639/486/1178
f 1639/486/1178 1638/485/1191 1640/519/1233
f 1639/486/1178 1640/519/1233 1641/518/1234
f 1641/518/1234 1640/519/1233 1642/552/1235
f 1641/518/1234 1642/552/1235 1643/519/1236
f 1634/550/1230 1633/549/1229 1644/553/1237
f 1644/553/1237 1633/549/1229 1645/554/1238
f 1644/553/1237 1645/554/1238 1646/555/1239
f 1646/555/1239 1645/554/1238 1647/556/1240
f 1646/555/1239 1647/556/1240 1636/548/1231
f 1636/548/1231 1647/556/1240 1648/557/1241
f 1636/548/1231 1648/557/1241 1631/547/1227
f 1634/550/1230 1649/558/1150 1635/551/1179
f 1635/551/1179 1649/558/1150 1650/550/1242
f 1635/551/1179 1650/550/1242 1651/549/1243
f 1651/549/1243 1650/550/1242 1652/553/1244
f 1651/549/1243 1652/553/1244 1653/554/1245
f 1653/554/1245 1652/553/1244 1654/555/1246
f 1653/554/1245 1654/555/1246 1655/556/1247
f 1655/556/1247 1654/555/1246 1632/548/1228
f 1655/556/1247 1632/548/1228 1656/557/1248
f 1656/557/1248 1632/548/1228 1631/547/1227
f 1657/515/1249 1658/516/1250 1659/559/1251
f 1660/515/1252 1659/559/1251 1661/560/1253
f 1662/545/1160 1663/561/1159 1664/509/1218
f 1665/513/1254 1666/515/1255 1667/517/1256
f 1668/516/1257 1669/515/1249 1670/514/1258
f 1670/514/1258 1669/515/1249 1671/513/1259
f 1670/514/1258 1671/513/1259 1672/512/1260
f 1672/512/1260 1671/513/1259 1673/511/1261
f 1672/512/1260 1673/511/1261 1674/510/1262
f 1675/517/1256 1676/494/1263 1665/513/1254
f 1665/513/1254 1676/494/1263 1677/503/1264
f 1665/513/1254 1677/503/1264 1678/511/1265
f 1678/511/1265 1677/503/1264 1679/504/1160
f 1678/511/1265 1679/504/1160 1680/510/1266
f 1681/492/1131 1682/494/1267 1683/493/1268
f 1683/493/1268 1682/494/1267 1667/517/1256
f 1683/493/1268 1667/517/1256 1684/500/1133
f 1684/500/1133 1667/517/1256 1666/515/1255
f 1684/500/1133 1666/515/1255 1685/501/1269
f 1685/501/1269 1666/515/1255 1661/560/1253
f 1685/501/1269 1661/560/1253 1686/543/1214
f 1686/543/1214 1661/560/1253 1687/562/1270
f 1686/543/1214 1687/562/1270 1688/544/1219
f 1688/544/1219 1687/562/1270 1689/563/1262
f 1688/544/1219 1689/563/1262 1690/545/1160
f 1691/513/1271 1692/517/1172 1693/515/1272
f 1693/515/1272 1692/517/1172 1694/500/1173
f 1693/515/1272 1694/500/1173 1695/501/1175
f 1696/560/1273 1697/543/1274 1698/562/1275
f 1698/562/1275 1697/543/1274 1699/544/1276
f 1698/562/1275 1699/544/1276 1700/563/1161
f 1700/563/1161 1699/544/1276 1701/545/1147
f 1702/561/1277 1703/545/1147 1704/509/1278
f 1704/509/1278 1703/545/1147 1705/544/1279
f 1704/509/1278 1705/544/1279 1706/505/1151
f 1706/505/1151 1705/544/1279 1707/543/1280
f 1706/505/1151 1707/543/1280 1695/501/1175
f 1695/501/1175 1707/543/1280 1708/560/1281
f 1695/501/1175 1708/560/1281 1693/515/1272
f 1693/515/1272 1708/560/1281 1709/559/1282
f 1693/515/1272 1709/559/1282 1710/516/1167
f 1711/564/1283 1712/561/1284 1713/509/1285
f 1713/509/1285 1714/508/1152 1711/564/1283
f 1711/564/1283 1714/508/1152 1715/509/1286
f 1711/564/1283 1715/509/1286 1716/561/1287
f 1717/487/1288 1718/565/1289 1719/489/1290
f 1719/489/1290 1718/565/1289 1720/487/1291
f 1721/566/1292 1722/567/1293 1723/568/1294
f 1724/569/1295 1725/570/1296 1726/571/1297
f 1726/571/1297 1725/570/1296 1727/572/1298
f 1728/573/1299 1729/574/1300 1730/566/1301
f 1730/566/1301 1729/574/1300 1731/575/1302
f 1730/566/1301 1731/575/1302 1732/567/1293
f 1733/576/1303 1734/577/1304 1735/578/1252
f 1735/578/1252 1734/577/1304 1736/579/1305
f 1737/580/1306 1738/581/1307 1739/582/1308
f 1739/582/1308 1738/581/1307 1740/583/1309
f 1741/584/1310 1742/585/1311 1743/586/1312
f 1743/586/1312 1742/585/1311 1744/587/1313
f 1743/586/1312 1744/587/1313 1745/583/1309
f 1745/583/1309 1744/587/1313 1746/588/1314
f 1745/583/1309 1746/588/1314 1747/582/1308
f 1748/589/1315 1749/573/1316 1750/590/1317
f 1750/590/1317 1749/573/1316 1751/566/1318
f 1750/590/1317 1751/566/1318 1752/576/1319
f 1752/576/1319 1751/566/1318 1753/568/1320
f 1752/576/1319 1753/568/1320 1754/577/1304
f 1755/591/1299 1756/592/1315 1757/569/1295
f 1757/569/1295 1756/592/1315 1758/593/1321
f 1757/569/1295 1758/593/1321 1759/570/1322
f 1759/570/1322 1758/593/1321 1760/594/1323
f 1759/570/1322 1760/594/1323 1727/572/1324
f 1727/572/1324 1760/594/1323 1761/595/1325
f 1727/572/1324 1761/595/1325 1762/596/1326
f 1762/596/1326 1761/595/1325 1763/597/1327
f 1762/596/1326 1763/597/1327 1764/598/1328
f 1765/599/1329 1766/589/1315 1767/598/1330
f 1767/598/1330 1766/589/1315 1768/590/1331
f 1767/598/1330 1768/590/1331 1769/596/1332
f 1769/596/1332 1768/590/1331 1770/576/1319
f 1769/596/1332 1770/576/1319 1771/572/1333
f 1771/572/1333 1770/576/1319 1772/578/1249
f 1771/572/1333 1772/578/1249 1773/571/1297
f 1773/571/1297 1772/578/1249 1774/579/1305
f 1773/571/1297 1774/579/1305 1775/569/1334
f 1775/569/1334 1774/579/1305 1776/600/1335
f 1775/569/1334 1776/600/1335 1777/591/1316
f 1777/591/1316 1776/600/1335 1778/601/1336
f 1777/591/1316 1778/601/1336 1779/602/1337
f 1779/602/1337 1778/601/1336 1780/603/1338
f 1781/580/1306 1782/599/1339 1783/581/1340
f 1783/581/1340 1782/599/1339 1784/598/1330
f 1783/581/1340 1784/598/1330 1740/583/1341
f 1740/583/1341 1784/598/1330 1785/597/1342
f 1740/583/1341 1785/597/1342 1786/586/1343
f 1786/586/1343 1785/597/1342 1787/595/1344
f 1786/586/1343 1787/595/1344 1788/584/1345
f 1788/584/1345 1787/595/1344 1789/594/1346
f 1788/584/1345 1789/594/1346 1790/604/1347
f 1790/604/1347 1789/594/1346 1791/605/1321
f 1790/604/1347 1791/605/1321 1792/606/1329
f 1792/606/1329 1791/605/1321 1793/592/1315
f 1794/607/1348 1795/608/1349 1796/609/1350
f 1797/610/1351 1798/611/1352 1799/612/1353
f 1800/613/1354 1801/614/1355 1802/615/1356
f 1803/616/1357 1804/617/1358 1805/618/1359
f 1805/618/1359 1804/617/1358 1806/619/1360
f 1805/618/1359 1806/619/1360 1807/620/1361
f 1808/621/1362 1809/622/1353 1810/623/1352
f 1811/615/1363 1812/624/1364 1813/613/1354
f 1813/613/1354 1812/624/1364 1814/610/1351
f 1813/613/1354 1814/610/1351 1815/625/1365
f 1815/625/1365 1814/610/1351 1816/612/1353
f 1817/626/1366 1818/627/1367 1819/628/1368
f 1820/608/1349 1821/629/1369 1822/630/1370
f 1823/608/1371 1824/607/1372 1825/629/1369
f 1825/629/1369 1824/607/1372 1826/631/1373
f 1825/629/1369 1826/631/1373 1827/632/1374
f 1828/633/1375 1829/634/1376 1830/635/1377
f 1830/635/1377 1829/634/1376 1831/636/1378
f 1832/621/1362 1833/637/1379 1834/622/1353
f 1834/622/1353 1833/637/1379 1835/638/1380
f 1834/622/1353 1835/638/1380 1836/639/1381
f 1836/639/1381 1835/638/1380 1837/640/1382
f 1836/639/1381 1837/640/1382 1838/641/1383
f 1829/634/1384 1839/642/1385 1840/636/1386
f 1840/636/1386 1839/642/1385 1841/643/1387
f 1840/636/1386 1841/643/1387 1842/644/1388
f 1842/644/1388 1841/643/1387 1819/628/1389
f 1842/644/1388 1819/628/1389 1843/645/1390
f 1843/645/1390 1819/628/1389 1844/627/1391
f 1843/645/1390 1844/627/1391 1845/646/1392
f 1846/609/1350 1847/647/1393 1848/607/1394
f 1848/607/1394 1847/647/1393 1828/633/1375
f 1848/607/1394 1828/633/1375 1849/631/1395
f 1849/631/1395 1828/633/1375 1830/635/1377
f 1849/631/1395 1830/635/1377 1850/632/1374
f 1850/632/1374 1830/635/1377 1831/636/1378
f 1850/632/1374 1831/636/1378 1851/648/1396
f 1851/648/1396 1831/636/1378 1852/644/1388
f 1851/648/1396 1852/644/1388 1853/649/1397
f 1853/649/1397 1852/644/1388 1843/645/1390
f 1853/649/1397 1843/645/1390 1854/650/1398
f 1854/650/1398 1843/645/1390 1845/646/1392
f 1855/651/1399 1856/652/1400 1857/653/1401
f 1858/604/1347 1859/585/1402 1860/584/1403
f 1861/649/1404 1862/650/1405 1863/654/1406
f 1864/588/1407 1865/587/1408 1866/655/1409
f 1866/655/1409 1865/587/1408 1859/585/1402
f 1867/656/1410 1868/657/1411 1869/658/1412
f 1869/658/1412 1868/657/1411 1863/654/1406
f 1869/658/1412 1863/654/1406 1870/646/1413
f 1870/646/1413 1863/654/1406 1862/650/1405
f 1856/652/1400 1855/651/1399 1871/659/1414
f 1858/604/1347 1872/660/1415 1859/585/1402
f 1859/585/1402 1872/660/1415 1873/661/1416
f 1859/585/1402 1873/661/1416 1874/662/1417
f 1874/662/1417 1873/661/1416 1875/629/1418
f 1874/662/1417 1875/629/1418 1876/632/1374
f 1858/604/1347 1877/606/1329 1872/660/1415
f 1872/660/1415 1877/606/1329 1878/663/1306
f 1872/660/1415 1878/663/1306 1873/661/1416
f 1873/661/1416 1878/663/1306 1879/664/1419
f 1873/661/1416 1879/664/1419 1875/629/1418
f 1875/629/1418 1879/664/1419 1880/665/1420
f 1875/629/1418 1880/665/1420 1881/630/1413
f 1868/657/1411 1857/653/1401 1863/654/1406
f 1863/654/1406 1857/653/1401 1856/652/1400
f 1863/654/1406 1856/652/1400 1861/649/1404
f 1861/649/1404 1856/652/1400 1871/659/1414
f 1861/649/1404 1871/659/1414 1882/648/1421
f 1876/632/1374 1882/648/1421 1874/662/1417
f 1874/662/1417 1882/648/1421 1871/659/1414
f 1874/662/1417 1871/659/1414 1859/585/1402
f 1859/585/1402 1871/659/1414 1855/651/1399
f 1859/585/1402 1855/651/1399 1866/655/1409
f 1866/655/1409 1855/651/1399 1857/653/1401
f 1866/655/1409 1857/653/1401 1864/588/1407
f 1864/588/1407 1857/653/1401 1868/657/1411
f 1864/588/1407 1868/657/1411 1883/582/1422
f 1883/582/1422 1868/657/1411 1867/656/1410
f 1883/582/1422 1867/656/1410 1884/580/1306
f 1885/569/1423 1886/592/1424 1887/591/1425
f 1888/591/1425 1889/600/1426 1885/569/1423
f 1890/604/1427 1891/594/1428 1892/584/1429
f 1893/582/1430 1894/581/1431 1895/580/1304
f 1895/580/1304 1894/581/1431 1896/599/1432
f 1886/592/1424 1885/569/1423 1897/593/1433
f 1897/593/1433 1885/569/1423 1898/570/1434
f 1897/593/1433 1898/570/1434 1899/594/1435
f 1900/600/1426 1887/591/1425 1901/601/1436
f 1901/601/1436 1887/591/1425 1902/602/1437
f 1901/601/1436 1902/602/1437 1903/603/1438
f 1904/579/1439 1905/578/1440 1906/571/1441
f 1906/571/1441 1905/578/1440 1907/572/1442
f 1908/568/1443 1909/576/1444 1910/577/1306
f 1911/567/1445 1912/575/1438 1913/566/1446
f 1914/594/1435 1915/604/1427 1916/605/1433
f 1916/605/1433 1915/604/1427 1917/606/1447
f 1916/605/1433 1917/606/1447 1886/592/1448
f 1918/575/1438 1919/574/1449 1920/566/1450
f 1920/566/1450 1919/574/1449 1921/573/1451
f 1920/566/1450 1921/573/1451 1922/590/1452
f 1922/590/1452 1921/573/1451 1923/589/1424
f 1922/590/1452 1923/589/1424 1924/598/1453
f 1925/583/1454 1926/597/1455 1927/598/1453
f 1927/598/1453 1926/597/1455 1928/596/1456
f 1927/598/1453 1928/596/1456 1922/590/1452
f 1922/590/1452 1928/596/1456 1929/576/1444
f 1922/590/1452 1929/576/1444 1920/566/1450
f 1920/566/1450 1929/576/1444 1930/568/1443
f 1920/566/1450 1930/568/1443 1931/567/1445
f 1923/589/1424 1932/599/1447 1924/598/1453
f 1924/598/1453 1932/599/1447 1933/581/1457
f 1924/598/1453 1933/581/1457 1934/583/1454
f 1934/583/1454 1933/581/1457 1935/582/1458
f 1934/583/1454 1935/582/1458 1936/588/1459
f 1937/588/1460 1938/587/1461 1939/583/1462
f 1939/583/1462 1938/587/1461 1940/586/1463
f 1939/583/1462 1940/586/1463 1941/597/1464
f 1941/597/1464 1940/586/1463 1942/595/1465
f 1941/597/1464 1942/595/1465 1943/596/1466
f 1943/596/1466 1942/595/1465 1944/572/1442
f 1943/596/1466 1944/572/1442 1945/576/1467
f 1945/576/1467 1944/572/1442 1946/578/1272
f 1945/576/1467 1946/578/1272 1947/577/1468
f 1947/577/1468 1946/578/1272 1948/579/1439
f 1949/600/1426 1950/579/1469 1885/569/1423
f 1885/569/1423 1950/579/1469 1906/571/1441
f 1885/569/1423 1906/571/1441 1898/570/1434
f 1898/570/1434 1906/571/1441 1907/572/1442
f 1898/570/1434 1907/572/1442 1899/594/1435
f 1899/594/1435 1907/572/1442 1951/595/1470
f 1899/594/1435 1951/595/1470 1952/584/1429
f 1952/584/1429 1951/595/1470 1953/586/1463
f 1952/584/1429 1953/586/1463 1954/585/1471
f 1954/585/1471 1953/586/1463 1955/587/1461
f 1956/635/1472 1957/634/1473 1958/633/1474
f 1959/645/1475 1960/650/1476 1961/646/1477
f 1962/623/1478 1963/622/1479 1964/621/1480
f 1965/620/1481 1966/619/1482 1967/618/1483
f 1967/618/1483 1966/619/1482 1968/617/1484
f 1967/618/1483 1968/617/1484 1969/616/1485
f 1970/612/1486 1971/611/1478 1972/610/1487
f 1973/630/1488 1974/629/1489 1975/608/1490
f 1976/634/1473 1977/635/1491 1978/636/1492
f 1979/632/1493 1980/631/1494 1981/629/1495
f 1981/629/1495 1980/631/1494 1982/607/1496
f 1981/629/1495 1982/607/1496 1983/608/1490
f 1983/608/1490 1982/607/1496 1984/609/1497
f 1985/628/1498 1986/627/1499 1987/626/1500
f 1988/641/1501 1989/640/1502 1990/639/1503
f 1990/639/1503 1989/640/1502 1991/638/1504
f 1990/639/1503 1991/638/1504 1992/622/1486
f 1992/622/1486 1991/638/1504 1993/637/1505
f 1992/622/1486 1993/637/1505 1994/621/1506
f 1995/615/1507 1996/614/1508 1997/624/1509
f 1997/624/1509 1996/614/1508 1998/613/1510
f 1997/624/1509 1998/613/1510 1999/610/1487
f 1999/610/1487 1998/613/1510 2000/625/1511
f 1999/610/1487 2000/625/1511 2001/612/1486
f 2002/646/1512 2003/627/1499 2004/645/1513
f 2004/645/1513 2003/627/1499 2005/628/1498
f 2004/645/1513 2005/628/1498 2006/644/1514
f 2006/644/1514 2005/628/1498 2007/643/1515
f 2006/644/1514 2007/643/1515 2008/636/1516
f 2008/636/1516 2007/643/1515 2009/642/1517
f 2008/636/1516 2009/642/1517 1957/634/1473
f 2010/650/1518 2011/645/1519 2012/649/1520
f 2012/649/1520 2011/645/1519 2013/644/1514
f 2012/649/1520 2013/644/1514 2014/648/1521
f 2014/648/1521 2013/644/1514 2015/636/1516
f 2014/648/1521 2015/636/1516 2016/632/1493
f 2016/632/1493 2015/636/1516 1956/635/1472
f 2016/632/1493 1956/635/1472 2017/631/1522
f 2017/631/1522 1956/635/1472 1958/633/1474
f 2017/631/1522 1958/633/1474 1982/607/1496
f 1982/607/1496 1958/633/1474 2018/647/1523
f 1982/607/1496 2018/647/1523 1984/609/1497
f 2019/655/1524 2020/587/1461 2021/588/1525
f 2022/606/1447 2023/660/1526 2024/663/1304
f 2025/662/1527 2026/632/1493 2027/629/1489
f 2028/630/1528 2029/665/1529 2027/629/1489
f 2020/587/1461 2019/655/1524 2030/585/1530
f 2023/660/1526 2022/606/1447 2031/604/1427
f 2032/658/1531 2033/646/1532 2034/654/1533
f 2034/654/1533 2033/646/1532 2035/650/1534
f 2034/654/1533 2035/650/1534 2036/649/1520
f 2037/580/1304 2038/656/1535 2039/582/1458
f 2039/582/1458 2038/656/1535 2040/657/1536
f 2039/582/1458 2040/657/1536 2021/588/1525
f 2021/588/1525 2040/657/1536 2041/653/1537
f 2021/588/1525 2041/653/1537 2019/655/1524
f 2019/655/1524 2041/653/1537 2042/651/1538
f 2019/655/1524 2042/651/1538 2030/585/1530
f 2026/632/1493 2025/662/1527 2043/648/1539
f 2043/648/1539 2025/662/1527 2044/659/1540
f 2043/648/1539 2044/659/1540 2036/649/1520
f 2036/649/1520 2044/659/1540 2045/652/1541
f 2036/649/1520 2045/652/1541 2034/654/1533
f 2046/664/1542 2024/663/1304 2047/661/1543
f 2047/661/1543 2024/663/1304 2023/660/1526
f 2047/661/1543 2023/660/1526 2030/585/1530
f 2030/585/1530 2023/660/1526 2031/604/1427
f 2030/585/1530 2031/604/1427 2048/584/1429
f 2038/656/1535 2032/658/1531 2040/657/1536
f 2040/657/1536 2032/658/1531 2034/654/1533
f 2040/657/1536 2034/654/1533 2041/653/1537
f 2041/653/1537 2034/654/1533 2045/652/1541
f 2041/653/1537 2045/652/1541 2042/651/1538
f 2042/651/1538 2045/652/1541 2044/659/1540
f 2042/651/1538 2044/659/1540 2030/585/1530
f 2030/585/1530 2044/659/1540 2025/662/1527
f 2030/585/1530 2025/662/1527 2047/661/1543
f 2047/661/1543 2025/662/1527 2027/629/1489
f 2047/661/1543 2027/629/1489 2046/664/1542
f 2046/664/1542 2027/629/1489 2029/665/1529
f 2049/666/1544 2050/560/1253 2051/559/1251
f 2052/667/1545 2053/668/1546 2054/601/1336
f 2053/668/1546 2055/603/1338 2054/601/1336
f 2056/579/1305 2054/601/1336 2057/600/1335
f 2052/667/1545 2058/516/1257 2059/514/1547
f 2050/560/1253 2049/666/1544 2060/562/1270
f 2060/562/1270 2049/666/1544 2061/669/1548
f 2060/562/1270 2061/669/1548 2062/563/1266
f 2053/668/1546 2052/667/1545 2063/670/1549
f 2063/670/1549 2052/667/1545 2059/514/1547
f 2063/670/1549 2059/514/1547 2064/512/1260
f 2056/579/1305 2065/577/1304 2066/671/1550
f 2066/671/1550 2065/577/1304 2067/568/1551
f 2066/671/1550 2067/568/1551 2068/672/1552
f 2068/672/1552 2067/568/1551 2069/567/1293
f 2068/672/1552 2069/567/1293 2070/673/1553
f 2070/673/1553 2069/567/1293 2071/575/1554
f 2070/673/1553 2071/575/1554 2072/674/1555
f 2055/603/1338 2053/668/1546 2073/675/1555
f 2073/675/1555 2053/668/1546 2063/670/1549
f 2073/675/1555 2063/670/1549 2074/676/1556
f 2074/676/1556 2063/670/1549 2064/512/1260
f 2074/676/1556 2064/512/1260 2075/510/1557
f 2054/601/1336 2056/579/1305 2052/667/1545
f 2052/667/1545 2056/579/1305 2066/671/1550
f 2052/667/1545 2066/671/1550 2058/516/1257
f 2058/516/1257 2066/671/1550 2068/672/1552
f 2058/516/1257 2068/672/1552 2051/559/1251
f 2051/559/1251 2068/672/1552 2070/673/1553
f 2051/559/1251 2070/673/1553 2049/666/1544
f 2049/666/1544 2070/673/1553 2072/674/1555
f 2049/666/1544 2072/674/1555 2061/669/1548
f 2076/601/1558 2077/668/1559 2078/667/1560
f 2078/667/1560 2077/668/1559 2079/670/1561
f 2080/563/1161 2081/669/1562 2082/562/1275
f 2082/562/1275 2081/669/1562 2083/666/1563
f 2082/562/1275 2083/666/1563 2084/560/1273
f 2084/560/1273 2083/666/1563 2085/559/1564
f 2076/601/1558 2086/603/1438 2077/668/1559
f 2077/668/1559 2086/603/1438 2087/675/1565
f 2077/668/1559 2087/675/1565 2079/670/1561
f 2079/670/1561 2087/675/1565 2088/676/1566
f 2089/674/1567 2090/575/1568 2091/673/1569
f 2091/673/1569 2090/575/1568 2092/567/1445
f 2091/673/1569 2092/567/1445 2093/672/1570
f 2093/672/1570 2092/567/1445 2094/568/1571
f 2093/672/1570 2094/568/1571 2095/671/1572
f 2095/671/1572 2094/568/1571 2096/577/1306
f 2095/671/1572 2096/577/1306 2097/579/1469
f 2098/516/1573 2078/667/1560 2099/514/1574
f 2099/514/1574 2078/667/1560 2079/670/1561
f 2099/514/1574 2079/670/1561 2100/512/1163
f 2100/512/1163 2079/670/1561 2088/676/1566
f 2100/512/1163 2088/676/1566 2101/510/1575
f 2081/669/1562 2089/674/1567 2083/666/1563
f 2083/666/1563 2089/674/1567 2091/673/1569
f 2083/666/1563 2091/673/1569 2085/559/1564
f 2085/559/1564 2091/673/1569 2093/672/1570
f 2085/559/1564 2093/672/1570 2098/516/1573
f 2098/516/1573 2093/672/1570 2095/671/1572
f 2098/516/1573 2095/671/1572 2078/667/1560
f 2078/667/1560 2095/671/1572 2097/579/1469
f 2078/667/1560 2097/579/1469 2076/601/1558
f 2076/601/1558 2097/579/1469 2102/600/1426
f 2103/677/1576 2104/678/1577 2105/679/1578
f 2106/640/1579 2107/680/1580 2108/641/1383
f 2109/681/1581 2110/682/1582 2111/683/1583
f 2112/684/1584 2106/640/1579 2113/685/1585
f 2114/686/1586 2115/687/1587 2116/617/1588
f 2116/617/1588 2115/687/1587 2117/688/1589
f 2116/617/1588 2117/688/1589 2118/619/1360
f 2104/678/1577 2103/677/1576 2119/689/1590
f 2107/680/1580 2106/640/1579 2120/690/1591
f 2121/691/1592 2122/611/1593 2123/692/1594
f 2123/692/1594 2122/611/1593 2124/610/1351
f 2123/692/1594 2124/610/1351 2125/624/1595
f 2105/679/1596 2126/621/1362 2127/693/1597
f 2127/693/1597 2126/621/1362 2128/623/1593
f 2110/682/1582 2109/681/1581 2129/694/1598
f 2129/694/1598 2109/681/1581 2130/695/1599
f 2129/694/1598 2130/695/1599 2131/696/1600
f 2132/697/1590 2133/698/1601 2134/699/1602
f 2134/699/1602 2133/698/1601 2135/700/1578
f 2134/699/1602 2135/700/1578 2136/701/1586
f 2136/701/1586 2135/700/1578 2137/702/1597
f 2136/701/1586 2137/702/1597 2138/703/1603
f 2138/703/1603 2137/702/1597 2139/704/1604
f 2138/703/1603 2139/704/1604 2140/705/1589
f 2140/705/1589 2139/704/1604 2141/706/1605
f 2142/615/1363 2143/707/1589 2125/624/1595
f 2125/624/1595 2143/707/1589 2144/708/1605
f 2125/624/1595 2144/708/1605 2123/692/1594
f 2123/692/1594 2144/708/1605 2145/709/1604
f 2123/692/1594 2145/709/1604 2121/691/1592
f 2106/640/1579 2112/684/1584 2120/690/1591
f 2120/690/1591 2112/684/1584 2146/710/1606
f 2120/690/1591 2146/710/1606 2119/689/1590
f 2119/689/1590 2146/710/1606 2147/711/1607
f 2119/689/1590 2147/711/1607 2104/678/1577
f 2111/683/1583 2148/712/1608 2109/681/1581
f 2109/681/1581 2148/712/1608 2149/713/1609
f 2109/681/1581 2149/713/1609 2130/695/1599
f 2130/695/1599 2149/713/1609 2150/714/1610
f 2130/695/1599 2150/714/1610 2131/696/1600
f 2106/640/1579 2151/638/1380 2113/685/1585
f 2113/685/1585 2151/638/1380 2152/637/1379
f 2113/685/1585 2152/637/1379 2131/696/1600
f 2131/696/1600 2152/637/1379 2126/621/1362
f 2131/696/1600 2126/621/1362 2129/694/1598
f 2129/694/1598 2126/621/1362 2105/679/1596
f 2129/694/1598 2105/679/1596 2110/682/1582
f 2110/682/1582 2105/679/1596 2153/678/1611
f 2110/682/1582 2153/678/1611 2111/683/1583
f 2111/683/1583 2153/678/1611 2147/711/1607
f 2111/683/1583 2147/711/1607 2148/712/1608
f 2148/712/1608 2147/711/1607 2146/710/1606
f 2148/712/1608 2146/710/1606 2149/713/1609
f 2149/713/1609 2146/710/1606 2112/684/1584
f 2149/713/1609 2112/684/1584 2150/714/1610
f 2150/714/1610 2112/684/1584 2113/685/1585
f 2150/714/1610 2113/685/1585 2131/696/1600
f 2154/704/1612 2155/705/1613 2156/706/1614
f 2157/685/1615 2158/638/1504 2159/640/1616
f 2160/611/1617 2161/691/1618 2162/692/1619
f 2162/692/1619 2161/691/1618 2163/709/1612
f 2162/692/1619 2163/709/1612 2164/708/1614
f 2165/689/1620 2166/677/1621 2167/711/1622
f 2168/619/1482 2169/688/1613 2170/617/1623
f 2170/617/1623 2169/688/1613 2171/687/1624
f 2170/617/1623 2171/687/1624 2172/686/1625
f 2173/623/1626 2174/621/1480 2175/693/1618
f 2175/693/1618 2174/621/1480 2176/679/1627
f 2177/681/1628 2178/695/1629 2179/713/1630
f 2179/713/1630 2178/695/1629 2180/714/1631
f 2179/713/1630 2180/714/1631 2181/684/1632
f 2182/641/1501 2183/680/1625 2159/640/1616
f 2184/707/1633 2185/615/1507 2164/708/1614
f 2164/708/1614 2185/615/1507 2186/624/1634
f 2164/708/1614 2186/624/1634 2162/692/1619
f 2162/692/1619 2186/624/1634 2187/610/1487
f 2162/692/1619 2187/610/1487 2160/611/1617
f 2155/705/1613 2154/704/1612 2188/703/1635
f 2188/703/1635 2154/704/1612 2189/702/1636
f 2188/703/1635 2189/702/1636 2190/701/1625
f 2190/701/1625 2189/702/1636 2191/700/1627
f 2190/701/1625 2191/700/1627 2192/699/1637
f 2192/699/1637 2191/700/1627 2193/698/1638
f 2192/699/1637 2193/698/1638 2194/697/1620
f 2195/683/1639 2177/681/1628 2196/712/1640
f 2196/712/1640 2177/681/1628 2179/713/1630
f 2196/712/1640 2179/713/1630 2197/710/1641
f 2197/710/1641 2179/713/1630 2181/684/1632
f 2197/710/1641 2181/684/1632 2198/690/1642
f 2158/638/1504 2157/685/1615 2199/637/1505
f 2199/637/1505 2157/685/1615 2200/696/1643
f 2199/637/1505 2200/696/1643 2174/621/1480
f 2174/621/1480 2200/696/1643 2201/694/1644
f 2174/621/1480 2201/694/1644 2176/679/1627
f 2176/679/1627 2201/694/1644 2202/682/1645
f 2176/679/1627 2202/682/1645 2166/677/1621
f 2166/677/1621 2202/682/1645 2203/678/1646
f 2166/677/1621 2203/678/1646 2167/711/1622
f 2198/690/1642 2165/689/1620 2197/710/1641
f 2197/710/1641 2165/689/1620 2167/711/1622
f 2197/710/1641 2167/711/1622 2196/712/1640
f 2196/712/1640 2167/711/1622 2203/678/1646
f 2196/712/1640 2203/678/1646 2195/683/1639
f 2195/683/1639 2203/678/1646 2202/682/1645
f 2195/683/1639 2202/682/1645 2177/681/1628
f 2177/681/1628 2202/682/1645 2201/694/1644
f 2177/681/1628 2201/694/1644 2178/695/1629
f 2178/695/1629 2201/694/1644 2200/696/1643
f 2178/695/1629 2200/696/1643 2180/714/1631
f 2180/714/1631 2200/696/1643 2157/685/1615
f 2180/714/1631 2157/685/1615 2181/684/1632
f 2181/684/1632 2157/685/1615 2159/640/1616
f 2181/684/1632 2159/640/1616 2198/690/1642
f 2198/690/1642 2159/640/1616 2183/680/1625
