mtllib m_body031.mtl
o editpl_m-0000-18
v -71.972450 37.790661 1.793326
v -71.972450 34.368584 1.793326
v -69.805092 35.345402 1.439891
v -69.805092 35.345402 1.439891
v -69.805092 37.430782 1.439891
v -71.972450 37.790661 1.793326
v -69.805092 38.741776 -0.558924
v -71.972450 39.034180 -0.166633
v -69.805092 38.761055 -2.928360
v -71.972450 39.034180 -3.112176
v -69.805092 37.430782 -5.205141
v -71.972450 37.790661 -4.753820
v -69.805092 35.075493 -5.205141
v -71.986000 34.818436 -4.497523
v -69.805092 35.345402 1.439891
v -71.972450 34.368584 1.793326
v -69.780716 33.954079 -0.381085
v -71.931816 33.639183 -1.052837
v -69.805092 34.140446 -2.928360
v -71.986000 34.818436 -4.497523
v -69.805092 35.075493 -5.205141
v -41.992508 31.826929 -1.899437
v -34.626209 31.026836 -5.676636
v -34.626209 33.102577 -2.459852
v -39.895592 40.039913 -0.221927
v -41.607803 39.853546 0.980350
v -34.626209 39.120934 2.958990
v -34.626209 31.881554 0.626916
v -41.992508 31.826929 -1.899437
v -34.626209 33.102577 -2.459852
v -43.729103 38.960274 -5.653473
v -45.552391 40.081688 -4.321926
v -43.282085 40.210217 -3.658395
v -53.111042 33.198975 -6.908056
v -49.916901 31.949032 -3.781685
v -55.833782 31.997229 -4.232259
v -48.911789 31.602003 -1.634173
v -55.831074 31.585938 -2.280519
v -61.991779 40.027061 -0.738257
v -69.805092 38.741776 -0.558924
v -69.805092 37.430782 1.439891
v -34.626209 31.026836 -5.676636
v -41.992508 31.826929 -1.899437
v -40.673130 33.247169 -7.139694
v -41.607803 39.853546 0.980350
v -39.895592 40.039913 -0.221927
v -40.673130 39.786072 -4.241974
v -69.805092 35.345402 1.439891
v -69.780716 33.954079 -0.381085
v -62.528198 34.375011 0.455802
v -62.796410 33.709873 -0.479719
v -34.626209 33.137920 4.791923
v -34.626209 39.120934 2.958990
v -41.913940 37.520752 3.322887
v -41.607803 39.853546 0.980350
v -43.807671 38.529701 2.590611
v -50.363918 39.467960 2.883521
v -48.941593 37.421143 -7.072445
v -50.992451 36.319008 -7.482669
v -49.304623 38.414028 -6.329708
v -51.466560 38.886372 -6.813160
v -49.472595 39.561146 -5.394935
v -69.780716 33.954079 -0.381085
v -62.788284 33.308224 -1.762696
v -55.833782 31.997229 0.042590
v -55.579117 32.951553 1.308380
v -55.408440 34.738106 2.198320
v -49.621597 41.440880 -0.195028
v -49.296497 41.206314 -4.025280
v -54.254322 41.199886 0.215197
v -54.148663 41.129196 -3.197360
v -61.991779 40.027061 -0.738257
v -61.991779 40.001354 -3.541081
v -69.805092 38.741776 -0.558924
v -55.831074 31.585938 -2.280519
v -48.911789 31.602003 -1.634173
v -55.833782 31.997229 0.042590
v -48.467484 32.572395 1.125311
v -49.922321 33.963718 2.267811
v -41.992508 31.826929 -1.899437
v -34.626209 31.881554 0.626916
v -43.872688 32.745911 1.756713
v -41.913940 33.918736 3.322887
v -44.587917 33.947655 2.092214
v -45.319401 36.068378 2.924618
v -50.556271 36.203331 2.899960
v -40.673130 37.549671 -7.139695
v -40.673130 35.400028 -7.880191
v -43.582806 35.891651 -7.144178
v -40.673130 33.247169 -7.139694
v -43.582806 33.353207 -6.684638
v -41.992508 31.826929 -1.899437
v -45.920841 31.769091 -6.275908
v -47.470497 32.241432 -3.826518
v -47.562611 32.279991 -5.092310
v -55.833782 31.997229 -4.232259
v -55.833782 33.182907 -6.962604
v -53.111042 33.198975 -6.908056
v -55.519516 36.277237 -7.692638
v -50.992451 36.319008 -7.482669
v -55.031860 38.783546 -6.962604
v -51.466560 38.886372 -6.813160
v -49.296497 41.206314 -4.025280
v -49.472595 39.561146 -5.394935
v -47.126431 38.121624 -6.635321
v -43.582806 37.928829 -6.684638
v -47.126431 37.601082 -7.024623
v -47.126431 36.039459 -7.490141
v -49.632435 36.203331 -7.741208
v -47.126431 33.349995 -7.224877
v -50.594200 33.497803 -7.597740
v -47.562611 32.279991 -5.092310
v -50.594200 33.497803 -7.597740
v -43.582806 35.891651 -7.144178
v -40.673130 37.549671 -7.139695
v -40.673130 39.786072 -4.241974
v -49.954830 40.875351 1.954726
v -54.999352 40.171658 1.639399
v -55.297359 38.410812 2.361961
v -62.311466 38.616459 0.683704
v -62.392738 36.649971 1.162672
v -34.626209 33.137920 4.791923
v -55.351543 35.923782 2.143025
v -62.446922 35.551048 0.967648
v -48.911789 31.602003 -1.634173
v -49.916901 31.949032 -3.781685
v -53.111042 33.198975 -6.908056
v -49.296497 41.206314 -4.025280
v -49.621597 41.440880 -0.195028
v -54.254322 41.199886 0.215197
v -61.991779 40.027061 -0.738257
v -69.805092 35.345402 1.439891
v -62.528198 34.375011 0.455802
v -55.408440 34.738106 2.198320
v -49.922321 33.963718 2.267811
v -48.467484 32.572395 1.125311
v -48.911789 31.602003 -1.634173
v -62.186844 36.492523 -6.600202
v -61.948433 38.327271 -6.050248
v -55.031860 38.783546 -6.962604
v -62.788284 33.308224 -1.762696
v -55.831074 31.585938 -2.280519
v -55.833782 31.997229 0.042590
v -55.833782 33.182907 -6.962604
v -55.833782 31.997229 -4.232259
v -62.796410 33.581345 -3.700239
v -55.519516 36.277237 -7.692638
v -62.425251 34.657776 -6.050247
v -69.780716 33.954079 -0.381085
v -69.805092 34.140446 -2.928360
v -62.788284 33.308224 -1.762696
v -61.991779 40.001354 -3.541081
v -54.148663 41.129196 -3.197360
v -49.296497 41.206314 -4.025280
v -69.805092 38.741776 -0.558924
v -69.805092 38.761055 -2.928360
v -69.805092 37.430782 -5.205141
v -69.805092 35.075493 -5.205141
v -55.831074 31.585938 -2.280519
v 69.805092 35.345402 1.439891
v 71.972450 34.368584 1.793326
v 71.972450 37.790661 1.793326
v 71.986000 34.818436 -4.497523
v 69.805092 35.075493 -5.205141
v 71.972450 37.790661 -4.753820
v 69.805092 37.430782 -5.205141
v 71.972450 39.034180 -3.112176
v 69.805092 38.761055 -2.928360
v 71.972450 39.034180 -0.166633
v 69.805092 38.741776 -0.558924
v 71.972450 37.790661 1.793326
v 69.805092 37.430782 1.439891
v 69.805092 35.345402 1.439891
v 69.805092 35.075493 -5.205141
v 71.986000 34.818436 -4.497523
v 69.805092 34.140446 -2.928360
v 71.931816 33.639183 -1.052837
v 69.780716 33.954079 -0.381085
v 71.972450 34.368584 1.793326
v 69.805092 35.345402 1.439891
v 41.607803 39.853546 0.980350
v 43.807671 38.529701 2.590611
v 50.363918 39.467960 2.883521
v 54.999352 40.171658 1.639399
v 55.297359 38.410812 2.361961
v 62.311466 38.616459 0.683704
v 41.913940 33.918736 3.322887
v 34.626209 39.120934 2.958990
v 34.626209 33.137920 4.791923
v 41.913940 37.520752 3.322887
v 55.831074 31.585938 -2.280519
v 48.911789 31.602003 -1.634173
v 55.833782 31.997229 -4.232259
v 49.916901 31.949032 -3.781685
v 53.111042 33.198975 -6.908056
v 62.446922 35.551048 0.967648
v 62.392738 36.649971 1.162672
v 55.351543 35.923782 2.143025
v 69.805092 37.430782 1.439891
v 69.805092 38.741776 -0.558924
v 61.991779 40.027061 -0.738257
v 40.673130 33.247169 -7.139694
v 41.992508 31.826929 -1.899437
v 34.626209 31.026836 -5.676636
v 34.626209 33.102577 -2.459852
v 40.673130 39.786072 -4.241974
v 39.895592 40.039913 -0.221927
v 41.607803 39.853546 0.980350
v 34.626209 39.120934 2.958990
v 69.805092 35.345402 1.439891
v 62.528198 34.375011 0.455802
v 69.780716 33.954079 -0.381085
v 62.796410 33.709873 -0.479719
v 49.472595 39.561146 -5.394935
v 51.466560 38.883156 -6.813160
v 49.304623 38.414028 -6.329708
v 50.992451 36.319008 -7.482669
v 48.941593 37.421143 -7.072445
v 41.913940 33.918736 3.322887
v 34.626209 31.881554 0.626916
v 55.408440 34.738106 2.198320
v 55.579117 32.951553 1.308380
v 62.528198 34.375011 0.455802
v 55.833782 31.997229 0.042590
v 62.796410 33.709873 -0.479719
v 62.788284 33.308224 -1.762696
v 69.780716 33.954079 -0.381085
v 69.805092 38.741776 -0.558924
v 61.991779 40.001354 -3.541081
v 61.991779 40.027061 -0.738257
v 54.148663 41.129196 -3.197360
v 54.254322 41.199886 0.215197
v 49.296497 41.206314 -4.025280
v 49.621597 41.440880 -0.195028
v 55.408440 34.738106 2.198320
v 49.922321 33.963718 2.267811
v 55.579117 32.951553 1.308380
v 48.467484 32.572395 1.125311
v 55.833782 31.997229 0.042590
v 48.911789 31.602003 -1.634173
v 55.831074 31.585938 -2.280519
v 50.556271 36.203331 2.899960
v 45.319401 36.068378 2.924618
v 44.587917 33.947655 2.092214
v 41.913940 33.918736 3.322887
v 43.872688 32.745911 1.756713
v 41.992508 31.826929 -1.899437
v 34.626209 33.102577 -2.459852
v 47.562611 32.279991 -5.092310
v 47.470497 32.241432 -3.826518
v 45.920841 31.769091 -6.275908
v 41.992508 31.826929 -1.899437
v 43.582806 33.353207 -6.684638
v 40.673130 33.247169 -7.139694
v 43.582806 35.891651 -7.144178
v 40.673130 35.400028 -7.880191
v 40.673130 37.549671 -7.139695
v 49.472595 39.561146 -5.394935
v 49.296497 41.206314 -4.025280
v 55.031860 38.780334 -6.962604
v 50.992451 36.319008 -7.482669
v 55.519516 36.277237 -7.692638
v 53.111042 33.198975 -6.908056
v 55.833782 33.182907 -6.962604
v 55.833782 31.997229 -4.232259
v 50.594200 33.497803 -7.597740
v 47.126431 33.349995 -7.224877
v 49.632435 36.203331 -7.741208
v 47.126431 36.039459 -7.490141
v 47.126431 37.601082 -7.024623
v 43.582806 37.928829 -6.684638
v 47.126431 38.121624 -6.635321
v 43.729103 38.960274 -5.653473
v 45.552391 40.081688 -4.321926
v 43.282085 40.210217 -3.658395
v 55.297359 38.410812 2.361961
v 54.999352 40.171658 1.639399
v 50.363918 39.467960 2.883521
v 49.954830 40.875351 1.954726
v 43.282085 40.210217 -3.658395
v 40.673130 39.786072 -4.241974
v 40.673130 37.549671 -7.139695
v 43.582806 35.891651 -7.144178
v 43.582806 33.353207 -6.684638
v 45.920841 31.769091 -6.275908
v 47.562611 32.279991 -5.092310
v 34.626209 39.120934 2.958990
v 41.913940 33.918736 3.322887
v 45.319401 36.068378 2.924618
v 50.556271 36.203331 2.899960
v 41.992508 31.826929 -1.899437
v 48.911789 31.602003 -1.634173
v 43.872688 32.745911 1.756713
v 48.467484 32.572395 1.125311
v 44.587917 33.947655 2.092214
v 49.922321 33.963718 2.267811
v 55.408440 34.738106 2.198320
v 62.528198 34.375011 0.455802
v 69.805092 35.345402 1.439891
v 69.805092 37.430782 1.439891
v 61.991779 40.027061 -0.738257
v 54.254322 41.199886 0.215197
v 49.954830 40.875351 1.954726
v 49.621597 41.440880 -0.195028
v 49.296497 41.206314 -4.025280
v 53.111042 33.198975 -6.908056
v 49.916901 31.949032 -3.781685
v 47.470497 32.241432 -3.826518
v 48.911789 31.602003 -1.634173
v 41.992508 31.826929 -1.899437
v 55.833782 33.182907 -6.962604
v 62.425251 34.657776 -6.050247
v 62.796410 33.581345 -3.700239
v 55.031860 38.780334 -6.962604
v 61.948433 38.327271 -6.050248
v 62.186844 36.492523 -6.600202
v 55.833782 31.997229 0.042590
v 55.831074 31.585938 -2.280519
v 62.788284 33.308224 -1.762696
v 55.833782 31.997229 -4.232259
v 55.519516 36.277237 -7.692638
v 62.788284 33.308224 -1.762696
v 69.805092 34.140446 -2.928360
v 69.780716 33.954079 -0.381085
v 49.296497 41.206314 -4.025280
v 54.148663 41.129196 -3.197360
v 61.991779 40.001354 -3.541081
v 55.831074 31.585938 -2.280519
v 69.805092 35.075493 -5.205141
v 69.805092 37.430782 -5.205141
v 69.805092 38.761055 -2.928360
v 69.805092 38.741776 -0.558924
v -73.516693 35.612099 -5.994953
v -71.972450 37.790661 -4.753820
v -71.986000 34.818436 -4.497523
v -88.260124 33.623119 -3.961766
v -84.784233 36.919880 -4.479590
v -86.845924 32.868011 -3.730874
v -77.789093 35.882011 3.555272
v -83.061180 32.996540 3.162235
v -83.112656 33.960506 3.881060
v -82.985329 32.353897 3.841459
v -79.769508 39.686462 2.750516
v -80.435974 37.565739 3.127862
v -78.008537 36.723873 3.341567
v -87.712868 35.184742 1.454088
v -85.128296 37.694267 2.013756
v -85.098495 38.176247 -2.132570
v -87.477165 33.019032 -1.611009
v -86.845924 32.868011 -3.730874
v -83.705971 35.509277 -4.215821
v -86.845924 32.868011 -3.730874
v -87.477165 33.019032 -1.611009
v -88.682762 33.738792 -2.013762
v -75.423965 37.221924 4.383193
v -77.954353 34.677055 4.978728
v -74.684357 33.398193 2.784888
v -77.507332 32.771614 3.414049
v -82.985329 32.353897 3.841459
v -83.034088 33.439964 4.808362
v -83.112656 33.960506 3.881060
v -77.789093 35.882011 3.555272
v -75.063644 34.011917 -4.715712
v -78.647903 36.842762 -6.047259
v -86.764648 34.493900 2.027953
v -84.074425 36.254745 2.736319
v -79.718040 39.843910 -4.481084
v -79.094925 37.022701 -4.128396
v -83.705971 35.509277 -4.215821
v -78.008537 36.723873 3.341567
v -77.111794 35.817745 -0.963170
v -80.435974 37.565739 3.127862
v -71.972450 39.034180 -0.166633
v -76.494095 38.452583 3.566481
v -71.972450 37.790661 1.793326
v -71.972450 34.368584 1.793326
v -71.972450 39.034180 -3.112176
v -78.967590 38.873516 -6.336433
v -80.975105 35.901291 -6.227339
v -78.647903 36.842762 -6.047259
v -79.094925 37.022701 -4.128396
v -80.975105 35.901291 -6.227339
v -81.422119 36.084442 -4.868145
v -84.112350 32.061493 -6.227338
v -84.559364 32.241432 -5.328433
v -79.718040 39.843910 -4.481084
v -81.422119 36.084442 -4.868145
v -82.893211 37.861355 -5.220833
v -84.112350 32.061493 -6.227338
v -85.280014 33.054379 -6.516512
v -82.142761 36.894173 -6.516513
v -86.764648 34.493900 2.027953
v -78.710213 33.844830 2.028701
v -71.931816 33.639183 -1.052837
v -75.063644 34.011917 -4.715712
v -71.986000 34.818436 -4.497523
v -77.507332 32.771614 3.414049
v -74.684357 33.398193 2.784888
v -71.972450 34.368584 1.793326
v -86.764648 34.493900 2.027953
v -84.074425 36.254745 2.736319
v -80.465775 40.811089 -2.146020
v -84.112350 32.061493 -6.227338
v -84.559364 32.241432 -5.328433
v -85.553642 33.462456 -5.681120
v -84.559364 32.241432 -5.328433
v 77.954353 34.677055 4.978728
v 74.684357 33.398193 2.784888
v 77.507332 32.771614 3.414049
v 83.034088 33.439964 4.808362
v 83.112656 33.960506 3.881060
v 77.789093 35.882011 3.555272
v 75.063644 34.011917 -4.715712
v 73.516693 35.612099 -5.994953
v 78.647903 36.842762 -6.047259
v 75.423965 37.221924 4.383193
v 71.972450 34.368584 1.793326
v 81.422119 36.084442 -4.868145
v 84.112350 32.061493 -6.227338
v 84.559364 32.241432 -5.328433
v 82.893211 37.861355 -5.220833
v 84.559364 32.241432 -5.328433
v 85.553642 33.462456 -5.681120
v 87.477165 33.019032 -1.611009
v 87.712868 35.184742 1.454088
v 86.764648 34.493900 2.027953
v 83.705971 35.509277 -4.215821
v 86.845924 32.868011 -3.730874
v 87.477165 33.019032 -1.611009
v 86.845924 32.868011 -3.730874
v 88.260124 33.619904 -3.961766
v 80.435974 37.565739 3.127862
v 84.074425 36.254745 2.736319
v 85.128296 37.694267 2.013756
v 82.985329 32.353897 3.841459
v 71.986000 34.818436 -4.497523
v 86.764648 34.493900 2.027953
v 85.098495 38.176247 -2.132570
v 88.682762 33.738792 -2.013762
v 77.789093 35.882011 3.555272
v 77.111794 35.817745 -0.963170
v 78.008537 36.723873 3.341567
v 80.435974 37.565739 3.127862
v 71.972450 37.790661 1.793326
v 76.491386 38.452583 3.566481
v 71.972450 39.034180 -0.166633
v 86.845924 32.868011 -3.730874
v 84.784233 36.919880 -4.479590
v 83.705971 35.509277 -4.215821
v 78.967590 38.873516 -6.336433
v 71.972450 37.790661 -4.753820
v 71.972450 39.034180 -3.112176
v 80.975105 35.901291 -6.227339
v 82.142761 36.894173 -6.516513
v 85.280014 33.054379 -6.516512
v 84.112350 32.061493 -6.227338
v 80.975105 35.901291 -6.227339
v 79.094925 37.022701 -4.128396
v 78.647903 36.842762 -6.047259
v 81.422119 36.084442 -4.868145
v 79.718040 39.843910 -4.481084
v 79.094925 37.022701 -4.128396
v 78.008537 36.723873 3.341567
v 79.769508 39.686462 2.750516
v 80.465775 40.811089 -2.146020
v 79.718040 39.843910 -4.481084
v 71.986000 34.818436 -4.497523
v 75.063644 34.011917 -4.715712
v 71.931816 33.639183 -1.052837
v 78.710213 33.844830 2.028701
v 83.061180 32.996540 3.162235
v 83.112656 33.960506 3.881060
v 71.972450 34.368584 1.793326
v 74.684357 33.398193 2.784888
v 77.507332 32.771614 3.414049
v 82.985329 32.353897 3.841459
v 84.074425 36.254745 2.736319
v 86.764648 34.493900 2.027953
v 84.559364 32.241432 -5.328433
v 84.112350 32.061493 -6.227338
v -40.673130 37.549671 -7.139695
v -34.626209 37.257267 -8.093896
v -40.673130 35.400028 -7.880191
v -38.532867 30.705517 -8.294897
v -38.524738 29.465214 -1.680501
v -38.467846 35.910931 -1.747752
v -40.673130 39.786072 -4.241974
v -34.626209 31.026836 -5.676636
v -40.673130 33.247169 -7.139694
v -34.626209 32.572395 -8.093896
v -34.626209 34.914833 -8.833644
v -34.116882 29.542330 -1.830692
v -34.154812 35.994473 -2.104923
v -34.314651 31.740171 5.280605
v -34.154812 35.994473 -2.104923
v -34.092499 39.969223 -8.235868
v -34.152100 42.308449 -2.216259
v -38.467846 35.910931 -1.747752
v -38.478683 40.251987 3.810822
v -38.527451 42.395203 -2.311903
v -38.427208 39.827843 -8.029634
v -38.467846 35.910931 -1.747752
v -38.467846 35.910931 -1.747752
v -38.508484 35.332550 -9.821469
v -38.343224 31.656628 5.152082
v -38.467846 35.910931 -1.747752
v -38.524738 29.465214 -1.680501
v -38.467846 35.910931 -1.747752
v -38.462429 35.968765 5.434532
v -34.152100 40.216640 3.902730
v -34.309235 35.975193 5.647490
v -34.154812 35.994473 -2.104923
v -34.328197 30.869390 -8.587807
v -34.116882 29.542330 -1.830692
v -34.154812 35.994473 -2.104923
v -34.328197 35.364681 -9.874522
v -34.154812 35.994473 -2.104923
v -34.154812 35.994473 -2.104923
v -34.626209 39.120934 2.958990
v -34.626209 39.500095 0.339982
v -39.895592 40.039913 -0.221927
v -34.626209 39.956371 -2.157976
v -34.626209 39.406910 -4.656681
v -38.467846 35.910931 -1.747752
v -34.154812 35.994473 -2.104923
v -34.154812 35.994473 -2.104923
v -38.467846 35.910931 -1.747752
v 40.673130 35.400028 -7.880191
v 34.626209 34.914833 -8.833644
v 34.626209 37.257267 -8.093896
v 34.309235 35.975193 5.647490
v 34.314651 31.740171 5.280605
v 38.343224 31.656628 5.152082
v 38.462429 35.968765 5.434532
v 38.467846 35.910931 -1.747752
v 40.673130 39.786072 -4.241974
v 40.673130 37.549671 -7.139695
v 34.626209 32.572395 -8.093896
v 40.673130 33.247169 -7.139694
v 34.626209 31.026836 -5.676636
v 34.328197 30.869390 -8.587807
v 34.116882 29.542330 -1.830692
v 34.154812 35.994473 -2.104923
v 34.152100 40.216640 3.902730
v 34.152100 42.308449 -2.216259
v 34.154812 35.994473 -2.104923
v 38.524738 29.465214 -1.680501
v 38.532867 30.705517 -8.294897
v 38.467846 35.910931 -1.747752
v 38.527451 42.395203 -2.311903
v 38.478683 40.251987 3.810822
v 38.467846 35.910931 -1.747752
v 38.467846 35.910931 -1.747752
v 38.427208 39.827843 -8.029634
v 38.508484 35.332550 -9.821469
v 38.467846 35.910931 -1.747752
v 38.467846 35.910931 -1.747752
v 34.154812 35.994473 -2.104923
v 38.467846 35.910931 -1.747752
v 34.092499 39.969223 -8.235868
v 34.154812 35.994473 -2.104923
v 34.328197 35.364681 -9.874522
v 34.154812 35.994473 -2.104923
v 38.467846 35.910931 -1.747752
v 38.524738 29.465214 -1.680501
v 34.116882 29.542330 -1.830692
v 34.154812 35.994473 -2.104923
v 34.626209 39.406910 -4.656681
v 34.626209 39.956371 -2.157976
v 39.895592 40.039913 -0.221927
v 34.626209 39.500095 0.339982
v 34.626209 39.120934 2.958990
v 34.154812 35.994473 -2.104923
v 34.154812 35.994473 -2.104923
vn 0.3223 0.5031 0.8019
vn 0.4019 -0.5595 0.7249
vn 0.1339 -0.3228 0.9370
vn 0.0549 0.4776 0.8769
vn 0.0158 0.9590 0.2830
vn 0.1963 0.9499 0.2434
vn -0.0078 0.9638 -0.2664
vn 0.1575 0.9217 -0.3545
vn -0.0940 0.5248 -0.8460
vn 0.1341 0.3393 -0.9311
vn -0.1730 -0.4246 -0.8887
vn 0.1568 -0.7290 -0.6663
vn 0.1338 -0.3228 0.9370
vn 0.0708 -0.9439 0.3225
vn 0.0079 -0.9948 -0.1018
vn -0.0470 -0.9648 -0.2588
vn 0.1567 -0.7290 -0.6663
vn -0.1729 -0.4246 -0.8887
vn 0.0314 -0.9980 -0.0551
vn -0.0941 -0.9886 -0.1177
vn 0.1726 -0.9805 0.0941
vn 0.0079 0.9962 0.0863
vn 0.0629 0.8958 0.4400
vn -0.0157 0.8184 0.5744
vn -0.0235 -0.9803 0.1961
vn 0.0314 -0.9980 -0.0550
vn 0.1725 -0.9805 0.0941
vn 0.0314 0.7774 -0.6282
vn 0.0943 0.7384 -0.6677
vn 0.1654 0.9612 -0.2206
vn -0.0315 -0.6786 -0.7338
vn 0.0392 -0.9730 -0.2275
vn -0.0943 -0.9590 -0.2673
vn 0.0236 -0.9992 0.0314
vn -0.1173 -0.9930 -0.0157
vn -0.1575 0.9217 0.3545
vn 0.0157 0.9590 0.2830
vn 0.0548 0.4776 0.8769
vn -0.0942 -0.9886 -0.1177
vn -0.2117 -0.6508 -0.7292
vn 0.0629 0.8958 0.4401
vn 0.0078 0.9962 0.0863
vn 0.0078 0.9414 -0.3373
vn -0.1341 -0.5678 0.8122
vn -0.1336 -0.8800 0.4557
vn -0.1573 -0.5035 0.8496
vn -0.0939 0.3912 0.9155
vn 0.0078 0.3768 0.9263
vn -0.0314 0.3137 0.9490
vn -0.0788 0.5438 -0.8355
vn -0.0393 0.2201 -0.9747
vn 0.0552 0.5593 -0.8271
vn 0.1880 0.5247 -0.8302
vn 0.1650 0.6445 -0.7466
vn -0.1719 -0.9846 0.0313
vn -0.1335 -0.9030 0.4084
vn -0.1100 -0.6285 0.7700
vn -0.1415 -0.2123 0.9669
vn 0.1021 0.9895 0.1021
vn 0.0785 0.8788 -0.4707
vn -0.1022 0.9751 0.1966
vn -0.1017 0.9704 -0.2191
vn -0.1576 0.9217 0.3544
vn -0.1491 0.9499 -0.2747
vn -0.1173 -0.9930 -0.0156
vn 0.0236 -0.9992 0.0315
vn -0.1335 -0.9030 0.4083
vn -0.0157 -0.7525 0.6584
vn -0.0157 -0.4566 0.8895
vn 0.0314 -0.9980 -0.0549
vn -0.0947 -0.8150 0.5717
vn -0.2120 -0.4713 0.8561
vn -0.1413 -0.4238 0.8947
vn -0.1497 -0.0867 0.9849
vn -0.0391 -0.1018 0.9940
vn -0.0707 0.5497 -0.8324
vn -0.1886 -0.0000 -0.9821
vn -0.0935 0.0146 -0.9955
vn 0.1110 -0.4974 -0.8604
vn -0.0078 -0.9095 -0.4156
vn -0.0314 -0.9964 -0.0785
vn -0.1174 -0.9781 -0.1721
vn -0.1494 -0.6291 -0.7628
vn -0.0316 -0.6786 -0.7339
vn -0.0393 -0.0157 -0.9991
vn -0.0393 0.2200 -0.9747
vn -0.0709 0.5909 -0.8037
vn 0.1879 0.5248 -0.8302
vn 0.0785 0.8788 -0.4708
vn 0.1651 0.6444 -0.7466
vn 0.0079 0.6750 -0.7378
vn 0.0079 0.4722 -0.8815
vn 0.0157 0.4782 -0.8781
vn 0.1024 0.0709 -0.9922
vn -0.0000 0.1961 -0.9806
vn 0.1099 -0.2356 -0.9656
vn -0.1184 -0.4815 -0.8684
vn -0.1184 -0.4816 -0.8684
vn -0.0940 0.0157 -0.9954
vn 0.0079 0.9414 -0.3373
vn 0.0551 0.8664 0.4962
vn -0.1889 0.6455 0.7400
vn -0.1721 0.1721 0.9699
vn -0.1330 0.4773 0.8686
vn -0.0393 0.0314 0.9987
vn -0.1487 -0.0704 0.9864
vn -0.0313 -0.2663 0.9634
vn 0.0392 -0.9730 -0.2276
vn -0.0316 -0.6786 -0.7338
vn -0.1023 0.9751 0.1966
vn -0.1576 0.9217 0.3545
vn -0.1340 -0.5677 0.8122
vn -0.1415 -0.2122 0.9669
vn -0.0157 -0.4565 0.8896
vn -0.1567 0.0235 -0.9874
vn -0.1498 0.6544 -0.7411
vn -0.0709 0.5909 -0.8036
vn -0.1882 -0.9333 -0.3059
vn -0.0394 -0.0157 -0.9991
vn -0.1646 -0.7052 -0.6896
vn -0.0471 -0.9648 -0.2588
vn -0.1719 -0.9846 0.0312
vn -0.1492 0.9499 -0.2748
vn 0.0784 0.8788 -0.4708
vn -0.0079 0.9638 -0.2664
vn -0.1750 -0.4247 -0.8883
vn -0.1338 -0.3228 0.9370
vn -0.4018 -0.5595 0.7249
vn -0.3223 0.5031 0.8019
vn -0.1568 -0.7290 -0.6663
vn 0.1730 -0.4246 -0.8887
vn -0.1341 0.3393 -0.9311
vn 0.0940 0.5248 -0.8460
vn -0.1575 0.9217 -0.3545
vn 0.0078 0.9638 -0.2664
vn -0.1963 0.9499 0.2434
vn -0.0158 0.9590 0.2830
vn -0.3223 0.5032 0.8018
vn -0.0549 0.4776 0.8769
vn 0.0470 -0.9648 -0.2588
vn -0.0079 -0.9948 -0.1018
vn -0.0708 -0.9439 0.3225
vn -0.4019 -0.5595 0.7249
vn -0.1339 -0.3228 0.9370
vn -0.0629 0.8958 0.4401
vn -0.0078 0.3768 0.9263
vn 0.0314 0.3137 0.9490
vn 0.1889 0.6456 0.7400
vn 0.1721 0.1721 0.9699
vn 0.1330 0.4774 0.8686
vn 0.2120 -0.4713 0.8561
vn 0.0158 0.8184 0.5744
vn 0.1573 -0.5035 0.8496
vn 0.0939 0.3912 0.9155
vn 0.1173 -0.9930 -0.0157
vn -0.0236 -0.9992 0.0314
vn 0.0943 -0.9590 -0.2673
vn -0.0392 -0.9730 -0.2275
vn 0.0316 -0.6786 -0.7338
vn 0.0313 -0.2663 0.9634
vn 0.0393 0.0315 0.9987
vn 0.1487 -0.0704 0.9864
vn -0.0548 0.4776 0.8769
vn -0.0157 0.9590 0.2830
vn 0.1575 0.9217 0.3545
vn 0.2117 -0.6508 -0.7292
vn -0.0314 -0.9980 -0.0550
vn 0.0942 -0.9886 -0.1177
vn -0.1726 -0.9805 0.0941
vn -0.0078 0.9414 -0.3373
vn -0.0079 0.9962 0.0863
vn -0.0628 0.8958 0.4400
vn 0.0939 0.3913 0.9155
vn -0.1339 -0.3228 0.9369
vn 0.1340 -0.5678 0.8122
vn -0.0707 -0.9439 0.3225
vn 0.1336 -0.8800 0.4558
vn -0.1651 0.6444 -0.7466
vn -0.1880 0.5247 -0.8302
vn -0.0552 0.5593 -0.8271
vn 0.0393 0.2201 -0.9747
vn 0.0788 0.5438 -0.8355
vn 0.2121 -0.4712 0.8561
vn 0.1573 -0.5034 0.8496
vn 0.0236 -0.9803 0.1961
vn 0.1415 -0.2123 0.9669
vn 0.1100 -0.6285 0.7700
vn 0.1341 -0.5678 0.8122
vn 0.1335 -0.9030 0.4084
vn 0.1336 -0.8800 0.4557
vn 0.1719 -0.9846 0.0313
vn 0.1492 0.9499 -0.2747
vn 0.1575 0.9217 0.3544
vn 0.1017 0.9704 -0.2191
vn 0.1022 0.9751 0.1966
vn -0.0784 0.8788 -0.4707
vn -0.1021 0.9895 0.1021
vn 0.0157 -0.4566 0.8895
vn 0.0157 -0.7525 0.6584
vn 0.1335 -0.9030 0.4083
vn -0.0236 -0.9992 0.0315
vn 0.1173 -0.9930 -0.0156
vn 0.0391 -0.1018 0.9940
vn 0.1497 -0.0867 0.9849
vn 0.1413 -0.4238 0.8947
vn 0.0941 -0.8149 0.5720
vn 0.0235 -0.9803 0.1960
vn 0.1174 -0.9781 -0.1721
vn 0.0314 -0.9964 -0.0784
vn 0.0078 -0.9096 -0.4155
vn -0.1105 -0.4974 -0.8605
vn 0.0941 0.0157 -0.9954
vn 0.1886 -0.0000 -0.9821
vn 0.0707 0.5496 -0.8324
vn -0.0785 0.8787 -0.4708
vn -0.1879 0.5248 -0.8302
vn 0.0709 0.5909 -0.8036
vn 0.0393 0.2200 -0.9747
vn 0.0393 -0.0157 -0.9991
vn 0.0316 -0.6786 -0.7339
vn 0.1494 -0.6291 -0.7628
vn 0.1184 -0.4815 -0.8684
vn -0.1099 -0.2355 -0.9656
vn -0.1024 0.0709 -0.9922
vn -0.0157 0.4782 -0.8781
vn -0.0079 0.4722 -0.8815
vn -0.0079 0.6750 -0.7378
vn -0.0314 0.7774 -0.6282
vn -0.0943 0.7384 -0.6677
vn -0.1655 0.9612 -0.2207
vn 0.1889 0.6455 0.7400
vn 0.0314 0.3138 0.9490
vn -0.0552 0.8664 0.4963
vn -0.0629 0.8958 0.4400
vn -0.1654 0.9612 -0.2206
vn -0.0079 0.9414 -0.3373
vn 0.0707 0.5497 -0.8324
vn 0.0940 0.0157 -0.9954
vn -0.1105 -0.4973 -0.8605
vn 0.0078 -0.9095 -0.4156
vn 0.1497 -0.0866 0.9849
vn -0.0315 -0.9980 -0.0550
vn 0.0940 -0.8149 0.5720
vn 0.1412 -0.4238 0.8947
vn 0.0157 -0.4565 0.8896
vn 0.1415 -0.2122 0.9669
vn 0.1340 -0.5677 0.8122
vn -0.0551 0.8665 0.4962
vn -0.0785 0.8788 -0.4708
vn -0.0393 -0.9730 -0.2276
vn 0.0313 -0.9964 -0.0785
vn 0.1646 -0.7052 -0.6896
vn 0.1882 -0.9333 -0.3059
vn 0.1498 0.6544 -0.7412
vn 0.1567 0.0235 -0.9874
vn 0.1719 -0.9846 0.0312
vn 0.0471 -0.9648 -0.2588
vn -0.0784 0.8788 -0.4708
vn 0.1018 0.9704 -0.2191
vn 0.1492 0.9499 -0.2748
vn 0.1730 -0.4247 -0.8886
vn 0.0079 0.9638 -0.2664
vn -0.0157 0.9590 0.2829
vn 0.2361 -0.2597 -0.9364
vn 0.1342 0.3393 -0.9311
vn -0.7783 -0.2359 -0.5818
vn -0.2352 0.2117 -0.9486
vn 0.0864 -0.7390 -0.6682
vn -0.7000 0.7000 0.1416
vn -0.4876 -0.1180 -0.8651
vn -0.8953 0.4398 -0.0706
vn -0.7699 -0.6364 0.0472
vn -0.0868 0.6470 0.7575
vn -0.1414 -0.6679 0.7307
vn -0.5202 -0.1340 0.8434
vn -0.8713 0.0628 0.4867
vn -0.4569 0.5672 0.6853
vn -0.6379 0.7402 -0.2126
vn -0.0789 -0.9703 0.2288
vn 0.0865 -0.7390 -0.6681
vn 0.4082 -0.7772 -0.4789
vn 0.0864 -0.7389 -0.6683
vn -0.0789 -0.9703 0.2287
vn -0.9915 -0.1181 0.0551
vn 0.0864 0.2120 0.9735
vn 0.0315 -0.0000 0.9995
vn 0.3388 -0.8351 0.4333
vn 0.1333 -0.9873 0.0861
vn -0.7699 -0.6364 0.0471
vn -0.4173 0.0787 0.9053
vn -0.8953 0.4398 -0.0707
vn -0.7000 0.7000 0.1415
vn -0.1417 -0.9213 -0.3622
vn -0.1727 -0.7775 -0.6047
vn -0.3373 -0.3765 0.8628
vn 0.2586 -0.6427 0.7212
vn -0.1645 0.6736 -0.7206
vn -0.0548 -0.9948 0.0862
vn -0.5203 -0.1340 0.8434
vn -0.6682 -0.7390 -0.0865
vn -0.1414 -0.6678 0.7308
vn 0.0548 0.6190 0.7835
vn 0.3224 0.5031 0.8018
vn 0.4019 -0.5594 0.7249
vn 0.1576 0.9217 -0.3545
vn 0.0783 0.3918 -0.9167
vn 0.4476 -0.6991 -0.5576
vn -0.1728 -0.7775 -0.6047
vn 0.4477 -0.6990 -0.5577
vn 0.2129 -0.4495 0.8675
vn 0.3691 -0.8011 -0.4712
vn -0.1813 -0.4493 0.8748
vn -0.0547 -0.9948 0.0861
vn -0.2736 0.0235 0.9616
vn 0.2130 -0.4495 0.8675
vn -0.7388 0.5737 0.3537
vn -0.6451 0.0393 -0.7631
vn -0.1573 0.2910 -0.9437
vn -0.4013 -0.5508 -0.7318
vn 0.0078 -0.9948 -0.1018
vn 0.1332 -0.9873 0.0862
vn -0.3373 -0.3766 0.8628
vn 0.2586 -0.6427 0.7211
vn -0.1413 0.9892 -0.0393
vn -0.9660 -0.0863 0.2435
vn -0.1812 -0.4492 0.8748
vn -0.0315 -0.0000 0.9995
vn -0.3388 -0.8351 0.4333
vn -0.1333 -0.9873 0.0861
vn 0.4173 0.0787 0.9053
vn 0.8953 0.4398 -0.0707
vn 0.7000 0.7000 0.1415
vn 0.1418 -0.9212 -0.3622
vn -0.2361 -0.2597 -0.9364
vn 0.1728 -0.7775 -0.6047
vn -0.0864 0.2120 0.9734
vn -0.4018 -0.5594 0.7249
vn -0.2129 -0.4495 0.8675
vn -0.3691 -0.8011 -0.4712
vn 0.1812 -0.4492 0.8748
vn 0.7388 0.5737 0.3537
vn 0.1813 -0.4492 0.8748
vn 0.9660 -0.0863 0.2435
vn 0.0789 -0.9703 0.2288
vn 0.8713 0.0628 0.4867
vn 0.3373 -0.3765 0.8628
vn -0.4082 -0.7772 -0.4789
vn -0.0865 -0.7390 -0.6681
vn -0.0865 -0.7389 -0.6682
vn 0.7783 -0.2358 -0.5819
vn 0.1415 -0.6679 0.7307
vn -0.2587 -0.6427 0.7212
vn 0.4569 0.5672 0.6853
vn 0.7699 -0.6364 0.0471
vn 0.6378 0.7402 -0.2126
vn 0.9915 -0.1181 0.0551
vn 0.7000 0.7000 0.1416
vn 0.6682 -0.7390 -0.0865
vn 0.5202 -0.1341 0.8434
vn 0.1414 -0.6678 0.7308
vn -0.3223 0.5031 0.8018
vn -0.0548 0.6190 0.7835
vn -0.0865 -0.7390 -0.6682
vn 0.2352 0.2117 -0.9486
vn -0.0783 0.3918 -0.9167
vn -0.1342 0.3393 -0.9311
vn -0.1576 0.9217 -0.3545
vn -0.4477 -0.6990 -0.5576
vn 0.1573 0.2910 -0.9437
vn 0.6451 0.0393 -0.7631
vn -0.4477 -0.6990 -0.5577
vn 0.0548 -0.9948 0.0862
vn -0.2130 -0.4496 0.8675
vn 0.2736 0.0235 0.9616
vn 0.0548 -0.9948 0.0861
vn 0.5202 -0.1340 0.8435
vn 0.0868 0.6471 0.7575
vn 0.1413 0.9892 -0.0393
vn 0.1645 0.6736 -0.7206
vn 0.1418 -0.9213 -0.3622
vn -0.0078 -0.9948 -0.1018
vn 0.4014 -0.5508 -0.7318
vn 0.4876 -0.1180 -0.8651
vn 0.8953 0.4398 -0.0706
vn -0.3388 -0.8351 0.4334
vn -0.1332 -0.9873 0.0862
vn 0.7699 -0.6364 0.0472
vn -0.2587 -0.6427 0.7211
vn 0.3373 -0.3766 0.8628
vn 0.0547 -0.9948 0.0862
vn 0.1812 -0.4493 0.8748
vn -0.3691 -0.8011 -0.4713
vn -0.0784 0.5956 -0.7994
vn -0.7690 -0.4787 -0.4237
vn -0.7141 -0.6984 0.0471
vn -1.0000 -0.0000 -0.0000
vn -0.2117 -0.6507 -0.7292
vn -0.1814 -0.5048 -0.8439
vn -0.1491 -0.0000 -0.9888
vn 0.7262 -0.6868 0.0316
vn 1.0000 -0.0079 -0.0000
vn 0.7636 -0.3937 0.5118
vn 0.4645 0.6062 -0.6456
vn 0.7378 0.6750 -0.0078
vn -0.5975 0.4874 0.6367
vn -0.5826 0.8030 -0.1259
vn -0.7485 0.4570 -0.4806
vn -0.4934 0.0313 -0.8692
vn -0.6243 -0.3399 0.7033
vn -0.7314 0.0865 0.6764
vn 0.7395 0.4799 0.4720
vn 0.4248 0.1258 0.8965
vn 0.5908 -0.4727 -0.6538
vn 0.7262 -0.6868 0.0315
vn 0.7149 -0.0000 -0.6992
vn -0.0157 0.8184 0.5745
vn 0.0787 0.9844 0.1575
vn 0.0394 0.9987 -0.0314
vn 0.0314 0.9258 -0.3766
vn 0.1491 -0.0000 -0.9888
vn 0.0784 0.5956 -0.7994
vn -0.4248 0.1258 0.8965
vn -0.7636 -0.3937 0.5117
vn 0.6243 -0.3399 0.7033
vn 0.7314 0.0865 0.6764
vn 1.0000 -0.0000 -0.0000
vn 0.1814 -0.5048 -0.8439
vn 0.2117 -0.6507 -0.7292
vn -0.5908 -0.4727 -0.6538
vn -0.7262 -0.6867 0.0315
vn -1.0000 -0.0079 -0.0000
vn -0.7395 0.4799 0.4720
vn -0.7378 0.6750 -0.0077
vn 0.7141 -0.6984 0.0471
vn 0.7690 -0.4787 -0.4237
vn 0.5826 0.8030 -0.1259
vn 0.5975 0.4874 0.6368
vn 0.7485 0.4570 -0.4806
vn 0.4934 0.0313 -0.8692
vn -0.4645 0.6062 -0.6456
vn -0.7149 -0.0000 -0.6992
vn -0.7262 -0.6867 0.0316
vn -0.0313 0.9258 -0.3766
vn -0.0393 0.9987 -0.0315
vn -0.0078 0.9962 0.0863
vn -0.0787 0.9844 0.1575
vn 0.0158 0.8184 0.5745
vt 0.894531 0.042969
vt 0.972656 0.042969
vt 0.949219 0.011322
vt 0.894531 0.011322
vt 0.847656 0.011322
vt 0.832031 0.042969
vt 0.769531 0.011322
vt 0.753906 0.042969
vt 0.707031 0.011322
vt 0.691406 0.058594
vt 0.626862 0.011322
vt 0.613281 0.027344
vt 0.987518 0.651764
vt 0.941406 0.636719
vt 0.987518 0.534576
vt 0.941406 0.535156
vt 0.987518 0.487701
vt 0.941406 0.426392
vt 0.987518 0.425812
vt 0.011475 0.128906
vt 0.035156 0.011322
vt 0.011475 0.011322
vt 0.347137 0.103271
vt 0.363281 0.141846
vt 0.444763 0.011322
vt 0.542908 0.011322
vt 0.599945 0.128906
vt 0.599945 0.011322
vt 0.230469 0.199219
vt 0.276428 0.216583
vt 0.300598 0.161743
vt 0.105469 0.358246
vt 0.046906 0.266632
vt 0.043640 0.412323
vt 0.011475 0.227020
vt 0.011475 0.412323
vt 0.335358 0.539124
vt 0.335205 0.682373
vt 0.402344 0.682373
vt 0.113281 0.113281
vt 0.263153 0.111542
vt 0.457031 0.682373
vt 0.599945 0.682373
vt 0.507385 0.548767
vt 0.555725 0.556580
vt 0.496979 0.011322
vt 0.443359 0.131866
vt 0.417389 0.176941
vt 0.401520 0.243652
vt 0.177429 0.263550
vt 0.152344 0.313141
vt 0.207031 0.269043
vt 0.211609 0.323578
vt 0.237732 0.275360
vt 0.599945 0.556580
vt 0.573242 0.412323
vt 0.535156 0.412323
vt 0.494476 0.412323
vt 0.326721 0.256256
vt 0.280121 0.266510
vt 0.344757 0.379028
vt 0.284821 0.387817
vt 0.268341 0.544495
vt 0.599945 0.412323
vt 0.599945 0.227020
vt 0.549744 0.206909
vt 0.505035 0.223022
vt 0.548889 0.169830
vt 0.496979 0.131866
vt 0.503052 0.183929
vt 0.464844 0.192322
vt 0.463440 0.234894
vt 0.199219 0.113281
vt 0.152344 0.113281
vt 0.152344 0.175781
vt 0.113281 0.175781
vt 0.095673 0.196655
vt 0.041351 0.215057
vt 0.084503 0.231262
vt 0.105469 0.412323
vt 0.159332 0.412323
vt 0.214844 0.405334
vt 0.199219 0.231628
vt 0.199219 0.175781
vt 0.187500 0.231628
vt 0.152344 0.231628
vt 0.152344 0.270020
vt 0.121094 0.231628
vt 0.121094 0.275208
vt 0.364899 0.252716
vt 0.381134 0.394775
vt 0.420502 0.408813
vt 0.386719 0.548767
vt 0.425781 0.548767
vt 0.470581 0.412323
vt 0.461182 0.548767
vt 0.167969 0.556580
vt 0.214844 0.556580
vt 0.051941 0.556580
vt 0.120117 0.556580
vt 0.011475 0.682373
vt 0.042511 0.682373
vt 0.011475 0.556580
vt 0.269531 0.682373
vt 0.178192 0.682373
vt 0.122650 0.682373
vt 0.648834 0.082031
vt 0.730469 0.386719
vt 0.730469 0.300781
vt 0.707031 0.371094
vt 0.781097 0.613373
vt 0.707031 0.636719
vt 0.683594 0.617218
vt 0.683594 0.660156
vt 0.878906 0.207031
vt 0.917969 0.214844
vt 0.917969 0.175781
vt 0.888672 0.399719
vt 0.878906 0.308594
vt 0.775085 0.300781
vt 0.614410 0.531128
vt 0.613281 0.480560
vt 0.675781 0.480560
vt 0.730469 0.410156
vt 0.778320 0.418884
vt 0.778381 0.396210
vt 0.925781 0.121094
vt 0.964844 0.167969
vt 0.987518 0.104889
vt 0.987518 0.167389
vt 0.987518 0.284576
vt 0.964844 0.261719
vt 0.933594 0.285156
vt 0.933594 0.175781
vt 0.613281 0.097656
vt 0.613281 0.207031
vt 0.917969 0.363281
vt 0.917969 0.292969
vt 0.707031 0.214844
vt 0.707031 0.261719
vt 0.707031 0.277344
vt 0.777344 0.605560
vt 0.832031 0.527344
vt 0.753906 0.607544
vt 0.894531 0.144531
vt 0.651398 0.207031
vt 0.613281 0.261719
vt 0.785156 0.429626
vt 0.761719 0.478577
vt 0.714844 0.429626
vt 0.714844 0.464844
vt 0.660156 0.429626
vt 0.660156 0.464844
vt 0.699219 0.261719
vt 0.675781 0.261719
vt 0.613281 0.355469
vt 0.644531 0.355469
vt 0.644531 0.261719
vt 0.888672 0.415344
vt 0.808594 0.636719
vt 0.871094 0.430542
vt 0.816406 0.660156
vt 0.894531 0.652344
vt 0.621094 0.607544
vt 0.675781 0.607544
vt 0.769531 0.207031
vt 0.644531 0.371094
vt 0.675781 0.371094
vt 0.675781 0.355469
vt 0.699219 0.355469
vt 0.199219 0.011322
vt 0.141541 0.943909
vt 0.011444 0.943909
vt 0.011444 0.986023
vt 0.113281 0.011322
vt 0.152344 0.011322
vt 0.849731 0.813934
vt 0.734222 0.784119
vt 0.692841 0.813934
vt 0.333282 0.784119
vt 0.295105 0.813934
vt 0.404053 0.813934
vt 0.412201 0.986023
vt 0.525543 0.943909
vt 0.404053 0.943909
vt 0.294250 0.943909
vt 0.331482 0.986023
vt 0.169861 0.986023
vt 0.205872 0.943909
vt 0.692688 0.943909
vt 0.741241 0.986023
vt 0.849731 0.943909
vt 0.537476 0.986023
vt 0.599792 0.943909
vt 0.525543 0.813934
vt 0.601440 0.813446
vt 0.539032 0.784119
vt 0.141113 0.813354
vt 0.011444 0.813934
vt 0.011444 0.784119
vt 0.205872 0.813934
vt 0.179688 0.784119
vt 0.643280 0.784119
vt 0.353485 0.011322
vt 0.308594 0.011322
vt 0.261719 0.011322
vt 0.252655 0.986023
vt 0.259216 0.784119
vt 0.451660 0.784119
vt 0.644867 0.986023
s 1
usemtl m_body009
f 1/1/1 2/2/2 3/3/3
f 4/3/3 5/4/4 6/1/1
f 6/1/1 5/4/4 7/5/5
f 6/1/1 7/5/5 8/6/6
f 8/6/6 7/5/5 9/7/7
f 8/6/6 9/7/7 10/8/8
f 10/8/8 9/7/7 11/9/9
f 10/8/8 11/9/9 12/10/10
f 12/10/10 11/9/9 13/11/11
f 12/10/10 13/11/11 14/12/12
f 15/13/13 16/14/2 17/15/14
f 17/15/14 16/14/2 18/16/15
f 17/15/14 18/16/15 19/17/16
f 19/17/16 18/16/15 20/18/17
f 19/17/16 20/18/17 21/19/18
f 22/20/19 23/21/20 24/22/21
f 25/23/22 26/24/23 27/25/24
f 28/26/25 29/27/26 30/28/27
f 31/29/28 32/30/29 33/31/30
f 34/32/31 35/33/32 36/34/33
f 36/34/33 35/33/32 37/35/34
f 36/34/33 37/35/34 38/36/35
f 39/37/36 40/38/37 41/39/38
f 42/21/39 43/20/26 44/40/40
f 45/24/41 46/23/42 47/41/43
f 48/42/3 49/43/14 50/44/44
f 50/44/44 49/43/14 51/45/45
f 52/46/46 53/25/24 54/47/47
f 54/47/47 53/25/24 55/24/23
f 54/47/47 55/24/23 56/48/48
f 56/48/48 55/24/23 57/49/49
f 58/50/50 59/51/51 60/52/52
f 60/52/52 59/51/51 61/53/53
f 60/52/52 61/53/53 62/54/54
f 63/43/14 64/55/55 51/45/45
f 51/45/45 64/55/55 65/56/56
f 51/45/45 65/56/56 50/44/44
f 50/44/44 65/56/56 66/57/57
f 50/44/44 66/57/57 67/58/58
f 68/59/59 69/60/60 70/61/61
f 70/61/61 69/60/60 71/62/62
f 70/61/61 71/62/62 72/37/63
f 72/37/63 71/62/62 73/63/64
f 72/37/63 73/63/64 74/38/37
f 75/64/65 76/65/66 77/56/67
f 77/56/67 76/65/66 78/66/68
f 77/56/67 78/66/68 66/57/57
f 66/57/57 78/66/68 79/67/69
f 66/57/57 79/67/69 67/58/58
f 80/27/70 81/26/25 82/68/71
f 82/68/71 81/26/25 83/69/72
f 82/68/71 83/69/72 84/70/73
f 84/70/73 83/69/72 85/71/74
f 84/70/73 85/71/74 86/72/75
f 87/73/76 88/74/77 89/75/78
f 89/75/78 88/74/77 90/40/40
f 89/75/78 90/40/40 91/76/79
f 91/76/79 90/40/40 92/20/19
f 91/76/79 92/20/19 93/77/80
f 93/77/80 92/20/19 94/78/81
f 93/77/80 94/78/81 95/79/82
f 96/34/33 97/80/83 98/32/84
f 98/32/84 97/80/83 99/81/85
f 98/32/84 99/81/85 100/51/86
f 100/51/86 99/81/85 101/82/87
f 100/51/86 101/82/87 102/53/88
f 102/53/88 101/82/87 103/60/89
f 102/53/88 103/60/89 104/54/90
f 32/30/29 31/29/28 105/83/91
f 105/83/91 31/29/28 106/84/92
f 105/83/91 106/84/92 107/85/93
f 107/85/93 106/84/92 108/86/94
f 107/85/93 108/86/94 109/87/95
f 109/87/95 108/86/94 110/88/96
f 109/87/95 110/88/96 111/89/97
f 112/79/82 113/89/98 93/77/80
f 93/77/80 113/89/98 110/88/96
f 93/77/80 110/88/96 91/76/79
f 91/76/79 110/88/96 108/86/94
f 91/76/79 108/86/94 114/75/99
f 114/75/99 108/86/94 106/84/92
f 114/75/99 106/84/92 115/73/76
f 115/73/76 106/84/92 31/29/28
f 115/73/76 31/29/28 116/41/100
f 116/41/100 31/29/28 33/31/30
f 116/41/100 33/31/30 55/24/23
f 55/24/23 33/31/30 117/90/101
f 55/24/23 117/90/101 57/49/49
f 57/49/49 117/90/101 118/91/102
f 57/49/49 118/91/102 119/92/103
f 119/92/103 118/91/102 120/93/104
f 119/92/103 120/93/104 121/94/105
f 81/26/25 122/46/46 83/69/72
f 83/69/72 122/46/46 54/47/47
f 83/69/72 54/47/47 85/71/74
f 85/71/74 54/47/47 56/48/48
f 85/71/74 56/48/48 86/72/75
f 86/72/75 56/48/48 57/49/49
f 86/72/75 57/49/49 123/95/106
f 123/95/106 57/49/49 119/92/103
f 123/95/106 119/92/103 124/96/107
f 124/96/107 119/92/103 121/94/105
f 92/20/19 125/35/34 94/78/81
f 94/78/81 125/35/34 126/33/108
f 94/78/81 126/33/108 95/79/82
f 95/79/82 126/33/108 127/32/109
f 95/79/82 127/32/109 111/89/97
f 111/89/97 127/32/109 59/51/51
f 111/89/97 59/51/51 109/87/95
f 109/87/95 59/51/51 58/50/50
f 109/87/95 58/50/50 107/85/93
f 107/85/93 58/50/50 60/52/52
f 107/85/93 60/52/52 105/83/91
f 105/83/91 60/52/52 62/54/54
f 105/83/91 62/54/54 32/30/29
f 32/30/29 62/54/54 128/60/89
f 32/30/29 128/60/89 33/31/30
f 33/31/30 128/60/89 129/59/59
f 33/31/30 129/59/59 117/90/101
f 117/90/101 129/59/59 130/61/110
f 117/90/101 130/61/110 118/91/102
f 118/91/102 130/61/110 131/37/111
f 118/91/102 131/37/111 120/93/104
f 120/93/104 131/37/111 41/39/38
f 120/93/104 41/39/38 121/94/105
f 121/94/105 41/39/38 132/42/3
f 121/94/105 132/42/3 124/96/107
f 124/96/107 132/42/3 133/44/112
f 124/96/107 133/44/112 123/95/106
f 123/95/106 133/44/112 134/58/113
f 123/95/106 134/58/113 86/72/75
f 86/72/75 134/58/113 135/67/114
f 86/72/75 135/67/114 84/70/73
f 84/70/73 135/67/114 136/66/68
f 84/70/73 136/66/68 82/68/71
f 82/68/71 136/66/68 137/65/66
f 82/68/71 137/65/66 80/27/70
f 138/97/115 139/98/116 140/82/117
f 141/55/55 142/64/65 143/56/67
f 144/80/83 145/34/33 146/99/118
f 140/82/117 147/81/119 138/97/115
f 138/97/115 147/81/119 144/80/83
f 138/97/115 144/80/83 148/100/120
f 148/100/120 144/80/83 146/99/118
f 149/101/14 150/102/121 151/103/122
f 139/98/116 152/63/123 140/82/117
f 140/82/117 152/63/123 153/62/62
f 140/82/117 153/62/62 154/60/124
f 155/38/37 152/63/123 156/104/125
f 156/104/125 152/63/123 139/98/116
f 156/104/125 139/98/116 157/105/9
f 157/105/9 139/98/116 138/97/115
f 157/105/9 138/97/115 158/106/126
f 158/106/126 138/97/115 148/100/120
f 158/106/126 148/100/120 150/102/121
f 150/102/121 148/100/120 146/99/118
f 150/102/121 146/99/118 151/103/122
f 151/103/122 146/99/118 145/34/33
f 151/103/122 145/34/33 159/36/35
f 160/3/127 161/2/128 162/1/129
f 163/12/130 164/11/131 165/10/132
f 165/10/132 164/11/131 166/9/133
f 165/10/132 166/9/133 167/8/134
f 167/8/134 166/9/133 168/7/135
f 167/8/134 168/7/135 169/6/136
f 169/6/136 168/7/135 170/5/137
f 169/6/136 170/5/137 171/1/138
f 171/1/138 170/5/137 172/4/139
f 171/1/138 172/4/139 173/3/127
f 174/19/131 175/18/130 176/17/140
f 176/17/140 175/18/130 177/16/141
f 176/17/140 177/16/141 178/15/142
f 178/15/142 177/16/141 179/14/143
f 178/15/142 179/14/143 180/13/144
f 181/24/145 182/48/146 183/49/147
f 184/91/148 185/92/149 186/93/150
f 187/69/151 188/25/152 189/46/153
f 182/48/146 181/24/145 190/47/154
f 191/36/155 192/35/156 193/34/157
f 193/34/157 192/35/156 194/33/158
f 193/34/157 194/33/158 195/32/159
f 196/96/160 197/94/161 198/95/162
f 199/39/163 200/38/164 201/37/165
f 202/40/166 203/20/167 204/21/168
f 204/21/168 203/20/167 205/22/169
f 206/41/170 207/23/171 208/24/172
f 208/24/172 207/23/171 209/25/152
f 208/24/172 209/25/152 190/47/173
f 210/42/174 211/44/175 212/43/176
f 212/43/176 211/44/175 213/45/177
f 214/54/178 215/53/179 216/52/180
f 216/52/180 215/53/179 217/51/181
f 216/52/180 217/51/181 218/50/182
f 219/69/183 189/46/184 220/26/185
f 221/58/186 222/57/187 223/44/188
f 223/44/188 222/57/187 224/56/189
f 223/44/188 224/56/189 225/45/190
f 225/45/190 224/56/189 226/55/191
f 225/45/190 226/55/191 227/43/142
f 228/38/164 229/63/192 230/37/193
f 230/37/193 229/63/192 231/62/194
f 230/37/193 231/62/194 232/61/195
f 232/61/195 231/62/194 233/60/196
f 232/61/195 233/60/196 234/59/197
f 235/58/186 236/67/198 237/57/187
f 237/57/187 236/67/198 238/66/199
f 237/57/187 238/66/199 239/56/200
f 239/56/200 238/66/199 240/65/201
f 239/56/200 240/65/201 241/64/202
f 242/72/203 243/71/204 244/70/205
f 244/70/205 243/71/204 245/69/151
f 244/70/205 245/69/151 246/68/206
f 246/68/206 245/69/151 220/26/207
f 246/68/206 220/26/207 247/27/167
f 247/27/167 220/26/207 248/28/169
f 249/79/208 250/78/209 251/77/210
f 251/77/210 250/78/209 252/20/167
f 251/77/210 252/20/167 253/76/211
f 253/76/211 252/20/167 254/40/166
f 253/76/211 254/40/166 255/75/212
f 255/75/212 254/40/166 256/74/213
f 255/75/212 256/74/213 257/73/214
f 258/54/178 259/60/215 215/53/216
f 215/53/216 259/60/215 260/82/217
f 215/53/216 260/82/217 261/51/218
f 261/51/218 260/82/217 262/81/219
f 261/51/218 262/81/219 263/32/220
f 263/32/220 262/81/219 264/80/221
f 263/32/220 264/80/221 265/34/157
f 266/89/222 267/88/223 268/87/95
f 268/87/95 267/88/223 269/86/224
f 268/87/95 269/86/224 270/85/225
f 270/85/225 269/86/224 271/84/226
f 270/85/225 271/84/226 272/83/227
f 272/83/227 271/84/226 273/29/228
f 272/83/227 273/29/228 274/30/229
f 274/30/229 273/29/228 275/31/230
f 276/92/149 277/91/231 278/49/232
f 278/49/232 277/91/231 279/90/233
f 278/49/232 279/90/233 181/24/234
f 181/24/234 279/90/233 280/31/235
f 181/24/234 280/31/235 281/41/236
f 281/41/236 280/31/235 273/29/228
f 281/41/236 273/29/228 282/73/237
f 282/73/237 273/29/228 271/84/226
f 282/73/237 271/84/226 283/75/238
f 283/75/238 271/84/226 269/86/224
f 283/75/238 269/86/224 284/76/239
f 284/76/239 269/86/224 267/88/223
f 284/76/239 267/88/223 285/77/240
f 285/77/240 267/88/223 266/89/222
f 285/77/240 266/89/222 286/79/208
f 287/25/152 288/69/151 190/47/154
f 190/47/154 288/69/151 289/71/241
f 190/47/154 289/71/241 182/48/146
f 182/48/146 289/71/241 290/72/203
f 182/48/146 290/72/203 183/49/147
f 183/49/147 290/72/203 198/95/162
f 183/49/147 198/95/162 185/92/149
f 185/92/149 198/95/162 197/94/161
f 185/92/149 197/94/161 186/93/150
f 291/27/242 292/65/201 293/68/243
f 293/68/243 292/65/201 294/66/199
f 293/68/243 294/66/199 295/70/244
f 295/70/244 294/66/199 296/67/245
f 295/70/244 296/67/245 290/72/203
f 290/72/203 296/67/245 297/58/246
f 290/72/203 297/58/246 198/95/162
f 198/95/162 297/58/246 298/44/247
f 198/95/162 298/44/247 196/96/160
f 196/96/160 298/44/247 299/42/127
f 196/96/160 299/42/127 197/94/161
f 197/94/161 299/42/127 300/39/163
f 197/94/161 300/39/163 186/93/150
f 186/93/150 300/39/163 301/37/165
f 186/93/150 301/37/165 184/91/148
f 184/91/148 301/37/165 302/61/195
f 184/91/148 302/61/195 303/90/248
f 303/90/248 302/61/195 304/59/197
f 303/90/248 304/59/197 275/31/230
f 275/31/230 304/59/197 305/60/249
f 275/31/230 305/60/249 274/30/229
f 274/30/229 305/60/249 214/54/178
f 274/30/229 214/54/178 272/83/227
f 272/83/227 214/54/178 216/52/180
f 272/83/227 216/52/180 270/85/225
f 270/85/225 216/52/180 218/50/182
f 270/85/225 218/50/182 268/87/95
f 268/87/95 218/50/182 217/51/181
f 268/87/95 217/51/181 266/89/222
f 266/89/222 217/51/181 306/32/159
f 266/89/222 306/32/159 286/79/208
f 286/79/208 306/32/159 307/33/250
f 286/79/208 307/33/250 308/78/251
f 308/78/251 307/33/250 309/35/156
f 308/78/251 309/35/156 310/20/167
f 311/80/221 312/100/252 313/99/253
f 314/82/217 315/98/254 316/97/255
f 317/56/200 318/64/202 319/55/191
f 313/99/253 320/34/157 311/80/221
f 312/100/252 311/80/221 316/97/255
f 316/97/255 311/80/221 321/81/219
f 316/97/255 321/81/219 314/82/217
f 322/103/256 323/102/257 324/101/142
f 325/60/258 326/62/259 314/82/217
f 314/82/217 326/62/259 327/63/260
f 314/82/217 327/63/260 315/98/254
f 328/36/155 320/34/157 322/103/256
f 322/103/256 320/34/157 313/99/253
f 322/103/256 313/99/253 323/102/257
f 323/102/257 313/99/253 312/100/252
f 323/102/257 312/100/252 329/106/261
f 329/106/261 312/100/252 316/97/255
f 329/106/261 316/97/255 330/105/133
f 330/105/133 316/97/255 315/98/254
f 330/105/133 315/98/254 331/104/262
f 331/104/262 315/98/254 327/63/260
f 331/104/262 327/63/260 332/38/263
f 333/107/264 334/10/265 335/12/12
f 336/108/266 337/109/267 338/110/268
f 339/111/269 340/112/270 341/113/271
f 340/112/270 342/114/272 341/113/271
f 343/115/273 344/116/274 345/117/275
f 346/118/276 347/119/277 348/120/278
f 349/121/279 350/122/280 351/123/281
f 352/124/282 353/125/283 336/108/266
f 336/108/266 353/125/283 354/126/284
f 355/127/285 356/128/286 357/129/287
f 357/129/287 356/128/286 358/130/288
f 359/131/289 360/132/290 361/133/291
f 361/133/291 360/132/290 362/134/292
f 335/12/12 363/135/293 333/107/264
f 333/107/264 363/135/293 364/136/294
f 346/118/276 365/137/295 347/119/277
f 347/119/277 365/137/295 366/138/296
f 347/119/277 366/138/296 344/116/274
f 367/139/297 368/140/298 369/141/281
f 339/111/269 370/142/299 371/143/300
f 371/143/300 370/142/299 372/144/301
f 373/6/6 374/145/302 375/1/303
f 375/1/303 374/145/302 355/127/285
f 375/1/303 355/127/285 376/2/304
f 376/2/304 355/127/285 357/129/287
f 377/8/305 334/10/265 378/146/306
f 334/10/265 333/107/264 378/146/306
f 378/146/306 333/107/264 364/136/294
f 378/146/306 364/136/294 379/147/307
f 380/148/308 381/149/298 382/150/309
f 382/150/309 381/149/298 383/151/310
f 382/150/309 383/151/310 384/152/311
f 384/152/311 383/151/310 385/153/312
f 368/140/313 386/139/314 387/154/315
f 387/154/315 386/139/314 388/155/316
f 389/156/311 390/157/317 391/158/318
f 391/158/318 390/157/317 388/155/316
f 391/158/318 388/155/316 367/139/297
f 337/109/267 336/108/266 348/120/278
f 348/120/278 336/108/266 354/126/284
f 348/120/278 354/126/284 346/118/276
f 346/118/276 354/126/284 353/125/283
f 346/118/276 353/125/283 392/159/295
f 340/112/270 339/111/269 393/160/319
f 393/160/319 339/111/269 371/143/300
f 393/160/319 371/143/300 394/16/320
f 394/16/320 371/143/300 395/161/293
f 394/16/320 395/161/293 396/18/12
f 342/114/272 340/112/270 397/162/321
f 397/162/321 340/112/270 393/160/319
f 397/162/321 393/160/319 398/163/287
f 398/163/287 393/160/319 394/16/320
f 398/163/287 394/16/320 399/14/304
f 400/164/322 349/121/279 401/165/323
f 401/165/323 349/121/279 351/123/281
f 401/165/323 351/123/281 372/144/301
f 372/144/301 351/123/281 381/149/298
f 372/144/301 381/149/298 371/143/300
f 371/143/300 381/149/298 380/148/308
f 371/143/300 380/148/308 395/161/293
f 344/116/274 343/115/273 347/119/277
f 347/119/277 343/115/273 402/166/324
f 347/119/277 402/166/324 348/120/278
f 348/120/278 402/166/324 367/139/297
f 348/120/278 367/139/297 337/109/267
f 337/109/267 367/139/297 369/141/281
f 337/109/267 369/141/281 338/110/268
f 403/167/311 404/168/312 390/157/317
f 390/157/317 404/168/312 405/169/325
f 390/157/317 405/169/325 388/155/316
f 388/155/316 405/169/325 406/170/326
f 388/155/316 406/170/326 387/154/315
f 359/131/289 358/130/288 360/132/290
f 360/132/290 358/130/288 356/128/286
f 360/132/290 356/128/286 362/134/292
f 362/134/292 356/128/286 355/127/285
f 362/134/292 355/127/285 345/117/275
f 345/117/275 355/127/285 374/145/302
f 345/117/275 374/145/302 343/115/273
f 343/115/273 374/145/302 373/6/6
f 343/115/273 373/6/6 402/166/324
f 402/166/324 373/6/6 377/8/305
f 402/166/324 377/8/305 367/139/297
f 367/139/297 377/8/305 378/146/306
f 367/139/297 378/146/306 391/158/318
f 391/158/318 378/146/306 379/147/307
f 391/158/318 379/147/307 389/156/311
f 407/128/327 408/129/328 409/130/329
f 410/132/330 411/133/331 412/134/332
f 413/135/333 414/107/334 415/136/335
f 416/127/336 417/2/337 408/129/328
f 418/151/338 419/152/339 420/153/340
f 421/155/341 422/170/342 423/169/343
f 424/125/344 425/118/345 426/159/346
f 427/123/347 428/122/348 429/121/344
f 424/125/344 430/124/349 431/108/350
f 432/116/351 433/138/352 434/119/353
f 408/129/328 407/128/327 416/127/336
f 411/133/331 410/132/330 435/131/354
f 414/107/334 413/135/333 436/12/130
f 433/138/352 437/137/346 434/119/353
f 434/119/353 437/137/346 425/118/345
f 434/119/353 425/118/345 438/120/355
f 438/120/355 425/118/345 439/126/356
f 440/111/357 441/143/358 442/142/359
f 442/142/359 441/143/358 443/144/360
f 417/2/337 416/127/336 444/1/361
f 444/1/361 416/127/336 445/145/362
f 444/1/361 445/145/362 446/6/136
f 431/108/350 447/110/363 448/109/364
f 448/109/364 447/110/363 449/141/347
f 450/146/365 451/10/366 452/8/367
f 453/147/368 415/136/335 450/146/365
f 450/146/365 415/136/335 414/107/334
f 450/146/365 414/107/334 451/10/366
f 451/10/366 414/107/334 436/12/130
f 454/158/369 455/157/370 456/156/339
f 419/152/339 418/151/338 457/150/371
f 457/150/371 418/151/338 458/149/372
f 457/150/371 458/149/372 459/148/335
f 422/170/342 421/155/341 460/154/373
f 460/154/373 421/155/341 461/139/374
f 460/154/373 461/139/374 462/140/375
f 463/117/376 432/116/351 464/115/377
f 464/115/377 432/116/351 434/119/353
f 464/115/377 434/119/353 465/166/378
f 465/166/378 434/119/353 438/120/355
f 465/166/378 438/120/355 466/139/379
f 467/18/130 468/161/380 469/16/381
f 469/16/381 468/161/380 441/143/358
f 469/16/381 441/143/358 470/160/382
f 470/160/382 441/143/358 440/111/357
f 470/160/382 440/111/357 471/112/383
f 471/112/383 440/111/357 472/113/384
f 473/14/337 469/16/381 474/163/385
f 474/163/385 469/16/381 470/160/382
f 474/163/385 470/160/382 475/162/386
f 475/162/386 470/160/382 471/112/383
f 475/162/386 471/112/383 476/114/387
f 476/114/387 471/112/383 472/113/384
f 468/161/380 459/148/335 441/143/358
f 441/143/358 459/148/335 458/149/372
f 441/143/358 458/149/372 443/144/360
f 443/144/360 458/149/372 427/123/347
f 443/144/360 427/123/347 477/165/388
f 477/165/388 427/123/347 429/121/344
f 477/165/388 429/121/344 478/164/389
f 425/118/345 424/125/344 439/126/356
f 439/126/356 424/125/344 431/108/350
f 439/126/356 431/108/350 438/120/355
f 438/120/355 431/108/350 448/109/364
f 438/120/355 448/109/364 466/139/379
f 466/139/379 448/109/364 449/141/347
f 466/139/379 449/141/347 462/140/390
f 479/168/391 480/167/392 423/169/343
f 423/169/343 480/167/392 455/157/370
f 423/169/343 455/157/370 421/155/341
f 421/155/341 455/157/370 454/158/369
f 421/155/341 454/158/369 466/139/379
f 456/156/339 453/147/368 454/158/369
f 454/158/369 453/147/368 450/146/365
f 454/158/369 450/146/365 466/139/379
f 466/139/379 450/146/365 452/8/367
f 466/139/379 452/8/367 465/166/378
f 465/166/378 452/8/367 446/6/136
f 465/166/378 446/6/136 464/115/377
f 464/115/377 446/6/136 445/145/362
f 464/115/377 445/145/362 463/117/376
f 463/117/376 445/145/362 416/127/336
f 463/117/376 416/127/336 412/134/332
f 412/134/332 416/127/336 407/128/327
f 412/134/332 407/128/327 410/132/330
f 410/132/330 407/128/327 409/130/329
f 410/132/330 409/130/329 435/131/354
f 481/73/76 482/171/393 483/74/77
f 484/172/394 485/173/395 486/174/396
f 482/171/393 481/73/76 487/41/43
f 488/21/20 489/40/397 490/175/398
f 490/175/398 489/40/397 483/74/77
f 490/175/398 483/74/77 491/176/399
f 491/176/399 483/74/77 482/171/393
f 492/177/400 493/178/401 494/179/402
f 495/180/401 496/181/403 497/182/404
f 498/183/396 499/184/405 500/185/406
f 500/185/406 501/186/407 502/187/396
f 503/188/396 504/189/408 484/172/394
f 505/190/409 506/191/396 507/192/395
f 508/193/396 509/194/410 499/184/405
f 510/195/411 511/196/412 512/197/401
f 485/173/395 513/198/413 514/199/414
f 514/199/414 513/198/413 515/200/401
f 513/198/413 516/201/415 517/202/401
f 518/203/401 511/196/412 494/179/402
f 494/179/402 511/196/412 505/190/409
f 494/179/402 505/190/409 492/177/400
f 492/177/400 505/190/409 507/192/395
f 519/25/416 520/204/417 521/23/22
f 521/23/22 520/204/417 522/205/418
f 521/23/22 522/205/418 487/41/43
f 487/41/43 522/205/418 523/206/419
f 487/41/43 523/206/419 482/171/393
f 499/184/405 497/182/404 500/185/406
f 500/185/406 497/182/404 496/181/403
f 500/185/406 496/181/403 501/186/407
f 501/186/407 496/181/403 504/189/408
f 501/186/407 504/189/408 524/207/396
f 485/173/395 484/172/394 513/198/413
f 513/198/413 484/172/394 504/189/408
f 513/198/413 504/189/408 516/201/415
f 516/201/415 504/189/408 496/181/403
f 516/201/415 496/181/403 525/208/401
f 526/209/401 497/182/404 510/195/411
f 510/195/411 497/182/404 499/184/405
f 510/195/411 499/184/405 511/196/412
f 511/196/412 499/184/405 509/194/410
f 511/196/412 509/194/410 505/190/409
f 505/190/409 509/194/410 527/210/396
f 528/74/213 529/176/420 530/171/421
f 531/196/422 532/179/423 533/190/424
f 534/194/425 533/190/424 535/210/426
f 536/41/170 537/73/237 530/171/421
f 530/171/421 537/73/237 528/74/213
f 529/176/420 528/74/213 538/175/427
f 538/175/427 528/74/213 539/40/428
f 538/175/427 539/40/428 540/21/168
f 541/198/429 542/199/430 543/200/431
f 544/195/432 545/182/433 546/209/431
f 547/173/434 548/172/435 549/174/426
f 550/185/436 551/184/437 552/183/426
f 553/187/426 554/186/438 550/185/436
f 548/172/435 555/189/439 556/188/426
f 551/184/437 534/194/425 557/193/426
f 558/197/431 531/196/422 544/195/432
f 559/207/426 555/189/439 554/186/438
f 554/186/438 555/189/439 560/181/440
f 554/186/438 560/181/440 550/185/436
f 561/202/431 562/201/441 541/198/429
f 532/179/423 531/196/422 563/203/431
f 564/191/426 533/190/424 565/192/434
f 565/192/434 533/190/424 532/179/423
f 565/192/434 532/179/423 566/177/442
f 566/177/442 532/179/423 567/178/431
f 530/171/421 568/206/443 536/41/170
f 536/41/170 568/206/443 569/205/444
f 536/41/170 569/205/444 570/23/445
f 570/23/445 569/205/444 571/204/446
f 570/23/445 571/204/446 572/25/447
f 573/208/431 560/181/440 562/201/441
f 562/201/441 560/181/440 555/189/439
f 562/201/441 555/189/439 541/198/429
f 541/198/429 555/189/439 548/172/435
f 541/198/429 548/172/435 542/199/430
f 542/199/430 548/172/435 547/173/434
f 533/190/424 534/194/425 531/196/422
f 531/196/422 534/194/425 551/184/437
f 531/196/422 551/184/437 544/195/432
f 544/195/432 551/184/437 550/185/436
f 544/195/432 550/185/436 545/182/433
f 545/182/433 550/185/436 560/181/440
f 545/182/433 560/181/440 574/180/431
o editpl_m-0000-19
v -17.910482 42.398418 -2.067562
v -16.249746 41.212742 -6.722746
v -17.829206 41.971058 -6.645782
v 15.675397 39.898533 2.258845
v 17.555578 40.769318 2.204298
v 17.910482 42.398418 -2.067562
v -17.910482 42.398418 -2.067562
v -17.555578 40.769318 2.204298
v -15.675397 39.898533 2.258845
v -16.127832 34.789516 5.490573
v -11.736229 36.113361 5.759573
v -16.249746 41.212742 -6.722746
v -17.563705 37.877419 -8.887444
v -14.575464 37.854927 -9.865556
v -14.063427 33.115429 -11.358501
v -11.270247 35.483570 -12.597394
v -10.278682 27.518002 -12.759540
v -6.038794 28.446621 -14.454983
v -15.981536 41.212742 -2.058596
v -12.730503 40.634361 -2.282014
v -12.232011 39.349072 2.228209
v -1.896436 38.610031 5.140874
v -11.736229 36.113361 5.759573
v 0.000000 29.288486 12.350060
v 15.675397 39.898533 2.258845
v 16.127832 34.789516 5.490573
v 11.736229 36.113361 5.759573
v 16.650707 30.856537 7.124746
v 12.410818 25.024546 12.127387
v 14.754271 23.324753 7.952666
v 17.829206 41.971058 -6.645782
v 16.249746 41.212742 -6.722746
v 15.981536 41.212742 -2.058596
v 12.730503 40.634361 -2.282014
v 12.232011 39.349072 2.228209
v 1.896436 38.610031 5.140874
v 11.736229 36.113361 5.759573
v 0.000000 29.288486 12.350060
v 12.410818 25.024546 12.127387
v -16.650707 30.856537 7.124746
v -12.410818 25.024546 12.127387
v 0.000000 24.089500 14.246504
v 12.410818 25.024546 12.127387
v 10.121549 20.998384 12.904496
v 14.754271 23.324753 7.952666
v 14.943915 21.126911 5.557077
v 17.791279 25.985298 3.741331
v 17.796696 9.363319 0.345962
v 18.644674 25.577219 -2.684018
v 17.328007 9.311907 -5.524201
v 16.428553 25.349079 -7.114289
v 14.670286 9.337612 -9.479240
v 13.946931 26.316259 -10.537306
v 11.197099 9.302266 -11.667102
v 10.278682 27.518002 -12.759540
v 6.689000 9.244428 -13.073371
v 6.038794 28.446621 -14.454983
v 0.000000 9.093407 -14.026825
v 0.000000 27.546921 -15.223873
v -7.092670 38.070213 -13.221323
v -11.270247 35.483570 -12.597394
v -11.546585 39.191624 -10.014252
v -14.575464 37.854927 -9.865556
v -13.946931 41.434452 -6.773557
v -16.249746 41.212742 -6.722746
v 14.943915 21.126911 5.557077
v 14.941206 9.041997 5.908273
v 17.796696 9.363319 0.345962
v 14.941206 9.041997 5.908273
v 14.943915 21.126911 5.557077
v 9.631185 9.199445 12.456165
v 10.121549 20.998384 12.904496
v 0.000000 9.215512 14.605918
v 15.301528 10.169836 -1.310626
v 16.539631 16.760147 -1.074504
v 14.496898 16.435612 3.753288
v 16.539631 16.760147 -1.074504
v 15.301528 10.169836 -1.310626
v 13.350909 10.378696 -5.004137
v 11.649535 5.073671 -5.241753
v 7.163109 5.652050 -7.072443
v 0.000000 24.089500 14.246504
v -10.121549 20.998384 12.904496
v 0.000000 19.957302 14.041766
v -17.796696 9.363319 0.345962
v -14.941206 9.041997 5.908273
v -14.943915 21.126911 5.557077
v -9.631185 9.199445 12.456165
v -10.121549 20.998384 12.904496
v 0.000000 9.215512 14.605918
v 0.000000 19.957302 14.041766
v 10.121549 20.998384 12.904496
v 0.000000 24.089500 14.246504
v 7.493631 3.528115 10.128574
v 7.052032 -0.758319 10.107652
v 10.536056 -0.668348 8.634880
v 14.361438 3.913700 4.415326
v 12.930983 -0.514114 7.029851
v 15.344875 -0.253844 4.414579
v 14.204305 4.694512 -1.228431
v 14.361438 3.913700 4.415326
v 15.344875 -0.253844 4.414579
v 0.000000 7.387190 12.229757
v 4.578538 7.367911 11.819533
v 0.000000 12.316267 12.924672
v 4.871131 12.229510 12.305974
v 8.032761 12.036717 10.438670
v 6.206764 14.571947 12.036974
v 7.493631 3.528115 10.128574
v 10.573985 3.627725 8.278456
v 12.930983 -0.514114 7.029851
v -11.405707 10.642181 8.418185
v -8.032761 12.036717 10.438670
v -8.347027 15.953631 11.428737
v 0.000000 15.410597 12.746834
v -6.206764 14.571947 12.036974
v -4.871131 12.229510 12.305974
v 11.405707 10.642181 8.418185
v 11.698300 8.338303 7.365353
v 13.757288 10.095932 4.159028
v 14.361438 3.913700 4.415326
v 15.301528 10.169836 -1.310626
v 14.204305 4.694512 -1.228431
v 11.649535 5.073671 -5.241753
v 7.052032 -0.758319 10.107652
v 7.493631 3.528115 10.128574
v 4.795274 3.663070 11.174683
v 4.578538 7.367911 11.819533
v 0.000000 3.370667 11.123872
v -4.578538 7.367911 11.819533
v -8.032761 12.036717 10.438670
v -8.347027 15.953631 11.428737
v 10.573985 3.627725 8.278456
v 9.536363 9.835663 8.777598
v 7.493631 3.528115 10.128574
v 8.032761 12.036717 10.438670
v 6.206764 14.571947 12.036974
v 0.000000 18.350693 13.169013
v -5.055356 18.916218 12.613081
v 14.361438 3.913700 4.415326
v 11.698300 8.338303 7.365353
v 9.536363 9.835663 8.777598
v 11.405707 10.642181 8.418185
v 8.347027 15.953631 11.428737
v 5.055356 18.916218 12.613081
v 0.000000 18.350693 13.169013
v 0.000000 21.753489 12.355289
v -5.055356 18.916218 12.613081
v -2.879873 21.775982 12.379200
v -5.575521 20.995169 12.183429
v -5.811221 23.527185 12.026512
v -8.292843 19.648830 10.771929
v -12.410818 25.024546 12.127387
v -16.650707 30.856537 7.124746
v -14.754271 23.324753 7.952666
v -17.791279 25.985298 3.741331
v -18.644674 25.577219 -2.684018
v -17.783150 26.881786 -6.676417
v -16.428553 25.349079 -7.114289
v -15.873168 29.320618 -9.547239
v -13.946931 26.316259 -10.537306
v -14.063427 33.115429 -11.358501
v -10.278682 27.518002 -12.759540
v 0.000000 24.089500 14.246504
v -12.410818 25.024546 12.127387
v -10.121549 20.998384 12.904496
v -14.943915 21.126911 5.557077
v -17.796696 9.363319 0.345962
v -18.644674 25.577219 -2.684018
v -17.328007 9.311907 -5.524201
v -16.428553 25.349079 -7.114289
v -14.670286 9.337612 -9.479240
v -13.946931 26.316259 -10.537306
v -11.197099 9.302266 -11.667102
v -6.689000 9.244428 -13.073371
v -6.038794 28.446621 -14.454983
v 0.000000 9.093407 -14.026825
v -12.730503 40.634361 -2.282014
v -1.896436 38.610031 5.140874
v -6.328677 42.093163 -1.519102
v -6.919282 46.549896 0.352684
v -5.247709 48.330021 -7.524515
v -5.247709 48.330021 -7.524515
v -5.009300 44.194607 -7.939968
v -6.328677 42.093163 -1.519102
v -10.720281 42.382351 -6.877421
v -12.730503 40.634361 -2.282014
v -13.946931 41.434452 -6.773557
v -15.981536 41.212742 -2.058596
v -16.249746 41.212742 -6.722746
v 1.148698 37.077328 5.651973
v 0.000000 37.642853 4.117929
v 0.000000 36.752792 5.173005
v -1.156826 37.899914 3.840710
v -1.148698 37.077328 5.651973
v -3.459641 38.632526 2.800580
v -5.683889 38.234085 3.394620
v -1.156826 37.899914 3.840710
v -6.133615 37.356876 4.830778
v -1.148698 37.077328 5.651973
v -7.390682 29.098906 9.336518
v -1.416909 28.636204 11.289753
v -5.811221 23.527185 12.026512
v -2.216121 24.253374 13.175737
v -2.879873 21.775982 12.379200
v -20.048037 26.647221 0.439364
v -18.644674 25.577219 -2.684018
v -17.791279 25.985298 3.741331
v -19.051052 32.341045 -10.190596
v -14.063427 33.115429 -11.358501
v -15.873168 29.320618 -9.547239
v -29.362246 28.122087 -2.292475
v -20.048037 26.647221 0.439364
v -29.489578 29.449146 2.784142
v -17.563705 37.877419 -8.887444
v -22.321051 38.166611 -9.401532
v -17.829206 41.971058 -6.645782
v -24.011587 32.768402 -10.287735
v -29.974524 32.983688 -9.836414
v -29.584400 29.217794 -7.109058
v -11.736229 36.113361 5.759573
v -12.232011 39.349072 2.228209
v -15.675397 39.898533 2.258845
v -16.650707 30.856537 7.124746
v -20.048037 26.647221 0.439364
v -17.791279 25.985298 3.741331
v -27.357443 40.078472 -5.208130
v -21.914671 40.775742 -5.812631
v -24.358364 37.478981 -8.194023
v -22.020330 37.948109 -8.375598
v -21.557058 32.386028 -8.190287
v -18.644674 25.577219 -2.684018
v -20.048037 26.647221 0.439364
v -17.783150 26.881786 -6.676417
v -22.329178 31.055756 1.197045
v -20.952908 33.436752 5.031034
v -22.345432 33.934799 4.933895
v -21.137133 40.470486 1.820973
v -24.797255 37.077328 3.801108
v -18.303314 34.930897 -9.893203
v -25.344511 30.419538 -1.708148
v -25.566666 30.021099 -6.461966
v -22.616352 29.664433 -2.453874
v -25.344511 30.419538 -1.708148
v -22.616352 29.664433 -2.453874
v -22.329178 31.055756 1.197045
v -17.910482 42.398418 -2.067562
v -23.507677 42.016045 -6.532952
v -22.321051 38.166611 -9.401532
v -30.318590 37.858139 -8.956935
v -25.344511 30.419538 -1.708148
v -35.333309 31.107168 -5.676636
v -25.566666 30.021099 -6.461966
v -35.333309 32.627022 -8.093896
v -27.360151 33.902668 -8.936760
v -35.333309 34.927685 -8.833644
v -29.763206 37.315105 -8.819447
v -29.763206 37.315105 -8.819447
v -24.358364 37.478981 -8.194023
v -27.360151 33.902668 -8.936760
v -21.557058 32.386028 -8.190287
v -25.566666 30.021099 -6.461966
v -22.442965 29.693352 -6.685384
v -16.650707 30.856537 7.124746
v -16.127832 34.789516 5.490573
v -20.465252 34.696335 5.960576
v -17.555578 40.769318 2.204298
v -23.125681 41.929287 2.218495
v -17.910482 42.398418 -2.067562
v -23.225922 42.835415 -2.069804
v -23.507677 42.016045 -6.532952
v -20.048037 26.647221 0.439364
v -29.362246 28.122087 -2.292475
v -17.783150 26.881786 -6.676417
v -15.873168 29.320618 -9.547239
v -19.051052 32.341045 -10.190596
v -18.303314 34.930897 -9.893203
v -14.063427 33.115429 -11.358501
v -30.318590 37.858139 -8.956935
v -30.475725 40.740398 -6.498580
v -23.507677 42.016045 -6.532952
v -30.277952 41.848957 -2.017498
v -23.225922 42.835415 -2.069804
v -30.101856 40.457634 2.302183
v -23.125681 41.929287 2.218495
v -29.928467 35.621738 5.297790
v -20.465252 34.696335 5.960576
v -29.625038 32.469570 5.163291
v -16.650707 30.856537 7.124746
v -29.489578 29.449146 2.784142
v -20.048037 26.647221 0.439364
v 11.546585 39.191624 -10.014252
v 11.270247 35.483570 -12.597394
v 7.092670 38.070213 -13.221323
v 14.575464 37.854927 -9.865556
v 14.063427 33.115429 -11.358501
v 10.720281 42.382351 -6.877421
v 13.946931 41.434452 -6.773557
v 0.000000 37.327957 -14.103790
v 0.000000 41.453732 -12.408347
v 11.270247 35.483570 -12.597394
v 11.546585 39.191624 -10.014252
v 14.575464 37.854927 -9.865556
v 16.249746 41.212742 -6.722746
v 14.063427 33.115429 -11.358501
v 17.563705 37.877419 -8.887444
v 16.249746 41.212742 -6.722746
v 17.829206 41.971058 -6.645782
v 5.009300 44.194607 -7.939968
v 0.000000 45.007549 -9.364172
v -7.092670 38.070213 -13.221323
v 0.000000 27.546921 -15.223873
v 6.038794 28.446621 -14.454983
v 10.278682 27.518002 -12.759540
v 13.946931 26.316259 -10.537306
v 15.873168 29.320618 -9.547239
v 16.428553 25.349079 -7.114289
v 17.783150 26.881786 -6.676417
v 18.644674 25.577219 -2.684018
v 7.891882 40.039913 1.729813
v 2.064406 37.781021 7.299594
v 3.061389 36.633904 7.552155
v 2.064406 37.781021 7.299594
v 7.891882 40.039913 1.729813
v 6.686291 41.068146 1.702165
v 9.866885 42.173492 -2.483764
v 8.693804 43.079620 -2.545783
v 7.826862 43.895779 -8.561656
v 6.726929 44.531994 -8.244835
v 0.000000 43.150311 -11.394369
v 0.000000 44.348843 -11.117151
v -7.826862 43.895779 -8.561656
v -6.726929 44.531994 -8.244835
v -9.866885 42.173492 -2.483764
v -8.693804 43.079620 -2.545783
v -7.891882 40.039913 1.729813
v -6.686291 41.068146 1.702165
v -3.061389 36.633904 7.552155
v -2.064406 37.781021 7.299594
v 0.493073 30.567348 12.633255
v 3.773907 30.837257 12.214066
v 0.000000 35.412880 9.102637
v 3.061389 36.633904 7.552155
v 0.000000 38.047722 7.742696
v 2.064406 37.781021 7.299594
v -10.720281 42.382351 -6.877421
v -11.546585 39.191624 -10.014252
v -13.946931 41.434452 -6.773557
v 0.000000 45.007549 -9.364172
v 0.000000 48.959808 -9.570404
v 5.247709 48.330021 -7.524515
v 5.009300 44.194607 -7.939968
v 0.000000 45.007549 -9.364172
v -5.009300 44.194607 -7.939968
v -5.247709 48.330021 -7.524515
v -2.671265 43.780102 6.107778
v -6.919282 46.549896 0.352684
v -1.896436 38.610031 5.140874
v -11.546585 39.191624 -10.014252
v -10.720281 42.382351 -6.877421
v -5.009300 44.194607 -7.939968
v -5.009300 44.194607 -7.939968
v -7.092670 38.070213 -13.221323
v -11.546585 39.191624 -10.014252
v 0.000000 35.412880 9.102637
v -3.968969 29.760830 11.965987
v -0.349486 29.420229 13.111476
v -3.968969 29.760830 11.965987
v 0.000000 35.412880 9.102637
v -3.061389 36.633904 7.552155
v 0.000000 38.047722 7.742696
v -2.064406 37.781021 7.299594
v 15.661851 16.268524 -6.774302
v 10.292228 11.863202 -7.755403
v 12.164282 17.087896 -10.044886
v 7.469248 12.762903 -8.109585
v 9.048708 17.807657 -10.732329
v 5.426516 13.383054 -9.556951
v 6.008993 18.141830 -12.335865
v 2.920511 13.781493 -10.493219
v 0.000000 18.623814 -12.210331
v 0.000000 13.781493 -9.476999
v -6.008993 18.141830 -12.335865
v -2.920511 13.781493 -10.493219
v 0.000000 5.600639 -8.043829
v 1.297704 5.600639 -8.930780
v 5.426516 13.383054 -9.556951
v 4.681487 5.600639 -8.037851
v 7.469248 12.762903 -8.109585
v 7.163109 5.652050 -7.072443
v 10.292228 11.863202 -7.755403
v 13.350909 10.378696 -5.004137
v 15.661851 16.268524 -6.774302
v 16.539631 16.760147 -1.074504
v -2.134845 0.038558 -8.805247
v -1.297704 5.600639 -8.930780
v 0.000000 0.038558 -8.170109
v -7.493631 3.528115 10.128574
v -10.018600 9.835663 8.777598
v -10.573985 3.627725 8.278456
v -11.698300 8.338303 7.365353
v -14.361438 3.913700 4.415326
v -15.301528 10.169836 -1.310626
v -13.350909 10.378696 -5.004137
v -11.649535 5.073671 -5.241753
v -7.163109 5.652050 -7.072443
v -10.292228 11.863202 -7.755403
v -7.469248 12.762903 -8.109585
v -4.681487 5.600639 -8.037851
v -5.426516 13.383054 -9.556951
v -1.297704 5.600639 -8.930780
v -4.248016 0.038558 -8.220920
v -6.962629 0.038558 -6.937195
v -11.576386 0.038559 -5.909020
v -14.204305 4.694512 -1.228431
v -15.301528 10.169836 -1.310626
v -14.361438 3.913700 4.415326
v -13.757288 10.095932 4.159028
v -11.698300 8.338303 7.365353
v -11.405707 10.642181 8.418185
v -10.018600 9.835663 8.777598
v -8.032761 12.036717 10.438670
v -7.493631 3.528115 10.128574
v -4.578538 7.367911 11.819533
v -4.800692 3.663070 11.174683
v 0.000000 3.370667 11.123872
v 0.000000 -0.938259 12.270108
v 4.795274 3.663070 11.174683
v 5.060775 -0.912553 11.595368
v 7.052032 -0.758319 10.107652
v 15.344875 -0.253844 4.414579
v 14.502316 0.044985 -1.479497
v 14.204305 4.694512 -1.228431
v 11.576386 0.038559 -5.909020
v 11.649535 5.073671 -5.241753
v 6.962629 0.038558 -6.937195
v 7.163109 5.652050 -7.072443
v 4.248016 0.038558 -8.220920
v 4.681487 5.600639 -8.037851
v 2.134845 0.038558 -8.805247
v 1.297704 5.600639 -8.930780
v 0.000000 5.600639 -8.043829
v -2.920511 13.781493 -10.493219
v -6.008993 18.141830 -12.335865
v -9.048708 17.807657 -10.732329
v -12.164282 17.087896 -10.044886
v -15.661851 16.268524 -6.774302
v -16.539631 16.760147 -1.074504
v -13.757288 10.095932 4.159028
v -14.496898 16.435612 3.753288
v 5.838313 50.251522 -1.079738
v 5.743492 43.902203 -1.179864
v 3.987934 51.112667 -6.033810
v 4.659814 45.945812 -6.353620
v 5.838313 50.251522 -1.079738
v 4.237180 46.405300 0.283193
v 5.743492 43.902203 -1.179864
v 3.302508 42.767937 1.951737
v 3.459641 38.632526 2.800580
v 1.156826 37.899914 3.840710
v 5.683889 38.234085 3.394620
v 1.148698 37.077328 5.651973
v 6.133615 37.356876 4.830778
v 1.416909 28.636204 11.289753
v 7.390682 29.098906 9.336518
v 2.216121 24.253374 13.175737
v 5.811221 23.527185 12.026512
v 2.879873 21.775982 12.379200
v 5.575521 20.995169 12.183429
v 5.055356 18.916218 12.613081
v 8.292843 19.648830 10.771929
v 14.496898 16.435612 3.753288
v 13.757288 10.095932 4.159028
v 15.301528 10.169836 -1.310626
v 13.757288 10.095932 4.159028
v 14.496898 16.435612 3.753288
v 11.405707 10.642181 8.418185
v 11.449054 20.127600 8.691668
v 8.347027 15.953631 11.428737
v 8.292843 19.648830 10.771929
v 5.055356 18.916218 12.613081
v -5.055356 18.916218 12.613081
v -8.292843 19.648830 10.771929
v -8.347027 15.953631 11.428737
v -11.449054 20.127600 8.691668
v -11.405707 10.642181 8.418185
v -14.496898 16.435612 3.753288
v -13.757288 10.095932 4.159028
v -11.576386 0.038559 -5.909020
v -14.502316 0.038559 -1.479497
v -14.204305 4.694512 -1.228431
v -15.344875 -0.266697 4.414579
v -14.361438 3.913700 4.415326
v -12.930983 -0.530180 7.029103
v -10.573985 3.627725 8.278456
v -10.536056 -0.684415 8.634133
v -7.493631 3.528115 10.128574
v -7.052032 -0.758319 10.107652
v -4.800692 3.663070 11.174683
v -5.060775 -0.912553 11.595368
v 0.000000 -0.938259 12.270108
v 0.000000 21.753489 12.355289
v 5.055356 18.916218 12.613081
v 2.879873 21.775982 12.379200
v -5.575521 20.995169 12.183429
v -8.292843 19.648830 10.771929
v -5.055356 18.916218 12.613081
v 12.730503 40.634361 -2.282014
v 6.328677 42.093163 -1.519102
v 1.896436 38.610031 5.140874
v 6.919282 46.549896 0.352684
v 2.671265 43.780102 6.107778
v 5.247709 48.330021 -7.524515
v 6.919282 46.549896 0.352684
v 5.009300 44.194607 -7.939968
v 6.328677 42.093163 -1.519102
v 10.720281 42.382351 -6.877421
v 12.730503 40.634361 -2.282014
v 13.946931 41.434452 -6.773557
v 15.981536 41.212742 -2.058596
v 16.249746 41.212742 -6.722746
v 22.345432 33.934799 4.933895
v 20.952908 33.436752 5.031034
v 22.329178 31.055756 1.197045
v 17.910482 42.398418 -2.067562
v 23.225922 42.835415 -2.069804
v 17.829206 41.971058 -6.645782
v 20.465252 34.696335 5.960576
v 16.127832 34.789516 5.490573
v 16.650707 30.856537 7.124746
v 26.669308 31.627708 2.524109
v 22.616352 29.664433 -2.453874
v 25.344511 30.419538 -1.708148
v 17.791279 25.985298 3.741331
v 20.048037 26.647221 0.439364
v 16.650707 30.856537 7.124746
v 16.650707 30.856537 7.124746
v 14.754271 23.324753 7.952666
v 17.791279 25.985298 3.741331
v 21.557058 32.386028 -8.190287
v 22.020330 37.948109 -8.375598
v 24.358364 37.478981 -8.194023
v 21.914671 40.775742 -5.812631
v 17.783150 26.881786 -6.676417
v 20.048037 26.647221 0.439364
v 18.644674 25.577219 -2.684018
v 17.791279 25.985298 3.741331
v 20.952908 33.436752 5.031034
v 22.345432 33.934799 4.933895
v 21.137133 40.470486 1.820973
v 5.811221 23.527185 12.026512
v 5.575521 20.995169 12.183429
v 8.292843 19.648830 10.771929
v 11.736229 36.113361 5.759573
v 15.675397 39.898533 2.258845
v 12.232011 39.349072 2.228209
v 23.225922 42.835415 -2.069804
v 17.555578 40.769318 2.204298
v 20.465252 34.696335 5.960576
v 23.125681 41.929287 2.218495
v 15.873168 29.320618 -9.547239
v 29.584400 29.217794 -7.109058
v 17.783150 26.881786 -6.676417
v 29.362246 28.122087 -2.292475
v 20.048037 26.647221 0.439364
v 29.489578 29.449146 2.784142
v 18.303314 34.930897 -9.893203
v 22.321051 38.166611 -9.401532
v 19.051052 32.341045 -10.190596
v 24.011587 32.768402 -10.287735
v 29.763206 37.315105 -8.819447
v 35.333309 34.927685 -8.833644
v 27.360151 33.902668 -8.936760
v 35.333309 32.627022 -8.093896
v 25.566666 30.021099 -6.461966
v 35.333309 31.107168 -5.676636
v 25.344511 30.419538 -1.708148
v 24.358364 37.478981 -8.194023
v 27.360151 33.902668 -8.936760
v 21.557058 32.386028 -8.190287
v 25.566666 30.021099 -6.461966
v 22.442965 29.693352 -6.685384
v 25.344511 30.419538 -1.708148
v 22.616352 29.664433 -2.453874
v 22.616352 29.664433 -2.453874
v 26.669308 31.627708 2.524109
v 22.329178 31.055756 1.197045
v 25.401403 33.954079 4.076086
v 24.797255 37.077328 3.801108
v 27.771950 40.194149 1.070764
v 28.397774 40.939617 -1.879263
v 30.277952 41.848957 -2.017498
v 30.475725 40.740398 -6.498580
v 23.507677 42.016045 -6.532952
v 30.318590 37.858139 -8.956935
v 22.321051 38.166611 -9.401532
v 29.974524 32.983688 -9.836414
v 24.011587 32.768402 -10.287735
v 20.048037 26.647221 0.439364
v 29.489578 29.449146 2.784142
v 29.625038 32.469570 5.163291
v 29.928467 35.621738 5.297790
v 23.125681 41.929287 2.218495
v 30.101856 40.457634 2.302183
v 23.225922 42.835415 -2.069804
v 29.584400 29.217794 -7.109058
v 15.873168 29.320618 -9.547239
v 19.051052 32.341045 -10.190596
v 14.063427 33.115429 -11.358501
v 18.303314 34.930897 -9.893203
v 17.563705 37.877419 -8.887444
v 23.507677 42.016045 -6.532952
v 30.277952 41.848957 -2.017498
v -5.743492 43.902203 -1.179864
v -3.459641 38.632526 2.800580
v -3.302508 42.767937 1.951737
v -1.156826 37.899914 3.840710
v 0.000000 38.015587 3.266098
v 0.000000 37.642853 4.117929
v 1.156826 37.899914 3.840710
v 1.148698 37.077328 5.651973
v 1.156826 37.899914 3.840710
v 3.302508 42.767937 1.951737
v 0.000000 38.015587 3.266098
v 0.000000 42.343792 3.921410
v -3.302508 42.767937 1.951737
v -4.237180 46.405300 0.283193
v -5.743492 43.902203 -1.179864
v -5.838313 50.251522 -1.079738
v -3.987934 51.112667 -6.033810
v -2.879873 21.775982 12.379200
v 0.000000 21.753489 12.355289
v 0.000000 23.774603 12.237228
v 2.879873 21.775982 12.379200
v 2.216121 24.253374 13.175737
v 1.416909 28.636204 11.289753
v 0.000000 29.211369 10.510402
v 1.148698 37.077328 5.651973
v 0.000000 36.752792 5.173005
v -1.148698 37.077328 5.651973
v -1.416909 28.636204 11.289753
v -2.216121 24.253374 13.175737
v -21.914671 40.775742 -5.812631
v -27.357443 40.078472 -5.208130
v -28.397774 40.939617 -1.879263
v -35.333309 31.949032 0.626916
v -26.669308 31.627708 2.524109
v -35.333309 33.709873 4.333877
v -25.401403 33.954079 4.076086
v -35.333309 37.530392 4.333876
v -27.893864 37.215496 3.548547
v -35.333309 31.949032 0.626916
v -25.344511 30.419538 -1.708148
v -26.669308 31.627708 2.524109
v -22.329178 31.055756 1.197045
v -25.401403 33.954079 4.076086
v -22.345432 33.934799 4.933895
v -27.893864 37.215496 3.548547
v -24.797255 37.077328 3.801108
v -27.771950 40.194149 1.070764
v -21.137133 40.470486 1.820973
v -28.397774 40.939617 -1.879263
v -21.372831 41.453732 -1.981632
v -21.914671 40.775742 -5.812631
v -35.333309 37.530392 4.333876
v -27.893864 37.215496 3.548547
v -35.330601 39.432617 0.339982
v -27.771950 40.194149 1.070764
v -35.333309 40.226280 -2.157976
v -27.357443 40.078472 -5.208130
v -24.358364 37.478981 -8.194023
v -29.763206 37.315105 -8.819447
v -35.333309 31.949032 0.626916
v -35.330601 33.147560 -2.459852
v -25.344511 30.419538 -1.708148
v -25.344511 30.419538 -1.708148
v -35.330601 33.147560 -2.459852
v -35.333309 31.107168 -5.676636
v -35.333309 34.927685 -8.833644
v -35.333309 37.228348 -8.093896
v -35.333309 39.339432 -4.656681
v -28.397774 40.939617 -1.879263
v 3.302508 42.767937 1.951737
v 4.237180 46.405300 0.283193
v 0.000000 42.343792 3.921410
v 0.000000 44.303856 3.771219
v -4.237180 46.405300 0.283193
v -4.659814 45.945812 -6.353620
v -3.987934 51.112667 -6.033810
v 0.000000 51.411495 -8.168619
v -3.987934 51.112667 -6.033810
v -4.659814 45.945812 -6.353620
v -5.743492 43.902203 -1.179864
v 3.987934 51.112667 -6.033810
v 4.659814 45.945812 -6.353620
v 0.000000 51.411495 -8.168619
v 0.000000 46.565964 -8.488429
v -4.659814 45.945812 -6.353620
v 0.000000 51.411495 -8.168619
v -3.987934 51.112667 -6.033810
v -4.107138 53.590057 -7.538712
v 0.000000 53.577206 -9.293186
v 4.107138 53.590057 -7.538712
v 3.987934 51.112667 -6.033810
v 0.000000 44.708721 6.307285
v 4.237180 46.405300 0.283193
v 6.244692 50.248310 0.331015
v 5.838313 50.251522 -1.079738
v 7.163109 53.779636 -2.334321
v 3.987934 51.112667 -6.033810
v 4.107138 53.590057 -7.538712
v -4.107138 53.590057 -7.538712
v -3.987934 51.112667 -6.033810
v -7.163109 53.779636 -2.334321
v -5.838313 50.251522 -1.079738
v -6.244692 50.248310 0.331015
v -4.237180 46.405300 0.283193
v 0.000000 44.303856 3.771219
v 27.893864 37.215496 3.548547
v 24.797255 37.077328 3.801108
v 25.401403 33.954079 4.076086
v 21.914671 40.775742 -5.812631
v 27.357443 40.078472 -5.208130
v 24.358364 37.478981 -8.194023
v 27.360151 33.902668 -8.936760
v 29.763206 37.315105 -8.819447
v 24.797255 37.077328 3.801108
v 27.893864 37.215496 3.548547
v 27.771950 40.194149 1.070764
v 27.357443 40.078472 -5.208130
v 21.914671 40.775742 -5.812631
v 28.397774 40.939617 -1.879263
v 21.372831 41.453732 -1.981632
v 21.137133 40.470486 1.820973
v 25.344511 30.419538 -1.708148
v 35.333309 31.949032 0.626916
v 26.669308 31.627708 2.524109
v 35.333309 33.709873 4.333877
v 35.333309 37.530392 4.333876
v 27.893864 37.215496 3.548547
v 35.333309 40.226280 -2.157976
v 28.397774 40.939617 -1.879263
v 27.771950 40.194149 1.070764
v 35.330601 39.432617 0.339982
v 27.893864 37.215496 3.548547
v 35.333309 37.530392 4.333876
v 29.763206 37.315105 -8.819447
v 24.358364 37.478981 -8.194023
v 27.357443 40.078472 -5.208130
v 25.344511 30.419538 -1.708148
v 35.330601 33.147560 -2.459852
v 35.333309 31.949032 0.626916
v 35.333309 31.107168 -5.676636
v 35.330601 33.147560 -2.459852
v 25.344511 30.419538 -1.708148
v 35.333309 39.339432 -4.656681
v 35.333309 37.228348 -8.093896
v 35.333309 34.927685 -8.833644
vn 0.3522 0.9312 0.0939
vn 0.1330 0.8686 -0.4773
vn 0.1730 0.7706 -0.6134
vn -0.2114 0.8297 0.5166
vn -0.1958 0.7127 0.6736
vn -0.3522 0.9312 0.0939
vn 0.1958 0.7127 0.6736
vn 0.2113 0.8297 0.5167
vn -0.0000 0.4690 0.8832
vn -0.1414 0.5813 0.8013
vn -0.0472 0.4246 -0.9042
vn -0.2983 0.4945 -0.8164
vn -0.3696 0.0472 -0.9280
vn -0.3758 0.2192 -0.9004
vn -0.4020 -0.0473 -0.9144
vn -0.2203 -0.0000 -0.9754
vn 0.2666 0.9566 0.1176
vn 0.2114 0.8297 0.5166
vn -0.0313 0.9565 0.2901
vn 0.0314 0.8726 0.4874
vn -0.4641 0.5427 0.7001
vn -0.1414 0.5814 0.8013
vn -0.0000 0.4877 0.8730
vn -0.2113 0.8297 0.5166
vn 0.1414 0.5813 0.8013
vn 0.4495 -0.0630 0.8911
vn 0.4468 0.1724 0.8779
vn 0.8183 -0.2911 0.4957
vn -0.1729 0.7706 -0.6134
vn -0.1330 0.8686 -0.4773
vn -0.2666 0.9566 0.1176
vn 0.0313 0.9565 0.2901
vn -0.0314 0.8726 0.4874
vn 0.4641 0.5428 0.7000
vn 0.1414 0.5814 0.8013
vn -0.0000 0.4876 0.8730
vn 0.4468 0.1725 0.8779
vn -0.4495 -0.0631 0.8911
vn -0.4468 0.1724 0.8779
vn -0.0000 0.4876 0.8731
vn -0.0000 0.1260 0.9920
vn 0.4628 -0.1177 0.8786
vn 0.8183 -0.2912 0.4957
vn 0.8182 -0.1652 0.5507
vn 0.8440 -0.3155 0.4338
vn 0.9449 -0.0551 0.3228
vn 0.9242 -0.3446 -0.1645
vn 0.9288 -0.0236 -0.3699
vn 0.8034 -0.2047 -0.5592
vn 0.7378 -0.0079 -0.6750
vn 0.6214 -0.0865 -0.7787
vn 0.4470 -0.0314 -0.8940
vn 0.4020 -0.0473 -0.9144
vn 0.2661 -0.0470 -0.9628
vn 0.2203 -0.0000 -0.9754
vn -0.0000 -0.0629 -0.9980
vn -0.0000 0.0550 -0.9985
vn -0.2202 -0.0000 -0.9754
vn -0.2279 0.4165 -0.8801
vn -0.3137 0.6352 -0.7058
vn -0.2983 0.4946 -0.8163
vn -0.1492 0.9349 -0.3221
vn 0.8403 0.0157 0.5419
vn 0.9448 -0.0551 0.3228
vn 0.6454 -0.0236 0.7635
vn 0.4629 -0.1177 0.8786
vn -0.0000 -0.0000 1.0000
vn 0.9784 -0.1644 -0.1252
vn 0.9735 -0.2276 0.0236
vn 0.8906 -0.0709 0.4492
vn 0.9735 -0.2277 0.0235
vn 0.9784 -0.1644 -0.1253
vn 0.6750 -0.2982 -0.6749
vn 0.6225 -0.0631 -0.7801
vn 0.3610 -0.1098 -0.9261
vn -0.0000 0.1259 0.9920
vn -0.4628 -0.1177 0.8786
vn -0.9449 -0.0551 0.3228
vn -0.8403 0.0157 0.5419
vn -0.8182 -0.1652 0.5507
vn -0.6454 -0.0236 0.7635
vn -0.4629 -0.1177 0.8786
vn 0.4718 -0.0393 0.8808
vn 0.4472 -0.0000 0.8944
vn 0.4875 0.0236 0.8728
vn 0.8948 0.0785 0.4396
vn 0.6604 0.1336 0.7390
vn 0.9665 0.1650 0.1964
vn 0.9494 0.0079 -0.3138
vn 0.8948 0.0785 0.4395
vn -0.0000 -0.1886 0.9821
vn 0.2509 -0.1489 0.9565
vn -0.0000 -0.0079 1.0000
vn 0.3148 -0.0945 0.9444
vn 0.4796 -0.1887 0.8570
vn 0.2435 -0.0864 0.9660
vn 0.4719 -0.0393 0.8808
vn 0.5968 0.0471 0.8010
vn -0.6692 -0.1654 0.7244
vn -0.4655 -0.1736 0.8679
vn -0.4779 -0.0392 0.8775
vn -0.0000 -0.0394 0.9992
vn -0.2435 -0.0864 0.9660
vn -0.3148 -0.0944 0.9444
vn 0.6539 -0.1891 0.7326
vn 0.6850 -0.0787 0.7243
vn 0.9019 -0.0235 0.4313
vn 0.9494 0.0078 -0.3139
vn 0.2425 0.0156 0.9700
vn 0.2509 -0.1490 0.9565
vn -0.0000 -0.0551 0.9985
vn -0.2509 -0.1490 0.9565
vn 0.5035 -0.1573 0.8496
vn 0.3148 -0.0944 0.9444
vn 0.2435 -0.0864 0.9661
vn -0.2270 0.0783 0.9707
vn 0.6849 -0.0787 0.7243
vn 0.5034 -0.1574 0.8496
vn 0.6538 -0.1891 0.7326
vn 0.4779 -0.0392 0.8775
vn 0.2270 0.0783 0.9707
vn -0.0000 0.1173 0.9931
vn -0.0236 -0.0393 0.9989
vn -0.2917 0.0709 0.9539
vn -0.2827 0.0471 0.9581
vn -0.4855 0.0940 0.8692
vn -0.4467 0.1724 0.8779
vn -0.4494 -0.0631 0.8911
vn -0.8183 -0.2911 0.4957
vn -0.8440 -0.3155 0.4338
vn -0.9242 -0.3447 -0.1645
vn -0.5107 -0.7386 -0.4400
vn -0.8033 -0.2048 -0.5592
vn -0.3616 -0.3852 -0.8490
vn -0.6214 -0.0866 -0.7787
vn -0.8182 -0.1653 0.5507
vn -0.9242 -0.3446 -0.1645
vn -0.9288 -0.0236 -0.3699
vn -0.8034 -0.2047 -0.5592
vn -0.7378 -0.0079 -0.6750
vn -0.6214 -0.0865 -0.7787
vn -0.4470 -0.0314 -0.8940
vn -0.2661 -0.0470 -0.9628
vn -0.0001 -0.0629 -0.9980
vn -0.0314 0.9565 0.2901
vn -0.6980 0.6274 0.3451
vn -0.9495 -0.1883 0.2510
vn -0.7452 -0.0079 -0.6668
vn -0.7452 -0.0078 -0.6668
vn -0.5183 0.6125 -0.5969
vn -0.6980 0.6275 0.3451
vn -0.2975 0.9475 -0.1174
vn 0.1331 0.8686 -0.4773
vn -0.1578 0.6943 0.7022
vn -0.0000 0.8896 0.4567
vn -0.0000 0.7378 0.6750
vn 0.0630 0.7477 0.6611
vn 0.1578 0.6943 0.7022
vn -0.4106 0.4421 0.7975
vn -0.0000 0.8554 0.5180
vn 0.0629 0.7477 0.6610
vn -0.0943 0.7309 0.6759
vn 0.1577 0.6943 0.7022
vn -0.2345 0.4534 0.8599
vn 0.1103 0.4255 0.8982
vn -0.2827 0.0471 0.9580
vn 0.0471 0.0157 0.9988
vn -0.0236 -0.0394 0.9989
vn -0.5200 -0.8273 0.2127
vn -0.9242 -0.3446 -0.1646
vn -0.0785 -0.0236 -0.9966
vn -0.1810 -0.9835 -0.0078
vn -0.5199 -0.8273 0.2127
vn -0.1736 -0.8207 0.5444
vn -0.0471 0.4245 -0.9042
vn -0.0000 0.3303 -0.9439
vn -0.0552 -0.2049 -0.9772
vn -0.0705 -0.0783 -0.9944
vn -0.1337 -0.7315 -0.6686
vn -0.0944 0.8724 -0.4795
vn -0.1496 0.8506 -0.5041
vn -0.0158 0.4024 -0.9153
vn -0.1332 0.3368 -0.9321
vn -0.0157 -0.2517 -0.9677
vn -0.1022 -0.8014 0.5893
vn -0.1413 -0.2197 0.9653
vn -0.1102 -0.1416 0.9838
vn -0.0078 0.7302 0.6831
vn -0.0550 0.4559 0.8883
vn -0.0788 0.2362 -0.9685
vn -0.1576 -0.9773 0.1419
vn -0.1020 -0.8240 -0.5573
vn -0.1338 -0.9758 0.1731
vn -0.1338 -0.9758 0.1732
vn 0.3521 0.9312 0.0939
vn 0.1730 0.7706 -0.6133
vn -0.0787 0.8506 -0.5199
vn -0.0000 0.3304 -0.9439
vn -0.0787 0.4801 -0.8737
vn -0.1576 -0.9773 0.1418
vn -0.1809 -0.9832 0.0236
vn -0.1020 -0.8241 -0.5572
vn -0.0630 -0.5823 -0.8105
vn 0.0235 -0.2036 -0.9788
vn -0.0628 0.0078 -0.9980
vn -0.0315 0.5269 -0.8493
vn -0.0314 0.5269 -0.8493
vn 0.0235 -0.2035 -0.9788
vn -0.0157 -0.2518 -0.9677
vn -0.1656 -0.8518 -0.4969
vn -0.4495 -0.0631 0.8910
vn 0.0079 0.3304 0.9438
vn -0.0157 0.7377 0.6749
vn -0.0547 0.9941 0.0939
vn -0.0787 0.8507 -0.5198
vn -0.1809 -0.9835 -0.0079
vn -0.0785 -0.0235 -0.9966
vn -0.0787 0.2362 -0.9685
vn -0.0787 0.4801 -0.8736
vn -0.1494 0.8416 -0.5191
vn -0.0788 0.8507 -0.5198
vn -0.1491 0.9885 -0.0235
vn -0.0548 0.9941 0.0939
vn -0.1488 0.8614 0.4856
vn -0.0631 0.3156 0.9468
vn 0.0078 0.3303 0.9438
vn -0.1338 -0.1731 0.9758
vn -0.1736 -0.8206 0.5445
vn 0.3137 0.6352 -0.7058
vn 0.3758 0.2192 -0.9004
vn 0.2279 0.4165 -0.8801
vn 0.2983 0.4945 -0.8164
vn 0.3696 0.0472 -0.9280
vn 0.2976 0.9474 -0.1174
vn 0.1493 0.9349 -0.3221
vn -0.0000 0.2444 -0.9697
vn -0.0000 0.5180 -0.8554
vn 0.3758 0.2193 -0.9004
vn 0.2983 0.4946 -0.8163
vn -0.1330 0.8686 -0.4774
vn 0.0472 0.4246 -0.9042
vn -0.1730 0.7706 -0.6134
vn 0.5182 0.6126 -0.5968
vn -0.0000 0.4877 -0.8730
vn -0.0000 0.0551 -0.9985
vn 0.6214 -0.0866 -0.7787
vn 0.3616 -0.3852 -0.8490
vn 0.8033 -0.2048 -0.5592
vn 0.5108 -0.7386 -0.4400
vn 0.9242 -0.3447 -0.1645
vn 0.4875 0.6055 0.6291
vn 0.3541 0.4800 0.8026
vn 0.2762 0.5129 0.8128
vn 0.5584 0.7708 0.3068
vn 0.5584 0.7708 0.3067
vn 0.4965 0.7330 -0.4650
vn -0.0000 0.4722 -0.8815
vn -0.4965 0.7330 -0.4650
vn -0.5584 0.7708 0.3067
vn -0.4875 0.6055 0.6291
vn -0.2904 0.4866 0.8240
vn -0.3541 0.4800 0.8026
vn 0.0474 0.5917 0.8047
vn 0.0942 0.6123 0.7850
vn -0.0312 0.5472 0.8364
vn -0.0000 0.4315 0.9021
vn -0.3136 0.6352 -0.7058
vn -0.1493 0.9349 -0.3221
vn -0.0000 0.4876 -0.8731
vn -0.0000 0.0157 -0.9999
vn 0.7452 -0.0078 -0.6668
vn 0.5183 0.6126 -0.5968
vn -0.5183 0.6126 -0.5968
vn -0.8317 -0.2197 0.5099
vn -0.9495 -0.1884 0.2511
vn -0.4641 0.5428 0.7000
vn -0.5183 0.6125 -0.5968
vn -0.0313 0.5472 0.8364
vn -0.1968 0.5511 0.8109
vn -0.2044 0.5502 0.8096
vn -0.2903 0.4865 0.8240
vn 0.7541 -0.3928 -0.5264
vn 0.2994 -0.3625 -0.8826
vn 0.2826 -0.4632 -0.8400
vn 0.2829 -0.2986 -0.9115
vn 0.2052 -0.4813 -0.8522
vn 0.3374 -0.3374 -0.8788
vn 0.1805 -0.4710 -0.8635
vn -0.1177 -0.3141 -0.9421
vn -0.0000 -0.4250 -0.9052
vn -0.0000 -0.3373 -0.9414
vn -0.1805 -0.4710 -0.8635
vn 0.1178 -0.3140 -0.9421
vn -0.0000 -0.0707 -0.9975
vn -0.1022 -0.0943 -0.9903
vn 0.3386 -0.0867 -0.9369
vn 0.3610 -0.1099 -0.9261
vn 0.2995 -0.3625 -0.8826
vn 0.6749 -0.2982 -0.6749
vn 0.7542 -0.3928 -0.5263
vn -0.0785 -0.0078 -0.9969
vn 0.1023 -0.0964 -0.9901
vn -0.0000 -0.0236 -0.9997
vn -0.4563 -0.0393 0.8890
vn -0.5197 -0.1417 0.8425
vn -0.6108 0.0391 0.7909
vn -0.7127 -0.0783 0.6971
vn -0.8948 0.0785 0.4396
vn -0.9784 -0.1644 -0.1252
vn -0.6749 -0.2983 -0.6749
vn -0.6225 -0.0631 -0.7801
vn -0.3610 -0.1099 -0.9261
vn -0.2994 -0.3625 -0.8826
vn -0.2829 -0.2986 -0.9115
vn -0.3386 -0.0866 -0.9370
vn -0.3374 -0.3374 -0.8788
vn 0.1022 -0.0943 -0.9903
vn -0.3537 -0.0079 -0.9353
vn -0.3373 0.0157 -0.9413
vn -0.6759 0.0943 -0.7310
vn -0.9494 0.0078 -0.3139
vn -0.8948 0.0785 0.4395
vn -0.9019 -0.0235 0.4313
vn -0.7127 -0.0783 0.6970
vn -0.2509 -0.1489 0.9565
vn -0.2425 0.0156 0.9700
vn -0.0000 -0.0550 0.9985
vn -0.0000 0.1733 0.9849
vn 0.2425 0.0157 0.9700
vn 0.3681 0.1018 0.9242
vn 0.9325 0.0784 -0.3526
vn 0.9494 0.0079 -0.3139
vn 0.6759 0.0943 -0.7309
vn 0.6225 -0.0630 -0.7801
vn 0.3373 0.0157 -0.9413
vn 0.3537 -0.0079 -0.9353
vn 0.3386 -0.0866 -0.9370
vn 0.0785 -0.0079 -0.9969
vn 0.1177 -0.3140 -0.9421
vn -0.1806 -0.4710 -0.8635
vn -0.2051 -0.4813 -0.8522
vn -0.2826 -0.4632 -0.8400
vn -0.7541 -0.3928 -0.5263
vn -0.9735 -0.2276 0.0236
vn -0.9019 -0.0236 0.4313
vn -0.8906 -0.0709 0.4492
vn 0.9483 -0.2978 -0.1097
vn 0.9375 0.0788 0.3388
vn 0.8133 -0.1816 -0.5527
vn 0.6909 0.1099 -0.7145
vn 0.8007 -0.2197 0.5574
vn 0.4635 0.1964 0.8641
vn 0.4105 0.4422 0.7975
vn -0.0629 0.7477 0.6611
vn -0.0000 0.8554 0.5179
vn -0.1577 0.6943 0.7022
vn 0.0943 0.7309 0.6759
vn -0.1103 0.4255 0.8982
vn 0.2345 0.4534 0.8599
vn -0.0472 0.0158 0.9988
vn 0.2827 0.0471 0.9580
vn 0.0236 -0.0393 0.9989
vn 0.2917 0.0709 0.9539
vn 0.2271 0.0783 0.9707
vn 0.4855 0.0940 0.8692
vn 0.8906 -0.0710 0.4492
vn 0.9019 -0.0236 0.4313
vn 0.9784 -0.1643 -0.1252
vn 0.8906 -0.0709 0.4493
vn 0.6989 0.0314 0.7146
vn 0.4780 -0.0392 0.8775
vn -0.2271 0.0783 0.9707
vn -0.4780 -0.0391 0.8775
vn -0.6989 0.0314 0.7146
vn -0.6693 -0.1653 0.7244
vn -0.8906 -0.0709 0.4493
vn -0.6759 0.0943 -0.7309
vn -0.9324 0.0782 -0.3527
vn -0.9494 0.0079 -0.3139
vn -0.9665 0.1650 0.1965
vn -0.6603 0.1337 0.7390
vn -0.6108 0.0391 0.7908
vn -0.4875 0.0236 0.8728
vn -0.4472 -0.0000 0.8944
vn -0.2425 0.0157 0.9700
vn -0.3681 0.1018 0.9242
vn -0.2917 0.0710 0.9539
vn 0.0314 0.9565 0.2901
vn 0.6980 0.6274 0.3451
vn 0.9495 -0.1883 0.2511
vn 0.8317 -0.2197 0.5099
vn 0.6980 0.6274 0.3450
vn 0.1492 0.9349 -0.3221
vn -0.1331 0.8686 -0.4773
vn 0.1102 -0.1416 0.9838
vn 0.1413 -0.2197 0.9653
vn 0.1022 -0.8014 0.5893
vn -0.3521 0.9312 0.0939
vn 0.0548 0.9941 0.0939
vn -0.0079 0.3303 0.9438
vn -0.0000 0.4689 0.8832
vn 0.4494 -0.0631 0.8911
vn 0.0236 -0.8402 0.5418
vn 0.1338 -0.9758 0.1731
vn 0.1576 -0.9773 0.1419
vn 0.5200 -0.8273 0.2127
vn 0.4495 -0.0631 0.8911
vn 0.8440 -0.3154 0.4338
vn 0.0158 -0.2517 -0.9677
vn 0.1332 0.3368 -0.9321
vn 0.0158 0.4024 -0.9153
vn 0.1497 0.8506 -0.5041
vn 0.5107 -0.7386 -0.4400
vn 0.1413 -0.2198 0.9653
vn 0.0079 0.7302 0.6831
vn -0.2113 0.8297 0.5167
vn -0.0315 0.8726 0.4874
vn 0.0548 0.9941 0.0940
vn -0.0079 0.3304 0.9438
vn 0.0157 0.7377 0.6749
vn 0.3616 -0.3853 -0.8490
vn 0.1337 -0.7315 -0.6686
vn 0.1810 -0.9835 -0.0079
vn 0.1736 -0.8207 0.5444
vn 0.0787 0.2362 -0.9685
vn 0.0785 -0.0235 -0.9966
vn 0.0551 -0.2049 -0.9772
vn 0.0314 0.5269 -0.8493
vn 0.0629 0.0078 -0.9980
vn -0.0235 -0.2036 -0.9788
vn 0.0630 -0.5823 -0.8105
vn 0.1020 -0.8241 -0.5572
vn 0.1809 -0.9832 0.0236
vn 0.1576 -0.9773 0.1418
vn 0.0157 -0.2518 -0.9677
vn 0.1656 -0.8518 -0.4969
vn 0.1337 -0.9758 0.1732
vn 0.0235 -0.8402 0.5418
vn 0.1021 -0.8015 0.5893
vn -0.0000 -0.2902 0.9570
vn 0.0550 0.4559 0.8883
vn 0.1025 0.8277 0.5518
vn 0.0941 0.9955 0.0079
vn 0.1491 0.9885 -0.0236
vn 0.1494 0.8416 -0.5191
vn 0.0788 0.8506 -0.5199
vn 0.0787 0.4801 -0.8737
vn 0.0705 -0.0783 -0.9944
vn 0.0552 -0.2049 -0.9772
vn 0.1736 -0.8206 0.5445
vn 0.1338 -0.1731 0.9758
vn 0.0631 0.3156 0.9468
vn 0.1472 0.8617 0.4856
vn 0.3616 -0.3852 -0.8491
vn 0.0785 -0.0236 -0.9966
vn 0.0471 0.4246 -0.9042
vn -0.0000 0.3304 -0.9438
vn 0.0788 0.8506 -0.5198
vn 0.1490 0.9886 -0.0235
vn -0.9375 0.0788 0.3388
vn -0.4635 0.1964 0.8641
vn 0.0630 0.7476 0.6611
vn -0.0000 0.5180 0.8554
vn -0.0000 0.8897 0.4566
vn -0.0630 0.7477 0.6611
vn -0.0000 0.5179 0.8554
vn -0.0000 0.0784 0.9969
vn -0.8007 -0.2198 0.5573
vn -0.9376 0.0788 0.3388
vn -0.9483 -0.2978 -0.1097
vn -0.8133 -0.1816 -0.5527
vn -0.0235 -0.0394 0.9989
vn -0.0000 0.0707 0.9975
vn 0.0235 -0.0394 0.9989
vn -0.0472 0.0157 0.9988
vn -0.0000 0.4783 0.8782
vn -0.1579 0.6943 0.7022
vn 0.0472 0.0157 0.9988
vn -0.1497 0.8506 -0.5040
vn -0.0943 0.8725 -0.4794
vn -0.0941 0.9955 0.0078
vn -0.1494 -0.9826 0.1101
vn -0.0236 -0.8402 0.5418
vn -0.0236 -0.5418 0.8402
vn 0.0785 0.4237 0.9024
vn -0.0314 0.5416 0.8400
vn -0.0235 -0.8402 0.5418
vn -0.1021 -0.8014 0.5893
vn -0.0000 -0.2903 0.9569
vn -0.1102 -0.1417 0.9838
vn -0.0314 0.5417 0.8400
vn -0.1025 0.8277 0.5518
vn -0.0079 0.7303 0.6831
vn -0.0941 0.9955 0.0079
vn -0.0706 0.9967 0.0392
vn -0.1496 0.8506 -0.5040
vn -0.0551 0.8576 0.5114
vn -0.1096 0.9939 -0.0078
vn -0.0943 0.8725 -0.4795
vn -0.1493 -0.9826 0.1100
vn -0.2674 -0.9597 0.0865
vn -0.2674 -0.9597 0.0866
vn -0.0629 0.0079 -0.9980
vn -0.1104 0.6151 -0.7807
vn -0.1018 0.8769 -0.4697
vn 0.8007 -0.2198 0.5573
vn -0.0000 0.0785 0.9969
vn -0.0000 -0.6456 0.7637
vn -0.8007 -0.2198 0.5574
vn -0.6909 0.1099 -0.7145
vn -0.0000 -0.2128 -0.9771
vn -0.8133 -0.1816 -0.5528
vn -0.6909 0.1100 -0.7145
vn 0.8133 -0.1816 -0.5528
vn -0.0000 -0.2127 -0.9771
vn -0.0000 0.0629 -0.9980
vn -0.5412 -0.4315 -0.7217
vn -0.0000 -0.4567 -0.8896
vn 0.5412 -0.4315 -0.7217
vn -0.0000 -0.9096 0.4155
vn 0.8912 -0.4534 -0.0156
vn 0.8418 -0.3933 -0.3697
vn 0.8133 -0.1817 -0.5527
vn 0.5413 -0.4315 -0.7217
vn -0.5413 -0.4315 -0.7217
vn -0.8418 -0.3933 -0.3697
vn -0.9483 -0.2978 -0.1098
vn -0.8912 -0.4534 -0.0156
vn -0.0000 -0.6455 0.7637
vn 0.0314 0.5417 0.8400
vn 0.1496 0.8506 -0.5041
vn 0.0943 0.8724 -0.4795
vn 0.0315 0.5269 -0.8494
vn 0.0550 0.4560 0.8883
vn 0.1025 0.8276 0.5518
vn 0.0943 0.8725 -0.4794
vn 0.1496 0.8506 -0.5040
vn 0.0941 0.9955 0.0078
vn 0.0706 0.9967 0.0392
vn 0.1494 -0.9826 0.1101
vn 0.0236 -0.5418 0.8402
vn -0.0784 0.4237 0.9024
vn 0.0314 0.5416 0.8400
vn 0.1096 0.9939 -0.0078
vn 0.0551 0.8576 0.5114
vn -0.0785 0.4237 0.9024
vn 0.0315 0.5269 -0.8493
vn 0.0943 0.8725 -0.4795
vn 0.2674 -0.9597 0.0865
vn 0.1493 -0.9826 0.1100
vn 0.2675 -0.9597 0.0866
vn 0.1018 0.8769 -0.4697
vn 0.1104 0.6151 -0.7807
vn 0.0629 0.0079 -0.9980
vt 0.453674 0.417114
vt 0.403381 0.378479
vt 0.514191 0.372681
vt 0.390808 0.454865
vt 0.437958 0.467590
vt 0.372955 0.500275
vt 0.277496 0.493225
vt 0.546967 0.394989
vt 0.527374 0.474915
vt 0.585846 0.474915
vt 0.580017 0.570526
vt 0.647369 0.520081
vt 0.665314 0.617371
vt 0.745453 0.601990
vt 0.401093 0.419006
vt 0.299866 0.423706
vt 0.288696 0.458466
vt 0.103485 0.446442
vt 0.064728 0.568909
vt 0.365662 0.574524
vt 0.246765 0.633514
vt 0.297760 0.654724
vt 0.064728 0.646759
vt 0.225250 0.683746
vt 0.344482 0.684326
vt 0.399841 0.632263
vt 0.405243 0.848846
vt 0.455322 0.647766
vt 0.492218 0.848846
vt 0.511749 0.644470
vt 0.583740 0.848846
vt 0.581543 0.638672
vt 0.671356 0.848846
vt 0.744019 0.848846
vt 0.866394 0.848846
vt 0.866394 0.625763
vt 0.740692 0.476318
vt 0.643402 0.446350
vt 0.594025 0.388977
vt 0.344818 0.848846
vt 0.222229 0.848846
vt 0.064728 0.848846
vt 0.456451 0.878326
vt 0.455414 0.872437
vt 0.383667 0.863464
vt 0.553284 0.862915
vt 0.566406 0.917969
vt 0.707031 0.925781
vt 0.064728 0.697876
vt 0.163666 0.937561
vt 0.157227 0.982544
vt 0.252991 0.982544
vt 0.390808 0.932434
vt 0.300598 0.982544
vt 0.402344 0.982544
vt 0.454651 0.917969
vt 0.011749 0.908600
vt 0.085052 0.907043
vt 0.011749 0.876129
vt 0.074280 0.873627
vt 0.189301 0.856079
vt 0.052704 0.856262
vt 0.235596 0.918549
vt 0.235779 0.857300
vt 0.058350 0.852661
vt 0.011749 0.843719
vt 0.288879 0.898560
vt 0.393219 0.881744
vt 0.095795 0.940430
vt 0.011749 0.941040
vt 0.197327 0.869720
vt 0.011749 0.785736
vt 0.056396 0.780518
vt 0.011749 0.716980
vt 0.039276 0.718597
vt 0.049927 0.722656
vt 0.057343 0.696075
vt 0.058136 0.730469
vt 0.506805 0.632812
vt 0.548309 0.606262
vt 0.181213 0.403381
vt 0.176910 0.336304
vt 0.226990 0.306824
vt 0.226807 0.360596
vt 0.291229 0.375153
vt 0.341522 0.376282
vt 0.031952 0.535156
vt 0.011749 0.503906
vt 0.011749 0.535156
vt 0.031952 0.503906
vt 0.049377 0.475922
vt 0.057495 0.493011
vt 0.058624 0.517029
vt 0.056854 0.607422
vt 0.033020 0.621094
vt 0.036469 0.688660
vt 0.190247 0.086212
vt 0.229675 0.010345
vt 0.165253 0.016907
vt 0.346893 0.064850
vt 0.350586 0.010345
vt 0.310577 0.047729
vt 0.233948 0.213440
vt 0.165253 0.213440
vt 0.407135 0.049255
vt 0.407135 0.109467
vt 0.458466 0.049255
vt 0.345581 0.132019
vt 0.338348 0.213440
vt 0.284882 0.213440
vt 0.699921 0.010101
vt 0.760559 0.061676
vt 0.760559 0.010101
vt 0.450226 0.235260
vt 0.450226 0.280884
vt 0.398712 0.293365
vt 0.398712 0.254730
vt 0.356140 0.229523
vt 0.268158 0.061615
vt 0.720032 0.277405
vt 0.615448 0.247955
vt 0.608093 0.285583
vt 0.562592 0.283844
vt 0.584045 0.233551
vt 0.376373 0.057770
vt 0.258850 0.278168
vt 0.313385 0.278168
vt 0.257690 0.242798
vt 0.743744 0.325043
vt 0.743744 0.285248
vt 0.506653 0.049255
vt 0.458466 0.109467
vt 0.407135 0.213440
vt 0.291656 0.351746
vt 0.335907 0.351746
vt 0.346558 0.233551
vt 0.374268 0.351746
vt 0.407562 0.242126
vt 0.313690 0.231232
vt 0.624847 0.010101
vt 0.624481 0.082642
vt 0.559265 0.049255
vt 0.559265 0.109467
vt 0.506653 0.109467
vt 0.458466 0.213440
vt 0.506653 0.213440
vt 0.559265 0.213440
vt 0.621033 0.213440
vt 0.675507 0.213440
vt 0.747589 0.213440
vt 0.654083 0.371643
vt 0.866394 0.517731
vt 0.866547 0.450745
vt 0.760284 0.402527
vt 0.866547 0.402527
vt 0.935883 0.252533
vt 0.988312 0.505737
vt 0.935883 0.505737
vt 0.988312 0.252533
vt 0.935883 0.175415
vt 0.988312 0.175415
vt 0.935883 0.105804
vt 0.988312 0.105804
vt 0.935883 0.011200
vt 0.988312 0.011200
vt 0.889679 0.771149
vt 0.983154 0.761719
vt 0.890625 0.618988
vt 0.988220 0.562561
vt 0.890625 0.535645
vt 0.984100 0.530365
vt 0.866425 0.353973
vt 0.762115 0.353790
vt 0.101593 0.366119
vt 0.985260 0.849243
vt 0.883514 0.987671
vt 0.985260 0.988068
vt 0.884918 0.799469
vt 0.985260 0.772247
vt 0.901764 0.778076
vt 0.526733 0.872345
vt 0.631042 0.857178
vt 0.608307 0.883636
vt 0.683228 0.857178
vt 0.678101 0.881927
vt 0.737488 0.857178
vt 0.730316 0.879181
vt 0.819214 0.857178
vt 0.866394 0.878510
vt 0.866394 0.857178
vt 0.866394 0.925781
vt 0.823303 0.925781
vt 0.754974 0.923309
vt 0.813782 0.982544
vt 0.866394 0.982544
vt 0.756653 0.982544
vt 0.690002 0.982544
vt 0.566223 0.982544
vt 0.011749 0.982544
vt 0.082642 0.982544
vt 0.454651 0.982544
vt 0.109192 0.230469
vt 0.066376 0.349884
vt 0.152344 0.246094
vt 0.152344 0.316406
vt 0.052063 0.308594
vt 0.040283 0.385559
vt 0.898071 0.010986
vt 0.864075 0.010986
vt 0.898071 0.116058
vt 0.824951 0.104889
vt 0.868835 0.222015
vt 0.766998 0.217865
vt 0.856873 0.253540
vt 0.696014 0.325043
vt 0.656464 0.323334
vt 0.551849 0.255005
vt 0.492462 0.257599
vt 0.011749 0.433594
vt 0.011749 0.402344
vt 0.011749 0.684540
vt 0.011749 0.613281
vt 0.698212 0.351746
vt 0.669281 0.351746
vt 0.637482 0.351746
vt 0.622711 0.248993
vt 0.492462 0.295471
vt 0.543854 0.351746
vt 0.492462 0.351746
vt 0.747498 0.351746
vt 0.250122 0.351746
vt 0.407562 0.351746
vt 0.450226 0.351746
vt 0.011749 0.316406
vt 0.766174 0.346893
vt 0.766174 0.308594
vt 0.866394 0.300781
vt 0.866394 0.342651
vt 0.766174 0.261719
vt 0.866394 0.261719
vt 0.011749 0.292969
vt 0.042542 0.285156
vt 0.109192 0.191406
vt 0.152344 0.191406
s 1
usemtl m_body041
f 575/211/448 576/212/449 577/213/450
f 578/214/451 579/215/452 580/211/453
f 581/211/448 582/215/454 583/214/455
f 583/214/455 582/215/454 584/216/456
f 583/214/455 584/216/456 585/217/457
f 577/213/450 586/218/449 587/219/458
f 587/219/458 586/218/449 588/220/459
f 587/219/458 588/220/459 589/221/460
f 589/221/460 588/220/459 590/222/461
f 589/221/460 590/222/461 591/223/462
f 591/223/462 590/222/461 592/224/463
f 576/212/449 575/211/448 593/225/464
f 593/225/464 575/211/448 583/214/465
f 593/225/464 583/214/465 594/226/466
f 594/226/466 583/214/465 595/227/467
f 594/226/466 595/227/467 596/228/468
f 596/228/468 595/227/467 597/217/469
f 596/228/468 597/217/469 598/229/470
f 579/215/452 599/214/471 600/216/456
f 600/216/456 599/214/471 601/217/472
f 600/216/456 601/217/472 602/230/473
f 602/230/473 601/217/472 603/231/474
f 602/230/473 603/231/474 604/232/475
f 605/213/476 606/212/477 580/211/453
f 580/211/453 606/212/477 607/225/478
f 580/211/453 607/225/478 578/214/451
f 578/214/451 607/225/478 608/226/479
f 578/214/451 608/226/479 609/227/480
f 609/227/480 608/226/479 610/228/481
f 609/227/480 610/228/481 611/217/482
f 611/217/482 610/228/481 612/229/483
f 611/217/482 612/229/483 613/231/484
f 584/216/456 614/230/485 585/217/457
f 585/217/457 614/230/485 615/231/486
f 585/217/457 615/231/486 598/229/487
f 598/229/487 615/231/486 616/233/488
f 598/229/487 616/233/488 617/231/474
f 617/231/474 616/233/488 618/234/489
f 617/231/474 618/234/489 619/232/490
f 619/232/490 618/234/489 620/235/491
f 619/232/490 620/235/491 621/236/492
f 621/236/492 620/235/491 622/237/493
f 621/236/492 622/237/493 623/238/494
f 623/238/494 622/237/493 624/239/495
f 623/238/494 624/239/495 625/240/496
f 625/240/496 624/239/495 626/241/497
f 625/240/496 626/241/497 627/242/498
f 627/242/498 626/241/497 628/243/499
f 627/242/498 628/243/499 629/223/500
f 629/223/500 628/243/499 630/244/501
f 629/223/500 630/244/501 631/224/502
f 631/224/502 630/244/501 632/245/503
f 631/224/502 632/245/503 633/246/504
f 633/246/504 632/245/503 592/224/505
f 633/246/504 592/224/505 634/247/506
f 634/247/506 592/224/505 635/222/461
f 634/247/506 635/222/461 636/248/507
f 636/248/507 635/222/461 637/220/508
f 636/248/507 637/220/508 638/249/509
f 638/249/509 637/220/508 639/218/449
f 640/235/491 641/250/510 642/237/511
f 643/250/510 644/235/491 645/251/512
f 645/251/512 644/235/491 646/234/513
f 645/251/512 646/234/513 647/252/514
f 648/253/515 649/254/516 650/255/517
f 651/254/518 652/253/519 653/256/520
f 653/256/520 652/253/519 654/257/521
f 653/256/520 654/257/521 655/258/522
f 656/233/523 657/234/524 658/259/514
f 659/237/525 660/250/526 661/235/527
f 661/235/527 660/250/526 662/251/528
f 661/235/527 662/251/528 663/234/529
f 663/234/529 662/251/528 664/252/514
f 663/234/529 664/252/514 665/259/514
f 665/259/514 664/252/514 666/234/489
f 665/259/514 666/234/489 667/233/523
f 668/260/530 669/261/531 670/262/532
f 671/263/533 672/264/534 673/265/535
f 674/266/536 675/263/537 676/265/535
f 677/267/538 678/268/539 679/269/540
f 680/270/541 681/271/542 682/272/543
f 683/260/544 670/262/532 684/273/545
f 684/273/545 670/262/532 685/264/534
f 686/274/546 687/271/547 688/275/548
f 689/276/549 690/272/550 679/269/540
f 679/269/540 690/272/550 691/270/551
f 679/269/540 691/270/551 677/267/538
f 692/274/552 693/277/553 694/278/554
f 694/278/554 693/277/553 695/263/537
f 694/278/554 695/263/537 696/253/515
f 696/253/515 695/263/537 697/266/555
f 696/253/515 697/266/555 698/257/521
f 699/261/531 700/260/530 701/279/556
f 701/279/556 700/260/530 702/268/557
f 701/279/556 702/268/557 703/280/558
f 703/280/558 702/268/557 677/267/538
f 703/280/558 677/267/538 704/268/559
f 704/268/559 677/267/538 691/270/551
f 704/268/559 691/270/551 705/271/547
f 705/271/547 691/270/551 690/272/550
f 705/271/547 690/272/550 706/275/548
f 707/273/545 708/281/560 709/260/544
f 709/260/544 708/281/560 710/271/542
f 709/260/544 710/271/542 678/268/539
f 678/268/539 710/271/542 680/270/561
f 678/268/539 680/270/561 679/269/540
f 679/269/540 680/270/561 711/272/562
f 679/269/540 711/272/562 689/276/549
f 689/276/549 711/272/562 712/282/514
f 689/276/549 712/282/514 690/272/550
f 690/272/550 712/282/514 713/283/563
f 690/272/550 713/283/563 706/275/548
f 685/264/534 714/263/533 684/273/545
f 684/273/545 714/263/533 715/277/564
f 684/273/545 715/277/564 716/281/565
f 716/281/565 715/277/564 717/274/566
f 716/281/565 717/274/566 681/271/542
f 681/271/542 717/274/566 718/275/567
f 681/271/542 718/275/567 682/272/543
f 682/272/543 718/275/567 719/283/568
f 682/272/543 719/283/568 720/282/514
f 720/282/514 719/283/568 721/284/569
f 720/282/514 721/284/569 722/283/563
f 722/283/563 721/284/569 723/285/570
f 722/283/563 723/285/570 724/286/571
f 724/286/571 723/285/570 725/287/572
f 724/286/571 725/287/572 726/288/573
f 727/231/574 728/230/575 729/232/576
f 729/232/576 728/230/575 730/236/577
f 731/238/578 732/289/579 733/240/580
f 733/240/580 732/289/579 734/290/581
f 733/240/580 734/290/581 735/242/582
f 735/242/582 734/290/581 736/221/460
f 735/242/582 736/221/460 737/223/462
f 738/233/488 739/231/486 740/234/524
f 740/234/524 739/231/486 729/232/576
f 740/234/524 729/232/576 741/235/583
f 741/235/583 729/232/576 730/236/577
f 741/235/583 730/236/577 742/237/525
f 742/237/525 730/236/577 743/238/584
f 742/237/525 743/238/584 744/239/585
f 744/239/585 743/238/584 745/240/586
f 744/239/585 745/240/586 746/241/587
f 746/241/587 745/240/586 747/242/588
f 746/241/587 747/242/588 748/243/589
f 748/243/589 747/242/588 737/223/462
f 748/243/589 737/223/462 749/244/590
f 749/244/590 737/223/462 750/224/463
f 749/244/590 750/224/463 751/245/591
f 752/226/592 753/228/468 754/291/593
f 754/291/593 753/228/468 755/292/594
f 754/291/593 755/292/594 756/293/595
f 757/293/596 758/294/597 759/291/598
f 759/291/598 758/294/597 760/295/599
f 759/291/598 760/295/599 761/226/592
f 761/226/592 760/295/599 762/296/509
f 761/226/592 762/296/509 763/225/464
f 763/225/464 762/296/509 764/212/600
f 765/297/601 766/298/602 767/299/603
f 767/299/603 766/298/602 768/300/604
f 767/299/603 768/300/604 769/297/605
f 770/301/606 771/302/607 772/300/608
f 772/300/608 771/302/607 773/303/609
f 772/300/608 773/303/609 774/297/610
f 774/297/610 773/303/609 775/304/611
f 774/297/610 775/304/611 776/305/612
f 776/305/612 775/304/611 777/287/613
f 776/305/612 777/287/613 778/306/614
f 778/306/614 777/287/613 779/285/615
f 780/307/616 781/308/617 782/309/577
f 783/310/618 784/311/460 785/312/581
f 786/313/619 787/307/620 788/314/621
f 789/315/622 790/316/623 791/317/450
f 790/316/623 792/318/624 793/319/625
f 793/319/625 792/318/624 794/320/626
f 795/217/469 796/227/467 797/214/455
f 798/321/575 799/322/616 800/323/577
f 801/324/627 802/325/628 803/326/629
f 803/326/629 802/325/628 804/327/630
f 803/326/629 804/327/630 805/328/631
f 806/308/584 807/307/616 808/329/579
f 809/330/632 810/331/633 811/332/634
f 811/332/634 810/331/633 812/333/635
f 811/332/634 812/333/635 813/334/636
f 784/311/460 783/310/618 814/335/637
f 815/336/638 816/337/639 817/338/640
f 818/339/638 819/340/641 820/330/632
f 821/341/642 791/317/643 822/342/644
f 822/342/644 791/317/643 823/316/645
f 822/342/644 823/316/645 824/343/646
f 824/343/646 823/316/645 793/319/625
f 825/336/647 826/344/648 827/337/649
f 827/337/649 826/344/648 828/345/650
f 827/337/649 828/345/650 829/346/651
f 829/346/651 828/345/650 830/347/652
f 829/346/651 830/347/652 831/348/653
f 832/348/654 833/326/629 834/346/655
f 834/346/655 833/326/629 835/328/656
f 834/346/655 835/328/656 836/337/639
f 836/337/639 835/328/656 837/349/657
f 836/337/639 837/349/657 817/338/640
f 838/321/658 839/350/456 840/351/659
f 840/351/659 839/350/456 841/352/454
f 840/351/659 841/352/454 842/353/660
f 842/353/660 841/352/454 843/341/642
f 842/353/660 843/341/642 844/354/661
f 844/354/661 843/341/642 845/342/662
f 846/307/616 847/313/663 848/329/579
f 848/329/579 847/313/663 794/320/626
f 848/329/579 794/320/626 849/312/581
f 849/312/581 794/320/626 792/318/624
f 849/312/581 792/318/624 850/310/664
f 850/310/664 792/318/624 790/316/623
f 850/310/664 790/316/623 851/335/665
f 851/335/665 790/316/623 789/315/622
f 851/335/665 789/315/622 852/311/460
f 853/343/666 854/355/667 855/342/668
f 855/342/668 854/355/667 856/356/669
f 855/342/668 856/356/669 857/354/670
f 857/354/670 856/356/669 858/357/671
f 857/354/670 858/357/671 859/353/660
f 859/353/660 858/357/671 860/358/672
f 859/353/660 860/358/672 861/351/673
f 861/351/673 860/358/672 862/359/674
f 861/351/673 862/359/674 863/321/485
f 863/321/485 862/359/674 864/360/675
f 863/321/485 864/360/675 865/322/616
f 866/248/676 867/222/677 868/247/678
f 869/220/679 870/221/680 867/222/677
f 866/248/676 871/361/681 872/249/682
f 868/247/678 873/362/683 874/363/684
f 875/222/685 876/248/676 877/220/686
f 877/220/686 876/248/676 872/249/682
f 877/220/686 872/249/682 878/218/687
f 879/221/680 869/220/679 880/219/688
f 880/219/688 869/220/679 881/218/477
f 880/219/688 881/218/477 882/213/689
f 871/361/681 866/248/676 883/364/690
f 883/364/690 866/248/676 868/247/678
f 883/364/690 868/247/678 884/365/691
f 884/365/691 868/247/678 874/363/684
f 884/365/691 874/363/684 885/247/506
f 885/247/506 874/363/684 873/362/683
f 885/247/506 873/362/683 886/246/692
f 886/246/692 873/362/683 868/247/678
f 886/246/692 868/247/678 887/224/502
f 887/224/502 868/247/678 867/222/677
f 887/224/502 867/222/677 888/223/500
f 888/223/500 867/222/677 870/221/680
f 888/223/500 870/221/680 889/242/693
f 889/242/693 870/221/680 890/290/694
f 889/242/693 890/290/694 891/240/695
f 891/240/695 890/290/694 892/289/696
f 891/240/695 892/289/696 893/238/697
f 894/366/698 895/367/699 896/368/700
f 897/367/699 898/366/698 899/369/698
f 899/369/698 898/366/698 900/370/701
f 899/369/698 900/370/701 901/371/702
f 901/371/702 900/370/701 902/372/703
f 901/371/702 902/372/703 903/373/703
f 903/373/703 902/372/703 904/374/704
f 903/373/703 904/374/704 905/375/704
f 905/375/704 904/374/704 906/372/705
f 905/375/704 906/372/705 907/373/705
f 907/373/705 906/372/705 908/370/706
f 907/373/705 908/370/706 909/371/706
f 909/371/706 908/370/706 910/366/707
f 909/371/706 910/366/707 911/369/707
f 911/369/707 910/366/707 912/368/708
f 911/369/707 912/368/708 913/367/709
f 914/376/710 915/377/711 916/378/712
f 916/378/712 915/377/711 917/379/700
f 916/378/712 917/379/700 918/380/713
f 918/380/713 917/379/700 919/381/699
f 920/361/599 921/248/714 922/249/715
f 923/365/716 924/382/717 925/383/718
f 925/383/718 926/364/719 927/365/716
f 928/364/720 929/383/595 924/382/717
f 930/384/721 931/292/722 932/228/723
f 933/248/507 934/361/599 935/364/724
f 924/382/717 923/365/716 936/364/724
f 936/364/724 923/365/716 937/247/506
f 936/364/724 937/247/506 938/248/507
f 939/385/725 940/386/726 941/387/727
f 942/386/726 943/385/725 944/388/728
f 944/388/728 943/385/725 945/389/713
f 944/388/728 945/389/713 946/390/709
f 947/391/729 948/392/730 949/393/731
f 949/393/731 948/392/730 950/394/732
f 949/393/731 950/394/732 951/395/733
f 951/395/733 950/394/732 952/396/734
f 951/395/733 952/396/734 953/397/735
f 953/397/735 952/396/734 954/398/736
f 953/397/735 954/398/736 955/399/737
f 955/399/737 954/398/736 956/400/738
f 957/397/739 955/399/737 958/398/740
f 958/398/740 955/399/737 956/400/738
f 958/398/740 956/400/738 959/401/741
f 959/401/741 956/400/738 954/398/736
f 959/401/741 954/398/736 960/402/742
f 960/402/742 954/398/736 961/396/734
f 960/402/742 961/396/734 962/403/743
f 962/403/743 961/396/734 963/394/732
f 962/403/743 963/394/732 964/258/744
f 964/258/744 963/394/732 965/392/745
f 964/258/744 965/392/745 966/256/746
f 966/256/746 965/392/745 967/391/747
f 966/256/746 967/391/747 968/254/518
f 969/404/748 970/402/749 971/405/750
f 972/260/751 973/281/752 974/273/753
f 974/273/753 973/281/752 975/277/754
f 974/273/753 975/277/754 976/263/755
f 977/253/756 978/256/757 979/257/758
f 979/257/758 978/256/757 980/258/759
f 978/256/757 981/392/760 980/258/759
f 980/258/759 981/392/760 982/394/761
f 980/258/759 982/394/761 983/403/762
f 983/403/762 982/394/761 984/396/763
f 983/403/762 984/396/763 970/402/749
f 985/402/764 969/404/748 983/403/762
f 983/403/762 969/404/748 986/406/765
f 983/403/762 986/406/765 980/258/759
f 980/258/759 986/406/765 987/407/766
f 980/258/759 987/407/766 979/257/758
f 987/407/766 988/408/767 979/257/758
f 979/257/758 988/408/767 989/266/768
f 979/257/758 989/266/768 990/253/756
f 990/253/756 989/266/768 991/263/769
f 990/253/756 991/263/769 992/278/770
f 992/278/770 991/263/769 993/277/771
f 992/278/770 993/277/771 994/274/546
f 994/274/546 993/277/771 995/281/752
f 994/274/546 995/281/752 996/271/547
f 996/271/547 995/281/752 997/260/751
f 996/271/547 997/260/751 998/268/772
f 998/268/772 997/260/751 999/279/773
f 998/268/772 999/279/773 1000/280/774
f 1000/280/774 999/279/773 1001/409/775
f 1000/280/774 1001/409/775 1002/279/776
f 1002/279/776 1001/409/775 1003/410/777
f 1002/279/776 1003/410/777 1004/261/531
f 1005/265/535 1006/411/778 1007/266/779
f 1007/266/779 1006/411/778 1008/408/780
f 1007/266/779 1008/408/780 1009/257/781
f 1009/257/781 1008/408/780 1010/407/782
f 1009/257/781 1010/407/782 1011/258/744
f 1011/258/744 1010/407/782 1012/406/783
f 1011/258/744 1012/406/783 1013/403/784
f 1013/403/784 1012/406/783 1014/404/785
f 1013/403/784 1014/404/785 1015/402/742
f 1015/402/742 1014/404/785 971/405/750
f 1015/402/742 971/405/750 1016/401/741
f 1016/401/741 971/405/750 970/402/749
f 1016/401/741 970/402/749 1017/398/786
f 1017/398/786 970/402/749 984/396/763
f 1017/398/786 984/396/763 1018/397/787
f 1018/397/787 984/396/763 982/394/761
f 1018/397/787 982/394/761 1019/395/788
f 1019/395/788 982/394/761 981/392/760
f 1019/395/788 981/392/760 1020/393/789
f 1020/393/789 981/392/760 978/256/757
f 1020/393/789 978/256/757 1021/391/790
f 1021/391/790 978/256/757 977/253/756
f 1021/391/790 977/253/756 1022/254/791
f 1022/254/791 977/253/756 1023/278/792
f 1022/254/791 1023/278/792 1024/255/793
f 1025/412/794 1026/413/795 1027/414/796
f 1027/414/796 1026/413/795 1028/415/797
f 1029/412/794 1030/416/798 1031/413/795
f 1031/413/795 1030/416/798 1032/417/799
f 1031/413/795 1032/417/799 1033/301/800
f 1033/301/800 1032/417/799 1034/300/801
f 1033/301/800 1034/300/801 1035/302/802
f 1035/302/802 1034/300/801 1036/297/803
f 1035/302/802 1036/297/803 1037/303/804
f 1037/303/804 1036/297/803 1038/305/805
f 1037/303/804 1038/305/805 1039/304/806
f 1039/304/806 1038/305/805 1040/306/807
f 1039/304/806 1040/306/807 1041/287/808
f 1041/287/808 1040/306/807 1042/285/809
f 1041/287/808 1042/285/809 1043/286/810
f 1043/286/810 1042/285/809 1044/283/811
f 1043/286/810 1044/283/811 1045/288/812
f 1046/255/813 1047/278/814 1048/253/815
f 1049/418/554 1050/419/816 1051/420/552
f 1051/420/552 1050/419/816 1052/421/817
f 1051/420/552 1052/421/817 1053/422/818
f 1053/422/818 1052/421/817 1054/423/812
f 1053/422/818 1054/423/812 1055/424/811
f 1056/424/819 1057/423/573 1058/422/820
f 1058/422/820 1057/423/573 1059/421/821
f 1058/422/820 1059/421/821 1060/420/822
f 1060/420/822 1059/421/821 1061/419/823
f 1060/420/822 1061/419/823 1062/418/770
f 1063/408/824 1064/411/825 1065/266/826
f 1065/266/826 1064/411/825 1066/265/827
f 1065/266/826 1066/265/827 1067/263/769
f 1067/263/769 1066/265/827 1068/264/828
f 1067/263/769 1068/264/828 1069/273/829
f 1069/273/829 1068/264/828 1070/262/830
f 1069/273/829 1070/262/830 1071/260/751
f 1071/260/751 1070/262/830 1072/261/831
f 1071/260/751 1072/261/831 1073/279/832
f 1073/279/832 1072/261/831 1074/410/833
f 1073/279/832 1074/410/833 1075/409/775
f 1076/284/569 1077/283/568 1078/285/809
f 1079/286/834 1080/288/573 1081/283/563
f 1082/226/835 1083/291/836 1084/228/481
f 1084/228/481 1083/291/836 1085/292/837
f 1084/228/481 1085/292/837 1086/384/838
f 1087/293/718 1088/292/837 1089/294/690
f 1089/294/690 1088/292/837 1090/291/839
f 1089/294/690 1090/291/839 1091/295/681
f 1091/295/681 1090/291/839 1092/226/835
f 1091/295/681 1092/226/835 1093/296/840
f 1093/296/840 1092/226/835 1094/225/478
f 1093/296/840 1094/225/478 1095/212/841
f 1096/332/842 1097/331/843 1098/330/844
f 1099/341/845 1100/354/846 1101/317/689
f 1102/351/847 1103/350/848 1104/321/849
f 1105/425/850 1106/340/851 1107/339/852
f 1108/323/492 1109/322/853 1110/321/854
f 1111/230/854 1112/232/475 1113/236/855
f 1114/328/856 1115/327/857 1116/326/858
f 1116/326/858 1115/327/857 1117/325/859
f 1118/329/860 1119/307/853 1120/308/697
f 1120/308/697 1119/307/853 1121/309/492
f 1122/331/861 1123/332/842 1124/333/862
f 1125/287/808 1126/286/810 1127/288/812
f 1128/217/482 1129/214/863 1130/227/864
f 1131/354/865 1099/341/845 1132/352/452
f 1103/350/456 1133/351/866 1132/352/452
f 1132/352/452 1133/351/866 1134/353/867
f 1132/352/452 1134/353/867 1100/354/846
f 1135/312/868 1136/320/869 1137/329/860
f 1137/329/860 1136/320/869 1138/313/870
f 1137/329/860 1138/313/870 1139/307/853
f 1139/307/853 1138/313/870 1140/314/871
f 1141/335/872 1142/316/623 1143/310/873
f 1143/310/873 1142/316/623 1144/318/874
f 1145/348/875 1146/347/876 1147/346/877
f 1147/346/877 1146/347/876 1148/345/878
f 1147/346/877 1148/345/878 1149/337/879
f 1149/337/879 1148/345/878 1150/344/880
f 1149/337/879 1150/344/880 1151/336/881
f 1152/326/858 1153/346/877 1154/328/882
f 1154/328/882 1153/346/877 1155/337/879
f 1154/328/882 1155/337/879 1156/349/883
f 1156/349/883 1155/337/879 1157/336/852
f 1156/349/883 1157/336/852 1158/338/851
f 1159/340/884 1160/425/885 1161/330/886
f 1161/330/886 1160/425/885 1162/426/887
f 1161/330/886 1162/426/887 1123/332/842
f 1123/332/842 1162/426/887 1163/334/888
f 1123/332/842 1163/334/888 1124/333/862
f 1124/333/862 1163/334/888 1164/427/889
f 1124/333/862 1164/427/889 1165/428/890
f 1166/356/891 1167/355/892 1168/342/893
f 1168/342/893 1167/355/892 1169/343/894
f 1168/342/893 1169/343/894 1170/316/645
f 1170/316/645 1169/343/894 1171/319/895
f 1170/316/645 1171/319/895 1172/318/896
f 1173/322/853 1174/360/897 1104/321/849
f 1104/321/849 1174/360/897 1175/359/898
f 1104/321/849 1175/359/898 1102/351/847
f 1102/351/847 1175/359/898 1176/358/899
f 1102/351/847 1176/358/899 1177/353/867
f 1177/353/867 1176/358/899 1178/357/900
f 1177/353/867 1178/357/900 1179/354/846
f 1171/319/895 1180/320/869 1172/318/896
f 1172/318/896 1180/320/869 1181/312/901
f 1172/318/896 1181/312/901 1182/310/902
f 1182/310/902 1181/312/901 1183/311/680
f 1182/310/902 1183/311/680 1184/335/872
f 1184/335/872 1183/311/680 1185/315/903
f 1184/335/872 1185/315/903 1170/316/904
f 1170/316/904 1185/315/903 1101/317/689
f 1170/316/904 1101/317/689 1186/342/905
f 1186/342/905 1101/317/689 1179/354/846
f 1186/342/905 1179/354/846 1187/356/906
f 1187/356/906 1179/354/846 1178/357/900
f 1188/413/907 1189/301/606 1190/417/908
f 1190/417/908 1189/301/606 1191/300/909
f 1190/417/908 1191/300/909 1192/429/910
f 1192/429/910 1191/300/909 1193/298/911
f 1192/429/910 1193/298/911 1194/300/912
f 1194/300/912 1193/298/911 1195/297/601
f 1196/300/912 1197/417/799 1198/429/913
f 1198/429/913 1197/417/799 1199/430/914
f 1198/429/913 1199/430/914 1200/417/908
f 1200/417/908 1199/430/914 1201/416/915
f 1200/417/908 1201/416/915 1202/413/916
f 1202/413/916 1201/416/915 1203/412/917
f 1202/413/916 1203/412/917 1204/414/918
f 1205/285/919 1206/284/569 1207/431/920
f 1207/431/920 1206/284/569 1208/285/921
f 1208/285/921 1209/306/922 1207/431/920
f 1207/431/920 1209/306/922 1210/305/805
f 1207/431/920 1210/305/805 1211/432/923
f 1211/432/923 1210/305/805 1212/297/924
f 1211/432/923 1212/297/924 1213/299/603
f 1213/299/603 1214/297/605 1211/432/923
f 1211/432/923 1214/297/605 1215/305/612
f 1211/432/923 1215/305/612 1207/431/920
f 1207/431/920 1215/305/612 1216/306/925
f 1207/431/920 1216/306/925 1205/285/919
f 1217/325/926 1218/324/927 1219/428/928
f 1220/433/929 1221/425/930 1222/434/931
f 1222/434/931 1221/425/930 1223/426/887
f 1222/434/931 1223/426/887 1224/435/932
f 1224/435/932 1223/426/887 1225/436/933
f 1226/433/929 1227/339/638 1228/425/934
f 1228/425/934 1227/339/638 1229/330/935
f 1228/425/934 1229/330/935 1230/426/936
f 1230/426/936 1229/330/935 1231/332/937
f 1230/426/936 1231/332/937 1232/436/938
f 1232/436/938 1231/332/937 1233/334/636
f 1232/436/938 1233/334/636 1234/427/939
f 1234/427/939 1233/334/636 1235/333/940
f 1234/427/939 1235/333/940 1236/428/941
f 1236/428/941 1235/333/940 1237/437/942
f 1236/428/941 1237/437/942 1238/325/943
f 1239/435/932 1240/436/938 1241/438/944
f 1241/438/944 1240/436/938 1242/427/939
f 1241/438/944 1242/427/939 1243/439/945
f 1244/324/946 1245/326/629 1246/348/654
f 1247/433/947 1248/440/948 1249/339/638
f 1250/336/638 1251/441/949 1252/344/648
f 1253/347/950 1254/442/951 1246/348/654
f 1246/348/654 1254/442/951 1255/443/952
f 1246/348/654 1255/443/952 1244/324/946
f 1244/324/946 1255/443/952 1243/439/945
f 1244/324/946 1243/439/945 1256/428/928
f 1256/428/928 1243/439/945 1242/427/939
f 1257/417/799 1258/416/953 1259/430/954
f 1259/430/954 1258/416/953 1260/444/955
f 1259/430/954 1260/444/955 1261/416/956
f 1262/445/957 1263/446/918 1264/447/958
f 1265/414/959 1266/415/960 1267/413/916
f 1268/446/961 1269/445/797 1270/447/962
f 1270/447/962 1269/445/797 1271/448/963
f 1270/447/962 1271/448/963 1272/445/957
f 1273/447/958 1274/446/959 1275/449/964
f 1275/449/964 1276/450/965 1273/447/958
f 1273/447/958 1276/450/965 1277/449/966
f 1273/447/958 1277/449/966 1278/446/796
f 1279/451/967 1280/416/953 1281/452/968
f 1281/452/968 1280/416/953 1282/412/794
f 1281/452/968 1282/412/794 1283/453/969
f 1283/453/969 1282/412/794 1284/414/970
f 1283/453/969 1284/414/970 1285/454/971
f 1286/454/972 1287/414/918 1288/453/973
f 1288/453/973 1287/414/918 1289/412/974
f 1288/453/973 1289/412/974 1290/452/975
f 1290/452/975 1289/412/974 1291/416/915
f 1290/452/975 1291/416/915 1279/451/967
f 1279/451/967 1291/416/915 1292/444/976
f 1279/451/967 1292/444/976 1280/416/953
f 1293/436/977 1294/334/888 1295/426/887
f 1296/325/978 1297/324/979 1298/326/858
f 1299/346/877 1298/326/858 1300/348/980
f 1301/334/981 1302/436/977 1303/427/982
f 1304/324/983 1305/325/984 1306/428/985
f 1306/428/985 1305/325/984 1307/437/986
f 1306/428/985 1307/437/986 1308/333/862
f 1309/339/852 1310/433/987 1311/425/885
f 1311/425/885 1310/433/987 1312/434/988
f 1311/425/885 1312/434/988 1295/426/887
f 1295/426/887 1312/434/988 1313/435/989
f 1295/426/887 1313/435/989 1314/436/990
f 1315/439/991 1316/428/985 1317/427/889
f 1315/439/991 1317/427/889 1318/438/992
f 1318/438/992 1317/427/889 1319/436/977
f 1318/438/992 1319/436/977 1320/435/993
f 1321/348/994 1322/326/858 1323/324/995
f 1324/339/852 1325/440/996 1326/433/997
f 1327/344/880 1328/441/998 1329/336/852
f 1316/428/985 1315/439/991 1323/324/995
f 1323/324/995 1315/439/991 1330/443/999
f 1323/324/995 1330/443/999 1321/348/994
f 1321/348/994 1330/443/999 1331/442/1000
f 1321/348/994 1331/442/1000 1332/347/1001
o editpl_m-0000-20
v -24.000751 -39.522587 7.617916
v -19.273207 -8.756020 5.922471
v -19.552254 -9.755331 -1.720848
v -15.014354 -6.034423 9.856586
v -10.536056 -0.684415 8.634133
v -12.930983 -0.530180 7.029103
v -4.199251 -12.997468 13.916983
v -11.037257 -40.319466 16.407473
v -4.112557 -40.444782 17.652342
v -5.155596 -9.768183 13.195915
v -10.918052 -9.372957 12.173717
v -4.199251 -12.997468 13.916983
v 10.918052 -9.372957 12.173717
v 15.014354 -6.034423 9.856586
v 10.568566 -6.375024 11.277800
v 7.052032 -0.758319 10.107652
v 5.060775 -0.912553 11.595368
v 0.000000 -4.447095 -11.178419
v -7.946066 -4.485654 -9.606267
v -7.734749 -2.178563 -8.445086
v -13.088117 -3.891208 -7.084397
v -4.112557 -40.444782 17.652342
v 0.000000 -40.496193 18.295698
v -4.199251 -12.997468 13.916983
v 0.000000 -13.116357 14.298066
v -5.155596 -9.768183 13.195915
v 0.000000 -10.025241 13.881117
v -7.734749 -2.178563 -8.445086
v -4.248016 0.038558 -8.220920
v 0.000000 -4.447095 -11.178419
v -2.134845 0.038558 -8.805247
v 0.000000 0.038558 -8.170109
v -11.037257 -40.319466 16.407473
v -10.907215 -12.518698 12.720683
v -15.621213 -11.120948 10.733824
v -15.328620 -8.813857 10.365444
v -19.273207 -8.756020 5.922471
v -19.273207 -8.756020 5.922471
v -24.000751 -39.522587 7.617916
v -15.621213 -11.120948 10.733824
v -18.173273 -40.052769 14.002168
v -11.037257 -40.319466 16.407473
v 13.088117 -3.891208 -7.084397
v 14.502316 0.044985 -1.479497
v 17.753349 -5.652051 -1.487715
v 15.344875 -0.253844 4.414579
v 18.259968 -5.430338 5.432293
v 12.930983 -0.514114 7.029851
v 10.536056 -0.668348 8.634880
v 4.199251 -12.997468 13.916983
v 5.155596 -9.768183 13.195915
v 5.288347 -6.686707 12.389664
v 0.000000 -0.938259 12.270108
v 24.100990 -39.561146 -0.123288
v 19.552254 -9.755331 -1.720848
v 24.000751 -39.522587 7.617916
v 19.273207 -8.756020 5.922471
v 15.621213 -11.120948 10.733824
v 15.328620 -8.813857 10.365444
v 10.907215 -12.518698 12.720683
v -15.014354 -6.034423 9.856586
v -18.259968 -5.430338 5.432293
v -15.344875 -0.266697 4.414579
v -17.753349 -5.652051 -1.487715
v -14.502316 0.038559 -1.479497
v -11.576386 0.038559 -5.909020
v -7.734749 -2.178563 -8.445086
v -6.962629 0.038558 -6.937195
v -4.248016 0.038558 -8.220920
v -15.014354 -6.034423 9.856586
v -10.918052 -9.372957 12.173717
v -10.568566 -6.375024 11.277800
v -5.155596 -9.768183 13.195915
v -5.288347 -6.686707 12.389664
v 0.000000 -10.025241 13.881117
v 0.000000 -6.828088 12.906741
v 4.112557 -40.444782 17.652342
v 11.037257 -40.319466 16.407473
v 4.199251 -12.997468 13.916983
v 10.918052 -9.372957 12.173717
v 15.014354 -6.034423 9.856586
v 19.273207 -8.756020 5.922471
v 18.259968 -5.430338 5.432293
v 19.552254 -9.755331 -1.720848
v 17.753349 -5.652051 -1.487715
v 14.234106 -7.422535 -9.391814
v 13.088117 -3.891208 -7.084397
v 8.057143 -7.756710 -11.684286
v 7.946066 -4.485654 -9.606267
v 0.000000 -7.621755 -12.714703
v -7.052032 -0.758319 10.107652
v -10.568566 -6.375024 11.277800
v -5.060775 -0.912553 11.595368
v 5.288347 -6.686707 12.389664
v 5.155596 -9.768183 13.195915
v 0.000000 -13.116357 14.298066
v 4.199251 -12.997468 13.916983
v 0.000000 -40.496193 18.295698
v 4.112557 -40.444782 17.652342
v -11.037257 -40.319466 16.407473
v -4.199251 -12.997468 13.916983
v -10.907215 -12.518698 12.720683
v -10.918052 -9.372957 12.173717
v -15.014354 -6.034423 9.856586
v -18.259968 -5.430338 5.432293
v -19.552254 -9.755331 -1.720848
v -17.753349 -5.652051 -1.487715
v -14.234106 -7.422535 -9.391814
v -13.088117 -3.891208 -7.084397
v -8.057143 -7.756710 -11.684286
v -7.946066 -4.485654 -9.606267
v 0.000000 -7.621755 -12.714703
v 0.000000 -4.447095 -11.178419
v 7.946066 -4.485654 -9.606267
v 7.734749 -2.178563 -8.445086
v 13.088117 -3.891208 -7.084397
v 11.576386 0.038559 -5.909020
v 14.502316 0.044985 -1.479497
v -16.962263 -22.402559 -5.849240
v -17.029993 -24.507217 -4.896534
v -18.167856 -22.029825 -0.609730
v 1.170372 -22.952019 5.153582
v 0.000000 -23.260489 0.000002
v 0.235700 -24.520069 -5.153578
v -3.305217 -13.514796 11.158992
v -4.342838 -20.474628 9.570402
v 0.000000 -20.750965 11.717914
v -13.768124 -22.829918 9.314853
v -8.688386 -24.523283 9.985110
v -10.324739 -16.319937 9.291688
v -3.305217 -13.514796 11.158992
v -6.355769 -13.003894 10.668816
v -4.342838 -20.474628 9.570402
v -10.191988 -12.454434 9.518843
v -13.367164 -11.885695 8.468251
v 5.201653 -23.514334 -11.818785
v 13.667884 -22.929527 -9.668284
v 13.445730 -27.158121 -8.008708
v 16.962263 -22.402559 -5.849240
v 17.029993 -24.507217 -4.896534
v 18.194948 -22.029825 -0.609730
v 13.367164 -11.885695 8.468251
v 10.191988 -12.454434 9.518843
v 4.342838 -20.474628 9.570402
v 6.355769 -13.003894 10.668816
v 8.365991 -22.341511 -16.166115
v 0.000000 -22.614634 -16.601744
v 0.000000 -16.548077 -15.856018
v 0.000000 -23.260489 0.000002
v 0.000000 -22.489317 -8.318057
v 0.235700 -24.520069 -5.153578
v 0.842559 -22.560007 -10.631453
v 0.587895 -26.088121 -5.095295
v 5.201653 -23.514334 -11.818785
v 5.174561 -26.949263 -9.509126
v 13.445730 -27.158121 -8.008708
v 4.743799 -30.111071 -7.467720
v -1.644481 -28.996082 -2.737067
v -0.587895 -26.088121 -5.095295
v -1.208301 -25.930674 4.661164
v -0.235700 -24.520069 -5.153578
v -1.170372 -22.952019 5.153582
v 0.000000 -23.260489 0.000002
v 0.000000 -23.311899 8.228394
v 1.170372 -22.952019 5.153582
v 4.342838 -20.474628 9.570402
v 13.800635 -22.829918 9.314853
v 10.324739 -16.319937 9.291688
v 8.720896 -24.523283 9.985110
v 4.635431 -21.750277 9.269273
v 4.491844 -26.110613 8.941243
v 1.208301 -25.930674 4.661164
v 1.815160 -29.478065 4.373485
v 1.644481 -28.996082 -2.737067
v 16.734692 -39.892105 -13.875135
v 7.883755 -39.721806 -17.965420
v 8.365991 -22.341511 -16.166115
v 0.000000 -39.721806 -18.637171
v -8.365991 -22.341511 -16.166115
v 0.000000 -16.548077 -15.856018
v 8.219695 -16.493452 -14.904807
v 16.276838 -16.425974 -11.645432
v 17.460756 -21.747063 -11.795621
v 17.658527 -13.138851 -6.919261
v 20.933943 -19.353214 -3.585163
v 0.000000 -7.621755 -12.714703
v -8.219695 -16.493452 -14.904807
v -8.057143 -7.756710 -11.684286
v -16.276838 -16.425974 -11.645432
v -14.234106 -7.422535 -9.391814
v -17.658527 -13.138851 -6.919261
v -19.552254 -9.755331 -1.720848
v -24.100990 -39.561146 -0.123288
v -20.933943 -19.353214 -3.585163
v -21.624786 -39.692886 -7.342933
v -17.460756 -21.747063 -11.795621
v -16.734692 -39.892105 -13.875135
v -8.365991 -22.341511 -16.166115
v -7.883755 -39.721806 -17.965420
v 0.000000 -39.721806 -18.637171
v -4.635431 -21.750277 9.269273
v -4.342838 -20.474628 9.570402
v -13.768124 -22.829918 9.314853
v -16.902662 -10.745003 4.413833
v -17.747931 -21.409676 5.253708
v -17.311750 -11.904974 -1.439893
v -15.382804 -14.697261 -6.148129
v -16.962263 -22.402559 -5.849240
v -13.342781 -18.080780 -10.859355
v -13.667884 -22.929527 -9.668284
v -7.377136 -19.414268 -13.117455
v -5.201653 -23.514334 -11.818785
v -1.205591 -18.582045 -13.417838
v -0.842559 -22.560007 -10.631453
v 0.000000 -18.414955 -11.928627
v 0.000000 -22.489317 -8.318057
v 3.305217 -13.514796 11.158992
v 4.342838 -20.474628 9.570402
v 0.000000 -20.750965 11.717914
v 0.000000 -23.311899 8.228394
v -4.342838 -20.474628 9.570402
v -1.170372 -22.952019 5.153582
v -4.635431 -21.750277 9.269273
v -1.208301 -25.930674 4.661164
v -4.491844 -26.110613 8.941243
v -1.815160 -29.478065 4.373485
v -4.107138 -30.850109 8.427902
v 0.000000 -22.489317 -8.318057
v 0.000000 -18.414955 -11.928627
v 0.842559 -22.560007 -10.631453
v 1.205591 -18.582045 -13.417838
v 5.201653 -23.514334 -11.818785
v 7.377136 -19.414268 -13.117455
v 13.667884 -22.929527 -9.668284
v 13.342781 -18.080780 -10.859355
v 16.962263 -22.402559 -5.849240
v 15.382804 -14.697261 -6.148129
v 17.311750 -11.904974 -1.439893
v 17.780441 -21.409676 5.253708
v 16.902662 -10.745003 4.413833
v 13.800635 -22.829918 9.314853
v 13.367164 -11.885695 8.468251
v 10.324739 -16.319937 9.291688
v 4.635431 -21.750277 9.269273
v 1.170372 -22.952019 5.153582
v 1.208301 -25.930674 4.661164
v 0.587895 -26.088121 -5.095295
v 24.100990 -39.561146 -0.123288
v 19.552254 -9.755331 -1.720848
v 14.234106 -7.422535 -9.391814
v 16.276838 -16.425974 -11.645432
v 8.057143 -7.756710 -11.684286
v 8.219695 -16.493452 -14.904807
v 0.000000 -7.621755 -12.714703
v -8.219695 -16.493452 -14.904807
v -16.276838 -16.425974 -11.645432
v -17.460756 -21.747063 -11.795621
v -20.933943 -19.353214 -3.585163
v -24.100990 -39.561146 -0.123288
v -24.000751 -39.522587 7.617916
v 17.845463 -38.343334 5.456207
v 17.780441 -21.409676 5.253708
v 13.112499 -40.778954 9.879004
v 13.800635 -22.829918 9.314853
v 7.461121 -42.510880 9.898433
v 8.720896 -24.523283 9.985110
v 4.107138 -30.850109 8.427902
v 10.907215 -12.518698 12.720683
v 11.037257 -40.319466 16.407473
v 15.621213 -11.120948 10.733824
v 18.173273 -40.052769 14.002168
v 24.000751 -39.522587 7.617916
v 20.933943 -19.353214 -3.585163
v 24.100990 -39.561146 -0.123288
v 21.624786 -39.692886 -7.342933
v 1.644481 -28.996082 -2.737067
v 1.208301 -25.930674 4.661164
v 0.587895 -26.088121 -5.095295
v 1.815160 -29.478065 4.373485
v 4.107138 -30.850109 8.427902
v 4.491844 -26.110613 8.941243
v 8.720896 -24.523283 9.985110
v 4.743799 -30.111071 -7.467720
v 1.644481 -28.996082 -2.737067
v 5.174561 -26.949263 -9.509126
v 0.587895 -26.088121 -5.095295
v 17.460756 -21.747063 -11.795621
v 16.734692 -39.892105 -13.875135
v 8.365991 -22.341511 -16.166115
v -4.107138 -30.850109 8.427902
v -8.688386 -24.523283 9.985110
v -7.461121 -42.510880 9.898433
v -13.768124 -22.829918 9.314853
v -13.112499 -40.778954 9.879004
v -17.747931 -21.409676 5.253708
v -17.845463 -38.343334 5.456207
v -4.107138 -30.850109 8.427902
v -4.491844 -26.110613 8.941243
v -8.688386 -24.523283 9.985110
v -4.635431 -21.750277 9.269273
v -10.324739 -16.319937 9.291688
v -1.208301 -25.930674 4.661164
v -1.815160 -29.478065 4.373485
v -1.644481 -28.996082 -2.737067
v -0.587895 -26.088121 -5.095295
v -1.644481 -28.996082 -2.737067
v -5.174561 -26.949263 -9.509126
v -4.743799 -30.111071 -7.467720
v -17.029993 -24.507217 -4.896534
v -16.962263 -22.402559 -5.849240
v -13.445730 -27.158121 -8.008708
v -13.667884 -22.929527 -9.668284
v -5.201653 -23.514334 -11.818785
v -4.743799 -30.111071 -7.467720
v -13.445730 -27.158121 -8.008708
v -5.174561 -26.949263 -9.509126
v -0.587895 -26.088121 -5.095295
v -0.842559 -22.560007 -10.631453
v -0.235700 -24.520069 -5.153578
v 0.000000 -22.489317 -8.318057
v 0.000000 -23.260489 0.000002
v 0.000000 0.038558 -8.170109
v 2.134845 0.038558 -8.805247
v 0.000000 -4.447095 -11.178419
v 4.248016 0.038558 -8.220920
v 7.734749 -2.178563 -8.445086
v 6.962629 0.038558 -6.937195
v 11.576386 0.038559 -5.909020
v 0.000000 -13.405546 11.508691
v 0.000000 -20.750965 11.717914
v 3.305217 -13.514796 11.158992
v -3.305217 -13.514796 11.158992
v -9.682660 -92.791321 -7.452770
v -6.445173 -93.273308 -4.919693
v -9.818119 -95.792465 -7.757636
v -6.445173 -93.273308 -4.919693
v -9.682660 -92.791321 -7.452770
v -8.463522 -83.871429 -8.158895
v -9.818119 -95.792465 -7.757636
v -13.055606 -93.922379 -5.282842
v -9.682660 -92.791321 -7.452770
v -11.232319 -84.478729 -7.886907
v -8.463522 -83.871429 -8.158895
v -5.705563 -97.167725 -0.771125
v -6.426208 -91.971954 -1.071507
v -8.571890 -95.898506 3.384916
v -8.612528 -92.222580 2.217010
v -8.571890 -95.898506 3.384916
v -6.426208 -91.971954 -1.071507
v -9.818119 -95.792465 -7.757636
v -12.665482 -99.529442 -6.349125
v -13.055606 -93.922379 -5.282842
v -13.608282 -99.163132 -3.183152
v -13.033933 -93.915947 -1.031905
v -11.722683 -95.895294 3.181672
v -6.426208 -91.971954 -1.071507
v -5.705563 -97.167725 -0.771125
v -6.445173 -93.273308 -4.919693
v -5.862696 -99.580856 -6.513514
v -9.818119 -95.792465 -7.757636
v -8.571890 -95.898506 3.384916
v -8.612528 -92.222580 2.217010
v -11.722683 -95.895294 3.181672
v -11.652244 -92.225800 1.611762
v -13.033933 -93.915947 -1.031905
v -16.951427 -30.769779 -4.292779
v -16.954138 -38.789974 -4.410840
v -17.704584 -38.777119 0.508113
v -17.062506 -68.345154 -6.042020
v -12.467711 -62.474606 -7.795747
v -12.792815 -68.605431 -9.951478
v -2.392218 -58.869373 -0.401253
v -1.240811 -52.388313 1.391329
v -4.570410 -57.850784 2.713909
v -6.545413 -55.203094 7.233099
v -6.805496 -51.607502 7.617170
v -12.023403 -50.874889 7.475945
v -11.906908 -54.884983 6.860236
v -15.897551 -49.914135 3.517918
v -16.954138 -38.789974 -4.410840
v -16.951427 -30.769779 -4.292779
v -12.581497 -30.609119 -7.336956
v -11.142915 -61.160400 4.856938
v -13.077280 -58.329556 3.137583
v -16.154924 -50.184048 -0.091157
v -11.080604 -62.966228 3.853421
v -6.908445 -63.525330 4.233756
v -7.184783 -61.719501 4.979483
v -12.467711 -62.474606 -7.795747
v -16.095322 -62.808781 -4.864401
v -16.937881 -69.241646 0.157669
v -15.312365 -64.302925 0.559673
v -5.895206 -53.413330 -6.911786
v -1.446710 -52.973118 -3.701726
v -2.413892 -59.062168 -4.344336
v -11.516784 -52.777115 -6.436554
v -5.895206 -53.413330 -6.911786
v -7.637218 -59.373852 -7.569340
v -4.429532 -63.416080 -4.179199
v -4.405150 -64.669235 -0.024653
v -2.392218 -58.869373 -0.401253
v -6.908445 -63.525330 4.233756
v -4.570410 -57.850784 2.713909
v -7.184783 -61.719501 4.979483
v -6.545413 -55.203094 7.233099
v -1.509021 -46.537045 -3.402092
v -5.746201 -42.295593 -8.033365
v -12.096552 -41.087425 -7.667974
v -11.516784 -52.777115 -6.436554
v -15.683525 -51.122307 -4.271108
v -1.644481 -28.996082 -2.737067
v -1.387107 -44.541634 4.018555
v -1.509021 -46.537045 -3.402092
v -1.240811 -52.388313 1.391329
v -1.446710 -52.973118 -3.701726
v -2.413892 -59.062168 -4.344336
v -4.405150 -64.669235 -0.024653
v -4.429532 -63.416080 -4.179199
v -7.474667 -71.069969 -10.406534
v -7.718494 -62.892326 -8.291902
v -12.123644 -59.373852 -6.982025
v -16.095322 -62.808781 -4.864401
v -15.661851 -61.468868 -4.615576
v -15.569739 -59.573071 0.124790
v -15.569739 -59.573071 0.124790
v -15.683525 -51.122307 -4.271108
v -15.661851 -61.468868 -4.615576
v -11.516784 -52.777115 -6.436554
v -12.123644 -59.373852 -6.982025
v -7.637218 -59.373852 -7.569340
v -7.718494 -62.892326 -8.291902
v -4.429532 -63.416080 -4.179199
v -7.474667 -71.069969 -10.406534
v -4.223634 -73.486305 -6.653245
v -16.954138 -38.789974 -4.410840
v -16.154924 -50.184048 -0.091157
v -17.704584 -38.777119 0.508113
v -17.845463 -38.343334 5.456207
v -13.112499 -40.778954 9.879004
v -6.805496 -51.607502 7.617170
v -7.461121 -42.510880 9.898433
v -4.009607 -43.564816 8.477220
v -4.107138 -30.850109 8.427902
v -1.644481 -28.996082 -2.737067
v -4.743799 -30.111071 -7.467720
v -16.954138 -38.789974 -4.410840
v -11.080604 -62.966228 3.853421
v -7.184783 -61.719501 4.979483
v -4.009607 -43.564816 8.477220
v -1.387107 -44.541634 4.018555
v -11.825632 -66.102333 3.814566
v -11.080604 -62.966228 3.853421
v -15.569739 -59.573071 0.124790
v -9.129984 -74.035767 3.834742
v -5.916880 -81.034157 -0.236863
v -4.272399 -76.336433 -0.033619
v -8.463522 -83.871429 -8.158895
v -6.561668 -85.404137 -4.493031
v -6.445173 -93.273308 -4.919693
v -6.426208 -91.971954 -1.071507
v -6.445173 -93.273308 -4.919693
v -6.561668 -85.404137 -4.493031
v -13.743742 -66.966682 -11.138811
v -7.951485 -67.188400 -11.640944
v -7.851245 -76.381416 -11.495234
v -3.139956 -67.541855 -6.626347
v -2.898838 -76.419975 -6.548635
v -4.429532 -63.416080 -4.179199
v -4.405150 -64.669235 -0.024653
v -4.223634 -73.486305 -6.653245
v -15.312365 -64.302925 0.559673
v -16.937881 -69.241646 0.157669
v -12.516477 -70.610474 3.663627
v -6.908445 -63.525330 4.233756
v -7.425901 -66.809235 3.854168
v -8.409339 -72.409882 3.703978
v -4.090883 -74.347450 -0.192030
v -11.232319 -84.478729 -7.886907
v -13.055606 -93.922379 -5.282842
v -13.646211 -86.981827 -5.032523
v -13.033933 -93.915947 -1.031905
v -13.624537 -87.640533 -1.167899
v -11.652244 -92.225800 1.611762
v -11.828341 -87.055725 1.421220
v -8.612528 -92.222580 2.217010
v -9.005361 -86.503052 1.731317
v -6.539995 -86.371315 -0.754686
v -5.943972 -81.181961 -4.886816
v -13.963186 -76.391052 -11.155250
v -18.186819 -76.516373 -6.568810
v -18.051359 -67.307289 -6.354358
v -18.308735 -76.828056 0.458052
v -17.861717 -67.631821 0.461040
v -13.532425 -76.927666 5.276877
v -13.508042 -67.814972 5.253712
v -6.510193 -77.014420 5.223825
v -6.548122 -68.062393 5.291073
v -2.530387 -76.709167 -0.034366
v -2.527678 -67.985275 0.089671
v -2.898838 -76.419975 -6.548635
v -3.139956 -67.541855 -6.626347
v -9.067673 -79.176918 3.037457
v -13.014969 -72.406662 3.811578
v -12.410818 -77.981598 3.041941
v -17.151909 -71.108521 0.059783
v -16.880987 -76.673820 -0.446085
v -17.317169 -70.160622 -6.428333
v -17.062506 -75.539551 -6.228824
v -13.115209 -70.446602 -10.608284
v -12.351216 -75.725922 -9.961938
v -7.905428 -72.570541 -10.918381
v -7.848535 -76.995140 -10.043386
v -4.562283 -76.002258 -6.090588
v -5.943972 -81.181961 -4.886816
v -4.562283 -76.002258 -6.090588
v 8.463522 -83.871429 -8.158895
v 9.682660 -92.791321 -7.452770
v 6.445173 -93.273308 -4.919693
v 9.818119 -95.792465 -7.757636
v 8.463522 -83.871429 -8.158895
v 11.232319 -84.478729 -7.886907
v 9.682660 -92.791321 -7.452770
v 13.055606 -93.922379 -5.282842
v 13.608282 -99.163132 -3.183152
v 13.033933 -93.915947 -1.031905
v 11.722683 -95.895294 3.181672
v 13.033933 -93.915947 -1.031905
v 13.608282 -99.163132 -3.183152
v 13.055606 -93.922379 -5.282842
v 12.665482 -99.529442 -6.349125
v 9.818119 -95.792465 -7.757636
v 13.033933 -93.915947 -1.031905
v 11.652244 -92.225800 1.611762
v 11.722683 -95.895294 3.181672
v 8.612528 -92.222580 2.217010
v 8.571890 -95.898506 3.384916
v 6.426208 -91.971954 -1.071507
v 8.571890 -95.898506 3.384916
v 6.426208 -91.971954 -1.071507
v 5.705563 -97.167725 -0.771125
v 6.445173 -93.273308 -4.919693
v 5.862696 -99.580856 -6.513514
v 9.818119 -95.792465 -7.757636
v 12.023403 -50.874889 7.475945
v 11.906908 -54.884983 6.860236
v 15.897551 -49.914135 3.517918
v 4.570410 -57.850784 2.713909
v 7.184783 -61.719501 4.979483
v 6.545413 -55.203094 7.233099
v 1.240811 -52.388313 1.391329
v 4.009607 -43.564816 8.477220
v 1.387107 -44.541634 4.018555
v 2.392218 -58.869373 -0.401253
v 1.240811 -52.388313 1.391329
v 6.805496 -51.607502 7.617170
v 12.581497 -30.609119 -7.336956
v 16.951427 -30.769779 -4.292779
v 16.954138 -38.789974 -4.410840
v 17.704584 -38.777119 0.508113
v 16.154924 -50.184048 -0.091157
v 13.077280 -58.329556 3.137583
v 11.142915 -61.160400 4.856938
v 6.908445 -63.525330 4.233756
v 11.080604 -62.966228 3.853421
v 16.937881 -69.241646 0.157669
v 17.062506 -68.345154 -6.042020
v 15.312365 -64.302925 0.559673
v 7.184783 -61.719501 4.979483
v 4.405150 -64.669235 -0.024653
v 4.429532 -63.416080 -4.179199
v 4.405150 -64.669235 -0.024653
v 2.413892 -59.062168 -4.344336
v 2.392218 -58.869373 -0.401253
v 1.446710 -52.973118 -3.701726
v 1.240811 -52.388313 1.391329
v 1.509021 -46.537045 -3.402092
v 1.387107 -44.541634 4.018555
v 1.644481 -28.996082 -2.737067
v 5.746201 -42.295593 -8.033365
v 12.096552 -41.087425 -7.667974
v 5.895206 -53.413330 -6.911786
v 11.516784 -52.777115 -6.436554
v 7.637218 -59.373852 -7.569340
v 12.123644 -59.373852 -6.982025
v 7.718494 -62.892326 -8.291902
v 12.467711 -62.474606 -7.795747
v 7.474667 -71.069969 -10.406534
v 15.683525 -51.122307 -4.271108
v 15.569739 -59.573071 0.124790
v 15.661851 -61.468868 -4.615576
v 15.312365 -64.302925 0.559673
v 16.095322 -62.808781 -4.864401
v 17.062506 -68.345154 -6.042020
v 12.792815 -68.605431 -9.951478
v 15.683525 -51.122307 -4.271108
v 15.661851 -61.468868 -4.615576
v 4.223634 -73.486305 -6.653245
v 4.429532 -63.416080 -4.179199
v 2.413892 -59.062168 -4.344336
v 1.446710 -52.973118 -3.701726
v 1.509021 -46.537045 -3.402092
v 4.107138 -30.850109 8.427902
v 4.009607 -43.564816 8.477220
v 7.461121 -42.510880 9.898433
v 6.805496 -51.607502 7.617170
v 13.112499 -40.778954 9.879004
v 17.845463 -38.343334 5.456207
v 17.704584 -38.777119 0.508113
v 16.954138 -38.789974 -4.410840
v 4.009607 -43.564816 8.477220
v 15.569739 -59.573071 0.124790
v 12.581497 -30.609119 -7.336956
v 4.743799 -30.111071 -7.467720
v 1.644481 -28.996082 -2.737067
v 4.090883 -74.347450 -0.192030
v 4.405150 -64.669235 -0.024653
v 4.429532 -63.416080 -4.179199
v 6.445173 -93.273308 -4.919693
v 6.561668 -85.404137 -4.493031
v 8.463522 -83.871429 -8.158895
v 6.561668 -85.404137 -4.493031
v 6.445173 -93.273308 -4.919693
v 6.426208 -91.971954 -1.071507
v 13.963186 -76.391052 -11.155250
v 7.851245 -76.381416 -11.495234
v 7.951485 -67.188400 -11.640944
v 2.898838 -76.419975 -6.548635
v 3.139956 -67.541855 -6.626347
v 4.223634 -73.486305 -6.653245
v 16.937881 -69.241646 0.157669
v 15.312365 -64.302925 0.559673
v 11.825632 -66.102333 3.814566
v 15.569739 -59.573071 0.124790
v 7.425901 -66.809235 3.854168
v 6.908445 -63.525330 4.233756
v 11.080604 -62.966228 3.853421
v 8.409339 -72.409882 3.703978
v 12.516477 -70.610474 3.663627
v 5.943972 -81.181961 -4.886816
v 6.539995 -86.371315 -0.754686
v 9.005361 -86.503052 1.731317
v 8.612528 -92.222580 2.217010
v 11.828341 -87.055725 1.421220
v 11.652244 -92.225800 1.611762
v 13.624537 -87.640533 -1.167899
v 13.033933 -93.915947 -1.031905
v 13.646211 -86.981827 -5.032523
v 13.055606 -93.922379 -5.282842
v 11.232319 -84.478729 -7.886907
v 13.743742 -66.966682 -11.138811
v 18.051359 -67.307289 -6.354358
v 18.186819 -76.516373 -6.568810
v 17.861717 -67.631821 0.461040
v 18.308735 -76.828056 0.458052
v 13.508042 -67.814972 5.253712
v 13.532425 -76.927666 5.276877
v 6.548122 -68.062393 5.291073
v 6.510193 -77.014420 5.223825
v 2.527678 -67.985275 0.089671
v 2.530387 -76.709167 -0.034366
v 3.139956 -67.541855 -6.626347
v 2.898838 -76.419975 -6.548635
v 4.562283 -76.002258 -6.090588
v 5.916880 -81.034157 -0.236863
v 4.272399 -76.336433 -0.033619
v 9.067673 -79.176918 3.037457
v 9.129984 -74.035767 3.834742
v 12.410818 -77.981598 3.041941
v 13.014969 -72.406662 3.811578
v 16.880987 -76.673820 -0.446085
v 17.151909 -71.108521 0.059783
v 17.062506 -75.539551 -6.228824
v 17.317169 -70.160622 -6.428333
v 12.351216 -75.725922 -9.961938
v 13.115209 -70.446602 -10.608284
v 7.848535 -76.995140 -10.043386
v 7.905428 -72.570541 -10.918381
v 5.943972 -81.181961 -4.886816
v 4.562283 -76.002258 -6.090588
v -16.555885 -103.080048 10.300443
v -13.608282 -99.163132 -3.183152
v -15.426151 -104.400681 1.940540
v -14.133866 -104.930862 -1.356944
v -9.799155 -99.715805 -8.389785
v -9.853339 -104.969421 -8.152168
v -12.497512 -105.290741 -6.618871
v -9.853339 -104.969421 -8.152168
v -6.781113 -105.085098 -6.560588
v -5.862696 -99.580856 -6.513514
v -5.735364 -99.609772 -0.648579
v -8.030051 -102.225334 20.466377
v -8.336190 -99.259529 11.460876
v -13.846691 -102.765152 17.875017
v -12.535441 -100.393799 10.672559
v -9.853339 -104.969421 -8.152168
v -6.781113 -105.085098 -6.560588
v -12.497512 -105.290741 -6.618871
v -7.195620 -104.889091 -1.530300
v -7.965031 -104.927650 20.612085
v -14.066136 -104.924438 18.022219
v -5.410261 -104.840889 13.848246
v -15.854204 -105.142937 11.125374
v -7.965031 -104.927650 20.612085
v -5.410261 -104.840889 13.848246
v -5.090576 -102.437401 13.560566
v -7.778096 -103.555603 1.873290
v -7.195620 -104.889091 -1.530300
v -11.722683 -95.895294 3.181672
v -8.571890 -95.898506 3.384916
v -5.705563 -97.167725 -0.771125
v -12.665482 -99.529442 -6.349125
v -9.818119 -95.792465 -7.757636
v -5.410261 -104.840889 13.848246
v -15.854204 -105.142937 11.125374
v -7.778096 -103.555603 1.873290
v -15.426151 -104.400681 1.940540
v -14.133866 -104.930862 -1.356944
v -14.066136 -104.924438 18.022219
v -15.854204 -105.142937 11.125374
v 12.497512 -105.290741 -6.618871
v 6.781113 -105.085098 -6.560588
v 9.853339 -104.969421 -8.152168
v 16.555885 -103.080048 10.300443
v 15.854204 -105.142937 11.125374
v 15.426151 -104.400681 1.940540
v 12.497512 -105.290741 -6.618871
v 9.853339 -104.969421 -8.152168
v 9.799155 -99.715805 -8.389785
v 5.735364 -99.609772 -0.648579
v 5.862696 -99.580856 -6.513514
v 6.781113 -105.085098 -6.560588
v 9.853339 -104.969421 -8.152168
v 12.535441 -100.393799 10.672559
v 13.846691 -102.765152 17.875017
v 8.336190 -99.259529 11.460876
v 8.030051 -102.225334 20.466377
v 7.965031 -104.927650 20.612085
v 5.410261 -104.840889 13.848246
v 14.066136 -104.924438 18.022219
v 15.854204 -105.142937 11.125374
v 7.195620 -104.889091 -1.530300
v 7.195620 -104.889091 -1.530300
v 7.778096 -103.555603 1.873290
v 5.090576 -102.437401 13.560566
v 5.410261 -104.840889 13.848246
v 7.965031 -104.927650 20.612085
v 5.705563 -97.167725 -0.771125
v 8.571890 -95.898506 3.384916
v 11.722683 -95.895294 3.181672
v 13.608282 -99.163132 -3.183152
v 9.818119 -95.792465 -7.757636
v 12.665482 -99.529442 -6.349125
v 14.133866 -104.930862 -1.356944
v 14.133866 -104.930862 -1.356944
v 15.426151 -104.400681 1.940540
v 7.778096 -103.555603 1.873290
v 15.854204 -105.142937 11.125374
v 5.410261 -104.840889 13.848246
v 14.066136 -104.924438 18.022219
v -18.167856 -22.029825 -0.609730
v -17.704584 -38.777119 0.508113
v -17.845463 -38.343334 5.456207
v -17.747931 -21.409676 5.253708
v -1.644481 -28.996082 -2.737067
v -1.815160 -29.478065 4.373485
v -1.387107 -44.541634 4.018555
v -4.107138 -30.850109 8.427902
v -4.009607 -43.564816 8.477220
v -16.951427 -30.769779 -4.292779
v -17.029993 -24.507217 -4.896534
v -12.581497 -30.609119 -7.336956
v -13.445730 -27.158121 -8.008708
v -4.743799 -30.111071 -7.467720
v 17.029993 -24.507217 -4.896534
v 18.194948 -22.029825 -0.609730
v 18.289768 -30.772993 0.522309
v 17.780441 -21.409676 5.253708
v 17.780441 -21.409676 5.253708
v 17.845463 -38.343334 5.456207
v 18.289768 -30.772993 0.522309
v 17.704584 -38.777119 0.508113
v 16.951427 -30.769779 -4.292779
v 16.951427 -30.769779 -4.292779
v 12.581497 -30.609119 -7.336956
v 13.445730 -27.158121 -8.008708
v 4.743799 -30.111071 -7.467720
v 4.009607 -43.564816 8.477220
v 4.107138 -30.850109 8.427902
v 1.387107 -44.541634 4.018555
v 1.815160 -29.478065 4.373485
v 1.644481 -28.996082 -2.737067
vn -0.9217 0.1576 0.3545
vn -0.8645 0.2279 0.4480
vn -0.9476 0.2584 -0.1879
vn -0.4879 0.3777 0.7869
vn -0.3928 0.5028 0.7700
vn -0.5727 0.5178 0.6355
vn -0.1333 0.1489 0.9798
vn -0.2517 0.1259 0.9596
vn -0.1568 0.1254 0.9796
vn -0.1338 0.2125 0.9680
vn -0.2365 0.2208 0.9462
vn -0.1333 0.1490 0.9798
vn 0.2365 0.2208 0.9462
vn 0.4879 0.3778 0.7869
vn 0.2585 0.3055 0.9164
vn 0.3686 0.4313 0.8234
vn 0.2819 0.2584 0.9240
vn -0.0001 0.4472 -0.8944
vn -0.2277 0.4789 -0.8478
vn -0.2668 0.4866 -0.8319
vn -0.5206 0.4970 -0.6942
vn -0.1567 0.1254 0.9796
vn -0.0000 0.1337 0.9910
vn -0.1332 0.1489 0.9798
vn -0.0000 0.1568 0.9876
vn -0.0000 0.2202 0.9754
vn -0.2599 0.4569 -0.8507
vn -0.0000 0.4472 -0.8944
vn -0.0000 0.4628 -0.8864
vn 0.0001 0.5565 -0.8309
vn -0.2517 0.1258 0.9596
vn -0.2748 0.1491 0.9499
vn -0.5514 0.1575 0.8192
vn -0.5125 0.1971 0.8357
vn -0.8645 0.2279 0.4479
vn -0.9217 0.1575 0.3545
vn -0.5515 0.1575 0.8192
vn -0.5345 0.1415 0.8332
vn 0.5207 0.4970 -0.6942
vn 0.8068 0.4621 -0.3681
vn 0.8418 0.4642 -0.2754
vn 0.8440 0.5127 0.1578
vn 0.8512 0.4414 0.2837
vn 0.5750 0.5120 0.6381
vn 0.3928 0.5028 0.7700
vn 0.1333 0.1490 0.9798
vn 0.1338 0.2125 0.9680
vn 0.1334 0.1883 0.9730
vn 0.0001 0.1173 0.9931
vn 0.9850 0.1261 -0.1181
vn 0.9476 0.2584 -0.1879
vn 0.9217 0.1575 0.3544
vn 0.8645 0.2279 0.4480
vn 0.5514 0.1575 0.8192
vn 0.5125 0.1971 0.8357
vn 0.2747 0.1492 0.9499
vn -0.5728 0.5178 0.6355
vn -0.8513 0.4414 0.2838
vn -0.8440 0.5127 0.1578
vn -0.8418 0.4642 -0.2754
vn -0.8068 0.4621 -0.3681
vn -0.5207 0.4970 -0.6942
vn -0.4410 0.4960 -0.7480
vn -0.2590 0.6043 -0.7535
vn -0.2600 0.4569 -0.8507
vn -0.4878 0.3777 0.7870
vn -0.2366 0.2208 0.9462
vn -0.2585 0.3055 0.9164
vn -0.1334 0.1883 0.9730
vn -0.0000 0.2203 0.9754
vn -0.0000 0.1961 0.9806
vn 0.1568 0.1254 0.9796
vn 0.2517 0.1259 0.9596
vn 0.1333 0.1489 0.9798
vn 0.2366 0.2208 0.9462
vn 0.4879 0.3777 0.7869
vn 0.8645 0.2279 0.4479
vn 0.8513 0.4414 0.2838
vn 0.9476 0.2585 -0.1880
vn 0.6662 0.4155 -0.6193
vn 0.2509 0.4392 -0.8626
vn 0.2277 0.4789 -0.8479
vn -0.0000 0.4156 -0.9095
vn -0.3686 0.4314 0.8234
vn -0.2819 0.2584 0.9240
vn -0.0000 0.1173 0.9931
vn 0.1332 0.1489 0.9798
vn 0.1567 0.1254 0.9796
vn -0.2748 0.1492 0.9499
vn -0.8513 0.4414 0.2837
vn -0.9476 0.2585 -0.1880
vn -0.6662 0.4155 -0.6193
vn -0.2509 0.4392 -0.8626
vn -0.0000 0.4156 -0.9096
vn 0.2277 0.4789 -0.8478
vn 0.2668 0.4865 -0.8319
vn 0.4410 0.4960 -0.7480
vn 0.8068 0.4621 -0.3682
vn -0.8713 -0.0628 -0.4867
vn -0.8371 -0.1565 -0.5241
vn -0.9887 0.0157 -0.1491
vn -0.5261 -0.7460 0.4083
vn -0.0000 -0.9969 0.0785
vn -0.9386 -0.3441 -0.0235
vn -0.2507 -0.0940 0.9635
vn -0.1961 -0.3451 0.9178
vn -0.0000 -0.3373 0.9414
vn -0.3858 0.0473 0.9214
vn 0.1018 -0.0000 0.9948
vn -0.0314 0.0628 0.9975
vn -0.2506 -0.0940 0.9635
vn -0.2430 -0.2038 0.9484
vn -0.3220 -0.2278 0.9189
vn -0.2899 0.0470 0.9559
vn -0.1022 -0.5187 -0.8488
vn 0.4968 -0.2839 -0.8201
vn 0.4225 -0.3833 -0.8213
vn 0.8713 -0.0628 -0.4867
vn 0.8634 -0.1334 -0.4866
vn 0.9856 0.0391 -0.1643
vn 0.2899 0.0470 0.9559
vn 0.3220 -0.2278 0.9189
vn 0.1962 -0.3451 0.9178
vn 0.2430 -0.2038 0.9484
vn 0.2440 0.1338 -0.9605
vn -0.0000 0.1173 -0.9931
vn -0.0000 0.2203 -0.9754
vn -0.0000 -0.9969 0.0784
vn -0.9248 -0.3214 -0.2038
vn -0.7331 -0.4809 -0.4809
vn -0.8263 -0.4722 -0.3070
vn -0.4172 -0.5275 -0.7401
vn 0.4224 -0.3833 -0.8213
vn -0.4311 -0.1724 -0.8857
vn 0.9572 -0.1883 -0.2197
vn 0.8264 -0.4722 -0.3069
vn 0.9372 -0.1496 0.3150
vn 0.9386 -0.3441 -0.0234
vn 0.5261 -0.7460 0.4083
vn -0.0000 -0.9701 0.2425
vn -0.5261 -0.7460 0.4084
vn 0.1962 -0.3452 0.9178
vn 0.3858 0.0472 0.9214
vn 0.0314 0.0628 0.9975
vn -0.1018 -0.0000 0.9948
vn -0.4319 -0.1099 0.8952
vn -0.6135 -0.0708 0.7865
vn -0.9372 -0.1496 0.3150
vn -0.9400 -0.0549 0.3368
vn -0.9572 -0.1883 -0.2196
vn 0.5644 0.0627 -0.8231
vn 0.2508 0.0862 -0.9642
vn -0.0000 0.1096 -0.9940
vn -0.2441 0.1338 -0.9605
vn 0.2122 0.2830 -0.9354
vn 0.2441 0.1339 -0.9605
vn 0.5644 0.2587 -0.7839
vn 0.7574 0.1341 -0.6391
vn 0.8593 0.2444 -0.4493
vn 0.9279 0.1573 -0.3381
vn -0.0001 0.4156 -0.9096
vn -0.2123 0.2830 -0.9353
vn -0.2509 0.4391 -0.8627
vn -0.5644 0.2587 -0.7839
vn -0.6663 0.4154 -0.6193
vn -0.8593 0.2444 -0.4493
vn -0.9476 0.2584 -0.1880
vn -0.9850 0.1261 -0.1182
vn -0.9279 0.1573 -0.3381
vn -0.8901 0.0787 -0.4490
vn -0.7574 0.1341 -0.6390
vn -0.5644 0.0627 -0.8231
vn -0.2508 0.0862 -0.9642
vn 0.4319 -0.1099 0.8952
vn -0.0314 0.0629 0.9975
vn -0.3859 0.0473 0.9213
vn -0.8585 0.0945 0.5040
vn -0.9086 0.0470 0.4151
vn -0.9931 0.0704 -0.0938
vn -0.9178 0.1255 -0.3766
vn -0.7023 -0.0474 -0.7103
vn -0.4968 -0.2839 -0.8201
vn -0.2123 -0.3067 -0.9278
vn 0.1021 -0.5187 -0.8488
vn 0.3858 -0.4094 -0.8267
vn 0.7331 -0.4809 -0.4809
vn 0.8402 -0.3062 -0.4476
vn 0.9248 -0.3213 -0.2038
vn 0.2507 -0.0940 0.9635
vn -0.0000 -0.9701 0.2426
vn 0.9372 -0.1496 0.3151
vn 0.6135 -0.0708 0.7865
vn 0.9400 -0.0548 0.3369
vn 0.6285 -0.0000 0.7778
vn -0.9248 -0.3213 -0.2038
vn -0.8402 -0.3062 -0.4476
vn -0.3858 -0.4094 -0.8267
vn 0.2123 -0.3067 -0.9278
vn 0.7023 -0.0474 -0.7103
vn 0.9179 0.1255 -0.3765
vn 0.9930 0.0709 -0.0946
vn 0.9280 0.0472 0.3696
vn 0.8585 0.0945 0.5040
vn 0.3859 0.0473 0.9213
vn 0.0314 0.0629 0.9975
vn 0.1961 -0.3451 0.9178
vn -0.8263 -0.4722 -0.3069
vn 0.9850 0.1261 -0.1182
vn 0.9476 0.2584 -0.1880
vn 0.6663 0.4154 -0.6193
vn 0.2510 0.4391 -0.8627
vn 0.2122 0.2830 -0.9353
vn -0.2122 0.2830 -0.9354
vn -0.7574 0.1341 -0.6391
vn 0.9187 -0.1178 0.3769
vn 0.9280 0.0472 0.3697
vn 0.4091 -0.1180 0.9048
vn 0.3859 0.0472 0.9213
vn -0.1410 -0.0705 0.9875
vn -0.6285 -0.0000 0.7778
vn 0.2748 0.1492 0.9499
vn 0.2517 0.1258 0.9596
vn 0.5514 0.1576 0.8193
vn 0.5345 0.1415 0.8332
vn 0.9217 0.1576 0.3545
vn 0.9849 0.1261 -0.1183
vn 0.8901 0.0787 -0.4490
vn -0.9372 -0.1497 0.3150
vn -0.8264 -0.4722 -0.3069
vn -0.9400 -0.0548 0.3368
vn -0.1019 -0.0000 0.9948
vn -0.4311 -0.1725 -0.8857
vn -0.9572 -0.1883 -0.2197
vn -0.4173 -0.5275 -0.7400
vn 0.7574 0.1341 -0.6390
vn 0.5645 0.0627 -0.8231
vn 0.2441 0.1338 -0.9605
vn 0.1410 -0.0705 0.9875
vn -0.3859 0.0472 0.9213
vn -0.4091 -0.1180 0.9048
vn -0.9085 0.0470 0.4151
vn -0.9223 -0.1103 0.3705
vn 0.6285 -0.0001 0.7778
vn 0.1019 -0.0000 0.9948
vn 0.9372 -0.1497 0.3150
vn 0.9400 -0.0548 0.3368
vn 0.9572 -0.1883 -0.2196
vn 0.8263 -0.4722 -0.3070
vn 0.4173 -0.5274 -0.7401
vn 0.4311 -0.1724 -0.8857
vn -0.8371 -0.1565 -0.5242
vn -0.4225 -0.3833 -0.8214
vn 0.1022 -0.5187 -0.8488
vn -0.4224 -0.3833 -0.8214
vn 0.4172 -0.5275 -0.7401
vn 0.9386 -0.3441 -0.0235
vn 0.9248 -0.3214 -0.2038
vn -0.0001 0.5565 -0.8309
vn 0.2599 0.4569 -0.8507
vn 0.2668 0.4866 -0.8319
vn 0.2590 0.6043 -0.7535
vn 0.4409 0.4960 -0.7480
vn -0.0000 0.0236 0.9997
vn 0.2506 -0.0940 0.9635
vn 0.0157 -0.0393 -0.9991
vn 0.8793 0.0707 -0.4711
vn -0.0236 0.1567 -0.9874
vn 0.0157 -0.0394 -0.9991
vn 0.5807 -0.1491 -0.8004
vn -0.0235 0.1567 -0.9874
vn -0.8404 0.0079 -0.5419
vn -0.3604 -0.1724 -0.9167
vn 0.9723 0.1803 0.1490
vn 0.9344 0.0864 0.3455
vn 0.4005 0.6361 0.6596
vn 0.2040 0.2041 0.9575
vn 0.4004 0.6360 0.6597
vn -0.7700 0.0471 -0.6363
vn -0.8401 0.0088 -0.5423
vn -0.9856 0.0938 -0.1408
vn -0.9806 -0.0000 0.1961
vn -0.6154 0.5208 0.5917
vn 0.9723 0.1803 0.1489
vn 0.8793 0.0707 -0.4710
vn 0.8453 0.0470 -0.5322
vn 0.4005 0.6360 0.6596
vn -0.6154 0.5207 0.5917
vn -0.6622 0.1104 0.7411
vn -0.9806 0.0001 0.1961
vn -0.8760 -0.0315 -0.4813
vn -0.8545 -0.0470 -0.5174
vn -0.9939 -0.0782 -0.0783
vn -0.8993 0.2761 -0.3392
vn -0.3523 0.2818 -0.8925
vn -0.3369 0.2977 -0.8932
vn 0.9218 -0.2364 0.3073
vn 0.9072 -0.1657 0.3866
vn 0.7784 -0.2359 0.5818
vn 0.4964 -0.2364 0.8353
vn 0.2285 -0.1970 0.9534
vn -0.4874 -0.2044 0.8490
vn -0.4085 -0.2435 0.8797
vn -0.9096 -0.2195 0.3528
vn -0.8545 -0.0471 -0.5174
vn -0.8759 -0.0316 -0.4814
vn -0.3854 -0.0708 -0.9200
vn -0.5101 -0.3689 0.7770
vn -0.8353 -0.2364 0.4965
vn -0.9880 -0.1333 0.0784
vn -0.4479 -0.2279 0.8645
vn 0.4781 -0.2038 0.8543
vn 0.2205 -0.3622 0.9056
vn -0.3523 0.2818 -0.8924
vn -0.8609 0.3052 -0.4070
vn -0.8594 0.1735 0.4809
vn -0.9048 0.1181 0.4091
vn 0.2590 -0.0392 -0.9651
vn 0.9034 -0.0629 -0.4242
vn 0.8424 -0.2283 -0.4881
vn -0.3137 0.0235 -0.9492
vn 0.2589 -0.0392 -0.9651
vn 0.2757 0.0315 -0.9607
vn 0.8788 -0.0784 -0.4708
vn 0.9332 -0.2117 0.2902
vn 0.4782 -0.2038 0.8543
vn 0.2204 -0.3622 0.9056
vn 0.9379 0.0079 -0.3468
vn 0.3468 -0.0157 -0.9378
vn -0.3134 -0.0548 -0.9480
vn -0.3138 0.0235 -0.9492
vn -0.8541 -0.0549 -0.5172
vn 0.9658 -0.0078 0.2591
vn 0.9379 0.0079 -0.3467
vn 0.9073 -0.1657 0.3866
vn 0.9218 -0.2363 0.3072
vn 0.9333 -0.2117 0.2901
vn 0.8788 -0.0785 -0.4708
vn 0.4328 0.2518 -0.8656
vn 0.3055 0.2273 -0.9247
vn -0.3852 0.2201 -0.8962
vn -0.8609 0.3052 -0.4069
vn -0.9030 0.1336 -0.4083
vn -0.9048 0.1180 0.4091
vn -0.8973 -0.0236 0.4408
vn -0.8973 -0.0236 0.4407
vn -0.9030 0.1335 -0.4083
vn 0.2768 0.0328 -0.9604
vn 0.3056 0.2272 -0.9246
vn 0.9437 0.1022 -0.3146
vn -0.8545 -0.0470 -0.5173
vn -0.9939 -0.0783 -0.0783
vn -0.9223 -0.1104 0.3705
vn 0.2284 -0.1970 0.9534
vn 0.1411 -0.0706 0.9875
vn 0.6520 -0.1335 0.7463
vn -0.3853 -0.0708 -0.9201
vn -0.8544 -0.0470 -0.5174
vn -0.4480 -0.2279 0.8645
vn 0.2205 -0.3623 0.9056
vn 0.6521 -0.1336 0.7463
vn 0.9658 -0.0078 0.2592
vn -0.3536 0.0236 0.9351
vn 0.2902 -0.1726 0.9413
vn 0.8892 -0.2046 0.4092
vn 0.8716 -0.2591 0.4162
vn 0.9776 -0.0473 -0.2050
vn 0.8793 0.0706 -0.4710
vn 0.9776 -0.0473 -0.2049
vn -0.4314 0.0078 -0.9021
vn 0.3537 -0.0000 -0.9354
vn 0.3537 -0.0000 -0.9353
vn 0.9125 0.0079 -0.4091
vn 0.9333 -0.2117 0.2902
vn 0.9437 0.1022 -0.3145
vn -0.9048 0.1180 0.4092
vn -0.8594 0.1735 0.4810
vn -0.3371 0.0392 0.9407
vn 0.4229 -0.1018 0.9005
vn 0.3860 -0.0394 0.9216
vn 0.9327 -0.0078 0.3605
vn -0.8404 0.0078 -0.5419
vn -0.8977 -0.1811 -0.4016
vn -0.9455 -0.1733 0.2758
vn -0.6623 0.1103 0.7411
vn -0.4701 -0.0940 0.8776
vn 0.2041 0.2040 0.9575
vn 0.3695 -0.0550 0.9276
vn 0.9210 -0.0944 0.3779
vn 0.9369 -0.2047 -0.2834
vn -0.4315 0.0079 -0.9021
vn -0.9351 0.0236 -0.3536
vn -0.9288 0.0236 0.3699
vn -0.3929 0.0079 0.9195
vn -0.3930 0.0079 0.9195
vn 0.4409 -0.0000 0.8975
vn 0.4409 -0.0000 0.8976
vn 0.9591 -0.0000 0.2830
vn 0.9125 0.0079 -0.4090
vn 0.3998 -0.1646 0.9017
vn -0.3781 -0.1496 0.9136
vn -0.3143 -0.1650 0.9349
vn -0.9071 -0.0947 0.4102
vn -0.8722 -0.1964 0.4479
vn -0.9149 -0.0867 -0.3943
vn -0.9158 -0.2192 -0.3366
vn -0.4009 -0.1493 -0.9039
vn -0.4308 -0.2115 -0.8773
vn 0.3852 -0.2201 -0.8962
vn 0.3225 -0.2517 -0.9125
vn 0.9054 -0.2756 -0.3229
vn 0.9369 -0.2047 -0.2835
vn 0.9055 -0.2756 -0.3228
vn -0.5807 -0.1491 -0.8004
vn -0.0157 -0.0393 -0.9991
vn -0.8793 0.0707 -0.4711
vn 0.0236 0.1567 -0.9874
vn 0.3604 -0.1723 -0.9167
vn 0.8404 0.0079 -0.5419
vn 0.0235 0.1567 -0.9874
vn 0.9856 0.0939 -0.1408
vn 0.9806 -0.0000 0.1961
vn 0.6154 0.5208 0.5917
vn 0.9856 0.0938 -0.1408
vn 0.7700 0.0471 -0.6363
vn 0.9806 0.0001 0.1961
vn 0.6623 0.1104 0.7411
vn 0.6154 0.5207 0.5917
vn -0.2041 0.2041 0.9574
vn -0.4005 0.6360 0.6596
vn -0.9344 0.0864 0.3455
vn -0.4004 0.6360 0.6597
vn -0.9345 0.0864 0.3455
vn -0.9723 0.1803 0.1490
vn -0.8793 0.0707 -0.4710
vn -0.8453 0.0470 -0.5322
vn 0.4874 -0.2044 0.8490
vn 0.4085 -0.2435 0.8797
vn 0.9096 -0.2196 0.3528
vn -0.7784 -0.2359 0.5818
vn -0.2205 -0.3623 0.9056
vn -0.4964 -0.2364 0.8353
vn -0.9072 -0.1657 0.3866
vn -0.6521 -0.1336 0.7463
vn -0.9658 -0.0079 0.2591
vn -0.9218 -0.2364 0.3073
vn -0.2285 -0.1970 0.9534
vn 0.3854 -0.0708 -0.9200
vn 0.8673 -0.0315 -0.4968
vn 0.8545 -0.0470 -0.5173
vn 0.9918 -0.0944 -0.0866
vn 0.9880 -0.1333 0.0784
vn 0.8353 -0.2364 0.4965
vn 0.5101 -0.3689 0.7770
vn -0.4781 -0.2038 0.8543
vn 0.4480 -0.2279 0.8645
vn 0.8594 0.1735 0.4810
vn 0.8993 0.2761 -0.3392
vn 0.9048 0.1180 0.4091
vn -0.4782 -0.2038 0.8543
vn -0.9332 -0.2117 0.2902
vn -0.8788 -0.0784 -0.4708
vn -0.9333 -0.2117 0.2901
vn -0.8424 -0.2283 -0.4881
vn -0.9218 -0.2364 0.3072
vn -0.9034 -0.0628 -0.4242
vn -0.9073 -0.1657 0.3865
vn -0.9379 0.0079 -0.3467
vn -0.3468 -0.0157 -0.9378
vn 0.3132 -0.0547 -0.9481
vn -0.2589 -0.0392 -0.9651
vn 0.3138 0.0235 -0.9492
vn -0.2756 0.0315 -0.9607
vn 0.3852 0.2201 -0.8962
vn -0.3056 0.2272 -0.9246
vn 0.3523 0.2818 -0.8924
vn -0.4328 0.2518 -0.8656
vn 0.8541 -0.0548 -0.5172
vn 0.8973 -0.0236 0.4408
vn 0.9030 0.1335 -0.4083
vn 0.8609 0.3052 -0.4070
vn 0.8993 0.2761 -0.3393
vn 0.3369 0.2977 -0.8932
vn 0.8541 -0.0549 -0.5172
vn 0.9030 0.1335 -0.4084
vn -0.9437 0.1023 -0.3146
vn -0.8787 -0.0785 -0.4708
vn -0.9379 0.0079 -0.3468
vn -0.6520 -0.1336 0.7463
vn -0.1411 -0.0706 0.9875
vn -0.2284 -0.1970 0.9534
vn 0.9918 -0.0945 -0.0866
vn 0.8544 -0.0470 -0.5174
vn 0.3853 -0.0708 -0.9201
vn -0.9327 -0.0078 0.3605
vn -0.9333 -0.2117 0.2902
vn -0.8788 -0.0785 -0.4708
vn -0.8793 0.0706 -0.4710
vn -0.9776 -0.0473 -0.2050
vn -0.9776 -0.0473 -0.2049
vn 0.4314 0.0078 -0.9021
vn -0.3537 -0.0000 -0.9354
vn -0.9125 0.0078 -0.4091
vn -0.9125 0.0079 -0.4091
vn -0.9437 0.1022 -0.3146
vn 0.8594 0.1734 0.4810
vn 0.3536 0.0236 0.9351
vn -0.4228 -0.1018 0.9005
vn -0.3860 -0.0394 0.9217
vn 0.3370 0.0392 0.9407
vn -0.9369 -0.2047 -0.2834
vn -0.9210 -0.0944 0.3779
vn -0.3695 -0.0550 0.9276
vn -0.2041 0.2040 0.9575
vn 0.4701 -0.0940 0.8776
vn 0.6623 0.1103 0.7411
vn 0.9455 -0.1733 0.2758
vn 0.8977 -0.1811 -0.4016
vn 0.8404 0.0078 -0.5419
vn 0.3604 -0.1724 -0.9167
vn 0.4315 0.0079 -0.9021
vn 0.9351 0.0236 -0.3536
vn 0.9288 0.0236 0.3699
vn 0.3930 0.0079 0.9195
vn 0.3929 0.0079 0.9195
vn -0.4409 -0.0000 0.8976
vn -0.9591 -0.0000 0.2830
vn -0.9125 0.0079 -0.4090
vn -0.9055 -0.2756 -0.3228
vn -0.8892 -0.2046 0.4092
vn -0.8716 -0.2591 0.4162
vn -0.3998 -0.1647 0.9017
vn -0.2902 -0.1726 0.9413
vn 0.3143 -0.1650 0.9349
vn 0.3781 -0.1496 0.9136
vn 0.8723 -0.1964 0.4479
vn 0.9071 -0.0946 0.4102
vn 0.9158 -0.2191 -0.3366
vn 0.9148 -0.0868 -0.3944
vn 0.4308 -0.2115 -0.8773
vn 0.4009 -0.1493 -0.9039
vn -0.3226 -0.2517 -0.9125
vn -0.3851 -0.2201 -0.8962
vn -0.9369 -0.2047 -0.2835
vn -0.9054 -0.2756 -0.3228
vn -0.9437 0.2988 0.1416
vn -0.9856 0.0939 -0.1408
vn -0.6454 -0.7635 -0.0236
vn -0.6709 -0.7262 -0.1500
vn -0.0629 0.0236 -0.9977
vn -0.0000 -0.4877 -0.8730
vn -0.6078 -0.6315 -0.4814
vn 0.6823 -0.5960 -0.4235
vn 0.8453 0.0469 -0.5322
vn 0.9939 -0.0783 0.0782
vn 0.3227 0.6533 0.6849
vn 0.3700 0.8740 0.3149
vn -0.5642 0.5877 0.5799
vn -0.3527 0.8699 0.3448
vn -0.0001 -0.4876 -0.8731
vn -0.6078 -0.6314 -0.4815
vn 0.4004 -0.8951 0.1963
vn 0.3616 -0.3066 0.8805
vn -0.6668 -0.5962 0.4472
vn 0.5237 -0.8519 0.0078
vn -0.4250 -0.9052 -0.0000
vn 0.5236 -0.8519 0.0078
vn 0.9773 0.1577 0.1419
vn 0.6111 -0.7914 0.0156
vn -0.7699 0.0471 -0.6364
vn 0.6112 -0.7914 0.0157
vn -0.6455 -0.7634 -0.0236
vn -0.6710 -0.7262 -0.1499
vn -0.6668 -0.5962 0.4471
vn 0.6078 -0.6314 -0.4815
vn -0.6823 -0.5960 -0.4234
vn -0.0000 -0.4876 -0.8730
vn 0.9437 0.2988 0.1416
vn 0.4250 -0.9052 -0.0000
vn 0.6454 -0.7635 -0.0236
vn 0.6078 -0.6315 -0.4815
vn -0.0001 -0.4877 -0.8730
vn 0.0629 0.0236 -0.9977
vn -0.9939 -0.0783 0.0782
vn -0.8453 0.0469 -0.5322
vn -0.6823 -0.5960 -0.4235
vn 0.3527 0.8699 0.3448
vn 0.5642 0.5877 0.5799
vn -0.3700 0.8740 0.3149
vn -0.3227 0.6533 0.6849
vn -0.3617 -0.3066 0.8804
vn -0.5237 -0.8519 0.0078
vn 0.6668 -0.5962 0.4471
vn -0.4004 -0.8951 0.1963
vn -0.6111 -0.7914 0.0157
vn -0.9773 0.1577 0.1419
vn -0.5236 -0.8519 0.0078
vn -0.3616 -0.3066 0.8805
vn -0.4005 0.6361 0.6596
vn 0.7699 0.0471 -0.6364
vn 0.6709 -0.7262 -0.1500
vn 0.6710 -0.7262 -0.1500
vn 0.6455 -0.7634 -0.0236
vn -0.6112 -0.7914 0.0156
vn -0.9887 0.0157 -0.1490
vn 0.6521 -0.1335 0.7463
vn 0.4311 -0.1725 -0.8857
vn 0.9945 -0.0235 -0.1018
vn 0.9188 -0.1177 0.3769
vn 0.8673 -0.0316 -0.4967
vn 0.8673 -0.0316 -0.4968
vn 0.4225 -0.3833 -0.8214
vn -0.6521 -0.1335 0.7463
vn -0.9658 -0.0078 0.2592
vt 0.578156 0.415344
vt 0.852875 0.423004
vt 0.852875 0.320953
vt 0.878876 0.499084
vt 0.988129 0.549042
vt 0.985199 0.491425
vt 0.815491 0.661224
vt 0.578156 0.525543
vt 0.578156 0.596802
vt 0.853577 0.642792
vt 0.853577 0.571228
vt 0.878876 0.586487
vt 0.988129 0.593689
vt 0.988342 0.635651
vt 0.903442 0.012207
vt 0.903015 0.139069
vt 0.951508 0.132843
vt 0.923676 0.217194
vt 0.578156 0.728668
vt 0.823761 0.745300
vt 0.853577 0.761688
vt 0.988129 0.082703
vt 0.988129 0.038818
vt 0.988129 0.012207
vt 0.817963 0.565277
vt 0.830322 0.490173
vt 0.853577 0.495758
vt 0.578156 0.469696
vt 0.988129 0.300964
vt 0.878876 0.317047
vt 0.988129 0.418976
vt 0.878876 0.420563
vt 0.878876 0.669495
vt 0.988129 0.761688
vt 0.578156 0.331421
vt 0.988129 0.215454
vt 0.988129 0.130463
vt 0.878876 0.761688
vt 0.829926 0.211121
vt 0.829926 0.095978
vt 0.829926 0.012207
vt 0.230316 0.053497
vt 0.230316 0.061432
vt 0.277466 0.054199
vt 0.524994 0.044952
vt 0.560364 0.047272
vt 0.560364 0.051910
vt 0.507324 0.012604
vt 0.495514 0.038025
vt 0.560364 0.035736
vt 0.359955 0.054199
vt 0.418915 0.054199
vt 0.404175 0.025330
vt 0.474915 0.011444
vt 0.424805 0.010284
vt 0.377655 0.012604
vt 0.088867 0.051758
vt 0.189056 0.054382
vt 0.189056 0.069275
vt 0.724274 0.088989
vt 0.724274 0.012207
vt 0.771393 0.012207
vt 0.012238 0.049591
vt 0.012238 0.040344
vt 0.024017 0.049591
vt 0.047607 0.049591
vt 0.024017 0.056519
vt 0.088867 0.068237
vt 0.088867 0.081940
vt 0.560364 0.081940
vt 0.560364 0.058838
vt 0.524994 0.058838
vt 0.560364 0.040344
vt 0.483734 0.044952
vt 0.483734 0.058838
vt 0.519104 0.081940
vt 0.578156 0.166016
vt 0.578156 0.088989
vt 0.578156 0.012207
vt 0.771393 0.087250
vt 0.771393 0.196503
vt 0.724274 0.192413
vt 0.792999 0.233765
vt 0.757080 0.253510
vt 0.578156 0.253510
vt 0.312805 0.007996
vt 0.318726 0.051910
vt 0.277466 0.007996
vt 0.224396 0.024170
vt 0.183167 0.031097
vt 0.118317 0.035736
vt 0.053497 0.035736
vt 0.012238 0.028778
vt 0.466064 0.081940
vt 0.171356 0.029938
vt 0.272247 0.169586
vt 0.277344 0.102142
vt 0.211975 0.170776
vt 0.222656 0.102142
vt 0.143982 0.170776
vt 0.160156 0.102142
vt 0.113281 0.102142
vt 0.012238 0.081940
vt 0.560364 0.012604
vt 0.486725 0.886536
vt 0.556519 0.896240
vt 0.486725 0.902100
vt 0.511719 0.764282
vt 0.401459 0.900726
vt 0.449219 0.779816
vt 0.873383 0.860474
vt 0.868988 0.883728
vt 0.851501 0.883728
vt 0.187012 0.874542
vt 0.187012 0.900726
vt 0.106903 0.893005
vt 0.907867 0.907745
vt 0.931030 0.958008
vt 0.890778 0.923492
vt 0.890778 0.975220
vt 0.868988 0.923492
vt 0.851501 0.923492
vt 0.890778 0.883728
vt 0.931030 0.867981
vt 0.240479 0.900726
vt 0.240479 0.874542
vt 0.327332 0.900726
vt 0.378906 0.102142
vt 0.381042 0.165527
vt 0.326935 0.166290
vt 0.364014 0.478638
vt 0.420532 0.457031
vt 0.421112 0.478638
vt 0.082031 0.402344
vt 0.070312 0.247070
vt 0.117188 0.406250
vt 0.132812 0.359375
vt 0.150391 0.247070
vt 0.211487 0.247833
vt 0.203125 0.359375
vt 0.264374 0.253937
vt 0.439209 0.102142
vt 0.193268 0.423187
vt 0.218750 0.406250
vt 0.313324 0.260651
vt 0.192932 0.454498
vt 0.141815 0.461731
vt 0.146942 0.430450
vt 0.363892 0.463593
vt 0.289673 0.478638
vt 0.289642 0.467621
vt 0.487854 0.279175
vt 0.550354 0.257477
vt 0.550354 0.403442
vt 0.433044 0.281372
vt 0.490295 0.412567
vt 0.550354 0.465942
vt 0.106049 0.463715
vt 0.550354 0.151550
vt 0.496094 0.164948
vt 0.439209 0.163635
vt 0.377960 0.270935
vt 0.011444 0.102142
vt 0.058594 0.156281
vt 0.011444 0.150452
vt 0.011444 0.256378
vt 0.011444 0.402344
vt 0.012054 0.455902
vt 0.492218 0.478638
vt 0.491638 0.458038
vt 0.416107 0.412567
vt 0.363892 0.415436
vt 0.289062 0.429688
vt 0.550476 0.478821
vt 0.099609 0.161255
vt 0.550354 0.103241
vt 0.496094 0.102142
vt 0.188080 0.468384
vt 0.179840 0.656250
vt 0.104736 0.736603
vt 0.105774 0.667633
vt 0.556519 0.776184
vt 0.013702 0.896240
vt 0.011444 0.776184
vt 0.448242 0.493927
vt 0.504669 0.493927
vt 0.507294 0.635040
vt 0.550354 0.495026
vt 0.550354 0.636139
vt 0.012054 0.478638
vt 0.195343 0.478638
vt 0.149017 0.467957
vt 0.149963 0.478638
vt 0.107269 0.478638
vt 0.395325 0.813965
vt 0.320496 0.827332
vt 0.240509 0.803101
vt 0.185394 0.791840
vt 0.105865 0.787537
vt 0.011047 0.733490
vt 0.447784 0.635040
vt 0.385834 0.635040
vt 0.385864 0.493927
vt 0.322205 0.635040
vt 0.322205 0.493927
vt 0.257355 0.635040
vt 0.253021 0.493927
vt 0.174316 0.635040
vt 0.169983 0.493927
vt 0.090057 0.635040
vt 0.091003 0.493927
vt 0.011444 0.635040
vt 0.011444 0.493927
vt 0.186218 0.709503
vt 0.230499 0.654816
vt 0.236877 0.692566
vt 0.300201 0.657928
vt 0.300201 0.691864
vt 0.385834 0.645416
vt 0.363281 0.675262
vt 0.426483 0.658630
vt 0.425781 0.681702
vt 0.507843 0.669800
vt 0.511719 0.694702
vt 0.556519 0.678009
vt 0.556519 0.733490
vt 0.011444 0.678009
vt 0.828522 0.975616
vt 0.871735 0.988251
vt 0.890778 0.987915
vt 0.942871 0.907745
vt 0.987457 0.987640
vt 0.965179 0.988251
vt 0.987457 0.827484
vt 0.965179 0.829163
vt 0.890778 0.839752
vt 0.753387 0.845520
vt 0.822144 0.881836
vt 0.760925 0.968781
vt 0.823364 0.930542
vt 0.724976 0.789307
vt 0.763458 0.767822
vt 0.732788 0.818390
vt 0.799622 0.767853
vt 0.587677 0.774414
vt 0.700653 0.774536
vt 0.578156 0.893127
vt 0.710175 0.892883
vt 0.723450 0.828278
vt 0.803925 0.829651
vt 0.803925 0.841064
vt 0.854645 0.829651
vt 0.925293 0.829651
vt 0.940216 0.768555
vt 0.940216 0.817719
vt 0.848206 0.767517
vt 0.882874 0.818390
vt 0.848694 0.817078
vt 0.732727 0.976685
vt 0.835785 0.988251
vt 0.066406 0.102142
vt 0.236206 0.081940
vt 0.200836 0.081940
vt 0.283356 0.081940
vt 0.339844 0.102142
s 1
usemtl m_body0132
f 1333/455/1002 1334/456/1003 1335/457/1004
f 1336/458/1005 1337/459/1006 1338/460/1007
f 1339/461/1008 1340/462/1009 1341/463/1010
f 1342/464/1011 1343/465/1012 1344/461/1013
f 1345/465/1014 1346/458/1015 1347/466/1016
f 1347/466/1016 1346/458/1015 1348/467/1017
f 1347/466/1016 1348/467/1017 1349/468/1018
f 1350/469/1019 1351/470/1020 1352/471/1021
f 1352/471/1021 1351/470/1020 1353/472/1022
f 1354/463/1023 1355/473/1024 1356/461/1025
f 1356/461/1025 1355/473/1024 1357/474/1026
f 1356/461/1025 1357/474/1026 1358/464/1011
f 1358/464/1011 1357/474/1026 1359/475/1027
f 1360/471/1021 1361/476/1028 1362/469/1029
f 1362/469/1029 1361/476/1028 1363/477/1030
f 1362/469/1029 1363/477/1030 1364/478/1031
f 1365/462/1032 1366/479/1033 1367/480/1034
f 1367/480/1034 1366/479/1033 1368/481/1035
f 1367/480/1034 1368/481/1035 1369/456/1036
f 1370/456/1003 1371/455/1037 1372/480/1038
f 1372/480/1038 1371/455/1037 1373/482/1039
f 1372/480/1038 1373/482/1039 1374/462/1032
f 1375/472/1040 1376/483/1041 1377/484/1042
f 1377/484/1042 1376/483/1041 1378/485/1043
f 1377/484/1042 1378/485/1043 1379/486/1044
f 1379/486/1044 1378/485/1043 1380/460/1045
f 1379/486/1044 1380/460/1045 1346/458/1015
f 1346/458/1015 1380/460/1045 1381/459/1046
f 1346/458/1015 1381/459/1046 1348/467/1017
f 1382/461/1047 1345/465/1014 1383/464/1048
f 1383/464/1048 1345/465/1014 1347/466/1016
f 1383/464/1048 1347/466/1016 1384/487/1049
f 1384/487/1049 1347/466/1016 1349/468/1018
f 1384/487/1049 1349/468/1018 1385/488/1050
f 1386/489/1051 1387/457/1052 1388/455/1053
f 1388/455/1053 1387/457/1052 1389/456/1054
f 1388/455/1053 1389/456/1054 1390/480/1055
f 1390/480/1055 1389/456/1054 1391/481/1056
f 1390/480/1055 1391/481/1056 1392/479/1057
f 1393/458/1005 1338/460/1058 1394/486/1059
f 1394/486/1059 1338/460/1058 1395/485/1060
f 1394/486/1059 1395/485/1060 1396/484/1061
f 1396/484/1061 1395/485/1060 1397/483/1062
f 1396/484/1061 1397/483/1062 1353/472/1063
f 1353/472/1063 1397/483/1062 1398/490/1064
f 1353/472/1063 1398/490/1064 1399/471/1021
f 1399/471/1021 1398/490/1064 1400/491/1065
f 1399/471/1021 1400/491/1065 1401/476/1066
f 1402/458/1067 1403/465/1068 1404/466/1069
f 1404/466/1069 1403/465/1068 1405/464/1011
f 1404/466/1069 1405/464/1011 1406/487/1070
f 1406/487/1070 1405/464/1011 1407/475/1071
f 1406/487/1070 1407/475/1071 1408/492/1072
f 1409/463/1073 1410/462/1074 1411/461/1075
f 1411/461/1075 1410/462/1074 1392/479/1057
f 1411/461/1075 1392/479/1057 1412/465/1076
f 1412/465/1076 1392/479/1057 1391/481/1056
f 1412/465/1076 1391/481/1056 1413/458/1077
f 1413/458/1077 1391/481/1056 1414/456/1078
f 1413/458/1077 1414/456/1078 1415/486/1079
f 1415/486/1079 1414/456/1078 1416/457/1080
f 1415/486/1079 1416/457/1080 1417/484/1042
f 1417/484/1042 1416/457/1080 1418/493/1081
f 1417/484/1042 1418/493/1081 1419/472/1040
f 1419/472/1040 1418/493/1081 1420/494/1082
f 1419/472/1040 1420/494/1082 1421/470/1083
f 1421/470/1083 1420/494/1082 1422/495/1084
f 1337/459/1006 1336/458/1005 1423/467/1085
f 1423/467/1085 1336/458/1005 1424/466/1069
f 1423/467/1085 1424/466/1069 1425/468/1086
f 1425/468/1086 1424/466/1069 1406/487/1070
f 1425/468/1086 1406/487/1070 1385/488/1087
f 1385/488/1087 1406/487/1070 1408/492/1072
f 1385/488/1087 1408/492/1072 1426/487/1049
f 1426/487/1049 1408/492/1072 1407/475/1071
f 1426/487/1049 1407/475/1071 1427/464/1048
f 1427/464/1048 1407/475/1071 1428/474/1026
f 1427/464/1048 1428/474/1026 1429/461/1088
f 1429/461/1088 1428/474/1026 1430/473/1024
f 1429/461/1088 1430/473/1024 1431/463/1089
f 1432/462/1032 1433/461/1008 1434/479/1090
f 1434/479/1090 1433/461/1008 1435/465/1068
f 1434/479/1090 1435/465/1068 1368/481/1035
f 1368/481/1035 1435/465/1068 1436/458/1005
f 1368/481/1035 1436/458/1005 1369/456/1036
f 1369/456/1036 1436/458/1005 1437/486/1091
f 1369/456/1036 1437/486/1091 1438/457/1092
f 1438/457/1092 1437/486/1091 1439/484/1061
f 1438/457/1092 1439/484/1061 1440/493/1093
f 1440/493/1093 1439/484/1061 1441/472/1063
f 1440/493/1093 1441/472/1063 1442/494/1094
f 1442/494/1094 1441/472/1063 1443/470/1020
f 1442/494/1094 1443/470/1020 1444/495/1095
f 1444/495/1095 1443/470/1020 1445/469/1029
f 1444/495/1095 1445/469/1029 1446/470/1096
f 1446/470/1096 1445/469/1029 1447/471/1097
f 1446/470/1096 1447/471/1097 1448/472/1040
f 1448/472/1040 1447/471/1097 1449/490/1098
f 1448/472/1040 1449/490/1098 1450/483/1099
f 1451/496/1100 1452/497/1101 1453/498/1102
f 1454/499/1103 1455/500/1104 1456/501/1105
f 1457/502/1106 1458/503/1107 1459/504/1108
f 1460/505/1109 1461/506/1110 1462/507/1111
f 1463/502/1112 1464/508/1113 1465/503/1107
f 1465/503/1107 1464/508/1113 1466/509/1114
f 1465/503/1107 1466/509/1114 1467/510/1115
f 1468/511/1116 1469/512/1117 1470/513/1118
f 1470/513/1118 1469/512/1117 1471/496/1119
f 1470/513/1118 1471/496/1119 1472/497/1120
f 1472/497/1120 1471/496/1119 1473/498/1121
f 1474/510/1122 1475/509/1123 1476/503/1124
f 1476/503/1124 1475/509/1123 1477/508/1125
f 1478/514/1126 1479/515/1127 1480/516/1128
f 1481/517/1129 1482/518/1130 1483/519/1105
f 1483/519/1105 1482/518/1130 1484/520/1131
f 1483/519/1105 1484/520/1131 1485/521/1132
f 1485/521/1132 1484/520/1131 1486/511/1116
f 1485/521/1132 1486/511/1116 1487/522/1133
f 1487/522/1133 1486/511/1116 1488/513/1134
f 1487/522/1133 1488/513/1134 1489/523/1135
f 1490/524/1136 1491/525/1137 1492/526/1138
f 1492/526/1138 1491/525/1137 1493/501/1139
f 1492/526/1138 1493/501/1139 1494/499/1140
f 1494/499/1140 1493/501/1139 1495/500/1104
f 1494/499/1140 1495/500/1104 1496/527/1141
f 1496/527/1141 1495/500/1104 1497/499/1142
f 1496/527/1141 1497/499/1142 1498/503/1143
f 1499/505/1144 1500/507/1145 1501/506/1146
f 1501/506/1146 1500/507/1145 1502/528/1147
f 1501/506/1146 1502/528/1147 1503/529/1148
f 1503/529/1148 1502/528/1147 1504/526/1149
f 1503/529/1148 1504/526/1149 1505/530/1150
f 1505/530/1150 1504/526/1149 1506/524/1151
f 1507/531/1152 1508/532/1153 1509/514/1126
f 1509/514/1126 1508/532/1153 1510/533/1154
f 1509/514/1126 1510/533/1154 1479/515/1127
f 1479/515/1127 1510/533/1154 1511/514/1155
f 1479/515/1127 1511/514/1155 1480/516/1128
f 1512/516/1128 1513/534/1156 1478/514/1157
f 1478/514/1157 1513/534/1156 1514/535/1158
f 1478/514/1157 1514/535/1158 1515/536/1159
f 1515/536/1159 1514/535/1158 1516/537/1160
f 1515/536/1159 1516/537/1160 1517/538/1161
f 1518/495/1162 1519/534/1163 1520/494/1164
f 1520/494/1164 1519/534/1163 1521/535/1165
f 1520/494/1164 1521/535/1165 1522/493/1166
f 1522/493/1166 1521/535/1165 1523/537/1167
f 1522/493/1166 1523/537/1167 1524/457/1168
f 1525/489/1169 1526/538/1170 1527/539/1171
f 1527/539/1171 1526/538/1170 1528/536/1172
f 1527/539/1171 1528/536/1172 1529/531/1173
f 1529/531/1173 1528/536/1172 1530/514/1155
f 1529/531/1173 1530/514/1155 1531/532/1174
f 1531/532/1174 1530/514/1155 1532/533/1154
f 1533/528/1175 1534/503/1107 1462/507/1176
f 1462/507/1176 1534/503/1107 1467/510/1115
f 1462/507/1176 1467/510/1115 1535/505/1177
f 1535/505/1177 1467/510/1115 1536/540/1178
f 1535/505/1177 1536/540/1178 1537/541/1179
f 1537/541/1179 1536/540/1178 1538/542/1180
f 1537/541/1179 1538/542/1180 1453/498/1102
f 1453/498/1102 1538/542/1180 1539/543/1181
f 1453/498/1102 1539/543/1181 1540/496/1100
f 1540/496/1100 1539/543/1181 1541/544/1182
f 1540/496/1100 1541/544/1182 1542/512/1183
f 1542/512/1183 1541/544/1182 1543/545/1184
f 1542/512/1183 1543/545/1184 1544/511/1185
f 1544/511/1185 1543/545/1184 1545/546/1186
f 1544/511/1185 1545/546/1186 1546/520/1187
f 1546/520/1187 1545/546/1186 1547/547/1188
f 1546/520/1187 1547/547/1188 1548/518/1189
f 1477/508/1125 1549/502/1190 1550/503/1143
f 1550/503/1143 1549/502/1190 1551/504/1108
f 1550/503/1143 1551/504/1108 1552/527/1191
f 1552/527/1191 1551/504/1108 1553/503/1107
f 1552/527/1191 1553/503/1107 1554/499/1140
f 1554/499/1140 1553/503/1107 1555/528/1175
f 1554/499/1140 1555/528/1175 1556/526/1192
f 1556/526/1192 1555/528/1175 1557/529/1193
f 1556/526/1192 1557/529/1193 1558/530/1194
f 1558/530/1194 1557/529/1193 1559/548/1195
f 1560/518/1196 1561/547/1197 1562/520/1131
f 1562/520/1131 1561/547/1197 1563/546/1198
f 1562/520/1131 1563/546/1198 1564/511/1116
f 1564/511/1116 1563/546/1198 1565/545/1199
f 1564/511/1116 1565/545/1199 1566/512/1117
f 1566/512/1117 1565/545/1199 1567/549/1200
f 1566/512/1117 1567/549/1200 1568/496/1119
f 1568/496/1119 1567/549/1200 1569/543/1201
f 1568/496/1119 1569/543/1201 1473/498/1121
f 1473/498/1121 1569/543/1201 1570/542/1202
f 1473/498/1121 1570/542/1202 1571/541/1203
f 1571/541/1203 1570/542/1202 1572/540/1204
f 1571/541/1203 1572/540/1204 1573/505/1205
f 1573/505/1205 1572/540/1204 1574/510/1122
f 1573/505/1205 1574/510/1122 1575/507/1206
f 1575/507/1206 1574/510/1122 1476/503/1207
f 1575/507/1206 1476/503/1207 1576/528/1147
f 1576/528/1147 1476/503/1207 1577/499/1103
f 1576/528/1147 1577/499/1103 1578/526/1149
f 1578/526/1149 1577/499/1103 1456/501/1105
f 1578/526/1149 1456/501/1105 1579/525/1208
f 1580/489/1209 1517/538/1161 1581/457/1210
f 1581/457/1210 1517/538/1161 1516/537/1160
f 1581/457/1210 1516/537/1160 1582/493/1211
f 1582/493/1211 1516/537/1160 1583/535/1158
f 1582/493/1211 1583/535/1158 1584/494/1212
f 1584/494/1212 1583/535/1158 1585/534/1213
f 1584/494/1212 1585/534/1213 1586/495/1095
f 1586/495/1095 1585/534/1213 1480/516/1128
f 1586/495/1095 1480/516/1128 1587/534/1214
f 1587/534/1214 1480/516/1128 1511/514/1155
f 1587/534/1214 1511/514/1155 1588/535/1165
f 1588/535/1165 1511/514/1155 1589/536/1215
f 1588/535/1165 1589/536/1215 1523/537/1167
f 1523/537/1167 1589/536/1215 1590/538/1170
f 1523/537/1167 1590/538/1170 1524/457/1168
f 1524/457/1168 1590/538/1170 1591/489/1169
f 1524/457/1168 1591/489/1169 1592/455/1002
f 1593/550/1216 1594/551/1217 1595/552/1218
f 1595/552/1218 1594/551/1217 1596/553/1219
f 1595/552/1218 1596/553/1219 1597/554/1220
f 1597/554/1220 1596/553/1219 1598/555/1146
f 1597/554/1220 1598/555/1146 1599/556/1221
f 1600/479/1222 1601/462/1223 1602/480/1224
f 1602/480/1224 1601/462/1223 1603/482/1225
f 1602/480/1224 1603/482/1225 1604/455/1226
f 1605/538/1161 1606/489/1227 1607/539/1228
f 1608/524/1151 1609/526/1229 1610/525/1230
f 1611/530/1231 1612/548/1221 1613/529/1148
f 1613/529/1148 1612/548/1221 1614/506/1232
f 1615/523/1233 1616/557/1234 1617/522/1235
f 1617/522/1235 1616/557/1234 1618/521/1208
f 1605/538/1161 1607/539/1228 1619/536/1236
f 1619/536/1236 1607/539/1228 1620/531/1237
f 1619/536/1236 1620/531/1237 1621/514/1238
f 1622/556/1195 1623/555/1110 1624/554/1239
f 1624/554/1239 1623/555/1110 1625/553/1240
f 1624/554/1239 1625/553/1240 1626/552/1241
f 1626/552/1241 1625/553/1240 1627/551/1242
f 1626/552/1241 1627/551/1242 1628/550/1243
f 1629/548/1244 1630/529/1193 1631/506/1245
f 1631/506/1245 1630/529/1193 1632/528/1175
f 1631/506/1245 1632/528/1175 1633/507/1176
f 1634/526/1246 1635/530/1247 1636/524/1248
f 1637/521/1249 1638/557/1136 1639/522/1250
f 1639/522/1250 1638/557/1136 1640/523/1251
f 1641/497/1252 1642/496/1100 1643/513/1253
f 1643/513/1253 1642/496/1100 1644/512/1183
f 1643/513/1253 1644/512/1183 1645/511/1254
f 1646/523/1251 1647/513/1255 1648/522/1256
f 1648/522/1256 1647/513/1255 1645/511/1254
f 1648/522/1256 1645/511/1254 1649/521/1249
f 1649/521/1249 1645/511/1254 1650/520/1187
f 1649/521/1249 1650/520/1187 1651/519/1257
f 1651/519/1257 1650/520/1187 1652/518/1258
f 1651/519/1257 1652/518/1258 1653/517/1129
f 1654/478/1259 1655/477/1030 1656/469/1029
f 1656/469/1029 1655/477/1030 1657/476/1260
f 1656/469/1029 1657/476/1260 1658/471/1261
f 1658/471/1261 1657/476/1260 1659/491/1262
f 1658/471/1261 1659/491/1262 1660/490/1263
f 1661/558/1264 1662/504/1108 1663/502/1265
f 1662/504/1108 1661/558/1264 1664/502/1112
f 1665/559/1266 1666/560/1267 1667/561/1268
f 1668/560/1267 1669/559/1269 1670/562/1270
f 1671/561/1271 1672/563/1272 1673/559/1266
f 1673/559/1266 1672/563/1272 1674/564/1273
f 1673/559/1266 1674/564/1273 1675/562/1270
f 1676/565/1274 1677/566/1275 1678/567/1276
f 1679/568/1277 1680/569/1278 1681/570/1275
f 1682/571/1271 1683/572/1279 1684/573/1280
f 1684/573/1280 1683/572/1279 1685/574/1281
f 1684/573/1280 1685/574/1281 1686/575/1282
f 1686/575/1282 1685/574/1281 1687/576/1283
f 1688/566/1275 1689/565/1284 1690/577/1285
f 1690/577/1285 1689/565/1284 1691/578/1286
f 1690/577/1285 1691/578/1286 1692/571/1271
f 1693/569/1287 1694/568/1277 1695/579/1288
f 1695/579/1288 1694/568/1277 1696/580/1289
f 1695/579/1288 1696/580/1289 1697/581/1290
f 1698/582/1291 1699/583/1292 1700/584/1293
f 1701/585/1294 1702/586/1295 1703/587/1296
f 1704/588/1297 1705/589/1298 1706/590/1299
f 1706/590/1299 1705/589/1298 1707/591/1300
f 1708/592/1301 1709/593/1302 1710/594/1303
f 1710/594/1303 1709/593/1302 1711/595/1304
f 1712/583/1305 1713/582/1306 1714/596/1307
f 1715/597/1308 1710/594/1303 1716/598/1309
f 1716/598/1309 1710/594/1303 1711/595/1304
f 1716/598/1309 1711/595/1304 1717/599/1310
f 1718/600/1311 1719/601/1312 1720/602/1313
f 1721/586/1314 1701/585/1294 1722/603/1315
f 1722/603/1315 1701/585/1294 1723/604/1316
f 1722/603/1315 1723/604/1316 1724/605/1317
f 1725/606/1318 1726/607/1319 1727/608/1320
f 1728/609/1321 1729/606/1322 1730/610/1323
f 1730/610/1323 1729/606/1322 1727/608/1320
f 1730/610/1323 1727/608/1320 1731/611/1324
f 1732/612/1325 1733/588/1297 1734/601/1326
f 1734/601/1326 1733/588/1297 1735/590/1299
f 1734/601/1326 1735/590/1299 1736/602/1327
f 1736/602/1327 1735/590/1299 1737/591/1300
f 1738/613/1328 1726/607/1319 1739/614/1329
f 1739/614/1329 1726/607/1319 1725/606/1318
f 1739/614/1329 1725/606/1318 1740/615/1330
f 1740/615/1330 1725/606/1318 1741/609/1331
f 1740/615/1330 1741/609/1331 1742/616/1332
f 1743/617/1136 1744/618/1333 1745/619/1334
f 1745/619/1334 1744/618/1333 1746/589/1335
f 1745/619/1334 1746/589/1335 1747/620/1319
f 1747/620/1319 1746/589/1335 1704/588/1336
f 1747/620/1319 1704/588/1336 1748/621/1320
f 1748/621/1320 1704/588/1336 1749/612/1337
f 1748/621/1320 1749/612/1337 1750/622/1338
f 1751/623/1339 1703/587/1296 1752/624/1340
f 1752/624/1340 1703/587/1296 1702/586/1295
f 1752/624/1340 1702/586/1295 1753/625/1341
f 1753/625/1341 1702/586/1295 1754/603/1342
f 1753/625/1341 1754/603/1342 1755/626/1343
f 1755/626/1343 1754/603/1342 1724/605/1344
f 1755/626/1343 1724/605/1344 1756/627/1345
f 1757/627/1346 1758/616/1332 1759/626/1347
f 1759/626/1347 1758/616/1332 1760/609/1331
f 1759/626/1347 1760/609/1331 1761/625/1341
f 1761/625/1341 1760/609/1331 1762/610/1348
f 1761/625/1341 1762/610/1348 1763/624/1349
f 1763/624/1349 1762/610/1348 1764/611/1324
f 1763/624/1349 1764/611/1324 1765/623/1339
f 1765/623/1339 1764/611/1324 1766/628/1350
f 1767/583/1351 1768/599/1310 1769/584/1352
f 1769/584/1352 1768/599/1310 1711/595/1304
f 1769/584/1352 1711/595/1304 1770/550/1353
f 1770/550/1353 1711/595/1304 1709/593/1302
f 1770/550/1353 1709/593/1302 1771/552/1241
f 1771/552/1241 1709/593/1302 1772/592/1354
f 1771/552/1241 1772/592/1354 1773/554/1355
f 1773/554/1355 1772/592/1354 1774/629/1356
f 1773/554/1355 1774/629/1356 1775/556/1195
f 1776/630/1136 1738/613/1328 1777/631/1251
f 1777/631/1251 1738/613/1328 1739/614/1329
f 1777/631/1251 1739/614/1329 1714/596/1357
f 1714/596/1357 1739/614/1329 1740/615/1330
f 1714/596/1357 1740/615/1330 1778/583/1358
f 1778/583/1358 1740/615/1330 1742/616/1332
f 1778/583/1358 1742/616/1332 1717/599/1310
f 1717/599/1310 1742/616/1332 1756/627/1345
f 1717/599/1310 1756/627/1345 1716/598/1309
f 1716/598/1309 1756/627/1345 1779/600/1359
f 1716/598/1309 1779/600/1359 1715/597/1308
f 1715/597/1308 1779/600/1359 1780/602/1360
f 1715/597/1308 1780/602/1360 1710/594/1303
f 1710/594/1303 1780/602/1360 1707/591/1300
f 1710/594/1303 1707/591/1300 1708/592/1301
f 1708/592/1301 1707/591/1300 1705/589/1298
f 1708/592/1301 1705/589/1298 1781/629/1361
f 1781/629/1361 1705/589/1298 1782/618/1362
f 1783/632/1363 1784/600/1359 1785/627/1345
f 1786/633/1364 1787/634/1365 1788/635/1366
f 1789/562/1270 1790/636/1367 1791/560/1368
f 1792/570/1275 1793/637/1368 1794/638/1369
f 1795/639/1370 1796/640/1371 1797/641/1372
f 1797/641/1372 1796/640/1371 1798/642/1373
f 1797/641/1372 1798/642/1373 1799/643/1373
f 1800/622/1324 1801/612/1374 1802/644/1375
f 1803/605/1376 1804/604/1377 1805/645/1378
f 1784/600/1359 1783/632/1363 1806/601/1312
f 1806/601/1312 1783/632/1363 1807/646/1379
f 1806/601/1312 1807/646/1379 1801/612/1374
f 1785/627/1345 1803/605/1376 1783/632/1363
f 1783/632/1363 1803/605/1376 1805/645/1378
f 1783/632/1363 1805/645/1378 1807/646/1379
f 1807/646/1379 1805/645/1378 1808/647/1380
f 1807/646/1379 1808/647/1380 1801/612/1374
f 1801/612/1374 1808/647/1380 1809/648/1381
f 1801/612/1374 1809/648/1381 1802/644/1375
f 1810/564/1273 1811/563/1382 1812/649/1383
f 1812/649/1383 1811/563/1382 1813/581/1282
f 1812/649/1383 1813/581/1282 1814/650/1384
f 1814/650/1384 1813/581/1282 1815/580/1385
f 1814/650/1384 1815/580/1385 1816/651/1386
f 1816/651/1386 1815/580/1385 1817/568/1387
f 1816/651/1386 1817/568/1387 1818/652/1388
f 1818/652/1388 1817/568/1387 1792/570/1275
f 1818/652/1388 1792/570/1275 1819/653/1389
f 1819/653/1389 1792/570/1275 1794/638/1369
f 1819/653/1389 1794/638/1369 1820/654/1390
f 1797/641/1372 1821/655/1391 1795/639/1370
f 1795/639/1370 1821/655/1391 1822/656/1392
f 1795/639/1370 1822/656/1392 1823/657/1392
f 1823/657/1392 1822/656/1392 1824/658/1393
f 1823/657/1392 1824/658/1393 1825/659/1393
f 1825/659/1393 1824/658/1393 1826/660/1394
f 1825/659/1393 1826/660/1394 1827/661/1395
f 1827/661/1395 1826/660/1394 1828/662/1396
f 1827/661/1395 1828/662/1396 1829/663/1397
f 1829/663/1397 1828/662/1396 1830/664/1398
f 1829/663/1397 1830/664/1398 1831/665/1398
f 1831/665/1398 1830/664/1398 1832/666/1399
f 1831/665/1398 1832/666/1399 1833/667/1399
f 1787/634/1365 1786/633/1364 1834/668/1400
f 1834/668/1400 1786/633/1364 1835/669/1401
f 1834/668/1400 1835/669/1401 1836/670/1402
f 1836/670/1402 1835/669/1401 1837/671/1403
f 1836/670/1402 1837/671/1403 1838/672/1404
f 1838/672/1404 1837/671/1403 1839/673/1405
f 1838/672/1404 1839/673/1405 1840/674/1406
f 1840/674/1406 1839/673/1405 1841/675/1407
f 1840/674/1406 1841/675/1407 1842/676/1408
f 1842/676/1408 1841/675/1407 1843/677/1409
f 1842/676/1408 1843/677/1409 1844/678/1410
f 1844/678/1410 1843/677/1409 1845/679/1411
f 1844/678/1410 1845/679/1411 1846/680/1412
f 1847/681/1413 1788/635/1366 1820/654/1390
f 1820/654/1390 1788/635/1366 1787/634/1365
f 1820/654/1390 1787/634/1365 1819/653/1389
f 1819/653/1389 1787/634/1365 1834/668/1400
f 1819/653/1389 1834/668/1400 1818/652/1388
f 1818/652/1388 1834/668/1400 1836/670/1402
f 1818/652/1388 1836/670/1402 1816/651/1386
f 1816/651/1386 1836/670/1402 1838/672/1404
f 1816/651/1386 1838/672/1404 1814/650/1384
f 1814/650/1384 1838/672/1404 1840/674/1406
f 1814/650/1384 1840/674/1406 1812/649/1383
f 1812/649/1383 1840/674/1406 1842/676/1408
f 1812/649/1383 1842/676/1408 1810/564/1273
f 1810/564/1273 1842/676/1408 1844/678/1410
f 1810/564/1273 1844/678/1410 1789/562/1270
f 1789/562/1270 1844/678/1410 1846/680/1412
f 1789/562/1270 1846/680/1412 1790/636/1367
f 1848/562/1414 1849/559/1415 1850/560/1416
f 1850/560/1416 1849/559/1415 1851/561/1417
f 1852/562/1414 1853/564/1418 1854/559/1415
f 1854/559/1415 1853/564/1418 1855/563/1419
f 1854/559/1415 1855/563/1419 1851/561/1420
f 1856/574/1421 1857/575/1422 1858/576/1423
f 1859/575/1422 1860/574/1424 1861/573/1419
f 1861/573/1419 1860/574/1424 1862/572/1425
f 1861/573/1419 1862/572/1425 1863/571/1420
f 1864/581/1426 1865/580/1427 1866/579/1428
f 1866/579/1428 1865/580/1427 1867/568/1429
f 1866/579/1428 1867/568/1429 1868/569/1430
f 1868/569/1430 1867/568/1429 1869/570/1431
f 1870/567/1432 1871/566/1433 1872/565/1434
f 1872/565/1434 1871/566/1433 1873/577/1435
f 1872/565/1434 1873/577/1435 1874/578/1436
f 1874/578/1436 1873/577/1435 1875/571/1420
f 1876/593/1437 1877/594/1438 1878/595/1439
f 1879/590/1440 1880/602/1441 1881/591/1442
f 1882/589/1443 1883/629/1444 1884/618/1445
f 1885/588/1446 1879/590/1440 1886/589/1443
f 1886/589/1443 1879/590/1440 1881/591/1442
f 1877/594/1438 1876/593/1437 1887/592/1447
f 1888/596/1448 1889/582/1449 1890/583/1450
f 1890/583/1450 1889/582/1449 1891/584/1451
f 1892/599/1452 1878/595/1439 1893/598/1453
f 1893/598/1453 1878/595/1439 1877/594/1438
f 1893/598/1453 1877/594/1438 1894/597/1454
f 1880/602/1441 1895/601/1455 1896/600/1456
f 1897/604/1457 1898/585/1458 1899/605/1459
f 1900/602/1441 1879/590/1440 1895/601/1460
f 1895/601/1460 1879/590/1440 1885/588/1446
f 1895/601/1460 1885/588/1446 1901/612/1461
f 1902/622/1462 1903/612/1463 1904/621/1464
f 1904/621/1464 1903/612/1463 1905/588/1465
f 1904/621/1464 1905/588/1465 1906/620/1466
f 1906/620/1466 1905/588/1465 1907/589/1467
f 1906/620/1466 1907/589/1467 1908/619/1468
f 1908/619/1468 1907/589/1467 1909/618/1445
f 1908/619/1468 1909/618/1445 1910/617/1234
f 1911/614/1469 1912/615/1470 1913/606/1471
f 1913/606/1471 1912/615/1470 1914/609/1472
f 1913/606/1471 1914/609/1472 1915/610/1473
f 1915/610/1473 1914/609/1472 1916/625/1474
f 1915/610/1473 1916/625/1474 1917/624/1475
f 1917/624/1475 1916/625/1474 1918/586/1476
f 1917/624/1475 1918/586/1476 1919/623/1477
f 1920/616/1478 1921/627/1479 1922/626/1480
f 1922/626/1480 1921/627/1479 1923/605/1459
f 1922/626/1480 1923/605/1459 1924/603/1481
f 1924/603/1481 1923/605/1459 1925/585/1482
f 1924/603/1481 1925/585/1482 1926/587/1483
f 1912/615/1470 1927/616/1484 1914/609/1472
f 1914/609/1472 1927/616/1484 1928/626/1485
f 1914/609/1472 1928/626/1485 1916/625/1474
f 1916/625/1474 1928/626/1485 1924/603/1481
f 1916/625/1474 1924/603/1481 1918/586/1476
f 1918/586/1476 1924/603/1481 1926/587/1483
f 1918/586/1476 1926/587/1483 1919/623/1477
f 1919/623/1477 1929/628/1486 1917/624/1475
f 1917/624/1475 1929/628/1486 1930/611/1487
f 1917/624/1475 1930/611/1487 1915/610/1473
f 1915/610/1473 1930/611/1487 1931/608/1464
f 1915/610/1473 1931/608/1464 1913/606/1471
f 1913/606/1471 1931/608/1464 1932/607/1466
f 1913/606/1471 1932/607/1466 1911/614/1469
f 1911/614/1469 1932/607/1466 1933/613/1488
f 1934/556/1221 1935/629/1489 1936/554/1490
f 1936/554/1490 1935/629/1489 1937/592/1491
f 1936/554/1490 1937/592/1491 1938/552/1218
f 1938/552/1218 1937/592/1491 1876/593/1437
f 1938/552/1218 1876/593/1437 1939/550/1216
f 1939/550/1216 1876/593/1437 1878/595/1439
f 1939/550/1216 1878/595/1439 1940/584/1492
f 1940/584/1492 1878/595/1439 1892/599/1452
f 1940/584/1492 1892/599/1452 1941/583/1493
f 1942/629/1444 1886/589/1443 1887/592/1447
f 1887/592/1447 1886/589/1443 1881/591/1442
f 1887/592/1447 1881/591/1442 1877/594/1438
f 1877/594/1438 1881/591/1442 1880/602/1441
f 1877/594/1438 1880/602/1441 1894/597/1454
f 1894/597/1454 1880/602/1441 1896/600/1456
f 1894/597/1454 1896/600/1456 1893/598/1453
f 1893/598/1453 1896/600/1456 1943/627/1479
f 1893/598/1453 1943/627/1479 1892/599/1452
f 1892/599/1452 1943/627/1479 1927/616/1484
f 1892/599/1452 1927/616/1484 1941/583/1493
f 1941/583/1493 1927/616/1484 1912/615/1470
f 1941/583/1493 1912/615/1470 1944/596/1494
f 1944/596/1494 1912/615/1470 1911/614/1469
f 1944/596/1494 1911/614/1469 1945/631/1135
f 1945/631/1135 1911/614/1469 1933/613/1488
f 1945/631/1135 1933/613/1488 1946/630/1234
f 1947/648/1495 1948/612/1496 1949/622/1497
f 1950/560/1498 1951/636/1499 1952/562/1414
f 1953/638/1500 1954/637/1435 1955/570/1431
f 1956/655/1501 1957/641/1502 1958/640/1502
f 1958/640/1502 1957/641/1502 1959/643/1503
f 1958/640/1502 1959/643/1503 1960/642/1504
f 1961/644/1505 1947/648/1495 1949/622/1497
f 1962/604/1506 1963/605/1459 1964/632/1507
f 1964/632/1507 1963/605/1459 1965/627/1479
f 1948/612/1496 1966/646/1508 1967/601/1455
f 1967/601/1455 1966/646/1508 1964/632/1507
f 1967/601/1455 1964/632/1507 1968/600/1456
f 1968/600/1456 1964/632/1507 1965/627/1479
f 1948/612/1496 1947/648/1495 1966/646/1508
f 1966/646/1508 1947/648/1495 1969/647/1509
f 1966/646/1508 1969/647/1509 1964/632/1507
f 1964/632/1507 1969/647/1509 1970/645/1510
f 1964/632/1507 1970/645/1510 1962/604/1506
f 1971/654/1511 1953/638/1500 1972/653/1512
f 1972/653/1512 1953/638/1500 1955/570/1431
f 1972/653/1512 1955/570/1431 1973/652/1513
f 1973/652/1513 1955/570/1431 1974/568/1514
f 1973/652/1513 1974/568/1514 1975/651/1515
f 1975/651/1515 1974/568/1514 1976/580/1516
f 1975/651/1515 1976/580/1516 1977/650/1517
f 1977/650/1517 1976/580/1516 1978/581/1422
f 1977/650/1517 1978/581/1422 1979/649/1518
f 1979/649/1518 1978/581/1422 1980/563/1519
f 1979/649/1518 1980/563/1519 1981/564/1520
f 1958/640/1502 1982/639/1521 1956/655/1501
f 1956/655/1501 1982/639/1521 1983/657/1522
f 1956/655/1501 1983/657/1522 1984/656/1522
f 1984/656/1522 1983/657/1522 1985/659/1523
f 1984/656/1522 1985/659/1523 1986/658/1523
f 1986/658/1523 1985/659/1523 1987/661/1524
f 1986/658/1523 1987/661/1524 1988/660/1525
f 1988/660/1525 1987/661/1524 1989/663/1526
f 1988/660/1525 1989/663/1526 1990/662/1526
f 1990/662/1526 1989/663/1526 1991/665/1527
f 1990/662/1526 1991/665/1527 1992/664/1527
f 1992/664/1527 1991/665/1527 1993/667/1528
f 1992/664/1527 1993/667/1528 1994/666/1528
f 1995/681/1529 1996/634/1530 1997/635/1531
f 1997/635/1531 1996/634/1530 1998/668/1532
f 1997/635/1531 1998/668/1532 1999/633/1533
f 1999/633/1533 1998/668/1532 2000/670/1534
f 1999/633/1533 2000/670/1534 2001/669/1535
f 2001/669/1535 2000/670/1534 2002/672/1536
f 2001/669/1535 2002/672/1536 2003/671/1537
f 2003/671/1537 2002/672/1536 2004/674/1538
f 2003/671/1537 2004/674/1538 2005/673/1539
f 2005/673/1539 2004/674/1538 2006/676/1540
f 2005/673/1539 2006/676/1540 2007/675/1541
f 2007/675/1541 2006/676/1540 2008/678/1542
f 2007/675/1541 2008/678/1542 2009/677/1543
f 2009/677/1543 2008/678/1542 2010/680/1544
f 2009/677/1543 2010/680/1544 2011/679/1545
f 1995/681/1529 1971/654/1511 1996/634/1530
f 1996/634/1530 1971/654/1511 1972/653/1512
f 1996/634/1530 1972/653/1512 1998/668/1532
f 1998/668/1532 1972/653/1512 1973/652/1513
f 1998/668/1532 1973/652/1513 2000/670/1534
f 2000/670/1534 1973/652/1513 1975/651/1515
f 2000/670/1534 1975/651/1515 2002/672/1536
f 2002/672/1536 1975/651/1515 1977/650/1517
f 2002/672/1536 1977/650/1517 2004/674/1538
f 2004/674/1538 1977/650/1517 1979/649/1518
f 2004/674/1538 1979/649/1518 2006/676/1540
f 2006/676/1540 1979/649/1518 1981/564/1520
f 2006/676/1540 1981/564/1520 2008/678/1542
f 2008/678/1542 1981/564/1520 1952/562/1414
f 2008/678/1542 1952/562/1414 2010/680/1544
f 2010/680/1544 1952/562/1414 1951/636/1499
f 2012/682/1546 2013/574/1547 2014/683/1548
f 2013/574/1547 2015/684/1549 2014/683/1548
f 2016/685/1550 2017/686/1551 2018/687/1552
f 2019/688/1551 2016/685/1550 2020/689/1553
f 2020/689/1553 2016/685/1550 2021/578/1554
f 2020/689/1553 2021/578/1554 2022/690/1555
f 2023/691/1556 2024/692/1557 2025/693/1558
f 2025/693/1558 2024/692/1557 2026/694/1559
f 2025/693/1558 2026/694/1559 2012/682/1546
f 2027/695/1560 2028/696/1553 2029/697/1561
f 2029/697/1561 2028/696/1553 2030/698/1562
f 2031/699/1563 2032/700/1564 2033/701/1565
f 2033/701/1565 2032/700/1564 2034/702/1566
f 2035/703/1563 2036/704/1567 2037/705/1568
f 2037/705/1568 2036/704/1567 2038/706/1569
f 2037/705/1568 2038/706/1569 2022/690/1555
f 2022/690/1555 2038/706/1569 2039/707/1562
f 2022/690/1555 2039/707/1562 2020/689/1553
f 2013/574/1547 2012/682/1546 2040/576/1283
f 2040/576/1283 2012/682/1546 2026/694/1559
f 2040/576/1283 2026/694/1559 2041/567/1276
f 2041/567/1276 2026/694/1559 2024/692/1557
f 2041/567/1276 2024/692/1557 2042/565/1274
f 2015/684/1549 2013/574/1547 2018/687/1552
f 2018/687/1552 2013/574/1547 2043/572/1570
f 2018/687/1552 2043/572/1570 2016/685/1550
f 2016/685/1550 2043/572/1570 2044/571/1271
f 2016/685/1550 2044/571/1271 2021/578/1554
f 2045/708/1565 2046/709/1566 2047/710/1571
f 2047/710/1571 2046/709/1566 2048/711/1572
f 2047/710/1571 2048/711/1572 2030/698/1562
f 2030/698/1562 2048/711/1572 2049/712/1573
f 2030/698/1562 2049/712/1573 2029/697/1561
f 2021/578/1554 2042/565/1274 2022/690/1555
f 2022/690/1555 2042/565/1274 2024/692/1557
f 2022/690/1555 2024/692/1557 2037/705/1568
f 2037/705/1568 2024/692/1557 2023/691/1556
f 2037/705/1568 2023/691/1556 2035/703/1563
f 2035/703/1563 2023/691/1556 2025/693/1558
f 2035/703/1563 2025/693/1558 2050/713/1574
f 2050/713/1574 2025/693/1558 2012/682/1546
f 2050/713/1574 2012/682/1546 2051/714/1566
f 2051/714/1566 2012/682/1546 2014/683/1548
f 2052/697/1575 2053/696/1576 2054/695/1577
f 2055/682/1578 2056/714/1579 2057/683/1580
f 2058/687/1581 2059/686/1582 2060/685/1583
f 2061/690/1584 2062/578/1585 2063/689/1586
f 2063/689/1586 2062/578/1585 2060/685/1583
f 2063/689/1586 2060/685/1583 2064/688/1551
f 2055/682/1578 2065/694/1587 2066/693/1588
f 2066/693/1588 2065/694/1587 2067/692/1589
f 2066/693/1588 2067/692/1589 2068/691/1590
f 2069/699/1591 2070/701/1592 2071/700/1593
f 2071/700/1593 2070/701/1592 2072/702/1579
f 2053/696/1576 2052/697/1575 2073/698/1594
f 2063/689/1586 2074/707/1594 2061/690/1584
f 2061/690/1584 2074/707/1594 2075/706/1595
f 2061/690/1584 2075/706/1595 2076/705/1596
f 2076/705/1596 2075/706/1595 2077/704/1597
f 2076/705/1596 2077/704/1597 2078/703/1598
f 2079/565/1434 2067/692/1589 2080/567/1599
f 2080/567/1599 2067/692/1589 2065/694/1587
f 2080/567/1599 2065/694/1587 2081/576/1428
f 2081/576/1428 2065/694/1587 2055/682/1578
f 2081/576/1428 2055/682/1578 2082/574/1421
f 2082/574/1421 2055/682/1578 2057/683/1580
f 2062/578/1585 2083/571/1420 2060/685/1583
f 2060/685/1583 2083/571/1420 2084/572/1600
f 2060/685/1583 2084/572/1600 2058/687/1581
f 2058/687/1581 2084/572/1600 2082/574/1421
f 2058/687/1581 2082/574/1421 2085/684/1601
f 2085/684/1601 2082/574/1421 2057/683/1580
f 2052/697/1575 2086/712/1602 2073/698/1594
f 2073/698/1594 2086/712/1602 2087/711/1603
f 2073/698/1594 2087/711/1603 2088/710/1604
f 2088/710/1604 2087/711/1603 2089/709/1579
f 2088/710/1604 2089/709/1579 2090/708/1592
f 2056/714/1579 2055/682/1578 2091/713/1593
f 2091/713/1593 2055/682/1578 2066/693/1588
f 2091/713/1593 2066/693/1588 2078/703/1598
f 2078/703/1598 2066/693/1588 2068/691/1590
f 2078/703/1598 2068/691/1590 2076/705/1596
f 2076/705/1596 2068/691/1590 2067/692/1589
f 2076/705/1596 2067/692/1589 2061/690/1584
f 2061/690/1584 2067/692/1589 2079/565/1434
f 2061/690/1584 2079/565/1434 2062/578/1585
f 2092/498/1605 2093/584/1293 2094/550/1243
f 2095/541/1179 2092/498/1605 2094/550/1243
f 2096/617/1248 2097/715/1247 2098/618/1362
f 2098/618/1362 2097/715/1247 2099/556/1195
f 2098/618/1362 2099/556/1195 2100/629/1606
f 2093/584/1293 2092/498/1605 2101/716/1306
f 2101/716/1306 2092/498/1605 2102/497/1252
f 2101/716/1306 2102/497/1252 2103/717/1357
f 2103/717/1357 2102/497/1252 2104/513/1253
f 2103/717/1357 2104/513/1253 2105/523/1607
f 2106/497/1120 2107/498/1121 2108/718/1608
f 2108/718/1608 2107/498/1121 2109/541/1203
f 2110/551/1203 2111/550/1609 2112/719/1608
f 2112/719/1608 2111/550/1609 2113/584/1451
f 2112/719/1608 2113/584/1451 2114/582/1610
f 2108/718/1608 2115/716/1611 2106/497/1120
f 2106/497/1120 2115/716/1611 2116/717/1494
f 2106/497/1120 2116/717/1494 2117/513/1612
f 2117/513/1612 2116/717/1494 2118/523/1233
f 2119/629/1613 2120/556/1221 2121/618/1614
f 2121/618/1614 2120/556/1221 2122/715/1231
f 2121/618/1614 2122/715/1231 2123/617/1234
