mtllib m_body013.mtl
o editpl_m-0000-63
v 0.000000 -20.750965 11.717914
v -10.324739 -16.319937 9.291688
v -4.342838 -20.474628 9.570402
v -10.324739 -16.319937 9.291688
v 0.000000 -20.750965 11.717914
v 0.000000 -16.300657 10.491724
v 4.342838 -20.474628 9.570402
v 10.324739 -16.319937 9.291688
v -74.557022 33.346783 -5.739403
v -75.727394 36.604984 -7.325006
v -72.492615 36.659611 -7.623894
v -72.508873 40.721115 -3.987172
v -70.555542 41.235233 -3.910208
v -71.587746 40.489765 0.582082
v -70.019119 41.109917 0.340730
v -69.859276 37.013062 2.243153
v -70.555542 41.235233 -3.910208
v -68.190414 36.723873 -6.519502
v -72.492615 36.659611 -7.623894
v -68.035995 34.098675 -5.216348
v -74.557022 33.346783 -5.739403
v -68.377350 32.013294 -1.427193
v -73.180748 31.672693 -0.591801
v -75.727394 36.604984 -7.325006
v -75.665085 41.000668 -3.656900
v -72.508873 40.721115 -3.987172
v -74.592239 40.958897 1.066281
v -71.587746 40.489765 0.582082
v -73.129280 36.993786 3.260120
v -69.859276 37.013062 2.243153
v -72.782501 33.819122 2.487494
v -69.347244 34.150085 1.420463
v -73.180748 31.672693 -0.591801
v -68.377350 32.013294 -1.427193
v -71.986000 34.818436 -4.497523
v -69.805092 36.261169 -5.661693
v -69.680473 33.137920 -1.756718
v -69.805092 36.261169 1.439891
v -71.972450 34.368584 1.793326
v -69.680473 33.137920 -1.756718
v -71.931816 33.639183 -1.451851
v -71.986000 34.818436 -4.497523
v -71.972450 34.368584 1.793326
v -69.805092 36.261169 1.439891
v -71.972450 37.790661 1.793326
v -69.444771 39.005260 -0.558924
v -71.614838 39.034180 -0.166633
v -69.444771 39.024536 -2.928360
v -71.614838 39.034180 -3.112176
v -69.805092 36.261169 -5.661693
v -71.972450 37.790661 -4.753820
v -71.986000 34.818436 -4.497523
v -39.895592 40.039913 -0.221927
v -41.607803 39.853546 0.980350
v -34.626209 37.652493 4.611095
v -49.472595 39.561146 -5.394935
v -51.466560 38.886372 -6.813160
v -49.296497 41.206314 -4.025280
v -49.916901 31.949032 -3.781685
v -54.571297 31.521673 -2.280519
v -54.517113 33.182907 -6.807929
v -54.571297 31.521673 -2.280519
v -48.911789 31.602003 -1.634173
v -54.479183 32.951553 1.308380
v -40.673130 37.549671 -7.139695
v -40.673130 35.400028 -7.880191
v -43.582806 35.891651 -7.144178
v -40.673130 33.247169 -7.139694
v -43.582806 37.928829 -6.684638
v -47.126431 38.121624 -6.635321
v -43.729103 38.960274 -5.653473
v -45.552391 40.081688 -4.321926
v -43.282085 40.210217 -3.658395
v -41.607803 39.853546 0.980350
v -39.895592 40.039913 -0.221927
v -40.673130 39.786072 -4.241974
v -41.913940 33.918736 3.322887
v -45.319401 36.068378 2.924618
v -44.587917 33.947655 2.092214
v -50.556271 36.203331 2.899960
v -49.922321 33.963718 2.267811
v -50.363918 39.467960 2.883521
v -54.343723 38.478291 2.361961
v -54.492729 35.843452 2.170673
v -48.467484 32.572395 1.125311
v -43.872688 32.745911 1.756713
v -34.626209 31.698400 0.727791
v -50.992451 36.319008 -7.482669
v -54.443966 36.277237 -7.692638
v -54.406036 38.783546 -6.962604
v -48.941593 37.421143 -7.072445
v -49.632435 36.203331 -7.741208
v -50.992451 36.319008 -7.482669
v -43.582806 35.891651 -7.144178
v -43.582806 37.928829 -6.684638
v -40.673130 37.549671 -7.139695
v -40.673130 39.786072 -4.241974
v -43.282085 40.210217 -3.658395
v -41.607803 39.853546 0.980350
v -49.954830 40.875351 1.954726
v -50.363918 39.467960 2.883521
v -54.297668 40.171658 1.639399
v -47.126431 38.121624 -6.635321
v -49.472595 39.561146 -5.394935
v -49.621597 41.440880 -0.195028
v -49.954830 40.875351 1.954726
v -54.216393 40.811089 0.215197
v -54.297668 40.171658 1.639399
v -54.517113 33.182907 -6.807929
v -54.443966 36.277237 -7.692638
v -53.111042 33.198975 -6.908056
v -50.992451 36.319008 -7.482669
v -50.594200 33.497803 -7.597740
v -49.632435 36.203331 -7.741208
v -47.126431 33.349995 -7.224877
v -47.126431 33.349995 -7.224877
v -45.920841 31.769091 -6.275908
v -50.594200 33.497803 -7.597740
v -47.516556 32.260712 -4.459414
v -53.111042 33.198975 -6.908056
v -49.916901 31.949032 -3.781685
v -34.626209 33.574921 4.611095
v -41.913940 37.520752 3.322887
v -43.807671 38.529701 2.590611
v -49.304623 38.414028 -6.329708
v -47.126431 37.601082 -7.024623
v -47.126431 36.039459 -7.490141
v -43.582806 35.891651 -7.144178
v -43.582806 33.353207 -6.684638
v -40.673130 33.247169 -7.139694
v -41.992508 31.826929 -1.899437
v -34.626209 30.891882 -5.876144
v -34.626209 32.977261 -2.506180
v -34.626209 37.652493 4.611095
v -41.607803 39.853546 0.980350
v -54.479183 32.951553 1.308380
v -48.911789 31.602003 -1.634173
v -41.992508 31.826929 -1.899437
v -34.626209 32.977261 -2.506180
v -54.571297 31.521673 -2.280519
v -49.916901 31.949032 -3.781685
v -48.911789 31.602003 -1.634173
v -47.516556 32.260712 -4.459414
v -41.992508 31.826929 -1.899437
v -45.920841 31.769091 -6.275908
v -43.582806 33.353207 -6.684638
v -47.126431 36.039459 -7.490141
v -47.126431 37.601082 -7.024623
v -48.941593 37.421143 -7.072445
v -49.304623 38.414028 -6.329708
v -51.466560 38.886372 -6.813160
v -54.406036 38.783546 -6.962604
v -49.296497 41.206314 -4.025280
v -69.859276 37.013062 2.243153
v -67.174469 39.818203 -0.005234
v -70.019119 41.109917 0.340730
v -54.443966 36.277237 -7.692638
v -62.073055 38.327271 -6.050248
v -54.406036 38.783546 -6.962604
v -68.190414 36.723873 -6.519502
v -70.555542 41.235233 -3.910208
v -67.174469 39.805351 -4.071608
v -62.270828 36.492523 -6.600202
v -66.673264 36.759220 -6.959615
v -62.425251 34.616001 -5.587718
v -66.502586 33.976570 -5.761819
v -62.587803 33.224678 -2.477786
v -68.377350 32.013294 -1.427193
v -67.152794 36.772072 0.978109
v -69.347244 34.150085 1.420463
v -67.152794 34.214352 0.915342
v -68.377350 32.013294 -1.427193
v -62.587803 33.224678 -2.477786
v -54.517113 33.182907 -6.807929
v -54.571297 31.521673 -2.280519
v -61.991779 40.027061 -0.738257
v -62.433376 38.616459 0.683704
v -62.460468 36.100510 1.064786
v -62.528198 34.333241 0.455802
v -54.571297 31.521673 -2.280519
v -54.216393 40.811089 0.215197
v -54.297668 40.171658 1.639399
v -54.343723 38.478291 2.361961
v -54.492729 35.843452 2.170673
v -54.479183 32.951553 1.308380
v -61.991779 40.001354 -3.541081
v -54.110733 40.933189 -3.197360
v -68.035995 34.098675 -5.216348
v -49.296497 41.206314 -4.025280
v -49.621597 41.440880 -0.195028
v 73.180748 31.672693 -0.591801
v 68.377350 32.013294 -1.427193
v 74.557022 33.346783 -5.739403
v 71.587746 40.489765 0.582082
v 75.665085 41.000668 -3.656900
v 72.508873 40.721115 -3.987172
v 75.727394 36.604984 -7.325006
v 72.492615 36.659611 -7.623894
v 68.035995 34.098675 -5.216348
v 68.377350 32.013294 -1.427193
v 69.859276 37.013062 2.243153
v 71.587746 40.489765 0.582082
v 70.019119 41.109917 0.340730
v 72.508873 40.721115 -3.987172
v 70.555542 41.235233 -3.910208
v 72.492615 36.659611 -7.623894
v 68.190414 36.723873 -6.519502
v 68.035995 34.098675 -5.216348
v 68.377350 32.013294 -1.427193
v 73.180748 31.672693 -0.591801
v 69.347244 34.150085 1.420463
v 72.782501 33.819122 2.487494
v 69.859276 37.013062 2.243153
v 73.129280 36.993786 3.260120
v 71.587746 40.489765 0.582082
v 74.592239 40.958897 1.066281
v 75.665085 41.000668 -3.656900
v 69.805092 36.261169 -5.661693
v 71.972450 37.790661 -4.753820
v 71.986000 34.818436 -4.497523
v 69.680473 33.137920 -1.756718
v 69.805092 36.261169 -5.661693
v 71.986000 34.818436 -4.497523
v 71.986000 34.818436 -4.497523
v 71.931816 33.639183 -1.451851
v 69.680473 33.137920 -1.756718
v 71.972450 34.368584 1.793326
v 69.805092 36.261169 1.439891
v 71.972450 37.790661 -4.753820
v 69.805092 36.261169 -5.661693
v 71.614838 39.034180 -3.112176
v 69.444771 39.024536 -2.928360
v 71.614838 39.034180 -0.166633
v 69.444771 39.005260 -0.558924
v 71.972450 37.790661 1.793326
v 69.805092 36.261169 1.439891
v 71.972450 34.368584 1.793326
v 41.913940 33.918736 3.322887
v 45.319401 36.068378 2.924618
v 41.913940 37.520752 3.322887
v 41.992508 31.826929 -1.899437
v 34.626209 31.698400 0.727791
v 34.626209 32.977261 -2.506180
v 40.673130 37.549671 -7.139695
v 43.582806 35.891651 -7.144178
v 40.673130 35.400028 -7.880191
v 40.673130 33.247169 -7.139694
v 43.282085 40.210217 -3.658395
v 45.552391 40.081688 -4.321926
v 43.729103 38.960274 -5.653473
v 47.126431 38.121624 -6.635321
v 43.582806 37.928829 -6.684638
v 40.673130 39.786072 -4.241974
v 39.895592 40.039913 -0.221927
v 41.607803 39.853546 0.980350
v 34.626209 37.652493 4.611095
v 54.492729 35.843452 2.170673
v 54.343723 38.478291 2.361961
v 50.363918 39.467960 2.883521
v 34.626209 31.698400 0.727791
v 43.872688 32.745911 1.756713
v 44.587917 33.947655 2.092214
v 48.467484 32.572395 1.125311
v 54.406036 38.783546 -6.962604
v 54.443966 36.277237 -7.692638
v 50.992451 36.319008 -7.482669
v 50.992451 36.319008 -7.482669
v 49.632435 36.203331 -7.741208
v 48.941593 37.421143 -7.072445
v 54.479183 32.951553 1.308380
v 48.911789 31.602003 -1.634173
v 54.571297 31.521673 -2.280519
v 54.343723 38.478291 2.361961
v 54.297668 40.171658 1.639399
v 50.363918 39.467960 2.883521
v 49.954830 40.875351 1.954726
v 41.607803 39.853546 0.980350
v 43.282085 40.210217 -3.658395
v 40.673130 39.786072 -4.241974
v 43.729103 38.960274 -5.653473
v 40.673130 37.549671 -7.139695
v 43.582806 37.928829 -6.684638
v 43.582806 35.891651 -7.144178
v 49.922321 33.963718 2.267811
v 50.556271 36.203331 2.899960
v 43.807671 38.529701 2.590611
v 54.297668 40.171658 1.639399
v 54.216393 40.811089 0.215197
v 49.954830 40.875351 1.954726
v 49.621597 41.440880 -0.195028
v 43.282085 40.210217 -3.658395
v 49.296497 41.206314 -4.025280
v 45.552391 40.081688 -4.321926
v 49.472595 39.561146 -5.394935
v 47.126431 38.121624 -6.635321
v 47.126431 33.349995 -7.224877
v 50.594200 33.497803 -7.597740
v 53.111042 33.198975 -6.908056
v 54.443966 36.277237 -7.692638
v 54.517113 33.182907 -6.807929
v 54.517113 33.182907 -6.807929
v 49.916901 31.949032 -3.781685
v 53.111042 33.198975 -6.908056
v 47.516556 32.260712 -4.459414
v 50.594200 33.497803 -7.597740
v 45.920841 31.769091 -6.275908
v 47.126431 33.349995 -7.224877
v 34.626209 32.977261 -2.506180
v 34.626209 30.891882 -5.876144
v 41.992508 31.826929 -1.899437
v 40.673130 33.247169 -7.139694
v 43.582806 33.353207 -6.684638
v 43.582806 35.891651 -7.144178
v 47.126431 36.039459 -7.490141
v 47.126431 37.601082 -7.024623
v 49.304623 38.414028 -6.329708
v 49.472595 39.561146 -5.394935
v 51.466560 38.886372 -6.813160
v 49.296497 41.206314 -4.025280
v 49.296497 41.206314 -4.025280
v 54.406036 38.783546 -6.962604
v 51.466560 38.886372 -6.813160
v 50.992451 36.319008 -7.482669
v 49.304623 38.414028 -6.329708
v 48.941593 37.421143 -7.072445
v 47.126431 37.601082 -7.024623
v 49.632435 36.203331 -7.741208
v 47.126431 36.039459 -7.490141
v 43.582806 33.353207 -6.684638
v 41.992508 31.826929 -1.899437
v 48.911789 31.602003 -1.634173
v 49.916901 31.949032 -3.781685
v 54.571297 31.521673 -2.280519
v 54.517113 33.182907 -6.807929
v 41.992508 31.826929 -1.899437
v 48.911789 31.602003 -1.634173
v 54.479183 32.951553 1.308380
v 54.492729 35.843452 2.170673
v 50.363918 39.467960 2.883521
v 41.607803 39.853546 0.980350
v 34.626209 37.652493 4.611095
v 34.626209 33.574921 4.611095
v 54.406036 38.783546 -6.962604
v 62.073055 38.327271 -6.050248
v 54.443966 36.277237 -7.692638
v 62.270828 36.492523 -6.600202
v 54.517113 33.182907 -6.807929
v 61.991779 40.001354 -3.541081
v 54.110733 40.933189 -3.197360
v 61.991779 40.027061 -0.738257
v 54.216393 40.811089 0.215197
v 54.297668 40.171658 1.639399
v 68.190414 36.723873 -6.519502
v 68.035995 34.098675 -5.216348
v 66.502586 33.976570 -5.761819
v 68.377350 32.013294 -1.427193
v 62.587803 33.224678 -2.477786
v 62.433376 38.616459 0.683704
v 54.343723 38.478291 2.361961
v 62.460468 36.100510 1.064786
v 54.492729 35.843452 2.170673
v 62.528198 34.333241 0.455802
v 54.479183 32.951553 1.308380
v 54.571297 31.521673 -2.280519
v 49.621597 41.440880 -0.195028
v 49.296497 41.206314 -4.025280
v 62.587803 33.224678 -2.477786
v 67.152794 34.214352 0.915342
v 67.152794 36.772072 0.978109
v 67.174469 39.818203 -0.005234
v 67.174469 39.805351 -4.071608
v 66.673264 36.759220 -6.959615
v 62.425251 34.616001 -5.587718
v 54.571297 31.521673 -2.280519
v 68.377350 32.013294 -1.427193
v 69.347244 34.150085 1.420463
v 69.859276 37.013062 2.243153
v 70.019119 41.109917 0.340730
v 70.555542 41.235233 -3.910208
v -73.516693 36.004112 -5.994953
v -71.972450 37.790661 -4.753820
v -71.986000 34.818436 -4.497523
v -88.260124 33.619904 -3.961766
v -84.784233 36.919880 -4.479590
v -86.845924 32.868011 -3.730874
v -77.789093 35.882011 3.555272
v -83.061180 32.996540 3.162235
v -83.112656 33.960506 3.881060
v -82.985329 32.353897 3.841459
v -79.769508 39.686462 2.750516
v -80.435974 37.565739 3.127862
v -78.008537 36.723873 3.341567
v -75.423965 37.221924 4.383193
v -77.954353 34.677055 4.978728
v -74.684357 33.398193 2.784888
v -77.507332 32.771614 3.414049
v -75.063644 34.011917 -4.715712
v -78.647903 36.842762 -6.047259
v -77.789093 35.882011 3.555272
v -83.112656 33.960506 3.881060
v -83.034088 33.439964 4.808362
v -82.985329 32.353897 3.841459
v -88.682762 33.738792 -2.013762
v -87.477165 33.019032 -1.611009
v -86.845924 32.868011 -3.730874
v -79.718040 39.843910 -4.481084
v -79.094925 37.022701 -4.128396
v -83.705971 35.509277 -4.215821
v -87.477165 33.019032 -1.611009
v -86.845924 32.868011 -3.730874
v -83.705971 35.509277 -4.215821
v -87.712868 35.184742 1.454088
v -85.128296 37.694267 2.013756
v -85.098495 38.176247 -2.132570
v -78.008537 36.723873 3.341567
v -77.111794 35.817745 -0.963170
v -80.435974 37.565739 3.127862
v -86.764648 34.493900 2.027953
v -84.074425 36.254745 2.736319
v -71.972450 34.368584 1.793326
v -71.972450 37.790661 1.793326
v -76.491386 38.452583 3.566481
v -71.614838 39.034180 -0.166633
v -71.614838 39.034180 -3.112176
v -78.967590 38.873516 -6.336433
v -80.975105 35.901291 -6.227339
v -78.647903 36.842762 -6.047259
v -79.094925 37.022701 -4.128396
v -80.975105 35.901291 -6.227339
v -81.422119 36.084442 -4.868145
v -84.112350 32.061493 -6.227338
v -84.559364 32.241432 -5.328433
v -79.718040 39.843910 -4.481084
v -81.422119 36.084442 -4.868145
v -82.893211 37.861355 -5.220833
v -84.112350 32.061493 -6.227338
v -85.280014 33.054379 -6.516512
v -82.142761 36.894173 -6.516513
v -86.764648 34.493900 2.027953
v -78.710213 33.844830 2.028701
v -71.931816 33.639183 -1.451851
v -75.063644 34.011917 -4.715712
v -71.986000 34.818436 -4.497523
v -77.507332 32.771614 3.414049
v -74.684357 33.398193 2.784888
v -71.972450 34.368584 1.793326
v -86.764648 34.493900 2.027953
v -84.074425 36.254745 2.736319
v -80.465775 40.811089 -2.146020
v -84.112350 32.061493 -6.227338
v -84.559364 32.241432 -5.328433
v -85.553642 33.462456 -5.681120
v -84.559364 32.241432 -5.328433
v -40.673130 37.549671 -7.139695
v -34.626209 37.331173 -8.408475
v -40.673130 35.400028 -7.880191
v -40.673130 39.786072 -4.241974
v -34.626209 30.891882 -5.876144
v -40.673130 33.247169 -7.139694
v -34.626209 32.424587 -8.408475
v -34.626209 34.914833 -8.833644
v -37.787838 37.408291 5.356074
v -37.828476 40.573311 2.864093
v -37.809513 36.505375 -1.657338
v -37.828476 41.938927 -2.492731
v -37.831188 40.264839 -7.581302
v -33.745724 41.938927 -2.555497
v -33.745724 40.640785 2.954507
v -33.745724 36.286877 -2.017498
v -33.745724 37.395435 5.570526
v -33.745724 33.430325 5.078109
v -37.871822 29.805815 -5.545873
v -37.760750 30.467737 1.923344
v -37.787838 33.436752 4.844975
v -33.783649 32.405308 -9.267778
v -33.764687 36.280449 -9.965683
v -33.745724 40.264839 -7.749427
v -37.847443 36.280449 -9.755713
v -37.866405 32.405308 -9.048842
v -33.721340 30.467737 2.137796
v -33.745724 29.805815 -5.545873
v -34.626209 37.652493 4.611095
v -34.626209 39.680035 0.426660
v -39.895592 40.039913 -0.221927
v -34.626209 40.528324 -2.190106
v -34.626209 39.583637 -4.807620
v -33.783649 32.405308 -9.267778
v -37.866405 32.405308 -9.048842
v -33.764687 36.280449 -9.965683
v -37.847443 36.280449 -9.755713
v -33.745724 40.264839 -7.749427
v -37.831188 40.264839 -7.581302
v -33.745724 41.938927 -2.555497
v -37.828476 41.938927 -2.492731
v -33.745724 40.640785 2.954507
v -37.828476 40.573311 2.864093
v -33.745724 37.395435 5.570526
v -37.787838 37.408291 5.356074
v -33.745724 33.430325 5.078109
v -37.787838 33.436752 4.844975
v -33.721340 30.467737 2.137796
v -37.760750 30.467737 1.923344
v -33.745724 29.805815 -5.545873
v -37.871822 29.805815 -5.545873
v -33.783649 32.405308 -9.267778
v -37.866405 32.405308 -9.048842
v 75.063644 34.011917 -4.715712
v 73.516693 36.004112 -5.994953
v 78.647903 36.842762 -6.047259
v 83.112656 33.960506 3.881060
v 83.034088 33.439964 4.808362
v 82.985329 32.353897 3.841459
v 81.422119 36.084442 -4.868145
v 84.112350 32.061493 -6.227338
v 84.559364 32.241432 -5.328433
v 82.893211 37.861355 -5.220833
v 84.559364 32.241432 -5.328433
v 85.553642 33.462456 -5.681120
v 87.477165 33.019032 -1.611009
v 87.712868 35.184742 1.454088
v 86.764648 34.493900 2.027953
v 86.845924 32.868011 -3.730874
v 88.260124 33.619904 -3.961766
v 80.435974 37.565739 3.127862
v 84.074425 36.254745 2.736319
v 85.128296 37.694267 2.013756
v 71.986000 34.818436 -4.497523
v 77.789093 35.882011 3.555272
v 83.705971 35.509277 -4.215821
v 86.845924 32.868011 -3.730874
v 87.477165 33.019032 -1.611009
v 77.789093 35.882011 3.555272
v 77.111794 35.817745 -0.963170
v 78.008537 36.723873 3.341567
v 80.435974 37.565739 3.127862
v 71.614838 39.034180 -0.166633
v 71.972450 37.790661 1.793326
v 76.491386 38.452583 3.566481
v 75.423965 37.221924 4.383193
v 86.764648 34.493900 2.027953
v 85.098495 38.176247 -2.132570
v 88.682762 33.738792 -2.013762
v 77.507332 32.771614 3.414049
v 77.954353 34.677055 4.978728
v 74.684357 33.398193 2.784888
v 71.972450 34.368584 1.793326
v 86.845924 32.868011 -3.730874
v 84.784233 36.919880 -4.479590
v 83.705971 35.509277 -4.215821
v 78.967590 38.873516 -6.336433
v 71.972450 37.790661 -4.753820
v 71.614838 39.034180 -3.112176
v 80.975105 35.901291 -6.227339
v 82.142761 36.894173 -6.516513
v 85.280014 33.054379 -6.516512
v 84.112350 32.061493 -6.227338
v 80.975105 35.901291 -6.227339
v 79.094925 37.022701 -4.128396
v 78.647903 36.842762 -6.047259
v 81.422119 36.084442 -4.868145
v 79.718040 39.843910 -4.481084
v 79.094925 37.022701 -4.128396
v 78.008537 36.723873 3.341567
v 79.769508 39.686462 2.750516
v 80.465775 40.811089 -2.146020
v 79.718040 39.843910 -4.481084
v 71.986000 34.818436 -4.497523
v 75.063644 34.011917 -4.715712
v 71.931816 33.639183 -1.451851
v 78.710213 33.844830 2.028701
v 83.061180 32.996540 3.162235
v 83.112656 33.960506 3.881060
v 71.972450 34.368584 1.793326
v 74.684357 33.398193 2.784888
v 77.507332 32.771614 3.414049
v 82.985329 32.353897 3.841459
v 84.074425 36.254745 2.736319
v 86.764648 34.493900 2.027953
v 84.559364 32.241432 -5.328433
v 84.112350 32.061493 -6.227338
v 40.673130 35.400028 -7.880191
v 34.626209 34.914833 -8.833644
v 34.626209 37.331173 -8.408475
v 37.871822 29.805815 -5.545873
v 33.783649 32.405308 -9.267778
v 37.866405 32.405308 -9.048842
v 37.831188 40.264839 -7.581302
v 37.828476 41.938927 -2.492731
v 37.809513 36.505375 -1.657338
v 37.828476 40.573311 2.864093
v 37.787838 37.408291 5.356074
v 33.745724 33.430325 5.078109
v 33.745724 37.395435 5.570526
v 33.745724 36.286877 -2.017498
v 33.745724 40.640785 2.954507
v 33.745724 41.938927 -2.555497
v 37.787838 33.436752 4.844975
v 37.760750 30.467737 1.923344
v 37.871822 29.805815 -5.545873
v 33.745724 40.264839 -7.749427
v 33.764687 36.280449 -9.965683
v 33.783649 32.405308 -9.267778
v 37.866405 32.405308 -9.048842
v 37.847443 36.280449 -9.755713
v 33.745724 29.805815 -5.545873
v 33.721340 30.467737 2.137796
v 40.673130 39.786072 -4.241974
v 40.673130 37.549671 -7.139695
v 34.626209 32.424587 -8.408475
v 40.673130 33.247169 -7.139694
v 34.626209 30.891882 -5.876144
v 34.626209 39.583637 -4.807620
v 34.626209 40.528324 -2.190106
v 39.895592 40.039913 -0.221927
v 34.626209 39.680035 0.426660
v 34.626209 37.652493 4.611095
v 33.745724 29.805815 -5.545873
v 37.760750 30.467737 1.923344
v 33.721340 30.467737 2.137796
v 37.787838 33.436752 4.844975
v 33.745724 33.430325 5.078109
v 37.787838 37.408291 5.356074
v 33.745724 37.395435 5.570526
v 37.828476 40.573311 2.864093
v 33.745724 40.640785 2.954507
v 37.828476 41.938927 -2.492731
v 33.745724 41.938927 -2.555497
v 37.831188 40.264839 -7.581302
v 33.745724 40.264839 -7.749427
v 37.847443 36.280449 -9.755713
v 33.764687 36.280449 -9.965683
v 37.866405 32.405308 -9.048842
v 33.783649 32.405308 -9.267778
vn -0.0000 -0.4315 0.9021
vn -0.0626 0.0861 0.9943
vn -0.1415 -0.5345 0.8332
vn -0.0627 0.0862 0.9943
vn -0.0000 0.0158 0.9999
vn 0.1415 -0.5345 0.8332
vn 0.0626 0.0861 0.9943
vn 0.0551 -0.7480 -0.6614
vn -0.0628 0.3297 -0.9420
vn 0.0469 0.0940 -0.9945
vn -0.0943 0.8725 -0.4795
vn 0.0784 0.8472 -0.5255
vn 0.0547 0.7903 0.6103
vn 0.1806 0.8797 0.4398
vn 0.2910 0.1573 0.9437
vn 0.0784 0.8471 -0.5256
vn -0.0313 0.1018 -0.9943
vn 0.0470 0.0939 -0.9945
vn -0.0078 -0.6668 -0.7452
vn 0.1018 -0.9943 0.0313
vn 0.1496 -0.9372 0.3151
vn 0.0471 0.9042 -0.4246
vn -0.0943 0.8725 -0.4794
vn 0.1888 0.8654 0.4641
vn 0.0548 0.7903 0.6103
vn 0.2664 0.2977 0.9167
vn 0.2910 0.1572 0.9437
vn 0.2992 -0.4330 0.8503
vn 0.2675 -0.4958 0.8262
vn 0.1497 -0.9372 0.3151
vn 0.1260 -0.6693 -0.7322
vn 0.0235 0.2036 -0.9788
vn 0.1017 -0.9937 -0.0469
vn 0.4626 -0.0313 0.8860
vn 0.4007 -0.5422 0.7386
vn -0.0863 -0.9883 -0.1255
vn 0.1260 -0.6693 -0.7323
vn 0.3689 0.5101 0.7770
vn 0.2127 0.8508 0.4805
vn 0.1489 0.9565 0.2509
vn 0.0236 0.9675 -0.2517
vn 0.1570 0.9028 -0.4004
vn 0.0234 0.2036 -0.9788
vn 0.2368 0.4027 -0.8842
vn -0.0156 0.9789 0.2036
vn 0.0709 0.8906 0.4492
vn -0.0471 0.7219 0.6904
vn 0.1651 0.6444 -0.7466
vn 0.1955 0.5240 -0.8290
vn 0.0626 0.8847 -0.4620
vn 0.0157 -0.9568 -0.2902
vn -0.1182 -0.9927 -0.0237
vn -0.1177 -0.6983 -0.7061
vn -0.1182 -0.9927 -0.0236
vn 0.0078 -0.9948 0.1019
vn -0.1021 -0.7228 0.6835
vn -0.0941 0.5486 -0.8308
vn -0.2036 -0.0000 -0.9790
vn -0.0941 0.0157 -0.9954
vn -0.2279 -0.6522 -0.7230
vn 0.0079 0.4722 -0.8814
vn 0.0078 0.6750 -0.7378
vn 0.0314 0.7774 -0.6282
vn 0.0943 0.7384 -0.6677
vn 0.1655 0.9612 -0.2207
vn 0.0710 0.8906 0.4492
vn -0.0157 0.9789 0.2036
vn -0.0079 0.9379 -0.3468
vn -0.2120 -0.4713 0.8561
vn -0.1497 -0.0867 0.9849
vn -0.1413 -0.4238 0.8947
vn -0.0393 -0.1336 0.9903
vn -0.0470 -0.4310 0.9011
vn -0.0470 0.3135 0.9484
vn -0.1725 0.1568 0.9724
vn -0.1411 -0.1881 0.9720
vn -0.0315 -0.7414 0.6703
vn -0.1024 -0.8116 0.5752
vn -0.0235 -0.9717 0.2350
vn -0.0314 0.2202 -0.9750
vn -0.0550 0.0157 -0.9984
vn -0.0471 0.6364 -0.7699
vn -0.0788 0.5438 -0.8355
vn -0.0000 0.1962 -0.9806
vn -0.0315 0.2202 -0.9750
vn 0.0078 0.4722 -0.8814
vn -0.0940 0.5486 -0.8308
vn 0.1654 0.9612 -0.2206
vn 0.0315 0.8810 0.4720
vn -0.0470 0.3136 0.9484
vn -0.1883 0.6826 0.7062
vn -0.1725 0.1569 0.9724
vn 0.0079 0.6750 -0.7378
vn 0.1650 0.6445 -0.7466
vn 0.0626 0.8847 -0.4619
vn 0.0626 0.9929 0.1016
vn 0.0315 0.8811 0.4720
vn -0.1174 0.9780 0.1722
vn -0.1883 0.6826 0.7061
vn -0.0471 -0.6278 -0.7769
vn -0.0315 0.2201 -0.9750
vn -0.1180 -0.4876 -0.8651
vn -0.0000 0.1961 -0.9806
vn 0.1099 -0.2355 -0.9656
vn 0.1099 -0.2356 -0.9656
vn 0.0394 -0.8671 -0.4966
vn -0.1180 -0.4875 -0.8651
vn -0.0550 -0.9820 -0.1807
vn -0.1728 -0.5262 0.8326
vn -0.1180 0.3539 0.9278
vn 0.0078 0.3768 0.9263
vn 0.0551 0.5593 -0.8271
vn 0.0157 0.4782 -0.8781
vn 0.1024 0.0709 -0.9922
vn -0.0940 0.0157 -0.9954
vn 0.1105 -0.4973 -0.8605
vn -0.2279 -0.6523 -0.7229
vn 0.0236 -0.9982 -0.0550
vn -0.1252 -0.9861 -0.1095
vn 0.1575 -0.9844 0.0787
vn -0.0470 0.7219 0.6904
vn 0.0709 0.8906 0.4493
vn -0.1021 -0.7227 0.6835
vn -0.1181 -0.9927 -0.0237
vn 0.0157 -0.9569 -0.2902
vn 0.0078 -0.9948 0.1018
vn 0.0236 -0.9982 -0.0551
vn 0.0395 -0.8671 -0.4966
vn 0.1106 -0.4974 -0.8605
vn 0.1024 0.0708 -0.9922
vn -0.0471 0.6363 -0.7700
vn 0.1807 0.7934 0.5813
vn 0.1807 0.8797 0.4398
vn -0.0551 0.0157 -0.9984
vn -0.0551 0.5593 -0.8271
vn -0.0472 0.6364 -0.7699
vn -0.0314 0.1018 -0.9943
vn 0.1022 0.8882 -0.4480
vn -0.0706 -0.1334 -0.9885
vn -0.0628 0.0628 -0.9961
vn -0.0552 -0.7255 -0.6860
vn -0.0783 -0.7049 -0.7049
vn 0.0394 -0.9991 0.0157
vn 0.1017 -0.9943 0.0313
vn 0.1651 0.0865 0.9825
vn 0.2675 -0.4957 0.8262
vn 0.1498 -0.5282 0.8358
vn 0.0393 -0.9991 0.0158
vn -0.1177 -0.6982 -0.7061
vn -0.0944 0.9444 0.3148
vn -0.0943 0.4167 0.9041
vn -0.0627 -0.0706 0.9955
vn -0.0943 -0.6840 0.7233
vn -0.1174 0.9781 0.1721
vn -0.1022 -0.7228 0.6835
vn -0.0629 0.9593 -0.2752
vn -0.0939 0.9777 -0.1877
vn -0.0079 -0.6668 -0.7452
vn 0.0625 0.9929 0.1016
vn -0.1496 -0.9372 0.3151
vn -0.1017 -0.9943 0.0313
vn -0.0551 -0.7480 -0.6614
vn -0.0548 0.7902 0.6103
vn -0.0472 0.9042 -0.4246
vn 0.0943 0.8725 -0.4795
vn 0.0628 0.3297 -0.9420
vn -0.0470 0.0939 -0.9945
vn 0.0078 -0.6668 -0.7452
vn -0.1018 -0.9943 0.0313
vn -0.2909 0.1573 0.9437
vn -0.0547 0.7903 0.6103
vn -0.1806 0.8797 0.4398
vn -0.0784 0.8472 -0.5255
vn -0.0470 0.0940 -0.9945
vn 0.0313 0.1017 -0.9943
vn -0.1497 -0.9372 0.3151
vn -0.2675 -0.4958 0.8262
vn -0.2992 -0.4330 0.8503
vn -0.2910 0.1572 0.9437
vn -0.2664 0.2977 0.9167
vn -0.0548 0.7903 0.6103
vn -0.1888 0.8654 0.4642
vn -0.0235 0.2036 -0.9788
vn -0.2369 0.4026 -0.8842
vn -0.1260 -0.6693 -0.7322
vn -0.1017 -0.9937 -0.0469
vn -0.0234 0.2035 -0.9788
vn -0.1260 -0.6693 -0.7323
vn 0.0863 -0.9883 -0.1255
vn -0.4007 -0.5422 0.7386
vn -0.4626 -0.0313 0.8860
vn -0.2368 0.4027 -0.8842
vn -0.1570 0.9028 -0.4004
vn -0.0236 0.9675 -0.2517
vn -0.1489 0.9565 0.2509
vn -0.2127 0.8508 0.4805
vn -0.3688 0.5101 0.7770
vn 0.2120 -0.4712 0.8561
vn 0.1497 -0.0867 0.9849
vn 0.1179 0.3538 0.9278
vn -0.0236 -0.9982 -0.0550
vn 0.0235 -0.9717 0.2351
vn -0.1575 -0.9844 0.0787
vn 0.0941 0.5486 -0.8308
vn 0.0941 0.0157 -0.9954
vn 0.2036 -0.0000 -0.9790
vn 0.2279 -0.6522 -0.7230
vn -0.1655 0.9612 -0.2207
vn -0.0943 0.7384 -0.6677
vn -0.0314 0.7774 -0.6282
vn -0.0078 0.6750 -0.7378
vn -0.0079 0.4722 -0.8814
vn 0.0079 0.9379 -0.3467
vn 0.0157 0.9789 0.2036
vn -0.0709 0.8906 0.4492
vn 0.0470 0.7219 0.6904
vn 0.1411 -0.1881 0.9720
vn 0.1725 0.1568 0.9724
vn 0.0470 0.3135 0.9484
vn 0.1024 -0.8116 0.5752
vn 0.1413 -0.4238 0.8947
vn 0.0315 -0.7414 0.6703
vn 0.0471 0.6364 -0.7699
vn 0.0550 0.0157 -0.9984
vn 0.0314 0.2202 -0.9750
vn 0.0315 0.2201 -0.9750
vn 0.0788 0.5438 -0.8355
vn 0.1021 -0.7228 0.6835
vn -0.0078 -0.9948 0.1019
vn 0.1182 -0.9927 -0.0236
vn 0.1725 0.1569 0.9724
vn 0.1883 0.6826 0.7062
vn 0.0470 0.3136 0.9484
vn -0.0315 0.8810 0.4720
vn -0.1654 0.9612 -0.2206
vn 0.0079 0.9379 -0.3468
vn 0.0940 0.5486 -0.8308
vn -0.0078 0.4722 -0.8814
vn 0.0470 -0.4310 0.9011
vn 0.0393 -0.1336 0.9903
vn -0.0078 0.3768 0.9263
vn 0.1883 0.6826 0.7061
vn 0.1174 0.9780 0.1722
vn -0.0315 0.8811 0.4720
vn -0.0626 0.9929 0.1017
vn -0.1655 0.9612 -0.2206
vn -0.0626 0.8847 -0.4619
vn -0.1650 0.6445 -0.7466
vn -0.0079 0.6750 -0.7378
vn -0.1099 -0.2355 -0.9656
vn 0.1180 -0.4876 -0.8651
vn 0.0471 -0.6278 -0.7769
vn 0.1176 -0.6983 -0.7061
vn 0.1177 -0.6983 -0.7061
vn -0.0157 -0.9568 -0.2902
vn 0.0550 -0.9820 -0.1807
vn 0.1180 -0.4875 -0.8651
vn -0.0394 -0.8671 -0.4966
vn -0.1548 -0.9848 0.0790
vn 0.1252 -0.9861 -0.1095
vn 0.2279 -0.6523 -0.7229
vn -0.1105 -0.4974 -0.8605
vn 0.0940 0.0157 -0.9954
vn -0.1024 0.0709 -0.9922
vn -0.0157 0.4782 -0.8781
vn -0.0552 0.5593 -0.8271
vn -0.1651 0.6444 -0.7466
vn -0.1955 0.5240 -0.8290
vn -0.0627 0.8847 -0.4619
vn -0.0626 0.8847 -0.4620
vn 0.0314 0.2202 -0.9749
vn 0.0788 0.5439 -0.8355
vn -0.1106 -0.4974 -0.8605
vn -0.0236 -0.9982 -0.0551
vn -0.0079 -0.9948 0.1018
vn 0.1182 -0.9927 -0.0237
vn 0.1021 -0.7227 0.6835
vn -0.0709 0.8906 0.4493
vn 0.0471 0.7219 0.6904
vn 0.1728 -0.5262 0.8326
vn 0.0472 0.6364 -0.7699
vn 0.0551 0.0157 -0.9984
vn 0.0706 -0.1334 -0.9885
vn 0.0629 0.9593 -0.2752
vn 0.0939 0.9777 -0.1877
vn 0.0944 0.9444 0.3148
vn 0.1174 0.9781 0.1721
vn 0.0314 0.1018 -0.9943
vn 0.0079 -0.6668 -0.7452
vn 0.0783 -0.7049 -0.7049
vn -0.0393 -0.9991 0.0157
vn 0.0943 0.4167 0.9041
vn 0.1729 0.1569 0.9724
vn 0.0627 -0.0705 0.9955
vn 0.0943 -0.6840 0.7233
vn 0.1022 -0.7228 0.6835
vn -0.0625 0.9929 0.1016
vn -0.0393 -0.9991 0.0158
vn -0.1498 -0.5282 0.8358
vn -0.1651 0.0865 0.9825
vn -0.1807 0.7934 0.5813
vn -0.1022 0.8882 -0.4480
vn 0.0628 0.0628 -0.9961
vn 0.0552 -0.7255 -0.6860
vn -0.2676 -0.4957 0.8262
vn -0.2910 0.1573 0.9437
vn -0.1807 0.8797 0.4399
vn -0.0785 0.8471 -0.5255
vn 0.2352 -0.2117 -0.9486
vn 0.2369 0.4027 -0.8842
vn -0.7783 -0.2358 -0.5819
vn -0.2352 0.2117 -0.9486
vn 0.0865 -0.7390 -0.6682
vn -0.7000 0.7000 0.1416
vn -0.4876 -0.1180 -0.8651
vn -0.8953 0.4398 -0.0706
vn -0.7699 -0.6364 0.0472
vn -0.0863 0.6432 0.7608
vn -0.1414 -0.6679 0.7307
vn -0.5202 -0.1340 0.8435
vn 0.0864 0.2120 0.9734
vn 0.0315 -0.0000 0.9995
vn 0.3365 -0.8375 0.4305
vn 0.1333 -0.9873 0.0861
vn -0.1335 -0.9030 -0.4083
vn -0.1653 -0.7717 -0.6141
vn -0.7000 0.7000 0.1415
vn -0.8953 0.4398 -0.0707
vn -0.4173 0.0787 0.9053
vn -0.7699 -0.6364 0.0471
vn -0.9915 -0.1181 0.0551
vn -0.0789 -0.9703 0.2288
vn 0.0865 -0.7389 -0.6683
vn -0.1653 0.6693 -0.7244
vn -0.0548 -0.9948 0.0862
vn 0.4082 -0.7772 -0.4789
vn 0.0865 -0.7390 -0.6681
vn -0.8713 0.0628 0.4867
vn -0.4569 0.5672 0.6853
vn -0.6378 0.7402 -0.2126
vn -0.5203 -0.1340 0.8434
vn -0.6764 -0.7315 -0.0865
vn -0.1414 -0.6678 0.7308
vn -0.3373 -0.3765 0.8628
vn 0.2586 -0.6427 0.7212
vn 0.4008 -0.5421 0.7386
vn 0.0628 0.6051 0.7937
vn 0.1490 0.9565 0.2509
vn 0.0787 0.4013 -0.9126
vn 0.4476 -0.6991 -0.5576
vn -0.1654 -0.7716 -0.6142
vn 0.4477 -0.6990 -0.5577
vn 0.2129 -0.4495 0.8675
vn 0.3691 -0.8011 -0.4712
vn -0.1813 -0.4493 0.8748
vn -0.0547 -0.9948 0.0861
vn -0.2736 0.0235 0.9616
vn 0.2130 -0.4495 0.8675
vn -0.7388 0.5737 0.3537
vn -0.6451 0.0393 -0.7631
vn -0.1573 0.2910 -0.9437
vn -0.4096 -0.5435 -0.7326
vn 0.1332 -0.9873 0.0862
vn 0.3366 -0.8375 0.4305
vn 0.4007 -0.5421 0.7386
vn -0.3373 -0.3766 0.8628
vn 0.2586 -0.6427 0.7211
vn -0.1413 0.9892 -0.0393
vn -0.9660 -0.0863 0.2435
vn -0.1812 -0.4492 0.8748
vn -0.1178 0.5652 -0.8165
vn -0.1252 -0.9861 -0.1096
vn -0.2195 -0.4705 -0.8547
vn -0.1491 -0.0000 -0.9888
vn -0.6123 0.0941 0.7850
vn -0.5912 0.6228 0.5125
vn -1.0000 -0.0000 -0.0000
vn -0.5741 0.8179 0.0394
vn -0.5909 0.6855 -0.4254
vn 0.5657 0.8172 -0.1100
vn 0.5668 0.7400 0.3621
vn 1.0000 -0.0000 -0.0000
vn 0.5576 0.3298 0.7618
vn 0.5423 -0.2751 0.7938
vn -0.5812 -0.7540 -0.3063
vn -0.5831 -0.7723 0.2521
vn -0.5971 -0.4322 0.6757
vn 0.5651 -0.5258 -0.6357
vn 0.5417 0.0314 -0.8400
vn 0.5586 0.5664 -0.6059
vn -0.5978 0.2202 -0.7708
vn -0.6073 -0.3234 -0.7257
vn 0.5596 -0.7014 0.4414
vn 0.5742 -0.8102 -0.1179
vn 0.0157 0.9289 0.3700
vn -0.0236 0.9994 -0.0236
vn -0.0078 0.9021 -0.4315
vn 0.5651 -0.5259 -0.6357
vn -0.6073 -0.3234 -0.7256
vn 0.5587 0.5665 -0.6058
vn -0.5909 0.6854 -0.4254
vn 0.5658 0.8172 -0.1100
vn -0.5741 0.8178 0.0393
vn -0.5913 0.6228 0.5124
vn -0.6123 0.0942 0.7850
vn -0.5972 -0.4321 0.6757
vn 0.5596 -0.7015 0.4413
vn -0.5832 -0.7722 0.2522
vn 0.5742 -0.8102 -0.1180
vn -0.5812 -0.7539 -0.3063
vn -0.6074 -0.3233 -0.7256
vn 0.1335 -0.9030 -0.4083
vn -0.2352 -0.2117 -0.9486
vn 0.1654 -0.7717 -0.6141
vn 0.8953 0.4398 -0.0707
vn 0.4173 0.0787 0.9053
vn 0.7699 -0.6364 0.0471
vn -0.2129 -0.4495 0.8675
vn -0.3691 -0.8011 -0.4712
vn 0.1812 -0.4492 0.8748
vn 0.7388 0.5737 0.3537
vn 0.1813 -0.4492 0.8748
vn 0.9660 -0.0863 0.2435
vn 0.0789 -0.9703 0.2288
vn 0.8713 0.0628 0.4867
vn 0.3373 -0.3765 0.8628
vn -0.0865 -0.7389 -0.6682
vn 0.7783 -0.2358 -0.5819
vn 0.1415 -0.6679 0.7307
vn -0.2587 -0.6427 0.7212
vn 0.4569 0.5672 0.6853
vn 0.7000 0.7000 0.1415
vn -0.4082 -0.7772 -0.4789
vn -0.0865 -0.7390 -0.6681
vn 0.7000 0.7000 0.1416
vn 0.6764 -0.7315 -0.0865
vn 0.5202 -0.1341 0.8434
vn 0.1414 -0.6678 0.7308
vn -0.1490 0.9565 0.2509
vn -0.3689 0.5101 0.7770
vn -0.0628 0.6051 0.7937
vn -0.0864 0.2120 0.9734
vn 0.6378 0.7402 -0.2126
vn 0.9915 -0.1181 0.0551
vn -0.1333 -0.9873 0.0861
vn -0.0315 -0.0000 0.9995
vn -0.3366 -0.8375 0.4304
vn -0.4007 -0.5421 0.7386
vn -0.0865 -0.7390 -0.6682
vn 0.2352 0.2117 -0.9486
vn -0.0786 0.4012 -0.9126
vn -0.4477 -0.6990 -0.5576
vn 0.1573 0.2910 -0.9437
vn 0.6451 0.0393 -0.7631
vn -0.4477 -0.6990 -0.5577
vn 0.0548 -0.9948 0.0862
vn 0.1653 -0.7716 -0.6142
vn -0.2130 -0.4496 0.8675
vn 0.2736 0.0235 0.9616
vn 0.0548 -0.9948 0.0861
vn 0.5202 -0.1340 0.8435
vn 0.0863 0.6432 0.7608
vn 0.1413 0.9892 -0.0393
vn 0.1653 0.6693 -0.7244
vn 0.4096 -0.5435 -0.7326
vn 0.4876 -0.1180 -0.8651
vn 0.8953 0.4398 -0.0706
vn -0.3365 -0.8375 0.4305
vn -0.1332 -0.9873 0.0862
vn 0.7699 -0.6364 0.0472
vn -0.2587 -0.6427 0.7211
vn 0.3373 -0.3766 0.8628
vn 0.0547 -0.9948 0.0862
vn 0.1812 -0.4493 0.8748
vn -0.3691 -0.8011 -0.4713
vn 0.1491 -0.0000 -0.9888
vn 0.1178 0.5652 -0.8165
vn 0.5812 -0.7539 -0.3063
vn -0.5651 -0.5259 -0.6357
vn 0.6074 -0.3233 -0.7257
vn 0.5909 0.6855 -0.4254
vn 0.5741 0.8179 0.0394
vn 0.5912 0.6228 0.5124
vn 0.6123 0.0942 0.7850
vn -0.5423 -0.2751 0.7938
vn -0.5576 0.3298 0.7618
vn -0.5668 0.7400 0.3621
vn -0.5657 0.8172 -0.1100
vn 0.5971 -0.4321 0.6758
vn 0.5831 -0.7723 0.2522
vn 0.5812 -0.7540 -0.3062
vn -0.5586 0.5665 -0.6059
vn -0.5417 0.0315 -0.8400
vn -0.5651 -0.5258 -0.6358
vn 0.6073 -0.3234 -0.7256
vn 0.5978 0.2202 -0.7708
vn -0.5742 -0.8102 -0.1179
vn -0.5596 -0.7015 0.4414
vn 0.2196 -0.4705 -0.8547
vn 0.1252 -0.9861 -0.1096
vn 0.0078 0.9021 -0.4315
vn 0.0236 0.9994 -0.0236
vn -0.0157 0.9289 0.3700
vn -0.5742 -0.8102 -0.1180
vn 0.5832 -0.7722 0.2522
vn -0.5596 -0.7015 0.4413
vn 0.5972 -0.4321 0.6757
vn -0.5576 0.3299 0.7618
vn 0.5913 0.6228 0.5124
vn 0.5741 0.8178 0.0393
vn -0.5658 0.8172 -0.1100
vn 0.5909 0.6854 -0.4254
vn -0.5587 0.5665 -0.6058
vn -0.5417 0.0314 -0.8400
vn 0.6074 -0.3233 -0.7256
vn -0.5651 -0.5258 -0.6357
vt 0.000000 0.000000
vt 0.089630 0.715179
vt 0.169403 0.714996
vt 0.166046 0.658356
vt 0.283447 0.658447
vt 0.283447 0.639679
vt 0.355408 0.658447
vt 0.355408 0.639679
vt 0.469482 0.657166
vt 0.163086 0.608002
vt 0.089630 0.608002
vt 0.009979 0.608582
vt 0.009979 0.715179
vt 0.283447 0.715179
vt 0.355408 0.715179
vt 0.466522 0.715027
vt 0.532806 0.715179
vt 0.532806 0.648468
vt 0.569275 0.715179
vt 0.569275 0.608582
vt 0.946167 0.449219
vt 0.989990 0.449219
vt 0.989990 0.535126
vt 0.989990 0.652344
vt 0.946167 0.636719
vt 0.946167 0.535126
vt 0.979462 0.042969
vt 0.949219 0.009979
vt 0.892242 0.042969
vt 0.847626 0.009979
vt 0.832001 0.042969
vt 0.769501 0.009979
vt 0.753876 0.042969
vt 0.660126 0.009979
vt 0.691376 0.058594
vt 0.621399 0.027344
vt 0.366699 0.103271
vt 0.363251 0.199219
vt 0.433594 0.009979
vt 0.237732 0.290375
vt 0.218597 0.343079
vt 0.302856 0.274536
vt 0.066376 0.277344
vt 0.009979 0.372253
vt 0.089630 0.372253
vt 0.601685 0.372253
vt 0.601685 0.253876
vt 0.532806 0.372253
vt 0.199219 0.113251
vt 0.152344 0.113251
vt 0.152344 0.175751
vt 0.113251 0.113251
vt 0.199219 0.175751
vt 0.199219 0.214844
vt 0.230469 0.199219
vt 0.297760 0.199799
vt 0.330505 0.199493
vt 0.263153 0.111542
vt 0.496979 0.131866
vt 0.464844 0.183929
vt 0.496094 0.183929
vt 0.464844 0.246094
vt 0.496094 0.246094
vt 0.433594 0.246094
vt 0.428650 0.372253
vt 0.477417 0.372253
vt 0.550751 0.246094
vt 0.542908 0.199219
vt 0.542908 0.009979
vt 0.152344 0.316376
vt 0.153931 0.372253
vt 0.218506 0.372253
vt 0.191376 0.292969
vt 0.152344 0.300751
vt 0.382812 0.272400
vt 0.393372 0.372253
vt 0.355469 0.269501
vt 0.355469 0.372253
vt 0.105469 0.300751
vt 0.121094 0.292969
vt 0.121094 0.214844
vt 0.105469 0.214844
vt 0.085938 0.246094
vt 0.496979 0.009979
vt 0.433594 0.131866
vt 0.425751 0.183929
vt 0.207001 0.308594
vt 0.187500 0.214844
vt 0.152344 0.214844
vt 0.113251 0.175751
vt 0.009979 0.128876
vt 0.035126 0.009979
vt 0.009979 0.009979
vt 0.601685 0.128876
vt 0.601685 0.009979
vt 0.009979 0.253876
vt 0.355408 0.585663
vt 0.219879 0.498047
vt 0.283447 0.585663
vt 0.153931 0.498199
vt 0.161774 0.585785
vt 0.089630 0.498047
vt 0.089630 0.585754
vt 0.009979 0.498047
vt 0.473145 0.585663
vt 0.532806 0.585663
vt 0.569275 0.498047
vt 0.355408 0.498047
vt 0.428650 0.498047
vt 0.477386 0.498169
vt 0.532806 0.498047
vt 0.569275 0.372253
vt 0.283447 0.498047
vt 0.300751 0.372253
vt 0.652344 0.082001
vt 0.730469 0.386719
vt 0.730469 0.300751
vt 0.707001 0.371094
vt 0.792969 0.613464
vt 0.707001 0.636719
vt 0.683594 0.621277
vt 0.683594 0.660126
vt 0.892548 0.205658
vt 0.917969 0.214844
vt 0.927063 0.186035
vt 0.916656 0.121094
vt 0.964844 0.167969
vt 0.989990 0.105469
vt 0.989990 0.167969
vt 0.621399 0.097626
vt 0.621399 0.182953
vt 0.940399 0.175751
vt 0.933594 0.285126
vt 0.964844 0.261719
vt 0.989990 0.285126
vt 0.777252 0.394501
vt 0.779449 0.420563
vt 0.730469 0.410126
vt 0.707001 0.214844
vt 0.707001 0.261719
vt 0.707001 0.277344
vt 0.619202 0.529175
vt 0.618073 0.480652
vt 0.675751 0.480652
vt 0.888672 0.399719
vt 0.892548 0.308594
vt 0.780762 0.300751
vt 0.777344 0.607239
vt 0.832001 0.527344
vt 0.753876 0.607239
vt 0.917969 0.363251
vt 0.917969 0.292969
vt 0.892242 0.143372
vt 0.660126 0.207001
vt 0.621399 0.261719
vt 0.785126 0.436768
vt 0.761719 0.480652
vt 0.714844 0.443176
vt 0.714844 0.476044
vt 0.660126 0.443176
vt 0.660126 0.476044
vt 0.699219 0.261719
vt 0.675751 0.261719
vt 0.621399 0.355469
vt 0.644501 0.355469
vt 0.644501 0.261719
vt 0.888672 0.415344
vt 0.808594 0.636719
vt 0.871094 0.436768
vt 0.816376 0.660126
vt 0.894501 0.652344
vt 0.621094 0.607239
vt 0.675751 0.607239
vt 0.780762 0.226257
vt 0.644501 0.371094
vt 0.675751 0.371094
vt 0.675751 0.355469
vt 0.699219 0.355469
vt 0.199219 0.009979
vt 0.113251 0.009979
vt 0.152344 0.009979
vt 0.349213 0.727112
vt 0.300751 0.727112
vt 0.269501 0.800751
vt 0.238251 0.727112
vt 0.183594 0.727112
vt 0.058594 0.727112
vt 0.175751 0.727112
vt 0.089844 0.792969
vt 0.175751 0.800751
vt 0.175751 0.831879
vt 0.269501 0.850494
vt 0.349213 0.850494
vt 0.349213 0.792816
vt 0.009979 0.850494
vt 0.009979 0.792816
vt 0.009979 0.727112
vt 0.183594 0.792816
vt 0.183594 0.850494
vt 0.175751 0.850494
vt 0.066376 0.850494
vt 0.363251 0.009979
vt 0.308594 0.009979
vt 0.261719 0.009979
vt 0.009979 0.870239
vt 0.009979 0.989990
vt 0.064758 0.870239
vt 0.064758 0.989990
vt 0.121857 0.870239
vt 0.121857 0.989990
vt 0.242065 0.870239
vt 0.242065 0.989990
vt 0.370972 0.870239
vt 0.370972 0.989990
vt 0.521881 0.870239
vt 0.521881 0.989990
vt 0.586151 0.870239
vt 0.586151 0.989990
vt 0.650421 0.870239
vt 0.650421 0.989990
vt 0.815735 0.870239
vt 0.815735 0.989990
vt 0.927216 0.870239
vt 0.927216 0.989990
s 1
usemtl m_body020
f 1/1/1 2/1/2 3/1/3
f 4/1/4 5/1/1 6/1/5
f 6/1/5 5/1/1 7/1/6
f 6/1/5 7/1/6 8/1/7
f 9/2/8 10/3/9 11/4/10
f 11/4/10 10/3/9 12/5/11
f 11/4/10 12/5/11 13/6/12
f 13/6/12 12/5/11 14/7/13
f 13/6/12 14/7/13 15/8/14
f 15/8/14 14/7/13 16/9/15
f 17/6/16 18/10/17 19/4/18
f 19/4/18 18/10/17 20/11/19
f 19/4/18 20/11/19 21/2/8
f 21/2/8 20/11/19 22/12/20
f 21/2/8 22/12/20 23/13/21
f 24/3/9 25/14/22 26/5/23
f 26/5/23 25/14/22 27/15/24
f 26/5/23 27/15/24 28/7/25
f 28/7/25 27/15/24 29/16/26
f 28/7/25 29/16/26 30/9/27
f 30/9/27 29/16/26 31/17/28
f 30/9/27 31/17/28 32/18/29
f 32/18/29 31/17/28 33/19/30
f 32/18/29 33/19/30 34/20/20
f 35/21/31 36/22/32 37/23/33
f 38/24/34 39/25/35 40/23/33
f 40/23/33 39/25/35 41/26/36
f 40/23/33 41/26/36 42/21/37
f 43/27/35 44/28/34 45/29/38
f 45/29/38 44/28/34 46/30/39
f 45/29/38 46/30/39 47/31/40
f 47/31/40 46/30/39 48/32/41
f 47/31/40 48/32/41 49/33/42
f 49/33/42 48/32/41 50/34/43
f 49/33/42 50/34/43 51/35/44
f 51/35/44 50/34/43 52/36/31
f 53/37/45 54/38/46 55/39/47
f 56/40/48 57/41/49 58/42/50
f 59/43/51 60/44/52 61/45/53
f 62/46/54 63/47/55 64/48/56
f 65/49/57 66/50/58 67/51/59
f 67/51/59 66/50/58 68/52/60
f 69/53/61 70/54/62 71/55/63
f 71/55/63 70/54/62 72/56/64
f 71/55/63 72/56/64 73/57/65
f 74/38/66 75/37/67 76/58/68
f 77/59/69 78/60/70 79/61/71
f 79/61/71 78/60/70 80/62/72
f 79/61/71 80/62/72 81/63/73
f 82/64/74 83/65/75 84/66/76
f 81/63/73 85/67/77 79/61/71
f 79/61/71 85/67/77 86/68/78
f 79/61/71 86/68/78 77/59/69
f 77/59/69 86/68/78 87/69/79
f 88/70/80 89/71/81 90/72/82
f 91/73/83 92/74/84 93/70/85
f 94/51/59 95/53/86 96/49/87
f 96/49/87 95/53/86 71/55/63
f 96/49/87 71/55/63 97/58/68
f 97/58/68 71/55/63 98/57/88
f 97/58/68 98/57/88 99/38/46
f 99/38/46 98/57/88 100/75/89
f 99/38/46 100/75/89 101/64/90
f 101/64/90 100/75/89 102/76/91
f 101/64/90 102/76/91 83/65/92
f 103/54/93 104/40/94 72/56/64
f 72/56/64 104/40/94 58/42/95
f 72/56/64 58/42/95 73/57/65
f 73/57/65 58/42/95 105/77/96
f 73/57/65 105/77/96 106/75/97
f 106/75/97 105/77/96 107/78/98
f 106/75/97 107/78/98 108/76/99
f 109/45/53 110/71/81 111/79/100
f 111/79/100 110/71/81 112/70/101
f 111/79/100 112/70/101 113/80/102
f 113/80/102 112/70/101 114/74/103
f 113/80/102 114/74/103 115/81/104
f 116/81/105 117/82/106 118/80/107
f 118/80/107 117/82/106 119/83/108
f 118/80/107 119/83/108 120/79/100
f 120/79/100 119/83/108 121/43/51
f 120/79/100 121/43/51 61/45/53
f 87/69/79 122/84/109 77/59/69
f 77/59/69 122/84/109 123/85/110
f 77/59/69 123/85/110 78/60/70
f 78/60/70 123/85/110 124/86/111
f 78/60/70 124/86/111 80/62/72
f 57/41/49 56/40/48 125/87/112
f 125/87/112 56/40/48 70/54/62
f 125/87/112 70/54/62 126/88/113
f 126/88/113 70/54/62 69/53/61
f 126/88/113 69/53/61 127/89/114
f 127/89/114 69/53/61 128/51/115
f 127/89/114 128/51/115 129/90/116
f 129/90/116 128/51/115 130/52/117
f 129/90/116 130/52/117 131/91/118
f 131/91/118 130/52/117 132/92/119
f 131/91/118 132/92/119 133/93/120
f 122/84/109 134/39/121 123/85/110
f 123/85/110 134/39/121 135/38/122
f 123/85/110 135/38/122 124/86/111
f 124/86/111 135/38/122 82/64/74
f 124/86/111 82/64/74 80/62/72
f 80/62/72 82/64/74 84/66/76
f 80/62/72 84/66/76 81/63/73
f 81/63/73 84/66/76 136/48/123
f 81/63/73 136/48/123 85/67/77
f 85/67/77 136/48/123 137/47/55
f 85/67/77 137/47/55 86/68/78
f 86/68/78 137/47/55 138/94/118
f 86/68/78 138/94/118 87/69/79
f 87/69/79 138/94/118 139/95/120
f 140/44/124 141/43/125 142/96/126
f 142/96/126 141/43/125 143/83/108
f 142/96/126 143/83/108 144/91/127
f 144/91/127 143/83/108 145/82/128
f 144/91/127 145/82/128 146/90/129
f 146/90/129 145/82/128 115/81/104
f 146/90/129 115/81/104 147/89/130
f 147/89/130 115/81/104 114/74/103
f 147/89/130 114/74/103 148/88/113
f 148/88/113 114/74/103 149/73/83
f 148/88/113 149/73/83 150/87/112
f 150/87/112 149/73/83 112/70/80
f 150/87/112 112/70/80 151/41/49
f 151/41/49 112/70/80 152/72/131
f 151/41/49 152/72/131 153/42/50
f 154/9/15 155/97/132 156/8/133
f 157/71/134 158/98/135 159/72/136
f 160/10/137 161/6/12 162/99/138
f 158/98/135 163/100/139 164/101/140
f 164/101/140 163/100/139 165/102/141
f 164/101/140 165/102/141 166/103/142
f 166/103/142 165/102/141 167/104/143
f 166/103/142 167/104/143 168/12/144
f 155/97/132 154/9/15 169/105/145
f 169/105/145 154/9/15 170/18/146
f 169/105/145 170/18/146 171/106/147
f 171/106/147 170/18/146 172/20/20
f 171/106/147 172/20/20 173/107/148
f 158/98/135 157/71/134 163/100/139
f 163/100/139 157/71/134 174/45/149
f 163/100/139 174/45/149 165/102/141
f 165/102/141 174/45/149 175/44/52
f 165/102/141 175/44/52 167/104/143
f 176/108/150 155/97/132 177/109/151
f 177/109/151 155/97/132 169/105/145
f 177/109/151 169/105/145 178/110/152
f 178/110/152 169/105/145 171/106/147
f 178/110/152 171/106/147 179/111/153
f 179/111/153 171/106/147 173/107/148
f 179/111/153 173/107/148 180/112/54
f 181/78/154 176/108/150 182/76/99
f 182/76/99 176/108/150 177/109/151
f 182/76/99 177/109/151 183/65/92
f 183/65/92 177/109/151 178/110/152
f 183/65/92 178/110/152 184/66/76
f 184/66/76 178/110/152 179/111/153
f 184/66/76 179/111/153 185/48/155
f 185/48/155 179/111/153 180/112/54
f 161/6/12 156/8/133 162/99/138
f 162/99/138 156/8/133 155/97/132
f 162/99/138 155/97/132 186/113/156
f 186/113/156 155/97/132 176/108/150
f 186/113/156 176/108/150 187/114/157
f 187/114/157 176/108/150 181/78/154
f 168/12/144 188/11/158 166/103/142
f 166/103/142 188/11/158 160/10/137
f 166/103/142 160/10/137 164/101/140
f 164/101/140 160/10/137 162/99/138
f 164/101/140 162/99/138 158/98/135
f 158/98/135 162/99/138 186/113/156
f 158/98/135 186/113/156 159/72/136
f 159/72/136 186/113/156 187/114/157
f 159/72/136 187/114/157 189/42/95
f 189/42/95 187/114/157 181/78/154
f 189/42/95 181/78/154 190/77/159
f 191/13/160 192/12/161 193/2/162
f 194/7/163 195/14/164 196/5/165
f 196/5/165 195/14/164 197/3/166
f 196/5/165 197/3/166 198/4/167
f 198/4/167 197/3/166 193/2/162
f 198/4/167 193/2/162 199/11/168
f 199/11/168 193/2/162 200/12/169
f 201/9/170 202/7/171 203/8/172
f 203/8/172 202/7/171 204/5/165
f 203/8/172 204/5/165 205/6/173
f 205/6/173 204/5/165 206/4/174
f 205/6/173 206/4/174 207/10/175
f 207/10/175 206/4/174 208/11/168
f 209/20/169 210/19/176 211/18/177
f 211/18/177 210/19/176 212/17/178
f 211/18/177 212/17/178 213/9/179
f 213/9/179 212/17/178 214/16/180
f 213/9/179 214/16/180 215/7/181
f 215/7/181 214/16/180 216/15/182
f 215/7/181 216/15/182 217/14/164
f 218/34/183 219/35/184 220/36/185
f 221/23/186 222/22/187 223/21/185
f 224/21/188 225/26/189 226/23/186
f 226/23/186 225/26/189 227/25/190
f 226/23/186 227/25/190 228/24/191
f 229/35/192 230/34/183 231/33/193
f 231/33/193 230/34/183 232/32/194
f 231/33/193 232/32/194 233/31/195
f 233/31/195 232/32/194 234/30/196
f 233/31/195 234/30/196 235/29/197
f 235/29/197 234/30/196 236/28/191
f 235/29/197 236/28/191 237/27/190
f 238/59/198 239/60/199 240/85/200
f 241/94/201 242/69/202 243/95/203
f 244/49/204 245/51/205 246/50/206
f 246/50/206 245/51/205 247/52/207
f 248/57/208 249/56/209 250/55/210
f 250/55/210 249/56/209 251/54/211
f 250/55/210 251/54/211 252/53/212
f 253/58/213 254/37/214 255/38/215
f 255/38/215 254/37/214 256/39/216
f 257/66/217 258/65/218 259/64/219
f 260/69/202 261/68/220 238/59/198
f 239/60/199 238/59/198 262/61/221
f 262/61/221 238/59/198 261/68/220
f 262/61/221 261/68/220 263/67/222
f 264/72/223 265/71/224 266/70/225
f 267/70/226 268/74/103 269/73/227
f 270/48/228 271/47/229 272/46/230
f 273/65/231 274/76/232 275/64/233
f 275/64/233 274/76/232 276/75/234
f 275/64/233 276/75/234 277/38/215
f 277/38/215 276/75/234 278/57/235
f 277/38/215 278/57/235 279/58/236
f 279/58/236 278/57/235 280/55/210
f 279/58/236 280/55/210 281/49/237
f 281/49/237 280/55/210 282/53/238
f 281/49/237 282/53/238 283/51/205
f 263/67/222 284/63/239 262/61/221
f 262/61/221 284/63/239 285/62/240
f 262/61/221 285/62/240 239/60/199
f 239/60/199 285/62/240 286/86/241
f 239/60/199 286/86/241 240/85/200
f 287/76/242 288/78/243 289/75/244
f 289/75/244 288/78/243 290/77/245
f 289/75/244 290/77/245 291/57/246
f 291/57/246 290/77/245 292/42/247
f 291/57/246 292/42/247 293/56/209
f 293/56/209 292/42/247 294/40/248
f 293/56/209 294/40/248 295/54/249
f 296/81/250 268/74/103 297/80/251
f 297/80/251 268/74/103 267/70/226
f 297/80/251 267/70/226 298/79/252
f 298/79/252 267/70/226 299/71/224
f 298/79/252 299/71/224 300/45/253
f 301/45/254 302/43/255 303/79/252
f 303/79/252 302/43/255 304/83/256
f 303/79/252 304/83/256 305/80/257
f 305/80/257 304/83/256 306/82/258
f 305/80/257 306/82/258 307/81/250
f 308/93/259 309/92/260 310/91/201
f 310/91/201 309/92/260 311/52/261
f 310/91/201 311/52/261 312/90/262
f 312/90/262 311/52/261 313/51/263
f 312/90/262 313/51/263 314/89/264
f 314/89/264 313/51/263 252/53/212
f 314/89/264 252/53/212 315/88/265
f 315/88/265 252/53/212 251/54/211
f 315/88/265 251/54/211 316/87/266
f 316/87/266 251/54/211 317/40/267
f 316/87/266 317/40/267 318/41/268
f 318/41/268 317/40/267 319/42/269
f 320/42/270 321/72/223 322/41/268
f 322/41/268 321/72/223 323/70/271
f 322/41/268 323/70/271 324/87/135
f 324/87/135 323/70/271 325/73/272
f 324/87/135 325/73/272 326/88/265
f 326/88/265 325/73/272 327/74/103
f 326/88/265 327/74/103 328/89/264
f 328/89/264 327/74/103 307/81/250
f 328/89/264 307/81/250 329/90/273
f 329/90/273 307/81/250 306/82/258
f 329/90/273 306/82/258 330/91/274
f 330/91/274 306/82/258 304/83/256
f 330/91/274 304/83/256 331/96/275
f 331/96/275 304/83/256 332/43/255
f 331/96/275 332/43/255 333/44/276
f 333/44/276 332/43/255 334/45/254
f 260/69/202 335/94/201 261/68/220
f 261/68/220 335/94/201 336/47/229
f 261/68/220 336/47/229 263/67/222
f 263/67/222 336/47/229 337/48/277
f 263/67/222 337/48/277 284/63/239
f 284/63/239 337/48/277 338/66/217
f 284/63/239 338/66/217 285/62/240
f 285/62/240 338/66/217 339/64/219
f 285/62/240 339/64/219 286/86/241
f 286/86/241 339/64/219 340/38/278
f 286/86/241 340/38/278 240/85/200
f 240/85/200 340/38/278 341/39/279
f 240/85/200 341/39/279 238/59/198
f 238/59/198 341/39/279 342/84/280
f 238/59/198 342/84/280 260/69/202
f 343/72/281 344/98/112 345/71/282
f 345/71/282 344/98/112 346/100/283
f 345/71/282 346/100/283 347/45/254
f 348/113/284 349/114/285 350/108/286
f 350/108/286 349/114/285 351/78/287
f 350/108/286 351/78/287 352/76/242
f 353/10/288 354/11/289 355/103/290
f 355/103/290 354/11/289 356/12/169
f 355/103/290 356/12/169 357/104/291
f 358/109/292 359/65/293 360/110/294
f 360/110/294 359/65/293 361/66/217
f 360/110/294 361/66/217 362/111/295
f 362/111/295 361/66/217 363/48/296
f 362/111/295 363/48/296 364/112/230
f 365/77/297 351/78/287 366/42/247
f 366/42/247 351/78/287 349/114/285
f 366/42/247 349/114/285 343/72/281
f 343/72/281 349/114/285 348/113/284
f 343/72/281 348/113/284 344/98/112
f 364/112/230 367/107/298 362/111/295
f 362/111/295 367/107/298 368/106/299
f 362/111/295 368/106/299 360/110/294
f 360/110/294 368/106/299 369/105/300
f 360/110/294 369/105/300 358/109/292
f 358/109/292 369/105/300 370/97/301
f 371/99/302 353/10/288 372/101/303
f 372/101/303 353/10/288 355/103/290
f 372/101/303 355/103/290 373/102/304
f 373/102/304 355/103/290 357/104/291
f 373/102/304 357/104/291 374/44/276
f 367/107/298 375/20/169 368/106/299
f 368/106/299 375/20/169 376/18/305
f 368/106/299 376/18/305 369/105/300
f 369/105/300 376/18/305 377/9/306
f 369/105/300 377/9/306 370/97/301
f 370/97/301 377/9/306 378/8/307
f 370/97/301 378/8/307 371/99/302
f 371/99/302 378/8/307 379/6/308
f 371/99/302 379/6/308 353/10/288
f 374/44/276 347/45/254 373/102/304
f 373/102/304 347/45/254 346/100/283
f 373/102/304 346/100/283 372/101/303
f 372/101/303 346/100/283 344/98/112
f 372/101/303 344/98/112 371/99/302
f 371/99/302 344/98/112 348/113/284
f 371/99/302 348/113/284 370/97/301
f 370/97/301 348/113/284 350/108/286
f 370/97/301 350/108/286 358/109/292
f 358/109/292 350/108/286 352/76/242
f 358/109/292 352/76/242 359/65/293
f 380/115/309 381/35/310 382/36/37
f 383/116/311 384/117/312 385/118/313
f 386/119/314 387/120/315 388/121/316
f 387/120/315 389/122/317 388/121/316
f 390/123/318 391/124/319 392/125/320
f 393/126/321 394/127/322 395/128/323
f 395/128/323 394/127/322 396/129/324
f 382/36/37 397/130/325 380/115/309
f 380/115/309 397/130/325 398/131/326
f 399/132/327 400/133/328 401/134/329
f 401/134/329 400/133/328 402/135/330
f 403/136/331 383/116/311 404/137/332
f 404/137/332 383/116/311 405/138/333
f 406/139/334 407/140/335 408/141/336
f 409/142/332 410/143/337 411/144/336
f 412/145/338 413/146/339 414/147/340
f 386/119/314 415/148/341 416/149/342
f 416/149/342 415/148/341 417/150/343
f 412/145/338 418/151/344 413/146/339
f 413/146/339 418/151/344 419/152/345
f 413/146/339 419/152/345 391/124/319
f 395/128/323 420/27/346 393/126/321
f 393/126/321 420/27/346 421/29/38
f 393/126/321 421/29/38 422/153/347
f 422/153/347 421/29/38 423/31/348
f 424/33/42 381/35/310 425/154/349
f 381/35/310 380/115/309 425/154/349
f 425/154/349 380/115/309 398/131/326
f 425/154/349 398/131/326 426/155/350
f 427/156/351 428/157/335 429/158/352
f 429/158/352 428/157/335 430/159/353
f 429/158/352 430/159/353 431/160/354
f 431/160/354 430/159/353 432/161/355
f 407/140/356 433/139/357 434/162/358
f 434/162/358 433/139/357 435/163/359
f 436/164/354 437/165/360 438/166/361
f 438/166/361 437/165/360 435/163/359
f 438/166/361 435/163/359 406/139/334
f 384/117/312 383/116/311 414/147/340
f 414/147/340 383/116/311 403/136/331
f 414/147/340 403/136/331 412/145/338
f 412/145/338 403/136/331 404/137/332
f 412/145/338 404/137/332 439/167/344
f 387/120/315 386/119/314 440/168/362
f 440/168/362 386/119/314 416/149/342
f 440/168/362 416/149/342 441/26/36
f 441/26/36 416/149/342 442/169/325
f 441/26/36 442/169/325 443/21/31
f 389/122/317 387/120/315 444/170/363
f 444/170/363 387/120/315 440/168/362
f 444/170/363 440/168/362 445/171/364
f 445/171/364 440/168/362 441/26/36
f 445/171/364 441/26/36 446/25/365
f 447/172/366 409/142/332 448/173/367
f 448/173/367 409/142/332 411/144/336
f 448/173/367 411/144/336 417/150/343
f 417/150/343 411/144/336 428/157/335
f 417/150/343 428/157/335 416/149/342
f 416/149/342 428/157/335 427/156/351
f 416/149/342 427/156/351 442/169/325
f 391/124/319 390/123/318 413/146/339
f 413/146/339 390/123/318 449/174/368
f 413/146/339 449/174/368 414/147/340
f 414/147/340 449/174/368 406/139/334
f 414/147/340 406/139/334 384/117/312
f 384/117/312 406/139/334 408/141/336
f 384/117/312 408/141/336 385/118/313
f 450/175/354 451/176/355 437/165/360
f 437/165/360 451/176/355 452/177/369
f 437/165/360 452/177/369 435/163/359
f 435/163/359 452/177/369 453/178/370
f 435/163/359 453/178/370 434/162/358
f 402/135/330 396/129/324 401/134/329
f 401/134/329 396/129/324 394/127/322
f 401/134/329 394/127/322 399/132/327
f 399/132/327 394/127/322 393/126/321
f 399/132/327 393/126/321 392/125/320
f 392/125/320 393/126/321 422/153/347
f 392/125/320 422/153/347 390/123/318
f 390/123/318 422/153/347 423/31/348
f 390/123/318 423/31/348 449/174/368
f 449/174/368 423/31/348 424/33/42
f 449/174/368 424/33/42 406/139/334
f 406/139/334 424/33/42 425/154/349
f 406/139/334 425/154/349 438/166/361
f 438/166/361 425/154/349 426/155/350
f 438/166/361 426/155/350 436/164/354
f 454/49/57 455/179/371 456/50/58
f 455/179/371 454/49/57 457/58/68
f 458/92/372 459/52/60 460/180/373
f 460/180/373 459/52/60 456/50/58
f 460/180/373 456/50/58 461/181/374
f 461/181/374 456/50/58 455/179/371
f 462/182/375 463/183/376 464/184/377
f 464/184/377 463/183/376 465/185/378
f 464/184/377 465/185/378 466/186/379
f 467/187/380 468/188/381 469/189/382
f 469/189/382 468/188/381 470/190/383
f 469/189/382 470/190/383 471/191/384
f 472/192/385 473/193/386 464/184/377
f 464/184/377 473/193/386 474/194/387
f 464/184/377 474/194/387 462/182/375
f 475/195/388 476/196/389 469/189/382
f 469/189/382 476/196/389 477/197/390
f 469/189/382 477/197/390 467/187/380
f 466/186/379 478/198/391 464/184/377
f 464/184/377 478/198/391 479/199/392
f 464/184/377 479/199/392 472/192/385
f 471/191/384 480/200/393 469/189/382
f 469/189/382 480/200/393 481/201/394
f 469/189/382 481/201/394 475/195/388
f 482/39/121 483/202/395 484/37/67
f 484/37/67 483/202/395 485/203/396
f 484/37/67 485/203/396 457/58/68
f 457/58/68 485/203/396 486/204/397
f 457/58/68 486/204/397 455/179/371
f 487/205/398 488/206/399 489/207/389
f 489/207/389 488/206/399 490/208/391
f 489/207/389 490/208/391 491/209/400
f 491/209/400 490/208/391 492/210/401
f 491/209/400 492/210/401 493/211/402
f 493/211/402 492/210/401 494/212/403
f 493/211/402 494/212/403 495/213/381
f 495/213/381 494/212/403 496/214/404
f 495/213/381 496/214/404 497/215/383
f 497/215/383 496/214/404 498/216/405
f 497/215/383 498/216/405 499/217/384
f 499/217/384 498/216/405 500/218/406
f 499/217/384 500/218/406 501/219/407
f 501/219/407 500/218/406 502/220/408
f 501/219/407 502/220/408 503/221/409
f 503/221/409 502/220/408 504/222/410
f 503/221/409 504/222/410 505/223/388
f 505/223/388 504/222/410 506/224/411
f 507/130/412 508/115/413 509/131/414
f 510/133/415 511/134/416 512/135/417
f 513/159/418 514/160/419 515/161/420
f 516/163/421 517/178/422 518/177/423
f 519/137/424 520/145/425 521/167/426
f 519/137/424 522/138/427 523/116/428
f 524/124/429 525/152/430 526/146/431
f 508/115/413 507/130/412 527/36/188
f 511/134/416 510/133/415 528/132/432
f 529/144/433 530/143/434 531/142/424
f 532/119/435 533/149/436 534/148/437
f 534/148/437 533/149/436 535/150/438
f 536/31/439 537/29/440 538/153/441
f 538/153/441 537/29/440 539/126/442
f 525/152/430 540/151/426 526/146/431
f 526/146/431 540/151/426 520/145/425
f 526/146/431 520/145/425 541/147/443
f 541/147/443 520/145/425 542/136/444
f 543/129/445 544/127/446 545/128/447
f 545/128/447 544/127/446 539/126/442
f 545/128/447 539/126/442 546/27/448
f 546/27/448 539/126/442 537/29/440
f 523/116/428 547/118/449 548/117/450
f 548/117/450 547/118/449 549/141/433
f 550/154/451 551/35/184 552/33/193
f 553/155/452 509/131/414 550/154/451
f 550/154/451 509/131/414 508/115/413
f 550/154/451 508/115/413 551/35/184
f 551/35/184 508/115/413 527/36/188
f 554/166/453 555/165/454 556/164/419
f 514/160/419 513/159/418 557/158/455
f 557/158/455 513/159/418 558/157/456
f 557/158/455 558/157/456 559/156/457
f 517/178/422 516/163/421 560/162/458
f 560/162/458 516/163/421 561/139/459
f 560/162/458 561/139/459 562/140/460
f 563/125/461 524/124/429 564/123/462
f 564/123/462 524/124/429 526/146/431
f 564/123/462 526/146/431 565/174/463
f 565/174/463 526/146/431 541/147/443
f 565/174/463 541/147/443 566/139/464
f 567/21/185 568/169/412 569/26/189
f 569/26/189 568/169/412 533/149/436
f 569/26/189 533/149/436 570/168/465
f 570/168/465 533/149/436 532/119/435
f 570/168/465 532/119/435 571/120/466
f 571/120/466 532/119/435 572/121/467
f 573/25/190 569/26/189 574/171/468
f 574/171/468 569/26/189 570/168/465
f 574/171/468 570/168/465 575/170/469
f 575/170/469 570/168/465 571/120/466
f 575/170/469 571/120/466 576/122/470
f 576/122/470 571/120/466 572/121/467
f 568/169/412 559/156/457 533/149/436
f 533/149/436 559/156/457 558/157/456
f 533/149/436 558/157/456 535/150/438
f 535/150/438 558/157/456 529/144/433
f 535/150/438 529/144/433 577/173/471
f 577/173/471 529/144/433 531/142/424
f 577/173/471 531/142/424 578/172/472
f 520/145/425 519/137/424 542/136/444
f 542/136/444 519/137/424 523/116/428
f 542/136/444 523/116/428 541/147/443
f 541/147/443 523/116/428 548/117/450
f 541/147/443 548/117/450 566/139/464
f 566/139/464 548/117/450 549/141/433
f 566/139/464 549/141/433 562/140/473
f 579/176/474 580/175/475 518/177/423
f 518/177/423 580/175/475 555/165/454
f 518/177/423 555/165/454 516/163/421
f 516/163/421 555/165/454 554/166/453
f 516/163/421 554/166/453 566/139/464
f 556/164/419 553/155/452 554/166/453
f 554/166/453 553/155/452 550/154/451
f 554/166/453 550/154/451 566/139/464
f 566/139/464 550/154/451 552/33/193
f 566/139/464 552/33/193 565/174/463
f 565/174/463 552/33/193 536/31/439
f 565/174/463 536/31/439 564/123/462
f 564/123/462 536/31/439 538/153/441
f 564/123/462 538/153/441 563/125/461
f 563/125/461 538/153/441 539/126/442
f 563/125/461 539/126/442 528/132/432
f 528/132/432 539/126/442 544/127/446
f 528/132/432 544/127/446 511/134/416
f 511/134/416 544/127/446 543/129/445
f 511/134/416 543/129/445 512/135/417
f 581/50/206 582/181/476 583/179/477
f 584/222/478 585/223/479 586/224/480
f 587/186/481 588/185/482 589/184/382
f 589/184/382 588/185/482 590/183/483
f 589/184/382 590/183/483 591/182/484
f 592/191/485 593/190/486 594/189/377
f 594/189/377 593/190/486 595/188/487
f 594/189/377 595/188/487 596/187/488
f 591/182/484 597/194/489 589/184/382
f 589/184/382 597/194/489 598/193/490
f 589/184/382 598/193/490 599/192/491
f 596/187/488 600/197/492 594/189/377
f 594/189/377 600/197/492 601/196/493
f 594/189/377 601/196/493 602/195/494
f 599/192/491 603/199/495 589/184/382
f 589/184/382 603/199/495 604/198/496
f 589/184/382 604/198/496 587/186/481
f 602/195/494 605/201/497 594/189/377
f 594/189/377 605/201/497 606/200/498
f 594/189/377 606/200/498 592/191/485
f 607/58/236 608/49/237 583/179/477
f 583/179/477 608/49/237 581/50/206
f 582/181/476 581/50/206 609/180/499
f 609/180/499 581/50/206 610/52/207
f 609/180/499 610/52/207 611/92/500
f 583/179/477 612/204/501 607/58/236
f 607/58/236 612/204/501 613/203/502
f 607/58/236 613/203/502 614/37/214
f 614/37/214 613/203/502 615/202/503
f 614/37/214 615/202/503 616/39/279
f 585/223/479 584/222/478 617/221/504
f 617/221/504 584/222/478 618/220/505
f 617/221/504 618/220/505 619/219/506
f 619/219/506 618/220/505 620/218/507
f 619/219/506 620/218/507 621/217/485
f 621/217/485 620/218/507 622/216/484
f 621/217/485 622/216/484 623/215/508
f 623/215/508 622/216/484 624/214/509
f 623/215/508 624/214/509 625/213/487
f 625/213/487 624/214/509 626/212/510
f 625/213/487 626/212/510 627/211/511
f 627/211/511 626/212/510 628/210/512
f 627/211/511 628/210/512 629/209/513
f 629/209/513 628/210/512 630/208/496
f 629/209/513 630/208/496 631/207/514
f 631/207/514 630/208/496 632/206/515
f 631/207/514 632/206/515 633/205/516
o editpl_m-0000-64
v 3.188721 39.059883 1.607268
v 10.625459 41.039227 -1.396558
v 6.390989 42.102802 -2.406053
v 6.390989 42.102802 -2.406053
v 4.995754 44.204247 -7.966868
v 4.234470 47.706654 -6.380520
v 8.907830 38.529701 2.984396
v 1.137862 37.086967 5.625820
v 7.913556 37.504684 4.390665
v 1.062004 32.177170 8.749949
v 9.861467 28.472328 9.888714
v -1.170372 37.909550 3.813811
v 0.000000 37.649281 4.091777
v 0.000000 38.025227 3.239198
v 1.145989 37.909550 3.813811
v 2.771506 42.944664 1.925584
v 3.188721 39.059883 1.607268
v 5.732655 45.203556 -1.206017
v 6.390989 42.102802 -2.406053
v 4.234470 47.706654 -6.380520
v 7.033068 38.240513 -12.105722
v 10.476454 42.019257 -5.456207
v 11.554713 39.198051 -9.507637
v 17.244020 31.997229 -11.040186
v 18.427938 25.233404 -7.138947
v 15.984245 25.834276 -10.526845
v 10.934307 27.132416 -12.776726
v 7.065578 34.262547 -13.233278
v 11.262120 35.004803 -11.687279
v -1.273321 34.272186 -13.490322
v -5.580940 38.709644 -11.878568
v 0.000000 39.551506 -12.119920
v 10.476454 42.019257 -5.456207
v 7.033068 38.240513 -12.105722
v 4.995754 44.204247 -7.966868
v 0.000000 45.017193 -9.390324
v 0.000000 48.326805 -8.515328
v -5.020137 44.204247 -7.966868
v -4.258853 47.706654 -6.380520
v 10.934307 27.132416 -12.776726
v 17.244020 31.997229 -11.040186
v 16.076359 37.697479 -9.660069
v 14.968297 40.695412 -6.463460
v 7.114344 28.456261 -14.136667
v 1.248938 34.169365 -13.490322
v 0.000000 39.551506 -12.119920
v 0.000000 45.017193 -9.390324
v -5.580940 38.709644 -11.878568
v -5.020137 44.204247 -7.966868
v -6.632107 43.526257 -7.014163
v 5.215199 39.725021 2.589863
v 3.031588 37.719971 5.428554
v 3.592391 37.077328 5.803659
v 0.923835 36.800991 6.653248
v 1.043040 35.772762 7.239069
v -1.170372 37.909550 3.813811
v -4.548737 38.793186 2.191595
v -3.570718 37.244415 5.178982
v -6.225728 39.381207 2.589863
v -3.592391 37.077328 5.803659
v -3.031588 37.719971 5.428554
v -1.043040 35.772762 7.239069
v -0.923835 36.800991 6.653248
v -5.849150 50.261162 -1.105890
v -3.998771 51.119091 -6.059962
v -5.757037 45.203556 -1.206017
v -4.258853 47.706654 -6.380520
v -6.412662 42.102802 -2.406053
v -5.020137 44.204247 -7.966868
v -6.632107 43.526257 -7.014163
v -3.031588 37.719971 5.428554
v -5.215199 39.725021 2.589863
v -6.225728 39.381207 2.589863
v -6.916573 42.710098 -2.246148
v -8.035470 42.157425 -2.199073
v -5.258546 44.991486 -8.194771
v -5.805803 44.213886 -8.562404
v 0.000000 45.663048 -10.061328
v 0.000000 44.769772 -10.531330
v 5.258546 44.991486 -8.194771
v 5.805803 44.213886 -8.562404
v 6.916573 42.710098 -2.246148
v 8.035470 42.157425 -2.199073
v 5.215199 39.725021 2.589863
v 6.225728 39.381207 2.589863
v 3.592391 37.077328 5.803659
v -6.412662 42.102802 -2.406053
v -4.548737 38.793186 2.191595
v -3.213104 39.059883 1.607268
v -1.170372 37.909550 3.813811
v -2.793179 42.944664 1.925584
v 0.000000 38.025227 3.239198
v 0.000000 42.353432 3.894510
v 2.771506 42.944664 1.925584
v 4.226343 46.414940 0.256293
v 5.732655 45.203556 -1.206017
v 5.824767 50.261162 -1.105890
v 3.974388 51.119091 -6.059962
v 0.000000 36.842762 7.163600
v 0.000000 35.840240 7.583538
v 0.923835 36.800991 6.653248
v 1.043040 35.772762 7.239069
v -1.043040 35.772762 7.239069
v -1.904563 34.561378 8.015432
v 0.000000 35.409668 9.506885
v 0.000000 29.783321 11.119387
v 1.904563 34.561378 8.015432
v -9.208551 42.613705 -6.068928
v -6.632107 43.526257 -7.014163
v -8.669421 38.934566 -10.266066
v -5.580940 38.709644 -11.878568
v -6.171544 34.677055 -13.168270
v 0.000000 32.781254 -14.270420
v 0.000000 29.548756 -14.288353
v 1.043040 35.772762 7.239069
v 0.000000 35.409668 9.506885
v 0.000000 35.840240 7.583538
v -1.043040 35.772762 7.239069
v 0.000000 36.842762 7.163600
v -0.923835 36.800991 6.653248
v 10.625459 41.039227 -1.396558
v 3.188721 39.059883 1.607268
v 8.907830 38.529701 2.984396
v 1.145989 37.909550 3.813811
v 1.137862 37.086967 5.625820
v 0.000000 37.649281 4.091777
v 0.000000 36.759220 5.146105
v -1.170372 37.909550 3.813811
v -1.162244 37.086967 5.625820
v -3.570718 37.244415 5.178982
v 1.062004 32.177170 8.749949
v -6.965338 37.504684 4.390665
v -13.093535 38.645378 3.130104
v -13.025805 34.548527 5.807395
v -13.093535 38.645378 3.130104
v -6.965338 37.504684 4.390665
v -13.881911 40.229496 -0.626174
v -8.815718 41.215954 -1.396558
v -9.208551 42.613705 -6.068928
v -14.989971 40.695412 -6.463460
v -11.576386 39.198051 -9.507637
v -16.100740 37.697479 -9.660069
v -11.283793 35.004803 -11.687279
v -17.268402 31.997229 -11.040186
v -6.632107 43.526257 -7.014163
v -9.208551 42.613705 -6.068928
v -6.412662 42.102802 -2.406053
v -8.815718 41.215954 -1.396558
v -4.548737 38.793186 2.191595
v -6.965338 37.504684 4.390665
v -3.570718 37.244415 5.178982
v -5.613450 35.518917 5.622831
v 1.062004 32.177170 8.749949
v 0.000000 29.988968 9.872275
v 8.693804 26.133106 11.271820
v -6.171544 34.677055 -13.168270
v -11.283793 35.004803 -11.687279
v -8.669421 38.934566 -10.266066
v -11.576386 39.198051 -9.507637
v -9.208551 42.613705 -6.068928
v -14.989971 40.695412 -6.463460
v -13.881911 40.229496 -0.626174
v 7.060160 5.661691 -7.098596
v 6.949083 0.048197 -6.963348
v 4.237180 0.048197 -8.247073
v 11.562840 0.048198 -5.935173
v 6.949083 0.048197 -6.963348
v 11.465309 5.083312 -5.267906
v 7.060160 5.661691 -7.098596
v 12.687156 10.388335 -5.031037
v 10.072784 12.476926 -7.945197
v 14.253070 16.840479 -5.284346
v 4.237180 0.048197 -8.247073
v 4.619176 5.607066 -8.064004
v 7.060160 5.661691 -7.098596
v 7.092670 12.769329 -8.136485
v 10.842195 16.638044 -7.945198
v -16.523375 18.569189 -0.966157
v -16.195562 14.363086 -0.162895
v -14.840965 15.580896 4.629777
v -14.082391 3.923340 4.389173
v -11.140206 8.344729 7.339200
v -13.098954 10.105572 4.132876
v -15.355712 -0.257057 4.387679
v -12.941820 -0.520540 7.002951
v -10.861159 10.651820 8.392033
v -11.711846 15.394531 8.528774
v -14.605265 15.266001 3.727135
v -5.014718 13.415186 -10.447638
v -6.786531 20.824867 -12.991925
v -0.010837 13.411973 -10.844412
v -2.132136 21.586401 -13.804901
v 0.000000 21.586401 -12.877600
v -14.567337 10.179476 -1.336779
v -11.140206 8.344729 7.339200
v -14.082391 3.923340 4.389173
v -10.365377 3.637364 8.251556
v -10.546893 -0.674775 8.607980
v 2.124008 0.048197 -8.831399
v -0.010837 0.048197 -8.197009
v 1.297704 5.607066 -8.956932
v -2.790470 13.791133 -10.244394
v -0.010837 13.791133 -9.503152
v 0.021674 5.607066 -8.069982
v 2.766087 13.791133 -10.244394
v -7.336498 3.534541 10.101674
v -7.062869 -0.748679 10.080752
v -4.692324 3.672710 11.148530
v -5.071611 -0.906127 11.568468
v -0.010837 -0.928619 12.243955
v -5.014718 13.415186 -10.447638
v -9.474052 20.365379 -11.158993
v -6.786531 20.824867 -12.991925
v -10.685062 27.408751 -12.692290
v -7.138726 28.456261 -14.136667
v -11.283793 35.004803 -11.687279
v -6.171544 34.677055 -13.168270
v -15.355712 -0.257057 4.387679
v -13.927967 4.704152 -1.254583
v -11.660371 5.083312 -5.267906
v -12.711539 10.388335 -5.031037
v -7.173946 5.661691 -7.098596
v -10.097166 12.476926 -7.945197
v -7.117053 12.769329 -8.136485
v -4.692324 5.607066 -8.064004
v -1.251648 5.607066 -8.956932
v -10.861159 10.651820 8.392033
v -9.541782 9.842089 8.750698
v -7.653473 12.043144 10.411770
v -7.336498 3.534541 10.101674
v -4.592084 7.374337 11.793380
v -4.692324 3.672710 11.148530
v 0.021674 3.380307 11.097719
v -0.010837 -0.928619 12.243955
v 4.738380 3.672710 11.148530
v -16.195562 14.363086 -0.162895
v -16.523375 18.569189 -0.966157
v -14.751562 13.450532 -4.851704
v -16.114286 18.668798 -4.678349
v -11.963801 13.125996 -7.945197
v -14.185340 19.484957 -9.806524
v -9.474052 20.365379 -11.158993
v -16.008629 25.834276 -10.526845
v -10.685062 27.408751 -12.692290
v -17.268402 31.997229 -11.040186
v -11.283793 35.004803 -11.687279
v 2.766087 13.791133 -10.244394
v 1.297704 5.607066 -8.956932
v -2.148391 0.048197 -8.831399
v -4.258853 0.048197 -8.247073
v -6.973466 0.048197 -6.963348
v -11.587223 0.048198 -5.935173
v -14.515862 0.048198 -1.506397
v 4.237180 0.048197 -8.247073
v 4.619176 5.607066 -8.064004
v 7.092670 12.769329 -8.136485
v 2.977404 17.952251 -9.903662
v -0.010837 17.952251 -9.503152
v -3.001787 17.952251 -9.903662
v -10.863868 16.638044 -7.945198
v -14.277453 16.840479 -5.284346
v -16.263292 18.154684 -1.175379
v -10.861159 10.651820 8.392033
v -9.541782 9.842089 8.750698
v -10.365377 3.637364 8.251556
v -7.336498 3.534541 10.101674
v -7.062869 -0.748679 10.080752
v -18.915592 30.197826 6.893106
v -25.414949 33.256809 4.049932
v -19.205477 28.420918 5.314978
v -12.148026 22.100517 9.585343
v -13.971314 22.328655 6.458225
v -11.673917 19.745228 9.554708
v -14.840965 15.580896 4.629777
v -14.551082 19.918741 4.048440
v -16.523375 18.569189 -0.966157
v -14.551082 19.918741 4.048440
v -14.840965 15.580896 4.629777
v -11.589932 16.554501 10.020973
v -2.229667 24.259800 12.815578
v 0.000000 29.988968 9.872275
v -7.499049 24.230881 12.305225
v -10.064656 22.270817 10.886254
v -12.148026 22.100517 9.585343
v -11.673917 19.745228 9.554708
v -16.008629 25.834276 -10.526845
v -19.002287 25.750732 -7.138947
v -17.268402 31.997229 -11.040186
v -35.344147 31.116808 -5.703537
v -25.577501 30.030741 -7.396739
v -25.355349 30.425966 -1.735048
v -25.414949 33.256809 4.049932
v -18.915592 30.197826 6.893106
v -22.388781 33.944439 5.261178
v -17.092306 34.352516 5.738652
v -18.222040 39.959583 1.823962
v -35.344147 31.116808 -5.703537
v -35.344147 32.636662 -8.120048
v -25.577501 30.030741 -7.396739
v -27.370989 32.771614 -8.789557
v -21.567894 32.392456 -9.920103
v -13.025805 34.548527 5.807395
v -18.915592 30.197826 6.893106
v -15.848786 27.758993 8.672239
v -19.205477 28.420918 5.314978
v -16.685926 26.190945 7.103076
v -17.279240 25.657549 2.616017
v -16.008629 25.834276 -10.526845
v -14.185340 19.484957 -9.806524
v -19.002287 25.750732 -7.138947
v -16.114286 18.668798 -4.678349
v -18.346663 24.879950 -1.638657
v -17.279240 25.657549 2.616017
v -14.551082 19.918741 4.048440
v -13.971314 22.328655 6.458225
v -12.148026 22.100517 9.585343
v -13.632665 23.485415 9.273005
v -10.064656 22.270817 10.886254
v -12.421655 25.034185 10.660593
v -7.499049 24.230881 12.305225
v -9.845211 29.294912 10.313883
v 0.000000 29.988968 9.872275
v -5.613450 35.518917 5.622831
v -17.279240 25.657549 2.616017
v -20.538401 29.349537 0.165134
v -18.346663 24.879950 -1.638657
v -19.858393 27.652958 -5.007127
v -19.002287 25.750732 -7.138947
v -19.590183 28.083529 -9.043612
v -17.268402 31.997229 -11.040186
v -17.279240 25.657549 2.616017
v -20.538401 29.349537 0.165134
v -26.682854 31.634136 2.497209
v -35.344147 33.716301 4.307724
v -35.344147 31.955458 0.600016
v -11.589932 16.554501 10.020973
v -11.673917 19.745228 9.554708
v -14.551082 19.918741 4.048440
v -13.971314 22.328655 6.458225
v -17.279240 25.657549 2.616017
v -13.632665 23.485415 9.273005
v -16.685926 26.190945 7.103076
v -12.421655 25.034185 10.660593
v -15.848786 27.758993 8.672239
v -9.845211 29.294912 10.313883
v -13.025805 34.548527 5.807395
v -6.965338 37.504684 4.390665
v -13.025805 34.548527 5.807395
v -17.092306 34.352516 5.738652
v -17.002901 39.654327 2.018240
v -18.222040 39.959583 1.823962
v -16.967684 40.682560 -1.696194
v -18.341244 41.113129 -1.809024
v -17.696457 40.660065 -6.352872
v -18.688021 40.669704 -6.142903
v -19.064598 37.835648 -9.030910
v -22.031166 37.954536 -8.401751
v -21.567894 32.392456 -9.920103
v -24.369202 37.488621 -8.220176
v -27.370989 32.771614 -8.789557
v -29.774042 37.324745 -8.845599
v -35.344147 34.937325 -8.860544
v -20.538401 29.349537 0.165134
v -25.355349 30.425966 -1.735048
v -19.858393 27.652958 -5.007127
v -25.577501 30.030741 -7.396739
v -19.590183 28.083529 -9.043612
v -21.567894 32.392456 -9.920103
v -17.268402 31.997229 -11.040186
v -19.064598 37.835648 -9.030910
v -16.100740 37.697479 -9.660069
v -17.696457 40.660065 -6.352872
v -14.989971 40.695412 -6.463460
v -16.967684 40.682560 -1.696194
v -13.881911 40.229496 -0.626174
v -17.002901 39.654327 2.018240
v -13.093535 38.645378 3.130104
v -13.025805 34.548527 5.807395
v 0.000000 29.548756 -14.288353
v -7.138726 28.456261 -14.136667
v -6.171544 34.677055 -13.168270
v -2.229667 24.259800 12.815578
v 0.000000 23.781031 12.211076
v 0.000000 29.988968 9.872275
v 2.205284 24.259800 12.815578
v 8.693804 26.133106 11.271820
v -11.733520 19.510662 8.247818
v -16.263292 18.154684 -1.175379
v -14.605265 15.266001 3.727135
v 4.995754 44.204247 -7.966868
v 6.390989 42.102802 -2.406053
v 10.476454 42.019257 -5.456207
v 10.625459 41.039227 -1.396558
v 13.860237 40.229496 -0.626174
v 8.907830 38.529701 2.984396
v 13.069152 38.645378 3.130104
v 7.913556 37.504684 4.390665
v 13.004132 34.548527 5.807395
v 9.861467 28.472328 9.888714
v 15.120012 27.196680 9.081717
v 15.255472 23.282982 -9.486714
v 14.185340 19.484957 -9.806524
v 9.474052 20.365379 -11.158993
v 17.257566 25.657549 2.616017
v 16.098030 23.424362 3.090502
v 17.940283 22.560007 -1.380118
v 7.474667 24.230881 12.305225
v 12.397272 25.034185 10.660593
v 8.693804 26.133106 11.271820
v 14.529408 19.918741 4.048440
v 13.949640 22.328655 6.458225
v 11.649535 19.745228 9.554708
v 15.255472 23.282982 -9.486714
v 9.474052 20.365379 -11.158993
v 6.984302 25.516167 -13.705521
v 13.608282 23.485415 9.273005
v 10.042983 22.270817 10.886254
v 12.123644 22.100517 9.585343
v 18.324989 24.879950 -1.638657
v 17.257566 25.657549 2.616017
v 14.185340 19.484957 -9.806524
v 15.255472 23.282982 -9.486714
v 16.089905 18.668798 -4.678349
v 17.552870 22.624271 -6.117496
v 16.501701 18.569189 -0.966157
v 21.546221 32.392456 -9.920103
v 22.009493 37.954536 -8.401751
v 24.344818 37.488621 -8.220176
v 23.131100 40.827152 -5.722965
v 20.514017 29.349537 0.165134
v 19.836720 27.652958 -5.007127
v 25.333673 30.425966 -1.735048
v 25.553120 30.030741 -7.396739
v 18.891211 30.197826 6.893106
v 17.070633 34.352516 5.738652
v 13.004132 34.548527 5.807395
v 16.978519 39.654327 2.018240
v 13.069152 38.645378 3.130104
v 13.860237 40.229496 -0.626174
v 17.257566 25.657549 2.616017
v 19.181093 28.420918 5.314978
v 16.664253 26.190945 7.103076
v 18.891211 30.197826 6.893106
v 15.120012 27.196680 9.081717
v 13.004132 34.548527 5.807395
v 5.776002 23.086975 12.418056
v 6.315131 20.484268 12.033984
v 10.042983 22.270817 10.886254
v 11.649535 19.745228 9.554708
v 13.949640 22.328655 6.458225
v 15.190451 23.710339 4.929412
v 16.664253 26.190945 7.103076
v 14.575464 24.343344 8.585562
v 15.120012 27.196680 9.081717
v 12.397272 25.034185 10.660593
v 9.861467 28.472328 9.888714
v 8.693804 26.133106 11.271820
v 23.036278 40.817513 1.775393
v 22.871017 41.633671 -2.106418
v 18.319571 41.113129 -1.809024
v 18.666348 40.669704 -6.142903
v 17.672073 40.660065 -6.352872
v 19.042925 37.835648 -9.030910
v 16.076359 37.697479 -9.660069
v 17.244020 31.997229 -11.040186
v 19.836720 27.652958 -5.007127
v 19.565800 28.083529 -9.043612
v 25.553120 30.030741 -7.396739
v 21.546221 32.392456 -9.920103
v 27.349316 32.771614 -8.789557
v 24.344818 37.488621 -8.220176
v 29.752371 37.324745 -8.845599
v 16.076359 37.697479 -9.660069
v 14.968297 40.695412 -6.463460
v 17.672073 40.660065 -6.352872
v 16.946009 40.682560 -1.696194
v 18.319571 41.113129 -1.809024
v 18.200365 39.959583 1.823962
v 23.036278 40.817513 1.775393
v 24.786417 36.743153 3.839963
v 27.761112 40.203789 1.044611
v 27.880318 37.221924 3.522395
v 17.552870 22.624271 -6.117496
v 17.940283 22.560007 -1.380118
v 16.098030 23.424362 3.090502
v 14.529408 19.918741 4.048440
v 15.190451 23.710339 4.929412
v 14.575464 24.343344 8.585562
v 12.397272 25.034185 10.660593
v 7.474667 24.230881 12.305225
v 5.776002 23.086975 12.418056
v 17.257566 25.657549 2.616017
v 20.514017 29.349537 0.165134
v 19.181093 28.420918 5.314978
v 25.390568 33.256809 4.049932
v 22.364397 33.944439 5.261178
v 18.200365 39.959583 1.823962
v 16.946009 40.682560 -1.696194
v 14.968297 40.695412 -6.463460
v 22.871017 41.633671 -2.106418
v 23.131100 40.827152 -5.722965
v 18.666348 40.669704 -6.142903
v 22.009493 37.954536 -8.401751
v 19.042925 37.835648 -9.030910
v 21.546221 32.392456 -9.920103
v 19.565800 28.083529 -9.043612
v 18.427938 25.233404 -7.138947
v 19.836720 27.652958 -5.007127
v 18.324989 24.879950 -1.638657
v 20.514017 29.349537 0.165134
v 17.257566 25.657549 2.616017
v 10.842195 16.638044 -7.945198
v 7.092670 12.769329 -8.136485
v 2.977404 17.952251 -9.903662
v 8.533961 15.963270 11.402584
v 5.570103 18.569189 11.340565
v 6.339514 14.581586 11.896497
v 14.253070 16.840479 -5.284346
v 16.238909 18.154684 -1.175379
v 12.687156 10.388335 -5.031037
v 14.542954 10.179476 -1.336779
v 11.465309 5.083312 -5.267906
v 13.974023 4.704152 -1.254583
v 11.562840 0.048198 -5.935173
v 14.518571 15.266001 3.727135
v 11.687463 15.394531 8.528774
v 10.839486 10.651820 8.392033
v 8.533961 15.963270 11.402584
v 7.629091 12.043144 10.411770
v 6.339514 14.581586 11.896497
v 4.621885 12.239150 12.279821
v -0.010837 12.322694 12.898520
v 0.000000 21.586401 -12.877600
v 2.132136 21.586401 -13.804901
v -0.010837 13.411973 -10.844412
v 6.786531 20.824867 -12.991925
v 4.990336 13.415186 -10.447638
v 9.474052 20.365379 -11.158993
v 11.939418 13.125996 -7.945197
v 14.185340 19.484957 -9.806524
v 15.520973 13.701163 -4.335374
v 16.089905 18.668798 -4.678349
v 16.122414 14.363086 -0.162895
v 16.501701 18.569189 -0.966157
v 14.767817 15.580896 4.629777
v 14.529408 19.918741 4.048440
v -11.711846 15.394531 8.528774
v -10.861159 10.651820 8.392033
v -8.558344 15.963270 11.402584
v -7.653473 12.043144 10.411770
v -6.363897 14.581586 11.896497
v -4.643559 12.239150 12.279821
v -0.010837 7.396830 12.203605
v 4.567701 7.374337 11.793380
v 7.629091 12.043144 10.411770
v 7.382554 3.534541 10.101674
v 9.520108 9.842089 8.750698
v 10.411433 3.637364 8.251556
v 11.115823 8.344729 7.339200
v 14.128447 3.923340 4.389173
v 13.074571 10.105572 4.132876
v 14.542954 10.179476 -1.336779
v 14.518571 15.266001 3.727135
v 16.238909 18.154684 -1.175379
v 11.709137 19.510662 8.247818
v 10.476454 42.019257 -5.456207
v 13.860237 40.229496 -0.626174
v 14.968297 40.695412 -6.463460
v -1.273321 34.272186 -13.490322
v 0.000000 32.781254 -14.270420
v -5.580940 38.709644 -11.878568
v 15.984245 25.834276 -10.526845
v 11.443636 27.052084 -13.205630
v 10.934307 27.132416 -12.776726
v 7.087252 28.671547 -14.505047
v 7.114344 28.456261 -14.136667
v 18.324989 24.879950 -1.638657
v 17.940283 22.560007 -1.380118
v 18.427938 25.233404 -7.138947
v 17.552870 22.624271 -6.117496
v 15.984245 25.834276 -10.526845
v 15.255472 23.282982 -9.486714
v 11.443636 27.052084 -13.205630
v 6.984302 25.516167 -13.705521
v 7.087252 28.671547 -14.505047
v 17.154617 12.242362 0.156915
v 14.767817 15.580896 4.629777
v 12.570661 14.433778 10.470800
v -9.474052 20.365379 -11.158993
v -5.014718 13.415186 -10.447638
v -11.963801 13.125996 -7.945197
v -14.751562 13.450532 -4.851704
v -17.227764 12.242362 0.156915
v -16.195562 14.363086 -0.162895
v 4.567701 7.374337 11.793380
v 4.738380 3.672710 11.148530
v 7.382554 3.534541 10.101674
v 6.339514 14.581586 11.896497
v 5.570103 18.569189 11.340565
v -0.010837 15.420236 12.605609
v -12.595043 14.433778 10.470800
v -14.840965 15.580896 4.629777
v -17.227764 12.242362 0.156915
v -16.195562 14.363086 -0.162895
v 14.767817 15.580896 4.629777
v 17.154617 12.242362 0.156915
v 16.122414 14.363086 -0.162895
v 14.128447 3.923340 4.389173
v 13.974023 4.704152 -1.254583
v 14.542954 10.179476 -1.336779
v 10.839486 10.651820 8.392033
v 7.629091 12.043144 10.411770
v 9.520108 9.842089 8.750698
v 5.570103 18.569189 11.340565
v -0.010837 17.679129 11.915177
v -0.010837 15.420236 12.605609
v -5.594486 18.569189 11.340565
v -6.363897 14.581586 11.896497
v 11.115823 8.344729 7.339200
v 13.074571 10.105572 4.132876
v 14.518571 15.266001 3.727135
v 6.339514 14.581586 11.896497
v -0.010837 12.322694 12.898520
v -6.363897 14.581586 11.896497
v -5.594486 18.569189 11.340565
v -8.558344 15.963270 11.402584
v -12.326833 11.002059 -8.386804
v -11.963801 13.125996 -7.945197
v -7.626381 11.297675 -10.165936
v -5.014718 13.415186 -10.447638
v -0.010837 11.291249 -11.037942
v -0.010837 13.411973 -10.844412
v 4.990336 13.415186 -10.447638
v 7.601999 11.297675 -10.165936
v 11.939418 13.125996 -7.945197
v 12.302450 11.002059 -8.386804
v 15.520973 13.701163 -4.335374
v 17.154617 12.242362 0.156915
v 16.122414 14.363086 -0.162895
v 0.021674 3.380307 11.097719
v -0.010837 7.396830 12.203605
v -4.592084 7.374337 11.793380
v -4.643559 12.239150 12.279821
v -7.653473 12.043144 10.411770
v -0.010837 -0.928619 12.243955
v 5.049938 -0.906127 11.568468
v 7.041195 -0.748679 10.080752
v 10.525219 -0.674775 8.607980
v 10.411433 3.637364 8.251556
v 12.917438 -0.520540 7.002951
v 15.331329 -0.257057 4.387679
v 14.491479 0.048198 -1.506397
v 11.562840 0.048198 -5.935173
v -4.248016 46.414940 0.256293
v -5.849150 50.261162 -1.105890
v -5.757037 45.203556 -1.206017
v -4.258853 47.706654 -6.380520
v -0.010837 51.421135 -8.195518
v 0.000000 48.326805 -8.515328
v 4.234470 47.706654 -6.380520
v 4.995754 44.204247 -7.966868
v 4.226343 46.414940 0.256293
v 0.000000 44.310284 3.745066
v 0.000000 42.353432 3.894510
v -4.248016 46.414940 0.256293
v -2.793179 42.944664 1.925584
v -5.757037 45.203556 -1.206017
v -3.213104 39.059883 1.607268
v -6.412662 42.102802 -2.406053
v 12.570661 14.433778 10.470800
v 11.568259 16.554501 10.020973
v 7.691402 14.812938 13.425310
v 2.866327 21.785622 12.353048
v 0.000000 23.781031 12.211076
v 0.000000 21.763128 12.329137
v 11.709137 19.510662 8.247818
v 11.687463 15.394531 8.528774
v 14.518571 15.266001 3.727135
v -0.010837 14.812938 14.259208
v -3.527371 16.933662 13.071128
v -7.715785 14.812938 13.425310
v 7.474667 24.230881 12.305225
v 8.693804 26.133106 11.271820
v 2.205284 24.259800 12.815578
v 14.767817 15.580896 4.629777
v 5.776002 23.086975 12.418056
v 6.315131 20.484268 12.033984
v 9.861467 28.472328 9.888714
v 1.062004 32.177170 8.749949
v 8.693804 26.133106 11.271820
v -6.732347 16.933661 12.277579
v -11.589932 16.554501 10.020973
v -12.595043 14.433778 10.470800
v -14.840965 15.580896 4.629777
v 7.114344 28.456261 -14.136667
v 7.087252 28.671547 -14.505047
v -0.010837 31.727318 -13.124931
v 0.000000 32.781254 -14.270420
v -1.273321 34.272186 -13.490322
v -6.786531 20.824867 -12.991925
v -7.138726 28.456261 -14.136667
v -2.132136 21.586401 -13.804901
v 0.000000 29.548756 -14.288353
v -3.527371 16.933662 13.071128
v -0.010837 16.933662 13.267647
v -2.890710 21.785622 12.353048
v -1.162244 37.086967 5.625820
v 1.062004 32.177170 8.749949
v 0.000000 36.759220 5.146105
v 1.137862 37.086967 5.625820
v 8.533961 15.963270 11.402584
v 8.479778 19.658470 9.931306
v 5.570103 18.569189 11.340565
v 6.984302 25.516167 -13.705521
v 0.000000 29.548756 -14.288353
v 7.087252 28.671547 -14.505047
v 0.000000 32.781254 -14.270420
v -0.010837 31.727318 -13.124931
v 1.248938 34.169365 -13.490322
v 7.114344 28.456261 -14.136667
v -1.273321 34.272186 -13.490322
v 0.000000 39.551506 -12.119920
v -0.010837 31.727318 -13.124931
v -5.594486 18.569189 11.340565
v -8.501451 19.658470 9.931306
v -8.558344 15.963270 11.402584
v -11.733520 19.510662 8.247818
v -11.711846 15.394531 8.528774
v -14.605265 15.266001 3.727135
v -11.589932 16.554501 10.020973
v -6.732347 16.933661 12.277579
v -11.673917 19.745228 9.554708
v -6.339514 20.484268 12.033984
v -10.064656 22.270817 10.886254
v -5.797675 23.086975 12.418056
v -7.499049 24.230881 12.305225
v -2.229667 24.259800 12.815578
v 6.707965 16.933661 12.277579
v 3.502988 16.933662 13.071128
v -0.010837 16.933662 13.267647
v 9.474052 20.365379 -11.158993
v 6.786531 20.824867 -12.991925
v 6.984302 25.516167 -13.705521
v 2.132136 21.586401 -13.804901
v 0.000000 21.586401 -12.877600
v 14.767817 15.580896 4.629777
v 14.529408 19.918741 4.048440
v 11.568259 16.554501 10.020973
v 11.649535 19.745228 9.554708
v 6.707965 16.933661 12.277579
v 3.502988 16.933662 13.071128
v -23.155481 40.827152 -5.722965
v -22.031166 37.954536 -8.401751
v -24.369202 37.488621 -8.220176
v -27.370989 32.771614 -8.789557
v -35.344147 32.636662 -8.120048
v -35.344147 34.937325 -8.860544
v -20.538401 29.349537 0.165134
v -26.682854 31.634136 2.497209
v -25.355349 30.425966 -1.735048
v -35.344147 31.955458 0.600016
v -23.060659 40.817513 1.775393
v -27.782785 40.203789 1.044611
v -24.810801 36.743153 3.839963
v -27.904699 37.221924 3.522395
v -22.031166 37.954536 -8.401751
v -23.155481 40.827152 -5.722965
v -18.688021 40.669704 -6.142903
v -22.895399 41.633671 -2.106418
v -18.341244 41.113129 -1.809024
v -23.060659 40.817513 1.775393
v -18.222040 39.959583 1.823962
v -24.810801 36.743153 3.839963
v -22.388781 33.944439 5.261178
v -27.904699 37.221924 3.522395
v -25.414949 33.256809 4.049932
v -35.344147 37.540031 4.307723
v -35.344147 33.716301 4.307724
v -35.344147 31.955458 0.600016
v -35.344147 33.153988 -2.486005
v -25.355349 30.425966 -1.735048
v -25.355349 30.425966 -1.735048
v -35.344147 33.153988 -2.486005
v -35.344147 31.116808 -5.703537
v -35.344147 37.540031 4.307723
v -27.904699 37.221924 3.522395
v -35.344147 39.439041 0.313082
v -27.782785 40.203789 1.044611
v -35.344147 40.235920 -2.184876
v -35.344147 34.937325 -8.860544
v -35.344147 37.237988 -8.120048
v -29.774042 37.324745 -8.845599
v -35.344147 39.349072 -4.682834
v -27.368279 40.088112 -5.235030
v -28.408609 40.949257 -1.905415
v -23.060659 40.817513 1.775393
v -22.895399 41.633671 -2.106418
v -23.155481 40.827152 -5.722965
v -24.369202 37.488621 -8.220176
v 26.658470 31.634136 2.497209
v 20.514017 29.349537 0.165134
v 25.333673 30.425966 -1.735048
v 18.200365 39.959583 1.823962
v 22.364397 33.944439 5.261178
v 24.786417 36.743153 3.839963
v 25.390568 33.256809 4.049932
v 27.880318 37.221924 3.522395
v 20.514017 29.349537 0.165134
v 26.658470 31.634136 2.497209
v 25.390568 33.256809 4.049932
v 29.752371 37.324745 -8.845599
v 35.319763 34.937325 -8.860544
v 27.349316 32.771614 -8.789557
v 35.319763 32.636662 -8.120048
v 25.553120 30.030741 -7.396739
v 35.319763 31.116808 -5.703537
v 25.333673 30.425966 -1.735048
v 25.333673 30.425966 -1.735048
v 35.319763 31.955458 0.600016
v 26.658470 31.634136 2.497209
v 35.319763 33.716301 4.307724
v 25.390568 33.256809 4.049932
v 35.319763 37.540031 4.307723
v 27.880318 37.221924 3.522395
v 29.752371 37.324745 -8.845599
v 35.319763 37.237988 -8.120048
v 35.319763 34.937325 -8.860544
v 24.344818 37.488621 -8.220176
v 27.343897 40.088112 -5.235030
v 23.131100 40.827152 -5.722965
v 22.871017 41.633671 -2.106418
v 28.386936 40.949257 -1.905415
v 23.036278 40.817513 1.775393
v 27.761112 40.203789 1.044611
v 35.319763 31.116808 -5.703537
v 35.319763 33.153988 -2.486005
v 25.333673 30.425966 -1.735048
v 25.333673 30.425966 -1.735048
v 35.319763 33.153988 -2.486005
v 35.319763 31.955458 0.600016
v 35.319763 39.349072 -4.682834
v 35.319763 40.235920 -2.184876
v 35.319763 39.439041 0.313082
v 27.880318 37.221924 3.522395
v 35.319763 37.540031 4.307723
v -0.010837 51.421135 -8.195518
v -4.258853 47.706654 -6.380520
v -3.998771 51.119091 -6.059962
v -0.010837 51.421135 -8.195518
v 3.974388 51.119091 -6.059962
v 4.234470 47.706654 -6.380520
v 5.732655 45.203556 -1.206017
v 4.234470 47.706654 -6.380520
v 3.974388 51.119091 -6.059962
v -0.010837 51.421135 -8.195518
v -3.998771 51.119091 -6.059962
v -4.117975 53.599697 -7.565612
v -0.010837 53.586845 -9.319338
v 4.093592 53.599697 -7.565612
v 3.974388 51.119091 -6.059962
v 0.000000 44.715149 6.281133
v 4.226343 46.414940 0.256293
v 6.233856 50.257950 0.304862
v 5.824767 50.261162 -1.105890
v 7.152272 53.789276 -2.361221
v 3.974388 51.119091 -6.059962
v 4.093592 53.599697 -7.565612
v -4.117975 53.599697 -7.565612
v -3.998771 51.119091 -6.059962
v -7.173946 53.789276 -2.361221
v -5.849150 50.261162 -1.105890
v -6.258238 50.257950 0.304862
v -4.248016 46.414940 0.256293
v 0.000000 44.310284 3.745066
vn 0.5418 0.4162 0.7302
vn 0.1174 0.9160 0.3837
vn 0.6686 0.6843 0.2910
vn 0.6686 0.6843 0.2911
vn 0.5505 0.6135 -0.5662
vn 0.7915 0.2351 -0.5642
vn -0.0000 0.8643 0.5029
vn -0.1103 0.7484 0.6540
vn 0.0628 0.6359 0.7692
vn -0.0078 0.5179 0.8554
vn 0.1648 0.4629 0.8709
vn -0.0000 0.7953 0.6062
vn -0.0000 0.8897 0.4566
vn -0.0000 0.5122 0.8589
vn -0.0079 0.7777 0.6286
vn 0.5427 0.1022 0.8337
vn 0.5418 0.4162 0.7303
vn 0.9452 0.0473 0.3230
vn 0.6686 0.6844 0.2910
vn 0.2367 0.4812 -0.8441
vn 0.2664 0.9557 -0.1254
vn 0.2045 0.6763 -0.7077
vn 0.2828 -0.0314 -0.9587
vn 0.8286 -0.4261 -0.3630
vn 0.6671 -0.1491 -0.7299
vn 0.3854 0.4954 -0.7785
vn 0.2122 0.1886 -0.9588
vn 0.2590 0.2747 -0.9260
vn 0.5889 0.5182 -0.6202
vn -0.1807 0.5106 -0.8406
vn -0.0079 0.2830 -0.9591
vn 0.2663 0.9557 -0.1253
vn 0.2367 0.4812 -0.8440
vn 0.5505 0.6134 -0.5663
vn -0.0000 0.4472 -0.8944
vn -0.0000 0.2902 -0.9570
vn -0.5588 0.5903 -0.5825
vn -0.7915 0.2351 -0.5642
vn 0.3853 0.4954 -0.7785
vn 0.2829 -0.0314 -0.9586
vn 0.1575 0.5514 -0.8192
vn 0.1020 0.9491 -0.2981
vn 0.3068 0.6449 -0.7000
vn -0.1023 0.1495 -0.9835
vn -0.0079 0.2831 -0.9591
vn -0.4181 0.8519 -0.3155
vn 0.2832 0.7237 0.6293
vn 0.2283 0.6140 0.7556
vn 0.2903 0.4866 0.8240
vn 0.3551 0.7103 0.6077
vn -0.0000 0.7953 0.6063
vn 0.0079 0.8589 0.5122
vn -0.0860 0.7123 0.6966
vn -0.2832 0.7237 0.6293
vn -0.2283 0.6139 0.7556
vn -0.2282 0.6140 0.7556
vn -0.3551 0.7103 0.6077
vn -0.2904 0.4865 0.8240
vn -0.9483 -0.2978 -0.1098
vn -0.8023 -0.1888 -0.5663
vn -0.9452 0.0473 0.3230
vn -0.5190 0.7707 0.3696
vn -0.2283 0.6140 0.7556
vn -0.4887 0.8040 0.3389
vn -0.5491 0.7295 -0.4079
vn -0.0000 0.5363 -0.8440
vn 0.5491 0.7294 -0.4079
vn 0.5490 0.7297 -0.4076
vn 0.4887 0.8040 0.3389
vn 0.4887 0.8039 0.3389
vn -0.5275 0.4173 0.7400
vn -0.5427 0.1022 0.8337
vn -0.0000 0.0393 0.9992
vn 0.7934 -0.2435 0.5578
vn 0.9483 -0.2978 -0.1097
vn 0.8023 -0.1888 -0.5663
vn -0.0000 0.4628 0.8865
vn -0.0000 0.8019 0.5975
vn 0.2904 0.4865 0.8240
vn 0.3551 0.7103 0.6078
vn -0.3552 0.7103 0.6077
vn -0.6682 0.4638 0.5817
vn -0.0000 0.8148 0.5797
vn -0.0000 0.2737 0.9618
vn 0.6682 0.4638 0.5818
vn -0.2678 0.9530 -0.1417
vn -0.2906 0.5576 -0.7776
vn -0.1963 0.2434 -0.9499
vn 0.4240 0.6123 -0.6673
vn -0.0314 -0.0628 -0.9975
vn 0.6682 0.4638 0.5817
vn 0.3552 0.7103 0.6077
vn -0.0001 0.4628 0.8865
vn 0.1174 0.9160 0.3836
vn 0.5418 0.4161 0.7303
vn -0.0000 0.8644 0.5029
vn -0.0079 0.7778 0.6285
vn -0.1103 0.7485 0.6539
vn -0.0000 0.8896 0.4567
vn -0.0000 0.7565 0.6540
vn 0.1411 0.7528 0.6430
vn -0.0861 0.7123 0.6966
vn -0.0079 0.5179 0.8554
vn -0.0471 0.7063 0.7064
vn -0.0079 0.7525 0.6585
vn -0.1023 0.5037 0.8578
vn -0.0078 0.7526 0.6585
vn -0.0471 0.7063 0.7063
vn -0.0235 0.9636 0.2664
vn -0.0704 0.8922 0.4461
vn -0.2678 0.9530 -0.1418
vn -0.1178 0.9421 -0.3141
vn -0.1727 0.6436 -0.7457
vn -0.1576 0.5514 -0.8192
vn -0.2283 0.2913 -0.9290
vn -0.2516 -0.0393 -0.9670
vn -0.4180 0.8519 -0.3155
vn -0.1022 0.5187 0.8488
vn -0.0079 0.4472 0.8944
vn 0.1412 0.4238 0.8947
vn -0.1727 0.6436 -0.7456
vn -0.1178 0.9421 -0.3140
vn -0.0235 0.9636 0.2663
vn 0.3681 -0.1018 -0.9242
vn 0.3372 0.0235 -0.9411
vn 0.3537 -0.0000 -0.9354
vn 0.6742 0.1176 -0.7291
vn 0.6330 -0.0234 -0.7738
vn 0.7021 -0.1893 -0.6864
vn 0.3467 -0.1733 -0.9218
vn 0.7868 -0.1810 -0.5901
vn 0.3230 -0.0473 -0.9452
vn 0.2506 -0.0940 -0.9635
vn 0.3144 -0.1100 -0.9429
vn -0.9793 -0.1645 0.1175
vn -0.9824 0.1808 -0.0471
vn -0.9136 0.2126 0.3465
vn -0.8901 0.1418 0.4332
vn -0.7258 -0.0473 0.6863
vn -0.9086 -0.0470 0.4151
vn -0.9534 0.2285 0.1970
vn -0.6520 0.1728 0.7383
vn -0.6686 -0.2281 0.7078
vn -0.7697 -0.0550 0.6361
vn -0.9106 -0.1021 0.4004
vn -0.2429 -0.1097 -0.9638
vn -0.2749 -0.2828 -0.9190
vn -0.0000 -0.2128 -0.9771
vn 0.1022 -0.1966 -0.9751
vn -0.0000 -0.2036 -0.9790
vn -0.9859 -0.1330 -0.1018
vn -0.8900 0.1418 0.4333
vn -0.6184 0.0705 0.7827
vn -0.6519 0.1728 0.7383
vn -0.4871 0.0471 0.8721
vn 0.0785 -0.0079 -0.9969
vn -0.0000 -0.0236 -0.9997
vn -0.1807 -0.0471 -0.9824
vn -0.0079 -0.0785 -0.9969
vn -0.0000 -0.0629 -0.9980
vn -0.0471 -0.0550 -0.9974
vn -0.4627 -0.0235 0.8862
vn -0.4472 0.0157 0.8943
vn -0.2425 0.0157 0.9700
vn -0.3705 0.1103 0.9223
vn -0.0000 0.1809 0.9835
vn -0.3385 -0.2834 -0.8973
vn -0.2749 -0.2828 -0.9189
vn -0.3450 -0.1019 -0.9330
vn -0.2036 0.0078 -0.9790
vn -0.1963 0.2433 -0.9499
vn -0.9534 0.2285 0.1969
vn -0.9551 0.0626 -0.2897
vn -0.6454 -0.0236 -0.7635
vn -0.6994 -0.1807 -0.6915
vn -0.3613 -0.1021 -0.9268
vn -0.3467 -0.1733 -0.9218
vn -0.2582 -0.0861 -0.9623
vn -0.3131 -0.0705 -0.9471
vn 0.1959 -0.0470 -0.9795
vn -0.6685 -0.2281 0.7079
vn -0.5412 -0.1255 0.8315
vn -0.4796 -0.1887 0.8570
vn -0.2585 -0.1410 0.9557
vn -0.2425 0.0156 0.9700
vn -0.0000 -0.0550 0.9985
vn -0.0000 0.1810 0.9835
vn 0.2424 0.0157 0.9700
vn -0.9824 0.1807 -0.0472
vn -0.9793 -0.1646 0.1175
vn -0.8974 -0.0158 -0.4409
vn -0.9051 -0.3305 -0.2676
vn -0.5500 -0.0629 -0.8328
vn -0.6077 -0.3552 -0.7103
vn -0.3384 -0.2834 -0.8973
vn -0.4797 -0.2202 -0.8494
vn -0.3450 -0.1019 -0.9331
vn -0.1808 -0.0472 -0.9824
vn -0.0785 -0.0079 -0.9969
vn -0.3537 -0.0079 -0.9353
vn -0.3373 0.0157 -0.9413
vn -0.6868 0.1105 -0.7184
vn -0.9286 0.1338 -0.3462
vn 0.3229 -0.0473 -0.9452
vn 0.2507 -0.0940 -0.9635
vn 0.1567 -0.0157 -0.9875
vn -0.0000 0.0393 -0.9992
vn -0.1567 -0.0157 -0.9875
vn -0.3144 -0.1100 -0.9429
vn -0.7868 -0.1810 -0.5901
vn -0.9944 -0.0783 0.0705
vn -0.9107 -0.1021 0.4004
vn -0.6183 0.0704 0.7828
vn -0.3534 0.0393 0.9346
vn -0.2441 -0.3465 0.9057
vn -0.7092 -0.6225 0.3309
vn -0.6693 -0.3386 0.6614
vn -0.8314 -0.3686 0.4157
vn -0.6608 -0.0708 0.7472
vn -0.8895 -0.0866 0.4487
vn -0.9793 -0.1645 0.1176
vn -0.8895 -0.0865 0.4487
vn -0.9136 0.2126 0.3466
vn -0.6827 0.2982 0.6670
vn 0.0705 0.0627 0.9955
vn -0.2036 0.0157 0.9789
vn -0.4006 -0.2278 0.8875
vn -0.6692 -0.3385 0.6614
vn -0.6607 -0.0708 0.7473
vn -0.4798 -0.2202 -0.8493
vn -0.8003 -0.4394 -0.4080
vn -0.2516 -0.0394 -0.9670
vn -0.1961 -0.9803 0.0235
vn -0.2675 -0.8262 -0.4958
vn -0.2435 -0.9584 0.1492
vn -0.2442 -0.3465 0.9057
vn -0.1654 0.3071 0.9372
vn -0.0548 0.4621 0.8851
vn 0.0942 0.7458 0.6595
vn -0.1960 -0.9803 0.0235
vn -0.1100 -0.5658 -0.8172
vn -0.2676 -0.8262 -0.4957
vn -0.0628 -0.1807 -0.9815
vn -0.2276 -0.0314 -0.9732
vn -0.1023 0.5036 0.8578
vn -0.3535 0.0392 0.9346
vn -0.4778 0.1253 0.8695
vn -0.7092 -0.6225 0.3310
vn -0.7386 -0.5107 0.4400
vn -0.8258 -0.4877 0.2831
vn -0.6078 -0.3552 -0.7103
vn -0.9051 -0.3306 -0.2676
vn -0.9183 -0.3846 0.0942
vn -0.8259 -0.4876 0.2831
vn -0.8314 -0.3687 0.4157
vn -0.6765 -0.4799 0.5586
vn -0.4339 -0.0552 0.8993
vn -0.1724 0.4468 0.8779
vn -0.0078 0.4472 0.8944
vn -0.1021 0.5187 0.8488
vn -0.5744 -0.7789 0.2518
vn -0.6909 -0.7223 0.0314
vn -0.8003 -0.4394 -0.4079
vn -0.4019 -0.6069 -0.6857
vn -0.8259 -0.4877 0.2831
vn -0.5744 -0.7789 0.2517
vn -0.1021 -0.8718 0.4791
vn -0.0392 -0.5882 0.8078
vn -0.1494 -0.9826 0.1101
vn -0.8258 -0.4876 0.2832
vn -0.6766 -0.4798 0.5585
vn -0.7386 -0.5108 0.4400
vn -0.1725 0.4468 0.8779
vn 0.0393 0.8013 0.5970
vn 0.0942 0.7458 0.6594
vn 0.1566 0.9787 0.1331
vn 0.1574 0.9837 0.0866
vn -0.0000 0.9196 -0.3930
vn -0.0314 0.8940 -0.4470
vn -0.1650 0.5028 -0.8485
vn -0.1331 0.5168 -0.8457
vn -0.2276 -0.0314 -0.9733
vn -0.0866 0.4487 -0.8895
vn -0.0628 -0.1806 -0.9816
vn -0.0236 0.5120 -0.8586
vn -0.0628 -0.0000 -0.9980
vn -0.5743 -0.7789 0.2517
vn -0.2436 -0.9583 0.1493
vn -0.1575 0.5514 -0.8192
vn -0.0000 0.9195 -0.3930
vn -0.1177 0.9421 -0.3140
vn -0.2036 0.0079 -0.9790
vn -0.1962 0.2433 -0.9499
vn 0.0706 0.0628 0.9955
vn -0.0000 0.0551 0.9985
vn -0.0627 0.0706 0.9955
vn -0.7485 0.1497 0.6460
vn -0.9107 -0.1020 0.4004
vn 0.5506 0.6134 -0.5662
vn 0.1175 0.9160 0.3836
vn 0.0314 0.9586 0.2829
vn -0.0000 0.7847 0.6199
vn 0.0628 0.6358 0.7693
vn 0.1021 0.4791 0.8718
vn 0.4864 0.0706 0.8709
vn 0.5477 -0.3521 -0.7590
vn 0.6580 -0.2428 -0.7128
vn 0.3703 -0.2363 -0.8983
vn 0.8388 -0.4703 0.2744
vn 0.8544 -0.2900 0.4311
vn 0.9487 -0.2744 0.1569
vn 0.2125 0.0473 0.9760
vn 0.4314 0.0157 0.9020
vn 0.1413 0.4238 0.8947
vn 0.8942 -0.0863 0.4393
vn 0.8317 -0.3766 0.4080
vn 0.6608 -0.0708 0.7472
vn 0.3704 -0.2364 -0.8983
vn 0.2208 -0.2365 -0.9462
vn 0.6520 -0.4242 0.6284
vn 0.4006 -0.2278 0.8875
vn 0.6693 -0.3386 0.6614
vn 0.9278 -0.3538 0.1180
vn 0.9487 -0.2744 0.1568
vn 0.9276 -0.2437 -0.2830
vn 0.8431 -0.4176 -0.3389
vn 0.9665 -0.1965 0.1650
vn 0.2276 -0.0313 -0.9733
vn 0.1331 0.5168 -0.8457
vn 0.0866 0.4487 -0.8895
vn 0.1262 0.8443 -0.5208
vn 0.5743 -0.7789 0.2518
vn 0.6667 -0.7452 0.0157
vn 0.2436 -0.9583 0.1493
vn 0.2676 -0.8262 -0.4958
vn 0.3534 0.0392 0.9346
vn 0.0548 0.4621 0.8851
vn -0.0393 0.8013 0.5970
vn -0.0000 0.7846 0.6199
vn 0.8387 -0.4704 0.2744
vn 0.7092 -0.6225 0.3310
vn 0.7541 -0.5263 0.3928
vn 0.3535 0.0393 0.9346
vn 0.1577 -0.1418 0.9773
vn 0.2665 -0.0079 0.9638
vn 0.6607 -0.0708 0.7473
vn 0.8166 -0.4790 0.3219
vn 0.7389 -0.3774 0.5582
vn 0.0235 0.8695 0.4934
vn -0.0000 0.9997 -0.0236
vn -0.1574 0.9837 0.0865
vn 0.0314 0.8940 -0.4470
vn 0.1650 0.5028 -0.8485
vn 0.4085 -0.6050 -0.6835
vn 0.2675 -0.8262 -0.4958
vn 0.2276 -0.0315 -0.9732
vn 0.0628 -0.1806 -0.9816
vn 0.0866 0.4486 -0.8895
vn 0.0237 0.5120 -0.8587
vn 0.1019 0.9491 -0.2981
vn -0.1566 0.9787 0.1331
vn -0.1574 0.9837 0.0866
vn -0.0942 0.7458 0.6594
vn 0.0235 0.8694 0.4935
vn 0.0629 0.4400 0.8958
vn 0.1255 0.8157 0.5647
vn 0.0315 0.5361 0.8436
vn 0.8431 -0.4176 -0.3388
vn 0.8167 -0.4790 0.3220
vn 0.7390 -0.3774 0.5581
vn 0.4314 0.0156 0.9020
vn 0.2125 0.0472 0.9760
vn 0.1577 -0.1419 0.9772
vn 0.8388 -0.4703 0.2743
vn 0.5744 -0.7789 0.2517
vn 0.7092 -0.6225 0.3309
vn 0.2441 -0.3466 0.9057
vn 0.1654 0.3071 0.9372
vn 0.2276 -0.0314 -0.9732
vn 0.2829 -0.0315 -0.9586
vn 0.4085 -0.6049 -0.6835
vn 0.8286 -0.4262 -0.3630
vn 0.6668 -0.7451 0.0157
vn 0.9278 -0.3539 0.1180
vn 0.5744 -0.7789 0.2518
vn 0.8387 -0.4703 0.2744
vn 0.3143 -0.1100 -0.9429
vn 0.1568 -0.0157 -0.9875
vn 0.4471 0.0157 0.8943
vn 0.1492 0.2435 0.9583
vn 0.2351 -0.0078 0.9719
vn 0.7868 -0.1810 -0.5900
vn 0.9938 -0.0860 0.0704
vn 0.7022 -0.1893 -0.6863
vn 0.9861 -0.1252 -0.1096
vn 0.6331 -0.0234 -0.7737
vn 0.9499 0.0628 -0.3062
vn 0.6743 0.1176 -0.7291
vn 0.9106 -0.1021 0.4004
vn 0.7735 -0.0553 0.6314
vn 0.6685 -0.2281 0.7079
vn 0.4472 0.0156 0.8943
vn 0.4796 -0.1887 0.8570
vn 0.2352 -0.0079 0.9719
vn 0.2816 -0.1017 0.9541
vn -0.0000 -0.0000 1.0000
vn -0.0000 -0.2043 -0.9789
vn -0.0944 -0.1968 -0.9759
vn 0.2749 -0.2828 -0.9189
vn 0.2429 -0.1098 -0.9638
vn 0.4563 -0.0394 -0.8890
vn 0.8989 -0.0631 -0.4336
vn 0.9277 -0.2437 -0.2830
vn 0.9930 0.1181 -0.0000
vn 0.9665 -0.1964 0.1650
vn 0.9149 0.2111 0.3441
vn 0.8942 -0.0862 0.4392
vn -0.7696 -0.0550 0.6361
vn -0.2352 -0.0079 0.9719
vn -0.2815 -0.1017 0.9542
vn -0.0000 -0.1644 0.9864
vn 0.2588 -0.1333 0.9567
vn 0.4627 -0.0235 0.8862
vn 0.5448 -0.1263 0.8290
vn 0.6222 0.0709 0.7797
vn 0.7260 -0.0394 0.6865
vn 0.8901 0.1418 0.4332
vn 0.9089 -0.0391 0.4152
vn 0.9861 -0.1252 -0.1095
vn 0.9107 -0.1020 0.4003
vn 0.9938 -0.0861 0.0705
vn 0.7485 0.1497 0.6460
vn 0.0315 0.9586 0.2828
vn 0.1020 0.9491 -0.2980
vn 0.5888 0.5182 -0.6202
vn 0.4239 0.6124 -0.6673
vn -0.1808 0.5107 -0.8405
vn 0.4876 0.2596 -0.8336
vn 0.3853 0.4955 -0.7785
vn 0.3060 0.4630 -0.8319
vn 0.3067 0.6449 -0.7000
vn 0.9279 -0.3538 0.1179
vn 0.4876 0.2595 -0.8336
vn 0.2208 -0.2366 -0.9462
vn 0.3061 0.4630 -0.8318
vn 0.9832 0.1809 -0.0236
vn 0.7687 0.3530 0.5334
vn -0.2429 -0.1098 -0.9638
vn -0.9741 0.2121 -0.0786
vn -0.9824 0.1808 -0.0472
vn 0.2425 0.0156 0.9700
vn -0.7708 0.3461 0.5348
vn -0.9136 0.2127 0.3465
vn -0.9741 0.2121 -0.0785
vn 0.9149 0.2111 0.3440
vn 0.9930 0.1183 -0.0000
vn 0.9499 0.0628 -0.3061
vn 0.5448 -0.1264 0.8290
vn -0.0000 0.2902 0.9570
vn -0.1493 0.2435 0.9583
vn -0.2351 -0.0078 0.9719
vn 0.7260 -0.0395 0.6865
vn 0.9089 -0.0392 0.4153
vn -0.1492 0.2435 0.9583
vn -0.4471 0.0157 0.8943
vn -0.6829 0.1099 -0.7222
vn -0.5500 -0.0628 -0.8328
vn -0.2681 0.1814 -0.9462
vn -0.0000 0.0472 -0.9989
vn -0.0000 -0.2127 -0.9771
vn 0.2429 -0.1097 -0.9638
vn 0.2681 0.1814 -0.9462
vn 0.4563 -0.0393 -0.8890
vn 0.6742 0.0471 -0.7370
vn 0.8989 -0.0631 -0.4337
vn 0.9832 0.1809 -0.0237
vn 0.9930 0.1182 -0.0000
vn -0.0000 -0.0551 0.9985
vn -0.2816 -0.1017 0.9541
vn -0.4796 -0.1886 0.8570
vn 0.3678 0.1096 0.9234
vn 0.4472 0.0079 0.8944
vn 0.4873 0.0393 0.8724
vn 0.6221 0.0709 0.7797
vn 0.6573 0.1643 0.7355
vn 0.9574 0.2119 0.1962
vn 0.9304 0.1183 -0.3469
vn -0.7934 -0.2435 0.5578
vn -0.9483 -0.2979 -0.1097
vn -0.0000 -0.2036 -0.9791
vn 0.7935 -0.2435 0.5578
vn -0.0000 -0.6456 0.7637
vn -0.0000 0.0394 0.9992
vn -0.7935 -0.2435 0.5578
vn -0.9452 0.0472 0.3230
vn -0.5191 0.7707 0.3696
vn 0.6863 0.2998 0.6626
vn 0.2998 0.4733 0.8283
vn 0.0079 -0.0000 1.0000
vn -0.0000 0.0550 0.9985
vn -0.0000 0.1182 0.9930
vn 0.7484 0.1497 0.6461
vn 0.7735 -0.0552 0.6314
vn 0.9106 -0.1020 0.4004
vn -0.0000 0.3863 0.9224
vn -0.1331 0.2899 0.9478
vn -0.2998 0.4733 0.8283
vn -0.0627 0.0705 0.9955
vn 0.9149 0.2112 0.3441
vn 0.1576 -0.1418 0.9773
vn 0.2664 -0.0078 0.9638
vn 0.1647 0.4629 0.8709
vn -0.3470 0.2919 0.8913
vn -0.6827 0.2983 0.6670
vn -0.7708 0.3461 0.5349
vn -0.9136 0.2127 0.3466
vn 0.3067 0.6450 -0.6999
vn 0.4339 0.5443 -0.7179
vn -0.2749 -0.2827 -0.9190
vn -0.1332 0.2898 0.9478
vn -0.0000 0.2591 0.9658
vn -0.0079 -0.0000 1.0000
vn 0.1412 0.7528 0.6430
vn -0.0079 0.5180 0.8554
vn -0.0000 0.7564 0.6541
vn 0.4472 0.0157 0.8943
vn 0.3688 0.3452 0.8630
vn 0.1493 0.2435 0.9583
vn 0.2207 -0.2365 -0.9462
vn 0.4339 0.5444 -0.7179
vn -0.1023 0.1494 -0.9835
vn 0.3068 0.6450 -0.7000
vn 0.5888 0.5182 -0.6203
vn -0.3687 0.3452 0.8631
vn -0.7485 0.1497 0.6461
vn -0.9106 -0.1020 0.4004
vn -0.6827 0.2982 0.6671
vn -0.3470 0.2918 0.8913
vn -0.2664 -0.0078 0.9638
vn -0.4005 -0.2278 0.8875
vn -0.1576 -0.1418 0.9773
vn -0.2036 0.0156 0.9789
vn 0.0706 0.0627 0.9955
vn 0.3470 0.2919 0.8913
vn 0.1331 0.2899 0.9478
vn -0.0000 0.2592 0.9658
vn 0.2749 -0.2827 -0.9190
vn -0.0945 -0.1967 -0.9759
vn 0.8942 -0.0862 0.4393
vn 0.6863 0.2997 0.6627
vn 0.6608 -0.0708 0.7473
vn 0.3470 0.2918 0.8913
vn 0.1332 0.2898 0.9478
vn -0.1263 0.8443 -0.5208
vn -0.0628 -0.1806 -0.9815
vn -0.1100 -0.5657 -0.8172
vn -0.0629 -0.0000 -0.9980
vn -0.5743 -0.7790 0.2518
vn -0.1021 -0.8718 0.4790
vn -0.2435 -0.9583 0.1493
vn -0.1493 -0.9826 0.1101
vn -0.0234 0.8694 0.4935
vn -0.1255 0.8157 0.5647
vn -0.0629 0.4401 0.8958
vn -0.0315 0.5361 0.8436
vn -0.1262 0.8443 -0.5208
vn -0.0313 0.8940 -0.4470
vn -0.0235 0.8694 0.4935
vn -0.0628 0.4400 0.8958
vn 0.0787 0.4172 0.9054
vn -0.1493 -0.9826 0.1100
vn -0.2674 -0.9597 0.0865
vn -0.2675 -0.9597 0.0865
vn -0.0315 0.5361 0.8435
vn -0.0551 0.8576 0.5114
vn -0.1096 0.9939 -0.0079
vn -0.1104 0.6151 -0.7807
vn -0.0236 0.5121 -0.8586
vn -0.1018 0.8769 -0.4697
vn -0.1102 0.8659 -0.4880
vn -0.1337 0.9910 -0.0000
vn -0.0235 0.8695 0.4934
vn 0.1021 -0.8718 0.4791
vn 0.2435 -0.9583 0.1492
vn -0.0942 0.7458 0.6595
vn 0.1654 0.3072 0.9372
vn 0.2441 -0.3465 0.9057
vn 0.2442 -0.3465 0.9057
vn 0.0236 0.5121 -0.8586
vn 0.0629 -0.0000 -0.9980
vn 0.0628 -0.1806 -0.9815
vn 0.1100 -0.5658 -0.8172
vn 0.2675 -0.8263 -0.4957
vn 0.1960 -0.9803 0.0235
vn 0.2435 -0.9584 0.1492
vn 0.2435 -0.9584 0.1493
vn 0.1493 -0.9826 0.1101
vn 0.0392 -0.5882 0.8078
vn -0.0787 0.4172 0.9054
vn 0.0316 0.5361 0.8436
vn 0.1104 0.6151 -0.7807
vn 0.0629 0.0001 -0.9980
vn 0.1102 0.8658 -0.4880
vn 0.1263 0.8443 -0.5208
vn 0.1337 0.9910 -0.0000
vn 0.1961 -0.9803 0.0235
vn 0.2675 -0.9597 0.0865
vn 0.2436 -0.9583 0.1492
vn 0.2674 -0.9597 0.0865
vn 0.1494 -0.9826 0.1100
vn 0.1018 0.8769 -0.4697
vn 0.1096 0.9939 -0.0078
vn 0.0551 0.8576 0.5114
vn 0.0315 0.5361 0.8435
vn -0.7914 0.2351 -0.5642
vn 0.7914 0.2351 -0.5642
vn 0.9452 0.0472 0.3230
vn -0.0000 -0.2037 -0.9790
vn -0.5412 -0.4315 -0.7217
vn -0.0000 -0.4566 -0.8897
vn 0.5413 -0.4315 -0.7217
vn -0.0000 -0.9096 0.4156
vn 0.8912 -0.4534 -0.0157
vn 0.9483 -0.2978 -0.1098
vn 0.8418 -0.3934 -0.3698
vn 0.5413 -0.4314 -0.7217
vn -0.5413 -0.4315 -0.7217
vn -0.8418 -0.3934 -0.3698
vn -0.8912 -0.4534 -0.0157
vn 0.0001 -0.6455 0.7637
vt 0.213837 0.414062
vt 0.346771 0.385773
vt 0.261566 0.382568
vt 0.278229 0.351166
vt 0.249512 0.336700
vt 0.323853 0.422180
vt 0.169189 0.467682
vt 0.304840 0.445007
vt 0.169067 0.514587
vt 0.339447 0.549774
vt 0.169952 0.438629
vt 0.153015 0.445221
vt 0.153015 0.412781
vt 0.194000 0.382355
vt 0.227814 0.361511
vt 0.762695 0.433441
vt 0.702881 0.372589
vt 0.685211 0.416748
vt 0.599945 0.482880
vt 0.564636 0.547638
vt 0.615875 0.547638
vt 0.701294 0.547638
vt 0.763306 0.481689
vt 0.693298 0.463074
vt 0.852020 0.484619
vt 0.865601 0.420807
vt 0.779388 0.351440
vt 0.863678 0.350311
vt 0.863159 0.317108
vt 0.785767 0.322601
vt 0.616119 0.424561
vt 0.638367 0.376984
vt 0.761810 0.547638
vt 0.750793 0.362549
vt 0.960785 0.373657
vt 0.960785 0.470428
vt 0.989990 0.470428
vt 0.960785 0.577606
vt 0.989990 0.577606
vt 0.258850 0.417145
vt 0.215454 0.462830
vt 0.989990 0.373657
vt 0.224304 0.280914
vt 0.249512 0.291046
vt 0.315918 0.350281
vt 0.960785 0.256348
vt 0.989990 0.256348
vt 0.960785 0.106293
vt 0.989990 0.106293
vt 0.960785 0.009979
vt 0.989990 0.009979
vt 0.153015 0.392487
vt 0.178864 0.331635
vt 0.946075 0.612244
vt 0.946075 0.656006
vt 0.984955 0.612244
vt 0.984955 0.659607
vt 0.907135 0.659607
vt 0.903168 0.711578
vt 0.946075 0.710693
vt 0.946075 0.881500
vt 0.989990 0.711578
vt 0.009979 0.071777
vt 0.009979 0.009979
vt 0.119110 0.071777
vt 0.181732 0.009979
vt 0.220520 0.071106
vt 0.357330 0.009979
vt 0.393311 0.070312
vt 0.907135 0.612244
vt 0.153015 0.467682
vt 0.136383 0.505920
vt 0.017334 0.530609
vt 0.034241 0.569000
vt 0.016479 0.426331
vt 0.121033 0.425964
vt 0.121033 0.363800
vt 0.016479 0.363800
vt 0.081757 0.298065
vt 0.015533 0.298065
vt 0.081757 0.234344
vt 0.009979 0.234344
vt 0.083282 0.009979
vt 0.083282 0.071777
vt 0.122589 0.009979
vt 0.122589 0.071777
vt 0.192993 0.009979
vt 0.192993 0.071777
vt 0.366486 0.009979
vt 0.366486 0.071777
vt 0.534973 0.071777
vt 0.131226 0.234344
vt 0.121033 0.298065
vt 0.707001 0.925751
vt 0.690002 0.989990
vt 0.756653 0.989990
vt 0.566223 0.989990
vt 0.566376 0.917969
vt 0.553284 0.863068
vt 0.631042 0.863068
vt 0.548492 0.811584
vt 0.754974 0.923309
vt 0.683228 0.863068
vt 0.590118 0.738434
vt 0.590118 0.786713
vt 0.533813 0.786713
vt 0.390808 0.932434
vt 0.288879 0.898560
vt 0.393219 0.863068
vt 0.402344 0.989990
vt 0.300598 0.989990
vt 0.259064 0.863068
vt 0.260742 0.831177
vt 0.392914 0.811584
vt 0.800415 0.786713
vt 0.790131 0.718292
vt 0.867523 0.786713
vt 0.842987 0.715240
vt 0.867523 0.713928
vt 0.456451 0.863068
vt 0.235596 0.918549
vt 0.252991 0.989990
vt 0.813782 0.989990
vt 0.867523 0.989990
vt 0.823303 0.925751
vt 0.819214 0.863068
vt 0.867523 0.863068
vt 0.867523 0.925751
vt 0.163666 0.937561
vt 0.157227 0.989990
vt 0.095795 0.940430
vt 0.082642 0.989990
vt 0.009979 0.989990
vt 0.745880 0.721466
vt 0.744171 0.645752
vt 0.789856 0.638306
vt 0.743439 0.570251
vt 0.789398 0.569641
vt 0.454651 0.917969
vt 0.197327 0.888855
vt 0.189301 0.860443
vt 0.085052 0.907043
vt 0.009979 0.941040
vt 0.638000 0.786713
vt 0.633881 0.733093
vt 0.702026 0.786713
vt 0.686035 0.726227
vt 0.671112 0.650970
vt 0.671021 0.570251
vt 0.454651 0.989990
vt 0.474243 0.811584
vt 0.669495 0.118378
vt 0.700470 0.220062
vt 0.725372 0.132416
vt 0.070831 0.702454
vt 0.029724 0.687653
vt 0.078156 0.736969
vt 0.533813 0.738251
vt 0.009979 0.735840
vt 0.009979 0.786713
vt 0.076721 0.786713
vt 0.237793 0.670044
vt 0.269440 0.597382
vt 0.134247 0.663788
vt 0.100616 0.699219
vt 0.635040 0.651184
vt 0.290375 0.332397
vt 0.315460 0.187958
vt 0.265289 0.187958
vt 0.641602 0.193237
vt 0.620758 0.139587
vt 0.558075 0.145050
vt 0.323853 0.332397
vt 0.365662 0.226837
vt 0.365662 0.149078
vt 0.393646 0.473145
vt 0.436401 0.506042
vt 0.410492 0.549774
vt 0.461670 0.526733
vt 0.442322 0.549774
vt 0.489655 0.549774
vt 0.590118 0.676941
vt 0.551727 0.676941
vt 0.053986 0.670959
vt 0.076996 0.653229
vt 0.116241 0.606720
vt 0.159088 0.539703
vt 0.205261 0.136566
vt 0.225586 0.158417
vt 0.260803 0.114594
vt 0.285431 0.138245
vt 0.322632 0.100494
vt 0.332214 0.115753
vt 0.374023 0.093536
vt 0.757843 0.099091
vt 0.757843 0.171295
vt 0.733734 0.221283
vt 0.703400 0.332397
vt 0.725372 0.332397
vt 0.078156 0.786713
vt 0.009979 0.630676
vt 0.020844 0.630707
vt 0.034241 0.618439
vt 0.622437 0.099091
vt 0.558075 0.132416
vt 0.516235 0.132416
vt 0.516235 0.145050
vt 0.474426 0.132416
vt 0.474426 0.145050
vt 0.432587 0.126862
vt 0.432587 0.145050
vt 0.432587 0.198792
vt 0.432587 0.257385
vt 0.382385 0.332397
vt 0.432587 0.093536
vt 0.474426 0.093536
vt 0.516235 0.093536
vt 0.559265 0.093750
vt 0.867523 0.622528
vt 0.274811 0.665924
vt 0.311829 0.670044
vt 0.430054 0.629181
vt 0.224152 0.811584
vt 0.363556 0.350250
vt 0.387146 0.385284
vt 0.397522 0.414246
vt 0.811188 0.009979
vt 0.811188 0.071777
vt 0.923828 0.071777
vt 0.415375 0.663788
vt 0.472656 0.653229
vt 0.516205 0.690125
vt 0.471619 0.736969
vt 0.499878 0.665009
vt 0.449005 0.699219
vt 0.478821 0.702454
vt 0.923828 0.009979
vt 0.474426 0.196960
vt 0.386688 0.701050
vt 0.380554 0.727234
vt 0.762756 0.071777
vt 0.722961 0.009979
vt 0.682312 0.071777
vt 0.664703 0.009979
vt 0.616547 0.071777
vt 0.536041 0.009979
vt 0.558075 0.205505
vt 0.516235 0.214630
vt 0.622467 0.218903
vt 0.558075 0.266541
vt 0.662170 0.262268
vt 0.529144 0.672699
vt 0.509155 0.651947
vt 0.183594 0.831604
vt 0.093109 0.810852
vt 0.080872 0.818970
vt 0.074280 0.865692
vt 0.009979 0.871796
vt 0.009979 0.908600
vt 0.431580 0.364868
vt 0.160126 0.137482
vt 0.174927 0.154633
vt 0.168823 0.097809
vt 0.160706 0.234772
vt 0.174927 0.218597
vt 0.160126 0.217133
vt 0.174927 0.191132
vt 0.160126 0.191528
vt 0.924164 0.009979
vt 0.924164 0.071777
vt 0.820801 0.009979
vt 0.820801 0.071777
vt 0.730713 0.009979
vt 0.730713 0.071777
vt 0.608887 0.009979
vt 0.554565 0.071106
vt 0.513885 0.009979
vt 0.946808 0.101685
vt 0.883301 0.135376
vt 0.946808 0.201172
vt 0.883301 0.532166
vt 0.946808 0.583221
vt 0.883301 0.583221
vt 0.076294 0.818970
vt 0.009979 0.825928
vt 0.883301 0.101685
vt 0.009979 0.812103
vt 0.946808 0.474670
vt 0.883301 0.474670
vt 0.946808 0.422119
vt 0.883301 0.398621
vt 0.946808 0.343201
vt 0.883301 0.343781
vt 0.863159 0.284210
vt 0.153015 0.336700
vt 0.883301 0.201172
vt 0.946808 0.261963
vt 0.321136 0.699982
vt 0.274811 0.698364
vt 0.883301 0.307373
vt 0.883301 0.261963
vt 0.160126 0.154633
vt 0.226379 0.786713
vt 0.274811 0.786713
vt 0.228485 0.699982
vt 0.179596 0.811584
vt 0.865448 0.498352
vt 0.865448 0.517761
vt 0.154816 0.786713
vt 0.159424 0.732056
vt 0.162933 0.701050
vt 0.471619 0.786713
vt 0.386353 0.786713
vt 0.323273 0.786713
vt 0.757843 0.221283
vt 0.662415 0.332397
vt 0.757843 0.332397
vt 0.265289 0.332397
vt 0.558075 0.332397
vt 0.516235 0.332397
vt 0.432587 0.332397
vt 0.474426 0.332397
vt 0.474426 0.252502
vt 0.516235 0.268372
vt 0.785767 0.289703
vt 0.785767 0.256775
vt 0.863159 0.256775
vt 0.151917 0.321503
vt 0.171265 0.316406
vt 0.224304 0.255554
vt 0.249512 0.255554
s 1
usemtl m_body052
f 634/225/517 635/226/518 636/227/519
f 637/227/520 638/228/521 639/229/522
f 640/230/523 641/231/524 642/232/525
f 642/232/525 641/231/524 643/233/526
f 642/232/525 643/233/526 644/234/527
f 645/235/528 646/236/529 647/237/530
f 647/237/530 646/236/529 648/235/531
f 647/237/530 648/235/531 649/238/532
f 649/238/532 648/235/531 650/225/533
f 649/238/532 650/225/533 651/239/534
f 651/239/534 650/225/533 652/227/535
f 651/239/534 652/227/535 653/229/522
f 654/240/536 655/241/537 656/242/538
f 657/243/539 658/244/540 659/245/541
f 660/246/542 661/247/543 662/248/544
f 662/248/544 661/247/543 654/240/536
f 662/248/544 654/240/536 656/242/538
f 663/249/545 664/240/546 665/250/547
f 666/241/548 667/240/549 668/251/550
f 668/251/550 667/240/549 669/252/551
f 668/251/550 669/252/551 670/253/552
f 670/253/552 669/252/551 671/251/553
f 670/253/552 671/251/553 672/254/554
f 659/245/541 673/246/555 674/243/556
f 674/243/556 673/246/555 662/248/544
f 674/243/556 662/248/544 675/255/557
f 675/255/557 662/248/544 656/242/538
f 675/255/557 656/242/538 676/256/558
f 676/256/558 656/242/538 655/241/537
f 660/246/542 677/257/559 661/247/543
f 661/247/543 677/257/559 678/249/560
f 661/247/543 678/249/560 654/240/536
f 654/240/536 678/249/560 679/250/561
f 654/240/536 679/250/561 680/252/551
f 680/252/551 679/250/561 681/240/546
f 680/252/551 681/240/546 682/251/553
f 682/251/553 681/240/546 683/258/562
f 684/259/563 685/260/564 686/261/564
f 686/261/564 685/260/564 687/262/565
f 686/261/564 687/262/565 688/263/566
f 689/235/567 690/264/568 691/265/569
f 692/266/570 693/261/571 694/260/572
f 694/260/572 693/261/571 695/263/573
f 694/260/572 695/263/573 696/262/574
f 697/267/575 698/268/576 699/239/577
f 699/239/577 698/268/576 700/229/554
f 699/239/577 700/229/554 701/227/578
f 701/227/578 700/229/554 702/228/553
f 701/227/578 702/228/553 703/269/562
f 704/260/579 705/259/570 706/266/570
f 706/266/570 705/259/570 707/270/580
f 706/266/570 707/270/580 708/271/580
f 708/271/580 707/270/580 709/272/581
f 708/271/580 709/272/581 710/273/581
f 710/273/581 709/272/581 711/274/582
f 710/273/581 711/274/582 712/275/582
f 712/275/582 711/274/582 713/272/583
f 712/275/582 713/272/583 714/273/584
f 714/273/584 713/272/583 715/270/585
f 714/273/584 715/270/585 716/271/586
f 716/271/586 715/270/585 717/259/563
f 716/271/586 717/259/563 718/266/563
f 718/266/563 717/259/563 719/261/564
f 720/227/578 721/264/568 722/225/587
f 722/225/587 721/264/568 723/235/567
f 722/225/587 723/235/567 724/238/588
f 724/238/588 723/235/567 725/237/530
f 724/238/588 725/237/530 726/276/589
f 726/276/589 725/237/530 727/238/532
f 726/276/589 727/238/532 728/277/590
f 728/277/590 727/238/532 729/239/534
f 728/277/590 729/239/534 730/267/591
f 730/267/591 729/239/534 731/268/592
f 732/278/593 733/279/594 734/280/595
f 734/280/595 733/279/594 735/281/596
f 736/282/597 737/283/598 738/284/599
f 738/284/599 737/283/598 739/285/600
f 738/284/599 739/285/600 740/286/601
f 741/287/602 742/288/562 743/289/603
f 743/289/603 742/288/562 744/290/546
f 743/289/603 744/290/546 745/291/604
f 745/291/604 744/290/546 746/292/605
f 745/291/604 746/292/605 747/293/606
f 740/286/607 748/281/608 749/284/599
f 749/284/599 748/281/608 750/279/594
f 749/284/599 750/279/594 751/282/597
f 751/282/597 750/279/594 752/278/609
f 751/282/597 752/278/609 753/294/574
f 754/226/610 755/225/611 756/230/612
f 756/230/612 755/225/611 757/235/613
f 756/230/612 757/235/613 758/231/614
f 758/231/614 757/235/613 759/236/615
f 758/231/614 759/236/615 760/295/616
f 760/295/616 759/236/615 761/235/567
f 760/295/616 761/235/567 762/231/617
f 762/231/617 761/235/567 763/265/618
f 762/231/617 763/265/618 764/233/619
f 765/296/620 766/297/621 767/298/622
f 768/297/623 769/296/624 770/299/625
f 770/299/625 769/296/624 771/300/626
f 770/299/625 771/300/626 772/301/627
f 773/302/628 774/303/629 775/304/630
f 775/304/630 774/303/629 776/305/631
f 775/304/630 776/305/631 777/306/632
f 778/307/633 779/308/627 780/288/578
f 780/288/578 779/308/627 781/287/626
f 780/288/578 781/287/626 782/309/568
f 782/309/568 781/287/626 783/310/624
f 782/309/568 783/310/624 784/311/618
f 784/311/618 783/310/624 785/312/634
f 784/311/618 785/312/634 786/313/526
f 786/313/526 785/312/634 787/314/635
f 786/313/526 787/314/635 788/315/636
f 789/316/604 790/305/631 791/317/603
f 791/317/603 790/305/631 792/303/637
f 791/317/603 792/303/637 793/301/627
f 793/301/627 792/303/637 794/302/638
f 793/301/627 794/302/638 795/299/639
f 796/318/640 797/319/641 798/320/642
f 799/321/643 800/319/641 801/322/644
f 801/322/644 800/319/641 802/318/640
f 801/322/644 802/318/640 803/323/645
f 803/323/645 802/318/640 804/324/646
f 803/323/645 804/324/646 805/325/647
f 806/320/642 807/326/648 808/318/640
f 808/318/640 807/326/648 809/327/649
f 808/318/640 809/327/649 804/324/646
f 804/324/646 809/327/649 810/324/650
f 804/324/646 810/324/650 805/325/647
f 811/328/651 812/329/652 813/330/653
f 814/331/654 815/332/655 816/333/656
f 814/331/654 817/334/657 818/335/658
f 819/336/659 820/337/660 821/338/661
f 822/339/662 823/340/663 824/341/664
f 824/341/664 823/340/663 825/342/665
f 824/341/664 825/342/665 826/343/666
f 814/331/654 816/333/656 827/344/667
f 828/332/655 829/331/668 830/345/669
f 830/345/669 829/331/668 818/335/670
f 830/345/669 818/335/670 831/346/671
f 832/347/672 833/348/673 834/349/674
f 835/350/675 836/351/676 837/352/676
f 837/352/676 836/351/676 838/350/677
f 839/353/678 840/354/679 841/355/680
f 841/355/680 840/354/679 842/356/681
f 841/355/680 842/356/681 843/357/682
f 844/339/662 845/358/683 846/340/684
f 846/340/684 845/358/683 847/359/685
f 846/340/684 847/359/685 848/360/686
f 848/360/686 847/359/685 849/361/631
f 848/360/686 849/361/631 850/362/687
f 851/334/688 814/331/654 852/363/689
f 852/363/689 814/331/654 827/344/667
f 852/363/689 827/344/667 853/322/690
f 853/322/690 827/344/667 854/323/691
f 853/322/690 854/323/691 855/318/692
f 854/323/691 856/324/693 855/318/692
f 855/318/692 856/324/693 857/327/694
f 855/318/692 857/327/694 858/326/695
f 858/326/695 857/327/694 835/350/675
f 858/326/695 835/350/675 859/349/696
f 859/349/696 835/350/675 837/352/676
f 860/336/697 861/364/698 862/365/699
f 862/365/699 861/364/698 863/353/678
f 862/365/699 863/353/678 864/366/700
f 864/366/700 863/353/678 865/355/701
f 864/366/700 865/355/701 866/367/702
f 866/367/702 865/355/701 867/357/703
f 866/367/702 867/357/703 868/355/704
f 869/329/705 870/328/706 871/368/707
f 871/368/707 870/328/706 872/369/708
f 871/368/707 872/369/708 873/370/709
f 873/370/709 872/369/708 874/371/710
f 873/370/709 874/371/710 875/358/711
f 875/358/711 874/371/710 876/372/712
f 875/358/711 876/372/712 877/359/713
f 877/359/713 876/372/712 878/373/632
f 877/359/713 878/373/632 879/361/631
f 880/350/677 881/349/714 837/352/676
f 837/352/676 881/349/714 833/348/673
f 837/352/676 833/348/673 859/349/696
f 859/349/696 833/348/673 882/347/715
f 859/349/696 882/347/715 858/326/695
f 858/326/695 882/347/715 883/320/716
f 858/326/695 883/320/716 855/318/692
f 855/318/692 883/320/716 884/319/717
f 855/318/692 884/319/717 853/322/690
f 853/322/690 884/319/717 885/321/718
f 853/322/690 885/321/718 852/363/689
f 852/363/689 885/321/718 886/374/719
f 852/363/689 886/374/719 817/334/657
f 887/320/642 832/347/672 888/326/720
f 888/326/720 832/347/672 834/349/674
f 888/326/720 834/349/674 889/327/721
f 889/327/721 834/349/674 838/350/677
f 889/327/721 838/350/677 890/350/722
f 890/350/722 838/350/677 836/351/676
f 890/350/722 836/351/676 891/351/723
f 891/351/723 836/351/676 835/350/675
f 891/351/723 835/350/675 892/350/724
f 892/350/724 835/350/675 857/327/694
f 892/350/724 857/327/694 893/324/725
f 893/324/725 857/327/694 856/324/693
f 893/324/725 856/324/693 894/325/726
f 894/325/726 856/324/693 854/323/691
f 894/325/726 854/323/691 895/375/727
f 895/375/727 854/323/691 827/344/667
f 895/375/727 827/344/667 821/338/728
f 821/338/728 827/344/667 816/333/656
f 821/338/728 816/333/656 896/336/659
f 896/336/659 816/333/656 815/332/655
f 896/336/659 815/332/655 897/364/698
f 897/364/698 815/332/655 898/345/729
f 897/364/698 898/345/729 899/353/678
f 899/353/678 898/345/729 831/346/671
f 899/353/678 831/346/671 900/354/679
f 901/376/730 902/377/731 903/378/732
f 904/379/733 905/380/734 906/381/735
f 907/330/653 908/382/736 909/328/737
f 910/383/738 911/384/739 912/385/740
f 913/386/741 914/387/635 915/388/742
f 916/389/743 917/379/744 918/381/745
f 919/372/746 920/390/747 921/373/748
f 922/391/749 923/392/750 924/393/751
f 925/377/752 926/376/730 927/394/753
f 927/394/753 926/376/730 928/395/754
f 927/394/753 928/395/754 929/396/755
f 930/391/756 931/397/757 932/392/758
f 932/392/758 931/397/757 933/398/759
f 932/392/758 933/398/759 934/399/760
f 935/400/761 936/401/762 937/402/763
f 937/402/763 936/401/762 938/403/764
f 937/402/763 938/403/764 939/404/765
f 939/404/765 938/403/764 940/405/766
f 941/372/746 942/371/767 943/390/747
f 943/390/747 942/371/767 944/369/768
f 943/390/747 944/369/768 945/406/769
f 945/406/769 944/369/768 909/328/706
f 945/406/769 909/328/706 946/407/770
f 946/407/770 909/328/706 947/382/736
f 948/380/771 949/379/733 950/408/772
f 950/408/772 949/379/733 951/389/743
f 950/408/772 951/389/743 952/409/773
f 952/409/773 951/389/743 953/388/742
f 952/409/773 953/388/742 954/410/774
f 954/410/774 953/388/742 955/387/775
f 954/410/774 955/387/775 956/411/776
f 957/412/770 958/413/777 959/414/769
f 959/414/769 958/413/777 960/415/778
f 959/414/769 960/415/778 961/416/779
f 961/416/779 960/415/778 962/417/780
f 961/416/779 962/417/780 963/418/632
f 964/419/781 903/378/732 965/420/782
f 965/420/782 903/378/732 902/377/731
f 965/420/782 902/377/731 966/421/783
f 966/421/783 902/377/731 967/422/784
f 966/421/783 967/422/784 968/423/785
f 969/424/740 970/381/735 971/383/736
f 971/383/736 970/381/735 972/380/734
f 971/383/736 972/380/734 973/425/786
f 973/425/786 972/380/734 974/408/787
f 973/425/786 974/408/787 975/426/788
f 975/426/788 974/408/787 976/409/773
f 975/426/788 976/409/773 977/427/763
f 977/427/763 976/409/773 978/410/789
f 977/427/763 978/410/789 979/298/622
f 979/298/622 978/410/789 956/411/634
f 979/298/622 956/411/634 980/296/620
f 901/376/730 981/428/622 982/395/754
f 982/395/754 981/428/622 983/429/790
f 982/395/754 983/429/790 984/396/791
f 984/396/791 983/429/790 985/430/792
f 984/396/791 985/430/792 986/431/793
f 986/431/793 985/430/792 987/432/794
f 986/431/793 987/432/794 988/433/795
f 988/433/795 987/432/794 989/434/796
f 988/433/795 989/434/796 990/435/797
f 990/435/797 989/434/796 991/399/798
f 990/435/797 991/399/798 992/436/799
f 992/436/799 991/399/798 993/398/800
f 992/436/799 993/398/800 994/437/801
f 994/437/801 993/398/800 995/438/802
f 996/413/803 997/393/804 998/415/778
f 998/415/778 997/393/804 999/392/758
f 998/415/778 999/392/758 1000/417/780
f 1000/417/780 999/392/758 1001/399/760
f 1000/417/780 1001/399/760 1002/418/632
f 1002/418/632 1001/399/760 1003/434/796
f 1002/418/632 1003/434/796 1004/439/805
f 1004/439/805 1003/434/796 1005/432/806
f 1004/439/805 1005/432/806 1006/440/807
f 1006/440/807 1005/432/806 1007/430/792
f 1006/440/807 1007/430/792 1008/441/639
f 1008/441/639 1007/430/792 1009/429/790
f 1008/441/639 1009/429/790 1010/442/623
f 1010/442/623 1009/429/790 1011/428/622
f 1012/443/606 1013/360/808 1014/362/809
f 1015/386/810 1016/444/811 1017/387/775
f 1017/387/775 1016/444/811 1018/445/812
f 1017/387/775 1018/445/812 1019/446/636
f 1020/447/813 1021/375/727 1022/338/814
f 1023/228/815 1024/227/519 1025/448/548
f 1025/448/548 1024/227/519 1026/226/816
f 1025/448/548 1026/226/816 1027/449/817
f 1027/449/817 1026/226/816 1028/230/523
f 1027/449/817 1028/230/523 1029/450/818
f 1029/450/818 1028/230/523 1030/232/819
f 1029/450/818 1030/232/819 1031/400/820
f 1031/400/820 1030/232/819 1032/234/527
f 1031/400/820 1032/234/527 1033/402/821
f 1034/372/822 1035/371/823 1036/358/824
f 1037/451/825 1038/452/826 1039/453/827
f 1040/454/828 1041/455/829 1042/446/830
f 1043/382/831 1044/456/832 1045/457/833
f 1046/372/822 1047/358/834 1048/360/835
f 1049/458/836 1050/459/837 1051/460/838
f 1052/461/839 1053/451/825 1039/453/840
f 1054/371/823 1055/372/822 1056/369/841
f 1056/369/841 1055/372/822 1057/390/842
f 1056/369/841 1057/390/842 1058/328/843
f 1059/399/844 1060/435/845 1061/436/846
f 1061/436/846 1060/435/845 1062/462/847
f 1063/413/848 1064/415/849 1065/393/850
f 1065/393/850 1064/415/849 1066/392/851
f 1067/376/852 1068/395/853 1069/428/820
f 1069/428/820 1068/395/853 1070/429/854
f 1069/428/820 1070/429/854 1071/442/855
f 1071/442/855 1070/429/854 1072/441/817
f 1073/405/856 1074/403/857 1075/404/858
f 1075/404/858 1074/403/857 1076/401/859
f 1075/404/858 1076/401/859 1077/402/821
f 1077/402/821 1076/401/859 1078/400/820
f 1079/463/860 1080/464/861 1081/459/837
f 1081/459/837 1080/464/861 1082/457/862
f 1081/459/837 1082/457/862 1051/460/838
f 1051/460/838 1082/457/862 1083/456/832
f 1051/460/838 1083/456/832 1049/458/836
f 1038/452/826 1037/451/825 1084/465/863
f 1084/465/863 1037/451/825 1085/466/858
f 1084/465/863 1085/466/858 1086/467/864
f 1086/467/864 1085/466/858 1087/468/821
f 1086/467/864 1087/468/821 1088/469/829
f 1088/469/829 1087/468/821 1089/470/527
f 1088/469/829 1089/470/527 1090/315/830
f 1091/471/865 1092/472/866 1093/431/867
f 1093/431/867 1092/472/866 1094/433/868
f 1093/431/867 1094/433/868 1095/432/806
f 1095/432/806 1094/433/868 1096/434/869
f 1095/432/806 1096/434/869 1097/439/557
f 1097/439/557 1096/434/869 1098/418/556
f 1099/415/849 1100/417/870 1101/392/871
f 1101/392/871 1100/417/870 1102/399/872
f 1101/392/871 1102/399/872 1103/398/873
f 1103/398/873 1102/399/872 1104/436/874
f 1103/398/873 1104/436/874 1105/437/875
f 1106/439/557 1107/440/876 1108/432/794
f 1108/432/794 1107/440/876 1109/430/877
f 1108/432/794 1109/430/877 1110/431/878
f 1110/431/878 1109/430/877 1111/396/879
f 1110/431/878 1111/396/879 1112/471/880
f 1112/471/880 1111/396/879 1113/473/881
f 1112/471/880 1113/473/881 1114/474/882
f 1114/474/882 1113/473/881 1115/475/883
f 1116/390/884 1117/406/840 1058/328/843
f 1058/328/843 1117/406/840 1118/407/826
f 1058/328/843 1118/407/826 1119/382/831
f 1119/382/831 1118/407/826 1120/476/885
f 1119/382/831 1120/476/885 1083/456/832
f 1083/456/832 1120/476/885 1121/477/886
f 1083/456/832 1121/477/886 1049/458/836
f 1049/458/836 1121/477/886 1122/455/887
f 1049/458/836 1122/455/887 1050/459/837
f 1050/459/837 1122/455/887 1123/454/888
f 1050/459/837 1123/454/888 1124/463/889
f 1125/419/890 1126/420/891 1127/378/892
f 1127/378/892 1126/420/891 1128/377/893
f 1127/378/892 1128/377/893 1067/376/852
f 1067/376/852 1128/377/893 1129/394/894
f 1067/376/852 1129/394/894 1068/395/853
f 1068/395/853 1129/394/894 1130/396/879
f 1068/395/853 1130/396/879 1070/429/854
f 1070/429/854 1130/396/879 1131/430/877
f 1070/429/854 1131/430/877 1072/441/817
f 1072/441/817 1131/430/877 1132/440/558
f 1133/472/866 1134/462/847 1135/433/868
f 1135/433/868 1134/462/847 1136/435/845
f 1135/433/868 1136/435/845 1137/434/869
f 1137/434/869 1136/435/845 1138/399/895
f 1137/434/869 1138/399/895 1098/418/896
f 1098/418/896 1138/399/895 1139/417/897
f 1098/418/896 1139/417/897 1140/416/898
f 1140/416/898 1139/417/897 1141/415/899
f 1140/416/898 1141/415/899 1142/414/900
f 1142/414/900 1141/415/899 1143/413/901
f 1142/414/900 1143/413/901 1144/412/902
f 1145/324/903 1146/327/721 1147/350/904
f 1148/478/905 1149/479/906 1150/480/907
f 1151/325/908 1152/375/909 1153/323/910
f 1153/323/910 1152/375/909 1154/344/911
f 1153/323/910 1154/344/911 1155/322/912
f 1155/322/912 1154/344/911 1156/363/913
f 1155/322/912 1156/363/913 1157/321/914
f 1158/338/915 1159/337/916 1160/336/917
f 1160/336/917 1159/337/916 1161/478/918
f 1160/336/917 1161/478/918 1162/365/919
f 1162/365/919 1161/478/918 1163/480/920
f 1162/365/919 1163/480/920 1164/481/921
f 1164/481/921 1163/480/920 1165/482/922
f 1166/343/923 1167/342/924 1168/341/664
f 1168/341/664 1167/342/924 1169/340/925
f 1168/341/664 1169/340/925 1170/339/926
f 1170/339/926 1169/340/925 1171/358/834
f 1170/339/926 1171/358/834 1172/370/927
f 1172/370/927 1171/358/834 1173/371/823
f 1172/370/927 1173/371/823 1174/368/928
f 1174/368/928 1173/371/823 1175/369/929
f 1174/368/928 1175/369/929 1176/329/930
f 1176/329/930 1175/369/929 1177/328/931
f 1176/329/930 1177/328/931 1178/330/932
f 1178/330/932 1177/328/931 1179/382/933
f 1180/337/934 1181/336/697 1182/478/679
f 1182/478/679 1181/336/697 1183/365/699
f 1182/478/679 1183/365/699 1184/480/935
f 1184/480/935 1183/365/699 1185/481/936
f 1184/480/935 1185/481/936 1165/482/922
f 1165/482/922 1185/481/936 1186/483/937
f 1165/482/922 1186/483/937 1164/481/921
f 1164/481/921 1186/483/937 1187/366/938
f 1164/481/921 1187/366/938 1188/365/919
f 1188/365/919 1187/366/938 1189/353/939
f 1188/365/919 1189/353/939 1190/364/940
f 1190/364/940 1189/353/939 1191/345/941
f 1190/364/940 1191/345/941 1192/332/942
f 1192/332/942 1191/345/941 1193/331/943
f 1192/332/942 1193/331/943 1194/333/944
f 1194/333/944 1193/331/943 1195/344/945
f 1194/333/944 1195/344/945 1196/338/946
f 1196/338/946 1195/344/945 1197/375/947
f 1196/338/946 1197/375/947 1198/447/948
f 1199/448/548 1200/449/949 1201/484/950
f 1202/485/951 1203/486/952 1204/487/953
f 1205/488/541 1206/489/954 1207/490/955
f 1207/490/955 1206/489/954 1208/491/956
f 1207/490/955 1208/491/956 1209/492/957
f 1210/493/958 1211/494/840 1212/495/540
f 1212/495/540 1211/494/840 1213/496/884
f 1212/495/540 1213/496/884 1214/497/541
f 1214/497/541 1213/496/884 1215/498/822
f 1214/497/541 1215/498/822 1216/499/959
f 1216/499/959 1215/498/822 1217/500/960
f 1216/499/959 1217/500/960 1218/501/961
f 1219/502/962 1220/503/932 1221/504/963
f 1222/358/711 1223/339/964 1224/370/709
f 1225/505/707 1226/506/965 1227/507/966
f 1228/366/938 1229/355/967 1230/353/939
f 1231/508/907 1232/479/906 1233/509/703
f 1234/504/968 1235/503/969 1236/502/970
f 1236/502/970 1235/503/969 1237/510/966
f 1238/503/971 1239/502/962 1240/510/972
f 1241/331/943 1242/363/973 1243/344/945
f 1244/336/917 1245/365/919 1246/364/974
f 1247/479/906 1248/511/975 1249/509/703
f 1249/509/703 1248/511/975 1250/479/976
f 1249/509/703 1250/479/976 1251/508/977
f 1246/364/974 1252/332/978 1244/336/917
f 1244/336/917 1252/332/978 1253/333/979
f 1244/336/917 1253/333/979 1254/338/915
f 1255/480/907 1233/509/703 1256/482/922
f 1256/482/922 1233/509/703 1257/480/977
f 1257/480/977 1258/479/980 1259/478/981
f 1226/506/965 1225/505/707 1260/512/982
f 1260/512/982 1225/505/707 1261/513/983
f 1260/512/982 1261/513/983 1262/514/984
f 1262/514/984 1261/513/983 1263/515/662
f 1262/514/984 1263/515/662 1264/516/985
f 1263/515/662 1265/517/986 1264/516/985
f 1264/516/985 1265/517/986 1266/515/987
f 1264/516/985 1266/515/987 1267/514/988
f 1267/514/988 1266/515/987 1268/513/989
f 1267/514/988 1268/513/989 1269/512/990
f 1269/512/990 1268/513/989 1270/505/991
f 1269/512/990 1270/505/991 1271/506/992
f 1271/506/992 1270/505/991 1272/507/993
f 1229/355/967 1228/366/938 1273/367/994
f 1273/367/994 1228/366/938 1274/483/937
f 1273/367/994 1274/483/937 1275/366/700
f 1275/366/700 1274/483/937 1276/481/995
f 1275/366/700 1276/481/995 1277/365/996
f 1278/357/682 1279/356/997 1229/355/967
f 1229/355/967 1279/356/997 1280/354/998
f 1229/355/967 1280/354/998 1230/353/939
f 1230/353/939 1280/354/998 1281/346/999
f 1230/353/939 1281/346/999 1282/345/1000
f 1282/345/1000 1281/346/999 1283/335/1001
f 1282/345/1000 1283/335/1001 1241/331/943
f 1241/331/943 1283/335/1001 1284/334/1002
f 1241/331/943 1284/334/1002 1242/363/973
f 1242/363/973 1284/334/1002 1285/374/1003
f 1242/363/973 1285/374/1003 1286/321/643
f 1287/277/1004 1288/267/1005 1289/239/577
f 1290/254/554 1291/518/1006 1292/253/552
f 1292/253/552 1291/518/1006 1293/254/522
f 1292/253/552 1293/254/522 1294/251/550
f 1295/277/1007 1296/519/1008 1297/276/1009
f 1297/276/1009 1296/519/1008 1298/277/1010
f 1297/276/1009 1298/277/1010 1299/238/588
f 1299/238/588 1298/277/1010 1300/239/1011
f 1299/238/588 1300/239/1011 1301/225/587
f 1301/225/587 1300/239/1011 1302/227/1012
f 1303/504/963 1304/520/1013 1305/521/1014
f 1306/522/1015 1307/444/1016 1308/523/1017
f 1309/447/1018 1310/337/1019 1311/338/1020
f 1312/516/1021 1313/524/1022 1314/521/1023
f 1315/454/828 1316/446/830 1317/445/1024
f 1304/520/1013 1303/504/963 1318/503/1025
f 1319/463/1026 1306/522/1015 1320/464/1027
f 1321/470/1028 1322/313/526 1323/315/636
f 1313/524/1022 1324/525/1029 1314/521/1023
f 1314/521/1023 1324/525/1029 1325/520/1030
f 1314/521/1023 1325/520/1030 1326/504/1031
f 1326/504/1031 1325/520/1030 1327/503/1032
f 1307/444/1016 1306/522/1015 1317/445/1024
f 1317/445/1024 1306/522/1015 1319/463/1026
f 1317/445/1024 1319/463/1026 1315/454/828
f 1328/492/1033 1329/491/956 1330/526/1034
f 1330/526/1034 1329/491/956 1331/486/952
f 1330/526/1034 1331/486/952 1332/485/951
f 1333/340/1035 1334/360/686 1335/342/665
f 1335/342/665 1334/360/686 1336/443/606
f 1337/527/1036 1338/528/1037 1339/529/1038
f 1340/231/1039 1341/233/1040 1342/295/1041
f 1342/295/1041 1341/233/1040 1343/231/614
f 1310/337/1019 1309/447/1018 1344/478/1042
f 1344/478/1042 1309/447/1018 1345/530/1043
f 1344/478/1042 1345/530/1043 1346/479/1044
f 1347/500/1045 1348/293/606 1349/501/961
f 1349/501/961 1348/293/606 1350/292/952
f 1351/531/1046 1352/249/1047 1353/257/1048
f 1354/249/1049 1355/250/547 1356/532/1046
f 1356/532/1046 1355/250/547 1352/249/560
f 1357/479/976 1358/530/1050 1359/478/679
f 1359/478/679 1358/530/1050 1360/447/1051
f 1359/478/679 1360/447/1051 1361/337/934
f 1361/337/934 1360/447/1051 1362/338/1052
f 1363/424/1053 1364/533/1054 1365/381/745
f 1365/381/745 1364/533/1054 1366/534/1055
f 1365/381/745 1366/534/1055 1367/389/1056
f 1367/389/1056 1366/534/1055 1368/535/1057
f 1367/389/1056 1368/535/1057 1369/388/1058
f 1364/533/1054 1337/527/1036 1366/534/1055
f 1366/534/1055 1337/527/1036 1339/529/1038
f 1366/534/1055 1339/529/1038 1368/535/1057
f 1368/535/1057 1339/529/1038 1370/386/1059
f 1368/535/1057 1370/386/1059 1369/388/1058
f 1304/520/1013 1371/525/1060 1305/521/1014
f 1305/521/1014 1371/525/1060 1372/524/1061
f 1305/521/1014 1372/524/1061 1312/516/1021
f 1312/516/1021 1372/524/1061 1373/517/1062
f 1312/516/1021 1373/517/1062 1313/524/1022
f 1374/358/834 1375/340/1063 1376/360/835
f 1376/360/835 1375/340/1063 1377/342/1064
f 1376/360/835 1377/342/1064 1336/443/606
f 1336/443/606 1377/342/1064 1378/343/666
f 1336/443/606 1378/343/666 1335/342/665
f 1379/330/932 1380/382/1065 1381/536/1066
f 1381/536/1066 1380/382/1065 1382/457/1067
f 1381/536/1066 1382/457/1067 1383/537/1068
f 1383/537/1068 1382/457/1067 1320/464/1027
f 1383/537/1068 1320/464/1027 1384/538/1069
f 1384/538/1069 1320/464/1027 1306/522/1015
f 1384/538/1069 1306/522/1015 1338/528/1037
f 1338/528/1037 1306/522/1015 1308/523/1017
f 1338/528/1037 1308/523/1017 1339/529/1038
f 1339/529/1038 1308/523/1017 1307/444/1016
f 1339/529/1038 1307/444/1016 1370/386/1059
f 1385/462/1070 1386/435/797 1387/436/799
f 1388/398/1071 1389/397/1072 1390/438/1073
f 1391/420/1074 1392/421/1075 1393/539/1076
f 1393/539/1076 1392/421/1075 1394/423/1077
f 1395/471/1078 1396/474/1079 1397/473/1080
f 1397/473/1080 1396/474/1079 1398/475/1081
f 1399/435/797 1400/462/1082 1401/433/1083
f 1401/433/1083 1400/462/1082 1402/472/866
f 1401/433/1083 1402/472/866 1403/431/793
f 1403/431/793 1402/472/866 1404/471/1084
f 1403/431/793 1404/471/1084 1405/396/755
f 1405/396/755 1404/471/1084 1406/473/1085
f 1405/396/755 1406/473/1085 1407/394/753
f 1407/394/753 1406/473/1085 1408/475/1081
f 1407/394/753 1408/475/1081 1409/377/752
f 1409/377/752 1408/475/1081 1410/540/1086
f 1409/377/752 1410/540/1086 1411/422/784
f 1412/423/1087 1413/541/1088 1414/539/751
f 1415/393/1076 1416/542/1089 1417/391/749
f 1418/540/1086 1419/475/1090 1420/543/1091
f 1420/543/1091 1419/475/1090 1421/474/1079
f 1420/543/1091 1421/474/1079 1422/544/1092
f 1423/438/1073 1424/545/1093 1425/437/1094
f 1425/437/1094 1424/545/1093 1426/546/1095
f 1425/437/1094 1426/546/1095 1427/547/1096
f 1427/547/1096 1426/546/1095 1422/544/1092
f 1427/547/1096 1422/544/1092 1428/548/1097
f 1428/548/1097 1422/544/1092 1421/474/1079
f 1428/548/1097 1421/474/1079 1429/471/1098
f 1429/471/1098 1430/472/866 1428/548/1097
f 1428/548/1097 1430/472/866 1431/462/1082
f 1428/548/1097 1431/462/1082 1427/547/1096
f 1427/547/1096 1431/462/1082 1432/436/799
f 1427/547/1096 1432/436/799 1425/437/1094
f 1433/421/1099 1434/420/848 1435/539/1100
f 1436/396/1101 1437/394/1102 1438/473/881
f 1438/473/881 1437/394/1102 1439/377/1103
f 1438/473/881 1439/377/1103 1440/475/883
f 1441/420/891 1442/421/1099 1443/377/1104
f 1444/437/1105 1445/438/1106 1446/398/1107
f 1446/398/1107 1445/438/1106 1447/397/1108
f 1446/398/1107 1447/397/1108 1448/392/1109
f 1448/392/1109 1447/397/1108 1449/391/1110
f 1448/392/1109 1449/391/1110 1450/393/1111
f 1451/539/1112 1452/423/1113 1453/421/1099
f 1453/421/1099 1452/423/1113 1454/422/1114
f 1453/421/1099 1454/422/1114 1455/377/1103
f 1455/377/1103 1454/422/1114 1456/540/1115
f 1455/377/1103 1456/540/1115 1457/475/1116
f 1458/437/1105 1459/545/1117 1460/438/1118
f 1458/437/1105 1461/436/846 1462/547/1119
f 1463/462/1120 1464/472/866 1465/548/1121
f 1465/548/1121 1464/472/866 1466/471/865
f 1465/548/1121 1466/471/865 1467/474/882
f 1468/391/1122 1469/542/1123 1470/393/850
f 1471/539/1124 1472/541/1125 1473/423/1126
f 1459/545/1117 1458/437/1105 1474/546/1127
f 1474/546/1127 1458/437/1105 1462/547/1119
f 1474/546/1127 1462/547/1119 1475/544/1128
f 1461/436/846 1463/462/1120 1462/547/1119
f 1462/547/1119 1463/462/1120 1465/548/1121
f 1462/547/1119 1465/548/1121 1475/544/1128
f 1475/544/1128 1465/548/1121 1467/474/882
f 1475/544/1128 1467/474/882 1476/543/1129
f 1476/543/1129 1467/474/882 1477/475/1130
f 1476/543/1129 1477/475/1130 1478/540/1115
f 1479/518/666 1480/254/1131 1481/549/576
f 1482/518/666 1483/549/592 1484/254/1132
f 1485/239/1133 1486/229/522 1487/268/592
f 1488/518/1134 1489/549/576 1490/550/1135
f 1490/550/1135 1491/551/1136 1488/518/1134
f 1488/518/1134 1491/551/1136 1492/550/1137
f 1488/518/1134 1492/550/1137 1493/549/592
f 1494/552/1138 1495/277/1007 1496/553/1139
f 1496/553/1139 1495/277/1007 1497/267/1140
f 1496/553/1139 1497/267/1140 1498/554/1141
f 1498/554/1141 1497/267/1140 1499/268/592
f 1498/554/1141 1499/268/592 1500/555/1142
f 1501/555/1143 1502/268/576 1503/554/1144
f 1503/554/1144 1502/268/576 1504/267/575
f 1503/554/1144 1504/267/575 1505/553/1145
f 1505/553/1145 1504/267/575 1506/277/1010
f 1505/553/1145 1506/277/1010 1494/552/1138
f 1494/552/1138 1506/277/1010 1507/519/1146
f 1494/552/1138 1507/519/1146 1495/277/1007
o editpl_m-0000-65
v 0.000000 -23.613941 7.345180
v -0.547257 -23.517546 1.253838
v 0.000000 -23.626795 1.998070
v -2.392218 -3.746614 -9.973152
v -2.129427 0.041771 -8.817949
v 0.000000 -4.006884 -9.169890
v 0.000000 0.041771 -8.183559
v 2.129427 0.041771 -8.817949
v -0.547257 -23.517546 1.253838
v 0.000000 -23.613941 7.345180
v -2.530387 -21.403248 7.991524
v 0.000000 -20.744537 12.188663
v -5.960227 -16.229965 10.889246
v 0.000000 -13.277018 14.103788
v -10.156769 -11.146654 10.919882
v -5.055356 -0.909340 11.581918
v -7.046614 -0.751892 10.094202
v 0.000000 -9.703921 -11.528864
v 2.392218 -3.746614 -9.973152
v 2.381382 -9.999537 -12.186418
v 7.656183 -3.894422 -9.262546
v 8.035470 -10.295153 -11.706703
v 11.931291 -3.936193 -6.979040
v 12.546278 -10.304793 -9.508380
v 17.924028 -6.905206 -2.429960
v 2.129427 0.041771 -8.817949
v 2.392218 -3.746614 -9.973152
v 0.000000 -4.006884 -9.169890
v -5.055356 -0.909340 11.581918
v 0.000000 -13.277018 14.103788
v 0.000000 -0.931832 12.257405
v 5.055356 -0.909340 11.581918
v 0.000000 -23.626795 1.998070
v 0.547257 -23.517546 1.253838
v 0.000000 -23.613941 7.345180
v 2.530387 -21.403248 7.991524
v 0.000000 -20.744537 12.188663
v 5.960227 -16.229965 10.889246
v 0.000000 -13.277018 14.103788
v 10.156769 -11.146654 10.919882
v 5.055356 -0.909340 11.581918
v 7.046614 -0.751892 10.094202
v 2.129427 0.041771 -8.817949
v 4.242598 0.041771 -8.234370
v 2.392218 -3.746614 -9.973152
v 6.957210 0.041771 -6.949898
v 7.656183 -3.894422 -9.262546
v 11.570968 0.041772 -5.922470
v 11.931291 -3.936193 -6.979040
v 14.502316 0.038559 -1.479497
v 17.924028 -6.905206 -2.429960
v 15.344875 -0.266697 4.414579
v 17.718128 -6.885927 4.894294
v 12.925565 -0.523754 7.015653
v 10.156769 -11.146654 10.919882
v 10.530638 -0.677988 8.621430
v 7.046614 -0.751892 10.094202
v -13.212740 5.600640 -0.889192
v -14.502316 0.038559 -1.479497
v -15.344875 -0.266697 4.414579
v -3.158920 4.771630 10.041149
v -6.320550 5.240759 8.717822
v -7.046614 -0.751892 10.094202
v -9.847921 4.620608 6.297575
v -8.769661 -0.755105 9.259557
v 0.000000 -0.931832 12.257405
v 5.055356 -0.909340 11.581918
v 3.158920 4.771630 10.041149
v 7.046614 -0.751892 10.094202
v 3.158920 4.771630 10.041149
v 0.000000 4.771630 9.748239
v 0.000000 -0.931832 12.257405
v -5.055356 -0.909340 11.581918
v 8.769661 -0.755105 9.259557
v 9.847921 4.620608 6.297575
v 6.320550 5.240759 8.717822
v -13.212740 5.600640 -0.889192
v -12.708830 5.600640 2.820756
v -12.925565 -0.523754 7.015653
v -10.530638 -0.677988 8.621430
v 8.769661 -0.755105 9.259557
v 10.530638 -0.677988 8.621430
v 9.847921 4.620608 6.297575
v 12.925565 -0.523754 7.015653
v 12.708830 5.600640 2.820756
v 15.344875 -0.266697 4.414579
v 13.212740 5.600640 -0.889192
v -11.570968 0.041772 -5.922470
v -9.636603 5.600639 -4.773993
v -6.957210 0.041771 -6.949898
v -6.548122 5.600639 -5.737906
v -4.242598 0.041771 -8.234370
v -4.212797 5.600639 -7.205448
v -2.129427 0.041771 -8.817949
v -1.167663 5.600639 -8.009457
v 0.000000 0.041771 -8.183559
v 0.000000 5.600639 -7.210679
v 1.167663 5.600639 -8.009457
v 2.129427 0.041771 -8.817949
v 4.212797 5.600639 -7.205448
v 4.242598 0.041771 -8.234370
v 6.548122 5.600639 -5.737906
v 6.957210 0.041771 -6.949898
v 9.636603 5.600639 -4.773993
v 11.570968 0.041772 -5.922470
v 14.502316 0.038559 -1.479497
v -17.718128 -6.885927 4.894294
v -21.459526 -19.125076 8.981593
v -17.246731 -19.793427 10.083743
v -7.656183 -3.894422 -9.262546
v -2.392218 -3.746614 -9.973152
v -2.381382 -9.999537 -12.186418
v 0.000000 -9.703921 -11.528864
v -1.205591 -18.582045 -13.417838
v -13.342781 -18.080780 -10.859355
v -16.065521 -11.885696 -6.630834
v -12.546278 -10.304793 -9.508380
v -17.924028 -6.905206 -2.429960
v -17.718128 -6.885927 4.894294
v -10.156769 -11.146654 10.919882
v -12.045077 -21.306850 13.187696
v -5.960227 -16.229965 10.889246
v -7.436738 -21.949495 11.951794
v -1.931655 -23.793882 8.714835
v -5.659506 -25.313734 -12.152045
v -0.585186 -24.083073 -6.520244
v -0.563512 -26.149172 -6.617383
v -0.547257 -23.517546 1.253838
v -0.192353 -25.236618 1.434665
v -2.530387 -21.403248 7.991524
v -1.931655 -23.793882 8.714835
v -5.201653 -23.514334 -11.818785
v -9.642022 -21.679585 -11.875574
v -7.377136 -19.414268 -13.117455
v -13.342781 -18.080780 -10.859355
v -8.035470 -10.295153 -11.706703
v -11.931291 -3.936193 -6.979040
v -0.842559 -22.560007 -10.631453
v -5.201653 -23.514334 -11.818785
v -7.377136 -19.414268 -13.117455
v -2.381382 -9.999537 -12.186418
v -8.035470 -10.295153 -11.706703
v -7.656183 -3.894422 -9.262546
v -11.931291 -3.936193 -6.979040
v -7.046614 -0.751892 10.094202
v -10.530638 -0.677988 8.621430
v -10.156769 -11.146654 10.919882
v -12.925565 -0.523754 7.015653
v -17.718128 -6.885927 4.894294
v -15.344875 -0.266697 4.414579
v -17.924028 -6.905206 -2.429960
v -14.502316 0.038559 -1.479497
v -11.570968 0.041772 -5.922470
v -7.656183 -3.894422 -9.262546
v -6.957210 0.041771 -6.949898
v -2.392218 -3.746614 -9.973152
v -4.242598 0.041771 -8.234370
v -2.129427 0.041771 -8.817949
v -21.459526 -19.125076 8.981593
v -17.718128 -6.885927 4.894294
v -20.627804 -18.810181 4.048442
v -17.924028 -6.905206 -2.429960
v -21.809013 -19.253605 -2.636940
v -16.065521 -11.885696 -6.630834
v -17.536613 -22.553579 -9.975392
v -13.342781 -18.080780 -10.859355
v -11.495111 -24.346556 -11.773952
v -9.642022 -21.679585 -11.875574
v -5.659506 -25.313734 -12.152045
v -5.201653 -23.514334 -11.818785
v -0.585186 -24.083073 -6.520244
v 15.163359 1.073215 -1.670785
v 15.195870 -0.401652 -1.666302
v 12.129062 -0.735828 -6.302805
v -10.899088 -1.384896 9.531545
v -10.668806 0.041773 9.645870
v -15.293401 0.697268 4.971258
v 5.659506 0.382372 -8.748458
v 12.104679 0.729401 -6.000928
v 15.436988 -0.681202 4.992928
v 15.293401 0.697268 4.971258
v 10.668806 0.041773 9.645870
v -12.104679 0.729401 -6.000928
v -5.659506 0.382372 -8.748458
v -5.748910 -1.153546 -9.009238
v 0.000000 0.263483 -9.432912
v 0.000000 -1.256369 -9.693692
v 5.748910 -1.153546 -9.009238
v -15.436988 -0.681202 4.992928
v -15.163359 1.073215 -1.670785
v -15.195870 -0.401652 -1.666302
v -12.129062 -0.735828 -6.302805
v -5.049938 -0.449850 12.130378
v -5.198943 -1.892585 12.029503
v 0.000000 -0.549459 12.699760
v 0.000000 -2.075738 12.649696
v 5.049938 -0.449850 12.130378
v 5.198943 -1.892585 12.029503
v 10.899088 -1.384896 9.531545
v 0.000000 -22.489317 -8.318057
v 0.000000 -18.414955 -11.928627
v 1.205591 -18.582045 -13.417838
v 5.201653 -23.514334 -11.818785
v 0.585186 -24.083073 -6.520244
v 0.842559 -22.560007 -10.631453
v 0.547257 -23.517546 1.253838
v 0.000000 -23.626795 1.998070
v 0.000000 -22.489317 -8.318057
v -0.547257 -23.517546 1.253838
v -0.585186 -24.083073 -6.520244
v 13.342781 -18.080780 -10.859355
v 9.642022 -21.679585 -11.875574
v 7.377136 -19.414268 -13.117455
v 1.205591 -18.582045 -13.417838
v 0.000000 -22.489317 -8.318057
v 0.547257 -23.517546 1.253838
v 17.924028 -6.905206 -2.429960
v 16.065521 -11.885696 -6.630834
v 12.546278 -10.304793 -9.508380
v 13.342781 -18.080780 -10.859355
v 8.035470 -10.295153 -11.706703
v 7.377136 -19.414268 -13.117455
v 2.381382 -9.999537 -12.186418
v 0.000000 -9.703921 -11.528864
v -1.205591 -18.582045 -13.417838
v -0.842559 -22.560007 -10.631453
v -5.201653 -23.514334 -11.818785
v 13.185648 -30.628399 -8.232126
v 13.922549 -27.158121 -8.008708
v 17.506811 -24.507217 -4.896534
v 15.301528 -22.829918 10.107654
v 14.686541 -31.736959 10.337799
v 19.625402 -21.409676 5.253708
v 5.654088 -26.949263 -9.509126
v 5.475281 -30.136776 -9.578618
v 1.037621 -29.012150 -4.069361
v 18.834316 -6.885927 0.242100
v 22.239775 -13.447319 4.460160
v 20.958326 -13.360562 0.498397
v 20.113056 -6.975896 4.204610
v 17.081469 -7.846679 7.351155
v 19.205477 -14.318100 7.606706
v 17.374062 -3.817304 0.061272
v 21.741283 -9.360105 4.361526
v 20.679279 -9.771397 0.423675
v 18.436066 -3.406012 3.998377
v 15.621213 -4.778056 7.169581
v 18.926430 -10.728935 7.532731
v 16.070938 -1.053936 -0.118808
v 20.803902 -6.079409 4.210588
v 19.871939 -6.699560 0.286934
v 17.005611 -0.433784 3.804100
v 14.318091 -2.011475 6.989501
v 18.119089 -7.660313 7.395989
v 2.530387 -21.403248 7.991524
v 1.931655 -23.793882 8.714835
v 5.960227 -16.229965 10.889246
v 13.922549 -27.158121 -8.008708
v 13.185648 -30.628399 -8.232126
v 5.114958 -18.376396 9.247602
v 2.113171 -20.513187 4.872626
v 1.305832 -24.324064 4.850958
v 1.173081 -22.354361 -4.872623
v 1.064713 -26.088121 -5.095295
v 1.037621 -29.012150 -4.069361
v 1.173081 -22.354361 -4.872623
v 5.201653 -23.135174 -11.303950
v 1.064713 -26.088121 -5.095295
v 20.039909 -22.029825 -0.609730
v 17.506811 -24.507217 -4.896534
v 17.439081 -22.402559 -5.849240
v 13.922549 -27.158121 -8.008708
v 14.811164 -22.929527 -9.668284
v 7.436738 -21.949495 11.951794
v 12.045077 -21.306850 13.187696
v 10.156769 -11.146654 10.919882
v 17.246731 -19.793427 10.083743
v 17.718128 -6.885927 4.894294
v 1.931655 -23.793882 8.714835
v 2.530387 -21.403248 7.991524
v 0.192353 -25.236618 1.434665
v 0.547257 -23.517546 1.253838
v 0.563512 -26.149172 -6.617383
v 0.585186 -24.083073 -6.520244
v 5.659506 -25.313734 -12.152045
v 14.686541 -31.736959 10.337799
v 15.301528 -22.829918 10.107654
v 9.021616 -31.952244 11.050647
v 10.118840 -23.475775 10.935574
v 4.234470 -30.830832 9.361181
v 4.860294 -24.089499 9.202770
v 1.037621 -29.471640 4.612595
v 15.301528 -22.829918 10.107654
v 10.801557 -16.319937 9.291688
v 10.118840 -23.475775 10.935574
v 4.860294 -24.089499 9.202770
v 1.037621 -29.471640 4.612595
v 21.459526 -19.125076 8.981593
v 20.809320 -18.665586 4.633515
v 17.924028 -6.905206 -2.429960
v 21.809013 -19.109011 -2.636940
v 16.065521 -11.885696 -6.630834
v 17.536613 -22.553579 -9.975392
v 13.342781 -18.080780 -10.859355
v 11.495111 -24.346556 -11.773952
v 9.642022 -21.679585 -11.875574
v 5.201653 -23.514334 -11.818785
v 5.475281 -30.136776 -9.578618
v 5.654088 -26.949263 -9.509126
v 5.201653 -23.135174 -11.303950
v 13.535134 -19.205406 -10.279511
v 17.439081 -22.402559 -5.849240
v 15.859622 -15.728704 -6.148129
v 20.039909 -22.029825 -0.609730
v 19.154001 -13.874677 -1.439893
v 19.625402 -21.409676 5.253708
v 18.747623 -13.746149 4.413833
v 15.301528 -22.829918 10.107654
v 13.843982 -15.169603 8.468251
v 10.801557 -16.319937 9.291688
v -1.305832 -24.324064 4.850958
v -1.037621 -29.471640 4.612595
v -1.037621 -29.012150 -4.069361
v -5.960227 -16.229965 10.889246
v -1.931655 -23.793882 8.714835
v -2.530387 -21.403248 7.991524
v -5.475281 -30.136776 -9.578618
v -13.185648 -30.628399 -8.232126
v -13.922549 -27.158121 -8.008708
v -17.506811 -24.507217 -4.896534
v -1.064713 -26.088121 -5.095295
v -1.305832 -24.324064 4.850958
v -1.064713 -26.088121 -5.095295
v -1.173081 -22.354361 -4.872623
v -1.305832 -24.324064 4.850958
v -2.113171 -20.513187 4.872626
v -5.114958 -18.376396 9.247602
v -1.037621 -29.012150 -4.069361
v -5.654088 -26.949263 -9.509126
v -1.064713 -26.088121 -5.095295
v -5.201653 -23.135174 -11.303950
v -1.173081 -22.354361 -4.872623
v -14.811164 -22.929527 -9.668284
v -13.922549 -27.158121 -8.008708
v -17.439081 -22.402559 -5.849240
v -17.506811 -24.507217 -4.896534
v -20.039909 -22.029825 -0.609730
v -1.037621 -29.471640 4.612595
v -4.860294 -24.089499 9.202770
v -4.234470 -30.830832 9.361181
v -10.118840 -23.475775 10.935574
v -9.021616 -31.952244 11.050647
v -15.301528 -22.829918 10.107654
v -14.686541 -31.736959 10.337799
v -19.625402 -21.409676 5.253708
v -1.037621 -29.471640 4.612595
v -1.305832 -24.324064 4.850958
v -4.860294 -24.089499 9.202770
v -5.114958 -18.376396 9.247602
v -10.118840 -23.475775 10.935574
v -10.801557 -16.319937 9.291688
v -15.301528 -22.829918 10.107654
v -10.801557 -16.319937 9.291688
v -13.843982 -15.169603 8.468251
v -15.301528 -22.829918 10.107654
v -18.747623 -13.746149 4.413833
v -19.625402 -21.409676 5.253708
v -19.154001 -13.874677 -1.439893
v -15.859622 -15.728704 -6.148129
v -17.439081 -22.402559 -5.849240
v -13.535134 -19.205406 -10.279511
v -14.811164 -22.929527 -9.668284
v -5.201653 -23.135174 -11.303950
v -13.922549 -27.158121 -8.008708
v -5.654088 -26.949263 -9.509126
v -5.475281 -30.136776 -9.578618
v -1.037621 -29.012150 -4.069361
v 2.392218 -3.746614 -9.973152
v 0.000000 -9.703921 -11.528864
v 0.000000 -4.006884 -9.169890
v -2.392218 -3.746614 -9.973152
v -5.916880 -88.713745 -2.716140
v -6.477683 -94.722466 -8.127511
v -7.168528 -89.497772 -8.089402
v -16.669670 -98.710068 -1.625944
v -14.654031 -97.983887 6.975312
v -14.448132 -95.956345 4.355555
v -12.250976 -99.712593 -7.367586
v -10.308484 -95.294418 -5.264909
v -7.271477 -99.712593 -7.219637
v -13.250668 -90.458527 -7.833107
v -13.781670 -95.053429 -7.892883
v -14.895149 -91.705254 -2.246885
v -6.477683 -94.722466 -8.127511
v -5.916880 -88.713745 -2.716140
v -4.096301 -98.385536 -1.439887
v -14.654031 -97.983887 6.975312
v -16.669670 -98.710068 -1.625944
v -16.065521 -102.553078 -0.736004
v -14.664868 -100.146378 -9.464288
v -13.917130 -105.078667 -8.519800
v -10.308484 -95.294418 -5.264909
v -12.250976 -99.712593 -7.367586
v -13.949640 -95.172318 -1.015466
v -4.025862 -102.459900 -0.536496
v -5.881660 -104.709152 -8.647575
v -5.543011 -99.654755 -9.592062
v -6.477683 -94.722466 -8.127511
v -13.781670 -95.053429 -7.892883
v -7.168528 -89.497772 -8.089402
v -13.250668 -90.458527 -7.833107
v -12.250976 -99.712593 -7.367586
v -13.667884 -98.453011 -2.463579
v -13.949640 -95.172318 -1.015466
v -12.318706 -99.314156 11.439954
v -11.790413 -94.465408 3.348302
v -8.533961 -97.546883 8.729785
v -8.642329 -94.465408 3.579941
v -6.136325 -99.731873 0.980361
v -5.651379 -95.734634 -0.550695
v -7.271477 -99.712593 -7.219637
v -10.308484 -95.294418 -5.264909
v -4.025862 -102.459900 -0.536496
v -4.096301 -98.385536 -1.439887
v -5.805803 -97.723610 6.826614
v -5.846441 -95.628593 4.629785
v -10.162187 -96.798203 9.080232
v -10.175733 -95.098412 6.514275
v -5.881660 -104.709152 -8.647575
v -5.543011 -99.654755 -9.592062
v -13.781670 -95.053429 -7.892883
v -16.669670 -98.710068 -1.625944
v -14.895149 -91.705254 -2.246885
v -14.448132 -95.956345 4.355555
v -12.730503 -89.616661 2.577171
v -10.175733 -95.098412 6.514275
v -7.677856 -89.497772 2.998603
v -5.846441 -95.628593 4.629785
v -5.916880 -88.713745 -2.716140
v -4.096301 -98.385536 -1.439887
v -14.686541 -66.895996 -9.699665
v -14.618811 -62.847340 -8.864272
v -6.474974 -62.895538 -8.998024
v -15.306947 -51.025909 3.567235
v -17.509521 -42.652264 0.524552
v -15.545356 -51.302246 -0.044082
v -3.855183 -64.119774 -1.462306
v -3.939168 -68.611855 -2.077268
v -6.474974 -62.895538 -8.998024
v -6.461428 -66.921700 -9.845373
v -14.686541 -66.895996 -9.699665
v -14.618811 -62.847340 -8.864272
v -17.292786 -63.685989 -2.222229
v -17.815660 -68.097740 -2.749767
v -14.009243 -64.376831 5.175254
v -3.939168 -68.611855 -2.077268
v -3.855183 -64.119774 -1.462306
v -7.233548 -69.270561 4.900277
v -7.060160 -64.649956 5.446495
v -6.190509 -41.553341 -7.954906
v -2.524969 -41.823250 -3.303459
v -2.416601 -53.802132 -3.543316
v -4.540609 -41.408745 7.833117
v -8.005669 -41.534061 9.890961
v -7.339207 -50.858822 7.712814
v -8.173639 -62.882687 -8.186543
v -12.922856 -62.464966 -7.716541
v -12.581497 -59.367424 -6.897589
v -15.829821 -62.802357 -4.800140
v -15.393641 -61.465656 -4.546832
v -17.509521 -42.652264 0.524552
v -15.306947 -51.025909 3.567235
v -17.341551 -42.208839 5.053455
v -12.554406 -50.858822 7.309315
v -13.651629 -41.714001 9.488209
v -2.524969 -41.183823 4.113452
v -2.416601 -52.388313 1.514620
v -2.524969 -41.823250 -3.303459
v -2.416601 -53.802132 -3.543316
v -12.540860 -42.061031 -7.623141
v -6.190509 -41.553341 -7.954906
v -6.984302 -53.519367 -6.689861
v -2.416601 -53.802132 -3.543316
v -2.885292 -59.071808 -4.208342
v -2.524969 -41.183823 4.113452
v -4.540609 -41.408745 7.833117
v -2.416601 -52.388313 1.514620
v -7.339207 -50.858822 7.712814
v -7.079124 -55.193455 7.342193
v -12.437910 -54.875343 6.938694
v -7.428610 -63.531754 4.342103
v -7.710366 -61.716286 5.349357
v -11.600769 -62.972656 3.938604
v -11.665790 -61.157188 4.946605
v -4.903641 -63.412865 -4.057402
v -2.885292 -59.071808 -4.208342
v -4.903641 -64.672447 0.094902
v -2.885292 -58.872589 -0.264512
v -7.428610 -63.531754 4.342103
v -5.079739 -57.853996 2.838695
v -7.710366 -61.716286 5.349357
v -15.545356 -51.302246 -0.044082
v -16.731983 -42.677967 -4.389170
v -15.052282 -52.250145 -4.215814
v -12.540860 -42.061031 -7.623141
v -11.977347 -53.519367 -6.127204
v -6.984302 -53.519367 -6.689861
v -8.089654 -59.367424 -7.460246
v -4.903641 -63.412865 -4.057402
v -5.117668 -72.252434 -5.675882
v -7.878336 -70.999275 -9.896183
v -8.173639 -62.882687 -8.186543
v -13.296725 -69.672218 -9.802033
v -12.922856 -62.464966 -7.716541
v -16.891825 -69.309120 -3.922156
v -15.829821 -62.802357 -4.800140
v -15.813566 -64.302925 0.619451
v -15.393641 -61.465656 -4.546832
v -15.328620 -59.573071 0.195029
v -15.328620 -59.573071 0.195029
v -11.600769 -62.972656 3.938604
v -13.592027 -58.326340 3.215294
v -12.437910 -54.875343 6.938694
v -7.079124 -55.193455 7.342193
v -2.416601 -52.388313 1.514620
v -2.885292 -58.872589 -0.264512
v -2.416601 -53.802132 -3.543316
v -2.885292 -59.071808 -4.208342
v -8.005669 -41.534061 9.890961
v -13.651629 -41.714001 9.488209
v -12.554406 -50.858822 7.309315
v -15.306947 -51.025909 3.567235
v -13.592027 -58.326340 3.215294
v -15.545356 -51.302246 -0.044082
v -15.328620 -59.573071 0.195029
v -15.052282 -52.250145 -4.215814
v -5.117668 -72.252434 -5.675882
v -12.345798 -66.108757 3.891529
v -11.600769 -62.972656 3.938604
v -15.328620 -59.573071 0.195029
v -16.547758 -79.299019 -3.159990
v -14.895149 -91.705254 -2.246885
v -12.730503 -89.616661 2.577171
v -14.009243 -64.376831 5.175254
v -7.233548 -69.270561 4.900277
v -7.060160 -64.649956 5.446495
v -17.815660 -68.097740 -2.749767
v -14.686541 -66.895996 -9.699665
v -14.889731 -71.169579 -10.629953
v -13.163974 -71.413780 3.701735
v -15.813566 -64.302925 0.619451
v -16.891825 -69.309120 -3.922156
v -7.428610 -63.531754 4.342103
v -7.946066 -66.815666 3.954296
v -4.903641 -64.672447 0.094902
v -4.903641 -63.412865 -4.057402
v -5.250418 -73.001106 -0.115813
v -5.117668 -72.252434 -5.675882
v -3.416294 -74.116096 -2.327586
v -7.848535 -80.732117 3.110685
v -5.800385 -81.239799 -2.728843
v -6.461428 -66.921700 -9.845373
v -3.939168 -68.611855 -2.077268
v -5.854568 -71.455551 -10.742036
v -3.416294 -74.116096 -2.327586
v -14.594429 -75.796608 -10.020222
v -13.871074 -78.842743 -9.116084
v -13.250668 -90.458527 -7.833107
v -7.168528 -89.497772 -8.089402
v -18.601328 -71.751167 -2.990371
v -13.990278 -80.076614 3.098729
v -14.090519 -68.875336 4.667892
v -3.939168 -68.611855 -2.077268
v -5.800385 -81.239799 -2.728843
v -7.125181 -78.910217 -9.174368
v -6.474974 -75.722710 -10.151732
v -5.916880 -88.713745 -2.716140
v -7.677856 -89.497772 2.998603
v -5.916880 -88.713745 -2.716140
v 7.339207 -50.858822 7.712814
v 7.079124 -55.193455 7.342193
v 12.437910 -54.875343 6.938694
v 2.416601 -52.388313 1.514620
v 2.524969 -41.183823 4.113452
v 2.524969 -41.823250 -3.303459
v 15.813566 -64.302925 0.619451
v 15.393641 -61.465656 -4.546832
v 15.328620 -59.573071 0.195029
v 2.885292 -58.872589 -0.264512
v 2.416601 -53.802132 -3.543316
v 2.885292 -59.071808 -4.208342
v 3.939168 -68.611855 -2.077268
v 3.855183 -64.119774 -1.462306
v 6.461428 -66.921700 -9.845373
v 6.474974 -62.895538 -8.998024
v 14.618811 -62.847340 -8.864272
v 7.060160 -64.649956 5.446495
v 3.855183 -64.119774 -1.462306
v 3.939168 -68.611855 -2.077268
v 2.416601 -53.802132 -3.543316
v 2.524969 -41.823250 -3.303459
v 6.190509 -41.553341 -7.954906
v 2.524969 -41.823250 -3.303459
v 2.416601 -53.802132 -3.543316
v 2.416601 -52.388313 1.514620
v 15.393641 -61.465656 -4.546832
v 15.829821 -62.802357 -4.800140
v 12.581497 -59.367424 -6.897589
v 12.922856 -62.464966 -7.716541
v 8.173639 -62.882687 -8.186543
v 13.651629 -41.714001 9.488209
v 12.554406 -50.858822 7.309315
v 17.341551 -42.208839 5.053455
v 15.306947 -51.025909 3.567235
v 17.509521 -42.652264 0.524552
v 15.545356 -51.302246 -0.044082
v 2.885292 -59.071808 -4.208342
v 2.416601 -53.802132 -3.543316
v 6.984302 -53.519367 -6.689861
v 6.190509 -41.553341 -7.954906
v 12.540860 -42.061031 -7.623141
v 2.524969 -41.183823 4.113452
v 2.416601 -52.388313 1.514620
v 4.540609 -41.408745 7.833117
v 8.005669 -41.534061 9.890961
v 7.428610 -63.531754 4.342103
v 11.600769 -62.972656 3.938604
v 7.710366 -61.716286 5.349357
v 11.665790 -61.157188 4.946605
v 14.009243 -64.376831 5.175254
v 14.090519 -68.875336 4.667892
v 17.292786 -63.685989 -2.222229
v 17.815660 -68.097740 -2.749767
v 14.686541 -66.895996 -9.699665
v 6.461428 -66.921700 -9.845373
v 7.710366 -61.716286 5.349357
v 5.079739 -57.853996 2.838695
v 7.428610 -63.531754 4.342103
v 2.885292 -58.872589 -0.264512
v 4.903641 -64.672447 0.094902
v 4.903641 -63.412865 -4.057402
v 4.903641 -63.412865 -4.057402
v 2.885292 -59.071808 -4.208342
v 8.089654 -59.367424 -7.460246
v 6.984302 -53.519367 -6.689861
v 11.977347 -53.519367 -6.127204
v 12.540860 -42.061031 -7.623141
v 15.052282 -52.250145 -4.215814
v 16.731983 -42.677967 -4.389170
v 15.545356 -51.302246 -0.044082
v 15.813566 -64.302925 0.619451
v 16.891825 -69.309120 -3.922156
v 13.296725 -69.672218 -9.802033
v 7.878336 -70.999275 -9.896183
v 5.117668 -72.252434 -5.675882
v 5.079739 -57.853996 2.838695
v 7.710366 -61.716286 5.349357
v 11.665790 -61.157188 4.946605
v 13.592027 -58.326340 3.215294
v 11.600769 -62.972656 3.938604
v 15.328620 -59.573071 0.195029
v 5.117668 -72.252434 -5.675882
v 4.903641 -63.412865 -4.057402
v 8.173639 -62.882687 -8.186543
v 8.089654 -59.367424 -7.460246
v 12.581497 -59.367424 -6.897589
v 11.977347 -53.519367 -6.127204
v 15.393641 -61.465656 -4.546832
v 15.052282 -52.250145 -4.215814
v 15.328620 -59.573071 0.195029
v 13.592027 -58.326340 3.215294
v 15.306947 -51.025909 3.567235
v 12.437910 -54.875343 6.938694
v 12.554406 -50.858822 7.309315
v 7.339207 -50.858822 7.712814
v 13.651629 -41.714001 9.488209
v 8.005669 -41.534061 9.890961
v 5.846441 -95.628593 4.629785
v 5.916880 -88.713745 -2.716140
v 4.096301 -98.385536 -1.439887
v 14.448132 -95.956345 4.355555
v 14.654031 -97.983887 6.975312
v 16.669670 -98.710068 -1.625944
v 4.096301 -98.385536 -1.439887
v 5.916880 -88.713745 -2.716140
v 6.477683 -94.722466 -8.127511
v 13.949640 -95.172318 -1.015466
v 12.250976 -99.712593 -7.367586
v 10.308484 -95.294418 -5.264909
v 7.271477 -99.712593 -7.219637
v 14.895149 -91.705254 -2.246885
v 13.781670 -95.053429 -7.892883
v 13.250668 -90.458527 -7.833107
v 6.477683 -94.722466 -8.127511
v 7.168528 -89.497772 -8.089402
v 5.916880 -88.713745 -2.716140
v 14.654031 -97.983887 6.975312
v 16.065521 -102.553078 -0.736004
v 16.669670 -98.710068 -1.625944
v 13.917130 -105.078667 -8.519800
v 14.664868 -100.146378 -9.464288
v 5.881660 -104.709152 -8.647575
v 5.543011 -99.654755 -9.592062
v 10.308484 -95.294418 -5.264909
v 7.271477 -99.712593 -7.219637
v 5.651379 -95.734634 -0.550695
v 6.136325 -99.731873 0.980361
v 8.642329 -94.465408 3.579941
v 8.533961 -97.546883 8.729785
v 11.790413 -94.465408 3.348302
v 12.318706 -99.314156 11.439954
v 13.949640 -95.172318 -1.015466
v 13.667884 -98.453011 -2.463579
v 12.250976 -99.712593 -7.367586
v 14.448132 -95.956345 4.355555
v 10.175733 -95.098412 6.514275
v 10.162187 -96.798203 9.080232
v 5.846441 -95.628593 4.629785
v 5.805803 -97.723610 6.826614
v 4.096301 -98.385536 -1.439887
v 4.025862 -102.459900 -0.536496
v 5.916880 -88.713745 -2.716140
v 5.846441 -95.628593 4.629785
v 7.677856 -89.497772 2.998603
v 10.175733 -95.098412 6.514275
v 12.730503 -89.616661 2.577171
v 14.448132 -95.956345 4.355555
v 14.895149 -91.705254 -2.246885
v 16.669670 -98.710068 -1.625944
v 13.781670 -95.053429 -7.892883
v 14.664868 -100.146378 -9.464288
v 5.543011 -99.654755 -9.592062
v 4.096301 -98.385536 -1.439887
v 5.881660 -104.709152 -8.647575
v 4.025862 -102.459900 -0.536496
v 7.233548 -69.270561 4.900277
v 3.939168 -68.611855 -2.077268
v 3.416294 -74.116096 -2.327586
v 14.889731 -71.169579 -10.629953
v 6.461428 -66.921700 -9.845373
v 14.686541 -66.895996 -9.699665
v 12.345798 -66.108757 3.891529
v 15.813566 -64.302925 0.619451
v 15.328620 -59.573071 0.195029
v 5.854568 -71.455551 -10.742036
v 3.939168 -68.611855 -2.077268
v 5.916880 -88.713745 -2.716140
v 5.800385 -81.239799 -2.728843
v 7.168528 -89.497772 -8.089402
v 18.601328 -71.751167 -2.990371
v 14.594429 -75.796608 -10.020222
v 7.060160 -64.649956 5.446495
v 14.090519 -68.875336 4.667892
v 14.009243 -64.376831 5.175254
v 13.871074 -78.842743 -9.116084
v 16.547758 -79.299019 -3.159990
v 14.895149 -91.705254 -2.246885
v 12.730503 -89.616661 2.577171
v 6.474974 -75.722710 -10.151732
v 16.891825 -69.309120 -3.922156
v 13.163974 -71.413780 3.701735
v 4.903641 -64.672447 0.094902
v 7.946066 -66.815666 3.954296
v 7.428610 -63.531754 4.342103
v 11.600769 -62.972656 3.938604
v 5.117668 -72.252434 -5.675882
v 5.250418 -73.001106 -0.115813
v 4.903641 -63.412865 -4.057402
v 13.250668 -90.458527 -7.833107
v 7.125181 -78.910217 -9.174368
v 3.416294 -74.116096 -2.327586
v 17.815660 -68.097740 -2.749767
v 13.990278 -80.076614 3.098729
v 7.848535 -80.732117 3.110685
v 5.800385 -81.239799 -2.728843
v 7.677856 -89.497772 2.998603
v 5.916880 -88.713745 -2.716140
v 19.113363 -30.997917 5.703537
v 19.625402 -21.409676 5.253708
v 14.686541 -31.736959 10.337799
v 8.005669 -41.534061 9.890961
v 9.021616 -31.952244 11.050647
v 4.234470 -30.830832 9.361181
v 16.731983 -42.677967 -4.389170
v 17.509521 -42.652264 0.524552
v 15.545356 -51.302246 -0.044082
v 4.540609 -41.408745 7.833117
v 2.524969 -41.183823 4.113452
v 13.185648 -30.628399 -8.232126
v 6.190509 -41.553341 -7.954906
v 5.475281 -30.136776 -9.578618
v 2.524969 -41.823250 -3.303459
v 1.037621 -29.012150 -4.069361
v 1.037621 -29.471640 4.612595
v 1.037621 -29.012150 -4.069361
v 2.524969 -41.823250 -3.303459
v 20.039909 -22.029825 -0.609730
v 19.319263 -30.766567 0.452070
v 17.506811 -24.507217 -4.896534
v 17.861717 -30.776205 -4.618567
v 13.185648 -30.628399 -8.232126
v 14.686541 -31.736959 10.337799
v 13.651629 -41.714001 9.488209
v 17.341551 -42.208839 5.053455
v 19.319263 -30.766567 0.452070
v 17.861717 -30.776205 -4.618567
v 12.540860 -42.061031 -7.623141
v -7.829571 -103.552391 2.072798
v -5.245000 -101.190674 13.783984
v -5.179979 -104.934074 13.414110
v -14.654031 -97.983887 6.975312
v -10.162187 -96.798203 9.080232
v -14.448132 -95.956345 4.355555
v -7.341916 -104.934074 20.386425
v -13.223576 -104.934074 19.861128
v -5.179979 -104.934074 13.414110
v -13.223576 -104.934074 19.861128
v -13.023096 -102.867973 19.716169
v -16.033010 -104.943718 13.041995
v -7.271477 -99.712593 -7.219637
v -6.954501 -104.934074 -7.022370
v -12.250976 -99.712593 -7.367586
v -12.668192 -104.934074 -7.319764
v -13.667884 -98.453011 -2.463579
v -14.155539 -104.934074 -1.213478
v -7.829571 -103.552391 2.072798
v -14.155539 -104.934074 -1.213478
v -7.753714 -104.956566 -1.120823
v -12.668192 -104.934074 -7.319764
v -6.954501 -104.934074 -7.022370
v -7.271477 -99.712593 -7.219637
v -6.136325 -99.731873 0.980361
v -6.954501 -104.934074 -7.022370
v -7.753714 -104.956566 -1.120823
v -15.477626 -103.552391 2.072798
v -16.247038 -104.934074 10.113638
v -16.680508 -102.392418 10.422239
v -15.523682 -102.385994 13.219086
v -8.471650 -99.314156 11.686537
v -7.956903 -100.830795 14.345148
v -7.149563 -102.598068 19.802845
v -7.341916 -104.934074 20.386425
v -12.567951 -100.817940 14.056720
v -12.318706 -99.314156 11.439954
v -16.033010 -104.943718 13.041995
v -16.247038 -104.934074 10.113638
v -15.477626 -103.552391 2.072798
v -8.533961 -97.546883 8.729785
v -15.545356 -51.302246 -0.044082
v -17.509521 -42.652264 0.524552
v -16.731983 -42.677967 -4.389170
v -8.005669 -41.534061 9.890961
v -4.540609 -41.408745 7.833117
v -4.234470 -30.830832 9.361181
v -2.524969 -41.183823 4.113452
v -1.037621 -29.012150 -4.069361
v -2.524969 -41.823250 -3.303459
v -5.475281 -30.136776 -9.578618
v -6.190509 -41.553341 -7.954906
v -13.185648 -30.628399 -8.232126
v -2.524969 -41.823250 -3.303459
v -1.037621 -29.012150 -4.069361
v -1.037621 -29.471640 4.612595
v -13.185648 -30.628399 -8.232126
v -17.861717 -30.776205 -4.618567
v -17.506811 -24.507217 -4.896534
v -19.319263 -30.766567 0.452070
v -20.039909 -22.029825 -0.609730
v -19.113363 -30.997917 5.703537
v -19.625402 -21.409676 5.253708
v -14.686541 -31.736959 10.337799
v -12.540860 -42.061031 -7.623141
v -17.861717 -30.776205 -4.618567
v -19.319263 -30.766567 0.452070
v -17.341551 -42.208839 5.053455
v -13.651629 -41.714001 9.488209
v -14.686541 -31.736959 10.337799
v -9.021616 -31.952244 11.050647
v 12.668192 -104.934074 -7.319764
v 13.667884 -98.453011 -2.463579
v 14.155539 -104.934074 -1.213478
v 6.136325 -99.731873 0.980361
v 6.954501 -104.934074 -7.022370
v 7.753714 -104.956566 -1.120823
v 7.149563 -102.598068 19.802845
v 5.179979 -104.934074 13.414110
v 7.341916 -104.934074 20.386425
v 15.477626 -103.552391 2.072798
v 5.245000 -101.190674 13.783984
v 7.829571 -103.552391 2.072798
v 14.448132 -95.956345 4.355555
v 10.162187 -96.798203 9.080232
v 14.654031 -97.983887 6.975312
v 12.250976 -99.712593 -7.367586
v 6.954501 -104.934074 -7.022370
v 7.271477 -99.712593 -7.219637
v 6.954501 -104.934074 -7.022370
v 12.668192 -104.934074 -7.319764
v 7.753714 -104.956566 -1.120823
v 14.155539 -104.934074 -1.213478
v 7.829571 -103.552391 2.072798
v 7.271477 -99.712593 -7.219637
v 7.956903 -100.830795 14.345148
v 8.471650 -99.314156 11.686537
v 13.023096 -102.867973 19.716169
v 13.223576 -104.934074 19.861128
v 15.523682 -102.385994 13.219086
v 16.033010 -104.943718 13.041995
v 16.680508 -102.392418 10.422239
v 16.247038 -104.934074 10.113638
v 12.318706 -99.314156 11.439954
v 12.567951 -100.817940 14.056720
v 15.477626 -103.552391 2.072798
v 16.247038 -104.934074 10.113638
v 5.179979 -104.934074 13.414110
v 16.033010 -104.943718 13.041995
v 7.341916 -104.934074 20.386425
v 13.223576 -104.934074 19.861128
v 8.533961 -97.546883 8.729785
vn -0.0000 -0.9821 0.1885
vn 0.7489 -0.6622 0.0237
vn -0.0000 -0.9989 -0.0472
vn -0.0078 0.3373 -0.9414
vn 0.0157 0.2111 -0.9773
vn -0.0000 0.2902 -0.9570
vn -0.0000 0.1644 -0.9864
vn -0.0157 0.2111 -0.9773
vn 0.7489 -0.6622 0.0236
vn -0.6039 -0.7294 0.3215
vn -0.0000 -0.6668 0.7452
vn 0.0944 -0.0944 0.9910
vn -0.0000 -0.0707 0.9975
vn -0.3914 0.1487 0.9081
vn -0.3378 0.2357 0.9112
vn -0.4724 0.2834 0.8346
vn -0.0001 0.2518 -0.9678
vn 0.0079 0.3373 -0.9414
vn -0.0079 0.2444 -0.9696
vn 0.2433 0.3925 -0.8870
vn 0.3055 0.2585 -0.9164
vn 0.5888 0.3297 -0.7380
vn 0.5817 0.2830 -0.7626
vn 0.8722 0.3536 -0.3379
vn 0.0078 0.3373 -0.9414
vn -0.3378 0.2356 0.9113
vn -0.0000 -0.0706 0.9975
vn -0.0000 0.2830 0.9591
vn 0.3378 0.2356 0.9113
vn -0.7489 -0.6623 0.0236
vn 0.6039 -0.7294 0.3215
vn -0.0944 -0.0944 0.9911
vn 0.3914 0.1487 0.9081
vn 0.3378 0.2356 0.9112
vn 0.4724 0.2834 0.8346
vn -0.0156 0.2112 -0.9773
vn 0.3765 0.2118 -0.9019
vn 0.2749 0.3299 -0.9031
vn 0.5576 0.3298 -0.7618
vn 0.8601 0.3235 -0.3945
vn 0.8950 0.3925 0.2120
vn 0.7926 0.3217 0.5179
vn 0.5989 0.3231 0.7328
vn 0.4311 0.2900 0.8544
vn -0.8895 0.3385 -0.3070
vn -0.8601 0.3235 -0.3945
vn -0.8950 0.3925 0.2119
vn -0.2356 0.3378 0.9112
vn -0.4639 0.2513 0.8495
vn -0.4724 0.2835 0.8346
vn -0.4804 0.3859 0.7876
vn -0.3468 0.3941 0.8512
vn 0.3378 0.2357 0.9112
vn 0.2357 0.3378 0.9112
vn 0.4724 0.2835 0.8346
vn 0.2356 0.3378 0.9112
vn -0.0000 0.3996 0.9167
vn 0.3468 0.3941 0.8512
vn 0.4804 0.3859 0.7876
vn 0.4639 0.2513 0.8495
vn -0.8950 0.3925 0.2120
vn -0.7423 0.4659 0.4816
vn -0.5988 0.3231 0.7328
vn -0.4311 0.2900 0.8544
vn 0.4804 0.3859 0.7875
vn 0.5988 0.3231 0.7328
vn 0.7423 0.4659 0.4816
vn 0.8950 0.3926 0.2120
vn 0.8895 0.3385 -0.3070
vn -0.5576 0.3298 -0.7618
vn -0.4089 0.2909 -0.8650
vn -0.2749 0.3298 -0.9031
vn -0.4098 0.1970 -0.8906
vn -0.3764 0.2117 -0.9019
vn -0.3467 0.1733 -0.9218
vn 0.0156 0.2111 -0.9773
vn 0.2047 0.1417 -0.9685
vn -0.0000 0.1720 -0.9851
vn -0.2047 0.1417 -0.9685
vn -0.0156 0.2111 -0.9773
vn 0.3467 0.1733 -0.9218
vn 0.3764 0.2117 -0.9019
vn 0.4098 0.1970 -0.8906
vn 0.2749 0.3298 -0.9031
vn 0.4089 0.2909 -0.8650
vn -0.7926 0.3217 0.5179
vn -0.7613 0.4002 0.5101
vn -0.3700 0.3150 0.8740
vn -0.2433 0.3925 -0.8870
vn -0.0079 0.3373 -0.9414
vn 0.0079 0.2444 -0.9696
vn 0.0001 0.2518 -0.9678
vn 0.4803 -0.1811 -0.8582
vn -0.4022 0.1262 -0.9068
vn -0.6816 0.2664 -0.6816
vn -0.5817 0.2830 -0.7626
vn -0.8763 0.3521 -0.3287
vn -0.7926 0.3218 0.5179
vn -0.3701 0.3150 0.8740
vn -0.3914 0.1488 0.9081
vn 0.0157 0.1961 0.9805
vn 0.0944 -0.0944 0.9911
vn 0.3922 0.0628 0.9177
vn 0.8278 0.2286 0.5124
vn 0.4089 0.0314 -0.9121
vn 0.8631 -0.3452 -0.3688
vn 0.9617 0.0867 -0.2602
vn 0.9664 0.2357 0.1021
vn 0.9240 0.2819 0.2584
vn 0.2448 -0.3791 -0.8924
vn -0.1336 -0.0472 -0.9899
vn -0.1730 -0.0629 -0.9829
vn -0.4021 0.1262 -0.9068
vn -0.3055 0.2585 -0.9164
vn -0.5888 0.3297 -0.7380
vn 0.6438 -0.5968 -0.4790
vn 0.4802 -0.1811 -0.8582
vn 0.0078 0.2444 -0.9697
vn -0.3054 0.2585 -0.9165
vn -0.2434 0.3925 -0.8870
vn -0.5989 0.3231 0.7328
vn -0.8764 0.3521 -0.3286
vn -0.2749 0.3299 -0.9031
vn -0.0079 0.3373 -0.9413
vn -0.3765 0.2118 -0.9019
vn -0.7613 0.4003 0.5102
vn -0.7926 0.3218 0.5180
vn -0.9658 0.2591 0.0078
vn -0.8821 0.2914 -0.3701
vn -0.6816 0.2664 -0.6815
vn -0.5364 0.2287 -0.8124
vn -0.1731 0.0472 -0.9838
vn -0.1336 -0.0471 -0.9899
vn 0.4088 0.0315 -0.9121
vn 0.8630 -0.3452 -0.3688
vn 0.9752 0.0629 -0.2123
vn 0.9484 0.0470 -0.3135
vn 0.6220 0.1338 -0.7715
vn -0.5654 0.0236 0.8245
vn -0.9210 0.0945 0.3778
vn 0.2444 0.1734 -0.9540
vn 0.6219 0.1338 -0.7715
vn 0.9695 0.0704 0.2346
vn 0.9210 0.0945 0.3779
vn 0.5654 0.0236 0.8245
vn -0.6220 0.1338 -0.7715
vn -0.2444 0.1735 -0.9540
vn -0.9695 0.0704 0.2346
vn -0.9752 0.0629 -0.2124
vn -0.9484 0.0470 -0.3135
vn -0.6219 0.1338 -0.7715
vn -0.2591 -0.0236 0.9656
vn -0.0000 -0.0393 0.9992
vn 0.2591 -0.0236 0.9656
vn -0.0000 -0.9022 -0.4314
vn -0.0000 -0.3537 -0.9354
vn -0.4803 -0.1811 -0.8582
vn -0.2448 -0.3791 -0.8924
vn -0.8630 -0.3452 -0.3687
vn -0.6438 -0.5967 -0.4790
vn -0.7490 -0.6622 0.0236
vn 0.0001 -0.9021 -0.4315
vn 0.7490 -0.6622 0.0236
vn 0.8631 -0.3452 -0.3687
vn 0.4022 0.1261 -0.9068
vn 0.1336 -0.0472 -0.9899
vn 0.1730 -0.0630 -0.9829
vn -0.4802 -0.1811 -0.8582
vn -0.0000 -0.9021 -0.4315
vn 0.6773 0.2678 -0.6852
vn 0.4022 0.1262 -0.9068
vn 0.3055 0.2585 -0.9165
vn 0.1730 -0.0629 -0.9829
vn -0.0079 0.2443 -0.9697
vn -0.0000 0.2518 -0.9678
vn 0.6438 -0.5967 -0.4789
vn 0.2448 -0.3790 -0.8924
vn 0.4308 -0.0548 -0.9008
vn 0.4480 -0.2279 -0.8645
vn 0.8179 -0.1022 -0.5663
vn 0.3927 0.1256 0.9110
vn 0.4495 -0.0631 0.8910
vn 0.9185 0.0471 0.3926
vn -0.4180 -0.2129 -0.8832
vn -0.3531 -0.0549 -0.9340
vn -0.9546 -0.0704 -0.2895
vn 0.9157 0.2842 -0.2842
vn 0.9201 0.3067 0.2438
vn 0.9201 0.3067 0.2437
vn 0.6617 0.2442 0.7089
vn 0.8471 0.4549 -0.2745
vn 0.8425 0.4803 0.2441
vn 0.8471 0.4550 -0.2745
vn 0.8425 0.4803 0.2440
vn 0.6058 0.3777 0.7002
vn 0.6058 0.3777 0.7003
vn 0.8095 0.5187 -0.2751
vn 0.7969 0.5523 0.2446
vn 0.5722 0.4311 0.6976
vn 0.5722 0.4312 0.6976
vn -0.9240 0.2819 0.2584
vn -0.8277 0.2286 0.5125
vn -0.0944 -0.0944 0.9910
vn -0.3532 -0.0550 -0.9339
vn -0.5508 0.1180 0.8263
vn -0.9393 0.1957 0.2818
vn -0.9583 0.0785 0.2749
vn -0.9830 0.0944 -0.1573
vn -0.9127 -0.1102 -0.3934
vn -0.2437 -0.2831 -0.9276
vn -0.9127 -0.1102 -0.3935
vn 0.9658 -0.0079 -0.2592
vn 0.8179 -0.1023 -0.5662
vn 0.8398 -0.0393 -0.5415
vn 0.4480 -0.2280 -0.8645
vn 0.5339 -0.1884 -0.8243
vn -0.3922 0.0628 0.9177
vn -0.0157 0.1961 0.9805
vn 0.3914 0.1488 0.9081
vn 0.3701 0.3150 0.8740
vn -0.8278 0.2286 0.5124
vn -0.9664 0.2357 0.1022
vn -0.7489 -0.6622 0.0237
vn -0.9617 0.0867 -0.2602
vn -0.8631 -0.3452 -0.3687
vn -0.4088 0.0315 -0.9121
vn 0.4494 -0.0631 0.8911
vn 0.3927 0.1256 0.9111
vn -0.0472 -0.0236 0.9986
vn -0.1255 0.0863 0.9883
vn -0.6060 -0.0315 0.7949
vn -0.6280 0.0393 0.7772
vn -0.9326 -0.0156 0.3605
vn 0.3927 0.1257 0.9111
vn 0.0627 0.2273 0.9718
vn -0.6280 0.0392 0.7772
vn 0.7483 0.4018 0.5278
vn 0.9639 0.2664 -0.0000
vn 0.8751 0.2917 -0.3862
vn 0.6774 0.2678 -0.6852
vn 0.5363 0.2287 -0.8124
vn 0.1731 0.0472 -0.9838
vn 0.1336 -0.0471 -0.9899
vn -0.2448 -0.3790 -0.8924
vn -0.2437 -0.2830 -0.9276
vn 0.6351 0.0784 -0.7684
vn 0.8398 -0.0392 -0.5415
vn 0.8315 0.1255 -0.5412
vn 0.9658 -0.0078 -0.2591
vn 0.9837 0.0866 -0.1574
vn 0.9185 0.0471 0.3925
vn 0.8136 0.1956 0.5476
vn 0.3927 0.1257 0.9110
vn 0.3776 0.2596 0.8889
vn 0.9583 0.0786 0.2749
vn 0.9326 -0.0157 0.3605
vn 0.9546 -0.0704 -0.2895
vn 0.0944 -0.0943 0.9911
vn 0.8277 0.2286 0.5124
vn 0.3532 -0.0549 -0.9339
vn -0.4308 -0.0548 -0.9008
vn -0.4480 -0.2279 -0.8645
vn -0.8179 -0.1022 -0.5663
vn 0.9127 -0.1101 -0.3934
vn 0.9583 0.0785 0.2749
vn 0.9128 -0.1102 -0.3934
vn 0.9830 0.0944 -0.1573
vn 0.9393 0.1957 0.2818
vn 0.5508 0.1180 0.8262
vn 0.4180 -0.2129 -0.8832
vn 0.9127 -0.1102 -0.3935
vn 0.2437 -0.2830 -0.9277
vn -0.5339 -0.1884 -0.8243
vn -0.8398 -0.0393 -0.5415
vn -0.8179 -0.1023 -0.5662
vn -0.9658 -0.0079 -0.2592
vn 0.9326 -0.0157 0.3606
vn 0.6280 0.0393 0.7772
vn 0.6060 -0.0315 0.7949
vn 0.1255 0.0863 0.9883
vn 0.0472 -0.0236 0.9986
vn -0.3927 0.1256 0.9110
vn -0.4494 -0.0631 0.8911
vn -0.9185 0.0471 0.3926
vn 0.9582 0.0786 0.2750
vn 0.6280 0.0392 0.7772
vn 0.5508 0.1180 0.8263
vn -0.0627 0.2273 0.9718
vn -0.3927 0.1257 0.9111
vn -0.3776 0.2596 0.8889
vn -0.3927 0.1257 0.9110
vn -0.8136 0.1956 0.5476
vn -0.9185 0.0471 0.3925
vn -0.9837 0.0866 -0.1574
vn -0.9658 -0.0078 -0.2591
vn -0.8315 0.1255 -0.5412
vn -0.8398 -0.0392 -0.5415
vn -0.6351 0.0784 -0.7684
vn -0.5338 -0.1884 -0.8243
vn -0.4479 -0.2279 -0.8645
vn 0.4179 -0.2129 -0.8832
vn -0.0000 0.2903 -0.9569
vn 0.9910 0.1337 0.0078
vn 0.7077 0.2044 -0.6763
vn 0.6110 -0.0235 -0.7913
vn -0.9907 0.1337 -0.0236
vn -0.8656 0.3541 0.3541
vn -0.7393 0.4954 0.4561
vn -0.5017 0.2117 -0.8388
vn -0.0078 0.6285 -0.7778
vn 0.6766 0.2281 -0.7001
vn -0.5972 -0.0314 -0.8015
vn -0.6988 0.2120 -0.6831
vn -0.9931 0.1173 -0.0000
vn 0.7077 0.2045 -0.6763
vn 0.9940 0.1018 -0.0392
vn -0.9908 0.1336 -0.0236
vn -0.9888 -0.1491 0.0079
vn -0.6192 0.0470 -0.7838
vn -0.6128 -0.2357 -0.7543
vn -0.5017 0.2117 -0.8387
vn -0.9487 0.2901 -0.1254
vn 0.9999 0.0079 -0.0079
vn 0.8157 -0.1255 -0.5647
vn 0.9940 0.1017 -0.0392
vn 0.6304 0.0788 -0.7722
vn -0.6989 0.2120 -0.6831
vn 0.6111 -0.0235 -0.7912
vn -0.5972 -0.0315 -0.8015
vn -0.9736 0.1491 -0.1727
vn -0.4562 0.7943 0.4011
vn -0.3070 0.8263 0.4722
vn 0.3215 0.8469 0.4235
vn 0.6845 0.5272 0.5035
vn 0.9955 -0.0078 0.0941
vn 0.9732 0.2276 -0.0314
vn -0.0079 0.6284 -0.7778
vn 0.9999 0.0079 -0.0078
vn 0.9940 0.1018 -0.0391
vn 0.8720 0.3300 0.3614
vn 0.7367 0.4703 0.4859
vn -0.0157 0.8018 0.5974
vn -0.0473 0.6231 0.7807
vn -0.7392 0.4955 0.4561
vn -0.7393 0.4954 0.4562
vn -0.5747 0.1575 0.8030
vn -0.0473 0.6230 0.7808
vn 0.6226 0.2522 0.7408
vn 0.7367 0.4702 0.4859
vn 0.9910 0.1337 0.0079
vn -0.5493 0.2118 -0.8083
vn -0.5566 0.1959 -0.8074
vn 0.5807 0.1491 -0.8004
vn -0.9206 -0.2203 0.3225
vn -0.9829 -0.1730 -0.0629
vn -0.9873 -0.1489 0.0549
vn 0.9984 -0.0157 0.0550
vn 0.9980 0.0629 -0.0000
vn 0.4566 0.2046 -0.8658
vn -0.5494 0.2119 -0.8083
vn -0.5565 0.1960 -0.8074
vn -0.5493 0.2119 -0.8083
vn -0.9972 0.0707 0.0236
vn -0.9918 0.1259 0.0236
vn -0.5502 -0.0550 0.8332
vn 0.6036 -0.0941 0.7917
vn 0.5183 -0.1099 0.8481
vn 0.3452 -0.0942 -0.9338
vn 0.9448 -0.0551 -0.3228
vn 0.9091 -0.0313 -0.4154
vn 0.7231 -0.1415 0.6760
vn 0.1882 -0.1411 0.9720
vn 0.2668 -0.1648 0.9495
vn 0.3542 0.2057 -0.9123
vn -0.5191 0.2202 -0.8259
vn -0.4400 0.2436 -0.8643
vn -0.8886 0.2359 -0.3932
vn -0.9075 0.1815 -0.3788
vn -0.9205 -0.2203 0.3226
vn -0.9136 -0.2127 0.3466
vn -0.5331 -0.1960 0.8231
vn -0.4322 -0.1965 0.8801
vn 0.9635 -0.0940 0.2506
vn 0.9196 -0.1100 0.3772
vn 0.9449 -0.0551 -0.3228
vn 0.9091 -0.0314 -0.4153
vn -0.3380 -0.1022 -0.9356
vn 0.2443 -0.0236 -0.9694
vn 0.8503 -0.1968 -0.4881
vn 0.9635 -0.0940 0.2507
vn 0.7232 -0.1415 0.6760
vn 0.9195 -0.1100 0.3773
vn 0.2669 -0.1648 0.9495
vn 0.5174 -0.2038 0.8311
vn -0.4558 -0.2122 0.8644
vn 0.4881 -0.2283 0.8424
vn 0.2111 -0.3832 0.8992
vn -0.4945 -0.2512 0.8321
vn -0.5367 -0.3710 0.7578
vn 0.9135 -0.1024 -0.3938
vn 0.9342 -0.2277 0.2748
vn 0.9286 -0.1967 0.3148
vn 0.8020 -0.2123 0.5583
vn 0.2112 -0.3832 0.8992
vn -0.9873 -0.1489 0.0548
vn -0.8580 -0.1338 -0.4959
vn -0.8660 -0.0630 -0.4960
vn -0.3381 -0.1022 -0.9355
vn -0.3697 0.0393 -0.9283
vn 0.2679 0.0630 -0.9614
vn 0.9135 -0.1023 -0.3938
vn 0.9201 0.0708 -0.3853
vn 0.4941 0.1961 -0.8470
vn 0.3540 0.2046 -0.9126
vn -0.3225 0.2517 -0.9125
vn -0.5191 0.2202 -0.8258
vn -0.9740 0.0550 -0.2199
vn -0.8887 0.2359 -0.3932
vn -0.9269 0.1021 0.3613
vn -0.9262 0.0157 0.3767
vn -0.9262 0.0157 0.3768
vn -0.4946 -0.2512 0.8321
vn -0.8755 -0.2130 0.4338
vn -0.5368 -0.3710 0.7578
vn 0.5174 -0.2039 0.8311
vn 0.9196 -0.1101 0.3772
vn 0.9286 -0.1967 0.3147
vn 0.9091 -0.0314 -0.4154
vn 0.1881 -0.1411 0.9720
vn -0.5330 -0.1960 0.8231
vn -0.8755 -0.2129 0.4338
vn 0.9200 0.0708 -0.3854
vn -0.3699 0.0315 0.9285
vn -0.9805 -0.1804 0.0784
vn -0.5747 0.1574 0.8031
vn 0.5183 -0.1100 0.8481
vn -0.9918 0.1260 0.0236
vn -0.4335 0.0709 -0.8984
vn -0.3843 -0.1569 0.9098
vn -0.9268 0.1021 0.3613
vn -0.9740 0.0550 -0.2200
vn 0.4247 -0.1730 0.8887
vn 0.9342 -0.2276 0.2748
vn 0.9135 -0.1024 -0.3937
vn 0.8966 -0.1494 0.4168
vn 0.9875 -0.1567 0.0157
vn 0.5173 -0.1254 0.8465
vn 0.9932 -0.1095 0.0391
vn 0.4565 0.2047 -0.8658
vn 0.7065 0.0392 -0.7066
vn 0.9875 -0.1567 0.0156
vn -0.5273 -0.2282 -0.8185
vn -0.4409 -0.2047 -0.8739
vn -0.9974 -0.0706 0.0157
vn -0.6368 -0.1572 0.7548
vn -0.6194 -0.0392 0.7841
vn 0.6898 -0.2430 -0.6820
vn 0.5524 -0.2683 -0.7892
vn -0.2669 -0.1648 0.9495
vn -0.5174 -0.2038 0.8311
vn 0.4557 -0.2122 0.8644
vn -0.9196 -0.1100 0.3772
vn -0.9635 -0.0940 0.2506
vn -0.9449 -0.0551 -0.3228
vn 0.9269 0.1021 0.3613
vn 0.9075 0.1815 -0.3788
vn 0.9262 0.0157 0.3767
vn -0.9286 -0.1967 0.3147
vn -0.9091 -0.0314 -0.4154
vn -0.8503 -0.1968 -0.4881
vn -0.9980 0.0629 -0.0001
vn -0.9984 -0.0157 0.0550
vn -0.4566 0.2046 -0.8658
vn -0.5807 0.1491 -0.8004
vn 0.5566 0.1960 -0.8074
vn -0.5183 -0.1100 0.8481
vn -0.9980 0.0628 -0.0000
vn -0.3452 -0.0942 -0.9338
vn -0.9091 -0.0313 -0.4153
vn -0.9195 -0.1101 0.3773
vn 0.8887 0.2359 -0.3932
vn 0.4400 0.2436 -0.8643
vn 0.5191 0.2202 -0.8259
vn -0.3540 0.2046 -0.9126
vn 0.4322 -0.1965 0.8801
vn 0.5331 -0.1960 0.8231
vn 0.9136 -0.2127 0.3466
vn 0.9205 -0.2203 0.3226
vn 0.9829 -0.1730 -0.0629
vn 0.9873 -0.1489 0.0549
vn -0.2443 -0.0237 -0.9694
vn 0.3380 -0.1022 -0.9356
vn -0.9635 -0.0940 0.2507
vn -0.9195 -0.1100 0.3773
vn -0.7232 -0.1415 0.6760
vn -0.2668 -0.1648 0.9496
vn -0.1882 -0.1411 0.9720
vn -0.4881 -0.2283 0.8424
vn 0.4945 -0.2512 0.8321
vn -0.2111 -0.3832 0.8992
vn 0.5367 -0.3710 0.7578
vn 0.5502 -0.0551 0.8332
vn 0.6194 -0.0392 0.7841
vn 0.9972 0.0707 0.0236
vn 0.9918 0.1259 0.0236
vn 0.5565 0.1960 -0.8074
vn 0.5493 0.2119 -0.8083
vn -0.4565 0.2047 -0.8658
vn -0.8020 -0.2123 0.5583
vn -0.9286 -0.1967 0.3148
vn -0.9342 -0.2277 0.2748
vn -0.9135 -0.1024 -0.3937
vn -0.2679 0.0630 -0.9614
vn -0.2443 -0.0236 -0.9694
vn 0.3697 0.0393 -0.9283
vn 0.3381 -0.1022 -0.9355
vn 0.8660 -0.0630 -0.4960
vn 0.8580 -0.1338 -0.4959
vn 0.9873 -0.1489 0.0548
vn 0.9268 0.1021 0.3613
vn 0.9740 0.0550 -0.2199
vn 0.3225 0.2517 -0.9125
vn -0.4941 0.1961 -0.8470
vn -0.9201 0.0708 -0.3853
vn -0.2111 -0.3831 0.8992
vn 0.5368 -0.3710 0.7578
vn 0.8755 -0.2130 0.4338
vn 0.4946 -0.2512 0.8321
vn 0.9262 0.0157 0.3768
vn -0.9200 0.0708 -0.3854
vn -0.9135 -0.1024 -0.3938
vn -0.3541 0.2045 -0.9126
vn -0.2679 0.0631 -0.9614
vn 0.3698 0.0394 -0.9283
vn 0.8755 -0.2129 0.4338
vn 0.4558 -0.2122 0.8644
vn 0.5330 -0.1959 0.8231
vn -0.1881 -0.1411 0.9720
vn -0.7367 0.4702 0.4859
vn -0.9910 0.1337 0.0079
vn -0.9940 0.1018 -0.0391
vn 0.7393 0.4954 0.4561
vn 0.8656 0.3541 0.3541
vn 0.9907 0.1337 -0.0236
vn -0.9940 0.1018 -0.0392
vn -0.9910 0.1337 0.0078
vn -0.7077 0.2045 -0.6763
vn 0.9487 0.2901 -0.1254
vn 0.5017 0.2117 -0.8388
vn 0.0079 0.6285 -0.7778
vn -0.6766 0.2281 -0.7001
vn 0.9931 0.1173 -0.0000
vn 0.6988 0.2120 -0.6832
vn 0.5972 -0.0314 -0.8015
vn -0.7077 0.2044 -0.6763
vn -0.6111 -0.0235 -0.7912
vn 0.9888 -0.1491 0.0078
vn 0.9908 0.1336 -0.0236
vn 0.6128 -0.2357 -0.7543
vn 0.6192 0.0470 -0.7838
vn -0.8157 -0.1255 -0.5647
vn -0.6304 0.0788 -0.7722
vn -0.6766 0.2282 -0.7001
vn -0.9732 0.2276 -0.0314
vn -0.9955 -0.0078 0.0941
vn -0.6845 0.5272 0.5035
vn -0.3215 0.8469 0.4235
vn 0.3070 0.8263 0.4722
vn 0.4562 0.7943 0.4011
vn 0.9736 0.1491 -0.1727
vn 0.7392 0.4955 0.4561
vn 0.0473 0.6231 0.7807
vn 0.0157 0.8018 0.5974
vn -0.7367 0.4703 0.4859
vn -0.8720 0.3300 0.3614
vn -0.9999 0.0079 -0.0078
vn -0.6226 0.2522 0.7408
vn 0.0473 0.6230 0.7808
vn 0.5747 0.1575 0.8030
vn 0.6988 0.2120 -0.6831
vn 0.6192 0.0471 -0.7838
vn -0.9940 0.1017 -0.0392
vn -0.9999 0.0079 -0.0079
vn -0.6036 -0.0941 0.7917
vn -0.9875 -0.1567 0.0157
vn 0.4335 0.0709 -0.8984
vn 0.3699 0.0315 0.9285
vn -0.7066 0.0393 -0.7066
vn -0.9980 0.0629 -0.0000
vn -0.9932 -0.1095 0.0391
vn -0.6110 -0.0235 -0.7912
vn 0.9974 -0.0707 0.0157
vn 0.5273 -0.2282 -0.8185
vn -0.5182 -0.1099 0.8481
vn 0.4409 -0.2047 -0.8739
vn 0.9805 -0.1804 0.0784
vn 0.5747 0.1574 0.8031
vn -0.5524 -0.2683 -0.7892
vn 0.9740 0.0550 -0.2200
vn 0.3843 -0.1569 0.9098
vn -0.9342 -0.2276 0.2748
vn -0.4247 -0.1730 0.8887
vn -0.8966 -0.1494 0.4168
vn 0.5972 -0.0315 -0.8015
vn -0.6898 -0.2430 -0.6820
vn 0.9918 0.1260 0.0236
vn 0.6368 -0.1572 0.7548
vn -0.5173 -0.1254 0.8465
vn 0.9203 -0.1023 0.3776
vn 0.9186 0.0471 0.3925
vn 0.4495 -0.0631 0.8911
vn -0.6060 -0.0315 0.7948
vn 0.4308 -0.0549 -0.9008
vn -0.3453 -0.0942 -0.9338
vn -0.9448 -0.0551 -0.3229
vn -0.9326 -0.0157 0.3605
vn -0.9449 -0.0552 -0.3228
vn 0.9658 -0.0079 -0.2591
vn 0.9835 -0.1023 -0.1495
vn 0.8179 -0.1022 -0.5662
vn 0.8717 -0.0550 -0.4869
vn 0.4309 -0.0548 -0.9007
vn 0.9136 -0.2126 0.3465
vn 0.3381 -0.1022 -0.9356
vn 0.5264 -0.8485 0.0550
vn 0.7915 0.5642 0.2351
vn 0.6981 -0.7139 0.0549
vn 0.3306 -0.2676 0.9050
vn -0.5362 -0.4180 0.7333
vn 0.6982 -0.7138 0.0550
vn -0.5362 -0.4179 0.7334
vn -0.3930 0.5580 0.7309
vn -0.8075 -0.5410 0.2352
vn 0.6766 0.2282 -0.7001
vn 0.6364 -0.4243 -0.6442
vn -0.5017 0.2116 -0.8388
vn -0.6061 -0.6219 -0.4959
vn -0.9736 0.1492 -0.1727
vn -0.5595 -0.8275 0.0473
vn 0.4474 -0.8790 0.1648
vn -0.6061 -0.6218 -0.4959
vn 0.6765 0.2281 -0.7002
vn 0.9955 -0.0079 0.0940
vn 0.6363 -0.4243 -0.6443
vn 0.4473 -0.8791 0.1648
vn -0.8314 -0.5413 -0.1255
vn -0.5010 -0.8612 -0.0861
vn -0.9498 0.2983 0.0942
vn -0.7456 0.5651 0.3532
vn 0.0708 0.8656 0.4958
vn 0.0628 0.9107 0.4082
vn 0.4482 0.6919 0.5661
vn 0.3305 -0.2676 0.9051
vn -0.2273 0.9014 0.3684
vn -0.4561 0.7944 0.4011
vn -0.8075 -0.5409 0.2352
vn -0.5010 -0.8611 -0.0862
vn -0.8314 -0.5412 -0.1255
vn 0.3216 0.8469 0.4234
vn 0.6060 -0.0315 0.7948
vn 0.9448 -0.0552 -0.3228
vn 0.3532 -0.0550 -0.9339
vn 0.3453 -0.0942 -0.9338
vn -0.4308 -0.0549 -0.9008
vn -0.8717 -0.0550 -0.4869
vn -0.8179 -0.1022 -0.5662
vn -0.9835 -0.1023 -0.1495
vn -0.9658 -0.0079 -0.2591
vn -0.9203 -0.1023 0.3776
vn -0.9186 0.0471 0.3925
vn -0.4495 -0.0631 0.8911
vn -0.3381 -0.1022 -0.9356
vn -0.9136 -0.2126 0.3465
vn 0.6061 -0.6219 -0.4959
vn 0.9736 0.1492 -0.1727
vn 0.5596 -0.8274 0.0473
vn -0.9955 -0.0079 0.0941
vn -0.6363 -0.4242 -0.6443
vn -0.4473 -0.8791 0.1648
vn -0.4482 0.6919 0.5661
vn -0.6981 -0.7139 0.0549
vn -0.3305 -0.2676 0.9051
vn 0.8314 -0.5413 -0.1255
vn -0.7915 0.5642 0.2351
vn -0.5264 -0.8485 0.0549
vn 0.5017 0.2116 -0.8387
vn -0.6364 -0.4243 -0.6442
vn -0.6363 -0.4243 -0.6442
vn 0.6061 -0.6218 -0.4959
vn -0.4474 -0.8790 0.1648
vn 0.5595 -0.8275 0.0472
vn -0.5264 -0.8485 0.0550
vn -0.6765 0.2282 -0.7002
vn -0.0628 0.9107 0.4082
vn -0.0708 0.8656 0.4957
vn 0.3930 0.5580 0.7309
vn 0.5362 -0.4180 0.7333
vn 0.7456 0.5651 0.3532
vn 0.8075 -0.5410 0.2352
vn 0.9498 0.2983 0.0942
vn 0.5010 -0.8612 -0.0861
vn 0.4561 0.7944 0.4011
vn 0.2273 0.9014 0.3684
vn 0.8315 -0.5412 -0.1255
vn 0.5010 -0.8611 -0.0861
vn -0.6982 -0.7138 0.0549
vn 0.8075 -0.5409 0.2352
vn -0.3216 0.8469 0.4234
vt 0.672546 0.647156
vt 0.675781 0.607208
vt 0.665375 0.636963
vt 0.906738 0.025909
vt 0.961731 0.027618
vt 0.906738 0.009979
vt 0.961731 0.009979
vt 0.699066 0.585571
vt 0.701416 0.647156
vt 0.752075 0.537720
vt 0.799408 0.647156
vt 0.814758 0.479828
vt 0.961731 0.585785
vt 0.961731 0.550171
vt 0.844360 0.009979
vt 0.844360 0.025909
vt 0.906738 0.105743
vt 0.844360 0.105743
vt 0.906738 0.180756
vt 0.845612 0.180756
vt 0.848663 0.289398
vt 0.961731 0.647156
vt 0.961731 0.051849
vt 0.961731 0.105743
vt 0.961731 0.180756
vt 0.961731 0.279022
vt 0.961731 0.373230
vt 0.848663 0.383606
vt 0.961731 0.453094
vt 0.961731 0.487640
vt 0.347626 0.917969
vt 0.347626 0.989990
vt 0.277344 0.989990
vt 0.062714 0.931580
vt 0.119751 0.931580
vt 0.121094 0.989990
vt 0.183350 0.939514
vt 0.148438 0.989990
vt 0.009979 0.989990
vt 0.089844 0.989990
vt 0.009979 0.925751
vt 0.263184 0.932434
vt 0.214844 0.989990
vt 0.175751 0.989990
vt 0.464844 0.989990
vt 0.457214 0.918121
vt 0.566376 0.989990
vt 0.569519 0.923309
vt 0.621094 0.989990
vt 0.619690 0.923309
vt 0.667969 0.989990
vt 0.675751 0.925751
vt 0.714844 0.989990
vt 0.714844 0.925751
vt 0.817810 0.431702
vt 0.579010 0.440948
vt 0.579010 0.488861
vt 0.753143 0.025909
vt 0.759430 0.184937
vt 0.803619 0.234344
vt 0.727051 0.541382
vt 0.579010 0.541046
vt 0.649078 0.594879
vt 0.579010 0.593262
vt 0.579010 0.649231
vt 0.579010 0.094452
vt 0.640167 0.054810
vt 0.579010 0.060364
vt 0.639862 0.025635
vt 0.579010 0.026398
vt 0.639862 0.009979
vt 0.579010 0.009979
vt 0.682709 0.086121
vt 0.719116 0.132141
vt 0.753143 0.105743
vt 0.704285 0.025909
vt 0.579010 0.395477
vt 0.817810 0.341187
vt 0.579010 0.340546
vt 0.799652 0.270874
vt 0.579010 0.252625
vt 0.751312 0.208954
vt 0.579010 0.168945
vt 0.699829 0.149384
vt 0.661407 0.095306
vt 0.989990 0.243225
vt 0.968781 0.243225
vt 0.968781 0.152985
vt 0.968781 0.434418
vt 0.989990 0.434418
vt 0.989990 0.325745
vt 0.989990 0.090790
vt 0.989990 0.152985
vt 0.968781 0.325745
vt 0.968781 0.090790
vt 0.989990 0.009979
vt 0.968781 0.009979
vt 0.989990 0.512573
vt 0.968781 0.512573
vt 0.989990 0.606995
vt 0.968781 0.606995
vt 0.707153 0.009979
vt 0.753143 0.009979
vt 0.666229 0.045105
vt 0.662598 0.019623
vt 0.661591 0.009979
vt 0.439301 0.101440
vt 0.452789 0.078247
vt 0.394379 0.063934
vt 0.231934 0.050690
vt 0.231934 0.101440
vt 0.287567 0.046478
vt 0.505829 0.076355
vt 0.505829 0.101440
vt 0.553833 0.101440
vt 0.575165 0.696106
vt 0.648743 0.897827
vt 0.575165 0.897827
vt 0.648743 0.696106
vt 0.630096 0.649231
vt 0.101471 0.033783
vt 0.064423 0.033783
vt 0.064423 0.059143
vt 0.009979 0.046478
vt 0.009979 0.059143
vt 0.009979 0.101440
vt 0.553833 0.042236
vt 0.505829 0.046204
vt 0.553833 0.054932
vt 0.351593 0.050690
vt 0.394379 0.049408
vt 0.452789 0.050995
vt 0.175690 0.101440
vt 0.175690 0.050690
vt 0.121704 0.101440
vt 0.101471 0.059143
vt 0.072235 0.101440
vt 0.192566 0.009979
vt 0.459534 0.009979
vt 0.401123 0.009979
vt 0.351593 0.009979
vt 0.294312 0.009979
vt 0.211700 0.009979
vt 0.553833 0.783813
vt 0.484833 0.833557
vt 0.484833 0.783813
vt 0.301147 0.879395
vt 0.190857 0.898193
vt 0.190857 0.888123
vt 0.980743 0.692108
vt 0.980743 0.737152
vt 0.989990 0.708984
vt 0.392853 0.783813
vt 0.392853 0.833557
vt 0.301147 0.792542
vt 0.553833 0.888123
vt 0.301147 0.898193
vt 0.392853 0.878326
vt 0.404999 0.898193
vt 0.957855 0.737152
vt 0.553833 0.898193
vt 0.476715 0.898193
vt 0.484833 0.878326
vt 0.957855 0.693451
vt 0.815643 0.760773
vt 0.945160 0.760681
vt 0.862579 0.815460
vt 0.945160 0.816101
vt 0.957855 0.847839
vt 0.957855 0.820923
vt 0.980743 0.847839
vt 0.980743 0.820923
vt 0.009979 0.898193
vt 0.009979 0.888123
vt 0.103638 0.898193
vt 0.103638 0.888123
vt 0.147980 0.898193
vt 0.147980 0.888123
vt 0.190857 0.783813
vt 0.103638 0.783813
vt 0.009979 0.783813
vt 0.392853 0.621887
vt 0.392853 0.567932
vt 0.484833 0.567932
vt 0.268036 0.302490
vt 0.342255 0.169708
vt 0.326630 0.278656
vt 0.553833 0.567932
vt 0.553833 0.621887
vt 0.484833 0.621887
vt 0.301147 0.567932
vt 0.301147 0.621887
vt 0.190857 0.567932
vt 0.009979 0.621887
vt 0.009979 0.567932
vt 0.103638 0.621887
vt 0.103638 0.567932
vt 0.506317 0.149261
vt 0.553833 0.162903
vt 0.553833 0.285461
vt 0.109863 0.177490
vt 0.154236 0.185760
vt 0.160645 0.276031
vt 0.500488 0.458038
vt 0.417969 0.457001
vt 0.416107 0.412567
vt 0.363892 0.463593
vt 0.363892 0.415436
vt 0.287567 0.176514
vt 0.221710 0.276031
vt 0.222198 0.185760
vt 0.068817 0.169708
vt 0.080536 0.288879
vt 0.009979 0.162903
vt 0.009979 0.285461
vt 0.436005 0.149261
vt 0.506317 0.285461
vt 0.553833 0.402344
vt 0.132812 0.359375
vt 0.203125 0.359375
vt 0.141815 0.461731
vt 0.146942 0.430450
vt 0.192932 0.454498
vt 0.193268 0.423187
vt 0.009979 0.464844
vt 0.009979 0.402344
vt 0.105469 0.472626
vt 0.082001 0.402344
vt 0.117188 0.406250
vt 0.391296 0.155212
vt 0.381317 0.278656
vt 0.428192 0.285461
vt 0.498535 0.412567
vt 0.553833 0.464844
vt 0.553833 0.556610
vt 0.504669 0.556610
vt 0.427063 0.556610
vt 0.363342 0.556610
vt 0.289062 0.476532
vt 0.289062 0.429657
vt 0.218750 0.406250
vt 0.187500 0.492157
vt 0.301147 0.700287
vt 0.392853 0.646149
vt 0.196045 0.556610
vt 0.148438 0.500000
vt 0.106903 0.556610
vt 0.009979 0.556610
vt 0.009979 0.663788
vt 0.103638 0.700287
vt 0.009979 0.700287
vt 0.484833 0.646149
vt 0.553833 0.663788
vt 0.392914 0.670532
vt 0.392853 0.700287
vt 0.301147 0.636353
vt 0.190857 0.700287
vt 0.190857 0.621887
vt 0.553833 0.700287
vt 0.484833 0.700287
vt 0.484741 0.670532
vt 0.287567 0.101440
vt 0.170380 0.101440
vt 0.123505 0.101440
vt 0.436005 0.101440
vt 0.506317 0.101440
vt 0.076630 0.101440
vt 0.344849 0.101440
vt 0.387634 0.101440
vt 0.232880 0.101440
vt 0.350067 0.101440
vt 0.389130 0.101440
vt 0.937042 0.894379
vt 0.777588 0.889984
vt 0.777588 0.909729
vt 0.722260 0.925018
vt 0.722260 0.984039
vt 0.788361 0.918884
vt 0.677185 0.669952
vt 0.698792 0.707245
vt 0.776978 0.669342
vt 0.989990 0.669342
vt 0.980743 0.669342
vt 0.957855 0.669342
vt 0.910034 0.927002
vt 0.910583 0.988556
vt 0.936554 0.928162
vt 0.989990 0.989716
vt 0.989990 0.928162
vt 0.980743 0.894379
vt 0.957855 0.894379
vt 0.934631 0.669342
vt 0.815094 0.669342
vt 0.815094 0.693573
vt 0.776978 0.693573
vt 0.815643 0.815460
vt 0.775330 0.845703
vt 0.687531 0.854614
vt 0.664215 0.858429
vt 0.775330 0.760010
vt 0.772003 0.989990
vt 0.804382 0.989990
vt 0.888123 0.989990
s 1
usemtl m_body0143
f 1508/556/1147 1509/557/1148 1510/558/1149
f 1511/559/1150 1512/560/1151 1513/561/1152
f 1513/561/1152 1512/560/1151 1514/562/1153
f 1513/561/1152 1514/562/1153 1515/560/1154
f 1516/557/1155 1517/556/1147 1518/563/1156
f 1518/563/1156 1517/556/1147 1519/564/1157
f 1518/563/1156 1519/564/1157 1520/565/1158
f 1520/565/1158 1519/564/1157 1521/566/1159
f 1520/565/1158 1521/566/1159 1522/567/1160
f 1522/567/1160 1521/566/1159 1523/568/1161
f 1522/567/1160 1523/568/1161 1524/569/1162
f 1525/570/1163 1526/559/1164 1527/571/1165
f 1527/571/1165 1526/559/1164 1528/572/1166
f 1527/571/1165 1528/572/1166 1529/573/1167
f 1529/573/1167 1528/572/1166 1530/574/1168
f 1529/573/1167 1530/574/1168 1531/575/1169
f 1531/575/1169 1530/574/1168 1532/576/1170
f 1533/560/1154 1534/559/1171 1535/561/1152
f 1536/568/1172 1537/566/1173 1538/577/1174
f 1538/577/1174 1537/566/1173 1539/568/1175
f 1540/558/1149 1541/557/1176 1542/556/1147
f 1542/556/1147 1541/557/1176 1543/563/1177
f 1542/556/1147 1543/563/1177 1544/564/1157
f 1544/564/1157 1543/563/1177 1545/565/1178
f 1544/564/1157 1545/565/1178 1546/566/1159
f 1546/566/1159 1545/565/1178 1547/567/1179
f 1546/566/1159 1547/567/1179 1548/568/1180
f 1548/568/1180 1547/567/1179 1549/569/1181
f 1550/560/1182 1551/578/1183 1552/559/1164
f 1552/559/1164 1551/578/1183 1553/579/1184
f 1552/559/1164 1553/579/1184 1554/572/1166
f 1554/572/1166 1553/579/1184 1555/580/1185
f 1554/572/1166 1555/580/1185 1556/574/1168
f 1556/574/1168 1555/580/1185 1557/581/1186
f 1556/574/1168 1557/581/1186 1558/576/1170
f 1558/576/1170 1557/581/1186 1559/582/1187
f 1558/576/1170 1559/582/1187 1560/583/1188
f 1560/583/1188 1559/582/1187 1561/584/1189
f 1560/583/1188 1561/584/1189 1562/567/1179
f 1562/567/1179 1561/584/1189 1563/585/1190
f 1562/567/1179 1563/585/1190 1564/569/1181
f 1565/586/1191 1566/587/1192 1567/588/1193
f 1568/589/1194 1569/590/1195 1570/591/1196
f 1570/591/1196 1569/590/1195 1571/592/1197
f 1570/591/1196 1571/592/1197 1572/593/1198
f 1573/594/1174 1574/595/1199 1575/589/1200
f 1575/589/1200 1574/595/1199 1576/591/1201
f 1577/589/1202 1578/596/1203 1579/594/1174
f 1579/594/1174 1578/596/1203 1568/589/1194
f 1579/594/1174 1568/589/1194 1580/595/1161
f 1580/595/1161 1568/589/1194 1570/591/1196
f 1581/593/1204 1582/592/1205 1576/591/1201
f 1576/591/1201 1582/592/1205 1583/590/1206
f 1576/591/1201 1583/590/1206 1575/589/1200
f 1584/586/1191 1567/588/1207 1585/597/1208
f 1585/597/1208 1567/588/1207 1586/598/1209
f 1585/597/1208 1586/598/1209 1571/592/1197
f 1571/592/1197 1586/598/1209 1587/599/1210
f 1571/592/1197 1587/599/1210 1572/593/1198
f 1588/593/1204 1589/599/1190 1590/592/1211
f 1590/592/1211 1589/599/1190 1591/598/1212
f 1590/592/1211 1591/598/1212 1592/597/1213
f 1592/597/1213 1591/598/1212 1593/588/1214
f 1592/597/1213 1593/588/1214 1594/586/1215
f 1566/587/1192 1565/586/1191 1595/600/1216
f 1595/600/1216 1565/586/1191 1596/601/1217
f 1595/600/1216 1596/601/1217 1597/602/1218
f 1597/602/1218 1596/601/1217 1598/603/1219
f 1597/602/1218 1598/603/1219 1599/604/1220
f 1599/604/1220 1598/603/1219 1600/605/1221
f 1599/604/1220 1600/605/1221 1601/606/1222
f 1601/606/1222 1600/605/1221 1602/607/1223
f 1601/606/1222 1602/607/1223 1603/608/1153
f 1602/607/1223 1604/609/1224 1603/608/1153
f 1603/608/1153 1604/609/1224 1605/607/1225
f 1603/608/1153 1605/607/1225 1606/606/1226
f 1606/606/1226 1605/607/1225 1607/605/1227
f 1606/606/1226 1607/605/1227 1608/604/1228
f 1608/604/1228 1607/605/1227 1609/603/1229
f 1608/604/1228 1609/603/1229 1610/602/1230
f 1610/602/1230 1609/603/1229 1611/601/1231
f 1610/602/1230 1611/601/1231 1612/600/1185
f 1612/600/1185 1611/601/1231 1594/586/1215
f 1612/600/1185 1594/586/1215 1613/587/1186
f 1613/587/1186 1594/586/1215 1593/588/1214
f 1614/610/1232 1615/611/1233 1616/612/1234
f 1617/572/1235 1618/559/1236 1619/571/1237
f 1619/571/1237 1618/559/1236 1620/570/1238
f 1619/571/1237 1620/570/1238 1621/613/1239
f 1622/614/1240 1623/615/1241 1624/575/1242
f 1624/575/1242 1623/615/1241 1625/576/1243
f 1626/610/1244 1616/612/1245 1627/616/1246
f 1627/616/1246 1616/612/1245 1628/617/1247
f 1627/616/1246 1628/617/1247 1629/618/1248
f 1629/618/1248 1628/617/1247 1630/619/1249
f 1629/618/1248 1630/619/1249 1631/620/1250
f 1632/621/1251 1633/622/1252 1634/623/1253
f 1634/623/1253 1633/622/1252 1635/624/1155
f 1634/623/1253 1635/624/1155 1636/625/1254
f 1636/625/1254 1635/624/1155 1637/626/1255
f 1636/625/1254 1637/626/1255 1638/627/1250
f 1639/628/1256 1640/629/1257 1641/630/1258
f 1641/630/1258 1640/629/1257 1642/614/1259
f 1641/630/1258 1642/614/1259 1643/573/1260
f 1643/573/1260 1642/614/1259 1624/575/1242
f 1643/573/1260 1624/575/1242 1644/574/1261
f 1644/574/1261 1624/575/1242 1625/576/1243
f 1645/631/1262 1646/628/1256 1621/613/1263
f 1621/613/1263 1646/628/1256 1647/630/1258
f 1621/613/1263 1647/630/1258 1648/571/1264
f 1648/571/1264 1647/630/1258 1649/573/1265
f 1648/571/1264 1649/573/1265 1650/572/1266
f 1650/572/1266 1649/573/1265 1651/574/1261
f 1652/569/1162 1653/585/1210 1654/567/1160
f 1654/567/1160 1653/585/1210 1655/584/1267
f 1654/567/1160 1655/584/1267 1656/583/1232
f 1656/583/1232 1655/584/1267 1657/582/1207
f 1656/583/1232 1657/582/1207 1658/576/1268
f 1658/576/1268 1657/582/1207 1659/581/1192
f 1658/576/1268 1659/581/1192 1651/574/1261
f 1651/574/1261 1659/581/1192 1660/580/1216
f 1651/574/1261 1660/580/1216 1661/572/1235
f 1661/572/1235 1660/580/1216 1662/579/1269
f 1661/572/1235 1662/579/1269 1663/559/1270
f 1663/559/1270 1662/579/1269 1664/578/1271
f 1663/559/1270 1664/578/1271 1665/560/1222
f 1666/611/1272 1667/610/1273 1668/632/1274
f 1668/632/1274 1667/610/1273 1669/633/1268
f 1668/632/1274 1669/633/1268 1670/634/1275
f 1670/634/1275 1669/633/1268 1671/635/1276
f 1670/634/1275 1671/635/1276 1672/636/1277
f 1672/636/1277 1671/635/1276 1673/637/1240
f 1672/636/1277 1673/637/1240 1674/638/1278
f 1674/638/1278 1673/637/1240 1675/639/1279
f 1674/638/1278 1675/639/1279 1676/621/1280
f 1676/621/1280 1675/639/1279 1677/640/1256
f 1676/621/1280 1677/640/1256 1678/622/1281
f 1679/641/1282 1680/642/1283 1681/643/1284
f 1682/644/1285 1683/645/1285 1684/646/1286
f 1685/647/1287 1686/648/1288 1681/643/1284
f 1681/643/1284 1686/648/1288 1679/641/1282
f 1680/642/1283 1679/641/1282 1687/649/1289
f 1687/649/1289 1679/641/1282 1688/646/1290
f 1687/649/1289 1688/646/1290 1689/645/1291
f 1690/648/1292 1691/647/1293 1692/650/1293
f 1692/650/1293 1691/647/1293 1693/651/1153
f 1692/650/1293 1693/651/1153 1694/652/1153
f 1694/652/1153 1693/651/1153 1685/647/1287
f 1694/652/1153 1685/647/1287 1695/650/1287
f 1695/650/1287 1685/647/1287 1681/643/1284
f 1682/644/1285 1684/646/1286 1696/649/1294
f 1696/649/1294 1684/646/1286 1697/641/1295
f 1696/649/1294 1697/641/1295 1698/642/1296
f 1698/642/1296 1697/641/1295 1690/648/1292
f 1698/642/1296 1690/648/1292 1699/643/1297
f 1699/643/1297 1690/648/1292 1692/650/1293
f 1683/645/1285 1682/644/1285 1700/653/1298
f 1700/653/1298 1682/644/1285 1701/654/1298
f 1700/653/1298 1701/654/1298 1702/655/1299
f 1702/655/1299 1701/654/1298 1703/656/1299
f 1702/655/1299 1703/656/1299 1704/653/1300
f 1704/653/1300 1703/656/1299 1705/654/1300
f 1704/653/1300 1705/654/1300 1689/645/1291
f 1689/645/1291 1705/654/1300 1706/644/1291
f 1689/645/1291 1706/644/1291 1687/649/1289
f 1707/657/1301 1708/658/1302 1709/613/1303
f 1710/628/1304 1711/659/1305 1712/631/1306
f 1713/660/1307 1714/661/1149 1715/657/1308
f 1715/657/1308 1714/661/1149 1716/660/1309
f 1715/657/1308 1716/660/1309 1717/659/1310
f 1718/614/1311 1719/629/1312 1720/630/1313
f 1720/630/1313 1719/629/1312 1710/628/1304
f 1720/630/1313 1710/628/1304 1721/613/1314
f 1721/613/1314 1710/628/1304 1712/631/1306
f 1721/613/1314 1712/631/1306 1722/657/1315
f 1722/657/1315 1712/631/1306 1711/659/1305
f 1722/657/1315 1711/659/1305 1723/660/1307
f 1724/576/1170 1725/615/1316 1726/575/1169
f 1726/575/1169 1725/615/1316 1727/614/1317
f 1726/575/1169 1727/614/1317 1728/573/1318
f 1728/573/1318 1727/614/1317 1729/630/1319
f 1728/573/1318 1729/630/1319 1730/571/1320
f 1730/571/1320 1729/630/1319 1709/613/1303
f 1730/571/1320 1709/613/1303 1731/570/1321
f 1731/570/1321 1709/613/1303 1708/658/1302
f 1731/570/1321 1708/658/1302 1732/613/1239
f 1732/613/1239 1708/658/1302 1707/657/1301
f 1732/613/1239 1707/657/1301 1733/631/1322
f 1733/631/1322 1707/657/1301 1717/659/1310
f 1733/631/1322 1717/659/1310 1734/628/1323
f 1735/662/1324 1736/663/1325 1737/664/1326
f 1738/665/1327 1739/666/1328 1740/667/1329
f 1741/668/1330 1742/669/1331 1743/670/1332
f 1744/671/1333 1745/672/1334 1746/673/1333
f 1744/671/1333 1747/674/1335 1745/672/1334
f 1745/672/1334 1747/674/1335 1748/671/1336
f 1745/672/1334 1748/671/1336 1749/673/1336
f 1750/671/1337 1751/672/1338 1752/673/1339
f 1750/671/1337 1753/674/1340 1751/672/1338
f 1751/672/1338 1753/674/1340 1754/671/1341
f 1751/672/1338 1754/671/1341 1755/673/1342
f 1756/671/1343 1757/672/1344 1758/673/1343
f 1756/671/1343 1759/674/1344 1757/672/1344
f 1757/672/1344 1759/674/1344 1760/671/1345
f 1757/672/1344 1760/671/1345 1761/673/1346
f 1762/675/1347 1763/620/1348 1764/618/1349
f 1765/663/1325 1766/662/1324 1742/669/1350
f 1767/676/1351 1768/677/1352 1769/678/1353
f 1768/677/1352 1770/679/1354 1769/678/1353
f 1769/678/1353 1770/679/1354 1771/680/1355
f 1769/678/1353 1771/680/1355 1772/681/1332
f 1773/682/1354 1774/683/1356 1775/684/1357
f 1775/684/1357 1774/683/1356 1741/668/1330
f 1775/684/1357 1741/668/1330 1743/670/1332
f 1776/685/1358 1777/664/1359 1778/686/1360
f 1778/686/1360 1777/664/1359 1779/663/1361
f 1778/686/1360 1779/663/1361 1780/687/1362
f 1763/620/1348 1781/619/1363 1764/618/1349
f 1764/618/1349 1781/619/1363 1782/617/1364
f 1764/618/1349 1782/617/1364 1783/616/1365
f 1783/616/1365 1782/617/1364 1784/612/1366
f 1783/616/1365 1784/612/1366 1785/610/1188
f 1786/627/1367 1787/626/1347 1788/625/1368
f 1788/625/1368 1787/626/1347 1789/624/1369
f 1788/625/1368 1789/624/1369 1790/623/1370
f 1790/623/1370 1789/624/1369 1791/622/1371
f 1790/623/1370 1791/622/1371 1792/621/1372
f 1793/666/1373 1794/665/1374 1795/688/1375
f 1795/688/1375 1794/665/1374 1796/689/1376
f 1795/688/1375 1796/689/1376 1797/690/1377
f 1797/690/1377 1796/689/1376 1798/691/1378
f 1797/690/1377 1798/691/1378 1799/692/1379
f 1800/665/1380 1801/693/1381 1802/689/1376
f 1802/689/1376 1801/693/1381 1767/676/1351
f 1802/689/1376 1767/676/1351 1803/691/1382
f 1803/691/1382 1767/676/1351 1769/678/1353
f 1803/691/1382 1769/678/1353 1804/692/1379
f 1804/692/1379 1769/678/1353 1772/681/1332
f 1784/612/1366 1805/611/1383 1785/610/1188
f 1785/610/1188 1805/611/1383 1806/632/1384
f 1785/610/1188 1806/632/1384 1807/633/1170
f 1807/633/1170 1806/632/1384 1808/634/1385
f 1807/633/1170 1808/634/1385 1809/635/1386
f 1809/635/1386 1808/634/1385 1810/636/1387
f 1809/635/1386 1810/636/1387 1811/637/1317
f 1811/637/1317 1810/636/1387 1812/638/1388
f 1811/637/1317 1812/638/1388 1813/639/1389
f 1813/639/1389 1812/638/1388 1792/621/1372
f 1813/639/1389 1792/621/1372 1814/640/1390
f 1814/640/1390 1792/621/1372 1791/622/1371
f 1815/669/1350 1816/668/1330 1779/663/1361
f 1779/663/1361 1816/668/1330 1817/683/1391
f 1779/663/1361 1817/683/1391 1780/687/1362
f 1780/687/1362 1817/683/1391 1818/694/1392
f 1780/687/1362 1818/694/1392 1819/686/1393
f 1819/686/1393 1818/694/1392 1820/695/1394
f 1819/686/1393 1820/695/1394 1821/685/1395
f 1821/685/1395 1820/695/1394 1822/696/1396
f 1821/685/1395 1822/696/1396 1823/667/1397
f 1823/667/1397 1822/696/1396 1824/697/1398
f 1823/667/1397 1824/697/1398 1825/665/1399
f 1825/665/1399 1824/697/1398 1826/698/1400
f 1825/665/1399 1826/698/1400 1827/693/1381
f 1828/678/1401 1829/692/1402 1830/681/1403
f 1831/618/1404 1832/620/1405 1833/675/1255
f 1834/669/1406 1835/662/1407 1836/663/1408
f 1836/663/1408 1835/662/1407 1837/664/1409
f 1838/680/1410 1839/678/1411 1830/681/1403
f 1840/680/1412 1841/679/1413 1842/678/1401
f 1842/678/1401 1841/679/1413 1843/677/1414
f 1842/678/1401 1843/677/1414 1844/676/1415
f 1845/670/1403 1846/668/1416 1847/684/1417
f 1847/684/1417 1846/668/1416 1848/683/1418
f 1847/684/1417 1848/683/1418 1849/682/1413
f 1850/687/1419 1851/663/1408 1852/686/1420
f 1852/686/1420 1851/663/1408 1853/664/1421
f 1852/686/1420 1853/664/1421 1854/685/1422
f 1855/692/1423 1856/691/1424 1857/690/1425
f 1857/690/1425 1856/691/1424 1858/689/1426
f 1857/690/1425 1858/689/1426 1859/688/1427
f 1859/688/1427 1858/689/1426 1860/665/1428
f 1859/688/1427 1860/665/1428 1861/666/1429
f 1861/666/1429 1860/665/1428 1862/667/1430
f 1863/692/1423 1864/678/1431 1865/691/1432
f 1865/691/1432 1864/678/1431 1866/676/1433
f 1865/691/1432 1866/676/1433 1867/689/1426
f 1867/689/1426 1866/676/1433 1868/693/1434
f 1867/689/1426 1868/693/1434 1869/665/1435
f 1870/693/1434 1871/698/1436 1872/665/1437
f 1872/665/1437 1871/698/1436 1873/697/1438
f 1872/665/1437 1873/697/1438 1874/667/1439
f 1874/667/1439 1873/697/1438 1875/696/1440
f 1874/667/1439 1875/696/1440 1854/685/1441
f 1854/685/1441 1875/696/1440 1876/695/1442
f 1854/685/1441 1876/695/1442 1877/686/1443
f 1877/686/1443 1876/695/1442 1878/694/1444
f 1877/686/1443 1878/694/1444 1879/687/1445
f 1879/687/1445 1878/694/1444 1880/683/1418
f 1879/687/1445 1880/683/1418 1881/663/1446
f 1881/663/1446 1880/683/1418 1882/668/1447
f 1881/663/1446 1882/668/1447 1883/669/1406
f 1883/669/1406 1882/668/1447 1884/670/1403
f 1885/559/1171 1886/570/1321 1887/561/1448
f 1887/561/1448 1886/570/1321 1888/559/1150
f 1889/699/1449 1890/700/1450 1891/701/1451
f 1892/702/1452 1893/703/1453 1894/704/1454
f 1895/705/1455 1896/706/1456 1897/707/1457
f 1898/708/1458 1899/709/1459 1900/710/1460
f 1901/700/1461 1902/699/1449 1903/711/1462
f 1904/703/1453 1905/702/1463 1906/712/1464
f 1906/712/1464 1905/702/1463 1907/713/1465
f 1906/712/1464 1907/713/1465 1908/714/1466
f 1909/706/1456 1910/705/1467 1911/715/1468
f 1912/716/1469 1913/717/1470 1903/711/1471
f 1903/711/1471 1913/717/1470 1914/718/1472
f 1903/711/1471 1914/718/1472 1915/700/1450
f 1915/700/1450 1914/718/1472 1916/709/1473
f 1915/700/1450 1916/709/1473 1917/701/1474
f 1917/701/1474 1916/709/1473 1918/708/1475
f 1919/705/1455 1920/719/1476 1921/715/1468
f 1921/715/1468 1920/719/1476 1922/720/1477
f 1921/715/1468 1922/720/1477 1923/721/1478
f 1923/721/1478 1922/720/1477 1924/722/1479
f 1923/721/1478 1924/722/1479 1925/723/1480
f 1925/723/1480 1924/722/1479 1926/724/1481
f 1925/723/1480 1926/724/1481 1927/725/1482
f 1927/725/1482 1926/724/1481 1928/726/1457
f 1927/725/1482 1928/726/1457 1929/727/1483
f 1930/728/1484 1931/729/1485 1932/730/1486
f 1932/730/1486 1931/729/1485 1933/731/1487
f 1932/730/1486 1933/731/1487 1934/732/1488
f 1934/732/1488 1933/731/1487 1935/733/1489
f 1934/732/1488 1935/733/1489 1894/704/1490
f 1936/717/1470 1908/714/1466 1937/718/1472
f 1937/718/1472 1908/714/1466 1907/713/1465
f 1937/718/1472 1907/713/1465 1938/709/1473
f 1938/709/1473 1907/713/1465 1939/702/1452
f 1938/709/1473 1939/702/1452 1940/710/1460
f 1940/710/1460 1939/702/1452 1941/704/1491
f 1940/710/1460 1941/704/1491 1942/734/1492
f 1942/734/1492 1941/704/1491 1943/733/1493
f 1942/734/1492 1943/733/1493 1944/735/1494
f 1944/735/1494 1943/733/1493 1945/731/1495
f 1944/735/1494 1945/731/1495 1946/736/1496
f 1946/736/1496 1945/731/1495 1947/729/1485
f 1948/737/1497 1949/738/1498 1950/739/1499
f 1951/740/1500 1952/741/1501 1953/742/1502
f 1954/743/1503 1955/744/1504 1956/739/1499
f 1956/739/1499 1955/744/1504 1957/745/1505
f 1956/739/1499 1957/745/1505 1958/737/1506
f 1959/738/1507 1958/737/1508 1960/746/1509
f 1960/746/1509 1958/737/1508 1961/747/1510
f 1960/746/1509 1961/747/1510 1962/748/1511
f 1963/749/1504 1964/750/1503 1965/751/1512
f 1965/751/1512 1964/750/1503 1966/752/1513
f 1967/753/1514 1968/754/1515 1969/755/1516
f 1970/756/1517 1971/757/1518 1972/758/1519
f 1973/759/1520 1974/760/1521 1975/761/1522
f 1975/761/1522 1974/760/1521 1976/762/1523
f 1975/761/1522 1976/762/1523 1977/763/1524
f 1978/741/1501 1979/740/1525 1980/764/1526
f 1980/764/1526 1979/740/1525 1981/765/1527
f 1980/764/1526 1981/765/1527 1982/766/1528
f 1983/767/1529 1984/768/1530 1985/769/1531
f 1985/769/1531 1984/768/1530 1986/770/1532
f 1987/771/1533 1988/753/1514 1989/772/1534
f 1989/772/1534 1988/753/1514 1990/755/1516
f 1989/772/1534 1990/755/1516 1991/773/1535
f 1992/767/1536 1993/756/1537 1994/768/1538
f 1994/768/1538 1993/756/1537 1995/758/1539
f 1994/768/1538 1995/758/1539 1996/774/1540
f 1996/774/1540 1995/758/1539 1997/775/1541
f 1998/776/1542 1999/777/1543 2000/778/1544
f 2000/778/1544 1999/777/1543 2001/779/1545
f 2002/780/1546 2003/781/1535 2004/782/1547
f 2004/782/1547 2003/781/1535 2005/783/1548
f 2004/782/1547 2005/783/1548 2006/776/1542
f 2006/776/1542 2005/783/1548 2007/784/1549
f 2006/776/1542 2007/784/1549 2008/777/1550
f 2009/742/1551 2010/785/1552 2011/786/1553
f 2011/786/1553 2010/785/1552 2012/771/1554
f 2011/786/1553 2012/771/1554 2013/787/1555
f 2013/787/1555 2012/771/1554 2014/772/1534
f 2013/787/1555 2014/772/1534 2015/788/1556
f 2015/788/1556 2014/772/1534 1991/773/1535
f 2015/788/1556 1991/773/1535 2016/789/1557
f 2017/790/1558 2018/791/1559 2019/759/1560
f 2019/759/1560 2018/791/1559 2020/792/1561
f 2019/759/1560 2020/792/1561 2021/760/1562
f 2021/760/1562 2020/792/1561 2022/793/1563
f 2021/760/1562 2022/793/1563 2023/762/1564
f 2023/762/1564 2022/793/1563 2024/794/1565
f 2023/762/1564 2024/794/1565 2025/763/1524
f 2025/763/1524 2024/794/1565 2026/795/1566
f 2027/795/1567 2028/778/1568 2029/796/1569
f 2029/796/1569 2028/778/1568 2001/779/1570
f 2029/796/1569 2001/779/1570 2030/775/1541
f 2030/775/1541 2001/779/1570 2008/777/1550
f 2030/775/1541 2008/777/1550 2031/774/1571
f 2031/774/1571 2008/777/1550 2007/784/1549
f 2031/774/1571 2007/784/1549 2032/768/1572
f 2032/768/1572 2007/784/1549 2033/783/1573
f 2032/768/1572 2033/783/1573 2034/770/1574
f 2034/770/1574 2033/783/1573 2035/781/1535
f 2036/757/1575 2037/766/1528 1995/758/1539
f 1995/758/1539 2037/766/1528 2038/765/1576
f 1995/758/1539 2038/765/1576 1997/775/1541
f 1997/775/1541 2038/765/1576 2039/740/1525
f 1997/775/1541 2039/740/1525 2040/796/1577
f 2040/796/1577 2039/740/1525 2041/742/1502
f 2040/796/1577 2041/742/1502 2042/795/1566
f 2042/795/1566 2041/742/1502 2043/786/1553
f 2042/795/1566 2043/786/1553 1977/763/1524
f 1977/763/1524 2043/786/1553 2013/787/1555
f 1977/763/1524 2013/787/1555 1975/761/1522
f 1975/761/1522 2013/787/1555 2015/788/1556
f 1975/761/1522 2015/788/1556 1973/759/1520
f 1973/759/1520 2015/788/1556 2016/789/1557
f 1973/759/1520 2016/789/1557 2044/790/1578
f 2045/797/1579 2046/778/1544 2047/795/1567
f 2048/798/1580 2049/710/1460 2050/734/1581
f 2051/748/1511 2052/751/1512 2053/752/1582
f 2054/747/1583 2055/737/1508 2056/799/1584
f 2057/800/1585 2058/794/1586 2059/793/1587
f 2046/778/1544 2045/797/1579 2060/776/1542
f 2060/776/1542 2045/797/1579 2061/801/1588
f 2060/776/1542 2061/801/1588 2062/782/1589
f 2063/780/1590 2064/802/1591 2065/803/1558
f 2066/804/1592 2067/805/1593 2068/806/1594
f 2069/745/1595 2070/744/1504 2071/807/1596
f 2071/807/1596 2070/744/1504 2072/808/1597
f 2073/809/1598 2074/810/1599 2048/798/1580
f 2049/710/1460 2048/798/1580 2075/708/1458
f 2075/708/1458 2048/798/1580 2074/810/1599
f 2075/708/1458 2074/810/1599 2076/701/1451
f 2077/811/1600 2078/812/1601 2079/813/1602
f 2079/813/1602 2078/812/1601 2067/805/1593
f 2079/813/1602 2067/805/1593 2052/751/1512
f 2052/751/1512 2067/805/1593 2066/804/1592
f 2052/751/1512 2066/804/1592 2080/749/1504
f 2063/780/1590 2062/782/1589 2064/802/1591
f 2064/802/1591 2062/782/1589 2061/801/1588
f 2064/802/1591 2061/801/1588 2057/800/1585
f 2057/800/1585 2061/801/1588 2045/797/1579
f 2057/800/1585 2045/797/1579 2058/794/1586
f 2058/794/1586 2045/797/1579 2047/795/1567
f 2081/814/1594 2082/815/1603 2072/808/1597
f 2072/808/1597 2082/815/1603 2083/816/1604
f 2072/808/1597 2083/816/1604 2071/807/1596
f 2071/807/1596 2083/816/1604 2056/799/1584
f 2071/807/1596 2056/799/1584 2069/745/1595
f 2069/745/1595 2056/799/1584 2055/737/1508
f 2084/736/1496 2068/806/1594 2085/735/1494
f 2085/735/1494 2068/806/1594 2067/805/1593
f 2085/735/1494 2067/805/1593 2050/734/1581
f 2050/734/1581 2067/805/1593 2078/812/1601
f 2050/734/1581 2078/812/1601 2048/798/1580
f 2048/798/1580 2078/812/1601 2077/811/1600
f 2048/798/1580 2077/811/1600 2073/809/1598
f 2052/751/1512 2051/748/1511 2079/813/1602
f 2079/813/1602 2051/748/1511 2054/747/1583
f 2079/813/1602 2054/747/1583 2077/811/1600
f 2077/811/1600 2054/747/1583 2056/799/1584
f 2077/811/1600 2056/799/1584 2073/809/1598
f 2073/809/1598 2056/799/1584 2083/816/1604
f 2073/809/1598 2083/816/1604 2074/810/1599
f 2074/810/1599 2083/816/1604 2082/815/1603
f 2074/810/1599 2082/815/1603 2076/701/1451
f 2076/701/1451 2082/815/1603 2081/814/1594
f 2076/701/1451 2081/814/1594 2086/699/1496
f 2087/758/1605 2088/774/1606 2089/775/1607
f 2090/768/1608 2091/767/1609 2092/769/1610
f 2093/794/1611 2094/763/1612 2095/795/1613
f 2096/783/1614 2097/770/1615 2098/781/1616
f 2099/744/1617 2100/743/1618 2101/745/1619
f 2101/745/1619 2100/743/1618 2102/739/1620
f 2101/745/1619 2102/739/1620 2103/738/1621
f 2104/752/1622 2105/750/1618 2106/749/1623
f 2107/755/1615 2108/754/1610 2109/753/1624
f 2110/769/1610 2111/770/1625 2112/768/1608
f 2088/774/1606 2087/758/1605 2112/768/1626
f 2113/763/1612 2114/762/1627 2115/761/1628
f 2115/761/1628 2114/762/1627 2116/760/1629
f 2115/761/1628 2116/760/1629 2117/759/1630
f 2118/766/1631 2119/765/1632 2120/764/1633
f 2120/764/1633 2119/765/1632 2121/740/1634
f 2120/764/1633 2121/740/1634 2122/741/1635
f 2122/741/1635 2121/740/1634 2123/742/1636
f 2124/773/1616 2125/755/1615 2126/772/1637
f 2126/772/1637 2125/755/1615 2127/753/1624
f 2126/772/1637 2127/753/1624 2128/771/1638
f 2129/767/1639 2130/768/1640 2131/756/1641
f 2131/756/1641 2130/768/1640 2087/758/1642
f 2131/756/1641 2087/758/1642 2132/757/1643
f 2133/776/1644 2134/778/1645 2135/777/1646
f 2135/777/1646 2134/778/1645 2136/779/1647
f 2137/748/1648 2138/813/1649 2139/746/1650
f 2139/746/1650 2138/813/1649 2140/747/1651
f 2139/746/1650 2140/747/1651 2103/738/1652
f 2103/738/1652 2140/747/1651 2141/737/1653
f 2103/738/1652 2141/737/1653 2142/745/1654
f 2143/777/1646 2144/784/1655 2145/776/1644
f 2145/776/1644 2144/784/1655 2146/783/1656
f 2145/776/1644 2146/783/1656 2147/782/1657
f 2147/782/1657 2146/783/1656 2098/781/1616
f 2147/782/1657 2098/781/1616 2148/780/1658
f 2149/789/1658 2150/773/1616 2151/788/1659
f 2151/788/1659 2150/773/1616 2152/772/1660
f 2151/788/1659 2152/772/1660 2153/787/1661
f 2153/787/1661 2152/772/1660 2154/771/1662
f 2153/787/1661 2154/771/1662 2155/786/1663
f 2155/786/1663 2154/771/1662 2156/785/1664
f 2155/786/1663 2156/785/1664 2157/742/1665
f 2113/763/1612 2158/794/1666 2114/762/1627
f 2114/762/1627 2158/794/1666 2159/793/1667
f 2114/762/1627 2159/793/1667 2116/760/1629
f 2116/760/1629 2159/793/1667 2160/792/1668
f 2116/760/1629 2160/792/1668 2117/759/1630
f 2117/759/1630 2160/792/1668 2161/791/1669
f 2117/759/1630 2161/791/1669 2162/790/1670
f 2097/770/1615 2096/783/1614 2112/768/1626
f 2112/768/1626 2096/783/1614 2163/784/1655
f 2112/768/1626 2163/784/1655 2088/774/1606
f 2088/774/1606 2163/784/1655 2164/777/1671
f 2088/774/1606 2164/777/1671 2089/775/1607
f 2089/775/1607 2164/777/1671 2165/779/1672
f 2089/775/1607 2165/779/1672 2166/796/1673
f 2166/796/1673 2165/779/1672 2167/778/1674
f 2166/796/1673 2167/778/1674 2168/795/1675
f 2169/790/1676 2170/789/1677 2171/759/1678
f 2171/759/1678 2170/789/1677 2172/788/1679
f 2171/759/1678 2172/788/1679 2173/761/1628
f 2173/761/1628 2172/788/1679 2174/787/1680
f 2173/761/1628 2174/787/1680 2175/763/1612
f 2175/763/1612 2174/787/1680 2176/786/1663
f 2175/763/1612 2176/786/1663 2177/795/1613
f 2177/795/1613 2176/786/1663 2157/742/1636
f 2177/795/1613 2157/742/1636 2178/796/1681
f 2178/796/1681 2157/742/1636 2179/740/1634
f 2178/796/1681 2179/740/1634 2180/775/1682
f 2180/775/1682 2179/740/1634 2181/765/1683
f 2180/775/1682 2181/765/1683 2182/758/1642
f 2182/758/1642 2181/765/1683 2183/766/1631
f 2182/758/1642 2183/766/1631 2184/757/1684
f 2185/731/1685 2186/736/1686 2187/729/1687
f 2188/704/1688 2189/703/1689 2190/702/1690
f 2191/711/1691 2192/699/1692 2193/700/1693
f 2194/715/1694 2195/705/1695 2196/706/1696
f 2196/706/1696 2195/705/1695 2197/707/1697
f 2198/710/1698 2199/709/1699 2200/708/1700
f 2200/708/1700 2199/709/1699 2201/700/1701
f 2200/708/1700 2201/700/1701 2202/701/1702
f 2202/701/1702 2201/700/1701 2203/699/1692
f 2204/703/1689 2205/712/1703 2206/702/1704
f 2206/702/1704 2205/712/1703 2207/714/1705
f 2206/702/1704 2207/714/1705 2208/713/1706
f 2208/713/1706 2207/714/1705 2209/717/1707
f 2208/713/1706 2209/717/1707 2210/718/1708
f 2211/727/1696 2212/726/1709 2213/725/1710
f 2213/725/1710 2212/726/1709 2214/724/1711
f 2213/725/1710 2214/724/1711 2215/723/1712
f 2215/723/1712 2214/724/1711 2216/722/1713
f 2215/723/1712 2216/722/1713 2217/721/1714
f 2217/721/1714 2216/722/1713 2218/720/1715
f 2217/721/1714 2218/720/1715 2219/715/1694
f 2219/715/1694 2218/720/1715 2220/719/1716
f 2219/715/1694 2220/719/1716 2221/705/1695
f 2222/704/1717 2223/733/1718 2224/732/1719
f 2224/732/1719 2223/733/1718 2225/731/1720
f 2224/732/1719 2225/731/1720 2226/730/1721
f 2226/730/1721 2225/731/1720 2227/729/1687
f 2226/730/1721 2227/729/1687 2228/728/1722
f 2229/736/1686 2230/731/1685 2231/735/1723
f 2231/735/1723 2230/731/1685 2232/733/1724
f 2231/735/1723 2232/733/1724 2233/734/1725
f 2233/734/1725 2232/733/1724 2234/704/1688
f 2233/734/1725 2234/704/1688 2235/710/1698
f 2235/710/1698 2234/704/1688 2236/702/1690
f 2235/710/1698 2236/702/1690 2237/709/1726
f 2237/709/1726 2236/702/1690 2238/713/1727
f 2237/709/1726 2238/713/1727 2193/700/1693
f 2193/700/1693 2238/713/1727 2239/718/1708
f 2193/700/1693 2239/718/1708 2240/711/1728
f 2240/711/1728 2239/718/1708 2241/717/1707
f 2240/711/1728 2241/717/1707 2242/716/1729
f 2243/751/1730 2244/749/1623 2245/804/1731
f 2246/799/1732 2247/745/1654 2248/737/1653
f 2249/797/1733 2250/794/1666 2251/795/1675
f 2252/807/1734 2253/744/1735 2247/745/1654
f 2254/699/1692 2255/814/1736 2256/701/1737
f 2248/737/1653 2257/811/1738 2246/799/1732
f 2246/799/1732 2257/811/1738 2258/809/1739
f 2244/749/1623 2243/751/1730 2259/752/1740
f 2259/752/1740 2243/751/1730 2260/813/1649
f 2259/752/1740 2260/813/1649 2261/748/1648
f 2262/810/1741 2263/798/1742 2264/710/1698
f 2264/710/1698 2263/798/1742 2265/734/1743
f 2247/745/1654 2246/799/1732 2252/807/1734
f 2252/807/1734 2246/799/1732 2258/809/1739
f 2252/807/1734 2258/809/1739 2266/816/1744
f 2267/793/1745 2250/794/1666 2268/800/1746
f 2269/782/1747 2270/801/1748 2271/776/1644
f 2271/776/1644 2270/801/1748 2249/797/1733
f 2271/776/1644 2249/797/1733 2272/778/1645
f 2272/778/1645 2249/797/1733 2251/795/1675
f 2273/803/1670 2274/802/1749 2275/780/1658
f 2264/710/1698 2276/708/1750 2262/810/1741
f 2262/810/1741 2276/708/1750 2256/701/1737
f 2262/810/1741 2256/701/1737 2277/815/1751
f 2277/815/1751 2256/701/1737 2255/814/1736
f 2277/815/1751 2255/814/1736 2278/808/1731
f 2248/737/1653 2279/747/1752 2257/811/1738
f 2257/811/1738 2279/747/1752 2260/813/1649
f 2257/811/1738 2260/813/1649 2280/812/1753
f 2280/812/1753 2260/813/1649 2243/751/1730
f 2280/812/1753 2243/751/1730 2281/805/1754
f 2281/805/1754 2243/751/1730 2245/804/1731
f 2281/805/1754 2245/804/1731 2282/806/1736
f 2250/794/1666 2249/797/1733 2268/800/1746
f 2268/800/1746 2249/797/1733 2270/801/1748
f 2268/800/1746 2270/801/1748 2274/802/1749
f 2274/802/1749 2270/801/1748 2269/782/1747
f 2274/802/1749 2269/782/1747 2275/780/1658
f 2253/744/1735 2252/807/1734 2278/808/1731
f 2278/808/1731 2252/807/1734 2266/816/1744
f 2278/808/1731 2266/816/1744 2277/815/1751
f 2277/815/1751 2266/816/1744 2258/809/1739
f 2277/815/1751 2258/809/1739 2262/810/1741
f 2262/810/1741 2258/809/1739 2257/811/1738
f 2262/810/1741 2257/811/1738 2263/798/1742
f 2263/798/1742 2257/811/1738 2280/812/1753
f 2263/798/1742 2280/812/1753 2265/734/1743
f 2265/734/1743 2280/812/1753 2281/805/1754
f 2265/734/1743 2281/805/1754 2283/735/1723
f 2283/735/1723 2281/805/1754 2282/806/1736
f 2283/735/1723 2282/806/1736 2284/736/1686
f 2285/817/1755 2286/667/1756 2287/666/1757
f 2288/757/1684 2289/818/1375 2290/819/1758
f 2291/785/1664 2292/741/1635 2293/742/1665
f 2288/757/1684 2290/819/1758 2294/756/1641
f 2294/756/1641 2290/819/1758 2295/767/1639
f 2296/820/1759 2297/753/1760 2298/821/1350
f 2298/821/1350 2297/753/1760 2299/754/1761
f 2298/821/1350 2299/754/1761 2300/670/1332
f 2290/819/1758 2301/822/1762 2295/767/1639
f 2295/767/1639 2301/822/1762 2302/681/1332
f 2295/767/1639 2302/681/1332 2303/769/1763
f 2286/667/1756 2285/817/1755 2304/685/1764
f 2304/685/1764 2285/817/1755 2305/823/1765
f 2304/685/1764 2305/823/1765 2306/664/1766
f 2306/664/1766 2305/823/1765 2307/824/1767
f 2306/664/1766 2307/824/1767 2308/662/1768
f 2289/818/1375 2288/757/1684 2309/825/1757
f 2309/825/1757 2288/757/1684 2310/766/1631
f 2309/825/1757 2310/766/1631 2285/817/1755
f 2285/817/1755 2310/766/1631 2311/764/1769
f 2285/817/1755 2311/764/1769 2312/826/1765
f 2312/826/1765 2311/764/1769 2292/741/1635
f 2312/826/1765 2292/741/1635 2313/827/1767
f 2313/827/1767 2292/741/1635 2291/785/1664
f 2313/827/1767 2291/785/1664 2296/820/1759
f 2296/820/1759 2291/785/1664 2314/771/1770
f 2296/820/1759 2314/771/1770 2297/753/1760
f 2315/828/1771 2316/829/1772 2317/830/1773
f 2318/703/1453 2319/732/1488 2320/704/1490
f 2321/831/1774 2322/832/1775 2323/833/1776
f 2324/834/1777 2325/835/1778 2326/836/1779
f 2327/707/1780 2328/837/1781 2329/705/1782
f 2329/705/1782 2328/837/1781 2330/838/1783
f 2329/705/1782 2330/838/1783 2331/719/1784
f 2331/719/1784 2330/838/1783 2332/839/1785
f 2333/840/1771 2334/841/1785 2335/842/1786
f 2335/842/1786 2334/841/1785 2336/843/1787
f 2335/842/1786 2336/843/1787 2337/844/1781
f 2338/726/1788 2339/724/1789 2340/845/1790
f 2340/845/1790 2339/724/1789 2341/846/1791
f 2342/847/1792 2343/848/1793 2344/849/1794
f 2344/849/1794 2343/848/1793 2326/836/1779
f 2344/849/1794 2326/836/1779 2345/850/1795
f 2345/850/1795 2326/836/1779 2325/835/1778
f 2346/851/1796 2347/852/1797 2316/829/1772
f 2316/829/1772 2347/852/1797 2348/853/1798
f 2316/829/1772 2348/853/1798 2317/830/1773
f 2317/830/1773 2348/853/1798 2349/854/1799
f 2325/835/1778 2350/855/1800 2345/850/1795
f 2345/850/1795 2350/855/1800 2351/720/1801
f 2345/850/1795 2351/720/1801 2344/849/1794
f 2344/849/1794 2351/720/1801 2331/719/1784
f 2344/849/1794 2331/719/1784 2342/847/1792
f 2342/847/1792 2331/719/1784 2332/839/1785
f 2322/832/1775 2352/856/1802 2323/833/1776
f 2323/833/1776 2352/856/1802 2353/857/1803
f 2323/833/1776 2353/857/1803 2333/840/1771
f 2333/840/1771 2353/857/1803 2354/858/1804
f 2333/840/1771 2354/858/1804 2334/841/1785
f 2324/834/1777 2349/854/1799 2325/835/1778
f 2325/835/1778 2349/854/1799 2348/853/1798
f 2325/835/1778 2348/853/1798 2350/855/1800
f 2350/855/1800 2348/853/1798 2347/852/1797
f 2350/855/1800 2347/852/1797 2351/720/1801
f 2351/720/1801 2347/852/1797 2346/851/1796
f 2351/720/1801 2346/851/1796 2355/722/1805
f 2355/722/1805 2346/851/1796 2316/829/1772
f 2355/722/1805 2316/829/1772 2339/724/1789
f 2339/724/1789 2316/829/1772 2315/828/1771
f 2339/724/1789 2315/828/1771 2341/846/1791
f 2356/742/1551 2357/741/1501 2358/785/1552
f 2359/757/1575 2360/756/1537 2361/819/1806
f 2361/819/1806 2360/756/1537 2362/767/1536
f 2363/670/1403 2364/754/1807 2365/821/1808
f 2365/821/1808 2364/754/1807 2366/753/1809
f 2365/821/1808 2366/753/1809 2367/820/1810
f 2368/769/1531 2369/681/1403 2362/767/1536
f 2362/767/1536 2369/681/1403 2370/822/1402
f 2362/767/1536 2370/822/1402 2361/819/1806
f 2371/662/1407 2372/824/1811 2373/664/1812
f 2373/664/1812 2372/824/1811 2374/823/1813
f 2373/664/1812 2374/823/1813 2375/685/1814
f 2375/685/1814 2374/823/1813 2376/817/1815
f 2375/685/1814 2376/817/1815 2377/667/1816
f 2377/667/1816 2376/817/1815 2378/666/1817
f 2366/753/1809 2379/771/1818 2367/820/1810
f 2367/820/1810 2379/771/1818 2358/785/1552
f 2367/820/1810 2358/785/1552 2380/827/1811
f 2380/827/1811 2358/785/1552 2357/741/1501
f 2380/827/1811 2357/741/1501 2381/826/1813
f 2381/826/1813 2357/741/1501 2382/764/1819
f 2381/826/1813 2382/764/1819 2376/817/1815
f 2376/817/1815 2382/764/1819 2383/766/1528
f 2376/817/1815 2383/766/1528 2384/825/1817
f 2384/825/1817 2383/766/1528 2359/757/1575
f 2384/825/1817 2359/757/1575 2385/818/1427
f 2385/818/1427 2359/757/1575 2361/819/1806
f 2386/838/1820 2387/719/1821 2388/839/1822
f 2389/724/1823 2390/845/1824 2391/846/1825
f 2392/853/1826 2393/830/1827 2394/854/1828
f 2387/719/1821 2395/847/1829 2388/839/1822
f 2393/830/1827 2396/829/1830 2397/828/1831
f 2398/704/1717 2399/732/1719 2400/703/1689
f 2387/719/1821 2386/838/1820 2401/705/1832
f 2401/705/1832 2386/838/1820 2402/837/1833
f 2401/705/1832 2402/837/1833 2403/707/1697
f 2404/844/1834 2405/843/1835 2406/842/1836
f 2406/842/1836 2405/843/1835 2407/841/1837
f 2406/842/1836 2407/841/1837 2408/840/1838
f 2390/845/1824 2389/724/1823 2409/726/1839
f 2393/830/1827 2392/853/1826 2396/829/1830
f 2396/829/1830 2392/853/1826 2410/852/1840
f 2396/829/1830 2410/852/1840 2411/851/1841
f 2412/835/1842 2413/834/1843 2414/850/1844
f 2414/850/1844 2413/834/1843 2415/836/1845
f 2414/850/1844 2415/836/1845 2416/849/1846
f 2416/849/1846 2415/836/1845 2417/848/1847
f 2416/849/1846 2417/848/1847 2395/847/1829
f 2395/847/1829 2387/719/1821 2416/849/1846
f 2416/849/1846 2387/719/1821 2418/720/1848
f 2416/849/1846 2418/720/1848 2414/850/1844
f 2414/850/1844 2418/720/1848 2419/855/1849
f 2414/850/1844 2419/855/1849 2412/835/1842
f 2407/841/1837 2420/858/1850 2408/840/1838
f 2408/840/1838 2420/858/1850 2421/857/1851
f 2408/840/1838 2421/857/1851 2422/833/1852
f 2422/833/1852 2421/857/1851 2423/856/1853
f 2422/833/1852 2423/856/1853 2424/831/1828
f 2424/831/1828 2423/856/1853 2425/832/1843
f 2391/846/1825 2397/828/1831 2389/724/1823
f 2389/724/1823 2397/828/1831 2396/829/1830
f 2389/724/1823 2396/829/1830 2426/722/1854
f 2426/722/1854 2396/829/1830 2411/851/1841
f 2426/722/1854 2411/851/1841 2418/720/1848
f 2418/720/1848 2411/851/1841 2410/852/1840
f 2418/720/1848 2410/852/1840 2419/855/1849
f 2419/855/1849 2410/852/1840 2392/853/1826
f 2419/855/1849 2392/853/1826 2412/835/1842
f 2412/835/1842 2392/853/1826 2394/854/1828
f 2412/835/1842 2394/854/1828 2413/834/1843
