mtllib m_body014.mtl
o editpl_m-0000-66
v -74.557022 33.346783 -5.739403
v -75.727394 36.604984 -7.325006
v -72.492615 36.659611 -7.623894
v -72.508873 40.721115 -3.987172
v -70.555542 41.235233 -3.910208
v -71.587746 40.489765 0.582082
v -70.019119 41.109917 0.340730
v -69.859276 37.013062 2.243153
v -70.555542 41.235233 -3.910208
v -68.190414 36.723873 -6.519502
v -72.492615 36.659611 -7.623894
v -68.035995 34.098675 -5.216348
v -74.557022 33.346783 -5.739403
v -68.377350 32.013294 -1.427193
v -73.180748 31.672693 -0.591801
v -75.727394 36.604984 -7.325006
v -75.665085 41.000668 -3.656900
v -72.508873 40.721115 -3.987172
v -74.592239 40.958897 1.066281
v -71.587746 40.489765 0.582082
v -73.129280 36.993786 3.260120
v -69.859276 37.013062 2.243153
v -72.782501 33.819122 2.487494
v -69.347244 34.150085 1.420463
v -73.180748 31.672693 -0.591801
v -68.377350 32.013294 -1.427193
v -71.986000 34.818436 -4.497523
v -69.805092 36.261169 -5.661693
v -69.680473 33.137920 -1.756718
v -69.805092 36.261169 1.439891
v -71.972450 34.368584 1.793326
v -69.680473 33.137920 -1.756718
v -71.931816 33.639183 -1.451851
v -71.986000 34.818436 -4.497523
v -71.972450 34.368584 1.793326
v -69.805092 36.261169 1.439891
v -71.972450 37.790661 1.793326
v -69.444771 39.005260 -0.558924
v -71.614838 39.034180 -0.166633
v -69.444771 39.024536 -2.928360
v -71.614838 39.034180 -3.112176
v -69.805092 36.261169 -5.661693
v -71.972450 37.790661 -4.753820
v -71.986000 34.818436 -4.497523
v -39.895592 40.039913 -0.221927
v -41.607803 39.853546 0.980350
v -34.626209 37.652493 4.611095
v -49.472595 39.561146 -5.394935
v -51.466560 38.886372 -6.813160
v -49.296497 41.206314 -4.025280
v -49.916901 31.949032 -3.781685
v -54.571297 31.521673 -2.280519
v -54.517113 33.182907 -6.807929
v -54.571297 31.521673 -2.280519
v -48.911789 31.602003 -1.634173
v -54.479183 32.951553 1.308380
v -40.673130 37.549671 -7.139695
v -40.673130 35.400028 -7.880191
v -43.582806 35.891651 -7.144178
v -40.673130 33.247169 -7.139694
v -43.582806 37.928829 -6.684638
v -47.126431 38.121624 -6.635321
v -43.729103 38.960274 -5.653473
v -45.552391 40.081688 -4.321926
v -43.282085 40.210217 -3.658395
v -41.607803 39.853546 0.980350
v -39.895592 40.039913 -0.221927
v -40.673130 39.786072 -4.241974
v -41.913940 33.918736 3.322887
v -45.319401 36.068378 2.924618
v -44.587917 33.947655 2.092214
v -50.556271 36.203331 2.899960
v -49.922321 33.963718 2.267811
v -50.363918 39.467960 2.883521
v -54.343723 38.478291 2.361961
v -54.492729 35.843452 2.170673
v -48.467484 32.572395 1.125311
v -43.872688 32.745911 1.756713
v -34.626209 31.698400 0.727791
v -50.992451 36.319008 -7.482669
v -54.443966 36.277237 -7.692638
v -54.406036 38.783546 -6.962604
v -48.941593 37.421143 -7.072445
v -49.632435 36.203331 -7.741208
v -50.992451 36.319008 -7.482669
v -43.582806 35.891651 -7.144178
v -43.582806 37.928829 -6.684638
v -40.673130 37.549671 -7.139695
v -40.673130 39.786072 -4.241974
v -43.282085 40.210217 -3.658395
v -41.607803 39.853546 0.980350
v -49.954830 40.875351 1.954726
v -50.363918 39.467960 2.883521
v -54.297668 40.171658 1.639399
v -47.126431 38.121624 -6.635321
v -49.472595 39.561146 -5.394935
v -49.621597 41.440880 -0.195028
v -49.954830 40.875351 1.954726
v -54.216393 40.811089 0.215197
v -54.297668 40.171658 1.639399
v -54.517113 33.182907 -6.807929
v -54.443966 36.277237 -7.692638
v -53.111042 33.198975 -6.908056
v -50.992451 36.319008 -7.482669
v -50.594200 33.497803 -7.597740
v -49.632435 36.203331 -7.741208
v -47.126431 33.349995 -7.224877
v -47.126431 33.349995 -7.224877
v -45.920841 31.769091 -6.275908
v -50.594200 33.497803 -7.597740
v -47.516556 32.260712 -4.459414
v -53.111042 33.198975 -6.908056
v -49.916901 31.949032 -3.781685
v -34.626209 33.574921 4.611095
v -41.913940 37.520752 3.322887
v -43.807671 38.529701 2.590611
v -49.304623 38.414028 -6.329708
v -47.126431 37.601082 -7.024623
v -47.126431 36.039459 -7.490141
v -43.582806 35.891651 -7.144178
v -43.582806 33.353207 -6.684638
v -40.673130 33.247169 -7.139694
v -41.992508 31.826929 -1.899437
v -34.626209 30.891882 -5.876144
v -34.626209 32.977261 -2.506180
v -34.626209 37.652493 4.611095
v -41.607803 39.853546 0.980350
v -54.479183 32.951553 1.308380
v -48.911789 31.602003 -1.634173
v -41.992508 31.826929 -1.899437
v -34.626209 32.977261 -2.506180
v -54.571297 31.521673 -2.280519
v -49.916901 31.949032 -3.781685
v -48.911789 31.602003 -1.634173
v -47.516556 32.260712 -4.459414
v -41.992508 31.826929 -1.899437
v -45.920841 31.769091 -6.275908
v -43.582806 33.353207 -6.684638
v -47.126431 36.039459 -7.490141
v -47.126431 37.601082 -7.024623
v -48.941593 37.421143 -7.072445
v -49.304623 38.414028 -6.329708
v -51.466560 38.886372 -6.813160
v -54.406036 38.783546 -6.962604
v -49.296497 41.206314 -4.025280
v -69.859276 37.013062 2.243153
v -67.174469 39.818203 -0.005234
v -70.019119 41.109917 0.340730
v -54.443966 36.277237 -7.692638
v -62.073055 38.327271 -6.050248
v -54.406036 38.783546 -6.962604
v -68.190414 36.723873 -6.519502
v -70.555542 41.235233 -3.910208
v -67.174469 39.805351 -4.071608
v -62.270828 36.492523 -6.600202
v -66.673264 36.759220 -6.959615
v -62.425251 34.616001 -5.587718
v -66.502586 33.976570 -5.761819
v -62.587803 33.224678 -2.477786
v -68.377350 32.013294 -1.427193
v -67.152794 36.772072 0.978109
v -69.347244 34.150085 1.420463
v -67.152794 34.214352 0.915342
v -68.377350 32.013294 -1.427193
v -62.587803 33.224678 -2.477786
v -54.517113 33.182907 -6.807929
v -54.571297 31.521673 -2.280519
v -61.991779 40.027061 -0.738257
v -62.433376 38.616459 0.683704
v -62.460468 36.100510 1.064786
v -62.528198 34.333241 0.455802
v -54.571297 31.521673 -2.280519
v -54.216393 40.811089 0.215197
v -54.297668 40.171658 1.639399
v -54.343723 38.478291 2.361961
v -54.492729 35.843452 2.170673
v -54.479183 32.951553 1.308380
v -61.991779 40.001354 -3.541081
v -54.110733 40.933189 -3.197360
v -68.035995 34.098675 -5.216348
v -49.296497 41.206314 -4.025280
v -49.621597 41.440880 -0.195028
v 73.180748 31.672693 -0.591801
v 68.377350 32.013294 -1.427193
v 74.557022 33.346783 -5.739403
v 71.587746 40.489765 0.582082
v 75.665085 41.000668 -3.656900
v 72.508873 40.721115 -3.987172
v 75.727394 36.604984 -7.325006
v 72.492615 36.659611 -7.623894
v 68.035995 34.098675 -5.216348
v 68.377350 32.013294 -1.427193
v 69.859276 37.013062 2.243153
v 71.587746 40.489765 0.582082
v 70.019119 41.109917 0.340730
v 72.508873 40.721115 -3.987172
v 70.555542 41.235233 -3.910208
v 72.492615 36.659611 -7.623894
v 68.190414 36.723873 -6.519502
v 68.035995 34.098675 -5.216348
v 68.377350 32.013294 -1.427193
v 73.180748 31.672693 -0.591801
v 69.347244 34.150085 1.420463
v 72.782501 33.819122 2.487494
v 69.859276 37.013062 2.243153
v 73.129280 36.993786 3.260120
v 71.587746 40.489765 0.582082
v 74.592239 40.958897 1.066281
v 75.665085 41.000668 -3.656900
v 69.805092 36.261169 -5.661693
v 71.972450 37.790661 -4.753820
v 71.986000 34.818436 -4.497523
v 69.680473 33.137920 -1.756718
v 69.805092 36.261169 -5.661693
v 71.986000 34.818436 -4.497523
v 71.986000 34.818436 -4.497523
v 71.931816 33.639183 -1.451851
v 69.680473 33.137920 -1.756718
v 71.972450 34.368584 1.793326
v 69.805092 36.261169 1.439891
v 71.972450 37.790661 -4.753820
v 69.805092 36.261169 -5.661693
v 71.614838 39.034180 -3.112176
v 69.444771 39.024536 -2.928360
v 71.614838 39.034180 -0.166633
v 69.444771 39.005260 -0.558924
v 71.972450 37.790661 1.793326
v 69.805092 36.261169 1.439891
v 71.972450 34.368584 1.793326
v 41.913940 33.918736 3.322887
v 45.319401 36.068378 2.924618
v 41.913940 37.520752 3.322887
v 41.992508 31.826929 -1.899437
v 34.626209 31.698400 0.727791
v 34.626209 32.977261 -2.506180
v 40.673130 37.549671 -7.139695
v 43.582806 35.891651 -7.144178
v 40.673130 35.400028 -7.880191
v 40.673130 33.247169 -7.139694
v 43.282085 40.210217 -3.658395
v 45.552391 40.081688 -4.321926
v 43.729103 38.960274 -5.653473
v 47.126431 38.121624 -6.635321
v 43.582806 37.928829 -6.684638
v 40.673130 39.786072 -4.241974
v 39.895592 40.039913 -0.221927
v 41.607803 39.853546 0.980350
v 34.626209 37.652493 4.611095
v 54.492729 35.843452 2.170673
v 54.343723 38.478291 2.361961
v 50.363918 39.467960 2.883521
v 34.626209 31.698400 0.727791
v 43.872688 32.745911 1.756713
v 44.587917 33.947655 2.092214
v 48.467484 32.572395 1.125311
v 54.406036 38.783546 -6.962604
v 54.443966 36.277237 -7.692638
v 50.992451 36.319008 -7.482669
v 50.992451 36.319008 -7.482669
v 49.632435 36.203331 -7.741208
v 48.941593 37.421143 -7.072445
v 54.479183 32.951553 1.308380
v 48.911789 31.602003 -1.634173
v 54.571297 31.521673 -2.280519
v 54.343723 38.478291 2.361961
v 54.297668 40.171658 1.639399
v 50.363918 39.467960 2.883521
v 49.954830 40.875351 1.954726
v 41.607803 39.853546 0.980350
v 43.282085 40.210217 -3.658395
v 40.673130 39.786072 -4.241974
v 43.729103 38.960274 -5.653473
v 40.673130 37.549671 -7.139695
v 43.582806 37.928829 -6.684638
v 43.582806 35.891651 -7.144178
v 49.922321 33.963718 2.267811
v 50.556271 36.203331 2.899960
v 43.807671 38.529701 2.590611
v 54.297668 40.171658 1.639399
v 54.216393 40.811089 0.215197
v 49.954830 40.875351 1.954726
v 49.621597 41.440880 -0.195028
v 43.282085 40.210217 -3.658395
v 49.296497 41.206314 -4.025280
v 45.552391 40.081688 -4.321926
v 49.472595 39.561146 -5.394935
v 47.126431 38.121624 -6.635321
v 47.126431 33.349995 -7.224877
v 50.594200 33.497803 -7.597740
v 53.111042 33.198975 -6.908056
v 54.443966 36.277237 -7.692638
v 54.517113 33.182907 -6.807929
v 54.517113 33.182907 -6.807929
v 49.916901 31.949032 -3.781685
v 53.111042 33.198975 -6.908056
v 47.516556 32.260712 -4.459414
v 50.594200 33.497803 -7.597740
v 45.920841 31.769091 -6.275908
v 47.126431 33.349995 -7.224877
v 34.626209 32.977261 -2.506180
v 34.626209 30.891882 -5.876144
v 41.992508 31.826929 -1.899437
v 40.673130 33.247169 -7.139694
v 43.582806 33.353207 -6.684638
v 43.582806 35.891651 -7.144178
v 47.126431 36.039459 -7.490141
v 47.126431 37.601082 -7.024623
v 49.304623 38.414028 -6.329708
v 49.472595 39.561146 -5.394935
v 51.466560 38.886372 -6.813160
v 49.296497 41.206314 -4.025280
v 49.296497 41.206314 -4.025280
v 54.406036 38.783546 -6.962604
v 51.466560 38.886372 -6.813160
v 50.992451 36.319008 -7.482669
v 49.304623 38.414028 -6.329708
v 48.941593 37.421143 -7.072445
v 47.126431 37.601082 -7.024623
v 49.632435 36.203331 -7.741208
v 47.126431 36.039459 -7.490141
v 43.582806 33.353207 -6.684638
v 41.992508 31.826929 -1.899437
v 48.911789 31.602003 -1.634173
v 49.916901 31.949032 -3.781685
v 54.571297 31.521673 -2.280519
v 54.517113 33.182907 -6.807929
v 41.992508 31.826929 -1.899437
v 48.911789 31.602003 -1.634173
v 54.479183 32.951553 1.308380
v 54.492729 35.843452 2.170673
v 50.363918 39.467960 2.883521
v 41.607803 39.853546 0.980350
v 34.626209 37.652493 4.611095
v 34.626209 33.574921 4.611095
v 54.406036 38.783546 -6.962604
v 62.073055 38.327271 -6.050248
v 54.443966 36.277237 -7.692638
v 62.270828 36.492523 -6.600202
v 54.517113 33.182907 -6.807929
v 61.991779 40.001354 -3.541081
v 54.110733 40.933189 -3.197360
v 61.991779 40.027061 -0.738257
v 54.216393 40.811089 0.215197
v 54.297668 40.171658 1.639399
v 68.190414 36.723873 -6.519502
v 68.035995 34.098675 -5.216348
v 66.502586 33.976570 -5.761819
v 68.377350 32.013294 -1.427193
v 62.587803 33.224678 -2.477786
v 62.433376 38.616459 0.683704
v 54.343723 38.478291 2.361961
v 62.460468 36.100510 1.064786
v 54.492729 35.843452 2.170673
v 62.528198 34.333241 0.455802
v 54.479183 32.951553 1.308380
v 54.571297 31.521673 -2.280519
v 49.621597 41.440880 -0.195028
v 49.296497 41.206314 -4.025280
v 62.587803 33.224678 -2.477786
v 67.152794 34.214352 0.915342
v 67.152794 36.772072 0.978109
v 67.174469 39.818203 -0.005234
v 67.174469 39.805351 -4.071608
v 66.673264 36.759220 -6.959615
v 62.425251 34.616001 -5.587718
v 54.571297 31.521673 -2.280519
v 68.377350 32.013294 -1.427193
v 69.347244 34.150085 1.420463
v 69.859276 37.013062 2.243153
v 70.019119 41.109917 0.340730
v 70.555542 41.235233 -3.910208
v -73.516693 36.004112 -5.994953
v -71.972450 37.790661 -4.753820
v -71.986000 34.818436 -4.497523
v -88.260124 33.619904 -3.961766
v -84.784233 36.919880 -4.479590
v -86.845924 32.868011 -3.730874
v -77.789093 35.882011 3.555272
v -83.061180 32.996540 3.162235
v -83.112656 33.960506 3.881060
v -82.985329 32.353897 3.841459
v -79.769508 39.686462 2.750516
v -80.435974 37.565739 3.127862
v -78.008537 36.723873 3.341567
v -75.423965 37.221924 4.383193
v -77.954353 34.677055 4.978728
v -74.684357 33.398193 2.784888
v -77.507332 32.771614 3.414049
v -75.063644 34.011917 -4.715712
v -78.647903 36.842762 -6.047259
v -77.789093 35.882011 3.555272
v -83.112656 33.960506 3.881060
v -83.034088 33.439964 4.808362
v -82.985329 32.353897 3.841459
v -88.682762 33.738792 -2.013762
v -87.477165 33.019032 -1.611009
v -86.845924 32.868011 -3.730874
v -79.718040 39.843910 -4.481084
v -79.094925 37.022701 -4.128396
v -83.705971 35.509277 -4.215821
v -87.477165 33.019032 -1.611009
v -86.845924 32.868011 -3.730874
v -83.705971 35.509277 -4.215821
v -87.712868 35.184742 1.454088
v -85.128296 37.694267 2.013756
v -85.098495 38.176247 -2.132570
v -78.008537 36.723873 3.341567
v -77.111794 35.817745 -0.963170
v -80.435974 37.565739 3.127862
v -86.764648 34.493900 2.027953
v -84.074425 36.254745 2.736319
v -71.972450 34.368584 1.793326
v -71.972450 37.790661 1.793326
v -76.491386 38.452583 3.566481
v -71.614838 39.034180 -0.166633
v -71.614838 39.034180 -3.112176
v -78.967590 38.873516 -6.336433
v -80.975105 35.901291 -6.227339
v -78.647903 36.842762 -6.047259
v -79.094925 37.022701 -4.128396
v -80.975105 35.901291 -6.227339
v -81.422119 36.084442 -4.868145
v -84.112350 32.061493 -6.227338
v -84.559364 32.241432 -5.328433
v -79.718040 39.843910 -4.481084
v -81.422119 36.084442 -4.868145
v -82.893211 37.861355 -5.220833
v -84.112350 32.061493 -6.227338
v -85.280014 33.054379 -6.516512
v -82.142761 36.894173 -6.516513
v -86.764648 34.493900 2.027953
v -78.710213 33.844830 2.028701
v -71.931816 33.639183 -1.451851
v -75.063644 34.011917 -4.715712
v -71.986000 34.818436 -4.497523
v -77.507332 32.771614 3.414049
v -74.684357 33.398193 2.784888
v -71.972450 34.368584 1.793326
v -86.764648 34.493900 2.027953
v -84.074425 36.254745 2.736319
v -80.465775 40.811089 -2.146020
v -84.112350 32.061493 -6.227338
v -84.559364 32.241432 -5.328433
v -85.553642 33.462456 -5.681120
v -84.559364 32.241432 -5.328433
v -40.673130 37.549671 -7.139695
v -34.626209 37.331173 -8.408475
v -40.673130 35.400028 -7.880191
v -40.673130 39.786072 -4.241974
v -34.626209 30.891882 -5.876144
v -40.673130 33.247169 -7.139694
v -34.626209 32.424587 -8.408475
v -34.626209 34.914833 -8.833644
v -37.787838 37.408291 5.356074
v -37.828476 40.573311 2.864093
v -37.809513 36.505375 -1.657338
v -37.828476 41.938927 -2.492731
v -37.831188 40.264839 -7.581302
v -33.745724 41.938927 -2.555497
v -33.745724 40.640785 2.954507
v -33.745724 36.286877 -2.017498
v -33.745724 37.395435 5.570526
v -33.745724 33.430325 5.078109
v -37.871822 29.805815 -5.545873
v -37.760750 30.467737 1.923344
v -37.787838 33.436752 4.844975
v -33.783649 32.405308 -9.267778
v -33.764687 36.280449 -9.965683
v -33.745724 40.264839 -7.749427
v -37.847443 36.280449 -9.755713
v -37.866405 32.405308 -9.048842
v -33.721340 30.467737 2.137796
v -33.745724 29.805815 -5.545873
v -34.626209 37.652493 4.611095
v -34.626209 39.680035 0.426660
v -39.895592 40.039913 -0.221927
v -34.626209 40.528324 -2.190106
v -34.626209 39.583637 -4.807620
v -33.783649 32.405308 -9.267778
v -37.866405 32.405308 -9.048842
v -33.764687 36.280449 -9.965683
v -37.847443 36.280449 -9.755713
v -33.745724 40.264839 -7.749427
v -37.831188 40.264839 -7.581302
v -33.745724 41.938927 -2.555497
v -37.828476 41.938927 -2.492731
v -33.745724 40.640785 2.954507
v -37.828476 40.573311 2.864093
v -33.745724 37.395435 5.570526
v -37.787838 37.408291 5.356074
v -33.745724 33.430325 5.078109
v -37.787838 33.436752 4.844975
v -33.721340 30.467737 2.137796
v -37.760750 30.467737 1.923344
v -33.745724 29.805815 -5.545873
v -37.871822 29.805815 -5.545873
v -33.783649 32.405308 -9.267778
v -37.866405 32.405308 -9.048842
v 75.063644 34.011917 -4.715712
v 73.516693 36.004112 -5.994953
v 78.647903 36.842762 -6.047259
v 83.112656 33.960506 3.881060
v 83.034088 33.439964 4.808362
v 82.985329 32.353897 3.841459
v 81.422119 36.084442 -4.868145
v 84.112350 32.061493 -6.227338
v 84.559364 32.241432 -5.328433
v 82.893211 37.861355 -5.220833
v 84.559364 32.241432 -5.328433
v 85.553642 33.462456 -5.681120
v 87.477165 33.019032 -1.611009
v 87.712868 35.184742 1.454088
v 86.764648 34.493900 2.027953
v 86.845924 32.868011 -3.730874
v 88.260124 33.619904 -3.961766
v 80.435974 37.565739 3.127862
v 84.074425 36.254745 2.736319
v 85.128296 37.694267 2.013756
v 71.986000 34.818436 -4.497523
v 77.789093 35.882011 3.555272
v 83.705971 35.509277 -4.215821
v 86.845924 32.868011 -3.730874
v 87.477165 33.019032 -1.611009
v 77.789093 35.882011 3.555272
v 77.111794 35.817745 -0.963170
v 78.008537 36.723873 3.341567
v 80.435974 37.565739 3.127862
v 71.614838 39.034180 -0.166633
v 71.972450 37.790661 1.793326
v 76.491386 38.452583 3.566481
v 75.423965 37.221924 4.383193
v 86.764648 34.493900 2.027953
v 85.098495 38.176247 -2.132570
v 88.682762 33.738792 -2.013762
v 77.507332 32.771614 3.414049
v 77.954353 34.677055 4.978728
v 74.684357 33.398193 2.784888
v 71.972450 34.368584 1.793326
v 86.845924 32.868011 -3.730874
v 84.784233 36.919880 -4.479590
v 83.705971 35.509277 -4.215821
v 78.967590 38.873516 -6.336433
v 71.972450 37.790661 -4.753820
v 71.614838 39.034180 -3.112176
v 80.975105 35.901291 -6.227339
v 82.142761 36.894173 -6.516513
v 85.280014 33.054379 -6.516512
v 84.112350 32.061493 -6.227338
v 80.975105 35.901291 -6.227339
v 79.094925 37.022701 -4.128396
v 78.647903 36.842762 -6.047259
v 81.422119 36.084442 -4.868145
v 79.718040 39.843910 -4.481084
v 79.094925 37.022701 -4.128396
v 78.008537 36.723873 3.341567
v 79.769508 39.686462 2.750516
v 80.465775 40.811089 -2.146020
v 79.718040 39.843910 -4.481084
v 71.986000 34.818436 -4.497523
v 75.063644 34.011917 -4.715712
v 71.931816 33.639183 -1.451851
v 78.710213 33.844830 2.028701
v 83.061180 32.996540 3.162235
v 83.112656 33.960506 3.881060
v 71.972450 34.368584 1.793326
v 74.684357 33.398193 2.784888
v 77.507332 32.771614 3.414049
v 82.985329 32.353897 3.841459
v 84.074425 36.254745 2.736319
v 86.764648 34.493900 2.027953
v 84.559364 32.241432 -5.328433
v 84.112350 32.061493 -6.227338
v 40.673130 35.400028 -7.880191
v 34.626209 34.914833 -8.833644
v 34.626209 37.331173 -8.408475
v 37.871822 29.805815 -5.545873
v 33.783649 32.405308 -9.267778
v 37.866405 32.405308 -9.048842
v 37.831188 40.264839 -7.581302
v 37.828476 41.938927 -2.492731
v 37.809513 36.505375 -1.657338
v 37.828476 40.573311 2.864093
v 37.787838 37.408291 5.356074
v 33.745724 33.430325 5.078109
v 33.745724 37.395435 5.570526
v 33.745724 36.286877 -2.017498
v 33.745724 40.640785 2.954507
v 33.745724 41.938927 -2.555497
v 37.787838 33.436752 4.844975
v 37.760750 30.467737 1.923344
v 37.871822 29.805815 -5.545873
v 33.745724 40.264839 -7.749427
v 33.764687 36.280449 -9.965683
v 33.783649 32.405308 -9.267778
v 37.866405 32.405308 -9.048842
v 37.847443 36.280449 -9.755713
v 33.745724 29.805815 -5.545873
v 33.721340 30.467737 2.137796
v 40.673130 39.786072 -4.241974
v 40.673130 37.549671 -7.139695
v 34.626209 32.424587 -8.408475
v 40.673130 33.247169 -7.139694
v 34.626209 30.891882 -5.876144
v 34.626209 39.583637 -4.807620
v 34.626209 40.528324 -2.190106
v 39.895592 40.039913 -0.221927
v 34.626209 39.680035 0.426660
v 34.626209 37.652493 4.611095
v 33.745724 29.805815 -5.545873
v 37.760750 30.467737 1.923344
v 33.721340 30.467737 2.137796
v 37.787838 33.436752 4.844975
v 33.745724 33.430325 5.078109
v 37.787838 37.408291 5.356074
v 33.745724 37.395435 5.570526
v 37.828476 40.573311 2.864093
v 33.745724 40.640785 2.954507
v 37.828476 41.938927 -2.492731
v 33.745724 41.938927 -2.555497
v 37.831188 40.264839 -7.581302
v 33.745724 40.264839 -7.749427
v 37.847443 36.280449 -9.755713
v 33.764687 36.280449 -9.965683
v 37.866405 32.405308 -9.048842
v 33.783649 32.405308 -9.267778
vn 0.0551 -0.7480 -0.6614
vn -0.0628 0.3297 -0.9420
vn 0.0469 0.0940 -0.9945
vn -0.0943 0.8725 -0.4795
vn 0.0784 0.8472 -0.5255
vn 0.0547 0.7903 0.6103
vn 0.1806 0.8797 0.4398
vn 0.2910 0.1573 0.9437
vn 0.0784 0.8471 -0.5256
vn -0.0313 0.1018 -0.9943
vn 0.0470 0.0939 -0.9945
vn -0.0078 -0.6668 -0.7452
vn 0.1018 -0.9943 0.0313
vn 0.1496 -0.9372 0.3151
vn 0.0471 0.9042 -0.4246
vn -0.0943 0.8725 -0.4794
vn 0.1888 0.8654 0.4641
vn 0.0548 0.7903 0.6103
vn 0.2664 0.2977 0.9167
vn 0.2910 0.1572 0.9437
vn 0.2992 -0.4330 0.8503
vn 0.2675 -0.4958 0.8262
vn 0.1497 -0.9372 0.3151
vn 0.1260 -0.6693 -0.7322
vn 0.0235 0.2036 -0.9788
vn 0.1017 -0.9937 -0.0469
vn 0.4626 -0.0313 0.8860
vn 0.4007 -0.5422 0.7386
vn -0.0863 -0.9883 -0.1255
vn 0.1260 -0.6693 -0.7323
vn 0.3689 0.5101 0.7770
vn 0.2127 0.8508 0.4805
vn 0.1489 0.9565 0.2509
vn 0.0236 0.9675 -0.2517
vn 0.1570 0.9028 -0.4004
vn 0.0234 0.2036 -0.9788
vn 0.2368 0.4027 -0.8842
vn -0.0156 0.9789 0.2036
vn 0.0709 0.8906 0.4492
vn -0.0471 0.7219 0.6904
vn 0.1651 0.6444 -0.7466
vn 0.1955 0.5240 -0.8290
vn 0.0626 0.8847 -0.4620
vn 0.0157 -0.9568 -0.2902
vn -0.1182 -0.9927 -0.0237
vn -0.1177 -0.6983 -0.7061
vn -0.1182 -0.9927 -0.0236
vn 0.0078 -0.9948 0.1019
vn -0.1021 -0.7228 0.6835
vn -0.0941 0.5486 -0.8308
vn -0.2036 -0.0000 -0.9790
vn -0.0941 0.0157 -0.9954
vn -0.2279 -0.6522 -0.7230
vn 0.0079 0.4722 -0.8814
vn 0.0078 0.6750 -0.7378
vn 0.0314 0.7774 -0.6282
vn 0.0943 0.7384 -0.6677
vn 0.1655 0.9612 -0.2207
vn 0.0710 0.8906 0.4492
vn -0.0157 0.9789 0.2036
vn -0.0079 0.9379 -0.3468
vn -0.2120 -0.4713 0.8561
vn -0.1497 -0.0867 0.9849
vn -0.1413 -0.4238 0.8947
vn -0.0393 -0.1336 0.9903
vn -0.0470 -0.4310 0.9011
vn -0.0470 0.3135 0.9484
vn -0.1725 0.1568 0.9724
vn -0.1411 -0.1881 0.9720
vn -0.0315 -0.7414 0.6703
vn -0.1024 -0.8116 0.5752
vn -0.0235 -0.9717 0.2350
vn -0.0314 0.2202 -0.9750
vn -0.0550 0.0157 -0.9984
vn -0.0471 0.6364 -0.7699
vn -0.0788 0.5438 -0.8355
vn -0.0000 0.1962 -0.9806
vn -0.0315 0.2202 -0.9750
vn 0.0078 0.4722 -0.8814
vn -0.0940 0.5486 -0.8308
vn 0.1654 0.9612 -0.2206
vn 0.0315 0.8810 0.4720
vn -0.0470 0.3136 0.9484
vn -0.1883 0.6826 0.7062
vn -0.1725 0.1569 0.9724
vn 0.0079 0.6750 -0.7378
vn 0.1650 0.6445 -0.7466
vn 0.0626 0.8847 -0.4619
vn 0.0626 0.9929 0.1016
vn 0.0315 0.8811 0.4720
vn -0.1174 0.9780 0.1722
vn -0.1883 0.6826 0.7061
vn -0.0471 -0.6278 -0.7769
vn -0.0315 0.2201 -0.9750
vn -0.1180 -0.4876 -0.8651
vn -0.0000 0.1961 -0.9806
vn 0.1099 -0.2355 -0.9656
vn 0.1099 -0.2356 -0.9656
vn 0.0394 -0.8671 -0.4966
vn -0.1180 -0.4875 -0.8651
vn -0.0550 -0.9820 -0.1807
vn -0.1728 -0.5262 0.8326
vn -0.1180 0.3539 0.9278
vn 0.0078 0.3768 0.9263
vn 0.0551 0.5593 -0.8271
vn 0.0157 0.4782 -0.8781
vn 0.1024 0.0709 -0.9922
vn -0.0940 0.0157 -0.9954
vn 0.1105 -0.4973 -0.8605
vn -0.2279 -0.6523 -0.7229
vn 0.0236 -0.9982 -0.0550
vn -0.1252 -0.9861 -0.1095
vn 0.1575 -0.9844 0.0787
vn -0.0470 0.7219 0.6904
vn 0.0709 0.8906 0.4493
vn -0.1021 -0.7227 0.6835
vn -0.1181 -0.9927 -0.0237
vn 0.0157 -0.9569 -0.2902
vn 0.0078 -0.9948 0.1018
vn 0.0236 -0.9982 -0.0551
vn 0.0395 -0.8671 -0.4966
vn 0.1106 -0.4974 -0.8605
vn 0.1024 0.0708 -0.9922
vn -0.0471 0.6363 -0.7700
vn 0.1807 0.7934 0.5813
vn 0.1807 0.8797 0.4398
vn -0.0551 0.0157 -0.9984
vn -0.0551 0.5593 -0.8271
vn -0.0472 0.6364 -0.7699
vn -0.0314 0.1018 -0.9943
vn 0.1022 0.8882 -0.4480
vn -0.0706 -0.1334 -0.9885
vn -0.0628 0.0628 -0.9961
vn -0.0552 -0.7255 -0.6860
vn -0.0783 -0.7049 -0.7049
vn 0.0394 -0.9991 0.0157
vn 0.1017 -0.9943 0.0313
vn 0.1651 0.0865 0.9825
vn 0.2675 -0.4957 0.8262
vn 0.1498 -0.5282 0.8358
vn 0.0393 -0.9991 0.0158
vn -0.1177 -0.6982 -0.7061
vn -0.0944 0.9444 0.3148
vn -0.0943 0.4167 0.9041
vn -0.0627 -0.0706 0.9955
vn -0.0943 -0.6840 0.7233
vn -0.1174 0.9781 0.1721
vn -0.1022 -0.7228 0.6835
vn -0.0629 0.9593 -0.2752
vn -0.0939 0.9777 -0.1877
vn -0.0079 -0.6668 -0.7452
vn 0.0625 0.9929 0.1016
vn -0.1496 -0.9372 0.3151
vn -0.1017 -0.9943 0.0313
vn -0.0551 -0.7480 -0.6614
vn -0.0548 0.7902 0.6103
vn -0.0472 0.9042 -0.4246
vn 0.0943 0.8725 -0.4795
vn 0.0628 0.3297 -0.9420
vn -0.0470 0.0939 -0.9945
vn 0.0078 -0.6668 -0.7452
vn -0.1018 -0.9943 0.0313
vn -0.2909 0.1573 0.9437
vn -0.0547 0.7903 0.6103
vn -0.1806 0.8797 0.4398
vn -0.0784 0.8472 -0.5255
vn -0.0470 0.0940 -0.9945
vn 0.0313 0.1017 -0.9943
vn -0.1497 -0.9372 0.3151
vn -0.2675 -0.4958 0.8262
vn -0.2992 -0.4330 0.8503
vn -0.2910 0.1572 0.9437
vn -0.2664 0.2977 0.9167
vn -0.0548 0.7903 0.6103
vn -0.1888 0.8654 0.4642
vn -0.0235 0.2036 -0.9788
vn -0.2369 0.4026 -0.8842
vn -0.1260 -0.6693 -0.7322
vn -0.1017 -0.9937 -0.0469
vn -0.0234 0.2035 -0.9788
vn -0.1260 -0.6693 -0.7323
vn 0.0863 -0.9883 -0.1255
vn -0.4007 -0.5422 0.7386
vn -0.4626 -0.0313 0.8860
vn -0.2368 0.4027 -0.8842
vn -0.1570 0.9028 -0.4004
vn -0.0236 0.9675 -0.2517
vn -0.1489 0.9565 0.2509
vn -0.2127 0.8508 0.4805
vn -0.3688 0.5101 0.7770
vn 0.2120 -0.4712 0.8561
vn 0.1497 -0.0867 0.9849
vn 0.1179 0.3538 0.9278
vn -0.0236 -0.9982 -0.0550
vn 0.0235 -0.9717 0.2351
vn -0.1575 -0.9844 0.0787
vn 0.0941 0.5486 -0.8308
vn 0.0941 0.0157 -0.9954
vn 0.2036 -0.0000 -0.9790
vn 0.2279 -0.6522 -0.7230
vn -0.1655 0.9612 -0.2207
vn -0.0943 0.7384 -0.6677
vn -0.0314 0.7774 -0.6282
vn -0.0078 0.6750 -0.7378
vn -0.0079 0.4722 -0.8814
vn 0.0079 0.9379 -0.3467
vn 0.0157 0.9789 0.2036
vn -0.0709 0.8906 0.4492
vn 0.0470 0.7219 0.6904
vn 0.1411 -0.1881 0.9720
vn 0.1725 0.1568 0.9724
vn 0.0470 0.3135 0.9484
vn 0.1024 -0.8116 0.5752
vn 0.1413 -0.4238 0.8947
vn 0.0315 -0.7414 0.6703
vn 0.0471 0.6364 -0.7699
vn 0.0550 0.0157 -0.9984
vn 0.0314 0.2202 -0.9750
vn 0.0315 0.2201 -0.9750
vn 0.0788 0.5438 -0.8355
vn 0.1021 -0.7228 0.6835
vn -0.0078 -0.9948 0.1019
vn 0.1182 -0.9927 -0.0236
vn 0.1725 0.1569 0.9724
vn 0.1883 0.6826 0.7062
vn 0.0470 0.3136 0.9484
vn -0.0315 0.8810 0.4720
vn -0.1654 0.9612 -0.2206
vn 0.0079 0.9379 -0.3468
vn 0.0940 0.5486 -0.8308
vn -0.0078 0.4722 -0.8814
vn 0.0470 -0.4310 0.9011
vn 0.0393 -0.1336 0.9903
vn -0.0078 0.3768 0.9263
vn 0.1883 0.6826 0.7061
vn 0.1174 0.9780 0.1722
vn -0.0315 0.8811 0.4720
vn -0.0626 0.9929 0.1017
vn -0.1655 0.9612 -0.2206
vn -0.0626 0.8847 -0.4619
vn -0.1650 0.6445 -0.7466
vn -0.0079 0.6750 -0.7378
vn -0.1099 -0.2355 -0.9656
vn 0.1180 -0.4876 -0.8651
vn 0.0471 -0.6278 -0.7769
vn 0.1176 -0.6983 -0.7061
vn 0.1177 -0.6983 -0.7061
vn -0.0157 -0.9568 -0.2902
vn 0.0550 -0.9820 -0.1807
vn 0.1180 -0.4875 -0.8651
vn -0.0394 -0.8671 -0.4966
vn -0.1548 -0.9848 0.0790
vn 0.1252 -0.9861 -0.1095
vn 0.2279 -0.6523 -0.7229
vn -0.1105 -0.4974 -0.8605
vn 0.0940 0.0157 -0.9954
vn -0.1024 0.0709 -0.9922
vn -0.0157 0.4782 -0.8781
vn -0.0552 0.5593 -0.8271
vn -0.1651 0.6444 -0.7466
vn -0.1955 0.5240 -0.8290
vn -0.0627 0.8847 -0.4619
vn -0.0626 0.8847 -0.4620
vn 0.0314 0.2202 -0.9749
vn 0.0788 0.5439 -0.8355
vn -0.1106 -0.4974 -0.8605
vn -0.0236 -0.9982 -0.0551
vn -0.0079 -0.9948 0.1018
vn 0.1182 -0.9927 -0.0237
vn 0.1021 -0.7227 0.6835
vn -0.0709 0.8906 0.4493
vn 0.0471 0.7219 0.6904
vn 0.1728 -0.5262 0.8326
vn 0.0472 0.6364 -0.7699
vn 0.0551 0.0157 -0.9984
vn 0.0706 -0.1334 -0.9885
vn 0.0629 0.9593 -0.2752
vn 0.0939 0.9777 -0.1877
vn 0.0944 0.9444 0.3148
vn 0.1174 0.9781 0.1721
vn 0.0314 0.1018 -0.9943
vn 0.0079 -0.6668 -0.7452
vn 0.0783 -0.7049 -0.7049
vn -0.0393 -0.9991 0.0157
vn 0.0943 0.4167 0.9041
vn 0.1729 0.1569 0.9724
vn 0.0627 -0.0705 0.9955
vn 0.0943 -0.6840 0.7233
vn 0.1022 -0.7228 0.6835
vn -0.0625 0.9929 0.1016
vn -0.0393 -0.9991 0.0158
vn -0.1498 -0.5282 0.8358
vn -0.1651 0.0865 0.9825
vn -0.1807 0.7934 0.5813
vn -0.1022 0.8882 -0.4480
vn 0.0628 0.0628 -0.9961
vn 0.0552 -0.7255 -0.6860
vn -0.2676 -0.4957 0.8262
vn -0.2910 0.1573 0.9437
vn -0.1807 0.8797 0.4399
vn -0.0785 0.8471 -0.5255
vn 0.2352 -0.2117 -0.9486
vn 0.2369 0.4027 -0.8842
vn -0.7783 -0.2358 -0.5819
vn -0.2352 0.2117 -0.9486
vn 0.0865 -0.7390 -0.6682
vn -0.7000 0.7000 0.1416
vn -0.4876 -0.1180 -0.8651
vn -0.8953 0.4398 -0.0706
vn -0.7699 -0.6364 0.0472
vn -0.0863 0.6432 0.7608
vn -0.1414 -0.6679 0.7307
vn -0.5202 -0.1340 0.8435
vn 0.0864 0.2120 0.9734
vn 0.0315 -0.0000 0.9995
vn 0.3365 -0.8375 0.4305
vn 0.1333 -0.9873 0.0861
vn -0.1335 -0.9030 -0.4083
vn -0.1653 -0.7717 -0.6141
vn -0.7000 0.7000 0.1415
vn -0.8953 0.4398 -0.0707
vn -0.4173 0.0787 0.9053
vn -0.7699 -0.6364 0.0471
vn -0.9915 -0.1181 0.0551
vn -0.0789 -0.9703 0.2288
vn 0.0865 -0.7389 -0.6683
vn -0.1653 0.6693 -0.7244
vn -0.0548 -0.9948 0.0862
vn 0.4082 -0.7772 -0.4789
vn 0.0865 -0.7390 -0.6681
vn -0.8713 0.0628 0.4867
vn -0.4569 0.5672 0.6853
vn -0.6378 0.7402 -0.2126
vn -0.5203 -0.1340 0.8434
vn -0.6764 -0.7315 -0.0865
vn -0.1414 -0.6678 0.7308
vn -0.3373 -0.3765 0.8628
vn 0.2586 -0.6427 0.7212
vn 0.4008 -0.5421 0.7386
vn 0.0628 0.6051 0.7937
vn 0.1490 0.9565 0.2509
vn 0.0787 0.4013 -0.9126
vn 0.4476 -0.6991 -0.5576
vn -0.1654 -0.7716 -0.6142
vn 0.4477 -0.6990 -0.5577
vn 0.2129 -0.4495 0.8675
vn 0.3691 -0.8011 -0.4712
vn -0.1813 -0.4493 0.8748
vn -0.0547 -0.9948 0.0861
vn -0.2736 0.0235 0.9616
vn 0.2130 -0.4495 0.8675
vn -0.7388 0.5737 0.3537
vn -0.6451 0.0393 -0.7631
vn -0.1573 0.2910 -0.9437
vn -0.4096 -0.5435 -0.7326
vn 0.1332 -0.9873 0.0862
vn 0.3366 -0.8375 0.4305
vn 0.4007 -0.5421 0.7386
vn -0.3373 -0.3766 0.8628
vn 0.2586 -0.6427 0.7211
vn -0.1413 0.9892 -0.0393
vn -0.9660 -0.0863 0.2435
vn -0.1812 -0.4492 0.8748
vn -0.1178 0.5652 -0.8165
vn -0.1252 -0.9861 -0.1096
vn -0.2195 -0.4705 -0.8547
vn -0.1491 -0.0000 -0.9888
vn -0.6123 0.0941 0.7850
vn -0.5912 0.6228 0.5125
vn -1.0000 -0.0000 -0.0000
vn -0.5741 0.8179 0.0394
vn -0.5909 0.6855 -0.4254
vn 0.5657 0.8172 -0.1100
vn 0.5668 0.7400 0.3621
vn 1.0000 -0.0000 -0.0000
vn 0.5576 0.3298 0.7618
vn 0.5423 -0.2751 0.7938
vn -0.5812 -0.7540 -0.3063
vn -0.5831 -0.7723 0.2521
vn -0.5971 -0.4322 0.6757
vn 0.5651 -0.5258 -0.6357
vn 0.5417 0.0314 -0.8400
vn 0.5586 0.5664 -0.6059
vn -0.5978 0.2202 -0.7708
vn -0.6073 -0.3234 -0.7257
vn 0.5596 -0.7014 0.4414
vn 0.5742 -0.8102 -0.1179
vn 0.0157 0.9289 0.3700
vn -0.0236 0.9994 -0.0236
vn -0.0078 0.9021 -0.4315
vn 0.5651 -0.5259 -0.6357
vn -0.6073 -0.3234 -0.7256
vn 0.5587 0.5665 -0.6058
vn -0.5909 0.6854 -0.4254
vn 0.5658 0.8172 -0.1100
vn -0.5741 0.8178 0.0393
vn -0.5913 0.6228 0.5124
vn -0.6123 0.0942 0.7850
vn -0.5972 -0.4321 0.6757
vn 0.5596 -0.7015 0.4413
vn -0.5832 -0.7722 0.2522
vn 0.5742 -0.8102 -0.1180
vn -0.5812 -0.7539 -0.3063
vn -0.6074 -0.3233 -0.7256
vn 0.1335 -0.9030 -0.4083
vn -0.2352 -0.2117 -0.9486
vn 0.1654 -0.7717 -0.6141
vn 0.8953 0.4398 -0.0707
vn 0.4173 0.0787 0.9053
vn 0.7699 -0.6364 0.0471
vn -0.2129 -0.4495 0.8675
vn -0.3691 -0.8011 -0.4712
vn 0.1812 -0.4492 0.8748
vn 0.7388 0.5737 0.3537
vn 0.1813 -0.4492 0.8748
vn 0.9660 -0.0863 0.2435
vn 0.0789 -0.9703 0.2288
vn 0.8713 0.0628 0.4867
vn 0.3373 -0.3765 0.8628
vn -0.0865 -0.7389 -0.6682
vn 0.7783 -0.2358 -0.5819
vn 0.1415 -0.6679 0.7307
vn -0.2587 -0.6427 0.7212
vn 0.4569 0.5672 0.6853
vn 0.7000 0.7000 0.1415
vn -0.4082 -0.7772 -0.4789
vn -0.0865 -0.7390 -0.6681
vn 0.7000 0.7000 0.1416
vn 0.6764 -0.7315 -0.0865
vn 0.5202 -0.1341 0.8434
vn 0.1414 -0.6678 0.7308
vn -0.1490 0.9565 0.2509
vn -0.3689 0.5101 0.7770
vn -0.0628 0.6051 0.7937
vn -0.0864 0.2120 0.9734
vn 0.6378 0.7402 -0.2126
vn 0.9915 -0.1181 0.0551
vn -0.1333 -0.9873 0.0861
vn -0.0315 -0.0000 0.9995
vn -0.3366 -0.8375 0.4304
vn -0.4007 -0.5421 0.7386
vn -0.0865 -0.7390 -0.6682
vn 0.2352 0.2117 -0.9486
vn -0.0786 0.4012 -0.9126
vn -0.4477 -0.6990 -0.5576
vn 0.1573 0.2910 -0.9437
vn 0.6451 0.0393 -0.7631
vn -0.4477 -0.6990 -0.5577
vn 0.0548 -0.9948 0.0862
vn 0.1653 -0.7716 -0.6142
vn -0.2130 -0.4496 0.8675
vn 0.2736 0.0235 0.9616
vn 0.0548 -0.9948 0.0861
vn 0.5202 -0.1340 0.8435
vn 0.0863 0.6432 0.7608
vn 0.1413 0.9892 -0.0393
vn 0.1653 0.6693 -0.7244
vn 0.4096 -0.5435 -0.7326
vn 0.4876 -0.1180 -0.8651
vn 0.8953 0.4398 -0.0706
vn -0.3365 -0.8375 0.4305
vn -0.1332 -0.9873 0.0862
vn 0.7699 -0.6364 0.0472
vn -0.2587 -0.6427 0.7211
vn 0.3373 -0.3766 0.8628
vn 0.0547 -0.9948 0.0862
vn 0.1812 -0.4493 0.8748
vn -0.3691 -0.8011 -0.4713
vn 0.1491 -0.0000 -0.9888
vn 0.1178 0.5652 -0.8165
vn 0.5812 -0.7539 -0.3063
vn -0.5651 -0.5259 -0.6357
vn 0.6074 -0.3233 -0.7257
vn 0.5909 0.6855 -0.4254
vn 0.5741 0.8179 0.0394
vn 0.5912 0.6228 0.5124
vn 0.6123 0.0942 0.7850
vn -0.5423 -0.2751 0.7938
vn -0.5576 0.3298 0.7618
vn -0.5668 0.7400 0.3621
vn -0.5657 0.8172 -0.1100
vn 0.5971 -0.4321 0.6758
vn 0.5831 -0.7723 0.2522
vn 0.5812 -0.7540 -0.3062
vn -0.5586 0.5665 -0.6059
vn -0.5417 0.0315 -0.8400
vn -0.5651 -0.5258 -0.6358
vn 0.6073 -0.3234 -0.7256
vn 0.5978 0.2202 -0.7708
vn -0.5742 -0.8102 -0.1179
vn -0.5596 -0.7015 0.4414
vn 0.2196 -0.4705 -0.8547
vn 0.1252 -0.9861 -0.1096
vn 0.0078 0.9021 -0.4315
vn 0.0236 0.9994 -0.0236
vn -0.0157 0.9289 0.3700
vn -0.5742 -0.8102 -0.1180
vn 0.5832 -0.7722 0.2522
vn -0.5596 -0.7015 0.4413
vn 0.5972 -0.4321 0.6757
vn -0.5576 0.3299 0.7618
vn 0.5913 0.6228 0.5124
vn 0.5741 0.8178 0.0393
vn -0.5658 0.8172 -0.1100
vn 0.5909 0.6854 -0.4254
vn -0.5587 0.5665 -0.6058
vn -0.5417 0.0314 -0.8400
vn 0.6074 -0.3233 -0.7256
vn -0.5651 -0.5258 -0.6357
vt 0.089630 0.715179
vt 0.169403 0.714996
vt 0.166046 0.658356
vt 0.283447 0.658447
vt 0.283447 0.639679
vt 0.355408 0.658447
vt 0.355408 0.639679
vt 0.469482 0.657166
vt 0.163086 0.608002
vt 0.089630 0.608002
vt 0.009979 0.608582
vt 0.009979 0.715179
vt 0.283447 0.715179
vt 0.355408 0.715179
vt 0.466522 0.715027
vt 0.532806 0.715179
vt 0.532806 0.648468
vt 0.569275 0.715179
vt 0.569275 0.608582
vt 0.946167 0.449219
vt 0.989990 0.449219
vt 0.989990 0.535126
vt 0.989990 0.652344
vt 0.946167 0.636719
vt 0.946167 0.535126
vt 0.979462 0.042969
vt 0.949219 0.009979
vt 0.892242 0.042969
vt 0.847626 0.009979
vt 0.832001 0.042969
vt 0.769501 0.009979
vt 0.753876 0.042969
vt 0.660126 0.009979
vt 0.691376 0.058594
vt 0.621399 0.027344
vt 0.366699 0.103271
vt 0.363251 0.199219
vt 0.433594 0.009979
vt 0.237732 0.290375
vt 0.218597 0.343079
vt 0.302856 0.274536
vt 0.066376 0.277344
vt 0.009979 0.372253
vt 0.089630 0.372253
vt 0.601685 0.372253
vt 0.601685 0.253876
vt 0.532806 0.372253
vt 0.199219 0.113251
vt 0.152344 0.113251
vt 0.152344 0.175751
vt 0.113251 0.113251
vt 0.199219 0.175751
vt 0.199219 0.214844
vt 0.230469 0.199219
vt 0.297760 0.199799
vt 0.330505 0.199493
vt 0.263153 0.111542
vt 0.496979 0.131866
vt 0.464844 0.183929
vt 0.496094 0.183929
vt 0.464844 0.246094
vt 0.496094 0.246094
vt 0.433594 0.246094
vt 0.428650 0.372253
vt 0.477417 0.372253
vt 0.550751 0.246094
vt 0.542908 0.199219
vt 0.542908 0.009979
vt 0.152344 0.316376
vt 0.153931 0.372253
vt 0.218506 0.372253
vt 0.191376 0.292969
vt 0.152344 0.300751
vt 0.382812 0.272400
vt 0.393372 0.372253
vt 0.355469 0.269501
vt 0.355469 0.372253
vt 0.105469 0.300751
vt 0.121094 0.292969
vt 0.121094 0.214844
vt 0.105469 0.214844
vt 0.085938 0.246094
vt 0.496979 0.009979
vt 0.433594 0.131866
vt 0.425751 0.183929
vt 0.207001 0.308594
vt 0.187500 0.214844
vt 0.152344 0.214844
vt 0.113251 0.175751
vt 0.009979 0.128876
vt 0.035126 0.009979
vt 0.009979 0.009979
vt 0.601685 0.128876
vt 0.601685 0.009979
vt 0.009979 0.253876
vt 0.355408 0.585663
vt 0.219879 0.498047
vt 0.283447 0.585663
vt 0.153931 0.498199
vt 0.161774 0.585785
vt 0.089630 0.498047
vt 0.089630 0.585754
vt 0.009979 0.498047
vt 0.473145 0.585663
vt 0.532806 0.585663
vt 0.569275 0.498047
vt 0.355408 0.498047
vt 0.428650 0.498047
vt 0.477386 0.498169
vt 0.532806 0.498047
vt 0.569275 0.372253
vt 0.283447 0.498047
vt 0.300751 0.372253
vt 0.652344 0.082001
vt 0.730469 0.386719
vt 0.730469 0.300751
vt 0.707001 0.371094
vt 0.792969 0.613464
vt 0.707001 0.636719
vt 0.683594 0.621277
vt 0.683594 0.660126
vt 0.892548 0.205658
vt 0.917969 0.214844
vt 0.927063 0.186035
vt 0.916656 0.121094
vt 0.964844 0.167969
vt 0.989990 0.105469
vt 0.989990 0.167969
vt 0.621399 0.097626
vt 0.621399 0.182953
vt 0.940399 0.175751
vt 0.933594 0.285126
vt 0.964844 0.261719
vt 0.989990 0.285126
vt 0.777252 0.394501
vt 0.779449 0.420563
vt 0.730469 0.410126
vt 0.707001 0.214844
vt 0.707001 0.261719
vt 0.707001 0.277344
vt 0.619202 0.529175
vt 0.618073 0.480652
vt 0.675751 0.480652
vt 0.888672 0.399719
vt 0.892548 0.308594
vt 0.780762 0.300751
vt 0.777344 0.607239
vt 0.832001 0.527344
vt 0.753876 0.607239
vt 0.917969 0.363251
vt 0.917969 0.292969
vt 0.892242 0.143372
vt 0.660126 0.207001
vt 0.621399 0.261719
vt 0.785126 0.436768
vt 0.761719 0.480652
vt 0.714844 0.443176
vt 0.714844 0.476044
vt 0.660126 0.443176
vt 0.660126 0.476044
vt 0.699219 0.261719
vt 0.675751 0.261719
vt 0.621399 0.355469
vt 0.644501 0.355469
vt 0.644501 0.261719
vt 0.888672 0.415344
vt 0.808594 0.636719
vt 0.871094 0.436768
vt 0.816376 0.660126
vt 0.894501 0.652344
vt 0.621094 0.607239
vt 0.675751 0.607239
vt 0.780762 0.226257
vt 0.644501 0.371094
vt 0.675751 0.371094
vt 0.675751 0.355469
vt 0.699219 0.355469
vt 0.199219 0.009979
vt 0.113251 0.009979
vt 0.152344 0.009979
vt 0.349213 0.727112
vt 0.300751 0.727112
vt 0.269501 0.800751
vt 0.238251 0.727112
vt 0.183594 0.727112
vt 0.058594 0.727112
vt 0.175751 0.727112
vt 0.089844 0.792969
vt 0.175751 0.800751
vt 0.175751 0.831879
vt 0.269501 0.850494
vt 0.349213 0.850494
vt 0.349213 0.792816
vt 0.009979 0.850494
vt 0.009979 0.792816
vt 0.009979 0.727112
vt 0.183594 0.792816
vt 0.183594 0.850494
vt 0.175751 0.850494
vt 0.066376 0.850494
vt 0.363251 0.009979
vt 0.308594 0.009979
vt 0.261719 0.009979
vt 0.009979 0.870239
vt 0.009979 0.989990
vt 0.064758 0.870239
vt 0.064758 0.989990
vt 0.121857 0.870239
vt 0.121857 0.989990
vt 0.242065 0.870239
vt 0.242065 0.989990
vt 0.370972 0.870239
vt 0.370972 0.989990
vt 0.521881 0.870239
vt 0.521881 0.989990
vt 0.586151 0.870239
vt 0.586151 0.989990
vt 0.650421 0.870239
vt 0.650421 0.989990
vt 0.815735 0.870239
vt 0.815735 0.989990
vt 0.927216 0.870239
vt 0.927216 0.989990
s 1
usemtl m_body021
f 1/1/1 2/2/2 3/3/3
f 3/3/3 2/2/2 4/4/4
f 3/3/3 4/4/4 5/5/5
f 5/5/5 4/4/4 6/6/6
f 5/5/5 6/6/6 7/7/7
f 7/7/7 6/6/6 8/8/8
f 9/5/9 10/9/10 11/3/11
f 11/3/11 10/9/10 12/10/12
f 11/3/11 12/10/12 13/1/1
f 13/1/1 12/10/12 14/11/13
f 13/1/1 14/11/13 15/12/14
f 16/2/2 17/13/15 18/4/16
f 18/4/16 17/13/15 19/14/17
f 18/4/16 19/14/17 20/6/18
f 20/6/18 19/14/17 21/15/19
f 20/6/18 21/15/19 22/8/20
f 22/8/20 21/15/19 23/16/21
f 22/8/20 23/16/21 24/17/22
f 24/17/22 23/16/21 25/18/23
f 24/17/22 25/18/23 26/19/13
f 27/20/24 28/21/25 29/22/26
f 30/23/27 31/24/28 32/22/26
f 32/22/26 31/24/28 33/25/29
f 32/22/26 33/25/29 34/20/30
f 35/26/28 36/27/27 37/28/31
f 37/28/31 36/27/27 38/29/32
f 37/28/31 38/29/32 39/30/33
f 39/30/33 38/29/32 40/31/34
f 39/30/33 40/31/34 41/32/35
f 41/32/35 40/31/34 42/33/36
f 41/32/35 42/33/36 43/34/37
f 43/34/37 42/33/36 44/35/24
f 45/36/38 46/37/39 47/38/40
f 48/39/41 49/40/42 50/41/43
f 51/42/44 52/43/45 53/44/46
f 54/45/47 55/46/48 56/47/49
f 57/48/50 58/49/51 59/50/52
f 59/50/52 58/49/51 60/51/53
f 61/52/54 62/53/55 63/54/56
f 63/54/56 62/53/55 64/55/57
f 63/54/56 64/55/57 65/56/58
f 66/37/59 67/36/60 68/57/61
f 69/58/62 70/59/63 71/60/64
f 71/60/64 70/59/63 72/61/65
f 71/60/64 72/61/65 73/62/66
f 74/63/67 75/64/68 76/65/69
f 73/62/66 77/66/70 71/60/64
f 71/60/64 77/66/70 78/67/71
f 71/60/64 78/67/71 69/58/62
f 69/58/62 78/67/71 79/68/72
f 80/69/73 81/70/74 82/71/75
f 83/72/76 84/73/77 85/69/78
f 86/50/52 87/52/79 88/48/80
f 88/48/80 87/52/79 63/54/56
f 88/48/80 63/54/56 89/57/61
f 89/57/61 63/54/56 90/56/81
f 89/57/61 90/56/81 91/37/39
f 91/37/39 90/56/81 92/74/82
f 91/37/39 92/74/82 93/63/83
f 93/63/83 92/74/82 94/75/84
f 93/63/83 94/75/84 75/64/85
f 95/53/86 96/39/87 64/55/57
f 64/55/57 96/39/87 50/41/88
f 64/55/57 50/41/88 65/56/58
f 65/56/58 50/41/88 97/76/89
f 65/56/58 97/76/89 98/74/90
f 98/74/90 97/76/89 99/77/91
f 98/74/90 99/77/91 100/75/92
f 101/44/46 102/70/74 103/78/93
f 103/78/93 102/70/74 104/69/94
f 103/78/93 104/69/94 105/79/95
f 105/79/95 104/69/94 106/73/96
f 105/79/95 106/73/96 107/80/97
f 108/80/98 109/81/99 110/79/100
f 110/79/100 109/81/99 111/82/101
f 110/79/100 111/82/101 112/78/93
f 112/78/93 111/82/101 113/42/44
f 112/78/93 113/42/44 53/44/46
f 79/68/72 114/83/102 69/58/62
f 69/58/62 114/83/102 115/84/103
f 69/58/62 115/84/103 70/59/63
f 70/59/63 115/84/103 116/85/104
f 70/59/63 116/85/104 72/61/65
f 49/40/42 48/39/41 117/86/105
f 117/86/105 48/39/41 62/53/55
f 117/86/105 62/53/55 118/87/106
f 118/87/106 62/53/55 61/52/54
f 118/87/106 61/52/54 119/88/107
f 119/88/107 61/52/54 120/50/108
f 119/88/107 120/50/108 121/89/109
f 121/89/109 120/50/108 122/51/110
f 121/89/109 122/51/110 123/90/111
f 123/90/111 122/51/110 124/91/112
f 123/90/111 124/91/112 125/92/113
f 114/83/102 126/38/114 115/84/103
f 115/84/103 126/38/114 127/37/115
f 115/84/103 127/37/115 116/85/104
f 116/85/104 127/37/115 74/63/67
f 116/85/104 74/63/67 72/61/65
f 72/61/65 74/63/67 76/65/69
f 72/61/65 76/65/69 73/62/66
f 73/62/66 76/65/69 128/47/116
f 73/62/66 128/47/116 77/66/70
f 77/66/70 128/47/116 129/46/48
f 77/66/70 129/46/48 78/67/71
f 78/67/71 129/46/48 130/93/111
f 78/67/71 130/93/111 79/68/72
f 79/68/72 130/93/111 131/94/113
f 132/43/117 133/42/118 134/95/119
f 134/95/119 133/42/118 135/82/101
f 134/95/119 135/82/101 136/90/120
f 136/90/120 135/82/101 137/81/121
f 136/90/120 137/81/121 138/89/122
f 138/89/122 137/81/121 107/80/97
f 138/89/122 107/80/97 139/88/123
f 139/88/123 107/80/97 106/73/96
f 139/88/123 106/73/96 140/87/106
f 140/87/106 106/73/96 141/72/76
f 140/87/106 141/72/76 142/86/105
f 142/86/105 141/72/76 104/69/73
f 142/86/105 104/69/73 143/40/42
f 143/40/42 104/69/73 144/71/124
f 143/40/42 144/71/124 145/41/43
f 146/8/8 147/96/125 148/7/126
f 149/70/127 150/97/128 151/71/129
f 152/9/130 153/5/5 154/98/131
f 150/97/128 155/99/132 156/100/133
f 156/100/133 155/99/132 157/101/134
f 156/100/133 157/101/134 158/102/135
f 158/102/135 157/101/134 159/103/136
f 158/102/135 159/103/136 160/11/137
f 147/96/125 146/8/8 161/104/138
f 161/104/138 146/8/8 162/17/139
f 161/104/138 162/17/139 163/105/140
f 163/105/140 162/17/139 164/19/13
f 163/105/140 164/19/13 165/106/141
f 150/97/128 149/70/127 155/99/132
f 155/99/132 149/70/127 166/44/142
f 155/99/132 166/44/142 157/101/134
f 157/101/134 166/44/142 167/43/45
f 157/101/134 167/43/45 159/103/136
f 168/107/143 147/96/125 169/108/144
f 169/108/144 147/96/125 161/104/138
f 169/108/144 161/104/138 170/109/145
f 170/109/145 161/104/138 163/105/140
f 170/109/145 163/105/140 171/110/146
f 171/110/146 163/105/140 165/106/141
f 171/110/146 165/106/141 172/111/47
f 173/77/147 168/107/143 174/75/92
f 174/75/92 168/107/143 169/108/144
f 174/75/92 169/108/144 175/64/85
f 175/64/85 169/108/144 170/109/145
f 175/64/85 170/109/145 176/65/69
f 176/65/69 170/109/145 171/110/146
f 176/65/69 171/110/146 177/47/148
f 177/47/148 171/110/146 172/111/47
f 153/5/5 148/7/126 154/98/131
f 154/98/131 148/7/126 147/96/125
f 154/98/131 147/96/125 178/112/149
f 178/112/149 147/96/125 168/107/143
f 178/112/149 168/107/143 179/113/150
f 179/113/150 168/107/143 173/77/147
f 160/11/137 180/10/151 158/102/135
f 158/102/135 180/10/151 152/9/130
f 158/102/135 152/9/130 156/100/133
f 156/100/133 152/9/130 154/98/131
f 156/100/133 154/98/131 150/97/128
f 150/97/128 154/98/131 178/112/149
f 150/97/128 178/112/149 151/71/129
f 151/71/129 178/112/149 179/113/150
f 151/71/129 179/113/150 181/41/88
f 181/41/88 179/113/150 173/77/147
f 181/41/88 173/77/147 182/76/152
f 183/12/153 184/11/154 185/1/155
f 186/6/156 187/13/157 188/4/158
f 188/4/158 187/13/157 189/2/159
f 188/4/158 189/2/159 190/3/160
f 190/3/160 189/2/159 185/1/155
f 190/3/160 185/1/155 191/10/161
f 191/10/161 185/1/155 192/11/162
f 193/8/163 194/6/164 195/7/165
f 195/7/165 194/6/164 196/4/158
f 195/7/165 196/4/158 197/5/166
f 197/5/166 196/4/158 198/3/167
f 197/5/166 198/3/167 199/9/168
f 199/9/168 198/3/167 200/10/161
f 201/19/162 202/18/169 203/17/170
f 203/17/170 202/18/169 204/16/171
f 203/17/170 204/16/171 205/8/172
f 205/8/172 204/16/171 206/15/173
f 205/8/172 206/15/173 207/6/174
f 207/6/174 206/15/173 208/14/175
f 207/6/174 208/14/175 209/13/157
f 210/33/176 211/34/177 212/35/178
f 213/22/179 214/21/180 215/20/178
f 216/20/181 217/25/182 218/22/179
f 218/22/179 217/25/182 219/24/183
f 218/22/179 219/24/183 220/23/184
f 221/34/185 222/33/176 223/32/186
f 223/32/186 222/33/176 224/31/187
f 223/32/186 224/31/187 225/30/188
f 225/30/188 224/31/187 226/29/189
f 225/30/188 226/29/189 227/28/190
f 227/28/190 226/29/189 228/27/184
f 227/28/190 228/27/184 229/26/183
f 230/58/191 231/59/192 232/84/193
f 233/93/194 234/68/195 235/94/196
f 236/48/197 237/50/198 238/49/199
f 238/49/199 237/50/198 239/51/200
f 240/56/201 241/55/202 242/54/203
f 242/54/203 241/55/202 243/53/204
f 242/54/203 243/53/204 244/52/205
f 245/57/206 246/36/207 247/37/208
f 247/37/208 246/36/207 248/38/209
f 249/65/210 250/64/211 251/63/212
f 252/68/195 253/67/213 230/58/191
f 231/59/192 230/58/191 254/60/214
f 254/60/214 230/58/191 253/67/213
f 254/60/214 253/67/213 255/66/215
f 256/71/216 257/70/217 258/69/218
f 259/69/219 260/73/96 261/72/220
f 262/47/221 263/46/222 264/45/223
f 265/64/224 266/75/225 267/63/226
f 267/63/226 266/75/225 268/74/227
f 267/63/226 268/74/227 269/37/208
f 269/37/208 268/74/227 270/56/228
f 269/37/208 270/56/228 271/57/229
f 271/57/229 270/56/228 272/54/203
f 271/57/229 272/54/203 273/48/230
f 273/48/230 272/54/203 274/52/231
f 273/48/230 274/52/231 275/50/198
f 255/66/215 276/62/232 254/60/214
f 254/60/214 276/62/232 277/61/233
f 254/60/214 277/61/233 231/59/192
f 231/59/192 277/61/233 278/85/234
f 231/59/192 278/85/234 232/84/193
f 279/75/235 280/77/236 281/74/237
f 281/74/237 280/77/236 282/76/238
f 281/74/237 282/76/238 283/56/239
f 283/56/239 282/76/238 284/41/240
f 283/56/239 284/41/240 285/55/202
f 285/55/202 284/41/240 286/39/241
f 285/55/202 286/39/241 287/53/242
f 288/80/243 260/73/96 289/79/244
f 289/79/244 260/73/96 259/69/219
f 289/79/244 259/69/219 290/78/245
f 290/78/245 259/69/219 291/70/217
f 290/78/245 291/70/217 292/44/246
f 293/44/247 294/42/248 295/78/245
f 295/78/245 294/42/248 296/82/249
f 295/78/245 296/82/249 297/79/250
f 297/79/250 296/82/249 298/81/251
f 297/79/250 298/81/251 299/80/243
f 300/92/252 301/91/253 302/90/194
f 302/90/194 301/91/253 303/51/254
f 302/90/194 303/51/254 304/89/255
f 304/89/255 303/51/254 305/50/256
f 304/89/255 305/50/256 306/88/257
f 306/88/257 305/50/256 244/52/205
f 306/88/257 244/52/205 307/87/258
f 307/87/258 244/52/205 243/53/204
f 307/87/258 243/53/204 308/86/259
f 308/86/259 243/53/204 309/39/260
f 308/86/259 309/39/260 310/40/261
f 310/40/261 309/39/260 311/41/262
f 312/41/263 313/71/216 314/40/261
f 314/40/261 313/71/216 315/69/264
f 314/40/261 315/69/264 316/86/128
f 316/86/128 315/69/264 317/72/265
f 316/86/128 317/72/265 318/87/258
f 318/87/258 317/72/265 319/73/96
f 318/87/258 319/73/96 320/88/257
f 320/88/257 319/73/96 299/80/243
f 320/88/257 299/80/243 321/89/266
f 321/89/266 299/80/243 298/81/251
f 321/89/266 298/81/251 322/90/267
f 322/90/267 298/81/251 296/82/249
f 322/90/267 296/82/249 323/95/268
f 323/95/268 296/82/249 324/42/248
f 323/95/268 324/42/248 325/43/269
f 325/43/269 324/42/248 326/44/247
f 252/68/195 327/93/194 253/67/213
f 253/67/213 327/93/194 328/46/222
f 253/67/213 328/46/222 255/66/215
f 255/66/215 328/46/222 329/47/270
f 255/66/215 329/47/270 276/62/232
f 276/62/232 329/47/270 330/65/210
f 276/62/232 330/65/210 277/61/233
f 277/61/233 330/65/210 331/63/212
f 277/61/233 331/63/212 278/85/234
f 278/85/234 331/63/212 332/37/271
f 278/85/234 332/37/271 232/84/193
f 232/84/193 332/37/271 333/38/272
f 232/84/193 333/38/272 230/58/191
f 230/58/191 333/38/272 334/83/273
f 230/58/191 334/83/273 252/68/195
f 335/71/274 336/97/105 337/70/275
f 337/70/275 336/97/105 338/99/276
f 337/70/275 338/99/276 339/44/247
f 340/112/277 341/113/278 342/107/279
f 342/107/279 341/113/278 343/77/280
f 342/107/279 343/77/280 344/75/235
f 345/9/281 346/10/282 347/102/283
f 347/102/283 346/10/282 348/11/162
f 347/102/283 348/11/162 349/103/284
f 350/108/285 351/64/286 352/109/287
f 352/109/287 351/64/286 353/65/210
f 352/109/287 353/65/210 354/110/288
f 354/110/288 353/65/210 355/47/289
f 354/110/288 355/47/289 356/111/223
f 357/76/290 343/77/280 358/41/240
f 358/41/240 343/77/280 341/113/278
f 358/41/240 341/113/278 335/71/274
f 335/71/274 341/113/278 340/112/277
f 335/71/274 340/112/277 336/97/105
f 356/111/223 359/106/291 354/110/288
f 354/110/288 359/106/291 360/105/292
f 354/110/288 360/105/292 352/109/287
f 352/109/287 360/105/292 361/104/293
f 352/109/287 361/104/293 350/108/285
f 350/108/285 361/104/293 362/96/294
f 363/98/295 345/9/281 364/100/296
f 364/100/296 345/9/281 347/102/283
f 364/100/296 347/102/283 365/101/297
f 365/101/297 347/102/283 349/103/284
f 365/101/297 349/103/284 366/43/269
f 359/106/291 367/19/162 360/105/292
f 360/105/292 367/19/162 368/17/298
f 360/105/292 368/17/298 361/104/293
f 361/104/293 368/17/298 369/8/299
f 361/104/293 369/8/299 362/96/294
f 362/96/294 369/8/299 370/7/300
f 362/96/294 370/7/300 363/98/295
f 363/98/295 370/7/300 371/5/301
f 363/98/295 371/5/301 345/9/281
f 366/43/269 339/44/247 365/101/297
f 365/101/297 339/44/247 338/99/276
f 365/101/297 338/99/276 364/100/296
f 364/100/296 338/99/276 336/97/105
f 364/100/296 336/97/105 363/98/295
f 363/98/295 336/97/105 340/112/277
f 363/98/295 340/112/277 362/96/294
f 362/96/294 340/112/277 342/107/279
f 362/96/294 342/107/279 350/108/285
f 350/108/285 342/107/279 344/75/235
f 350/108/285 344/75/235 351/64/286
f 372/114/302 373/34/303 374/35/30
f 375/115/304 376/116/305 377/117/306
f 378/118/307 379/119/308 380/120/309
f 379/119/308 381/121/310 380/120/309
f 382/122/311 383/123/312 384/124/313
f 385/125/314 386/126/315 387/127/316
f 387/127/316 386/126/315 388/128/317
f 374/35/30 389/129/318 372/114/302
f 372/114/302 389/129/318 390/130/319
f 391/131/320 392/132/321 393/133/322
f 393/133/322 392/132/321 394/134/323
f 395/135/324 375/115/304 396/136/325
f 396/136/325 375/115/304 397/137/326
f 398/138/327 399/139/328 400/140/329
f 401/141/325 402/142/330 403/143/329
f 404/144/331 405/145/332 406/146/333
f 378/118/307 407/147/334 408/148/335
f 408/148/335 407/147/334 409/149/336
f 404/144/331 410/150/337 405/145/332
f 405/145/332 410/150/337 411/151/338
f 405/145/332 411/151/338 383/123/312
f 387/127/316 412/26/339 385/125/314
f 385/125/314 412/26/339 413/28/31
f 385/125/314 413/28/31 414/152/340
f 414/152/340 413/28/31 415/30/341
f 416/32/35 373/34/303 417/153/342
f 373/34/303 372/114/302 417/153/342
f 417/153/342 372/114/302 390/130/319
f 417/153/342 390/130/319 418/154/343
f 419/155/344 420/156/328 421/157/345
f 421/157/345 420/156/328 422/158/346
f 421/157/345 422/158/346 423/159/347
f 423/159/347 422/158/346 424/160/348
f 399/139/349 425/138/350 426/161/351
f 426/161/351 425/138/350 427/162/352
f 428/163/347 429/164/353 430/165/354
f 430/165/354 429/164/353 427/162/352
f 430/165/354 427/162/352 398/138/327
f 376/116/305 375/115/304 406/146/333
f 406/146/333 375/115/304 395/135/324
f 406/146/333 395/135/324 404/144/331
f 404/144/331 395/135/324 396/136/325
f 404/144/331 396/136/325 431/166/337
f 379/119/308 378/118/307 432/167/355
f 432/167/355 378/118/307 408/148/335
f 432/167/355 408/148/335 433/25/29
f 433/25/29 408/148/335 434/168/318
f 433/25/29 434/168/318 435/20/24
f 381/121/310 379/119/308 436/169/356
f 436/169/356 379/119/308 432/167/355
f 436/169/356 432/167/355 437/170/357
f 437/170/357 432/167/355 433/25/29
f 437/170/357 433/25/29 438/24/358
f 439/171/359 401/141/325 440/172/360
f 440/172/360 401/141/325 403/143/329
f 440/172/360 403/143/329 409/149/336
f 409/149/336 403/143/329 420/156/328
f 409/149/336 420/156/328 408/148/335
f 408/148/335 420/156/328 419/155/344
f 408/148/335 419/155/344 434/168/318
f 383/123/312 382/122/311 405/145/332
f 405/145/332 382/122/311 441/173/361
f 405/145/332 441/173/361 406/146/333
f 406/146/333 441/173/361 398/138/327
f 406/146/333 398/138/327 376/116/305
f 376/116/305 398/138/327 400/140/329
f 376/116/305 400/140/329 377/117/306
f 442/174/347 443/175/348 429/164/353
f 429/164/353 443/175/348 444/176/362
f 429/164/353 444/176/362 427/162/352
f 427/162/352 444/176/362 445/177/363
f 427/162/352 445/177/363 426/161/351
f 394/134/323 388/128/317 393/133/322
f 393/133/322 388/128/317 386/126/315
f 393/133/322 386/126/315 391/131/320
f 391/131/320 386/126/315 385/125/314
f 391/131/320 385/125/314 384/124/313
f 384/124/313 385/125/314 414/152/340
f 384/124/313 414/152/340 382/122/311
f 382/122/311 414/152/340 415/30/341
f 382/122/311 415/30/341 441/173/361
f 441/173/361 415/30/341 416/32/35
f 441/173/361 416/32/35 398/138/327
f 398/138/327 416/32/35 417/153/342
f 398/138/327 417/153/342 430/165/354
f 430/165/354 417/153/342 418/154/343
f 430/165/354 418/154/343 428/163/347
f 446/48/50 447/178/364 448/49/51
f 447/178/364 446/48/50 449/57/61
f 450/91/365 451/51/53 452/179/366
f 452/179/366 451/51/53 448/49/51
f 452/179/366 448/49/51 453/180/367
f 453/180/367 448/49/51 447/178/364
f 454/181/368 455/182/369 456/183/370
f 456/183/370 455/182/369 457/184/371
f 456/183/370 457/184/371 458/185/372
f 459/186/373 460/187/374 461/188/375
f 461/188/375 460/187/374 462/189/376
f 461/188/375 462/189/376 463/190/377
f 464/191/378 465/192/379 456/183/370
f 456/183/370 465/192/379 466/193/380
f 456/183/370 466/193/380 454/181/368
f 467/194/381 468/195/382 461/188/375
f 461/188/375 468/195/382 469/196/383
f 461/188/375 469/196/383 459/186/373
f 458/185/372 470/197/384 456/183/370
f 456/183/370 470/197/384 471/198/385
f 456/183/370 471/198/385 464/191/378
f 463/190/377 472/199/386 461/188/375
f 461/188/375 472/199/386 473/200/387
f 461/188/375 473/200/387 467/194/381
f 474/38/114 475/201/388 476/36/60
f 476/36/60 475/201/388 477/202/389
f 476/36/60 477/202/389 449/57/61
f 449/57/61 477/202/389 478/203/390
f 449/57/61 478/203/390 447/178/364
f 479/204/391 480/205/392 481/206/382
f 481/206/382 480/205/392 482/207/384
f 481/206/382 482/207/384 483/208/393
f 483/208/393 482/207/384 484/209/394
f 483/208/393 484/209/394 485/210/395
f 485/210/395 484/209/394 486/211/396
f 485/210/395 486/211/396 487/212/374
f 487/212/374 486/211/396 488/213/397
f 487/212/374 488/213/397 489/214/376
f 489/214/376 488/213/397 490/215/398
f 489/214/376 490/215/398 491/216/377
f 491/216/377 490/215/398 492/217/399
f 491/216/377 492/217/399 493/218/400
f 493/218/400 492/217/399 494/219/401
f 493/218/400 494/219/401 495/220/402
f 495/220/402 494/219/401 496/221/403
f 495/220/402 496/221/403 497/222/381
f 497/222/381 496/221/403 498/223/404
f 499/129/405 500/114/406 501/130/407
f 502/132/408 503/133/409 504/134/410
f 505/158/411 506/159/412 507/160/413
f 508/162/414 509/177/415 510/176/416
f 511/136/417 512/144/418 513/166/419
f 511/136/417 514/137/420 515/115/421
f 516/123/422 517/151/423 518/145/424
f 500/114/406 499/129/405 519/35/181
f 503/133/409 502/132/408 520/131/425
f 521/143/426 522/142/427 523/141/417
f 524/118/428 525/148/429 526/147/430
f 526/147/430 525/148/429 527/149/431
f 528/30/432 529/28/433 530/152/434
f 530/152/434 529/28/433 531/125/435
f 517/151/423 532/150/419 518/145/424
f 518/145/424 532/150/419 512/144/418
f 518/145/424 512/144/418 533/146/436
f 533/146/436 512/144/418 534/135/437
f 535/128/438 536/126/439 537/127/440
f 537/127/440 536/126/439 531/125/435
f 537/127/440 531/125/435 538/26/441
f 538/26/441 531/125/435 529/28/433
f 515/115/421 539/117/442 540/116/443
f 540/116/443 539/117/442 541/140/426
f 542/153/444 543/34/177 544/32/186
f 545/154/445 501/130/407 542/153/444
f 542/153/444 501/130/407 500/114/406
f 542/153/444 500/114/406 543/34/177
f 543/34/177 500/114/406 519/35/181
f 546/165/446 547/164/447 548/163/412
f 506/159/412 505/158/411 549/157/448
f 549/157/448 505/158/411 550/156/449
f 549/157/448 550/156/449 551/155/450
f 509/177/415 508/162/414 552/161/451
f 552/161/451 508/162/414 553/138/452
f 552/161/451 553/138/452 554/139/453
f 555/124/454 516/123/422 556/122/455
f 556/122/455 516/123/422 518/145/424
f 556/122/455 518/145/424 557/173/456
f 557/173/456 518/145/424 533/146/436
f 557/173/456 533/146/436 558/138/457
f 559/20/178 560/168/405 561/25/182
f 561/25/182 560/168/405 525/148/429
f 561/25/182 525/148/429 562/167/458
f 562/167/458 525/148/429 524/118/428
f 562/167/458 524/118/428 563/119/459
f 563/119/459 524/118/428 564/120/460
f 565/24/183 561/25/182 566/170/461
f 566/170/461 561/25/182 562/167/458
f 566/170/461 562/167/458 567/169/462
f 567/169/462 562/167/458 563/119/459
f 567/169/462 563/119/459 568/121/463
f 568/121/463 563/119/459 564/120/460
f 560/168/405 551/155/450 525/148/429
f 525/148/429 551/155/450 550/156/449
f 525/148/429 550/156/449 527/149/431
f 527/149/431 550/156/449 521/143/426
f 527/149/431 521/143/426 569/172/464
f 569/172/464 521/143/426 523/141/417
f 569/172/464 523/141/417 570/171/465
f 512/144/418 511/136/417 534/135/437
f 534/135/437 511/136/417 515/115/421
f 534/135/437 515/115/421 533/146/436
f 533/146/436 515/115/421 540/116/443
f 533/146/436 540/116/443 558/138/457
f 558/138/457 540/116/443 541/140/426
f 558/138/457 541/140/426 554/139/466
f 571/175/467 572/174/468 510/176/416
f 510/176/416 572/174/468 547/164/447
f 510/176/416 547/164/447 508/162/414
f 508/162/414 547/164/447 546/165/446
f 508/162/414 546/165/446 558/138/457
f 548/163/412 545/154/445 546/165/446
f 546/165/446 545/154/445 542/153/444
f 546/165/446 542/153/444 558/138/457
f 558/138/457 542/153/444 544/32/186
f 558/138/457 544/32/186 557/173/456
f 557/173/456 544/32/186 528/30/432
f 557/173/456 528/30/432 556/122/455
f 556/122/455 528/30/432 530/152/434
f 556/122/455 530/152/434 555/124/454
f 555/124/454 530/152/434 531/125/435
f 555/124/454 531/125/435 520/131/425
f 520/131/425 531/125/435 536/126/439
f 520/131/425 536/126/439 503/133/409
f 503/133/409 536/126/439 535/128/438
f 503/133/409 535/128/438 504/134/410
f 573/49/199 574/180/469 575/178/470
f 576/221/471 577/222/472 578/223/473
f 579/185/474 580/184/475 581/183/375
f 581/183/375 580/184/475 582/182/476
f 581/183/375 582/182/476 583/181/477
f 584/190/478 585/189/479 586/188/370
f 586/188/370 585/189/479 587/187/480
f 586/188/370 587/187/480 588/186/481
f 583/181/477 589/193/482 581/183/375
f 581/183/375 589/193/482 590/192/483
f 581/183/375 590/192/483 591/191/484
f 588/186/481 592/196/485 586/188/370
f 586/188/370 592/196/485 593/195/486
f 586/188/370 593/195/486 594/194/487
f 591/191/484 595/198/488 581/183/375
f 581/183/375 595/198/488 596/197/489
f 581/183/375 596/197/489 579/185/474
f 594/194/487 597/200/490 586/188/370
f 586/188/370 597/200/490 598/199/491
f 586/188/370 598/199/491 584/190/478
f 599/57/229 600/48/230 575/178/470
f 575/178/470 600/48/230 573/49/199
f 574/180/469 573/49/199 601/179/492
f 601/179/492 573/49/199 602/51/200
f 601/179/492 602/51/200 603/91/493
f 575/178/470 604/203/494 599/57/229
f 599/57/229 604/203/494 605/202/495
f 599/57/229 605/202/495 606/36/207
f 606/36/207 605/202/495 607/201/496
f 606/36/207 607/201/496 608/38/272
f 577/222/472 576/221/471 609/220/497
f 609/220/497 576/221/471 610/219/498
f 609/220/497 610/219/498 611/218/499
f 611/218/499 610/219/498 612/217/500
f 611/218/499 612/217/500 613/216/478
f 613/216/478 612/217/500 614/215/477
f 613/216/478 614/215/477 615/214/501
f 615/214/501 614/215/477 616/213/502
f 615/214/501 616/213/502 617/212/480
f 617/212/480 616/213/502 618/211/503
f 617/212/480 618/211/503 619/210/504
f 619/210/504 618/211/503 620/209/505
f 619/210/504 620/209/505 621/208/506
f 621/208/506 620/209/505 622/207/489
f 621/208/506 622/207/489 623/206/507
f 623/206/507 622/207/489 624/205/508
f 623/206/507 624/205/508 625/204/509
o editpl_m-0000-67
v 3.188721 39.059883 1.607268
v 10.625459 41.039227 -1.396558
v 6.390989 42.102802 -2.406053
v 6.390989 42.102802 -2.406053
v 4.995754 44.204247 -7.966868
v 4.234470 47.706654 -6.380520
v 8.907830 38.529701 2.984396
v 1.137862 37.086967 5.625820
v 7.913556 37.504684 4.390665
v 1.062004 32.177170 8.749949
v 9.861467 28.472328 9.888714
v -1.170372 37.909550 3.813811
v 0.000000 37.649281 4.091777
v 0.000000 38.025227 3.239198
v 1.145989 37.909550 3.813811
v 2.771506 42.944664 1.925584
v 3.188721 39.059883 1.607268
v 5.732655 45.203556 -1.206017
v 6.390989 42.102802 -2.406053
v 4.234470 47.706654 -6.380520
v 7.033068 38.240513 -12.105722
v 10.476454 42.019257 -5.456207
v 11.554713 39.198051 -9.507637
v 17.244020 31.997229 -11.040186
v 18.427938 25.233404 -7.138947
v 15.984245 25.834276 -10.526845
v 10.934307 27.132416 -12.776726
v 7.065578 34.262547 -13.233278
v 11.262120 35.004803 -11.687279
v -1.273321 34.272186 -13.490322
v -5.580940 38.709644 -11.878568
v 0.000000 39.551506 -12.119920
v 10.476454 42.019257 -5.456207
v 7.033068 38.240513 -12.105722
v 4.995754 44.204247 -7.966868
v 0.000000 45.017193 -9.390324
v 0.000000 48.326805 -8.515328
v -5.020137 44.204247 -7.966868
v -4.258853 47.706654 -6.380520
v 10.934307 27.132416 -12.776726
v 17.244020 31.997229 -11.040186
v 16.076359 37.697479 -9.660069
v 14.968297 40.695412 -6.463460
v 7.114344 28.456261 -14.136667
v 1.248938 34.169365 -13.490322
v 0.000000 39.551506 -12.119920
v 0.000000 45.017193 -9.390324
v -5.580940 38.709644 -11.878568
v -5.020137 44.204247 -7.966868
v -6.632107 43.526257 -7.014163
v 5.215199 39.725021 2.589863
v 3.031588 37.719971 5.428554
v 3.592391 37.077328 5.803659
v 0.923835 36.800991 6.653248
v 1.043040 35.772762 7.239069
v -1.170372 37.909550 3.813811
v -4.548737 38.793186 2.191595
v -3.570718 37.244415 5.178982
v -6.225728 39.381207 2.589863
v -3.592391 37.077328 5.803659
v -3.031588 37.719971 5.428554
v -1.043040 35.772762 7.239069
v -0.923835 36.800991 6.653248
v -5.849150 50.261162 -1.105890
v -3.998771 51.119091 -6.059962
v -5.757037 45.203556 -1.206017
v -4.258853 47.706654 -6.380520
v -6.412662 42.102802 -2.406053
v -5.020137 44.204247 -7.966868
v -6.632107 43.526257 -7.014163
v -3.031588 37.719971 5.428554
v -5.215199 39.725021 2.589863
v -6.225728 39.381207 2.589863
v -6.916573 42.710098 -2.246148
v -8.035470 42.157425 -2.199073
v -5.258546 44.991486 -8.194771
v -5.805803 44.213886 -8.562404
v 0.000000 45.663048 -10.061328
v 0.000000 44.769772 -10.531330
v 5.258546 44.991486 -8.194771
v 5.805803 44.213886 -8.562404
v 6.916573 42.710098 -2.246148
v 8.035470 42.157425 -2.199073
v 5.215199 39.725021 2.589863
v 6.225728 39.381207 2.589863
v 3.592391 37.077328 5.803659
v -6.412662 42.102802 -2.406053
v -4.548737 38.793186 2.191595
v -3.213104 39.059883 1.607268
v -1.170372 37.909550 3.813811
v -2.793179 42.944664 1.925584
v 0.000000 38.025227 3.239198
v 0.000000 42.353432 3.894510
v 2.771506 42.944664 1.925584
v 4.226343 46.414940 0.256293
v 5.732655 45.203556 -1.206017
v 5.824767 50.261162 -1.105890
v 3.974388 51.119091 -6.059962
v 0.000000 36.842762 7.163600
v 0.000000 35.840240 7.583538
v 0.923835 36.800991 6.653248
v 1.043040 35.772762 7.239069
v -1.043040 35.772762 7.239069
v -1.904563 34.561378 8.015432
v 0.000000 35.409668 9.506885
v 0.000000 29.783321 11.119387
v 1.904563 34.561378 8.015432
v -9.208551 42.613705 -6.068928
v -6.632107 43.526257 -7.014163
v -8.669421 38.934566 -10.266066
v -5.580940 38.709644 -11.878568
v -6.171544 34.677055 -13.168270
v 0.000000 32.781254 -14.270420
v 0.000000 29.548756 -14.288353
v 1.043040 35.772762 7.239069
v 0.000000 35.409668 9.506885
v 0.000000 35.840240 7.583538
v -1.043040 35.772762 7.239069
v 0.000000 36.842762 7.163600
v -0.923835 36.800991 6.653248
v 10.625459 41.039227 -1.396558
v 3.188721 39.059883 1.607268
v 8.907830 38.529701 2.984396
v 1.145989 37.909550 3.813811
v 1.137862 37.086967 5.625820
v 0.000000 37.649281 4.091777
v 0.000000 36.759220 5.146105
v -1.170372 37.909550 3.813811
v -1.162244 37.086967 5.625820
v -3.570718 37.244415 5.178982
v 1.062004 32.177170 8.749949
v -6.965338 37.504684 4.390665
v -13.093535 38.645378 3.130104
v -13.025805 34.548527 5.807395
v -13.093535 38.645378 3.130104
v -6.965338 37.504684 4.390665
v -13.881911 40.229496 -0.626174
v -8.815718 41.215954 -1.396558
v -9.208551 42.613705 -6.068928
v -14.989971 40.695412 -6.463460
v -11.576386 39.198051 -9.507637
v -16.100740 37.697479 -9.660069
v -11.283793 35.004803 -11.687279
v -17.268402 31.997229 -11.040186
v -6.632107 43.526257 -7.014163
v -9.208551 42.613705 -6.068928
v -6.412662 42.102802 -2.406053
v -8.815718 41.215954 -1.396558
v -4.548737 38.793186 2.191595
v -6.965338 37.504684 4.390665
v -3.570718 37.244415 5.178982
v -5.613450 35.518917 5.622831
v 1.062004 32.177170 8.749949
v 0.000000 29.988968 9.872275
v 8.693804 26.133106 11.271820
v -6.171544 34.677055 -13.168270
v -11.283793 35.004803 -11.687279
v -8.669421 38.934566 -10.266066
v -11.576386 39.198051 -9.507637
v -9.208551 42.613705 -6.068928
v -14.989971 40.695412 -6.463460
v -13.881911 40.229496 -0.626174
v 7.060160 5.661691 -7.098596
v 6.949083 0.048197 -6.963348
v 4.237180 0.048197 -8.247073
v 11.562840 0.048198 -5.935173
v 6.949083 0.048197 -6.963348
v 11.465309 5.083312 -5.267906
v 7.060160 5.661691 -7.098596
v 12.687156 10.388335 -5.031037
v 10.072784 12.476926 -7.945197
v 14.253070 16.840479 -5.284346
v 4.237180 0.048197 -8.247073
v 4.619176 5.607066 -8.064004
v 7.060160 5.661691 -7.098596
v 7.092670 12.769329 -8.136485
v 10.842195 16.638044 -7.945198
v -16.523375 18.569189 -0.966157
v -16.195562 14.363086 -0.162895
v -14.840965 15.580896 4.629777
v -14.082391 3.923340 4.389173
v -11.140206 8.344729 7.339200
v -13.098954 10.105572 4.132876
v -15.355712 -0.257057 4.387679
v -12.941820 -0.520540 7.002951
v -10.861159 10.651820 8.392033
v -11.711846 15.394531 8.528774
v -14.605265 15.266001 3.727135
v -5.014718 13.415186 -10.447638
v -6.786531 20.824867 -12.991925
v -0.010837 13.411973 -10.844412
v -2.132136 21.586401 -13.804901
v 0.000000 21.586401 -12.877600
v -14.567337 10.179476 -1.336779
v -11.140206 8.344729 7.339200
v -14.082391 3.923340 4.389173
v -10.365377 3.637364 8.251556
v -10.546893 -0.674775 8.607980
v 2.124008 0.048197 -8.831399
v -0.010837 0.048197 -8.197009
v 1.297704 5.607066 -8.956932
v -2.790470 13.791133 -10.244394
v -0.010837 13.791133 -9.503152
v 0.021674 5.607066 -8.069982
v 2.766087 13.791133 -10.244394
v -7.336498 3.534541 10.101674
v -7.062869 -0.748679 10.080752
v -4.692324 3.672710 11.148530
v -5.071611 -0.906127 11.568468
v -0.010837 -0.928619 12.243955
v -5.014718 13.415186 -10.447638
v -9.474052 20.365379 -11.158993
v -6.786531 20.824867 -12.991925
v -10.685062 27.408751 -12.692290
v -7.138726 28.456261 -14.136667
v -11.283793 35.004803 -11.687279
v -6.171544 34.677055 -13.168270
v -15.355712 -0.257057 4.387679
v -13.927967 4.704152 -1.254583
v -11.660371 5.083312 -5.267906
v -12.711539 10.388335 -5.031037
v -7.173946 5.661691 -7.098596
v -10.097166 12.476926 -7.945197
v -7.117053 12.769329 -8.136485
v -4.692324 5.607066 -8.064004
v -1.251648 5.607066 -8.956932
v -10.861159 10.651820 8.392033
v -9.541782 9.842089 8.750698
v -7.653473 12.043144 10.411770
v -7.336498 3.534541 10.101674
v -4.592084 7.374337 11.793380
v -4.692324 3.672710 11.148530
v 0.021674 3.380307 11.097719
v -0.010837 -0.928619 12.243955
v 4.738380 3.672710 11.148530
v -16.195562 14.363086 -0.162895
v -16.523375 18.569189 -0.966157
v -14.751562 13.450532 -4.851704
v -16.114286 18.668798 -4.678349
v -11.963801 13.125996 -7.945197
v -14.185340 19.484957 -9.806524
v -9.474052 20.365379 -11.158993
v -16.008629 25.834276 -10.526845
v -10.685062 27.408751 -12.692290
v -17.268402 31.997229 -11.040186
v -11.283793 35.004803 -11.687279
v 2.766087 13.791133 -10.244394
v 1.297704 5.607066 -8.956932
v -2.148391 0.048197 -8.831399
v -4.258853 0.048197 -8.247073
v -6.973466 0.048197 -6.963348
v -11.587223 0.048198 -5.935173
v -14.515862 0.048198 -1.506397
v 4.237180 0.048197 -8.247073
v 4.619176 5.607066 -8.064004
v 7.092670 12.769329 -8.136485
v 2.977404 17.952251 -9.903662
v -0.010837 17.952251 -9.503152
v -3.001787 17.952251 -9.903662
v -10.863868 16.638044 -7.945198
v -14.277453 16.840479 -5.284346
v -16.263292 18.154684 -1.175379
v -10.861159 10.651820 8.392033
v -9.541782 9.842089 8.750698
v -10.365377 3.637364 8.251556
v -7.336498 3.534541 10.101674
v -7.062869 -0.748679 10.080752
v -18.915592 30.197826 6.893106
v -25.414949 33.256809 4.049932
v -19.205477 28.420918 5.314978
v -12.148026 22.100517 9.585343
v -13.971314 22.328655 6.458225
v -11.673917 19.745228 9.554708
v -14.840965 15.580896 4.629777
v -14.551082 19.918741 4.048440
v -16.523375 18.569189 -0.966157
v -14.551082 19.918741 4.048440
v -14.840965 15.580896 4.629777
v -11.589932 16.554501 10.020973
v -2.229667 24.259800 12.815578
v 0.000000 29.988968 9.872275
v -7.499049 24.230881 12.305225
v -10.064656 22.270817 10.886254
v -12.148026 22.100517 9.585343
v -11.673917 19.745228 9.554708
v -16.008629 25.834276 -10.526845
v -19.002287 25.750732 -7.138947
v -17.268402 31.997229 -11.040186
v -35.344147 31.116808 -5.703537
v -25.577501 30.030741 -7.396739
v -25.355349 30.425966 -1.735048
v -25.414949 33.256809 4.049932
v -18.915592 30.197826 6.893106
v -22.388781 33.944439 5.261178
v -17.092306 34.352516 5.738652
v -18.222040 39.959583 1.823962
v -35.344147 31.116808 -5.703537
v -35.344147 32.636662 -8.120048
v -25.577501 30.030741 -7.396739
v -27.370989 32.771614 -8.789557
v -21.567894 32.392456 -9.920103
v -13.025805 34.548527 5.807395
v -18.915592 30.197826 6.893106
v -15.848786 27.758993 8.672239
v -19.205477 28.420918 5.314978
v -16.685926 26.190945 7.103076
v -17.279240 25.657549 2.616017
v -16.008629 25.834276 -10.526845
v -14.185340 19.484957 -9.806524
v -19.002287 25.750732 -7.138947
v -16.114286 18.668798 -4.678349
v -18.346663 24.879950 -1.638657
v -17.279240 25.657549 2.616017
v -14.551082 19.918741 4.048440
v -13.971314 22.328655 6.458225
v -12.148026 22.100517 9.585343
v -13.632665 23.485415 9.273005
v -10.064656 22.270817 10.886254
v -12.421655 25.034185 10.660593
v -7.499049 24.230881 12.305225
v -9.845211 29.294912 10.313883
v 0.000000 29.988968 9.872275
v -5.613450 35.518917 5.622831
v -17.279240 25.657549 2.616017
v -20.538401 29.349537 0.165134
v -18.346663 24.879950 -1.638657
v -19.858393 27.652958 -5.007127
v -19.002287 25.750732 -7.138947
v -19.590183 28.083529 -9.043612
v -17.268402 31.997229 -11.040186
v -17.279240 25.657549 2.616017
v -20.538401 29.349537 0.165134
v -26.682854 31.634136 2.497209
v -35.344147 33.716301 4.307724
v -35.344147 31.955458 0.600016
v -11.589932 16.554501 10.020973
v -11.673917 19.745228 9.554708
v -14.551082 19.918741 4.048440
v -13.971314 22.328655 6.458225
v -17.279240 25.657549 2.616017
v -13.632665 23.485415 9.273005
v -16.685926 26.190945 7.103076
v -12.421655 25.034185 10.660593
v -15.848786 27.758993 8.672239
v -9.845211 29.294912 10.313883
v -13.025805 34.548527 5.807395
v -6.965338 37.504684 4.390665
v -13.025805 34.548527 5.807395
v -17.092306 34.352516 5.738652
v -17.002901 39.654327 2.018240
v -18.222040 39.959583 1.823962
v -16.967684 40.682560 -1.696194
v -18.341244 41.113129 -1.809024
v -17.696457 40.660065 -6.352872
v -18.688021 40.669704 -6.142903
v -19.064598 37.835648 -9.030910
v -22.031166 37.954536 -8.401751
v -21.567894 32.392456 -9.920103
v -24.369202 37.488621 -8.220176
v -27.370989 32.771614 -8.789557
v -29.774042 37.324745 -8.845599
v -35.344147 34.937325 -8.860544
v -20.538401 29.349537 0.165134
v -25.355349 30.425966 -1.735048
v -19.858393 27.652958 -5.007127
v -25.577501 30.030741 -7.396739
v -19.590183 28.083529 -9.043612
v -21.567894 32.392456 -9.920103
v -17.268402 31.997229 -11.040186
v -19.064598 37.835648 -9.030910
v -16.100740 37.697479 -9.660069
v -17.696457 40.660065 -6.352872
v -14.989971 40.695412 -6.463460
v -16.967684 40.682560 -1.696194
v -13.881911 40.229496 -0.626174
v -17.002901 39.654327 2.018240
v -13.093535 38.645378 3.130104
v -13.025805 34.548527 5.807395
v 0.000000 29.548756 -14.288353
v -7.138726 28.456261 -14.136667
v -6.171544 34.677055 -13.168270
v -2.229667 24.259800 12.815578
v 0.000000 23.781031 12.211076
v 0.000000 29.988968 9.872275
v 2.205284 24.259800 12.815578
v 8.693804 26.133106 11.271820
v -11.733520 19.510662 8.247818
v -16.263292 18.154684 -1.175379
v -14.605265 15.266001 3.727135
v 4.995754 44.204247 -7.966868
v 6.390989 42.102802 -2.406053
v 10.476454 42.019257 -5.456207
v 10.625459 41.039227 -1.396558
v 13.860237 40.229496 -0.626174
v 8.907830 38.529701 2.984396
v 13.069152 38.645378 3.130104
v 7.913556 37.504684 4.390665
v 13.004132 34.548527 5.807395
v 9.861467 28.472328 9.888714
v 15.120012 27.196680 9.081717
v 15.255472 23.282982 -9.486714
v 14.185340 19.484957 -9.806524
v 9.474052 20.365379 -11.158993
v 17.257566 25.657549 2.616017
v 16.098030 23.424362 3.090502
v 17.940283 22.560007 -1.380118
v 7.474667 24.230881 12.305225
v 12.397272 25.034185 10.660593
v 8.693804 26.133106 11.271820
v 14.529408 19.918741 4.048440
v 13.949640 22.328655 6.458225
v 11.649535 19.745228 9.554708
v 15.255472 23.282982 -9.486714
v 9.474052 20.365379 -11.158993
v 6.984302 25.516167 -13.705521
v 13.608282 23.485415 9.273005
v 10.042983 22.270817 10.886254
v 12.123644 22.100517 9.585343
v 18.324989 24.879950 -1.638657
v 17.257566 25.657549 2.616017
v 14.185340 19.484957 -9.806524
v 15.255472 23.282982 -9.486714
v 16.089905 18.668798 -4.678349
v 17.552870 22.624271 -6.117496
v 16.501701 18.569189 -0.966157
v 21.546221 32.392456 -9.920103
v 22.009493 37.954536 -8.401751
v 24.344818 37.488621 -8.220176
v 23.131100 40.827152 -5.722965
v 20.514017 29.349537 0.165134
v 19.836720 27.652958 -5.007127
v 25.333673 30.425966 -1.735048
v 25.553120 30.030741 -7.396739
v 18.891211 30.197826 6.893106
v 17.070633 34.352516 5.738652
v 13.004132 34.548527 5.807395
v 16.978519 39.654327 2.018240
v 13.069152 38.645378 3.130104
v 13.860237 40.229496 -0.626174
v 17.257566 25.657549 2.616017
v 19.181093 28.420918 5.314978
v 16.664253 26.190945 7.103076
v 18.891211 30.197826 6.893106
v 15.120012 27.196680 9.081717
v 13.004132 34.548527 5.807395
v 5.776002 23.086975 12.418056
v 6.315131 20.484268 12.033984
v 10.042983 22.270817 10.886254
v 11.649535 19.745228 9.554708
v 13.949640 22.328655 6.458225
v 15.190451 23.710339 4.929412
v 16.664253 26.190945 7.103076
v 14.575464 24.343344 8.585562
v 15.120012 27.196680 9.081717
v 12.397272 25.034185 10.660593
v 9.861467 28.472328 9.888714
v 8.693804 26.133106 11.271820
v 23.036278 40.817513 1.775393
v 22.871017 41.633671 -2.106418
v 18.319571 41.113129 -1.809024
v 18.666348 40.669704 -6.142903
v 17.672073 40.660065 -6.352872
v 19.042925 37.835648 -9.030910
v 16.076359 37.697479 -9.660069
v 17.244020 31.997229 -11.040186
v 19.836720 27.652958 -5.007127
v 19.565800 28.083529 -9.043612
v 25.553120 30.030741 -7.396739
v 21.546221 32.392456 -9.920103
v 27.349316 32.771614 -8.789557
v 24.344818 37.488621 -8.220176
v 29.752371 37.324745 -8.845599
v 16.076359 37.697479 -9.660069
v 14.968297 40.695412 -6.463460
v 17.672073 40.660065 -6.352872
v 16.946009 40.682560 -1.696194
v 18.319571 41.113129 -1.809024
v 18.200365 39.959583 1.823962
v 23.036278 40.817513 1.775393
v 24.786417 36.743153 3.839963
v 27.761112 40.203789 1.044611
v 27.880318 37.221924 3.522395
v 17.552870 22.624271 -6.117496
v 17.940283 22.560007 -1.380118
v 16.098030 23.424362 3.090502
v 14.529408 19.918741 4.048440
v 15.190451 23.710339 4.929412
v 14.575464 24.343344 8.585562
v 12.397272 25.034185 10.660593
v 7.474667 24.230881 12.305225
v 5.776002 23.086975 12.418056
v 17.257566 25.657549 2.616017
v 20.514017 29.349537 0.165134
v 19.181093 28.420918 5.314978
v 25.390568 33.256809 4.049932
v 22.364397 33.944439 5.261178
v 18.200365 39.959583 1.823962
v 16.946009 40.682560 -1.696194
v 14.968297 40.695412 -6.463460
v 22.871017 41.633671 -2.106418
v 23.131100 40.827152 -5.722965
v 18.666348 40.669704 -6.142903
v 22.009493 37.954536 -8.401751
v 19.042925 37.835648 -9.030910
v 21.546221 32.392456 -9.920103
v 19.565800 28.083529 -9.043612
v 18.427938 25.233404 -7.138947
v 19.836720 27.652958 -5.007127
v 18.324989 24.879950 -1.638657
v 20.514017 29.349537 0.165134
v 17.257566 25.657549 2.616017
v 10.842195 16.638044 -7.945198
v 7.092670 12.769329 -8.136485
v 2.977404 17.952251 -9.903662
v 8.533961 15.963270 11.402584
v 5.570103 18.569189 11.340565
v 6.339514 14.581586 11.896497
v 14.253070 16.840479 -5.284346
v 16.238909 18.154684 -1.175379
v 12.687156 10.388335 -5.031037
v 14.542954 10.179476 -1.336779
v 11.465309 5.083312 -5.267906
v 13.974023 4.704152 -1.254583
v 11.562840 0.048198 -5.935173
v 14.518571 15.266001 3.727135
v 11.687463 15.394531 8.528774
v 10.839486 10.651820 8.392033
v 8.533961 15.963270 11.402584
v 7.629091 12.043144 10.411770
v 6.339514 14.581586 11.896497
v 4.621885 12.239150 12.279821
v -0.010837 12.322694 12.898520
v 0.000000 21.586401 -12.877600
v 2.132136 21.586401 -13.804901
v -0.010837 13.411973 -10.844412
v 6.786531 20.824867 -12.991925
v 4.990336 13.415186 -10.447638
v 9.474052 20.365379 -11.158993
v 11.939418 13.125996 -7.945197
v 14.185340 19.484957 -9.806524
v 15.520973 13.701163 -4.335374
v 16.089905 18.668798 -4.678349
v 16.122414 14.363086 -0.162895
v 16.501701 18.569189 -0.966157
v 14.767817 15.580896 4.629777
v 14.529408 19.918741 4.048440
v -11.711846 15.394531 8.528774
v -10.861159 10.651820 8.392033
v -8.558344 15.963270 11.402584
v -7.653473 12.043144 10.411770
v -6.363897 14.581586 11.896497
v -4.643559 12.239150 12.279821
v -0.010837 7.396830 12.203605
v 4.567701 7.374337 11.793380
v 7.629091 12.043144 10.411770
v 7.382554 3.534541 10.101674
v 9.520108 9.842089 8.750698
v 10.411433 3.637364 8.251556
v 11.115823 8.344729 7.339200
v 14.128447 3.923340 4.389173
v 13.074571 10.105572 4.132876
v 14.542954 10.179476 -1.336779
v 14.518571 15.266001 3.727135
v 16.238909 18.154684 -1.175379
v 11.709137 19.510662 8.247818
v 10.476454 42.019257 -5.456207
v 13.860237 40.229496 -0.626174
v 14.968297 40.695412 -6.463460
v -1.273321 34.272186 -13.490322
v 0.000000 32.781254 -14.270420
v -5.580940 38.709644 -11.878568
v 15.984245 25.834276 -10.526845
v 11.443636 27.052084 -13.205630
v 10.934307 27.132416 -12.776726
v 7.087252 28.671547 -14.505047
v 7.114344 28.456261 -14.136667
v 18.324989 24.879950 -1.638657
v 17.940283 22.560007 -1.380118
v 18.427938 25.233404 -7.138947
v 17.552870 22.624271 -6.117496
v 15.984245 25.834276 -10.526845
v 15.255472 23.282982 -9.486714
v 11.443636 27.052084 -13.205630
v 6.984302 25.516167 -13.705521
v 7.087252 28.671547 -14.505047
v 17.154617 12.242362 0.156915
v 14.767817 15.580896 4.629777
v 12.570661 14.433778 10.470800
v -9.474052 20.365379 -11.158993
v -5.014718 13.415186 -10.447638
v -11.963801 13.125996 -7.945197
v -14.751562 13.450532 -4.851704
v -17.227764 12.242362 0.156915
v -16.195562 14.363086 -0.162895
v 4.567701 7.374337 11.793380
v 4.738380 3.672710 11.148530
v 7.382554 3.534541 10.101674
v 6.339514 14.581586 11.896497
v 5.570103 18.569189 11.340565
v -0.010837 15.420236 12.605609
v -12.595043 14.433778 10.470800
v -14.840965 15.580896 4.629777
v -17.227764 12.242362 0.156915
v -16.195562 14.363086 -0.162895
v 14.767817 15.580896 4.629777
v 17.154617 12.242362 0.156915
v 16.122414 14.363086 -0.162895
v 14.128447 3.923340 4.389173
v 13.974023 4.704152 -1.254583
v 14.542954 10.179476 -1.336779
v 10.839486 10.651820 8.392033
v 7.629091 12.043144 10.411770
v 9.520108 9.842089 8.750698
v 5.570103 18.569189 11.340565
v -0.010837 17.679129 11.915177
v -0.010837 15.420236 12.605609
v -5.594486 18.569189 11.340565
v -6.363897 14.581586 11.896497
v 11.115823 8.344729 7.339200
v 13.074571 10.105572 4.132876
v 14.518571 15.266001 3.727135
v 6.339514 14.581586 11.896497
v -0.010837 12.322694 12.898520
v -6.363897 14.581586 11.896497
v -5.594486 18.569189 11.340565
v -8.558344 15.963270 11.402584
v -12.326833 11.002059 -8.386804
v -11.963801 13.125996 -7.945197
v -7.626381 11.297675 -10.165936
v -5.014718 13.415186 -10.447638
v -0.010837 11.291249 -11.037942
v -0.010837 13.411973 -10.844412
v 4.990336 13.415186 -10.447638
v 7.601999 11.297675 -10.165936
v 11.939418 13.125996 -7.945197
v 12.302450 11.002059 -8.386804
v 15.520973 13.701163 -4.335374
v 17.154617 12.242362 0.156915
v 16.122414 14.363086 -0.162895
v 0.021674 3.380307 11.097719
v -0.010837 7.396830 12.203605
v -4.592084 7.374337 11.793380
v -4.643559 12.239150 12.279821
v -7.653473 12.043144 10.411770
v -0.010837 -0.928619 12.243955
v 5.049938 -0.906127 11.568468
v 7.041195 -0.748679 10.080752
v 10.525219 -0.674775 8.607980
v 10.411433 3.637364 8.251556
v 12.917438 -0.520540 7.002951
v 15.331329 -0.257057 4.387679
v 14.491479 0.048198 -1.506397
v 11.562840 0.048198 -5.935173
v -4.248016 46.414940 0.256293
v -5.849150 50.261162 -1.105890
v -5.757037 45.203556 -1.206017
v -4.258853 47.706654 -6.380520
v -0.010837 51.421135 -8.195518
v 0.000000 48.326805 -8.515328
v 4.234470 47.706654 -6.380520
v 4.995754 44.204247 -7.966868
v 4.226343 46.414940 0.256293
v 0.000000 44.310284 3.745066
v 0.000000 42.353432 3.894510
v -4.248016 46.414940 0.256293
v -2.793179 42.944664 1.925584
v -5.757037 45.203556 -1.206017
v -3.213104 39.059883 1.607268
v -6.412662 42.102802 -2.406053
v 12.570661 14.433778 10.470800
v 11.568259 16.554501 10.020973
v 7.691402 14.812938 13.425310
v 2.866327 21.785622 12.353048
v 0.000000 23.781031 12.211076
v 0.000000 21.763128 12.329137
v 11.709137 19.510662 8.247818
v 11.687463 15.394531 8.528774
v 14.518571 15.266001 3.727135
v -0.010837 14.812938 14.259208
v -3.527371 16.933662 13.071128
v -7.715785 14.812938 13.425310
v 7.474667 24.230881 12.305225
v 8.693804 26.133106 11.271820
v 2.205284 24.259800 12.815578
v 14.767817 15.580896 4.629777
v 5.776002 23.086975 12.418056
v 6.315131 20.484268 12.033984
v 9.861467 28.472328 9.888714
v 1.062004 32.177170 8.749949
v 8.693804 26.133106 11.271820
v -6.732347 16.933661 12.277579
v -11.589932 16.554501 10.020973
v -12.595043 14.433778 10.470800
v -14.840965 15.580896 4.629777
v 7.114344 28.456261 -14.136667
v 7.087252 28.671547 -14.505047
v -0.010837 31.727318 -13.124931
v 0.000000 32.781254 -14.270420
v -1.273321 34.272186 -13.490322
v -6.786531 20.824867 -12.991925
v -7.138726 28.456261 -14.136667
v -2.132136 21.586401 -13.804901
v 0.000000 29.548756 -14.288353
v -3.527371 16.933662 13.071128
v -0.010837 16.933662 13.267647
v -2.890710 21.785622 12.353048
v -1.162244 37.086967 5.625820
v 1.062004 32.177170 8.749949
v 0.000000 36.759220 5.146105
v 1.137862 37.086967 5.625820
v 8.533961 15.963270 11.402584
v 8.479778 19.658470 9.931306
v 5.570103 18.569189 11.340565
v 6.984302 25.516167 -13.705521
v 0.000000 29.548756 -14.288353
v 7.087252 28.671547 -14.505047
v 0.000000 32.781254 -14.270420
v -0.010837 31.727318 -13.124931
v 1.248938 34.169365 -13.490322
v 7.114344 28.456261 -14.136667
v -1.273321 34.272186 -13.490322
v 0.000000 39.551506 -12.119920
v -0.010837 31.727318 -13.124931
v -5.594486 18.569189 11.340565
v -8.501451 19.658470 9.931306
v -8.558344 15.963270 11.402584
v -11.733520 19.510662 8.247818
v -11.711846 15.394531 8.528774
v -14.605265 15.266001 3.727135
v -11.589932 16.554501 10.020973
v -6.732347 16.933661 12.277579
v -11.673917 19.745228 9.554708
v -6.339514 20.484268 12.033984
v -10.064656 22.270817 10.886254
v -5.797675 23.086975 12.418056
v -7.499049 24.230881 12.305225
v -2.229667 24.259800 12.815578
v 6.707965 16.933661 12.277579
v 3.502988 16.933662 13.071128
v -0.010837 16.933662 13.267647
v 9.474052 20.365379 -11.158993
v 6.786531 20.824867 -12.991925
v 6.984302 25.516167 -13.705521
v 2.132136 21.586401 -13.804901
v 0.000000 21.586401 -12.877600
v 14.767817 15.580896 4.629777
v 14.529408 19.918741 4.048440
v 11.568259 16.554501 10.020973
v 11.649535 19.745228 9.554708
v 6.707965 16.933661 12.277579
v 3.502988 16.933662 13.071128
v -23.155481 40.827152 -5.722965
v -22.031166 37.954536 -8.401751
v -24.369202 37.488621 -8.220176
v -27.370989 32.771614 -8.789557
v -35.344147 32.636662 -8.120048
v -35.344147 34.937325 -8.860544
v -20.538401 29.349537 0.165134
v -26.682854 31.634136 2.497209
v -25.355349 30.425966 -1.735048
v -35.344147 31.955458 0.600016
v -23.060659 40.817513 1.775393
v -27.782785 40.203789 1.044611
v -24.810801 36.743153 3.839963
v -27.904699 37.221924 3.522395
v -22.031166 37.954536 -8.401751
v -23.155481 40.827152 -5.722965
v -18.688021 40.669704 -6.142903
v -22.895399 41.633671 -2.106418
v -18.341244 41.113129 -1.809024
v -23.060659 40.817513 1.775393
v -18.222040 39.959583 1.823962
v -24.810801 36.743153 3.839963
v -22.388781 33.944439 5.261178
v -27.904699 37.221924 3.522395
v -25.414949 33.256809 4.049932
v -35.344147 37.540031 4.307723
v -35.344147 33.716301 4.307724
v -35.344147 31.955458 0.600016
v -35.344147 33.153988 -2.486005
v -25.355349 30.425966 -1.735048
v -25.355349 30.425966 -1.735048
v -35.344147 33.153988 -2.486005
v -35.344147 31.116808 -5.703537
v -35.344147 37.540031 4.307723
v -27.904699 37.221924 3.522395
v -35.344147 39.439041 0.313082
v -27.782785 40.203789 1.044611
v -35.344147 40.235920 -2.184876
v -35.344147 34.937325 -8.860544
v -35.344147 37.237988 -8.120048
v -29.774042 37.324745 -8.845599
v -35.344147 39.349072 -4.682834
v -27.368279 40.088112 -5.235030
v -28.408609 40.949257 -1.905415
v -23.060659 40.817513 1.775393
v -22.895399 41.633671 -2.106418
v -23.155481 40.827152 -5.722965
v -24.369202 37.488621 -8.220176
v 26.658470 31.634136 2.497209
v 20.514017 29.349537 0.165134
v 25.333673 30.425966 -1.735048
v 18.200365 39.959583 1.823962
v 22.364397 33.944439 5.261178
v 24.786417 36.743153 3.839963
v 25.390568 33.256809 4.049932
v 27.880318 37.221924 3.522395
v 20.514017 29.349537 0.165134
v 26.658470 31.634136 2.497209
v 25.390568 33.256809 4.049932
v 29.752371 37.324745 -8.845599
v 35.319763 34.937325 -8.860544
v 27.349316 32.771614 -8.789557
v 35.319763 32.636662 -8.120048
v 25.553120 30.030741 -7.396739
v 35.319763 31.116808 -5.703537
v 25.333673 30.425966 -1.735048
v 25.333673 30.425966 -1.735048
v 35.319763 31.955458 0.600016
v 26.658470 31.634136 2.497209
v 35.319763 33.716301 4.307724
v 25.390568 33.256809 4.049932
v 35.319763 37.540031 4.307723
v 27.880318 37.221924 3.522395
v 29.752371 37.324745 -8.845599
v 35.319763 37.237988 -8.120048
v 35.319763 34.937325 -8.860544
v 24.344818 37.488621 -8.220176
v 27.343897 40.088112 -5.235030
v 23.131100 40.827152 -5.722965
v 22.871017 41.633671 -2.106418
v 28.386936 40.949257 -1.905415
v 23.036278 40.817513 1.775393
v 27.761112 40.203789 1.044611
v 35.319763 31.116808 -5.703537
v 35.319763 33.153988 -2.486005
v 25.333673 30.425966 -1.735048
v 25.333673 30.425966 -1.735048
v 35.319763 33.153988 -2.486005
v 35.319763 31.955458 0.600016
v 35.319763 39.349072 -4.682834
v 35.319763 40.235920 -2.184876
v 35.319763 39.439041 0.313082
v 27.880318 37.221924 3.522395
v 35.319763 37.540031 4.307723
v -0.010837 51.421135 -8.195518
v -4.258853 47.706654 -6.380520
v -3.998771 51.119091 -6.059962
v -0.010837 51.421135 -8.195518
v 3.974388 51.119091 -6.059962
v 4.234470 47.706654 -6.380520
v 5.732655 45.203556 -1.206017
v 4.234470 47.706654 -6.380520
v 3.974388 51.119091 -6.059962
v -0.010837 51.421135 -8.195518
v -3.998771 51.119091 -6.059962
v -4.117975 53.599697 -7.565612
v -0.010837 53.586845 -9.319338
v 4.093592 53.599697 -7.565612
v 3.974388 51.119091 -6.059962
v 0.000000 44.715149 6.281133
v 4.226343 46.414940 0.256293
v 6.233856 50.257950 0.304862
v 5.824767 50.261162 -1.105890
v 7.152272 53.789276 -2.361221
v 3.974388 51.119091 -6.059962
v 4.093592 53.599697 -7.565612
v -4.117975 53.599697 -7.565612
v -3.998771 51.119091 -6.059962
v -7.173946 53.789276 -2.361221
v -5.849150 50.261162 -1.105890
v -6.258238 50.257950 0.304862
v -4.248016 46.414940 0.256293
v 0.000000 44.310284 3.745066
vn 0.5418 0.4162 0.7302
vn 0.1174 0.9160 0.3837
vn 0.6686 0.6843 0.2910
vn 0.6686 0.6843 0.2911
vn 0.5505 0.6135 -0.5662
vn 0.7915 0.2351 -0.5642
vn -0.0000 0.8643 0.5029
vn -0.1103 0.7484 0.6540
vn 0.0628 0.6359 0.7692
vn -0.0078 0.5179 0.8554
vn 0.1648 0.4629 0.8709
vn -0.0000 0.7953 0.6062
vn -0.0000 0.8897 0.4566
vn -0.0000 0.5122 0.8589
vn -0.0079 0.7777 0.6286
vn 0.5427 0.1022 0.8337
vn 0.5418 0.4162 0.7303
vn 0.9452 0.0473 0.3230
vn 0.6686 0.6844 0.2910
vn 0.2367 0.4812 -0.8441
vn 0.2664 0.9557 -0.1254
vn 0.2045 0.6763 -0.7077
vn 0.2828 -0.0314 -0.9587
vn 0.8286 -0.4261 -0.3630
vn 0.6671 -0.1491 -0.7299
vn 0.3854 0.4954 -0.7785
vn 0.2122 0.1886 -0.9588
vn 0.2590 0.2747 -0.9260
vn 0.5889 0.5182 -0.6202
vn -0.1807 0.5106 -0.8406
vn -0.0079 0.2830 -0.9591
vn 0.2663 0.9557 -0.1253
vn 0.2367 0.4812 -0.8440
vn 0.5505 0.6134 -0.5663
vn -0.0000 0.4472 -0.8944
vn -0.0000 0.2902 -0.9570
vn -0.5588 0.5903 -0.5825
vn -0.7915 0.2351 -0.5642
vn 0.3853 0.4954 -0.7785
vn 0.2829 -0.0314 -0.9586
vn 0.1575 0.5514 -0.8192
vn 0.1020 0.9491 -0.2981
vn 0.3068 0.6449 -0.7000
vn -0.1023 0.1495 -0.9835
vn -0.0079 0.2831 -0.9591
vn -0.4181 0.8519 -0.3155
vn 0.2832 0.7237 0.6293
vn 0.2283 0.6140 0.7556
vn 0.2903 0.4866 0.8240
vn 0.3551 0.7103 0.6077
vn -0.0000 0.7953 0.6063
vn 0.0079 0.8589 0.5122
vn -0.0860 0.7123 0.6966
vn -0.2832 0.7237 0.6293
vn -0.2283 0.6139 0.7556
vn -0.2282 0.6140 0.7556
vn -0.3551 0.7103 0.6077
vn -0.2904 0.4865 0.8240
vn -0.9483 -0.2978 -0.1098
vn -0.8023 -0.1888 -0.5663
vn -0.9452 0.0473 0.3230
vn -0.5190 0.7707 0.3696
vn -0.2283 0.6140 0.7556
vn -0.4887 0.8040 0.3389
vn -0.5491 0.7295 -0.4079
vn -0.0000 0.5363 -0.8440
vn 0.5491 0.7294 -0.4079
vn 0.5490 0.7297 -0.4076
vn 0.4887 0.8040 0.3389
vn 0.4887 0.8039 0.3389
vn -0.5275 0.4173 0.7400
vn -0.5427 0.1022 0.8337
vn -0.0000 0.0393 0.9992
vn 0.7934 -0.2435 0.5578
vn 0.9483 -0.2978 -0.1097
vn 0.8023 -0.1888 -0.5663
vn -0.0000 0.4628 0.8865
vn -0.0000 0.8019 0.5975
vn 0.2904 0.4865 0.8240
vn 0.3551 0.7103 0.6078
vn -0.3552 0.7103 0.6077
vn -0.6682 0.4638 0.5817
vn -0.0000 0.8148 0.5797
vn -0.0000 0.2737 0.9618
vn 0.6682 0.4638 0.5818
vn -0.2678 0.9530 -0.1417
vn -0.2906 0.5576 -0.7776
vn -0.1963 0.2434 -0.9499
vn 0.4240 0.6123 -0.6673
vn -0.0314 -0.0628 -0.9975
vn 0.6682 0.4638 0.5817
vn 0.3552 0.7103 0.6077
vn -0.0001 0.4628 0.8865
vn 0.1174 0.9160 0.3836
vn 0.5418 0.4161 0.7303
vn -0.0000 0.8644 0.5029
vn -0.0079 0.7778 0.6285
vn -0.1103 0.7485 0.6539
vn -0.0000 0.8896 0.4567
vn -0.0000 0.7565 0.6540
vn 0.1411 0.7528 0.6430
vn -0.0861 0.7123 0.6966
vn -0.0079 0.5179 0.8554
vn -0.0471 0.7063 0.7064
vn -0.0079 0.7525 0.6585
vn -0.1023 0.5037 0.8578
vn -0.0078 0.7526 0.6585
vn -0.0471 0.7063 0.7063
vn -0.0235 0.9636 0.2664
vn -0.0704 0.8922 0.4461
vn -0.2678 0.9530 -0.1418
vn -0.1178 0.9421 -0.3141
vn -0.1727 0.6436 -0.7457
vn -0.1576 0.5514 -0.8192
vn -0.2283 0.2913 -0.9290
vn -0.2516 -0.0393 -0.9670
vn -0.4180 0.8519 -0.3155
vn -0.1022 0.5187 0.8488
vn -0.0079 0.4472 0.8944
vn 0.1412 0.4238 0.8947
vn -0.1727 0.6436 -0.7456
vn -0.1178 0.9421 -0.3140
vn -0.0235 0.9636 0.2663
vn 0.3681 -0.1018 -0.9242
vn 0.3372 0.0235 -0.9411
vn 0.3537 -0.0000 -0.9354
vn 0.6742 0.1176 -0.7291
vn 0.6330 -0.0234 -0.7738
vn 0.7021 -0.1893 -0.6864
vn 0.3467 -0.1733 -0.9218
vn 0.7868 -0.1810 -0.5901
vn 0.3230 -0.0473 -0.9452
vn 0.2506 -0.0940 -0.9635
vn 0.3144 -0.1100 -0.9429
vn -0.9793 -0.1645 0.1175
vn -0.9824 0.1808 -0.0471
vn -0.9136 0.2126 0.3465
vn -0.8901 0.1418 0.4332
vn -0.7258 -0.0473 0.6863
vn -0.9086 -0.0470 0.4151
vn -0.9534 0.2285 0.1970
vn -0.6520 0.1728 0.7383
vn -0.6686 -0.2281 0.7078
vn -0.7697 -0.0550 0.6361
vn -0.9106 -0.1021 0.4004
vn -0.2429 -0.1097 -0.9638
vn -0.2749 -0.2828 -0.9190
vn -0.0000 -0.2128 -0.9771
vn 0.1022 -0.1966 -0.9751
vn -0.0000 -0.2036 -0.9790
vn -0.9859 -0.1330 -0.1018
vn -0.8900 0.1418 0.4333
vn -0.6184 0.0705 0.7827
vn -0.6519 0.1728 0.7383
vn -0.4871 0.0471 0.8721
vn 0.0785 -0.0079 -0.9969
vn -0.0000 -0.0236 -0.9997
vn -0.1807 -0.0471 -0.9824
vn -0.0079 -0.0785 -0.9969
vn -0.0000 -0.0629 -0.9980
vn -0.0471 -0.0550 -0.9974
vn -0.4627 -0.0235 0.8862
vn -0.4472 0.0157 0.8943
vn -0.2425 0.0157 0.9700
vn -0.3705 0.1103 0.9223
vn -0.0000 0.1809 0.9835
vn -0.3385 -0.2834 -0.8973
vn -0.2749 -0.2828 -0.9189
vn -0.3450 -0.1019 -0.9330
vn -0.2036 0.0078 -0.9790
vn -0.1963 0.2433 -0.9499
vn -0.9534 0.2285 0.1969
vn -0.9551 0.0626 -0.2897
vn -0.6454 -0.0236 -0.7635
vn -0.6994 -0.1807 -0.6915
vn -0.3613 -0.1021 -0.9268
vn -0.3467 -0.1733 -0.9218
vn -0.2582 -0.0861 -0.9623
vn -0.3131 -0.0705 -0.9471
vn 0.1959 -0.0470 -0.9795
vn -0.6685 -0.2281 0.7079
vn -0.5412 -0.1255 0.8315
vn -0.4796 -0.1887 0.8570
vn -0.2585 -0.1410 0.9557
vn -0.2425 0.0156 0.9700
vn -0.0000 -0.0550 0.9985
vn -0.0000 0.1810 0.9835
vn 0.2424 0.0157 0.9700
vn -0.9824 0.1807 -0.0472
vn -0.9793 -0.1646 0.1175
vn -0.8974 -0.0158 -0.4409
vn -0.9051 -0.3305 -0.2676
vn -0.5500 -0.0629 -0.8328
vn -0.6077 -0.3552 -0.7103
vn -0.3384 -0.2834 -0.8973
vn -0.4797 -0.2202 -0.8494
vn -0.3450 -0.1019 -0.9331
vn -0.1808 -0.0472 -0.9824
vn -0.0785 -0.0079 -0.9969
vn -0.3537 -0.0079 -0.9353
vn -0.3373 0.0157 -0.9413
vn -0.6868 0.1105 -0.7184
vn -0.9286 0.1338 -0.3462
vn 0.3229 -0.0473 -0.9452
vn 0.2507 -0.0940 -0.9635
vn 0.1567 -0.0157 -0.9875
vn -0.0000 0.0393 -0.9992
vn -0.1567 -0.0157 -0.9875
vn -0.3144 -0.1100 -0.9429
vn -0.7868 -0.1810 -0.5901
vn -0.9944 -0.0783 0.0705
vn -0.9107 -0.1021 0.4004
vn -0.6183 0.0704 0.7828
vn -0.3534 0.0393 0.9346
vn -0.2441 -0.3465 0.9057
vn -0.7092 -0.6225 0.3309
vn -0.6693 -0.3386 0.6614
vn -0.8314 -0.3686 0.4157
vn -0.6608 -0.0708 0.7472
vn -0.8895 -0.0866 0.4487
vn -0.9793 -0.1645 0.1176
vn -0.8895 -0.0865 0.4487
vn -0.9136 0.2126 0.3466
vn -0.6827 0.2982 0.6670
vn 0.0705 0.0627 0.9955
vn -0.2036 0.0157 0.9789
vn -0.4006 -0.2278 0.8875
vn -0.6692 -0.3385 0.6614
vn -0.6607 -0.0708 0.7473
vn -0.4798 -0.2202 -0.8493
vn -0.8003 -0.4394 -0.4080
vn -0.2516 -0.0394 -0.9670
vn -0.1961 -0.9803 0.0235
vn -0.2675 -0.8262 -0.4958
vn -0.2435 -0.9584 0.1492
vn -0.2442 -0.3465 0.9057
vn -0.1654 0.3071 0.9372
vn -0.0548 0.4621 0.8851
vn 0.0942 0.7458 0.6595
vn -0.1960 -0.9803 0.0235
vn -0.1100 -0.5658 -0.8172
vn -0.2676 -0.8262 -0.4957
vn -0.0628 -0.1807 -0.9815
vn -0.2276 -0.0314 -0.9732
vn -0.1023 0.5036 0.8578
vn -0.3535 0.0392 0.9346
vn -0.4778 0.1253 0.8695
vn -0.7092 -0.6225 0.3310
vn -0.7386 -0.5107 0.4400
vn -0.8258 -0.4877 0.2831
vn -0.6078 -0.3552 -0.7103
vn -0.9051 -0.3306 -0.2676
vn -0.9183 -0.3846 0.0942
vn -0.8259 -0.4876 0.2831
vn -0.8314 -0.3687 0.4157
vn -0.6765 -0.4799 0.5586
vn -0.4339 -0.0552 0.8993
vn -0.1724 0.4468 0.8779
vn -0.0078 0.4472 0.8944
vn -0.1021 0.5187 0.8488
vn -0.5744 -0.7789 0.2518
vn -0.6909 -0.7223 0.0314
vn -0.8003 -0.4394 -0.4079
vn -0.4019 -0.6069 -0.6857
vn -0.8259 -0.4877 0.2831
vn -0.5744 -0.7789 0.2517
vn -0.1021 -0.8718 0.4791
vn -0.0392 -0.5882 0.8078
vn -0.1494 -0.9826 0.1101
vn -0.8258 -0.4876 0.2832
vn -0.6766 -0.4798 0.5585
vn -0.7386 -0.5108 0.4400
vn -0.1725 0.4468 0.8779
vn 0.0393 0.8013 0.5970
vn 0.0942 0.7458 0.6594
vn 0.1566 0.9787 0.1331
vn 0.1574 0.9837 0.0866
vn -0.0000 0.9196 -0.3930
vn -0.0314 0.8940 -0.4470
vn -0.1650 0.5028 -0.8485
vn -0.1331 0.5168 -0.8457
vn -0.2276 -0.0314 -0.9733
vn -0.0866 0.4487 -0.8895
vn -0.0628 -0.1806 -0.9816
vn -0.0236 0.5120 -0.8586
vn -0.0628 -0.0000 -0.9980
vn -0.5743 -0.7789 0.2517
vn -0.2436 -0.9583 0.1493
vn -0.1575 0.5514 -0.8192
vn -0.0000 0.9195 -0.3930
vn -0.1177 0.9421 -0.3140
vn -0.2036 0.0079 -0.9790
vn -0.1962 0.2433 -0.9499
vn 0.0706 0.0628 0.9955
vn -0.0000 0.0551 0.9985
vn -0.0627 0.0706 0.9955
vn -0.7485 0.1497 0.6460
vn -0.9107 -0.1020 0.4004
vn 0.5506 0.6134 -0.5662
vn 0.1175 0.9160 0.3836
vn 0.0314 0.9586 0.2829
vn -0.0000 0.7847 0.6199
vn 0.0628 0.6358 0.7693
vn 0.1021 0.4791 0.8718
vn 0.4864 0.0706 0.8709
vn 0.5477 -0.3521 -0.7590
vn 0.6580 -0.2428 -0.7128
vn 0.3703 -0.2363 -0.8983
vn 0.8388 -0.4703 0.2744
vn 0.8544 -0.2900 0.4311
vn 0.9487 -0.2744 0.1569
vn 0.2125 0.0473 0.9760
vn 0.4314 0.0157 0.9020
vn 0.1413 0.4238 0.8947
vn 0.8942 -0.0863 0.4393
vn 0.8317 -0.3766 0.4080
vn 0.6608 -0.0708 0.7472
vn 0.3704 -0.2364 -0.8983
vn 0.2208 -0.2365 -0.9462
vn 0.6520 -0.4242 0.6284
vn 0.4006 -0.2278 0.8875
vn 0.6693 -0.3386 0.6614
vn 0.9278 -0.3538 0.1180
vn 0.9487 -0.2744 0.1568
vn 0.9276 -0.2437 -0.2830
vn 0.8431 -0.4176 -0.3389
vn 0.9665 -0.1965 0.1650
vn 0.2276 -0.0313 -0.9733
vn 0.1331 0.5168 -0.8457
vn 0.0866 0.4487 -0.8895
vn 0.1262 0.8443 -0.5208
vn 0.5743 -0.7789 0.2518
vn 0.6667 -0.7452 0.0157
vn 0.2436 -0.9583 0.1493
vn 0.2676 -0.8262 -0.4958
vn 0.3534 0.0392 0.9346
vn 0.0548 0.4621 0.8851
vn -0.0393 0.8013 0.5970
vn -0.0000 0.7846 0.6199
vn 0.8387 -0.4704 0.2744
vn 0.7092 -0.6225 0.3310
vn 0.7541 -0.5263 0.3928
vn 0.3535 0.0393 0.9346
vn 0.1577 -0.1418 0.9773
vn 0.2665 -0.0079 0.9638
vn 0.6607 -0.0708 0.7473
vn 0.8166 -0.4790 0.3219
vn 0.7389 -0.3774 0.5582
vn 0.0235 0.8695 0.4934
vn -0.0000 0.9997 -0.0236
vn -0.1574 0.9837 0.0865
vn 0.0314 0.8940 -0.4470
vn 0.1650 0.5028 -0.8485
vn 0.4085 -0.6050 -0.6835
vn 0.2675 -0.8262 -0.4958
vn 0.2276 -0.0315 -0.9732
vn 0.0628 -0.1806 -0.9816
vn 0.0866 0.4486 -0.8895
vn 0.0237 0.5120 -0.8587
vn 0.1019 0.9491 -0.2981
vn -0.1566 0.9787 0.1331
vn -0.1574 0.9837 0.0866
vn -0.0942 0.7458 0.6594
vn 0.0235 0.8694 0.4935
vn 0.0629 0.4400 0.8958
vn 0.1255 0.8157 0.5647
vn 0.0315 0.5361 0.8436
vn 0.8431 -0.4176 -0.3388
vn 0.8167 -0.4790 0.3220
vn 0.7390 -0.3774 0.5581
vn 0.4314 0.0156 0.9020
vn 0.2125 0.0472 0.9760
vn 0.1577 -0.1419 0.9772
vn 0.8388 -0.4703 0.2743
vn 0.5744 -0.7789 0.2517
vn 0.7092 -0.6225 0.3309
vn 0.2441 -0.3466 0.9057
vn 0.1654 0.3071 0.9372
vn 0.2276 -0.0314 -0.9732
vn 0.2829 -0.0315 -0.9586
vn 0.4085 -0.6049 -0.6835
vn 0.8286 -0.4262 -0.3630
vn 0.6668 -0.7451 0.0157
vn 0.9278 -0.3539 0.1180
vn 0.5744 -0.7789 0.2518
vn 0.8387 -0.4703 0.2744
vn 0.3143 -0.1100 -0.9429
vn 0.1568 -0.0157 -0.9875
vn 0.4471 0.0157 0.8943
vn 0.1492 0.2435 0.9583
vn 0.2351 -0.0078 0.9719
vn 0.7868 -0.1810 -0.5900
vn 0.9938 -0.0860 0.0704
vn 0.7022 -0.1893 -0.6863
vn 0.9861 -0.1252 -0.1096
vn 0.6331 -0.0234 -0.7737
vn 0.9499 0.0628 -0.3062
vn 0.6743 0.1176 -0.7291
vn 0.9106 -0.1021 0.4004
vn 0.7735 -0.0553 0.6314
vn 0.6685 -0.2281 0.7079
vn 0.4472 0.0156 0.8943
vn 0.4796 -0.1887 0.8570
vn 0.2352 -0.0079 0.9719
vn 0.2816 -0.1017 0.9541
vn -0.0000 -0.0000 1.0000
vn -0.0000 -0.2043 -0.9789
vn -0.0944 -0.1968 -0.9759
vn 0.2749 -0.2828 -0.9189
vn 0.2429 -0.1098 -0.9638
vn 0.4563 -0.0394 -0.8890
vn 0.8989 -0.0631 -0.4336
vn 0.9277 -0.2437 -0.2830
vn 0.9930 0.1181 -0.0000
vn 0.9665 -0.1964 0.1650
vn 0.9149 0.2111 0.3441
vn 0.8942 -0.0862 0.4392
vn -0.7696 -0.0550 0.6361
vn -0.2352 -0.0079 0.9719
vn -0.2815 -0.1017 0.9542
vn -0.0000 -0.1644 0.9864
vn 0.2588 -0.1333 0.9567
vn 0.4627 -0.0235 0.8862
vn 0.5448 -0.1263 0.8290
vn 0.6222 0.0709 0.7797
vn 0.7260 -0.0394 0.6865
vn 0.8901 0.1418 0.4332
vn 0.9089 -0.0391 0.4152
vn 0.9861 -0.1252 -0.1095
vn 0.9107 -0.1020 0.4003
vn 0.9938 -0.0861 0.0705
vn 0.7485 0.1497 0.6460
vn 0.0315 0.9586 0.2828
vn 0.1020 0.9491 -0.2980
vn 0.5888 0.5182 -0.6202
vn 0.4239 0.6124 -0.6673
vn -0.1808 0.5107 -0.8405
vn 0.4876 0.2596 -0.8336
vn 0.3853 0.4955 -0.7785
vn 0.3060 0.4630 -0.8319
vn 0.3067 0.6449 -0.7000
vn 0.9279 -0.3538 0.1179
vn 0.4876 0.2595 -0.8336
vn 0.2208 -0.2366 -0.9462
vn 0.3061 0.4630 -0.8318
vn 0.9832 0.1809 -0.0236
vn 0.7687 0.3530 0.5334
vn -0.2429 -0.1098 -0.9638
vn -0.9741 0.2121 -0.0786
vn -0.9824 0.1808 -0.0472
vn 0.2425 0.0156 0.9700
vn -0.7708 0.3461 0.5348
vn -0.9136 0.2127 0.3465
vn -0.9741 0.2121 -0.0785
vn 0.9149 0.2111 0.3440
vn 0.9930 0.1183 -0.0000
vn 0.9499 0.0628 -0.3061
vn 0.5448 -0.1264 0.8290
vn -0.0000 0.2902 0.9570
vn -0.1493 0.2435 0.9583
vn -0.2351 -0.0078 0.9719
vn 0.7260 -0.0395 0.6865
vn 0.9089 -0.0392 0.4153
vn -0.1492 0.2435 0.9583
vn -0.4471 0.0157 0.8943
vn -0.6829 0.1099 -0.7222
vn -0.5500 -0.0628 -0.8328
vn -0.2681 0.1814 -0.9462
vn -0.0000 0.0472 -0.9989
vn -0.0000 -0.2127 -0.9771
vn 0.2429 -0.1097 -0.9638
vn 0.2681 0.1814 -0.9462
vn 0.4563 -0.0393 -0.8890
vn 0.6742 0.0471 -0.7370
vn 0.8989 -0.0631 -0.4337
vn 0.9832 0.1809 -0.0237
vn 0.9930 0.1182 -0.0000
vn -0.0000 -0.0551 0.9985
vn -0.2816 -0.1017 0.9541
vn -0.4796 -0.1886 0.8570
vn 0.3678 0.1096 0.9234
vn 0.4472 0.0079 0.8944
vn 0.4873 0.0393 0.8724
vn 0.6221 0.0709 0.7797
vn 0.6573 0.1643 0.7355
vn 0.9574 0.2119 0.1962
vn 0.9304 0.1183 -0.3469
vn -0.7934 -0.2435 0.5578
vn -0.9483 -0.2979 -0.1097
vn -0.0000 -0.2036 -0.9791
vn 0.7935 -0.2435 0.5578
vn -0.0000 -0.6456 0.7637
vn -0.0000 0.0394 0.9992
vn -0.7935 -0.2435 0.5578
vn -0.9452 0.0472 0.3230
vn -0.5191 0.7707 0.3696
vn 0.6863 0.2998 0.6626
vn 0.2998 0.4733 0.8283
vn 0.0079 -0.0000 1.0000
vn -0.0000 0.0550 0.9985
vn -0.0000 0.1182 0.9930
vn 0.7484 0.1497 0.6461
vn 0.7735 -0.0552 0.6314
vn 0.9106 -0.1020 0.4004
vn -0.0000 0.3863 0.9224
vn -0.1331 0.2899 0.9478
vn -0.2998 0.4733 0.8283
vn -0.0627 0.0705 0.9955
vn 0.9149 0.2112 0.3441
vn 0.1576 -0.1418 0.9773
vn 0.2664 -0.0078 0.9638
vn 0.1647 0.4629 0.8709
vn -0.3470 0.2919 0.8913
vn -0.6827 0.2983 0.6670
vn -0.7708 0.3461 0.5349
vn -0.9136 0.2127 0.3466
vn 0.3067 0.6450 -0.6999
vn 0.4339 0.5443 -0.7179
vn -0.2749 -0.2827 -0.9190
vn -0.1332 0.2898 0.9478
vn -0.0000 0.2591 0.9658
vn -0.0079 -0.0000 1.0000
vn 0.1412 0.7528 0.6430
vn -0.0079 0.5180 0.8554
vn -0.0000 0.7564 0.6541
vn 0.4472 0.0157 0.8943
vn 0.3688 0.3452 0.8630
vn 0.1493 0.2435 0.9583
vn 0.2207 -0.2365 -0.9462
vn 0.4339 0.5444 -0.7179
vn -0.1023 0.1494 -0.9835
vn 0.3068 0.6450 -0.7000
vn 0.5888 0.5182 -0.6203
vn -0.3687 0.3452 0.8631
vn -0.7485 0.1497 0.6461
vn -0.9106 -0.1020 0.4004
vn -0.6827 0.2982 0.6671
vn -0.3470 0.2918 0.8913
vn -0.2664 -0.0078 0.9638
vn -0.4005 -0.2278 0.8875
vn -0.1576 -0.1418 0.9773
vn -0.2036 0.0156 0.9789
vn 0.0706 0.0627 0.9955
vn 0.3470 0.2919 0.8913
vn 0.1331 0.2899 0.9478
vn -0.0000 0.2592 0.9658
vn 0.2749 -0.2827 -0.9190
vn -0.0945 -0.1967 -0.9759
vn 0.8942 -0.0862 0.4393
vn 0.6863 0.2997 0.6627
vn 0.6608 -0.0708 0.7473
vn 0.3470 0.2918 0.8913
vn 0.1332 0.2898 0.9478
vn -0.1263 0.8443 -0.5208
vn -0.0628 -0.1806 -0.9815
vn -0.1100 -0.5657 -0.8172
vn -0.0629 -0.0000 -0.9980
vn -0.5743 -0.7790 0.2518
vn -0.1021 -0.8718 0.4790
vn -0.2435 -0.9583 0.1493
vn -0.1493 -0.9826 0.1101
vn -0.0234 0.8694 0.4935
vn -0.1255 0.8157 0.5647
vn -0.0629 0.4401 0.8958
vn -0.0315 0.5361 0.8436
vn -0.1262 0.8443 -0.5208
vn -0.0313 0.8940 -0.4470
vn -0.0235 0.8694 0.4935
vn -0.0628 0.4400 0.8958
vn 0.0787 0.4172 0.9054
vn -0.1493 -0.9826 0.1100
vn -0.2674 -0.9597 0.0865
vn -0.2675 -0.9597 0.0865
vn -0.0315 0.5361 0.8435
vn -0.0551 0.8576 0.5114
vn -0.1096 0.9939 -0.0079
vn -0.1104 0.6151 -0.7807
vn -0.0236 0.5121 -0.8586
vn -0.1018 0.8769 -0.4697
vn -0.1102 0.8659 -0.4880
vn -0.1337 0.9910 -0.0000
vn -0.0235 0.8695 0.4934
vn 0.1021 -0.8718 0.4791
vn 0.2435 -0.9583 0.1492
vn -0.0942 0.7458 0.6595
vn 0.1654 0.3072 0.9372
vn 0.2441 -0.3465 0.9057
vn 0.2442 -0.3465 0.9057
vn 0.0236 0.5121 -0.8586
vn 0.0629 -0.0000 -0.9980
vn 0.0628 -0.1806 -0.9815
vn 0.1100 -0.5658 -0.8172
vn 0.2675 -0.8263 -0.4957
vn 0.1960 -0.9803 0.0235
vn 0.2435 -0.9584 0.1492
vn 0.2435 -0.9584 0.1493
vn 0.1493 -0.9826 0.1101
vn 0.0392 -0.5882 0.8078
vn -0.0787 0.4172 0.9054
vn 0.0316 0.5361 0.8436
vn 0.1104 0.6151 -0.7807
vn 0.0629 0.0001 -0.9980
vn 0.1102 0.8658 -0.4880
vn 0.1263 0.8443 -0.5208
vn 0.1337 0.9910 -0.0000
vn 0.1961 -0.9803 0.0235
vn 0.2675 -0.9597 0.0865
vn 0.2436 -0.9583 0.1492
vn 0.2674 -0.9597 0.0865
vn 0.1494 -0.9826 0.1100
vn 0.1018 0.8769 -0.4697
vn 0.1096 0.9939 -0.0078
vn 0.0551 0.8576 0.5114
vn 0.0315 0.5361 0.8435
vn -0.7914 0.2351 -0.5642
vn 0.7914 0.2351 -0.5642
vn 0.9452 0.0472 0.3230
vn -0.0000 -0.2037 -0.9790
vn -0.5412 -0.4315 -0.7217
vn -0.0000 -0.4566 -0.8897
vn 0.5413 -0.4315 -0.7217
vn -0.0000 -0.9096 0.4156
vn 0.8912 -0.4534 -0.0157
vn 0.9483 -0.2978 -0.1098
vn 0.8418 -0.3934 -0.3698
vn 0.5413 -0.4314 -0.7217
vn -0.5413 -0.4315 -0.7217
vn -0.8418 -0.3934 -0.3698
vn -0.8912 -0.4534 -0.0157
vn 0.0001 -0.6455 0.7637
vt 0.213837 0.414062
vt 0.346771 0.385773
vt 0.261566 0.382568
vt 0.278229 0.351166
vt 0.249512 0.336700
vt 0.323853 0.422180
vt 0.169189 0.467682
vt 0.304840 0.445007
vt 0.169067 0.514587
vt 0.339447 0.549774
vt 0.169952 0.438629
vt 0.153015 0.445221
vt 0.153015 0.412781
vt 0.194000 0.382355
vt 0.227814 0.361511
vt 0.762695 0.433441
vt 0.702881 0.372589
vt 0.685211 0.416748
vt 0.599945 0.482880
vt 0.564636 0.547638
vt 0.615875 0.547638
vt 0.701294 0.547638
vt 0.763306 0.481689
vt 0.693298 0.463074
vt 0.852020 0.484619
vt 0.865601 0.420807
vt 0.779388 0.351440
vt 0.863678 0.350311
vt 0.863159 0.317108
vt 0.785767 0.322601
vt 0.616119 0.424561
vt 0.638367 0.376984
vt 0.761810 0.547638
vt 0.750793 0.362549
vt 0.960785 0.373657
vt 0.960785 0.470428
vt 0.989990 0.470428
vt 0.960785 0.577606
vt 0.989990 0.577606
vt 0.258850 0.417145
vt 0.215454 0.462830
vt 0.989990 0.373657
vt 0.224304 0.280914
vt 0.249512 0.291046
vt 0.315918 0.350281
vt 0.960785 0.256348
vt 0.989990 0.256348
vt 0.960785 0.106293
vt 0.989990 0.106293
vt 0.960785 0.009979
vt 0.989990 0.009979
vt 0.153015 0.392487
vt 0.178864 0.331635
vt 0.946075 0.612244
vt 0.946075 0.656006
vt 0.984955 0.612244
vt 0.984955 0.659607
vt 0.907135 0.659607
vt 0.903168 0.711578
vt 0.946075 0.710693
vt 0.946075 0.881500
vt 0.989990 0.711578
vt 0.009979 0.071777
vt 0.009979 0.009979
vt 0.119110 0.071777
vt 0.181732 0.009979
vt 0.220520 0.071106
vt 0.357330 0.009979
vt 0.393311 0.070312
vt 0.907135 0.612244
vt 0.153015 0.467682
vt 0.136383 0.505920
vt 0.017334 0.530609
vt 0.034241 0.569000
vt 0.016479 0.426331
vt 0.121033 0.425964
vt 0.121033 0.363800
vt 0.016479 0.363800
vt 0.081757 0.298065
vt 0.015533 0.298065
vt 0.081757 0.234344
vt 0.009979 0.234344
vt 0.083282 0.009979
vt 0.083282 0.071777
vt 0.122589 0.009979
vt 0.122589 0.071777
vt 0.192993 0.009979
vt 0.192993 0.071777
vt 0.366486 0.009979
vt 0.366486 0.071777
vt 0.534973 0.071777
vt 0.131226 0.234344
vt 0.121033 0.298065
vt 0.707001 0.925751
vt 0.690002 0.989990
vt 0.756653 0.989990
vt 0.566223 0.989990
vt 0.566376 0.917969
vt 0.553284 0.863068
vt 0.631042 0.863068
vt 0.548492 0.811584
vt 0.754974 0.923309
vt 0.683228 0.863068
vt 0.590118 0.738434
vt 0.590118 0.786713
vt 0.533813 0.786713
vt 0.390808 0.932434
vt 0.288879 0.898560
vt 0.393219 0.863068
vt 0.402344 0.989990
vt 0.300598 0.989990
vt 0.259064 0.863068
vt 0.260742 0.831177
vt 0.392914 0.811584
vt 0.800415 0.786713
vt 0.790131 0.718292
vt 0.867523 0.786713
vt 0.842987 0.715240
vt 0.867523 0.713928
vt 0.456451 0.863068
vt 0.235596 0.918549
vt 0.252991 0.989990
vt 0.813782 0.989990
vt 0.867523 0.989990
vt 0.823303 0.925751
vt 0.819214 0.863068
vt 0.867523 0.863068
vt 0.867523 0.925751
vt 0.163666 0.937561
vt 0.157227 0.989990
vt 0.095795 0.940430
vt 0.082642 0.989990
vt 0.009979 0.989990
vt 0.745880 0.721466
vt 0.744171 0.645752
vt 0.789856 0.638306
vt 0.743439 0.570251
vt 0.789398 0.569641
vt 0.454651 0.917969
vt 0.197327 0.888855
vt 0.189301 0.860443
vt 0.085052 0.907043
vt 0.009979 0.941040
vt 0.638000 0.786713
vt 0.633881 0.733093
vt 0.702026 0.786713
vt 0.686035 0.726227
vt 0.671112 0.650970
vt 0.671021 0.570251
vt 0.454651 0.989990
vt 0.474243 0.811584
vt 0.669495 0.118378
vt 0.700470 0.220062
vt 0.725372 0.132416
vt 0.070831 0.702454
vt 0.029724 0.687653
vt 0.078156 0.736969
vt 0.533813 0.738251
vt 0.009979 0.735840
vt 0.009979 0.786713
vt 0.076721 0.786713
vt 0.237793 0.670044
vt 0.269440 0.597382
vt 0.134247 0.663788
vt 0.100616 0.699219
vt 0.635040 0.651184
vt 0.290375 0.332397
vt 0.315460 0.187958
vt 0.265289 0.187958
vt 0.641602 0.193237
vt 0.620758 0.139587
vt 0.558075 0.145050
vt 0.323853 0.332397
vt 0.365662 0.226837
vt 0.365662 0.149078
vt 0.393646 0.473145
vt 0.436401 0.506042
vt 0.410492 0.549774
vt 0.461670 0.526733
vt 0.442322 0.549774
vt 0.489655 0.549774
vt 0.590118 0.676941
vt 0.551727 0.676941
vt 0.053986 0.670959
vt 0.076996 0.653229
vt 0.116241 0.606720
vt 0.159088 0.539703
vt 0.205261 0.136566
vt 0.225586 0.158417
vt 0.260803 0.114594
vt 0.285431 0.138245
vt 0.322632 0.100494
vt 0.332214 0.115753
vt 0.374023 0.093536
vt 0.757843 0.099091
vt 0.757843 0.171295
vt 0.733734 0.221283
vt 0.703400 0.332397
vt 0.725372 0.332397
vt 0.078156 0.786713
vt 0.009979 0.630676
vt 0.020844 0.630707
vt 0.034241 0.618439
vt 0.622437 0.099091
vt 0.558075 0.132416
vt 0.516235 0.132416
vt 0.516235 0.145050
vt 0.474426 0.132416
vt 0.474426 0.145050
vt 0.432587 0.126862
vt 0.432587 0.145050
vt 0.432587 0.198792
vt 0.432587 0.257385
vt 0.382385 0.332397
vt 0.432587 0.093536
vt 0.474426 0.093536
vt 0.516235 0.093536
vt 0.559265 0.093750
vt 0.867523 0.622528
vt 0.274811 0.665924
vt 0.311829 0.670044
vt 0.430054 0.629181
vt 0.224152 0.811584
vt 0.363556 0.350250
vt 0.387146 0.385284
vt 0.397522 0.414246
vt 0.811188 0.009979
vt 0.811188 0.071777
vt 0.923828 0.071777
vt 0.415375 0.663788
vt 0.472656 0.653229
vt 0.516205 0.690125
vt 0.471619 0.736969
vt 0.499878 0.665009
vt 0.449005 0.699219
vt 0.478821 0.702454
vt 0.923828 0.009979
vt 0.474426 0.196960
vt 0.386688 0.701050
vt 0.380554 0.727234
vt 0.762756 0.071777
vt 0.722961 0.009979
vt 0.682312 0.071777
vt 0.664703 0.009979
vt 0.616547 0.071777
vt 0.536041 0.009979
vt 0.558075 0.205505
vt 0.516235 0.214630
vt 0.622467 0.218903
vt 0.558075 0.266541
vt 0.662170 0.262268
vt 0.529144 0.672699
vt 0.509155 0.651947
vt 0.183594 0.831604
vt 0.093109 0.810852
vt 0.080872 0.818970
vt 0.074280 0.865692
vt 0.009979 0.871796
vt 0.009979 0.908600
vt 0.431580 0.364868
vt 0.160126 0.137482
vt 0.174927 0.154633
vt 0.168823 0.097809
vt 0.160706 0.234772
vt 0.174927 0.218597
vt 0.160126 0.217133
vt 0.174927 0.191132
vt 0.160126 0.191528
vt 0.924164 0.009979
vt 0.924164 0.071777
vt 0.820801 0.009979
vt 0.820801 0.071777
vt 0.730713 0.009979
vt 0.730713 0.071777
vt 0.608887 0.009979
vt 0.554565 0.071106
vt 0.513885 0.009979
vt 0.946808 0.101685
vt 0.883301 0.135376
vt 0.946808 0.201172
vt 0.883301 0.532166
vt 0.946808 0.583221
vt 0.883301 0.583221
vt 0.076294 0.818970
vt 0.009979 0.825928
vt 0.883301 0.101685
vt 0.009979 0.812103
vt 0.946808 0.474670
vt 0.883301 0.474670
vt 0.946808 0.422119
vt 0.883301 0.398621
vt 0.946808 0.343201
vt 0.883301 0.343781
vt 0.863159 0.284210
vt 0.153015 0.336700
vt 0.883301 0.201172
vt 0.946808 0.261963
vt 0.321136 0.699982
vt 0.274811 0.698364
vt 0.883301 0.307373
vt 0.883301 0.261963
vt 0.160126 0.154633
vt 0.226379 0.786713
vt 0.274811 0.786713
vt 0.228485 0.699982
vt 0.179596 0.811584
vt 0.865448 0.498352
vt 0.865448 0.517761
vt 0.154816 0.786713
vt 0.159424 0.732056
vt 0.162933 0.701050
vt 0.471619 0.786713
vt 0.386353 0.786713
vt 0.323273 0.786713
vt 0.757843 0.221283
vt 0.662415 0.332397
vt 0.757843 0.332397
vt 0.265289 0.332397
vt 0.558075 0.332397
vt 0.516235 0.332397
vt 0.432587 0.332397
vt 0.474426 0.332397
vt 0.474426 0.252502
vt 0.516235 0.268372
vt 0.785767 0.289703
vt 0.785767 0.256775
vt 0.863159 0.256775
vt 0.151917 0.321503
vt 0.171265 0.316406
vt 0.224304 0.255554
vt 0.249512 0.255554
s 1
usemtl m_body053
f 626/224/510 627/225/511 628/226/512
f 629/226/513 630/227/514 631/228/515
f 632/229/516 633/230/517 634/231/518
f 634/231/518 633/230/517 635/232/519
f 634/231/518 635/232/519 636/233/520
f 637/234/521 638/235/522 639/236/523
f 639/236/523 638/235/522 640/234/524
f 639/236/523 640/234/524 641/237/525
f 641/237/525 640/234/524 642/224/526
f 641/237/525 642/224/526 643/238/527
f 643/238/527 642/224/526 644/226/528
f 643/238/527 644/226/528 645/228/515
f 646/239/529 647/240/530 648/241/531
f 649/242/532 650/243/533 651/244/534
f 652/245/535 653/246/536 654/247/537
f 654/247/537 653/246/536 646/239/529
f 654/247/537 646/239/529 648/241/531
f 655/248/538 656/239/539 657/249/540
f 658/240/541 659/239/542 660/250/543
f 660/250/543 659/239/542 661/251/544
f 660/250/543 661/251/544 662/252/545
f 662/252/545 661/251/544 663/250/546
f 662/252/545 663/250/546 664/253/547
f 651/244/534 665/245/548 666/242/549
f 666/242/549 665/245/548 654/247/537
f 666/242/549 654/247/537 667/254/550
f 667/254/550 654/247/537 648/241/531
f 667/254/550 648/241/531 668/255/551
f 668/255/551 648/241/531 647/240/530
f 652/245/535 669/256/552 653/246/536
f 653/246/536 669/256/552 670/248/553
f 653/246/536 670/248/553 646/239/529
f 646/239/529 670/248/553 671/249/554
f 646/239/529 671/249/554 672/251/544
f 672/251/544 671/249/554 673/239/539
f 672/251/544 673/239/539 674/250/546
f 674/250/546 673/239/539 675/257/555
f 676/258/556 677/259/557 678/260/557
f 678/260/557 677/259/557 679/261/558
f 678/260/557 679/261/558 680/262/559
f 681/234/560 682/263/561 683/264/562
f 684/265/563 685/260/564 686/259/565
f 686/259/565 685/260/564 687/262/566
f 686/259/565 687/262/566 688/261/567
f 689/266/568 690/267/569 691/238/570
f 691/238/570 690/267/569 692/228/547
f 691/238/570 692/228/547 693/226/571
f 693/226/571 692/228/547 694/227/546
f 693/226/571 694/227/546 695/268/555
f 696/259/572 697/258/563 698/265/563
f 698/265/563 697/258/563 699/269/573
f 698/265/563 699/269/573 700/270/573
f 700/270/573 699/269/573 701/271/574
f 700/270/573 701/271/574 702/272/574
f 702/272/574 701/271/574 703/273/575
f 702/272/574 703/273/575 704/274/575
f 704/274/575 703/273/575 705/271/576
f 704/274/575 705/271/576 706/272/577
f 706/272/577 705/271/576 707/269/578
f 706/272/577 707/269/578 708/270/579
f 708/270/579 707/269/578 709/258/556
f 708/270/579 709/258/556 710/265/556
f 710/265/556 709/258/556 711/260/557
f 712/226/571 713/263/561 714/224/580
f 714/224/580 713/263/561 715/234/560
f 714/224/580 715/234/560 716/237/581
f 716/237/581 715/234/560 717/236/523
f 716/237/581 717/236/523 718/275/582
f 718/275/582 717/236/523 719/237/525
f 718/275/582 719/237/525 720/276/583
f 720/276/583 719/237/525 721/238/527
f 720/276/583 721/238/527 722/266/584
f 722/266/584 721/238/527 723/267/585
f 724/277/586 725/278/587 726/279/588
f 726/279/588 725/278/587 727/280/589
f 728/281/590 729/282/591 730/283/592
f 730/283/592 729/282/591 731/284/593
f 730/283/592 731/284/593 732/285/594
f 733/286/595 734/287/555 735/288/596
f 735/288/596 734/287/555 736/289/539
f 735/288/596 736/289/539 737/290/597
f 737/290/597 736/289/539 738/291/598
f 737/290/597 738/291/598 739/292/599
f 732/285/600 740/280/601 741/283/592
f 741/283/592 740/280/601 742/278/587
f 741/283/592 742/278/587 743/281/590
f 743/281/590 742/278/587 744/277/602
f 743/281/590 744/277/602 745/293/567
f 746/225/603 747/224/604 748/229/605
f 748/229/605 747/224/604 749/234/606
f 748/229/605 749/234/606 750/230/607
f 750/230/607 749/234/606 751/235/608
f 750/230/607 751/235/608 752/294/609
f 752/294/609 751/235/608 753/234/560
f 752/294/609 753/234/560 754/230/610
f 754/230/610 753/234/560 755/264/611
f 754/230/610 755/264/611 756/232/612
f 757/295/613 758/296/614 759/297/615
f 760/296/616 761/295/617 762/298/618
f 762/298/618 761/295/617 763/299/619
f 762/298/618 763/299/619 764/300/620
f 765/301/621 766/302/622 767/303/623
f 767/303/623 766/302/622 768/304/624
f 767/303/623 768/304/624 769/305/625
f 770/306/626 771/307/620 772/287/571
f 772/287/571 771/307/620 773/286/619
f 772/287/571 773/286/619 774/308/561
f 774/308/561 773/286/619 775/309/617
f 774/308/561 775/309/617 776/310/611
f 776/310/611 775/309/617 777/311/627
f 776/310/611 777/311/627 778/312/519
f 778/312/519 777/311/627 779/313/628
f 778/312/519 779/313/628 780/314/629
f 781/315/597 782/304/624 783/316/596
f 783/316/596 782/304/624 784/302/630
f 783/316/596 784/302/630 785/300/620
f 785/300/620 784/302/630 786/301/631
f 785/300/620 786/301/631 787/298/632
f 788/317/633 789/318/634 790/319/635
f 791/320/636 792/318/634 793/321/637
f 793/321/637 792/318/634 794/317/633
f 793/321/637 794/317/633 795/322/638
f 795/322/638 794/317/633 796/323/639
f 795/322/638 796/323/639 797/324/640
f 798/319/635 799/325/641 800/317/633
f 800/317/633 799/325/641 801/326/642
f 800/317/633 801/326/642 796/323/639
f 796/323/639 801/326/642 802/323/643
f 796/323/639 802/323/643 797/324/640
f 803/327/644 804/328/645 805/329/646
f 806/330/647 807/331/648 808/332/649
f 806/330/647 809/333/650 810/334/651
f 811/335/652 812/336/653 813/337/654
f 814/338/655 815/339/656 816/340/657
f 816/340/657 815/339/656 817/341/658
f 816/340/657 817/341/658 818/342/659
f 806/330/647 808/332/649 819/343/660
f 820/331/648 821/330/661 822/344/662
f 822/344/662 821/330/661 810/334/663
f 822/344/662 810/334/663 823/345/664
f 824/346/665 825/347/666 826/348/667
f 827/349/668 828/350/669 829/351/669
f 829/351/669 828/350/669 830/349/670
f 831/352/671 832/353/672 833/354/673
f 833/354/673 832/353/672 834/355/674
f 833/354/673 834/355/674 835/356/675
f 836/338/655 837/357/676 838/339/677
f 838/339/677 837/357/676 839/358/678
f 838/339/677 839/358/678 840/359/679
f 840/359/679 839/358/678 841/360/624
f 840/359/679 841/360/624 842/361/680
f 843/333/681 806/330/647 844/362/682
f 844/362/682 806/330/647 819/343/660
f 844/362/682 819/343/660 845/321/683
f 845/321/683 819/343/660 846/322/684
f 845/321/683 846/322/684 847/317/685
f 846/322/684 848/323/686 847/317/685
f 847/317/685 848/323/686 849/326/687
f 847/317/685 849/326/687 850/325/688
f 850/325/688 849/326/687 827/349/668
f 850/325/688 827/349/668 851/348/689
f 851/348/689 827/349/668 829/351/669
f 852/335/690 853/363/691 854/364/692
f 854/364/692 853/363/691 855/352/671
f 854/364/692 855/352/671 856/365/693
f 856/365/693 855/352/671 857/354/694
f 856/365/693 857/354/694 858/366/695
f 858/366/695 857/354/694 859/356/696
f 858/366/695 859/356/696 860/354/697
f 861/328/698 862/327/699 863/367/700
f 863/367/700 862/327/699 864/368/701
f 863/367/700 864/368/701 865/369/702
f 865/369/702 864/368/701 866/370/703
f 865/369/702 866/370/703 867/357/704
f 867/357/704 866/370/703 868/371/705
f 867/357/704 868/371/705 869/358/706
f 869/358/706 868/371/705 870/372/625
f 869/358/706 870/372/625 871/360/624
f 872/349/670 873/348/707 829/351/669
f 829/351/669 873/348/707 825/347/666
f 829/351/669 825/347/666 851/348/689
f 851/348/689 825/347/666 874/346/708
f 851/348/689 874/346/708 850/325/688
f 850/325/688 874/346/708 875/319/709
f 850/325/688 875/319/709 847/317/685
f 847/317/685 875/319/709 876/318/710
f 847/317/685 876/318/710 845/321/683
f 845/321/683 876/318/710 877/320/711
f 845/321/683 877/320/711 844/362/682
f 844/362/682 877/320/711 878/373/712
f 844/362/682 878/373/712 809/333/650
f 879/319/635 824/346/665 880/325/713
f 880/325/713 824/346/665 826/348/667
f 880/325/713 826/348/667 881/326/714
f 881/326/714 826/348/667 830/349/670
f 881/326/714 830/349/670 882/349/715
f 882/349/715 830/349/670 828/350/669
f 882/349/715 828/350/669 883/350/716
f 883/350/716 828/350/669 827/349/668
f 883/350/716 827/349/668 884/349/717
f 884/349/717 827/349/668 849/326/687
f 884/349/717 849/326/687 885/323/718
f 885/323/718 849/326/687 848/323/686
f 885/323/718 848/323/686 886/324/719
f 886/324/719 848/323/686 846/322/684
f 886/324/719 846/322/684 887/374/720
f 887/374/720 846/322/684 819/343/660
f 887/374/720 819/343/660 813/337/721
f 813/337/721 819/343/660 808/332/649
f 813/337/721 808/332/649 888/335/652
f 888/335/652 808/332/649 807/331/648
f 888/335/652 807/331/648 889/363/691
f 889/363/691 807/331/648 890/344/722
f 889/363/691 890/344/722 891/352/671
f 891/352/671 890/344/722 823/345/664
f 891/352/671 823/345/664 892/353/672
f 893/375/723 894/376/724 895/377/725
f 896/378/726 897/379/727 898/380/728
f 899/329/646 900/381/729 901/327/730
f 902/382/731 903/383/732 904/384/733
f 905/385/734 906/386/628 907/387/735
f 908/388/736 909/378/737 910/380/738
f 911/371/739 912/389/740 913/372/741
f 914/390/742 915/391/743 916/392/744
f 917/376/745 918/375/723 919/393/746
f 919/393/746 918/375/723 920/394/747
f 919/393/746 920/394/747 921/395/748
f 922/390/749 923/396/750 924/391/751
f 924/391/751 923/396/750 925/397/752
f 924/391/751 925/397/752 926/398/753
f 927/399/754 928/400/755 929/401/756
f 929/401/756 928/400/755 930/402/757
f 929/401/756 930/402/757 931/403/758
f 931/403/758 930/402/757 932/404/759
f 933/371/739 934/370/760 935/389/740
f 935/389/740 934/370/760 936/368/761
f 935/389/740 936/368/761 937/405/762
f 937/405/762 936/368/761 901/327/699
f 937/405/762 901/327/699 938/406/763
f 938/406/763 901/327/699 939/381/729
f 940/379/764 941/378/726 942/407/765
f 942/407/765 941/378/726 943/388/736
f 942/407/765 943/388/736 944/408/766
f 944/408/766 943/388/736 945/387/735
f 944/408/766 945/387/735 946/409/767
f 946/409/767 945/387/735 947/386/768
f 946/409/767 947/386/768 948/410/769
f 949/411/763 950/412/770 951/413/762
f 951/413/762 950/412/770 952/414/771
f 951/413/762 952/414/771 953/415/772
f 953/415/772 952/414/771 954/416/773
f 953/415/772 954/416/773 955/417/625
f 956/418/774 895/377/725 957/419/775
f 957/419/775 895/377/725 894/376/724
f 957/419/775 894/376/724 958/420/776
f 958/420/776 894/376/724 959/421/777
f 958/420/776 959/421/777 960/422/778
f 961/423/733 962/380/728 963/382/729
f 963/382/729 962/380/728 964/379/727
f 963/382/729 964/379/727 965/424/779
f 965/424/779 964/379/727 966/407/780
f 965/424/779 966/407/780 967/425/781
f 967/425/781 966/407/780 968/408/766
f 967/425/781 968/408/766 969/426/756
f 969/426/756 968/408/766 970/409/782
f 969/426/756 970/409/782 971/297/615
f 971/297/615 970/409/782 948/410/627
f 971/297/615 948/410/627 972/295/613
f 893/375/723 973/427/615 974/394/747
f 974/394/747 973/427/615 975/428/783
f 974/394/747 975/428/783 976/395/784
f 976/395/784 975/428/783 977/429/785
f 976/395/784 977/429/785 978/430/786
f 978/430/786 977/429/785 979/431/787
f 978/430/786 979/431/787 980/432/788
f 980/432/788 979/431/787 981/433/789
f 980/432/788 981/433/789 982/434/790
f 982/434/790 981/433/789 983/398/791
f 982/434/790 983/398/791 984/435/792
f 984/435/792 983/398/791 985/397/793
f 984/435/792 985/397/793 986/436/794
f 986/436/794 985/397/793 987/437/795
f 988/412/796 989/392/797 990/414/771
f 990/414/771 989/392/797 991/391/751
f 990/414/771 991/391/751 992/416/773
f 992/416/773 991/391/751 993/398/753
f 992/416/773 993/398/753 994/417/625
f 994/417/625 993/398/753 995/433/789
f 994/417/625 995/433/789 996/438/798
f 996/438/798 995/433/789 997/431/799
f 996/438/798 997/431/799 998/439/800
f 998/439/800 997/431/799 999/429/785
f 998/439/800 999/429/785 1000/440/632
f 1000/440/632 999/429/785 1001/428/783
f 1000/440/632 1001/428/783 1002/441/616
f 1002/441/616 1001/428/783 1003/427/615
f 1004/442/599 1005/359/801 1006/361/802
f 1007/385/803 1008/443/804 1009/386/768
f 1009/386/768 1008/443/804 1010/444/805
f 1009/386/768 1010/444/805 1011/445/629
f 1012/446/806 1013/374/720 1014/337/807
f 1015/227/808 1016/226/512 1017/447/541
f 1017/447/541 1016/226/512 1018/225/809
f 1017/447/541 1018/225/809 1019/448/810
f 1019/448/810 1018/225/809 1020/229/516
f 1019/448/810 1020/229/516 1021/449/811
f 1021/449/811 1020/229/516 1022/231/812
f 1021/449/811 1022/231/812 1023/399/813
f 1023/399/813 1022/231/812 1024/233/520
f 1023/399/813 1024/233/520 1025/401/814
f 1026/371/815 1027/370/816 1028/357/817
f 1029/450/818 1030/451/819 1031/452/820
f 1032/453/821 1033/454/822 1034/445/823
f 1035/381/824 1036/455/825 1037/456/826
f 1038/371/815 1039/357/827 1040/359/828
f 1041/457/829 1042/458/830 1043/459/831
f 1044/460/832 1045/450/818 1031/452/833
f 1046/370/816 1047/371/815 1048/368/834
f 1048/368/834 1047/371/815 1049/389/835
f 1048/368/834 1049/389/835 1050/327/836
f 1051/398/837 1052/434/838 1053/435/839
f 1053/435/839 1052/434/838 1054/461/840
f 1055/412/841 1056/414/842 1057/392/843
f 1057/392/843 1056/414/842 1058/391/844
f 1059/375/845 1060/394/846 1061/427/813
f 1061/427/813 1060/394/846 1062/428/847
f 1061/427/813 1062/428/847 1063/441/848
f 1063/441/848 1062/428/847 1064/440/810
f 1065/404/849 1066/402/850 1067/403/851
f 1067/403/851 1066/402/850 1068/400/852
f 1067/403/851 1068/400/852 1069/401/814
f 1069/401/814 1068/400/852 1070/399/813
f 1071/462/853 1072/463/854 1073/458/830
f 1073/458/830 1072/463/854 1074/456/855
f 1073/458/830 1074/456/855 1043/459/831
f 1043/459/831 1074/456/855 1075/455/825
f 1043/459/831 1075/455/825 1041/457/829
f 1030/451/819 1029/450/818 1076/464/856
f 1076/464/856 1029/450/818 1077/465/851
f 1076/464/856 1077/465/851 1078/466/857
f 1078/466/857 1077/465/851 1079/467/814
f 1078/466/857 1079/467/814 1080/468/822
f 1080/468/822 1079/467/814 1081/469/520
f 1080/468/822 1081/469/520 1082/314/823
f 1083/470/858 1084/471/859 1085/430/860
f 1085/430/860 1084/471/859 1086/432/861
f 1085/430/860 1086/432/861 1087/431/799
f 1087/431/799 1086/432/861 1088/433/862
f 1087/431/799 1088/433/862 1089/438/550
f 1089/438/550 1088/433/862 1090/417/549
f 1091/414/842 1092/416/863 1093/391/864
f 1093/391/864 1092/416/863 1094/398/865
f 1093/391/864 1094/398/865 1095/397/866
f 1095/397/866 1094/398/865 1096/435/867
f 1095/397/866 1096/435/867 1097/436/868
f 1098/438/550 1099/439/869 1100/431/787
f 1100/431/787 1099/439/869 1101/429/870
f 1100/431/787 1101/429/870 1102/430/871
f 1102/430/871 1101/429/870 1103/395/872
f 1102/430/871 1103/395/872 1104/470/873
f 1104/470/873 1103/395/872 1105/472/874
f 1104/470/873 1105/472/874 1106/473/875
f 1106/473/875 1105/472/874 1107/474/876
f 1108/389/877 1109/405/833 1050/327/836
f 1050/327/836 1109/405/833 1110/406/819
f 1050/327/836 1110/406/819 1111/381/824
f 1111/381/824 1110/406/819 1112/475/878
f 1111/381/824 1112/475/878 1075/455/825
f 1075/455/825 1112/475/878 1113/476/879
f 1075/455/825 1113/476/879 1041/457/829
f 1041/457/829 1113/476/879 1114/454/880
f 1041/457/829 1114/454/880 1042/458/830
f 1042/458/830 1114/454/880 1115/453/881
f 1042/458/830 1115/453/881 1116/462/882
f 1117/418/883 1118/419/884 1119/377/885
f 1119/377/885 1118/419/884 1120/376/886
f 1119/377/885 1120/376/886 1059/375/845
f 1059/375/845 1120/376/886 1121/393/887
f 1059/375/845 1121/393/887 1060/394/846
f 1060/394/846 1121/393/887 1122/395/872
f 1060/394/846 1122/395/872 1062/428/847
f 1062/428/847 1122/395/872 1123/429/870
f 1062/428/847 1123/429/870 1064/440/810
f 1064/440/810 1123/429/870 1124/439/551
f 1125/471/859 1126/461/840 1127/432/861
f 1127/432/861 1126/461/840 1128/434/838
f 1127/432/861 1128/434/838 1129/433/862
f 1129/433/862 1128/434/838 1130/398/888
f 1129/433/862 1130/398/888 1090/417/889
f 1090/417/889 1130/398/888 1131/416/890
f 1090/417/889 1131/416/890 1132/415/891
f 1132/415/891 1131/416/890 1133/414/892
f 1132/415/891 1133/414/892 1134/413/893
f 1134/413/893 1133/414/892 1135/412/894
f 1134/413/893 1135/412/894 1136/411/895
f 1137/323/896 1138/326/714 1139/349/897
f 1140/477/898 1141/478/899 1142/479/900
f 1143/324/901 1144/374/902 1145/322/903
f 1145/322/903 1144/374/902 1146/343/904
f 1145/322/903 1146/343/904 1147/321/905
f 1147/321/905 1146/343/904 1148/362/906
f 1147/321/905 1148/362/906 1149/320/907
f 1150/337/908 1151/336/909 1152/335/910
f 1152/335/910 1151/336/909 1153/477/911
f 1152/335/910 1153/477/911 1154/364/912
f 1154/364/912 1153/477/911 1155/479/913
f 1154/364/912 1155/479/913 1156/480/914
f 1156/480/914 1155/479/913 1157/481/915
f 1158/342/916 1159/341/917 1160/340/657
f 1160/340/657 1159/341/917 1161/339/918
f 1160/340/657 1161/339/918 1162/338/919
f 1162/338/919 1161/339/918 1163/357/827
f 1162/338/919 1163/357/827 1164/369/920
f 1164/369/920 1163/357/827 1165/370/816
f 1164/369/920 1165/370/816 1166/367/921
f 1166/367/921 1165/370/816 1167/368/922
f 1166/367/921 1167/368/922 1168/328/923
f 1168/328/923 1167/368/922 1169/327/924
f 1168/328/923 1169/327/924 1170/329/925
f 1170/329/925 1169/327/924 1171/381/926
f 1172/336/927 1173/335/690 1174/477/672
f 1174/477/672 1173/335/690 1175/364/692
f 1174/477/672 1175/364/692 1176/479/928
f 1176/479/928 1175/364/692 1177/480/929
f 1176/479/928 1177/480/929 1157/481/915
f 1157/481/915 1177/480/929 1178/482/930
f 1157/481/915 1178/482/930 1156/480/914
f 1156/480/914 1178/482/930 1179/365/931
f 1156/480/914 1179/365/931 1180/364/912
f 1180/364/912 1179/365/931 1181/352/932
f 1180/364/912 1181/352/932 1182/363/933
f 1182/363/933 1181/352/932 1183/344/934
f 1182/363/933 1183/344/934 1184/331/935
f 1184/331/935 1183/344/934 1185/330/936
f 1184/331/935 1185/330/936 1186/332/937
f 1186/332/937 1185/330/936 1187/343/938
f 1186/332/937 1187/343/938 1188/337/939
f 1188/337/939 1187/343/938 1189/374/940
f 1188/337/939 1189/374/940 1190/446/941
f 1191/447/541 1192/448/942 1193/483/943
f 1194/484/944 1195/485/945 1196/486/946
f 1197/487/534 1198/488/947 1199/489/948
f 1199/489/948 1198/488/947 1200/490/949
f 1199/489/948 1200/490/949 1201/491/950
f 1202/492/951 1203/493/833 1204/494/533
f 1204/494/533 1203/493/833 1205/495/877
f 1204/494/533 1205/495/877 1206/496/534
f 1206/496/534 1205/495/877 1207/497/815
f 1206/496/534 1207/497/815 1208/498/952
f 1208/498/952 1207/497/815 1209/499/953
f 1208/498/952 1209/499/953 1210/500/954
f 1211/501/955 1212/502/925 1213/503/956
f 1214/357/704 1215/338/957 1216/369/702
f 1217/504/700 1218/505/958 1219/506/959
f 1220/365/931 1221/354/960 1222/352/932
f 1223/507/900 1224/478/899 1225/508/696
f 1226/503/961 1227/502/962 1228/501/963
f 1228/501/963 1227/502/962 1229/509/959
f 1230/502/964 1231/501/955 1232/509/965
f 1233/330/936 1234/362/966 1235/343/938
f 1236/335/910 1237/364/912 1238/363/967
f 1239/478/899 1240/510/968 1241/508/696
f 1241/508/696 1240/510/968 1242/478/969
f 1241/508/696 1242/478/969 1243/507/970
f 1238/363/967 1244/331/971 1236/335/910
f 1236/335/910 1244/331/971 1245/332/972
f 1236/335/910 1245/332/972 1246/337/908
f 1247/479/900 1225/508/696 1248/481/915
f 1248/481/915 1225/508/696 1249/479/970
f 1249/479/970 1250/478/973 1251/477/974
f 1218/505/958 1217/504/700 1252/511/975
f 1252/511/975 1217/504/700 1253/512/976
f 1252/511/975 1253/512/976 1254/513/977
f 1254/513/977 1253/512/976 1255/514/655
f 1254/513/977 1255/514/655 1256/515/978
f 1255/514/655 1257/516/979 1256/515/978
f 1256/515/978 1257/516/979 1258/514/980
f 1256/515/978 1258/514/980 1259/513/981
f 1259/513/981 1258/514/980 1260/512/982
f 1259/513/981 1260/512/982 1261/511/983
f 1261/511/983 1260/512/982 1262/504/984
f 1261/511/983 1262/504/984 1263/505/985
f 1263/505/985 1262/504/984 1264/506/986
f 1221/354/960 1220/365/931 1265/366/987
f 1265/366/987 1220/365/931 1266/482/930
f 1265/366/987 1266/482/930 1267/365/693
f 1267/365/693 1266/482/930 1268/480/988
f 1267/365/693 1268/480/988 1269/364/989
f 1270/356/675 1271/355/990 1221/354/960
f 1221/354/960 1271/355/990 1272/353/991
f 1221/354/960 1272/353/991 1222/352/932
f 1222/352/932 1272/353/991 1273/345/992
f 1222/352/932 1273/345/992 1274/344/993
f 1274/344/993 1273/345/992 1275/334/994
f 1274/344/993 1275/334/994 1233/330/936
f 1233/330/936 1275/334/994 1276/333/995
f 1233/330/936 1276/333/995 1234/362/966
f 1234/362/966 1276/333/995 1277/373/996
f 1234/362/966 1277/373/996 1278/320/636
f 1279/276/997 1280/266/998 1281/238/570
f 1282/253/547 1283/517/999 1284/252/545
f 1284/252/545 1283/517/999 1285/253/515
f 1284/252/545 1285/253/515 1286/250/543
f 1287/276/1000 1288/518/1001 1289/275/1002
f 1289/275/1002 1288/518/1001 1290/276/1003
f 1289/275/1002 1290/276/1003 1291/237/581
f 1291/237/581 1290/276/1003 1292/238/1004
f 1291/237/581 1292/238/1004 1293/224/580
f 1293/224/580 1292/238/1004 1294/226/1005
f 1295/503/956 1296/519/1006 1297/520/1007
f 1298/521/1008 1299/443/1009 1300/522/1010
f 1301/446/1011 1302/336/1012 1303/337/1013
f 1304/515/1014 1305/523/1015 1306/520/1016
f 1307/453/821 1308/445/823 1309/444/1017
f 1296/519/1006 1295/503/956 1310/502/1018
f 1311/462/1019 1298/521/1008 1312/463/1020
f 1313/469/1021 1314/312/519 1315/314/629
f 1305/523/1015 1316/524/1022 1306/520/1016
f 1306/520/1016 1316/524/1022 1317/519/1023
f 1306/520/1016 1317/519/1023 1318/503/1024
f 1318/503/1024 1317/519/1023 1319/502/1025
f 1299/443/1009 1298/521/1008 1309/444/1017
f 1309/444/1017 1298/521/1008 1311/462/1019
f 1309/444/1017 1311/462/1019 1307/453/821
f 1320/491/1026 1321/490/949 1322/525/1027
f 1322/525/1027 1321/490/949 1323/485/945
f 1322/525/1027 1323/485/945 1324/484/944
f 1325/339/1028 1326/359/679 1327/341/658
f 1327/341/658 1326/359/679 1328/442/599
f 1329/526/1029 1330/527/1030 1331/528/1031
f 1332/230/1032 1333/232/1033 1334/294/1034
f 1334/294/1034 1333/232/1033 1335/230/607
f 1302/336/1012 1301/446/1011 1336/477/1035
f 1336/477/1035 1301/446/1011 1337/529/1036
f 1336/477/1035 1337/529/1036 1338/478/1037
f 1339/499/1038 1340/292/599 1341/500/954
f 1341/500/954 1340/292/599 1342/291/945
f 1343/530/1039 1344/248/1040 1345/256/1041
f 1346/248/1042 1347/249/540 1348/531/1039
f 1348/531/1039 1347/249/540 1344/248/553
f 1349/478/969 1350/529/1043 1351/477/672
f 1351/477/672 1350/529/1043 1352/446/1044
f 1351/477/672 1352/446/1044 1353/336/927
f 1353/336/927 1352/446/1044 1354/337/1045
f 1355/423/1046 1356/532/1047 1357/380/738
f 1357/380/738 1356/532/1047 1358/533/1048
f 1357/380/738 1358/533/1048 1359/388/1049
f 1359/388/1049 1358/533/1048 1360/534/1050
f 1359/388/1049 1360/534/1050 1361/387/1051
f 1356/532/1047 1329/526/1029 1358/533/1048
f 1358/533/1048 1329/526/1029 1331/528/1031
f 1358/533/1048 1331/528/1031 1360/534/1050
f 1360/534/1050 1331/528/1031 1362/385/1052
f 1360/534/1050 1362/385/1052 1361/387/1051
f 1296/519/1006 1363/524/1053 1297/520/1007
f 1297/520/1007 1363/524/1053 1364/523/1054
f 1297/520/1007 1364/523/1054 1304/515/1014
f 1304/515/1014 1364/523/1054 1365/516/1055
f 1304/515/1014 1365/516/1055 1305/523/1015
f 1366/357/827 1367/339/1056 1368/359/828
f 1368/359/828 1367/339/1056 1369/341/1057
f 1368/359/828 1369/341/1057 1328/442/599
f 1328/442/599 1369/341/1057 1370/342/659
f 1328/442/599 1370/342/659 1327/341/658
f 1371/329/925 1372/381/1058 1373/535/1059
f 1373/535/1059 1372/381/1058 1374/456/1060
f 1373/535/1059 1374/456/1060 1375/536/1061
f 1375/536/1061 1374/456/1060 1312/463/1020
f 1375/536/1061 1312/463/1020 1376/537/1062
f 1376/537/1062 1312/463/1020 1298/521/1008
f 1376/537/1062 1298/521/1008 1330/527/1030
f 1330/527/1030 1298/521/1008 1300/522/1010
f 1330/527/1030 1300/522/1010 1331/528/1031
f 1331/528/1031 1300/522/1010 1299/443/1009
f 1331/528/1031 1299/443/1009 1362/385/1052
f 1377/461/1063 1378/434/790 1379/435/792
f 1380/397/1064 1381/396/1065 1382/437/1066
f 1383/419/1067 1384/420/1068 1385/538/1069
f 1385/538/1069 1384/420/1068 1386/422/1070
f 1387/470/1071 1388/473/1072 1389/472/1073
f 1389/472/1073 1388/473/1072 1390/474/1074
f 1391/434/790 1392/461/1075 1393/432/1076
f 1393/432/1076 1392/461/1075 1394/471/859
f 1393/432/1076 1394/471/859 1395/430/786
f 1395/430/786 1394/471/859 1396/470/1077
f 1395/430/786 1396/470/1077 1397/395/748
f 1397/395/748 1396/470/1077 1398/472/1078
f 1397/395/748 1398/472/1078 1399/393/746
f 1399/393/746 1398/472/1078 1400/474/1074
f 1399/393/746 1400/474/1074 1401/376/745
f 1401/376/745 1400/474/1074 1402/539/1079
f 1401/376/745 1402/539/1079 1403/421/777
f 1404/422/1080 1405/540/1081 1406/538/744
f 1407/392/1069 1408/541/1082 1409/390/742
f 1410/539/1079 1411/474/1083 1412/542/1084
f 1412/542/1084 1411/474/1083 1413/473/1072
f 1412/542/1084 1413/473/1072 1414/543/1085
f 1415/437/1066 1416/544/1086 1417/436/1087
f 1417/436/1087 1416/544/1086 1418/545/1088
f 1417/436/1087 1418/545/1088 1419/546/1089
f 1419/546/1089 1418/545/1088 1414/543/1085
f 1419/546/1089 1414/543/1085 1420/547/1090
f 1420/547/1090 1414/543/1085 1413/473/1072
f 1420/547/1090 1413/473/1072 1421/470/1091
f 1421/470/1091 1422/471/859 1420/547/1090
f 1420/547/1090 1422/471/859 1423/461/1075
f 1420/547/1090 1423/461/1075 1419/546/1089
f 1419/546/1089 1423/461/1075 1424/435/792
f 1419/546/1089 1424/435/792 1417/436/1087
f 1425/420/1092 1426/419/841 1427/538/1093
f 1428/395/1094 1429/393/1095 1430/472/874
f 1430/472/874 1429/393/1095 1431/376/1096
f 1430/472/874 1431/376/1096 1432/474/876
f 1433/419/884 1434/420/1092 1435/376/1097
f 1436/436/1098 1437/437/1099 1438/397/1100
f 1438/397/1100 1437/437/1099 1439/396/1101
f 1438/397/1100 1439/396/1101 1440/391/1102
f 1440/391/1102 1439/396/1101 1441/390/1103
f 1440/391/1102 1441/390/1103 1442/392/1104
f 1443/538/1105 1444/422/1106 1445/420/1092
f 1445/420/1092 1444/422/1106 1446/421/1107
f 1445/420/1092 1446/421/1107 1447/376/1096
f 1447/376/1096 1446/421/1107 1448/539/1108
f 1447/376/1096 1448/539/1108 1449/474/1109
f 1450/436/1098 1451/544/1110 1452/437/1111
f 1450/436/1098 1453/435/839 1454/546/1112
f 1455/461/1113 1456/471/859 1457/547/1114
f 1457/547/1114 1456/471/859 1458/470/858
f 1457/547/1114 1458/470/858 1459/473/875
f 1460/390/1115 1461/541/1116 1462/392/843
f 1463/538/1117 1464/540/1118 1465/422/1119
f 1451/544/1110 1450/436/1098 1466/545/1120
f 1466/545/1120 1450/436/1098 1454/546/1112
f 1466/545/1120 1454/546/1112 1467/543/1121
f 1453/435/839 1455/461/1113 1454/546/1112
f 1454/546/1112 1455/461/1113 1457/547/1114
f 1454/546/1112 1457/547/1114 1467/543/1121
f 1467/543/1121 1457/547/1114 1459/473/875
f 1467/543/1121 1459/473/875 1468/542/1122
f 1468/542/1122 1459/473/875 1469/474/1123
f 1468/542/1122 1469/474/1123 1470/539/1108
f 1471/517/659 1472/253/1124 1473/548/569
f 1474/517/659 1475/548/585 1476/253/1125
f 1477/238/1126 1478/228/515 1479/267/585
f 1480/517/1127 1481/548/569 1482/549/1128
f 1482/549/1128 1483/550/1129 1480/517/1127
f 1480/517/1127 1483/550/1129 1484/549/1130
f 1480/517/1127 1484/549/1130 1485/548/585
f 1486/551/1131 1487/276/1000 1488/552/1132
f 1488/552/1132 1487/276/1000 1489/266/1133
f 1488/552/1132 1489/266/1133 1490/553/1134
f 1490/553/1134 1489/266/1133 1491/267/585
f 1490/553/1134 1491/267/585 1492/554/1135
f 1493/554/1136 1494/267/569 1495/553/1137
f 1495/553/1137 1494/267/569 1496/266/568
f 1495/553/1137 1496/266/568 1497/552/1138
f 1497/552/1138 1496/266/568 1498/276/1003
f 1497/552/1138 1498/276/1003 1486/551/1131
f 1486/551/1131 1498/276/1003 1499/518/1139
f 1486/551/1131 1499/518/1139 1487/276/1000
o editpl_m-0000-68
v 0.000000 -23.613941 7.345180
v -0.547257 -23.517546 1.253838
v 0.000000 -23.626795 1.998070
v -2.392218 -3.746614 -9.973152
v -2.129427 0.041771 -8.817949
v 0.000000 -4.006884 -9.169890
v 0.000000 0.041771 -8.183559
v 2.129427 0.041771 -8.817949
v -0.547257 -23.517546 1.253838
v 0.000000 -23.613941 7.345180
v -2.530387 -21.403248 7.991524
v 0.000000 -20.744537 12.188663
v -5.960227 -16.229965 10.889246
v 0.000000 -13.277018 14.103788
v -10.156769 -11.146654 10.919882
v -5.055356 -0.909340 11.581918
v -7.046614 -0.751892 10.094202
v 0.000000 -9.703921 -11.528864
v 2.392218 -3.746614 -9.973152
v 2.381382 -9.999537 -12.186418
v 7.656183 -3.894422 -9.262546
v 8.035470 -10.295153 -11.706703
v 11.931291 -3.936193 -6.979040
v 12.546278 -10.304793 -9.508380
v 17.924028 -6.905206 -2.429960
v 2.129427 0.041771 -8.817949
v 2.392218 -3.746614 -9.973152
v 0.000000 -4.006884 -9.169890
v -5.055356 -0.909340 11.581918
v 0.000000 -13.277018 14.103788
v 0.000000 -0.931832 12.257405
v 5.055356 -0.909340 11.581918
v 0.000000 -23.626795 1.998070
v 0.547257 -23.517546 1.253838
v 0.000000 -23.613941 7.345180
v 2.530387 -21.403248 7.991524
v 0.000000 -20.744537 12.188663
v 5.960227 -16.229965 10.889246
v 0.000000 -13.277018 14.103788
v 10.156769 -11.146654 10.919882
v 5.055356 -0.909340 11.581918
v 7.046614 -0.751892 10.094202
v 2.129427 0.041771 -8.817949
v 4.242598 0.041771 -8.234370
v 2.392218 -3.746614 -9.973152
v 6.957210 0.041771 -6.949898
v 7.656183 -3.894422 -9.262546
v 11.570968 0.041772 -5.922470
v 11.931291 -3.936193 -6.979040
v 14.502316 0.038559 -1.479497
v 17.924028 -6.905206 -2.429960
v 15.344875 -0.266697 4.414579
v 17.718128 -6.885927 4.894294
v 12.925565 -0.523754 7.015653
v 10.156769 -11.146654 10.919882
v 10.530638 -0.677988 8.621430
v 7.046614 -0.751892 10.094202
v -13.212740 5.600640 -0.889192
v -14.502316 0.038559 -1.479497
v -15.344875 -0.266697 4.414579
v -3.158920 4.771630 10.041149
v -6.320550 5.240759 8.717822
v -7.046614 -0.751892 10.094202
v -9.847921 4.620608 6.297575
v -8.769661 -0.755105 9.259557
v 0.000000 -0.931832 12.257405
v 5.055356 -0.909340 11.581918
v 3.158920 4.771630 10.041149
v 7.046614 -0.751892 10.094202
v 3.158920 4.771630 10.041149
v 0.000000 4.771630 9.748239
v 0.000000 -0.931832 12.257405
v -5.055356 -0.909340 11.581918
v 8.769661 -0.755105 9.259557
v 9.847921 4.620608 6.297575
v 6.320550 5.240759 8.717822
v -13.212740 5.600640 -0.889192
v -12.708830 5.600640 2.820756
v -12.925565 -0.523754 7.015653
v -10.530638 -0.677988 8.621430
v 8.769661 -0.755105 9.259557
v 10.530638 -0.677988 8.621430
v 9.847921 4.620608 6.297575
v 12.925565 -0.523754 7.015653
v 12.708830 5.600640 2.820756
v 15.344875 -0.266697 4.414579
v 13.212740 5.600640 -0.889192
v -11.570968 0.041772 -5.922470
v -9.636603 5.600639 -4.773993
v -6.957210 0.041771 -6.949898
v -6.548122 5.600639 -5.737906
v -4.242598 0.041771 -8.234370
v -4.212797 5.600639 -7.205448
v -2.129427 0.041771 -8.817949
v -1.167663 5.600639 -8.009457
v 0.000000 0.041771 -8.183559
v 0.000000 5.600639 -7.210679
v 1.167663 5.600639 -8.009457
v 2.129427 0.041771 -8.817949
v 4.212797 5.600639 -7.205448
v 4.242598 0.041771 -8.234370
v 6.548122 5.600639 -5.737906
v 6.957210 0.041771 -6.949898
v 9.636603 5.600639 -4.773993
v 11.570968 0.041772 -5.922470
v 14.502316 0.038559 -1.479497
v -17.718128 -6.885927 4.894294
v -21.459526 -19.125076 8.981593
v -17.246731 -19.793427 10.083743
v -7.656183 -3.894422 -9.262546
v -2.392218 -3.746614 -9.973152
v -2.381382 -9.999537 -12.186418
v 0.000000 -9.703921 -11.528864
v -1.205591 -18.582045 -13.417838
v -13.342781 -18.080780 -10.859355
v -16.065521 -11.885696 -6.630834
v -12.546278 -10.304793 -9.508380
v -17.924028 -6.905206 -2.429960
v -17.718128 -6.885927 4.894294
v -10.156769 -11.146654 10.919882
v -12.045077 -21.306850 13.187696
v -5.960227 -16.229965 10.889246
v -7.436738 -21.949495 11.951794
v -1.931655 -23.793882 8.714835
v -5.659506 -25.313734 -12.152045
v -0.585186 -24.083073 -6.520244
v -0.563512 -26.149172 -6.617383
v -0.547257 -23.517546 1.253838
v -0.192353 -25.236618 1.434665
v -2.530387 -21.403248 7.991524
v -1.931655 -23.793882 8.714835
v -5.201653 -23.514334 -11.818785
v -9.642022 -21.679585 -11.875574
v -7.377136 -19.414268 -13.117455
v -13.342781 -18.080780 -10.859355
v -8.035470 -10.295153 -11.706703
v -11.931291 -3.936193 -6.979040
v -0.842559 -22.560007 -10.631453
v -5.201653 -23.514334 -11.818785
v -7.377136 -19.414268 -13.117455
v -2.381382 -9.999537 -12.186418
v -8.035470 -10.295153 -11.706703
v -7.656183 -3.894422 -9.262546
v -11.931291 -3.936193 -6.979040
v -7.046614 -0.751892 10.094202
v -10.530638 -0.677988 8.621430
v -10.156769 -11.146654 10.919882
v -12.925565 -0.523754 7.015653
v -17.718128 -6.885927 4.894294
v -15.344875 -0.266697 4.414579
v -17.924028 -6.905206 -2.429960
v -14.502316 0.038559 -1.479497
v -11.570968 0.041772 -5.922470
v -7.656183 -3.894422 -9.262546
v -6.957210 0.041771 -6.949898
v -2.392218 -3.746614 -9.973152
v -4.242598 0.041771 -8.234370
v -2.129427 0.041771 -8.817949
v -21.459526 -19.125076 8.981593
v -17.718128 -6.885927 4.894294
v -20.627804 -18.810181 4.048442
v -17.924028 -6.905206 -2.429960
v -21.809013 -19.253605 -2.636940
v -16.065521 -11.885696 -6.630834
v -17.536613 -22.553579 -9.975392
v -13.342781 -18.080780 -10.859355
v -11.495111 -24.346556 -11.773952
v -9.642022 -21.679585 -11.875574
v -5.659506 -25.313734 -12.152045
v -5.201653 -23.514334 -11.818785
v -0.585186 -24.083073 -6.520244
v 15.163359 1.073215 -1.670785
v 15.195870 -0.401652 -1.666302
v 12.129062 -0.735828 -6.302805
v -10.899088 -1.384896 9.531545
v -10.668806 0.041773 9.645870
v -15.293401 0.697268 4.971258
v 5.659506 0.382372 -8.748458
v 12.104679 0.729401 -6.000928
v 15.436988 -0.681202 4.992928
v 15.293401 0.697268 4.971258
v 10.668806 0.041773 9.645870
v -12.104679 0.729401 -6.000928
v -5.659506 0.382372 -8.748458
v -5.748910 -1.153546 -9.009238
v 0.000000 0.263483 -9.432912
v 0.000000 -1.256369 -9.693692
v 5.748910 -1.153546 -9.009238
v -15.436988 -0.681202 4.992928
v -15.163359 1.073215 -1.670785
v -15.195870 -0.401652 -1.666302
v -12.129062 -0.735828 -6.302805
v -5.049938 -0.449850 12.130378
v -5.198943 -1.892585 12.029503
v 0.000000 -0.549459 12.699760
v 0.000000 -2.075738 12.649696
v 5.049938 -0.449850 12.130378
v 5.198943 -1.892585 12.029503
v 10.899088 -1.384896 9.531545
v 0.000000 -22.489317 -8.318057
v 0.000000 -18.414955 -11.928627
v 1.205591 -18.582045 -13.417838
v 5.201653 -23.514334 -11.818785
v 0.585186 -24.083073 -6.520244
v 0.842559 -22.560007 -10.631453
v 0.547257 -23.517546 1.253838
v 0.000000 -23.626795 1.998070
v 0.000000 -22.489317 -8.318057
v -0.547257 -23.517546 1.253838
v -0.585186 -24.083073 -6.520244
v 13.342781 -18.080780 -10.859355
v 9.642022 -21.679585 -11.875574
v 7.377136 -19.414268 -13.117455
v 1.205591 -18.582045 -13.417838
v 0.000000 -22.489317 -8.318057
v 0.547257 -23.517546 1.253838
v 17.924028 -6.905206 -2.429960
v 16.065521 -11.885696 -6.630834
v 12.546278 -10.304793 -9.508380
v 13.342781 -18.080780 -10.859355
v 8.035470 -10.295153 -11.706703
v 7.377136 -19.414268 -13.117455
v 2.381382 -9.999537 -12.186418
v 0.000000 -9.703921 -11.528864
v -1.205591 -18.582045 -13.417838
v -0.842559 -22.560007 -10.631453
v -5.201653 -23.514334 -11.818785
v 13.185648 -30.628399 -8.232126
v 13.922549 -27.158121 -8.008708
v 17.506811 -24.507217 -4.896534
v 15.301528 -22.829918 10.107654
v 14.686541 -31.736959 10.337799
v 19.625402 -21.409676 5.253708
v 5.654088 -26.949263 -9.509126
v 5.475281 -30.136776 -9.578618
v 1.037621 -29.012150 -4.069361
v 18.834316 -6.885927 0.242100
v 22.239775 -13.447319 4.460160
v 20.958326 -13.360562 0.498397
v 20.113056 -6.975896 4.204610
v 17.081469 -7.846679 7.351155
v 19.205477 -14.318100 7.606706
v 17.374062 -3.817304 0.061272
v 21.741283 -9.360105 4.361526
v 20.679279 -9.771397 0.423675
v 18.436066 -3.406012 3.998377
v 15.621213 -4.778056 7.169581
v 18.926430 -10.728935 7.532731
v 16.070938 -1.053936 -0.118808
v 20.803902 -6.079409 4.210588
v 19.871939 -6.699560 0.286934
v 17.005611 -0.433784 3.804100
v 14.318091 -2.011475 6.989501
v 18.119089 -7.660313 7.395989
v 2.530387 -21.403248 7.991524
v 1.931655 -23.793882 8.714835
v 5.960227 -16.229965 10.889246
v 13.922549 -27.158121 -8.008708
v 13.185648 -30.628399 -8.232126
v 5.114958 -18.376396 9.247602
v 2.113171 -20.513187 4.872626
v 1.305832 -24.324064 4.850958
v 1.173081 -22.354361 -4.872623
v 1.064713 -26.088121 -5.095295
v 1.037621 -29.012150 -4.069361
v 1.173081 -22.354361 -4.872623
v 5.201653 -23.135174 -11.303950
v 1.064713 -26.088121 -5.095295
v 20.039909 -22.029825 -0.609730
v 17.506811 -24.507217 -4.896534
v 17.439081 -22.402559 -5.849240
v 13.922549 -27.158121 -8.008708
v 14.811164 -22.929527 -9.668284
v 7.436738 -21.949495 11.951794
v 12.045077 -21.306850 13.187696
v 10.156769 -11.146654 10.919882
v 17.246731 -19.793427 10.083743
v 17.718128 -6.885927 4.894294
v 1.931655 -23.793882 8.714835
v 2.530387 -21.403248 7.991524
v 0.192353 -25.236618 1.434665
v 0.547257 -23.517546 1.253838
v 0.563512 -26.149172 -6.617383
v 0.585186 -24.083073 -6.520244
v 5.659506 -25.313734 -12.152045
v 14.686541 -31.736959 10.337799
v 15.301528 -22.829918 10.107654
v 9.021616 -31.952244 11.050647
v 10.118840 -23.475775 10.935574
v 4.234470 -30.830832 9.361181
v 4.860294 -24.089499 9.202770
v 1.037621 -29.471640 4.612595
v 15.301528 -22.829918 10.107654
v 10.801557 -16.319937 9.291688
v 10.118840 -23.475775 10.935574
v 4.860294 -24.089499 9.202770
v 1.037621 -29.471640 4.612595
v 21.459526 -19.125076 8.981593
v 20.809320 -18.665586 4.633515
v 17.924028 -6.905206 -2.429960
v 21.809013 -19.109011 -2.636940
v 16.065521 -11.885696 -6.630834
v 17.536613 -22.553579 -9.975392
v 13.342781 -18.080780 -10.859355
v 11.495111 -24.346556 -11.773952
v 9.642022 -21.679585 -11.875574
v 5.201653 -23.514334 -11.818785
v 5.475281 -30.136776 -9.578618
v 5.654088 -26.949263 -9.509126
v 5.201653 -23.135174 -11.303950
v 13.535134 -19.205406 -10.279511
v 17.439081 -22.402559 -5.849240
v 15.859622 -15.728704 -6.148129
v 20.039909 -22.029825 -0.609730
v 19.154001 -13.874677 -1.439893
v 19.625402 -21.409676 5.253708
v 18.747623 -13.746149 4.413833
v 15.301528 -22.829918 10.107654
v 13.843982 -15.169603 8.468251
v 10.801557 -16.319937 9.291688
v -1.305832 -24.324064 4.850958
v -1.037621 -29.471640 4.612595
v -1.037621 -29.012150 -4.069361
v -5.960227 -16.229965 10.889246
v -1.931655 -23.793882 8.714835
v -2.530387 -21.403248 7.991524
v -5.475281 -30.136776 -9.578618
v -13.185648 -30.628399 -8.232126
v -13.922549 -27.158121 -8.008708
v -17.506811 -24.507217 -4.896534
v -1.064713 -26.088121 -5.095295
v -1.305832 -24.324064 4.850958
v -1.064713 -26.088121 -5.095295
v -1.173081 -22.354361 -4.872623
v -1.305832 -24.324064 4.850958
v -2.113171 -20.513187 4.872626
v -5.114958 -18.376396 9.247602
v -1.037621 -29.012150 -4.069361
v -5.654088 -26.949263 -9.509126
v -1.064713 -26.088121 -5.095295
v -5.201653 -23.135174 -11.303950
v -1.173081 -22.354361 -4.872623
v -14.811164 -22.929527 -9.668284
v -13.922549 -27.158121 -8.008708
v -17.439081 -22.402559 -5.849240
v -17.506811 -24.507217 -4.896534
v -20.039909 -22.029825 -0.609730
v -1.037621 -29.471640 4.612595
v -4.860294 -24.089499 9.202770
v -4.234470 -30.830832 9.361181
v -10.118840 -23.475775 10.935574
v -9.021616 -31.952244 11.050647
v -15.301528 -22.829918 10.107654
v -14.686541 -31.736959 10.337799
v -19.625402 -21.409676 5.253708
v -1.037621 -29.471640 4.612595
v -1.305832 -24.324064 4.850958
v -4.860294 -24.089499 9.202770
v -5.114958 -18.376396 9.247602
v -10.118840 -23.475775 10.935574
v -10.801557 -16.319937 9.291688
v -15.301528 -22.829918 10.107654
v -10.801557 -16.319937 9.291688
v -13.843982 -15.169603 8.468251
v -15.301528 -22.829918 10.107654
v -18.747623 -13.746149 4.413833
v -19.625402 -21.409676 5.253708
v -19.154001 -13.874677 -1.439893
v -15.859622 -15.728704 -6.148129
v -17.439081 -22.402559 -5.849240
v -13.535134 -19.205406 -10.279511
v -14.811164 -22.929527 -9.668284
v -5.201653 -23.135174 -11.303950
v -13.922549 -27.158121 -8.008708
v -5.654088 -26.949263 -9.509126
v -5.475281 -30.136776 -9.578618
v -1.037621 -29.012150 -4.069361
v 2.392218 -3.746614 -9.973152
v 0.000000 -9.703921 -11.528864
v 0.000000 -4.006884 -9.169890
v -2.392218 -3.746614 -9.973152
v -5.916880 -88.713745 -2.716140
v -6.477683 -94.722466 -8.127511
v -7.168528 -89.497772 -8.089402
v -16.669670 -98.710068 -1.625944
v -14.654031 -97.983887 6.975312
v -14.448132 -95.956345 4.355555
v -12.250976 -99.712593 -7.367586
v -10.308484 -95.294418 -5.264909
v -7.271477 -99.712593 -7.219637
v -13.250668 -90.458527 -7.833107
v -13.781670 -95.053429 -7.892883
v -14.895149 -91.705254 -2.246885
v -6.477683 -94.722466 -8.127511
v -5.916880 -88.713745 -2.716140
v -4.096301 -98.385536 -1.439887
v -14.654031 -97.983887 6.975312
v -16.669670 -98.710068 -1.625944
v -16.065521 -102.553078 -0.736004
v -14.664868 -100.146378 -9.464288
v -13.917130 -105.078667 -8.519800
v -10.308484 -95.294418 -5.264909
v -12.250976 -99.712593 -7.367586
v -13.949640 -95.172318 -1.015466
v -4.025862 -102.459900 -0.536496
v -5.881660 -104.709152 -8.647575
v -5.543011 -99.654755 -9.592062
v -6.477683 -94.722466 -8.127511
v -13.781670 -95.053429 -7.892883
v -7.168528 -89.497772 -8.089402
v -13.250668 -90.458527 -7.833107
v -12.250976 -99.712593 -7.367586
v -13.667884 -98.453011 -2.463579
v -13.949640 -95.172318 -1.015466
v -12.318706 -99.314156 11.439954
v -11.790413 -94.465408 3.348302
v -8.533961 -97.546883 8.729785
v -8.642329 -94.465408 3.579941
v -6.136325 -99.731873 0.980361
v -5.651379 -95.734634 -0.550695
v -7.271477 -99.712593 -7.219637
v -10.308484 -95.294418 -5.264909
v -4.025862 -102.459900 -0.536496
v -4.096301 -98.385536 -1.439887
v -5.805803 -97.723610 6.826614
v -5.846441 -95.628593 4.629785
v -10.162187 -96.798203 9.080232
v -10.175733 -95.098412 6.514275
v -5.881660 -104.709152 -8.647575
v -5.543011 -99.654755 -9.592062
v -13.781670 -95.053429 -7.892883
v -16.669670 -98.710068 -1.625944
v -14.895149 -91.705254 -2.246885
v -14.448132 -95.956345 4.355555
v -12.730503 -89.616661 2.577171
v -10.175733 -95.098412 6.514275
v -7.677856 -89.497772 2.998603
v -5.846441 -95.628593 4.629785
v -5.916880 -88.713745 -2.716140
v -4.096301 -98.385536 -1.439887
v -14.686541 -66.895996 -9.699665
v -14.618811 -62.847340 -8.864272
v -6.474974 -62.895538 -8.998024
v -15.306947 -51.025909 3.567235
v -17.509521 -42.652264 0.524552
v -15.545356 -51.302246 -0.044082
v -3.855183 -64.119774 -1.462306
v -3.939168 -68.611855 -2.077268
v -6.474974 -62.895538 -8.998024
v -6.461428 -66.921700 -9.845373
v -14.686541 -66.895996 -9.699665
v -14.618811 -62.847340 -8.864272
v -17.292786 -63.685989 -2.222229
v -17.815660 -68.097740 -2.749767
v -14.009243 -64.376831 5.175254
v -3.939168 -68.611855 -2.077268
v -3.855183 -64.119774 -1.462306
v -7.233548 -69.270561 4.900277
v -7.060160 -64.649956 5.446495
v -6.190509 -41.553341 -7.954906
v -2.524969 -41.823250 -3.303459
v -2.416601 -53.802132 -3.543316
v -4.540609 -41.408745 7.833117
v -8.005669 -41.534061 9.890961
v -7.339207 -50.858822 7.712814
v -8.173639 -62.882687 -8.186543
v -12.922856 -62.464966 -7.716541
v -12.581497 -59.367424 -6.897589
v -15.829821 -62.802357 -4.800140
v -15.393641 -61.465656 -4.546832
v -17.509521 -42.652264 0.524552
v -15.306947 -51.025909 3.567235
v -17.341551 -42.208839 5.053455
v -12.554406 -50.858822 7.309315
v -13.651629 -41.714001 9.488209
v -2.524969 -41.183823 4.113452
v -2.416601 -52.388313 1.514620
v -2.524969 -41.823250 -3.303459
v -2.416601 -53.802132 -3.543316
v -12.540860 -42.061031 -7.623141
v -6.190509 -41.553341 -7.954906
v -6.984302 -53.519367 -6.689861
v -2.416601 -53.802132 -3.543316
v -2.885292 -59.071808 -4.208342
v -2.524969 -41.183823 4.113452
v -4.540609 -41.408745 7.833117
v -2.416601 -52.388313 1.514620
v -7.339207 -50.858822 7.712814
v -7.079124 -55.193455 7.342193
v -12.437910 -54.875343 6.938694
v -7.428610 -63.531754 4.342103
v -7.710366 -61.716286 5.349357
v -11.600769 -62.972656 3.938604
v -11.665790 -61.157188 4.946605
v -4.903641 -63.412865 -4.057402
v -2.885292 -59.071808 -4.208342
v -4.903641 -64.672447 0.094902
v -2.885292 -58.872589 -0.264512
v -7.428610 -63.531754 4.342103
v -5.079739 -57.853996 2.838695
v -7.710366 -61.716286 5.349357
v -15.545356 -51.302246 -0.044082
v -16.731983 -42.677967 -4.389170
v -15.052282 -52.250145 -4.215814
v -12.540860 -42.061031 -7.623141
v -11.977347 -53.519367 -6.127204
v -6.984302 -53.519367 -6.689861
v -8.089654 -59.367424 -7.460246
v -4.903641 -63.412865 -4.057402
v -5.117668 -72.252434 -5.675882
v -7.878336 -70.999275 -9.896183
v -8.173639 -62.882687 -8.186543
v -13.296725 -69.672218 -9.802033
v -12.922856 -62.464966 -7.716541
v -16.891825 -69.309120 -3.922156
v -15.829821 -62.802357 -4.800140
v -15.813566 -64.302925 0.619451
v -15.393641 -61.465656 -4.546832
v -15.328620 -59.573071 0.195029
v -15.328620 -59.573071 0.195029
v -11.600769 -62.972656 3.938604
v -13.592027 -58.326340 3.215294
v -12.437910 -54.875343 6.938694
v -7.079124 -55.193455 7.342193
v -2.416601 -52.388313 1.514620
v -2.885292 -58.872589 -0.264512
v -2.416601 -53.802132 -3.543316
v -2.885292 -59.071808 -4.208342
v -8.005669 -41.534061 9.890961
v -13.651629 -41.714001 9.488209
v -12.554406 -50.858822 7.309315
v -15.306947 -51.025909 3.567235
v -13.592027 -58.326340 3.215294
v -15.545356 -51.302246 -0.044082
v -15.328620 -59.573071 0.195029
v -15.052282 -52.250145 -4.215814
v -5.117668 -72.252434 -5.675882
v -12.345798 -66.108757 3.891529
v -11.600769 -62.972656 3.938604
v -15.328620 -59.573071 0.195029
v -16.547758 -79.299019 -3.159990
v -14.895149 -91.705254 -2.246885
v -12.730503 -89.616661 2.577171
v -14.009243 -64.376831 5.175254
v -7.233548 -69.270561 4.900277
v -7.060160 -64.649956 5.446495
v -17.815660 -68.097740 -2.749767
v -14.686541 -66.895996 -9.699665
v -14.889731 -71.169579 -10.629953
v -13.163974 -71.413780 3.701735
v -15.813566 -64.302925 0.619451
v -16.891825 -69.309120 -3.922156
v -7.428610 -63.531754 4.342103
v -7.946066 -66.815666 3.954296
v -4.903641 -64.672447 0.094902
v -4.903641 -63.412865 -4.057402
v -5.250418 -73.001106 -0.115813
v -5.117668 -72.252434 -5.675882
v -3.416294 -74.116096 -2.327586
v -7.848535 -80.732117 3.110685
v -5.800385 -81.239799 -2.728843
v -6.461428 -66.921700 -9.845373
v -3.939168 -68.611855 -2.077268
v -5.854568 -71.455551 -10.742036
v -3.416294 -74.116096 -2.327586
v -14.594429 -75.796608 -10.020222
v -13.871074 -78.842743 -9.116084
v -13.250668 -90.458527 -7.833107
v -7.168528 -89.497772 -8.089402
v -18.601328 -71.751167 -2.990371
v -13.990278 -80.076614 3.098729
v -14.090519 -68.875336 4.667892
v -3.939168 -68.611855 -2.077268
v -5.800385 -81.239799 -2.728843
v -7.125181 -78.910217 -9.174368
v -6.474974 -75.722710 -10.151732
v -5.916880 -88.713745 -2.716140
v -7.677856 -89.497772 2.998603
v -5.916880 -88.713745 -2.716140
v 7.339207 -50.858822 7.712814
v 7.079124 -55.193455 7.342193
v 12.437910 -54.875343 6.938694
v 2.416601 -52.388313 1.514620
v 2.524969 -41.183823 4.113452
v 2.524969 -41.823250 -3.303459
v 15.813566 -64.302925 0.619451
v 15.393641 -61.465656 -4.546832
v 15.328620 -59.573071 0.195029
v 2.885292 -58.872589 -0.264512
v 2.416601 -53.802132 -3.543316
v 2.885292 -59.071808 -4.208342
v 3.939168 -68.611855 -2.077268
v 3.855183 -64.119774 -1.462306
v 6.461428 -66.921700 -9.845373
v 6.474974 -62.895538 -8.998024
v 14.618811 -62.847340 -8.864272
v 7.060160 -64.649956 5.446495
v 3.855183 -64.119774 -1.462306
v 3.939168 -68.611855 -2.077268
v 2.416601 -53.802132 -3.543316
v 2.524969 -41.823250 -3.303459
v 6.190509 -41.553341 -7.954906
v 2.524969 -41.823250 -3.303459
v 2.416601 -53.802132 -3.543316
v 2.416601 -52.388313 1.514620
v 15.393641 -61.465656 -4.546832
v 15.829821 -62.802357 -4.800140
v 12.581497 -59.367424 -6.897589
v 12.922856 -62.464966 -7.716541
v 8.173639 -62.882687 -8.186543
v 13.651629 -41.714001 9.488209
v 12.554406 -50.858822 7.309315
v 17.341551 -42.208839 5.053455
v 15.306947 -51.025909 3.567235
v 17.509521 -42.652264 0.524552
v 15.545356 -51.302246 -0.044082
v 2.885292 -59.071808 -4.208342
v 2.416601 -53.802132 -3.543316
v 6.984302 -53.519367 -6.689861
v 6.190509 -41.553341 -7.954906
v 12.540860 -42.061031 -7.623141
v 2.524969 -41.183823 4.113452
v 2.416601 -52.388313 1.514620
v 4.540609 -41.408745 7.833117
v 8.005669 -41.534061 9.890961
v 7.428610 -63.531754 4.342103
v 11.600769 -62.972656 3.938604
v 7.710366 -61.716286 5.349357
v 11.665790 -61.157188 4.946605
v 14.009243 -64.376831 5.175254
v 14.090519 -68.875336 4.667892
v 17.292786 -63.685989 -2.222229
v 17.815660 -68.097740 -2.749767
v 14.686541 -66.895996 -9.699665
v 6.461428 -66.921700 -9.845373
v 7.710366 -61.716286 5.349357
v 5.079739 -57.853996 2.838695
v 7.428610 -63.531754 4.342103
v 2.885292 -58.872589 -0.264512
v 4.903641 -64.672447 0.094902
v 4.903641 -63.412865 -4.057402
v 4.903641 -63.412865 -4.057402
v 2.885292 -59.071808 -4.208342
v 8.089654 -59.367424 -7.460246
v 6.984302 -53.519367 -6.689861
v 11.977347 -53.519367 -6.127204
v 12.540860 -42.061031 -7.623141
v 15.052282 -52.250145 -4.215814
v 16.731983 -42.677967 -4.389170
v 15.545356 -51.302246 -0.044082
v 15.813566 -64.302925 0.619451
v 16.891825 -69.309120 -3.922156
v 13.296725 -69.672218 -9.802033
v 7.878336 -70.999275 -9.896183
v 5.117668 -72.252434 -5.675882
v 5.079739 -57.853996 2.838695
v 7.710366 -61.716286 5.349357
v 11.665790 -61.157188 4.946605
v 13.592027 -58.326340 3.215294
v 11.600769 -62.972656 3.938604
v 15.328620 -59.573071 0.195029
v 5.117668 -72.252434 -5.675882
v 4.903641 -63.412865 -4.057402
v 8.173639 -62.882687 -8.186543
v 8.089654 -59.367424 -7.460246
v 12.581497 -59.367424 -6.897589
v 11.977347 -53.519367 -6.127204
v 15.393641 -61.465656 -4.546832
v 15.052282 -52.250145 -4.215814
v 15.328620 -59.573071 0.195029
v 13.592027 -58.326340 3.215294
v 15.306947 -51.025909 3.567235
v 12.437910 -54.875343 6.938694
v 12.554406 -50.858822 7.309315
v 7.339207 -50.858822 7.712814
v 13.651629 -41.714001 9.488209
v 8.005669 -41.534061 9.890961
v 5.846441 -95.628593 4.629785
v 5.916880 -88.713745 -2.716140
v 4.096301 -98.385536 -1.439887
v 14.448132 -95.956345 4.355555
v 14.654031 -97.983887 6.975312
v 16.669670 -98.710068 -1.625944
v 4.096301 -98.385536 -1.439887
v 5.916880 -88.713745 -2.716140
v 6.477683 -94.722466 -8.127511
v 13.949640 -95.172318 -1.015466
v 12.250976 -99.712593 -7.367586
v 10.308484 -95.294418 -5.264909
v 7.271477 -99.712593 -7.219637
v 14.895149 -91.705254 -2.246885
v 13.781670 -95.053429 -7.892883
v 13.250668 -90.458527 -7.833107
v 6.477683 -94.722466 -8.127511
v 7.168528 -89.497772 -8.089402
v 5.916880 -88.713745 -2.716140
v 14.654031 -97.983887 6.975312
v 16.065521 -102.553078 -0.736004
v 16.669670 -98.710068 -1.625944
v 13.917130 -105.078667 -8.519800
v 14.664868 -100.146378 -9.464288
v 5.881660 -104.709152 -8.647575
v 5.543011 -99.654755 -9.592062
v 10.308484 -95.294418 -5.264909
v 7.271477 -99.712593 -7.219637
v 5.651379 -95.734634 -0.550695
v 6.136325 -99.731873 0.980361
v 8.642329 -94.465408 3.579941
v 8.533961 -97.546883 8.729785
v 11.790413 -94.465408 3.348302
v 12.318706 -99.314156 11.439954
v 13.949640 -95.172318 -1.015466
v 13.667884 -98.453011 -2.463579
v 12.250976 -99.712593 -7.367586
v 14.448132 -95.956345 4.355555
v 10.175733 -95.098412 6.514275
v 10.162187 -96.798203 9.080232
v 5.846441 -95.628593 4.629785
v 5.805803 -97.723610 6.826614
v 4.096301 -98.385536 -1.439887
v 4.025862 -102.459900 -0.536496
v 5.916880 -88.713745 -2.716140
v 5.846441 -95.628593 4.629785
v 7.677856 -89.497772 2.998603
v 10.175733 -95.098412 6.514275
v 12.730503 -89.616661 2.577171
v 14.448132 -95.956345 4.355555
v 14.895149 -91.705254 -2.246885
v 16.669670 -98.710068 -1.625944
v 13.781670 -95.053429 -7.892883
v 14.664868 -100.146378 -9.464288
v 5.543011 -99.654755 -9.592062
v 4.096301 -98.385536 -1.439887
v 5.881660 -104.709152 -8.647575
v 4.025862 -102.459900 -0.536496
v 7.233548 -69.270561 4.900277
v 3.939168 -68.611855 -2.077268
v 3.416294 -74.116096 -2.327586
v 14.889731 -71.169579 -10.629953
v 6.461428 -66.921700 -9.845373
v 14.686541 -66.895996 -9.699665
v 12.345798 -66.108757 3.891529
v 15.813566 -64.302925 0.619451
v 15.328620 -59.573071 0.195029
v 5.854568 -71.455551 -10.742036
v 3.939168 -68.611855 -2.077268
v 5.916880 -88.713745 -2.716140
v 5.800385 -81.239799 -2.728843
v 7.168528 -89.497772 -8.089402
v 18.601328 -71.751167 -2.990371
v 14.594429 -75.796608 -10.020222
v 7.060160 -64.649956 5.446495
v 14.090519 -68.875336 4.667892
v 14.009243 -64.376831 5.175254
v 13.871074 -78.842743 -9.116084
v 16.547758 -79.299019 -3.159990
v 14.895149 -91.705254 -2.246885
v 12.730503 -89.616661 2.577171
v 6.474974 -75.722710 -10.151732
v 16.891825 -69.309120 -3.922156
v 13.163974 -71.413780 3.701735
v 4.903641 -64.672447 0.094902
v 7.946066 -66.815666 3.954296
v 7.428610 -63.531754 4.342103
v 11.600769 -62.972656 3.938604
v 5.117668 -72.252434 -5.675882
v 5.250418 -73.001106 -0.115813
v 4.903641 -63.412865 -4.057402
v 13.250668 -90.458527 -7.833107
v 7.125181 -78.910217 -9.174368
v 3.416294 -74.116096 -2.327586
v 17.815660 -68.097740 -2.749767
v 13.990278 -80.076614 3.098729
v 7.848535 -80.732117 3.110685
v 5.800385 -81.239799 -2.728843
v 7.677856 -89.497772 2.998603
v 5.916880 -88.713745 -2.716140
v 19.113363 -30.997917 5.703537
v 19.625402 -21.409676 5.253708
v 14.686541 -31.736959 10.337799
v 8.005669 -41.534061 9.890961
v 9.021616 -31.952244 11.050647
v 4.234470 -30.830832 9.361181
v 16.731983 -42.677967 -4.389170
v 17.509521 -42.652264 0.524552
v 15.545356 -51.302246 -0.044082
v 4.540609 -41.408745 7.833117
v 2.524969 -41.183823 4.113452
v 13.185648 -30.628399 -8.232126
v 6.190509 -41.553341 -7.954906
v 5.475281 -30.136776 -9.578618
v 2.524969 -41.823250 -3.303459
v 1.037621 -29.012150 -4.069361
v 1.037621 -29.471640 4.612595
v 1.037621 -29.012150 -4.069361
v 2.524969 -41.823250 -3.303459
v 20.039909 -22.029825 -0.609730
v 19.319263 -30.766567 0.452070
v 17.506811 -24.507217 -4.896534
v 17.861717 -30.776205 -4.618567
v 13.185648 -30.628399 -8.232126
v 14.686541 -31.736959 10.337799
v 13.651629 -41.714001 9.488209
v 17.341551 -42.208839 5.053455
v 19.319263 -30.766567 0.452070
v 17.861717 -30.776205 -4.618567
v 12.540860 -42.061031 -7.623141
v -7.829571 -103.552391 2.072798
v -5.245000 -101.190674 13.783984
v -5.179979 -104.934074 13.414110
v -14.654031 -97.983887 6.975312
v -10.162187 -96.798203 9.080232
v -14.448132 -95.956345 4.355555
v -7.341916 -104.934074 20.386425
v -13.223576 -104.934074 19.861128
v -5.179979 -104.934074 13.414110
v -13.223576 -104.934074 19.861128
v -13.023096 -102.867973 19.716169
v -16.033010 -104.943718 13.041995
v -7.271477 -99.712593 -7.219637
v -6.954501 -104.934074 -7.022370
v -12.250976 -99.712593 -7.367586
v -12.668192 -104.934074 -7.319764
v -13.667884 -98.453011 -2.463579
v -14.155539 -104.934074 -1.213478
v -7.829571 -103.552391 2.072798
v -14.155539 -104.934074 -1.213478
v -7.753714 -104.956566 -1.120823
v -12.668192 -104.934074 -7.319764
v -6.954501 -104.934074 -7.022370
v -7.271477 -99.712593 -7.219637
v -6.136325 -99.731873 0.980361
v -6.954501 -104.934074 -7.022370
v -7.753714 -104.956566 -1.120823
v -15.477626 -103.552391 2.072798
v -16.247038 -104.934074 10.113638
v -16.680508 -102.392418 10.422239
v -15.523682 -102.385994 13.219086
v -8.471650 -99.314156 11.686537
v -7.956903 -100.830795 14.345148
v -7.149563 -102.598068 19.802845
v -7.341916 -104.934074 20.386425
v -12.567951 -100.817940 14.056720
v -12.318706 -99.314156 11.439954
v -16.033010 -104.943718 13.041995
v -16.247038 -104.934074 10.113638
v -15.477626 -103.552391 2.072798
v -8.533961 -97.546883 8.729785
v -15.545356 -51.302246 -0.044082
v -17.509521 -42.652264 0.524552
v -16.731983 -42.677967 -4.389170
v -8.005669 -41.534061 9.890961
v -4.540609 -41.408745 7.833117
v -4.234470 -30.830832 9.361181
v -2.524969 -41.183823 4.113452
v -1.037621 -29.012150 -4.069361
v -2.524969 -41.823250 -3.303459
v -5.475281 -30.136776 -9.578618
v -6.190509 -41.553341 -7.954906
v -13.185648 -30.628399 -8.232126
v -2.524969 -41.823250 -3.303459
v -1.037621 -29.012150 -4.069361
v -1.037621 -29.471640 4.612595
v -13.185648 -30.628399 -8.232126
v -17.861717 -30.776205 -4.618567
v -17.506811 -24.507217 -4.896534
v -19.319263 -30.766567 0.452070
v -20.039909 -22.029825 -0.609730
v -19.113363 -30.997917 5.703537
v -19.625402 -21.409676 5.253708
v -14.686541 -31.736959 10.337799
v -12.540860 -42.061031 -7.623141
v -17.861717 -30.776205 -4.618567
v -19.319263 -30.766567 0.452070
v -17.341551 -42.208839 5.053455
v -13.651629 -41.714001 9.488209
v -14.686541 -31.736959 10.337799
v -9.021616 -31.952244 11.050647
v 12.668192 -104.934074 -7.319764
v 13.667884 -98.453011 -2.463579
v 14.155539 -104.934074 -1.213478
v 6.136325 -99.731873 0.980361
v 6.954501 -104.934074 -7.022370
v 7.753714 -104.956566 -1.120823
v 7.149563 -102.598068 19.802845
v 5.179979 -104.934074 13.414110
v 7.341916 -104.934074 20.386425
v 15.477626 -103.552391 2.072798
v 5.245000 -101.190674 13.783984
v 7.829571 -103.552391 2.072798
v 14.448132 -95.956345 4.355555
v 10.162187 -96.798203 9.080232
v 14.654031 -97.983887 6.975312
v 12.250976 -99.712593 -7.367586
v 6.954501 -104.934074 -7.022370
v 7.271477 -99.712593 -7.219637
v 6.954501 -104.934074 -7.022370
v 12.668192 -104.934074 -7.319764
v 7.753714 -104.956566 -1.120823
v 14.155539 -104.934074 -1.213478
v 7.829571 -103.552391 2.072798
v 7.271477 -99.712593 -7.219637
v 7.956903 -100.830795 14.345148
v 8.471650 -99.314156 11.686537
v 13.023096 -102.867973 19.716169
v 13.223576 -104.934074 19.861128
v 15.523682 -102.385994 13.219086
v 16.033010 -104.943718 13.041995
v 16.680508 -102.392418 10.422239
v 16.247038 -104.934074 10.113638
v 12.318706 -99.314156 11.439954
v 12.567951 -100.817940 14.056720
v 15.477626 -103.552391 2.072798
v 16.247038 -104.934074 10.113638
v 5.179979 -104.934074 13.414110
v 16.033010 -104.943718 13.041995
v 7.341916 -104.934074 20.386425
v 13.223576 -104.934074 19.861128
v 8.533961 -97.546883 8.729785
vn -0.0000 -0.9821 0.1885
vn 0.7489 -0.6622 0.0237
vn -0.0000 -0.9989 -0.0472
vn -0.0078 0.3373 -0.9414
vn 0.0157 0.2111 -0.9773
vn -0.0000 0.2902 -0.9570
vn -0.0000 0.1644 -0.9864
vn -0.0157 0.2111 -0.9773
vn 0.7489 -0.6622 0.0236
vn -0.6039 -0.7294 0.3215
vn -0.0000 -0.6668 0.7452
vn 0.0944 -0.0944 0.9910
vn -0.0000 -0.0707 0.9975
vn -0.3914 0.1487 0.9081
vn -0.3378 0.2357 0.9112
vn -0.4724 0.2834 0.8346
vn -0.0001 0.2518 -0.9678
vn 0.0079 0.3373 -0.9414
vn -0.0079 0.2444 -0.9696
vn 0.2433 0.3925 -0.8870
vn 0.3055 0.2585 -0.9164
vn 0.5888 0.3297 -0.7380
vn 0.5817 0.2830 -0.7626
vn 0.8722 0.3536 -0.3379
vn 0.0078 0.3373 -0.9414
vn -0.3378 0.2356 0.9113
vn -0.0000 -0.0706 0.9975
vn -0.0000 0.2830 0.9591
vn 0.3378 0.2356 0.9113
vn -0.7489 -0.6623 0.0236
vn 0.6039 -0.7294 0.3215
vn -0.0944 -0.0944 0.9911
vn 0.3914 0.1487 0.9081
vn 0.3378 0.2356 0.9112
vn 0.4724 0.2834 0.8346
vn -0.0156 0.2112 -0.9773
vn 0.3765 0.2118 -0.9019
vn 0.2749 0.3299 -0.9031
vn 0.5576 0.3298 -0.7618
vn 0.8601 0.3235 -0.3945
vn 0.8950 0.3925 0.2120
vn 0.7926 0.3217 0.5179
vn 0.5989 0.3231 0.7328
vn 0.4311 0.2900 0.8544
vn -0.8895 0.3385 -0.3070
vn -0.8601 0.3235 -0.3945
vn -0.8950 0.3925 0.2119
vn -0.2356 0.3378 0.9112
vn -0.4639 0.2513 0.8495
vn -0.4724 0.2835 0.8346
vn -0.4804 0.3859 0.7876
vn -0.3468 0.3941 0.8512
vn 0.3378 0.2357 0.9112
vn 0.2357 0.3378 0.9112
vn 0.4724 0.2835 0.8346
vn 0.2356 0.3378 0.9112
vn -0.0000 0.3996 0.9167
vn 0.3468 0.3941 0.8512
vn 0.4804 0.3859 0.7876
vn 0.4639 0.2513 0.8495
vn -0.8950 0.3925 0.2120
vn -0.7423 0.4659 0.4816
vn -0.5988 0.3231 0.7328
vn -0.4311 0.2900 0.8544
vn 0.4804 0.3859 0.7875
vn 0.5988 0.3231 0.7328
vn 0.7423 0.4659 0.4816
vn 0.8950 0.3926 0.2120
vn 0.8895 0.3385 -0.3070
vn -0.5576 0.3298 -0.7618
vn -0.4089 0.2909 -0.8650
vn -0.2749 0.3298 -0.9031
vn -0.4098 0.1970 -0.8906
vn -0.3764 0.2117 -0.9019
vn -0.3467 0.1733 -0.9218
vn 0.0156 0.2111 -0.9773
vn 0.2047 0.1417 -0.9685
vn -0.0000 0.1720 -0.9851
vn -0.2047 0.1417 -0.9685
vn -0.0156 0.2111 -0.9773
vn 0.3467 0.1733 -0.9218
vn 0.3764 0.2117 -0.9019
vn 0.4098 0.1970 -0.8906
vn 0.2749 0.3298 -0.9031
vn 0.4089 0.2909 -0.8650
vn -0.7926 0.3217 0.5179
vn -0.7613 0.4002 0.5101
vn -0.3700 0.3150 0.8740
vn -0.2433 0.3925 -0.8870
vn -0.0079 0.3373 -0.9414
vn 0.0079 0.2444 -0.9696
vn 0.0001 0.2518 -0.9678
vn 0.4803 -0.1811 -0.8582
vn -0.4022 0.1262 -0.9068
vn -0.6816 0.2664 -0.6816
vn -0.5817 0.2830 -0.7626
vn -0.8763 0.3521 -0.3287
vn -0.7926 0.3218 0.5179
vn -0.3701 0.3150 0.8740
vn -0.3914 0.1488 0.9081
vn 0.0157 0.1961 0.9805
vn 0.0944 -0.0944 0.9911
vn 0.3922 0.0628 0.9177
vn 0.8278 0.2286 0.5124
vn 0.4089 0.0314 -0.9121
vn 0.8631 -0.3452 -0.3688
vn 0.9617 0.0867 -0.2602
vn 0.9664 0.2357 0.1021
vn 0.9240 0.2819 0.2584
vn 0.2448 -0.3791 -0.8924
vn -0.1336 -0.0472 -0.9899
vn -0.1730 -0.0629 -0.9829
vn -0.4021 0.1262 -0.9068
vn -0.3055 0.2585 -0.9164
vn -0.5888 0.3297 -0.7380
vn 0.6438 -0.5968 -0.4790
vn 0.4802 -0.1811 -0.8582
vn 0.0078 0.2444 -0.9697
vn -0.3054 0.2585 -0.9165
vn -0.2434 0.3925 -0.8870
vn -0.5989 0.3231 0.7328
vn -0.8764 0.3521 -0.3286
vn -0.2749 0.3299 -0.9031
vn -0.0079 0.3373 -0.9413
vn -0.3765 0.2118 -0.9019
vn -0.7613 0.4003 0.5102
vn -0.7926 0.3218 0.5180
vn -0.9658 0.2591 0.0078
vn -0.8821 0.2914 -0.3701
vn -0.6816 0.2664 -0.6815
vn -0.5364 0.2287 -0.8124
vn -0.1731 0.0472 -0.9838
vn -0.1336 -0.0471 -0.9899
vn 0.4088 0.0315 -0.9121
vn 0.8630 -0.3452 -0.3688
vn 0.9752 0.0629 -0.2123
vn 0.9484 0.0470 -0.3135
vn 0.6220 0.1338 -0.7715
vn -0.5654 0.0236 0.8245
vn -0.9210 0.0945 0.3778
vn 0.2444 0.1734 -0.9540
vn 0.6219 0.1338 -0.7715
vn 0.9695 0.0704 0.2346
vn 0.9210 0.0945 0.3779
vn 0.5654 0.0236 0.8245
vn -0.6220 0.1338 -0.7715
vn -0.2444 0.1735 -0.9540
vn -0.9695 0.0704 0.2346
vn -0.9752 0.0629 -0.2124
vn -0.9484 0.0470 -0.3135
vn -0.6219 0.1338 -0.7715
vn -0.2591 -0.0236 0.9656
vn -0.0000 -0.0393 0.9992
vn 0.2591 -0.0236 0.9656
vn -0.0000 -0.9022 -0.4314
vn -0.0000 -0.3537 -0.9354
vn -0.4803 -0.1811 -0.8582
vn -0.2448 -0.3791 -0.8924
vn -0.8630 -0.3452 -0.3687
vn -0.6438 -0.5967 -0.4790
vn -0.7490 -0.6622 0.0236
vn 0.0001 -0.9021 -0.4315
vn 0.7490 -0.6622 0.0236
vn 0.8631 -0.3452 -0.3687
vn 0.4022 0.1261 -0.9068
vn 0.1336 -0.0472 -0.9899
vn 0.1730 -0.0630 -0.9829
vn -0.4802 -0.1811 -0.8582
vn -0.0000 -0.9021 -0.4315
vn 0.6773 0.2678 -0.6852
vn 0.4022 0.1262 -0.9068
vn 0.3055 0.2585 -0.9165
vn 0.1730 -0.0629 -0.9829
vn -0.0079 0.2443 -0.9697
vn -0.0000 0.2518 -0.9678
vn 0.6438 -0.5967 -0.4789
vn 0.2448 -0.3790 -0.8924
vn 0.4308 -0.0548 -0.9008
vn 0.4480 -0.2279 -0.8645
vn 0.8179 -0.1022 -0.5663
vn 0.3927 0.1256 0.9110
vn 0.4495 -0.0631 0.8910
vn 0.9185 0.0471 0.3926
vn -0.4180 -0.2129 -0.8832
vn -0.3531 -0.0549 -0.9340
vn -0.9546 -0.0704 -0.2895
vn 0.9157 0.2842 -0.2842
vn 0.9201 0.3067 0.2438
vn 0.9201 0.3067 0.2437
vn 0.6617 0.2442 0.7089
vn 0.8471 0.4549 -0.2745
vn 0.8425 0.4803 0.2441
vn 0.8471 0.4550 -0.2745
vn 0.8425 0.4803 0.2440
vn 0.6058 0.3777 0.7002
vn 0.6058 0.3777 0.7003
vn 0.8095 0.5187 -0.2751
vn 0.7969 0.5523 0.2446
vn 0.5722 0.4311 0.6976
vn 0.5722 0.4312 0.6976
vn -0.9240 0.2819 0.2584
vn -0.8277 0.2286 0.5125
vn -0.0944 -0.0944 0.9910
vn -0.3532 -0.0550 -0.9339
vn -0.5508 0.1180 0.8263
vn -0.9393 0.1957 0.2818
vn -0.9583 0.0785 0.2749
vn -0.9830 0.0944 -0.1573
vn -0.9127 -0.1102 -0.3934
vn -0.2437 -0.2831 -0.9276
vn -0.9127 -0.1102 -0.3935
vn 0.9658 -0.0079 -0.2592
vn 0.8179 -0.1023 -0.5662
vn 0.8398 -0.0393 -0.5415
vn 0.4480 -0.2280 -0.8645
vn 0.5339 -0.1884 -0.8243
vn -0.3922 0.0628 0.9177
vn -0.0157 0.1961 0.9805
vn 0.3914 0.1488 0.9081
vn 0.3701 0.3150 0.8740
vn -0.8278 0.2286 0.5124
vn -0.9664 0.2357 0.1022
vn -0.7489 -0.6622 0.0237
vn -0.9617 0.0867 -0.2602
vn -0.8631 -0.3452 -0.3687
vn -0.4088 0.0315 -0.9121
vn 0.4494 -0.0631 0.8911
vn 0.3927 0.1256 0.9111
vn -0.0472 -0.0236 0.9986
vn -0.1255 0.0863 0.9883
vn -0.6060 -0.0315 0.7949
vn -0.6280 0.0393 0.7772
vn -0.9326 -0.0156 0.3605
vn 0.3927 0.1257 0.9111
vn 0.0627 0.2273 0.9718
vn -0.6280 0.0392 0.7772
vn 0.7483 0.4018 0.5278
vn 0.9639 0.2664 -0.0000
vn 0.8751 0.2917 -0.3862
vn 0.6774 0.2678 -0.6852
vn 0.5363 0.2287 -0.8124
vn 0.1731 0.0472 -0.9838
vn 0.1336 -0.0471 -0.9899
vn -0.2448 -0.3790 -0.8924
vn -0.2437 -0.2830 -0.9276
vn 0.6351 0.0784 -0.7684
vn 0.8398 -0.0392 -0.5415
vn 0.8315 0.1255 -0.5412
vn 0.9658 -0.0078 -0.2591
vn 0.9837 0.0866 -0.1574
vn 0.9185 0.0471 0.3925
vn 0.8136 0.1956 0.5476
vn 0.3927 0.1257 0.9110
vn 0.3776 0.2596 0.8889
vn 0.9583 0.0786 0.2749
vn 0.9326 -0.0157 0.3605
vn 0.9546 -0.0704 -0.2895
vn 0.0944 -0.0943 0.9911
vn 0.8277 0.2286 0.5124
vn 0.3532 -0.0549 -0.9339
vn -0.4308 -0.0548 -0.9008
vn -0.4480 -0.2279 -0.8645
vn -0.8179 -0.1022 -0.5663
vn 0.9127 -0.1101 -0.3934
vn 0.9583 0.0785 0.2749
vn 0.9128 -0.1102 -0.3934
vn 0.9830 0.0944 -0.1573
vn 0.9393 0.1957 0.2818
vn 0.5508 0.1180 0.8262
vn 0.4180 -0.2129 -0.8832
vn 0.9127 -0.1102 -0.3935
vn 0.2437 -0.2830 -0.9277
vn -0.5339 -0.1884 -0.8243
vn -0.8398 -0.0393 -0.5415
vn -0.8179 -0.1023 -0.5662
vn -0.9658 -0.0079 -0.2592
vn 0.9326 -0.0157 0.3606
vn 0.6280 0.0393 0.7772
vn 0.6060 -0.0315 0.7949
vn 0.1255 0.0863 0.9883
vn 0.0472 -0.0236 0.9986
vn -0.3927 0.1256 0.9110
vn -0.4494 -0.0631 0.8911
vn -0.9185 0.0471 0.3926
vn 0.9582 0.0786 0.2750
vn 0.6280 0.0392 0.7772
vn 0.5508 0.1180 0.8263
vn -0.0627 0.2273 0.9718
vn -0.3927 0.1257 0.9111
vn -0.3776 0.2596 0.8889
vn -0.3927 0.1257 0.9110
vn -0.8136 0.1956 0.5476
vn -0.9185 0.0471 0.3925
vn -0.9837 0.0866 -0.1574
vn -0.9658 -0.0078 -0.2591
vn -0.8315 0.1255 -0.5412
vn -0.8398 -0.0392 -0.5415
vn -0.6351 0.0784 -0.7684
vn -0.5338 -0.1884 -0.8243
vn -0.4479 -0.2279 -0.8645
vn 0.4179 -0.2129 -0.8832
vn -0.0000 0.2903 -0.9569
vn 0.9910 0.1337 0.0078
vn 0.7077 0.2044 -0.6763
vn 0.6110 -0.0235 -0.7913
vn -0.9907 0.1337 -0.0236
vn -0.8656 0.3541 0.3541
vn -0.7393 0.4954 0.4561
vn -0.5017 0.2117 -0.8388
vn -0.0078 0.6285 -0.7778
vn 0.6766 0.2281 -0.7001
vn -0.5972 -0.0314 -0.8015
vn -0.6988 0.2120 -0.6831
vn -0.9931 0.1173 -0.0000
vn 0.7077 0.2045 -0.6763
vn 0.9940 0.1018 -0.0392
vn -0.9908 0.1336 -0.0236
vn -0.9888 -0.1491 0.0079
vn -0.6192 0.0470 -0.7838
vn -0.6128 -0.2357 -0.7543
vn -0.5017 0.2117 -0.8387
vn -0.9487 0.2901 -0.1254
vn 0.9999 0.0079 -0.0079
vn 0.8157 -0.1255 -0.5647
vn 0.9940 0.1017 -0.0392
vn 0.6304 0.0788 -0.7722
vn -0.6989 0.2120 -0.6831
vn 0.6111 -0.0235 -0.7912
vn -0.5972 -0.0315 -0.8015
vn -0.9736 0.1491 -0.1727
vn -0.4562 0.7943 0.4011
vn -0.3070 0.8263 0.4722
vn 0.3215 0.8469 0.4235
vn 0.6845 0.5272 0.5035
vn 0.9955 -0.0078 0.0941
vn 0.9732 0.2276 -0.0314
vn -0.0079 0.6284 -0.7778
vn 0.9999 0.0079 -0.0078
vn 0.9940 0.1018 -0.0391
vn 0.8720 0.3300 0.3614
vn 0.7367 0.4703 0.4859
vn -0.0157 0.8018 0.5974
vn -0.0473 0.6231 0.7807
vn -0.7392 0.4955 0.4561
vn -0.7393 0.4954 0.4562
vn -0.5747 0.1575 0.8030
vn -0.0473 0.6230 0.7808
vn 0.6226 0.2522 0.7408
vn 0.7367 0.4702 0.4859
vn 0.9910 0.1337 0.0079
vn -0.5493 0.2118 -0.8083
vn -0.5566 0.1959 -0.8074
vn 0.5807 0.1491 -0.8004
vn -0.9206 -0.2203 0.3225
vn -0.9829 -0.1730 -0.0629
vn -0.9873 -0.1489 0.0549
vn 0.9984 -0.0157 0.0550
vn 0.9980 0.0629 -0.0000
vn 0.4566 0.2046 -0.8658
vn -0.5494 0.2119 -0.8083
vn -0.5565 0.1960 -0.8074
vn -0.5493 0.2119 -0.8083
vn -0.9972 0.0707 0.0236
vn -0.9918 0.1259 0.0236
vn -0.5502 -0.0550 0.8332
vn 0.6036 -0.0941 0.7917
vn 0.5183 -0.1099 0.8481
vn 0.3452 -0.0942 -0.9338
vn 0.9448 -0.0551 -0.3228
vn 0.9091 -0.0313 -0.4154
vn 0.7231 -0.1415 0.6760
vn 0.1882 -0.1411 0.9720
vn 0.2668 -0.1648 0.9495
vn 0.3542 0.2057 -0.9123
vn -0.5191 0.2202 -0.8259
vn -0.4400 0.2436 -0.8643
vn -0.8886 0.2359 -0.3932
vn -0.9075 0.1815 -0.3788
vn -0.9205 -0.2203 0.3226
vn -0.9136 -0.2127 0.3466
vn -0.5331 -0.1960 0.8231
vn -0.4322 -0.1965 0.8801
vn 0.9635 -0.0940 0.2506
vn 0.9196 -0.1100 0.3772
vn 0.9449 -0.0551 -0.3228
vn 0.9091 -0.0314 -0.4153
vn -0.3380 -0.1022 -0.9356
vn 0.2443 -0.0236 -0.9694
vn 0.8503 -0.1968 -0.4881
vn 0.9635 -0.0940 0.2507
vn 0.7232 -0.1415 0.6760
vn 0.9195 -0.1100 0.3773
vn 0.2669 -0.1648 0.9495
vn 0.5174 -0.2038 0.8311
vn -0.4558 -0.2122 0.8644
vn 0.4881 -0.2283 0.8424
vn 0.2111 -0.3832 0.8992
vn -0.4945 -0.2512 0.8321
vn -0.5367 -0.3710 0.7578
vn 0.9135 -0.1024 -0.3938
vn 0.9342 -0.2277 0.2748
vn 0.9286 -0.1967 0.3148
vn 0.8020 -0.2123 0.5583
vn 0.2112 -0.3832 0.8992
vn -0.9873 -0.1489 0.0548
vn -0.8580 -0.1338 -0.4959
vn -0.8660 -0.0630 -0.4960
vn -0.3381 -0.1022 -0.9355
vn -0.3697 0.0393 -0.9283
vn 0.2679 0.0630 -0.9614
vn 0.9135 -0.1023 -0.3938
vn 0.9201 0.0708 -0.3853
vn 0.4941 0.1961 -0.8470
vn 0.3540 0.2046 -0.9126
vn -0.3225 0.2517 -0.9125
vn -0.5191 0.2202 -0.8258
vn -0.9740 0.0550 -0.2199
vn -0.8887 0.2359 -0.3932
vn -0.9269 0.1021 0.3613
vn -0.9262 0.0157 0.3767
vn -0.9262 0.0157 0.3768
vn -0.4946 -0.2512 0.8321
vn -0.8755 -0.2130 0.4338
vn -0.5368 -0.3710 0.7578
vn 0.5174 -0.2039 0.8311
vn 0.9196 -0.1101 0.3772
vn 0.9286 -0.1967 0.3147
vn 0.9091 -0.0314 -0.4154
vn 0.1881 -0.1411 0.9720
vn -0.5330 -0.1960 0.8231
vn -0.8755 -0.2129 0.4338
vn 0.9200 0.0708 -0.3854
vn -0.3699 0.0315 0.9285
vn -0.9805 -0.1804 0.0784
vn -0.5747 0.1574 0.8031
vn 0.5183 -0.1100 0.8481
vn -0.9918 0.1260 0.0236
vn -0.4335 0.0709 -0.8984
vn -0.3843 -0.1569 0.9098
vn -0.9268 0.1021 0.3613
vn -0.9740 0.0550 -0.2200
vn 0.4247 -0.1730 0.8887
vn 0.9342 -0.2276 0.2748
vn 0.9135 -0.1024 -0.3937
vn 0.8966 -0.1494 0.4168
vn 0.9875 -0.1567 0.0157
vn 0.5173 -0.1254 0.8465
vn 0.9932 -0.1095 0.0391
vn 0.4565 0.2047 -0.8658
vn 0.7065 0.0392 -0.7066
vn 0.9875 -0.1567 0.0156
vn -0.5273 -0.2282 -0.8185
vn -0.4409 -0.2047 -0.8739
vn -0.9974 -0.0706 0.0157
vn -0.6368 -0.1572 0.7548
vn -0.6194 -0.0392 0.7841
vn 0.6898 -0.2430 -0.6820
vn 0.5524 -0.2683 -0.7892
vn -0.2669 -0.1648 0.9495
vn -0.5174 -0.2038 0.8311
vn 0.4557 -0.2122 0.8644
vn -0.9196 -0.1100 0.3772
vn -0.9635 -0.0940 0.2506
vn -0.9449 -0.0551 -0.3228
vn 0.9269 0.1021 0.3613
vn 0.9075 0.1815 -0.3788
vn 0.9262 0.0157 0.3767
vn -0.9286 -0.1967 0.3147
vn -0.9091 -0.0314 -0.4154
vn -0.8503 -0.1968 -0.4881
vn -0.9980 0.0629 -0.0001
vn -0.9984 -0.0157 0.0550
vn -0.4566 0.2046 -0.8658
vn -0.5807 0.1491 -0.8004
vn 0.5566 0.1960 -0.8074
vn -0.5183 -0.1100 0.8481
vn -0.9980 0.0628 -0.0000
vn -0.3452 -0.0942 -0.9338
vn -0.9091 -0.0313 -0.4153
vn -0.9195 -0.1101 0.3773
vn 0.8887 0.2359 -0.3932
vn 0.4400 0.2436 -0.8643
vn 0.5191 0.2202 -0.8259
vn -0.3540 0.2046 -0.9126
vn 0.4322 -0.1965 0.8801
vn 0.5331 -0.1960 0.8231
vn 0.9136 -0.2127 0.3466
vn 0.9205 -0.2203 0.3226
vn 0.9829 -0.1730 -0.0629
vn 0.9873 -0.1489 0.0549
vn -0.2443 -0.0237 -0.9694
vn 0.3380 -0.1022 -0.9356
vn -0.9635 -0.0940 0.2507
vn -0.9195 -0.1100 0.3773
vn -0.7232 -0.1415 0.6760
vn -0.2668 -0.1648 0.9496
vn -0.1882 -0.1411 0.9720
vn -0.4881 -0.2283 0.8424
vn 0.4945 -0.2512 0.8321
vn -0.2111 -0.3832 0.8992
vn 0.5367 -0.3710 0.7578
vn 0.5502 -0.0551 0.8332
vn 0.6194 -0.0392 0.7841
vn 0.9972 0.0707 0.0236
vn 0.9918 0.1259 0.0236
vn 0.5565 0.1960 -0.8074
vn 0.5493 0.2119 -0.8083
vn -0.4565 0.2047 -0.8658
vn -0.8020 -0.2123 0.5583
vn -0.9286 -0.1967 0.3148
vn -0.9342 -0.2277 0.2748
vn -0.9135 -0.1024 -0.3937
vn -0.2679 0.0630 -0.9614
vn -0.2443 -0.0236 -0.9694
vn 0.3697 0.0393 -0.9283
vn 0.3381 -0.1022 -0.9355
vn 0.8660 -0.0630 -0.4960
vn 0.8580 -0.1338 -0.4959
vn 0.9873 -0.1489 0.0548
vn 0.9268 0.1021 0.3613
vn 0.9740 0.0550 -0.2199
vn 0.3225 0.2517 -0.9125
vn -0.4941 0.1961 -0.8470
vn -0.9201 0.0708 -0.3853
vn -0.2111 -0.3831 0.8992
vn 0.5368 -0.3710 0.7578
vn 0.8755 -0.2130 0.4338
vn 0.4946 -0.2512 0.8321
vn 0.9262 0.0157 0.3768
vn -0.9200 0.0708 -0.3854
vn -0.9135 -0.1024 -0.3938
vn -0.3541 0.2045 -0.9126
vn -0.2679 0.0631 -0.9614
vn 0.3698 0.0394 -0.9283
vn 0.8755 -0.2129 0.4338
vn 0.4558 -0.2122 0.8644
vn 0.5330 -0.1959 0.8231
vn -0.1881 -0.1411 0.9720
vn -0.7367 0.4702 0.4859
vn -0.9910 0.1337 0.0079
vn -0.9940 0.1018 -0.0391
vn 0.7393 0.4954 0.4561
vn 0.8656 0.3541 0.3541
vn 0.9907 0.1337 -0.0236
vn -0.9940 0.1018 -0.0392
vn -0.9910 0.1337 0.0078
vn -0.7077 0.2045 -0.6763
vn 0.9487 0.2901 -0.1254
vn 0.5017 0.2117 -0.8388
vn 0.0079 0.6285 -0.7778
vn -0.6766 0.2281 -0.7001
vn 0.9931 0.1173 -0.0000
vn 0.6988 0.2120 -0.6832
vn 0.5972 -0.0314 -0.8015
vn -0.7077 0.2044 -0.6763
vn -0.6111 -0.0235 -0.7912
vn 0.9888 -0.1491 0.0078
vn 0.9908 0.1336 -0.0236
vn 0.6128 -0.2357 -0.7543
vn 0.6192 0.0470 -0.7838
vn -0.8157 -0.1255 -0.5647
vn -0.6304 0.0788 -0.7722
vn -0.6766 0.2282 -0.7001
vn -0.9732 0.2276 -0.0314
vn -0.9955 -0.0078 0.0941
vn -0.6845 0.5272 0.5035
vn -0.3215 0.8469 0.4235
vn 0.3070 0.8263 0.4722
vn 0.4562 0.7943 0.4011
vn 0.9736 0.1491 -0.1727
vn 0.7392 0.4955 0.4561
vn 0.0473 0.6231 0.7807
vn 0.0157 0.8018 0.5974
vn -0.7367 0.4703 0.4859
vn -0.8720 0.3300 0.3614
vn -0.9999 0.0079 -0.0078
vn -0.6226 0.2522 0.7408
vn 0.0473 0.6230 0.7808
vn 0.5747 0.1575 0.8030
vn 0.6988 0.2120 -0.6831
vn 0.6192 0.0471 -0.7838
vn -0.9940 0.1017 -0.0392
vn -0.9999 0.0079 -0.0079
vn -0.6036 -0.0941 0.7917
vn -0.9875 -0.1567 0.0157
vn 0.4335 0.0709 -0.8984
vn 0.3699 0.0315 0.9285
vn -0.7066 0.0393 -0.7066
vn -0.9980 0.0629 -0.0000
vn -0.9932 -0.1095 0.0391
vn -0.6110 -0.0235 -0.7912
vn 0.9974 -0.0707 0.0157
vn 0.5273 -0.2282 -0.8185
vn -0.5182 -0.1099 0.8481
vn 0.4409 -0.2047 -0.8739
vn 0.9805 -0.1804 0.0784
vn 0.5747 0.1574 0.8031
vn -0.5524 -0.2683 -0.7892
vn 0.9740 0.0550 -0.2200
vn 0.3843 -0.1569 0.9098
vn -0.9342 -0.2276 0.2748
vn -0.4247 -0.1730 0.8887
vn -0.8966 -0.1494 0.4168
vn 0.5972 -0.0315 -0.8015
vn -0.6898 -0.2430 -0.6820
vn 0.9918 0.1260 0.0236
vn 0.6368 -0.1572 0.7548
vn -0.5173 -0.1254 0.8465
vn 0.9203 -0.1023 0.3776
vn 0.9186 0.0471 0.3925
vn 0.4495 -0.0631 0.8911
vn -0.6060 -0.0315 0.7948
vn 0.4308 -0.0549 -0.9008
vn -0.3453 -0.0942 -0.9338
vn -0.9448 -0.0551 -0.3229
vn -0.9326 -0.0157 0.3605
vn -0.9449 -0.0552 -0.3228
vn 0.9658 -0.0079 -0.2591
vn 0.9835 -0.1023 -0.1495
vn 0.8179 -0.1022 -0.5662
vn 0.8717 -0.0550 -0.4869
vn 0.4309 -0.0548 -0.9007
vn 0.9136 -0.2126 0.3465
vn 0.3381 -0.1022 -0.9356
vn 0.5264 -0.8485 0.0550
vn 0.7915 0.5642 0.2351
vn 0.6981 -0.7139 0.0549
vn 0.3306 -0.2676 0.9050
vn -0.5362 -0.4180 0.7333
vn 0.6982 -0.7138 0.0550
vn -0.5362 -0.4179 0.7334
vn -0.3930 0.5580 0.7309
vn -0.8075 -0.5410 0.2352
vn 0.6766 0.2282 -0.7001
vn 0.6364 -0.4243 -0.6442
vn -0.5017 0.2116 -0.8388
vn -0.6061 -0.6219 -0.4959
vn -0.9736 0.1492 -0.1727
vn -0.5595 -0.8275 0.0473
vn 0.4474 -0.8790 0.1648
vn -0.6061 -0.6218 -0.4959
vn 0.6765 0.2281 -0.7002
vn 0.9955 -0.0079 0.0940
vn 0.6363 -0.4243 -0.6443
vn 0.4473 -0.8791 0.1648
vn -0.8314 -0.5413 -0.1255
vn -0.5010 -0.8612 -0.0861
vn -0.9498 0.2983 0.0942
vn -0.7456 0.5651 0.3532
vn 0.0708 0.8656 0.4958
vn 0.0628 0.9107 0.4082
vn 0.4482 0.6919 0.5661
vn 0.3305 -0.2676 0.9051
vn -0.2273 0.9014 0.3684
vn -0.4561 0.7944 0.4011
vn -0.8075 -0.5409 0.2352
vn -0.5010 -0.8611 -0.0862
vn -0.8314 -0.5412 -0.1255
vn 0.3216 0.8469 0.4234
vn 0.6060 -0.0315 0.7948
vn 0.9448 -0.0552 -0.3228
vn 0.3532 -0.0550 -0.9339
vn 0.3453 -0.0942 -0.9338
vn -0.4308 -0.0549 -0.9008
vn -0.8717 -0.0550 -0.4869
vn -0.8179 -0.1022 -0.5662
vn -0.9835 -0.1023 -0.1495
vn -0.9658 -0.0079 -0.2591
vn -0.9203 -0.1023 0.3776
vn -0.9186 0.0471 0.3925
vn -0.4495 -0.0631 0.8911
vn -0.3381 -0.1022 -0.9356
vn -0.9136 -0.2126 0.3465
vn 0.6061 -0.6219 -0.4959
vn 0.9736 0.1492 -0.1727
vn 0.5596 -0.8274 0.0473
vn -0.9955 -0.0079 0.0941
vn -0.6363 -0.4242 -0.6443
vn -0.4473 -0.8791 0.1648
vn -0.4482 0.6919 0.5661
vn -0.6981 -0.7139 0.0549
vn -0.3305 -0.2676 0.9051
vn 0.8314 -0.5413 -0.1255
vn -0.7915 0.5642 0.2351
vn -0.5264 -0.8485 0.0549
vn 0.5017 0.2116 -0.8387
vn -0.6364 -0.4243 -0.6442
vn -0.6363 -0.4243 -0.6442
vn 0.6061 -0.6218 -0.4959
vn -0.4474 -0.8790 0.1648
vn 0.5595 -0.8275 0.0472
vn -0.5264 -0.8485 0.0550
vn -0.6765 0.2282 -0.7002
vn -0.0628 0.9107 0.4082
vn -0.0708 0.8656 0.4957
vn 0.3930 0.5580 0.7309
vn 0.5362 -0.4180 0.7333
vn 0.7456 0.5651 0.3532
vn 0.8075 -0.5410 0.2352
vn 0.9498 0.2983 0.0942
vn 0.5010 -0.8612 -0.0861
vn 0.4561 0.7944 0.4011
vn 0.2273 0.9014 0.3684
vn 0.8315 -0.5412 -0.1255
vn 0.5010 -0.8611 -0.0861
vn -0.6982 -0.7138 0.0549
vn 0.8075 -0.5409 0.2352
vn -0.3216 0.8469 0.4234
vt 0.672546 0.647156
vt 0.675781 0.607208
vt 0.665375 0.636963
vt 0.906738 0.025909
vt 0.961731 0.027618
vt 0.906738 0.009979
vt 0.961731 0.009979
vt 0.699066 0.585571
vt 0.701416 0.647156
vt 0.752075 0.537720
vt 0.799408 0.647156
vt 0.814758 0.479828
vt 0.961731 0.585785
vt 0.961731 0.550171
vt 0.844360 0.009979
vt 0.844360 0.025909
vt 0.906738 0.105743
vt 0.844360 0.105743
vt 0.906738 0.180756
vt 0.845612 0.180756
vt 0.848663 0.289398
vt 0.961731 0.647156
vt 0.961731 0.051849
vt 0.961731 0.105743
vt 0.961731 0.180756
vt 0.961731 0.279022
vt 0.961731 0.373230
vt 0.848663 0.383606
vt 0.961731 0.453094
vt 0.961731 0.487640
vt 0.347626 0.917969
vt 0.347626 0.989990
vt 0.277344 0.989990
vt 0.062714 0.931580
vt 0.119751 0.931580
vt 0.121094 0.989990
vt 0.183350 0.939514
vt 0.148438 0.989990
vt 0.009979 0.989990
vt 0.089844 0.989990
vt 0.009979 0.925751
vt 0.263184 0.932434
vt 0.214844 0.989990
vt 0.175751 0.989990
vt 0.464844 0.989990
vt 0.457214 0.918121
vt 0.566376 0.989990
vt 0.569519 0.923309
vt 0.621094 0.989990
vt 0.619690 0.923309
vt 0.667969 0.989990
vt 0.675751 0.925751
vt 0.714844 0.989990
vt 0.714844 0.925751
vt 0.817810 0.431702
vt 0.579010 0.440948
vt 0.579010 0.488861
vt 0.753143 0.025909
vt 0.759430 0.184937
vt 0.803619 0.234344
vt 0.727051 0.541382
vt 0.579010 0.541046
vt 0.649078 0.594879
vt 0.579010 0.593262
vt 0.579010 0.649231
vt 0.579010 0.094452
vt 0.640167 0.054810
vt 0.579010 0.060364
vt 0.639862 0.025635
vt 0.579010 0.026398
vt 0.639862 0.009979
vt 0.579010 0.009979
vt 0.682709 0.086121
vt 0.719116 0.132141
vt 0.753143 0.105743
vt 0.704285 0.025909
vt 0.579010 0.395477
vt 0.817810 0.341187
vt 0.579010 0.340546
vt 0.799652 0.270874
vt 0.579010 0.252625
vt 0.751312 0.208954
vt 0.579010 0.168945
vt 0.699829 0.149384
vt 0.661407 0.095306
vt 0.989990 0.243225
vt 0.968781 0.243225
vt 0.968781 0.152985
vt 0.968781 0.434418
vt 0.989990 0.434418
vt 0.989990 0.325745
vt 0.989990 0.090790
vt 0.989990 0.152985
vt 0.968781 0.325745
vt 0.968781 0.090790
vt 0.989990 0.009979
vt 0.968781 0.009979
vt 0.989990 0.512573
vt 0.968781 0.512573
vt 0.989990 0.606995
vt 0.968781 0.606995
vt 0.707153 0.009979
vt 0.753143 0.009979
vt 0.666229 0.045105
vt 0.662598 0.019623
vt 0.661591 0.009979
vt 0.439301 0.101440
vt 0.452789 0.078247
vt 0.394379 0.063934
vt 0.231934 0.050690
vt 0.231934 0.101440
vt 0.287567 0.046478
vt 0.505829 0.076355
vt 0.505829 0.101440
vt 0.553833 0.101440
vt 0.575165 0.696106
vt 0.648743 0.897827
vt 0.575165 0.897827
vt 0.648743 0.696106
vt 0.630096 0.649231
vt 0.101471 0.033783
vt 0.064423 0.033783
vt 0.064423 0.059143
vt 0.009979 0.046478
vt 0.009979 0.059143
vt 0.009979 0.101440
vt 0.553833 0.042236
vt 0.505829 0.046204
vt 0.553833 0.054932
vt 0.351593 0.050690
vt 0.394379 0.049408
vt 0.452789 0.050995
vt 0.175690 0.101440
vt 0.175690 0.050690
vt 0.121704 0.101440
vt 0.101471 0.059143
vt 0.072235 0.101440
vt 0.192566 0.009979
vt 0.459534 0.009979
vt 0.401123 0.009979
vt 0.351593 0.009979
vt 0.294312 0.009979
vt 0.211700 0.009979
vt 0.553833 0.783813
vt 0.484833 0.833557
vt 0.484833 0.783813
vt 0.301147 0.879395
vt 0.190857 0.898193
vt 0.190857 0.888123
vt 0.980743 0.692108
vt 0.980743 0.737152
vt 0.989990 0.708984
vt 0.392853 0.783813
vt 0.392853 0.833557
vt 0.301147 0.792542
vt 0.553833 0.888123
vt 0.301147 0.898193
vt 0.392853 0.878326
vt 0.404999 0.898193
vt 0.957855 0.737152
vt 0.553833 0.898193
vt 0.476715 0.898193
vt 0.484833 0.878326
vt 0.957855 0.693451
vt 0.815643 0.760773
vt 0.945160 0.760681
vt 0.862579 0.815460
vt 0.945160 0.816101
vt 0.957855 0.847839
vt 0.957855 0.820923
vt 0.980743 0.847839
vt 0.980743 0.820923
vt 0.009979 0.898193
vt 0.009979 0.888123
vt 0.103638 0.898193
vt 0.103638 0.888123
vt 0.147980 0.898193
vt 0.147980 0.888123
vt 0.190857 0.783813
vt 0.103638 0.783813
vt 0.009979 0.783813
vt 0.392853 0.621887
vt 0.392853 0.567932
vt 0.484833 0.567932
vt 0.268036 0.302490
vt 0.342255 0.169708
vt 0.326630 0.278656
vt 0.553833 0.567932
vt 0.553833 0.621887
vt 0.484833 0.621887
vt 0.301147 0.567932
vt 0.301147 0.621887
vt 0.190857 0.567932
vt 0.009979 0.621887
vt 0.009979 0.567932
vt 0.103638 0.621887
vt 0.103638 0.567932
vt 0.506317 0.149261
vt 0.553833 0.162903
vt 0.553833 0.285461
vt 0.109863 0.177490
vt 0.154236 0.185760
vt 0.160645 0.276031
vt 0.500488 0.458038
vt 0.417969 0.457001
vt 0.416107 0.412567
vt 0.363892 0.463593
vt 0.363892 0.415436
vt 0.287567 0.176514
vt 0.221710 0.276031
vt 0.222198 0.185760
vt 0.068817 0.169708
vt 0.080536 0.288879
vt 0.009979 0.162903
vt 0.009979 0.285461
vt 0.436005 0.149261
vt 0.506317 0.285461
vt 0.553833 0.402344
vt 0.132812 0.359375
vt 0.203125 0.359375
vt 0.141815 0.461731
vt 0.146942 0.430450
vt 0.192932 0.454498
vt 0.193268 0.423187
vt 0.009979 0.464844
vt 0.009979 0.402344
vt 0.105469 0.472626
vt 0.082001 0.402344
vt 0.117188 0.406250
vt 0.391296 0.155212
vt 0.381317 0.278656
vt 0.428192 0.285461
vt 0.498535 0.412567
vt 0.553833 0.464844
vt 0.553833 0.556610
vt 0.504669 0.556610
vt 0.427063 0.556610
vt 0.363342 0.556610
vt 0.289062 0.476532
vt 0.289062 0.429657
vt 0.218750 0.406250
vt 0.187500 0.492157
vt 0.301147 0.700287
vt 0.392853 0.646149
vt 0.196045 0.556610
vt 0.148438 0.500000
vt 0.106903 0.556610
vt 0.009979 0.556610
vt 0.009979 0.663788
vt 0.103638 0.700287
vt 0.009979 0.700287
vt 0.484833 0.646149
vt 0.553833 0.663788
vt 0.392914 0.670532
vt 0.392853 0.700287
vt 0.301147 0.636353
vt 0.190857 0.700287
vt 0.190857 0.621887
vt 0.553833 0.700287
vt 0.484833 0.700287
vt 0.484741 0.670532
vt 0.287567 0.101440
vt 0.170380 0.101440
vt 0.123505 0.101440
vt 0.436005 0.101440
vt 0.506317 0.101440
vt 0.076630 0.101440
vt 0.344849 0.101440
vt 0.387634 0.101440
vt 0.232880 0.101440
vt 0.350067 0.101440
vt 0.389130 0.101440
vt 0.937042 0.894379
vt 0.777588 0.889984
vt 0.777588 0.909729
vt 0.722260 0.925018
vt 0.722260 0.984039
vt 0.788361 0.918884
vt 0.677185 0.669952
vt 0.698792 0.707245
vt 0.776978 0.669342
vt 0.989990 0.669342
vt 0.980743 0.669342
vt 0.957855 0.669342
vt 0.910034 0.927002
vt 0.910583 0.988556
vt 0.936554 0.928162
vt 0.989990 0.989716
vt 0.989990 0.928162
vt 0.980743 0.894379
vt 0.957855 0.894379
vt 0.934631 0.669342
vt 0.815094 0.669342
vt 0.815094 0.693573
vt 0.776978 0.693573
vt 0.815643 0.815460
vt 0.775330 0.845703
vt 0.687531 0.854614
vt 0.664215 0.858429
vt 0.775330 0.760010
vt 0.772003 0.989990
vt 0.804382 0.989990
vt 0.888123 0.989990
s 1
usemtl m_body0144
f 1500/555/1140 1501/556/1141 1502/557/1142
f 1503/558/1143 1504/559/1144 1505/560/1145
f 1505/560/1145 1504/559/1144 1506/561/1146
f 1505/560/1145 1506/561/1146 1507/559/1147
f 1508/556/1148 1509/555/1140 1510/562/1149
f 1510/562/1149 1509/555/1140 1511/563/1150
f 1510/562/1149 1511/563/1150 1512/564/1151
f 1512/564/1151 1511/563/1150 1513/565/1152
f 1512/564/1151 1513/565/1152 1514/566/1153
f 1514/566/1153 1513/565/1152 1515/567/1154
f 1514/566/1153 1515/567/1154 1516/568/1155
f 1517/569/1156 1518/558/1157 1519/570/1158
f 1519/570/1158 1518/558/1157 1520/571/1159
f 1519/570/1158 1520/571/1159 1521/572/1160
f 1521/572/1160 1520/571/1159 1522/573/1161
f 1521/572/1160 1522/573/1161 1523/574/1162
f 1523/574/1162 1522/573/1161 1524/575/1163
f 1525/559/1147 1526/558/1164 1527/560/1145
f 1528/567/1165 1529/565/1166 1530/576/1167
f 1530/576/1167 1529/565/1166 1531/567/1168
f 1532/557/1142 1533/556/1169 1534/555/1140
f 1534/555/1140 1533/556/1169 1535/562/1170
f 1534/555/1140 1535/562/1170 1536/563/1150
f 1536/563/1150 1535/562/1170 1537/564/1171
f 1536/563/1150 1537/564/1171 1538/565/1152
f 1538/565/1152 1537/564/1171 1539/566/1172
f 1538/565/1152 1539/566/1172 1540/567/1173
f 1540/567/1173 1539/566/1172 1541/568/1174
f 1542/559/1175 1543/577/1176 1544/558/1157
f 1544/558/1157 1543/577/1176 1545/578/1177
f 1544/558/1157 1545/578/1177 1546/571/1159
f 1546/571/1159 1545/578/1177 1547/579/1178
f 1546/571/1159 1547/579/1178 1548/573/1161
f 1548/573/1161 1547/579/1178 1549/580/1179
f 1548/573/1161 1549/580/1179 1550/575/1163
f 1550/575/1163 1549/580/1179 1551/581/1180
f 1550/575/1163 1551/581/1180 1552/582/1181
f 1552/582/1181 1551/581/1180 1553/583/1182
f 1552/582/1181 1553/583/1182 1554/566/1172
f 1554/566/1172 1553/583/1182 1555/584/1183
f 1554/566/1172 1555/584/1183 1556/568/1174
f 1557/585/1184 1558/586/1185 1559/587/1186
f 1560/588/1187 1561/589/1188 1562/590/1189
f 1562/590/1189 1561/589/1188 1563/591/1190
f 1562/590/1189 1563/591/1190 1564/592/1191
f 1565/593/1167 1566/594/1192 1567/588/1193
f 1567/588/1193 1566/594/1192 1568/590/1194
f 1569/588/1195 1570/595/1196 1571/593/1167
f 1571/593/1167 1570/595/1196 1560/588/1187
f 1571/593/1167 1560/588/1187 1572/594/1154
f 1572/594/1154 1560/588/1187 1562/590/1189
f 1573/592/1197 1574/591/1198 1568/590/1194
f 1568/590/1194 1574/591/1198 1575/589/1199
f 1568/590/1194 1575/589/1199 1567/588/1193
f 1576/585/1184 1559/587/1200 1577/596/1201
f 1577/596/1201 1559/587/1200 1578/597/1202
f 1577/596/1201 1578/597/1202 1563/591/1190
f 1563/591/1190 1578/597/1202 1579/598/1203
f 1563/591/1190 1579/598/1203 1564/592/1191
f 1580/592/1197 1581/598/1183 1582/591/1204
f 1582/591/1204 1581/598/1183 1583/597/1205
f 1582/591/1204 1583/597/1205 1584/596/1206
f 1584/596/1206 1583/597/1205 1585/587/1207
f 1584/596/1206 1585/587/1207 1586/585/1208
f 1558/586/1185 1557/585/1184 1587/599/1209
f 1587/599/1209 1557/585/1184 1588/600/1210
f 1587/599/1209 1588/600/1210 1589/601/1211
f 1589/601/1211 1588/600/1210 1590/602/1212
f 1589/601/1211 1590/602/1212 1591/603/1213
f 1591/603/1213 1590/602/1212 1592/604/1214
f 1591/603/1213 1592/604/1214 1593/605/1215
f 1593/605/1215 1592/604/1214 1594/606/1216
f 1593/605/1215 1594/606/1216 1595/607/1146
f 1594/606/1216 1596/608/1217 1595/607/1146
f 1595/607/1146 1596/608/1217 1597/606/1218
f 1595/607/1146 1597/606/1218 1598/605/1219
f 1598/605/1219 1597/606/1218 1599/604/1220
f 1598/605/1219 1599/604/1220 1600/603/1221
f 1600/603/1221 1599/604/1220 1601/602/1222
f 1600/603/1221 1601/602/1222 1602/601/1223
f 1602/601/1223 1601/602/1222 1603/600/1224
f 1602/601/1223 1603/600/1224 1604/599/1178
f 1604/599/1178 1603/600/1224 1586/585/1208
f 1604/599/1178 1586/585/1208 1605/586/1179
f 1605/586/1179 1586/585/1208 1585/587/1207
f 1606/609/1225 1607/610/1226 1608/611/1227
f 1609/571/1228 1610/558/1229 1611/570/1230
f 1611/570/1230 1610/558/1229 1612/569/1231
f 1611/570/1230 1612/569/1231 1613/612/1232
f 1614/613/1233 1615/614/1234 1616/574/1235
f 1616/574/1235 1615/614/1234 1617/575/1236
f 1618/609/1237 1608/611/1238 1619/615/1239
f 1619/615/1239 1608/611/1238 1620/616/1240
f 1619/615/1239 1620/616/1240 1621/617/1241
f 1621/617/1241 1620/616/1240 1622/618/1242
f 1621/617/1241 1622/618/1242 1623/619/1243
f 1624/620/1244 1625/621/1245 1626/622/1246
f 1626/622/1246 1625/621/1245 1627/623/1148
f 1626/622/1246 1627/623/1148 1628/624/1247
f 1628/624/1247 1627/623/1148 1629/625/1248
f 1628/624/1247 1629/625/1248 1630/626/1243
f 1631/627/1249 1632/628/1250 1633/629/1251
f 1633/629/1251 1632/628/1250 1634/613/1252
f 1633/629/1251 1634/613/1252 1635/572/1253
f 1635/572/1253 1634/613/1252 1616/574/1235
f 1635/572/1253 1616/574/1235 1636/573/1254
f 1636/573/1254 1616/574/1235 1617/575/1236
f 1637/630/1255 1638/627/1249 1613/612/1256
f 1613/612/1256 1638/627/1249 1639/629/1251
f 1613/612/1256 1639/629/1251 1640/570/1257
f 1640/570/1257 1639/629/1251 1641/572/1258
f 1640/570/1257 1641/572/1258 1642/571/1259
f 1642/571/1259 1641/572/1258 1643/573/1254
f 1644/568/1155 1645/584/1203 1646/566/1153
f 1646/566/1153 1645/584/1203 1647/583/1260
f 1646/566/1153 1647/583/1260 1648/582/1225
f 1648/582/1225 1647/583/1260 1649/581/1200
f 1648/582/1225 1649/581/1200 1650/575/1261
f 1650/575/1261 1649/581/1200 1651/580/1185
f 1650/575/1261 1651/580/1185 1643/573/1254
f 1643/573/1254 1651/580/1185 1652/579/1209
f 1643/573/1254 1652/579/1209 1653/571/1228
f 1653/571/1228 1652/579/1209 1654/578/1262
f 1653/571/1228 1654/578/1262 1655/558/1263
f 1655/558/1263 1654/578/1262 1656/577/1264
f 1655/558/1263 1656/577/1264 1657/559/1215
f 1658/610/1265 1659/609/1266 1660/631/1267
f 1660/631/1267 1659/609/1266 1661/632/1261
f 1660/631/1267 1661/632/1261 1662/633/1268
f 1662/633/1268 1661/632/1261 1663/634/1269
f 1662/633/1268 1663/634/1269 1664/635/1270
f 1664/635/1270 1663/634/1269 1665/636/1233
f 1664/635/1270 1665/636/1233 1666/637/1271
f 1666/637/1271 1665/636/1233 1667/638/1272
f 1666/637/1271 1667/638/1272 1668/620/1273
f 1668/620/1273 1667/638/1272 1669/639/1249
f 1668/620/1273 1669/639/1249 1670/621/1274
f 1671/640/1275 1672/641/1276 1673/642/1277
f 1674/643/1278 1675/644/1278 1676/645/1279
f 1677/646/1280 1678/647/1281 1673/642/1277
f 1673/642/1277 1678/647/1281 1671/640/1275
f 1672/641/1276 1671/640/1275 1679/648/1282
f 1679/648/1282 1671/640/1275 1680/645/1283
f 1679/648/1282 1680/645/1283 1681/644/1284
f 1682/647/1285 1683/646/1286 1684/649/1286
f 1684/649/1286 1683/646/1286 1685/650/1146
f 1684/649/1286 1685/650/1146 1686/651/1146
f 1686/651/1146 1685/650/1146 1677/646/1280
f 1686/651/1146 1677/646/1280 1687/649/1280
f 1687/649/1280 1677/646/1280 1673/642/1277
f 1674/643/1278 1676/645/1279 1688/648/1287
f 1688/648/1287 1676/645/1279 1689/640/1288
f 1688/648/1287 1689/640/1288 1690/641/1289
f 1690/641/1289 1689/640/1288 1682/647/1285
f 1690/641/1289 1682/647/1285 1691/642/1290
f 1691/642/1290 1682/647/1285 1684/649/1286
f 1675/644/1278 1674/643/1278 1692/652/1291
f 1692/652/1291 1674/643/1278 1693/653/1291
f 1692/652/1291 1693/653/1291 1694/654/1292
f 1694/654/1292 1693/653/1291 1695/655/1292
f 1694/654/1292 1695/655/1292 1696/652/1293
f 1696/652/1293 1695/655/1292 1697/653/1293
f 1696/652/1293 1697/653/1293 1681/644/1284
f 1681/644/1284 1697/653/1293 1698/643/1284
f 1681/644/1284 1698/643/1284 1679/648/1282
f 1699/656/1294 1700/657/1295 1701/612/1296
f 1702/627/1297 1703/658/1298 1704/630/1299
f 1705/659/1300 1706/660/1142 1707/656/1301
f 1707/656/1301 1706/660/1142 1708/659/1302
f 1707/656/1301 1708/659/1302 1709/658/1303
f 1710/613/1304 1711/628/1305 1712/629/1306
f 1712/629/1306 1711/628/1305 1702/627/1297
f 1712/629/1306 1702/627/1297 1713/612/1307
f 1713/612/1307 1702/627/1297 1704/630/1299
f 1713/612/1307 1704/630/1299 1714/656/1308
f 1714/656/1308 1704/630/1299 1703/658/1298
f 1714/656/1308 1703/658/1298 1715/659/1300
f 1716/575/1163 1717/614/1309 1718/574/1162
f 1718/574/1162 1717/614/1309 1719/613/1310
f 1718/574/1162 1719/613/1310 1720/572/1311
f 1720/572/1311 1719/613/1310 1721/629/1312
f 1720/572/1311 1721/629/1312 1722/570/1313
f 1722/570/1313 1721/629/1312 1701/612/1296
f 1722/570/1313 1701/612/1296 1723/569/1314
f 1723/569/1314 1701/612/1296 1700/657/1295
f 1723/569/1314 1700/657/1295 1724/612/1232
f 1724/612/1232 1700/657/1295 1699/656/1294
f 1724/612/1232 1699/656/1294 1725/630/1315
f 1725/630/1315 1699/656/1294 1709/658/1303
f 1725/630/1315 1709/658/1303 1726/627/1316
f 1727/661/1317 1728/662/1318 1729/663/1319
f 1730/664/1320 1731/665/1321 1732/666/1322
f 1733/667/1323 1734/668/1324 1735/669/1325
f 1736/670/1326 1737/671/1327 1738/672/1326
f 1736/670/1326 1739/673/1328 1737/671/1327
f 1737/671/1327 1739/673/1328 1740/670/1329
f 1737/671/1327 1740/670/1329 1741/672/1329
f 1742/670/1330 1743/671/1331 1744/672/1332
f 1742/670/1330 1745/673/1333 1743/671/1331
f 1743/671/1331 1745/673/1333 1746/670/1334
f 1743/671/1331 1746/670/1334 1747/672/1335
f 1748/670/1336 1749/671/1337 1750/672/1336
f 1748/670/1336 1751/673/1337 1749/671/1337
f 1749/671/1337 1751/673/1337 1752/670/1338
f 1749/671/1337 1752/670/1338 1753/672/1339
f 1754/674/1340 1755/619/1341 1756/617/1342
f 1757/662/1318 1758/661/1317 1734/668/1343
f 1759/675/1344 1760/676/1345 1761/677/1346
f 1760/676/1345 1762/678/1347 1761/677/1346
f 1761/677/1346 1762/678/1347 1763/679/1348
f 1761/677/1346 1763/679/1348 1764/680/1325
f 1765/681/1347 1766/682/1349 1767/683/1350
f 1767/683/1350 1766/682/1349 1733/667/1323
f 1767/683/1350 1733/667/1323 1735/669/1325
f 1768/684/1351 1769/663/1352 1770/685/1353
f 1770/685/1353 1769/663/1352 1771/662/1354
f 1770/685/1353 1771/662/1354 1772/686/1355
f 1755/619/1341 1773/618/1356 1756/617/1342
f 1756/617/1342 1773/618/1356 1774/616/1357
f 1756/617/1342 1774/616/1357 1775/615/1358
f 1775/615/1358 1774/616/1357 1776/611/1359
f 1775/615/1358 1776/611/1359 1777/609/1181
f 1778/626/1360 1779/625/1340 1780/624/1361
f 1780/624/1361 1779/625/1340 1781/623/1362
f 1780/624/1361 1781/623/1362 1782/622/1363
f 1782/622/1363 1781/623/1362 1783/621/1364
f 1782/622/1363 1783/621/1364 1784/620/1365
f 1785/665/1366 1786/664/1367 1787/687/1368
f 1787/687/1368 1786/664/1367 1788/688/1369
f 1787/687/1368 1788/688/1369 1789/689/1370
f 1789/689/1370 1788/688/1369 1790/690/1371
f 1789/689/1370 1790/690/1371 1791/691/1372
f 1792/664/1373 1793/692/1374 1794/688/1369
f 1794/688/1369 1793/692/1374 1759/675/1344
f 1794/688/1369 1759/675/1344 1795/690/1375
f 1795/690/1375 1759/675/1344 1761/677/1346
f 1795/690/1375 1761/677/1346 1796/691/1372
f 1796/691/1372 1761/677/1346 1764/680/1325
f 1776/611/1359 1797/610/1376 1777/609/1181
f 1777/609/1181 1797/610/1376 1798/631/1377
f 1777/609/1181 1798/631/1377 1799/632/1163
f 1799/632/1163 1798/631/1377 1800/633/1378
f 1799/632/1163 1800/633/1378 1801/634/1379
f 1801/634/1379 1800/633/1378 1802/635/1380
f 1801/634/1379 1802/635/1380 1803/636/1310
f 1803/636/1310 1802/635/1380 1804/637/1381
f 1803/636/1310 1804/637/1381 1805/638/1382
f 1805/638/1382 1804/637/1381 1784/620/1365
f 1805/638/1382 1784/620/1365 1806/639/1383
f 1806/639/1383 1784/620/1365 1783/621/1364
f 1807/668/1343 1808/667/1323 1771/662/1354
f 1771/662/1354 1808/667/1323 1809/682/1384
f 1771/662/1354 1809/682/1384 1772/686/1355
f 1772/686/1355 1809/682/1384 1810/693/1385
f 1772/686/1355 1810/693/1385 1811/685/1386
f 1811/685/1386 1810/693/1385 1812/694/1387
f 1811/685/1386 1812/694/1387 1813/684/1388
f 1813/684/1388 1812/694/1387 1814/695/1389
f 1813/684/1388 1814/695/1389 1815/666/1390
f 1815/666/1390 1814/695/1389 1816/696/1391
f 1815/666/1390 1816/696/1391 1817/664/1392
f 1817/664/1392 1816/696/1391 1818/697/1393
f 1817/664/1392 1818/697/1393 1819/692/1374
f 1820/677/1394 1821/691/1395 1822/680/1396
f 1823/617/1397 1824/619/1398 1825/674/1248
f 1826/668/1399 1827/661/1400 1828/662/1401
f 1828/662/1401 1827/661/1400 1829/663/1402
f 1830/679/1403 1831/677/1404 1822/680/1396
f 1832/679/1405 1833/678/1406 1834/677/1394
f 1834/677/1394 1833/678/1406 1835/676/1407
f 1834/677/1394 1835/676/1407 1836/675/1408
f 1837/669/1396 1838/667/1409 1839/683/1410
f 1839/683/1410 1838/667/1409 1840/682/1411
f 1839/683/1410 1840/682/1411 1841/681/1406
f 1842/686/1412 1843/662/1401 1844/685/1413
f 1844/685/1413 1843/662/1401 1845/663/1414
f 1844/685/1413 1845/663/1414 1846/684/1415
f 1847/691/1416 1848/690/1417 1849/689/1418
f 1849/689/1418 1848/690/1417 1850/688/1419
f 1849/689/1418 1850/688/1419 1851/687/1420
f 1851/687/1420 1850/688/1419 1852/664/1421
f 1851/687/1420 1852/664/1421 1853/665/1422
f 1853/665/1422 1852/664/1421 1854/666/1423
f 1855/691/1416 1856/677/1424 1857/690/1425
f 1857/690/1425 1856/677/1424 1858/675/1426
f 1857/690/1425 1858/675/1426 1859/688/1419
f 1859/688/1419 1858/675/1426 1860/692/1427
f 1859/688/1419 1860/692/1427 1861/664/1428
f 1862/692/1427 1863/697/1429 1864/664/1430
f 1864/664/1430 1863/697/1429 1865/696/1431
f 1864/664/1430 1865/696/1431 1866/666/1432
f 1866/666/1432 1865/696/1431 1867/695/1433
f 1866/666/1432 1867/695/1433 1846/684/1434
f 1846/684/1434 1867/695/1433 1868/694/1435
f 1846/684/1434 1868/694/1435 1869/685/1436
f 1869/685/1436 1868/694/1435 1870/693/1437
f 1869/685/1436 1870/693/1437 1871/686/1438
f 1871/686/1438 1870/693/1437 1872/682/1411
f 1871/686/1438 1872/682/1411 1873/662/1439
f 1873/662/1439 1872/682/1411 1874/667/1440
f 1873/662/1439 1874/667/1440 1875/668/1399
f 1875/668/1399 1874/667/1440 1876/669/1396
f 1877/558/1164 1878/569/1314 1879/560/1441
f 1879/560/1441 1878/569/1314 1880/558/1143
f 1881/698/1442 1882/699/1443 1883/700/1444
f 1884/701/1445 1885/702/1446 1886/703/1447
f 1887/704/1448 1888/705/1449 1889/706/1450
f 1890/707/1451 1891/708/1452 1892/709/1453
f 1893/699/1454 1894/698/1442 1895/710/1455
f 1896/702/1446 1897/701/1456 1898/711/1457
f 1898/711/1457 1897/701/1456 1899/712/1458
f 1898/711/1457 1899/712/1458 1900/713/1459
f 1901/705/1449 1902/704/1460 1903/714/1461
f 1904/715/1462 1905/716/1463 1895/710/1464
f 1895/710/1464 1905/716/1463 1906/717/1465
f 1895/710/1464 1906/717/1465 1907/699/1443
f 1907/699/1443 1906/717/1465 1908/708/1466
f 1907/699/1443 1908/708/1466 1909/700/1467
f 1909/700/1467 1908/708/1466 1910/707/1468
f 1911/704/1448 1912/718/1469 1913/714/1461
f 1913/714/1461 1912/718/1469 1914/719/1470
f 1913/714/1461 1914/719/1470 1915/720/1471
f 1915/720/1471 1914/719/1470 1916/721/1472
f 1915/720/1471 1916/721/1472 1917/722/1473
f 1917/722/1473 1916/721/1472 1918/723/1474
f 1917/722/1473 1918/723/1474 1919/724/1475
f 1919/724/1475 1918/723/1474 1920/725/1450
f 1919/724/1475 1920/725/1450 1921/726/1476
f 1922/727/1477 1923/728/1478 1924/729/1479
f 1924/729/1479 1923/728/1478 1925/730/1480
f 1924/729/1479 1925/730/1480 1926/731/1481
f 1926/731/1481 1925/730/1480 1927/732/1482
f 1926/731/1481 1927/732/1482 1886/703/1483
f 1928/716/1463 1900/713/1459 1929/717/1465
f 1929/717/1465 1900/713/1459 1899/712/1458
f 1929/717/1465 1899/712/1458 1930/708/1466
f 1930/708/1466 1899/712/1458 1931/701/1445
f 1930/708/1466 1931/701/1445 1932/709/1453
f 1932/709/1453 1931/701/1445 1933/703/1484
f 1932/709/1453 1933/703/1484 1934/733/1485
f 1934/733/1485 1933/703/1484 1935/732/1486
f 1934/733/1485 1935/732/1486 1936/734/1487
f 1936/734/1487 1935/732/1486 1937/730/1488
f 1936/734/1487 1937/730/1488 1938/735/1489
f 1938/735/1489 1937/730/1488 1939/728/1478
f 1940/736/1490 1941/737/1491 1942/738/1492
f 1943/739/1493 1944/740/1494 1945/741/1495
f 1946/742/1496 1947/743/1497 1948/738/1492
f 1948/738/1492 1947/743/1497 1949/744/1498
f 1948/738/1492 1949/744/1498 1950/736/1499
f 1951/737/1500 1950/736/1501 1952/745/1502
f 1952/745/1502 1950/736/1501 1953/746/1503
f 1952/745/1502 1953/746/1503 1954/747/1504
f 1955/748/1497 1956/749/1496 1957/750/1505
f 1957/750/1505 1956/749/1496 1958/751/1506
f 1959/752/1507 1960/753/1508 1961/754/1509
f 1962/755/1510 1963/756/1511 1964/757/1512
f 1965/758/1513 1966/759/1514 1967/760/1515
f 1967/760/1515 1966/759/1514 1968/761/1516
f 1967/760/1515 1968/761/1516 1969/762/1517
f 1970/740/1494 1971/739/1518 1972/763/1519
f 1972/763/1519 1971/739/1518 1973/764/1520
f 1972/763/1519 1973/764/1520 1974/765/1521
f 1975/766/1522 1976/767/1523 1977/768/1524
f 1977/768/1524 1976/767/1523 1978/769/1525
f 1979/770/1526 1980/752/1507 1981/771/1527
f 1981/771/1527 1980/752/1507 1982/754/1509
f 1981/771/1527 1982/754/1509 1983/772/1528
f 1984/766/1529 1985/755/1530 1986/767/1531
f 1986/767/1531 1985/755/1530 1987/757/1532
f 1986/767/1531 1987/757/1532 1988/773/1533
f 1988/773/1533 1987/757/1532 1989/774/1534
f 1990/775/1535 1991/776/1536 1992/777/1537
f 1992/777/1537 1991/776/1536 1993/778/1538
f 1994/779/1539 1995/780/1528 1996/781/1540
f 1996/781/1540 1995/780/1528 1997/782/1541
f 1996/781/1540 1997/782/1541 1998/775/1535
f 1998/775/1535 1997/782/1541 1999/783/1542
f 1998/775/1535 1999/783/1542 2000/776/1543
f 2001/741/1544 2002/784/1545 2003/785/1546
f 2003/785/1546 2002/784/1545 2004/770/1547
f 2003/785/1546 2004/770/1547 2005/786/1548
f 2005/786/1548 2004/770/1547 2006/771/1527
f 2005/786/1548 2006/771/1527 2007/787/1549
f 2007/787/1549 2006/771/1527 1983/772/1528
f 2007/787/1549 1983/772/1528 2008/788/1550
f 2009/789/1551 2010/790/1552 2011/758/1553
f 2011/758/1553 2010/790/1552 2012/791/1554
f 2011/758/1553 2012/791/1554 2013/759/1555
f 2013/759/1555 2012/791/1554 2014/792/1556
f 2013/759/1555 2014/792/1556 2015/761/1557
f 2015/761/1557 2014/792/1556 2016/793/1558
f 2015/761/1557 2016/793/1558 2017/762/1517
f 2017/762/1517 2016/793/1558 2018/794/1559
f 2019/794/1560 2020/777/1561 2021/795/1562
f 2021/795/1562 2020/777/1561 1993/778/1563
f 2021/795/1562 1993/778/1563 2022/774/1534
f 2022/774/1534 1993/778/1563 2000/776/1543
f 2022/774/1534 2000/776/1543 2023/773/1564
f 2023/773/1564 2000/776/1543 1999/783/1542
f 2023/773/1564 1999/783/1542 2024/767/1565
f 2024/767/1565 1999/783/1542 2025/782/1566
f 2024/767/1565 2025/782/1566 2026/769/1567
f 2026/769/1567 2025/782/1566 2027/780/1528
f 2028/756/1568 2029/765/1521 1987/757/1532
f 1987/757/1532 2029/765/1521 2030/764/1569
f 1987/757/1532 2030/764/1569 1989/774/1534
f 1989/774/1534 2030/764/1569 2031/739/1518
f 1989/774/1534 2031/739/1518 2032/795/1570
f 2032/795/1570 2031/739/1518 2033/741/1495
f 2032/795/1570 2033/741/1495 2034/794/1559
f 2034/794/1559 2033/741/1495 2035/785/1546
f 2034/794/1559 2035/785/1546 1969/762/1517
f 1969/762/1517 2035/785/1546 2005/786/1548
f 1969/762/1517 2005/786/1548 1967/760/1515
f 1967/760/1515 2005/786/1548 2007/787/1549
f 1967/760/1515 2007/787/1549 1965/758/1513
f 1965/758/1513 2007/787/1549 2008/788/1550
f 1965/758/1513 2008/788/1550 2036/789/1571
f 2037/796/1572 2038/777/1537 2039/794/1560
f 2040/797/1573 2041/709/1453 2042/733/1574
f 2043/747/1504 2044/750/1505 2045/751/1575
f 2046/746/1576 2047/736/1501 2048/798/1577
f 2049/799/1578 2050/793/1579 2051/792/1580
f 2038/777/1537 2037/796/1572 2052/775/1535
f 2052/775/1535 2037/796/1572 2053/800/1581
f 2052/775/1535 2053/800/1581 2054/781/1582
f 2055/779/1583 2056/801/1584 2057/802/1551
f 2058/803/1585 2059/804/1586 2060/805/1587
f 2061/744/1588 2062/743/1497 2063/806/1589
f 2063/806/1589 2062/743/1497 2064/807/1590
f 2065/808/1591 2066/809/1592 2040/797/1573
f 2041/709/1453 2040/797/1573 2067/707/1451
f 2067/707/1451 2040/797/1573 2066/809/1592
f 2067/707/1451 2066/809/1592 2068/700/1444
f 2069/810/1593 2070/811/1594 2071/812/1595
f 2071/812/1595 2070/811/1594 2059/804/1586
f 2071/812/1595 2059/804/1586 2044/750/1505
f 2044/750/1505 2059/804/1586 2058/803/1585
f 2044/750/1505 2058/803/1585 2072/748/1497
f 2055/779/1583 2054/781/1582 2056/801/1584
f 2056/801/1584 2054/781/1582 2053/800/1581
f 2056/801/1584 2053/800/1581 2049/799/1578
f 2049/799/1578 2053/800/1581 2037/796/1572
f 2049/799/1578 2037/796/1572 2050/793/1579
f 2050/793/1579 2037/796/1572 2039/794/1560
f 2073/813/1587 2074/814/1596 2064/807/1590
f 2064/807/1590 2074/814/1596 2075/815/1597
f 2064/807/1590 2075/815/1597 2063/806/1589
f 2063/806/1589 2075/815/1597 2048/798/1577
f 2063/806/1589 2048/798/1577 2061/744/1588
f 2061/744/1588 2048/798/1577 2047/736/1501
f 2076/735/1489 2060/805/1587 2077/734/1487
f 2077/734/1487 2060/805/1587 2059/804/1586
f 2077/734/1487 2059/804/1586 2042/733/1574
f 2042/733/1574 2059/804/1586 2070/811/1594
f 2042/733/1574 2070/811/1594 2040/797/1573
f 2040/797/1573 2070/811/1594 2069/810/1593
f 2040/797/1573 2069/810/1593 2065/808/1591
f 2044/750/1505 2043/747/1504 2071/812/1595
f 2071/812/1595 2043/747/1504 2046/746/1576
f 2071/812/1595 2046/746/1576 2069/810/1593
f 2069/810/1593 2046/746/1576 2048/798/1577
f 2069/810/1593 2048/798/1577 2065/808/1591
f 2065/808/1591 2048/798/1577 2075/815/1597
f 2065/808/1591 2075/815/1597 2066/809/1592
f 2066/809/1592 2075/815/1597 2074/814/1596
f 2066/809/1592 2074/814/1596 2068/700/1444
f 2068/700/1444 2074/814/1596 2073/813/1587
f 2068/700/1444 2073/813/1587 2078/698/1489
f 2079/757/1598 2080/773/1599 2081/774/1600
f 2082/767/1601 2083/766/1602 2084/768/1603
f 2085/793/1604 2086/762/1605 2087/794/1606
f 2088/782/1607 2089/769/1608 2090/780/1609
f 2091/743/1610 2092/742/1611 2093/744/1612
f 2093/744/1612 2092/742/1611 2094/738/1613
f 2093/744/1612 2094/738/1613 2095/737/1614
f 2096/751/1615 2097/749/1611 2098/748/1616
f 2099/754/1608 2100/753/1603 2101/752/1617
f 2102/768/1603 2103/769/1618 2104/767/1601
f 2080/773/1599 2079/757/1598 2104/767/1619
f 2105/762/1605 2106/761/1620 2107/760/1621
f 2107/760/1621 2106/761/1620 2108/759/1622
f 2107/760/1621 2108/759/1622 2109/758/1623
f 2110/765/1624 2111/764/1625 2112/763/1626
f 2112/763/1626 2111/764/1625 2113/739/1627
f 2112/763/1626 2113/739/1627 2114/740/1628
f 2114/740/1628 2113/739/1627 2115/741/1629
f 2116/772/1609 2117/754/1608 2118/771/1630
f 2118/771/1630 2117/754/1608 2119/752/1617
f 2118/771/1630 2119/752/1617 2120/770/1631
f 2121/766/1632 2122/767/1633 2123/755/1634
f 2123/755/1634 2122/767/1633 2079/757/1635
f 2123/755/1634 2079/757/1635 2124/756/1636
f 2125/775/1637 2126/777/1638 2127/776/1639
f 2127/776/1639 2126/777/1638 2128/778/1640
f 2129/747/1641 2130/812/1642 2131/745/1643
f 2131/745/1643 2130/812/1642 2132/746/1644
f 2131/745/1643 2132/746/1644 2095/737/1645
f 2095/737/1645 2132/746/1644 2133/736/1646
f 2095/737/1645 2133/736/1646 2134/744/1647
f 2135/776/1639 2136/783/1648 2137/775/1637
f 2137/775/1637 2136/783/1648 2138/782/1649
f 2137/775/1637 2138/782/1649 2139/781/1650
f 2139/781/1650 2138/782/1649 2090/780/1609
f 2139/781/1650 2090/780/1609 2140/779/1651
f 2141/788/1651 2142/772/1609 2143/787/1652
f 2143/787/1652 2142/772/1609 2144/771/1653
f 2143/787/1652 2144/771/1653 2145/786/1654
f 2145/786/1654 2144/771/1653 2146/770/1655
f 2145/786/1654 2146/770/1655 2147/785/1656
f 2147/785/1656 2146/770/1655 2148/784/1657
f 2147/785/1656 2148/784/1657 2149/741/1658
f 2105/762/1605 2150/793/1659 2106/761/1620
f 2106/761/1620 2150/793/1659 2151/792/1660
f 2106/761/1620 2151/792/1660 2108/759/1622
f 2108/759/1622 2151/792/1660 2152/791/1661
f 2108/759/1622 2152/791/1661 2109/758/1623
f 2109/758/1623 2152/791/1661 2153/790/1662
f 2109/758/1623 2153/790/1662 2154/789/1663
f 2089/769/1608 2088/782/1607 2104/767/1619
f 2104/767/1619 2088/782/1607 2155/783/1648
f 2104/767/1619 2155/783/1648 2080/773/1599
f 2080/773/1599 2155/783/1648 2156/776/1664
f 2080/773/1599 2156/776/1664 2081/774/1600
f 2081/774/1600 2156/776/1664 2157/778/1665
f 2081/774/1600 2157/778/1665 2158/795/1666
f 2158/795/1666 2157/778/1665 2159/777/1667
f 2158/795/1666 2159/777/1667 2160/794/1668
f 2161/789/1669 2162/788/1670 2163/758/1671
f 2163/758/1671 2162/788/1670 2164/787/1672
f 2163/758/1671 2164/787/1672 2165/760/1621
f 2165/760/1621 2164/787/1672 2166/786/1673
f 2165/760/1621 2166/786/1673 2167/762/1605
f 2167/762/1605 2166/786/1673 2168/785/1656
f 2167/762/1605 2168/785/1656 2169/794/1606
f 2169/794/1606 2168/785/1656 2149/741/1629
f 2169/794/1606 2149/741/1629 2170/795/1674
f 2170/795/1674 2149/741/1629 2171/739/1627
f 2170/795/1674 2171/739/1627 2172/774/1675
f 2172/774/1675 2171/739/1627 2173/764/1676
f 2172/774/1675 2173/764/1676 2174/757/1635
f 2174/757/1635 2173/764/1676 2175/765/1624
f 2174/757/1635 2175/765/1624 2176/756/1677
f 2177/730/1678 2178/735/1679 2179/728/1680
f 2180/703/1681 2181/702/1682 2182/701/1683
f 2183/710/1684 2184/698/1685 2185/699/1686
f 2186/714/1687 2187/704/1688 2188/705/1689
f 2188/705/1689 2187/704/1688 2189/706/1690
f 2190/709/1691 2191/708/1692 2192/707/1693
f 2192/707/1693 2191/708/1692 2193/699/1694
f 2192/707/1693 2193/699/1694 2194/700/1695
f 2194/700/1695 2193/699/1694 2195/698/1685
f 2196/702/1682 2197/711/1696 2198/701/1697
f 2198/701/1697 2197/711/1696 2199/713/1698
f 2198/701/1697 2199/713/1698 2200/712/1699
f 2200/712/1699 2199/713/1698 2201/716/1700
f 2200/712/1699 2201/716/1700 2202/717/1701
f 2203/726/1689 2204/725/1702 2205/724/1703
f 2205/724/1703 2204/725/1702 2206/723/1704
f 2205/724/1703 2206/723/1704 2207/722/1705
f 2207/722/1705 2206/723/1704 2208/721/1706
f 2207/722/1705 2208/721/1706 2209/720/1707
f 2209/720/1707 2208/721/1706 2210/719/1708
f 2209/720/1707 2210/719/1708 2211/714/1687
f 2211/714/1687 2210/719/1708 2212/718/1709
f 2211/714/1687 2212/718/1709 2213/704/1688
f 2214/703/1710 2215/732/1711 2216/731/1712
f 2216/731/1712 2215/732/1711 2217/730/1713
f 2216/731/1712 2217/730/1713 2218/729/1714
f 2218/729/1714 2217/730/1713 2219/728/1680
f 2218/729/1714 2219/728/1680 2220/727/1715
f 2221/735/1679 2222/730/1678 2223/734/1716
f 2223/734/1716 2222/730/1678 2224/732/1717
f 2223/734/1716 2224/732/1717 2225/733/1718
f 2225/733/1718 2224/732/1717 2226/703/1681
f 2225/733/1718 2226/703/1681 2227/709/1691
f 2227/709/1691 2226/703/1681 2228/701/1683
f 2227/709/1691 2228/701/1683 2229/708/1719
f 2229/708/1719 2228/701/1683 2230/712/1720
f 2229/708/1719 2230/712/1720 2185/699/1686
f 2185/699/1686 2230/712/1720 2231/717/1701
f 2185/699/1686 2231/717/1701 2232/710/1721
f 2232/710/1721 2231/717/1701 2233/716/1700
f 2232/710/1721 2233/716/1700 2234/715/1722
f 2235/750/1723 2236/748/1616 2237/803/1724
f 2238/798/1725 2239/744/1647 2240/736/1646
f 2241/796/1726 2242/793/1659 2243/794/1668
f 2244/806/1727 2245/743/1728 2239/744/1647
f 2246/698/1685 2247/813/1729 2248/700/1730
f 2240/736/1646 2249/810/1731 2238/798/1725
f 2238/798/1725 2249/810/1731 2250/808/1732
f 2236/748/1616 2235/750/1723 2251/751/1733
f 2251/751/1733 2235/750/1723 2252/812/1642
f 2251/751/1733 2252/812/1642 2253/747/1641
f 2254/809/1734 2255/797/1735 2256/709/1691
f 2256/709/1691 2255/797/1735 2257/733/1736
f 2239/744/1647 2238/798/1725 2244/806/1727
f 2244/806/1727 2238/798/1725 2250/808/1732
f 2244/806/1727 2250/808/1732 2258/815/1737
f 2259/792/1738 2242/793/1659 2260/799/1739
f 2261/781/1740 2262/800/1741 2263/775/1637
f 2263/775/1637 2262/800/1741 2241/796/1726
f 2263/775/1637 2241/796/1726 2264/777/1638
f 2264/777/1638 2241/796/1726 2243/794/1668
f 2265/802/1663 2266/801/1742 2267/779/1651
f 2256/709/1691 2268/707/1743 2254/809/1734
f 2254/809/1734 2268/707/1743 2248/700/1730
f 2254/809/1734 2248/700/1730 2269/814/1744
f 2269/814/1744 2248/700/1730 2247/813/1729
f 2269/814/1744 2247/813/1729 2270/807/1724
f 2240/736/1646 2271/746/1745 2249/810/1731
f 2249/810/1731 2271/746/1745 2252/812/1642
f 2249/810/1731 2252/812/1642 2272/811/1746
f 2272/811/1746 2252/812/1642 2235/750/1723
f 2272/811/1746 2235/750/1723 2273/804/1747
f 2273/804/1747 2235/750/1723 2237/803/1724
f 2273/804/1747 2237/803/1724 2274/805/1729
f 2242/793/1659 2241/796/1726 2260/799/1739
f 2260/799/1739 2241/796/1726 2262/800/1741
f 2260/799/1739 2262/800/1741 2266/801/1742
f 2266/801/1742 2262/800/1741 2261/781/1740
f 2266/801/1742 2261/781/1740 2267/779/1651
f 2245/743/1728 2244/806/1727 2270/807/1724
f 2270/807/1724 2244/806/1727 2258/815/1737
f 2270/807/1724 2258/815/1737 2269/814/1744
f 2269/814/1744 2258/815/1737 2250/808/1732
f 2269/814/1744 2250/808/1732 2254/809/1734
f 2254/809/1734 2250/808/1732 2249/810/1731
f 2254/809/1734 2249/810/1731 2255/797/1735
f 2255/797/1735 2249/810/1731 2272/811/1746
f 2255/797/1735 2272/811/1746 2257/733/1736
f 2257/733/1736 2272/811/1746 2273/804/1747
f 2257/733/1736 2273/804/1747 2275/734/1716
f 2275/734/1716 2273/804/1747 2274/805/1729
f 2275/734/1716 2274/805/1729 2276/735/1679
f 2277/816/1748 2278/666/1749 2279/665/1750
f 2280/756/1677 2281/817/1368 2282/818/1751
f 2283/784/1657 2284/740/1628 2285/741/1658
f 2280/756/1677 2282/818/1751 2286/755/1634
f 2286/755/1634 2282/818/1751 2287/766/1632
f 2288/819/1752 2289/752/1753 2290/820/1343
f 2290/820/1343 2289/752/1753 2291/753/1754
f 2290/820/1343 2291/753/1754 2292/669/1325
f 2282/818/1751 2293/821/1755 2287/766/1632
f 2287/766/1632 2293/821/1755 2294/680/1325
f 2287/766/1632 2294/680/1325 2295/768/1756
f 2278/666/1749 2277/816/1748 2296/684/1757
f 2296/684/1757 2277/816/1748 2297/822/1758
f 2296/684/1757 2297/822/1758 2298/663/1759
f 2298/663/1759 2297/822/1758 2299/823/1760
f 2298/663/1759 2299/823/1760 2300/661/1761
f 2281/817/1368 2280/756/1677 2301/824/1750
f 2301/824/1750 2280/756/1677 2302/765/1624
f 2301/824/1750 2302/765/1624 2277/816/1748
f 2277/816/1748 2302/765/1624 2303/763/1762
f 2277/816/1748 2303/763/1762 2304/825/1758
f 2304/825/1758 2303/763/1762 2284/740/1628
f 2304/825/1758 2284/740/1628 2305/826/1760
f 2305/826/1760 2284/740/1628 2283/784/1657
f 2305/826/1760 2283/784/1657 2288/819/1752
f 2288/819/1752 2283/784/1657 2306/770/1763
f 2288/819/1752 2306/770/1763 2289/752/1753
f 2307/827/1764 2308/828/1765 2309/829/1766
f 2310/702/1446 2311/731/1481 2312/703/1483
f 2313/830/1767 2314/831/1768 2315/832/1769
f 2316/833/1770 2317/834/1771 2318/835/1772
f 2319/706/1773 2320/836/1774 2321/704/1775
f 2321/704/1775 2320/836/1774 2322/837/1776
f 2321/704/1775 2322/837/1776 2323/718/1777
f 2323/718/1777 2322/837/1776 2324/838/1778
f 2325/839/1764 2326/840/1778 2327/841/1779
f 2327/841/1779 2326/840/1778 2328/842/1780
f 2327/841/1779 2328/842/1780 2329/843/1774
f 2330/725/1781 2331/723/1782 2332/844/1783
f 2332/844/1783 2331/723/1782 2333/845/1784
f 2334/846/1785 2335/847/1786 2336/848/1787
f 2336/848/1787 2335/847/1786 2318/835/1772
f 2336/848/1787 2318/835/1772 2337/849/1788
f 2337/849/1788 2318/835/1772 2317/834/1771
f 2338/850/1789 2339/851/1790 2308/828/1765
f 2308/828/1765 2339/851/1790 2340/852/1791
f 2308/828/1765 2340/852/1791 2309/829/1766
f 2309/829/1766 2340/852/1791 2341/853/1792
f 2317/834/1771 2342/854/1793 2337/849/1788
f 2337/849/1788 2342/854/1793 2343/719/1794
f 2337/849/1788 2343/719/1794 2336/848/1787
f 2336/848/1787 2343/719/1794 2323/718/1777
f 2336/848/1787 2323/718/1777 2334/846/1785
f 2334/846/1785 2323/718/1777 2324/838/1778
f 2314/831/1768 2344/855/1795 2315/832/1769
f 2315/832/1769 2344/855/1795 2345/856/1796
f 2315/832/1769 2345/856/1796 2325/839/1764
f 2325/839/1764 2345/856/1796 2346/857/1797
f 2325/839/1764 2346/857/1797 2326/840/1778
f 2316/833/1770 2341/853/1792 2317/834/1771
f 2317/834/1771 2341/853/1792 2340/852/1791
f 2317/834/1771 2340/852/1791 2342/854/1793
f 2342/854/1793 2340/852/1791 2339/851/1790
f 2342/854/1793 2339/851/1790 2343/719/1794
f 2343/719/1794 2339/851/1790 2338/850/1789
f 2343/719/1794 2338/850/1789 2347/721/1798
f 2347/721/1798 2338/850/1789 2308/828/1765
f 2347/721/1798 2308/828/1765 2331/723/1782
f 2331/723/1782 2308/828/1765 2307/827/1764
f 2331/723/1782 2307/827/1764 2333/845/1784
f 2348/741/1544 2349/740/1494 2350/784/1545
f 2351/756/1568 2352/755/1530 2353/818/1799
f 2353/818/1799 2352/755/1530 2354/766/1529
f 2355/669/1396 2356/753/1800 2357/820/1801
f 2357/820/1801 2356/753/1800 2358/752/1802
f 2357/820/1801 2358/752/1802 2359/819/1803
f 2360/768/1524 2361/680/1396 2354/766/1529
f 2354/766/1529 2361/680/1396 2362/821/1395
f 2354/766/1529 2362/821/1395 2353/818/1799
f 2363/661/1400 2364/823/1804 2365/663/1805
f 2365/663/1805 2364/823/1804 2366/822/1806
f 2365/663/1805 2366/822/1806 2367/684/1807
f 2367/684/1807 2366/822/1806 2368/816/1808
f 2367/684/1807 2368/816/1808 2369/666/1809
f 2369/666/1809 2368/816/1808 2370/665/1810
f 2358/752/1802 2371/770/1811 2359/819/1803
f 2359/819/1803 2371/770/1811 2350/784/1545
f 2359/819/1803 2350/784/1545 2372/826/1804
f 2372/826/1804 2350/784/1545 2349/740/1494
f 2372/826/1804 2349/740/1494 2373/825/1806
f 2373/825/1806 2349/740/1494 2374/763/1812
f 2373/825/1806 2374/763/1812 2368/816/1808
f 2368/816/1808 2374/763/1812 2375/765/1521
f 2368/816/1808 2375/765/1521 2376/824/1810
f 2376/824/1810 2375/765/1521 2351/756/1568
f 2376/824/1810 2351/756/1568 2377/817/1420
f 2377/817/1420 2351/756/1568 2353/818/1799
f 2378/837/1813 2379/718/1814 2380/838/1815
f 2381/723/1816 2382/844/1817 2383/845/1818
f 2384/852/1819 2385/829/1820 2386/853/1821
f 2379/718/1814 2387/846/1822 2380/838/1815
f 2385/829/1820 2388/828/1823 2389/827/1824
f 2390/703/1710 2391/731/1712 2392/702/1682
f 2379/718/1814 2378/837/1813 2393/704/1825
f 2393/704/1825 2378/837/1813 2394/836/1826
f 2393/704/1825 2394/836/1826 2395/706/1690
f 2396/843/1827 2397/842/1828 2398/841/1829
f 2398/841/1829 2397/842/1828 2399/840/1830
f 2398/841/1829 2399/840/1830 2400/839/1831
f 2382/844/1817 2381/723/1816 2401/725/1832
f 2385/829/1820 2384/852/1819 2388/828/1823
f 2388/828/1823 2384/852/1819 2402/851/1833
f 2388/828/1823 2402/851/1833 2403/850/1834
f 2404/834/1835 2405/833/1836 2406/849/1837
f 2406/849/1837 2405/833/1836 2407/835/1838
f 2406/849/1837 2407/835/1838 2408/848/1839
f 2408/848/1839 2407/835/1838 2409/847/1840
f 2408/848/1839 2409/847/1840 2387/846/1822
f 2387/846/1822 2379/718/1814 2408/848/1839
f 2408/848/1839 2379/718/1814 2410/719/1841
f 2408/848/1839 2410/719/1841 2406/849/1837
f 2406/849/1837 2410/719/1841 2411/854/1842
f 2406/849/1837 2411/854/1842 2404/834/1835
f 2399/840/1830 2412/857/1843 2400/839/1831
f 2400/839/1831 2412/857/1843 2413/856/1844
f 2400/839/1831 2413/856/1844 2414/832/1845
f 2414/832/1845 2413/856/1844 2415/855/1846
f 2414/832/1845 2415/855/1846 2416/830/1821
f 2416/830/1821 2415/855/1846 2417/831/1836
f 2383/845/1818 2389/827/1824 2381/723/1816
f 2381/723/1816 2389/827/1824 2388/828/1823
f 2381/723/1816 2388/828/1823 2418/721/1847
f 2418/721/1847 2388/828/1823 2403/850/1834
f 2418/721/1847 2403/850/1834 2410/719/1841
f 2410/719/1841 2403/850/1834 2402/851/1833
f 2410/719/1841 2402/851/1833 2411/854/1842
f 2411/854/1842 2402/851/1833 2384/852/1819
f 2411/854/1842 2384/852/1819 2404/834/1835
f 2404/834/1835 2384/852/1819 2386/853/1821
f 2404/834/1835 2386/853/1821 2405/833/1836
