mtllib m_body001.mtl
o editpl_m-0000-30
v -71.972450 37.790661 1.793326
v -71.972450 34.368584 1.793326
v -69.805092 35.345402 1.439891
v -69.805092 35.075493 -5.205141
v -69.805092 34.140446 -2.928360
v -71.986000 34.818436 -4.497523
v -71.931816 33.639183 -1.052837
v -69.805092 34.140446 -2.928360
v -69.805092 33.954079 -1.253839
v -69.805092 34.410355 0.054544
v -71.972450 34.368584 1.793326
v -69.805092 35.345402 1.439891
v -69.805092 35.345402 1.439891
v -69.805092 37.430782 1.439891
v -71.972450 37.790661 1.793326
v -69.805092 38.741776 -0.558924
v -71.972450 39.034180 -0.166633
v -69.805092 38.761055 -2.928360
v -71.972450 39.034180 -3.112176
v -69.805092 37.430782 -5.205141
v -71.972450 37.790661 -4.753820
v -69.805092 35.075493 -5.205141
v -71.986000 34.818436 -4.497523
v -41.992508 31.826929 -1.899437
v -34.626209 31.026836 -5.676636
v -34.626209 33.102577 -2.459852
v -39.895592 40.039913 -0.221927
v -41.607803 39.853546 0.980350
v -34.626209 37.562523 4.333876
v -34.626209 31.881554 0.626916
v -41.992508 31.826929 -1.899437
v -34.626209 33.102577 -2.459852
v -43.729103 38.960274 -5.653473
v -45.552391 40.081688 -4.321926
v -43.282085 40.210217 -3.658395
v -53.111042 33.198975 -6.908056
v -49.916901 31.949032 -3.781685
v -55.833782 31.997229 -4.232259
v -48.911789 31.602003 -1.634173
v -55.831074 31.585938 -2.280519
v -61.991779 40.027061 -0.738257
v -69.805092 38.741776 -0.558924
v -69.805092 37.430782 1.439891
v -34.626209 31.026836 -5.676636
v -41.992508 31.826929 -1.899437
v -40.673130 33.247169 -7.139694
v -41.607803 39.853546 0.980350
v -39.895592 40.039913 -0.221927
v -40.673130 39.786072 -4.241974
v -69.805092 33.954079 -1.253839
v -62.796410 33.709873 -0.479719
v -69.805092 34.410355 0.054544
v -62.528198 34.375011 0.455802
v -69.805092 35.345402 1.439891
v -34.626209 33.674530 4.333877
v -34.626209 37.562523 4.333876
v -41.913940 37.520752 3.322887
v -41.607803 39.853546 0.980350
v -43.807671 38.529701 2.590611
v -50.363918 39.467960 2.883521
v -48.941593 37.421143 -7.072445
v -50.992451 36.319008 -7.482669
v -49.304623 38.414028 -6.329708
v -51.466560 38.886372 -6.813160
v -49.472595 39.561146 -5.394935
v -69.805092 33.954079 -1.253839
v -62.796410 33.308224 -2.051123
v -62.796410 33.709873 -0.479719
v -55.833782 31.997229 0.042590
v -62.528198 34.375011 0.455802
v -55.579117 32.951553 1.308380
v -55.408440 34.738106 2.198320
v -49.621597 41.440880 -0.195028
v -49.296497 41.206314 -4.025280
v -54.254322 41.199886 0.215197
v -54.148663 41.129196 -3.197360
v -61.991779 40.027061 -0.738257
v -61.991779 40.001354 -3.541081
v -69.805092 38.741776 -0.558924
v -55.831074 31.585938 -2.280519
v -48.911789 31.602003 -1.634173
v -55.833782 31.997229 0.042590
v -48.467484 32.572395 1.125311
v -49.922321 33.963718 2.267811
v -41.992508 31.826929 -1.899437
v -34.626209 31.881554 0.626916
v -43.872688 32.745911 1.756713
v -41.913940 33.918736 3.322887
v -44.587917 33.947655 2.092214
v -45.319401 36.068378 2.924618
v -50.556271 36.203331 2.899960
v -40.673130 37.549671 -7.139695
v -40.673130 35.400028 -7.880191
v -43.582806 35.891651 -7.144178
v -40.673130 33.247169 -7.139694
v -43.582806 33.353207 -6.684638
v -41.992508 31.826929 -1.899437
v -45.920841 31.769091 -6.275908
v -47.470497 32.241432 -3.826518
v -47.562611 32.279991 -5.092310
v -55.833782 31.997229 -4.232259
v -55.833782 33.182907 -6.962604
v -53.111042 33.198975 -6.908056
v -55.519516 36.277237 -7.692638
v -50.992451 36.319008 -7.482669
v -55.031860 38.783546 -6.962604
v -51.466560 38.886372 -6.813160
v -49.296497 41.206314 -4.025280
v -49.472595 39.561146 -5.394935
v -47.126431 38.121624 -6.635321
v -43.582806 37.928829 -6.684638
v -47.126431 37.601082 -7.024623
v -47.126431 36.039459 -7.490141
v -49.632435 36.203331 -7.741208
v -47.126431 33.349995 -7.224877
v -50.594200 33.497803 -7.597740
v -47.562611 32.279991 -5.092310
v -50.594200 33.497803 -7.597740
v -43.582806 35.891651 -7.144178
v -40.673130 37.549671 -7.139695
v -40.673130 39.786072 -4.241974
v -49.954830 40.875351 1.954726
v -54.999352 40.171658 1.639399
v -55.297359 38.410812 2.361961
v -62.311466 38.616459 0.683704
v -62.392738 36.649971 1.162672
v -34.626209 33.674530 4.333877
v -55.351543 35.923782 2.143025
v -62.446922 35.551048 0.967648
v -48.911789 31.602003 -1.634173
v -49.916901 31.949032 -3.781685
v -53.111042 33.198975 -6.908056
v -49.296497 41.206314 -4.025280
v -49.621597 41.440880 -0.195028
v -54.254322 41.199886 0.215197
v -61.991779 40.027061 -0.738257
v -69.805092 35.345402 1.439891
v -62.528198 34.375011 0.455802
v -55.408440 34.738106 2.198320
v -49.922321 33.963718 2.267811
v -48.467484 32.572395 1.125311
v -48.911789 31.602003 -1.634173
v -62.796410 33.308224 -2.051123
v -55.831074 31.585938 -2.280519
v -55.833782 31.997229 0.042590
v -55.833782 31.997229 -4.232259
v -55.831074 31.585938 -2.280519
v -62.796410 33.308224 -2.051123
v -55.833782 33.182907 -6.962604
v -62.796410 33.581345 -3.700239
v -69.805092 33.954079 -1.253839
v -69.805092 37.430782 -5.205141
v -62.186844 36.492523 -6.600202
v -69.805092 35.075493 -5.205141
v -62.425251 34.657776 -6.050247
v -69.805092 34.140446 -2.928360
v -61.991779 40.001354 -3.541081
v -69.805092 38.761055 -2.928360
v -69.805092 38.741776 -0.558924
v -69.805092 37.430782 -5.205141
v -61.948433 38.327271 -6.050248
v -55.031860 38.783546 -6.962604
v -55.519516 36.277237 -7.692638
v -54.148663 41.129196 -3.197360
v -49.296497 41.206314 -4.025280
v 71.931816 33.639183 -1.052837
v 69.805092 33.954079 -1.253839
v 69.805092 34.140446 -2.928360
v 69.805092 35.345402 1.439891
v 71.972450 34.368584 1.793326
v 71.972450 37.790661 1.793326
v 69.805092 35.075493 -5.205141
v 71.986000 34.818436 -4.497523
v 69.805092 34.140446 -2.928360
v 71.931816 33.639183 -1.052837
v 69.805092 33.954079 -1.253839
v 69.805092 34.410355 0.054544
v 71.972450 34.368584 1.793326
v 69.805092 35.345402 1.439891
v 71.986000 34.818436 -4.497523
v 69.805092 35.075493 -5.205141
v 71.972450 37.790661 -4.753820
v 69.805092 37.430782 -5.205141
v 71.972450 39.034180 -3.112176
v 69.805092 38.761055 -2.928360
v 71.972450 39.034180 -0.166633
v 69.805092 38.741776 -0.558924
v 71.972450 37.790661 1.793326
v 69.805092 37.430782 1.439891
v 69.805092 35.345402 1.439891
v 41.607803 39.853546 0.980350
v 43.807671 38.529701 2.590611
v 50.363918 39.467960 2.883521
v 54.999352 40.171658 1.639399
v 55.297359 38.410812 2.361961
v 62.311466 38.616459 0.683704
v 41.913940 33.918736 3.322887
v 34.626209 37.562523 4.333876
v 34.626209 33.674530 4.333877
v 41.913940 37.520752 3.322887
v 55.831074 31.585938 -2.280519
v 48.911789 31.602003 -1.634173
v 55.833782 31.997229 -4.232259
v 49.916901 31.949032 -3.781685
v 53.111042 33.198975 -6.908056
v 62.446922 35.551048 0.967648
v 62.392738 36.649971 1.162672
v 55.351543 35.923782 2.143025
v 69.805092 37.430782 1.439891
v 69.805092 38.741776 -0.558924
v 61.991779 40.027061 -0.738257
v 40.673130 33.247169 -7.139694
v 41.992508 31.826929 -1.899437
v 34.626209 31.026836 -5.676636
v 34.626209 33.102577 -2.459852
v 40.673130 39.786072 -4.241974
v 39.895592 40.039913 -0.221927
v 41.607803 39.853546 0.980350
v 34.626209 37.562523 4.333876
v 69.805092 35.345402 1.439891
v 62.528198 34.375011 0.455802
v 69.805092 34.410355 0.054544
v 62.796410 33.709873 -0.479719
v 69.805092 33.954079 -1.253839
v 49.472595 39.561146 -5.394935
v 51.466560 38.886372 -6.813160
v 49.304623 38.414028 -6.329708
v 50.992451 36.319008 -7.482669
v 48.941593 37.421143 -7.072445
v 41.913940 33.918736 3.322887
v 34.626209 31.881554 0.626916
v 55.408440 34.738106 2.198320
v 55.579117 32.951553 1.308380
v 62.528198 34.375011 0.455802
v 55.833782 31.997229 0.042590
v 62.796410 33.709873 -0.479719
v 62.796410 33.308224 -2.051123
v 69.805092 33.954079 -1.253839
v 69.805092 38.741776 -0.558924
v 61.991779 40.001354 -3.541081
v 61.991779 40.027061 -0.738257
v 54.148663 41.129196 -3.197360
v 54.254322 41.199886 0.215197
v 49.296497 41.206314 -4.025280
v 49.621597 41.440880 -0.195028
v 55.408440 34.738106 2.198320
v 49.922321 33.963718 2.267811
v 55.579117 32.951553 1.308380
v 48.467484 32.572395 1.125311
v 55.833782 31.997229 0.042590
v 48.911789 31.602003 -1.634173
v 55.831074 31.585938 -2.280519
v 50.556271 36.203331 2.899960
v 45.319401 36.068378 2.924618
v 44.587917 33.947655 2.092214
v 41.913940 33.918736 3.322887
v 43.872688 32.745911 1.756713
v 41.992508 31.826929 -1.899437
v 34.626209 33.102577 -2.459852
v 47.562611 32.279991 -5.092310
v 47.470497 32.241432 -3.826518
v 45.920841 31.769091 -6.275908
v 41.992508 31.826929 -1.899437
v 43.582806 33.353207 -6.684638
v 40.673130 33.247169 -7.139694
v 43.582806 35.891651 -7.144178
v 40.673130 35.400028 -7.880191
v 40.673130 37.549671 -7.139695
v 49.472595 39.561146 -5.394935
v 49.296497 41.206314 -4.025280
v 55.031860 38.783546 -6.962604
v 50.992451 36.319008 -7.482669
v 55.519516 36.277237 -7.692638
v 53.111042 33.198975 -6.908056
v 55.833782 33.182907 -6.962604
v 55.833782 31.997229 -4.232259
v 50.594200 33.497803 -7.597740
v 47.126431 33.349995 -7.224877
v 49.632435 36.203331 -7.741208
v 47.126431 36.039459 -7.490141
v 47.126431 37.601082 -7.024623
v 43.582806 37.928829 -6.684638
v 47.126431 38.121624 -6.635321
v 43.729103 38.960274 -5.653473
v 45.552391 40.081688 -4.321926
v 43.282085 40.210217 -3.658395
v 55.297359 38.410812 2.361961
v 54.999352 40.171658 1.639399
v 50.363918 39.467960 2.883521
v 49.954830 40.875351 1.954726
v 43.282085 40.210217 -3.658395
v 40.673130 39.786072 -4.241974
v 40.673130 37.549671 -7.139695
v 43.582806 35.891651 -7.144178
v 43.582806 33.353207 -6.684638
v 45.920841 31.769091 -6.275908
v 47.562611 32.279991 -5.092310
v 34.626209 37.562523 4.333876
v 41.913940 33.918736 3.322887
v 45.319401 36.068378 2.924618
v 50.556271 36.203331 2.899960
v 41.992508 31.826929 -1.899437
v 48.911789 31.602003 -1.634173
v 43.872688 32.745911 1.756713
v 48.467484 32.572395 1.125311
v 44.587917 33.947655 2.092214
v 49.922321 33.963718 2.267811
v 55.408440 34.738106 2.198320
v 62.528198 34.375011 0.455802
v 69.805092 35.345402 1.439891
v 69.805092 37.430782 1.439891
v 61.991779 40.027061 -0.738257
v 54.254322 41.199886 0.215197
v 49.954830 40.875351 1.954726
v 49.621597 41.440880 -0.195028
v 49.296497 41.206314 -4.025280
v 53.111042 33.198975 -6.908056
v 49.916901 31.949032 -3.781685
v 47.470497 32.241432 -3.826518
v 48.911789 31.602003 -1.634173
v 41.992508 31.826929 -1.899437
v 61.948433 38.327271 -6.050248
v 62.186844 36.492523 -6.600202
v 55.031860 38.783546 -6.962604
v 55.519516 36.277237 -7.692638
v 55.833782 31.997229 0.042590
v 55.831074 31.585938 -2.280519
v 62.796410 33.308224 -2.051123
v 62.796410 33.308224 -2.051123
v 55.831074 31.585938 -2.280519
v 55.833782 31.997229 -4.232259
v 69.805092 33.954079 -1.253839
v 62.796410 33.581345 -3.700239
v 55.833782 33.182907 -6.962604
v 69.805092 34.140446 -2.928360
v 62.425251 34.657776 -6.050247
v 69.805092 35.075493 -5.205141
v 69.805092 37.430782 -5.205141
v 69.805092 38.741776 -0.558924
v 69.805092 38.761055 -2.928360
v 61.991779 40.001354 -3.541081
v 69.805092 37.430782 -5.205141
v 49.296497 41.206314 -4.025280
v 54.148663 41.129196 -3.197360
v -74.684357 33.398193 2.784888
v -77.954353 34.677055 4.978728
v -77.507332 32.771614 3.414049
v -73.516693 35.612099 -5.994953
v -71.972450 37.790661 -4.753820
v -71.986000 34.818436 -4.497523
v -88.260124 33.619904 -3.961766
v -84.784233 36.919880 -4.479590
v -86.845924 32.868011 -3.730874
v -77.789093 35.882011 3.555272
v -83.061180 32.996540 3.162235
v -83.112656 33.960506 3.881060
v -82.985329 32.353897 3.841459
v -79.769508 39.686462 2.750516
v -80.435974 37.565739 3.127862
v -78.008537 36.723873 3.341567
v -75.423965 37.221924 4.383193
v -71.972450 37.790661 1.793326
v -76.491386 38.452583 3.566481
v -71.972450 39.034180 -0.166633
v -87.712868 35.184742 1.454088
v -85.128296 37.694267 2.013756
v -85.098495 38.176247 -2.132570
v -87.477165 33.019032 -1.611009
v -86.845924 32.868011 -3.730874
v -83.705971 35.509277 -4.215821
v -86.845924 32.868011 -3.730874
v -87.477165 33.019032 -1.611009
v -88.682762 33.738792 -2.013762
v -86.764648 34.493900 2.027953
v -84.074425 36.254745 2.736319
v -71.972450 34.368584 1.793326
v -82.985329 32.353897 3.841459
v -83.034088 33.439964 4.808362
v -83.112656 33.960506 3.881060
v -77.789093 35.882011 3.555272
v -80.435974 37.565739 3.127862
v -77.111794 35.817745 -0.963170
v -78.008537 36.723873 3.341567
v -75.063644 34.011917 -4.715712
v -78.647903 36.842762 -6.047259
v -79.718040 39.843910 -4.481084
v -79.094925 37.022701 -4.128396
v -83.705971 35.509277 -4.215821
v -71.972450 39.034180 -3.112176
v -78.967590 38.873516 -6.336433
v -80.975105 35.901291 -6.227339
v -78.647903 36.842762 -6.047259
v -79.094925 37.022701 -4.128396
v -80.975105 35.901291 -6.227339
v -81.422119 36.084442 -4.868145
v -84.112350 32.061493 -6.227338
v -84.559364 32.241432 -5.328433
v -79.718040 39.843910 -4.481084
v -81.422119 36.084442 -4.868145
v -82.893211 37.861355 -5.220833
v -84.112350 32.061493 -6.227338
v -85.280014 33.054379 -6.516512
v -82.142761 36.894173 -6.516513
v -86.764648 34.493900 2.027953
v -78.710213 33.844830 2.028701
v -71.931816 33.639183 -1.052837
v -75.063644 34.011917 -4.715712
v -71.986000 34.818436 -4.497523
v -77.507332 32.771614 3.414049
v -74.684357 33.398193 2.784888
v -71.972450 34.368584 1.793326
v -86.764648 34.493900 2.027953
v -84.074425 36.254745 2.736319
v -80.465775 40.811089 -2.146020
v -84.112350 32.061493 -6.227338
v -84.559364 32.241432 -5.328433
v -85.553642 33.462456 -5.681120
v -84.559364 32.241432 -5.328433
v 83.034088 33.439964 4.808362
v 83.112656 33.960506 3.881060
v 77.789093 35.882011 3.555272
v 75.063644 34.011917 -4.715712
v 73.516693 35.612099 -5.994953
v 78.647903 36.842762 -6.047259
v 81.422119 36.084442 -4.868145
v 84.112350 32.061493 -6.227338
v 84.559364 32.241432 -5.328433
v 82.893211 37.861355 -5.220833
v 84.559364 32.241432 -5.328433
v 85.553642 33.462456 -5.681120
v 87.477165 33.019032 -1.611009
v 87.712868 35.184742 1.454088
v 86.764648 34.493900 2.027953
v 75.423965 37.221924 4.383193
v 76.491386 38.452583 3.566481
v 71.972450 37.790661 1.793326
v 71.972450 39.034180 -0.166633
v 85.128296 37.694267 2.013756
v 85.098495 38.176247 -2.132570
v 88.682762 33.738792 -2.013762
v 83.705971 35.509277 -4.215821
v 86.845924 32.868011 -3.730874
v 87.477165 33.019032 -1.611009
v 86.845924 32.868011 -3.730874
v 88.260124 33.619904 -3.961766
v 80.435974 37.565739 3.127862
v 84.074425 36.254745 2.736319
v 86.764648 34.493900 2.027953
v 71.972450 34.368584 1.793326
v 74.684357 33.398193 2.784888
v 77.954353 34.677055 4.978728
v 77.507332 32.771614 3.414049
v 82.985329 32.353897 3.841459
v 80.435974 37.565739 3.127862
v 78.008537 36.723873 3.341567
v 77.111794 35.817745 -0.963170
v 77.789093 35.882011 3.555272
v 71.986000 34.818436 -4.497523
v 86.845924 32.868011 -3.730874
v 84.784233 36.919880 -4.479590
v 83.705971 35.509277 -4.215821
v 78.967590 38.873516 -6.336433
v 71.972450 37.790661 -4.753820
v 71.972450 39.034180 -3.112176
v 80.975105 35.901291 -6.227339
v 82.142761 36.894173 -6.516513
v 85.280014 33.054379 -6.516512
v 84.112350 32.061493 -6.227338
v 80.975105 35.901291 -6.227339
v 79.094925 37.022701 -4.128396
v 78.647903 36.842762 -6.047259
v 81.422119 36.084442 -4.868145
v 79.718040 39.843910 -4.481084
v 79.094925 37.022701 -4.128396
v 78.008537 36.723873 3.341567
v 79.769508 39.686462 2.750516
v 80.465775 40.811089 -2.146020
v 79.718040 39.843910 -4.481084
v 71.986000 34.818436 -4.497523
v 75.063644 34.011917 -4.715712
v 71.931816 33.639183 -1.052837
v 78.710213 33.844830 2.028701
v 83.061180 32.996540 3.162235
v 83.112656 33.960506 3.881060
v 71.972450 34.368584 1.793326
v 74.684357 33.398193 2.784888
v 77.507332 32.771614 3.414049
v 82.985329 32.353897 3.841459
v 84.074425 36.254745 2.736319
v 86.764648 34.493900 2.027953
v 84.559364 32.241432 -5.328433
v 84.112350 32.061493 -6.227338
v -40.673130 37.549671 -7.139695
v -34.626209 37.257267 -8.093896
v -40.673130 35.400028 -7.880191
v -40.022926 38.651806 -8.375598
v -34.154812 38.459011 -8.933772
v -40.022926 35.271500 -9.765428
v -40.673130 39.786072 -4.241974
v -34.626209 31.026836 -5.676636
v -40.673130 33.247169 -7.139694
v -34.626209 32.572395 -8.093896
v -34.626209 34.914833 -8.833644
v -34.154812 32.800533 5.610877
v -34.152100 30.364914 1.265042
v -34.154812 36.042671 -2.057848
v -34.152100 29.821880 -2.488246
v -34.152100 29.465214 -5.609386
v -34.154812 38.459011 -8.933772
v -34.152100 40.926762 -5.474888
v -34.152100 41.836105 -2.117626
v -40.022926 35.271500 -9.765428
v -40.022926 31.293533 -8.467505
v -40.003960 35.946274 -1.658085
v -40.058144 30.371342 -2.815529
v -40.022926 40.917126 -4.721689
v -39.984997 37.642853 5.421829
v -40.022926 41.248085 0.904134
v -40.031052 31.142513 1.938288
v -39.984997 33.501015 5.421830
v -40.022926 40.917126 -4.721689
v -40.022926 38.651806 -8.375598
v -34.152100 40.840008 1.775393
v -34.154812 37.887058 5.610876
v -34.154812 31.177858 -9.025679
v -34.154812 34.779877 -10.323602
v -34.626209 37.562523 4.333876
v -34.626209 39.500095 0.339982
v -39.895592 40.039913 -0.221927
v -34.626209 40.309826 -2.157976
v -34.626209 39.406910 -4.656681
v -34.154812 37.887058 5.610876
v -34.152100 40.840008 1.775393
v -40.022926 41.248085 0.904134
v -34.152100 41.836105 -2.117626
v -34.152100 40.926762 -5.474888
v -34.152100 29.821880 -2.488246
v -40.058144 30.371342 -2.815529
v -34.152100 29.465214 -5.609386
v -40.022926 31.293533 -8.467505
v -34.154812 31.177858 -9.025679
v -34.154812 34.779877 -10.323602
v -39.984997 37.642853 5.421829
v -39.984997 33.501015 5.421830
v -34.154812 32.800533 5.610877
v -40.031052 31.142513 1.938288
v -34.152100 30.364914 1.265042
v -40.058144 30.371342 -2.815529
v -34.152100 29.821880 -2.488246
v 40.673130 35.400028 -7.880191
v 34.626209 34.914833 -8.833644
v 34.626209 37.257267 -8.093896
v 40.022926 35.271500 -9.765428
v 34.154812 34.779877 -10.323602
v 34.154812 38.459011 -8.933772
v 40.673130 39.786072 -4.241974
v 40.673130 37.549671 -7.139695
v 34.626209 32.572395 -8.093896
v 40.673130 33.247169 -7.139694
v 34.626209 31.026836 -5.676636
v 34.152100 29.465214 -5.609386
v 34.152100 29.821880 -2.488246
v 34.154812 36.042671 -2.057848
v 34.152100 30.364914 1.265042
v 34.154812 32.800533 5.610877
v 34.154812 38.459011 -8.933772
v 34.152100 40.926762 -5.474888
v 34.152100 41.836105 -2.117626
v 40.022926 35.271500 -9.765428
v 40.003960 35.946274 -1.658085
v 40.022926 31.293533 -8.467505
v 40.058144 30.371342 -2.815529
v 40.022926 40.917126 -4.721689
v 40.022926 38.651806 -8.375598
v 40.022926 41.248085 0.904134
v 39.984997 37.642853 5.421829
v 39.984997 33.501015 5.421830
v 40.031052 31.142513 1.938288
v 40.022926 38.651806 -8.375598
v 40.022926 40.917126 -4.721689
v 34.154812 37.887058 5.610876
v 34.152100 40.840008 1.775393
v 34.154812 34.779877 -10.323602
v 34.154812 31.177858 -9.025679
v 34.626209 39.406910 -4.656681
v 34.626209 40.309826 -2.157976
v 39.895592 40.039913 -0.221927
v 34.626209 39.500095 0.339982
v 34.626209 37.562523 4.333876
v 34.152100 40.926762 -5.474888
v 34.152100 41.836105 -2.117626
v 40.022926 41.248085 0.904134
v 34.152100 40.840008 1.775393
v 34.154812 37.887058 5.610876
v 34.154812 31.177858 -9.025679
v 40.022926 31.293533 -8.467505
v 34.152100 29.465214 -5.609386
v 40.058144 30.371342 -2.815529
v 34.152100 29.821880 -2.488246
v 34.152100 29.821880 -2.488246
v 40.058144 30.371342 -2.815529
v 34.152100 30.364914 1.265042
v 40.031052 31.142513 1.938288
v 34.154812 32.800533 5.610877
v 39.984997 33.501015 5.421830
v 39.984997 37.642853 5.421829
vn 0.3223 0.5031 0.8019
vn 0.4325 -0.5585 0.7078
vn 0.1331 -0.3368 0.9321
vn -0.1729 -0.4246 -0.8887
vn -0.0392 -0.9562 -0.2900
vn 0.1567 -0.7290 -0.6663
vn 0.0393 -0.9977 -0.0550
vn -0.0000 -0.9963 0.0863
vn 0.0393 -0.9977 -0.0549
vn 0.1100 -0.8952 0.4319
vn 0.4326 -0.5584 0.7078
vn 0.1332 -0.3368 0.9321
vn 0.0549 0.4776 0.8769
vn 0.0158 0.9590 0.2830
vn 0.1963 0.9499 0.2434
vn -0.0078 0.9638 -0.2664
vn 0.1575 0.9217 -0.3545
vn -0.0940 0.5248 -0.8460
vn 0.1341 0.3393 -0.9311
vn -0.1730 -0.4246 -0.8887
vn 0.1568 -0.7290 -0.6663
vn 0.0314 -0.9980 -0.0551
vn -0.0941 -0.9886 -0.1177
vn 0.1726 -0.9805 0.0941
vn 0.0078 0.9790 0.2036
vn 0.0785 0.8869 0.4552
vn -0.0078 0.7149 0.6992
vn -0.0000 -0.9720 0.2352
vn 0.0314 -0.9980 -0.0550
vn 0.1725 -0.9805 0.0941
vn 0.0314 0.7774 -0.6282
vn 0.0943 0.7384 -0.6677
vn 0.1654 0.9612 -0.2206
vn -0.0315 -0.6786 -0.7338
vn 0.0392 -0.9730 -0.2275
vn -0.0863 -0.9576 -0.2747
vn 0.0236 -0.9992 0.0314
vn -0.1173 -0.9930 -0.0157
vn -0.1575 0.9217 0.3545
vn 0.0157 0.9590 0.2830
vn 0.0548 0.4776 0.8769
vn -0.0942 -0.9886 -0.1177
vn -0.2117 -0.6508 -0.7292
vn -0.0000 0.9379 -0.3468
vn -0.1257 -0.9039 0.4088
vn 0.1099 -0.8952 0.4319
vn -0.1334 -0.5731 0.8086
vn -0.1335 -0.5260 0.8400
vn -0.1024 0.3544 0.9295
vn 0.0078 0.3768 0.9263
vn -0.0314 0.3137 0.9490
vn -0.0788 0.5438 -0.8355
vn -0.0393 0.2201 -0.9747
vn 0.0552 0.5593 -0.8271
vn 0.1880 0.5247 -0.8302
vn 0.1650 0.6445 -0.7466
vn -0.1885 -0.9819 0.0157
vn -0.1258 -0.9039 0.4087
vn -0.1416 -0.9049 0.4013
vn -0.1335 -0.5731 0.8085
vn -0.1100 -0.6285 0.7700
vn -0.1415 -0.2123 0.9669
vn 0.1021 0.9895 0.1021
vn 0.0785 0.8788 -0.4707
vn -0.1022 0.9751 0.1966
vn -0.1017 0.9704 -0.2191
vn -0.1576 0.9217 0.3544
vn -0.1491 0.9499 -0.2747
vn -0.1173 -0.9930 -0.0156
vn 0.0236 -0.9992 0.0315
vn -0.0157 -0.7525 0.6584
vn -0.0157 -0.4566 0.8895
vn 0.0314 -0.9980 -0.0549
vn -0.0947 -0.8150 0.5717
vn -0.1963 -0.4789 0.8557
vn -0.1413 -0.4238 0.8947
vn -0.1497 -0.0867 0.9849
vn -0.0391 -0.1018 0.9940
vn -0.0707 0.5497 -0.8324
vn -0.1886 -0.0000 -0.9821
vn -0.0935 0.0146 -0.9955
vn 0.1110 -0.4974 -0.8604
vn -0.0078 -0.9095 -0.4156
vn -0.0314 -0.9964 -0.0785
vn -0.1174 -0.9781 -0.1721
vn -0.0863 -0.9576 -0.2748
vn -0.1494 -0.6291 -0.7628
vn -0.0316 -0.6786 -0.7339
vn -0.0393 -0.0157 -0.9991
vn -0.0393 0.2200 -0.9747
vn -0.0709 0.5909 -0.8037
vn 0.1879 0.5248 -0.8302
vn 0.0785 0.8788 -0.4708
vn 0.1651 0.6444 -0.7466
vn 0.0079 0.6750 -0.7378
vn 0.0079 0.4722 -0.8815
vn 0.0157 0.4782 -0.8781
vn 0.1024 0.0709 -0.9922
vn -0.0000 0.1961 -0.9806
vn 0.1099 -0.2356 -0.9656
vn -0.1184 -0.4815 -0.8684
vn -0.1184 -0.4816 -0.8684
vn -0.0940 0.0157 -0.9954
vn 0.0551 0.8664 0.4962
vn -0.1889 0.6455 0.7400
vn -0.1721 0.1721 0.9699
vn -0.1330 0.4773 0.8686
vn -0.0393 0.0314 0.9987
vn -0.1335 -0.5260 0.8399
vn -0.1487 -0.0704 0.9864
vn -0.0313 -0.2663 0.9634
vn 0.0392 -0.9730 -0.2276
vn -0.0316 -0.6786 -0.7338
vn -0.1023 0.9751 0.1966
vn -0.1576 0.9217 0.3545
vn -0.1334 -0.5730 0.8086
vn -0.1415 -0.2122 0.9669
vn -0.0157 -0.4565 0.8896
vn -0.1417 -0.9049 0.4013
vn -0.0864 -0.9576 -0.2747
vn -0.1730 -0.9434 -0.2830
vn -0.0000 -0.9963 0.0862
vn -0.1567 0.0236 -0.9874
vn -0.1750 -0.4247 -0.8883
vn -0.1646 -0.7052 -0.6896
vn -0.1492 0.9499 -0.2748
vn -0.0079 0.9638 -0.2664
vn -0.0940 0.5249 -0.8460
vn -0.1498 0.6544 -0.7411
vn -0.0709 0.5909 -0.8036
vn -0.0394 -0.0157 -0.9991
vn 0.0784 0.8788 -0.4708
vn -0.0393 -0.9977 -0.0550
vn 0.0391 -0.9562 -0.2900
vn -0.1332 -0.3368 0.9321
vn -0.4326 -0.5584 0.7078
vn -0.3223 0.5031 0.8019
vn 0.1730 -0.4246 -0.8887
vn -0.1568 -0.7290 -0.6663
vn 0.0392 -0.9562 -0.2900
vn -0.0392 -0.9977 -0.0550
vn -0.1100 -0.8952 0.4319
vn -0.1341 0.3393 -0.9311
vn 0.0940 0.5248 -0.8460
vn -0.1575 0.9217 -0.3545
vn 0.0078 0.9638 -0.2664
vn -0.1963 0.9499 0.2434
vn -0.0158 0.9590 0.2830
vn -0.3223 0.5032 0.8018
vn -0.0549 0.4776 0.8769
vn -0.1331 -0.3368 0.9321
vn -0.0785 0.8869 0.4553
vn -0.0078 0.3768 0.9263
vn 0.0314 0.3137 0.9490
vn 0.1889 0.6456 0.7400
vn 0.1721 0.1721 0.9699
vn 0.1330 0.4774 0.8686
vn 0.1963 -0.4788 0.8557
vn 0.0079 0.7149 0.6992
vn 0.1335 -0.5260 0.8400
vn 0.1024 0.3544 0.9295
vn 0.1173 -0.9930 -0.0157
vn -0.0236 -0.9992 0.0314
vn 0.0863 -0.9576 -0.2747
vn -0.0392 -0.9730 -0.2275
vn 0.0316 -0.6786 -0.7338
vn 0.0313 -0.2663 0.9634
vn 0.0393 0.0315 0.9987
vn 0.1487 -0.0704 0.9864
vn -0.0548 0.4776 0.8769
vn -0.0157 0.9590 0.2830
vn 0.1575 0.9217 0.3545
vn 0.2117 -0.6508 -0.7292
vn -0.0314 -0.9980 -0.0550
vn 0.0942 -0.9886 -0.1177
vn -0.1726 -0.9805 0.0941
vn -0.0000 0.9380 -0.3468
vn -0.0078 0.9790 0.2036
vn -0.0784 0.8869 0.4552
vn 0.1024 0.3545 0.9294
vn 0.1335 -0.5731 0.8086
vn -0.1099 -0.8952 0.4319
vn 0.1258 -0.9039 0.4088
vn -0.1651 0.6444 -0.7466
vn -0.1880 0.5247 -0.8302
vn -0.0552 0.5593 -0.8271
vn 0.0393 0.2201 -0.9747
vn 0.0788 0.5438 -0.8355
vn 0.1962 -0.4788 0.8557
vn 0.1335 -0.5259 0.8400
vn -0.0000 -0.9719 0.2352
vn 0.1415 -0.2123 0.9669
vn 0.1100 -0.6285 0.7700
vn 0.1335 -0.5731 0.8085
vn 0.1416 -0.9049 0.4013
vn 0.1258 -0.9039 0.4087
vn 0.1885 -0.9819 0.0157
vn 0.1492 0.9499 -0.2747
vn 0.1575 0.9217 0.3544
vn 0.1017 0.9704 -0.2191
vn 0.1022 0.9751 0.1966
vn -0.0784 0.8788 -0.4707
vn -0.1021 0.9895 0.1021
vn 0.0157 -0.4566 0.8895
vn 0.0157 -0.7525 0.6584
vn -0.0236 -0.9992 0.0315
vn 0.1173 -0.9930 -0.0156
vn 0.0391 -0.1018 0.9940
vn 0.1497 -0.0867 0.9849
vn 0.1413 -0.4238 0.8947
vn 0.1962 -0.4789 0.8556
vn 0.0941 -0.8149 0.5720
vn -0.0000 -0.9720 0.2351
vn 0.1174 -0.9781 -0.1721
vn 0.0314 -0.9964 -0.0784
vn 0.0078 -0.9096 -0.4155
vn -0.1105 -0.4974 -0.8605
vn 0.0941 0.0157 -0.9954
vn 0.1886 -0.0000 -0.9821
vn 0.0707 0.5496 -0.8324
vn -0.0785 0.8788 -0.4708
vn -0.1879 0.5248 -0.8302
vn 0.0709 0.5909 -0.8037
vn 0.0393 0.2200 -0.9747
vn 0.0393 -0.0157 -0.9991
vn 0.0316 -0.6786 -0.7339
vn 0.1494 -0.6291 -0.7628
vn 0.0863 -0.9576 -0.2748
vn 0.1184 -0.4815 -0.8684
vn -0.1099 -0.2355 -0.9656
vn -0.1024 0.0709 -0.9922
vn -0.0157 0.4782 -0.8781
vn -0.0079 0.4722 -0.8815
vn -0.0079 0.6750 -0.7378
vn -0.0314 0.7774 -0.6282
vn -0.0943 0.7384 -0.6677
vn -0.1655 0.9612 -0.2207
vn 0.1889 0.6455 0.7400
vn 0.0314 0.3138 0.9490
vn -0.0552 0.8664 0.4963
vn -0.0785 0.8869 0.4552
vn -0.1654 0.9612 -0.2206
vn 0.0707 0.5497 -0.8324
vn 0.0940 0.0157 -0.9954
vn -0.1105 -0.4973 -0.8605
vn 0.0078 -0.9095 -0.4156
vn 0.0078 0.7149 0.6992
vn 0.1963 -0.4789 0.8557
vn 0.1497 -0.0866 0.9849
vn -0.0315 -0.9980 -0.0550
vn 0.0940 -0.8149 0.5720
vn 0.1412 -0.4238 0.8947
vn 0.0157 -0.4565 0.8896
vn 0.1415 -0.2122 0.9669
vn 0.1334 -0.5730 0.8086
vn -0.0551 0.8665 0.4962
vn -0.0393 -0.9730 -0.2276
vn 0.0313 -0.9964 -0.0785
vn 0.1498 0.6544 -0.7411
vn 0.1567 0.0236 -0.9874
vn 0.0709 0.5909 -0.8036
vn 0.0394 -0.0157 -0.9991
vn 0.1417 -0.9049 0.4013
vn 0.0864 -0.9576 -0.2747
vn 0.1730 -0.9434 -0.2830
vn 0.1646 -0.7052 -0.6896
vn 0.1730 -0.4247 -0.8886
vn -0.0157 0.9590 0.2829
vn 0.0079 0.9638 -0.2664
vn 0.1492 0.9499 -0.2748
vn 0.0940 0.5249 -0.8460
vn -0.0784 0.8788 -0.4708
vn 0.3388 -0.8351 0.4333
vn 0.0315 -0.0000 0.9995
vn 0.1333 -0.9873 0.0861
vn 0.2361 -0.2597 -0.9364
vn 0.1342 0.3393 -0.9311
vn -0.7783 -0.2358 -0.5819
vn -0.2352 0.2117 -0.9486
vn 0.0865 -0.7390 -0.6682
vn -0.7000 0.7000 0.1416
vn -0.4876 -0.1180 -0.8651
vn -0.8953 0.4398 -0.0706
vn -0.7699 -0.6364 0.0472
vn -0.0868 0.6471 0.7575
vn -0.1414 -0.6679 0.7307
vn -0.5202 -0.1340 0.8435
vn 0.0864 0.2120 0.9734
vn 0.0548 0.6190 0.7835
vn 0.1962 0.9499 0.2434
vn -0.8713 0.0628 0.4867
vn -0.4569 0.5672 0.6853
vn -0.6378 0.7402 -0.2126
vn -0.0789 -0.9703 0.2288
vn 0.0865 -0.7390 -0.6681
vn 0.4082 -0.7772 -0.4789
vn 0.0865 -0.7389 -0.6683
vn -0.9915 -0.1181 0.0551
vn -0.3373 -0.3765 0.8628
vn 0.2586 -0.6427 0.7212
vn -0.7699 -0.6364 0.0471
vn -0.4173 0.0787 0.9053
vn -0.8953 0.4398 -0.0707
vn -0.7000 0.7000 0.1415
vn -0.1414 -0.6678 0.7308
vn -0.6682 -0.7390 -0.0865
vn -0.5203 -0.1340 0.8434
vn -0.1417 -0.9213 -0.3622
vn -0.1727 -0.7775 -0.6047
vn -0.1645 0.6736 -0.7206
vn -0.0548 -0.9948 0.0862
vn 0.1576 0.9217 -0.3545
vn 0.0783 0.3918 -0.9167
vn 0.4476 -0.6991 -0.5576
vn -0.1728 -0.7775 -0.6047
vn 0.4477 -0.6990 -0.5577
vn 0.2129 -0.4495 0.8675
vn 0.3691 -0.8011 -0.4712
vn -0.1813 -0.4493 0.8748
vn -0.0547 -0.9948 0.0861
vn -0.2736 0.0235 0.9616
vn 0.2130 -0.4495 0.8675
vn -0.7388 0.5737 0.3537
vn -0.6451 0.0393 -0.7631
vn -0.1573 0.2910 -0.9437
vn -0.4013 -0.5508 -0.7318
vn 0.1332 -0.9873 0.0862
vn 0.4326 -0.5584 0.7079
vn -0.3373 -0.3766 0.8628
vn 0.2586 -0.6427 0.7211
vn -0.1413 0.9892 -0.0393
vn -0.9660 -0.0863 0.2435
vn -0.1812 -0.4492 0.8748
vn 0.4173 0.0787 0.9053
vn 0.8953 0.4398 -0.0707
vn 0.7000 0.7000 0.1415
vn 0.1418 -0.9212 -0.3622
vn -0.2361 -0.2597 -0.9364
vn 0.1728 -0.7775 -0.6047
vn -0.2129 -0.4495 0.8675
vn -0.3691 -0.8011 -0.4712
vn 0.1812 -0.4492 0.8748
vn 0.7388 0.5737 0.3537
vn 0.1813 -0.4492 0.8748
vn 0.9660 -0.0863 0.2435
vn 0.0789 -0.9703 0.2288
vn 0.8713 0.0628 0.4867
vn 0.3373 -0.3765 0.8628
vn -0.0864 0.2120 0.9734
vn -0.0548 0.6190 0.7835
vn -0.3223 0.5031 0.8018
vn 0.4569 0.5672 0.6853
vn 0.6378 0.7402 -0.2126
vn 0.9915 -0.1181 0.0551
vn -0.4082 -0.7772 -0.4789
vn -0.0865 -0.7390 -0.6681
vn -0.0865 -0.7389 -0.6682
vn 0.7783 -0.2358 -0.5819
vn 0.1415 -0.6679 0.7307
vn -0.2587 -0.6427 0.7212
vn -0.3388 -0.8351 0.4333
vn -0.0315 -0.0000 0.9995
vn -0.1333 -0.9873 0.0861
vn 0.7699 -0.6364 0.0471
vn 0.1414 -0.6678 0.7308
vn 0.5202 -0.1341 0.8434
vn 0.6682 -0.7390 -0.0865
vn 0.7000 0.7000 0.1416
vn -0.0865 -0.7390 -0.6682
vn 0.2352 0.2117 -0.9486
vn -0.0783 0.3918 -0.9167
vn -0.1342 0.3393 -0.9311
vn -0.1576 0.9217 -0.3545
vn -0.4477 -0.6990 -0.5576
vn 0.1573 0.2910 -0.9437
vn 0.6451 0.0393 -0.7631
vn -0.4477 -0.6990 -0.5577
vn 0.0548 -0.9948 0.0862
vn -0.2130 -0.4496 0.8675
vn 0.2736 0.0235 0.9616
vn 0.0548 -0.9948 0.0861
vn 0.5202 -0.1340 0.8435
vn 0.0868 0.6471 0.7575
vn 0.1413 0.9892 -0.0393
vn 0.1645 0.6736 -0.7206
vn 0.1418 -0.9213 -0.3622
vn 0.4014 -0.5508 -0.7318
vn 0.4876 -0.1180 -0.8651
vn 0.8953 0.4398 -0.0706
vn -0.4326 -0.5584 0.7079
vn -0.3388 -0.8351 0.4334
vn -0.1332 -0.9873 0.0862
vn 0.7699 -0.6364 0.0472
vn -0.2587 -0.6427 0.7211
vn 0.3373 -0.3766 0.8628
vn 0.0547 -0.9948 0.0862
vn 0.1812 -0.4493 0.8748
vn -0.3691 -0.8011 -0.4713
vn -0.0784 0.5956 -0.7994
vn -0.7412 0.4336 -0.5125
vn 0.4178 0.5676 -0.7095
vn -0.5328 0.0157 -0.8461
vn -0.2117 -0.6507 -0.7292
vn -0.1814 -0.5048 -0.8439
vn -0.1491 -0.0000 -0.9888
vn 0.5597 -0.5282 0.6386
vn 0.5033 -0.8335 0.2280
vn 1.0000 -0.0001 -0.0000
vn 0.6677 -0.7384 0.0942
vn 0.4889 -0.8594 -0.1498
vn 0.4178 0.5676 -0.7094
vn 0.6923 0.6531 -0.3069
vn 0.5363 0.8439 -0.0158
vn -0.5327 0.0157 -0.8461
vn -0.6682 -0.6054 -0.4324
vn -1.0000 -0.0000 -0.0000
vn -0.5411 -0.8391 0.0550
vn -0.5044 0.8039 -0.3152
vn -0.7574 0.2761 0.5917
vn -0.4972 0.8050 0.3236
vn -0.6158 -0.7184 0.3237
vn -0.6309 -0.2288 0.7414
vn -0.7411 0.4337 -0.5125
vn 0.7149 0.6285 0.3064
vn 0.4562 0.3854 0.8021
vn 0.5266 -0.4716 -0.7073
vn 0.6992 -0.0000 -0.7149
vn -0.0078 0.7149 0.6991
vn 0.0550 0.9276 0.3695
vn 0.0079 0.9997 -0.0236
vn 0.0235 0.9019 -0.4313
vn 0.7150 0.6284 0.3064
vn 0.6924 0.6530 -0.3069
vn -0.5411 -0.8392 0.0549
vn -0.6683 -0.6053 -0.4324
vn 0.6992 -0.0001 -0.7149
vn -0.6310 -0.2287 0.7413
vn 0.5597 -0.5282 0.6385
vn -0.6158 -0.7184 0.3236
vn -0.5411 -0.8391 0.0549
vn 0.6678 -0.7384 0.0943
vn 0.1491 -0.0000 -0.9888
vn 0.0784 0.5956 -0.7994
vn 0.5328 0.0157 -0.8461
vn -0.6992 -0.0000 -0.7149
vn -0.4178 0.5676 -0.7095
vn 0.1814 -0.5048 -0.8439
vn 0.2117 -0.6507 -0.7292
vn -0.4889 -0.8594 -0.1498
vn -0.6677 -0.7384 0.0942
vn -1.0000 -0.0001 -0.0000
vn -0.5033 -0.8335 0.2280
vn -0.5597 -0.5281 0.6386
vn -0.4178 0.5676 -0.7094
vn -0.6923 0.6531 -0.3069
vn -0.5363 0.8439 -0.0158
vn 0.5327 0.0156 -0.8461
vn 1.0000 -0.0000 -0.0000
vn 0.6682 -0.6054 -0.4324
vn 0.5411 -0.8391 0.0549
vn 0.5044 0.8039 -0.3152
vn 0.7412 0.4336 -0.5125
vn 0.4972 0.8050 0.3235
vn 0.7574 0.2761 0.5917
vn 0.6309 -0.2288 0.7414
vn 0.6158 -0.7184 0.3237
vn 0.7411 0.4337 -0.5125
vn -0.4562 0.3853 0.8021
vn -0.7149 0.6285 0.3064
vn -0.5266 -0.4716 -0.7074
vn -0.0235 0.9019 -0.4313
vn -0.0079 0.9997 -0.0236
vn -0.0550 0.9276 0.3695
vn 0.0078 0.7149 0.6991
vn -0.6924 0.6530 -0.3069
vn 0.4972 0.8050 0.3236
vn -0.7150 0.6284 0.3064
vn -0.4562 0.3854 0.8021
vn -0.5266 -0.4716 -0.7073
vn 0.6683 -0.6054 -0.4324
vn 0.5411 -0.8392 0.0549
vn -0.6678 -0.7384 0.0943
vn -0.5033 -0.8335 0.2281
vn 0.6158 -0.7184 0.3236
vn 0.6310 -0.2287 0.7413
vt 0.894531 0.042969
vt 0.972656 0.042969
vt 0.949219 0.011749
vt 0.987091 0.449219
vt 0.987091 0.488281
vt 0.941406 0.449219
vt 0.941406 0.535156
vt 0.987091 0.535156
vt 0.987091 0.589844
vt 0.941406 0.636719
vt 0.987091 0.652344
vt 0.894531 0.011749
vt 0.847656 0.011749
vt 0.832031 0.042969
vt 0.769531 0.011749
vt 0.753906 0.042969
vt 0.707031 0.011749
vt 0.691406 0.058594
vt 0.660156 0.011749
vt 0.613281 0.027344
vt 0.012115 0.128906
vt 0.035156 0.011749
vt 0.012115 0.011749
vt 0.366699 0.103271
vt 0.363281 0.199219
vt 0.433594 0.011749
vt 0.542908 0.011749
vt 0.605469 0.128906
vt 0.605469 0.011749
vt 0.230469 0.199219
vt 0.297760 0.199799
vt 0.330505 0.199493
vt 0.105469 0.300781
vt 0.066406 0.277344
vt 0.066406 0.386719
vt 0.012115 0.253906
vt 0.012115 0.386719
vt 0.351288 0.502075
vt 0.347656 0.660156
vt 0.402344 0.660156
vt 0.113281 0.113281
vt 0.263153 0.111542
vt 0.605469 0.660156
vt 0.542969 0.519531
vt 0.503906 0.660156
vt 0.488281 0.511719
vt 0.457031 0.660156
vt 0.496979 0.011749
vt 0.433594 0.131866
vt 0.425781 0.183929
vt 0.433594 0.246094
vt 0.191406 0.292969
vt 0.152344 0.316406
vt 0.207031 0.308594
vt 0.218597 0.343079
vt 0.237732 0.290375
vt 0.605469 0.519531
vt 0.550781 0.386719
vt 0.496094 0.378906
vt 0.472656 0.378906
vt 0.355469 0.269531
vt 0.302856 0.274536
vt 0.355469 0.355469
vt 0.300781 0.363281
vt 0.284302 0.507416
vt 0.605469 0.386719
vt 0.605469 0.253906
vt 0.550781 0.246094
vt 0.496094 0.246094
vt 0.542908 0.199219
vt 0.496979 0.131866
vt 0.496094 0.183929
vt 0.464844 0.183929
vt 0.464844 0.246094
vt 0.199219 0.113281
vt 0.152344 0.113281
vt 0.152344 0.175781
vt 0.113281 0.175781
vt 0.105469 0.214844
vt 0.066406 0.230469
vt 0.105469 0.261719
vt 0.105469 0.394531
vt 0.152344 0.394531
vt 0.214844 0.386719
vt 0.199219 0.214844
vt 0.199219 0.175781
vt 0.187500 0.214844
vt 0.152344 0.214844
vt 0.152344 0.300781
vt 0.121094 0.214844
vt 0.121094 0.292969
vt 0.382812 0.302734
vt 0.386719 0.363281
vt 0.425781 0.371094
vt 0.386719 0.511719
vt 0.425781 0.511719
vt 0.449219 0.378906
vt 0.457031 0.511719
vt 0.012115 0.519531
vt 0.066406 0.519531
vt 0.012115 0.660156
vt 0.167969 0.660156
vt 0.167969 0.519531
vt 0.136719 0.660156
vt 0.128906 0.519531
vt 0.066406 0.660156
vt 0.269531 0.660156
vt 0.207031 0.660156
vt 0.214844 0.519531
vt 0.987091 0.105469
vt 0.964844 0.167969
vt 0.987091 0.167969
vt 0.652344 0.082031
vt 0.730469 0.386719
vt 0.730469 0.300781
vt 0.707031 0.371094
vt 0.792969 0.605469
vt 0.707031 0.636719
vt 0.683594 0.613281
vt 0.683594 0.660156
vt 0.878906 0.207031
vt 0.917969 0.214844
vt 0.917969 0.175781
vt 0.925781 0.121094
vt 0.894531 0.144531
vt 0.888672 0.399719
vt 0.878906 0.308594
vt 0.769531 0.300781
vt 0.614410 0.529175
vt 0.613281 0.472656
vt 0.675781 0.472656
vt 0.730469 0.410156
vt 0.768219 0.420563
vt 0.777344 0.394531
vt 0.917969 0.363281
vt 0.917969 0.292969
vt 0.987091 0.285156
vt 0.964844 0.261719
vt 0.933594 0.285156
vt 0.933594 0.175781
vt 0.753906 0.597656
vt 0.832031 0.527344
vt 0.777344 0.597656
vt 0.613281 0.097656
vt 0.613281 0.207031
vt 0.707031 0.214844
vt 0.707031 0.261719
vt 0.707031 0.277344
vt 0.660156 0.207031
vt 0.613281 0.261719
vt 0.785156 0.433594
vt 0.761719 0.472656
vt 0.714844 0.433594
vt 0.714844 0.464844
vt 0.660156 0.433594
vt 0.660156 0.464844
vt 0.699219 0.261719
vt 0.675781 0.261719
vt 0.613281 0.355469
vt 0.644531 0.355469
vt 0.644531 0.261719
vt 0.888672 0.415344
vt 0.808594 0.636719
vt 0.871094 0.433594
vt 0.816406 0.660156
vt 0.894531 0.652344
vt 0.621094 0.597656
vt 0.675781 0.597656
vt 0.769531 0.207031
vt 0.644531 0.371094
vt 0.675781 0.371094
vt 0.675781 0.355469
vt 0.699219 0.355469
vt 0.199219 0.011749
vt 0.285156 0.988586
vt 0.285156 0.871094
vt 0.199219 0.988586
vt 0.113281 0.011749
vt 0.152344 0.011749
vt 0.175781 0.863281
vt 0.113281 0.863281
vt 0.089844 0.792969
vt 0.066406 0.863281
vt 0.012115 0.863281
vt 0.012115 0.722656
vt 0.058594 0.722656
vt 0.113281 0.722656
vt 0.183594 0.800781
vt 0.183594 0.863281
vt 0.269531 0.800781
vt 0.269531 0.863281
vt 0.371094 0.988586
vt 0.355469 0.722656
vt 0.300781 0.722656
vt 0.355469 0.863281
vt 0.355469 0.800781
vt 0.238281 0.722656
vt 0.183594 0.722656
vt 0.175781 0.722656
vt 0.175781 0.800781
vt 0.012115 0.824219
vt 0.012115 0.769531
vt 0.363281 0.011749
vt 0.308594 0.011749
vt 0.261719 0.011749
vt 0.574219 0.871094
vt 0.488281 0.871094
vt 0.488281 0.988586
vt 0.425781 0.871094
vt 0.371094 0.871094
vt 0.012115 0.871094
vt 0.012115 0.988586
vt 0.050781 0.871094
vt 0.113281 0.988586
vt 0.113281 0.871094
vt 0.199219 0.871094
vt 0.574219 0.988586
vt 0.652344 0.988586
vt 0.652344 0.871094
vt 0.738281 0.988586
vt 0.738281 0.871094
vt 0.844055 0.988586
vt 0.844055 0.871094
s 1
usemtl m_body001
f 1/1/1 2/2/2 3/3/3
f 4/4/4 5/5/5 6/6/6
f 6/6/6 5/5/5 7/7/7
f 8/5/5 9/8/8 7/7/9
f 7/7/9 9/8/8 10/9/10
f 7/7/9 10/9/10 11/10/11
f 11/10/11 10/9/10 12/11/12
f 13/3/3 14/12/13 15/1/1
f 15/1/1 14/12/13 16/13/14
f 15/1/1 16/13/14 17/14/15
f 17/14/15 16/13/14 18/15/16
f 17/14/15 18/15/16 19/16/17
f 19/16/17 18/15/16 20/17/18
f 19/16/17 20/17/18 21/18/19
f 21/18/19 20/17/18 22/19/20
f 21/18/19 22/19/20 23/20/21
f 24/21/22 25/22/23 26/23/24
f 27/24/25 28/25/26 29/26/27
f 30/27/28 31/28/29 32/29/30
f 33/30/31 34/31/32 35/32/33
f 36/33/34 37/34/35 38/35/36
f 38/35/36 37/34/35 39/36/37
f 38/35/36 39/36/37 40/37/38
f 41/38/39 42/39/40 43/40/41
f 44/22/42 45/21/29 46/41/43
f 47/25/26 48/24/25 49/42/44
f 50/43/8 51/44/45 52/45/46
f 52/45/46 51/44/45 53/46/47
f 52/45/46 53/46/47 54/47/12
f 55/48/48 56/26/27 57/49/49
f 57/49/49 56/26/27 58/25/26
f 57/49/49 58/25/26 59/50/50
f 59/50/50 58/25/26 60/51/51
f 61/52/52 62/53/53 63/54/54
f 63/54/54 62/53/53 64/55/55
f 63/54/54 64/55/55 65/56/56
f 66/43/8 67/57/57 68/44/58
f 68/44/58 67/57/57 69/58/59
f 68/44/58 69/58/59 70/46/60
f 70/46/60 69/58/59 71/59/61
f 70/46/60 71/59/61 72/60/62
f 73/61/63 74/62/64 75/63/65
f 75/63/65 74/62/64 76/64/66
f 75/63/65 76/64/66 77/38/67
f 77/38/67 76/64/66 78/65/68
f 77/38/67 78/65/68 79/39/40
f 80/66/69 81/67/70 82/58/59
f 82/58/59 81/67/70 83/68/71
f 82/58/59 83/68/71 71/59/61
f 71/59/61 83/68/71 84/69/72
f 71/59/61 84/69/72 72/60/62
f 85/28/73 86/27/28 87/70/74
f 87/70/74 86/27/28 88/71/75
f 87/70/74 88/71/75 89/72/76
f 89/72/76 88/71/75 90/73/77
f 89/72/76 90/73/77 91/74/78
f 92/75/79 93/76/80 94/77/81
f 94/77/81 93/76/80 95/41/43
f 94/77/81 95/41/43 96/78/82
f 96/78/82 95/41/43 97/21/22
f 96/78/82 97/21/22 98/79/83
f 98/79/83 97/21/22 99/80/84
f 98/79/83 99/80/84 100/81/85
f 101/35/86 102/82/87 103/33/88
f 103/33/88 102/82/87 104/83/89
f 103/33/88 104/83/89 105/53/90
f 105/53/90 104/83/89 106/84/91
f 105/53/90 106/84/91 107/55/92
f 107/55/92 106/84/91 108/62/93
f 107/55/92 108/62/93 109/56/94
f 34/31/32 33/30/31 110/85/95
f 110/85/95 33/30/31 111/86/96
f 110/85/95 111/86/96 112/87/97
f 112/87/97 111/86/96 113/88/98
f 112/87/97 113/88/98 114/89/99
f 114/89/99 113/88/98 115/90/100
f 114/89/99 115/90/100 116/91/101
f 117/81/85 118/91/102 98/79/83
f 98/79/83 118/91/102 115/90/100
f 98/79/83 115/90/100 96/78/82
f 96/78/82 115/90/100 113/88/98
f 96/78/82 113/88/98 119/77/103
f 119/77/103 113/88/98 111/86/96
f 119/77/103 111/86/96 120/75/79
f 120/75/79 111/86/96 33/30/31
f 120/75/79 33/30/31 121/42/44
f 121/42/44 33/30/31 35/32/33
f 121/42/44 35/32/33 58/25/26
f 58/25/26 35/32/33 122/92/104
f 58/25/26 122/92/104 60/51/51
f 60/51/51 122/92/104 123/93/105
f 60/51/51 123/93/105 124/94/106
f 124/94/106 123/93/105 125/95/107
f 124/94/106 125/95/107 126/96/108
f 86/27/28 127/48/109 88/71/75
f 88/71/75 127/48/109 57/49/49
f 88/71/75 57/49/49 90/73/77
f 90/73/77 57/49/49 59/50/50
f 90/73/77 59/50/50 91/74/78
f 91/74/78 59/50/50 60/51/51
f 91/74/78 60/51/51 128/97/110
f 128/97/110 60/51/51 124/94/106
f 128/97/110 124/94/106 129/98/111
f 129/98/111 124/94/106 126/96/108
f 97/21/22 130/36/37 99/80/84
f 99/80/84 130/36/37 131/34/112
f 99/80/84 131/34/112 100/81/85
f 100/81/85 131/34/112 132/33/113
f 100/81/85 132/33/113 116/91/101
f 116/91/101 132/33/113 62/53/53
f 116/91/101 62/53/53 114/89/99
f 114/89/99 62/53/53 61/52/52
f 114/89/99 61/52/52 112/87/97
f 112/87/97 61/52/52 63/54/54
f 112/87/97 63/54/54 110/85/95
f 110/85/95 63/54/54 65/56/56
f 110/85/95 65/56/56 34/31/32
f 34/31/32 65/56/56 133/62/93
f 34/31/32 133/62/93 35/32/33
f 35/32/33 133/62/93 134/61/63
f 35/32/33 134/61/63 122/92/104
f 122/92/104 134/61/63 135/63/114
f 122/92/104 135/63/114 123/93/105
f 123/93/105 135/63/114 136/38/115
f 123/93/105 136/38/115 125/95/107
f 125/95/107 136/38/115 43/40/41
f 125/95/107 43/40/41 126/96/108
f 126/96/108 43/40/41 137/47/3
f 126/96/108 137/47/3 129/98/111
f 129/98/111 137/47/3 138/46/116
f 129/98/111 138/46/116 128/97/110
f 128/97/110 138/46/116 139/60/117
f 128/97/110 139/60/117 91/74/78
f 91/74/78 139/60/117 140/69/118
f 91/74/78 140/69/118 89/72/76
f 89/72/76 140/69/118 141/68/71
f 89/72/76 141/68/71 87/70/74
f 87/70/74 141/68/71 142/67/70
f 87/70/74 142/67/70 85/28/73
f 143/57/57 144/66/69 145/58/119
f 146/35/120 147/37/38 148/99/57
f 149/82/87 146/35/120 150/100/121
f 150/100/121 146/35/120 148/99/57
f 150/100/121 148/99/57 151/101/122
f 152/102/18 153/103/123 154/104/124
f 154/104/124 153/103/123 155/105/125
f 154/104/124 155/105/125 156/106/5
f 157/65/126 158/107/127 159/39/40
f 160/108/128 161/109/129 153/103/123
f 153/103/123 161/109/129 162/84/130
f 151/101/122 156/106/5 150/100/121
f 150/100/121 156/106/5 155/105/125
f 150/100/121 155/105/125 149/82/87
f 149/82/87 155/105/125 153/103/123
f 149/82/87 153/103/123 163/83/131
f 163/83/131 153/103/123 162/84/130
f 160/108/128 158/107/127 161/109/129
f 161/109/129 158/107/127 157/65/126
f 161/109/129 157/65/126 162/84/130
f 162/84/130 157/65/126 164/64/66
f 162/84/130 164/64/66 165/62/132
f 166/7/133 167/8/8 168/5/134
f 169/3/135 170/2/136 171/1/137
f 172/4/138 173/6/139 174/5/140
f 174/5/140 173/6/139 175/7/141
f 176/8/8 175/7/133 177/9/142
f 177/9/142 175/7/133 178/10/136
f 177/9/142 178/10/136 179/11/135
f 180/20/139 181/19/138 182/18/143
f 182/18/143 181/19/138 183/17/144
f 182/18/143 183/17/144 184/16/145
f 184/16/145 183/17/144 185/15/146
f 184/16/145 185/15/146 186/14/147
f 186/14/147 185/15/146 187/13/148
f 186/14/147 187/13/148 188/1/149
f 188/1/149 187/13/148 189/12/150
f 188/1/149 189/12/150 190/3/151
f 191/25/152 192/50/153 193/51/154
f 194/93/155 195/94/156 196/95/157
f 197/71/158 198/26/159 199/48/160
f 192/50/153 191/25/152 200/49/161
f 201/37/162 202/36/163 203/35/164
f 203/35/164 202/36/163 204/34/165
f 203/35/164 204/34/165 205/33/166
f 206/98/167 207/96/168 208/97/169
f 209/40/170 210/39/171 211/38/172
f 212/41/173 213/21/174 214/22/175
f 214/22/175 213/21/174 215/23/176
f 216/42/177 217/24/178 218/25/179
f 218/25/179 217/24/178 219/26/159
f 218/25/179 219/26/159 200/49/180
f 220/47/135 221/46/181 222/45/182
f 222/45/182 221/46/181 223/44/183
f 222/45/182 223/44/183 224/43/8
f 225/56/184 226/55/185 227/54/186
f 227/54/186 226/55/185 228/53/187
f 227/54/186 228/53/187 229/52/188
f 230/71/189 199/48/190 231/27/191
f 232/60/192 233/59/193 234/46/194
f 234/46/194 233/59/193 235/58/195
f 234/46/194 235/58/195 236/44/196
f 236/44/196 235/58/195 237/57/197
f 236/44/196 237/57/197 238/43/8
f 239/39/171 240/65/198 241/38/199
f 241/38/199 240/65/198 242/64/200
f 241/38/199 242/64/200 243/63/201
f 243/63/201 242/64/200 244/62/202
f 243/63/201 244/62/202 245/61/203
f 246/60/192 247/69/204 248/59/193
f 248/59/193 247/69/204 249/68/205
f 248/59/193 249/68/205 250/58/195
f 250/58/195 249/68/205 251/67/206
f 250/58/195 251/67/206 252/66/207
f 253/74/208 254/73/209 255/72/210
f 255/72/210 254/73/209 256/71/211
f 255/72/210 256/71/211 257/70/212
f 257/70/212 256/71/211 231/27/213
f 257/70/212 231/27/213 258/28/174
f 258/28/174 231/27/213 259/29/176
f 260/81/214 261/80/215 262/79/216
f 262/79/216 261/80/215 263/21/174
f 262/79/216 263/21/174 264/78/217
f 264/78/217 263/21/174 265/41/173
f 264/78/217 265/41/173 266/77/218
f 266/77/218 265/41/173 267/76/219
f 266/77/218 267/76/219 268/75/220
f 269/56/184 270/62/221 226/55/222
f 226/55/222 270/62/221 271/84/223
f 226/55/222 271/84/223 272/53/224
f 272/53/224 271/84/223 273/83/225
f 272/53/224 273/83/225 274/33/226
f 274/33/226 273/83/225 275/82/227
f 274/33/226 275/82/227 276/35/228
f 277/91/229 278/90/230 279/89/99
f 279/89/99 278/90/230 280/88/231
f 279/89/99 280/88/231 281/87/232
f 281/87/232 280/88/231 282/86/233
f 281/87/232 282/86/233 283/85/234
f 283/85/234 282/86/233 284/30/235
f 283/85/234 284/30/235 285/31/236
f 285/31/236 284/30/235 286/32/237
f 287/94/156 288/93/238 289/51/239
f 289/51/239 288/93/238 290/92/240
f 289/51/239 290/92/240 191/25/241
f 191/25/241 290/92/240 291/32/242
f 191/25/241 291/32/242 292/42/44
f 292/42/44 291/32/242 284/30/235
f 292/42/44 284/30/235 293/75/243
f 293/75/243 284/30/235 282/86/233
f 293/75/243 282/86/233 294/77/244
f 294/77/244 282/86/233 280/88/231
f 294/77/244 280/88/231 295/78/245
f 295/78/245 280/88/231 278/90/230
f 295/78/245 278/90/230 296/79/246
f 296/79/246 278/90/230 277/91/229
f 296/79/246 277/91/229 297/81/214
f 298/26/247 299/71/248 200/49/161
f 200/49/161 299/71/248 300/73/249
f 200/49/161 300/73/249 192/50/153
f 192/50/153 300/73/249 301/74/208
f 192/50/153 301/74/208 193/51/154
f 193/51/154 301/74/208 208/97/169
f 193/51/154 208/97/169 195/94/156
f 195/94/156 208/97/169 207/96/168
f 195/94/156 207/96/168 196/95/157
f 302/28/250 303/67/206 304/70/251
f 304/70/251 303/67/206 305/68/205
f 304/70/251 305/68/205 306/72/252
f 306/72/252 305/68/205 307/69/253
f 306/72/252 307/69/253 301/74/208
f 301/74/208 307/69/253 308/60/254
f 301/74/208 308/60/254 208/97/169
f 208/97/169 308/60/254 309/46/255
f 208/97/169 309/46/255 206/98/167
f 206/98/167 309/46/255 310/47/135
f 206/98/167 310/47/135 207/96/168
f 207/96/168 310/47/135 311/40/170
f 207/96/168 311/40/170 196/95/157
f 196/95/157 311/40/170 312/38/172
f 196/95/157 312/38/172 194/93/155
f 194/93/155 312/38/172 313/63/201
f 194/93/155 313/63/201 314/92/256
f 314/92/256 313/63/201 315/61/203
f 314/92/256 315/61/203 286/32/237
f 286/32/237 315/61/203 316/62/221
f 286/32/237 316/62/221 285/31/236
f 285/31/236 316/62/221 225/56/184
f 285/31/236 225/56/184 283/85/234
f 283/85/234 225/56/184 227/54/186
f 283/85/234 227/54/186 281/87/232
f 281/87/232 227/54/186 229/52/188
f 281/87/232 229/52/188 279/89/99
f 279/89/99 229/52/188 228/53/187
f 279/89/99 228/53/187 277/91/229
f 277/91/229 228/53/187 317/33/166
f 277/91/229 317/33/166 297/81/214
f 297/81/214 317/33/166 318/34/257
f 297/81/214 318/34/257 319/80/258
f 319/80/258 318/34/257 320/36/163
f 319/80/258 320/36/163 321/21/174
f 322/109/259 323/103/260 324/84/261
f 323/103/260 325/83/262 324/84/261
f 326/58/263 327/66/207 328/57/197
f 329/99/197 330/37/162 331/35/264
f 332/101/122 329/99/197 333/100/265
f 333/100/265 329/99/197 331/35/264
f 333/100/265 331/35/264 334/82/227
f 335/106/140 336/105/266 337/104/267
f 337/104/267 336/105/266 323/103/260
f 337/104/267 323/103/260 338/102/144
f 339/39/268 340/107/269 341/65/270
f 323/103/260 322/109/259 342/108/271
f 325/83/262 323/103/260 334/82/227
f 334/82/227 323/103/260 336/105/266
f 334/82/227 336/105/266 333/100/265
f 333/100/265 336/105/266 335/106/140
f 333/100/265 335/106/140 332/101/122
f 343/62/272 344/64/200 324/84/261
f 324/84/261 344/64/200 341/65/270
f 324/84/261 341/65/270 322/109/259
f 322/109/259 341/65/270 340/107/269
f 322/109/259 340/107/269 342/108/271
f 345/110/273 346/111/274 347/112/275
f 348/113/276 349/18/277 350/20/21
f 351/114/278 352/115/279 353/116/280
f 354/117/281 355/118/282 356/119/283
f 355/118/282 357/120/284 356/119/283
f 358/121/285 359/122/286 360/123/287
f 361/124/288 362/1/1 363/125/289
f 363/125/289 362/1/1 364/14/290
f 365/126/291 366/127/292 367/128/293
f 368/129/294 369/130/295 370/131/296
f 371/132/297 372/133/294 351/114/278
f 351/114/278 372/133/294 373/134/298
f 365/126/291 374/135/299 366/127/292
f 366/127/292 374/135/299 375/136/300
f 366/127/292 375/136/300 359/122/286
f 346/111/274 345/110/273 361/124/288
f 361/124/288 345/110/273 376/2/11
f 361/124/288 376/2/11 362/1/1
f 377/137/301 378/138/302 379/139/303
f 379/139/303 378/138/302 380/140/304
f 381/141/305 382/142/306 383/143/307
f 383/143/307 382/142/306 354/117/281
f 350/20/21 384/144/308 348/113/276
f 348/113/276 384/144/308 385/145/309
f 386/146/310 387/147/311 388/148/296
f 389/16/312 349/18/277 390/149/313
f 349/18/277 348/113/276 390/149/313
f 390/149/313 348/113/276 385/145/309
f 390/149/313 385/145/309 391/150/314
f 392/151/315 393/152/311 394/153/316
f 394/153/316 393/152/311 395/154/317
f 394/153/316 395/154/317 396/155/318
f 396/155/318 395/154/317 397/156/319
f 387/147/320 398/146/321 399/157/322
f 399/157/322 398/146/321 400/158/323
f 401/159/318 402/160/324 403/161/325
f 403/161/325 402/160/324 400/158/323
f 403/161/325 400/158/323 386/146/310
f 352/115/279 351/114/278 367/128/293
f 367/128/293 351/114/278 373/134/298
f 367/128/293 373/134/298 365/126/291
f 365/126/291 373/134/298 372/133/294
f 365/126/291 372/133/294 404/162/299
f 355/118/282 354/117/281 405/163/326
f 405/163/326 354/117/281 382/142/306
f 405/163/326 382/142/306 406/7/7
f 406/7/7 382/142/306 407/164/308
f 406/7/7 407/164/308 408/6/21
f 357/120/284 355/118/282 409/165/327
f 409/165/327 355/118/282 405/163/326
f 409/165/327 405/163/326 410/166/273
f 410/166/273 405/163/326 406/7/7
f 410/166/273 406/7/7 411/10/328
f 412/167/329 368/129/294 413/168/330
f 413/168/330 368/129/294 370/131/296
f 413/168/330 370/131/296 381/141/305
f 381/141/305 370/131/296 393/152/311
f 381/141/305 393/152/311 382/142/306
f 382/142/306 393/152/311 392/151/315
f 382/142/306 392/151/315 407/164/308
f 359/122/286 358/121/285 366/127/292
f 366/127/292 358/121/285 414/169/331
f 366/127/292 414/169/331 367/128/293
f 367/128/293 414/169/331 386/146/310
f 367/128/293 386/146/310 352/115/279
f 352/115/279 386/146/310 388/148/296
f 352/115/279 388/148/296 353/116/280
f 415/170/318 416/171/319 402/160/324
f 402/160/324 416/171/319 417/172/332
f 402/160/324 417/172/332 400/158/323
f 400/158/323 417/172/332 418/173/333
f 400/158/323 418/173/333 399/157/322
f 377/137/301 347/112/275 378/138/302
f 378/138/302 347/112/275 346/111/274
f 378/138/302 346/111/274 380/140/304
f 380/140/304 346/111/274 361/124/288
f 380/140/304 361/124/288 360/123/287
f 360/123/287 361/124/288 363/125/289
f 360/123/287 363/125/289 358/121/285
f 358/121/285 363/125/289 364/14/290
f 358/121/285 364/14/290 414/169/331
f 414/169/331 364/14/290 389/16/312
f 414/169/331 389/16/312 386/146/310
f 386/146/310 389/16/312 390/149/313
f 386/146/310 390/149/313 403/161/325
f 403/161/325 390/149/313 391/150/314
f 403/161/325 391/150/314 401/159/318
f 419/138/334 420/139/335 421/140/336
f 422/144/337 423/113/338 424/145/339
f 425/154/340 426/155/341 427/156/342
f 428/158/343 429/173/344 430/172/345
f 431/133/346 432/126/347 433/162/348
f 434/124/349 435/125/350 436/1/351
f 436/1/351 435/125/350 437/14/147
f 438/127/352 432/126/347 439/128/353
f 439/128/353 432/126/347 440/134/354
f 441/131/355 442/130/356 443/129/346
f 431/133/346 444/132/357 445/114/358
f 446/122/359 447/136/360 438/127/352
f 438/127/352 447/136/360 448/135/348
f 438/127/352 448/135/348 432/126/347
f 436/1/351 449/2/136 434/124/349
f 434/124/349 449/2/136 450/110/361
f 434/124/349 450/110/361 451/111/362
f 451/111/362 450/110/361 452/112/363
f 420/139/335 419/138/334 453/137/364
f 454/141/365 455/143/366 456/142/367
f 456/142/367 455/143/366 457/117/368
f 423/113/338 422/144/337 458/20/139
f 445/114/358 459/116/369 460/115/370
f 460/115/370 459/116/369 461/148/355
f 462/149/371 463/18/372 464/16/373
f 465/150/374 424/145/339 462/149/371
f 462/149/371 424/145/339 423/113/338
f 462/149/371 423/113/338 463/18/372
f 463/18/372 423/113/338 458/20/139
f 466/161/375 467/160/376 468/159/341
f 426/155/341 425/154/340 469/153/377
f 469/153/377 425/154/340 470/152/378
f 469/153/377 470/152/378 471/151/339
f 429/173/344 428/158/343 472/157/379
f 472/157/379 428/158/343 473/146/380
f 472/157/379 473/146/380 474/147/381
f 475/123/382 446/122/359 476/121/383
f 476/121/383 446/122/359 438/127/352
f 476/121/383 438/127/352 477/169/384
f 477/169/384 438/127/352 439/128/353
f 477/169/384 439/128/353 478/146/385
f 479/6/139 480/164/386 481/7/133
f 481/7/133 480/164/386 456/142/367
f 481/7/133 456/142/367 482/163/387
f 482/163/387 456/142/367 457/117/368
f 482/163/387 457/117/368 483/118/388
f 483/118/388 457/117/368 484/119/389
f 485/10/390 481/7/133 486/166/391
f 486/166/391 481/7/133 482/163/387
f 486/166/391 482/163/387 487/165/392
f 487/165/392 482/163/387 483/118/388
f 487/165/392 483/118/388 488/120/393
f 488/120/393 483/118/388 484/119/389
f 480/164/386 471/151/339 456/142/367
f 456/142/367 471/151/339 470/152/378
f 456/142/367 470/152/378 454/141/365
f 454/141/365 470/152/378 441/131/355
f 454/141/365 441/131/355 489/168/394
f 489/168/394 441/131/355 443/129/346
f 489/168/394 443/129/346 490/167/395
f 432/126/347 431/133/346 440/134/354
f 440/134/354 431/133/346 445/114/358
f 440/134/354 445/114/358 439/128/353
f 439/128/353 445/114/358 460/115/370
f 439/128/353 460/115/370 478/146/385
f 478/146/385 460/115/370 461/148/355
f 478/146/385 461/148/355 474/147/396
f 491/171/397 492/170/398 430/172/345
f 430/172/345 492/170/398 467/160/376
f 430/172/345 467/160/376 428/158/343
f 428/158/343 467/160/376 466/161/375
f 428/158/343 466/161/375 478/146/385
f 468/159/341 465/150/374 466/161/375
f 466/161/375 465/150/374 462/149/371
f 466/161/375 462/149/371 478/146/385
f 478/146/385 462/149/371 464/16/373
f 478/146/385 464/16/373 477/169/384
f 477/169/384 464/16/373 437/14/147
f 477/169/384 437/14/147 476/121/383
f 476/121/383 437/14/147 435/125/350
f 476/121/383 435/125/350 475/123/382
f 475/123/382 435/125/350 434/124/349
f 475/123/382 434/124/349 421/140/336
f 421/140/336 434/124/349 451/111/362
f 421/140/336 451/111/362 419/138/334
f 419/138/334 451/111/362 452/112/363
f 419/138/334 452/112/363 453/137/364
f 493/75/79 494/174/399 495/76/80
f 496/175/400 497/176/401 498/177/402
f 494/174/399 493/75/79 499/42/44
f 500/22/23 501/41/403 502/178/404
f 502/178/404 501/41/403 495/76/80
f 502/178/404 495/76/80 503/179/405
f 503/179/405 495/76/80 494/174/399
f 504/180/406 505/181/407 506/182/408
f 506/182/408 505/181/407 507/183/409
f 506/182/408 507/183/409 508/184/410
f 509/185/411 510/186/412 506/182/408
f 506/182/408 510/186/412 511/187/413
f 512/188/414 513/189/415 514/190/416
f 514/190/416 513/189/415 515/191/417
f 497/176/401 496/175/400 516/192/418
f 514/190/416 517/193/419 518/194/420
f 515/191/417 519/195/421 514/190/416
f 514/190/416 519/195/421 520/196/422
f 514/190/416 520/196/422 517/193/419
f 518/194/420 521/197/418 514/190/416
f 514/190/416 521/197/418 522/198/423
f 514/190/416 522/198/423 512/188/414
f 511/187/413 523/199/424 506/182/408
f 506/182/408 523/199/424 524/200/425
f 506/182/408 524/200/425 504/180/406
f 508/184/410 525/201/426 506/182/408
f 506/182/408 525/201/426 526/202/427
f 506/182/408 526/202/427 509/185/411
f 527/26/428 528/203/429 529/24/25
f 529/24/25 528/203/429 530/204/430
f 529/24/25 530/204/430 499/42/44
f 499/42/44 530/204/430 531/205/431
f 499/42/44 531/205/431 494/174/399
f 532/206/425 533/207/432 534/208/420
f 534/208/420 533/207/432 535/209/413
f 534/208/420 535/209/413 516/192/418
f 516/192/418 535/209/413 536/210/433
f 516/192/418 536/210/433 497/176/401
f 537/211/409 538/212/434 539/213/410
f 539/213/410 538/212/434 540/214/435
f 539/213/410 540/214/435 541/215/426
f 541/215/426 540/214/435 498/177/402
f 541/215/426 498/177/402 542/216/436
f 542/216/436 498/177/402 497/176/401
f 534/208/420 543/217/419 532/206/425
f 532/206/425 543/217/419 544/218/437
f 532/206/425 544/218/437 545/219/438
f 545/219/438 544/218/437 546/220/439
f 545/219/438 546/220/439 547/221/407
f 547/221/407 546/220/439 548/222/440
f 547/221/407 548/222/440 549/223/441
f 550/76/219 551/179/442 552/174/443
f 553/177/444 554/216/445 555/176/446
f 556/42/44 557/75/243 552/174/443
f 552/174/443 557/75/243 550/76/219
f 551/179/442 550/76/219 558/178/447
f 558/178/447 550/76/219 559/41/448
f 558/178/447 559/41/448 560/22/175
f 561/184/449 562/183/450 563/182/451
f 563/182/451 562/183/450 564/181/452
f 563/182/451 564/181/452 565/180/453
f 566/185/454 563/182/451 567/186/455
f 567/186/455 563/182/451 568/187/456
f 569/188/457 570/190/458 571/189/459
f 571/189/459 570/190/458 572/191/460
f 573/192/461 574/175/462 555/176/446
f 555/176/446 574/175/462 553/177/444
f 575/194/463 576/193/464 570/190/458
f 576/193/464 577/196/465 570/190/458
f 570/190/458 577/196/465 578/195/466
f 570/190/458 578/195/466 572/191/460
f 569/188/457 579/198/467 570/190/458
f 570/190/458 579/198/467 580/197/461
f 570/190/458 580/197/461 575/194/463
f 565/180/453 581/200/468 563/182/451
f 563/182/451 581/200/468 582/199/469
f 563/182/451 582/199/469 568/187/456
f 566/185/454 583/202/445 563/182/451
f 563/182/451 583/202/445 584/201/470
f 563/182/451 584/201/470 561/184/449
f 552/174/443 585/205/471 556/42/44
f 556/42/44 585/205/471 586/204/472
f 556/42/44 586/204/472 587/24/178
f 587/24/178 586/204/472 588/203/473
f 587/24/178 588/203/473 589/26/474
f 555/176/446 590/210/475 573/192/461
f 573/192/461 590/210/475 591/209/456
f 573/192/461 591/209/456 592/208/476
f 592/208/476 591/209/456 593/207/477
f 592/208/476 593/207/477 594/206/478
f 554/216/445 553/177/444 595/215/479
f 595/215/479 553/177/444 596/214/480
f 595/215/479 596/214/480 597/213/449
f 597/213/449 596/214/480 598/212/481
f 597/213/449 598/212/481 599/211/450
f 600/223/482 601/222/460 602/221/483
f 602/221/483 601/222/460 603/220/484
f 602/221/483 603/220/484 604/219/453
f 604/219/453 603/220/484 605/218/485
f 604/219/453 605/218/485 594/206/478
f 594/206/478 605/218/485 606/217/464
f 594/206/478 606/217/464 592/208/476
o editpl_m-0000-31
v -7.043905 38.230873 -12.587680
v 0.000000 45.007549 -9.364172
v 0.000000 39.541866 -12.093019
v 7.043905 38.230873 -12.587680
v 1.760976 34.689907 -13.770530
v -1.148698 37.077328 5.651973
v -8.647748 37.498260 4.416817
v -9.831665 29.288486 10.340036
v -3.987934 51.112667 -6.033810
v -4.245307 47.697014 -6.353620
v -5.743492 45.197132 -1.179864
v -6.401826 42.093163 -2.379900
v -3.202267 39.050243 1.633421
v -13.871074 40.223068 -0.600021
v -9.574292 38.520061 3.010548
v -16.992065 39.644688 2.045140
v -8.647748 37.498260 4.416817
v -13.014969 34.542099 5.833549
v -9.831665 29.288486 10.340036
v -18.904757 30.188187 6.919260
v -12.410818 25.024546 10.686746
v -13.619119 23.475775 9.299157
v -10.053819 22.261177 10.912406
v -12.137190 22.094090 9.612243
v -11.660371 19.738800 9.580859
v -13.960477 22.319016 6.484378
v -14.540245 19.912315 4.075340
v -17.268402 25.998150 2.410531
v -17.336132 17.904053 -0.940004
v -18.335827 25.451902 -1.612504
v -18.988743 24.105564 -7.460999
v -19.847555 27.643318 -4.980227
v -19.579346 28.077103 -9.016712
v 8.021924 42.147785 -2.172920
v 5.794966 44.207458 -8.536250
v 5.245000 44.981846 -8.168619
v 0.000000 44.760132 -10.505177
v 0.000000 45.894398 -10.035176
v -5.794966 44.207458 -8.536250
v -5.245000 44.981846 -8.168619
v -8.021924 42.147785 -2.172920
v -6.905736 42.401630 -2.219995
v -6.212182 39.374779 1.849368
v -5.201653 39.715382 1.849368
v -2.010222 35.914143 7.265969
v -1.620098 36.810631 7.171820
v -14.979134 40.685772 -6.436561
v -13.871074 40.223068 -0.600021
v -10.487290 42.009617 -5.430055
v -6.401826 42.093163 -2.379900
v -5.009300 44.194607 -7.939968
v -4.245307 47.697014 -6.353620
v -16.087194 37.691051 -9.633917
v -14.979134 40.685772 -6.436561
v -11.565550 39.191624 -9.480737
v -10.487290 42.009617 -5.430055
v -5.009300 44.194607 -7.939968
v -8.647748 37.498260 4.416817
v -1.148698 37.077328 5.651973
v -9.574292 38.520061 3.010548
v -1.156826 37.899914 3.840710
v -3.202267 39.050243 1.633421
v -2.782342 42.935024 1.951737
v -5.743492 45.197132 -1.179864
v 4.245307 47.697014 -6.353620
v 5.009300 44.194607 -7.939968
v 0.000000 48.317165 -8.488429
v 0.000000 45.007549 -9.364172
v -5.009300 44.194607 -7.939968
v -7.043905 38.230873 -12.587680
v -11.565550 39.191624 -9.480737
v -11.272957 34.998375 -11.661126
v -16.087194 37.691051 -9.633917
v -17.257566 31.987591 -11.014033
v -2.782342 42.935024 1.951737
v -1.156826 37.899914 3.840710
v 0.000000 38.015587 3.266098
v 0.000000 37.642853 4.117929
v 1.156826 37.899914 3.840710
v 1.148698 37.077328 5.651973
v 9.574292 38.520061 3.010548
v 8.647748 37.498260 4.416817
v 16.992065 39.644688 2.045140
v 16.992065 39.644688 2.045140
v 13.871074 40.223068 -0.600021
v 9.574292 38.520061 3.010548
v 3.202267 39.050243 1.633421
v 1.156826 37.899914 3.840710
v 2.782342 42.935024 1.951737
v 0.000000 38.015587 3.266098
v 0.000000 42.343792 3.921410
v -2.782342 42.935024 1.951737
v -4.237180 46.405300 0.283193
v -5.743492 45.197132 -1.179864
v -5.838313 50.251522 -1.079738
v -3.987934 51.112667 -6.033810
v 5.009300 44.194607 -7.939968
v 10.487290 42.009617 -5.430055
v 11.565550 39.191624 -9.480737
v 14.979134 40.685772 -6.436561
v 16.087194 37.691051 -9.633917
v 5.245000 44.981846 -8.168619
v 6.905736 42.401630 -2.219995
v 8.021924 42.147785 -2.172920
v 5.285638 39.715382 1.849368
v 6.304295 39.374779 1.849368
v 1.641772 36.810631 7.171820
v 2.034605 35.914143 7.265969
v 0.000000 45.007549 -9.364172
v 5.009300 44.194607 -7.939968
v 7.043905 38.230873 -12.587680
v 11.565550 39.191624 -9.480737
v 11.272957 34.998375 -11.661126
v 17.257566 31.987591 -11.014033
v 14.979134 40.685772 -6.436561
v 10.487290 42.009617 -5.430055
v 13.871074 40.223068 -0.600021
v 6.401826 42.093163 -2.379900
v 3.202267 39.050243 1.633421
v 5.743492 45.197132 -1.179864
v 2.782342 42.935024 1.951737
v 4.315746 46.405300 0.283193
v 0.000000 42.343792 3.921410
v 0.000000 44.303856 3.771219
v -4.237180 46.405300 0.283193
v 10.487290 42.009617 -5.430055
v 5.009300 44.194607 -7.939968
v 6.401826 42.093163 -2.379900
v 4.245307 47.697014 -6.353620
v 5.743492 45.197132 -1.179864
v 3.987934 51.112667 -6.033810
v 5.838313 50.251522 -1.079738
v -5.009300 44.194607 -7.939968
v -4.245307 47.697014 -6.353620
v 0.000000 48.317165 -8.488429
v 0.000000 51.411495 -8.168619
v 4.245307 47.697014 -6.353620
v 3.987934 51.112667 -6.033810
v 0.525584 31.573086 10.138286
v 2.812143 31.971523 9.676503
v 0.000000 35.798466 7.954159
v 2.034605 35.914143 7.265969
v 0.000000 36.585705 7.535716
v 1.641772 36.810631 7.171820
v -2.010222 35.914143 7.265969
v 0.000000 36.585705 7.535716
v -1.620098 36.810631 7.171820
v 0.000000 36.585705 7.535716
v -2.010222 35.914143 7.265969
v 0.000000 35.798466 7.954159
v -3.505697 30.625185 10.725601
v -0.875070 29.696566 11.646924
v 1.148698 37.077328 5.651973
v 0.000000 37.642853 4.117929
v 0.000000 36.752792 5.173005
v -1.156826 37.899914 3.840710
v -1.148698 37.077328 5.651973
v 0.000000 39.541866 -12.093019
v -1.760976 34.689907 -13.770530
v -7.043905 38.230873 -12.587680
v -1.760976 34.689907 -13.770530
v -2.064406 28.138151 -14.567813
v -7.043905 38.230873 -12.587680
v -7.125181 28.446621 -14.109767
v -11.272957 34.998375 -11.661126
v -10.644424 27.518002 -12.749825
v -17.257566 31.987591 -11.014033
v -15.995082 25.827850 -10.499945
v -19.579346 28.077103 -9.016712
v -18.988743 24.105564 -7.460999
v -14.361438 3.913700 4.415326
v -15.344875 -0.266697 4.414579
v -12.930983 -0.530180 7.029103
v 0.000000 21.753489 12.355289
v -2.879873 21.775982 12.379200
v -5.055356 18.916218 12.613081
v -5.575521 20.995169 12.183429
v -8.292843 19.648830 10.771929
v -10.573985 3.627725 8.278456
v -8.769661 -0.755105 9.259557
v -7.493631 3.528115 10.128574
v -14.361438 3.913700 4.415326
v -10.573985 3.627725 8.278456
v -10.536056 -0.684415 8.634133
v -8.769661 -0.755105 9.259557
v -4.681487 5.600639 -8.037851
v -7.163109 5.652050 -7.072443
v -7.469248 12.762903 -8.109585
v -14.540245 19.912315 4.075340
v -17.336132 17.904053 -0.940004
v -14.496898 15.259574 3.753288
v -13.757288 10.095932 4.159028
v -15.301528 10.169836 -1.310626
v -17.997175 17.843002 -5.831310
v -13.350909 10.378696 -5.004137
v -14.185340 19.484957 -9.806524
v -10.292228 11.863202 -7.755403
v -1.297704 5.600639 -8.930780
v -4.681487 5.600639 -8.037851
v -5.426516 13.383054 -9.556951
v -7.469248 12.762903 -8.109585
v -9.474052 20.365379 -11.158993
v 5.575521 20.995169 12.183429
v 5.055356 18.916218 12.613081
v 8.292843 19.648830 10.771929
v -15.344875 -0.266697 4.414579
v -14.361438 3.913700 4.415326
v -14.204305 4.694512 -1.228431
v -15.301528 10.169836 -1.310626
v -11.649535 5.073671 -5.241753
v -7.163109 5.652050 -7.072443
v -7.469248 12.762903 -8.109585
v 5.575521 20.995169 12.183429
v 2.879873 21.775982 12.379200
v 5.055356 18.916218 12.613081
v 0.000000 21.753489 12.355289
v 0.000000 18.350693 13.169013
v -5.055356 18.916218 12.613081
v -6.206764 14.571947 11.922650
v -8.347027 15.953631 11.428737
v -8.032761 12.036717 10.438670
v -11.405707 10.642181 8.418185
v -10.018600 9.835663 8.777598
v -11.698300 8.338303 7.365353
v 0.000000 27.546921 -13.707762
v 0.000000 21.586401 -12.877600
v -2.064406 28.138151 -14.567813
v -2.132136 21.586401 -13.804901
v -7.125181 28.446621 -14.109767
v -6.786531 20.824867 -12.991925
v -10.644424 27.518002 -12.749825
v -9.474052 20.365379 -11.158993
v -15.995082 25.827850 -10.499945
v -14.185340 19.484957 -9.806524
v -18.988743 24.105564 -7.460999
v -17.997175 17.843002 -5.831310
v -17.336132 17.904053 -0.940004
v -15.301528 10.169836 -1.310626
v -13.757288 10.095932 4.159028
v -14.361438 3.913700 4.415326
v -11.698300 8.338303 7.365353
v -10.573985 3.627725 8.278456
v -10.018600 9.835663 8.777598
v -7.493631 3.528115 10.128574
v -8.032761 12.036717 10.438670
v -4.578538 7.367911 11.819533
v -4.871131 12.229510 12.305974
v 0.000000 7.387190 12.229757
v 0.000000 12.316267 12.924672
v 4.578538 7.367911 11.819533
v 4.871131 12.229510 12.305974
v 8.032761 12.036717 10.438670
v 6.206764 14.571947 11.922650
v 8.347027 15.953631 11.428737
v 5.055356 18.916218 12.613081
v 0.000000 21.586401 -12.877600
v 0.000000 27.546921 -13.707762
v 2.064406 28.138151 -14.567813
v 14.540245 19.912315 4.075340
v 14.304545 15.259574 3.753288
v 17.336132 17.904053 -0.940004
v 13.757288 10.095932 4.159028
v 15.301528 10.169836 -1.310626
v 0.000000 21.586401 -12.877600
v 2.132136 21.586401 -13.804901
v 7.125181 28.446621 -14.109767
v 6.786531 20.824867 -12.991925
v 10.644424 27.518002 -12.749825
v 9.474052 20.365379 -11.158993
v 15.995082 25.827850 -10.499945
v 14.185340 19.484957 -9.806524
v 18.988743 24.105564 -7.460999
v -2.132136 21.586401 -13.804901
v 0.000000 21.586401 -12.877600
v 0.000000 13.781493 -9.476999
v 2.132136 21.586401 -13.804901
v 2.920511 13.781493 -10.493219
v 6.786531 20.824867 -12.991925
v 5.426516 13.383054 -9.556951
v 9.474052 20.365379 -11.158993
v 7.469248 12.762903 -8.109585
v 14.185340 19.484957 -9.806524
v 10.292228 11.863202 -7.755403
v -9.474052 20.365379 -11.158993
v -6.786531 20.824867 -12.991925
v -5.426516 13.383054 -9.556951
v -2.920511 13.781493 -10.493219
v -1.297704 5.600639 -8.930780
v 0.000000 5.600639 -8.043829
v 0.000000 0.038558 -8.170109
v 1.297704 5.600639 -8.930780
v 2.134845 0.038558 -8.805247
v 4.681487 5.600639 -8.037851
v 4.248016 0.038558 -8.220920
v 7.163109 5.652050 -7.072443
v 6.962629 0.038558 -6.937195
v 11.649535 5.073671 -5.241753
v 11.576386 0.038559 -5.909020
v 14.204305 4.694512 -1.228431
v 14.502316 0.038559 -1.479497
v 15.344875 -0.266697 4.414579
v -6.786531 20.824867 -12.991925
v -2.132136 21.586401 -13.804901
v -2.920511 13.781493 -10.493219
v 0.000000 13.781493 -9.476999
v 0.000000 5.600639 -8.043829
v 2.920511 13.781493 -10.493219
v 1.297704 5.600639 -8.930780
v 5.426516 13.383054 -9.556951
v 4.681487 5.600639 -8.037851
v 7.163109 5.652050 -7.072443
v 13.350909 10.378696 -5.004137
v 17.997175 17.843002 -5.831310
v 18.988743 24.105564 -7.460999
v 17.336132 17.904053 -0.940004
v 18.335827 25.451902 -1.612504
v 17.268402 25.998150 2.410531
v 15.301528 10.169836 -1.310626
v 17.997175 17.843002 -5.831310
v 17.336132 17.904053 -0.940004
v 17.997175 17.843002 -5.831310
v 15.301528 10.169836 -1.310626
v 13.350909 10.378696 -5.004137
v 11.649535 5.073671 -5.241753
v 7.163109 5.652050 -7.072443
v 6.206764 14.571947 11.922650
v 0.000000 12.316267 12.924672
v 4.871131 12.229510 12.305974
v 10.573985 3.627725 8.278456
v 11.698300 8.338303 7.365353
v 9.536363 9.835663 8.777598
v -2.134845 0.038558 -8.805247
v -1.297704 5.600639 -8.930780
v 0.000000 0.038558 -8.170109
v 7.493631 3.528115 10.128574
v 0.000000 15.410597 12.631763
v -6.206764 14.571947 11.922650
v -8.032761 12.036717 10.438670
v -4.871131 12.229510 12.305974
v 14.204305 4.694512 -1.228431
v 14.361438 3.913700 4.415326
v 15.344875 -0.266697 4.414579
v 8.347027 15.953631 11.428737
v 8.032761 12.036717 10.438670
v 11.405707 10.642181 8.418185
v -11.405707 10.642181 8.418185
v -13.757288 10.095932 4.159028
v -11.698300 8.338303 7.365353
v 11.698300 8.338303 7.365353
v 10.573985 3.627725 8.278456
v 14.361438 3.913700 4.415326
v 12.930983 -0.530180 7.029103
v 0.000000 -0.938259 12.270108
v 5.060775 -0.912553 11.595368
v 4.795274 3.663070 11.174683
v 7.052032 -0.758319 10.107652
v 7.493631 3.528115 10.128574
v 8.769661 -0.755105 9.259557
v 10.536056 -0.684415 8.634133
v 12.930983 -0.530180 7.029103
v -8.769661 -0.755105 9.259557
v -7.052032 -0.758319 10.107652
v -7.493631 3.528115 10.128574
v -4.800692 3.663070 11.174683
v -4.578538 7.367911 11.819533
v 0.000000 3.370667 11.123872
v 0.000000 7.387190 12.229757
v 4.578538 7.367911 11.819533
v 0.000000 18.350693 13.169013
v 5.055356 18.916218 12.613081
v -5.055356 18.916218 12.613081
v -8.292843 19.648830 10.771929
v -8.347027 15.953631 11.428737
v -11.449054 20.127600 8.691668
v -11.405707 10.642181 8.418185
v -14.496898 15.259574 3.753288
v -13.757288 10.095932 4.159028
v 13.757288 10.095932 4.159028
v 14.304545 15.259574 3.753288
v 11.405707 10.642181 8.418185
v 11.449054 20.127600 8.691668
v 8.347027 15.953631 11.428737
v 8.292843 19.648830 10.771929
v 5.055356 18.916218 12.613081
v -7.052032 -0.758319 10.107652
v -5.060775 -0.912553 11.595368
v 0.000000 -0.938259 12.270108
v 4.795274 3.663070 11.174683
v 8.032761 12.036717 10.438670
v 11.405707 10.642181 8.418185
v 13.757288 10.095932 4.159028
v 15.301528 10.169836 -1.310626
v 11.649535 5.073671 -5.241753
v -1.297704 5.600639 -8.930780
v -2.134845 0.038558 -8.805247
v -4.681487 5.600639 -8.037851
v -4.248016 0.038558 -8.220920
v -7.163109 5.652050 -7.072443
v -6.962629 0.038558 -6.937195
v -11.649535 5.073671 -5.241753
v -11.576386 0.038559 -5.909020
v -14.204305 4.694512 -1.228431
v -14.502316 0.038559 -1.479497
v -15.344875 -0.266697 4.414579
v 17.081469 34.342880 5.765552
v 13.014969 34.542099 5.833549
v 18.904757 30.188187 6.919260
v 7.043905 38.230873 -12.587680
v 2.064406 28.138151 -14.567813
v 1.760976 34.689907 -13.770530
v 16.956846 40.676132 -1.670041
v 13.871074 40.223068 -0.600021
v 16.992065 39.644688 2.045140
v 25.401403 33.247169 4.076086
v 19.194639 28.411278 5.341130
v 8.647748 37.498260 4.416817
v 1.148698 37.077328 5.651973
v 9.831665 29.288486 10.340036
v 12.137190 22.094090 9.612243
v 13.960477 22.319016 6.484378
v 13.619119 23.475775 9.299157
v 17.268402 25.998150 2.410531
v 18.335827 25.451902 -1.612504
v 20.524855 29.339897 0.191286
v 19.847555 27.643318 -4.980227
v 18.904757 30.188187 6.919260
v 22.375235 33.934799 5.287330
v 17.081469 34.342880 5.765552
v 18.211203 39.949944 1.850862
v 1.148698 37.077328 5.651973
v 1.416909 28.636204 11.289753
v 9.831665 29.288486 10.340036
v 7.488213 24.224455 12.331378
v 12.410818 25.024546 10.686746
v 10.053819 22.261177 10.912406
v 17.268402 25.998150 2.410531
v 19.194639 28.411278 5.341130
v 18.904757 30.188187 6.919260
v 25.344511 30.419538 -1.708148
v 26.669308 31.627708 2.524109
v 20.524855 29.339897 0.191286
v 1.416909 28.636204 11.289753
v 2.216121 24.253374 12.841730
v 5.786839 23.077335 12.444209
v 10.053819 22.261177 10.912406
v 7.079124 19.957300 11.937593
v 11.660371 19.738800 9.580859
v 35.333309 33.709873 4.333877
v 35.333309 37.530392 4.333876
v 25.401403 33.247169 4.076086
v 27.893864 37.215496 3.548547
v 24.799963 36.733513 3.866863
v 27.771950 40.194149 1.070764
v 23.049824 40.807873 1.801546
v 35.333309 31.949032 0.626916
v 35.333309 33.709873 4.333877
v 26.669308 31.627708 2.524109
v 25.401403 33.247169 4.076086
v 19.194639 28.411278 5.341130
v 17.268402 25.998150 2.410531
v 13.014969 34.542099 5.833549
v 16.992065 39.644688 2.045140
v 18.211203 39.949944 1.850862
v 16.956846 40.676132 -1.670041
v 18.330406 41.106705 -1.782871
v 17.682911 40.653641 -6.326719
v 18.677183 40.660065 -6.116750
v 19.053762 37.829220 -9.004757
v 22.020330 37.948109 -8.375598
v 21.557058 32.386028 -9.893950
v 17.336132 17.904053 -0.940004
v 14.540245 19.912315 4.075340
v 11.660371 19.738800 9.580859
v 13.014969 34.542099 5.833549
v 8.647748 37.498260 4.416817
v 16.992065 39.644688 2.045140
v 2.064406 28.138151 -14.567813
v 7.043905 38.230873 -12.587680
v 7.125181 28.446621 -14.109767
v 11.272957 34.998375 -11.661126
v 10.644424 27.518002 -12.749825
v 17.257566 31.987591 -11.014033
v 15.995082 25.827850 -10.499945
v 19.579346 28.077103 -9.016712
v 18.988743 24.105564 -7.460999
v 19.847555 27.643318 -4.980227
v 18.335827 25.451902 -1.612504
v 13.871074 40.223068 -0.600021
v 16.956846 40.676132 -1.670041
v 14.979134 40.685772 -6.436561
v 17.682911 40.653641 -6.326719
v 16.087194 37.691051 -9.633917
v 19.053762 37.829220 -9.004757
v 17.257566 31.987591 -11.014033
v 21.557058 32.386028 -9.893950
v 19.579346 28.077103 -9.016712
v 25.566666 30.021099 -7.370585
v 19.847555 27.643318 -4.980227
v 25.344511 30.419538 -1.708148
v 20.524855 29.339897 0.191286
v 25.401403 33.247169 4.076086
v 24.799963 36.733513 3.866863
v 23.049824 40.807873 1.801546
v 18.330406 41.106705 -1.782871
v 22.881853 41.627247 -2.079518
v 18.677183 40.660065 -6.116750
v 23.141935 40.817513 -5.696812
v 24.358364 37.478981 -8.194023
v 27.360151 32.761974 -8.763405
v 25.566666 30.021099 -7.370585
v 35.333309 32.627022 -8.093896
v 35.333309 31.107168 -5.676636
v -7.488213 24.224455 12.331378
v -12.410818 25.024546 10.686746
v -10.053819 22.261177 10.912406
v -18.904757 30.188187 6.919260
v -25.401403 33.247169 4.076086
v -19.194639 28.411278 5.341130
v -17.268402 25.998150 2.410531
v -20.524855 29.339897 0.191286
v -18.335827 25.451902 -1.612504
v -19.847555 27.643318 -4.980227
v -35.333309 31.107168 -5.676636
v -25.566666 30.021099 -7.370585
v -25.344511 30.419538 -1.708148
v -18.904757 30.188187 6.919260
v -19.194639 28.411278 5.341130
v -13.619119 23.475775 9.299157
v -7.488213 24.224455 12.331378
v -9.831665 29.288486 10.340036
v -1.416909 28.636204 11.289753
v -1.148698 37.077328 5.651973
v -25.401403 33.247169 4.076086
v -18.904757 30.188187 6.919260
v -22.375235 33.934799 5.287330
v -17.081469 34.342880 5.765552
v -18.211203 39.949944 1.850862
v -35.333309 31.107168 -5.676636
v -35.333309 32.627022 -8.093896
v -25.566666 30.021099 -7.370585
v -27.360151 32.761974 -8.763405
v -21.557058 32.386028 -9.893950
v -17.268402 25.998150 2.410531
v -13.960477 22.319016 6.484378
v -12.137190 22.094090 9.612243
v -11.660371 19.738800 9.580859
v -7.079124 19.957300 11.937593
v -5.786839 23.077335 12.444209
v -2.216121 24.253374 12.841730
v -1.416909 28.636204 11.289753
v -17.268402 25.998150 2.410531
v -20.524855 29.339897 0.191286
v -26.669308 31.627708 2.524109
v -35.333309 33.709873 4.333877
v -35.333309 31.949032 0.626916
v -20.524855 29.339897 0.191286
v -25.344511 30.419538 -1.708148
v -19.847555 27.643318 -4.980227
v -25.566666 30.021099 -7.370585
v -19.579346 28.077103 -9.016712
v -21.557058 32.386028 -9.893950
v -17.257566 31.987591 -11.014033
v -19.053762 37.829220 -9.004757
v -16.087194 37.691051 -9.633917
v -17.682911 40.653641 -6.326719
v -14.979134 40.685772 -6.436561
v -16.956846 40.676132 -1.670041
v -13.871074 40.223068 -0.600021
v -16.992065 39.644688 2.045140
v -13.014969 34.542099 5.833549
v -17.081469 34.342880 5.765552
v -16.992065 39.644688 2.045140
v -18.211203 39.949944 1.850862
v -16.956846 40.676132 -1.670041
v -18.330406 41.106705 -1.782871
v -17.682911 40.653641 -6.326719
v -18.677183 40.660065 -6.116750
v -19.053762 37.829220 -9.004757
v -22.020330 37.948109 -8.375598
v -21.557058 32.386028 -9.893950
v -24.358364 37.478981 -8.194023
v -27.360151 32.761974 -8.763405
v -29.763206 37.315105 -8.819447
v -35.333309 34.927685 -8.833644
v -12.381017 15.899006 10.047873
v -14.540245 19.912315 4.075340
v -14.496898 15.259574 3.753288
v 0.000000 29.211369 10.510402
v 1.148698 37.077328 5.651973
v 0.000000 36.752792 5.173005
v 0.000000 33.992638 -12.977729
v 0.000000 27.546921 -13.707762
v -1.760976 34.689907 -13.770530
v -2.064406 28.138151 -14.567813
v -11.660371 19.738800 9.580859
v -8.658584 16.278168 12.862653
v -7.079124 19.957300 11.937593
v -2.879873 21.775982 12.379200
v 0.000000 21.753489 12.355289
v 0.000000 23.774603 12.237228
v 2.879873 21.775982 12.379200
v 2.064406 28.138151 -14.567813
v 1.760976 34.689907 -13.770530
v 0.000000 39.541866 -12.093019
v 14.304545 15.259574 3.753288
v 14.540245 19.912315 4.075340
v 12.381017 15.899006 10.047873
v 11.660371 19.738800 9.580859
v 8.658584 16.278168 12.862653
v 7.079124 19.957300 11.937593
v -8.292843 19.648830 10.771929
v -5.575521 20.995169 12.183429
v -5.786839 23.077335 12.444209
v -2.216121 24.253374 12.841730
v -1.416909 28.636204 11.289753
v -1.148698 37.077328 5.651973
v 1.416909 28.636204 11.289753
v 2.216121 24.253374 12.841730
v 5.786839 23.077335 12.444209
v 5.575521 20.995169 12.183429
v 8.292843 19.648830 10.771929
v -26.669308 31.627708 2.524109
v -25.344511 30.419538 -1.708148
v -20.524855 29.339897 0.191286
v -23.141935 40.817513 -5.696812
v -22.020330 37.948109 -8.375598
v -24.358364 37.478981 -8.194023
v -27.360151 32.761974 -8.763405
v -35.333309 32.627022 -8.093896
v -35.333309 34.927685 -8.833644
v -25.344511 30.419538 -1.708148
v -26.669308 31.627708 2.524109
v -35.333309 31.949032 0.626916
v -23.049824 40.807873 1.801546
v -27.771950 40.194149 1.070764
v -24.799963 36.733513 3.866863
v -27.893864 37.215496 3.548547
v -22.020330 37.948109 -8.375598
v -23.141935 40.817513 -5.696812
v -18.677183 40.660065 -6.116750
v -22.881853 41.627247 -2.079518
v -18.330406 41.106705 -1.782871
v -23.049824 40.807873 1.801546
v -18.211203 39.949944 1.850862
v -24.799963 36.733513 3.866863
v -22.375235 33.934799 5.287330
v -27.893864 37.215496 3.548547
v -25.401403 33.247169 4.076086
v -35.333309 37.530392 4.333876
v -35.333309 33.709873 4.333877
v -25.344511 30.419538 -1.708148
v -35.330601 33.147560 -2.459852
v -35.333309 31.107168 -5.676636
v -35.333309 31.949032 0.626916
v -35.330601 33.147560 -2.459852
v -25.344511 30.419538 -1.708148
v -35.333309 37.530392 4.333876
v -27.893864 37.215496 3.548547
v -35.330601 39.432617 0.339982
v -27.771950 40.194149 1.070764
v -35.333309 40.226280 -2.157976
v -35.333309 34.927685 -8.833644
v -35.333309 37.228348 -8.093896
v -29.763206 37.315105 -8.819447
v -35.333309 39.339432 -4.656681
v -27.357443 40.078472 -5.208130
v -28.397774 40.939617 -1.879263
v -23.049824 40.807873 1.801546
v -22.881853 41.627247 -2.079518
v -23.141935 40.817513 -5.696812
v -24.358364 37.478981 -8.194023
v 26.669308 31.627708 2.524109
v 25.344511 30.419538 -1.708148
v 35.333309 31.949032 0.626916
v 24.358364 37.478981 -8.194023
v 29.763206 37.315105 -8.819447
v 27.360151 32.761974 -8.763405
v 35.333309 34.927685 -8.833644
v 35.333309 32.627022 -8.093896
v 25.344511 30.419538 -1.708148
v 25.566666 30.021099 -7.370585
v 35.333309 31.107168 -5.676636
v 35.333309 39.339432 -4.656681
v 27.357443 40.078472 -5.208130
v 35.333309 40.226280 -2.157976
v 29.763206 37.315105 -8.819447
v 24.358364 37.478981 -8.194023
v 23.141935 40.817513 -5.696812
v 22.881853 41.627247 -2.079518
v 28.397774 40.939617 -1.879263
v 23.049824 40.807873 1.801546
v 27.771950 40.194149 1.070764
v 35.333309 37.228348 -8.093896
v 35.333309 34.927685 -8.833644
v 25.344511 30.419538 -1.708148
v 35.330601 33.147560 -2.459852
v 35.333309 31.949032 0.626916
v 35.333309 31.107168 -5.676636
v 35.330601 33.147560 -2.459852
v 25.344511 30.419538 -1.708148
v 35.330601 39.432617 0.339982
v 27.893864 37.215496 3.548547
v 35.333309 37.530392 4.333876
v -4.245307 47.697014 -6.353620
v -3.987934 51.112667 -6.033810
v 0.000000 51.411495 -8.168619
v 5.743492 45.197132 -1.179864
v 5.838313 50.251522 -1.079738
v 4.315746 46.405300 0.283193
v 0.000000 51.411495 -8.168619
v -3.987934 51.112667 -6.033810
v -4.107138 53.590057 -7.539459
v 0.000000 53.577206 -9.293186
v 4.107138 53.590057 -7.539459
v 3.987934 51.112667 -6.033810
v 0.000000 44.708721 6.307285
v 4.315746 46.405300 0.283193
v 6.325968 50.248310 0.331015
v 5.838313 50.251522 -1.079738
v 7.163109 53.779636 -2.334321
v 3.987934 51.112667 -6.033810
v 4.107138 53.590057 -7.539459
v -4.107138 53.590057 -7.539459
v -3.987934 51.112667 -6.033810
v -7.163109 53.779636 -2.334321
v -5.838313 50.251522 -1.079738
v -6.244692 50.248310 0.331015
v -4.237180 46.405300 0.283193
v 0.000000 44.303856 3.771219
vn -0.2123 0.3697 -0.9046
vn -0.0000 0.4722 -0.8815
vn -0.0000 0.3139 -0.9495
vn 0.2123 0.3697 -0.9046
vn -0.2432 0.1569 -0.9572
vn 0.1099 0.7067 0.6989
vn -0.0631 0.6776 0.7328
vn -0.1730 0.4562 0.8729
vn -0.8023 -0.1888 -0.5663
vn -0.7915 0.2351 -0.5642
vn -0.9452 0.0473 0.3229
vn -0.6769 0.6690 0.3070
vn -0.4628 0.5256 0.7138
vn -0.0313 0.9543 0.2973
vn 0.0235 0.8862 0.4627
vn 0.0392 0.8078 0.5882
vn -0.0630 0.6776 0.7327
vn -0.1097 0.5091 0.8537
vn -0.1731 0.4561 0.8729
vn -0.4086 0.0472 0.9115
vn -0.4244 -0.0550 0.9038
vn -0.6858 -0.4651 0.5598
vn -0.4150 -0.2114 0.8849
vn -0.6693 -0.3386 0.6614
vn -0.6991 0.0157 0.7148
vn -0.8389 -0.3606 0.4077
vn -0.8808 -0.0944 0.4640
vn -0.8474 -0.4393 0.2982
vn -0.9404 -0.1489 0.3056
vn -0.9217 -0.3387 0.1891
vn -0.9167 -0.2664 -0.2977
vn -0.7057 -0.7057 0.0627
vn -0.5680 -0.4418 -0.6944
vn 0.4338 0.8439 0.3155
vn 0.6348 0.5878 -0.5015
vn 0.5420 0.8089 -0.2278
vn -0.0000 0.4876 -0.8731
vn -0.5206 0.7572 -0.3944
vn -0.3857 0.8344 0.3936
vn -0.3367 0.6813 0.6500
vn -0.2909 0.4560 0.8411
vn -0.3375 0.3925 0.8556
vn -0.1020 0.9491 -0.2980
vn -0.0313 0.9543 0.2972
vn -0.2897 0.9551 -0.0626
vn -0.5110 0.6603 -0.5503
vn -0.1576 0.5514 -0.8192
vn -0.1020 0.9491 -0.2981
vn -0.3069 0.6611 -0.6846
vn -0.2897 0.9551 -0.0627
vn -0.5110 0.6604 -0.5503
vn 0.1099 0.7068 0.6989
vn 0.0078 0.7739 0.6332
vn -0.5427 0.1022 0.8337
vn -0.9452 0.0473 0.3230
vn 0.7914 0.2351 -0.5642
vn 0.5110 0.6603 -0.5503
vn -0.0000 0.2902 -0.9570
vn -0.2124 0.3697 -0.9045
vn -0.3069 0.6610 -0.6847
vn -0.2825 0.2511 -0.9258
vn -0.1575 0.5513 -0.8193
vn -0.2756 0.0394 -0.9605
vn 0.0078 0.7739 0.6333
vn -0.0000 0.5122 0.8589
vn -0.0000 0.8897 0.4566
vn -0.0078 0.7740 0.6332
vn -0.1100 0.7068 0.6988
vn -0.0235 0.8862 0.4627
vn 0.0630 0.6776 0.7327
vn -0.0392 0.8078 0.5882
vn 0.0313 0.9543 0.2973
vn 0.4628 0.5256 0.7138
vn -0.0078 0.7739 0.6333
vn 0.5431 0.0944 0.8343
vn -0.0000 0.0393 0.9992
vn -0.7934 -0.2435 0.5578
vn -0.9483 -0.2978 -0.1097
vn 0.5110 0.6604 -0.5503
vn 0.2897 0.9551 -0.0627
vn 0.3069 0.6611 -0.6846
vn 0.1020 0.9491 -0.2981
vn 0.1575 0.5514 -0.8192
vn 0.5420 0.8090 -0.2278
vn 0.1963 0.8557 0.4789
vn 0.4338 0.8440 0.3155
vn 0.3297 0.6831 0.6516
vn 0.3297 0.6831 0.6517
vn 0.3376 0.3925 0.8556
vn 0.2900 0.4467 0.8464
vn 0.5109 0.6604 -0.5503
vn 0.2124 0.3697 -0.9045
vn 0.3069 0.6610 -0.6847
vn 0.2825 0.2511 -0.9258
vn 0.1575 0.5513 -0.8193
vn 0.2756 0.0394 -0.9605
vn 0.2896 0.9551 -0.0626
vn 0.0313 0.9543 0.2972
vn 0.6769 0.6690 0.3070
vn 0.4628 0.5255 0.7139
vn 0.9484 0.0471 0.3135
vn 0.5431 0.0945 0.8343
vn 0.7954 -0.2520 0.5513
vn 0.0001 0.0394 0.9992
vn -0.0000 -0.6456 0.7637
vn -0.7935 -0.2435 0.5578
vn 0.2897 0.9551 -0.0626
vn 0.6769 0.6690 0.3069
vn 0.7915 0.2351 -0.5642
vn 0.9484 0.0470 0.3135
vn 0.8023 -0.1888 -0.5663
vn 0.9425 -0.3063 -0.1335
vn -0.7914 0.2351 -0.5642
vn -0.0000 -0.2036 -0.9791
vn 0.0944 0.4640 0.8808
vn 0.1650 0.5028 0.8485
vn 0.2899 0.4467 0.8464
vn -0.0000 0.3304 0.9439
vn 0.3375 0.3924 0.8556
vn -0.2909 0.4559 0.8411
vn -0.0000 0.3303 0.9439
vn -0.3375 0.3924 0.8556
vn -0.2908 0.4560 0.8411
vn -0.0001 0.5122 0.8589
vn -0.1728 0.5500 0.8171
vn -0.1102 0.5275 0.8424
vn -0.1100 0.7068 0.6989
vn -0.0000 0.8896 0.4567
vn -0.0000 0.7378 0.6750
vn 0.0079 0.7740 0.6332
vn 0.2432 0.1569 -0.9572
vn 0.1414 -0.0000 -0.9900
vn -0.2124 0.3697 -0.9046
vn -0.2277 -0.0000 -0.9737
vn -0.2825 0.2510 -0.9259
vn -0.3453 -0.0941 -0.9338
vn -0.4259 -0.2287 -0.8754
vn -0.5681 -0.4418 -0.6943
vn -0.8948 0.0785 0.4396
vn -0.9665 0.1650 0.1964
vn -0.6604 0.1337 0.7389
vn -0.0000 0.1173 0.9931
vn -0.0000 -0.0314 0.9995
vn -0.2197 0.0707 0.9730
vn -0.2664 -0.0078 0.9638
vn -0.4715 0.0550 0.8802
vn -0.5742 0.0315 0.8181
vn -0.4315 -0.0000 0.9021
vn -0.4622 -0.0548 0.8851
vn -0.6604 0.1336 0.7390
vn -0.4400 0.0629 0.8958
vn -0.4314 -0.0000 0.9021
vn -0.3386 -0.0866 -0.9369
vn -0.3610 -0.1099 -0.9261
vn -0.2755 -0.2755 -0.9210
vn -0.9404 -0.1489 0.3057
vn -0.8837 -0.0474 0.4656
vn -0.9008 -0.0548 0.4308
vn -0.9639 -0.2351 -0.1254
vn -0.8656 -0.3541 -0.3541
vn -0.6127 -0.3535 -0.7069
vn -0.4018 -0.3388 -0.8508
vn -0.2835 -0.3151 -0.9057
vn 0.1022 -0.0943 -0.9903
vn -0.3707 -0.3313 -0.8676
vn -0.3546 -0.3309 -0.8745
vn 0.2665 -0.0078 0.9638
vn 0.2197 0.0706 0.9730
vn 0.4715 0.0550 0.8802
vn -0.8948 0.0785 0.4395
vn -0.9494 0.0078 -0.3139
vn -0.6225 -0.0631 -0.7801
vn -0.3545 -0.3309 -0.8745
vn 0.2664 -0.0078 0.9638
vn -0.0000 -0.0236 0.9997
vn -0.2197 0.0706 0.9730
vn -0.2286 -0.0868 0.9696
vn -0.4623 -0.0470 0.8855
vn -0.4629 -0.1648 0.8709
vn -0.6692 -0.1654 0.7244
vn -0.5197 -0.1418 0.8425
vn -0.7127 -0.0784 0.6970
vn -0.0000 0.0157 -0.9999
vn -0.0000 -0.2202 -0.9754
vn 0.1414 -0.0000 -0.9899
vn 0.1256 -0.2590 -0.9577
vn -0.2277 -0.0001 -0.9737
vn -0.2987 -0.3065 -0.9038
vn -0.3453 -0.0942 -0.9338
vn -0.4018 -0.3387 -0.8508
vn -0.9167 -0.2664 -0.2978
vn -0.8656 -0.3541 -0.3540
vn -0.9639 -0.2351 -0.1253
vn -0.7127 -0.0783 0.6971
vn -0.5197 -0.1417 0.8425
vn -0.4630 -0.1647 0.8709
vn -0.2509 -0.1489 0.9565
vn -0.3131 -0.0704 0.9471
vn -0.0000 -0.1886 0.9821
vn -0.0000 0.0157 0.9999
vn 0.2509 -0.1490 0.9565
vn 0.3131 -0.0704 0.9471
vn 0.4703 -0.1881 0.8622
vn 0.2287 -0.0867 0.9696
vn 0.4623 -0.0470 0.8855
vn -0.0000 -0.2203 -0.9754
vn -0.1415 -0.0000 -0.9899
vn 0.8833 -0.1025 0.4575
vn 0.8838 -0.0473 0.4656
vn 0.9372 -0.1496 0.3151
vn 0.8969 -0.0394 0.4405
vn 0.9639 -0.2351 -0.1253
vn -0.1414 -0.0000 -0.9900
vn -0.1256 -0.2590 -0.9577
vn 0.2277 -0.0001 -0.9737
vn 0.2987 -0.3065 -0.9038
vn 0.3453 -0.0942 -0.9338
vn 0.3546 -0.3309 -0.8745
vn 0.4259 -0.2287 -0.8754
vn 0.4018 -0.3387 -0.8508
vn 0.9167 -0.2664 -0.2977
vn 0.1256 -0.2591 -0.9577
vn -0.0001 -0.3304 -0.9438
vn -0.1256 -0.2591 -0.9577
vn -0.0942 -0.2983 -0.9498
vn 0.2986 -0.3066 -0.9038
vn 0.3707 -0.3313 -0.8676
vn 0.3545 -0.3309 -0.8745
vn 0.2755 -0.2755 -0.9210
vn 0.4018 -0.3388 -0.8508
vn 0.2835 -0.3151 -0.9057
vn -0.2987 -0.3066 -0.9038
vn -0.3707 -0.3313 -0.8677
vn 0.0941 -0.2983 -0.9498
vn -0.0000 -0.0707 -0.9975
vn -0.0000 -0.0236 -0.9997
vn -0.1022 -0.0943 -0.9903
vn 0.0785 -0.0079 -0.9969
vn 0.3386 -0.0866 -0.9370
vn 0.3537 -0.0079 -0.9353
vn 0.3610 -0.1099 -0.9261
vn 0.3373 0.0157 -0.9413
vn 0.6225 -0.0630 -0.7801
vn 0.6759 0.0943 -0.7310
vn 0.9494 0.0079 -0.3139
vn 0.9324 0.0782 -0.3527
vn 0.9665 0.1650 0.1964
vn -0.2986 -0.3065 -0.9038
vn 0.1255 -0.2591 -0.9577
vn 0.0943 -0.2983 -0.9498
vn -0.0000 -0.3303 -0.9439
vn 0.3707 -0.3312 -0.8677
vn 0.3386 -0.0867 -0.9369
vn 0.6126 -0.3535 -0.7069
vn 0.8656 -0.3541 -0.3541
vn 0.9372 -0.1496 0.3150
vn 0.9217 -0.3387 0.1891
vn 0.8474 -0.4393 0.2981
vn 0.9372 -0.1497 0.3150
vn 0.9638 -0.2351 -0.1254
vn 0.6127 -0.3535 -0.7069
vn 0.6225 -0.0631 -0.7801
vn 0.3610 -0.1098 -0.9261
vn 0.2286 -0.0867 0.9697
vn 0.5597 0.0394 0.8278
vn 0.6850 -0.0787 0.7243
vn 0.5035 -0.1573 0.8496
vn -0.0785 -0.0078 -0.9969
vn 0.4778 -0.0470 0.8772
vn -0.0000 -0.0394 0.9992
vn -0.2286 -0.0867 0.9696
vn 0.9494 0.0078 -0.3139
vn 0.8948 0.0785 0.4395
vn 0.4703 -0.1882 0.8622
vn 0.6592 -0.1805 0.7299
vn -0.6693 -0.1654 0.7244
vn -0.9008 -0.0549 0.4308
vn -0.7127 -0.0783 0.6970
vn 0.5597 0.0394 0.8277
vn 0.8948 0.0785 0.4396
vn 0.6604 0.1337 0.7390
vn -0.0000 0.1733 0.9849
vn 0.3681 0.1018 0.9242
vn 0.2425 0.0156 0.9700
vn 0.4629 -0.0000 0.8864
vn 0.4314 -0.0000 0.9021
vn 0.4400 0.0629 0.8958
vn 0.6603 0.1336 0.7390
vn -0.4628 -0.0000 0.8865
vn -0.4621 -0.0548 0.8851
vn -0.2425 0.0156 0.9700
vn -0.2509 -0.1490 0.9565
vn -0.0000 -0.0550 0.9985
vn 0.2509 -0.1489 0.9565
vn -0.0000 -0.0237 0.9997
vn -0.2198 0.0706 0.9730
vn -0.4715 0.0550 0.8801
vn -0.4624 -0.0470 0.8854
vn -0.6989 0.0314 0.7146
vn -0.6693 -0.1653 0.7244
vn -0.8837 -0.0473 0.4656
vn 0.8969 -0.0393 0.4406
vn 0.8837 -0.0473 0.4656
vn 0.6593 -0.1805 0.7299
vn 0.7068 0.0314 0.7068
vn 0.4624 -0.0470 0.8854
vn 0.4715 0.0550 0.8801
vn 0.2198 0.0706 0.9730
vn -0.4629 -0.0000 0.8864
vn -0.3681 0.1018 0.9242
vn -0.0000 0.1734 0.9849
vn 0.6592 -0.1806 0.7299
vn 0.8969 -0.0393 0.4405
vn 0.9639 -0.2350 -0.1254
vn -0.3386 -0.0866 -0.9370
vn -0.3537 -0.0079 -0.9353
vn -0.3373 0.0157 -0.9413
vn -0.6225 -0.0630 -0.7801
vn -0.6759 0.0943 -0.7310
vn -0.9494 0.0079 -0.3139
vn -0.9324 0.0782 -0.3527
vn 0.0548 0.4621 0.8851
vn 0.1096 0.5091 0.8537
vn 0.4086 0.0472 0.9115
vn 0.2124 0.3696 -0.9046
vn -0.1566 0.9787 0.1331
vn 0.2442 -0.3465 0.9057
vn 0.7017 -0.6464 0.2996
vn 0.0631 0.6776 0.7328
vn -0.1099 0.7067 0.6989
vn 0.1730 0.4562 0.8729
vn 0.6693 -0.3386 0.6614
vn 0.8389 -0.3606 0.4077
vn 0.6858 -0.4651 0.5597
vn 0.8474 -0.4394 0.2982
vn 0.9217 -0.3388 0.1891
vn 0.5578 -0.7934 0.2435
vn 0.7057 -0.7057 0.0627
vn 0.1654 0.3071 0.9372
vn 0.0549 0.4621 0.8851
vn -0.0942 0.7458 0.6595
vn -0.1179 0.3931 0.9119
vn 0.1730 0.4561 0.8730
vn 0.1958 0.0548 0.9791
vn 0.4244 -0.0550 0.9038
vn 0.4150 -0.2114 0.8849
vn 0.7017 -0.6465 0.2996
vn 0.4086 0.0471 0.9115
vn 0.2435 -0.9583 0.1493
vn 0.1021 -0.8718 0.4791
vn 0.5577 -0.7935 0.2435
vn -0.0550 0.0315 0.9980
vn 0.1959 -0.1332 0.9715
vn 0.4177 0.0630 0.9064
vn 0.6991 0.0157 0.7149
vn 0.0392 -0.5882 0.8078
vn -0.0787 0.4172 0.9054
vn 0.0315 0.5361 0.8436
vn 0.0629 0.4400 0.8958
vn 0.1255 0.8157 0.5647
vn 0.0235 0.8694 0.4935
vn 0.1494 -0.9826 0.1101
vn 0.5578 -0.7935 0.2435
vn 0.8474 -0.4394 0.2981
vn -0.0942 0.7458 0.6594
vn -0.1574 0.9837 0.0866
vn -0.0000 0.9196 -0.3930
vn 0.0314 0.8940 -0.4470
vn 0.1650 0.5028 -0.8485
vn 0.1331 0.5168 -0.8457
vn 0.2276 -0.0314 -0.9732
vn 0.8833 -0.1025 0.4574
vn 0.6991 0.0157 0.7148
vn 0.1731 0.4561 0.8729
vn 0.1097 0.5091 0.8537
vn -0.0392 0.8077 0.5882
vn 0.2124 0.3697 -0.9046
vn 0.2277 -0.0000 -0.9737
vn 0.2825 0.2510 -0.9259
vn 0.3453 -0.0941 -0.9338
vn 0.2755 0.0394 -0.9605
vn 0.5681 -0.4418 -0.6943
vn -0.0000 0.9195 -0.3930
vn 0.5680 -0.4419 -0.6943
vn 0.2676 -0.8263 -0.4957
vn 0.2436 -0.9583 0.1493
vn -0.0000 0.9997 -0.0236
vn 0.1262 0.8443 -0.5208
vn 0.0866 0.4487 -0.8895
vn 0.0628 -0.1806 -0.9815
vn 0.2675 -0.8262 -0.4958
vn 0.1100 -0.5658 -0.8172
vn 0.1960 -0.9803 0.0235
vn -0.1958 0.0548 0.9791
vn -0.2441 -0.3465 0.9057
vn -0.7016 -0.6465 0.2996
vn -0.8474 -0.4394 0.2982
vn -0.5578 -0.7934 0.2435
vn -0.9217 -0.3388 0.1890
vn -0.1961 -0.9803 0.0235
vn -0.2675 -0.8262 -0.4958
vn -0.2435 -0.9584 0.1493
vn -0.7017 -0.6465 0.2996
vn -0.6859 -0.4651 0.5597
vn -0.4244 -0.0549 0.9038
vn -0.1730 0.4561 0.8729
vn 0.1179 0.3931 0.9119
vn -0.2442 -0.3465 0.9057
vn -0.1654 0.3071 0.9372
vn -0.0549 0.4621 0.8851
vn 0.0942 0.7458 0.6595
vn -0.1960 -0.9803 0.0235
vn -0.1100 -0.5658 -0.8172
vn -0.2676 -0.8262 -0.4958
vn -0.0628 -0.1806 -0.9815
vn -0.2276 -0.0314 -0.9732
vn -0.8474 -0.4394 0.2981
vn -0.8389 -0.3607 0.4077
vn -0.4177 0.0630 0.9064
vn -0.1959 -0.1332 0.9715
vn 0.0550 0.0315 0.9980
vn -0.8469 -0.4399 0.2988
vn -0.5578 -0.7935 0.2435
vn -0.1021 -0.8718 0.4791
vn -0.0392 -0.5882 0.8078
vn -0.1494 -0.9826 0.1101
vn -0.5577 -0.7935 0.2435
vn -0.2436 -0.9583 0.1493
vn -0.2676 -0.8263 -0.4957
vn -0.5680 -0.4419 -0.6943
vn -0.2755 0.0394 -0.9605
vn -0.1650 0.5028 -0.8485
vn -0.1575 0.5514 -0.8192
vn 0.1565 0.9787 0.1331
vn -0.4086 0.0471 0.9115
vn -0.1096 0.5091 0.8537
vn -0.0548 0.4621 0.8851
vn 0.0942 0.7458 0.6594
vn 0.1566 0.9787 0.1331
vn 0.1574 0.9837 0.0866
vn -0.0314 0.8940 -0.4470
vn -0.1331 0.5168 -0.8457
vn -0.2276 -0.0314 -0.9733
vn -0.0866 0.4486 -0.8895
vn -0.0628 -0.1805 -0.9816
vn -0.0236 0.5120 -0.8586
vn -0.0629 -0.0000 -0.9980
vn -0.8341 0.1338 0.5351
vn -0.8808 -0.0943 0.4640
vn -0.8838 -0.0473 0.4655
vn -0.0000 0.4783 0.8782
vn -0.1100 0.7067 0.6989
vn -0.0000 0.1337 -0.9910
vn -0.0000 0.0158 -0.9999
vn 0.2433 0.1569 -0.9572
vn 0.1415 -0.0000 -0.9899
vn -0.5275 0.2992 0.7952
vn -0.4177 0.0631 0.9064
vn -0.0000 -0.0315 0.9995
vn -0.0000 0.0940 0.9956
vn -0.2433 0.1569 -0.9572
vn -0.0000 0.3138 -0.9495
vn 0.8838 -0.0474 0.4655
vn 0.8416 0.1180 0.5270
vn 0.5275 0.2992 0.7952
vn 0.4177 0.0631 0.9064
vn -0.2664 -0.0079 0.9638
vn -0.1958 -0.1332 0.9715
vn 0.0550 0.0314 0.9980
vn 0.1180 0.3931 0.9119
vn 0.1100 0.7067 0.6989
vn -0.1180 0.3931 0.9119
vn -0.0550 0.0314 0.9980
vn 0.1958 -0.1332 0.9715
vn 0.2664 -0.0079 0.9638
vn -0.2435 -0.9583 0.1493
vn -0.1263 0.8443 -0.5208
vn -0.0866 0.4487 -0.8895
vn -0.1100 -0.5657 -0.8172
vn -0.1021 -0.8718 0.4790
vn -0.0235 0.8694 0.4935
vn -0.1255 0.8157 0.5647
vn -0.0629 0.4401 0.8958
vn -0.0315 0.5361 0.8435
vn -0.1331 0.5169 -0.8457
vn -0.1262 0.8443 -0.5208
vn -0.0312 0.8939 -0.4472
vn -0.0628 0.4400 0.8958
vn -0.0315 0.5361 0.8436
vn 0.0787 0.4172 0.9054
vn -0.2674 -0.9597 0.0866
vn -0.1493 -0.9826 0.1100
vn -0.2674 -0.9597 0.0865
vn -0.2435 -0.9583 0.1492
vn -0.0316 0.5361 0.8435
vn -0.0551 0.8576 0.5114
vn -0.1096 0.9939 -0.0078
vn -0.1104 0.6151 -0.7807
vn -0.0236 0.5121 -0.8586
vn -0.1018 0.8769 -0.4697
vn -0.1102 0.8658 -0.4880
vn -0.1337 0.9910 -0.0000
vn -0.0235 0.8695 0.4934
vn 0.1021 -0.8718 0.4790
vn 0.2435 -0.9584 0.1493
vn 0.1493 -0.9826 0.1101
vn 0.0236 0.5120 -0.8586
vn 0.0628 -0.1806 -0.9816
vn 0.0629 -0.0001 -0.9980
vn 0.1100 -0.5657 -0.8172
vn 0.1961 -0.9803 0.0235
vn 0.1018 0.8769 -0.4697
vn 0.1102 0.8659 -0.4880
vn 0.1096 0.9939 -0.0078
vn 0.0236 0.5121 -0.8586
vn 0.1263 0.8443 -0.5208
vn 0.1337 0.9910 -0.0000
vn 0.0235 0.8695 0.4934
vn 0.1104 0.6151 -0.7807
vn 0.0629 -0.0000 -0.9980
vn 0.2435 -0.9583 0.1492
vn 0.2674 -0.9597 0.0865
vn 0.1493 -0.9826 0.1100
vn 0.2675 -0.9597 0.0866
vn 0.0551 0.8576 0.5114
vn 0.0316 0.5361 0.8435
vn 0.9425 -0.3064 -0.1335
vn -0.0000 -0.2037 -0.9790
vn -0.8023 -0.1887 -0.5663
vn -0.5413 -0.4315 -0.7217
vn -0.0000 -0.4567 -0.8896
vn 0.5413 -0.4315 -0.7217
vn -0.0000 -0.9096 0.4155
vn 0.7954 -0.2520 0.5512
vn 0.8887 -0.4561 -0.0472
vn 0.9425 -0.3063 -0.1336
vn 0.8319 -0.4002 -0.3845
vn 0.5413 -0.4314 -0.7217
vn -0.8418 -0.3933 -0.3697
vn -0.9483 -0.2978 -0.1098
vn -0.8912 -0.4534 -0.0156
vn -0.7935 -0.2436 0.5577
vt 0.716614 0.512482
vt 0.863647 0.387299
vt 0.863647 0.478455
vt 0.821442 0.557068
vt 0.041901 0.535156
vt 0.218201 0.507904
vt 0.243591 0.601837
vt 0.152344 0.246094
vt 0.152344 0.316406
vt 0.113586 0.354614
vt 0.160156 0.397125
vt 0.097992 0.440338
vt 0.335541 0.440094
vt 0.242340 0.483643
vt 0.464996 0.464996
vt 0.355469 0.535156
vt 0.374725 0.584106
vt 0.284332 0.653229
vt 0.322632 0.665009
vt 0.251129 0.699219
vt 0.292999 0.702454
vt 0.282104 0.736969
vt 0.367310 0.707031
vt 0.386719 0.738281
vt 0.416565 0.628906
vt 0.454834 0.755157
vt 0.449219 0.613281
vt 0.478119 0.674469
vt 0.473694 0.589844
vt 0.490051 0.589844
vt 0.932526 0.074219
vt 0.932526 0.042969
vt 0.988586 0.042969
vt 0.932526 0.011322
vt 0.988586 0.011322
vt 0.988586 0.074219
vt 0.932526 0.105469
vt 0.988586 0.105469
vt 0.932526 0.496094
vt 0.988586 0.480469
vt 0.394531 0.355469
vt 0.281891 0.364563
vt 0.181641 0.354156
vt 0.537659 0.519531
vt 0.537659 0.433594
vt 0.611328 0.496094
vt 0.614563 0.404938
vt 0.737915 0.393463
vt 0.041901 0.503906
vt 0.071106 0.386719
vt 0.766174 0.355469
vt 0.863495 0.348236
vt 0.628906 0.553192
vt 0.537659 0.589844
vt 0.011169 0.433594
vt 0.011169 0.503906
vt 0.464844 0.464844
vt 0.011169 0.402344
vt 0.052063 0.308594
vt 0.109192 0.230469
vt 0.011169 0.316406
vt 0.863495 0.301361
vt 0.766174 0.308594
vt 0.882141 0.771484
vt 0.987946 0.771362
vt 0.882141 0.652344
vt 0.987946 0.653442
vt 0.882141 0.575500
vt 0.987946 0.575562
vt 0.882812 0.828125
vt 0.987946 0.776367
vt 0.882812 0.776031
vt 0.987946 0.837036
vt 0.882812 0.987915
vt 0.987946 0.987793
vt 0.011169 0.535156
vt 0.816528 0.639557
vt 0.715271 0.635651
vt 0.639130 0.647369
vt 0.552246 0.668671
vt 0.390808 0.932434
vt 0.402344 0.988220
vt 0.300598 0.988220
vt 0.011169 0.716980
vt 0.071411 0.718597
vt 0.085938 0.762146
vt 0.121033 0.722656
vt 0.159302 0.730469
vt 0.235596 0.918549
vt 0.205109 0.988220
vt 0.163666 0.937561
vt 0.252991 0.988220
vt 0.754974 0.923309
vt 0.707031 0.925781
vt 0.683228 0.834106
vt 0.383667 0.796875
vt 0.393219 0.873077
vt 0.456451 0.869629
vt 0.507507 0.752686
vt 0.553284 0.854248
vt 0.583740 0.728058
vt 0.631042 0.835846
vt 0.823303 0.925781
vt 0.737488 0.837921
vt 0.671356 0.722290
vt 0.454651 0.917969
vt 0.566406 0.917969
vt 0.011169 0.785736
vt 0.080872 0.803772
vt 0.183594 0.818542
vt 0.189301 0.850861
vt 0.235779 0.864624
vt 0.197327 0.869720
vt 0.288879 0.898560
vt 0.863495 0.645111
vt 0.863495 0.718719
vt 0.815399 0.717529
vt 0.720825 0.722870
vt 0.085052 0.907043
vt 0.074280 0.873627
vt 0.011169 0.908600
vt 0.011169 0.876129
vt 0.863495 0.841309
vt 0.819214 0.841858
vt 0.863495 0.926361
vt 0.863495 0.988831
vt 0.813782 0.988220
vt 0.756653 0.988220
vt 0.690002 0.988220
vt 0.566223 0.988220
vt 0.454651 0.988220
vt 0.011169 0.813995
vt 0.011169 0.988220
vt 0.082642 0.988220
vt 0.095795 0.940430
vt 0.157227 0.988220
vt 0.011169 0.941040
vt 0.856873 0.253540
vt 0.766998 0.217865
vt 0.868835 0.222015
vt 0.824951 0.104889
vt 0.898071 0.116058
vt 0.864075 0.011078
vt 0.898071 0.011078
vt 0.589966 0.076477
vt 0.604309 0.019531
vt 0.645447 0.046661
vt 0.471008 0.066406
vt 0.471008 0.011719
vt 0.518616 0.066406
vt 0.680695 0.189667
vt 0.709045 0.066406
vt 0.118713 0.011719
vt 0.175842 0.042969
vt 0.090149 0.082031
vt 0.223450 0.066406
vt 0.613708 0.151917
vt 0.518616 0.121094
vt 0.042969 0.621094
vt 0.203888 0.660767
vt 0.397522 0.589844
vt 0.744141 0.191406
vt 0.718567 0.191406
vt 0.744141 0.121094
vt 0.058319 0.688660
vt 0.163574 0.701050
vt 0.188782 0.746735
vt 0.684052 0.347656
vt 0.637390 0.347656
vt 0.637115 0.248993
vt 0.591919 0.188049
vt 0.518616 0.255005
vt 0.518616 0.169159
vt 0.709045 0.347656
vt 0.744141 0.019531
vt 0.471008 0.121094
vt 0.423401 0.066406
vt 0.423401 0.121094
vt 0.375793 0.058594
vt 0.375793 0.121094
vt 0.299622 0.089844
vt 0.423401 0.011719
vt 0.375793 0.011719
vt 0.309143 0.011719
vt 0.261536 0.042969
vt 0.242493 0.144531
vt 0.185364 0.144531
vt 0.471008 0.182037
vt 0.423401 0.157135
vt 0.375793 0.159729
vt 0.299622 0.199219
vt 0.252014 0.347656
vt 0.213928 0.347656
vt 0.375793 0.242126
vt 0.318665 0.347656
vt 0.284698 0.796722
vt 0.011169 0.613281
vt 0.863495 0.559174
vt 0.205719 0.796722
vt 0.011169 0.684540
vt 0.185364 0.347656
vt 0.744141 0.347656
vt 0.518616 0.347656
vt 0.471008 0.347656
vt 0.375793 0.347656
vt 0.423401 0.347656
vt 0.423401 0.235260
vt 0.471008 0.257599
vt 0.766174 0.261719
vt 0.863495 0.262299
vt 0.011169 0.292969
vt 0.042542 0.285156
vt 0.109192 0.191406
vt 0.152344 0.191406
s 1
usemtl m_body033
f 607/224/486 608/225/487 609/226/488
f 609/226/488 608/225/487 610/224/489
f 609/226/488 610/224/489 611/227/490
f 612/228/491 613/229/492 614/230/493
f 615/231/494 616/232/495 617/233/496
f 617/233/496 616/232/495 618/234/497
f 617/233/496 618/234/497 619/235/498
f 619/235/498 618/234/497 620/236/499
f 619/235/498 620/236/499 621/237/500
f 621/237/500 620/236/499 622/238/501
f 621/237/500 622/238/501 623/229/502
f 623/229/502 622/238/501 624/239/503
f 623/229/502 624/239/503 625/230/504
f 625/230/504 624/239/503 626/240/505
f 625/230/504 626/240/505 627/241/506
f 627/241/506 626/240/505 628/242/507
f 627/241/506 628/242/507 629/243/508
f 629/243/508 628/242/507 630/244/509
f 629/243/508 630/244/509 631/245/510
f 631/245/510 630/244/509 632/246/511
f 631/245/510 632/246/511 633/247/512
f 633/247/512 632/246/511 634/248/513
f 633/247/512 634/248/513 635/249/514
f 635/249/514 634/248/513 636/250/515
f 635/249/514 636/250/515 637/251/516
f 637/251/516 636/250/515 638/252/517
f 637/251/516 638/252/517 639/253/518
f 640/254/519 641/255/520 642/256/521
f 642/256/521 641/255/520 643/257/522
f 642/256/521 643/257/522 644/258/522
f 644/258/522 643/257/522 645/255/523
f 644/258/522 645/255/523 646/256/523
f 646/256/523 645/255/523 647/254/524
f 646/256/523 647/254/524 648/259/524
f 648/259/524 647/254/524 649/260/525
f 648/259/524 649/260/525 650/261/525
f 650/261/525 649/260/525 651/262/526
f 650/261/525 651/262/526 652/263/527
f 653/264/528 654/236/529 655/265/530
f 655/265/530 654/236/529 656/234/497
f 655/265/530 656/234/497 657/266/531
f 657/266/531 656/234/497 658/232/495
f 659/267/532 660/268/533 661/269/534
f 661/269/534 660/268/533 662/270/535
f 661/269/534 662/270/535 663/271/536
f 664/229/502 665/228/537 666/237/500
f 666/237/500 665/228/537 667/272/538
f 666/237/500 667/272/538 668/235/498
f 668/235/498 667/272/538 669/273/539
f 668/235/498 669/273/539 670/233/540
f 671/274/541 672/271/542 673/275/543
f 673/275/543 672/271/542 674/225/487
f 673/275/543 674/225/487 675/271/531
f 675/271/531 674/225/487 676/224/544
f 675/271/531 676/224/544 677/269/545
f 677/269/545 676/224/544 678/276/546
f 677/269/545 678/276/546 679/267/547
f 679/267/547 678/276/546 680/277/548
f 681/273/539 682/272/549 683/278/550
f 683/278/550 682/272/549 684/279/551
f 683/278/550 684/279/551 685/272/552
f 685/272/552 684/279/551 686/228/553
f 685/272/552 686/228/553 687/237/554
f 687/237/554 686/228/553 688/229/555
f 687/237/554 688/229/555 689/280/556
f 690/280/556 691/236/557 692/237/554
f 692/237/554 691/236/557 693/235/558
f 692/237/554 693/235/558 694/272/559
f 694/272/559 693/235/558 695/273/560
f 694/272/559 695/273/560 696/278/550
f 696/278/550 695/273/560 697/281/561
f 696/278/550 697/281/561 698/273/539
f 698/273/539 697/281/561 699/282/562
f 698/273/539 699/282/562 700/233/540
f 700/233/540 699/282/562 701/283/563
f 700/233/540 701/283/563 702/231/494
f 703/271/564 704/270/565 705/269/566
f 705/269/566 704/270/565 706/268/567
f 705/269/566 706/268/567 707/267/568
f 708/256/569 709/259/570 710/254/571
f 710/254/571 709/259/570 711/261/572
f 710/254/571 711/261/572 712/260/573
f 712/260/573 711/261/572 713/263/574
f 712/260/573 713/263/574 714/262/575
f 715/225/487 716/271/576 717/224/577
f 717/224/577 716/271/576 718/269/578
f 717/224/577 718/269/578 719/276/579
f 719/276/579 718/269/578 707/267/580
f 719/276/579 707/267/580 720/277/581
f 721/264/567 722/265/582 723/236/583
f 723/236/583 722/265/582 724/234/584
f 723/236/583 724/234/584 725/235/585
f 725/235/585 724/234/584 726/233/586
f 725/235/585 726/233/586 727/273/587
f 727/273/587 726/233/586 728/282/588
f 727/273/587 728/282/588 729/281/589
f 729/281/589 728/282/588 730/284/590
f 729/281/589 730/284/590 731/282/591
f 732/265/592 733/266/576 734/234/593
f 734/234/593 733/266/576 735/232/594
f 734/234/593 735/232/594 736/233/595
f 736/233/595 735/232/594 737/231/596
f 736/233/595 737/231/596 738/283/597
f 739/271/531 740/274/598 741/275/543
f 741/275/543 740/274/598 742/285/599
f 741/275/543 742/285/599 743/274/541
f 743/274/541 742/285/599 744/286/596
f 745/287/600 746/288/601 747/289/550
f 747/289/550 746/288/601 748/290/602
f 747/289/550 748/290/602 749/291/603
f 749/291/603 748/290/602 750/292/604
f 751/293/605 752/294/606 753/295/607
f 754/294/603 755/293/608 756/296/609
f 756/296/609 755/293/608 757/297/610
f 756/296/609 757/297/610 758/298/611
f 759/228/612 760/279/613 761/299/614
f 761/299/614 760/279/613 762/272/615
f 761/299/614 762/272/615 763/228/491
f 764/226/488 765/227/616 766/224/486
f 767/227/616 768/300/617 769/224/618
f 769/224/618 768/300/617 770/301/619
f 769/224/618 770/301/619 771/276/620
f 771/276/620 770/301/619 772/302/621
f 771/276/620 772/302/621 773/277/548
f 773/277/548 772/302/621 774/303/622
f 773/277/548 774/303/622 775/253/623
f 775/253/623 774/303/622 776/251/516
f 777/304/624 778/305/625 779/306/626
f 780/307/627 781/308/628 782/309/629
f 782/309/629 781/308/628 783/310/630
f 782/309/629 783/310/630 784/311/631
f 785/312/632 786/313/633 787/314/634
f 788/304/624 779/306/635 789/312/632
f 789/312/632 779/306/635 790/315/636
f 789/312/632 790/315/636 791/313/637
f 792/316/638 793/317/639 794/318/640
f 795/247/512 796/249/641 797/319/642
f 797/319/642 796/249/641 798/320/643
f 799/321/644 800/322/645 801/323/646
f 801/323/646 800/322/645 802/324/647
f 801/323/646 802/324/647 803/325/648
f 804/326/649 805/316/638 806/327/650
f 806/327/650 805/316/638 807/318/640
f 806/327/650 807/318/640 808/328/651
f 809/310/652 810/309/653 811/311/654
f 812/305/625 813/304/655 814/329/656
f 814/329/656 813/304/655 815/321/644
f 814/329/656 815/321/644 816/330/657
f 816/330/657 815/321/644 801/323/646
f 816/330/657 801/323/646 817/317/639
f 817/317/639 801/323/646 803/325/648
f 817/317/639 803/325/648 818/318/640
f 818/318/640 803/325/648 802/324/647
f 818/318/640 802/324/647 808/328/658
f 819/310/659 820/308/628 821/309/653
f 821/309/653 820/308/628 822/307/627
f 821/309/653 822/307/627 823/331/660
f 823/331/660 822/307/627 824/309/661
f 823/331/660 824/309/661 825/332/662
f 825/332/662 824/309/661 826/333/663
f 825/332/662 826/333/663 827/334/664
f 827/334/664 826/333/663 828/335/665
f 827/334/664 828/335/665 829/336/666
f 829/336/666 828/335/665 830/337/667
f 831/338/668 832/339/669 833/300/670
f 833/300/670 832/339/669 834/340/671
f 833/300/670 834/340/671 835/301/672
f 835/301/672 834/340/671 836/341/673
f 835/301/672 836/341/673 837/302/674
f 837/302/674 836/341/673 838/328/651
f 837/302/674 838/328/651 839/303/622
f 839/303/622 838/328/651 840/324/675
f 839/303/622 840/324/675 841/251/676
f 841/251/676 840/324/675 842/322/677
f 841/251/676 842/322/677 843/249/514
f 843/249/514 842/322/677 844/321/678
f 843/249/514 844/321/678 845/320/643
f 845/320/643 844/321/678 846/304/624
f 845/320/643 846/304/624 847/337/679
f 847/337/679 846/304/624 848/312/632
f 847/337/679 848/312/632 849/336/680
f 849/336/680 848/312/632 850/314/634
f 849/336/680 850/314/634 851/334/681
f 851/334/681 850/314/634 852/342/682
f 851/334/681 852/342/682 853/343/683
f 853/343/683 852/342/682 854/344/684
f 853/343/683 854/344/684 855/345/685
f 855/345/685 854/344/684 856/342/686
f 855/345/685 856/342/686 857/343/687
f 857/343/687 856/342/686 858/334/688
f 857/343/687 858/334/688 859/332/689
f 859/332/689 858/334/688 860/333/690
f 859/332/689 860/333/690 861/309/653
f 862/339/691 863/338/668 864/300/692
f 865/247/693 866/319/694 867/249/695
f 867/249/695 866/319/694 868/320/696
f 867/249/695 868/320/696 869/321/697
f 870/339/691 864/300/698 871/340/699
f 871/340/699 864/300/698 872/301/700
f 871/340/699 872/301/700 873/341/701
f 873/341/701 872/301/700 874/302/702
f 873/341/701 874/302/702 875/328/703
f 875/328/703 874/302/702 876/303/704
f 875/328/703 876/303/704 877/324/705
f 877/324/705 876/303/704 878/251/706
f 879/340/707 880/339/691 881/346/708
f 881/346/708 880/339/691 882/340/709
f 881/346/708 882/340/709 883/347/710
f 883/347/710 882/340/709 884/341/711
f 883/347/710 884/341/711 885/327/712
f 885/327/712 884/341/711 886/328/713
f 885/327/712 886/328/713 887/318/714
f 887/318/714 886/328/713 888/324/715
f 887/318/714 888/324/715 889/325/716
f 890/328/651 891/341/717 892/327/718
f 892/327/718 891/341/717 893/347/719
f 892/327/718 893/347/719 894/326/649
f 894/326/649 893/347/719 895/348/720
f 894/326/649 895/348/720 896/349/721
f 896/349/721 895/348/720 897/326/722
f 896/349/721 897/326/722 898/350/723
f 898/350/723 897/326/722 899/316/724
f 898/350/723 899/316/724 900/351/725
f 900/351/725 899/316/724 901/317/726
f 900/351/725 901/317/726 902/352/727
f 902/352/727 901/317/726 903/330/728
f 902/352/727 903/330/728 904/353/729
f 904/353/729 903/330/728 905/329/730
f 904/353/729 905/329/730 906/354/731
f 906/354/731 905/329/730 907/305/732
f 908/341/733 909/340/734 910/347/735
f 910/347/735 909/340/734 911/346/736
f 910/347/735 911/346/736 912/348/720
f 912/348/720 911/346/736 913/347/710
f 912/348/720 913/347/710 914/326/722
f 914/326/722 913/347/710 915/327/737
f 914/326/722 915/327/737 916/316/738
f 916/316/738 915/327/737 887/318/714
f 916/316/738 887/318/714 917/317/726
f 917/317/726 887/318/714 889/325/716
f 917/317/726 889/325/716 918/323/739
f 918/323/739 889/325/716 888/324/715
f 918/323/739 888/324/715 919/322/740
f 919/322/740 888/324/715 920/251/706
f 919/322/740 920/251/706 921/249/741
f 921/249/741 920/251/706 922/250/742
f 921/249/741 922/250/742 923/248/743
f 924/321/697 925/322/740 926/249/744
f 927/322/740 928/321/745 929/323/746
f 929/323/746 928/321/745 930/330/747
f 929/323/746 930/330/747 931/317/748
f 932/332/749 933/345/685 934/343/687
f 935/312/750 936/337/751 937/336/752
f 938/350/753 939/326/649 940/349/721
f 935/312/750 937/336/752 941/314/754
f 933/345/685 932/332/749 942/355/755
f 943/332/756 944/334/664 945/343/683
f 946/329/757 947/304/758 948/305/732
f 949/333/690 950/334/759 951/335/760
f 952/335/761 953/320/762 954/337/763
f 955/337/751 956/312/764 957/304/765
f 957/304/765 956/312/764 958/306/766
f 957/304/765 958/306/766 948/305/732
f 959/356/767 960/357/768 961/358/769
f 961/358/769 960/357/768 962/359/770
f 961/358/769 962/359/770 963/314/754
f 963/314/754 962/359/770 964/313/771
f 963/314/754 964/313/771 935/312/750
f 935/312/750 964/313/771 965/315/772
f 935/312/750 965/315/772 966/306/773
f 967/313/633 968/359/774 969/314/775
f 969/314/775 968/359/774 970/358/776
f 969/314/775 970/358/776 971/342/777
f 971/342/777 970/358/776 972/360/778
f 971/342/777 972/360/778 973/344/684
f 973/344/684 972/360/778 974/342/779
f 945/343/683 933/345/685 943/332/756
f 943/332/756 933/345/685 942/355/755
f 943/332/756 942/355/755 975/331/780
f 975/331/780 942/355/755 932/332/749
f 975/331/780 932/332/749 976/309/653
f 977/361/781 978/362/782 979/363/783
f 979/363/783 978/362/782 980/364/784
f 979/363/783 980/364/784 981/365/785
f 981/365/785 980/364/784 982/366/786
f 981/365/785 982/366/786 983/367/643
f 984/367/787 985/366/788 986/365/789
f 986/365/789 985/366/788 987/364/790
f 986/365/789 987/364/790 988/363/791
f 988/363/791 987/364/790 989/362/792
f 988/363/791 989/362/792 990/361/793
f 991/359/794 992/357/795 970/358/776
f 970/358/776 992/357/795 993/356/796
f 970/358/776 993/356/796 972/360/778
f 972/360/778 993/356/796 994/358/769
f 972/360/778 994/358/769 974/342/779
f 974/342/779 994/358/769 941/314/754
f 974/342/779 941/314/754 995/334/688
f 995/334/688 941/314/754 937/336/752
f 995/334/688 937/336/752 996/335/797
f 996/335/797 937/336/752 936/337/751
f 996/335/797 936/337/751 997/320/798
f 997/320/798 936/337/751 947/304/758
f 997/320/798 947/304/758 998/321/799
f 998/321/799 947/304/758 946/329/757
f 998/321/799 946/329/757 999/330/747
f 1000/326/649 1001/350/753 1002/316/800
f 1002/316/800 1001/350/753 1003/351/801
f 1002/316/800 1003/351/801 1004/317/639
f 1004/317/639 1003/351/801 1005/352/802
f 1004/317/639 1005/352/802 1006/330/803
f 1006/330/803 1005/352/802 1007/353/804
f 1006/330/803 1007/353/804 1008/329/805
f 1008/329/805 1007/353/804 1009/354/806
f 1008/329/805 1009/354/806 1010/305/625
f 1011/368/807 1012/369/808 1013/370/809
f 1014/224/810 1015/300/698 1016/227/490
f 1017/371/811 1018/372/583 1019/373/556
f 1020/374/812 1013/370/809 1021/375/813
f 1022/229/814 1023/228/815 1024/230/816
f 1025/244/817 1026/246/818 1027/242/819
f 1028/376/820 1029/377/821 1030/378/822
f 1030/378/822 1029/377/821 1031/379/823
f 1032/370/809 1033/380/824 1034/368/825
f 1034/368/825 1033/380/824 1035/381/826
f 1036/228/815 1037/382/827 1038/230/828
f 1038/230/828 1037/382/827 1039/383/829
f 1038/230/828 1039/383/829 1040/241/830
f 1040/241/830 1039/383/829 1041/243/831
f 1026/246/818 1042/248/820 1027/242/819
f 1027/242/819 1042/248/820 1043/384/832
f 1027/242/819 1043/384/832 1044/240/833
f 1045/385/834 1046/386/835 1047/387/836
f 1048/382/827 1049/388/837 1039/383/829
f 1039/383/829 1049/388/837 1050/389/838
f 1039/383/829 1050/389/838 1051/243/831
f 1051/243/831 1050/389/838 1052/390/839
f 1051/243/831 1052/390/839 1053/245/840
f 1054/391/841 1055/392/842 1056/374/812
f 1056/374/812 1055/392/842 1057/393/843
f 1056/374/812 1057/393/843 1058/394/844
f 1058/394/844 1057/393/843 1059/395/845
f 1058/394/844 1059/395/845 1060/396/846
f 1061/397/847 1062/391/841 1063/386/835
f 1063/386/835 1062/391/841 1064/374/812
f 1063/386/835 1064/374/812 1047/387/848
f 1047/387/848 1064/374/812 1065/375/832
f 1047/387/848 1065/375/832 1066/398/849
f 1067/369/808 1034/368/807 1068/373/556
f 1068/373/556 1034/368/807 1069/381/850
f 1068/373/556 1069/381/850 1070/371/811
f 1070/371/811 1069/381/850 1071/399/851
f 1070/371/811 1071/399/851 1072/400/852
f 1072/400/852 1071/399/851 1073/401/853
f 1072/400/852 1073/401/853 1074/402/854
f 1074/402/854 1073/401/853 1075/403/855
f 1074/402/854 1075/403/855 1076/404/856
f 1077/249/695 1042/248/820 1078/247/857
f 1078/247/857 1042/248/820 1026/246/818
f 1078/247/857 1026/246/818 1079/245/858
f 1079/245/858 1026/246/818 1025/244/817
f 1079/245/858 1025/244/817 1041/243/831
f 1041/243/831 1025/244/817 1027/242/819
f 1041/243/831 1027/242/819 1040/241/830
f 1040/241/830 1027/242/819 1044/240/833
f 1040/241/830 1044/240/833 1024/230/859
f 1024/230/859 1044/240/833 1080/239/860
f 1024/230/859 1080/239/860 1081/229/814
f 1081/229/814 1080/239/860 1082/238/861
f 1083/300/698 1084/224/862 1085/301/863
f 1085/301/863 1084/224/862 1086/276/864
f 1085/301/863 1086/276/864 1087/302/865
f 1087/302/865 1086/276/864 1088/277/866
f 1087/302/865 1088/277/866 1089/303/704
f 1089/303/704 1088/277/866 1090/253/867
f 1089/303/704 1090/253/867 1091/251/706
f 1091/251/706 1090/253/867 1092/252/823
f 1091/251/706 1092/252/823 1093/250/821
f 1094/372/583 1095/371/811 1096/405/567
f 1096/405/567 1095/371/811 1097/400/868
f 1096/405/567 1097/400/868 1098/406/568
f 1098/406/568 1097/400/868 1099/402/854
f 1098/406/568 1099/402/854 1100/407/866
f 1100/407/866 1099/402/854 1101/404/856
f 1100/407/866 1101/404/856 1102/408/869
f 1102/408/869 1101/404/856 1103/409/870
f 1102/408/869 1103/409/870 1104/379/823
f 1104/379/823 1103/409/870 1105/410/871
f 1104/379/823 1105/410/871 1106/378/836
f 1032/370/809 1107/374/812 1033/380/824
f 1033/380/824 1107/374/812 1108/394/844
f 1033/380/824 1108/394/844 1035/381/826
f 1035/381/826 1108/394/844 1109/396/846
f 1035/381/826 1109/396/846 1110/399/851
f 1110/399/851 1109/396/846 1111/411/872
f 1110/399/851 1111/411/872 1112/401/853
f 1112/401/853 1111/411/872 1113/412/873
f 1112/401/853 1113/412/873 1075/403/855
f 1075/403/855 1113/412/873 1114/413/874
f 1075/403/855 1114/413/874 1076/404/856
f 1076/404/856 1114/413/874 1115/414/875
f 1076/404/856 1115/414/875 1116/409/876
f 1116/409/876 1115/414/875 1117/415/877
f 1116/409/876 1117/415/877 1118/416/878
f 1119/383/879 1120/241/506 1121/243/508
f 1122/370/505 1123/374/880 1124/375/881
f 1125/376/882 1126/378/883 1127/377/884
f 1127/377/884 1126/378/883 1128/379/517
f 1129/416/885 1130/409/886 1131/410/887
f 1132/240/505 1133/384/888 1134/242/889
f 1120/241/890 1135/383/879 1136/230/891
f 1136/230/891 1135/383/879 1137/382/892
f 1136/230/891 1137/382/892 1138/228/491
f 1139/374/893 1140/370/505 1141/380/894
f 1141/380/894 1140/370/505 1142/368/895
f 1141/380/894 1142/368/895 1143/381/896
f 1144/416/897 1145/415/898 1146/409/899
f 1146/409/899 1145/415/898 1147/414/900
f 1146/409/899 1147/414/900 1148/404/901
f 1133/384/888 1149/248/902 1134/242/889
f 1134/242/889 1149/248/902 1150/246/903
f 1134/242/889 1150/246/903 1151/244/509
f 1152/245/510 1153/390/904 1121/243/508
f 1121/243/508 1153/390/904 1154/389/905
f 1121/243/508 1154/389/905 1119/383/879
f 1119/383/879 1154/389/905 1155/388/906
f 1119/383/879 1155/388/906 1156/382/892
f 1157/398/907 1124/375/881 1158/387/908
f 1158/387/908 1124/375/881 1123/374/880
f 1158/387/908 1123/374/880 1159/386/909
f 1159/386/909 1123/374/880 1160/391/910
f 1159/386/909 1160/391/910 1161/397/911
f 1162/378/912 1163/410/913 1164/379/517
f 1164/379/517 1163/410/913 1165/409/914
f 1164/379/517 1165/409/914 1166/408/915
f 1166/408/915 1165/409/914 1167/404/901
f 1166/408/915 1167/404/901 1168/407/916
f 1168/407/916 1167/404/901 1169/402/917
f 1168/407/916 1169/402/917 1170/406/918
f 1170/406/918 1169/402/917 1171/400/868
f 1170/406/918 1171/400/868 1172/405/533
f 1172/405/533 1171/400/868 1173/371/919
f 1172/405/533 1173/371/919 1174/372/529
f 1174/372/529 1173/371/919 1175/373/501
f 1122/370/920 1176/369/921 1177/368/922
f 1177/368/922 1176/369/921 1178/373/501
f 1177/368/922 1178/373/501 1179/381/923
f 1179/381/923 1178/373/501 1180/371/924
f 1179/381/923 1180/371/924 1181/399/925
f 1181/399/925 1180/371/924 1182/400/868
f 1181/399/925 1182/400/868 1183/401/926
f 1183/401/926 1182/400/868 1184/402/917
f 1183/401/926 1184/402/917 1185/403/927
f 1185/403/927 1184/402/917 1186/404/928
f 1185/403/927 1186/404/928 1187/413/929
f 1187/413/929 1186/404/928 1188/414/930
f 1187/413/929 1188/414/930 1189/417/931
f 1189/417/931 1188/414/930 1190/418/932
f 1191/419/933 1192/247/934 1193/319/935
f 1194/420/936 1195/228/937 1196/299/614
f 1197/421/938 1198/338/939 1199/227/940
f 1199/227/940 1198/338/939 1200/300/941
f 1192/247/934 1191/419/933 1201/245/510
f 1201/245/510 1191/419/933 1202/422/942
f 1201/245/510 1202/422/942 1203/390/943
f 1204/308/944 1205/307/627 1206/423/945
f 1206/423/945 1205/307/627 1207/308/944
f 1208/300/692 1198/338/939 1209/227/946
f 1209/227/946 1198/338/939 1197/421/938
f 1209/227/946 1197/421/938 1210/226/947
f 1210/226/947 1197/421/938 1199/227/940
f 1211/319/948 1212/247/857 1213/419/949
f 1213/419/949 1212/247/857 1214/245/858
f 1213/419/949 1214/245/858 1215/422/950
f 1215/422/950 1214/245/858 1216/390/951
f 1217/311/782 1218/310/952 1219/389/953
f 1219/389/953 1218/310/952 1204/308/944
f 1219/389/953 1204/308/944 1220/388/954
f 1220/388/954 1204/308/944 1206/423/945
f 1220/388/954 1206/423/945 1221/382/955
f 1221/382/955 1206/423/945 1194/420/936
f 1221/382/955 1194/420/936 1222/228/956
f 1222/228/956 1194/420/936 1196/299/614
f 1195/228/937 1194/420/936 1223/382/957
f 1223/382/957 1194/420/936 1206/423/945
f 1223/382/957 1206/423/945 1224/388/958
f 1224/388/958 1206/423/945 1207/308/944
f 1224/388/958 1207/308/944 1225/389/959
f 1225/389/959 1207/308/944 1226/310/960
f 1225/389/959 1226/310/960 1227/311/654
f 1228/386/909 1229/385/961 1230/387/912
f 1231/412/962 1232/403/927 1233/413/963
f 1234/414/900 1235/415/964 1236/418/932
f 1237/385/887 1238/386/965 1239/397/911
f 1240/396/966 1241/395/967 1242/394/968
f 1242/394/968 1241/395/967 1243/393/969
f 1244/403/970 1245/412/971 1246/401/972
f 1246/401/972 1245/412/971 1247/411/872
f 1246/401/972 1247/411/872 1248/399/925
f 1248/399/925 1247/411/872 1249/396/966
f 1248/399/925 1249/396/966 1250/381/923
f 1250/381/923 1249/396/966 1251/394/973
f 1250/381/923 1251/394/973 1252/380/894
f 1252/380/894 1251/394/973 1253/393/974
f 1252/380/894 1253/393/974 1254/374/893
f 1254/374/893 1253/393/974 1255/392/975
f 1254/374/893 1255/392/975 1256/391/910
f 1257/410/961 1258/424/976 1259/416/885
f 1260/397/977 1261/425/978 1262/385/979
f 1263/392/975 1264/393/980 1265/426/981
f 1265/426/981 1264/393/980 1266/395/967
f 1265/426/981 1266/395/967 1267/427/982
f 1268/418/932 1269/428/983 1270/417/984
f 1270/417/984 1269/428/983 1271/429/985
f 1270/417/984 1271/429/985 1272/430/986
f 1272/430/986 1271/429/985 1267/427/982
f 1272/430/986 1267/427/982 1273/431/987
f 1273/431/987 1267/427/982 1266/395/967
f 1273/431/987 1266/395/967 1274/396/988
f 1274/396/988 1275/411/872 1273/431/987
f 1273/431/987 1275/411/872 1276/412/962
f 1273/431/987 1276/412/962 1272/430/986
f 1272/430/986 1276/412/962 1277/413/963
f 1272/430/986 1277/413/963 1270/417/984
f 1278/386/989 1279/385/990 1280/397/991
f 1281/413/874 1282/417/992 1283/414/993
f 1283/414/993 1282/417/992 1284/418/994
f 1283/414/993 1284/418/994 1285/415/995
f 1286/410/990 1287/409/876 1288/416/996
f 1289/429/997 1290/430/998 1291/427/999
f 1292/417/1000 1293/413/874 1290/430/998
f 1294/412/1001 1295/411/872 1296/431/1002
f 1296/431/1002 1295/411/872 1297/396/1003
f 1296/431/1002 1297/396/1003 1298/395/845
f 1290/430/998 1289/429/997 1292/417/1000
f 1292/417/1000 1289/429/997 1299/428/1004
f 1292/417/1000 1299/428/1004 1300/418/1005
f 1301/385/1006 1302/425/1007 1303/397/1008
f 1304/416/996 1305/424/1009 1306/410/871
f 1293/413/874 1294/412/1001 1290/430/998
f 1290/430/998 1294/412/1001 1296/431/1002
f 1290/430/998 1296/431/1002 1291/427/999
f 1291/427/999 1296/431/1002 1298/395/845
f 1291/427/999 1298/395/845 1307/426/1010
f 1307/426/1010 1298/395/845 1308/393/1011
f 1307/426/1010 1308/393/1011 1309/392/842
f 1310/274/598 1311/286/494 1312/285/599
f 1313/233/586 1314/283/1012 1315/282/588
f 1316/285/1013 1317/286/1014 1318/432/1015
f 1318/432/1015 1319/433/1016 1316/285/1013
f 1316/285/1013 1319/433/1016 1320/432/1017
f 1316/285/1013 1320/432/1017 1321/286/596
f 1322/434/1018 1323/282/1019 1324/435/1020
f 1324/435/1020 1323/282/1019 1325/283/1021
f 1324/435/1020 1325/283/1021 1326/436/1022
f 1326/436/1022 1325/283/1021 1327/231/596
f 1326/436/1022 1327/231/596 1328/437/1023
f 1329/437/1015 1330/231/494 1331/436/1024
f 1331/436/1024 1330/231/494 1332/283/1025
f 1331/436/1024 1332/283/1025 1333/435/1026
f 1333/435/1026 1332/283/1025 1334/282/1027
f 1333/435/1026 1334/282/1027 1322/434/1018
f 1322/434/1018 1334/282/1027 1335/284/590
f 1322/434/1018 1335/284/590 1323/282/1019
o editpl_m-0000-32
v -6.355769 -13.003894 10.668816
v -10.191988 -12.454434 9.518843
v -4.342838 -20.474628 9.570402
v 13.367164 -11.885695 8.468251
v 10.191988 -12.454434 9.518843
v 4.342838 -20.474628 9.570402
v -2.381382 -9.999537 -12.186418
v -2.392218 -4.980490 -9.973152
v 0.000000 -9.703921 -11.528864
v 11.931291 -3.820518 -6.979040
v 7.656183 -5.125083 -9.262546
v 7.309406 -2.541657 -8.259028
v 2.392218 -4.980490 -9.973152
v -2.392218 -4.980490 -9.973152
v -7.656183 -5.125083 -9.262546
v -7.309406 -2.541657 -8.259028
v -11.931291 -3.820518 -6.979040
v -2.134845 0.038558 -8.805247
v 0.000000 0.038558 -8.170109
v 0.000000 -5.350009 -9.169890
v 2.134845 0.038558 -8.805247
v 2.392218 -4.980490 -9.973152
v 17.718128 -7.583196 4.894294
v 18.268097 -10.745003 4.413833
v 17.924028 -8.184067 -2.429960
v 18.677183 -11.904974 -1.439893
v 1.170372 -22.952019 5.153582
v 0.000000 -23.260489 0.000002
v 0.235700 -24.520069 -5.153578
v -7.052032 -0.758319 10.107652
v -8.756115 -6.371811 10.144267
v -5.060775 -0.912553 11.595368
v -5.223326 -6.461781 11.721649
v 0.000000 -0.938259 12.270108
v -0.829013 -24.324064 4.850958
v -0.558094 -29.471640 4.612595
v -0.558094 -29.012150 -4.069361
v 10.191988 -12.454434 9.518843
v 13.367164 -11.885695 8.468251
v 10.988491 -6.715626 9.713868
v 12.930983 -0.530180 7.029103
v 10.536056 -0.684415 8.634133
v 0.000000 -23.311899 8.228394
v -4.342838 -20.474628 9.570402
v -1.170372 -22.952019 5.153582
v -4.635431 -21.750277 9.269273
v -0.829013 -24.324064 4.850958
v -4.383476 -24.089499 9.202770
v -0.558094 -29.471640 4.612595
v 0.000000 -18.414955 -11.928627
v 0.000000 -9.703921 -11.528864
v 1.205591 -18.582045 -13.417838
v 2.381382 -9.999537 -12.186418
v 7.377136 -19.414268 -13.117455
v 8.035470 -10.295153 -11.706703
v 13.342781 -18.080780 -10.859355
v 12.546278 -10.304793 -9.508380
v 15.382804 -14.697261 -6.148129
v -2.392218 -4.980490 -9.973152
v -2.381382 -9.999537 -12.186418
v -7.656183 -5.125083 -9.262546
v -8.035470 -10.295153 -11.706703
v -12.546278 -10.304793 -9.508380
v -17.924028 -8.184067 -2.429960
v 1.170372 -22.952019 5.153582
v 0.000000 -23.311899 8.228394
v 0.000000 -23.260489 0.000002
v -1.170372 -22.952019 5.153582
v -0.235700 -24.520069 -5.153578
v -0.829013 -24.324064 4.850958
v -0.587895 -26.088121 -5.095295
v -0.558094 -29.012150 -4.069361
v 1.170372 -22.952019 5.153582
v 4.342838 -20.474628 9.570402
v 0.000000 -23.311899 8.228394
v 0.000000 -20.750965 11.717914
v -4.342838 -20.474628 9.570402
v -3.305217 -13.514796 11.158992
v -6.355769 -13.003894 10.668816
v -18.268097 -10.745003 4.413833
v -17.718128 -7.583196 4.894294
v -18.677183 -11.904974 -1.439893
v -17.924028 -8.184067 -2.429960
v -15.382804 -14.697261 -6.148129
v -13.342781 -18.080780 -10.859355
v -7.377136 -19.414268 -13.117455
v -1.205591 -18.582045 -13.417838
v 0.000000 -18.414955 -11.928627
v 18.677183 -11.904974 -1.439893
v 15.382804 -14.697261 -6.148129
v 17.924028 -8.184067 -2.429960
v 12.546278 -10.304793 -9.508380
v 11.931291 -3.820518 -6.979040
v 8.035470 -10.295153 -11.706703
v 7.656183 -5.125083 -9.262546
v 2.381382 -9.999537 -12.186418
v 2.392218 -4.980490 -9.973152
v 0.000000 -9.703921 -11.528864
v 0.000000 -5.350009 -9.169890
v -2.392218 -4.980490 -9.973152
v -2.134845 0.038558 -8.805247
v -18.268097 -10.745003 4.413833
v -13.367164 -11.885695 8.468251
v -17.718128 -7.583196 4.894294
v -15.344875 -0.266697 4.414579
v -14.502316 0.038559 -1.479497
v -11.576386 0.038559 -5.909020
v -7.309406 -2.541657 -8.259028
v -6.962629 0.038558 -6.937195
v -4.248016 0.038558 -8.220920
v -2.134845 0.038558 -8.805247
v 14.824710 -22.829918 10.107654
v 14.209723 -31.736959 10.337799
v 19.148584 -21.409676 5.253708
v -13.667884 -22.929527 -9.668284
v -13.445730 -27.158121 -8.008708
v -16.962263 -22.402559 -5.849240
v -17.029993 -24.507217 -4.896534
v -19.533291 -22.029825 -0.609730
v 0.000000 -23.260489 0.000002
v 0.000000 -22.489317 -8.318057
v 0.235700 -24.520069 -5.153578
v 0.842559 -22.560007 -10.631453
v 0.587895 -26.088121 -5.095295
v 5.201653 -23.514334 -11.818785
v 14.824710 -22.829918 10.107654
v 10.324739 -16.319937 9.291688
v 9.642022 -23.475775 10.935574
v 4.635431 -21.750277 9.269273
v 4.383476 -24.089499 9.202770
v 0.829013 -24.324064 4.850958
v 0.558094 -29.471640 4.612595
v 0.558094 -29.012150 -4.069361
v -10.324739 -16.319937 9.291688
v -13.367164 -11.885695 8.468251
v -14.792200 -22.829918 10.107654
v -18.268097 -10.745003 4.413833
v -19.116074 -21.409676 5.253708
v -18.677183 -11.904974 -1.439893
v -15.382804 -14.697261 -6.148129
v -16.962263 -22.402559 -5.849240
v -13.342781 -18.080780 -10.859355
v -13.667884 -22.929527 -9.668284
v -7.377136 -19.414268 -13.117455
v -5.201653 -23.514334 -11.818785
v -1.205591 -18.582045 -13.417838
v -0.842559 -22.560007 -10.631453
v 0.000000 -18.414955 -11.928627
v 0.000000 -22.489317 -8.318057
v 0.000000 -22.489317 -8.318057
v 0.000000 -18.414955 -11.928627
v 0.842559 -22.560007 -10.631453
v 1.205591 -18.582045 -13.417838
v 7.377136 -19.414268 -13.117455
v 13.667884 -22.929527 -9.668284
v 13.342781 -18.080780 -10.859355
v 16.962263 -22.402559 -5.849240
v 15.382804 -14.697261 -6.148129
v 19.563091 -22.029825 -0.609730
v 18.677183 -11.904974 -1.439893
v 18.268097 -10.745003 4.413833
v 14.824710 -22.829918 10.107654
v 13.367164 -11.885695 8.468251
v 10.324739 -16.319937 9.291688
v 4.342838 -20.474628 9.570402
v 4.635431 -21.750277 9.269273
v 1.170372 -22.952019 5.153582
v 0.829013 -24.324064 4.850958
v 0.235700 -24.520069 -5.153578
v 0.587895 -26.088121 -5.095295
v 15.344875 -0.266697 4.414579
v 12.930983 -0.530180 7.029103
v 13.367164 -11.885695 8.468251
v 8.769661 -0.755105 9.259557
v 7.052032 -0.758319 10.107652
v 8.756115 -6.371811 10.144267
v 5.060775 -0.912553 11.595368
v 5.223326 -6.461781 11.721649
v 0.000000 -0.938259 12.270108
v 0.000000 -6.551751 12.259648
v -5.223326 -6.461781 11.721649
v 10.536056 -0.684415 8.634133
v 8.769661 -0.755105 9.259557
v 10.988491 -6.715626 9.713868
v 8.756115 -6.371811 10.144267
v 10.191988 -12.454434 9.518843
v 6.355769 -13.003894 10.668816
v 4.342838 -20.474628 9.570402
v 3.305217 -13.514796 11.158992
v 0.000000 -20.750965 11.717914
v 2.134845 0.038558 -8.805247
v 4.248016 0.038558 -8.220920
v 2.392218 -4.980490 -9.973152
v 6.962629 0.038558 -6.937195
v 7.309406 -2.541657 -8.259028
v 11.576386 0.038559 -5.909020
v 11.931291 -3.820518 -6.979040
v 14.502316 0.038559 -1.479497
v 17.924028 -8.184067 -2.429960
v 15.344875 -0.266697 4.414579
v 17.718128 -7.583196 4.894294
v 18.268097 -10.745003 4.413833
v 4.995754 -30.136776 -9.578618
v 5.174561 -26.949263 -9.509126
v 13.445730 -27.158121 -8.008708
v 13.445730 -27.158121 -8.008708
v 12.706120 -30.628399 -8.232126
v 4.995754 -30.136776 -9.578618
v 5.174561 -26.949263 -9.509126
v 0.558094 -29.012150 -4.069361
v 0.558094 -29.012150 -4.069361
v 0.829013 -24.324064 4.850958
v 0.587895 -26.088121 -5.095295
v 12.706120 -30.628399 -8.232126
v 13.445730 -27.158121 -8.008708
v 17.029993 -24.507217 -4.896534
v 16.962263 -22.402559 -5.849240
v 19.563091 -22.029825 -0.609730
v 14.209723 -31.736959 10.337799
v 14.824710 -22.829918 10.107654
v 8.544798 -31.952244 11.050647
v 9.642022 -23.475775 10.935574
v 3.757652 -30.830832 9.361181
v 4.383476 -24.089499 9.202770
v 0.558094 -29.471640 4.612595
v 0.558094 -29.012150 -4.069361
v 0.587895 -26.088121 -5.095295
v 5.174561 -26.949263 -9.509126
v 5.201653 -23.514334 -11.818785
v 13.667884 -22.929527 -9.668284
v 16.962263 -22.402559 -5.849240
v -8.769661 -0.755105 9.259557
v -10.536056 -0.684415 8.634133
v -10.988491 -6.715626 9.713868
v -12.930983 -0.530180 7.029103
v -13.367164 -11.885695 8.468251
v -15.344875 -0.266697 4.414579
v -7.052032 -0.758319 10.107652
v -8.769661 -0.755105 9.259557
v -8.756115 -6.371811 10.144267
v -10.988491 -6.715626 9.713868
v -10.191988 -12.454434 9.518843
v -13.367164 -11.885695 8.468251
v -4.342838 -20.474628 9.570402
v -10.324739 -16.319937 9.291688
v -4.635431 -21.750277 9.269273
v -9.606802 -23.475775 10.935574
v -4.383476 -24.089499 9.202770
v -3.757652 -30.830832 9.361181
v -0.558094 -29.471640 4.612595
v -13.445730 -27.158121 -8.008708
v -13.667884 -22.929527 -9.668284
v -5.201653 -23.514334 -11.818785
v -14.209723 -31.736959 10.337799
v -14.792200 -22.829918 10.107654
v -19.116074 -21.409676 5.253708
v -0.587895 -26.088121 -5.095295
v -0.558094 -29.012150 -4.069361
v -5.174561 -26.949263 -9.509126
v -4.995754 -30.136776 -9.578618
v -10.191988 -12.454434 9.518843
v -6.355769 -13.003894 10.668816
v -8.756115 -6.371811 10.144267
v -9.606802 -23.475775 10.935574
v -8.544798 -31.952244 11.050647
v -3.757652 -30.830832 9.361181
v -14.209723 -31.736959 10.337799
v -8.544798 -31.952244 11.050647
v -14.792200 -22.829918 10.107654
v -9.606802 -23.475775 10.935574
v -10.324739 -16.319937 9.291688
v -4.995754 -30.136776 -9.578618
v -13.445730 -27.158121 -8.008708
v -5.174561 -26.949263 -9.509126
v -0.587895 -26.088121 -5.095295
v -0.842559 -22.560007 -10.631453
v -0.235700 -24.520069 -5.153578
v 0.000000 -22.489317 -8.318057
v 0.000000 -23.260489 0.000002
v -5.223326 -6.461781 11.721649
v -8.756115 -6.371811 10.144267
v -6.355769 -13.003894 10.668816
v -3.305217 -13.514796 11.158992
v 0.000000 -13.405546 11.508691
v 0.000000 -6.551751 12.259648
v 5.223326 -6.461781 11.721649
v 0.000000 -20.750965 11.717914
v 3.305217 -13.514796 11.158992
v 6.355769 -13.003894 10.668816
v 8.756115 -6.371811 10.144267
v -8.449976 -83.858574 -8.089402
v -9.669114 -92.784897 -7.348160
v -11.218773 -84.465874 -7.833107
v -13.063734 -93.912735 -5.252953
v -8.449976 -83.858574 -8.089402
v -6.453300 -93.266876 -4.852443
v -9.669114 -92.784897 -7.348160
v -9.888559 -95.403671 -7.622390
v -13.063734 -93.912735 -5.252953
v -6.453300 -93.266876 -4.852443
v -7.271477 -99.712593 -7.219637
v -9.888559 -95.403671 -7.622390
v -8.658584 -92.229012 2.273799
v -8.642329 -94.465408 3.579941
v -6.453300 -91.971954 -1.002016
v -11.790413 -94.465408 3.348302
v -13.063734 -93.912735 -1.002016
v -13.667884 -98.453011 -2.463579
v -13.063734 -93.912735 -5.252953
v -12.250976 -99.712593 -7.367586
v -9.888559 -95.403671 -7.622390
v -7.271477 -99.712593 -7.219637
v -6.453300 -93.266876 -4.852443
v -5.651379 -95.734634 -0.550695
v -6.453300 -91.971954 -1.002016
v -8.642329 -94.465408 3.579941
v -8.642329 -94.465408 3.579941
v -8.658584 -92.229012 2.273799
v -11.790413 -94.465408 3.348302
v -11.695591 -92.229012 1.651364
v -13.063734 -93.912735 -1.002016
v -12.077587 -50.858822 7.309315
v -11.963801 -54.875343 6.938694
v -6.862389 -50.858822 7.712814
v -17.384899 -30.776205 -4.618567
v -16.255165 -42.677967 -4.389170
v -17.032703 -42.652264 0.524552
v -1.939783 -53.802132 -3.543316
v -5.713690 -41.553341 -7.954906
v -2.048151 -41.823250 -3.303459
v -12.446038 -62.464966 -7.716541
v -7.398809 -72.503059 -10.688236
v -12.817197 -69.672218 -10.266057
v -11.121242 -62.972656 3.938604
v -6.951792 -63.531754 4.342103
v -7.233548 -61.716286 5.349357
v -14.830129 -51.025909 3.567235
v -6.605015 -55.193455 7.342193
v -4.605630 -57.853996 2.838695
v -1.939783 -52.388313 1.514620
v -2.411183 -58.872589 -0.264512
v -11.188972 -61.157188 4.946605
v -13.115209 -58.326340 3.215294
v -15.068538 -51.302246 -0.044082
v -16.255165 -42.677967 -4.389170
v -17.384899 -30.776205 -4.618567
v -12.706120 -30.628399 -8.232126
v -0.558094 -29.012150 -4.069361
v -2.048151 -41.183823 4.113452
v -2.048151 -41.823250 -3.303459
v -1.939783 -53.802132 -3.543316
v -2.411183 -59.071808 -4.208342
v -5.713690 -41.553341 -7.954906
v -6.507484 -53.519367 -6.689861
v -2.411183 -59.071808 -4.208342
v -7.612835 -59.367424 -7.460246
v -4.426823 -63.412865 -4.057402
v -7.694111 -62.882687 -8.186543
v -4.499971 -75.321053 -6.583754
v -7.398809 -72.503059 -10.688236
v -17.355097 -69.309120 -6.207903
v -17.249439 -70.112427 0.127780
v -15.353003 -62.802357 -4.800140
v -15.336748 -64.302925 0.619451
v -14.919532 -61.465656 -4.546832
v -14.851802 -59.573071 0.195029
v -14.575464 -52.250145 -4.215814
v -12.817197 -69.672218 -10.266057
v -17.355097 -69.309120 -6.207903
v -12.446038 -62.464966 -7.716541
v -15.353003 -62.802357 -4.800140
v -12.104679 -59.367424 -6.897589
v -14.919532 -61.465656 -4.546832
v -11.500529 -53.519367 -6.127204
v -12.064041 -42.061031 -7.623141
v -3.757652 -30.830832 9.361181
v -8.544798 -31.952244 11.050647
v -7.526141 -41.534061 9.890961
v -14.209723 -31.736959 10.337799
v -13.174811 -41.714001 9.488209
v -18.636545 -30.997917 5.703537
v -16.864733 -42.208839 5.053455
v -16.255165 -42.677967 -4.389170
v -15.068538 -51.302246 -0.044082
v -17.032703 -42.652264 0.524552
v -16.864733 -42.208839 5.053455
v -13.174811 -41.714001 9.488209
v -6.862389 -50.858822 7.712814
v -7.526141 -41.534061 9.890961
v -4.063791 -41.408745 7.833117
v -3.757652 -30.830832 9.361181
v -4.426823 -63.412865 -4.057402
v -2.411183 -59.071808 -4.208342
v -4.426823 -64.672447 0.094902
v -2.411183 -58.872589 -0.264512
v -6.951792 -63.531754 4.342103
v -4.605630 -57.853996 2.838695
v -7.233548 -61.716286 5.349357
v -6.605015 -55.193455 7.342193
v -7.398809 -72.503059 -10.688236
v -12.446038 -62.464966 -7.716541
v -7.694111 -62.882687 -8.186543
v -7.612835 -59.367424 -7.460246
v -6.507484 -53.519367 -6.689861
v -5.713690 -41.553341 -7.954906
v -2.048151 -41.183823 4.113452
v -4.063791 -41.408745 7.833117
v -7.233548 -61.716286 5.349357
v -11.121242 -62.972656 3.938604
v -14.851802 -59.573071 0.195029
v -14.575464 -52.250145 -4.215814
v -16.255165 -42.677967 -4.389170
v -12.064041 -42.061031 -7.623141
v -4.995754 -30.136776 -9.578618
v -0.558094 -29.012150 -4.069361
v -4.061082 -76.063309 -0.115813
v -4.426823 -64.672447 0.094902
v -8.631492 -73.405975 3.761513
v -8.449976 -83.858574 -8.089402
v -5.946681 -81.175537 -4.799391
v -6.567087 -85.397705 -4.415319
v -7.821443 -76.979073 -9.960444
v -4.499971 -75.321053 -6.583754
v -11.868979 -66.108757 3.891529
v -15.336748 -64.302925 0.619451
v -17.249439 -70.112427 0.127780
v -6.453300 -91.971954 -1.002016
v -6.453300 -93.266876 -4.852443
v -6.567087 -85.397705 -4.415319
v -6.453300 -93.266876 -4.852443
v -12.684447 -71.413780 3.701735
v -7.469248 -66.815666 3.954296
v -6.951792 -63.531754 4.342103
v -4.426823 -63.412865 -4.057402
v -11.121242 -62.972656 3.938604
v -14.851802 -59.573071 0.195029
v -12.454165 -77.984810 3.098729
v -9.113729 -79.180130 3.110685
v -5.946681 -81.037369 -0.148691
v -4.499971 -75.321053 -6.583754
v -11.218773 -84.465874 -7.833107
v -12.324124 -75.709854 -9.901413
v -13.651629 -86.972183 -4.995909
v -16.707600 -75.526703 -6.194452
v -13.651629 -87.637321 -1.132032
v -16.558594 -76.670609 -0.412460
v -11.868979 -87.058945 1.467548
v -9.045999 -86.506264 1.794083
v -6.567087 -86.371315 -0.678469
v -5.946681 -81.175537 -4.799391
v -7.398809 -72.503059 -10.688236
v -12.817197 -69.672218 -10.266057
v -17.355097 -69.309120 -6.207903
v -13.063734 -93.912735 -5.252953
v -13.063734 -93.912735 -1.002016
v -11.695591 -92.229012 1.651364
v -8.658584 -92.229012 2.273799
v 8.452686 -83.858574 -8.089402
v 9.669114 -92.784897 -7.348160
v 6.453300 -93.266876 -4.852443
v 9.888559 -95.403671 -7.622390
v 8.452686 -83.858574 -8.089402
v 11.221482 -84.465874 -7.833107
v 9.669114 -92.784897 -7.348160
v 13.061025 -93.912735 -5.252953
v 13.667884 -98.453011 -2.463579
v 13.061025 -93.912735 -1.002016
v 11.790413 -94.465408 3.348302
v 13.061025 -93.912735 -1.002016
v 13.667884 -98.453011 -2.463579
v 13.061025 -93.912735 -5.252953
v 12.250976 -99.712593 -7.367586
v 9.888559 -95.403671 -7.622390
v 9.888559 -95.403671 -7.622390
v 7.271477 -99.712593 -7.219637
v 6.453300 -93.266876 -4.852443
v 5.651379 -95.734634 -0.550695
v 6.453300 -91.971954 -1.002016
v 8.642329 -94.465408 3.579941
v 13.061025 -93.912735 -1.002016
v 11.695591 -92.229012 1.651364
v 11.790413 -94.465408 3.348302
v 8.658584 -92.229012 2.273799
v 8.642329 -94.465408 3.579941
v 6.453300 -91.971954 -1.002016
v 13.174811 -41.714001 9.488209
v 16.864733 -42.208839 5.053455
v 18.636545 -30.997917 5.703537
v 11.188972 -61.157188 4.946605
v 11.121242 -62.972656 3.938604
v 13.112499 -58.326340 3.215294
v 14.851802 -59.573071 0.195029
v 15.068538 -51.302246 -0.044082
v 14.209723 -31.736959 10.337799
v 8.544798 -31.952244 11.050647
v 7.526141 -41.534061 9.890961
v 3.757652 -30.830832 9.361181
v 4.063791 -41.408745 7.833117
v 17.032703 -42.652264 0.524552
v 16.864733 -42.208839 5.053455
v 14.827419 -51.025909 3.567235
v 12.077587 -50.858822 7.309315
v 11.961092 -54.875343 6.938694
v 6.859679 -50.858822 7.712814
v 1.939783 -52.388313 1.514620
v 6.602306 -55.193455 7.342193
v 4.602921 -57.853996 2.838695
v 1.939783 -53.802132 -3.543316
v 2.408474 -59.071808 -4.208342
v 2.408474 -58.872589 -0.264512
v 2.048151 -41.823250 -3.303459
v 12.706120 -30.628399 -8.232126
v 16.255165 -42.677967 -4.389170
v 12.064041 -42.061031 -7.623141
v 14.572755 -52.250145 -4.215814
v 11.500529 -53.519367 -6.127204
v 14.916823 -61.465656 -4.546832
v 12.104679 -59.367424 -6.897589
v 15.353003 -62.802357 -4.800140
v 12.446038 -62.464966 -7.716541
v 17.357807 -69.309120 -6.207903
v 12.819907 -69.672218 -10.266057
v 16.255165 -42.677967 -4.389170
v 15.068538 -51.302246 -0.044082
v 15.336748 -64.302925 0.619451
v 17.252148 -70.112427 0.127780
v 18.636545 -30.997917 5.703537
v 14.209723 -31.736959 10.337799
v 13.174811 -41.714001 9.488209
v 7.526141 -41.534061 9.890961
v 6.859679 -50.858822 7.712814
v 4.063791 -41.408745 7.833117
v 2.048151 -41.183823 4.113452
v 0.558094 -29.012150 -4.069361
v 0.558094 -29.012150 -4.069361
v 4.995754 -30.136776 -9.578618
v 2.048151 -41.823250 -3.303459
v 5.713690 -41.553341 -7.954906
v 1.939783 -53.802132 -3.543316
v 6.507484 -53.519367 -6.689861
v 2.408474 -59.071808 -4.208342
v 7.612835 -59.367424 -7.460246
v 4.426823 -63.412865 -4.057402
v 7.694111 -62.882687 -8.186543
v 4.502681 -75.321053 -6.583754
v 7.401518 -72.503059 -10.688236
v 12.706120 -30.628399 -8.232126
v 17.384899 -30.776205 -4.618567
v 17.032703 -42.652264 0.524552
v 14.827419 -51.025909 3.567235
v 11.961092 -54.875343 6.938694
v 7.233548 -61.716286 5.349357
v 6.951792 -63.531754 4.342103
v 4.995754 -30.136776 -9.578618
v 5.713690 -41.553341 -7.954906
v 6.507484 -53.519367 -6.689861
v 7.612835 -59.367424 -7.460246
v 7.694111 -62.882687 -8.186543
v 16.864733 -42.208839 5.053455
v 13.174811 -41.714001 9.488209
v 7.233548 -61.716286 5.349357
v 4.426823 -64.672447 0.094902
v 4.426823 -63.412865 -4.057402
v 4.063791 -76.063309 -0.115813
v 4.426823 -64.672447 0.094902
v 4.426823 -63.412865 -4.057402
v 6.951792 -63.531754 4.342103
v 7.469248 -66.815666 3.954296
v 11.868979 -66.108757 3.891529
v 6.453300 -93.266876 -4.852443
v 6.569796 -85.397705 -4.415319
v 8.452686 -83.858574 -8.089402
v 6.569796 -85.397705 -4.415319
v 6.453300 -93.266876 -4.852443
v 6.453300 -91.971954 -1.002016
v 8.634202 -73.405975 3.761513
v 12.687156 -71.413780 3.701735
v 17.252148 -70.112427 0.127780
v 15.336748 -64.302925 0.619451
v 14.851802 -59.573071 0.195029
v 11.121242 -62.972656 3.938604
v 4.502681 -75.321053 -6.583754
v 5.949390 -81.037369 -0.148691
v 9.119147 -79.180130 3.110685
v 12.459584 -77.984810 3.098729
v 5.949390 -81.175537 -4.799391
v 6.569796 -86.371315 -0.677723
v 9.048708 -86.506264 1.794083
v 11.871689 -87.058945 1.467548
v 16.564013 -76.670609 -0.412460
v 13.654338 -87.637321 -1.132032
v 16.710308 -75.526703 -6.194452
v 13.654338 -86.972183 -4.995909
v 12.326833 -75.709854 -9.901413
v 11.221482 -84.465874 -7.833107
v 7.826862 -76.979073 -9.960444
v 5.949390 -81.175537 -4.799391
v 17.357807 -69.309120 -6.207903
v 12.819907 -69.672218 -10.266057
v 7.401518 -72.503059 -10.688236
v 4.502681 -75.321053 -6.583754
v 8.658584 -92.229012 2.273799
v 11.695591 -92.229012 1.651364
v 13.061025 -93.912735 -1.002016
v 13.061025 -93.912735 -5.252953
v -6.136325 -99.731873 0.980361
v -7.648055 -104.934074 -1.213478
v -6.954501 -104.934074 -7.022370
v -7.271477 -99.712593 -7.219637
v -9.761226 -99.712593 -8.453299
v -9.888559 -95.403671 -7.622390
v -15.477626 -103.552391 2.072798
v -16.247038 -104.934074 10.113638
v -16.680508 -102.392418 10.422239
v -9.761226 -99.712593 -8.453299
v -9.812701 -104.934074 -8.330754
v -12.668192 -104.934074 -7.319764
v -14.155539 -104.934074 -1.213478
v -13.667884 -98.453011 -2.463579
v -12.250976 -99.712593 -7.367586
v -9.888559 -95.403671 -7.622390
v -8.471650 -99.314156 11.686537
v -12.318706 -99.314156 11.439954
v -13.023096 -102.077522 19.716169
v -13.223576 -104.934074 19.861128
v -8.244078 -101.277435 20.662897
v -8.179057 -104.934074 20.808605
v -5.245000 -101.190674 13.783984
v -5.179979 -104.934074 13.414110
v -7.829571 -103.552391 2.072798
v -8.179057 -104.934074 20.808605
v -13.223576 -104.934074 19.861128
v -5.179979 -104.934074 13.414110
v -16.247038 -104.934074 10.113638
v -7.829571 -103.552391 2.072798
v -15.477626 -103.552391 2.072798
v -7.648055 -104.934074 -1.213478
v -14.155539 -104.934074 -1.213478
v -6.954501 -104.934074 -7.022370
v -12.668192 -104.934074 -7.319764
v -9.812701 -104.934074 -8.330754
v -13.223576 -104.934074 19.861128
v -8.179057 -104.934074 20.808605
v -11.790413 -94.465408 3.348302
v -8.642329 -94.465408 3.579941
v -5.651379 -95.734634 -0.550695
v -9.812701 -104.934074 -8.330754
v 13.023096 -102.077522 19.716169
v 12.318706 -99.314156 11.439954
v 8.471650 -99.314156 11.686537
v 12.250976 -99.712593 -7.367586
v 9.761226 -99.712593 -8.453299
v 9.888559 -95.403671 -7.622390
v 13.667884 -98.453011 -2.463579
v 15.477626 -103.552391 2.072798
v 14.155539 -104.934074 -1.213478
v 12.668192 -104.934074 -7.319764
v 9.812701 -104.934074 -8.330754
v 16.680508 -102.392418 10.422239
v 16.247038 -104.934074 10.113638
v 7.829571 -103.552391 2.072798
v 5.179979 -104.934074 13.414110
v 5.245000 -101.190674 13.783984
v 8.179057 -104.934074 20.808605
v 8.244078 -101.277435 20.662897
v 9.888559 -95.403671 -7.622390
v 9.761226 -99.712593 -8.453299
v 7.271477 -99.712593 -7.219637
v 6.954501 -104.934074 -7.022370
v 7.648055 -104.934074 -1.213478
v 6.136325 -99.731873 0.980361
v 13.223576 -104.934074 19.861128
v 8.179057 -104.934074 20.808605
v 13.223576 -104.934074 19.861128
v 9.812701 -104.934074 -8.330754
v 12.668192 -104.934074 -7.319764
v 6.954501 -104.934074 -7.022370
v 14.155539 -104.934074 -1.213478
v 7.648055 -104.934074 -1.213478
v 15.477626 -103.552391 2.072798
v 7.829571 -103.552391 2.072798
v 16.247038 -104.934074 10.113638
v 5.179979 -104.934074 13.414110
v 13.223576 -104.934074 19.861128
v 8.179057 -104.934074 20.808605
v 11.790413 -94.465408 3.348302
v 8.642329 -94.465408 3.579941
v 5.651379 -95.734634 -0.550695
v 9.812701 -104.934074 -8.330754
v 18.636545 -30.997917 5.703537
v 19.148584 -21.409676 5.253708
v 14.209723 -31.736959 10.337799
v 18.636545 -30.997917 5.703537
v 16.864733 -42.208839 5.053455
v 18.842445 -30.766567 0.452070
v 17.032703 -42.652264 0.524552
v 17.384899 -30.776205 -4.618567
v 4.063791 -41.408745 7.833117
v 3.757652 -30.830832 9.361181
v 2.048151 -41.183823 4.113452
v 0.558094 -29.471640 4.612595
v 0.558094 -29.012150 -4.069361
v 19.563091 -22.029825 -0.609730
v 18.842445 -30.766567 0.452070
v 17.029993 -24.507217 -4.896534
v 17.384899 -30.776205 -4.618567
v 12.706120 -30.628399 -8.232126
v -0.558094 -29.012150 -4.069361
v -0.558094 -29.471640 4.612595
v -2.048151 -41.183823 4.113452
v -3.757652 -30.830832 9.361181
v -4.063791 -41.408745 7.833117
v -17.384899 -30.776205 -4.618567
v -17.032703 -42.652264 0.524552
v -18.842445 -30.766567 0.452070
v -16.864733 -42.208839 5.053455
v -18.636545 -30.997917 5.703537
v -17.029993 -24.507217 -4.896534
v -13.445730 -27.158121 -8.008708
v -12.706120 -30.628399 -8.232126
v -4.995754 -30.136776 -9.578618
v -14.209723 -31.736959 10.337799
v -19.116074 -21.409676 5.253708
v -18.636545 -30.997917 5.703537
v -19.533291 -22.029825 -0.609730
v -18.842445 -30.766567 0.452070
v -17.384899 -30.776205 -4.618567
vn -0.2756 -0.1260 0.9530
vn -0.2901 -0.1255 0.9487
vn -0.1961 -0.3452 0.9178
vn 0.4329 0.0865 0.8973
vn 0.2901 -0.1255 0.9487
vn 0.1962 -0.3451 0.9178
vn 0.0079 0.2830 -0.9591
vn -0.0157 0.3468 -0.9378
vn -0.0000 0.2974 -0.9548
vn 0.5348 0.3461 -0.7708
vn 0.2038 0.3998 -0.8937
vn 0.2120 0.3925 -0.8950
vn 0.0158 0.3468 -0.9378
vn -0.0158 0.3468 -0.9378
vn -0.2038 0.3998 -0.8937
vn -0.2120 0.3925 -0.8950
vn -0.5348 0.3461 -0.7708
vn 0.1176 0.2038 -0.9719
vn -0.0000 0.1810 -0.9835
vn -0.0000 0.2902 -0.9570
vn -0.1176 0.2038 -0.9719
vn 0.0157 0.3467 -0.9378
vn 0.8641 0.1964 0.4634
vn 0.8555 0.1256 0.5023
vn 0.8940 0.2431 -0.3764
vn 0.9741 0.0786 -0.2120
vn -0.5741 -0.7000 0.4247
vn -0.0000 -0.9969 0.0785
vn -0.9513 -0.3066 -0.0315
vn -0.5093 0.1567 0.8462
vn -0.3602 0.0470 0.9317
vn -0.3783 0.0788 0.9223
vn -0.2035 -0.0469 0.9780
vn -0.0000 0.0079 1.0000
vn 0.9513 0.0314 0.3066
vn 0.9326 -0.0157 0.3605
vn 0.9546 -0.0704 -0.2895
vn 0.3782 0.0867 0.9217
vn 0.6430 0.1411 0.7528
vn 0.4329 0.1889 0.8814
vn -0.0000 -0.9701 0.2425
vn -0.1962 -0.3451 0.9178
vn 0.5742 -0.7000 0.4247
vn 0.4782 -0.0235 0.8779
vn 0.6279 0.0471 0.7769
vn -0.8324 -0.1963 -0.5183
vn -0.0001 0.2974 -0.9548
vn -0.3780 -0.1496 -0.9136
vn -0.0079 0.2830 -0.9591
vn 0.1878 -0.0860 -0.9784
vn 0.2821 0.2821 -0.9170
vn 0.6361 0.0550 -0.7697
vn 0.6616 0.2205 -0.7167
vn 0.8402 0.0942 -0.5340
vn 0.0078 0.2830 -0.9591
vn -0.2038 0.3998 -0.8936
vn -0.2821 0.2821 -0.9170
vn -0.5349 0.3461 -0.7708
vn -0.6616 0.2205 -0.7167
vn -0.8940 0.2431 -0.3764
vn -0.0000 -0.9702 0.2425
vn 0.9513 -0.3066 -0.0314
vn 0.9513 0.0315 0.3066
vn 0.8655 -0.3462 -0.3619
vn 0.9546 -0.0704 -0.2894
vn -0.5741 -0.7001 0.4246
vn 0.1961 -0.3451 0.9178
vn -0.0000 -0.9701 0.2426
vn -0.0000 -0.3373 0.9414
vn -0.1962 -0.3452 0.9178
vn -0.2042 -0.1021 0.9736
vn -0.8563 0.1178 0.5028
vn -0.8641 0.1963 0.4635
vn -0.9741 0.0786 -0.2121
vn -0.8402 0.0942 -0.5340
vn -0.6361 0.0550 -0.7697
vn -0.1879 -0.0860 -0.9784
vn 0.3780 -0.1496 -0.9136
vn 0.8324 -0.1963 -0.5183
vn 0.9741 0.0786 -0.2121
vn 0.6616 0.2206 -0.7167
vn 0.5349 0.3461 -0.7708
vn 0.2821 0.2822 -0.9169
vn 0.2038 0.3998 -0.8936
vn -0.0079 0.2831 -0.9591
vn 0.0157 0.3468 -0.9378
vn -0.0000 0.2974 -0.9547
vn -0.4329 0.0866 0.8973
vn -0.8640 0.1964 0.4635
vn -0.8697 0.2899 0.3995
vn -0.8403 0.3377 -0.4241
vn -0.4705 0.3372 -0.8155
vn -0.2347 0.3677 -0.8998
vn -0.3387 0.1891 -0.9217
vn 0.1175 0.2038 -0.9719
vn 0.3846 0.0942 0.9183
vn 0.4495 -0.0631 0.8910
vn 0.9191 0.0314 0.3928
vn -0.4968 -0.2839 -0.8201
vn -0.4480 -0.2279 -0.8645
vn -0.8319 -0.0785 -0.5494
vn -0.8215 -0.1027 -0.5608
vn -0.9657 -0.0157 -0.2591
vn -0.0000 -0.9969 0.0784
vn -0.9248 -0.3214 -0.2038
vn -0.7331 -0.4809 -0.4809
vn -0.8655 -0.3463 -0.3619
vn -0.1022 -0.5187 -0.8488
vn -0.0000 0.1415 0.9899
vn -0.1496 0.0945 0.9842
vn -0.4782 -0.0235 0.8780
vn -0.6278 0.0471 0.7769
vn -0.9513 0.0314 0.3066
vn -0.9326 -0.0157 0.3605
vn -0.9546 -0.0704 -0.2895
vn -0.0000 0.1414 0.9899
vn -0.3846 0.0942 0.9183
vn -0.9191 0.0314 0.3928
vn -0.9741 0.0785 -0.2121
vn -0.6361 0.0550 -0.7696
vn -0.1879 -0.0861 -0.9784
vn 0.1021 -0.5187 -0.8488
vn 0.3781 -0.1497 -0.9136
vn 0.7331 -0.4809 -0.4809
vn 0.8324 -0.1964 -0.5183
vn 0.9248 -0.3213 -0.2038
vn -0.9248 -0.3213 -0.2038
vn -0.8324 -0.1964 -0.5183
vn -0.3781 -0.1497 -0.9136
vn 0.1878 -0.0861 -0.9784
vn 0.4968 -0.2839 -0.8201
vn 0.6361 0.0550 -0.7696
vn 0.8319 -0.0784 -0.5494
vn 0.9657 -0.0157 -0.2591
vn 0.8554 0.1262 0.5023
vn 0.4329 0.0866 0.8973
vn -0.4782 -0.0235 0.8779
vn -0.9513 0.0315 0.3066
vn -0.9513 -0.3066 -0.0314
vn -0.8655 -0.3462 -0.3619
vn 0.8696 0.2899 0.3996
vn 0.6430 0.1411 0.7527
vn 0.3217 0.1569 0.9337
vn 0.5093 0.1567 0.8462
vn 0.3602 0.0470 0.9317
vn 0.3783 0.0788 0.9223
vn 0.2034 -0.0469 0.9780
vn -0.0000 -0.0550 0.9985
vn -0.2034 -0.0469 0.9780
vn 0.4328 0.1889 0.8815
vn 0.3781 0.0866 0.9217
vn 0.3601 0.0470 0.9317
vn 0.2756 -0.1260 0.9530
vn 0.1962 -0.3452 0.9178
vn 0.2042 -0.1021 0.9736
vn -0.1175 0.2038 -0.9719
vn 0.3387 0.1891 -0.9217
vn 0.2347 0.3678 -0.8998
vn 0.4705 0.3372 -0.8155
vn 0.8403 0.3377 -0.4241
vn 0.8940 0.2432 -0.3764
vn 0.8697 0.2899 0.3995
vn 0.8640 0.1964 0.4635
vn 0.4329 0.0866 0.8972
vn 0.8555 0.1255 0.5024
vn -0.3532 -0.0549 -0.9339
vn -0.4256 -0.2600 -0.8668
vn 0.4479 -0.2279 -0.8645
vn 0.4308 -0.0548 -0.9008
vn -0.3532 -0.0550 -0.9339
vn -0.4255 -0.2600 -0.8668
vn -0.3531 -0.0549 -0.9340
vn -0.9546 -0.0704 -0.2894
vn 0.4309 -0.0548 -0.9007
vn 0.4480 -0.2279 -0.8645
vn 0.8179 -0.1022 -0.5662
vn 0.8319 -0.0785 -0.5494
vn 0.4494 -0.0631 0.8911
vn 0.3845 0.0942 0.9183
vn -0.0472 -0.0236 0.9986
vn -0.6060 -0.0314 0.7949
vn -0.9326 -0.0157 0.3606
vn -0.9546 -0.0705 -0.2895
vn -0.8655 -0.3462 -0.3620
vn -0.4255 -0.2601 -0.8668
vn 0.4480 -0.2280 -0.8645
vn -0.3217 0.1570 0.9337
vn -0.4329 0.1889 0.8815
vn -0.3782 0.0867 0.9217
vn -0.6430 0.1411 0.7528
vn -0.4329 0.0866 0.8972
vn -0.8697 0.2898 0.3996
vn -0.3217 0.1569 0.9337
vn -0.3601 0.0470 0.9317
vn -0.3781 0.0866 0.9217
vn -0.1961 -0.3451 0.9178
vn 0.4781 -0.0235 0.8780
vn 0.1496 0.0945 0.9842
vn 0.6278 0.0471 0.7770
vn 0.6060 -0.0315 0.7948
vn 0.9326 -0.0157 0.3606
vn -0.4479 -0.2279 -0.8645
vn 0.1022 -0.5187 -0.8488
vn -0.4495 -0.0631 0.8911
vn 0.8655 -0.3462 -0.3620
vn 0.4255 -0.2600 -0.8668
vn 0.3532 -0.0550 -0.9340
vn -0.2901 -0.1254 0.9487
vn -0.3601 0.0469 0.9317
vn 0.0472 -0.0236 0.9986
vn 0.6059 -0.0315 0.7949
vn -0.3845 0.0942 0.9183
vn 0.3532 -0.0550 -0.9339
vn 0.4255 -0.2601 -0.8668
vn 0.9513 -0.3066 -0.0315
vn 0.9248 -0.3214 -0.2038
vn -0.2034 -0.0470 0.9780
vn -0.3602 0.0469 0.9317
vn -0.2757 -0.1260 0.9530
vn -0.2041 -0.1021 0.9736
vn -0.0000 -0.0628 0.9980
vn 0.2034 -0.0470 0.9780
vn 0.2041 -0.1021 0.9736
vn 0.2757 -0.1260 0.9530
vn 0.3602 0.0469 0.9317
vn 0.5844 -0.1501 -0.7975
vn 0.0157 -0.0393 -0.9991
vn -0.3535 -0.1728 -0.9193
vn -0.8342 0.0236 -0.5509
vn 0.5843 -0.1500 -0.7975
vn 0.8721 0.0472 -0.4871
vn 0.0158 -0.0393 -0.9991
vn 0.0157 0.1885 -0.9819
vn 0.8721 0.0471 -0.4871
vn 0.8139 0.0469 -0.5791
vn 0.2043 0.3142 0.9271
vn 0.4157 0.6510 0.6352
vn 0.9285 0.1338 0.3463
vn -0.6128 0.5893 0.5265
vn -0.9830 0.0315 0.1809
vn -0.9829 0.1179 -0.1415
vn -0.7079 0.0944 -0.7000
vn 0.8139 0.0470 -0.5791
vn 0.9829 0.1415 0.1180
vn 0.9286 0.1338 0.3462
vn 0.4156 0.6510 0.6352
vn 0.4157 0.6509 0.6352
vn 0.2043 0.3143 0.9271
vn -0.6755 0.1807 0.7148
vn -0.5330 -0.1960 0.8231
vn -0.4558 -0.2122 0.8644
vn 0.2669 -0.1648 0.9495
vn -0.8717 -0.0550 -0.4869
vn -0.8580 -0.1338 -0.4959
vn -0.9829 -0.1730 -0.0629
vn 0.9091 -0.0313 -0.4154
vn 0.3453 -0.0942 -0.9338
vn 0.9448 -0.0551 -0.3229
vn -0.3684 0.3057 -0.8779
vn 0.2752 0.0629 -0.9593
vn -0.4237 0.0784 -0.9024
vn -0.4945 -0.2512 0.8321
vn 0.4881 -0.2283 0.8424
vn 0.2111 -0.3832 0.8992
vn -0.9205 -0.2203 0.3226
vn 0.5174 -0.2038 0.8311
vn 0.8020 -0.2123 0.5583
vn 0.9196 -0.1100 0.3772
vn 0.9286 -0.1967 0.3147
vn -0.5368 -0.3710 0.7578
vn -0.8755 -0.2129 0.4338
vn -0.9873 -0.1489 0.0548
vn -0.4308 -0.0548 -0.9008
vn 0.9635 -0.0940 0.2506
vn 0.9449 -0.0551 -0.3228
vn 0.9091 -0.0313 -0.4153
vn 0.8503 -0.1968 -0.4881
vn 0.9091 -0.0314 -0.4154
vn 0.2444 -0.0237 -0.9694
vn 0.2680 0.0630 -0.9614
vn 0.9131 -0.0708 -0.4015
vn 0.4150 0.2114 -0.8849
vn 0.9179 -0.1255 -0.3766
vn -0.9187 0.1178 -0.3769
vn -0.8622 0.0705 0.5016
vn -0.8956 0.3300 -0.2985
vn -0.9086 0.2115 0.3603
vn -0.9075 0.1815 -0.3788
vn -0.9262 0.0157 0.3767
vn -0.8660 -0.0630 -0.4960
vn -0.4238 0.0785 -0.9024
vn -0.8956 0.3299 -0.2985
vn -0.4400 0.2436 -0.8643
vn -0.3697 0.0393 -0.9283
vn -0.3380 -0.1022 -0.9356
vn 0.6060 -0.0315 0.7949
vn 0.1881 -0.1411 0.9720
vn -0.4322 -0.1965 0.8801
vn -0.9210 -0.0945 0.3779
vn -0.9136 -0.2126 0.3466
vn -0.9136 -0.2127 0.3466
vn 0.2668 -0.1648 0.9496
vn 0.7231 -0.1415 0.6761
vn 0.9131 -0.0709 -0.4015
vn 0.9140 -0.1970 0.3546
vn 0.9286 -0.1968 0.3148
vn 0.5175 -0.2038 0.8311
vn -0.3684 0.3057 -0.8780
vn 0.4151 0.2114 -0.8849
vn 0.2679 0.0630 -0.9614
vn 0.2443 -0.0236 -0.9694
vn 0.3452 -0.0942 -0.9338
vn 0.9635 -0.0940 0.2507
vn 0.7232 -0.1415 0.6760
vn 0.2111 -0.3831 0.8992
vn -0.9262 0.0157 0.3768
vn -0.8661 -0.0630 -0.4960
vn -0.8580 -0.1338 -0.4960
vn -0.3381 -0.1022 -0.9355
vn 0.9421 -0.1178 0.3141
vn 0.4000 -0.1098 0.9099
vn 0.9403 -0.2116 -0.2665
vn 0.9780 -0.0470 -0.2035
vn 0.4096 -0.2600 -0.8744
vn 0.9178 -0.1255 -0.3766
vn -0.4020 0.0473 0.9144
vn -0.9085 0.2115 0.3603
vn -0.8622 0.0705 0.5017
vn 0.9780 -0.0469 -0.2034
vn -0.2829 -0.0314 0.9586
vn 0.3539 -0.1180 0.9278
vn -0.4945 -0.2511 0.8321
vn -0.3295 -0.1412 0.9335
vn 0.4168 -0.1494 0.8966
vn 0.8891 -0.2203 0.4013
vn 0.9179 -0.1255 -0.3765
vn -0.3536 -0.1729 -0.9193
vn -0.3693 -0.1807 -0.9116
vn -0.8990 -0.1735 -0.4022
vn -0.8891 -0.1888 -0.4170
vn -0.9487 -0.1568 0.2744
vn -0.9142 -0.1813 0.3625
vn -0.4798 -0.0865 0.8731
vn 0.3695 -0.0550 0.9276
vn 0.9183 -0.0942 0.3846
vn 0.9404 -0.2116 -0.2664
vn -0.9187 0.1177 -0.3769
vn -0.9830 0.0314 0.1809
vn -0.6756 0.1806 0.7148
vn -0.5895 -0.1493 -0.7938
vn -0.0157 -0.0393 -0.9991
vn -0.8721 0.0471 -0.4871
vn -0.0157 0.1886 -0.9819
vn 0.3535 -0.1728 -0.9193
vn -0.0157 -0.0394 -0.9991
vn 0.8342 0.0236 -0.5509
vn -0.0158 0.1885 -0.9819
vn 0.9829 0.1180 -0.1415
vn 0.9830 0.0315 0.1809
vn 0.6128 0.5893 0.5264
vn 0.9830 0.0315 0.1808
vn 0.9829 0.1179 -0.1415
vn 0.7079 0.0944 -0.7000
vn -0.0157 0.1885 -0.9819
vn -0.8139 0.0470 -0.5791
vn -0.9829 0.1415 0.1180
vn -0.9286 0.1338 0.3462
vn -0.4156 0.6510 0.6352
vn 0.6756 0.1807 0.7148
vn 0.6129 0.5893 0.5265
vn -0.2043 0.3143 0.9271
vn -0.4156 0.6509 0.6353
vn -0.9285 0.1338 0.3463
vn 0.4322 -0.1964 0.8801
vn 0.9136 -0.2126 0.3466
vn 0.9203 -0.1023 0.3776
vn 0.5368 -0.3710 0.7578
vn 0.4945 -0.2512 0.8321
vn 0.8755 -0.2129 0.4338
vn 0.9262 0.0157 0.3768
vn 0.9873 -0.1489 0.0549
vn -0.1881 -0.1411 0.9720
vn -0.6059 -0.0315 0.7949
vn -0.7232 -0.1415 0.6760
vn 0.9829 -0.1730 -0.0629
vn 0.9136 -0.2127 0.3465
vn 0.9205 -0.2203 0.3226
vn 0.5330 -0.1960 0.8231
vn 0.4558 -0.2122 0.8645
vn -0.2668 -0.1648 0.9496
vn -0.9196 -0.1100 0.3772
vn -0.5174 -0.2038 0.8311
vn -0.8020 -0.2123 0.5583
vn -0.9091 -0.0313 -0.4154
vn -0.8503 -0.1968 -0.4881
vn -0.9286 -0.1967 0.3147
vn -0.9449 -0.0551 -0.3228
vn 0.8580 -0.1338 -0.4959
vn 0.3381 -0.1022 -0.9356
vn 0.8660 -0.0630 -0.4960
vn 0.3697 0.0393 -0.9283
vn 0.9075 0.1815 -0.3788
vn 0.4400 0.2436 -0.8643
vn 0.8956 0.3299 -0.2985
vn 0.3685 0.3057 -0.8779
vn 0.9187 0.1178 -0.3769
vn 0.4237 0.0785 -0.9024
vn 0.9873 -0.1489 0.0548
vn 0.9262 0.0157 0.3767
vn 0.9086 0.2115 0.3602
vn 0.8622 0.0706 0.5016
vn -0.2668 -0.1648 0.9495
vn -0.9635 -0.0940 0.2507
vn -0.3532 -0.0549 -0.9340
vn -0.9448 -0.0551 -0.3229
vn -0.3453 -0.0941 -0.9338
vn -0.2443 -0.0236 -0.9694
vn -0.2680 0.0630 -0.9614
vn -0.9131 -0.0708 -0.4015
vn -0.4151 0.2114 -0.8849
vn -0.9179 -0.1255 -0.3766
vn -0.2752 0.0629 -0.9593
vn 0.8717 -0.0550 -0.4869
vn 0.9206 -0.2203 0.3226
vn 0.4558 -0.2121 0.8644
vn -0.2111 -0.3832 0.8992
vn -0.4881 -0.2283 0.8424
vn -0.3452 -0.0942 -0.9338
vn -0.2679 0.0631 -0.9614
vn -0.4150 0.2114 -0.8849
vn -0.2752 0.0630 -0.9593
vn 0.9136 -0.2127 0.3466
vn 0.4322 -0.1965 0.8801
vn -0.2111 -0.3831 0.8992
vn -0.9140 -0.1970 0.3546
vn -0.9131 -0.0709 -0.4015
vn -0.9421 -0.1178 0.3140
vn -0.9132 -0.0709 -0.4014
vn -0.3539 -0.1180 0.9278
vn 0.4020 0.0473 0.9144
vn -0.9780 -0.0469 -0.2035
vn -0.5895 -0.1494 -0.7938
vn -0.9780 -0.0470 -0.2034
vn -0.9286 0.1337 0.3462
vn -0.4000 -0.1098 0.9099
vn 0.2829 -0.0314 0.9586
vn 0.8622 0.0705 0.5017
vn 0.9086 0.2115 0.3603
vn 0.4945 -0.2511 0.8321
vn -0.9179 -0.1255 -0.3765
vn -0.8891 -0.2203 0.4013
vn -0.4168 -0.1494 0.8966
vn 0.3295 -0.1412 0.9335
vn -0.9404 -0.2116 -0.2664
vn -0.9183 -0.0942 0.3846
vn -0.3695 -0.0550 0.9276
vn 0.4798 -0.0865 0.8731
vn 0.9142 -0.1813 0.3625
vn 0.9475 -0.1644 0.2741
vn 0.8891 -0.1888 -0.4170
vn 0.8990 -0.1735 -0.4022
vn 0.3693 -0.1807 -0.9115
vn 0.3536 -0.1729 -0.9193
vn -0.4096 -0.2600 -0.8744
vn -0.9403 -0.2116 -0.2665
vn 0.9187 0.1177 -0.3769
vn 0.4237 0.0784 -0.9024
vn -0.9178 -0.1256 -0.3766
vn -0.2043 0.3142 0.9271
vn 0.6755 0.1806 0.7148
vn 0.9830 0.0314 0.1809
vn 0.8343 0.0236 -0.5509
vn 0.9980 -0.0550 0.0314
vn 0.4475 -0.8559 0.2591
vn 0.5990 -0.7015 -0.3862
vn 0.0236 0.0550 -0.9982
vn 0.0158 0.1885 -0.9819
vn -0.7149 -0.6992 -0.0078
vn -0.4874 -0.8726 -0.0314
vn -0.9415 0.3060 0.1412
vn 0.0315 -0.4874 -0.8726
vn -0.6607 -0.4641 -0.5899
vn -0.5500 -0.8328 -0.0628
vn -0.9829 0.1180 -0.1416
vn 0.3928 0.8643 0.3143
vn -0.2673 0.8726 0.4088
vn -0.4560 0.6053 0.6525
vn -0.6164 -0.6164 0.4900
vn 0.3297 0.6907 0.6436
vn 0.4486 -0.2755 0.8502
vn 0.9489 0.2823 0.1412
vn 0.5419 -0.8404 -0.0000
vn 0.6112 -0.7914 -0.0078
vn 0.4487 -0.2755 0.8501
vn 0.5420 -0.8404 -0.0000
vn -0.7149 -0.6991 -0.0078
vn 0.4476 -0.8559 0.2591
vn -0.5500 -0.8328 -0.0629
vn 0.5990 -0.7014 -0.3862
vn 0.0314 -0.4874 -0.8726
vn 0.4487 -0.2756 0.8501
vn -0.6128 0.5893 0.5264
vn 0.9829 0.1415 0.1179
vn 0.4560 0.6053 0.6525
vn 0.2673 0.8726 0.4088
vn -0.3928 0.8643 0.3143
vn -0.0236 0.0550 -0.9982
vn 0.9829 0.1180 -0.1416
vn 0.7149 -0.6992 -0.0078
vn 0.5500 -0.8328 -0.0629
vn 0.6607 -0.4641 -0.5900
vn -0.0315 -0.4874 -0.8726
vn 0.9415 0.3060 0.1412
vn 0.4874 -0.8726 -0.0315
vn -0.6112 -0.7914 -0.0078
vn -0.5419 -0.8404 0.0001
vn -0.9489 0.2823 0.1411
vn -0.4487 -0.2756 0.8502
vn -0.3297 0.6907 0.6436
vn -0.0158 0.1886 -0.9819
vn -0.5990 -0.7015 -0.3862
vn -0.4475 -0.8559 0.2591
vn -0.9980 -0.0550 0.0314
vn 0.6164 -0.6165 0.4900
vn -0.4487 -0.2756 0.8501
vn 0.6165 -0.6164 0.4900
vn 0.6607 -0.4641 -0.5899
vn -0.5990 -0.7014 -0.3862
vn -0.4476 -0.8559 0.2591
vn 0.7149 -0.6991 -0.0078
vn -0.5419 -0.8404 -0.0000
vn 0.6164 -0.6164 0.4900
vn -0.4487 -0.2755 0.8501
vn 0.6129 0.5893 0.5264
vn -0.4157 0.6510 0.6352
vn -0.9829 0.1415 0.1179
vn -0.0314 -0.4874 -0.8726
vn 0.9191 0.0314 0.3927
vn 0.4495 -0.0631 0.8911
vn 0.9203 -0.1023 0.3775
vn 0.9136 -0.2126 0.3465
vn 0.9835 -0.1023 -0.1495
vn -0.6060 -0.0315 0.7948
vn 0.8717 -0.0549 -0.4869
vn -0.9835 -0.1023 -0.1495
vn -0.9136 -0.2126 0.3465
vn -0.9211 -0.0945 0.3778
vn 0.3532 -0.0549 -0.9339
vn -0.9191 0.0314 0.3927
vn -0.9210 -0.0944 0.3779
vn -0.8717 -0.0549 -0.4869
vt 0.812500 0.617188
vt 0.816406 0.550781
vt 0.722656 0.644531
vt 0.808594 0.488281
vt 0.839844 0.042969
vt 0.914185 0.053711
vt 0.847656 0.013031
vt 0.925781 0.214844
vt 0.911652 0.154236
vt 0.947571 0.148041
vt 0.987396 0.050781
vt 0.987396 0.013031
vt 0.910156 0.013031
vt 0.871094 0.417969
vt 0.824219 0.402344
vt 0.863281 0.316406
vt 0.824219 0.355469
vt 0.699219 0.683594
vt 0.691406 0.730469
vt 0.675781 0.730469
vt 0.987396 0.589844
vt 0.893402 0.559631
vt 0.987396 0.636719
vt 0.892487 0.627228
vt 0.987396 0.730469
vt 0.652344 0.683594
vt 0.574219 0.675781
vt 0.574219 0.730469
vt 0.888428 0.516968
vt 0.987396 0.472656
vt 0.987396 0.519531
vt 0.714844 0.730469
vt 0.699219 0.628906
vt 0.652344 0.628906
vt 0.753906 0.013031
vt 0.730469 0.058594
vt 0.730469 0.144531
vt 0.839844 0.160156
vt 0.746094 0.230469
vt 0.839844 0.222656
vt 0.769531 0.285156
vt 0.652344 0.730469
vt 0.730469 0.730469
vt 0.808594 0.660156
vt 0.987396 0.394531
vt 0.987396 0.285156
vt 0.987396 0.230469
vt 0.987396 0.144531
vt 0.987396 0.089844
vt 0.667969 0.464844
vt 0.574219 0.464844
vt 0.675781 0.410156
vt 0.667419 0.238281
vt 0.617096 0.238281
vt 0.670349 0.292969
vt 0.643524 0.292969
vt 0.667969 0.355469
vt 0.683594 0.013031
vt 0.714844 0.013031
vt 0.683594 0.019531
vt 0.683594 0.050781
vt 0.660156 0.019531
vt 0.676239 0.105469
vt 0.765625 0.523438
vt 0.667969 0.542969
vt 0.987396 0.554688
vt 0.894531 0.730469
vt 0.574219 0.105469
vt 0.620544 0.105469
vt 0.574219 0.253906
vt 0.574219 0.013031
vt 0.574219 0.542969
vt 0.574219 0.605469
vt 0.808594 0.730469
vt 0.511719 0.775848
vt 0.486725 0.874542
vt 0.449219 0.791382
vt 0.401459 0.900360
vt 0.556671 0.871094
vt 0.486725 0.900360
vt 0.970764 0.890503
vt 0.970764 0.855499
vt 0.988373 0.890503
vt 0.168915 0.874542
vt 0.168915 0.900360
vt 0.106903 0.874542
vt 0.905060 0.930542
vt 0.945496 0.930542
vt 0.949554 0.969452
vt 0.970764 0.930542
vt 0.977966 0.970154
vt 0.988373 0.930542
vt 0.920227 0.860474
vt 0.935394 0.890503
vt 0.905060 0.890503
vt 0.215424 0.900360
vt 0.215424 0.874542
vt 0.316193 0.900360
vt 0.211487 0.274292
vt 0.203125 0.359375
vt 0.150391 0.274292
vt 0.378906 0.013031
vt 0.381042 0.135712
vt 0.332031 0.152344
vt 0.556671 0.285156
vt 0.496094 0.128906
vt 0.556671 0.144531
vt 0.417969 0.457031
vt 0.504669 0.573578
vt 0.427063 0.543640
vt 0.192932 0.454498
vt 0.141815 0.461731
vt 0.146942 0.430450
vt 0.257812 0.304688
vt 0.132812 0.359375
vt 0.117188 0.406250
vt 0.070312 0.289062
vt 0.082031 0.402344
vt 0.193268 0.423187
vt 0.218750 0.406250
vt 0.316406 0.277344
vt 0.425781 0.013031
vt 0.012543 0.013031
vt 0.058594 0.152344
vt 0.012543 0.144531
vt 0.012543 0.285156
vt 0.012543 0.402344
vt 0.496094 0.285156
vt 0.556671 0.402344
vt 0.498535 0.412567
vt 0.556671 0.464844
vt 0.500488 0.458038
vt 0.556671 0.547607
vt 0.363342 0.519775
vt 0.289062 0.554291
vt 0.363892 0.463593
vt 0.289062 0.476562
vt 0.363892 0.415436
vt 0.289062 0.429688
vt 0.371094 0.277344
vt 0.416107 0.412567
vt 0.417969 0.285156
vt 0.425781 0.128906
vt 0.113281 0.013031
vt 0.160156 0.013031
vt 0.143982 0.170776
vt 0.222656 0.013031
vt 0.211975 0.170776
vt 0.277344 0.013031
vt 0.277344 0.160156
vt 0.099609 0.161255
vt 0.012543 0.464844
vt 0.105469 0.472656
vt 0.496094 0.013031
vt 0.556671 0.013031
vt 0.106903 0.582397
vt 0.149536 0.567230
vt 0.556671 0.694946
vt 0.556671 0.787720
vt 0.511719 0.629730
vt 0.187500 0.492188
vt 0.012482 0.874542
vt 0.012543 0.787720
vt 0.196045 0.560760
vt 0.148438 0.500000
vt 0.207672 0.627563
vt 0.161163 0.644501
vt 0.104431 0.682190
vt 0.012543 0.547607
vt 0.425781 0.616699
vt 0.395325 0.835297
vt 0.363281 0.610260
vt 0.309387 0.838867
vt 0.289062 0.626862
vt 0.214844 0.816895
vt 0.167969 0.801178
vt 0.105469 0.799103
vt 0.012543 0.694946
vt 0.910095 0.845490
vt 0.910095 0.830475
vt 0.970764 0.830475
vt 0.988373 0.855499
vt 0.899994 0.987274
vt 0.819092 0.987274
vt 0.819092 0.970581
vt 0.988373 0.950562
vt 0.988373 0.987274
vt 0.970764 0.987274
vt 0.941406 0.987793
vt 0.822937 0.881836
vt 0.824158 0.930542
vt 0.753387 0.935547
vt 0.753387 0.960571
vt 0.753387 0.870483
vt 0.753387 0.845490
vt 0.803925 0.855499
vt 0.803925 0.830475
vt 0.884827 0.830475
vt 0.988373 0.792480
vt 0.985657 0.815674
vt 0.985657 0.762024
vt 0.956848 0.815674
vt 0.925781 0.761719
vt 0.902344 0.816406
vt 0.894531 0.761719
vt 0.828979 0.815674
vt 0.800171 0.762024
vt 0.769531 0.816406
vt 0.761719 0.785156
vt 0.724548 0.930542
vt 0.724548 0.880493
vt 0.988373 0.830475
vt 0.574219 0.410156
vt 0.339844 0.013031
vt 0.066406 0.013031
vt 0.574219 0.363281
vt 0.574219 0.300781
s 1
usemtl m_body0124
f 1336/438/1028 1337/439/1029 1338/440/1030
f 1339/441/1031 1340/439/1032 1341/440/1033
f 1342/442/1034 1343/443/1035 1344/444/1036
f 1345/445/1037 1346/446/1038 1347/447/1039
f 1347/447/1039 1346/446/1038 1348/443/1040
f 1349/443/1041 1350/446/1042 1351/447/1043
f 1351/447/1043 1350/446/1042 1352/445/1044
f 1353/448/1045 1354/449/1046 1355/450/1047
f 1355/450/1047 1354/449/1046 1356/448/1048
f 1355/450/1047 1356/448/1048 1357/443/1049
f 1358/451/1050 1359/452/1051 1360/453/1052
f 1360/453/1052 1359/452/1051 1361/454/1053
f 1362/455/1054 1363/456/1055 1364/457/1056
f 1365/458/1057 1366/459/1058 1367/460/1059
f 1367/460/1059 1366/459/1058 1368/461/1060
f 1367/460/1059 1368/461/1060 1369/462/1061
f 1370/463/1062 1371/464/1063 1372/465/1064
f 1373/439/1032 1374/441/1031 1375/466/1065
f 1375/466/1065 1374/441/1031 1376/467/1066
f 1375/466/1065 1376/467/1066 1377/468/1067
f 1378/469/1068 1379/440/1069 1380/455/1070
f 1380/455/1070 1379/440/1069 1381/470/1071
f 1380/455/1070 1381/470/1071 1382/463/1062
f 1382/463/1062 1381/470/1071 1383/471/1072
f 1382/463/1062 1383/471/1072 1384/464/1063
f 1385/472/1073 1386/444/1074 1387/473/1075
f 1387/473/1075 1386/444/1074 1388/442/1076
f 1387/473/1075 1388/442/1076 1389/474/1077
f 1389/474/1077 1388/442/1076 1390/475/1078
f 1389/474/1077 1390/475/1078 1391/476/1079
f 1391/476/1079 1390/475/1078 1392/477/1080
f 1391/476/1079 1392/477/1080 1393/478/1081
f 1394/443/1041 1395/442/1082 1396/446/1083
f 1396/446/1083 1395/442/1082 1397/475/1084
f 1396/446/1083 1397/475/1084 1352/445/1085
f 1352/445/1085 1397/475/1084 1398/477/1086
f 1352/445/1085 1398/477/1086 1399/453/1087
f 1400/455/1054 1401/469/1088 1402/456/1055
f 1402/456/1055 1401/469/1088 1403/455/1070
f 1402/456/1055 1403/455/1070 1404/457/1089
f 1404/457/1089 1403/455/1070 1405/463/1090
f 1404/457/1089 1405/463/1090 1406/479/1091
f 1406/479/1091 1405/463/1090 1407/465/1092
f 1408/455/1093 1409/440/1094 1410/469/1095
f 1410/469/1095 1409/440/1094 1411/480/1096
f 1410/469/1095 1411/480/1096 1412/440/1097
f 1412/440/1097 1411/480/1096 1413/481/1098
f 1412/440/1097 1413/481/1098 1414/438/1028
f 1415/452/1099 1416/451/1100 1417/454/1101
f 1417/454/1101 1416/451/1100 1418/453/1087
f 1417/454/1101 1418/453/1087 1419/478/1102
f 1419/478/1102 1418/453/1087 1398/477/1086
f 1419/478/1102 1398/477/1086 1420/476/1103
f 1420/476/1103 1398/477/1086 1397/475/1084
f 1420/476/1103 1397/475/1084 1421/474/1104
f 1421/474/1104 1397/475/1084 1342/442/1034
f 1421/474/1104 1342/442/1034 1422/473/1105
f 1422/473/1105 1342/442/1034 1344/444/1036
f 1422/473/1105 1344/444/1036 1423/472/1106
f 1424/454/1107 1425/478/1081 1426/453/1052
f 1426/453/1052 1425/478/1081 1427/477/1108
f 1426/453/1052 1427/477/1108 1428/445/1109
f 1428/445/1109 1427/477/1108 1429/475/1110
f 1428/445/1109 1429/475/1110 1430/446/1111
f 1430/446/1111 1429/475/1110 1431/442/1112
f 1430/446/1111 1431/442/1112 1432/443/1113
f 1432/443/1113 1431/442/1112 1433/444/1114
f 1432/443/1113 1433/444/1114 1434/450/1047
f 1434/450/1047 1433/444/1114 1435/443/1035
f 1434/450/1047 1435/443/1035 1436/448/1045
f 1437/452/1099 1438/441/1115 1439/451/1116
f 1439/451/1116 1438/441/1115 1440/482/1117
f 1439/451/1116 1440/482/1117 1399/453/1087
f 1399/453/1087 1440/482/1117 1441/483/1118
f 1399/453/1087 1441/483/1118 1352/445/1085
f 1352/445/1085 1441/483/1118 1442/484/1119
f 1352/445/1085 1442/484/1119 1443/447/1043
f 1443/447/1043 1442/484/1119 1444/485/1120
f 1443/447/1043 1444/485/1120 1343/443/1041
f 1343/443/1041 1444/485/1120 1445/486/1121
f 1343/443/1041 1445/486/1121 1446/448/1122
f 1447/487/1123 1448/488/1124 1449/489/1125
f 1450/490/1126 1451/491/1127 1452/492/1128
f 1452/492/1128 1451/491/1127 1453/493/1129
f 1452/492/1128 1453/493/1129 1454/494/1130
f 1455/495/1131 1456/496/1132 1457/497/1056
f 1457/497/1056 1456/496/1132 1458/498/1133
f 1457/497/1056 1458/498/1133 1459/499/1134
f 1459/499/1134 1458/498/1133 1460/500/1135
f 1461/487/1123 1462/501/1136 1463/502/1137
f 1463/502/1137 1462/501/1136 1464/470/1138
f 1463/502/1137 1464/470/1138 1465/471/1139
f 1465/471/1139 1464/470/1138 1466/463/1140
f 1465/471/1139 1466/463/1140 1467/464/1141
f 1467/464/1141 1466/463/1140 1468/465/1142
f 1469/501/1143 1470/441/1115 1471/487/1144
f 1471/487/1144 1470/441/1115 1472/452/1099
f 1471/487/1144 1472/452/1099 1473/489/1145
f 1473/489/1145 1472/452/1099 1474/454/1146
f 1473/489/1145 1474/454/1146 1454/494/1130
f 1454/494/1130 1474/454/1146 1475/478/1102
f 1454/494/1130 1475/478/1102 1476/492/1128
f 1476/492/1128 1475/478/1102 1477/476/1147
f 1476/492/1128 1477/476/1147 1478/490/1126
f 1478/490/1126 1477/476/1147 1479/474/1148
f 1478/490/1126 1479/474/1148 1480/500/1149
f 1480/500/1149 1479/474/1148 1481/473/1150
f 1480/500/1149 1481/473/1150 1482/498/1151
f 1482/498/1151 1481/473/1150 1483/472/1152
f 1482/498/1151 1483/472/1152 1484/496/1153
f 1485/496/1154 1486/472/1155 1487/498/1133
f 1487/498/1133 1486/472/1155 1488/473/1156
f 1487/498/1133 1488/473/1156 1460/500/1135
f 1460/500/1135 1488/473/1156 1489/474/1157
f 1460/500/1135 1489/474/1157 1490/490/1158
f 1490/490/1158 1489/474/1157 1491/476/1159
f 1490/490/1158 1491/476/1159 1492/492/1160
f 1492/492/1160 1491/476/1159 1493/478/1081
f 1492/492/1160 1493/478/1081 1494/494/1161
f 1494/494/1161 1493/478/1081 1495/454/1107
f 1494/494/1161 1495/454/1107 1449/489/1125
f 1449/489/1125 1495/454/1107 1496/452/1162
f 1449/489/1125 1496/452/1162 1497/487/1123
f 1497/487/1123 1496/452/1162 1498/441/1163
f 1497/487/1123 1498/441/1163 1499/501/1143
f 1499/501/1143 1498/441/1163 1500/440/1094
f 1499/501/1143 1500/440/1094 1501/470/1164
f 1501/470/1164 1500/440/1094 1502/455/1054
f 1501/470/1164 1502/455/1054 1503/463/1165
f 1503/463/1165 1502/455/1054 1504/457/1166
f 1503/463/1165 1504/457/1166 1505/479/1167
f 1506/482/1168 1507/467/1169 1508/441/1163
f 1509/503/1170 1510/458/1171 1511/459/1172
f 1511/459/1172 1510/458/1171 1512/460/1173
f 1511/459/1172 1512/460/1173 1513/461/1174
f 1513/461/1174 1512/460/1173 1514/462/1061
f 1513/461/1174 1514/462/1061 1515/504/1175
f 1515/504/1175 1514/462/1061 1516/461/1176
f 1517/468/1177 1518/503/1170 1519/466/1178
f 1519/466/1178 1518/503/1170 1520/459/1179
f 1519/466/1178 1520/459/1179 1521/439/1032
f 1521/439/1032 1520/459/1179 1522/438/1180
f 1521/439/1032 1522/438/1180 1523/440/1181
f 1523/440/1181 1522/438/1180 1524/481/1182
f 1523/440/1181 1524/481/1182 1525/480/1096
f 1526/448/1183 1527/486/1184 1528/443/1040
f 1528/443/1040 1527/486/1184 1529/485/1185
f 1528/443/1040 1529/485/1185 1530/447/1039
f 1530/447/1039 1529/485/1185 1531/484/1186
f 1530/447/1039 1531/484/1186 1532/445/1109
f 1532/445/1109 1531/484/1186 1533/483/1187
f 1532/445/1109 1533/483/1187 1534/453/1188
f 1534/453/1188 1533/483/1187 1535/482/1189
f 1534/453/1188 1535/482/1189 1536/451/1190
f 1536/451/1190 1535/482/1189 1508/441/1191
f 1536/451/1190 1508/441/1191 1537/452/1192
f 1538/505/1193 1539/506/1194 1540/491/1195
f 1541/491/1195 1542/507/1196 1543/505/1197
f 1544/506/1198 1543/505/1199 1545/508/1142
f 1546/465/1200 1547/463/1140 1548/479/1167
f 1549/507/1201 1550/491/1202 1551/493/1203
f 1551/493/1203 1550/491/1202 1552/492/1204
f 1551/493/1203 1552/492/1204 1553/494/1161
f 1554/488/1205 1555/487/1206 1556/509/1207
f 1556/509/1207 1555/487/1206 1557/502/1137
f 1556/509/1207 1557/502/1137 1558/510/1208
f 1558/510/1208 1557/502/1137 1559/471/1139
f 1558/510/1208 1559/471/1139 1560/464/1209
f 1561/508/1210 1562/499/1211 1563/506/1212
f 1563/506/1212 1562/499/1211 1564/500/1135
f 1563/506/1212 1564/500/1135 1540/491/1213
f 1540/491/1213 1564/500/1135 1565/490/1158
f 1540/491/1213 1565/490/1158 1566/492/1204
f 1567/503/1214 1568/468/1215 1569/466/1216
f 1569/466/1216 1568/468/1215 1570/467/1217
f 1569/466/1216 1570/467/1217 1571/441/1218
f 1571/441/1218 1570/467/1217 1572/482/1219
f 1573/458/1057 1574/503/1220 1575/459/1221
f 1575/459/1221 1574/503/1220 1576/466/1222
f 1575/459/1221 1576/466/1222 1577/439/1029
f 1577/439/1029 1576/466/1222 1578/441/1115
f 1577/439/1029 1578/441/1115 1579/440/1223
f 1579/440/1223 1578/441/1115 1580/501/1143
f 1579/440/1223 1580/501/1143 1581/470/1224
f 1581/470/1224 1580/501/1143 1582/502/1225
f 1581/470/1224 1582/502/1225 1583/471/1226
f 1583/471/1226 1582/502/1225 1584/510/1227
f 1583/471/1226 1584/510/1227 1585/464/1228
f 1586/491/1229 1587/490/1126 1588/500/1230
f 1589/488/1231 1590/487/1144 1591/489/1145
f 1592/499/1232 1593/508/1064 1594/506/1233
f 1594/506/1233 1593/508/1064 1595/505/1234
f 1596/439/1235 1597/438/1028 1598/459/1236
f 1599/502/1225 1600/509/1237 1601/510/1238
f 1602/488/1231 1603/509/1237 1604/487/1239
f 1604/487/1239 1603/509/1237 1605/502/1225
f 1604/487/1239 1605/502/1225 1606/501/1143
f 1607/505/1240 1608/491/1229 1609/506/1241
f 1609/506/1241 1608/491/1229 1588/500/1230
f 1609/506/1241 1588/500/1230 1610/499/1232
f 1610/499/1232 1588/500/1230 1611/498/1151
f 1610/499/1232 1611/498/1151 1612/497/1242
f 1612/497/1242 1611/498/1151 1613/496/1243
f 1612/497/1242 1613/496/1243 1614/495/1131
f 1615/461/1244 1616/459/1245 1617/438/1246
f 1617/438/1246 1618/481/1247 1615/461/1244
f 1615/461/1244 1618/481/1247 1619/511/1248
f 1615/461/1244 1619/511/1248 1620/504/1175
f 1620/504/1175 1619/511/1248 1621/461/1249
f 1618/481/1247 1622/480/1096 1619/511/1248
f 1619/511/1248 1622/480/1096 1623/481/1250
f 1619/511/1248 1623/481/1250 1621/461/1249
f 1621/461/1249 1623/481/1250 1624/438/1251
f 1621/461/1249 1624/438/1251 1625/459/1252
f 1626/512/1253 1627/513/1254 1628/514/1255
f 1628/514/1255 1627/513/1254 1629/515/1256
f 1630/512/1257 1631/516/1258 1632/513/1259
f 1632/513/1259 1631/516/1258 1633/517/1260
f 1632/513/1259 1633/517/1260 1634/515/1256
f 1635/518/1261 1636/519/1262 1637/520/1260
f 1638/521/1263 1639/522/1264 1640/523/1265
f 1641/524/1266 1642/525/1267 1643/526/1268
f 1643/526/1268 1642/525/1267 1644/527/1256
f 1643/526/1268 1644/527/1256 1645/528/1269
f 1645/528/1269 1644/527/1256 1646/529/1260
f 1647/519/1270 1648/518/1261 1649/530/1271
f 1649/530/1271 1648/518/1261 1650/531/1272
f 1649/530/1271 1650/531/1272 1651/532/1273
f 1652/522/1274 1653/521/1275 1654/533/1266
f 1654/533/1266 1653/521/1275 1655/534/1276
f 1654/533/1266 1655/534/1276 1656/535/1267
f 1657/536/1277 1658/537/1278 1659/538/1279
f 1660/539/1280 1661/540/1281 1662/541/1282
f 1663/542/1283 1664/543/1284 1665/544/1285
f 1666/545/1286 1667/546/1287 1668/547/1288
f 1669/548/1289 1670/549/1290 1671/550/1291
f 1658/537/1278 1657/536/1277 1672/551/1292
f 1673/552/1293 1674/553/1294 1675/554/1295
f 1675/554/1295 1674/553/1294 1676/555/1296
f 1677/556/1297 1658/537/1278 1678/557/1298
f 1678/557/1298 1658/537/1278 1672/551/1292
f 1678/557/1298 1672/551/1292 1679/558/1299
f 1680/540/1281 1681/539/1280 1682/559/1300
f 1683/560/1064 1684/561/1301 1685/562/1302
f 1685/562/1302 1684/561/1301 1675/554/1295
f 1685/562/1302 1675/554/1295 1686/563/1303
f 1686/563/1303 1675/554/1295 1676/555/1296
f 1686/563/1303 1676/555/1296 1687/564/1304
f 1688/543/1284 1663/542/1305 1689/565/1306
f 1689/565/1306 1663/542/1305 1690/566/1304
f 1689/565/1306 1690/566/1304 1691/567/1307
f 1691/567/1307 1690/566/1304 1692/568/1308
f 1691/567/1307 1692/568/1308 1693/569/1309
f 1693/569/1309 1692/568/1308 1694/570/1310
f 1693/569/1309 1694/570/1310 1695/546/1287
f 1696/571/1311 1697/572/1312 1698/573/1313
f 1698/573/1313 1697/572/1312 1699/574/1314
f 1698/573/1313 1699/574/1314 1700/575/1315
f 1700/575/1315 1699/574/1314 1701/576/1316
f 1700/575/1315 1701/576/1316 1702/577/1317
f 1703/547/1318 1704/571/1311 1705/545/1286
f 1705/545/1286 1704/571/1311 1706/573/1319
f 1705/545/1286 1706/573/1319 1707/578/1320
f 1707/578/1320 1706/573/1319 1708/575/1315
f 1707/578/1320 1708/575/1315 1709/579/1321
f 1709/579/1321 1708/575/1315 1702/577/1317
f 1709/579/1321 1702/577/1317 1710/580/1322
f 1711/581/1323 1712/582/1237 1713/583/1324
f 1713/583/1324 1712/582/1237 1714/584/1231
f 1713/583/1324 1714/584/1231 1715/585/1325
f 1715/585/1325 1714/584/1231 1716/586/1326
f 1715/585/1325 1716/586/1326 1717/587/1327
f 1718/540/1281 1719/558/1299 1720/541/1282
f 1720/541/1282 1719/558/1299 1672/551/1292
f 1720/541/1282 1672/551/1292 1721/587/1328
f 1721/587/1328 1672/551/1292 1657/536/1277
f 1721/587/1328 1657/536/1277 1722/585/1325
f 1722/585/1325 1657/536/1277 1723/538/1329
f 1722/585/1325 1723/538/1329 1724/583/1324
f 1724/583/1324 1723/538/1329 1725/588/1330
f 1724/583/1324 1725/588/1330 1726/581/1323
f 1727/589/1331 1728/564/1304 1729/590/1332
f 1729/590/1332 1728/564/1304 1730/555/1333
f 1729/590/1332 1730/555/1333 1731/549/1290
f 1731/549/1290 1730/555/1333 1732/553/1294
f 1731/549/1290 1732/553/1294 1733/550/1291
f 1733/550/1291 1732/553/1294 1734/552/1334
f 1735/546/1287 1736/545/1335 1737/569/1336
f 1737/569/1336 1736/545/1335 1707/578/1320
f 1737/569/1336 1707/578/1320 1738/567/1337
f 1738/567/1337 1707/578/1320 1709/579/1321
f 1738/567/1337 1709/579/1321 1739/565/1338
f 1739/565/1338 1709/579/1321 1710/580/1322
f 1739/565/1338 1710/580/1322 1740/543/1339
f 1741/561/1340 1742/588/1341 1675/554/1295
f 1675/554/1295 1742/588/1341 1659/538/1279
f 1675/554/1295 1659/538/1279 1673/552/1293
f 1673/552/1293 1659/538/1279 1658/537/1278
f 1673/552/1293 1658/537/1278 1743/550/1342
f 1743/550/1342 1658/537/1278 1677/556/1297
f 1743/550/1342 1677/556/1297 1744/548/1289
f 1744/548/1289 1677/556/1297 1678/557/1298
f 1744/548/1289 1678/557/1298 1745/576/1343
f 1745/576/1343 1678/557/1298 1679/558/1299
f 1745/576/1343 1679/558/1299 1746/577/1344
f 1746/577/1344 1679/558/1299 1747/540/1345
f 1746/577/1344 1747/540/1345 1748/580/1346
f 1748/580/1346 1747/540/1345 1682/559/1300
f 1748/580/1346 1682/559/1300 1664/543/1284
f 1664/543/1284 1682/559/1300 1749/591/1240
f 1664/543/1284 1749/591/1240 1665/544/1285
f 1665/544/1285 1749/591/1240 1750/592/1064
f 1751/593/1347 1752/590/1332 1753/594/1348
f 1754/512/1257 1755/595/1349 1756/596/1350
f 1757/597/1351 1758/570/1352 1755/595/1349
f 1759/598/1353 1760/574/1354 1761/572/1355
f 1762/523/1272 1763/599/1258 1764/600/1356
f 1754/512/1257 1756/596/1350 1765/516/1261
f 1761/572/1355 1766/601/1357 1759/598/1353
f 1759/598/1353 1766/601/1357 1767/602/1358
f 1759/598/1353 1767/602/1358 1768/549/1290
f 1752/590/1332 1751/593/1347 1769/589/1308
f 1768/549/1290 1770/548/1359 1759/598/1353
f 1759/598/1353 1770/548/1359 1771/576/1343
f 1759/598/1353 1771/576/1343 1760/574/1354
f 1772/603/1360 1773/604/1361 1753/594/1348
f 1753/594/1348 1773/604/1361 1774/605/1362
f 1753/594/1348 1774/605/1362 1751/593/1347
f 1751/593/1347 1774/605/1362 1775/606/1363
f 1751/593/1347 1775/606/1363 1769/589/1308
f 1755/595/1349 1754/512/1257 1757/597/1351
f 1757/597/1351 1754/512/1257 1776/514/1364
f 1757/597/1351 1776/514/1364 1777/607/1365
f 1777/607/1365 1776/514/1364 1778/608/1366
f 1777/607/1365 1778/608/1366 1779/609/1367
f 1779/609/1367 1778/608/1366 1780/610/1368
f 1779/609/1367 1780/610/1368 1781/611/1369
f 1781/611/1369 1780/610/1368 1782/612/1370
f 1781/611/1369 1782/612/1370 1772/603/1360
f 1772/603/1360 1782/612/1370 1783/613/1371
f 1772/603/1360 1783/613/1371 1773/604/1361
f 1773/604/1361 1783/613/1371 1784/614/1372
f 1773/604/1361 1784/614/1372 1774/605/1362
f 1774/605/1362 1784/614/1372 1785/615/1373
f 1774/605/1362 1785/615/1373 1775/606/1363
f 1758/570/1352 1757/597/1351 1786/546/1287
f 1786/546/1287 1757/597/1351 1777/607/1365
f 1786/546/1287 1777/607/1365 1787/547/1288
f 1787/547/1288 1777/607/1365 1779/609/1367
f 1787/547/1288 1779/609/1367 1788/571/1374
f 1788/571/1374 1779/609/1367 1781/611/1369
f 1788/571/1374 1781/611/1369 1761/572/1355
f 1761/572/1355 1781/611/1369 1772/603/1360
f 1761/572/1355 1772/603/1360 1766/601/1357
f 1766/601/1357 1772/603/1360 1753/594/1348
f 1766/601/1357 1753/594/1348 1767/602/1358
f 1767/602/1358 1753/594/1348 1752/590/1332
f 1767/602/1358 1752/590/1332 1768/549/1290
f 1776/514/1364 1789/515/1256 1778/608/1366
f 1778/608/1366 1789/515/1256 1790/535/1375
f 1778/608/1366 1790/535/1375 1780/610/1368
f 1780/610/1368 1790/535/1375 1791/534/1376
f 1780/610/1368 1791/534/1376 1782/612/1370
f 1782/612/1370 1791/534/1376 1792/521/1263
f 1782/612/1370 1792/521/1263 1783/613/1371
f 1783/613/1371 1792/521/1263 1762/523/1272
f 1783/613/1371 1762/523/1272 1784/614/1372
f 1784/614/1372 1762/523/1272 1764/600/1356
f 1784/614/1372 1764/600/1356 1785/615/1373
f 1793/512/1377 1794/513/1378 1795/516/1379
f 1795/516/1379 1794/513/1378 1796/517/1380
f 1797/512/1377 1798/514/1381 1799/513/1382
f 1799/513/1382 1798/514/1381 1800/515/1383
f 1799/513/1382 1800/515/1383 1796/517/1384
f 1801/526/1385 1802/525/1386 1803/524/1387
f 1804/525/1388 1805/526/1389 1806/527/1383
f 1806/527/1383 1805/526/1389 1807/528/1390
f 1806/527/1383 1807/528/1390 1808/529/1391
f 1809/520/1391 1810/519/1392 1811/518/1379
f 1811/518/1379 1810/519/1392 1812/530/1393
f 1811/518/1379 1812/530/1393 1813/531/1394
f 1813/531/1394 1812/530/1393 1814/532/1395
f 1815/535/1386 1816/534/1396 1817/533/1397
f 1817/533/1397 1816/534/1396 1818/521/1398
f 1817/533/1397 1818/521/1398 1819/522/1399
f 1819/522/1399 1818/521/1398 1820/523/1400
f 1821/585/1401 1822/587/1402 1823/586/1403
f 1824/556/1404 1825/548/1405 1826/557/1406
f 1826/557/1406 1825/548/1405 1827/576/1407
f 1826/557/1406 1827/576/1407 1828/558/1408
f 1829/584/1205 1830/582/1207 1831/583/1409
f 1831/583/1409 1830/582/1207 1832/581/1410
f 1831/583/1409 1832/581/1410 1833/588/1411
f 1834/541/1412 1835/587/1413 1836/551/1414
f 1836/551/1414 1835/587/1413 1837/536/1415
f 1836/551/1414 1837/536/1415 1838/537/1416
f 1839/538/1417 1840/554/1418 1841/552/1419
f 1841/552/1419 1840/554/1418 1842/553/1420
f 1843/563/1421 1844/564/1422 1845/555/1423
f 1846/562/1424 1843/563/1421 1840/554/1418
f 1840/554/1418 1843/563/1421 1845/555/1423
f 1840/554/1418 1845/555/1423 1842/553/1420
f 1847/559/1196 1848/540/1425 1849/580/1426
f 1849/580/1426 1848/540/1425 1850/577/1427
f 1849/580/1426 1850/577/1427 1851/579/1428
f 1851/579/1428 1850/577/1427 1852/575/1429
f 1851/579/1428 1852/575/1429 1853/578/1430
f 1853/578/1430 1852/575/1429 1854/573/1431
f 1853/578/1430 1854/573/1431 1855/545/1432
f 1855/545/1432 1854/573/1431 1856/571/1433
f 1855/545/1432 1856/571/1433 1857/547/1434
f 1858/540/1425 1859/558/1435 1850/577/1427
f 1850/577/1427 1859/558/1435 1827/576/1436
f 1850/577/1427 1827/576/1436 1852/575/1429
f 1852/575/1429 1827/576/1436 1860/574/1437
f 1852/575/1429 1860/574/1437 1854/573/1431
f 1854/573/1431 1860/574/1437 1861/572/1438
f 1854/573/1431 1861/572/1438 1856/571/1433
f 1862/586/1403 1863/584/1124 1864/585/1401
f 1864/585/1401 1863/584/1124 1865/583/1409
f 1864/585/1401 1865/583/1409 1866/538/1439
f 1866/538/1439 1865/583/1409 1867/588/1411
f 1866/538/1439 1867/588/1411 1840/554/1418
f 1840/554/1418 1867/588/1411 1868/561/1440
f 1840/554/1418 1868/561/1440 1846/562/1424
f 1846/562/1424 1868/561/1440 1869/560/1142
f 1870/592/1142 1871/591/1441 1872/544/1442
f 1872/544/1442 1871/591/1441 1873/543/1443
f 1872/544/1442 1873/543/1443 1874/542/1421
f 1874/542/1421 1873/543/1443 1875/565/1444
f 1874/542/1421 1875/565/1444 1876/566/1422
f 1876/566/1422 1875/565/1444 1877/567/1445
f 1876/566/1422 1877/567/1445 1878/568/1446
f 1878/568/1446 1877/567/1445 1879/569/1447
f 1878/568/1446 1879/569/1447 1880/570/1448
f 1880/570/1448 1879/569/1447 1881/546/1449
f 1882/559/1196 1883/539/1450 1848/540/1425
f 1848/540/1425 1883/539/1450 1884/541/1412
f 1848/540/1425 1884/541/1412 1828/558/1408
f 1828/558/1408 1884/541/1412 1885/551/1451
f 1828/558/1408 1885/551/1451 1826/557/1406
f 1826/557/1406 1885/551/1451 1886/537/1452
f 1826/557/1406 1886/537/1452 1824/556/1404
f 1824/556/1404 1886/537/1452 1887/550/1453
f 1824/556/1404 1887/550/1453 1825/548/1405
f 1825/548/1405 1887/550/1453 1888/549/1454
f 1889/591/1193 1847/559/1196 1890/543/1455
f 1890/543/1455 1847/559/1196 1849/580/1426
f 1890/543/1455 1849/580/1426 1891/565/1444
f 1891/565/1444 1849/580/1426 1851/579/1428
f 1891/565/1444 1851/579/1428 1892/567/1456
f 1892/567/1456 1851/579/1428 1853/578/1430
f 1892/567/1456 1853/578/1430 1893/569/1457
f 1893/569/1457 1853/578/1430 1855/545/1432
f 1893/569/1457 1855/545/1432 1881/546/1458
f 1881/546/1458 1855/545/1432 1857/547/1434
f 1894/587/1459 1895/585/1460 1837/536/1415
f 1837/536/1415 1895/585/1460 1839/538/1417
f 1837/536/1415 1839/538/1417 1838/537/1416
f 1838/537/1416 1839/538/1417 1841/552/1419
f 1838/537/1416 1841/552/1419 1896/550/1461
f 1896/550/1461 1841/552/1419 1842/553/1420
f 1896/550/1461 1842/553/1420 1888/549/1454
f 1888/549/1454 1842/553/1420 1845/555/1423
f 1888/549/1454 1845/555/1423 1897/590/1462
f 1897/590/1462 1845/555/1423 1844/564/1422
f 1897/590/1462 1844/564/1422 1898/589/1463
f 1899/593/1464 1900/590/1462 1901/589/1465
f 1902/549/1454 1903/602/1466 1904/598/1467
f 1905/516/1379 1906/596/1468 1907/512/1469
f 1908/600/1470 1909/599/1379 1910/523/1471
f 1900/590/1462 1899/593/1464 1911/594/1472
f 1903/602/1466 1912/601/1473 1904/598/1467
f 1904/598/1467 1912/601/1473 1913/572/1474
f 1904/598/1467 1913/572/1474 1914/574/1475
f 1914/574/1475 1915/576/1407 1904/598/1467
f 1904/598/1467 1915/576/1407 1916/548/1476
f 1904/598/1467 1916/548/1476 1902/549/1454
f 1901/589/1465 1917/606/1477 1899/593/1464
f 1899/593/1464 1917/606/1477 1918/605/1478
f 1899/593/1464 1918/605/1478 1911/594/1472
f 1911/594/1472 1918/605/1478 1919/604/1479
f 1911/594/1472 1919/604/1479 1920/603/1480
f 1917/606/1477 1921/615/1481 1918/605/1478
f 1918/605/1478 1921/615/1481 1922/614/1482
f 1918/605/1478 1922/614/1482 1919/604/1479
f 1919/604/1479 1922/614/1482 1923/613/1483
f 1919/604/1479 1923/613/1483 1920/603/1480
f 1920/603/1480 1923/613/1483 1924/612/1484
f 1920/603/1480 1924/612/1484 1925/611/1485
f 1925/611/1485 1924/612/1484 1926/610/1486
f 1925/611/1485 1926/610/1486 1927/609/1487
f 1927/609/1487 1926/610/1486 1928/608/1488
f 1927/609/1487 1928/608/1488 1929/607/1489
f 1929/607/1489 1928/608/1488 1930/514/1490
f 1929/607/1489 1930/514/1490 1931/597/1491
f 1931/597/1491 1930/514/1490 1907/512/1469
f 1931/597/1491 1907/512/1469 1932/595/1492
f 1932/595/1492 1907/512/1469 1906/596/1468
f 1902/549/1454 1900/590/1462 1903/602/1466
f 1903/602/1466 1900/590/1462 1911/594/1472
f 1903/602/1466 1911/594/1472 1912/601/1473
f 1912/601/1473 1911/594/1472 1920/603/1480
f 1912/601/1473 1920/603/1480 1913/572/1474
f 1913/572/1474 1920/603/1480 1925/611/1485
f 1913/572/1474 1925/611/1485 1933/571/1493
f 1933/571/1493 1925/611/1485 1927/609/1487
f 1933/571/1493 1927/609/1487 1934/547/1494
f 1934/547/1494 1927/609/1487 1929/607/1489
f 1934/547/1494 1929/607/1489 1935/546/1449
f 1935/546/1449 1929/607/1489 1931/597/1491
f 1935/546/1449 1931/597/1491 1936/570/1495
f 1936/570/1495 1931/597/1491 1932/595/1492
f 1921/615/1481 1908/600/1470 1922/614/1482
f 1922/614/1482 1908/600/1470 1910/523/1471
f 1922/614/1482 1910/523/1471 1923/613/1483
f 1923/613/1483 1910/523/1471 1937/521/1496
f 1923/613/1483 1937/521/1496 1924/612/1484
f 1924/612/1484 1937/521/1496 1938/534/1497
f 1924/612/1484 1938/534/1497 1926/610/1486
f 1926/610/1486 1938/534/1497 1939/535/1498
f 1926/610/1486 1939/535/1498 1928/608/1488
f 1928/608/1488 1939/535/1498 1940/515/1499
f 1928/608/1488 1940/515/1499 1930/514/1490
f 1941/616/1500 1942/617/1501 1943/618/1502
f 1944/519/1270 1945/619/1503 1946/520/1504
f 1947/620/1505 1948/621/1506 1949/622/1507
f 1950/623/1503 1951/624/1508 1952/625/1509
f 1953/626/1510 1954/526/1511 1952/625/1509
f 1952/625/1509 1954/526/1511 1955/528/1269
f 1952/625/1509 1955/528/1269 1950/623/1503
f 1950/623/1503 1955/528/1269 1956/529/1260
f 1957/627/1512 1958/628/1513 1959/629/1514
f 1959/629/1514 1958/628/1513 1949/622/1507
f 1959/629/1514 1949/622/1507 1960/630/1515
f 1960/630/1515 1949/622/1507 1948/621/1506
f 1961/631/1516 1962/632/1517 1963/633/1518
f 1963/633/1518 1962/632/1517 1964/634/1519
f 1963/633/1518 1964/634/1519 1965/635/1520
f 1966/636/1521 1967/637/1515 1968/638/1522
f 1968/638/1522 1967/637/1515 1969/639/1506
f 1968/638/1522 1969/639/1506 1970/640/1520
f 1970/640/1520 1969/639/1506 1971/641/1523
f 1970/640/1520 1971/641/1523 1972/642/1524
f 1972/642/1524 1971/641/1523 1973/643/1525
f 1972/642/1524 1973/643/1525 1974/644/1526
f 1974/644/1526 1973/643/1525 1975/645/1509
f 1974/644/1526 1975/645/1509 1976/646/1527
f 1977/647/1515 1978/648/1528 1959/629/1514
f 1959/629/1514 1978/648/1528 1961/631/1516
f 1959/629/1514 1961/631/1516 1957/627/1512
f 1957/627/1512 1961/631/1516 1963/633/1518
f 1957/627/1512 1963/633/1518 1941/616/1500
f 1941/616/1500 1963/633/1518 1965/635/1520
f 1941/616/1500 1965/635/1520 1942/617/1501
f 1953/626/1510 1947/620/1505 1954/526/1511
f 1954/526/1511 1947/620/1505 1949/622/1507
f 1954/526/1511 1949/622/1507 1979/524/1529
f 1979/524/1529 1949/622/1507 1958/628/1513
f 1979/524/1529 1958/628/1513 1980/532/1264
f 1980/532/1264 1958/628/1513 1957/627/1512
f 1980/532/1264 1957/627/1512 1981/530/1530
f 1981/530/1530 1957/627/1512 1941/616/1500
f 1981/530/1530 1941/616/1500 1944/519/1270
f 1944/519/1270 1941/616/1500 1943/618/1502
f 1944/519/1270 1943/618/1502 1945/619/1503
f 1945/619/1503 1943/618/1502 1982/649/1527
f 1983/629/1531 1984/628/1532 1985/627/1533
f 1986/528/1390 1987/623/1534 1988/529/1391
f 1989/526/1535 1990/620/1536 1991/626/1537
f 1992/625/1538 1993/624/1539 1987/623/1534
f 1994/622/1540 1995/621/1541 1990/620/1536
f 1996/635/1542 1997/634/1543 1998/633/1544
f 1998/633/1544 1997/634/1543 1999/632/1545
f 1998/633/1544 1999/632/1545 2000/631/1546
f 2001/520/1547 2002/619/1534 2003/519/1392
f 2004/618/1548 2005/617/1549 2006/616/1550
f 1984/628/1532 1983/629/1531 1994/622/1540
f 1994/622/1540 1983/629/1531 2007/630/1551
f 1994/622/1540 2007/630/1551 1995/621/1541
f 1987/623/1534 1986/528/1390 1992/625/1538
f 1992/625/1538 1986/528/1390 1989/526/1535
f 1992/625/1538 1989/526/1535 1991/626/1537
f 2005/617/1549 1996/635/1542 2006/616/1550
f 2006/616/1550 1996/635/1542 1998/633/1544
f 2006/616/1550 1998/633/1544 1985/627/1533
f 1985/627/1533 1998/633/1544 2000/631/1546
f 1985/627/1533 2000/631/1546 1983/629/1531
f 1983/629/1531 2000/631/1546 2008/648/1552
f 1983/629/1531 2008/648/1552 2009/647/1553
f 2010/646/1539 2011/645/1554 2012/644/1555
f 2012/644/1555 2011/645/1554 2013/643/1537
f 2012/644/1555 2013/643/1537 2014/642/1556
f 2014/642/1556 2013/643/1537 2015/641/1557
f 2014/642/1556 2015/641/1557 2016/640/1542
f 2016/640/1542 2015/641/1557 2017/639/1541
f 2016/640/1542 2017/639/1541 2018/638/1558
f 2018/638/1558 2017/639/1541 2019/637/1559
f 2018/638/1558 2019/637/1559 2020/636/1560
f 1990/620/1536 1989/526/1535 1994/622/1540
f 1994/622/1540 1989/526/1535 2021/524/1561
f 1994/622/1540 2021/524/1561 1984/628/1532
f 1984/628/1532 2021/524/1561 2022/532/1562
f 1984/628/1532 2022/532/1562 1985/627/1533
f 1985/627/1533 2022/532/1562 2023/530/1563
f 1985/627/1533 2023/530/1563 2006/616/1550
f 2006/616/1550 2023/530/1563 2003/519/1392
f 2006/616/1550 2003/519/1392 2004/618/1548
f 2004/618/1548 2003/519/1392 2002/619/1534
f 2004/618/1548 2002/619/1534 2024/649/1564
f 2025/650/1403 2026/489/1565 2027/488/1566
f 2028/586/1567 2029/587/1568 2030/651/1569
f 2030/651/1569 2029/587/1568 2031/541/1412
f 2030/651/1569 2031/541/1412 2032/539/1450
f 2033/588/1411 2034/581/1570 2035/561/1440
f 2035/561/1440 2034/581/1570 2036/652/1141
f 2035/561/1440 2036/652/1141 2037/560/1142
f 2026/489/1565 2025/650/1403 2038/494/1161
f 2038/494/1161 2025/650/1403 2039/653/1569
f 2038/494/1161 2039/653/1569 2040/493/1203
f 2040/493/1203 2039/653/1569 2041/654/1571
f 2040/493/1203 2041/654/1571 2042/507/1196
f 2043/560/1064 2044/652/1063 2045/561/1340
f 2045/561/1340 2044/652/1063 2046/581/1227
f 2045/561/1340 2046/581/1227 2047/588/1341
f 2048/539/1280 2049/541/1282 2050/651/1572
f 2050/651/1572 2049/541/1282 2051/587/1573
f 2050/651/1572 2051/587/1573 2052/586/1574
f 2053/493/1129 2054/491/1127 2055/507/1300
f 2055/507/1300 2054/491/1127 2056/505/1575
f 2057/488/1231 2058/489/1576 2059/650/1577
f 2059/650/1577 2058/489/1576 2060/494/1130
f 2059/650/1577 2060/494/1130 2061/653/1572
f 2061/653/1572 2060/494/1130 2053/493/1129
f 2061/653/1572 2053/493/1129 2062/654/1578
f 2062/654/1578 2053/493/1129 2055/507/1300
