mtllib female_hunter.mtl
o npc_00-0001-11
v -10.405622 39.511059 -4.839911
v -15.275751 41.528538 -5.377329
v -10.698272 38.929588 0.885711
v -21.473846 41.110909 1.971578
v -30.902130 39.430748 -0.579972
v -30.902130 37.249432 3.112605
v -16.322111 30.287851 2.247380
v -17.128279 31.364054 -5.110983
v -14.880951 30.657293 -5.460856
v -17.128279 31.364054 -5.110983
v -20.424726 35.662434 -7.764975
v -14.880951 30.657293 -5.460856
v -17.086864 35.016712 -8.138488
v -11.482351 34.891422 -8.352824
v -15.499380 40.812141 1.388457
v -21.473846 41.110909 1.971578
v -18.185680 38.001167 3.471934
v -16.322111 30.287851 2.247380
v -30.902130 33.686722 3.112605
v -17.128279 31.364054 -5.110983
v -11.482351 34.891422 -8.352824
v -15.275751 41.528538 -5.377329
v -17.086864 35.016712 -8.138488
v -20.935482 41.098057 -5.169296
v -20.424726 35.662434 -7.764975
v -30.902130 35.408646 -6.594004
v -14.052697 30.377802 1.010217
v -16.322111 30.287851 2.247380
v -12.989772 32.517357 3.419927
v -18.185680 38.001167 3.471934
v -15.499380 40.812141 1.388457
v -21.473846 41.110909 1.971578
v -20.935482 41.098057 -5.169296
v -30.902130 39.340797 -3.976261
v -13.782135 32.199314 3.886424
v -12.785470 26.410313 9.522214
v -9.974930 31.225912 6.904470
v -16.813541 30.727968 -6.671227
v -15.007949 21.209206 -7.062076
v -14.510998 30.152924 1.071681
v -13.782135 32.199314 3.886424
v -9.974930 31.225912 6.904470
v -9.378588 37.875877 3.531822
v -14.510998 30.152924 1.071681
v -13.489485 20.280781 4.307218
v -13.782135 32.199314 3.886424
v -14.000241 37.034191 -9.082514
v -9.177046 34.152538 -9.944588
v -16.813541 30.727968 -6.671227
v -9.961126 23.445135 -11.446519
v -12.785470 26.410313 9.522214
v -13.782135 32.199314 3.886424
v -13.489485 20.280781 4.307218
v -13.782135 32.199314 3.886424
v -9.378588 37.875877 3.531822
v -12.561841 38.576210 3.936855
v -12.561841 38.576210 3.936855
v -9.378588 37.875877 3.531822
v -12.771666 41.560661 1.049616
v -9.972170 40.384872 -2.144944
v -12.862773 41.615276 -5.465585
v -14.000241 37.034191 -9.082514
v -15.007949 21.209206 -7.062076
v -16.813541 30.727968 -6.671227
v -9.961126 23.445135 -11.446519
v 17.128279 31.364054 -5.110983
v 16.322111 30.287851 2.247380
v 14.880951 30.657293 -5.460856
v 30.902130 37.249432 3.112605
v 30.902130 39.430748 -0.579972
v 21.473846 41.110909 1.971578
v 20.935482 41.098057 -5.169296
v 30.902130 39.430748 -0.579972
v 30.902130 39.340797 -3.976261
v 30.902130 35.408646 -6.594004
v 20.424726 35.662434 -7.764975
v 20.424726 35.662434 -7.764975
v 17.086864 35.016712 -8.138488
v 20.935482 41.098057 -5.169296
v 15.275751 41.528538 -5.377329
v 21.473846 41.110909 1.971578
v 16.322111 30.287851 2.247380
v 17.128279 31.364054 -5.110983
v 30.902130 31.948734 -4.995935
v 15.275751 41.528538 -5.377329
v 15.499380 40.812141 1.388457
v 18.185680 38.001167 3.471934
v 30.902130 37.249432 3.112605
v 16.322111 30.287851 2.247380
v 30.902130 33.686722 3.112605
v 30.902130 31.948734 -4.995935
v 30.902130 35.408646 -6.594004
v 17.128279 31.364054 -5.110983
v 20.424726 35.662434 -7.764975
v 14.880951 30.657293 -5.460856
v 17.086864 35.016712 -8.138488
v 11.482351 34.891422 -8.352824
v 15.275751 41.528538 -5.377329
v 10.405622 39.511059 -4.839911
v 15.499380 40.812141 1.388457
v 10.698272 38.929588 0.885711
v 18.185680 38.001167 3.471934
v 12.989772 32.517357 3.419927
v 16.322111 30.287851 2.247380
v 14.052697 30.377802 1.010217
v 14.880951 30.657293 -5.460856
v 9.177046 34.152538 -9.944588
v 16.813541 30.727968 -6.671227
v 9.961126 23.445135 -11.446519
v 9.972170 40.384872 -2.144944
v 12.862773 41.615276 -5.465585
v 14.000241 37.030979 -9.082514
v 13.782135 32.199314 3.886424
v 13.489485 20.280781 4.307218
v 14.510998 30.152924 1.071681
v 13.489485 20.280781 4.307218
v 13.782135 32.199314 3.886424
v 12.785470 26.410313 9.522214
v 9.974930 31.225912 6.904470
v 9.378588 37.875877 3.531822
v 9.974930 31.225912 6.904470
v 13.782135 32.199314 3.886424
v 12.561841 38.576210 3.936855
v 9.378588 37.875877 3.531822
v 13.782135 32.199314 3.886424
v 16.813541 30.727968 -6.671227
v 9.177046 34.152538 -9.944588
v 14.000241 37.030979 -9.082514
v 12.862773 41.615276 -5.465585
v 9.972170 40.384872 -2.144944
v 12.771666 41.560661 1.049616
v 9.378588 37.875877 3.531822
v 12.561841 38.576210 3.936855
v 9.961126 23.445135 -11.446519
v 16.813541 30.727968 -6.671227
v 15.007949 21.209206 -7.062076
v 14.510998 30.152924 1.071681
v -4.041876 43.382175 1.664257
v -4.199244 46.556168 2.512146
v -5.612796 48.531879 -2.805290
v -4.199244 46.556168 2.512146
v -4.041876 43.382175 1.664257
v 0.000000 43.764465 5.210266
v 0.000000 41.322933 4.453784
v 4.199244 46.556168 2.512146
v 4.030833 43.382175 1.665833
v 5.612796 48.531879 -2.805290
v 5.692861 45.088036 -3.561772
v 0.000000 48.461205 -6.537269
v 0.000000 44.959534 -7.221253
v -5.612796 48.531879 -2.805290
v -5.703904 45.091248 -3.563348
v 11.355353 12.834107 -4.606661
v 14.055458 3.803650 5.859582
v 15.455206 4.597148 -1.311235
v -11.355353 12.834107 -4.606661
v -10.919139 5.390646 -7.022675
v -15.455206 4.597148 -1.311235
v 10.764532 25.803143 -12.127353
v 8.768441 17.514782 -11.446518
v 0.000000 21.353767 -13.217947
v 14.055458 3.803650 5.859582
v 11.355353 12.834107 -4.606661
v 12.131150 12.760219 6.132231
v 15.007949 21.209206 -7.062076
v 13.489485 20.280781 4.307218
v -13.489485 20.280781 4.307218
v -15.007949 21.209206 -7.062076
v -12.131150 12.760219 6.132231
v -11.355353 12.834107 -4.606661
v -14.055458 3.803650 5.859582
v -15.455206 4.597148 -1.311235
v 0.000000 5.991392 -9.134519
v -10.919139 5.390646 -7.022675
v -8.876114 11.513751 -7.325268
v -11.355353 12.834107 -4.606661
v -15.007949 21.209206 -7.062076
v -13.489485 20.280781 4.307218
v -12.131150 12.760219 6.132231
v -7.857363 13.238889 10.453633
v -8.768441 17.514782 -11.446518
v -10.764532 25.803143 -12.127353
v 0.000000 21.353767 -13.217947
v 0.000000 25.533285 -13.501628
v 10.764532 25.803143 -12.127353
v 0.000000 14.299028 12.333806
v -7.857363 13.238889 10.453633
v -7.934666 9.611928 9.594711
v -12.131150 12.760219 6.132231
v -14.055458 3.803650 5.859582
v -9.961126 23.445135 -11.446519
v 0.000000 22.870089 -12.921659
v 0.000000 10.193396 -8.619167
v 9.961126 23.445135 -11.446519
v 8.876114 11.513751 -7.325268
v 15.007949 21.209206 -7.062076
v 11.355353 12.834107 -4.606661
v -15.007949 21.209206 -7.062076
v -9.961126 23.445135 -11.446519
v -8.876114 11.513751 -7.325268
v 0.000000 10.193396 -8.619167
v 0.000000 5.991392 -9.134519
v 8.876114 11.513751 -7.325268
v 10.919139 5.390646 -7.022675
v 15.455206 4.597148 -1.311235
v -14.055458 3.803650 5.859582
v -8.757398 1.381394 10.738891
v -7.934666 9.611928 9.594711
v 0.000000 8.632103 11.452820
v 0.000000 14.299028 12.333806
v 7.934666 9.611928 9.594711
v 7.857363 13.238889 10.453633
v 12.131150 12.760219 6.132231
v 13.489485 20.280781 4.307218
v -8.757398 1.381394 10.738891
v 0.000000 0.690698 12.370055
v 0.000000 8.632103 11.452820
v 8.757398 1.381394 10.738891
v 7.934666 9.611928 9.594711
v 14.055458 3.803650 5.859582
v 12.131150 12.760219 6.132231
v 0.000000 32.379215 9.917790
v 0.000000 27.611805 15.233653
v 5.701143 32.382427 9.487541
v 0.000000 34.271404 -11.084039
v 0.000000 41.525326 -7.645198
v 9.177046 34.152538 -9.944588
v 0.000000 31.360840 9.098269
v 0.000000 27.438328 14.322722
v 9.974930 31.225912 6.904470
v 14.317738 16.396816 -2.972345
v 14.245956 21.530460 4.346618
v 14.430933 17.110001 4.291458
v 8.067187 18.378956 10.879155
v 7.857363 13.238889 10.453633
v 13.489485 20.280781 4.307218
v 0.000000 38.900677 6.412757
v 0.000000 41.322933 4.453784
v -4.041876 43.382175 1.664257
v -5.701143 32.382427 9.487541
v -9.177046 34.152538 -9.944588
v 14.000241 37.030979 -9.082514
v 9.177046 34.152538 -9.944588
v 9.972170 40.384872 -2.144944
v -9.177046 34.152538 -9.944588
v -9.972170 40.384872 -2.144944
v 0.000000 41.525326 -7.645198
v 9.972170 40.384872 -2.144944
v 9.177046 34.152538 -9.944588
v 0.000000 36.173229 -12.499290
v 6.570809 37.612450 -11.080887
v 10.764532 25.803143 -12.127353
v 0.000000 25.533285 -13.501628
v -10.764532 25.803143 -12.127353
v -6.570809 37.612450 -11.080887
v -6.162204 17.954903 14.188763
v 0.000000 18.594198 14.899541
v 0.000000 21.144957 16.308487
v 6.162204 17.954903 14.188763
v -14.168653 16.579931 4.293034
v -10.085364 14.877285 12.013877
v -9.845171 18.899387 11.838941
v -7.175434 14.649195 15.643415
v 0.000000 35.839123 8.387490
v 3.100428 32.257137 12.173052
v 8.404010 35.774876 7.331568
v 11.645241 21.321646 9.700303
v 0.000000 20.749813 14.549667
v 0.000000 18.854414 12.719927
v -12.730253 21.414808 10.171528
v -13.489485 20.280781 4.307218
v -8.067187 18.378956 10.879155
v -7.857363 13.238889 10.453633
v 0.000000 14.299028 12.333806
v 12.785470 26.410313 9.522214
v 11.645241 21.321646 9.700303
v 13.489485 20.280781 4.307218
v 15.007949 21.209206 -7.062076
v 14.510998 30.152924 1.071681
v -13.489485 20.280781 4.307218
v -12.730253 21.414808 10.171528
v -12.785470 26.410313 9.522214
v -9.974930 31.225912 6.904470
v -14.510998 30.152924 1.071681
v -15.007949 21.209206 -7.062076
v 9.378588 37.875877 3.531822
v 0.000000 38.460560 5.533347
v -9.378588 37.875877 3.531822
v -9.972170 40.384872 -2.144944
v -9.177046 34.152538 -9.944588
v -14.000241 37.034191 -9.082514
v 7.175434 14.649195 15.643415
v 9.845171 18.899387 11.838941
v 10.085364 14.877285 12.013877
v 14.168653 16.579931 4.293034
v 6.943523 42.607952 -4.973872
v 5.317386 41.146244 1.478289
v 10.626490 40.150356 2.633500
v -11.670089 21.189932 12.979967
v -6.214660 21.189932 15.889270
v -6.465897 24.922907 16.719824
v -6.943523 42.607952 -4.973872
v -10.626490 40.150356 2.633500
v -5.317386 41.146244 1.478289
v -8.404010 35.774876 7.331568
v -3.100428 32.257137 12.173052
v 6.465897 24.922907 16.719824
v 6.214660 21.189932 15.889270
v 11.670089 21.189932 12.979967
v -15.604292 20.833338 -3.200866
v -18.724047 19.313807 -7.062076
v -17.249756 14.877283 -6.831978
v 15.604292 20.833338 -3.200866
v 17.249756 14.877283 -6.831978
v 18.724047 19.313807 -7.062076
v -15.604292 20.833338 -3.200866
v -16.112288 21.353769 -8.448959
v -14.317738 16.396816 -2.972345
v -13.663418 15.975973 -8.081749
v 5.701143 32.382427 9.487541
v 10.921900 31.524679 8.154243
v 6.880024 38.778603 3.653174
v -11.090311 38.415585 4.272544
v -10.921900 31.524679 8.154243
v -5.701143 32.382427 9.487541
v 14.317738 16.396816 -2.972345
v 13.663418 15.972760 -8.081749
v 15.604292 20.833338 -3.200866
v 16.112288 21.353769 -8.448959
v -14.317738 16.396816 -2.972345
v -14.430933 17.110001 4.291458
v -14.245956 21.530460 4.346618
v 11.026812 41.322933 -6.984853
v 7.012544 37.300831 -12.526083
v 0.000000 41.955807 -9.891004
v -14.845060 24.029818 4.247329
v -12.851730 21.099979 10.280272
v -14.234913 27.923420 5.661004
v -12.109063 27.740305 12.310165
v -6.214660 28.157936 15.006708
v 6.214660 28.157936 15.006708
v 12.109063 27.740305 12.310165
v 14.234913 27.923420 5.661004
v 12.851730 21.099979 10.280272
v 14.845060 24.029818 4.247329
v 11.090311 38.415585 4.272544
v 10.990921 40.111805 -0.356180
v 7.236173 40.934216 -0.715509
v 10.894292 40.924580 -5.044792
v 7.595083 41.329361 -5.085768
v 11.752914 37.291195 -9.503306
v 6.570809 37.612450 -11.080887
v -6.880024 38.778603 3.653174
v -7.236173 40.934216 -0.715509
v -10.990921 40.111805 -0.356180
v -7.595083 41.329361 -5.085768
v -10.894292 40.924580 -5.044792
v -6.570809 37.612450 -11.080887
v -11.752914 37.291195 -9.503306
v 0.000000 34.412758 -15.118608
v -7.012544 37.300831 -12.526083
v -11.026812 41.322933 -6.984853
v 11.752914 37.291195 -9.503306
v 15.427598 25.517225 -9.610474
v 8.768441 17.514782 -11.446518
v 16.112288 21.353769 -8.448959
v 13.663418 15.972760 -8.081749
v -13.663418 15.975973 -8.081749
v -16.112288 21.353769 -8.448959
v -8.768441 17.514782 -11.446518
v -15.427598 25.517225 -9.610474
v -11.752914 37.291195 -9.503306
v 10.921900 31.524679 8.154243
v -10.921900 31.524679 8.154243
v 4.030833 43.382175 1.665833
v 5.692861 45.088036 -3.561772
v 0.000000 44.959534 -7.221253
v -5.703904 45.091248 -3.563348
v -21.131502 -13.756107 2.482207
v -19.668255 -10.476101 1.369548
v -19.254128 -13.688644 -5.219724
v -5.168300 -20.222958 -13.511080
v -2.650411 -14.003474 -14.672596
v 0.000000 -18.613470 -10.475698
v 0.000000 -7.077232 -12.652159
v 2.377087 -6.325497 -13.373969
v 0.000000 -13.621181 -13.706506
v 11.123442 -9.608716 -18.286373
v 10.800423 -14.652408 -20.067257
v 2.175545 -15.073252 -21.630653
v -18.980804 -4.218068 -0.143416
v -11.769479 -2.216655 -13.927147
v -11.123442 -9.608716 -18.286373
v 12.412756 -2.386918 12.478800
v 12.056607 3.800439 10.324402
v 6.217421 2.916990 12.834976
v -1.187163 -22.291834 1.363245
v -1.408031 -20.203680 1.252925
v -6.708852 -14.559242 9.468633
v 18.624655 -13.855695 8.748399
v 21.131502 -13.756107 2.482207
v 19.668255 -10.476101 1.369548
v 1.187163 -22.291834 1.363245
v 7.180956 -17.235291 10.343315
v 6.708852 -14.559242 9.468633
v 18.624655 -13.855695 8.748399
v 17.241472 -11.282448 8.106965
v 19.668255 -10.476101 1.369548
v 16.650652 -0.000000 -0.512201
v 12.793752 -5.548062 -11.435485
v 11.548612 0.504368 -8.697966
v 2.377087 -6.325497 -13.373969
v 0.000000 -0.070677 -10.423690
v 0.000000 -19.111416 8.619168
v 0.000000 -20.303268 3.181953
v 6.708852 -14.559242 9.468633
v 1.408031 -20.203680 1.252925
v 1.187163 -22.291834 1.363245
v 0.000000 -7.077232 -12.652159
v 0.000000 -13.621181 -13.706506
v -2.377087 -6.325497 -13.373969
v -5.168300 -20.222958 -13.511080
v -5.168300 -22.523138 -12.927959
v -14.464063 -18.738764 -12.921656
v -14.499954 -20.222958 -13.054039
v -19.273455 -14.430741 -5.284340
v -19.668255 -10.476101 1.369548
v -21.131502 -13.756107 2.482207
v -18.624655 -13.855695 8.748399
v -7.216847 -4.523259 11.216420
v -16.054310 -1.795810 7.679867
v -17.241472 -11.282448 8.106965
v -16.650652 -0.000000 -0.512201
v -17.241472 -11.282448 8.106965
v -6.708852 -14.559242 9.468633
v -7.216847 -4.523259 11.216420
v 0.000000 -10.970832 10.929589
v 0.000000 -5.381008 12.229791
v 7.216847 -4.523259 11.216420
v 0.000000 -5.111156 -18.276918
v 0.000000 -1.355694 -15.971224
v 1.388705 -10.068110 -21.072748
v 11.769479 -2.216655 -13.927147
v 0.000000 -5.111156 -18.276918
v 1.388705 -10.068110 -21.072748
v 16.976431 -2.749935 10.422114
v 20.899591 -10.643153 2.830504
v 20.085142 -3.154716 7.930452
v 19.259649 -12.548192 -6.634976
v -16.976431 -2.749935 10.422114
v -20.085142 -3.154716 7.930452
v -20.899591 -10.643153 2.830504
v -19.259649 -12.548192 -6.634976
v 18.265745 2.698536 2.248958
v 16.462914 4.603573 3.869090
v 15.706443 4.805964 -2.184342
v -11.841261 5.008354 -8.239349
v -15.706443 4.805964 -2.184342
v -16.462914 4.603573 3.869090
v 0.000000 3.848625 -10.574987
v -11.769479 -2.216655 -13.927147
v -11.841261 5.008354 -8.239349
v -18.174639 2.698536 2.248958
v -12.056607 3.800439 10.324402
v -10.281384 7.674765 10.685306
v -15.593248 8.330123 4.371835
v -2.175545 -15.073252 -21.630653
v -1.388705 -10.071322 -21.072748
v 0.000000 -5.111156 -18.276918
v 15.593248 8.330123 4.371835
v 10.281384 7.674765 10.685306
v 12.056607 3.800439 10.324402
v 0.000000 -5.111156 -18.276918
v -1.388705 -10.071322 -21.072748
v -3.451055 -26.940384 -27.020586
v -17.189016 -27.354801 -20.543211
v -2.175545 -15.073252 -21.630653
v -1.187163 -22.291834 1.363245
v -5.168300 -22.523138 -12.927959
v -1.408031 -20.203680 1.252925
v -5.168300 -20.222958 -13.511080
v 0.000000 -20.303268 3.181953
v 0.000000 -18.613470 -10.475698
v 1.408031 -20.203680 1.252925
v 5.168300 -20.222958 -13.511080
v 5.168300 -22.523138 -12.927959
v 14.464063 -18.738764 -12.921656
v 14.499954 -20.222958 -13.054039
v 0.000000 -0.070677 -10.423690
v -2.377087 -6.325497 -13.373969
v -11.548612 0.504368 -8.697966
v -12.793752 -5.548062 -11.435485
v -16.650652 -0.000000 -0.512201
v -16.976431 -2.749935 10.422114
v -12.056607 3.800439 10.324402
v -10.800423 -14.655621 -20.067257
v 10.800423 -14.652408 -20.067257
v 11.123442 -9.608716 -18.286373
v 19.259649 -12.548192 -6.634976
v 18.980804 -4.218068 -0.143416
v -1.408031 -20.203680 1.252925
v 0.000000 -20.303268 3.181953
v 0.000000 -19.111416 8.619168
v 0.000000 -10.970832 10.929589
v 6.708852 -14.559242 9.468633
v 7.216847 -4.523259 11.216420
v 17.241472 -11.282448 8.106965
v 16.054310 -1.795810 7.679867
v 19.668255 -10.476101 1.369548
v 16.650652 -0.000000 -0.512201
v 19.254128 -13.688644 -5.219724
v 12.793752 -5.548062 -11.435485
v 14.058219 -13.020436 -12.827095
v 2.377087 -6.325497 -13.373969
v 2.650411 -14.003474 -14.672596
v 19.273455 -14.430741 -5.284340
v 14.499954 -20.222958 -13.054039
v 19.254128 -13.688644 -5.219724
v 14.464063 -18.738764 -12.921656
v 14.058219 -13.020436 -12.827095
v 5.168300 -20.222958 -13.511080
v 2.650411 -14.003474 -14.672596
v 0.000000 -18.613470 -10.475698
v -2.650411 -14.003474 -14.672596
v -2.377087 -6.325497 -13.373969
v -14.058219 -13.020436 -12.827095
v -12.793752 -5.548062 -11.435485
v -19.254128 -13.688644 -5.219724
v -16.650652 -0.000000 -0.512201
v -19.668255 -10.476101 1.369548
v -17.241472 -11.282448 8.106965
v -18.624655 -13.855695 8.748399
v -6.708852 -14.559242 9.468633
v -7.180956 -17.235291 10.343315
v -1.187163 -22.291834 1.363245
v -11.769479 -2.216655 -13.927147
v -18.174639 2.698536 2.248958
v -12.056607 3.800439 10.324402
v -16.462914 4.603573 3.869090
v -14.869907 8.555001 -1.512965
v -11.200745 8.779878 -7.399340
v 0.000000 3.848625 -10.574987
v 12.056607 3.800439 10.324402
v 12.412756 -2.386918 12.478800
v 30.264376 -34.097927 -0.731263
v 26.255629 -31.158449 -9.826383
v 17.189016 -27.354801 -20.543211
v 3.451055 -26.940384 -27.020586
v 18.980804 -4.218068 -0.143416
v 18.265745 2.698536 2.248958
v 15.593248 8.330123 4.371835
v 15.706443 4.805964 -2.184342
v 14.869907 8.555001 -1.512965
v 11.841261 5.008354 -8.239349
v 11.200745 8.779878 -7.399340
v 0.000000 3.848625 -10.574987
v 0.000000 8.217683 -9.744434
v -5.806056 6.820229 12.472495
v -6.220182 2.913777 12.834976
v -12.415517 -2.386918 12.478800
v -30.264376 -34.097927 -0.731263
v -26.255629 -31.158449 -9.826383
v -17.189016 -27.354801 -20.543211
v -1.388705 -10.071322 -21.072748
v 0.000000 -1.355694 -15.971224
v 11.769479 -2.216655 -13.927147
v 11.841261 5.008354 -8.239349
v 12.857252 -36.857498 -9.697150
v 13.679983 -22.021978 -10.932738
v 20.905113 -23.666801 0.319931
v 14.834016 4.420459 -0.591001
v 14.176935 3.286432 5.495525
v 16.650652 -0.000000 -0.512201
v 16.054310 -1.795810 7.679867
v 0.712298 -27.592527 1.252925
v 2.139654 -21.003603 1.363245
v 5.786730 -22.863665 -12.448853
v 5.168300 -20.682348 -12.351141
v 13.679983 -17.260990 -12.573359
v 0.000000 0.719611 11.834214
v 7.216847 -4.523259 11.216420
v 8.202468 1.461708 10.203050
v 16.054310 -1.795810 7.679867
v 14.176935 3.286432 5.495525
v 20.905113 -23.666801 0.319931
v 19.676537 -12.127348 2.482207
v 15.422076 -23.477261 10.576565
v 16.879803 -12.657417 8.106965
v 7.051196 -24.958242 10.450484
v 7.180956 -16.451429 9.123488
v 0.712298 -27.592527 1.252925
v 2.139654 -21.003603 1.363245
v 5.292538 -32.221802 -11.156529
v 5.786730 -22.863665 -12.448853
v 13.679983 -22.021978 -10.932738
v 20.905113 -23.666801 0.319931
v 18.900740 -12.548191 -4.579867
v 19.676537 -12.127348 2.482207
v 13.679983 -22.021978 -10.932738
v 12.857252 -36.857498 -9.697150
v 5.292538 -32.221802 -11.156529
v 5.786730 -22.863665 -12.448853
v 0.712298 -27.592527 1.252925
v 5.168300 -22.523138 -12.927959
v 1.187163 -22.291834 1.363245
v 1.408031 -20.203680 1.252925
v -5.292538 -32.221802 -11.156529
v -5.786730 -22.863665 -12.448853
v -0.712298 -27.592527 1.252925
v -7.180956 -16.451429 9.123488
v -0.712298 -27.592527 1.252925
v -2.139654 -21.003603 1.363245
v -5.786730 -22.863665 -12.448853
v -5.292538 -32.221802 -11.156529
v -13.679983 -22.021978 -10.932738
v -12.857252 -36.857498 -9.697150
v -20.905113 -23.666801 0.319931
v -2.650411 -14.003474 -14.672596
v -5.168300 -20.222958 -13.511080
v -14.058219 -13.020436 -12.827095
v -14.464063 -18.738764 -12.921656
v -19.254128 -13.688644 -5.219724
v -19.273455 -14.430741 -5.284340
v -21.131502 -13.756107 2.482207
v -0.712298 -27.592527 1.252925
v -7.180956 -16.451429 9.123488
v -7.051196 -24.958242 10.450484
v -16.879803 -12.657417 8.106965
v -15.422076 -23.477261 10.576565
v -19.676537 -12.127348 2.482207
v -20.905113 -23.666801 0.319931
v -19.676537 -12.127348 2.482207
v -18.900740 -12.548191 -4.579867
v -13.679983 -17.260990 -12.573359
v -13.679983 -22.021978 -10.932738
v -5.168300 -20.682348 -12.351141
v -5.786730 -22.863665 -12.448853
v -2.139654 -21.003603 1.363245
v -0.712298 -27.592527 1.252925
v -11.548612 0.504368 -8.697966
v -14.834016 4.420459 -0.591001
v -10.643055 5.146492 -6.951755
v 10.281384 7.674765 10.685306
v 5.955141 6.820229 13.372393
v 12.056607 3.800439 10.324402
v 6.217421 2.916990 12.834976
v 0.000000 4.815600 -9.071479
v 10.643055 5.146492 -6.951755
v 11.548612 0.504368 -8.697966
v 14.834016 4.420459 -0.591001
v 16.650652 -0.000000 -0.512201
v -16.650652 -0.000000 -0.512201
v 0.000000 -0.070677 -10.423690
v -11.548612 0.504368 -8.697966
v -10.643055 5.146492 -6.951755
v 0.000000 6.601776 13.473257
v 0.000000 2.656774 13.835739
v 5.955141 6.820229 13.372393
v -5.806056 6.820229 12.472495
v 0.000000 2.656774 13.835739
v -6.220182 2.913777 12.834976
v -14.834016 4.420459 -0.591001
v -16.650652 -0.000000 -0.512201
v -14.176935 3.286432 5.495525
v -16.054310 -1.795810 7.679867
v -8.202468 1.461708 10.203050
v -7.216847 -4.523259 11.216420
v 0.000000 0.719611 11.834214
v 0.000000 -5.381008 12.229791
v 7.216847 -4.523259 11.216420
v 21.131502 -13.756107 2.482207
v 19.254128 -13.688644 -5.219724
v 19.668255 -10.476101 1.369548
v 19.273455 -14.430741 -5.284340
v 70.155815 33.397591 -1.802951
v 77.452728 32.305328 2.984950
v 73.540611 32.218590 4.400201
v 77.452728 32.305328 2.984950
v 70.155815 33.397591 -1.802951
v 77.391991 36.622986 -5.511289
v 71.641151 36.221416 -6.337115
v 77.703964 38.653313 -5.799698
v 69.901817 36.529819 2.635076
v 70.155815 33.397591 -1.802951
v 73.540611 32.218590 4.400201
v 73.540611 32.218590 4.400201
v 75.036987 34.480221 5.337923
v 69.901817 36.529819 2.635076
v 78.479759 39.466084 3.705182
v 70.462265 39.408260 0.712351
v 79.156166 40.590473 -0.609917
v 70.887436 39.366497 -5.018000
v 77.703964 38.653313 -5.799698
v 71.641151 36.221416 -6.337115
v 52.464325 36.475208 1.536601
v 42.638477 38.662949 -0.345148
v 42.748913 35.970840 2.329331
v 43.041561 32.501293 -3.453027
v 49.490894 35.591759 -6.712204
v 46.235859 32.491653 -3.158314
v 51.081142 31.184151 -3.131522
v 43.041561 32.501293 -3.453027
v 35.189720 30.978548 -3.549163
v 49.490894 35.591759 -6.712204
v 35.957237 35.633522 -7.065229
v 43.704166 38.646889 -4.116525
v 42.638477 38.662949 -0.345148
v 52.464325 36.475208 1.536601
v 43.704166 38.646889 -4.116525
v 51.177769 40.388084 -4.039301
v 49.490894 35.591759 -6.712204
v 52.121979 36.096127 -7.463958
v 42.906281 32.594456 -0.039402
v 43.041561 32.501293 -3.453027
v 46.235859 32.491653 -3.158314
v 46.235859 32.491653 -3.158314
v 51.081142 31.184151 -3.131522
v 42.906281 32.594456 -0.039402
v 52.464325 36.475208 1.536601
v 46.986809 40.914944 2.827348
v 37.969891 42.685055 -0.414492
v 43.831165 40.172844 4.319824
v 38.820232 40.169632 2.129178
v 41.313274 35.797359 7.374120
v 56.873390 31.293377 0.307319
v 69.901817 36.529819 2.635076
v 56.961739 36.847862 3.815503
v 48.220905 30.641232 -8.062838
v 51.337898 35.797359 -12.533963
v 50.448906 27.978033 -8.849264
v 50.592472 39.257271 -8.721609
v 44.195595 36.253544 -6.964365
v 49.074005 41.448223 -2.753282
v 69.901817 36.529819 2.635076
v 70.462265 39.408260 0.712351
v 56.983826 36.404533 -10.622270
v 71.641151 36.221416 -6.337115
v 70.155815 33.397591 -1.802951
v 56.829220 30.188263 -6.083377
v 34.747986 35.797359 -13.460653
v 36.669533 43.096256 -8.250384
v 38.519299 40.651512 -7.968279
v 38.480648 43.105896 -0.816373
v 40.440845 40.224243 -1.760399
v 48.361710 35.797359 -10.787750
v 43.596493 28.202911 -8.445807
v 43.466732 35.315479 -15.162737
v 50.882359 33.188778 -8.745249
v 49.582001 30.477390 -2.597257
v 44.195595 36.253544 -6.964365
v 50.882359 33.188778 -8.745249
v 50.890644 36.786823 2.026738
v 52.729366 36.867138 5.783932
v 54.504589 28.755468 -7.651501
v 53.389206 29.028534 1.126841
v 71.641151 36.221416 -6.337115
v 56.983826 36.404533 -10.622270
v 70.887436 39.366497 -5.018000
v 57.146717 43.305073 -6.493139
v 57.108063 43.350048 -0.080379
v 43.596493 43.269733 -8.445807
v 38.199039 35.797359 -10.751502
v 38.519299 30.641232 -8.088054
v 36.528732 28.112961 -8.294511
v 38.480648 28.395662 -0.816372
v 48.659882 28.675156 -0.534267
v 46.280033 31.068499 -0.723388
v 43.999577 31.351202 0.942448
v 41.260818 31.068499 -0.260043
v 43.999577 39.941540 0.942447
v 46.280033 40.224243 -0.723389
v 48.220905 40.931004 -7.943063
v 48.416927 42.534061 -0.579972
v 50.448906 43.202271 -8.448960
v 54.504589 28.755468 -7.651501
v 55.070560 36.491272 -12.626946
v 54.319611 45.470325 -7.925727
v 53.151775 45.515301 0.940871
v 58.634811 31.688519 -4.876158
v 59.029610 36.439869 -8.231472
v 58.494007 41.714867 -5.446673
v 57.616058 41.737350 -0.129235
v 57.270954 36.822163 3.008589
v 57.845207 31.919823 0.195422
v 58.634811 31.688519 -4.876158
v -77.391991 36.622986 -5.511289
v -81.991554 37.117718 -5.203968
v -77.703964 38.653313 -5.799698
v -73.540611 32.218590 4.400201
v -70.155815 33.397591 -1.802951
v -69.901817 36.529819 2.635076
v -73.540611 32.218590 4.400201
v -77.452728 32.305328 2.984950
v -70.155815 33.397591 -1.802951
v -77.391991 36.622986 -5.511289
v -71.641151 36.221416 -6.337115
v -77.703964 38.653313 -5.799698
v -71.641151 36.221416 -6.337115
v -77.703964 38.653313 -5.799698
v -70.887436 39.366497 -5.018000
v -79.156166 40.590473 -0.609917
v -70.462265 39.408260 0.712351
v -78.479759 39.466084 3.705182
v -69.901817 36.529819 2.635076
v -75.036987 34.480221 5.337923
v -73.540611 32.218590 4.400201
v -52.121979 36.096127 -7.463958
v -49.490894 35.591759 -6.712204
v -51.081142 31.184151 -3.131522
v -42.906281 32.594456 -0.039402
v -46.235859 32.491653 -3.158314
v -43.041561 32.501293 -3.453027
v -49.490894 35.591759 -6.712204
v -52.121979 36.096127 -7.463958
v -51.177769 40.388084 -4.039301
v -35.957237 35.633522 -7.065229
v -43.041561 32.501293 -3.453027
v -49.490894 35.591759 -6.712204
v -46.235859 32.491653 -3.158314
v -51.081142 31.184151 -3.131522
v -46.235859 32.491653 -3.158314
v -42.906281 32.594456 -0.039402
v -51.081142 31.184151 -3.131522
v -42.748913 35.970840 2.329331
v -52.464325 36.475208 1.536601
v -42.638477 38.662949 -0.345148
v -51.177769 40.388084 -4.039301
v -43.704166 38.646889 -4.116525
v -49.490894 35.591759 -6.712204
v -35.498936 39.263695 -4.253638
v -35.957237 35.633522 -7.065229
v -49.074005 41.448223 -2.753282
v -53.151775 45.515301 0.940871
v -52.729366 36.867138 5.783932
v -56.983826 36.404533 -10.622270
v -71.641151 36.221416 -6.337115
v -70.887436 39.366497 -5.018000
v -56.873390 31.293377 0.307319
v -56.961739 36.847862 3.815503
v -70.155815 33.397591 -1.802951
v -69.901817 36.529819 2.635076
v -71.641151 36.221416 -6.337115
v -56.983826 36.404533 -10.622270
v -56.829220 30.188263 -6.083377
v -36.669533 43.096256 -8.250384
v -34.747986 35.797359 -13.460653
v -38.519299 40.651512 -7.968279
v -38.199039 35.797359 -10.751502
v -43.596493 43.269733 -8.445807
v -43.466732 35.315479 -15.162737
v -46.280033 31.068499 -0.723388
v -48.659882 28.675156 -0.534267
v -48.220905 30.641232 -8.062838
v -50.448906 27.978033 -8.849264
v -51.337898 35.797359 -12.533963
v -36.528732 28.112961 -8.294511
v -38.480648 28.395662 -0.816372
v -38.519299 30.641232 -8.088054
v -41.260818 31.068499 -0.260043
v -43.596493 28.202911 -8.445807
v -43.999577 31.351202 0.942448
v -50.882359 33.188778 -8.745249
v -50.592472 39.257271 -8.721609
v -44.195595 36.253544 -6.964365
v -53.389206 29.028534 1.126841
v -49.582001 30.477390 -2.597257
v -50.890644 36.786823 2.026738
v -54.504589 28.755468 -7.651501
v -50.882359 33.188778 -8.745249
v -44.195595 36.253544 -6.964365
v -69.901817 36.529819 2.635076
v -56.961739 36.847862 3.815503
v -70.462265 39.408260 0.712351
v -57.108063 43.350048 -0.080379
v -57.146717 43.305073 -6.493139
v -48.361710 35.797359 -10.787750
v -48.220905 40.931004 -7.943063
v -50.448906 43.202271 -8.448960
v -48.416927 42.534061 -0.579972
v -46.280033 40.224243 -0.723389
v -43.999577 39.941540 0.942447
v -40.440845 40.224243 -1.760399
v -38.480648 43.105896 -0.816373
v -54.319611 45.470325 -7.925727
v -55.070560 36.491272 -12.626946
v -54.504589 28.755468 -7.651501
v -58.634811 31.688519 -4.876158
v -57.845207 31.919823 0.195422
v -57.270954 36.822163 3.008589
v -57.616058 41.737350 -0.129235
v -58.494007 41.714867 -5.446673
v -59.029610 36.439869 -8.231472
v -58.634811 31.688519 -4.876158
v 14.740148 -98.580078 -1.476709
v 12.117346 -98.904549 -9.200704
v 13.586115 -93.231194 -1.404213
v 9.500065 -93.375763 -6.663338
v 6.051771 -98.795319 -1.476709
v 7.338324 -93.327576 -1.079556
v 6.976653 -98.698944 -9.240104
v 12.117346 -98.904549 -9.200704
v 14.740148 -98.580078 -1.476709
v 13.586115 -93.231194 -1.404213
v 13.655136 -99.229012 9.826392
v 10.607164 -93.083420 3.769809
v 8.517205 -98.949524 9.853185
v 6.051771 -98.795319 -1.476709
v 8.517205 -98.949524 9.853185
v 7.338324 -93.327576 -1.079556
v 10.607164 -93.083420 3.769809
v 6.504549 -61.931396 5.739812
v 9.141155 -61.276035 5.765028
v 5.955141 -56.148819 8.303968
v 14.345347 -56.543961 1.435744
v 18.591524 -68.970078 -0.735989
v 14.519280 -64.405052 -10.078540
v 11.457504 -53.732986 -5.383626
v 14.345347 -56.543961 1.435744
v 11.827457 -59.827179 -6.556173
v 14.519280 -64.405052 -10.078540
v 6.794438 -69.747513 3.700462
v 6.794438 -69.747513 3.700462
v 6.504549 -61.931396 5.739812
v 2.114807 -69.782852 -0.600453
v 4.409068 -61.963520 0.494870
v 5.955141 -56.148819 8.303968
v 6.446571 -49.257915 8.576618
v 2.603476 -56.206642 1.347487
v 2.493042 -49.055523 0.702902
v 6.305768 -47.250076 -7.134567
v 14.345347 -56.543961 1.435744
v 11.951695 -55.904667 7.928880
v 11.780523 -60.623890 5.686227
v 5.899924 -49.052311 -6.961206
v 11.705980 -49.174389 -7.347327
v 6.068336 -51.917900 -6.382812
v 1.523986 -49.392841 -0.217485
v 5.899924 -49.052311 -6.961206
v 6.068336 -51.917900 -6.382812
v 15.869333 -55.968918 2.219018
v 16.294502 -58.159870 -1.448344
v 16.076397 -55.779377 -0.847886
v 13.638571 -57.546272 -7.813824
v 13.638571 -55.223606 -6.915501
v 18.591524 -68.970078 -0.735989
v 14.345347 -56.543961 1.435744
v 14.146566 -69.779633 4.408088
v 11.780523 -60.623890 5.686227
v 9.141155 -61.276035 5.765028
v 11.951695 -55.904667 7.928880
v 5.955141 -56.148819 8.303968
v 6.446571 -49.257915 8.576618
v 12.578407 -48.997700 8.239353
v 14.488911 -49.071587 2.772195
v 11.416091 -47.224377 -6.991151
v 11.457504 -53.732986 -5.383626
v 6.305768 -47.250076 -7.134567
v 6.736460 -53.732986 -5.434058
v 2.603476 -56.206642 1.347487
v 4.409068 -61.963520 0.494870
v 5.955141 -56.148819 8.303968
v 6.504549 -61.931396 5.739812
v 18.202246 -65.609756 1.175704
v 14.596584 -61.700092 4.913985
v 11.228354 -68.674522 7.074687
v 4.152310 -57.890015 9.682973
v 11.162093 -63.181072 6.761062
v 10.883248 -58.648174 11.402393
v 12.241584 -61.041519 -6.828820
v 6.465897 -69.814972 -8.447375
v 7.015305 -61.150745 -6.523075
v 8.147251 -81.502205 -6.417482
v 6.352703 -80.435638 -0.816364
v 3.804443 -71.244553 -1.407367
v 2.371565 -56.849152 5.690954
v 2.390891 -54.709599 1.185159
v 2.722192 -59.293896 1.057504
v 15.540792 -61.221424 0.449166
v 10.999204 -61.941032 5.352115
v 10.996443 -73.184929 6.363910
v 11.827457 -59.827179 -6.556173
v 14.519280 -64.405052 -10.078540
v 7.136782 -59.901070 -6.264612
v 7.324520 -64.478943 -9.804317
v 16.358002 -58.548588 1.057503
v 5.910968 -61.725792 6.426949
v 16.358002 -58.548588 1.057503
v 16.609240 -56.784901 3.783990
v 14.596584 -61.700092 4.913985
v 15.560118 -57.732601 7.876872
v 15.869333 -55.968918 2.219018
v 15.946637 -58.365475 1.878601
v 16.294502 -58.159870 -1.448344
v 7.266542 -55.043705 -7.224398
v 13.638571 -55.223606 -6.915501
v 7.266542 -57.417774 -8.136904
v 13.638571 -57.546272 -7.813824
v 2.760844 -54.969814 -1.456224
v 7.266542 -55.043705 -7.224398
v 2.879561 -57.202534 -1.448344
v 7.266542 -57.417774 -8.136904
v 2.316348 -54.905563 1.361671
v 2.760844 -54.969814 -1.456224
v 2.465434 -57.022629 1.145759
v 2.879561 -57.202534 -1.448344
v 7.338324 -93.327576 -1.079556
v 9.500065 -93.375763 -6.663338
v 11.162093 -63.181072 6.761062
v 5.910968 -61.725792 6.426949
v 1.736571 -65.998474 2.674484
v 2.722192 -59.293896 1.057504
v 10.607164 -52.107441 10.152622
v 14.240435 -52.888088 6.798885
v 16.164743 -54.112064 1.178855
v 14.345347 -69.602943 -8.786217
v 17.487188 -69.898499 -1.497199
v 10.645816 -84.579819 3.544440
v 11.457504 -53.732986 -5.383626
v 6.736460 -53.732986 -5.434058
v 4.409068 -61.963520 0.494870
v 2.114807 -69.782852 -0.600453
v 7.338324 -93.327576 -1.079556
v 10.645816 -84.579819 3.544440
v 6.352703 -80.435638 -0.816364
v 3.804443 -71.244553 -1.407367
v 4.204766 -61.761131 -0.447580
v 12.512146 -81.293388 -6.738987
v 13.586115 -93.231194 -1.404213
v 15.264708 -85.142014 -1.716262
v 10.607164 -93.083420 3.769809
v 5.184866 -53.167580 8.344945
v 4.204766 -61.761131 -0.447580
v -14.740148 -98.580078 -1.476709
v -13.586115 -93.231194 -1.404213
v -12.117346 -98.904549 -9.200704
v -9.500065 -93.375763 -6.663338
v -12.117346 -98.904549 -9.200704
v -6.976653 -98.698944 -9.240104
v -7.338324 -93.327576 -1.079556
v -6.051771 -98.795319 -1.476709
v -8.517205 -98.949524 9.853185
v -10.607164 -93.083420 3.769809
v -13.655136 -99.229012 9.826392
v -13.586115 -93.231194 -1.404213
v -14.740148 -98.580078 -1.476709
v -10.607164 -93.083420 3.769809
v -8.517205 -98.949524 9.853185
v -7.338324 -93.327576 -1.079556
v -6.051771 -98.795319 -1.476709
v -14.345347 -56.543961 1.435744
v -11.416091 -47.224377 -6.991151
v -11.457504 -53.732986 -5.383626
v -6.794438 -69.747513 3.700462
v -6.504549 -61.931396 5.739812
v -9.141155 -61.276035 5.765028
v -5.955141 -56.148819 8.303968
v -6.794438 -69.747513 3.700462
v -2.114807 -69.782852 -0.600453
v -6.504549 -61.931396 5.739812
v -4.409068 -61.963520 0.494870
v -5.955141 -56.148819 8.303968
v -6.736460 -53.732986 -5.434058
v -6.305768 -47.250076 -7.134567
v -2.603476 -56.206642 1.347487
v -2.493042 -49.055523 0.702902
v -6.446571 -49.257915 8.576618
v -11.780523 -60.623890 5.686227
v -11.951695 -55.904667 7.928880
v -14.345347 -56.543961 1.435744
v -6.068336 -51.917900 -6.382812
v -11.548612 -52.059254 -6.724805
v -5.899924 -49.052311 -6.961206
v -11.705980 -49.174389 -7.347327
v -6.068336 -51.917900 -6.382812
v -5.899924 -49.052311 -6.961206
v -1.523986 -49.392841 -0.217485
v -13.638571 -55.223606 -6.915501
v -16.294502 -58.159870 -1.448344
v -16.076397 -55.779377 -0.847886
v -15.946637 -58.365475 1.878601
v -15.869333 -55.968918 2.219018
v -14.519280 -64.405052 -10.078540
v -14.345347 -56.543961 1.435744
v -11.827457 -59.827179 -6.556173
v -11.457504 -53.732986 -5.383626
v -7.136782 -59.901070 -6.264612
v -6.736460 -53.732986 -5.434058
v -4.409068 -61.963520 0.494870
v -2.603476 -56.206642 1.347487
v -6.446571 -49.257915 8.576618
v -5.955141 -56.148819 8.303968
v -11.951695 -55.904667 7.928880
v -9.141155 -61.276035 5.765028
v -14.146566 -69.779633 4.408088
v -14.345347 -56.543961 1.435744
v -18.591524 -68.970078 -0.735989
v -14.519280 -64.405052 -10.078540
v -11.416091 -47.224377 -6.991151
v -14.488911 -49.071587 2.772195
v -12.578407 -48.997700 8.239353
v -5.955141 -56.148819 8.303968
v -6.446571 -49.257915 8.576618
v -5.910968 -61.725792 6.426949
v -1.736571 -65.998474 2.674484
v -2.722192 -59.293896 1.057504
v -16.609240 -56.784901 3.783990
v -16.164743 -54.112064 1.178855
v -16.358002 -58.548588 1.057503
v -10.999204 -61.941032 5.352115
v -3.804443 -71.244553 -1.407367
v -4.204766 -61.761131 -0.447580
v -4.409068 -61.963520 0.494870
v -2.114807 -69.782852 -0.600453
v -7.136782 -59.901070 -6.264612
v -7.324520 -64.478943 -9.804317
v -11.827457 -59.827179 -6.556173
v -14.519280 -64.405052 -10.078540
v -16.358002 -58.548588 1.057503
v -18.202246 -65.609756 1.175704
v -14.596584 -61.700092 4.913985
v -11.228354 -68.674522 7.074687
v -2.722192 -59.293896 1.057504
v -2.371565 -56.849152 5.690954
v -5.910968 -61.725792 6.426949
v -4.152310 -57.890015 9.682973
v -11.162093 -63.181072 6.761062
v -10.883248 -58.648174 11.402393
v -14.596584 -61.700092 4.913985
v -15.560118 -57.732601 7.876872
v -7.266542 -57.417774 -8.136904
v -13.638571 -57.546272 -7.813824
v -7.266542 -55.043705 -7.224398
v -13.638571 -55.223606 -6.915501
v -2.879561 -57.202534 -1.448344
v -7.266542 -57.417774 -8.136904
v -2.760844 -54.969814 -1.456224
v -7.266542 -55.043705 -7.224398
v -13.638571 -55.223606 -6.915501
v -13.638571 -57.546272 -7.813824
v -16.294502 -58.159870 -1.448344
v -2.465434 -57.022629 1.145759
v -2.879561 -57.202534 -1.448344
v -2.316348 -54.905563 1.361671
v -2.760844 -54.969814 -1.456224
v -15.264708 -85.142014 -1.716262
v -10.645816 -84.579819 3.544440
v -10.996443 -73.184929 6.363910
v -6.352703 -80.435638 -0.816364
v -9.500065 -93.375763 -6.663338
v -8.147251 -81.502205 -6.417482
v -7.338324 -93.327576 -1.079556
v -6.352703 -80.435638 -0.816364
v -11.162093 -63.181072 6.761062
v -14.240435 -52.888088 6.798885
v -10.607164 -52.107441 10.152622
v -15.540792 -61.221424 0.449166
v -17.487188 -69.898499 -1.497199
v -12.241584 -61.041519 -6.828820
v -14.345347 -69.602943 -8.786217
v -7.015305 -61.150745 -6.523075
v -6.465897 -69.814972 -8.447375
v -4.204766 -61.761131 -0.447580
v -3.804443 -71.244553 -1.407367
v -7.338324 -93.327576 -1.079556
v -10.607164 -93.083420 3.769809
v -13.586115 -93.231194 -1.404213
v -12.512146 -81.293388 -6.738987
v -5.184866 -53.167580 8.344945
v -2.390891 -54.709599 1.185159
v -30.902130 39.430748 -0.579972
v -21.473846 41.110909 1.971578
v -30.902130 39.340797 -3.976261
v -37.969891 28.867907 -0.414491
v -46.986809 29.558603 2.827349
v -46.061928 29.963385 -1.686326
v -30.902130 31.948734 -4.995935
v -17.128279 31.364054 -5.110983
v -30.902130 33.686722 3.112605
v -30.902130 35.408646 -6.594004
v -20.424726 35.662434 -7.764975
v -30.902130 31.948734 -4.995935
v -17.128279 31.364054 -5.110983
v -41.034428 28.308926 -3.419931
v -35.189720 30.978548 -3.549163
v -43.041561 32.501293 -3.453027
v -35.957237 35.633522 -7.065229
v -43.756622 30.670143 4.319825
v -38.820232 30.666931 2.129179
v -41.313274 35.797359 7.374120
v -40.468456 30.846832 -5.777633
v -27.879005 29.548965 -6.387547
v -38.240456 30.888596 1.906963
v -28.177177 29.773844 2.198524
v -28.185459 36.754700 4.847785
v -35.498936 39.263695 -4.253638
v -43.704166 38.646889 -4.116525
v -34.259315 39.543186 0.182813
v -42.638477 38.662949 -0.345148
v -34.242752 36.051151 3.172493
v -42.748913 35.970840 2.329331
v -34.019123 31.409027 0.414487
v -42.906281 32.594456 -0.039402
v -35.189720 30.978548 -3.549163
v -43.041561 32.501293 -3.453027
v -37.801479 35.797359 5.984084
v -38.820232 40.169632 2.129178
v -43.831165 40.172844 4.319824
v -37.969891 42.685055 -0.414492
v -46.986809 40.914944 2.827348
v -41.034428 43.266521 -3.419932
v -46.061928 41.345421 -1.686327
v -27.879005 29.548965 -6.387547
v -40.468456 30.846832 -5.777633
v -27.589117 36.308155 -9.580531
v -42.566696 35.460045 -8.540369
v -27.232967 42.238510 -6.831980
v -39.248161 40.015430 -5.574329
v -27.555986 42.652927 2.326179
v -37.304527 40.404148 1.314384
v -36.683338 35.887314 3.714638
v 30.902130 31.948734 -4.995935
v 17.128279 31.364054 -5.110983
v 30.902130 35.408646 -6.594004
v 46.986809 40.914944 2.827348
v 46.061928 41.345421 -1.686327
v 37.969891 42.685055 -0.414492
v 41.034428 43.266521 -3.419932
v 35.189720 30.978548 -3.549163
v 43.041561 32.501293 -3.453027
v 34.019123 31.409027 0.414487
v 42.906281 32.594456 -0.039402
v 34.242752 36.051151 3.172493
v 42.748913 35.970840 2.329331
v 34.259315 39.543186 0.182813
v 42.638477 38.662949 -0.345148
v 35.498936 39.263695 -4.253638
v 43.704166 38.646889 -4.116525
v 35.957237 35.633522 -7.065229
v 38.820232 40.169632 2.129178
v 37.801479 35.797359 5.984084
v 41.313274 35.797359 7.374120
v 38.820232 30.666931 2.129179
v 43.756622 30.670143 4.319825
v 37.969891 28.867907 -0.414491
v 46.986809 29.558603 2.827349
v 41.034428 28.308926 -3.419931
v 46.061928 29.963385 -1.686326
v 27.879005 29.548965 -6.387547
v 40.468456 30.846832 -5.777633
v 28.177177 29.773844 2.198524
v 38.240456 30.888596 1.906963
v 28.185459 36.754700 4.847785
v 36.683338 35.887314 3.714638
v 27.555986 42.652927 2.326179
v 37.304527 40.404148 1.314384
v 27.232967 42.238510 -6.831980
v 39.248161 40.015430 -5.574329
v 27.589117 36.308155 -9.580531
v 42.566696 35.460045 -8.540369
v 27.879005 29.548965 -6.387547
v 40.468456 30.846832 -5.777633
v -13.111249 -48.756760 8.367009
v -13.102967 -51.789398 8.412713
v -6.645352 -51.937176 9.358315
v -2.493042 -49.055523 0.702902
v -1.228576 -43.160507 0.858925
v -6.305768 -44.047173 9.875244
v -5.933054 -43.035221 -8.234618
v -0.604625 -36.822163 1.013374
v -1.228576 -43.160507 0.858925
v -6.446571 -49.257915 8.576618
v -0.712298 -27.592527 1.252925
v -5.292538 -32.221802 -11.156529
v -5.590710 -37.018127 -10.034414
v -12.857252 -36.857498 -9.697150
v -1.523986 -49.392841 -0.217485
v -6.706091 -48.821011 9.317340
v -1.656507 -52.659996 -0.176508
v -6.645352 -51.937176 9.358315
v -1.523986 -49.392841 -0.217485
v -1.656507 -52.659996 -0.176508
v -6.068336 -51.917900 -6.382812
v -6.706091 -48.821011 9.317340
v -11.705980 -49.174389 -7.347327
v -11.548612 -52.059254 -6.724805
v -14.626953 -51.821522 2.069297
v -14.718061 -48.894897 2.595683
v -5.933054 -43.035221 -8.234618
v -11.416091 -47.224377 -6.991151
v -12.009673 -42.742878 -7.995065
v -14.488911 -49.071587 2.772195
v -16.261374 -43.378963 1.032286
v -12.578407 -48.997700 8.239353
v -13.274139 -43.822292 9.638843
v -6.446571 -49.257915 8.576618
v -6.305768 -44.047173 9.875244
v -17.975857 -37.252644 0.740725
v -20.905113 -23.666801 0.319931
v -13.967111 -37.985104 10.598630
v -15.422076 -23.477261 10.576565
v -6.162204 -38.174644 10.732590
v -7.051196 -24.958242 10.450484
v -0.604625 -36.822163 1.013374
v -0.712298 -27.592527 1.252925
v -6.305768 -47.250076 -7.134567
v -6.736460 -53.732986 -5.434058
v -11.457504 -53.732986 -5.383626
v -12.009673 -42.742878 -7.995065
v -16.261374 -43.378963 1.032286
v -13.274139 -43.822292 9.638843
v -6.305768 -44.047173 9.875244
v -1.228576 -43.160507 0.858925
v 5.590710 -37.018127 -10.034414
v 1.228576 -43.160507 0.858925
v 0.604625 -36.822163 1.013374
v 2.493042 -49.055523 0.702902
v 6.446571 -49.257915 8.576618
v 6.305768 -44.047173 9.875244
v 12.009673 -42.742878 -7.995065
v 6.305768 -47.250076 -7.134567
v 5.933054 -43.035221 -8.234618
v 1.228576 -43.160507 0.858925
v 12.857252 -36.857498 -9.697150
v 5.292538 -32.221802 -11.156529
v 0.712298 -27.592527 1.252925
v 11.705980 -49.174389 -7.347327
v 11.548612 -52.059254 -6.724805
v 6.068336 -51.917900 -6.382812
v 1.523986 -49.392841 -0.217485
v 1.656507 -52.659996 -0.176508
v 6.706091 -48.821011 9.317340
v 6.645352 -51.937176 9.358315
v 6.068336 -51.917900 -6.382812
v 1.656507 -52.659996 -0.176508
v 1.523986 -49.392841 -0.217485
v 14.626953 -51.821522 2.069297
v 11.548612 -52.059254 -6.724805
v 11.705980 -49.174389 -7.347327
v 6.305768 -44.047173 9.875244
v 6.446571 -49.257915 8.576618
v 13.274139 -43.822292 9.638843
v 12.578407 -48.997700 8.239353
v 16.261374 -43.378963 1.032286
v 14.488911 -49.071587 2.772195
v 11.416091 -47.224377 -6.991151
v 0.712298 -27.592527 1.252925
v 0.604625 -36.822163 1.013374
v 7.051196 -24.958242 10.450484
v 6.162204 -38.174644 10.732590
v 15.422076 -23.477261 10.576565
v 13.967111 -37.985104 10.598630
v 20.905113 -23.666801 0.319931
v 17.975857 -37.252644 0.740725
v 14.718061 -48.894897 2.595683
v 13.111249 -48.756760 8.367009
v 13.102967 -51.789398 8.412713
v 6.706091 -48.821011 9.317340
v 6.645352 -51.937176 9.358315
v 5.933054 -43.035221 -8.234618
v 12.009673 -42.742878 -7.995065
v 16.261374 -43.378963 1.032286
v 13.274139 -43.822292 9.638843
v 6.305768 -44.047173 9.875244
v 1.228576 -43.160507 0.858925
v 77.817154 33.137375 5.933652
v 75.036987 34.480221 5.337923
v 73.540611 32.218590 4.400201
v 81.651970 33.220901 5.763444
v 81.729271 33.738121 4.836754
v 77.657028 34.303528 4.510520
v 81.676819 32.777573 4.118095
v 81.605034 32.131851 4.797354
v 77.452728 32.305328 2.984950
v 77.375420 31.071711 4.368680
v 77.391991 36.622986 -5.511289
v 77.703964 38.653313 -5.799698
v 80.945190 35.710625 -4.939199
v 81.991554 37.117718 -5.203968
v 84.821419 34.120415 -4.404933
v 83.440994 33.368679 -4.174838
v 73.540611 32.218590 4.400201
v 77.817154 33.137375 5.933652
v 81.605034 32.131851 4.797354
v 81.651970 33.220901 5.763444
v 85.274200 34.274616 2.983373
v 86.196320 34.965313 2.409707
v 82.662437 36.035088 3.692574
v 78.479759 39.466084 3.705182
v 83.686714 37.474308 2.969189
v 79.156166 40.590473 -0.609917
v 81.991554 37.117718 -5.203968
v 77.703964 38.653313 -5.799698
v 77.657028 34.303528 4.510520
v 79.128555 37.345806 4.083423
v 82.662437 36.035088 3.692574
v 85.274200 34.274616 2.983373
v 84.821419 34.120415 -4.404933
v 86.196320 34.965313 2.409707
v 84.821419 34.120415 -4.404933
v 79.128555 37.345806 4.083423
v 81.651970 33.220901 5.763444
v 81.605034 32.131851 4.797354
v 81.729271 33.738121 4.836754
v -73.540611 32.218590 4.400201
v -75.036987 34.480221 5.337923
v -77.817154 33.137375 5.933652
v -81.605034 32.131851 4.797354
v -81.676819 32.777573 4.118095
v -77.375420 31.071711 4.368680
v -77.452728 32.305328 2.984950
v -83.686714 37.474308 2.969189
v -81.991554 37.117718 -5.203968
v -86.196320 34.965313 2.409707
v -84.821419 34.120415 -4.404933
v -83.440994 33.368679 -4.174838
v -84.821419 34.120415 -4.404933
v -80.945190 35.710625 -4.939199
v -81.991554 37.117718 -5.203968
v -73.540611 32.218590 4.400201
v -77.817154 33.137375 5.933652
v -81.651970 33.220901 5.763444
v -81.605034 32.131851 4.797354
v -84.821419 34.120415 -4.404933
v -86.196320 34.965313 2.409707
v -85.274200 34.274616 2.983373
v -82.662437 36.035088 3.692574
v -79.128555 37.345806 4.083423
v -77.391991 36.622986 -5.511289
v -82.662437 36.035088 3.692574
v -85.274200 34.274616 2.983373
v -77.703964 38.653313 -5.799698
v -79.156166 40.590473 -0.609917
v -78.479759 39.466084 3.705182
v -77.657028 34.303528 4.510520
v -81.729271 33.738121 4.836754
v -81.651970 33.220901 5.763444
v -81.605034 32.131851 4.797354
v -81.651970 33.220901 5.763444
v -81.729271 33.738121 4.836754
v -77.657028 34.303528 4.510520
v -79.128555 37.345806 4.083423
v 8.144491 58.249821 5.810723
v 7.661343 55.956066 6.026635
v 8.801572 57.250721 4.226839
v 9.726454 60.071335 -2.713884
v 7.087087 60.472900 4.732735
v 9.894866 55.522373 -2.748555
v 7.733125 57.112579 5.249665
v 5.612796 48.531879 -2.805290
v 7.029110 52.094589 -0.436557
v 4.199244 46.556168 2.512146
v -4.199244 46.556168 2.512146
v -7.029110 52.094589 -0.436557
v -5.612796 48.531879 -2.805290
v -6.314051 53.479195 -2.726491
v -4.091571 53.591633 -5.538082
v 0.000000 48.461205 -6.537269
v -4.571958 62.406853 9.095115
v -7.183717 61.934608 5.423025
v -8.144491 58.249821 5.810723
v -8.252164 60.048843 3.835989
v -8.384684 57.250721 4.226839
v -9.800997 55.522373 -2.753283
v -7.686190 57.112579 5.249665
v -9.464174 60.071335 -2.718611
v -7.087087 60.472900 4.732735
v -7.661343 55.956066 6.026635
v -4.566436 56.068504 10.218806
v 0.000000 56.100632 11.074576
v 8.252164 60.048843 3.835989
v 7.183717 61.934608 5.423025
v 4.571958 62.406853 9.095115
v 0.000000 53.578785 -7.292174
v 4.091571 53.591633 -5.538082
v 6.314051 53.479195 -2.726491
v 4.566436 56.068504 10.218806
v 0.000000 62.477528 9.775949
v -4.571958 62.406853 9.095115
v -6.965610 -104.590744 -9.054135
v -6.427245 -103.379616 -2.578335
v -6.209139 -104.690338 -2.676047
v -8.517205 -98.949524 9.853185
v -8.547574 -104.096016 20.588924
v -5.502363 -104.998741 8.420597
v -16.300026 -104.889511 8.176316
v -14.740148 -98.580078 -1.476709
v -15.005189 -103.190079 -2.315142
v -15.143231 -104.471886 -2.676047
v -15.005189 -103.190079 -2.315142
v -13.379051 -104.796349 -9.014735
v -14.740148 -98.580078 -1.476709
v -12.117346 -98.904549 -9.200704
v -6.976653 -98.698944 -9.240104
v -6.051771 -98.795319 -1.476709
v -13.379051 -104.796349 -9.014735
v -12.117346 -98.904549 -9.200704
v -13.655136 -99.229012 9.826392
v -13.022902 -104.494370 19.268232
v -6.427245 -103.379616 -2.578335
v -6.051771 -98.795319 -1.476709
v -5.502363 -104.998741 8.420597
v -8.547574 -104.096016 20.588924
v -13.022902 -104.494370 19.268232
v -5.502363 -104.998741 8.420597
v -16.300026 -104.889511 8.176316
v -15.005189 -103.190079 -2.315142
v -6.427245 -103.379616 -2.578335
v -15.143231 -104.471886 -2.676047
v -6.209139 -104.690338 -2.676047
v -13.379051 -104.796349 -9.014735
v -6.965610 -104.590744 -9.054135
v 13.379051 -104.796349 -9.014735
v 6.965610 -104.590744 -9.054135
v 12.117346 -98.904549 -9.200704
v 6.209139 -104.690338 -2.676047
v 6.427245 -103.379616 -2.578335
v 15.143231 -104.471886 -2.676047
v 13.379051 -104.796349 -9.014735
v 15.005189 -103.190079 -2.315142
v 12.117346 -98.904549 -9.200704
v 14.740148 -98.580078 -1.476709
v 6.051771 -98.795319 -1.476709
v 6.976653 -98.698944 -9.240104
v 13.655136 -99.229012 9.826392
v 16.300026 -104.889511 8.176316
v 14.740148 -98.580078 -1.476709
v 15.005189 -103.190079 -2.315142
v 6.051771 -98.795319 -1.476709
v 6.427245 -103.379616 -2.578335
v 5.502363 -104.998741 8.420597
v 16.300026 -104.889511 8.176316
v 13.022902 -104.494370 19.268232
v 8.547574 -104.096016 20.588924
v 5.502363 -104.998741 8.420597
v 8.517205 -98.949524 9.853185
v 8.547574 -104.096016 20.588924
v 13.022902 -104.494370 19.268232
v 5.502363 -104.998741 8.420597
v 6.427245 -103.379616 -2.578335
v 15.005189 -103.190079 -2.315142
v 6.209139 -104.690338 -2.676047
v 15.143231 -104.471886 -2.676047
v 6.965610 -104.590744 -9.054135
v 13.379051 -104.796349 -9.014735
vn 0.3869 0.8370 -0.3869
vn 0.1102 0.8658 -0.4880
vn 0.3390 0.5992 0.7253
vn -0.0707 0.8953 0.4398
vn -0.2353 0.9410 0.2431
vn -0.0787 0.2915 0.9533
vn -0.0471 -0.7699 0.6364
vn -0.2279 -0.8645 -0.4479
vn -0.1888 -0.8183 -0.5429
vn -0.2279 -0.8645 -0.4480
vn -0.1571 -0.2043 -0.9662
vn -0.1889 -0.8183 -0.5429
vn -0.0785 0.0236 -0.9966
vn 0.0860 0.1486 -0.9852
vn 0.2194 0.8069 0.5484
vn 0.0629 0.2123 0.9752
vn -0.0472 -0.7700 0.6364
vn -0.0473 -0.6863 0.7258
vn -0.1176 0.7215 -0.6823
vn -0.1338 0.1731 -0.9758
vn 0.1802 -0.9470 0.2660
vn 0.1568 -0.2744 0.9487
vn 0.2194 0.8070 0.5484
vn -0.0706 0.8953 0.4398
vn -0.1177 0.7215 -0.6823
vn -0.2045 0.8575 -0.4720
vn -0.6673 0.2355 0.7066
vn -0.9030 0.2199 0.3690
vn -0.3153 0.5831 0.7487
vn -0.7073 -0.1022 -0.6995
vn -0.9299 -0.2679 -0.2522
vn -0.9718 -0.0862 0.2194
vn -0.6673 0.2356 0.7066
vn -0.3153 0.5832 0.7487
vn 0.0630 0.5353 0.8423
vn -0.9718 -0.0862 0.2195
vn -0.9392 -0.1408 0.3131
vn 0.3453 0.3295 -0.8788
vn -0.2122 0.4085 -0.8877
vn -0.4076 -0.1881 -0.8936
vn -0.9030 0.2198 0.3690
vn -0.9392 -0.1409 0.3130
vn -0.6674 0.2354 0.7065
vn 0.1881 0.3525 0.9167
vn 0.1880 0.3526 0.9167
vn 0.0629 0.5353 0.8423
vn 0.4397 0.8323 0.3376
vn 0.4234 0.8311 -0.3607
vn 0.6613 0.6771 -0.3228
vn 0.3452 0.3295 -0.8788
vn -0.9299 -0.2679 -0.2521
vn 0.2279 -0.8645 -0.4479
vn 0.0472 -0.7699 0.6364
vn 0.1888 -0.8183 -0.5429
vn 0.0788 0.2914 0.9533
vn 0.2353 0.9410 0.2431
vn 0.0707 0.8953 0.4398
vn 0.1176 0.7215 -0.6824
vn 0.2352 0.9411 0.2431
vn 0.2045 0.8575 -0.4720
vn 0.1176 0.7215 -0.6823
vn 0.1338 0.1731 -0.9758
vn 0.1571 -0.2043 -0.9662
vn 0.0785 0.0236 -0.9966
vn 0.1176 0.7216 -0.6823
vn -0.1101 0.8658 -0.4881
vn 0.0471 -0.7699 0.6364
vn 0.1098 -0.8711 -0.4787
vn -0.2193 0.8070 0.5484
vn -0.0629 0.2123 0.9752
vn 0.0788 0.2915 0.9533
vn 0.0473 -0.6863 0.7258
vn 0.1338 0.1732 -0.9758
vn 0.2279 -0.8645 -0.4480
vn 0.0785 0.0235 -0.9966
vn -0.0860 0.1485 -0.9852
vn -0.1102 0.8658 -0.4880
vn -0.3869 0.8370 -0.3869
vn -0.2194 0.8069 0.5484
vn -0.3390 0.5992 0.7253
vn -0.1568 -0.2744 0.9488
vn -0.1800 -0.9470 0.2661
vn 0.2122 0.4085 -0.8878
vn 0.7073 -0.1022 -0.6995
vn 0.4076 -0.1881 -0.8936
vn -0.4234 0.8311 -0.3606
vn -0.6613 0.6771 -0.3228
vn -0.3452 0.3296 -0.8788
vn 0.6673 0.2355 0.7066
vn 0.9240 -0.1488 0.3523
vn 0.9718 -0.0862 0.2194
vn 0.6673 0.2355 0.7065
vn 0.8781 0.1490 0.4547
vn 0.3153 0.5832 0.7487
vn -0.0630 0.5353 0.8423
vn -0.1880 0.3526 0.9167
vn 0.6673 0.2356 0.7065
vn 0.2121 0.4086 -0.8877
vn -0.3453 0.3295 -0.8788
vn -0.4397 0.8323 0.3376
vn -0.1881 0.3526 0.9167
vn 0.7073 -0.1021 -0.6995
vn 0.9299 -0.2679 -0.2522
vn 0.9718 -0.0862 0.2195
vn -0.7966 0.1577 0.5836
vn -0.8896 -0.2676 0.3700
vn -0.9335 -0.1412 -0.3295
vn -0.8896 -0.2677 0.3700
vn -0.7965 0.1577 0.5836
vn -0.0000 -0.2902 0.9570
vn -0.0000 0.2425 0.9701
vn 0.8896 -0.2676 0.3701
vn 0.7966 0.1577 0.5836
vn 0.9336 -0.1412 -0.3295
vn 0.8969 0.3461 -0.2754
vn -0.0000 -0.0862 -0.9963
vn -0.0000 0.4566 -0.8897
vn -0.8969 0.3461 -0.2754
vn 0.9466 0.0313 -0.3208
vn 0.8406 0.2671 0.4713
vn 0.9072 0.3629 -0.2130
vn -0.9466 0.0313 -0.3208
vn -0.5795 0.1175 -0.8065
vn -0.9072 0.3629 -0.2130
vn 0.2830 0.0157 -0.9590
vn 0.3849 -0.1885 -0.9035
vn 0.0001 -0.0863 -0.9963
vn 0.8405 0.2671 0.4713
vn 0.9107 -0.0628 0.4082
vn 0.9299 -0.2679 -0.2521
vn -0.9107 -0.0628 0.4082
vn -0.9467 0.0313 -0.3207
vn -0.8405 0.2671 0.4713
vn -0.0001 0.0628 -0.9980
vn -0.5794 0.1175 -0.8065
vn -0.4490 -0.1418 -0.8822
vn -0.9298 -0.2680 -0.2522
vn -0.9392 -0.1409 0.3131
vn -0.9107 -0.0628 0.4083
vn -0.5482 -0.1018 0.8301
vn -0.3849 -0.1885 -0.9035
vn -0.2830 0.0157 -0.9590
vn -0.0000 -0.0863 -0.9963
vn -0.0000 0.0236 -0.9997
vn -0.0000 -0.1337 0.9910
vn -0.4409 -0.0158 0.8974
vn -0.8406 0.2670 0.4713
vn -0.4076 -0.1882 -0.8936
vn -0.0000 -0.3209 -0.9471
vn -0.0000 -0.1810 -0.9835
vn 0.4076 -0.1882 -0.8936
vn 0.4490 -0.1418 -0.8822
vn -0.9299 -0.2680 -0.2521
vn -0.4489 -0.1418 -0.8822
vn -0.0000 -0.1809 -0.9835
vn -0.0000 0.0629 -0.9980
vn 0.5794 0.1175 -0.8065
vn -0.8405 0.2671 0.4714
vn -0.3455 0.1492 0.9265
vn -0.4408 -0.0157 0.8974
vn -0.0000 0.0393 0.9992
vn 0.4409 -0.0158 0.8974
vn 0.5482 -0.1018 0.8301
vn 0.9107 -0.0628 0.4083
vn 0.9240 -0.1487 0.3524
vn -0.3454 0.1492 0.9265
vn -0.0000 0.1096 0.9940
vn -0.0000 0.0394 0.9992
vn 0.3455 0.1492 0.9265
vn 0.4408 -0.0157 0.8974
vn 0.8405 0.2671 0.4714
vn -0.0000 0.7453 0.6668
vn -0.0000 0.5655 0.8247
vn 0.1493 0.7698 0.6205
vn -0.0000 0.4250 -0.9052
vn -0.0000 0.5975 -0.8019
vn 0.2121 0.4085 -0.8878
vn -0.0000 0.6456 0.7637
vn -0.0000 0.8019 0.5975
vn 0.3152 0.5832 0.7487
vn 0.9045 -0.1652 0.3933
vn 0.9886 -0.1177 0.0941
vn 0.9886 -0.1176 0.0941
vn 0.4795 -0.2751 0.8333
vn 0.9240 -0.1488 0.3524
vn -0.0000 0.5180 0.8554
vn -0.7965 0.1578 0.5836
vn -0.1493 0.7698 0.6205
vn -0.2121 0.4085 -0.8878
vn -0.3452 0.3295 -0.8788
vn 0.2122 0.4085 -0.8877
vn -0.4234 0.8311 -0.3607
vn -0.0000 0.1173 -0.9931
vn 0.2195 0.1489 -0.9642
vn -0.2195 0.1489 -0.9642
vn -0.3216 -0.3530 0.8786
vn -0.0000 -0.4783 0.8782
vn -0.0000 -0.2591 0.9659
vn 0.3216 -0.3530 0.8786
vn -0.8748 -0.1813 0.4492
vn -0.8288 0.0704 0.5551
vn -0.7400 -0.2362 0.6298
vn -0.6040 0.2824 0.7452
vn -0.0000 0.6992 0.7149
vn 0.0863 0.7608 0.6432
vn 0.0548 0.7514 0.6575
vn 0.6839 -0.4403 0.5817
vn 0.0157 -0.4090 0.9124
vn 0.0079 -0.2444 0.9696
vn -0.7238 -0.4957 0.4799
vn -0.4552 -0.3374 0.8240
vn 0.8781 0.1489 0.4547
vn 0.6839 -0.4402 0.5817
vn -0.7238 -0.4957 0.4800
vn -0.3152 0.5832 0.7487
vn -0.0629 0.5353 0.8423
vn -0.0000 0.4566 0.8897
vn 0.6040 0.2824 0.7452
vn 0.7400 -0.2362 0.6298
vn 0.8288 0.0704 0.5551
vn 0.8748 -0.1813 0.4492
vn 0.4085 0.8877 -0.2121
vn 0.4005 0.6596 0.6360
vn 0.1643 0.9153 0.3677
vn -0.7166 -0.2992 0.6300
vn -0.2595 -0.3382 0.9046
vn -0.2427 0.1174 0.9630
vn -0.4085 0.8878 -0.2121
vn -0.1643 0.9153 0.3677
vn -0.4005 0.6596 0.6360
vn -0.0548 0.7514 0.6575
vn -0.0863 0.7608 0.6432
vn 0.2427 0.1174 0.9630
vn 0.2595 -0.3382 0.9046
vn 0.7166 -0.2992 0.6300
vn -0.9045 -0.1652 0.3932
vn -0.7326 -0.1891 0.6539
vn -0.7326 -0.1891 0.6538
vn 0.7326 -0.1891 0.6538
vn 0.7326 -0.1891 0.6539
vn -0.9353 -0.3536 -0.0157
vn -0.9352 -0.3537 -0.0157
vn 0.1335 0.5731 0.8086
vn 0.1098 0.7769 0.6200
vn -0.1098 0.7769 0.6200
vn -0.1335 0.5730 0.8086
vn -0.1335 0.5731 0.8086
vn 0.9352 -0.3536 -0.0158
vn 0.9352 -0.3537 -0.0157
vn -0.9886 -0.1177 0.0942
vn -0.9886 -0.1176 0.0942
vn 0.1735 0.9540 -0.2444
vn 0.1182 0.7404 -0.6617
vn -0.0000 0.6912 -0.7226
vn -0.9545 -0.0235 0.2973
vn -0.8853 -0.2507 0.3917
vn -0.9303 0.1577 0.3311
vn -0.6230 0.4731 0.6229
vn -0.1650 0.6445 0.7466
vn 0.1650 0.6445 0.7466
vn 0.6230 0.4731 0.6229
vn 0.9303 0.1577 0.3311
vn 0.8853 -0.2507 0.3917
vn 0.9545 -0.0235 0.2973
vn 0.1253 0.9557 0.2664
vn 0.1254 0.9557 0.2664
vn 0.1804 0.9569 -0.2275
vn 0.1735 0.8046 -0.5679
vn -0.1254 0.9557 0.2663
vn -0.1253 0.9557 0.2663
vn -0.1415 0.9669 -0.2122
vn -0.1733 0.9218 -0.3467
vn -0.1648 0.8084 -0.5651
vn -0.2274 0.7761 -0.5881
vn -0.0000 0.5655 -0.8247
vn -0.1182 0.7404 -0.6617
vn -0.1734 0.9540 -0.2444
vn 0.3860 0.1733 -0.9061
vn 0.4651 -0.0631 -0.8830
vn 0.3850 -0.1886 -0.9035
vn 0.4643 -0.2203 -0.8578
vn 0.4796 -0.2752 -0.8333
vn -0.4795 -0.2751 -0.8333
vn -0.4643 -0.2204 -0.8578
vn -0.3850 -0.1886 -0.9035
vn -0.4651 -0.0631 -0.8830
vn -0.3860 0.1733 -0.9061
vn 0.5671 0.6853 0.4569
vn -0.5671 0.6853 0.4569
vn 0.7965 0.1578 0.5836
vn 0.8968 0.3462 -0.2754
vn -0.0000 0.4567 -0.8896
vn -0.8969 0.3462 -0.2753
vn -0.9533 0.2994 -0.0394
vn -0.9230 0.3708 0.1025
vn -0.8964 0.1887 -0.4010
vn 0.3221 -0.3691 -0.8718
vn 0.1972 -0.1420 -0.9700
vn -0.0000 -0.7453 -0.6668
vn -0.0000 0.2277 -0.9737
vn -0.0630 0.2752 -0.9593
vn -0.0000 -0.0785 -0.9969
vn 0.5738 0.2987 -0.7626
vn 0.5496 0.3062 -0.7773
vn -0.0628 0.2124 -0.9752
vn -0.9319 0.3054 -0.1958
vn -0.5170 0.4856 -0.7049
vn -0.5738 0.2988 -0.7625
vn 0.3866 0.1657 0.9073
vn 0.6765 0.2911 0.6765
vn 0.3225 0.0709 0.9439
vn 0.9603 0.0787 0.2677
vn 0.8453 -0.5323 0.0469
vn 0.0392 -0.2350 0.9712
vn 0.4884 0.4489 0.7483
vn 0.9533 0.2994 -0.0394
vn 0.9230 0.3708 0.1026
vn -0.9603 0.0787 0.2676
vn -0.4635 0.1964 0.8641
vn -0.0392 -0.2350 0.9712
vn 0.4883 0.4490 0.7483
vn 0.5438 0.2128 0.8118
vn 0.9279 0.3381 -0.1573
vn 0.5992 0.3390 -0.7253
vn 0.4562 0.4011 -0.7943
vn -0.0629 0.2752 -0.9593
vn -0.0000 0.3443 -0.9389
vn -0.0001 -0.6912 0.7226
vn -0.0000 -0.9899 0.1414
vn -0.0391 -0.2350 0.9712
vn -0.8453 -0.5322 0.0469
vn -0.9603 0.0787 0.2677
vn 0.0001 0.2277 -0.9737
vn 0.0001 -0.0785 -0.9969
vn 0.0630 0.2752 -0.9593
vn 0.3220 -0.3692 -0.8718
vn 0.5971 -0.0393 -0.8012
vn -0.3996 -0.0000 -0.9167
vn -0.4487 0.0866 -0.8895
vn -0.9140 0.0552 -0.4019
vn -0.9230 0.3708 0.1026
vn -0.4883 0.4490 0.7483
vn -0.2111 -0.0234 0.9772
vn -0.6765 0.2910 0.6765
vn -0.5439 0.2128 0.8117
vn -0.9279 0.3381 -0.1572
vn -0.5438 0.2128 0.8118
vn 0.0391 -0.2350 0.9712
vn -0.2111 -0.0235 0.9772
vn -0.0000 -0.2203 0.9754
vn -0.0000 -0.0785 0.9969
vn 0.2111 -0.0235 0.9772
vn -0.0000 0.3374 -0.9414
vn -0.0313 0.3766 -0.9258
vn 0.5170 0.4856 -0.7049
vn -0.0314 0.3767 -0.9258
vn -0.0629 0.2124 -0.9752
vn 0.6533 0.1181 0.7478
vn 0.9766 0.2127 0.0315
vn 0.9301 0.2995 0.2128
vn 0.8730 0.2989 -0.3854
vn -0.6533 0.1180 0.7478
vn -0.9300 0.2995 0.2129
vn -0.9766 0.2127 0.0315
vn -0.8730 0.2989 -0.3854
vn 0.9678 0.2518 -0.0000
vn 0.9428 0.2750 0.1885
vn 0.9209 0.2834 -0.2676
vn -0.6623 0.3785 -0.6466
vn -0.9229 0.2761 -0.2682
vn -0.9495 0.2511 0.1883
vn -0.5169 0.4856 -0.7049
vn -0.9720 0.2351 -0.0000
vn -0.6706 0.2998 0.6786
vn -0.4969 0.1656 0.8518
vn -0.9381 0.2286 0.2602
vn 0.0629 0.2122 -0.9752
vn 0.0314 0.3766 -0.9258
vn -0.0000 0.3373 -0.9414
vn 0.9381 0.2286 0.2602
vn 0.6040 0.1412 0.7844
vn -0.3214 0.3136 -0.8935
vn -0.6352 0.3764 -0.6744
vn 0.0629 0.2124 -0.9752
vn 0.9603 0.0787 0.2676
vn 0.5970 -0.0392 -0.8013
vn 0.8453 -0.5322 0.0470
vn 0.3220 -0.3691 -0.8718
vn -0.0000 -0.9900 0.1414
vn -0.0000 -0.7452 -0.6668
vn -0.8453 -0.5322 0.0470
vn -0.3220 -0.3692 -0.8718
vn -0.5970 -0.0393 -0.8013
vn 0.3996 -0.0000 -0.9167
vn 0.4487 0.0866 -0.8895
vn 0.0629 0.2752 -0.9593
vn -0.4562 0.4011 -0.7943
vn -0.5991 0.3390 -0.7253
vn -0.9279 0.3381 -0.1573
vn -0.6533 0.1181 0.7478
vn -0.6706 0.2998 0.6785
vn -0.5496 0.3062 -0.7773
vn 0.5739 0.2987 -0.7625
vn 0.9341 0.2983 -0.1963
vn 0.6765 0.2910 0.6765
vn -0.0000 -0.6912 0.7226
vn 0.9231 0.3707 0.1025
vn 0.8964 0.1888 -0.4010
vn 0.3938 0.1024 -0.9135
vn -0.1971 -0.1419 -0.9701
vn 0.9140 0.0551 -0.4019
vn 0.8964 0.1887 -0.4011
vn 0.3938 0.1023 -0.9135
vn -0.3220 -0.3691 -0.8718
vn -0.1972 -0.1420 -0.9700
vn 0.1972 -0.1419 -0.9700
vn -0.3938 0.1024 -0.9135
vn -0.5992 0.3390 -0.7253
vn -0.8964 0.1888 -0.4010
vn 0.4635 0.1964 0.8641
vn -0.5169 0.4856 -0.7050
vn -0.9381 0.2286 0.2601
vn -0.8862 0.2588 -0.3843
vn -0.4244 0.2436 -0.8721
vn 0.3866 0.1657 0.9072
vn 0.9178 0.2432 0.3138
vn 0.8582 0.3858 -0.3386
vn 0.6352 0.3764 -0.6744
vn 0.3214 0.3135 -0.8935
vn 0.9341 0.2983 -0.1962
vn 0.9428 0.2750 0.1886
vn 0.9381 0.2286 0.2601
vn 0.9209 0.2833 -0.2676
vn 0.8862 0.2588 -0.3843
vn 0.6603 0.3852 -0.6447
vn 0.4243 0.2436 -0.8721
vn -0.0000 0.1809 -0.9835
vn -0.4242 0.2436 -0.8722
vn -0.2522 0.1103 0.9614
vn -0.3053 0.1566 0.9393
vn -0.3866 0.1657 0.9073
vn -0.9178 0.2432 0.3138
vn -0.8582 0.3858 -0.3386
vn 0.0629 0.2123 -0.9752
vn 0.0313 0.3766 -0.9258
vn 0.5169 0.4856 -0.7049
vn 0.6603 0.3852 -0.6446
vn 0.5348 -0.2123 -0.8179
vn 0.4573 -0.1576 -0.8752
vn 0.9886 -0.0942 -0.1177
vn 0.8883 0.3616 -0.2830
vn 0.8078 0.4470 0.3843
vn 0.9279 0.3381 -0.1572
vn -0.9902 0.0864 0.1100
vn -0.9989 0.0472 -0.0079
vn -0.6629 -0.1026 -0.7417
vn -0.5352 -0.3069 -0.7870
vn 0.6528 -0.1652 -0.7393
vn -0.0000 0.0941 0.9956
vn 0.2111 -0.0234 0.9772
vn 0.3302 0.2437 0.9119
vn 0.9605 0.0393 0.2756
vn 0.5120 0.0237 0.8587
vn 0.3393 0.1342 0.9311
vn -0.4791 0.1021 0.8718
vn -0.6275 0.1647 0.7610
vn -0.9989 0.0472 -0.0078
vn -0.5028 -0.1178 -0.8563
vn -0.6628 -0.1025 -0.7417
vn 0.4573 -0.1577 -0.8752
vn 0.9886 -0.0941 -0.1177
vn 0.9468 0.0235 -0.3208
vn 0.9605 0.0394 0.2755
vn 0.5347 -0.2124 -0.8179
vn -0.5029 -0.1178 -0.8563
vn -0.5028 -0.1179 -0.8563
vn -0.5970 -0.0392 -0.8013
vn 0.5028 -0.1178 -0.8564
vn 0.6628 -0.1025 -0.7417
vn 0.9902 0.0865 0.1100
vn 0.6276 0.1647 0.7609
vn 0.9902 0.0864 0.1100
vn 0.9989 0.0472 -0.0078
vn 0.5028 -0.1179 -0.8563
vn -0.4573 -0.1577 -0.8752
vn -0.5348 -0.2123 -0.8179
vn -0.9886 -0.0942 -0.1177
vn 0.1971 -0.1420 -0.9700
vn -0.3938 0.1023 -0.9135
vn -0.9533 0.2993 -0.0394
vn 0.6275 0.1648 0.7610
vn 0.4791 0.1021 0.8718
vn -0.3393 0.1341 0.9311
vn -0.5120 0.0237 0.8587
vn -0.9605 0.0394 0.2756
vn -0.9605 0.0394 0.2755
vn -0.9468 0.0235 -0.3208
vn -0.9886 -0.0941 -0.1177
vn -0.6528 -0.1652 -0.7393
vn 0.5352 -0.3069 -0.7870
vn 0.6628 -0.1026 -0.7417
vn 0.9989 0.0472 -0.0079
vn -0.4562 0.4011 -0.7944
vn -0.8883 0.3616 -0.2830
vn -0.5279 0.3861 -0.7564
vn 0.2112 -0.0000 0.9775
vn 0.3225 0.0708 0.9439
vn -0.0000 0.3209 -0.9471
vn 0.5279 0.3861 -0.7564
vn 0.4562 0.4011 -0.7944
vn -0.9279 0.3382 -0.1573
vn -0.0000 0.3442 -0.9389
vn -0.4561 0.4011 -0.7944
vn -0.5279 0.3861 -0.7565
vn -0.0703 0.0938 0.9931
vn -0.0000 0.0157 0.9999
vn 0.2111 -0.0000 0.9775
vn -0.0704 0.0938 0.9931
vn -0.0000 0.0158 0.9999
vn -0.3053 0.1565 0.9393
vn -0.8078 0.4470 0.3843
vn -0.6765 0.2911 0.6765
vn -0.3302 0.2437 0.9119
vn 0.2110 -0.0234 0.9772
vn 0.8964 0.1887 -0.4010
vn 0.9230 0.3708 0.1025
vn 0.9141 0.0551 -0.4018
vn 0.0078 -0.9955 -0.0941
vn 0.3141 -0.6752 -0.6674
vn -0.4720 -0.7237 0.5035
vn 0.3141 -0.6753 -0.6674
vn 0.0079 -0.9955 -0.0941
vn 0.4163 -0.6991 -0.5813
vn 0.1805 -0.2274 -0.9569
vn 0.1418 0.4332 -0.8900
vn -0.3367 0.0626 0.9395
vn 0.0078 -0.9955 -0.0940
vn -0.4720 -0.7237 0.5034
vn -0.0628 0.2198 0.9735
vn 0.0157 0.6370 0.7707
vn -0.0079 0.8609 0.5087
vn 0.2121 0.9741 -0.0785
vn 0.1174 0.8065 -0.5794
vn 0.1418 0.4332 -0.8901
vn 0.1804 -0.2275 -0.9569
vn 0.0628 0.4713 0.8797
vn 0.0473 0.8754 0.4811
vn 0.1102 0.0629 0.9919
vn 0.0706 -0.9415 -0.3296
vn -0.1022 -0.1966 -0.9751
vn -0.0943 -0.9041 -0.4167
vn -0.1255 -0.9412 -0.3137
vn 0.0707 -0.9415 -0.3296
vn 0.1174 -0.9315 -0.3444
vn 0.0629 -0.0236 -0.9977
vn -0.0000 0.9290 -0.3701
vn -0.0000 0.9290 -0.3700
vn -0.1888 0.8337 -0.5190
vn -0.1023 -0.1966 -0.9751
vn -0.2586 -0.0627 -0.9639
vn 0.0235 -0.9411 0.3372
vn 0.0706 -0.9415 -0.3295
vn -0.0944 -0.9041 -0.4167
vn -0.0944 -0.9042 -0.4167
vn -0.1256 -0.9412 -0.3137
vn 0.0235 -0.9411 0.3373
vn 0.0629 0.4713 0.8798
vn 0.1102 0.0630 0.9919
vn 0.0942 0.9421 0.3219
vn -0.0392 0.8775 0.4780
vn -0.2051 0.7415 0.6389
vn -0.2981 0.6510 0.6981
vn -0.3860 0.0393 0.9217
vn 0.1653 -0.8658 0.4723
vn 0.1255 0.1491 0.9808
vn -0.3940 -0.7409 -0.5439
vn -0.5563 0.0235 -0.8306
vn -0.7458 -0.4788 -0.4632
vn -0.5807 0.3610 -0.7297
vn -0.5565 -0.0000 -0.8308
vn -0.8246 0.5655 0.0157
vn -0.0078 0.8609 0.5087
vn 0.3056 0.0863 -0.9482
vn 0.2522 -0.9299 -0.2679
vn 0.6150 -0.0000 -0.7885
vn 0.7238 0.4957 -0.4799
vn 0.4314 0.7217 -0.5413
vn 0.7845 0.5884 -0.1961
vn 0.0628 0.9891 0.1334
vn 0.1809 -0.0000 -0.9835
vn 0.0235 -0.9492 -0.3138
vn 0.0236 -0.0079 -0.9997
vn -0.5257 -0.4237 -0.7376
vn -0.7299 -0.6828 0.0314
vn -0.5565 0.0001 -0.8308
vn -0.8975 -0.0157 0.4408
vn -0.5509 -0.0236 0.8342
vn -0.0315 -0.8892 -0.4564
vn -0.0157 -0.8729 0.4876
vn 0.3056 0.0862 -0.9483
vn 0.1175 0.8065 -0.5794
vn 0.2907 0.8327 -0.4713
vn 0.2133 0.8453 0.4898
vn -0.0000 0.9495 -0.3139
vn -0.1095 0.0078 -0.9940
vn 0.4167 -0.7234 -0.5505
vn 0.7078 -0.5112 -0.4876
vn 0.7400 -0.6455 -0.1889
vn -0.7397 -0.6610 -0.1259
vn -0.0472 -0.9909 0.1258
vn 0.0314 -0.9490 0.3137
vn 0.0942 -0.9886 0.1177
vn -0.0236 0.9436 0.3303
vn -0.0626 0.9857 0.1565
vn -0.3703 0.7643 -0.5279
vn -0.7247 0.6774 -0.1260
vn -0.6766 0.5585 -0.4799
vn -0.0314 -0.0550 -0.9980
vn -0.1644 0.8303 -0.5326
vn -0.1180 0.8651 0.4876
vn 0.6671 -0.6985 -0.2590
vn 0.7522 -0.0314 -0.6582
vn 0.7310 0.6210 -0.2830
vn 0.6214 0.6371 0.4562
vn 0.5272 -0.0000 0.8498
vn 0.5425 -0.6841 0.4875
vn -0.4164 -0.6991 -0.5813
vn -0.5496 0.5418 -0.6360
vn -0.1418 0.4332 -0.8901
vn 0.4720 -0.7237 0.5034
vn -0.0078 -0.9955 -0.0941
vn 0.3367 0.0626 0.9395
vn 0.4720 -0.7237 0.5035
vn -0.3141 -0.6752 -0.6674
vn -0.4163 -0.6991 -0.5813
vn -0.1804 -0.2274 -0.9569
vn -0.1418 0.4332 -0.8900
vn -0.1805 -0.2275 -0.9569
vn -0.1174 0.8065 -0.5794
vn -0.2120 0.9741 -0.0786
vn 0.0079 0.8609 0.5087
vn -0.0157 0.6370 0.7707
vn 0.0628 0.2198 0.9735
vn 0.2586 -0.0627 -0.9639
vn 0.1022 -0.1966 -0.9751
vn 0.1255 -0.9412 -0.3137
vn -0.0235 -0.9411 0.3372
vn 0.0944 -0.9041 -0.4167
vn -0.0706 -0.9415 -0.3295
vn 0.1023 -0.1967 -0.9751
vn 0.2586 -0.0627 -0.9640
vn 0.1887 0.8336 -0.5191
vn -0.0629 -0.0235 -0.9977
vn -0.0706 -0.9415 -0.3296
vn 0.0943 -0.9041 -0.4167
vn 0.0944 -0.9042 -0.4166
vn -0.0235 -0.9411 0.3373
vn 0.1254 -0.9412 -0.3138
vn -0.1102 0.0630 0.9919
vn -0.0629 0.4713 0.8798
vn -0.0473 0.8754 0.4811
vn 0.1887 0.8337 -0.5190
vn 0.1023 -0.1966 -0.9751
vn -0.0628 0.9034 -0.4242
vn -0.0629 -0.0236 -0.9977
vn 0.8246 0.5655 0.0157
vn 0.1180 0.8651 0.4876
vn 0.5509 -0.0236 0.8343
vn -0.3056 0.0862 -0.9482
vn -0.1804 -0.2275 -0.9569
vn -0.1175 0.8065 -0.5794
vn -0.1653 -0.8658 0.4723
vn -0.1255 0.1491 0.9808
vn -0.0079 -0.9955 -0.0940
vn 0.3366 0.0626 0.9396
vn -0.3056 0.0863 -0.9482
vn -0.2522 -0.9299 -0.2679
vn -0.7238 0.4957 -0.4799
vn -0.6150 -0.0000 -0.7885
vn -0.4314 0.7217 -0.5413
vn 0.1095 0.0078 -0.9940
vn -0.0236 -0.0079 -0.9997
vn 0.0472 -0.9909 0.1258
vn 0.7397 -0.6611 -0.1259
vn 0.3940 -0.7409 -0.5439
vn 0.7458 -0.4789 -0.4631
vn 0.5563 0.0235 -0.8306
vn -0.7078 -0.5112 -0.4876
vn -0.7400 -0.6455 -0.1889
vn -0.4167 -0.7234 -0.5505
vn -0.0942 -0.9886 0.1177
vn -0.0235 -0.9492 -0.3138
vn -0.0314 -0.9490 0.3137
vn 0.5257 -0.4237 -0.7376
vn 0.5807 0.3609 -0.7298
vn 0.5565 -0.0000 -0.8308
vn 0.0158 -0.8729 0.4876
vn 0.7299 -0.6828 0.0314
vn 0.8975 -0.0157 0.4408
vn 0.0315 -0.8892 -0.4564
vn 0.5566 0.0001 -0.8308
vn -0.1256 0.1491 0.9808
vn 0.0078 0.8609 0.5087
vn -0.2133 0.8453 0.4898
vn -0.2906 0.8327 -0.4713
vn -0.1809 -0.0000 -0.9835
vn 0.3703 0.7643 -0.5280
vn 0.6766 0.5585 -0.4799
vn 0.7247 0.6774 -0.1260
vn 0.0626 0.9857 0.1565
vn 0.0236 0.9436 0.3303
vn -0.0628 0.9891 0.1335
vn -0.7845 0.5884 -0.1961
vn 0.1644 0.8302 -0.5326
vn 0.0314 -0.0550 -0.9980
vn -0.6671 -0.6985 -0.2590
vn -0.5426 -0.6841 0.4875
vn -0.5272 -0.0000 0.8498
vn -0.6213 0.6371 0.4562
vn -0.7310 0.6209 -0.2830
vn -0.7523 -0.0314 -0.6581
vn 0.9720 0.2116 -0.1019
vn 0.6118 0.3059 -0.7294
vn 0.9588 0.2750 -0.0708
vn -0.0867 0.3151 -0.9451
vn -0.9887 0.1491 0.0157
vn -0.9555 0.2820 0.0861
vn -0.7147 0.2906 -0.6362
vn -0.0866 0.3150 -0.9451
vn 0.9720 0.2117 -0.1019
vn 0.9588 0.2751 -0.0707
vn 0.6199 0.6749 0.4003
vn 0.0157 0.5834 0.8120
vn -0.6464 0.6385 0.4178
vn -0.9887 0.1491 0.0158
vn -0.6464 0.6385 0.4177
vn -0.9555 0.2820 0.0862
vn 0.0158 0.5834 0.8120
vn -0.5583 -0.2123 0.8020
vn 0.0786 -0.3223 0.9434
vn -0.4084 -0.2435 0.8797
vn 0.9907 0.1337 0.0235
vn 0.9307 0.2737 0.2424
vn 0.5423 0.6210 -0.5659
vn 0.5564 -0.0157 -0.8308
vn 0.9907 0.1337 0.0236
vn 0.4227 0.4697 -0.7750
vn 0.5424 0.6210 -0.5659
vn -0.3301 -0.2437 0.9119
vn -0.3302 -0.2437 0.9119
vn -0.9513 0.1022 0.2909
vn -0.9988 -0.0472 -0.0157
vn -0.5028 -0.1179 0.8563
vn -0.9909 -0.1258 -0.0471
vn -0.9910 -0.1337 -0.0000
vn -0.5761 -0.2130 -0.7892
vn 0.9908 0.1336 0.0236
vn 0.6056 -0.2516 0.7550
vn 0.5492 -0.1805 0.8160
vn -0.4941 -0.1961 -0.8470
vn 0.7478 -0.1181 -0.6533
vn -0.6213 -0.1416 -0.7707
vn -0.9660 -0.0864 -0.2435
vn -0.4941 -0.1960 -0.8470
vn 0.9955 0.0392 0.0862
vn 0.9859 0.1017 -0.1331
vn 0.9859 0.1017 -0.1330
vn 0.9307 0.2738 0.2425
vn 0.5739 0.0472 0.8176
vn 0.6055 -0.2517 0.7550
vn -0.4085 -0.2435 0.8797
vn -0.4085 -0.2434 0.8797
vn 0.5960 -0.1725 0.7842
vn 0.9864 -0.1644 -0.0000
vn 0.6765 -0.1731 -0.7158
vn 0.5565 -0.0157 -0.8307
vn -0.5760 -0.2131 -0.7892
vn -0.5893 -0.1022 -0.8014
vn -0.9909 -0.1259 -0.0472
vn 0.7511 0.0626 0.6572
vn 0.8011 -0.1963 0.5655
vn 0.1653 -0.0708 0.9837
vn -0.5599 -0.2287 0.7964
vn 0.2046 -0.4721 0.8575
vn 0.1971 -0.2839 0.9384
vn 0.4945 0.2983 -0.8164
vn -0.5797 -0.0078 -0.8148
vn -0.5752 0.1891 -0.7958
vn -0.6934 -0.1655 -0.7013
vn -0.9427 -0.1493 0.2985
vn -0.9720 -0.1019 0.2116
vn -0.9667 -0.0786 0.2436
vn -0.9728 0.2118 0.0941
vn -0.9499 -0.1335 0.2826
vn 0.9665 0.1964 0.1651
vn -0.2829 0.0236 0.9589
vn -0.2118 -0.0942 0.9728
vn 0.5424 0.6209 -0.5659
vn -0.5759 0.3077 -0.7574
vn -0.5586 0.5114 -0.6530
vn 0.9788 -0.0234 0.2036
vn -0.6226 -0.3468 0.7015
vn 0.9788 -0.0235 0.2035
vn 0.9888 0.0079 0.1491
vn 0.8011 -0.1964 0.5655
vn 0.7993 -0.1254 0.5877
vn -0.4320 0.2592 -0.8638
vn -0.4319 0.2592 -0.8639
vn 0.5739 0.2988 -0.7625
vn -0.9262 0.0157 -0.3768
vn -0.4320 0.2592 -0.8639
vn -0.4320 0.2591 -0.8639
vn -0.9877 -0.0470 -0.1489
vn -0.9262 0.0157 -0.3767
vn -0.9556 0.2819 0.0862
vn 0.2046 -0.4720 0.8575
vn -0.6585 -0.0078 0.7525
vn -0.9499 -0.1334 0.2826
vn 0.1882 0.2822 0.9407
vn 0.8485 0.3457 0.4007
vn 0.9756 0.2124 0.0551
vn 0.5024 0.0471 -0.8634
vn 0.9920 0.0079 0.1260
vn 0.0078 -0.1491 0.9888
vn 0.5564 -0.0157 -0.8307
vn -0.5893 -0.1021 -0.8015
vn -0.9988 -0.0472 -0.0158
vn -0.9556 0.2820 0.0861
vn 0.0079 -0.1492 0.9888
vn -0.9427 -0.1492 0.2986
vn -0.9720 -0.1019 0.2117
vn -0.9715 0.0313 0.2350
vn 0.4391 -0.1490 -0.8860
vn 0.9588 0.2750 -0.0707
vn 0.9841 -0.1732 0.0394
vn -0.7286 0.3996 0.5563
vn -0.9715 0.0314 0.2351
vn -0.9720 0.2116 -0.1019
vn -0.9588 0.2751 -0.0707
vn -0.6118 0.3059 -0.7294
vn 0.0867 0.3151 -0.9451
vn -0.6118 0.3059 -0.7295
vn 0.0866 0.3150 -0.9451
vn 0.7147 0.2907 -0.6362
vn 0.9555 0.2820 0.0861
vn 0.9887 0.1491 0.0157
vn 0.6464 0.6385 0.4178
vn -0.0157 0.5834 0.8121
vn -0.6199 0.6749 0.4003
vn -0.9720 0.2117 -0.1019
vn -0.0158 0.5834 0.8121
vn 0.6464 0.6384 0.4178
vn 0.9555 0.2820 0.0862
vn 0.9887 0.1491 0.0158
vn -0.9907 0.1336 0.0236
vn -0.6765 -0.1730 -0.7158
vn -0.5565 -0.0156 -0.8307
vn 0.3301 -0.2437 0.9119
vn 0.5583 -0.2123 0.8020
vn -0.0786 -0.3223 0.9434
vn 0.4084 -0.2435 0.8797
vn 0.3302 -0.2437 0.9119
vn 0.9513 0.1021 0.2909
vn 0.9988 -0.0472 -0.0157
vn 0.5893 -0.1021 -0.8014
vn 0.5761 -0.2130 -0.7891
vn 0.9909 -0.1258 -0.0472
vn 0.9910 -0.1337 -0.0000
vn 0.5028 -0.1179 0.8563
vn -0.5492 -0.1804 0.8160
vn -0.6056 -0.2516 0.7550
vn -0.9907 0.1337 0.0236
vn 0.6213 -0.1415 -0.7707
vn -0.5412 -0.2039 -0.8158
vn 0.4941 -0.1961 -0.8470
vn -0.7478 -0.1181 -0.6533
vn 0.6213 -0.1416 -0.7707
vn 0.4941 -0.1960 -0.8470
vn 0.9660 -0.0864 -0.2435
vn -0.5739 0.2987 -0.7625
vn -0.9859 0.1017 -0.1330
vn -0.9955 0.0393 0.0861
vn -0.9955 0.0392 0.0862
vn -0.5424 0.6210 -0.5659
vn -0.4228 0.4697 -0.7750
vn -0.5564 -0.0156 -0.8307
vn 0.5759 0.3076 -0.7574
vn 0.5893 -0.1021 -0.8015
vn 0.9988 -0.0472 -0.0158
vn 0.9909 -0.1259 -0.0472
vn 0.5028 -0.1178 0.8564
vn 0.4085 -0.2435 0.8797
vn -0.6055 -0.2517 0.7550
vn -0.5492 -0.1805 0.8160
vn -0.5739 0.0472 0.8176
vn -0.9307 0.2737 0.2425
vn -0.5424 0.6209 -0.5660
vn -0.9864 -0.1644 -0.0000
vn -0.5960 -0.1725 0.7842
vn 0.5028 -0.1178 0.8563
vn 0.6226 -0.3468 0.7015
vn 0.6585 -0.0078 0.7525
vn 0.9499 -0.1334 0.2826
vn -0.9888 0.0079 0.1491
vn -0.9756 0.2124 0.0551
vn -0.9788 -0.0235 0.2035
vn 0.2829 0.0236 0.9589
vn 0.9720 -0.1019 0.2117
vn 0.9715 0.0314 0.2350
vn 0.9988 -0.0471 -0.0157
vn 0.9513 0.1022 0.2909
vn 0.5759 0.3077 -0.7574
vn 0.5586 0.5114 -0.6530
vn -0.4227 0.4697 -0.7750
vn -0.5424 0.6209 -0.5659
vn -0.9788 -0.0235 0.2036
vn -0.7511 0.0626 0.6572
vn -0.8011 -0.1963 0.5655
vn -0.1653 -0.0708 0.9837
vn 0.9499 -0.1335 0.2826
vn 0.9667 -0.0786 0.2436
vn 0.5599 -0.2287 0.7964
vn -0.2045 -0.4721 0.8575
vn -0.1971 -0.2839 0.9384
vn -0.8011 -0.1963 0.5654
vn -0.7993 -0.1254 0.5877
vn 0.4319 0.2592 -0.8639
vn 0.9262 0.0157 -0.3768
vn 0.4320 0.2592 -0.8638
vn 0.4319 0.2591 -0.8639
vn -0.5738 0.2987 -0.7625
vn -0.9859 0.1017 -0.1331
vn 0.9877 -0.0470 -0.1489
vn 0.9262 0.0157 -0.3767
vn -0.9841 -0.1732 0.0394
vn -0.0079 -0.1491 0.9888
vn 0.2118 -0.0941 0.9728
vn 0.9427 -0.1493 0.2985
vn 0.6934 -0.1655 -0.7013
vn 0.9426 -0.1493 0.2985
vn -0.2045 -0.4720 0.8575
vn -0.8485 0.3457 0.4007
vn -0.1882 0.2822 0.9407
vn -0.9665 0.1964 0.1651
vn -0.9920 0.0079 0.1260
vn -0.4945 0.2983 -0.8164
vn -0.5024 0.0471 -0.8634
vn 0.5752 0.1891 -0.7959
vn 0.5797 -0.0078 -0.8148
vn 0.9715 0.0313 0.2351
vn 0.9556 0.2820 0.0861
vn -0.0157 0.5834 0.8120
vn -0.4391 -0.1490 -0.8860
vn 0.7286 0.3996 0.5563
vn 0.9728 0.2118 0.0941
vn -0.2353 0.9411 0.2430
vn 0.0783 -0.9167 0.3918
vn -0.0236 -0.9656 0.2590
vn -0.1412 -0.9885 0.0549
vn -0.1099 -0.8711 -0.4787
vn -0.2280 -0.8645 -0.4480
vn -0.1412 -0.9885 0.0550
vn -0.1175 -0.9314 -0.3444
vn 0.2357 -0.7543 0.6128
vn 0.2981 -0.6510 0.6981
vn 0.3860 0.0394 0.9217
vn -0.0939 -0.8605 -0.5007
vn -0.1019 -0.6507 0.7525
vn -0.1024 -0.8116 0.5752
vn -0.1178 -0.0863 0.9893
vn -0.0629 0.9034 -0.4242
vn -0.1024 0.9135 0.3937
vn -0.1178 0.0786 0.9899
vn -0.1417 -0.8425 0.5197
vn -0.0236 -0.9411 0.3373
vn -0.1174 -0.9315 -0.3444
vn 0.3697 0.0394 0.9283
vn 0.2981 0.6510 0.6981
vn 0.2051 0.7415 0.6389
vn 0.0392 0.8775 0.4779
vn -0.0942 0.9421 0.3219
vn -0.1884 0.9654 0.1805
vn -0.1096 0.0157 -0.9939
vn -0.1096 0.0156 -0.9939
vn -0.1885 0.8483 -0.4949
vn -0.1885 0.8483 -0.4948
vn -0.2197 0.8317 0.5100
vn -0.1412 0.0549 0.9885
vn 0.1337 0.1731 -0.9758
vn 0.0942 0.9421 0.3218
vn 0.1884 0.9654 0.1805
vn -0.0392 0.8775 0.4779
vn 0.1884 0.9654 0.1806
vn 0.1417 -0.8425 0.5197
vn 0.0236 -0.9411 0.3373
vn 0.1178 0.0786 0.9899
vn 0.1024 0.9135 0.3938
vn 0.0629 0.9034 -0.4242
vn 0.0628 -0.0236 -0.9977
vn -0.2980 0.6510 0.6981
vn -0.3697 0.0394 0.9283
vn -0.3860 0.0394 0.9217
vn -0.2981 -0.6510 0.6981
vn -0.2357 -0.7543 0.6128
vn -0.0784 -0.9167 0.3918
vn 0.0236 -0.9656 0.2590
vn 0.1412 -0.9885 0.0549
vn 0.0939 -0.8605 -0.5007
vn 0.1024 -0.8116 0.5752
vn 0.1019 -0.6507 0.7525
vn 0.1178 -0.0864 0.9893
vn 0.1412 0.0549 0.9885
vn 0.2197 0.8317 0.5100
vn 0.1885 0.8483 -0.4949
vn 0.1096 0.0157 -0.9939
vn -0.8119 -0.0236 0.5833
vn -0.6750 0.0079 0.7378
vn 0.4566 0.0157 0.8895
vn 0.9863 -0.1644 0.0156
vn 0.5980 -0.1888 0.7789
vn 0.5956 -0.2351 -0.7681
vn 0.9969 -0.0471 0.0628
vn 0.9863 -0.1643 0.0157
vn 0.5029 -0.1179 -0.8563
vn 0.5082 -0.2346 -0.8287
vn -0.5348 -0.2124 -0.8179
vn 0.6417 -0.0000 0.7669
vn 0.9909 -0.0157 0.1337
vn 0.4566 0.0158 0.8896
vn 0.9909 -0.0158 0.1337
vn 0.6417 -0.0001 0.7669
vn -0.5412 -0.2040 -0.8158
vn -0.9989 -0.0393 -0.0236
vn -0.9997 -0.0236 -0.0078
vn -0.6765 -0.1731 -0.7158
vn -0.6221 -0.3150 -0.7167
vn -0.9636 -0.2664 0.0235
vn -0.5960 -0.1726 0.7842
vn -0.4702 -0.2507 0.8462
vn -0.9726 -0.2275 -0.0471
vn -0.9886 -0.0942 -0.1176
vn -0.6506 -0.1489 0.7447
vn -0.5120 0.0236 0.8586
vn 0.3928 -0.0314 0.9191
vn 0.5760 -0.2131 -0.7892
vn 0.5893 -0.1022 -0.8014
vn -0.6222 -0.3150 -0.7167
vn -0.4701 -0.2507 0.8462
vn 0.5979 -0.1888 0.7790
vn 0.9863 -0.1644 0.0157
vn -0.5082 -0.2345 -0.8287
vn -0.9863 -0.1644 0.0156
vn -0.9969 -0.0471 0.0628
vn -0.5980 -0.1888 0.7789
vn 0.6217 -0.3163 -0.7166
vn -0.5761 -0.2131 -0.7891
vn -0.5956 -0.2351 -0.7681
vn -0.5029 -0.1179 -0.8563
vn 0.5413 -0.2039 -0.8157
vn -0.9909 -0.0158 0.1337
vn -0.6417 -0.0000 0.7669
vn -0.4566 0.0157 0.8896
vn -0.6213 -0.1415 -0.7707
vn -0.9909 -0.0157 0.1337
vn 0.9989 -0.0393 -0.0236
vn 0.5412 -0.2040 -0.8158
vn -0.5980 -0.1889 0.7789
vn 0.4702 -0.2507 0.8462
vn 0.5960 -0.1726 0.7842
vn 0.9636 -0.2664 0.0235
vn -0.3928 -0.0314 0.9191
vn 0.5120 0.0236 0.8586
vn 0.6506 -0.1489 0.7447
vn 0.9886 -0.0942 -0.1176
vn 0.9726 -0.2275 -0.0471
vn 0.9997 -0.0236 -0.0078
vn 0.8119 -0.0236 0.5834
vn 0.6750 0.0079 0.7378
vn -0.6418 -0.0000 0.7669
vn -0.4566 0.0158 0.8895
vn 0.6222 -0.3150 -0.7167
vn -0.5980 -0.1888 0.7790
vn -0.9863 -0.1644 0.0157
vn -0.0236 0.0471 0.9986
vn 0.6189 0.0548 0.7835
vn 0.6594 0.7458 -0.0942
vn 0.7937 0.4950 0.3536
vn 0.6995 -0.1022 -0.7073
vn 0.6725 -0.7350 0.0861
vn -0.0235 -0.9945 0.1018
vn -0.4719 -0.7238 0.5035
vn -0.2830 -0.7625 -0.5818
vn 0.5496 0.5417 -0.6360
vn 0.7076 -0.2516 -0.6604
vn -0.0237 -0.9221 -0.3862
vn -0.0236 0.0472 0.9986
vn 0.6726 -0.7350 0.0861
vn 0.6190 0.0549 0.7835
vn 0.1649 -0.7852 0.5968
vn 0.9393 0.2818 0.1957
vn -0.1184 -0.4969 0.8597
vn 0.5681 0.6943 0.4419
vn 0.2121 0.9741 -0.0786
vn 0.5496 0.5418 -0.6360
vn 0.1417 0.4332 -0.8901
vn 0.3844 -0.2826 0.8788
vn 0.7076 -0.2515 -0.6604
vn 0.3845 -0.2825 0.8789
vn 0.6725 -0.7351 0.0860
vn 0.0236 0.0471 0.9986
vn -0.6725 -0.7350 0.0861
vn -0.6995 -0.1022 -0.7073
vn 0.0235 -0.9945 0.1018
vn 0.4721 -0.7237 0.5034
vn -0.5681 0.6943 0.4418
vn -0.9393 0.2818 0.1957
vn -0.7076 -0.2516 -0.6603
vn 0.0237 -0.9221 -0.3862
vn -0.7076 -0.2515 -0.6604
vn 0.2830 -0.7625 -0.5817
vn 0.0236 0.0472 0.9986
vn -0.6190 0.0548 0.7835
vn -0.6725 -0.7351 0.0860
vn -0.7075 -0.2516 -0.6604
vn -0.9393 0.2817 0.1958
vn -0.1649 -0.7852 0.5968
vn 0.1183 -0.4969 0.8597
vn -0.3845 -0.2825 0.8788
vn -0.1649 -0.7853 0.5968
vn -0.2121 0.9741 -0.0785
vn -0.0158 0.6370 0.7707
vn -0.7937 0.4950 0.3536
vn -0.6595 0.7458 -0.0942
vn -0.6189 0.0548 0.7836
vn -0.6189 0.0548 0.7835
vn -0.6594 0.7458 -0.0942
vn 0.8869 0.0785 0.4552
vn 0.8408 -0.1257 0.5265
vn 0.9320 0.0392 0.3603
vn 0.9526 0.1102 0.2834
vn 0.9526 0.1103 0.2834
vn 0.9335 -0.1412 -0.3295
vn 0.9510 -0.2751 -0.1415
vn 0.8896 -0.2677 0.3700
vn -0.9510 -0.2751 -0.1415
vn -0.8625 -0.1098 -0.4940
vn -0.5821 -0.1731 -0.7945
vn -0.3850 0.1886 0.9035
vn -0.8578 0.2204 0.4643
vn -0.9217 0.0394 0.3860
vn -0.9650 0.1648 0.2040
vn -0.9820 -0.0550 0.1807
vn -0.9577 0.1256 0.2590
vn -0.9577 0.1256 0.2591
vn -0.8901 -0.1418 0.4332
vn -0.6218 0.0787 0.7792
vn -0.0000 0.1810 0.9835
vn 0.9307 0.2425 0.2738
vn 0.8578 0.2204 0.4643
vn 0.3850 0.1886 0.9034
vn -0.0000 -0.1414 -0.9899
vn 0.5821 -0.1731 -0.7945
vn 0.8625 -0.1098 -0.4940
vn 0.6218 0.0787 0.7792
vn -0.0000 0.1962 0.9806
vn -0.3849 0.1886 0.9035
vn 0.7996 -0.3528 -0.4860
vn 0.9267 -0.3377 0.1649
vn 0.5897 -0.6054 0.5346
vn 0.6463 0.6385 0.4178
vn 0.3611 0.6515 0.6672
vn 0.9107 -0.4083 0.0627
vn -0.9225 -0.3831 0.0469
vn -0.9667 -0.2515 0.0472
vn -0.6040 -0.6431 0.4707
vn -0.7433 -0.2739 -0.6103
vn 0.7147 0.2905 -0.6362
vn -0.6200 0.6749 0.4002
vn -0.8049 0.1420 0.5761
vn 0.9107 -0.4083 0.0628
vn -0.8049 0.1421 0.5761
vn -0.6040 -0.6432 0.4706
vn -0.7433 -0.2739 -0.6104
vn 0.7995 -0.3528 -0.4861
vn 0.7433 -0.2739 -0.6103
vn -0.7996 -0.3527 -0.4860
vn -0.5897 -0.6053 0.5346
vn -0.9267 -0.3377 0.1649
vn 0.6040 -0.6432 0.4706
vn 0.7433 -0.2738 -0.6103
vn 0.9667 -0.2515 0.0472
vn 0.6118 0.3059 -0.7295
vn 0.6200 0.6749 0.4002
vn 0.9225 -0.3831 0.0469
vn -0.9887 0.1490 0.0157
vn -0.9107 -0.4082 0.0628
vn 0.9225 -0.3831 0.0470
vn 0.8049 0.1421 0.5761
vn -0.3611 0.6515 0.6672
vn -0.9107 -0.4083 0.0628
vn 0.8050 0.1420 0.5761
vn -0.9267 -0.3378 0.1649
vn 0.9667 -0.2516 0.0472
vn -0.5897 -0.6054 0.5346
vn -0.7996 -0.3528 -0.4860
vt 0.701172 0.495239
vt 0.701172 0.513672
vt 0.712891 0.495239
vt 0.712891 0.529297
vt 0.712891 0.551605
vt 0.724579 0.551605
vt 0.736298 0.533173
vt 0.730286 0.533173
vt 0.730286 0.509766
vt 0.685364 0.537079
vt 0.689423 0.529297
vt 0.685211 0.517273
vt 0.689423 0.517548
vt 0.689423 0.501923
vt 0.712891 0.513672
vt 0.724579 0.521454
vt 0.732422 0.551605
vt 0.701172 0.529297
vt 0.689484 0.551605
vt 0.736298 0.501923
vt 0.728516 0.501923
vt 0.701172 0.551605
vt 0.865204 0.076172
vt 0.865204 0.044922
vt 0.837891 0.044922
vt 0.861298 0.135620
vt 0.900391 0.135620
vt 0.861298 0.087891
vt 0.880829 0.064423
vt 0.800507 0.064423
vt 0.800507 0.009979
vt 0.901062 0.078064
vt 0.861298 0.072266
vt 0.800507 0.130829
vt 0.904297 0.130829
vt 0.904297 0.064423
vt 0.880829 0.009979
vt 0.853516 0.009979
vt 0.912079 0.009979
vt 0.853516 0.041016
vt 0.935547 0.064423
vt 0.853516 0.103516
vt 0.853516 0.135620
vt 0.869141 0.087891
vt 0.730286 0.551605
vt 0.917328 0.855011
vt 0.917328 0.870880
vt 0.849579 0.870880
vt 0.925293 0.835205
vt 0.991882 0.870880
vt 0.991882 0.851044
vt 0.849182 0.843567
vt 0.753906 0.870880
vt 0.753906 0.831238
vt 0.931641 0.130829
vt 0.957031 0.060547
vt 0.957031 0.130829
vt 0.957031 0.076172
vt 0.805420 0.475983
vt 0.826172 0.549103
vt 0.855103 0.549103
vt 0.931641 0.060547
vt 0.900391 0.076172
vt 0.939423 0.009979
vt 0.939423 0.076172
vt 0.884766 0.076172
vt 0.869141 0.130829
vt 0.755829 0.556641
vt 0.755829 0.619141
vt 0.810547 0.619141
vt 0.855103 0.482422
vt 0.880829 0.603516
vt 0.810547 0.654297
vt 0.755829 0.693329
vt 0.800507 0.076172
vt 0.884766 0.009979
vt 0.939423 0.130829
vt 0.810547 0.716797
vt 0.880829 0.666016
vt 0.939423 0.654297
vt 0.939423 0.619141
vt 0.992279 0.623047
vt 0.992279 0.560547
vt 0.880829 0.763672
vt 0.939423 0.720673
vt 0.992279 0.689423
vt 0.864899 0.372986
vt 0.862885 0.433228
vt 0.912628 0.372986
vt 0.830048 0.009979
vt 0.830048 0.025391
vt 0.837891 0.009979
vt 0.861298 0.009979
vt 0.130829 0.783173
vt 0.052704 0.822266
vt 0.052704 0.783173
vt 0.939423 0.576172
vt 0.991882 0.823303
vt 0.935547 0.135620
vt 0.904297 0.135620
vt 0.957031 0.087891
vt 0.855103 0.373047
vt 0.831696 0.372986
vt 0.900482 0.516785
vt 0.862122 0.517548
vt 0.862885 0.475983
vt 0.992279 0.552704
vt 0.951172 0.552704
vt 0.953064 0.516785
vt 0.900391 0.552704
vt 0.991882 0.791595
vt 0.977112 0.704407
vt 0.933258 0.736115
vt 0.947266 0.556641
vt 0.880829 0.556641
vt 0.880829 0.576172
vt 0.798798 0.556641
vt 0.806641 0.576172
vt 0.904297 0.044922
vt 0.849579 0.807465
vt 0.917328 0.831238
vt 0.901398 0.767822
vt 0.949036 0.477936
vt 0.908569 0.477936
vt 0.912628 0.450714
vt 0.929291 0.803497
vt 0.130829 0.822266
vt 0.173798 0.822266
vt 0.173798 0.783173
vt 0.236298 0.822266
vt 0.236298 0.783173
vt 0.236298 0.794922
vt 0.294922 0.822266
vt 0.294922 0.794922
vt 0.861511 0.767822
vt 0.809692 0.728180
vt 0.753906 0.783661
vt 0.991821 0.466278
vt 0.958954 0.478516
vt 0.986298 0.443329
vt 0.949036 0.419617
vt 0.912628 0.423523
vt 0.314423 0.794922
vt 0.314423 0.822266
vt 0.333954 0.794922
vt 0.333954 0.822266
vt 0.384766 0.794922
vt 0.384766 0.822266
vt 0.753906 0.712341
vt 0.787201 0.372986
vt 0.779297 0.423798
vt 0.748047 0.470673
vt 0.748047 0.549103
vt 0.951172 0.373047
vt 0.861298 0.994720
vt 0.861298 0.970673
vt 0.840424 0.985535
vt 0.768799 0.977478
vt 0.770874 0.961243
vt 0.748047 0.974579
vt 0.748047 0.927704
vt 0.768555 0.929077
vt 0.748047 0.958954
vt 0.618378 0.152863
vt 0.651672 0.160156
vt 0.650696 0.221100
vt 0.593231 0.079315
vt 0.573151 0.143127
vt 0.556641 0.006134
vt 0.537079 0.025391
vt 0.537079 0.006134
vt 0.992889 0.994720
vt 0.986298 0.982422
vt 0.919922 0.958954
vt 0.873047 0.994720
vt 0.935547 0.994720
vt 0.873047 0.970673
vt 0.853516 0.873047
vt 0.816345 0.929688
vt 0.810547 0.873047
vt 0.748047 0.873047
vt 0.992889 0.966797
vt 0.992889 0.982422
vt 0.791016 0.994720
vt 0.824799 0.973450
vt 0.826172 0.994720
vt 0.841797 0.994720
vt 0.919922 0.873047
vt 0.873047 0.873047
vt 0.992889 0.931641
vt 0.992889 0.873047
vt 0.595673 0.221100
vt 0.572266 0.221100
vt 0.617279 0.221100
vt 0.577362 0.024750
vt 0.622223 0.058167
vt 0.584351 0.036621
vt 0.638275 0.100891
vt 0.544922 0.068329
vt 0.537079 0.068329
vt 0.537079 0.091797
vt 0.537079 0.130829
vt 0.537079 0.221100
vt 0.503387 0.025391
vt 0.503265 0.066925
vt 0.793152 0.221100
vt 0.793152 0.138672
vt 0.755829 0.994720
vt 0.755829 0.990204
vt 0.748047 0.982422
vt 0.818481 0.957306
vt 0.503387 0.091797
vt 0.503387 0.130829
vt 0.793152 0.006134
vt 0.793152 0.068329
vt 0.503387 0.221100
vt 0.503387 0.006134
vt 0.701172 0.541016
vt 0.699585 0.512878
vt 0.705048 0.517548
vt 0.103516 0.755829
vt 0.130829 0.755829
vt 0.103516 0.783173
vt 0.683990 0.521454
vt 0.683990 0.509766
vt 0.693329 0.517548
vt 0.693329 0.509766
vt 0.699341 0.503693
vt 0.201172 0.755829
vt 0.240204 0.783173
vt 0.240204 0.755829
vt 0.279297 0.783173
vt 0.279297 0.755829
vt 0.705048 0.495239
vt 0.712891 0.517548
vt 0.733063 0.518555
vt 0.732422 0.501923
vt 0.738525 0.525391
vt 0.738525 0.509766
vt 0.693726 0.532593
vt 0.091797 0.783173
vt 0.146454 0.755829
vt 0.091797 0.755829
vt 0.502197 0.728119
vt 0.427979 0.728973
vt 0.502197 0.774994
vt 0.427979 0.774994
vt 0.052704 0.755829
vt 0.146454 0.783173
vt 0.365204 0.728516
vt 0.364990 0.774994
vt 0.427704 0.728516
vt 0.306641 0.728516
vt 0.365204 0.775391
vt 0.306641 0.775391
vt 0.056641 0.755829
vt 0.056641 0.783173
vt 0.115204 0.755829
vt 0.115204 0.783173
vt 0.158173 0.755829
vt 0.158173 0.783173
vt 0.201172 0.783173
vt 0.888672 0.248047
vt 0.919983 0.285126
vt 0.903687 0.294647
vt 0.933350 0.222595
vt 0.888672 0.216797
vt 0.943329 0.216797
vt 0.889374 0.290955
vt 0.903748 0.290863
vt 0.912537 0.304077
vt 0.889313 0.294739
vt 0.927704 0.322266
vt 0.888672 0.322266
vt 0.927704 0.345673
vt 0.888672 0.345673
vt 0.927704 0.364655
vt 0.888672 0.364655
vt 0.956818 0.060944
vt 0.872101 0.072754
vt 0.872101 0.049133
vt 0.872101 0.135620
vt 0.872101 0.116058
vt 0.883911 0.135620
vt 0.956818 0.135620
vt 0.800507 0.135620
vt 0.800507 0.116058
vt 0.872101 0.092438
vt 0.956818 0.092438
vt 0.956818 0.116058
vt 0.872101 0.025513
vt 0.872101 0.009979
vt 0.956818 0.009979
vt 0.956818 0.025513
vt 0.083954 0.095673
vt 0.083954 0.004639
vt 0.041016 0.095673
vt 0.041016 0.004639
vt 0.005829 0.087891
vt 0.801453 0.259766
vt 0.801453 0.295227
vt 0.037384 0.218414
vt 0.080688 0.249908
vt 0.037384 0.249908
vt 0.352356 0.360199
vt 0.352356 0.344452
vt 0.399597 0.364136
vt 0.801453 0.216797
vt 0.801453 0.236298
vt 0.080688 0.100311
vt 0.127930 0.100311
vt 0.127930 0.131805
vt 0.155487 0.100311
vt 0.155487 0.131805
vt 0.081055 0.219025
vt 0.037384 0.179047
vt 0.080688 0.179047
vt 0.320862 0.360199
vt 0.458649 0.364136
vt 0.470459 0.348389
vt 0.482269 0.364136
vt 0.431091 0.364136
vt 0.431091 0.403503
vt 0.482269 0.403503
vt 0.458649 0.403503
vt 0.801453 0.364655
vt 0.801453 0.348206
vt 0.801453 0.321716
vt 0.127930 0.179047
vt 0.081055 0.132202
vt 0.037384 0.131805
vt 0.037384 0.100311
vt 0.006134 0.100311
vt 0.006134 0.249908
vt 0.006134 0.218414
vt 0.006134 0.179047
vt 0.006134 0.131805
vt 0.155487 0.179047
vt 0.155487 0.218414
vt 0.127930 0.218414
vt 0.155487 0.249908
vt 0.127930 0.249908
vt 0.320862 0.403503
vt 0.352356 0.403503
vt 0.375977 0.403503
vt 0.399597 0.403503
vt 0.320862 0.450745
vt 0.352356 0.450745
vt 0.375977 0.450745
vt 0.399597 0.450745
vt 0.431091 0.450745
vt 0.458649 0.450745
vt 0.482269 0.450745
vt 0.958954 0.216797
vt 0.800507 0.092438
vt 0.801453 0.291016
vt 0.693329 0.966797
vt 0.716797 0.966797
vt 0.716797 0.994720
vt 0.744141 0.994720
vt 0.744141 0.966797
vt 0.623047 0.986298
vt 0.689423 0.986298
vt 0.586151 0.972961
vt 0.689423 0.961182
vt 0.586151 0.949432
vt 0.623047 0.927704
vt 0.586060 0.949677
vt 0.689423 0.927704
vt 0.520233 0.700623
vt 0.524139 0.700623
vt 0.520233 0.683319
vt 0.570770 0.683319
vt 0.570770 0.718872
vt 0.621582 0.718872
vt 0.621582 0.694855
vt 0.621582 0.706360
vt 0.520233 0.718872
vt 0.746338 0.718872
vt 0.746338 0.700623
vt 0.715393 0.718872
vt 0.715393 0.700623
vt 0.746338 0.683319
vt 0.746338 0.637268
vt 0.715393 0.683319
vt 0.715393 0.637268
vt 0.664581 0.637268
vt 0.535583 0.683319
vt 0.535583 0.700623
vt 0.189423 0.169922
vt 0.189423 0.240204
vt 0.154297 0.169922
vt 0.189423 0.216797
vt 0.189423 0.259766
vt 0.154297 0.259766
vt 0.189423 0.205048
vt 0.154297 0.111298
vt 0.189423 0.111298
vt 0.153961 0.186432
vt 0.189423 0.185547
vt 0.535583 0.718872
vt 0.520233 0.637268
vt 0.535583 0.637268
vt 0.570770 0.637268
vt 0.621582 0.637268
vt 0.664581 0.694855
vt 0.006104 0.177704
vt 0.037079 0.126923
vt 0.083954 0.177704
vt 0.217194 0.057739
vt 0.177704 0.103516
vt 0.178467 0.057739
vt 0.580048 0.720673
vt 0.537903 0.776947
vt 0.537079 0.720673
vt 0.537903 0.867126
vt 0.506531 0.865204
vt 0.506531 0.775391
vt 0.240204 0.056641
vt 0.248047 0.029297
vt 0.248047 0.072266
vt 0.623047 0.720673
vt 0.693329 0.720673
vt 0.691406 0.776947
vt 0.664581 0.706360
vt 0.664581 0.718872
vt 0.006104 0.126923
vt 0.228516 0.091797
vt 0.111298 0.072266
vt 0.123047 0.056641
vt 0.130829 0.087891
vt 0.138062 0.056793
vt 0.154297 0.205048
vt 0.154297 0.240204
vt 0.154297 0.216797
vt 0.506531 0.919922
vt 0.560547 0.919922
vt 0.083954 0.126923
vt 0.123047 0.126923
vt 0.154297 0.177704
vt 0.154297 0.126923
vt 0.178467 0.004578
vt 0.134766 0.004639
vt 0.111298 0.029297
vt 0.580048 0.775391
vt 0.623047 0.763672
vt 0.691406 0.867126
vt 0.744019 0.919922
vt 0.744019 0.845673
vt 0.744019 0.763672
vt 0.744019 0.720673
vt 0.580048 0.869141
vt 0.623047 0.919922
vt 0.623047 0.869141
vt 0.689423 0.919922
vt 0.222717 0.004578
vt 0.506531 0.720673
vt 0.689453 0.961212
vt 0.586060 0.972748
vt 0.107422 0.064423
vt 0.685364 0.551605
vt 0.107422 0.017548
vt 0.934021 0.173798
vt 0.934021 0.211792
vt 0.923798 0.173798
vt 0.923798 0.211792
vt 0.904297 0.211792
vt 0.800507 0.072754
vt 0.800507 0.049133
vt 0.800507 0.025513
vt 0.005829 0.009766
vt 0.799316 0.211792
vt 0.799316 0.166016
vt 0.818329 0.211792
vt 0.818329 0.146454
vt 0.857422 0.211792
vt 0.857422 0.146454
vt 0.884766 0.211792
vt 0.884766 0.173798
vt 0.904297 0.173798
vt 0.189423 0.134766
vt 0.154297 0.134766
vt 0.715393 0.560486
vt 0.746338 0.560486
vt 0.693329 0.551605
vt 0.683990 0.541016
vt 0.683990 0.551605
vt 0.693329 0.541016
vt 0.664581 0.560486
vt 0.621582 0.560486
vt 0.570770 0.560486
vt 0.535583 0.560486
vt 0.520233 0.560486
vt 0.705048 0.541016
vt 0.712891 0.541016
vt 0.732422 0.541016
vt 0.738525 0.541016
vt 0.705048 0.551605
vt 0.738525 0.551605
vt 0.925232 0.294556
vt 0.993500 0.294189
vt 0.993347 0.305542
vt 0.932281 0.305878
vt 0.986450 0.282867
vt 0.989929 0.290405
vt 0.958496 0.222443
vt 0.982422 0.216797
vt 0.983612 0.222321
vt 0.925293 0.290771
vt 0.986389 0.286652
vt 0.994019 0.313080
vt 0.993927 0.320679
vt 0.955048 0.314423
vt 0.955048 0.322266
vt 0.955048 0.364655
vt 0.929108 0.271820
vt 0.932770 0.268005
vt 0.957916 0.267883
vt 0.983063 0.267731
vt 0.994507 0.222229
vt 0.993927 0.267670
vt 0.993286 0.364655
vt 0.935760 0.313416
vt 0.993866 0.271454
vt 0.993713 0.282806
vt 0.983002 0.271515
vt 0.775391 0.318329
vt 0.790344 0.314423
vt 0.779297 0.357422
vt 0.962891 0.135712
vt 0.962891 0.006561
vt 0.994568 0.135712
vt 0.994568 0.006561
vt 0.736298 0.551605
vt 0.716797 0.529297
vt 0.716797 0.551605
vt 0.728516 0.525391
vt 0.728516 0.283173
vt 0.728516 0.318329
vt 0.736298 0.357422
vt 0.790344 0.283173
vt 0.790344 0.231415
vt 0.738525 0.496735
vt 0.728516 0.231415
vt 0.716797 0.923798
vt 0.693329 0.935547
vt 0.693329 0.923798
vt 0.501923 0.931641
vt 0.572968 0.921997
vt 0.568329 0.994720
vt 0.623047 0.994720
vt 0.744141 0.923798
vt 0.501923 0.974579
vt 0.573151 0.922058
vt 0.941833 0.142548
vt 0.994568 0.142548
vt 0.941833 0.158173
vt 0.994568 0.158173
vt 0.994568 0.177704
vt 0.941833 0.177704
vt 0.994568 0.185547
vt 0.941833 0.185547
vt 0.994568 0.212891
vt 0.941833 0.212891
s 1
usemtl npc00_00
f 1/1/1 2/2/2 3/3/3
f 4/4/4 5/5/5 6/6/6
f 7/7/7 8/8/8 9/9/9
f 10/10/10 11/11/11 12/12/12
f 12/12/12 11/11/11 13/13/13
f 12/12/12 13/13/13 14/14/14
f 15/15/15 16/4/4 17/16/16
f 17/16/16 16/4/4 6/6/6
f 17/16/16 6/6/6 18/7/17
f 18/7/17 6/6/6 19/17/18
f 18/7/17 19/17/18 20/8/8
f 1/1/1 21/14/14 22/2/2
f 22/2/2 21/14/14 23/13/13
f 22/2/2 23/13/13 24/18/19
f 24/18/19 23/13/13 25/11/11
f 24/18/19 25/11/11 26/19/20
f 9/9/9 27/20/21 28/7/7
f 28/7/7 27/20/21 29/21/22
f 28/7/7 29/21/22 30/16/16
f 30/16/16 29/21/22 3/3/3
f 30/16/16 3/3/3 31/15/23
f 31/15/23 3/3/3 2/2/2
f 31/15/23 2/2/2 32/4/24
f 32/4/24 2/2/2 33/18/25
f 32/4/24 33/18/25 34/22/26
f 34/22/26 33/18/25 26/19/20
f 35/23/27 36/24/28 37/25/29
f 38/26/30 39/27/31 40/28/32
f 41/29/33 42/30/34 43/31/35
f 44/28/36 45/32/37 46/33/27
f 47/34/38 48/35/39 49/30/30
f 49/30/30 48/35/39 50/36/40
f 51/24/41 52/23/33 53/32/42
f 54/29/43 55/37/35 56/31/44
f 57/38/45 58/39/46 59/40/47
f 59/40/47 58/39/46 60/41/48
f 59/40/47 60/41/48 61/42/49
f 61/42/49 60/41/48 62/43/50
f 63/27/51 64/26/30 65/44/40
f 66/8/52 67/7/53 68/9/54
f 69/6/55 70/5/56 71/4/57
f 71/4/57 70/5/56 72/18/58
f 73/5/59 74/22/60 72/18/61
f 72/18/61 74/22/60 75/19/62
f 72/18/61 75/19/62 76/11/63
f 77/11/63 78/13/64 79/18/65
f 79/18/65 78/13/64 80/2/66
f 79/18/65 80/2/66 81/4/57
f 82/7/67 83/8/52 84/45/68
f 85/2/66 86/15/69 81/4/57
f 81/4/57 86/15/69 87/16/70
f 81/4/57 87/16/70 88/6/71
f 88/6/71 87/16/70 89/7/67
f 88/6/71 89/7/67 90/17/72
f 90/17/72 89/7/67 91/45/68
f 92/19/73 93/10/74 94/11/63
f 94/11/63 93/10/74 95/12/54
f 94/11/63 95/12/54 96/13/75
f 96/13/75 95/12/54 97/14/76
f 96/13/75 97/14/76 98/2/77
f 98/2/77 97/14/76 99/1/78
f 98/2/77 99/1/78 100/15/79
f 100/15/79 99/1/78 101/3/80
f 100/15/79 101/3/80 102/16/70
f 102/16/70 101/3/80 103/21/81
f 102/16/70 103/21/81 104/7/67
f 104/7/67 103/21/81 105/20/82
f 104/7/67 105/20/82 106/9/54
f 107/35/83 108/30/84 109/36/85
f 110/41/86 111/42/87 112/43/88
f 113/33/89 114/32/90 115/28/91
f 116/32/90 117/23/92 118/24/93
f 118/24/93 117/23/92 119/25/94
f 120/31/95 121/30/94 122/29/89
f 123/31/96 124/37/95 125/29/97
f 126/30/84 127/35/98 128/34/99
f 129/42/87 130/41/86 131/40/100
f 131/40/100 130/41/86 132/39/95
f 131/40/100 132/39/95 133/38/101
f 134/44/85 135/26/102 136/27/103
f 136/27/103 135/26/102 137/28/104
f 138/46/105 139/47/106 140/48/107
f 141/47/108 142/49/109 143/50/110
f 143/50/110 142/49/109 144/51/111
f 143/50/110 144/51/111 145/47/112
f 145/47/112 144/51/111 146/46/113
f 145/47/112 146/46/113 147/48/114
f 147/48/114 146/46/113 148/52/115
f 147/48/114 148/52/115 149/53/116
f 149/53/116 148/52/115 150/54/117
f 149/53/116 150/54/117 151/48/107
f 151/48/107 150/54/117 152/52/118
f 151/48/107 152/52/118 142/49/105
f 153/55/119 154/56/120 155/57/121
f 156/55/122 157/58/123 158/57/124
f 159/59/125 160/60/126 161/61/127
f 162/56/128 163/55/119 164/62/129
f 164/62/129 163/55/119 165/27/130
f 164/62/129 165/27/130 166/63/90
f 167/63/42 168/27/51 169/62/131
f 169/62/131 168/27/51 170/55/132
f 169/62/131 170/55/132 171/56/133
f 171/56/133 170/55/132 172/57/124
f 173/64/134 174/65/135 175/66/136
f 175/66/136 174/65/135 176/67/122
f 175/66/136 176/67/122 177/34/137
f 178/68/138 179/69/139 180/70/140
f 181/60/141 182/59/142 183/61/143
f 183/61/143 182/59/142 184/71/144
f 183/61/143 184/71/144 185/59/125
f 186/72/145 187/70/140 188/73/146
f 188/73/146 187/70/140 189/69/139
f 188/73/146 189/69/139 190/74/147
f 191/75/148 192/31/149 193/76/150
f 193/76/150 192/31/149 194/75/151
f 193/76/150 194/75/151 195/66/152
f 195/66/152 194/75/151 196/34/130
f 195/66/152 196/34/130 197/67/119
f 198/34/153 199/75/148 200/66/154
f 200/66/154 199/75/148 201/76/155
f 200/66/154 201/76/155 202/64/156
f 202/64/156 201/76/155 203/66/152
f 202/64/156 203/66/152 204/65/157
f 204/65/157 203/66/152 197/67/119
f 204/65/157 197/67/119 205/77/121
f 206/74/158 207/78/159 208/73/160
f 208/73/160 207/78/159 209/79/161
f 208/73/160 209/79/161 210/72/145
f 210/72/145 209/79/161 211/80/162
f 210/72/145 211/80/162 212/81/163
f 212/81/163 211/80/162 213/82/164
f 212/81/163 213/82/164 214/83/165
f 215/78/166 216/84/167 217/79/168
f 217/79/168 216/84/167 218/85/169
f 217/79/168 218/85/169 219/80/170
f 219/80/170 218/85/169 220/86/171
f 219/80/170 220/86/171 221/82/164
f 222/87/172 223/88/173 224/89/174
f 225/90/175 226/31/176 227/91/177
f 228/92/178 229/93/179 230/25/180
f 231/94/181 232/95/182 233/96/183
f 234/97/184 235/81/163 236/83/185
f 237/98/186 238/51/111 239/49/187
f 223/88/173 222/87/172 240/89/188
f 226/31/176 225/90/175 241/91/189
f 242/43/190 243/99/191 244/41/192
f 245/100/39 246/36/48 247/101/176
f 247/101/176 248/36/86 249/100/98
f 250/102/193 251/103/194 252/59/125
f 252/59/125 253/71/144 250/102/193
f 250/102/193 253/71/144 254/59/142
f 250/102/193 254/59/142 255/103/195
f 256/104/196 257/105/197 258/106/198
f 258/106/198 257/105/197 259/104/199
f 260/107/200 261/108/201 262/109/202
f 262/109/202 261/108/201 263/110/203
f 262/109/202 263/110/203 256/104/196
f 264/111/204 265/112/205 266/113/206
f 236/83/185 267/114/207 234/97/184
f 234/97/184 267/114/207 268/115/208
f 234/97/184 268/115/208 269/116/209
f 270/117/210 271/68/138 272/118/211
f 272/118/211 271/68/138 273/70/140
f 272/118/211 273/70/140 274/72/145
f 275/24/212 276/119/213 277/32/185
f 278/27/130 279/28/91 277/32/90
f 280/32/42 281/119/214 282/24/28
f 229/93/179 228/92/178 283/25/215
f 280/32/42 284/28/32 285/27/51
f 230/25/180 286/75/216 228/92/178
f 228/92/178 286/75/216 287/31/217
f 228/92/178 287/31/217 283/25/215
f 283/25/215 287/31/217 288/75/46
f 289/41/48 290/99/39 291/43/50
f 259/104/199 292/110/218 293/109/219
f 293/109/219 292/110/218 294/108/220
f 293/109/219 294/108/220 295/107/221
f 296/120/222 297/121/223 298/122/224
f 299/123/225 300/124/226 301/125/227
f 302/120/228 303/122/229 304/126/230
f 304/126/230 303/122/229 305/113/231
f 304/126/230 305/113/231 264/111/204
f 264/111/204 305/113/231 306/112/232
f 307/125/233 308/124/234 309/123/235
f 310/127/236 311/128/237 312/129/238
f 232/95/182 231/94/181 313/127/181
f 313/127/181 231/94/181 314/129/239
f 313/127/181 314/129/239 315/128/240
f 316/128/241 317/130/242 318/129/242
f 318/129/242 317/130/242 319/131/242
f 320/130/243 321/132/243 322/133/244
f 323/134/245 324/132/246 325/130/247
f 326/129/248 327/131/249 328/128/249
f 328/128/249 327/131/249 329/130/249
f 312/129/238 330/94/236 310/127/236
f 310/127/236 330/94/236 331/96/250
f 310/127/236 331/96/250 332/95/251
f 298/122/224 333/135/252 296/120/222
f 296/120/222 333/135/252 334/136/253
f 296/120/222 334/136/253 335/137/254
f 336/138/255 337/139/256 338/140/257
f 338/140/257 337/139/256 299/123/225
f 338/140/257 299/123/225 339/141/258
f 339/141/258 299/123/225 301/125/227
f 339/141/258 301/125/227 340/142/259
f 341/142/260 307/125/233 342/141/261
f 342/141/261 307/125/233 309/123/235
f 342/141/261 309/123/235 343/140/262
f 343/140/262 309/123/235 344/139/263
f 343/140/262 344/139/263 345/138/264
f 235/81/163 234/97/184 274/72/145
f 274/72/145 234/97/184 269/116/209
f 274/72/145 269/116/209 272/118/211
f 272/118/211 269/116/209 268/115/208
f 272/118/211 268/115/208 270/117/210
f 321/132/243 346/134/244 322/133/244
f 322/133/244 346/134/244 347/143/265
f 322/133/244 347/143/265 348/144/266
f 348/144/266 347/143/265 349/145/267
f 348/144/266 349/145/267 350/146/267
f 350/146/267 349/145/267 351/147/268
f 350/146/267 351/147/268 352/148/268
f 325/130/247 353/133/245 323/134/245
f 323/134/245 353/133/245 354/144/269
f 323/134/245 354/144/269 355/143/270
f 355/143/270 354/144/269 356/146/271
f 355/143/270 356/146/271 357/145/272
f 357/145/272 356/146/271 358/148/273
f 357/145/272 358/148/273 359/147/274
f 334/136/253 360/149/275 335/137/254
f 335/137/254 360/149/275 361/136/276
f 335/137/254 361/136/276 302/120/228
f 302/120/228 361/136/276 362/135/277
f 302/120/228 362/135/277 303/122/229
f 251/103/194 363/150/278 252/59/125
f 252/59/125 363/150/278 364/151/279
f 252/59/125 364/151/279 365/60/280
f 365/60/280 364/151/279 366/152/281
f 365/60/280 366/152/281 367/153/282
f 368/153/283 369/152/284 370/60/285
f 370/60/285 369/152/284 371/151/286
f 370/60/285 371/151/286 254/59/142
f 254/59/142 371/151/286 372/150/287
f 254/59/142 372/150/287 255/103/195
f 343/140/262 373/154/288 342/141/261
f 342/141/261 373/154/288 224/89/174
f 342/141/261 224/89/174 341/142/260
f 341/142/260 224/89/174 223/88/173
f 341/142/260 223/88/173 307/125/233
f 307/125/233 223/88/173 258/106/198
f 307/125/233 258/106/198 308/124/234
f 308/124/234 258/106/198 259/104/199
f 308/124/234 259/104/199 309/123/235
f 309/123/235 259/104/199 293/109/219
f 309/123/235 293/109/219 344/139/263
f 344/139/263 293/109/219 295/107/221
f 344/139/263 295/107/221 345/138/264
f 336/138/255 260/107/200 337/139/256
f 337/139/256 260/107/200 262/109/202
f 337/139/256 262/109/202 299/123/225
f 299/123/225 262/109/202 256/104/196
f 299/123/225 256/104/196 300/124/226
f 300/124/226 256/104/196 258/106/198
f 300/124/226 258/106/198 301/125/227
f 301/125/227 258/106/198 223/88/173
f 301/125/227 223/88/173 340/142/259
f 340/142/259 223/88/173 240/89/188
f 340/142/259 240/89/188 339/141/258
f 339/141/258 240/89/188 374/154/289
f 339/141/258 374/154/289 338/140/257
f 238/51/111 237/98/186 375/46/290
f 375/46/290 237/98/186 297/121/223
f 375/46/290 297/121/223 376/52/291
f 376/52/291 297/121/223 296/120/222
f 376/52/291 296/120/222 377/54/292
f 377/54/292 296/120/222 335/137/254
f 377/54/292 335/137/254 378/52/293
f 378/52/293 335/137/254 302/120/228
f 378/52/293 302/120/228 239/49/187
f 239/49/187 302/120/228 304/126/230
f 239/49/187 304/126/230 237/98/186
f 237/98/186 304/126/230 264/111/204
f 237/98/186 264/111/204 297/121/223
f 297/121/223 264/111/204 266/113/206
f 297/121/223 266/113/206 298/122/224
f 379/155/294 380/156/295 381/157/296
f 382/158/297 383/159/298 384/160/299
f 385/161/300 386/162/301 387/163/302
f 388/164/303 389/165/304 390/166/305
f 391/167/306 392/168/307 393/164/308
f 394/169/309 395/170/310 396/171/311
f 397/172/312 398/173/313 399/174/314
f 400/175/315 401/155/316 402/156/317
f 403/172/318 404/176/319 405/174/320
f 405/174/320 404/176/319 406/175/321
f 405/174/320 406/175/321 407/177/322
f 407/177/322 406/175/321 408/156/317
f 409/178/323 410/179/324 411/180/325
f 411/180/325 410/179/324 412/162/326
f 411/180/325 412/162/326 413/181/327
f 414/182/328 415/183/329 416/174/330
f 416/174/330 415/183/329 417/173/331
f 416/174/330 417/173/331 418/172/332
f 419/161/333 420/163/334 421/162/335
f 422/158/336 423/184/337 424/185/338
f 424/185/338 423/184/337 425/186/339
f 424/185/338 425/186/339 426/187/340
f 427/156/341 428/155/294 429/175/342
f 430/188/343 431/189/344 432/177/345
f 432/177/345 431/189/344 433/178/346
f 434/177/347 435/174/348 436/188/349
f 436/188/349 435/174/348 437/190/350
f 436/188/349 437/190/350 438/191/351
f 438/191/351 437/190/350 439/188/352
f 440/192/353 441/193/176 442/194/354
f 442/194/354 441/193/176 443/168/355
f 444/194/353 445/192/356 390/166/357
f 446/195/358 447/196/359 448/197/360
f 448/197/360 447/196/359 449/198/361
f 450/195/362 451/197/363 452/196/364
f 452/196/364 451/197/363 453/198/365
f 454/199/366 455/200/367 456/201/368
f 457/202/369 458/201/370 459/200/371
f 460/203/292 461/168/372 462/202/369
f 462/202/369 461/168/372 463/199/373
f 462/202/369 463/199/373 459/200/371
f 464/170/374 465/204/375 466/205/376
f 467/166/377 468/194/378 469/192/379
f 470/205/380 471/204/381 472/170/310
f 441/193/176 473/194/353 474/192/378
f 475/206/382 476/207/383 477/166/384
f 478/208/385 479/184/386 480/209/387
f 480/209/387 479/184/386 481/158/388
f 480/209/387 481/158/388 482/210/389
f 482/210/389 481/158/388 483/160/390
f 482/210/389 483/160/390 484/209/391
f 484/209/391 483/160/390 485/158/392
f 484/209/391 485/158/392 486/184/393
f 486/184/393 485/158/392 487/185/394
f 486/184/393 487/185/394 488/186/395
f 386/162/301 385/161/300 489/181/327
f 489/181/327 385/161/300 490/162/396
f 489/181/327 490/162/396 491/180/397
f 491/180/397 490/162/396 492/179/398
f 491/180/397 492/179/398 493/178/399
f 494/195/400 495/170/401 451/197/363
f 451/197/363 495/170/401 391/167/306
f 451/197/363 391/167/306 453/198/365
f 453/198/365 391/167/306 393/164/308
f 453/198/365 393/164/308 496/165/402
f 497/165/304 498/164/403 499/198/361
f 499/198/361 498/164/403 500/167/404
f 499/198/361 500/167/404 448/197/360
f 448/197/360 500/167/404 472/170/405
f 448/197/360 472/170/405 446/195/358
f 501/173/387 502/183/329 399/174/348
f 399/174/348 502/183/329 503/182/406
f 399/174/348 503/182/406 504/190/350
f 504/190/350 503/182/406 505/174/330
f 504/190/350 505/174/330 506/188/352
f 506/188/352 505/174/330 507/177/322
f 506/188/352 507/177/322 508/189/405
f 508/189/405 507/177/322 509/156/407
f 508/189/405 509/156/407 510/178/323
f 510/178/323 509/156/407 511/157/408
f 510/178/323 511/157/408 512/179/324
f 512/179/324 511/157/408 513/211/409
f 512/179/324 513/211/409 514/162/326
f 514/162/326 513/211/409 515/159/410
f 514/162/326 515/159/410 387/163/302
f 516/187/411 517/186/395 518/157/412
f 518/157/412 517/186/395 519/185/394
f 518/157/412 519/185/394 520/211/413
f 520/211/413 519/185/394 521/158/414
f 520/211/413 521/158/414 522/159/415
f 522/159/415 521/158/414 523/160/390
f 522/159/415 523/160/390 387/163/302
f 387/163/302 523/160/390 524/159/416
f 387/163/302 524/159/416 525/162/396
f 525/162/396 524/159/416 526/211/417
f 525/162/396 526/211/417 527/179/418
f 527/179/418 526/211/417 528/157/419
f 527/179/418 528/157/419 529/178/399
f 529/178/399 528/157/419 530/156/341
f 529/178/399 530/156/341 531/177/347
f 531/177/347 530/156/341 532/175/342
f 531/177/347 532/175/342 533/174/348
f 533/174/348 532/175/342 534/176/420
f 533/174/348 534/176/420 535/172/385
f 536/168/421 391/167/306 537/199/373
f 537/199/373 391/167/306 538/170/401
f 537/199/373 538/170/401 539/200/371
f 539/200/371 538/170/401 466/205/422
f 539/200/371 466/205/422 458/201/370
f 458/201/370 466/205/422 540/212/423
f 458/201/370 540/212/423 457/202/369
f 457/202/369 540/212/423 541/213/424
f 457/202/369 541/213/424 542/203/117
f 543/170/310 544/169/425 446/195/358
f 446/195/358 544/169/425 545/214/426
f 446/195/358 545/214/426 447/196/359
f 447/196/359 545/214/426 546/215/427
f 447/196/359 546/215/427 449/198/361
f 449/198/361 546/215/427 547/207/428
f 449/198/361 547/207/428 389/165/304
f 389/165/304 547/207/428 548/206/429
f 389/165/304 548/206/429 390/166/305
f 390/166/305 442/194/354 388/164/303
f 388/164/303 442/194/354 443/168/355
f 388/164/303 443/168/355 549/167/430
f 549/167/430 443/168/355 550/199/366
f 549/167/430 550/199/366 472/170/405
f 472/170/405 550/199/366 455/200/431
f 472/170/405 455/200/431 551/205/432
f 551/205/432 455/200/431 552/201/433
f 551/205/432 552/201/433 553/212/434
f 553/212/434 552/201/433 554/202/435
f 553/212/434 554/202/435 555/213/436
f 555/213/436 554/202/435 556/203/117
f 555/213/436 556/203/117 557/216/437
f 557/216/437 556/203/117 541/213/438
f 558/217/439 465/204/375 559/171/440
f 559/171/440 465/204/375 464/170/374
f 559/171/440 464/170/374 560/169/441
f 560/169/441 464/170/374 450/195/362
f 560/169/441 450/195/362 561/214/442
f 561/214/442 450/195/362 452/196/364
f 561/214/442 452/196/364 562/215/443
f 562/215/443 452/196/364 453/198/365
f 562/215/443 453/198/365 563/207/383
f 563/207/383 453/198/365 496/165/402
f 563/207/383 496/165/402 477/166/444
f 477/166/444 496/165/402 393/164/308
f 477/166/444 393/164/308 564/194/445
f 564/194/445 393/164/308 392/168/307
f 564/194/445 392/168/307 565/193/176
f 565/193/176 392/168/307 542/203/292
f 565/193/176 542/203/292 566/168/446
f 566/168/446 542/203/292 567/202/447
f 566/168/446 567/202/447 454/199/366
f 454/199/366 567/202/447 456/201/433
f 568/218/448 569/219/449 570/220/450
f 571/221/451 572/222/452 573/223/453
f 573/223/453 572/222/452 574/94/405
f 575/224/454 576/225/455 577/226/456
f 577/226/456 576/225/455 578/227/457
f 577/226/456 578/227/457 579/228/458
f 580/229/459 581/230/460 582/231/461
f 582/231/461 581/230/460 583/232/310
f 582/231/461 583/232/310 584/233/452
f 585/220/450 586/234/462 587/235/463
f 587/235/463 586/234/462 588/3/464
f 587/235/463 588/3/464 589/236/465
f 589/236/465 588/3/464 590/237/466
f 589/236/465 590/237/466 591/238/454
f 591/238/454 590/237/466 592/239/467
f 593/240/468 594/226/469 595/219/470
f 595/219/470 594/226/469 579/228/458
f 595/219/470 579/228/458 596/220/471
f 596/220/471 579/228/458 597/1/472
f 596/220/471 597/1/472 598/234/473
f 599/219/470 600/218/474 601/240/475
f 602/226/469 601/240/476 603/224/454
f 604/184/477 605/208/318 606/209/391
f 607/240/478 608/226/479 609/224/480
f 610/237/481 611/238/482 612/239/483
f 613/226/479 614/240/484 615/219/485
f 615/219/485 614/240/484 616/218/486
f 615/219/485 616/218/486 617/220/487
f 618/159/488 619/158/336 620/211/489
f 620/211/489 619/158/336 621/185/338
f 620/211/489 621/185/338 622/157/296
f 622/157/296 621/185/338 623/187/340
f 622/157/296 623/187/340 624/155/490
f 625/238/480 626/237/491 627/236/492
f 627/236/492 626/237/491 628/3/493
f 627/236/492 628/3/493 629/235/494
f 629/235/494 628/3/493 630/234/495
f 629/235/494 630/234/495 631/220/487
f 632/234/496 633/1/497 617/220/498
f 617/220/498 633/1/497 634/228/499
f 617/220/498 634/228/499 635/219/485
f 635/219/485 634/228/499 636/227/500
f 635/219/485 636/227/500 637/226/501
f 637/226/501 636/227/500 638/225/502
f 637/226/501 638/225/502 639/224/480
f 640/241/503 641/242/504 642/243/505
f 643/244/381 644/245/506 645/246/405
f 645/246/405 644/245/506 646/247/507
f 647/248/508 648/221/509 649/223/510
f 649/223/510 648/221/509 650/242/451
f 649/223/510 650/242/451 651/249/323
f 641/242/504 640/241/503 652/249/511
f 649/223/510 653/96/512 647/248/508
f 647/248/508 653/96/512 654/223/513
f 647/248/508 654/223/513 655/221/514
f 656/250/515 657/251/516 658/252/517
f 658/252/517 657/251/516 646/247/507
f 656/250/518 659/253/439 660/254/519
f 660/254/519 659/253/439 661/255/520
f 662/256/504 663/257/346 664/258/521
f 664/258/521 663/257/346 665/259/522
f 664/258/521 665/259/522 666/260/523
f 666/260/523 665/259/522 667/261/343
f 666/260/523 667/261/343 668/229/459
f 668/229/459 667/261/343 669/262/351
f 668/229/459 669/262/351 670/230/524
f 671/155/316 672/157/525 673/156/526
f 672/157/525 671/155/316 674/187/527
f 675/263/528 676/264/529 677/265/530
f 678/264/531 679/263/532 680/266/533
f 680/266/533 679/263/532 681/267/534
f 680/266/533 681/267/534 682/268/535
f 683/269/536 684/263/537 685/270/538
f 686/265/538 687/271/539 688/272/536
f 688/272/536 687/271/539 689/273/540
f 688/272/536 689/273/540 690/274/541
f 690/274/541 689/273/540 691/275/542
f 690/274/541 691/275/542 692/276/543
f 692/276/543 691/275/542 693/277/544
f 692/276/543 693/277/544 694/278/545
f 695/279/546 696/280/547 697/281/548
f 698/282/549 699/283/550 700/284/551
f 700/284/551 699/283/550 701/285/552
f 702/282/553 703/286/554 704/283/550
f 704/283/550 703/286/554 705/287/555
f 704/283/550 705/287/555 706/288/556
f 707/280/547 708/279/546 709/288/557
f 709/288/557 708/279/546 710/289/558
f 709/288/557 710/289/558 711/283/559
f 711/283/559 710/289/558 712/290/560
f 711/283/559 712/290/560 701/285/552
f 713/291/561 714/292/562 715/293/563
f 716/293/564 717/294/565 718/291/566
f 718/291/566 717/294/565 719/279/567
f 718/291/566 719/279/567 697/281/568
f 720/295/569 721/296/570 722/297/571
f 722/297/571 721/296/570 723/298/572
f 722/297/571 723/298/572 724/299/573
f 725/300/574 726/269/536 727/301/575
f 728/302/576 729/303/577 730/304/578
f 731/305/579 732/306/580 733/307/581
f 727/301/575 734/272/536 735/274/582
f 736/308/583 737/267/534 738/263/532
f 726/269/536 725/300/574 738/263/532
f 738/263/532 725/300/574 739/309/584
f 738/263/532 739/309/584 736/308/583
f 740/310/585 741/311/586 742/312/587
f 742/312/587 741/311/586 743/313/588
f 742/312/587 743/313/588 744/314/589
f 729/303/577 728/302/576 745/315/590
f 745/315/590 728/302/576 746/316/591
f 745/315/590 746/316/591 747/317/592
f 732/306/580 731/305/579 748/318/593
f 749/319/594 750/320/595 751/321/593
f 733/307/581 752/322/596 753/323/597
f 753/323/597 752/322/596 749/319/594
f 751/321/593 754/324/598 749/319/594
f 749/319/594 754/324/598 755/325/599
f 749/319/594 755/325/599 753/323/597
f 756/278/545 757/326/600 758/276/601
f 758/276/601 757/326/600 759/327/602
f 758/276/601 759/327/602 735/274/582
f 735/274/582 759/327/602 760/328/603
f 735/274/582 760/328/603 727/301/575
f 744/314/589 761/329/604 742/312/587
f 742/312/587 761/329/604 762/330/605
f 742/312/587 762/330/605 740/310/585
f 740/310/585 762/330/605 763/331/606
f 740/310/585 763/331/606 764/332/607
f 764/332/607 763/331/606 765/333/608
f 730/304/578 766/334/609 728/302/576
f 728/302/576 766/334/609 767/335/610
f 728/302/576 767/335/610 746/316/591
f 746/316/591 767/335/610 768/336/611
f 746/316/591 768/336/611 769/337/612
f 744/314/589 770/338/613 761/329/604
f 761/329/604 770/338/613 771/339/614
f 761/329/604 771/339/614 772/340/615
f 772/340/615 771/339/614 773/341/616
f 772/340/615 773/341/616 774/342/617
f 774/342/617 729/303/577 772/340/615
f 772/340/615 729/303/577 745/315/590
f 772/340/615 745/315/590 761/329/604
f 761/329/604 745/315/590 747/317/592
f 761/329/604 747/317/592 762/330/605
f 762/330/605 747/317/592 746/316/591
f 762/330/605 746/316/591 763/331/606
f 763/331/606 746/316/591 769/337/612
f 763/331/606 769/337/612 765/333/608
f 775/343/598 748/318/593 776/344/618
f 776/344/618 748/318/593 731/305/579
f 776/344/618 731/305/579 777/345/619
f 777/345/619 731/305/579 733/307/581
f 777/345/619 733/307/581 778/346/620
f 778/346/620 733/307/581 753/323/597
f 779/347/621 775/343/598 780/348/622
f 780/348/622 775/343/598 776/344/618
f 780/348/622 776/344/618 781/349/623
f 781/349/623 776/344/618 777/345/619
f 781/349/623 777/345/619 782/350/624
f 782/350/624 777/345/619 778/346/620
f 782/350/624 778/346/620 783/351/625
f 783/351/625 778/346/620 753/323/597
f 783/351/625 753/323/597 784/352/626
f 784/352/626 753/323/597 755/325/599
f 784/352/626 755/325/599 785/353/621
f 785/353/621 755/325/599 754/324/598
f 786/266/627 787/354/628 788/268/629
f 789/265/630 790/263/631 791/269/632
f 792/265/633 793/264/634 794/263/631
f 794/263/631 793/264/634 795/266/635
f 794/263/631 795/266/635 796/267/636
f 796/267/636 795/266/635 797/268/637
f 798/278/638 799/277/629 800/276/639
f 800/276/639 799/277/629 801/275/640
f 800/276/639 801/275/640 802/274/641
f 802/274/641 801/275/640 803/273/642
f 802/274/641 803/273/642 804/272/632
f 804/272/632 803/273/642 805/271/643
f 804/272/632 805/271/643 806/265/630
f 807/290/644 808/283/645 809/285/646
f 810/291/647 811/293/648 812/292/649
f 813/283/650 814/290/651 815/289/652
f 816/287/653 817/282/654 818/283/645
f 818/283/645 817/282/654 819/284/655
f 818/283/645 819/284/655 820/285/646
f 821/293/656 822/291/657 823/294/658
f 823/294/658 822/291/657 824/281/659
f 823/294/658 824/281/659 825/279/660
f 825/279/660 824/281/659 826/280/661
f 825/279/660 826/280/661 827/289/662
f 827/289/662 826/280/661 828/288/556
f 827/289/662 828/288/556 829/283/663
f 829/283/663 828/288/556 830/355/664
f 829/283/663 830/355/664 831/287/665
f 832/307/666 833/346/667 834/323/668
f 835/326/669 836/278/670 837/276/671
f 838/300/672 839/356/673 840/263/674
f 840/263/674 839/356/673 841/269/675
f 842/267/636 843/308/676 840/263/674
f 840/263/674 843/308/676 844/309/677
f 840/263/674 844/309/677 838/300/672
f 845/311/678 846/310/679 847/312/680
f 847/312/680 846/310/679 848/330/681
f 847/312/680 848/330/681 849/329/604
f 849/329/604 848/330/681 850/317/682
f 851/335/683 852/334/684 853/302/685
f 853/302/685 852/334/684 854/304/686
f 853/302/685 854/304/686 855/303/687
f 856/332/688 857/333/689 858/331/690
f 858/331/690 857/333/689 859/337/691
f 858/331/690 859/337/691 860/316/692
f 860/316/692 859/337/691 861/336/693
f 862/318/694 863/305/695 864/306/696
f 864/306/696 863/305/695 832/307/666
f 865/325/697 866/319/698 834/323/668
f 834/323/668 866/319/698 867/322/699
f 834/323/668 867/322/699 832/307/666
f 865/325/697 868/324/700 866/319/698
f 866/319/698 868/324/700 869/321/694
f 866/319/698 869/321/694 870/320/701
f 871/272/632 872/301/702 873/274/703
f 873/274/703 872/301/702 874/328/704
f 873/274/703 874/328/704 837/276/671
f 837/276/671 874/328/704 875/327/705
f 837/276/671 875/327/705 835/326/669
f 861/336/693 851/335/683 860/316/692
f 860/316/692 851/335/683 853/302/685
f 860/316/692 853/302/685 876/315/706
f 876/315/706 853/302/685 855/303/687
f 876/315/706 855/303/687 877/340/707
f 877/340/707 855/303/687 878/342/708
f 877/340/707 878/342/708 879/341/709
f 880/339/710 881/338/711 849/329/604
f 849/329/604 881/338/711 882/314/712
f 849/329/604 882/314/712 847/312/680
f 847/312/680 882/314/712 883/313/713
f 847/312/680 883/313/713 845/311/678
f 879/341/709 880/339/710 877/340/707
f 877/340/707 880/339/710 849/329/604
f 877/340/707 849/329/604 876/315/706
f 876/315/706 849/329/604 850/317/682
f 876/315/706 850/317/682 860/316/692
f 860/316/692 850/317/682 848/330/681
f 860/316/692 848/330/681 858/331/690
f 858/331/690 848/330/681 846/310/679
f 858/331/690 846/310/679 856/332/688
f 833/346/667 832/307/666 884/345/714
f 884/345/714 832/307/666 863/305/695
f 884/345/714 863/305/695 885/344/715
f 885/344/715 863/305/695 862/318/694
f 885/344/715 862/318/694 886/343/700
f 887/353/716 868/324/700 888/352/717
f 888/352/717 868/324/700 865/325/697
f 888/352/717 865/325/697 889/351/718
f 889/351/718 865/325/697 834/323/668
f 889/351/718 834/323/668 890/350/719
f 890/350/719 834/323/668 833/346/667
f 890/350/719 833/346/667 891/349/720
f 891/349/720 833/346/667 884/345/714
f 891/349/720 884/345/714 892/348/721
f 892/348/721 884/345/714 885/344/715
f 892/348/721 885/344/715 893/347/716
f 893/347/716 885/344/715 886/343/700
f 894/357/722 895/358/723 896/359/724
f 896/359/724 895/358/723 897/360/725
f 898/357/726 899/359/727 900/358/728
f 900/358/728 899/359/727 897/360/729
f 900/358/728 897/360/729 901/361/723
f 902/362/730 903/363/731 904/364/732
f 904/364/732 903/363/731 905/365/733
f 904/364/732 905/365/733 906/366/734
f 907/367/735 908/368/736 909/369/737
f 909/369/737 908/368/736 910/365/738
f 911/370/739 912/371/740 913/372/741
f 914/373/742 915/374/743 916/375/744
f 917/376/745 918/373/746 919/377/747
f 919/377/747 918/373/746 920/375/748
f 912/371/740 911/370/739 921/378/749
f 922/379/750 923/380/739 924/381/751
f 924/381/751 923/380/739 925/382/752
f 926/383/741 927/384/753 928/385/754
f 928/385/754 927/384/753 929/386/755
f 928/385/754 929/386/755 930/387/756
f 931/373/757 932/388/758 933/389/759
f 934/390/760 935/391/761 936/392/762
f 937/393/763 938/394/764 939/395/762
f 940/396/765 941/397/766 942/398/767
f 942/398/767 941/397/766 943/399/403
f 942/398/767 943/399/403 944/400/403
f 945/374/768 946/373/757 947/401/769
f 947/401/769 946/373/757 948/389/759
f 947/401/769 948/389/759 949/371/740
f 949/371/740 948/389/759 950/388/770
f 949/371/740 950/388/770 951/372/771
f 952/402/753 913/372/772 953/403/773
f 953/403/773 913/372/772 932/388/758
f 953/403/773 932/388/758 954/404/774
f 954/404/774 932/388/758 931/373/757
f 954/404/774 931/373/757 955/405/775
f 955/405/775 931/373/757 956/376/776
f 955/405/775 956/376/776 957/387/777
f 957/387/777 956/376/776 958/406/778
f 957/387/777 958/406/778 959/385/779
f 959/385/779 958/406/778 960/382/752
f 959/385/779 960/382/752 961/383/741
f 961/383/741 960/382/752 962/380/739
f 963/407/780 964/408/781 965/409/782
f 966/410/783 967/411/784 968/412/785
f 969/413/786 970/414/787 971/415/788
f 972/416/789 973/417/790 974/418/791
f 975/419/792 976/420/793 977/421/794
f 978/422/795 979/423/796 980/424/797
f 981/377/747 982/375/798 983/425/799
f 983/425/799 982/375/798 984/426/800
f 964/408/781 963/407/780 985/427/801
f 967/411/784 966/410/783 986/428/802
f 986/428/802 966/410/783 975/419/792
f 986/428/802 975/419/792 977/421/794
f 987/429/803 988/430/804 989/431/805
f 989/431/805 988/430/804 990/432/806
f 991/396/765 992/433/765 993/397/767
f 994/390/807 995/391/403 996/392/808
f 996/392/808 995/391/403 997/434/809
f 998/393/810 999/394/811 1000/435/810
f 1000/435/810 999/394/811 1001/395/812
f 1002/433/813 1003/397/814 1004/396/813
f 1004/396/813 1003/397/814 1005/398/814
f 1006/436/815 973/417/790 1007/437/729
f 964/408/781 1008/438/816 965/409/782
f 965/409/782 1008/438/816 1009/439/802
f 965/409/782 1009/439/802 1010/440/817
f 1010/440/817 1009/439/802 1011/441/818
f 1012/442/819 990/432/806 1013/443/820
f 1013/443/820 990/432/806 988/430/804
f 1013/443/820 988/430/804 1014/444/821
f 1014/444/821 988/430/804 987/429/803
f 970/414/787 969/413/786 1015/445/822
f 1015/445/822 969/413/786 978/422/795
f 1015/445/822 978/422/795 1016/446/823
f 1016/446/823 978/422/795 980/424/797
f 1016/446/823 980/424/797 1017/447/824
f 1018/376/825 981/377/747 1019/406/826
f 1019/406/826 981/377/747 983/425/799
f 1019/406/826 983/425/799 1020/382/827
f 1020/382/827 983/425/799 984/426/800
f 1020/382/827 984/426/800 1021/381/751
f 1022/448/828 1023/447/829 1024/449/830
f 1024/449/830 1023/447/829 980/424/797
f 1024/449/830 980/424/797 1025/450/831
f 1025/450/831 980/424/797 979/423/796
f 1025/450/831 979/423/796 1026/451/832
f 973/417/790 972/416/789 1007/437/729
f 1007/437/729 972/416/789 1027/452/833
f 1007/437/729 1027/452/833 1028/453/834
f 1028/453/834 1027/452/833 1029/454/835
f 1028/453/834 1029/454/835 1030/455/738
f 976/420/793 975/419/792 1031/456/836
f 1031/456/836 975/419/792 966/410/783
f 1031/456/836 966/410/783 1012/442/819
f 1012/442/819 966/410/783 968/412/785
f 1012/442/819 968/412/785 990/432/806
f 990/432/806 968/412/785 967/411/784
f 990/432/806 967/411/784 989/431/805
f 1032/457/837 971/415/788 974/418/791
f 974/418/791 971/415/788 970/414/787
f 974/418/791 970/414/787 972/416/789
f 972/416/789 970/414/787 1015/445/822
f 972/416/789 1015/445/822 1027/452/833
f 1027/452/833 1015/445/822 1016/446/823
f 1027/452/833 1016/446/823 1029/454/835
f 1029/454/835 1016/446/823 1017/447/824
f 1029/454/835 1017/447/824 1030/455/738
f 1030/455/738 1017/447/824 1022/448/737
f 1033/357/838 1034/359/839 1035/358/840
f 1035/358/840 1034/359/839 1036/360/841
f 1037/361/842 1036/360/843 1038/358/844
f 1038/358/844 1036/360/843 1039/359/845
f 1038/358/844 1039/359/845 1040/357/846
f 1041/366/847 1042/458/848 1043/459/849
f 1043/459/849 1042/458/848 1044/363/839
f 1043/459/849 1044/363/839 1045/362/850
f 1046/365/851 1047/368/852 1048/369/853
f 1048/369/853 1047/368/852 1049/367/854
f 1050/373/855 1051/405/856 1052/376/857
f 1053/378/858 1054/370/859 1055/371/860
f 1055/371/860 1054/370/859 1056/372/861
f 1057/379/862 1058/381/863 1059/380/859
f 1059/380/859 1058/381/863 1060/382/864
f 1059/380/859 1060/382/864 1061/383/861
f 1062/406/865 1063/387/866 1064/385/867
f 1064/385/867 1063/387/866 1065/386/868
f 1064/385/867 1065/386/868 1066/384/869
f 1067/389/870 1068/388/871 1069/373/872
f 1070/392/873 1071/434/874 1072/390/875
f 1072/390/875 1071/434/874 1073/391/876
f 1074/395/877 1075/394/878 1076/393/879
f 1077/400/880 1078/397/881 1079/398/881
f 1079/398/881 1078/397/881 1080/433/882
f 1079/398/881 1080/433/882 1081/396/883
f 1082/375/884 1083/373/872 1084/377/885
f 1084/377/885 1083/373/872 1085/376/886
f 1084/377/885 1085/376/886 1086/425/887
f 1086/425/887 1085/376/886 1087/406/888
f 1086/425/887 1087/406/888 1088/382/889
f 1088/382/889 1087/406/888 1089/385/890
f 1088/382/889 1089/385/890 1061/383/861
f 1061/383/861 1089/385/890 1090/384/891
f 1091/372/892 1092/388/893 1093/371/860
f 1093/371/860 1092/388/893 1067/389/894
f 1093/371/860 1067/389/894 1094/401/895
f 1094/401/895 1067/389/894 1095/373/872
f 1094/401/895 1095/373/872 1096/374/896
f 1096/374/896 1095/373/872 1097/375/897
f 1098/405/856 1069/373/872 1099/404/898
f 1099/404/898 1069/373/872 1068/388/871
f 1099/404/898 1068/388/871 1100/403/899
f 1100/403/899 1068/388/871 1101/372/861
f 1100/403/899 1101/372/861 1102/402/900
f 1103/439/901 1104/440/902 1105/441/903
f 1106/430/904 1107/444/905 1108/429/906
f 1109/423/907 1110/450/908 1111/451/909
f 1112/382/910 1113/381/911 1114/425/912
f 1114/425/912 1113/381/911 1115/426/913
f 1114/425/912 1115/426/913 1116/377/914
f 1116/377/914 1115/426/913 1117/375/915
f 1118/427/916 1119/407/917 1120/408/918
f 1120/408/918 1119/407/917 1121/409/919
f 1122/421/920 1123/419/921 1124/428/901
f 1124/428/901 1123/419/921 1125/410/922
f 1124/428/901 1125/410/922 1126/411/923
f 1126/411/923 1125/410/922 1127/412/924
f 1108/429/906 1128/431/925 1106/430/904
f 1106/430/904 1128/431/925 1129/432/926
f 1130/392/927 1131/434/880 1132/390/927
f 1132/390/927 1131/434/880 1133/391/880
f 1134/435/928 1135/395/929 1136/393/928
f 1136/393/928 1135/395/929 1137/394/930
f 1138/400/931 1139/399/931 1140/397/932
f 1141/396/933 1142/398/934 1143/433/933
f 1143/433/933 1142/398/934 1144/397/934
f 1145/454/935 1146/447/936 1147/424/937
f 1147/424/937 1146/447/936 1148/449/938
f 1147/424/937 1148/449/938 1110/450/908
f 1149/437/841 1150/416/939 1151/436/853
f 1151/436/853 1150/416/939 1152/417/940
f 1104/440/902 1103/439/901 1121/409/919
f 1121/409/919 1103/439/901 1153/438/941
f 1121/409/919 1153/438/941 1120/408/918
f 1107/444/905 1106/430/904 1154/443/942
f 1154/443/942 1106/430/904 1129/432/926
f 1154/443/942 1129/432/926 1155/442/943
f 1109/423/907 1156/422/944 1157/446/945
f 1157/446/945 1156/422/944 1158/413/946
f 1157/446/945 1158/413/946 1159/445/947
f 1159/445/947 1158/413/946 1160/415/948
f 1159/445/947 1160/415/948 1161/414/949
f 1161/414/949 1160/415/948 1162/457/950
f 1161/414/949 1162/457/950 1163/418/908
f 1164/448/951 1148/449/938 1165/455/952
f 1165/455/952 1148/449/938 1146/447/936
f 1165/455/952 1146/447/936 1166/453/839
f 1166/453/839 1146/447/936 1145/454/935
f 1166/453/839 1145/454/935 1149/437/841
f 1149/437/841 1145/454/935 1167/452/953
f 1149/437/841 1167/452/953 1150/416/939
f 1128/431/925 1126/411/923 1129/432/926
f 1129/432/926 1126/411/923 1127/412/924
f 1129/432/926 1127/412/924 1155/442/943
f 1155/442/943 1127/412/924 1125/410/922
f 1155/442/943 1125/410/922 1168/456/954
f 1168/456/954 1125/410/922 1123/419/921
f 1168/456/954 1123/419/921 1169/420/955
f 1169/420/955 1123/419/921 1122/421/920
f 1110/450/908 1109/423/907 1147/424/937
f 1147/424/937 1109/423/907 1157/446/945
f 1147/424/937 1157/446/945 1145/454/935
f 1145/454/935 1157/446/945 1159/445/947
f 1145/454/935 1159/445/947 1167/452/953
f 1167/452/953 1159/445/947 1161/414/949
f 1167/452/953 1161/414/949 1150/416/939
f 1150/416/939 1161/414/949 1163/418/908
f 1150/416/939 1163/418/908 1152/417/940
f 1170/5/956 1171/4/4 1172/22/26
f 1173/296/957 1174/295/958 1175/460/959
f 1176/45/960 1177/8/10 1178/17/18
f 1179/19/20 1180/11/11 1181/461/960
f 1181/461/960 1180/11/11 1182/10/961
f 1175/460/959 1183/462/962 1173/296/957
f 1184/286/963 1185/282/649 1186/287/665
f 1174/295/958 1173/296/957 1187/297/964
f 1187/297/964 1173/296/957 1188/298/965
f 1187/297/964 1188/298/965 1189/299/966
f 1190/463/967 1191/464/967 1192/465/968
f 1192/465/968 1191/464/967 1193/466/969
f 1192/465/968 1193/466/969 1194/467/970
f 1195/355/971 1196/288/557 1197/468/972
f 1197/468/972 1196/288/557 1198/280/661
f 1197/468/972 1198/280/661 1199/469/973
f 1199/469/973 1198/280/661 1200/281/659
f 1199/469/973 1200/281/659 1201/470/974
f 1201/470/974 1200/281/659 1202/291/975
f 1201/470/974 1202/291/975 1203/31/976
f 1203/31/976 1202/291/975 1204/292/649
f 1188/298/965 1205/471/977 1189/299/966
f 1189/299/966 1205/471/977 1206/298/978
f 1189/299/966 1206/298/978 1207/297/979
f 1207/297/979 1206/298/978 1208/296/980
f 1207/297/979 1208/296/980 1209/295/981
f 1209/295/981 1208/296/980 1210/462/982
f 1209/295/981 1210/462/982 1211/460/982
f 1212/472/967 1213/473/967 1214/474/983
f 1214/474/983 1213/473/967 1215/475/984
f 1214/474/983 1215/475/984 1216/476/985
f 1216/476/985 1215/475/984 1217/477/986
f 1216/476/985 1217/477/986 1218/478/987
f 1218/478/987 1217/477/986 1219/479/987
f 1218/478/987 1219/479/987 1194/467/970
f 1194/467/970 1219/479/987 1220/480/988
f 1194/467/970 1220/480/988 1192/465/968
f 1221/461/68 1222/10/52 1223/19/989
f 1224/295/990 1225/460/991 1226/296/992
f 1226/296/992 1225/460/991 1227/462/993
f 1228/31/554 1229/292/562 1230/470/994
f 1230/470/994 1229/292/562 1231/291/995
f 1230/470/994 1231/291/995 1232/469/996
f 1232/469/996 1231/291/995 1233/281/568
f 1232/469/996 1233/281/568 1234/468/997
f 1234/468/997 1233/281/568 1235/280/547
f 1234/468/997 1235/280/547 1236/355/998
f 1236/355/998 1235/280/547 1237/288/557
f 1236/355/998 1237/288/557 1238/287/999
f 1239/298/1000 1240/471/1001 1241/299/1002
f 1241/299/1002 1240/471/1001 1242/298/1003
f 1241/299/1002 1242/298/1003 1243/297/1004
f 1243/297/1004 1242/298/1003 1244/296/1005
f 1243/297/1004 1244/296/1005 1245/295/1006
f 1245/295/1006 1244/296/1005 1246/462/1007
f 1245/295/1006 1246/462/1007 1247/460/1007
f 1248/464/1008 1249/463/1008 1250/466/1009
f 1250/466/1009 1249/463/1008 1251/465/1010
f 1250/466/1009 1251/465/1010 1252/467/1011
f 1252/467/1011 1251/465/1010 1253/480/1012
f 1252/467/1011 1253/480/1012 1254/478/1013
f 1254/478/1013 1253/480/1012 1255/479/1013
f 1254/478/1013 1255/479/1013 1256/476/1014
f 1256/476/1014 1255/479/1013 1257/477/1014
f 1256/476/1014 1257/477/1014 1258/474/1015
f 1258/474/1015 1257/477/1014 1259/475/1015
f 1258/474/1015 1259/475/1015 1260/472/1008
f 1260/472/1008 1259/475/1015 1261/473/1008
f 1262/481/1016 1263/482/1017 1264/482/1018
f 1265/386/868 1266/483/1019 1267/484/1020
f 1268/485/1021 1269/486/1022 1270/487/1023
f 1267/484/1020 1271/384/900 1265/386/868
f 1272/224/480 1269/486/1022 1273/240/1024
f 1273/240/1024 1269/486/1022 1274/488/1025
f 1273/240/1024 1274/488/1025 1275/218/1026
f 1276/397/879 1277/482/1027 1278/398/1028
f 1278/398/1028 1277/482/1027 1279/481/1029
f 1280/393/879 1281/435/1030 1282/395/873
f 1283/481/1031 1262/481/1016 1264/482/1018
f 1284/400/876 1285/399/1032 1286/397/1033
f 1263/482/1017 1262/481/1016 1286/397/1033
f 1286/397/1033 1262/481/1016 1287/398/1034
f 1286/397/1033 1287/398/1034 1284/400/876
f 1288/489/1021 1289/405/1035 1290/490/1036
f 1290/490/1036 1289/405/1035 1291/404/898
f 1290/490/1036 1291/404/898 1292/491/1037
f 1292/491/1037 1291/404/898 1293/403/1038
f 1292/491/1037 1293/403/1038 1294/492/1039
f 1294/492/1039 1293/403/1038 1295/402/869
f 1294/492/1039 1295/402/869 1296/493/1020
f 1275/218/1026 1297/494/1040 1298/220/1041
f 1298/220/1041 1297/494/1040 1299/495/1042
f 1298/220/1041 1299/495/1042 1300/235/1043
f 1300/235/1043 1299/495/1042 1301/496/1044
f 1300/235/1043 1301/496/1044 1302/236/492
f 1302/236/492 1301/496/1044 1303/497/1022
f 1302/236/492 1303/497/1022 1304/238/482
f 1266/483/1019 1265/386/868 1288/489/1021
f 1288/489/1021 1265/386/868 1305/387/1045
f 1288/489/1021 1305/387/1045 1289/405/1035
f 1289/405/1035 1305/387/1045 1306/406/1046
f 1289/405/1035 1306/406/1046 1307/376/886
f 1269/486/1022 1268/485/1021 1274/488/1025
f 1274/488/1025 1268/485/1021 1308/22/1047
f 1274/488/1025 1308/22/1047 1275/218/1026
f 1275/218/1026 1308/22/1047 1309/498/1037
f 1275/218/1026 1309/498/1037 1297/494/1040
f 1297/494/1040 1309/498/1037 1310/5/1048
f 1297/494/1040 1310/5/1048 1299/495/1042
f 1299/495/1042 1310/5/1048 1311/17/1049
f 1299/495/1042 1311/17/1049 1301/496/1044
f 1301/496/1044 1311/17/1049 1312/499/1050
f 1301/496/1044 1312/499/1050 1303/497/1022
f 1313/488/1051 1314/487/1052 1315/486/1053
f 1316/386/755 1317/384/753 1318/484/1054
f 1319/490/1055 1320/387/1056 1321/489/1057
f 1321/489/1057 1320/387/1056 1316/386/755
f 1321/489/1057 1316/386/755 1322/483/1052
f 1322/483/1052 1316/386/755 1318/484/1054
f 1323/218/448 1313/488/1051 1324/240/1058
f 1324/240/1058 1313/488/1051 1315/486/1053
f 1324/240/1058 1315/486/1053 1325/224/454
f 1326/391/761 1327/434/1059 1328/392/762
f 1329/397/763 1330/398/1060 1331/482/1061
f 1331/482/1061 1330/398/1060 1332/481/1062
f 1333/395/1063 1334/435/1064 1335/393/763
f 1336/397/1065 1337/399/1066 1338/400/761
f 1339/493/1067 1340/402/753 1341/492/1068
f 1341/492/1068 1340/402/753 1342/403/1069
f 1341/492/1068 1342/403/1069 1343/491/1070
f 1343/491/1070 1342/403/1069 1344/404/774
f 1343/491/1070 1344/404/774 1319/490/1055
f 1319/490/1055 1344/404/774 1345/405/775
f 1319/490/1055 1345/405/775 1320/387/1056
f 1346/238/454 1347/497/1053 1348/236/465
f 1348/236/465 1347/497/1053 1349/496/1071
f 1348/236/465 1349/496/1071 1350/235/1072
f 1350/235/1072 1349/496/1071 1351/495/1073
f 1350/235/1072 1351/495/1073 1352/220/1074
f 1352/220/1074 1351/495/1073 1353/494/1075
f 1352/220/1074 1353/494/1075 1323/218/448
f 1338/400/761 1354/398/1076 1336/397/1065
f 1336/397/1065 1354/398/1076 1355/481/1077
f 1336/397/1065 1355/481/1077 1356/482/1078
f 1356/482/1078 1355/481/1077 1357/481/1079
f 1356/482/1078 1357/481/1079 1358/482/1080
f 1314/487/1052 1313/488/1051 1359/485/1057
f 1359/485/1057 1313/488/1051 1323/218/448
f 1359/485/1057 1323/218/448 1360/22/1081
f 1360/22/1081 1323/218/448 1353/494/1075
f 1360/22/1081 1353/494/1075 1361/498/1070
f 1361/498/1070 1353/494/1075 1351/495/1073
f 1361/498/1070 1351/495/1073 1362/5/1068
f 1362/5/1068 1351/495/1073 1349/496/1071
f 1362/5/1068 1349/496/1071 1363/17/1082
f 1363/17/1082 1349/496/1071 1347/497/1053
f 1363/17/1082 1347/497/1053 1364/499/1083
f 1365/500/1084 1366/271/539 1367/265/538
f 1368/501/1085 1369/502/1086 1370/503/1087
f 1371/504/1088 1372/505/1089 1373/264/529
f 1373/264/529 1372/505/1089 1374/264/1090
f 1373/264/529 1374/264/1090 1367/265/1091
f 1375/266/533 1376/268/544 1377/506/1092
f 1378/354/1093 1379/507/1094 1380/508/1095
f 1381/270/530 1374/264/1090 1382/509/1096
f 1382/509/1096 1374/264/1090 1383/510/1097
f 1382/509/1096 1383/510/1097 1384/505/1098
f 1385/511/1099 1386/512/1100 1387/513/1101
f 1388/273/540 1389/514/1102 1390/275/1103
f 1390/275/1103 1389/514/1102 1391/515/1104
f 1390/275/1103 1391/515/1104 1392/277/1105
f 1393/516/1087 1375/266/533 1394/517/1106
f 1394/517/1106 1375/266/533 1377/506/1092
f 1394/517/1106 1377/506/1092 1395/518/1101
f 1395/518/1101 1377/506/1092 1396/519/1099
f 1376/268/544 1378/354/1093 1377/506/1092
f 1377/506/1092 1378/354/1093 1380/508/1095
f 1377/506/1092 1380/508/1095 1396/519/1099
f 1396/519/1099 1380/508/1095 1397/520/1107
f 1396/519/1099 1397/520/1107 1398/521/1100
f 1399/522/1094 1391/515/1104 1386/512/1100
f 1386/512/1100 1391/515/1104 1389/514/1102
f 1386/512/1100 1389/514/1102 1387/513/1101
f 1387/513/1101 1389/514/1102 1388/273/540
f 1387/513/1101 1388/273/540 1400/523/1108
f 1400/523/1108 1388/273/540 1366/271/539
f 1400/523/1108 1366/271/539 1370/503/1087
f 1370/503/1087 1366/271/539 1365/500/1084
f 1370/503/1087 1365/500/1084 1368/501/1085
f 1401/524/1085 1402/525/1109 1403/526/1086
f 1403/526/1086 1402/525/1109 1371/504/1088
f 1403/526/1086 1371/504/1088 1393/516/1087
f 1393/516/1087 1371/504/1088 1373/264/529
f 1393/516/1087 1373/264/529 1375/266/533
f 1404/265/630 1405/271/643 1406/500/1110
f 1407/505/1111 1408/504/1112 1409/264/1113
f 1409/264/1113 1408/504/1112 1410/264/634
f 1409/264/1113 1410/264/634 1404/265/1114
f 1411/514/1115 1412/515/628 1413/512/1116
f 1413/512/1116 1412/515/628 1414/522/1117
f 1415/508/1118 1416/507/1119 1417/506/1120
f 1417/506/1120 1416/507/1119 1418/354/628
f 1419/270/633 1420/509/1121 1409/264/1113
f 1409/264/1113 1420/509/1121 1421/505/1122
f 1409/264/1113 1421/505/1122 1422/510/1123
f 1423/520/1124 1415/508/1118 1424/521/1125
f 1413/512/1116 1425/511/1126 1411/514/1115
f 1411/514/1115 1425/511/1126 1426/513/1127
f 1411/514/1115 1426/513/1127 1427/523/1128
f 1418/354/628 1428/266/627 1417/506/1120
f 1417/506/1120 1428/266/627 1429/518/1127
f 1417/506/1120 1429/518/1127 1415/508/1118
f 1415/508/1118 1429/518/1127 1430/519/1129
f 1415/508/1118 1430/519/1129 1424/521/1125
f 1431/277/629 1412/515/628 1432/275/1130
f 1432/275/1130 1412/515/628 1411/514/1115
f 1432/275/1130 1411/514/1115 1433/273/1131
f 1433/273/1131 1411/514/1115 1427/523/1128
f 1433/273/1131 1427/523/1128 1405/271/643
f 1405/271/643 1427/523/1128 1434/503/1132
f 1405/271/643 1434/503/1132 1406/500/1110
f 1406/500/1110 1434/503/1132 1435/502/1133
f 1406/500/1110 1435/502/1133 1436/501/1134
f 1437/525/1123 1438/524/1135 1408/504/1112
f 1408/504/1112 1438/524/1135 1439/526/1136
f 1408/504/1112 1439/526/1136 1410/264/634
f 1410/264/634 1439/526/1136 1440/516/1132
f 1410/264/634 1440/516/1132 1428/266/627
f 1428/266/627 1440/516/1132 1441/517/1128
f 1428/266/627 1441/517/1128 1429/518/1127
f 1442/527/1137 1443/528/1138 1444/529/1139
f 1445/530/1140 1446/531/1140 1447/532/1140
f 1447/532/1140 1446/531/1140 1448/533/1141
f 1449/534/1142 1450/535/1143 1451/536/1144
f 1452/536/108 1453/535/1145 1454/534/107
f 1453/535/1145 1455/537/1146 1454/534/107
f 1454/534/107 1455/537/1146 1456/20/1147
f 1454/534/107 1456/20/1147 1457/499/143
f 1458/538/1148 1459/539/1149 1460/527/1150
f 1460/527/1150 1459/539/1149 1461/540/1151
f 1460/527/1150 1461/540/1151 1462/529/1152
f 1463/532/1153 1464/533/1153 1465/530/1153
f 1465/530/1153 1464/533/1153 1466/531/1154
f 1462/529/1152 1467/528/1155 1460/527/1150
f 1460/527/1150 1467/528/1155 1468/541/1156
f 1460/527/1150 1468/541/1156 1458/538/1148
f 1458/538/1148 1468/541/1156 1469/542/1157
f 1444/529/1139 1470/540/1158 1442/527/1137
f 1442/527/1137 1470/540/1158 1471/539/1159
f 1442/527/1137 1471/539/1159 1472/538/1160
f 1456/20/1147 1473/543/1161 1457/499/143
f 1457/499/143 1473/543/1161 1474/20/1162
f 1457/499/143 1474/20/1162 1449/534/1142
f 1449/534/1142 1474/20/1162 1475/537/1163
f 1449/534/1142 1475/537/1163 1450/535/1143
f 1443/528/1138 1442/527/1137 1476/541/1164
f 1476/541/1164 1442/527/1137 1472/538/1160
f 1476/541/1164 1472/538/1160 1469/542/1157
f 1469/542/1157 1472/538/1160 1477/544/1165
f 1469/542/1157 1477/544/1165 1478/538/1166
f 1479/545/1167 1480/546/1168 1481/547/1169
f 1482/366/1170 1483/548/1171 1484/549/1172
f 1485/550/1173 1486/362/850 1487/551/1174
f 1488/547/1175 1489/546/1174 1490/545/1176
f 1490/545/1176 1489/546/1174 1491/357/838
f 1490/545/1176 1491/357/838 1492/358/842
f 1493/358/1177 1494/357/846 1480/546/1168
f 1480/546/1168 1479/545/1167 1493/358/1177
f 1493/358/1177 1479/545/1167 1495/552/1176
f 1493/358/1177 1495/552/1176 1496/361/840
f 1483/548/1171 1482/366/1170 1497/364/1178
f 1486/362/850 1485/550/1173 1497/364/1178
f 1497/364/1178 1485/550/1173 1498/553/1179
f 1497/364/1178 1498/553/1179 1483/548/1171
f 1499/453/1168 1500/367/846 1501/554/1180
f 1501/554/1180 1500/367/846 1482/366/847
f 1502/555/1171 1503/556/1181 1504/557/1180
f 1503/556/1181 1505/558/1173 1504/557/1180
f 1504/557/1180 1505/558/1173 1506/559/1174
f 1504/557/1180 1506/559/1174 1507/560/1168
f 1507/560/1168 1506/559/1174 1508/561/1182
f 1507/560/1168 1508/561/1182 1509/562/1169
f 1509/562/1169 1508/561/1182 1510/563/1183
f 1509/562/1169 1510/563/1183 1511/564/1184
f 1512/552/1185 1513/545/1186 1514/361/723
f 1513/545/1186 1515/547/1187 1516/546/1188
f 1517/547/1189 1518/545/1190 1519/546/1191
f 1519/546/1191 1518/545/1190 1520/358/1192
f 1519/546/1191 1520/358/1192 1521/357/722
f 1516/546/1188 1522/357/726 1513/545/1186
f 1513/545/1186 1522/357/726 1523/358/728
f 1513/545/1186 1523/358/728 1514/361/723
f 1524/364/1193 1525/550/1194 1526/362/722
f 1526/362/722 1525/550/1194 1527/551/1191
f 1528/367/1195 1529/453/1188 1530/554/1196
f 1531/558/1197 1532/556/1198 1533/555/1199
f 1528/367/726 1534/549/1200 1535/366/734
f 1535/366/734 1534/549/1200 1536/548/1199
f 1535/366/734 1536/548/1199 1524/364/1193
f 1524/364/1193 1536/548/1199 1537/553/1201
f 1524/364/1193 1537/553/1201 1525/550/1194
f 1533/555/1199 1538/557/1200 1531/558/1197
f 1531/558/1197 1538/557/1200 1539/560/1202
f 1531/558/1197 1539/560/1202 1540/559/1203
f 1540/559/1203 1539/560/1202 1541/562/1204
f 1540/559/1203 1541/562/1204 1542/561/1189
f 1542/561/1189 1541/562/1204 1543/564/1205
f 1542/561/1189 1543/564/1205 1544/563/1185
o npc_00-0001-12
v 9.850692 52.171692 -6.026643
v 6.938002 52.268066 -2.416018
v 6.336138 47.552055 -2.204834
v -5.910968 43.973282 -1.497207
v -6.336138 47.552055 -2.204834
v -9.726454 47.054111 -4.981752
v -9.850692 52.171692 -6.026643
v 0.000000 47.060535 -10.950080
v 6.336138 47.552055 -2.204834
v 9.726454 47.054111 -4.981752
v 9.850692 52.171692 -6.026643
v 6.336138 47.552055 -2.204834
v 5.910968 43.973282 -1.497207
v 9.726454 47.054111 -4.981752
v 8.442662 42.299545 -4.231575
v 0.000000 41.412888 -10.318101
v -9.726454 47.054111 -4.981752
v -8.442662 42.299545 -4.231575
v -5.910968 43.973282 -1.497207
v -4.519502 41.383972 -12.775091
v -5.049584 47.841183 -12.526084
v 0.000000 40.956703 -13.838894
v 0.000000 47.625942 -13.364518
v 4.519502 41.383972 -12.775091
v -9.685042 52.245579 -2.620899
v -10.877726 53.945015 -4.277279
v -12.473494 46.996284 -3.754045
v 0.770276 64.623505 9.107722
v 0.565973 62.191612 10.138430
v 3.939725 61.176449 10.422110
v 6.938002 52.268066 -2.416018
v 9.850692 52.171692 -6.026643
v 8.925810 56.184155 -2.808443
v -6.336138 47.552055 -2.204834
v -6.938002 52.268066 -2.416018
v -9.850692 52.171692 -6.026643
v -8.925810 56.184155 -2.808443
v 9.204655 57.241081 4.239447
v 8.837463 57.244293 3.233956
v 8.064426 63.605129 3.528668
v -4.519502 41.383972 -12.775091
v -8.760159 43.375748 -8.448960
v -10.085364 48.435505 -8.565586
v 8.771202 59.303535 -0.323085
v 9.221220 58.551800 -2.989685
v 8.558617 64.295830 -1.870722
v -8.558617 64.295830 -1.870722
v -9.221220 58.551800 -2.989685
v -8.771202 59.303535 -0.323085
v 9.685042 52.245579 -2.620899
v 12.473494 46.996284 -3.754045
v 10.877726 53.945015 -3.988870
v 9.207416 60.267300 5.805994
v 9.099743 56.062080 3.864358
v -10.391818 59.094719 -1.761976
v -9.221220 58.551800 -2.989685
v -8.558617 64.295830 -1.870722
v -8.925810 59.274624 4.671272
v -7.172673 63.772182 4.433294
v -9.204655 57.241081 4.239447
v 9.099743 56.062080 3.864358
v 9.207416 60.267300 5.805994
v 6.656396 59.197521 8.699537
v 5.919250 63.878197 7.892623
v -9.204655 57.241081 4.239447
v -8.735311 55.817924 3.864358
v -8.925810 59.274624 4.671272
v -7.172673 63.772182 4.433294
v -4.999889 66.692383 3.467204
v -8.064426 63.605129 3.528668
v -9.204655 57.241081 4.239447
v -8.837463 57.244293 3.233956
v -7.608887 52.406204 0.531109
v -9.911431 57.414558 -0.962942
v -9.066613 59.566963 -9.216475
v -7.708277 64.112709 -8.463146
v -5.262169 59.894642 -12.786125
v 0.000000 59.894642 -13.462231
v -4.411829 63.762543 -11.415002
v -4.817673 66.669891 -7.845353
v 0.000000 63.762543 -12.023338
v 0.000000 67.376656 -8.751554
v 4.411829 63.762543 -11.415002
v 4.817673 66.669891 -7.845353
v 7.708277 64.112709 -8.463146
v -3.964572 57.074032 10.675846
v -1.071208 62.336174 10.504063
v -3.023124 62.140209 10.412653
v -10.750728 46.090347 -4.902951
v -11.018530 50.019287 -4.600360
v 11.018530 50.019287 -4.600360
v 10.750728 46.090347 -4.902951
v 10.085364 48.435505 -8.565586
v 8.760159 43.375748 -8.448960
v 5.049584 47.841183 -12.526084
v 4.519502 41.383972 -12.775091
v 0.000000 47.625942 -13.364518
v 9.792715 53.495258 -9.147131
v 5.267691 54.298393 -13.304630
v 0.000000 54.298393 -13.980735
v -5.267691 54.298393 -13.304630
v -5.049584 47.841183 -12.526084
v -9.792715 53.495258 -9.147131
v -8.771202 59.303535 -0.323085
v -5.494080 67.524429 -2.163858
v 0.000000 68.652031 -2.964468
v 5.494080 67.524429 -2.163858
v 8.558617 64.295830 -1.870722
v 0.000000 67.791069 4.044021
v 4.999889 66.692383 3.467204
v 8.064426 63.605129 3.528668
v 9.204655 57.241081 4.239447
v -4.999889 66.692383 3.467204
v -5.146214 62.027771 10.021804
v -7.172673 63.772182 4.433294
v -7.970557 59.493076 6.909197
v -8.735311 55.817924 3.864358
v 5.262169 59.894642 -12.786125
v 9.066613 59.566963 -9.216475
v 10.391818 59.094719 -1.761976
v -7.708277 64.112709 -8.463146
v 9.221220 58.551800 -2.989685
v 7.608887 52.406204 0.531109
v 9.911431 57.414558 -0.962942
v 4.999889 66.692383 3.467204
v 0.000000 67.791069 4.044021
vn 0.9091 -0.1410 0.3919
vn 0.7615 -0.1884 0.6202
vn 0.6905 0.0470 0.7218
vn -0.6750 -0.0000 0.7378
vn -0.6904 0.0471 0.7219
vn -0.9810 -0.0706 0.1805
vn -0.9091 -0.1411 0.3919
vn -0.0000 -0.2112 -0.9775
vn 0.6904 0.0471 0.7219
vn 0.9810 -0.0706 0.1805
vn 0.6905 0.0471 0.7218
vn 0.6750 -0.0000 0.7378
vn 0.9766 -0.1969 -0.0866
vn -0.0000 -0.2111 -0.9775
vn -0.9766 -0.1969 -0.0866
vn -0.4533 -0.0234 -0.8911
vn -0.4306 -0.0626 -0.9004
vn -0.0000 0.0472 -0.9989
vn -0.0000 -0.0236 -0.9997
vn 0.4533 -0.0234 -0.8910
vn -0.3996 0.0157 0.9166
vn -0.9899 0.0785 0.1179
vn -0.6763 0.2045 0.7077
vn 0.0942 0.6677 0.7384
vn 0.1332 0.3761 0.9169
vn 0.3225 0.4012 0.8574
vn 0.7615 -0.1885 0.6202
vn 0.9091 -0.1411 0.3919
vn 0.7383 -0.3142 0.5969
vn -0.6905 0.0470 0.7218
vn -0.7615 -0.1884 0.6202
vn -0.7383 -0.3142 0.5969
vn 0.9888 -0.0000 -0.1491
vn 0.9977 -0.0393 -0.0550
vn 0.9223 0.3784 0.0789
vn -0.4534 -0.0234 -0.8910
vn -0.8232 -0.1725 -0.5409
vn -0.8782 -0.0862 -0.4705
vn 0.9863 0.0861 0.1409
vn -0.2435 -0.0865 0.9660
vn 0.8787 0.4315 0.2040
vn -0.8797 0.4713 0.0628
vn 0.2435 -0.0864 0.9660
vn -0.4337 -0.2444 -0.8673
vn 0.3443 -0.0000 0.9389
vn 0.6276 0.1648 0.7609
vn 0.9864 0.0705 0.1487
vn 0.9189 0.0864 0.3849
vn 0.8393 -0.2432 0.4863
vn -0.6616 0.0473 0.7483
vn -0.9120 0.0865 0.4009
vn -0.8614 0.4542 0.2271
vn -0.9950 0.0627 0.0784
vn 0.8392 -0.2432 0.4863
vn 0.9189 0.0864 0.3848
vn 0.7215 0.0549 0.6902
vn 0.5899 0.5428 0.5978
vn -0.9949 0.0627 0.0785
vn -0.4890 -0.2208 0.8439
vn -0.9120 0.0865 0.4010
vn -0.4470 0.7921 0.4156
vn -0.8862 0.3843 0.2588
vn -0.9950 0.0627 0.0783
vn -0.9953 -0.0235 0.0940
vn -0.9752 -0.2123 -0.0629
vn -0.9918 -0.1259 -0.0236
vn -0.8878 0.2121 -0.4085
vn -0.7302 0.5418 -0.4162
vn -0.4173 0.2204 -0.8817
vn -0.0000 0.2203 -0.9754
vn -0.3223 0.5817 -0.7468
vn -0.4174 0.8112 -0.4095
vn -0.0000 0.5180 -0.8554
vn -0.0000 0.8345 -0.5510
vn 0.3223 0.5817 -0.7468
vn 0.4174 0.8112 -0.4095
vn 0.7303 0.5418 -0.4162
vn -0.0471 0.0550 0.9974
vn -0.1102 0.5275 0.8424
vn -0.1412 0.6513 0.7456
vn -0.9519 -0.1495 -0.2675
vn -0.9754 -0.0000 -0.2203
vn 0.9771 -0.0000 -0.2127
vn 0.9519 -0.1495 -0.2675
vn 0.8782 -0.0863 -0.4705
vn 0.8232 -0.1725 -0.5410
vn 0.4306 -0.0626 -0.9004
vn 0.4534 -0.0234 -0.8910
vn 0.8639 0.0314 -0.5026
vn 0.4155 -0.0078 -0.9095
vn -0.0000 -0.0079 -1.0000
vn -0.4155 -0.0078 -0.9095
vn -0.8584 0.0315 -0.5119
vn -0.4336 -0.2444 -0.8673
vn -0.4722 0.8815 -0.0078
vn -0.0000 0.9997 -0.0236
vn 0.4722 0.8814 -0.0079
vn 0.8787 0.4315 0.2039
vn -0.1018 0.8929 0.4387
vn 0.4327 0.8418 0.3226
vn -0.4470 0.7921 0.4157
vn -0.5744 0.6453 0.5036
vn -0.8964 0.2044 0.3932
vn 0.4172 0.2204 -0.8817
vn 0.8877 0.2121 -0.4086
vn 0.6365 0.0393 0.7702
vn -0.7303 0.5418 -0.4161
vn -0.2435 -0.0864 0.9661
vn 0.9752 -0.2124 -0.0629
vn 0.9805 -0.0079 0.1961
vn -0.1018 0.8929 0.4386
vt 0.615204 0.443329
vt 0.693329 0.470673
vt 0.654297 0.498047
vt 0.649811 0.548981
vt 0.580048 0.498047
vt 0.505310 0.498047
vt 0.579498 0.548981
vt 0.505310 0.548981
vt 0.556061 0.548981
vt 0.555298 0.520111
vt 0.505310 0.521454
vt 0.674011 0.490204
vt 0.659790 0.490845
vt 0.668243 0.540802
vt 0.615204 0.275391
vt 0.615204 0.291016
vt 0.638672 0.294922
vt 0.728516 0.427704
vt 0.728516 0.447266
vt 0.712891 0.439423
vt 0.722412 0.399170
vt 0.602936 0.548981
vt 0.603485 0.519440
vt 0.721985 0.231415
vt 0.721985 0.267548
vt 0.689423 0.231415
vt 0.737976 0.396454
vt 0.737518 0.443329
vt 0.662903 0.438507
vt 0.669922 0.439423
vt 0.667999 0.393555
vt 0.509766 0.283173
vt 0.504211 0.306641
vt 0.505829 0.376923
vt 0.721985 0.341797
vt 0.701172 0.294922
vt 0.662079 0.318329
vt 0.666016 0.275391
vt 0.722260 0.298798
vt 0.724579 0.365204
vt 0.680389 0.482422
vt 0.677704 0.439423
vt 0.600952 0.434662
vt 0.602966 0.395020
vt 0.553558 0.432007
vt 0.505310 0.427704
vt 0.561646 0.392609
vt 0.600922 0.366302
vt 0.513672 0.380829
vt 0.568329 0.341797
vt 0.564423 0.333954
vt 0.603516 0.294922
vt 0.580475 0.268616
vt 0.653717 0.548981
vt 0.653168 0.520721
vt 0.601654 0.489410
vt 0.553925 0.490814
vt 0.505310 0.490204
vt 0.673798 0.439423
vt 0.662079 0.361298
vt 0.642548 0.333954
vt 0.611298 0.230347
vt 0.658173 0.230347
vt 0.697266 0.248047
vt 0.542786 0.230652
vt 0.568329 0.294922
vt 0.525391 0.259766
vt 0.544922 0.330048
vt 0.701172 0.337891
s 1
usemtl npc00_00_2
f 1545/565/1206 1546/566/1207 1547/567/1208
f 1548/568/1209 1549/567/1210 1550/569/1211
f 1550/569/1211 1549/567/1210 1551/565/1212
f 1550/569/1211 1551/565/1212 1552/570/1213
f 1553/567/1214 1554/569/1215 1555/565/1206
f 1555/565/1206 1554/569/1215 1552/570/1213
f 1556/567/1216 1557/568/1217 1558/569/1215
f 1558/569/1215 1557/568/1217 1559/571/1218
f 1558/569/1215 1559/571/1218 1552/570/1219
f 1552/570/1219 1559/571/1218 1560/572/1219
f 1552/570/1219 1560/572/1219 1561/569/1211
f 1561/569/1211 1560/572/1219 1562/571/1220
f 1561/569/1211 1562/571/1220 1563/568/1209
f 1564/573/1221 1565/574/1222 1566/572/1223
f 1566/572/1223 1565/574/1222 1567/575/1224
f 1566/572/1223 1567/575/1224 1568/573/1225
f 1569/576/1226 1570/577/1227 1571/578/1228
f 1572/579/1229 1573/580/1230 1574/581/1231
f 1575/566/1232 1576/565/1233 1577/582/1234
f 1578/567/1235 1579/566/1236 1580/565/1212
f 1580/565/1212 1579/566/1236 1581/582/1237
f 1582/583/1238 1583/584/1239 1584/585/1240
f 1585/573/1241 1586/586/1242 1587/587/1243
f 1588/588/1244 1589/589/1245 1590/590/1246
f 1591/590/1247 1592/589/1248 1593/588/1249
f 1594/576/1250 1595/578/1251 1596/577/1252
f 1582/583/1238 1597/591/1253 1598/592/1254
f 1570/577/1227 1569/576/1226 1599/593/1255
f 1599/593/1255 1569/576/1226 1600/594/1248
f 1599/593/1255 1600/594/1248 1601/595/1247
f 1602/596/1256 1603/597/1257 1604/598/1258
f 1605/599/1259 1606/600/1260 1607/601/1261
f 1607/601/1261 1606/600/1260 1608/602/1262
f 1607/601/1261 1608/602/1262 1574/581/1231
f 1574/581/1231 1608/602/1262 1572/579/1229
f 1609/603/1263 1610/599/1264 1611/600/1265
f 1612/591/1257 1613/604/1266 1614/585/1267
f 1614/585/1267 1613/604/1266 1601/595/1247
f 1615/583/1268 1616/584/1269 1617/605/1270
f 1617/605/1270 1616/584/1269 1618/606/1271
f 1619/607/1272 1620/608/1273 1621/609/1274
f 1622/610/1275 1621/609/1274 1623/611/1276
f 1623/611/1276 1621/609/1274 1620/608/1273
f 1623/611/1276 1620/608/1273 1624/612/1277
f 1625/613/1278 1626/614/1279 1627/611/1280
f 1627/611/1280 1626/614/1279 1628/612/1281
f 1627/611/1280 1628/612/1281 1629/608/1282
f 1630/615/1283 1631/616/1284 1632/617/1285
f 1586/586/1242 1633/618/1286 1587/587/1243
f 1587/587/1243 1633/618/1286 1634/619/1287
f 1587/587/1243 1634/619/1287 1570/577/1227
f 1635/619/1288 1636/618/1289 1637/587/1290
f 1637/587/1290 1636/618/1289 1638/586/1291
f 1637/587/1290 1638/586/1291 1639/574/1292
f 1639/574/1292 1638/586/1291 1640/573/1293
f 1639/574/1292 1640/573/1293 1641/575/1224
f 1596/577/1252 1635/619/1288 1642/620/1294
f 1642/620/1294 1635/619/1288 1637/587/1290
f 1642/620/1294 1637/587/1290 1643/621/1295
f 1643/621/1295 1637/587/1290 1639/574/1292
f 1643/621/1295 1639/574/1292 1644/622/1296
f 1644/622/1296 1639/574/1292 1641/575/1224
f 1644/622/1296 1641/575/1224 1645/621/1297
f 1645/621/1297 1641/575/1224 1646/574/1222
f 1645/621/1297 1646/574/1222 1647/620/1298
f 1615/583/1268 1612/591/1257 1616/584/1269
f 1616/584/1269 1612/591/1257 1614/585/1267
f 1616/584/1269 1614/585/1267 1618/606/1271
f 1618/606/1271 1614/585/1267 1601/595/1247
f 1618/606/1271 1601/595/1247 1648/623/1299
f 1649/624/1300 1650/625/1301 1626/614/1279
f 1626/614/1279 1650/625/1301 1651/624/1302
f 1626/614/1279 1651/624/1302 1628/612/1281
f 1628/612/1281 1651/624/1302 1652/595/1303
f 1628/612/1281 1652/595/1303 1629/608/1282
f 1653/626/1304 1572/579/1229 1654/627/1305
f 1654/627/1305 1572/579/1229 1608/602/1262
f 1654/627/1305 1608/602/1262 1655/628/1240
f 1655/628/1240 1608/602/1262 1606/600/1260
f 1655/628/1240 1606/600/1260 1656/603/1238
f 1573/580/1230 1572/579/1229 1631/616/1284
f 1631/616/1284 1572/579/1229 1653/626/1304
f 1631/616/1284 1653/626/1304 1632/617/1285
f 1632/617/1285 1653/626/1304 1657/629/1306
f 1632/617/1285 1657/629/1306 1658/630/1307
f 1658/630/1307 1657/629/1306 1659/631/1257
f 1658/630/1307 1659/631/1257 1660/632/1308
f 1660/632/1308 1659/631/1257 1602/596/1265
f 1660/632/1308 1602/596/1265 1661/598/1264
f 1647/620/1298 1619/607/1272 1645/621/1297
f 1645/621/1297 1619/607/1272 1621/609/1274
f 1645/621/1297 1621/609/1274 1644/622/1296
f 1644/622/1296 1621/609/1274 1622/610/1275
f 1644/622/1296 1622/610/1275 1643/621/1295
f 1643/621/1295 1622/610/1275 1662/609/1309
f 1643/621/1295 1662/609/1309 1642/620/1294
f 1642/620/1294 1662/609/1309 1663/607/1310
f 1642/620/1294 1663/607/1310 1596/577/1252
f 1596/577/1252 1663/607/1310 1664/593/1311
f 1596/577/1252 1664/593/1311 1594/576/1250
f 1665/608/1312 1649/624/1300 1624/612/1277
f 1624/612/1277 1649/624/1300 1626/614/1279
f 1624/612/1277 1626/614/1279 1623/611/1276
f 1623/611/1276 1626/614/1279 1625/613/1278
f 1623/611/1276 1625/613/1278 1622/610/1275
f 1622/610/1275 1625/613/1278 1627/611/1280
f 1622/610/1275 1627/611/1280 1662/609/1309
f 1662/609/1309 1627/611/1280 1629/608/1282
f 1662/609/1309 1629/608/1282 1663/607/1310
f 1663/607/1310 1629/608/1282 1652/595/1303
f 1663/607/1310 1652/595/1303 1664/593/1311
f 1664/593/1311 1652/595/1303 1666/594/1313
f 1664/593/1311 1666/594/1313 1594/576/1250
f 1582/583/1238 1667/605/1314 1583/584/1239
f 1583/584/1239 1667/605/1314 1668/606/1315
f 1583/584/1239 1668/606/1315 1584/585/1240
f 1584/585/1240 1668/606/1315 1652/595/1303
f 1584/585/1240 1652/595/1303 1669/604/1305
f 1669/604/1305 1652/595/1303 1651/624/1302
f 1669/604/1305 1651/624/1302 1670/633/1316
f 1670/633/1316 1651/624/1302 1650/625/1301
f 1670/633/1316 1650/625/1301 1613/604/1266
f 1613/604/1266 1650/625/1301 1649/624/1300
f 1613/604/1266 1649/624/1300 1601/595/1247
f 1601/595/1247 1649/624/1300 1665/608/1312
f 1601/595/1247 1665/608/1312 1599/593/1255
f 1599/593/1255 1665/608/1312 1619/607/1272
f 1599/593/1255 1619/607/1272 1570/577/1227
f 1570/577/1227 1619/607/1272 1647/620/1298
f 1570/577/1227 1647/620/1298 1587/587/1243
f 1587/587/1243 1647/620/1298 1646/574/1222
f 1587/587/1243 1646/574/1222 1585/573/1241
o npc_00-0001-1.003
v 3.324057 44.843880 4.307216
v 5.113084 46.980221 4.442752
v 3.194297 45.560280 6.675950
v 6.595657 49.759071 0.271069
v 9.085939 52.740311 -2.904579
v 8.600030 56.123119 -1.189887
v -2.479238 55.580196 8.690083
v -1.352814 54.124916 8.471017
v -0.554930 54.468658 9.591557
v 1.203728 48.094975 8.582914
v 0.000000 48.181713 9.451292
v 0.000000 47.995384 8.928060
v 0.670885 50.835274 10.868119
v 0.000000 50.321266 11.030448
v 0.000000 49.527767 9.582100
v 0.554930 54.468658 9.591557
v 1.015991 55.255730 9.780677
v 0.000000 54.629288 9.996590
v 0.000000 55.628387 10.452054
v -3.564250 54.600372 8.639650
v -4.442198 55.554497 8.362273
v 3.337861 56.913403 9.542699
v 2.479238 55.580196 8.690083
v 4.442198 55.554497 8.362273
v 3.564250 54.600372 8.639650
v 7.410106 55.149715 0.346717
v 0.000000 43.764465 3.210317
v -3.324057 44.843880 4.307216
v -4.199244 46.556168 0.512197
v -5.673535 47.240437 0.474373
v -7.746929 53.238255 -2.549978
v -6.595657 49.759071 0.271069
v 4.041876 52.274490 8.300809
v 1.385944 52.454395 8.980067
v 1.717245 50.375877 8.817739
v 9.284719 54.973026 -2.869907
v 7.746929 53.238255 -2.549978
v 8.600030 56.123119 -1.189887
v 7.410106 55.149715 0.346717
v 5.673535 47.240437 0.474373
v 4.199244 46.556168 0.512197
v 7.746929 53.238255 -2.549978
v 6.330616 49.505280 4.137006
v 5.347755 49.392841 6.975390
v 4.306917 46.980221 6.627094
v 2.824344 48.037148 7.876864
v 0.000000 47.468529 9.140820
v 1.269988 47.513504 8.649106
v 6.888306 58.156658 4.739040
v 7.437714 59.544476 0.081948
v 6.432767 61.982796 4.223686
v 5.712187 56.810600 7.681439
v 5.706665 59.435249 7.476559
v 3.878986 63.460564 7.006909
v -5.772925 53.161156 6.806757
v -5.656970 51.455296 7.030550
v -4.041876 52.274490 8.300809
v -1.198206 48.647530 9.375644
v 0.000000 48.721420 9.794861
v -6.595657 49.759071 0.271069
v -7.410106 55.149715 0.346717
v -8.600030 56.100632 -1.189887
v 0.000000 43.388599 6.297709
v 0.000000 43.642391 7.429280
v -1.725528 44.069656 7.092015
v -9.284719 54.973026 -2.869907
v -8.600030 56.100632 -1.189887
v -7.746929 53.238255 -2.549978
v -7.410106 55.149715 0.346717
v -3.194297 45.560280 6.675950
v -1.675832 45.084824 7.736601
v 0.000000 44.882431 8.296082
v 0.000000 60.145222 10.002892
v -3.337861 56.913403 9.542699
v -1.015991 55.255730 9.780677
v 1.352814 54.124916 8.471017
v 2.432304 53.488834 8.190489
v 4.547111 53.286442 7.761816
v 5.772925 53.161156 6.806757
v 5.819860 54.420471 6.806756
v 6.650874 54.532909 5.586930
v 2.134133 46.498341 7.541176
v 1.675832 45.084824 7.736601
v 1.725528 44.069656 7.092015
v 3.288166 60.026356 9.177066
v 0.000000 63.775394 8.289776
v 7.321759 49.746220 -1.208799
v 7.410106 55.149715 0.346717
v 6.926958 52.377293 4.042446
v 5.756360 51.455296 7.030550
v 3.511794 49.784771 8.281898
v 1.198206 48.647530 9.375644
v -2.432304 53.488834 8.190489
v -4.547111 53.286442 7.761816
v -5.822621 54.420471 6.806756
v 0.000000 52.721035 10.483575
v -0.541125 52.631084 10.051749
v -1.385944 52.454395 8.980067
v -5.347755 49.392841 6.975390
v -2.824344 48.037148 7.876864
v -3.511794 49.784771 8.281898
v -1.717245 50.375877 8.817739
v -0.670885 50.835274 10.868119
v 0.000000 51.066574 11.325161
v -4.306917 46.980221 6.627094
v -2.134133 46.498341 7.541176
v 0.000000 46.328075 8.292930
v -9.085939 52.740311 -2.904579
v -7.321759 49.746220 -1.208799
v 6.595657 49.759071 0.271069
v 0.000000 46.797108 8.901267
v -1.269988 47.513504 8.649106
v -1.203728 48.094975 8.582914
v -6.330616 49.505280 4.137006
v -6.926958 52.377293 4.042446
v -6.650874 54.532909 5.586930
v -5.712187 56.810600 7.681439
v 0.541125 52.631084 10.051749
v -5.113084 46.980221 4.442752
v -7.410106 55.149715 0.346717
v -6.888306 58.156658 4.739040
v -5.706665 59.435249 7.476559
v -3.296448 60.029572 9.200706
v -7.437714 59.544476 0.081948
v -6.432767 61.982796 4.223686
v -3.878986 63.460564 7.006909
v 0.000000 52.721035 10.483575
vn 0.5885 -0.8082 -0.0235
vn 0.8170 -0.5421 0.1964
vn 0.6532 -0.4643 0.5981
vn 0.9407 -0.2822 0.1882
vn 0.9121 -0.3459 -0.2202
vn 0.8191 0.4017 0.4096
vn -0.3073 -0.4098 0.8589
vn -0.6058 -0.0394 0.7946
vn -0.6580 -0.2428 0.7128
vn 0.3392 -0.5127 0.7888
vn -0.0000 -0.7952 0.6063
vn -0.0000 -0.4783 0.8782
vn 0.7484 -0.1812 0.6381
vn -0.0000 -0.6456 0.7637
vn -0.0000 -0.3373 0.9414
vn 0.6580 -0.2428 0.7128
vn 0.4791 -0.4869 0.7304
vn -0.0000 -0.2518 0.9678
vn -0.0000 -0.2591 0.9658
vn -0.1647 -0.2040 0.9650
vn -0.4713 -0.2121 0.8561
vn 0.4742 -0.2450 0.8456
vn 0.3073 -0.4098 0.8589
vn 0.4705 -0.2196 0.8547
vn 0.1647 -0.2040 0.9650
vn 0.9897 0.0236 0.1414
vn -0.0000 -0.9849 -0.1733
vn -0.5885 -0.8082 -0.0235
vn -0.3461 -0.7866 -0.5113
vn -0.7868 -0.5901 -0.1810
vn 0.1957 -0.0627 -0.9787
vn -0.9407 -0.2822 0.1881
vn 0.4095 0.1103 0.9056
vn 0.5978 0.2202 0.7708
vn 0.4869 -0.0549 0.8717
vn -0.0001 0.3468 -0.9379
vn -0.1957 -0.0626 -0.9787
vn 0.9897 0.0236 0.1413
vn 0.7868 -0.5901 -0.1810
vn 0.3461 -0.7866 -0.5113
vn -0.1957 -0.0627 -0.9787
vn 0.9294 -0.3072 0.2048
vn 0.7017 -0.2996 0.6464
vn 0.7248 -0.4333 0.5357
vn 0.4481 -0.3616 0.8176
vn -0.0000 -0.0314 0.9995
vn 0.4158 -0.1648 0.8944
vn 0.9667 0.0471 0.2515
vn 0.9913 0.0393 0.1259
vn 0.9136 0.2363 0.3308
vn 0.7792 -0.0787 0.6218
vn 0.7684 0.1882 0.6116
vn 0.5741 0.4247 0.7000
vn -0.7707 -0.0157 0.6370
vn -0.7960 -0.0867 0.5990
vn -0.4164 0.1021 0.9034
vn -0.3769 -0.2906 0.8795
vn -0.0000 -0.1567 0.9876
vn -0.9407 -0.2822 0.1882
vn -0.9897 0.0236 0.1414
vn -0.8191 0.4017 0.4096
vn -0.0000 -0.9989 0.0472
vn -0.0000 -0.7378 0.6750
vn -0.4869 -0.8088 0.3298
vn 0.0001 0.3468 -0.9379
vn -0.8191 0.4017 0.4095
vn 0.1958 -0.0626 -0.9787
vn -0.6532 -0.4643 0.5981
vn -0.4402 -0.3144 0.8411
vn -0.0000 -0.2902 0.9570
vn -0.0000 0.2664 0.9639
vn -0.4803 -0.2441 0.8425
vn -0.4791 -0.4869 0.7304
vn 0.6058 -0.0394 0.7946
vn 0.1644 0.0157 0.9863
vn 0.4867 -0.0628 0.8713
vn 0.7708 -0.0000 0.6371
vn 0.7254 -0.1183 0.6781
vn 0.9276 -0.0550 0.3695
vn 0.4326 -0.3618 0.8258
vn 0.4402 -0.3144 0.8411
vn 0.4869 -0.8088 0.3298
vn 0.4014 0.2991 0.8657
vn -0.0000 0.4629 0.8864
vn -0.3217 -0.5413 -0.7768
vn 0.9691 -0.1103 0.2206
vn 0.7960 -0.0867 0.5990
vn 0.4702 -0.1489 0.8699
vn 0.3769 -0.2906 0.8795
vn -0.1644 0.0157 0.9863
vn -0.4867 -0.0628 0.8713
vn -0.7254 -0.1183 0.6781
vn -0.0000 0.3537 0.9354
vn -0.7327 0.2364 0.6382
vn -0.5978 0.2202 0.7708
vn -0.7073 -0.2908 0.6444
vn -0.4481 -0.3616 0.8176
vn -0.4708 -0.1412 0.8709
vn -0.4869 -0.0549 0.8717
vn -0.7484 -0.1812 0.6381
vn -0.0000 0.0158 0.9999
vn -0.7248 -0.4333 0.5357
vn -0.4326 -0.3618 0.8258
vn -0.0000 -0.4409 0.8976
vn -0.9121 -0.3460 -0.2202
vn 0.3217 -0.5413 -0.7768
vn 0.9407 -0.2822 0.1881
vn -0.0000 -0.5708 0.8211
vn -0.4158 -0.1647 0.8944
vn -0.3392 -0.5127 0.7888
vn -0.9316 -0.3000 0.2053
vn -0.9665 -0.1179 0.2279
vn -0.9276 -0.0550 0.3695
vn -0.7792 -0.0787 0.6218
vn 0.7327 0.2364 0.6382
vn -0.8170 -0.5421 0.1964
vn -0.9667 0.0472 0.2515
vn -0.7721 0.1891 0.6067
vn -0.4014 0.2990 0.8657
vn -0.9913 0.0393 0.1259
vn -0.9136 0.2363 0.3308
vn -0.5741 0.4247 0.7000
vn -0.0000 0.3537 0.9353
vt 0.650391 0.958954
vt 0.615204 0.916016
vt 0.662079 0.943329
vt 0.505341 0.935547
vt 0.545197 0.989105
vt 0.646454 0.987701
vt 0.677704 0.689423
vt 0.708954 0.720673
vt 0.732422 0.712891
vt 0.716797 0.892548
vt 0.743958 0.888672
vt 0.743958 0.896454
vt 0.732422 0.822266
vt 0.743958 0.833954
vt 0.743958 0.853516
vt 0.720673 0.697266
vt 0.743958 0.701172
vt 0.743958 0.673798
vt 0.650391 0.708954
vt 0.626923 0.689423
vt 0.658173 0.654297
vt 0.595673 0.935547
vt 0.646454 0.970673
vt 0.572266 0.912079
vt 0.580048 0.900391
vt 0.505829 0.751923
vt 0.552704 0.826172
vt 0.642548 0.779297
vt 0.712891 0.775391
vt 0.705048 0.833954
vt 0.638947 0.989105
vt 0.552704 0.986298
vt 0.631134 0.989105
vt 0.634766 0.986298
vt 0.580048 0.845673
vt 0.607422 0.849579
vt 0.634766 0.908173
vt 0.677704 0.896454
vt 0.743958 0.904297
vt 0.716797 0.900391
vt 0.541016 0.626923
vt 0.505829 0.599579
vt 0.576172 0.541016
vt 0.587891 0.654297
vt 0.599579 0.603516
vt 0.646454 0.505829
vt 0.591797 0.748047
vt 0.595673 0.798798
vt 0.716797 0.876923
vt 0.743958 0.876923
vt 0.743958 0.989380
vt 0.743958 0.986298
vt 0.701172 0.978516
vt 0.705048 0.958954
vt 0.743958 0.958954
vt 0.743958 0.587891
vt 0.677704 0.740204
vt 0.623047 0.744141
vt 0.587891 0.712891
vt 0.552704 0.712891
vt 0.693329 0.931641
vt 0.662079 0.587891
vt 0.743958 0.501923
vt 0.509766 0.966797
vt 0.525391 0.720673
vt 0.564423 0.775391
vt 0.654297 0.837891
vt 0.743958 0.767548
vt 0.736298 0.771454
vt 0.743958 0.818329
vt 0.743958 0.935547
vt 0.743958 0.923798
s 1
usemtl npc00_02
f 1671/634/1317 1672/635/1318 1673/636/1319
f 1674/637/1320 1675/638/1321 1676/639/1322
f 1677/640/1323 1678/641/1324 1679/642/1325
f 1680/643/1326 1681/644/1327 1682/645/1328
f 1683/646/1329 1684/647/1330 1685/648/1331
f 1686/642/1332 1687/649/1333 1688/650/1334
f 1688/650/1334 1687/649/1333 1689/651/1335
f 1690/652/1336 1677/640/1323 1691/653/1337
f 1692/654/1338 1693/640/1339 1694/653/1340
f 1694/653/1340 1693/640/1339 1695/652/1341
f 1676/639/1322 1696/655/1342 1674/637/1320
f 1697/656/1343 1698/634/1344 1699/657/1345
f 1699/657/1345 1698/634/1344 1700/658/1346
f 1699/657/1345 1700/658/1346 1701/659/1347
f 1701/659/1347 1700/658/1346 1702/660/1348
f 1703/661/1349 1704/662/1350 1705/663/1351
f 1706/664/1352 1707/665/1353 1708/666/1322
f 1708/666/1322 1707/665/1353 1709/667/1354
f 1672/635/1318 1671/634/1317 1710/658/1355
f 1710/658/1355 1671/634/1317 1711/657/1356
f 1710/658/1355 1711/657/1356 1712/659/1357
f 1713/668/1358 1714/669/1359 1715/670/1360
f 1715/670/1360 1714/669/1359 1716/671/1361
f 1682/645/1328 1717/672/1362 1680/643/1326
f 1680/643/1326 1717/672/1362 1718/673/1363
f 1680/643/1326 1718/673/1363 1716/671/1361
f 1719/674/1364 1720/675/1365 1721/676/1366
f 1722/677/1367 1719/674/1364 1723/678/1368
f 1723/678/1368 1719/674/1364 1721/676/1366
f 1723/678/1368 1721/676/1366 1724/679/1369
f 1725/680/1370 1726/681/1371 1727/661/1372
f 1685/648/1331 1728/682/1373 1729/683/1374
f 1730/637/1375 1731/655/1376 1732/639/1377
f 1733/684/1378 1734/685/1379 1735/686/1380
f 1736/664/1381 1737/666/1382 1738/665/1383
f 1738/665/1383 1737/666/1382 1739/667/1376
f 1740/636/1384 1735/686/1380 1741/687/1385
f 1741/687/1385 1735/686/1380 1734/685/1379
f 1741/687/1385 1734/685/1379 1742/688/1386
f 1743/689/1387 1744/654/1388 1689/651/1335
f 1689/651/1335 1744/654/1388 1745/649/1389
f 1689/651/1335 1745/649/1389 1688/650/1334
f 1746/641/1390 1704/662/1350 1747/690/1391
f 1747/690/1391 1704/662/1350 1703/661/1349
f 1747/690/1391 1703/661/1349 1748/691/1392
f 1748/691/1392 1703/661/1349 1749/680/1393
f 1748/691/1392 1749/680/1393 1750/692/1394
f 1750/692/1394 1749/680/1393 1751/693/1395
f 1752/694/1396 1753/687/1397 1673/636/1319
f 1673/636/1319 1753/687/1397 1754/686/1398
f 1673/636/1319 1754/686/1398 1671/634/1317
f 1671/634/1317 1754/686/1398 1697/656/1343
f 1671/634/1317 1697/656/1343 1711/657/1356
f 1694/653/1340 1722/677/1367 1692/654/1338
f 1692/654/1338 1722/677/1367 1723/678/1368
f 1692/654/1338 1723/678/1368 1755/695/1399
f 1755/695/1399 1723/678/1368 1724/679/1369
f 1755/695/1399 1724/679/1369 1756/696/1400
f 1675/638/1321 1674/637/1320 1757/697/1401
f 1757/697/1401 1674/637/1320 1707/665/1353
f 1757/697/1401 1707/665/1353 1675/638/1321
f 1675/638/1321 1707/665/1353 1706/664/1352
f 1675/638/1321 1706/664/1352 1676/639/1322
f 1758/698/1342 1751/693/1395 1759/699/1402
f 1759/699/1402 1751/693/1395 1749/680/1393
f 1759/699/1402 1749/680/1393 1760/681/1403
f 1760/681/1403 1749/680/1393 1703/661/1349
f 1760/681/1403 1703/661/1349 1761/700/1404
f 1761/700/1404 1703/661/1349 1705/663/1351
f 1761/700/1404 1705/663/1351 1762/682/1405
f 1678/641/1324 1677/640/1323 1763/690/1406
f 1763/690/1406 1677/640/1323 1690/652/1336
f 1763/690/1406 1690/652/1336 1764/691/1407
f 1764/691/1407 1690/652/1336 1691/653/1337
f 1764/691/1407 1691/653/1337 1765/692/1408
f 1766/701/1409 1679/642/1325 1767/702/1410
f 1767/702/1410 1679/642/1325 1678/641/1324
f 1767/702/1410 1678/641/1324 1768/662/1411
f 1768/662/1411 1678/641/1324 1763/690/1406
f 1768/662/1411 1763/690/1406 1727/661/1372
f 1727/661/1372 1763/690/1406 1764/691/1407
f 1727/661/1372 1764/691/1407 1725/680/1370
f 1725/680/1370 1764/691/1407 1765/692/1408
f 1769/669/1412 1770/671/1413 1771/700/1414
f 1771/700/1414 1770/671/1413 1728/682/1373
f 1771/700/1414 1728/682/1373 1772/663/1415
f 1772/663/1415 1728/682/1373 1685/648/1331
f 1772/663/1415 1685/648/1331 1773/646/1416
f 1773/646/1416 1685/648/1331 1684/647/1330
f 1773/646/1416 1684/647/1330 1774/703/1417
f 1774/703/1417 1684/647/1330 1683/646/1329
f 1769/669/1412 1775/670/1418 1770/671/1413
f 1770/671/1413 1775/670/1418 1740/636/1384
f 1770/671/1413 1740/636/1384 1776/694/1419
f 1776/694/1419 1740/636/1384 1741/687/1385
f 1776/694/1419 1741/687/1385 1777/704/1420
f 1777/704/1420 1741/687/1385 1742/688/1386
f 1732/639/1377 1736/664/1381 1778/638/1421
f 1778/638/1421 1736/664/1381 1738/665/1383
f 1778/638/1421 1738/665/1383 1779/697/1422
f 1779/697/1422 1738/665/1383 1730/637/1375
f 1779/697/1422 1730/637/1375 1778/638/1421
f 1778/638/1421 1730/637/1375 1732/639/1377
f 1681/644/1327 1680/643/1326 1762/682/1405
f 1762/682/1405 1680/643/1326 1716/671/1361
f 1762/682/1405 1716/671/1361 1761/700/1404
f 1761/700/1404 1716/671/1361 1714/669/1359
f 1761/700/1404 1714/669/1359 1760/681/1403
f 1760/681/1403 1714/669/1359 1713/668/1358
f 1760/681/1403 1713/668/1358 1759/699/1402
f 1759/699/1402 1713/668/1358 1780/660/1423
f 1759/699/1402 1780/660/1423 1758/698/1342
f 1712/659/1357 1720/675/1365 1758/698/1342
f 1758/698/1342 1720/675/1365 1719/674/1364
f 1758/698/1342 1719/674/1364 1751/693/1395
f 1751/693/1395 1719/674/1364 1722/677/1367
f 1751/693/1395 1722/677/1367 1750/692/1394
f 1750/692/1394 1722/677/1367 1694/653/1340
f 1750/692/1394 1694/653/1340 1748/691/1392
f 1748/691/1392 1694/653/1340 1695/652/1341
f 1748/691/1392 1695/652/1341 1747/690/1391
f 1747/690/1391 1695/652/1341 1693/640/1339
f 1747/690/1391 1693/640/1339 1746/641/1390
f 1712/659/1357 1780/660/1423 1710/658/1355
f 1710/658/1355 1780/660/1423 1713/668/1358
f 1710/658/1355 1713/668/1358 1672/635/1318
f 1672/635/1318 1713/668/1358 1715/670/1360
f 1672/635/1318 1715/670/1360 1673/636/1319
f 1673/636/1319 1715/670/1360 1716/671/1361
f 1673/636/1319 1716/671/1361 1752/694/1396
f 1752/694/1396 1716/671/1361 1718/673/1363
f 1752/694/1396 1718/673/1363 1781/705/1424
f 1781/705/1424 1718/673/1363 1717/672/1362
f 1781/705/1424 1717/672/1362 1782/673/1425
f 1782/673/1425 1717/672/1362 1682/645/1328
f 1782/673/1425 1682/645/1328 1783/643/1426
f 1783/643/1426 1682/645/1328 1681/644/1327
f 1784/668/1427 1726/681/1371 1785/699/1428
f 1785/699/1428 1726/681/1371 1725/680/1370
f 1785/699/1428 1725/680/1370 1786/693/1429
f 1786/693/1429 1725/680/1370 1765/692/1408
f 1786/693/1429 1765/692/1408 1787/677/1430
f 1787/677/1430 1765/692/1408 1691/653/1337
f 1787/677/1430 1691/653/1337 1744/654/1388
f 1744/654/1388 1691/653/1337 1677/640/1323
f 1744/654/1388 1677/640/1323 1745/649/1389
f 1745/649/1389 1677/640/1323 1679/642/1325
f 1745/649/1389 1679/642/1325 1688/650/1334
f 1688/650/1334 1679/642/1325 1766/701/1409
f 1688/650/1334 1766/701/1409 1686/642/1332
f 1686/642/1332 1766/701/1409 1788/702/1431
f 1698/634/1344 1789/635/1432 1700/658/1346
f 1700/658/1346 1789/635/1432 1784/668/1427
f 1700/658/1346 1784/668/1427 1702/660/1348
f 1702/660/1348 1784/668/1427 1785/699/1428
f 1702/660/1348 1785/699/1428 1790/698/1376
f 1790/698/1376 1785/699/1428 1786/693/1429
f 1790/698/1376 1786/693/1429 1791/674/1433
f 1791/674/1433 1786/693/1429 1787/677/1430
f 1791/674/1433 1787/677/1430 1792/678/1434
f 1792/678/1434 1787/677/1430 1744/654/1388
f 1792/678/1434 1744/654/1388 1793/695/1435
f 1793/695/1435 1744/654/1388 1743/689/1387
f 1701/659/1347 1790/698/1376 1794/675/1436
f 1794/675/1436 1790/698/1376 1791/674/1433
f 1794/675/1436 1791/674/1433 1795/676/1437
f 1795/676/1437 1791/674/1433 1792/678/1434
f 1795/676/1437 1792/678/1434 1796/679/1438
f 1796/679/1438 1792/678/1434 1793/695/1435
f 1796/679/1438 1793/695/1435 1756/696/1400
f 1756/696/1400 1793/695/1435 1743/689/1387
f 1756/696/1400 1743/689/1387 1755/695/1399
f 1755/695/1399 1743/689/1387 1689/651/1335
f 1755/695/1399 1689/651/1335 1692/654/1338
f 1692/654/1338 1689/651/1335 1687/649/1333
f 1692/654/1338 1687/649/1333 1693/640/1339
f 1693/640/1339 1687/649/1333 1686/642/1332
f 1693/640/1339 1686/642/1332 1746/641/1390
f 1746/641/1390 1686/642/1332 1788/702/1431
f 1746/641/1390 1788/702/1431 1704/662/1350
f 1704/662/1350 1788/702/1431 1683/646/1329
f 1704/662/1350 1683/646/1329 1705/663/1351
f 1705/663/1351 1683/646/1329 1685/648/1331
f 1705/663/1351 1685/648/1331 1762/682/1405
f 1762/682/1405 1685/648/1331 1729/683/1374
f 1762/682/1405 1729/683/1374 1681/644/1327
f 1681/644/1327 1729/683/1374 1728/682/1373
f 1681/644/1327 1728/682/1373 1783/643/1426
f 1783/643/1426 1728/682/1373 1770/671/1413
f 1783/643/1426 1770/671/1413 1782/673/1425
f 1782/673/1425 1770/671/1413 1776/694/1419
f 1782/673/1425 1776/694/1419 1781/705/1424
f 1781/705/1424 1776/694/1419 1777/704/1420
f 1781/705/1424 1777/704/1420 1752/694/1396
f 1752/694/1396 1777/704/1420 1742/688/1386
f 1752/694/1396 1742/688/1386 1753/687/1397
f 1753/687/1397 1742/688/1386 1734/685/1379
f 1753/687/1397 1734/685/1379 1754/686/1398
f 1754/686/1398 1734/685/1379 1733/684/1378
f 1754/686/1398 1733/684/1378 1697/656/1343
f 1697/656/1343 1733/684/1378 1735/686/1380
f 1697/656/1343 1735/686/1380 1698/634/1344
f 1698/634/1344 1735/686/1380 1740/636/1384
f 1698/634/1344 1740/636/1384 1789/635/1432
f 1789/635/1432 1740/636/1384 1775/670/1418
f 1789/635/1432 1775/670/1418 1784/668/1427
f 1784/668/1427 1775/670/1418 1769/669/1412
f 1784/668/1427 1769/669/1412 1726/681/1371
f 1726/681/1371 1769/669/1412 1771/700/1414
f 1726/681/1371 1771/700/1414 1727/661/1372
f 1727/661/1372 1771/700/1414 1772/663/1415
f 1727/661/1372 1772/663/1415 1768/662/1411
f 1768/662/1411 1772/663/1415 1773/646/1416
f 1768/662/1411 1773/646/1416 1767/702/1410
f 1767/702/1410 1773/646/1416 1774/703/1417
f 1767/702/1410 1774/703/1417 1797/701/1439
f 1797/701/1439 1774/703/1417 1683/646/1329
f 1797/701/1439 1683/646/1329 1788/702/1431
